"","probes","moduleColor"
"2","GAPDH","black"
"6","IPO13","black"
"24","NOC2LP2","black"
"42","ZFPM1","black"
"56","SKIV2L2","black"
"57","NUMBL","black"
"59","HDAC8","black"
"73","MED14","black"
"85","CAT","black"
"101","MSH5","black"
"118","EVC","black"
"134","CCDC167","black"
"149","HMGN1","black"
"185","IPO7","black"
"254","UBOX5","black"
"257","EZH2","black"
"281","HSD3B7","black"
"291","PER1","black"
"301","AAMP","black"
"308","ZWINT","black"
"310","PITPNM1","black"
"325","DUS1L","black"
"337","SPINK9","black"
"373","TIMM9","black"
"375","UAP1L1","black"
"405","ATRIP","black"
"407","USP2","black"
"416","ZER1","black"
"438","SIRT6","black"
"441","ADCY9","black"
"443","PTPN23","black"
"463","TXN2","black"
"472","TMEM120A","black"
"485","RASA3","black"
"497","ZNF197","black"
"513","FAM134A","black"
"518","BROX","black"
"522","SCAMP2","black"
"523","KIF7","black"
"547","ZNF502","black"
"563","C2orf66","black"
"568","C15orf61","black"
"573","RNF181","black"
"607","CTIF","black"
"631","OR2M7","black"
"648","ANP32C","black"
"668","CDK5RAP2","black"
"685","ZBTB7A","black"
"692","MAPKAPK2","black"
"699","SLC41A1","black"
"719","IDO1","black"
"761","ARHGEF11","black"
"790","RPS6","black"
"800","VPS13D","black"
"804","LIN37","black"
"815","ABLIM3","black"
"816","PRICKLE3","black"
"861","CCDC85B","black"
"923","CNNM1","black"
"929","STMN1","black"
"930","FIBP","black"
"959","MAP2K2","black"
"992","NACC1","black"
"993","FAM72D","black"
"1000","LSS","black"
"1012","FIS1","black"
"1022","CHD4","black"
"1044","IQSEC2","black"
"1049","PTPRN","black"
"1063","ATP9B","black"
"1080","KRTCAP2","black"
"1091","SP140L","black"
"1092","SPTBN4","black"
"1103","GNB2","black"
"1126","ZCRB1","black"
"1137","ANKRD16","black"
"1159","BOLA2","black"
"1179","USP39","black"
"1202","EXOSC5","black"
"1213","STK19","black"
"1250","RSPH9","black"
"1267","SFMBT2","black"
"1327","CAMK2N2","black"
"1332","MUC12","black"
"1336","SYN1","black"
"1394","WBP11","black"
"1415","SHMT2","black"
"1435","RFNG","black"
"1482","TFDP1","black"
"1523","ISY1","black"
"1591","USPL1","black"
"1592","PKN1","black"
"1644","SREBF1","black"
"1649","SON","black"
"1653","TTLL12","black"
"1662","ZNF174","black"
"1663","ZNF337","black"
"1668","MCM7","black"
"1670","MRPL22","black"
"1676","TPGS1","black"
"1694","LIN7B","black"
"1714","S100PBP","black"
"1744","SMYD5","black"
"1770","RAB1B","black"
"1827","USP11","black"
"1829","DYRK1A","black"
"1862","GRHPR","black"
"1902","CD36","black"
"1919","OGFOD3","black"
"1991","ANGEL1","black"
"2052","TRIM56","black"
"2086","SNORD30","black"
"2093","VPS52","black"
"2157","FBXO9","black"
"2165","DFFA","black"
"2177","PCBP4","black"
"2180","RANBP10","black"
"2181","PLPPR2","black"
"2196","HYAL3","black"
"2215","TPP2","black"
"2236","RITA1","black"
"2248","AMD1","black"
"2306","PIP5K1C","black"
"2348","ACOX1","black"
"2390","ABCF2","black"
"2393","SNORD16","black"
"2399","ZNF16","black"
"2402","YWHAZ","black"
"2432","NME3","black"
"2443","PAF1","black"
"2453","KMT5B","black"
"2458","GLRB","black"
"2459","ACP1","black"
"2462","PKD1","black"
"2473","GTF2IRD1","black"
"2474","PSENEN","black"
"2476","WAC","black"
"2481","LRP1","black"
"2544","EXOSC6","black"
"2547","KLF3","black"
"2572","PRAMEF7","black"
"2576","RBM42","black"
"2594","ATOX1","black"
"2647","CYB5D1","black"
"2649","TSR2","black"
"2664","GSG1L","black"
"2716","POTEA","black"
"2731","MED30","black"
"2733","PCMT1","black"
"2755","MLF2","black"
"2763","TRMT2A","black"
"2806","CUL7","black"
"2809","FBXO3","black"
"2828","TFIP11","black"
"2853","C1orf159","black"
"2878","AP2A1","black"
"2880","ZNF32","black"
"2885","NRXN1","black"
"2889","CPSF2","black"
"2916","GNG12","black"
"2957","HSP90AB1","black"
"2962","PRR34","black"
"2970","PPOX","black"
"2978","TRMT5","black"
"2991","POLR3F","black"
"3095","SF3B1","black"
"3101","FAM124A","black"
"3132","DDX17","black"
"3143","DGKZ","black"
"3146","NDUFA7","black"
"3148","NAGPA","black"
"3170","ZFP36L1","black"
"3282","ATP5G1","black"
"3286","CCNC","black"
"3338","ADCY3","black"
"3340","YEATS2","black"
"3343","AP3M2","black"
"3361","IFT46","black"
"3364","YPEL2","black"
"3368","MITD1","black"
"3375","PTCD2","black"
"3402","REXO4","black"
"3430","COMP","black"
"3440","TMPO","black"
"3458","UBE2L3","black"
"3472","NR1H2","black"
"3475","C19orf24","black"
"3493","RBMX2","black"
"3503","PEX16","black"
"3524","ACSL5","black"
"3542","RRM2","black"
"3544","SLC37A4","black"
"3546","USP1","black"
"3550","ENDOV","black"
"3558","BCYRN1","black"
"3564","POMT2","black"
"3568","UBL5","black"
"3596","SCAF11","black"
"3599","ZNF581","black"
"3649","AGPAT1","black"
"3691","NAF1","black"
"3713","SLCO1A2","black"
"3719","POP7","black"
"3725","AHDC1","black"
"3777","EEF1G","black"
"3809","B4GALT2","black"
"3822","LEMD2","black"
"3884","FOXL2","black"
"3910","GGA1","black"
"3919","COA6","black"
"3928","HIF1AN","black"
"3932","PAPD4","black"
"3985","MIER1","black"
"4001","CLOCK","black"
"4034","IDH3G","black"
"4041","BYSL","black"
"4051","PAXBP1","black"
"4057","ARF3","black"
"4061","SMG6","black"
"4077","RPUSD1","black"
"4085","CCNL1","black"
"4124","GSS","black"
"4135","ACSL4","black"
"4138","UBA1","black"
"4144","ING3","black"
"4186","PLEKHM2","black"
"4214","CIB1","black"
"4248","SPAG7","black"
"4254","PYROXD2","black"
"4274","ZDHHC13","black"
"4320","RPL36","black"
"4325","TACO1","black"
"4346","PLEC","black"
"4396","EEF1B2","black"
"4397","PCNA","black"
"4423","UBN2","black"
"4465","ZNF124","black"
"4485","CELF1","black"
"4492","TIMM13","black"
"4505","DICER1","black"
"4511","TMEM80","black"
"4535","TEDDM1","black"
"4540","IFT140","black"
"4565","NCDN","black"
"4598","ZNF567","black"
"4607","ZDHHC24","black"
"4608","ABCA2","black"
"4633","POP5","black"
"4635","UNC5C","black"
"4659","TMEM53","black"
"4667","LOC407835","black"
"4682","LOC642852","black"
"4687","ZNF160","black"
"4695","ALYREF","black"
"4712","ARL5A","black"
"4738","C17orf47","black"
"4752","ZBTB9","black"
"4766","DTX1","black"
"4773","RBM47","black"
"4814","SF3B5","black"
"4848","ASMTL","black"
"4849","MRTO4","black"
"4864","DPH7","black"
"4866","RIC1","black"
"4870","CDC42BPB","black"
"4878","PPM1A","black"
"4879","STK11IP","black"
"4901","ALKBH2","black"
"4936","VAMP7","black"
"4949","CDK2AP2","black"
"4952","B3GALT4","black"
"4974","PLPP7","black"
"4977","ZNF470","black"
"4986","MAST2","black"
"5002","MPV17","black"
"5029","RNF185","black"
"5054","LONP2","black"
"5071","SNX2","black"
"5081","ZNF775","black"
"5100","RNPS1","black"
"5110","C6orf1","black"
"5113","HSD17B10","black"
"5187","UNC5B","black"
"5201","KLHL21","black"
"5214","JMJD4","black"
"5226","ZFPL1","black"
"5259","METTL16","black"
"5286","SEC11A","black"
"5300","VPS9D1","black"
"5303","WAPL","black"
"5343","PDCL","black"
"5354","PRIM2","black"
"5356","PNKP","black"
"5361","PUS3","black"
"5363","TRIM68","black"
"5364","SCAF1","black"
"5382","YWHAB","black"
"5393","GTPBP2","black"
"5400","PRIM1","black"
"5401","RNF220","black"
"5407","CLTCL1","black"
"5411","FAR2","black"
"5420","RNPEPL1","black"
"5444","PTPN9","black"
"5445","TBPL2","black"
"5468","BCAT2","black"
"5487","PYGO2","black"
"5506","PTPRA","black"
"5539","ACTR1B","black"
"5567","KPNA6","black"
"5571","SIVA1","black"
"5580","PHB2","black"
"5615","SPDYA","black"
"5620","IDH1","black"
"5640","RB1","black"
"5648","CES2","black"
"5669","AMPD2","black"
"5678","DYRK1B","black"
"5683","ARMC5","black"
"5703","WBSCR22","black"
"5753","ZNF517","black"
"5761","HINT2","black"
"5774","NSMCE1","black"
"5782","LGMN","black"
"5783","DLC1","black"
"5790","LRRC29","black"
"5800","AGPS","black"
"5824","NCOR2","black"
"5830","SNAPC2","black"
"5857","QKI","black"
"5922","TPD52L2","black"
"5926","AP2M1","black"
"5951","TRAP1","black"
"6013","RNF41","black"
"6014","COQ8B","black"
"6046","VAT1","black"
"6069","ATG4C","black"
"6074","ENSA","black"
"6128","POFUT2","black"
"6130","TAOK2","black"
"6136","MAP1A","black"
"6167","PPP1CC","black"
"6179","MIGA2","black"
"6230","ZNF706","black"
"6254","WDR73","black"
"6299","NOC4L","black"
"6302","WRNIP1","black"
"6321","ETV3","black"
"6329","AGFG2","black"
"6339","PDSS1","black"
"6350","LATS2","black"
"6376","COG4","black"
"6404","KPNB1","black"
"6407","TIGD6","black"
"6408","ARFRP1","black"
"6420","CMAHP","black"
"6421","DGAT1","black"
"6447","WDR25","black"
"6479","NABP2","black"
"6500","TRIM5","black"
"6534","CAPN1","black"
"6550","MRPL41","black"
"6560","NAT10","black"
"6567","SAFB2","black"
"6568","P3H3","black"
"6573","RPRD2","black"
"6592","SPR","black"
"6621","N4BP1","black"
"6623","HAGHL","black"
"6627","MOB2","black"
"6632","SAMD12","black"
"6634","ABHD6","black"
"6655","TEF","black"
"6674","HYI","black"
"6694","DEFB119","black"
"6699","RPL34","black"
"6720","F2RL3","black"
"6787","SLC6A13","black"
"6799","RNF126P1","black"
"6817","DAXX","black"
"6844","C11orf16","black"
"6851","EPS15L1","black"
"6872","OR5L2","black"
"6884","MFAP3","black"
"6899","TMEM161A","black"
"6908","VPS4A","black"
"6914","HSD11B1L","black"
"6924","SAMD11","black"
"6956","PDCD10","black"
"6971","PLEKHM1","black"
"7061","SKI","black"
"7070","SUOX","black"
"7080","ENO1","black"
"7133","GYS1","black"
"7144","TRAPPC9","black"
"7161","TOMM40L","black"
"7193","MED24","black"
"7206","MAP1LC3A","black"
"7236","HNRNPK","black"
"7254","GOLGA8A","black"
"7276","TIA1","black"
"7303","SLC10A3","black"
"7326","RPL27A","black"
"7346","NAPA","black"
"7363","RNF25","black"
"7364","VAMP2","black"
"7377","RPAP1","black"
"7379","S100A6","black"
"7414","MAF1","black"
"7438","SPSB1","black"
"7447","SETD1A","black"
"7471","CIB2","black"
"7473","MRPS12","black"
"7514","ITPKC","black"
"7541","PICALM","black"
"7562","HTR2A","black"
"7582","EIF3B","black"
"7591","ITPK1","black"
"7592","NEIL2","black"
"7608","CYFIP1","black"
"7612","PMVK","black"
"7712","PPM1B","black"
"7716","TMEM214","black"
"7721","FBXO10","black"
"7740","DSCR3","black"
"7743","CLSTN1","black"
"7745","F13A1","black"
"7769","WHRN","black"
"7774","CNTNAP3","black"
"7817","CYHR1","black"
"7835","PABPC3","black"
"7893","NHP2","black"
"7910","TMEM57","black"
"7923","ETFA","black"
"7926","ADAM10","black"
"7957","CCDC9","black"
"8002","ZIK1","black"
"8004","MRPL38","black"
"8016","WDR83","black"
"8017","UCK1","black"
"8034","PLXNA3","black"
"8042","ZFAND3","black"
"8072","PPDPF","black"
"8078","CEND1","black"
"8088","POLR2I","black"
"8090","PRAF2","black"
"8155","CYTH2","black"
"8161","MRPS18B","black"
"8182","TMEM127","black"
"8185","VPS18","black"
"8195","TSC22D4","black"
"8206","GPN2","black"
"8213","MPP7","black"
"8217","ZNF660","black"
"8222","NAB2","black"
"8226","NAA10","black"
"8240","RWDD2A","black"
"8248","PAFAH1B1","black"
"8254","ZNF48","black"
"8258","DNPH1","black"
"8292","TMEM223","black"
"8317","VEGFB","black"
"8388","VAC14","black"
"8392","ROM1","black"
"8395","PALB2","black"
"8419","KAT5","black"
"8540","AGFG1","black"
"8571","CLPP","black"
"8572","ATG16L1","black"
"8594","KLK12","black"
"8596","RPP14","black"
"8603","TEX26","black"
"8609","EDF1","black"
"8621","CPAMD8","black"
"8644","MMP1","black"
"8654","GDPD2","black"
"8689","AKT1S1","black"
"8708","MEA1","black"
"8741","ZNF444","black"
"8759","TPRG1L","black"
"8770","GLI2","black"
"8780","ZNF155","black"
"8781","SSH1","black"
"8876","C3orf18","black"
"8914","PA2G4","black"
"8938","CRYAB","black"
"9029","KBTBD7","black"
"9040","CD2AP","black"
"9065","WDCP","black"
"9073","BSG","black"
"9098","ATG13","black"
"9100","SLC39A13","black"
"9125","RAB11B","black"
"9151","CHPF","black"
"9188","PDRG1","black"
"9191","TNFRSF13C","black"
"9194","ATP1A1","black"
"9204","APOM","black"
"9225","TMEM143","black"
"9238","EEFSEC","black"
"9241","OBSL1","black"
"9253","ZNF346","black"
"9260","SHB","black"
"9268","PPP1R32","black"
"9270","PSMD9","black"
"9271","PPME1","black"
"9275","SNX17","black"
"9278","FLJ26850","black"
"9302","GIT1","black"
"9324","CSF1","black"
"9337","ACTL10","black"
"9341","TFB1M","black"
"9394","GDI1","black"
"9409","IZUMO4","black"
"9421","ASIC3","black"
"9423","TSEN15","black"
"9424","ARID1A","black"
"9439","MEP1B","black"
"9444","ARHGDIA","black"
"9454","NUP88","black"
"9476","EIF5A2","black"
"9504","EXD3","black"
"9515","DPH1","black"
"9520","CDC42SE2","black"
"9524","TMEM30A","black"
"9540","TTC30A","black"
"9554","PRPF4B","black"
"9565","SNX33","black"
"9566","DLL3","black"
"9585","RFT1","black"
"9608","CASP2","black"
"9616","ORAI3","black"
"9619","PPP1R3C","black"
"9624","RASSF8","black"
"9636","CHST10","black"
"9649","ZBTB7B","black"
"9685","MAT2A","black"
"9692","DDX41","black"
"9700","RARG","black"
"9718","TMEM219","black"
"9727","RPL10L","black"
"9735","RMND5B","black"
"9738","PSMB4","black"
"9748","ELOVL4","black"
"9752","CRAT","black"
"9767","HOXA11","black"
"9769","SUMO2","black"
"9776","HS1BP3","black"
"9799","SPEF1","black"
"9814","VHL","black"
"9832","TRIM26","black"
"9849","HIC1","black"
"9899","CHAC1","black"
"9912","USP35","black"
"9956","RAI1","black"
"9959","EIF2S1","black"
"9962","EIF3D","black"
"10020","CEP164","black"
"10037","ZFP82","black"
"10087","FGF5","black"
"10092","LYRM4","black"
"10116","MAP3K8","black"
"10133","ZNF782","black"
"10149","PTPRH","black"
"10210","ZSWIM5","black"
"10222","GRWD1","black"
"10228","SSFA2","black"
"10289","ZNF584","black"
"10311","PRRC2C","black"
"10324","SH3RF3","black"
"10329","FAM109A","black"
"10353","NUDT22","black"
"10365","C6orf226","black"
"10367","ZNF446","black"
"10379","BCL9L","black"
"10380","DCP1B","black"
"10381","ALG12","black"
"10422","LYRM5","black"
"10428","FDX1L","black"
"10477","FAM102A","black"
"10505","KIAA1328","black"
"10533","MGRN1","black"
"10553","ENTPD5","black"
"10555","POLR2F","black"
"10571","MDM4","black"
"10591","POLD2","black"
"10592","DAZAP1","black"
"10596","SPRR2D","black"
"10601","GHDC","black"
"10611","IFT27","black"
"10621","FAM219A","black"
"10653","WBP1","black"
"10658","MYL5","black"
"10662","PHF1","black"
"10668","TRAPPC2L","black"
"10718","DEK","black"
"10745","CERS4","black"
"10765","TMEM240","black"
"10777","SLC5A9","black"
"10813","C19orf68","black"
"10816","FUZ","black"
"10841","CREB3L1","black"
"10873","ZNF322","black"
"10910","NECAB3","black"
"10934","SUPV3L1","black"
"10936","GABPA","black"
"10938","NOP14","black"
"10951","PRR3","black"
"10993","SRCAP","black"
"11003","GIGYF2","black"
"11041","TMEM243","black"
"11042","SENP3","black"
"11043","COL7A1","black"
"11045","IRF2BP1","black"
"11057","HNRNPD","black"
"11074","GADD45GIP1","black"
"11075","TMEM204","black"
"11077","RAD23A","black"
"11126","ERAP1","black"
"11136","PIEZO1","black"
"11143","RAB6B","black"
"11158","ATAT1","black"
"11165","KRTDAP","black"
"11229","SNTA1","black"
"11240","SCAMP5","black"
"11247","LRRC23","black"
"11252","SAMD4B","black"
"11255","FAM86C1","black"
"11259","SRR","black"
"11273","DOLK","black"
"11362","ARHGEF17","black"
"11368","TCP10L","black"
"11377","DHX15","black"
"11396","IDI1","black"
"11416","ZNF217","black"
"11418","AAAS","black"
"11456","ARMC9","black"
"11460","RIF1","black"
"11489","INTS3","black"
"11493","STUB1","black"
"11509","CKS2","black"
"11510","LAMTOR2","black"
"11511","NDUFS3","black"
"11529","TBC1D17","black"
"11562","ATE1","black"
"11582","GNG10","black"
"11584","NUMA1","black"
"11590","MPV17L2","black"
"11607","PRSS42","black"
"11645","C17orf51","black"
"11650","ZRANB1","black"
"11664","C11orf68","black"
"11667","HCFC1R1","black"
"11670","ZNF611","black"
"11673","PCGF1","black"
"11686","TAOK1","black"
"11715","ZNF213","black"
"11721","COPS7A","black"
"11732","NEK7","black"
"11747","SUPT6H","black"
"11792","DUSP10","black"
"11846","SPRN","black"
"11864","SERGEF","black"
"11907","MRPS5","black"
"11917","PRRC2A","black"
"11952","ZSCAN26","black"
"11964","UVRAG","black"
"11986","MPI","black"
"11991","ADCK5","black"
"12002","WDR24","black"
"12012","EIF4G2","black"
"12027","ZNF579","black"
"12029","ALKBH7","black"
"12033","RAMP3","black"
"12068","C17orf80","black"
"12103","BBS4","black"
"12133","EVC2","black"
"12174","MRPL2","black"
"12202","SLC25A42","black"
"12209","LZTS2","black"
"12231","RGS11","black"
"12250","PAM16","black"
"12260","TTL","black"
"12269","STXBP3","black"
"12276","RPRD1A","black"
"12298","COPS6","black"
"12306","LMBR1","black"
"12314","GPATCH8","black"
"12331","PSMB2","black"
"12336","TFE3","black"
"12350","NAT6","black"
"12375","CINP","black"
"12399","TOLLIP","black"
"12430","ENO2","black"
"12435","SLC9A3R2","black"
"12456","REL","black"
"12460","PLEKHF2","black"
"12462","LONP1","black"
"12465","MIER2","black"
"12503","ANKHD1-EIF4EBP3","black"
"12523","TK2","black"
"12525","MSL2","black"
"12529","RPAP3","black"
"12547","ANO10","black"
"12551","NDUFA13","black"
"12558","CCDC138","black"
"12564","SFXN5","black"
"12574","FBXL14","black"
"12602","ZNF416","black"
"12639","BIRC2","black"
"12650","BAP1","black"
"12701","CHAT","black"
"12724","PCSK4","black"
"12728","NCOA2","black"
"12749","KCTD7","black"
"12758","PRELID3A","black"
"12769","TMEM261","black"
"12775","PIGX","black"
"12808","SELO","black"
"12826","GPS1","black"
"12863","VPS39","black"
"12878","CLASP2","black"
"12901","CLUH","black"
"12904","RIC8A","black"
"12909","DDAH2","black"
"12920","NRSN2","black"
"12931","XAB2","black"
"12932","VAX1","black"
"12933","SNRPD2","black"
"12935","ZNF414","black"
"12965","UFSP1","black"
"12984","FOSL1","black"
"12997","STEAP4","black"
"13056","TMEM18","black"
"13094","CUEDC2","black"
"13116","DLST","black"
"13140","BEX4","black"
"13141","USP4","black"
"13159","FAM173A","black"
"13197","URM1","black"
"13205","DOK4","black"
"13220","DTD1","black"
"13250","LAS1L","black"
"13255","METTL26","black"
"13278","CBX8","black"
"13324","MRPS16","black"
"13372","RGMB","black"
"13385","CHORDC1","black"
"13397","MPPE1","black"
"13414","SAC3D1","black"
"13424","HMGN2","black"
"13456","FAM91A1","black"
"13499","PRKCSH","black"
"13519","C2CD2L","black"
"13536","FARSA","black"
"13547","NUDT2","black"
"13555","TTC12","black"
"13590","ADSS","black"
"13597","ZNF345","black"
"13604","PNRC2","black"
"13688","FMC1","black"
"13694","ARL6IP4","black"
"13708","MEIS3","black"
"13723","TBC1D24","black"
"13732","PUSL1","black"
"13744","ARL3","black"
"13774","RRAS","black"
"13810","SLC25A38","black"
"13811","CCDC22","black"
"13840","MESDC1","black"
"13842","TEX264","black"
"13843","SURF2","black"
"13864","RBM8A","black"
"13885","ZFP3","black"
"13889","PAIP2","black"
"13962","C5orf51","black"
"14008","MORC3","black"
"14039","SLC38A7","black"
"14040","NAT14","black"
"14043","FKTN","black"
"14056","GSTT2B","black"
"14094","SBF2","black"
"14099","NDUFA3","black"
"14127","DOHH","black"
"14138","CHCHD6","black"
"14168","SLC17A9","black"
"14183","AP5S1","black"
"14248","FOXD4","black"
"14262","ZNF385A","black"
"14270","KCTD13","black"
"14298","ZNF503","black"
"14346","PNPLA2","black"
"14375","SNX19","black"
"14413","TCF23","black"
"14433","MORN4","black"
"14454","IPP","black"
"14466","MLST8","black"
"14474","ZNF628","black"
"14485","GSTT2","black"
"14496","STIP1","black"
"14497","DHDDS","black"
"14524","GTF3C1","black"
"14541","THAP8","black"
"14544","PHF21B","black"
"14563","PIGZ","black"
"14567","ZNF574","black"
"14608","HUWE1","black"
"14619","HEATR6","black"
"14632","NXN","black"
"14664","SPAST","black"
"14697","CCDC103","black"
"14741","POMGNT2","black"
"14751","STX7","black"
"14761","HLCS","black"
"14765","CCDC86","black"
"14781","MNT","black"
"14796","RBM28","black"
"14797","ADAMTSL5","black"
"14823","RPTOR","black"
"14825","PRKAB1","black"
"14829","CIART","black"
"14834","ZFYVE27","black"
"14837","TMEM222","black"
"14861","BOLA1","black"
"14864","SERTAD1","black"
"14868","ANKRD13B","black"
"14874","ZNF79","black"
"14877","CATSPER2P1","black"
"14883","ABHD14A","black"
"14930","SHARPIN","black"
"14936","MRAP2","black"
"14975","DHX30","black"
"14991","SRSF1","black"
"15007","ERCC5","black"
"15042","FGFRL1","black"
"15047","AGAP3","black"
"15075","CRY2","black"
"15089","MAP1S","black"
"15143","NUDCD3","black"
"15152","INTS5","black"
"15161","MTHFSD","black"
"15188","ATP6V1D","black"
"15194","C3orf58","black"
"15209","CHCHD5","black"
"15234","PTPRVP","black"
"15271","IPO4","black"
"15278","KDM5C","black"
"15292","PPAN","black"
"15297","OR3A1","black"
"15305","KCTD17","black"
"15325","CAMTA2","black"
"15340","CEP250","black"
"15367","MRPL55","black"
"15404","XYLT2","black"
"15412","TAF1L","black"
"15424","ETNK2","black"
"15425","MAVS","black"
"15452","KLKB1","black"
"15459","BBS1","black"
"15464","SESN1","black"
"15465","NME4","black"
"15507","STOML1","black"
"15512","CLIP2","black"
"15516","DOCK6","black"
"15525","TAS2R14","black"
"15534","EMD","black"
"15546","FN3K","black"
"15617","HHLA3","black"
"15624","PIGA","black"
"15642","PSMG3","black"
"15647","EPHB6","black"
"15668","CBWD5","black"
"15716","KIAA2013","black"
"15737","POLD4","black"
"15790","SUFU","black"
"15800","KLHL25","black"
"15837","C22orf39","black"
"15858","OXLD1","black"
"15869","SYNRG","black"
"15874","MOSPD3","black"
"15888","YWHAE","black"
"15910","POU6F1","black"
"15914","FLYWCH2","black"
"15919","TOR1A","black"
"15950","MRPL23","black"
"15959","ADAT3","black"
"16001","ZNF18","black"
"16022","UBTF","black"
"16023","TSACC","black"
"16030","SHC4","black"
"16039","GOLGA1","black"
"16077","MICU1","black"
"16080","NPLOC4","black"
"16103","TNS1","black"
"16123","EXOC6B","black"
"16127","C11orf24","black"
"16145","FAM3A","black"
"16178","RNF40","black"
"16188","ALKBH6","black"
"16227","TMEM246","black"
"16247","COX8A","black"
"16282","RSAD1","black"
"16293","ABCF3","black"
"16299","ZNF524","black"
"16303","PLA2G4C","black"
"16323","PPP2R1A","black"
"16324","RAB34","black"
"16327","DRG2","black"
"16347","DCUN1D1","black"
"16367","ZNF629","black"
"16382","GPR151","black"
"16412","MRPL27","black"
"16432","SWI5","black"
"16448","FTSJ3","black"
"16457","CNP","black"
"16470","PRMT5","black"
"16478","ABCB1","black"
"16508","FAM222B","black"
"16542","FBXO28","black"
"16548","ZNF132","black"
"16613","PHF20","black"
"16617","SLC25A1","black"
"16630","NARFL","black"
"16632","DARS","black"
"16633","SPACA9","black"
"16639","HEXA","black"
"16640","NOL3","black"
"16687","CMTR2","black"
"16694","ZC3H12B","black"
"16706","UBAP2L","black"
"16708","CACFD1","black"
"16721","MRPS2","black"
"16723","PDGFRB","black"
"16735","PI4K2B","black"
"16738","GPS2","black"
"16747","RHBDD3","black"
"16768","HOXA6","black"
"16776","GTF2IP1","black"
"16788","CDIP1","black"
"16835","NRAV","black"
"16933","SLC14A2-AS1","black"
"16959","LINC01601","black"
"16960","LOC101928797","black"
"17006","LOC100133461","black"
"17119","FOXO3B","black"
"17129","LOC100130798","black"
"17310","LOC100130417","black"
"17329","LOC101927526","black"
"17545","LOC101927331","black"
"17684","SRRM2-AS1","black"
"17737","LINC00563","black"
"17768","RNU11","black"
"17796","LOC100996654","black"
"17910","LOC100129027","black"
"17986","ZNF691","black"
"17995","RPS15","black"
"17996","DPCD","black"
"18086","BET1L","black"
"18150","SNORD31","black"
"18153","TMEM203","black"
"18170","ZNF598","black"
"18187","DZIP1L","black"
"18202","C1orf123","black"
"18209","AP5Z1","black"
"18218","SNORA32","black"
"18225","NDUFV2","black"
"18258","TMEM109","black"
"18270","PRAMEF5","black"
"18285","NUDC","black"
"18294","LYRM9","black"
"18308","HNRNPH1","black"
"18334","SLC35A4","black"
"18348","EPB41L3","black"
"18443","PPP2R5B","black"
"18457","HNRNPA1P33","black"
"18466","G6PC3","black"
"18516","NR2C2AP","black"
"18532","CASD1","black"
"18573","FAHD2B","black"
"18579","BRD7P3","black"
"18623","IMP4","black"
"18626","BLOC1S1","black"
"18627","GBF1","black"
"18684","FAM151A","black"
"18694","JOSD2","black"
"18712","GPI","black"
"18715","FAAP24","black"
"18740","TBL3","black"
"18760","FAM216A","black"
"18792","NOLC1","black"
"18843","MPND","black"
"18870","EIF4EBP3","black"
"18882","ARRDC3","black"
"18900","SMG1P5","black"
"18913","UBLCP1","black"
"18925","FRYL","black"
"18974","B3GAT3","black"
"18985","WDR46","black"
"18987","TMEM39B","black"
"19001","CCDC127","black"
"19029","APOBEC3B","black"
"19034","HNRNPA1P10","black"
"19091","ABHD14B","black"
"19093","NTHL1","black"
"19172","RNF38","black"
"19201","FTO","black"
"19220","PCNX2","black"
"19239","ATP5J2","black"
"19280","CDC25B","black"
"19322","SDCBP","black"
"19328","OGT","black"
"19350","DPM3","black"
"19352","TAF6","black"
"19358","OPTN","black"
"19367","WDR31","black"
"19380","TMEM231","black"
"19386","SIGMAR1","black"
"19401","TRAF7","black"
"19403","RHBDD2","black"
"10","LPP","blue"
"11","UGP2","blue"
"15","SNIP1","blue"
"22","MLYCD","blue"
"23","UHRF1BP1L","blue"
"34","MFN2","blue"
"49","WNT2B","blue"
"50","HIST1H2BD","blue"
"51","GADD45G","blue"
"61","RGS5","blue"
"66","FBXO44","blue"
"68","MARK4","blue"
"69","SPRY1","blue"
"78","ADAM33","blue"
"84","EPS8","blue"
"97","MKL1","blue"
"106","GSTM4","blue"
"110","CCT3","blue"
"121","RASL11A","blue"
"123","KMT5A","blue"
"129","MGP","blue"
"142","KCNMB1","blue"
"150","LMBRD1","blue"
"155","DVL2","blue"
"161","NOL4L","blue"
"165","NACAD","blue"
"173","EVX2","blue"
"177","RNF215","blue"
"199","SLC26A4","blue"
"202","RIOK1","blue"
"206","MTMR9","blue"
"218","GRB10","blue"
"224","FAM131B","blue"
"230","ANK2","blue"
"232","RFXAP","blue"
"236","ZNF428","blue"
"238","CDC42EP2","blue"
"255","GBGT1","blue"
"267","ABCD2","blue"
"269","ZNF479","blue"
"279","COL4A1","blue"
"284","ATP6V0C","blue"
"294","CNEP1R1","blue"
"297","C2CD4C","blue"
"299","SNCG","blue"
"304","TPM4","blue"
"315","NUDT10","blue"
"317","LCE2A","blue"
"320","ZNF580","blue"
"339","DMD","blue"
"345","HES4","blue"
"346","KLC2","blue"
"347","CDY1B","blue"
"354","RBBP4","blue"
"355","SIKE1","blue"
"358","XYLT1","blue"
"360","ATP5D","blue"
"368","CUL3","blue"
"377","ITGBL1","blue"
"390","C6orf62","blue"
"403","CACNB2","blue"
"420","CX3CL1","blue"
"435","MPP2","blue"
"439","ZMAT3","blue"
"476","FAM172A","blue"
"477","MED6","blue"
"490","THRA","blue"
"492","RGS7BP","blue"
"500","C15orf48","blue"
"502","GPR157","blue"
"529","SCARA3","blue"
"538","ING5","blue"
"540","WDR19","blue"
"550","CASZ1","blue"
"552","RASA4","blue"
"582","SCARF2","blue"
"597","IFT81","blue"
"605","INTS6","blue"
"614","ARRDC2","blue"
"620","METTL3","blue"
"635","SNAI2","blue"
"636","ZSCAN31","blue"
"639","METTL10","blue"
"641","3-Mar","blue"
"653","ROR1","blue"
"662","ADCY7","blue"
"675","KIAA0319L","blue"
"690","STAU1","blue"
"696","JAKMIP1","blue"
"712","METTL7A","blue"
"717","GFRA2","blue"
"720","ZMYM3","blue"
"730","C8orf4","blue"
"733","BNC2","blue"
"735","SLX1B","blue"
"744","ZMPSTE24","blue"
"746","GID4","blue"
"749","GRAP","blue"
"771","DNAAF5","blue"
"772","CCDC184","blue"
"775","WDR4","blue"
"780","ZYG11B","blue"
"825","FILIP1","blue"
"833","STARD3","blue"
"841","MEOX1","blue"
"845","KRTAP10-5","blue"
"847","SAE1","blue"
"848","MYRIP","blue"
"849","CCL20","blue"
"854","SGCD","blue"
"855","ALKBH5","blue"
"856","CPA6","blue"
"883","SEC23B","blue"
"900","ZFHX4","blue"
"908","KCNIP2","blue"
"914","C1orf198","blue"
"934","PMEPA1","blue"
"936","PLEKHG2","blue"
"940","MITF","blue"
"991","POLH","blue"
"998","MAPKBP1","blue"
"1010","AKIRIN1","blue"
"1014","TACR3","blue"
"1019","SPEF2","blue"
"1023","HYDIN","blue"
"1024","ECSCR","blue"
"1035","APH1A","blue"
"1050","GPR161","blue"
"1060","DTX3","blue"
"1061","SAAL1","blue"
"1068","LAMB1","blue"
"1071","NRXN3","blue"
"1074","CCNDBP1","blue"
"1086","SAMD1","blue"
"1094","ARAF","blue"
"1096","DAGLB","blue"
"1108","MEX3B","blue"
"1117","SLC2A1","blue"
"1119","HIST2H2AA3","blue"
"1131","PHLDA3","blue"
"1144","CYP4B1","blue"
"1151","ZNF799","blue"
"1155","SVIL","blue"
"1156","PMP22","blue"
"1180","NDUFAF4","blue"
"1221","DNAJC3","blue"
"1224","FAM167B","blue"
"1239","ZBTB24","blue"
"1241","MTMR2","blue"
"1243","LOC283440","blue"
"1263","MYH11","blue"
"1266","MMRN1","blue"
"1270","ZNF582","blue"
"1277","HCRTR1","blue"
"1285","POPDC2","blue"
"1288","ITGA8","blue"
"1290","CDH24","blue"
"1297","GRIA2","blue"
"1310","C3orf70","blue"
"1313","ARRDC4","blue"
"1324","PATZ1","blue"
"1325","LIMK2","blue"
"1345","SLC7A3","blue"
"1380","CCIN","blue"
"1381","ADAMTS12","blue"
"1399","PPP2R2C","blue"
"1402","USP31","blue"
"1422","PKP4","blue"
"1424","SRM","blue"
"1436","ATP11C","blue"
"1450","B4GALT4","blue"
"1462","FLVCR1","blue"
"1475","VCL","blue"
"1493","CTF1","blue"
"1499","CNTN1","blue"
"1503","PI15","blue"
"1505","CAMTA1","blue"
"1511","ZNF326","blue"
"1512","KLF7","blue"
"1516","WDR92","blue"
"1531","TBC1D13","blue"
"1542","DCTN2","blue"
"1553","ZNF358","blue"
"1561","ASPHD1","blue"
"1580","GALNT10","blue"
"1626","UBE2I","blue"
"1645","LRRC4C","blue"
"1666","PLEKHA8","blue"
"1667","SPIN2B","blue"
"1695","SORBS1","blue"
"1700","TLK2","blue"
"1702","CCZ1B","blue"
"1709","B4GALT7","blue"
"1712","FTCD","blue"
"1713","STEAP1","blue"
"1720","DNAJC7","blue"
"1736","DNAJB5","blue"
"1739","SIX2","blue"
"1756","PDLIM4","blue"
"1763","CANT1","blue"
"1777","TNNT2","blue"
"1780","ZNF491","blue"
"1782","GLIS3","blue"
"1798","TBX22","blue"
"1805","CEACAM1","blue"
"1812","MEIS2","blue"
"1825","NDC80","blue"
"1831","LAMA1","blue"
"1833","MICALL2","blue"
"1835","STUM","blue"
"1838","INPP5A","blue"
"1847","DAPP1","blue"
"1854","KPNA4","blue"
"1864","FBXO33","blue"
"1868","ST8SIA1","blue"
"1882","CEP170B","blue"
"1884","SLX1A","blue"
"1886","CASC3","blue"
"1895","NOA1","blue"
"1897","NSMF","blue"
"1913","LTBP4","blue"
"1914","CRTAP","blue"
"1922","FOXN3","blue"
"1932","SERF1A","blue"
"1933","ZNF445","blue"
"1934","ZFP91","blue"
"1940","ROBO4","blue"
"1949","MMP23A","blue"
"1951","TCEA2","blue"
"1965","EPO","blue"
"1968","PIEZO2","blue"
"1973","ABCB10","blue"
"1993","REP15","blue"
"1997","HYAL2","blue"
"2005","ERCC8","blue"
"2014","REEP2","blue"
"2016","ARHGEF4","blue"
"2033","DCTN5","blue"
"2043","COX11","blue"
"2055","CALM3","blue"
"2062","CAMK2A","blue"
"2063","FAM134C","blue"
"2071","SOBP","blue"
"2085","PI4KB","blue"
"2091","KIF17","blue"
"2100","RBX1","blue"
"2107","SSUH2","blue"
"2108","CXCL8","blue"
"2109","RBM15","blue"
"2112","CACNA1C","blue"
"2118","C1orf229","blue"
"2127","CSPG4","blue"
"2131","PINK1","blue"
"2148","CLU","blue"
"2152","CCND2","blue"
"2176","AGAP11","blue"
"2183","PPP1R21","blue"
"2192","RAB23","blue"
"2200","LTBR","blue"
"2205","IFRD1","blue"
"2206","ALDH3A2","blue"
"2213","ACACA","blue"
"2218","PTGIS","blue"
"2224","ANKRD33","blue"
"2237","SLC26A11","blue"
"2244","SPATA18","blue"
"2262","STK25","blue"
"2266","GSTM1","blue"
"2267","PCDH9","blue"
"2273","PHEX","blue"
"2276","LMF1","blue"
"2290","FHL2","blue"
"2304","DDAH1","blue"
"2305","GLYAT","blue"
"2312","ZNHIT6","blue"
"2317","KCND1","blue"
"2322","RBPMS","blue"
"2336","NFYB","blue"
"2347","RSF1","blue"
"2355","AKR1C4","blue"
"2363","MIXL1","blue"
"2366","PRELID2","blue"
"2367","C1QBP","blue"
"2370","FHL5","blue"
"2397","GNAL","blue"
"2409","BACE2","blue"
"2411","CYP4X1","blue"
"2436","PCDHA10","blue"
"2465","KCMF1","blue"
"2469","KPNA5","blue"
"2482","ANGPTL1","blue"
"2497","GUSB","blue"
"2512","DCAF6","blue"
"2514","LPIN2","blue"
"2528","ABAT","blue"
"2540","TNFSF12-TNFSF13","blue"
"2550","LRP10","blue"
"2557","GPM6B","blue"
"2563","LBH","blue"
"2568","PCDH7","blue"
"2578","SUSD5","blue"
"2585","WDFY3","blue"
"2609","LIPE","blue"
"2635","ALCAM","blue"
"2640","FBN2","blue"
"2674","MFAP3L","blue"
"2681","SYTL2","blue"
"2687","CACNA1H","blue"
"2695","CCDC3","blue"
"2700","IL12A","blue"
"2711","PCDHGA11","blue"
"2712","FBXW4","blue"
"2717","CKB","blue"
"2739","ACTA2","blue"
"2754","ITGB1BP2","blue"
"2770","EPHA4","blue"
"2774","HOXD4","blue"
"2781","FAM198B","blue"
"2784","AKR1B10","blue"
"2804","CRYZ","blue"
"2805","ZAK","blue"
"2846","MCU","blue"
"2862","EIF4G1","blue"
"2865","HSFY1","blue"
"2892","KLF11","blue"
"2910","ARHGAP6","blue"
"2922","FAM13B","blue"
"2923","C3orf35","blue"
"2935","TCEANC2","blue"
"2936","LGALSL","blue"
"2950","SNX5","blue"
"2955","INA","blue"
"2956","HDAC9","blue"
"2967","GALNT18","blue"
"2969","HSD17B4","blue"
"2983","FAM57A","blue"
"2985","RBM24","blue"
"2987","STBD1","blue"
"3018","WIPF3","blue"
"3021","DDX42","blue"
"3028","TFRC","blue"
"3038","PARD6G","blue"
"3039","HRASLS5","blue"
"3048","PRKAR1B","blue"
"3049","APMAP","blue"
"3052","CEPT1","blue"
"3069","SIGLEC11","blue"
"3074","C9orf3","blue"
"3079","NMRK1","blue"
"3121","PRMT2","blue"
"3123","SYNM","blue"
"3125","MYL9","blue"
"3136","RGS9BP","blue"
"3142","WDHD1","blue"
"3147","SGTB","blue"
"3151","PSMC3IP","blue"
"3152","ENPEP","blue"
"3155","MYADM","blue"
"3162","ALDH1B1","blue"
"3182","TRMT61A","blue"
"3189","C12orf54","blue"
"3199","PPP2CB","blue"
"3207","ZNF175","blue"
"3212","WDR1","blue"
"3223","IFNGR1","blue"
"3236","DIP2C","blue"
"3240","KRT82","blue"
"3241","MSRB3","blue"
"3246","APOL5","blue"
"3247","DARS2","blue"
"3254","JPH2","blue"
"3257","TPSAB1","blue"
"3264","NCAM1","blue"
"3265","BVES","blue"
"3273","NCEH1","blue"
"3274","CXorf36","blue"
"3276","RALB","blue"
"3283","CTU2","blue"
"3318","CUEDC1","blue"
"3329","C2orf40","blue"
"3332","NR1D2","blue"
"3353","SCN2B","blue"
"3357","CPED1","blue"
"3363","GEM","blue"
"3365","TRAF5","blue"
"3392","PTGER3","blue"
"3396","RAP2A","blue"
"3397","SRGAP1","blue"
"3407","MACROD2","blue"
"3410","CCL21","blue"
"3411","PRR7","blue"
"3420","RPGRIP1L","blue"
"3428","ZNF268","blue"
"3436","ANGPT1","blue"
"3441","UBE2D2","blue"
"3448","RAB4A","blue"
"3460","GMPR2","blue"
"3466","ENTPD6","blue"
"3468","PPP1R26","blue"
"3470","MAZ","blue"
"3483","TTC4","blue"
"3487","MME","blue"
"3488","KHK","blue"
"3492","GDF10","blue"
"3495","RHOJ","blue"
"3501","VPS8","blue"
"3516","VAPB","blue"
"3533","ANXA6","blue"
"3535","TKFC","blue"
"3548","MPRIP","blue"
"3549","RBBP8","blue"
"3559","DYNLT1","blue"
"3562","HAPLN2","blue"
"3573","THBS2","blue"
"3588","LRRC14","blue"
"3597","RABEP2","blue"
"3598","RAB9B","blue"
"3621","DPYSL3","blue"
"3641","UPF2","blue"
"3644","PPFIBP1","blue"
"3645","GART","blue"
"3650","IAPP","blue"
"3654","SETD3","blue"
"3656","GRIK5","blue"
"3661","FAM120B","blue"
"3663","WDR82","blue"
"3664","SCGB3A1","blue"
"3674","ADRA1B","blue"
"3678","BLOC1S2","blue"
"3683","FAM131C","blue"
"3701","SLC25A23","blue"
"3708","ZCCHC12","blue"
"3709","MPP6","blue"
"3724","ADIRF","blue"
"3727","DYM","blue"
"3747","MYOCD","blue"
"3763","CD109","blue"
"3829","HIST1H2BC","blue"
"3832","LMOD1","blue"
"3849","AQP1","blue"
"3851","CAPRIN2","blue"
"3852","CEP104","blue"
"3855","SPATA2","blue"
"3862","MRPL4","blue"
"3879","ZFP69","blue"
"3880","ALDOA","blue"
"3882","DCXR","blue"
"3886","REG1B","blue"
"3894","HIST1H4E","blue"
"3911","SLC25A4","blue"
"3917","LRGUK","blue"
"3925","MKX","blue"
"3939","PRKAR2A","blue"
"3941","OAZ3","blue"
"3945","HDGFRP2","blue"
"3952","RSPO3","blue"
"3956","HEY2","blue"
"3965","TNFAIP8L3","blue"
"3968","HOXA10","blue"
"3969","TMEM64","blue"
"3972","RAI14","blue"
"3975","CLEC3B","blue"
"3982","CLDN15","blue"
"3984","TMEM200B","blue"
"3993","STATH","blue"
"3995","PCP4","blue"
"4003","SETMAR","blue"
"4013","CLUL1","blue"
"4020","IQUB","blue"
"4030","CHRDL2","blue"
"4035","ALB","blue"
"4037","EDN1","blue"
"4039","TEAD2","blue"
"4058","C18orf25","blue"
"4060","DTNBP1","blue"
"4068","PDGFC","blue"
"4070","PPP1R2","blue"
"4076","ELSPBP1","blue"
"4090","FAM20C","blue"
"4096","NCAN","blue"
"4103","VPS45","blue"
"4111","ST3GAL1","blue"
"4131","CSDE1","blue"
"4154","LHX6","blue"
"4179","ITGAE","blue"
"4190","EDA","blue"
"4192","GYG2","blue"
"4197","CDCA4","blue"
"4215","NIPAL3","blue"
"4216","SEC14L2","blue"
"4245","MLF1","blue"
"4249","MDGA2","blue"
"4251","CADPS2","blue"
"4261","COL16A1","blue"
"4272","ILKAP","blue"
"4280","IPO11","blue"
"4287","PRND","blue"
"4299","GPR119","blue"
"4316","FLRT1","blue"
"4318","SNX7","blue"
"4333","SGMS2","blue"
"4335","KRBA2","blue"
"4339","MCAM","blue"
"4342","PPP1R12C","blue"
"4350","TPM1","blue"
"4360","TRIM3","blue"
"4362","COL8A1","blue"
"4378","TGDS","blue"
"4381","CBLB","blue"
"4391","KCNN2","blue"
"4392","BCHE","blue"
"4400","ACOX2","blue"
"4429","TEX15","blue"
"4431","EMCN","blue"
"4437","CDH26","blue"
"4440","PDGFA","blue"
"4448","THBS1","blue"
"4453","CWC27","blue"
"4454","GNA14","blue"
"4462","PLXNB3","blue"
"4463","USP37","blue"
"4472","PDCD2","blue"
"4481","DUBR","blue"
"4486","AK4","blue"
"4493","KIF13B","blue"
"4516","HLX","blue"
"4522","TP53INP2","blue"
"4533","ST5","blue"
"4543","SOGA1","blue"
"4545","EOGT","blue"
"4569","FLNA","blue"
"4573","ARHGAP35","blue"
"4603","CAV1","blue"
"4641","JMJD8","blue"
"4644","HIST1H2BE","blue"
"4647","NTRK3","blue"
"4651","PHLDA1","blue"
"4672","WDR27","blue"
"4674","CSPG5","blue"
"4676","SYNPO2","blue"
"4685","ZNF219","blue"
"4691","ZNF800","blue"
"4730","LAMC3","blue"
"4731","LCN10","blue"
"4746","JPH3","blue"
"4757","GPC5","blue"
"4759","NR5A2","blue"
"4804","LRRN2","blue"
"4816","APCDD1L","blue"
"4829","OR5J2","blue"
"4846","EIF3J-AS1","blue"
"4852","DMPK","blue"
"4857","ST8SIA4","blue"
"4869","EDIL3","blue"
"4881","FAIM","blue"
"4886","PDLIM7","blue"
"4909","NDRG4","blue"
"4915","NFYA","blue"
"4919","ADO","blue"
"4924","DYNC1I1","blue"
"4953","FOXK1","blue"
"4989","CPZ","blue"
"5023","FBLIM1","blue"
"5027","CELSR3","blue"
"5028","PIGS","blue"
"5041","JAG1","blue"
"5052","GSX1","blue"
"5073","LYG2","blue"
"5077","TRO","blue"
"5079","LRRC73","blue"
"5087","ST6GALNAC6","blue"
"5092","FAM45A","blue"
"5101","G0S2","blue"
"5107","FAM19A2","blue"
"5115","CBX6","blue"
"5143","RAB11FIP1","blue"
"5148","MAFG","blue"
"5149","EPHB1","blue"
"5150","B4GALT3","blue"
"5155","ELK3","blue"
"5162","CCNT1","blue"
"5165","CNTNAP1","blue"
"5182","RCC1L","blue"
"5183","PHB","blue"
"5188","NKD1","blue"
"5198","PRDM12","blue"
"5203","ASPA","blue"
"5209","PDLIM5","blue"
"5210","VPS37D","blue"
"5215","NTN1","blue"
"5225","CEBPB","blue"
"5227","TMED1","blue"
"5264","EYA4","blue"
"5273","RGAG4","blue"
"5277","BRI3BP","blue"
"5281","LACC1","blue"
"5287","EGFL8","blue"
"5290","STK36","blue"
"5294","CYP4Z1","blue"
"5322","C8orf82","blue"
"5326","MOGAT2","blue"
"5337","JPH1","blue"
"5338","MLXIP","blue"
"5345","EIF3K","blue"
"5357","KIF24","blue"
"5370","NSA2","blue"
"5371","HES6","blue"
"5374","NDUFC2","blue"
"5376","GLE1","blue"
"5377","NFIX","blue"
"5389","CRIP2","blue"
"5399","CCNG1","blue"
"5405","MAP3K6","blue"
"5422","RUNX1T1","blue"
"5425","CTSL","blue"
"5437","MATN2","blue"
"5442","LMO3","blue"
"5474","DIAPH3","blue"
"5482","PDLIM3","blue"
"5489","ASCL3","blue"
"5517","HNRNPC","blue"
"5525","CETN2","blue"
"5530","RBM41","blue"
"5551","C5orf15","blue"
"5554","NECAB1","blue"
"5562","LINGO2","blue"
"5586","ANKS1B","blue"
"5593","KCNAB1","blue"
"5603","SNX6","blue"
"5621","KLK1","blue"
"5625","CMTM6","blue"
"5628","EGFR","blue"
"5645","TLN1","blue"
"5646","IFIT5","blue"
"5687","TTC7A","blue"
"5701","SRPK3","blue"
"5706","RHBG","blue"
"5709","CYP46A1","blue"
"5735","ADARB1","blue"
"5741","ATP6AP1","blue"
"5755","SYNJ2BP","blue"
"5756","C16orf86","blue"
"5757","NEGR1","blue"
"5758","TSPAN11","blue"
"5759","MNX1","blue"
"5778","SNORD101","blue"
"5806","GLMP","blue"
"5836","HNF4A","blue"
"5850","SLC25A27","blue"
"5853","PALLD","blue"
"5864","SLC8A2","blue"
"5876","DES","blue"
"5890","NAP1L1","blue"
"5901","CNTN6","blue"
"5905","IK","blue"
"5908","ANXA10","blue"
"5910","ZBTB47","blue"
"5911","ST3GAL3","blue"
"5920","PDZRN3","blue"
"5921","EFCAB1","blue"
"5927","MRPL12","blue"
"5931","FAM81A","blue"
"5933","RANBP3","blue"
"5950","FGF1","blue"
"5955","RRAGD","blue"
"5961","CTGF","blue"
"5967","GNPAT","blue"
"5976","TSPAN18","blue"
"5982","TRMO","blue"
"5992","PTOV1","blue"
"5994","ITGA10","blue"
"6001","FBXO30","blue"
"6008","OCIAD2","blue"
"6011","SCN3B","blue"
"6024","ITPKB","blue"
"6027","CLASP1","blue"
"6040","ABHD4","blue"
"6042","RNF135","blue"
"6050","ST7-AS1","blue"
"6057","EHMT2","blue"
"6058","KCNH2","blue"
"6070","HAS2","blue"
"6094","BCL7C","blue"
"6100","VEGFC","blue"
"6111","COL1A1","blue"
"6135","WBSCR17","blue"
"6153","LOXL1","blue"
"6155","KLHL4","blue"
"6157","UQCRFS1","blue"
"6176","KLHDC9","blue"
"6178","COL18A1","blue"
"6186","SV2A","blue"
"6188","CNTROB","blue"
"6190","FAM189B","blue"
"6191","MFSD5","blue"
"6195","EFS","blue"
"6219","KIF3B","blue"
"6220","CARTPT","blue"
"6226","SULF1","blue"
"6243","SGK1","blue"
"6244","TRIM63","blue"
"6261","CTC1","blue"
"6265","LSM11","blue"
"6272","PGM5P2","blue"
"6278","PDCL3","blue"
"6281","TTLL7","blue"
"6286","SH3BGRL","blue"
"6307","CPD","blue"
"6308","PYY","blue"
"6313","KCNE4","blue"
"6318","GLYR1","blue"
"6320","SCG2","blue"
"6330","MAP1LC3B","blue"
"6337","KLHL36","blue"
"6343","FEM1C","blue"
"6349","FZD3","blue"
"6362","S1PR3","blue"
"6365","FHL3","blue"
"6401","MKKS","blue"
"6414","PRR21","blue"
"6423","HSF4","blue"
"6441","FXYD5","blue"
"6446","UBE3C","blue"
"6453","INCA1","blue"
"6455","PSMD13","blue"
"6458","BCL9","blue"
"6488","MYPOP","blue"
"6505","FBXL7","blue"
"6515","ULK1","blue"
"6523","GRASP","blue"
"6524","TMBIM1","blue"
"6535","RELA","blue"
"6537","TEAD4","blue"
"6539","VEZF1","blue"
"6541","NBEA","blue"
"6557","MTCL1","blue"
"6563","BCAM","blue"
"6566","SULT2B1","blue"
"6591","FAM104B","blue"
"6617","PIANP","blue"
"6636","RFX2","blue"
"6640","CHMP6","blue"
"6646","DSTN","blue"
"6653","COL5A1","blue"
"6670","BDNF","blue"
"6686","TAGLN","blue"
"6687","H2AFV","blue"
"6690","SERP1","blue"
"6693","TEKT5","blue"
"6701","CCDC136","blue"
"6703","BMPR1A","blue"
"6708","BEND6","blue"
"6710","FAM110D","blue"
"6715","SORT1","blue"
"6721","KIAA1614","blue"
"6723","LRRFIP2","blue"
"6730","PTBP2","blue"
"6732","UCN","blue"
"6737","C17orf67","blue"
"6751","CFL2","blue"
"6754","PRELP","blue"
"6772","GABRA5","blue"
"6791","PIM3","blue"
"6800","UGT1A5","blue"
"6801","H2AFZ","blue"
"6815","USP13","blue"
"6816","MAP4","blue"
"6818","LCLAT1","blue"
"6824","TMEM144","blue"
"6858","KPNA3","blue"
"6873","ADCY5","blue"
"6890","APCS","blue"
"6904","PDZD4","blue"
"6906","ADM","blue"
"6909","GAR1","blue"
"6916","MYBL2","blue"
"6918","FYCO1","blue"
"6964","FAM71A","blue"
"6965","ALMS1","blue"
"6972","PGM5","blue"
"6976","IGF1","blue"
"6989","TXNDC16","blue"
"6991","SUSD1","blue"
"7020","PUDP","blue"
"7054","PFN2","blue"
"7071","MIPOL1","blue"
"7075","GSX2","blue"
"7081","RNF20","blue"
"7089","MAPT","blue"
"7109","DNAJC21","blue"
"7112","TOM1L2","blue"
"7141","ZNF233","blue"
"7145","ADAM11","blue"
"7148","MRPS27","blue"
"7151","EMILIN1","blue"
"7158","COCH","blue"
"7159","ATP6V1A","blue"
"7169","PRDX5","blue"
"7189","ADGRL3","blue"
"7191","SLC24A2","blue"
"7201","EDEM2","blue"
"7202","ENO4","blue"
"7220","AVPR1A","blue"
"7231","FSTL4","blue"
"7232","RAB11A","blue"
"7249","PSMD2","blue"
"7252","PDC","blue"
"7256","EIF2D","blue"
"7257","KDELC1","blue"
"7262","AKAP1","blue"
"7274","ARMC12","blue"
"7299","HIST1H4G","blue"
"7307","UNC5A","blue"
"7317","CORIN","blue"
"7322","CPQ","blue"
"7327","MSI2","blue"
"7328","AKR1C3","blue"
"7331","TTF1","blue"
"7334","MCRS1","blue"
"7336","GSTM2","blue"
"7372","LDB3","blue"
"7391","GLUD1","blue"
"7415","TRIP6","blue"
"7418","NXPH3","blue"
"7435","LUZP1","blue"
"7450","DMWD","blue"
"7453","CCNB1IP1","blue"
"7463","KLF12","blue"
"7472","PARK2","blue"
"7477","AHNAK","blue"
"7481","CDA","blue"
"7504","ITGB1","blue"
"7512","SART3","blue"
"7519","TRIM54","blue"
"7521","DBT","blue"
"7523","GGT7","blue"
"7527","FAXC","blue"
"7557","KLHL10","blue"
"7561","ULK2","blue"
"7567","ACOT1","blue"
"7581","ATP6V0E1","blue"
"7588","CCDC80","blue"
"7589","TP53I11","blue"
"7590","HPCAL1","blue"
"7600","FLNC","blue"
"7601","KRTAP9-9","blue"
"7623","HGS","blue"
"7627","ARMCX6","blue"
"7630","ERC1","blue"
"7644","ACOT2","blue"
"7647","FIBIN","blue"
"7673","LGI4","blue"
"7675","NANOS1","blue"
"7677","ACD","blue"
"7678","PACS1","blue"
"7682","ENAH","blue"
"7689","NGF","blue"
"7702","CD302","blue"
"7709","SPATC1L","blue"
"7713","DNAH9","blue"
"7722","C1QL1","blue"
"7730","NBN","blue"
"7736","TXNRD1","blue"
"7766","HOXD1","blue"
"7767","PTCHD1","blue"
"7771","LOC285556","blue"
"7780","CNTN3","blue"
"7781","RGMA","blue"
"7784","ZFHX2","blue"
"7803","PFDN1","blue"
"7805","IVNS1ABP","blue"
"7806","PKHD1L1","blue"
"7818","CALD1","blue"
"7823","ELAC2","blue"
"7848","OR13H1","blue"
"7852","DGKI","blue"
"7895","TPPP","blue"
"7903","CCDC24","blue"
"7911","SPHAR","blue"
"7916","C5orf46","blue"
"7932","MFSD3","blue"
"7942","FOXN4","blue"
"7951","CTBP1","blue"
"7955","ACOT7","blue"
"7960","PRPF31","blue"
"7964","DGCR14","blue"
"7968","TRIM9","blue"
"7973","OR51E2","blue"
"7984","EPM2A","blue"
"8014","TNC","blue"
"8024","PACS2","blue"
"8025","RNF13","blue"
"8029","HADH","blue"
"8062","CDR2","blue"
"8064","NQO1","blue"
"8081","GUCY1A2","blue"
"8084","SETBP1","blue"
"8091","MDGA1","blue"
"8094","LRCH2","blue"
"8102","HSPB3","blue"
"8112","SSX2IP","blue"
"8116","OSBPL7","blue"
"8126","SLC12A2","blue"
"8127","CA12","blue"
"8128","DUT","blue"
"8135","PTMS","blue"
"8137","SHC2","blue"
"8142","USP10","blue"
"8143","HIST1H3D","blue"
"8153","KRT13","blue"
"8154","AAR2","blue"
"8169","ATP6V0B","blue"
"8196","RSU1","blue"
"8197","IDH3B","blue"
"8223","UGT2A1","blue"
"8229","MAGEE1","blue"
"8230","CPEB4","blue"
"8232","PEX5L","blue"
"8252","AVL9","blue"
"8256","CASQ2","blue"
"8289","SF3B4","blue"
"8293","DSEL","blue"
"8307","NRCAM","blue"
"8321","MYH9","blue"
"8333","ICMT","blue"
"8343","GPD2","blue"
"8347","L2HGDH","blue"
"8385","ACKR1","blue"
"8415","LIN54","blue"
"8420","TMEM123","blue"
"8425","CDKL1","blue"
"8437","MASP1","blue"
"8475","CIZ1","blue"
"8481","MAPK11","blue"
"8486","MPP3","blue"
"8491","RAPSN","blue"
"8506","COL4A2","blue"
"8529","GTF2A1","blue"
"8530","CCDC50","blue"
"8542","TMEM200A","blue"
"8553","ACTN4","blue"
"8564","GFRA1","blue"
"8582","HACD1","blue"
"8605","ANAPC15","blue"
"8611","C19orf52","blue"
"8613","SCRG1","blue"
"8633","NECAP1","blue"
"8642","UNC45A","blue"
"8646","NPAS4","blue"
"8647","RPL14","blue"
"8658","ZNF93","blue"
"8670","RSC1A1","blue"
"8679","RNASEH1","blue"
"8680","UBXN10","blue"
"8681","STX2","blue"
"8684","DCUN1D5","blue"
"8685","TYW3","blue"
"8697","FAAP20","blue"
"8718","KLHL42","blue"
"8732","CRNN","blue"
"8734","ASIC1","blue"
"8744","DENND1A","blue"
"8753","KCND3","blue"
"8761","L3MBTL3","blue"
"8765","OLFML3","blue"
"8769","ZNF827","blue"
"8779","MOGS","blue"
"8792","NTNG1","blue"
"8812","FEZ1","blue"
"8813","BAG4","blue"
"8830","LDHB","blue"
"8836","CLDN5","blue"
"8887","ZNF816","blue"
"8940","SORCS2","blue"
"8942","CYB5R1","blue"
"8952","FZD8","blue"
"8953","FGFR1","blue"
"8965","PIN4","blue"
"8967","NAXE","blue"
"8975","ESRP2","blue"
"9004","MPZL2","blue"
"9006","MFSD9","blue"
"9007","BOK","blue"
"9011","RPUSD2","blue"
"9014","LCORL","blue"
"9038","CYCS","blue"
"9051","GNAO1","blue"
"9056","GCLC","blue"
"9058","DBNDD2","blue"
"9087","PLN","blue"
"9094","FILIP1L","blue"
"9122","CCDC92","blue"
"9153","ZNF532","blue"
"9155","CPE","blue"
"9171","ROBO3","blue"
"9177","DCLK1","blue"
"9181","TMSB15B","blue"
"9214","ARHGAP1","blue"
"9223","COL6A1","blue"
"9224","FMO2","blue"
"9227","MN1","blue"
"9228","NELFB","blue"
"9232","BTBD9","blue"
"9242","SLC16A9","blue"
"9252","KLHL23","blue"
"9254","B4GALT6","blue"
"9258","SHISA6","blue"
"9276","ILK","blue"
"9286","KIAA1210","blue"
"9296","ANAPC2","blue"
"9309","TMIGD3","blue"
"9314","PIGB","blue"
"9317","CALML3","blue"
"9343","AKT3","blue"
"9351","DHX35","blue"
"9360","COL12A1","blue"
"9363","10-Mar","blue"
"9364","MCRIP1","blue"
"9368","TCF7L1","blue"
"9371","DACT3","blue"
"9376","RUNDC1","blue"
"9377","BPIFB1","blue"
"9426","WTAP","blue"
"9435","FNDC1","blue"
"9436","ATG9B","blue"
"9448","PRSS1","blue"
"9450","ZMYND11","blue"
"9464","GSC2","blue"
"9471","KCNG2","blue"
"9497","DCAF5","blue"
"9498","NUDT16L1","blue"
"9501","SLC7A9","blue"
"9506","R3HCC1","blue"
"9529","KATNB1","blue"
"9533","NPNT","blue"
"9536","KCNJ8","blue"
"9541","NISCH","blue"
"9548","BCKDHA","blue"
"9549","NOX4","blue"
"9558","ELL","blue"
"9567","GLIS1","blue"
"9569","ARHGAP10","blue"
"9577","GSTM3","blue"
"9588","NALCN","blue"
"9589","CDC42EP3","blue"
"9593","PLCB4","blue"
"9594","PDXP","blue"
"9652","GKAP1","blue"
"9667","LTBP3","blue"
"9672","GRAMD1A","blue"
"9673","LGI3","blue"
"9676","FLII","blue"
"9677","CDCA7","blue"
"9686","GLRX","blue"
"9710","ZNF846","blue"
"9714","VAMP1","blue"
"9715","ANXA13","blue"
"9719","DIO2","blue"
"9730","AKAP2","blue"
"9736","GTF2B","blue"
"9740","MACF1","blue"
"9745","MKS1","blue"
"9746","DCAF12L2","blue"
"9754","POU3F4","blue"
"9759","CPNE6","blue"
"9765","TMEM119","blue"
"9771","CISH","blue"
"9774","NDRG3","blue"
"9795","EEF2","blue"
"9797","ULBP1","blue"
"9851","SACS","blue"
"9870","TACSTD2","blue"
"9872","TMEM70","blue"
"9903","PDHB","blue"
"9911","LACRT","blue"
"9923","PRRX1","blue"
"9936","PPP1R12A","blue"
"9938","DCHS1","blue"
"9942","JAK3","blue"
"9949","DKK3","blue"
"9983","SPEG","blue"
"9991","PLCG1","blue"
"10002","ELOVL7","blue"
"10036","FABP2","blue"
"10041","KCNMA1","blue"
"10044","SNAP25","blue"
"10055","CCL14","blue"
"10068","ADH1C","blue"
"10083","SALL2","blue"
"10101","SGCA","blue"
"10104","ARHGEF25","blue"
"10125","GPR137C","blue"
"10137","CEP70","blue"
"10138","PRICKLE1","blue"
"10148","HOOK3","blue"
"10164","BRINP1","blue"
"10178","DDX28","blue"
"10203","C3orf30","blue"
"10212","C8orf76","blue"
"10217","CCSER2","blue"
"10223","TUBA1C","blue"
"10236","PLXNB1","blue"
"10246","OSTF1","blue"
"10273","KIRREL","blue"
"10286","WDR77","blue"
"10295","TUBA1A","blue"
"10302","ZNF701","blue"
"10306","SH3PXD2A","blue"
"10309","PTGFRN","blue"
"10317","OR51G2","blue"
"10318","DUSP8","blue"
"10319","NEDD1","blue"
"10321","CA11","blue"
"10338","FZD4","blue"
"10347","FAM107A","blue"
"10348","ZCCHC14","blue"
"10362","CARD10","blue"
"10364","RUSC1","blue"
"10366","TJAP1","blue"
"10376","TSHZ3","blue"
"10389","ELP3","blue"
"10397","SLC6A1","blue"
"10404","FEM1B","blue"
"10411","KCNIP1","blue"
"10413","KCNIP3","blue"
"10419","C1QTNF5","blue"
"10458","TCOF1","blue"
"10466","SLC11A2","blue"
"10476","LAPTM4A","blue"
"10480","GDF11","blue"
"10488","CDC42EP4","blue"
"10500","MT4","blue"
"10525","EXOC1","blue"
"10526","A2M","blue"
"10532","HPD","blue"
"10546","GTF2F2","blue"
"10547","OR2K2","blue"
"10557","CCDC6","blue"
"10563","CORO1C","blue"
"10567","NUDT12","blue"
"10573","RIMS4","blue"
"10586","ABCC9","blue"
"10590","TES","blue"
"10593","SARM1","blue"
"10599","RERG","blue"
"10615","BCL2L2","blue"
"10637","SLAIN1","blue"
"10652","POLR3G","blue"
"10656","HIPK3","blue"
"10677","SYT15","blue"
"10688","C15orf41","blue"
"10698","DDX39A","blue"
"10713","HIST2H2AB","blue"
"10720","CCDC74B","blue"
"10723","ALDOB","blue"
"10726","CYS1","blue"
"10743","PGAM5","blue"
"10753","KLHL14","blue"
"10769","FAM175A","blue"
"10776","MBNL1","blue"
"10787","TMEM199","blue"
"10796","MORN5","blue"
"10799","AKT1","blue"
"10801","TRIM31","blue"
"10805","CTRC","blue"
"10818","CNKSR3","blue"
"10821","TOB2","blue"
"10828","TIMM21","blue"
"10849","RIC3","blue"
"10850","AUTS2","blue"
"10854","OTC","blue"
"10860","BUD13","blue"
"10872","ANKRD29","blue"
"10875","STX5","blue"
"10885","ZCCHC5","blue"
"10888","VAT1L","blue"
"10891","CELA3B","blue"
"10914","HMGN5","blue"
"10920","SLC35F1","blue"
"10922","FAM171A1","blue"
"10925","EGLN1","blue"
"10928","DLGAP4","blue"
"10935","EXOC7","blue"
"10937","AMER1","blue"
"10960","MOBP","blue"
"10983","ZBTB16","blue"
"11015","LYZL6","blue"
"11026","SERPINH1","blue"
"11039","HIST1H4H","blue"
"11058","ENAM","blue"
"11060","ZNF684","blue"
"11084","COQ10B","blue"
"11086","TDRD10","blue"
"11111","TMEM163","blue"
"11120","ZC4H2","blue"
"11125","TMEM55A","blue"
"11148","FAM13C","blue"
"11173","PROX1","blue"
"11179","DAAM2","blue"
"11186","VWF","blue"
"11188","SAP18","blue"
"11193","TAS2R5","blue"
"11202","MMP28","blue"
"11207","RELN","blue"
"11208","TACR2","blue"
"11221","ALK","blue"
"11231","DDX10","blue"
"11239","SAT1","blue"
"11266","RPA2","blue"
"11288","SOCS4","blue"
"11296","CRISPLD1","blue"
"11299","FAM150A","blue"
"11301","NPTN","blue"
"11311","CACNA2D3","blue"
"11324","BCL7B","blue"
"11340","SPAG8","blue"
"11342","ETFBKMT","blue"
"11347","RGS9","blue"
"11348","FBXL20","blue"
"11354","AP4E1","blue"
"11367","TTLL5","blue"
"11376","LHX5","blue"
"11379","SLC25A18","blue"
"11380","PABPC4","blue"
"11387","TBC1D1","blue"
"11393","LRRC2","blue"
"11406","PLEKHA4","blue"
"11407","RNF180","blue"
"11419","C19orf45","blue"
"11421","YBX2","blue"
"11446","RASIP1","blue"
"11463","STK38L","blue"
"11468","ZNF350","blue"
"11491","LARP7","blue"
"11506","PPP1R12B","blue"
"11518","PARVA","blue"
"11521","SCRN1","blue"
"11528","MXD4","blue"
"11532","NDUFA4L2","blue"
"11544","DHRS11","blue"
"11547","FSCB","blue"
"11552","EIF5B","blue"
"11554","NCS1","blue"
"11563","FBXO42","blue"
"11568","PLA2G15","blue"
"11602","DBN1","blue"
"11619","HIST1H1C","blue"
"11621","TTLL9","blue"
"11629","ELN","blue"
"11631","SNPH","blue"
"11634","PTRF","blue"
"11637","TPM2","blue"
"11638","ARID3C","blue"
"11647","TTC27","blue"
"11652","SUDS3","blue"
"11654","SAP30L","blue"
"11680","NFIA","blue"
"11688","TMEM260","blue"
"11701","GPAM","blue"
"11710","CALCRL","blue"
"11723","ANGPT4","blue"
"11754","C21orf2","blue"
"11761","JPH4","blue"
"11773","REEP5","blue"
"11774","BRINP3","blue"
"11781","MAP4K5","blue"
"11797","ADD1","blue"
"11809","NNT","blue"
"11826","PNMA6A","blue"
"11833","NLGN3","blue"
"11837","CTXN1","blue"
"11844","RSPH14","blue"
"11851","MS4A6E","blue"
"11874","ADRM1","blue"
"11877","MCCC1","blue"
"11890","FBRSL1","blue"
"11891","CCDC8","blue"
"11893","GNB1","blue"
"11902","TTI2","blue"
"11912","LIMS2","blue"
"11924","TMEM33","blue"
"11932","RPS3","blue"
"11944","FRRS1L","blue"
"11946","SEPN1","blue"
"11958","PTPDC1","blue"
"11966","FNDC5","blue"
"11977","ESYT1","blue"
"11980","NOL9","blue"
"12000","OLFML2A","blue"
"12004","DHRS4L2","blue"
"12016","FAT4","blue"
"12054","PPP1R14A","blue"
"12056","FAM96A","blue"
"12094","MACC1","blue"
"12098","SLC22A2","blue"
"12106","SLC12A8","blue"
"12116","EPG5","blue"
"12123","DHRS4","blue"
"12136","RNF26","blue"
"12150","EGR1","blue"
"12165","DPH2","blue"
"12172","MEF2D","blue"
"12173","TTBK1","blue"
"12186","FAM103A1","blue"
"12192","RBMXL1","blue"
"12212","PSME4","blue"
"12221","PEX14","blue"
"12229","RSPRY1","blue"
"12240","PPM1L","blue"
"12251","CENPW","blue"
"12261","OR10H5","blue"
"12273","ATXN1L","blue"
"12275","MAP2","blue"
"12295","EDDM3B","blue"
"12327","MUM1","blue"
"12332","FMN2","blue"
"12335","B3GLCT","blue"
"12352","COL6A2","blue"
"12372","ST13","blue"
"12374","NEUROG3","blue"
"12379","TCEAL2","blue"
"12392","FRA10AC1","blue"
"12394","NTAN1","blue"
"12400","NELFE","blue"
"12410","OR1B1","blue"
"12428","ADAM17","blue"
"12447","INHBC","blue"
"12454","ABCA1","blue"
"12458","MOSPD2","blue"
"12464","MRVI1","blue"
"12468","RAP1A","blue"
"12470","GNAZ","blue"
"12478","SLC2A12","blue"
"12485","GATAD2B","blue"
"12487","ICA1L","blue"
"12497","HSPA2","blue"
"12502","CPA3","blue"
"12508","GLA","blue"
"12515","IL17B","blue"
"12531","CDH13","blue"
"12554","EDA2R","blue"
"12565","NTN5","blue"
"12579","ATP23","blue"
"12590","RRS1","blue"
"12605","GRK7","blue"
"12628","ADK","blue"
"12642","GAS6","blue"
"12664","TERF2","blue"
"12695","FXYD6","blue"
"12702","AP3B1","blue"
"12706","IFNL3","blue"
"12709","ZNF790","blue"
"12719","HIST2H2AC","blue"
"12755","FRMD6","blue"
"12756","TTC39B","blue"
"12760","LOC645752","blue"
"12784","JAM3","blue"
"12795","ZNF655","blue"
"12797","H3F3C","blue"
"12803","SERPINB13","blue"
"12807","ZDHHC2","blue"
"12840","TACC1","blue"
"12843","MAGIX","blue"
"12852","EPB41L5","blue"
"12865","AHCYL1","blue"
"12885","FAM58A","blue"
"12886","SLC17A7","blue"
"12890","PEX26","blue"
"12891","MAL2","blue"
"12905","TMEM55B","blue"
"12910","PODN","blue"
"12917","TRIM46","blue"
"12939","FBXO31","blue"
"12941","KRTAP10-1","blue"
"12945","CHMP4B","blue"
"12947","SYNC","blue"
"12954","PEA15","blue"
"12964","PLOD2","blue"
"12966","CALY","blue"
"12973","EXD2","blue"
"12980","PRKCA","blue"
"12985","ZNF575","blue"
"12989","NUP37","blue"
"12992","MAN1B1","blue"
"12999","OR2F2","blue"
"13000","EMX2OS","blue"
"13008","ABCD1","blue"
"13021","MTHFS","blue"
"13033","RPS23","blue"
"13045","FRS3","blue"
"13046","ANGPTL2","blue"
"13069","MAB21L3","blue"
"13071","ARPP19","blue"
"13087","PDCD7","blue"
"13097","ADGRA2","blue"
"13101","COL3A1","blue"
"13121","SCN7A","blue"
"13134","KIAA0226L","blue"
"13135","RDH5","blue"
"13156","DNAJB9","blue"
"13160","TGFB1I1","blue"
"13162","MUSTN1","blue"
"13173","STX12","blue"
"13180","SERBP1","blue"
"13185","TMEM141","blue"
"13194","STAC","blue"
"13199","B3GAT2","blue"
"13208","NT5DC3","blue"
"13225","NR4A3","blue"
"13233","ORMDL2","blue"
"13235","CGREF1","blue"
"13253","CDC42EP5","blue"
"13272","PDE1A","blue"
"13301","SSPN","blue"
"13321","NPM2","blue"
"13333","DDI2","blue"
"13343","BRMS1L","blue"
"13353","GTPBP6","blue"
"13366","OLFML1","blue"
"13389","ARMC4","blue"
"13391","STK17A","blue"
"13401","FUBP1","blue"
"13420","HIST1H3A","blue"
"13445","GRP","blue"
"13453","ACTB","blue"
"13457","DEPDC4","blue"
"13462","MSX1","blue"
"13483","HOGA1","blue"
"13493","MAPRE1","blue"
"13495","THEM6","blue"
"13502","MBOAT2","blue"
"13505","MAP7D1","blue"
"13506","CDK8","blue"
"13513","SURF6","blue"
"13518","ACADM","blue"
"13532","PTPN11","blue"
"13545","PCDHB14","blue"
"13546","MMP24","blue"
"13550","PYGB","blue"
"13561","AGBL5","blue"
"13572","GBAS","blue"
"13575","CD44","blue"
"13580","EBF1","blue"
"13588","TRIL","blue"
"13593","SRSF7","blue"
"13600","KLHL29","blue"
"13608","NFIB","blue"
"13625","SGSM2","blue"
"13627","SPECC1L","blue"
"13635","ARMC2","blue"
"13645","ARHGEF9","blue"
"13657","ABCG4","blue"
"13668","HPSE","blue"
"13670","UTP18","blue"
"13677","TRMT2B","blue"
"13679","HDGFL1","blue"
"13681","ZCCHC6","blue"
"13683","TP53BP2","blue"
"13691","MARK1","blue"
"13693","EDEM1","blue"
"13710","OR4C3","blue"
"13713","ZNF781","blue"
"13718","QTRT1","blue"
"13721","B3GALNT2","blue"
"13729","MTSS1L","blue"
"13730","DYNC1H1","blue"
"13735","PRG4","blue"
"13737","PRRT1","blue"
"13769","TUBB4B","blue"
"13779","PPP2R5C","blue"
"13780","SLC43A1","blue"
"13795","UBXN4","blue"
"13803","INMT","blue"
"13829","TIPRL","blue"
"13832","CDC42BPA","blue"
"13834","SUPT16H","blue"
"13846","PTH","blue"
"13847","TRAK2","blue"
"13848","IL18R1","blue"
"13853","HNRNPH2","blue"
"13865","KRT12","blue"
"13867","RBM17","blue"
"13869","FAM83D","blue"
"13870","SCN8A","blue"
"13877","FCRLB","blue"
"13882","ATP8B2","blue"
"13883","TRAK1","blue"
"13888","AOC3","blue"
"13891","SMO","blue"
"13895","AFP","blue"
"13917","IFNA4","blue"
"13965","SLMAP","blue"
"13970","SOX21","blue"
"13974","NEXN","blue"
"13975","CTPS1","blue"
"13987","DYNC1LI2","blue"
"13990","TBX19","blue"
"14000","PCDHB12","blue"
"14009","SPECC1","blue"
"14014","TXNDC12","blue"
"14016","GAS8","blue"
"14026","MRC2","blue"
"14033","TIMM44","blue"
"14050","SOX15","blue"
"14067","SECISBP2L","blue"
"14069","TTLL11","blue"
"14073","UBP1","blue"
"14077","MMP3","blue"
"14083","ATP6V1G1","blue"
"14097","KBTBD11","blue"
"14102","TLCD1","blue"
"14121","TAF9B","blue"
"14125","SPOCD1","blue"
"14136","MICAL2","blue"
"14142","UBE2G2","blue"
"14150","PLS3","blue"
"14153","COL1A2","blue"
"14181","SMTN","blue"
"14196","METAP1","blue"
"14202","ZNF621","blue"
"14209","PRKAB2","blue"
"14210","POLR3H","blue"
"14229","C1orf122","blue"
"14231","FAM149A","blue"
"14234","KCTD15","blue"
"14246","LPL","blue"
"14264","SNTB2","blue"
"14268","ICAM2","blue"
"14273","C11orf31","blue"
"14274","ERCC6","blue"
"14278","ATRNL1","blue"
"14288","MEGF11","blue"
"14290","NRP2","blue"
"14291","LYZL1","blue"
"14296","RNF212","blue"
"14302","CDC20B","blue"
"14304","ENKD1","blue"
"14311","SNX16","blue"
"14313","CENPO","blue"
"14323","NPC1L1","blue"
"14326","XPA","blue"
"14328","NOP56","blue"
"14332","CITED4","blue"
"14338","TRIB3","blue"
"14340","HSDL2","blue"
"14357","SLC25A12","blue"
"14374","HEY1","blue"
"14377","RSPH3","blue"
"14388","CIPC","blue"
"14398","KCNK15","blue"
"14412","LGI1","blue"
"14426","RASL10B","blue"
"14439","KREMEN1","blue"
"14445","APOC1","blue"
"14450","DCTN1","blue"
"14458","SH3D21","blue"
"14459","PCDHA13","blue"
"14462","EEF2K","blue"
"14464","OBFC1","blue"
"14476","ZNF789","blue"
"14486","EXOC3","blue"
"14494","ITPR1","blue"
"14506","FMOD","blue"
"14508","DNAJC5","blue"
"14509","SCGN","blue"
"14513","GBE1","blue"
"14529","TBC1D9B","blue"
"14535","CYP2U1","blue"
"14556","NUDT19","blue"
"14559","RAB26","blue"
"14570","SLC25A28","blue"
"14591","ADSL","blue"
"14599","PLAC9","blue"
"14614","TESK1","blue"
"14640","EFHC2","blue"
"14648","ITGA7","blue"
"14657","CHRFAM7A","blue"
"14663","KRT23","blue"
"14666","PLXNA1","blue"
"14668","CHSY1","blue"
"14688","ZNF768","blue"
"14690","PCDHAC1","blue"
"14695","COG1","blue"
"14696","SPON1","blue"
"14701","PGBD1","blue"
"14706","RNF114","blue"
"14714","TUBGCP4","blue"
"14722","CACUL1","blue"
"14732","DPYSL4","blue"
"14742","FRMD7","blue"
"14746","TMEM158","blue"
"14749","PLA1A","blue"
"14764","ITGA5","blue"
"14766","MCTP2","blue"
"14768","DAPK3","blue"
"14775","LCN6","blue"
"14786","ZHX2","blue"
"14803","MIEF1","blue"
"14817","SNTB1","blue"
"14820","HIST2H3D","blue"
"14821","PRKCDBP","blue"
"14856","KCNT2","blue"
"14858","ADPGK","blue"
"14865","FAM49A","blue"
"14906","CCDC81","blue"
"14912","SNRPD3","blue"
"14916","VIP","blue"
"14921","C9orf47","blue"
"14940","CAMK2N1","blue"
"14947","RCAN2","blue"
"14952","EIF4ENIF1","blue"
"14981","SPARCL1","blue"
"14984","EMILIN3","blue"
"14989","ACTG2","blue"
"15001","LAMA4","blue"
"15034","DIS3L","blue"
"15041","CHST8","blue"
"15052","C3orf36","blue"
"15057","SFXN2","blue"
"15061","NFATC4","blue"
"15062","TRIM44","blue"
"15063","CBLN2","blue"
"15074","HIST1H2BK","blue"
"15077","VASH1","blue"
"15085","COL5A3","blue"
"15102","RYR3","blue"
"15105","WDR37","blue"
"15111","CHD2","blue"
"15117","EDNRA","blue"
"15120","B4GALNT4","blue"
"15128","SPARC","blue"
"15131","KIF1C","blue"
"15134","CCDC102A","blue"
"15144","LOC81691","blue"
"15147","ZNF449","blue"
"15168","ST6GAL2","blue"
"15175","PKN3","blue"
"15177","KIAA0040","blue"
"15182","KIF3C","blue"
"15192","FNBP1","blue"
"15207","DUSP3","blue"
"15208","SERTM1","blue"
"15225","C1orf21","blue"
"15226","RCCD1","blue"
"15227","PRSS23","blue"
"15228","MAPK12","blue"
"15247","ARL6IP6","blue"
"15255","EIF2S2","blue"
"15269","UPF3B","blue"
"15277","LLGL1","blue"
"15315","SRPK1","blue"
"15323","PLCXD3","blue"
"15324","RASSF9","blue"
"15336","FZD5","blue"
"15341","PCDH18","blue"
"15349","ZNF609","blue"
"15352","TEKT3","blue"
"15359","PPM1J","blue"
"15363","ATP9A","blue"
"15377","RIMBP3B","blue"
"15385","CCDC51","blue"
"15390","ZFYVE9","blue"
"15403","SNRNP40","blue"
"15406","HOXA2","blue"
"15411","GALNT16","blue"
"15414","SNAPIN","blue"
"15423","HHIPL2","blue"
"15438","HSF2","blue"
"15443","CST3","blue"
"15449","SLC9A1","blue"
"15469","MBD5","blue"
"15470","MANBA","blue"
"15475","RPL37","blue"
"15478","SCAMP4","blue"
"15482","MRO","blue"
"15487","ZNF106","blue"
"15489","ARV1","blue"
"15490","KCTD6","blue"
"15491","ATXN1","blue"
"15494","PSME3","blue"
"15502","KRT222","blue"
"15524","GOT2","blue"
"15528","SLC29A4","blue"
"15532","DCUN1D4","blue"
"15533","GABRA4","blue"
"15542","GPC1","blue"
"15558","CPLX1","blue"
"15569","PTX3","blue"
"15573","DPY19L2","blue"
"15594","PRDM8","blue"
"15603","ZNF74","blue"
"15623","RERE","blue"
"15650","GLT8D2","blue"
"15651","PPP3CB","blue"
"15654","CFAP44","blue"
"15681","SF3B3","blue"
"15696","STOX2","blue"
"15710","SRF","blue"
"15715","KCTD20","blue"
"15720","YIPF1","blue"
"15733","SLC35E4","blue"
"15740","AP2A2","blue"
"15749","TSPAN15","blue"
"15760","YIPF6","blue"
"15769","SDCCAG3","blue"
"15786","GPR137","blue"
"15818","THBS3","blue"
"15823","CBS","blue"
"15832","OR4P4","blue"
"15841","OXTR","blue"
"15845","CTSF","blue"
"15850","FAM178B","blue"
"15854","THOC7","blue"
"15861","LZTR1","blue"
"15865","DNM1","blue"
"15866","GPC6","blue"
"15871","ZNF721","blue"
"15878","EPB41L2","blue"
"15879","TAPBPL","blue"
"15906","PFKP","blue"
"15918","SLC30A3","blue"
"15924","FHL1","blue"
"15929","EBPL","blue"
"15939","MYO1D","blue"
"15956","PSD","blue"
"15969","ZNF793","blue"
"15973","UBL4B","blue"
"15974","RASL12","blue"
"15980","BBOF1","blue"
"15990","PDE7B","blue"
"15992","GRSF1","blue"
"16004","TRAF3IP1","blue"
"16010","ZNF235","blue"
"16019","PAWR","blue"
"16026","C14orf28","blue"
"16028","MARCKS","blue"
"16034","TTC33","blue"
"16047","USP44","blue"
"16050","KRT32","blue"
"16059","CLEC11A","blue"
"16070","GINS4","blue"
"16110","PCNP","blue"
"16111","FAM46B","blue"
"16116","ADGRG7","blue"
"16117","MMP23B","blue"
"16119","LYVE1","blue"
"16126","RUNDC3B","blue"
"16133","RBPMS2","blue"
"16159","CEP68","blue"
"16166","ZFHX3","blue"
"16173","FMO3","blue"
"16182","RPL37A","blue"
"16184","ROCK1","blue"
"16185","EHD2","blue"
"16195","AKAP3","blue"
"16213","STEAP2","blue"
"16218","PITPNB","blue"
"16222","TSPAN7","blue"
"16241","CARHSP1","blue"
"16287","RUSC2","blue"
"16288","SLC16A7","blue"
"16289","CNN1","blue"
"16290","FAM234A","blue"
"16294","TSPAN2","blue"
"16298","AMER2","blue"
"16305","DACH2","blue"
"16354","WASF3","blue"
"16360","RARRES2","blue"
"16362","LAMC1","blue"
"16372","MPZ","blue"
"16374","PTPRK","blue"
"16376","CAD","blue"
"16387","CABYR","blue"
"16410","SLIT3","blue"
"16419","TFF3","blue"
"16439","ADH1B","blue"
"16444","IFT57","blue"
"16459","CCDC124","blue"
"16462","FOXS1","blue"
"16468","CSRP1","blue"
"16474","RNF115","blue"
"16476","PALM","blue"
"16488","SERAC1","blue"
"16495","ARG1","blue"
"16511","WISP2","blue"
"16527","MYO1C","blue"
"16546","OR1L3","blue"
"16552","GPR88","blue"
"16567","ITGA9","blue"
"16570","TOM1","blue"
"16571","ADGRL1","blue"
"16578","TIMM17B","blue"
"16587","ANGPTL7","blue"
"16593","CBR4","blue"
"16603","OXCT1","blue"
"16651","NR1H3","blue"
"16661","SSBP3","blue"
"16663","TCF4","blue"
"16668","MTCP1","blue"
"16669","TCFL5","blue"
"16675","ATF6B","blue"
"16684","UBE2G1","blue"
"16685","TRPS1","blue"
"16689","KIF22","blue"
"16710","TLE2","blue"
"16712","PIAS3","blue"
"16716","PIM1","blue"
"16729","CYC1","blue"
"16753","XIAP","blue"
"16754","SMAD9","blue"
"16772","DHCR7","blue"
"16780","LZTFL1","blue"
"16791","NANS","blue"
"16796","MRM2","blue"
"16809","LOC286437","blue"
"16822","LINC00599","blue"
"16825","GRID1-AS1","blue"
"16844","LOC101928253","blue"
"16854","LINC00309","blue"
"16858","LINC01271","blue"
"16864","LOC105378828","blue"
"16928","LOC101059948","blue"
"16952","LOC101928955","blue"
"16953","ZEB1-AS1","blue"
"16967","MIR4432HG","blue"
"16984","PRDM11","blue"
"17033","LINC01170","blue"
"17053","ABCC5-AS1","blue"
"17076","LOC284244","blue"
"17097","LINC01085","blue"
"17125","LOC102723427","blue"
"17151","FAM168A","blue"
"17167","LOC101928796","blue"
"17169","LOC100506691","blue"
"17189","LOC101927066","blue"
"17197","LOC729860","blue"
"17206","LOC101928135","blue"
"17211","C16orf97","blue"
"17230","HECW1-IT1","blue"
"17237","ADM5","blue"
"17262","LINC01326","blue"
"17263","LOC286254","blue"
"17283","SLITRK4","blue"
"17286","LOC151174","blue"
"17287","KBTBD11-OT1","blue"
"17326","LOC101927410","blue"
"17355","LOC101929122","blue"
"17378","LOC100130238","blue"
"17385","LINC00890","blue"
"17389","FGF14-AS1","blue"
"17391","LOC101928406","blue"
"17413","SLC36A4","blue"
"17419","MRGPRF-AS1","blue"
"17447","MINCR","blue"
"17462","LOC100507599","blue"
"17481","LOC646778","blue"
"17496","LINC00399","blue"
"17511","PWRN2","blue"
"17512","LOC100505920","blue"
"17521","LOC101927855","blue"
"17560","MBNL1-AS1///MBNL1","blue"
"17589","FAM189A1","blue"
"17603","LOC101928812","blue"
"17607","BVES-AS1","blue"
"17613","LINC00968","blue"
"17651","HTR2A-AS1","blue"
"17664","LOC105370027","blue"
"17672","DKFZP564C152","blue"
"17675","LOC101927141","blue"
"17693","LOC100287728","blue"
"17722","PLCH1-AS1","blue"
"17732","LOC100131174","blue"
"17735","LOC105374729","blue"
"17751","LOC153577","blue"
"17762","IFT74-AS1","blue"
"17763","LOC101927822","blue"
"17770","LOC105372068","blue"
"17787","LINC01278","blue"
"17798","LOC285857","blue"
"17814","FAM204A","blue"
"17823","LINC01311","blue"
"17870","RAP2C-AS1","blue"
"17882","LOC101928433","blue"
"17916","PYGO1","blue"
"17921","FOXP4-AS1","blue"
"17931","FRMD6-AS2","blue"
"17939","LOC101929445","blue"
"17963","TUBB2A","blue"
"17972","PLCH1","blue"
"17987","PRAMEF6","blue"
"17988","CCL16","blue"
"17991","SEPW1","blue"
"17992","SNRPE","blue"
"18022","C4orf3","blue"
"18032","RNF5P1","blue"
"18060","CD99","blue"
"18087","FAM217A","blue"
"18096","RABGAP1","blue"
"18130","TMEM65","blue"
"18142","PPM1K","blue"
"18147","SOWAHB","blue"
"18155","CAND2","blue"
"18157","BARD1","blue"
"18168","MRGPRF","blue"
"18183","FMO6P","blue"
"18192","RPL22","blue"
"18200","BTC","blue"
"18203","TOX2","blue"
"18206","SNORD68","blue"
"18210","PHLPP2","blue"
"18220","GXYLT2","blue"
"18230","ZC3H4","blue"
"18263","IMPA2","blue"
"18265","NUDT9P1","blue"
"18272","SPTAN1","blue"
"18275","ZNF678","blue"
"18280","FAM192A","blue"
"18281","TBC1D22A","blue"
"18288","TTTY12","blue"
"18302","TMEM9B","blue"
"18313","RBP5","blue"
"18352","NPM3","blue"
"18365","P2RX6P","blue"
"18381","GNB3","blue"
"18382","HIST2H4A","blue"
"18411","ANKRD34A","blue"
"18415","RUVBL2","blue"
"18424","HBEGF","blue"
"18428","DNAJB3","blue"
"18435","OR4K5","blue"
"18450","RRP7BP","blue"
"18451","ZNF34","blue"
"18458","ZMYND10","blue"
"18474","LRRC32","blue"
"18475","TMEM47","blue"
"18496","ARHGEF10","blue"
"18500","PRSS53","blue"
"18509","PIN4P1","blue"
"18512","RAPGEF3","blue"
"18521","FABP3","blue"
"18529","TFAMP1","blue"
"18535","LRFN5","blue"
"18543","C15orf59","blue"
"18547","SERPINF1","blue"
"18549","CLEC14A","blue"
"18563","FKBP9","blue"
"18571","GPR153","blue"
"18581","MPPED2","blue"
"18600","SERPINB2","blue"
"18609","FAM50B","blue"
"18612","FAM9B","blue"
"18625","CCNA1","blue"
"18632","SH3GLB2","blue"
"18638","AARD","blue"
"18644","SNORD36C","blue"
"18661","CCDC110","blue"
"18673","HAPLN4","blue"
"18697","ITGAV","blue"
"18700","PCDHB18P","blue"
"18702","SNX10","blue"
"18708","PNP","blue"
"18720","ELOVL5","blue"
"18730","RSL24D1","blue"
"18735","MGME1","blue"
"18737","PELI3","blue"
"18750","LOXL4","blue"
"18754","FAM189A2","blue"
"18759","SLC18A3","blue"
"18772","BCL2L13","blue"
"18784","SCARB1","blue"
"18798","C17orf77","blue"
"18810","CYR61","blue"
"18812","GLS","blue"
"18817","FAM122B","blue"
"18818","HRCT1","blue"
"18849","ABCB6","blue"
"18855","PDE6A","blue"
"18859","PPARGC1B","blue"
"18861","SPATA4","blue"
"18862","RHOBTB2","blue"
"18864","ASUN","blue"
"18891","NPDC1","blue"
"18892","FBXL22","blue"
"18902","HSPB7","blue"
"18928","FLVCR2","blue"
"18949","KRTAP10-3","blue"
"18975","STYXL1","blue"
"18976","CDC26","blue"
"18986","TMEM170A","blue"
"19010","NEFM","blue"
"19013","STK32B","blue"
"19020","SREBF2","blue"
"19022","RAB40A","blue"
"19026","GPR37","blue"
"19069","ZNF521","blue"
"19071","PTCD1","blue"
"19078","RASSF3","blue"
"19097","MSRA","blue"
"19108","DAND5","blue"
"19109","RAB40B","blue"
"19111","CDCA7L","blue"
"19112","GYG1","blue"
"19114","SERHL2","blue"
"19117","AUH","blue"
"19122","ACTN1","blue"
"19132","ECSIT","blue"
"19144","UBE2D3","blue"
"19174","RAD51D","blue"
"19187","IQSEC3","blue"
"19199","SHISA3","blue"
"19221","PTPN2","blue"
"19257","NBPF7","blue"
"19260","ARHGAP5","blue"
"19266","CDPF1","blue"
"19293","PRMT1","blue"
"19316","CDK11B","blue"
"19324","YIF1B","blue"
"19327","MYLK","blue"
"19329","SNX1","blue"
"19347","CPEB2","blue"
"19353","IRAK1","blue"
"19364","GNRHR","blue"
"19381","PRDX3","blue"
"19387","AP1G1","blue"
"19388","MLXIPL","blue"
"19391","CERS2","blue"
"19400","PPP1CB","blue"
"19407","CC2D2A","blue"
"19410","DCLK2","blue"
"19411","PEAR1","blue"
"19421","STIL","blue"
"8","CDT1","brown"
"14","BORCS5","brown"
"16","BCL6B","brown"
"18","FLT4","brown"
"20","HMG20B","brown"
"31","USP21","brown"
"33","AUP1","brown"
"37","DERL3","brown"
"43","UTY","brown"
"62","KDELC2","brown"
"77","PSG7","brown"
"90","ADAMTS20","brown"
"103","VCX3B","brown"
"107","GRIK1","brown"
"125","ANK3","brown"
"131","FGFR3","brown"
"137","PPEF1","brown"
"151","NPY4R","brown"
"156","CDKN2C","brown"
"162","WDR91","brown"
"182","ERCC1","brown"
"186","SUCLG2","brown"
"200","BRAF","brown"
"208","RELL2","brown"
"209","DTNA","brown"
"225","C10orf111","brown"
"248","PCYT2","brown"
"258","RHOF","brown"
"262","PRRG3","brown"
"265","VSTM5","brown"
"270","DLK1","brown"
"271","NUP160","brown"
"298","DPRX","brown"
"300","ZSCAN2","brown"
"321","MC1R","brown"
"322","IL22RA2","brown"
"324","RECQL5","brown"
"330","FAM171B","brown"
"340","CDK2","brown"
"344","SULT1C3","brown"
"352","SEMA3B","brown"
"356","TEX10","brown"
"359","TRIM40","brown"
"362","PIGO","brown"
"371","IL9","brown"
"388","PDPK1","brown"
"393","NEK2","brown"
"409","ITGB4","brown"
"413","HID1","brown"
"422","LRIG2","brown"
"423","EGFLAM","brown"
"442","ELK1","brown"
"451","ASB13","brown"
"465","PLAC4","brown"
"481","HSPA1L","brown"
"504","OSR2","brown"
"505","SLCO3A1","brown"
"535","FAM86B1","brown"
"541","PI4KAP2","brown"
"542","ZCCHC11","brown"
"549","PI4KA","brown"
"555","NFAT5","brown"
"581","TCAF2","brown"
"584","CAPNS1","brown"
"586","TNFAIP1","brown"
"618","GPATCH1","brown"
"622","FANCI","brown"
"628","SARS2","brown"
"632","CNNM4","brown"
"633","RFC2","brown"
"649","TMEM159","brown"
"669","RGS1","brown"
"671","NRF1","brown"
"684","MYLIP","brown"
"695","ATP10D","brown"
"698","DEF8","brown"
"707","C1R","brown"
"714","TSKS","brown"
"729","ALDH4A1","brown"
"745","GPR87","brown"
"756","DUSP5","brown"
"802","LGALS9C","brown"
"807","RGPD5","brown"
"812","NKPD1","brown"
"830","SOCS6","brown"
"832","ZNF385B","brown"
"842","C8orf46","brown"
"859","IGSF1","brown"
"862","PLAG1","brown"
"868","RASSF6","brown"
"873","SMAGP","brown"
"880","YTHDF3","brown"
"881","GALT","brown"
"910","ZNF644","brown"
"917","TRIM34","brown"
"931","CFH","brown"
"950","NME2","brown"
"962","TERF2IP","brown"
"968","RAD54L","brown"
"969","CRABP1","brown"
"971","FAM224B","brown"
"980","RFC3","brown"
"984","FAM156A","brown"
"985","ZNF418","brown"
"988","KAZN","brown"
"1003","METTL22","brown"
"1032","FAM53A","brown"
"1034","GTF3A","brown"
"1036","OTOGL","brown"
"1037","C1QTNF9B","brown"
"1045","SLC13A3","brown"
"1065","NUF2","brown"
"1076","NPB","brown"
"1101","JAG2","brown"
"1102","NOTCH3","brown"
"1118","DENND6B","brown"
"1162","GH2","brown"
"1171","DUSP23","brown"
"1177","LGALS16","brown"
"1184","EXOC3L1","brown"
"1186","NAA11","brown"
"1210","PCDHAC2","brown"
"1219","PCDH1","brown"
"1222","KIAA0355","brown"
"1258","FCGR2B","brown"
"1259","P2RY6","brown"
"1296","TRRAP","brown"
"1308","LY6H","brown"
"1316","BMP5","brown"
"1330","TSHR","brown"
"1331","CDCA2","brown"
"1340","GABBR2","brown"
"1342","RDH13","brown"
"1344","ATP6V1C2","brown"
"1376","ACADL","brown"
"1378","PTPRE","brown"
"1382","GTDC1","brown"
"1383","GAD1","brown"
"1384","MTMR1","brown"
"1385","OR11G2","brown"
"1386","PER3","brown"
"1388","AMH","brown"
"1398","ATF3","brown"
"1404","SIAH1","brown"
"1501","APEX1","brown"
"1502","MEF2A","brown"
"1507","ESRRG","brown"
"1530","PRKCZ","brown"
"1555","MX1","brown"
"1572","RNF222","brown"
"1584","SQSTM1","brown"
"1589","ADAM2","brown"
"1612","IQCK","brown"
"1629","EPS8L1","brown"
"1632","GRHL3","brown"
"1633","COLEC10","brown"
"1635","PRMT3","brown"
"1641","HIF3A","brown"
"1669","ITIH5","brown"
"1673","AMY1C","brown"
"1684","CDC20","brown"
"1692","MED12L","brown"
"1698","PKP1","brown"
"1721","STAT3","brown"
"1723","BANP","brown"
"1731","HEPH","brown"
"1733","DGCR6","brown"
"1737","SLC13A4","brown"
"1760","AGL","brown"
"1768","SPDYE2","brown"
"1795","USE1","brown"
"1813","ZBED5","brown"
"1815","ANAPC1","brown"
"1822","CES1","brown"
"1826","CENPF","brown"
"1834","TIMP2","brown"
"1840","EFR3B","brown"
"1841","CHEK1","brown"
"1855","TMEM138","brown"
"1866","MRPL50","brown"
"1867","PPP1R14C","brown"
"1901","NMNAT3","brown"
"1929","FXYD3","brown"
"1935","RPRM","brown"
"1937","GPER1","brown"
"1947","C10orf12","brown"
"1972","EIF2S3","brown"
"1987","CA10","brown"
"2003","AKTIP","brown"
"2017","HLA-H","brown"
"2023","YTHDC1","brown"
"2044","CDKN3","brown"
"2050","COQ10A","brown"
"2064","STK3","brown"
"2079","ZNF75A","brown"
"2089","LINC00472","brown"
"2099","COL23A1","brown"
"2105","WHSC1L1","brown"
"2122","TRIM62","brown"
"2123","DACH1","brown"
"2130","GAB1","brown"
"2146","TRPM7","brown"
"2163","SQRDL","brown"
"2168","PDE1C","brown"
"2175","PJA1","brown"
"2190","ARHGEF39","brown"
"2199","SULF2","brown"
"2220","PLA2G16","brown"
"2246","TAF1B","brown"
"2252","SLC25A13","brown"
"2254","CRH","brown"
"2291","WIPF1","brown"
"2292","SPESP1","brown"
"2297","TRIM36","brown"
"2299","TLDC1","brown"
"2313","STK31","brown"
"2319","HPX","brown"
"2324","FAM234B","brown"
"2345","CENPM","brown"
"2362","MID1IP1","brown"
"2364","ACVR2B","brown"
"2373","FAM69B","brown"
"2375","LRRC8E","brown"
"2391","CNOT1","brown"
"2394","CUL2","brown"
"2401","CLN3","brown"
"2410","RUNX1","brown"
"2413","IGFBP6","brown"
"2423","KISS1","brown"
"2437","MEST","brown"
"2444","ZSCAN9","brown"
"2450","AIM1L","brown"
"2452","ILF3","brown"
"2456","CCDC13","brown"
"2460","NUP85","brown"
"2475","LRRC61","brown"
"2494","CHAF1A","brown"
"2500","EGFL7","brown"
"2505","LGALS8","brown"
"2506","TM9SF3","brown"
"2511","OR11H1","brown"
"2513","PEG10","brown"
"2535","PHC2","brown"
"2538","WDR33","brown"
"2539","SSH3","brown"
"2546","CDC45","brown"
"2549","CNST","brown"
"2555","SERPING1","brown"
"2561","RAD51AP1","brown"
"2569","TUBAL3","brown"
"2573","FYTTD1","brown"
"2575","ANKRD20A3","brown"
"2583","AMMECR1","brown"
"2591","IDO2","brown"
"2602","PPP1R15B","brown"
"2605","TMEM37","brown"
"2620","KIAA0907","brown"
"2625","POU3F1","brown"
"2626","EXOSC10","brown"
"2636","PPM1D","brown"
"2642","NAT2","brown"
"2651","CEACAM5","brown"
"2654","ERICH5","brown"
"2670","GJA4","brown"
"2675","GPR68","brown"
"2677","RARB","brown"
"2679","UQCRC1","brown"
"2682","GAPVD1","brown"
"2690","EMP2","brown"
"2692","RNASEL","brown"
"2699","TAB3","brown"
"2702","UBE2J2","brown"
"2709","NPAS3","brown"
"2715","EHD3","brown"
"2726","LPIN1","brown"
"2742","CARD14","brown"
"2744","UPF3A","brown"
"2747","PCK2","brown"
"2756","PID1","brown"
"2761","MND1","brown"
"2766","SAMM50","brown"
"2768","TOB1","brown"
"2771","DOLPP1","brown"
"2773","NEURL1","brown"
"2787","SMPD2","brown"
"2790","FGF12","brown"
"2807","ADAMTS8","brown"
"2817","TRIM55","brown"
"2823","FBLN1","brown"
"2839","SLC20A1","brown"
"2843","PRSS12","brown"
"2850","SH2D5","brown"
"2852","CA5B","brown"
"2864","TWIST1","brown"
"2882","AFF1","brown"
"2883","PCDH12","brown"
"2886","IFT52","brown"
"2914","FBXL5","brown"
"2915","TBCD","brown"
"2927","BRWD1","brown"
"2931","MYLK4","brown"
"2934","PGM2","brown"
"2942","LRRC37B","brown"
"2945","ISLR","brown"
"2960","EXO1","brown"
"2961","RHOBTB1","brown"
"2966","KCNG1","brown"
"2981","MAP3K13","brown"
"2995","SSTR1","brown"
"3003","CTSD","brown"
"3009","TOMM7","brown"
"3010","RBAK","brown"
"3016","RALGPS1","brown"
"3026","CHAF1B","brown"
"3031","AAK1","brown"
"3032","PPARD","brown"
"3034","PPAT","brown"
"3044","ANGPTL4","brown"
"3047","PITX1","brown"
"3053","CKAP2","brown"
"3059","ZP2","brown"
"3060","HIGD1A","brown"
"3061","TRPV6","brown"
"3065","GBA2","brown"
"3077","TSGA10","brown"
"3083","TICRR","brown"
"3087","OLAH","brown"
"3104","TADA3","brown"
"3109","FOXF2","brown"
"3111","GDA","brown"
"3113","LPAR1","brown"
"3118","ZSCAN5A","brown"
"3126","UBA6","brown"
"3153","PEG3","brown"
"3165","ANO7","brown"
"3177","PALM2-AKAP2","brown"
"3196","UBE4B","brown"
"3210","TCHHL1","brown"
"3221","HIGD1B","brown"
"3235","MAGOHB","brown"
"3238","SEMA3G","brown"
"3243","NHS","brown"
"3255","SEMA4G","brown"
"3259","LEPR","brown"
"3266","PLPP1","brown"
"3269","FIGN","brown"
"3285","VSNL1","brown"
"3288","GCK","brown"
"3291","SLIT2","brown"
"3326","REG3G","brown"
"3333","ABCE1","brown"
"3347","SNX15","brown"
"3379","LZTS1","brown"
"3383","C9orf172","brown"
"3387","HMCN1","brown"
"3398","GLS2","brown"
"3423","C1S","brown"
"3432","BTBD16","brown"
"3442","LRP8","brown"
"3471","TMEM41B","brown"
"3478","HCRTR2","brown"
"3489","LYPD5","brown"
"3490","CDRT1","brown"
"3491","ATP6V0A4","brown"
"3500","ALOXE3","brown"
"3508","TMEM178A","brown"
"3509","DHX58","brown"
"3520","CHN1","brown"
"3521","ZNF438","brown"
"3531","CPT2","brown"
"3552","PHYHIPL","brown"
"3556","NUDCD1","brown"
"3561","ARHGAP33","brown"
"3566","KIF27","brown"
"3567","HAPLN1","brown"
"3569","GREM2","brown"
"3583","CELP","brown"
"3602","CALHM1","brown"
"3615","FAM110B","brown"
"3618","TDRP","brown"
"3624","LTK","brown"
"3625","ZFAT","brown"
"3643","CENPU","brown"
"3671","PCYOX1","brown"
"3710","TNFSF12","brown"
"3714","RIPK4","brown"
"3723","COL4A3BP","brown"
"3728","CADM1","brown"
"3730","MAFF","brown"
"3740","PAXIP1","brown"
"3753","TXN","brown"
"3759","ZNF317","brown"
"3760","NBPF3","brown"
"3764","C10orf90","brown"
"3789","PLXNA2","brown"
"3802","ZNF419","brown"
"3815","SMCO2","brown"
"3818","IFNLR1","brown"
"3820","KRT27","brown"
"3823","TUBB2B","brown"
"3825","TREX2","brown"
"3833","AURKA","brown"
"3836","FOXF1","brown"
"3840","SPNS1","brown"
"3842","ALLC","brown"
"3843","GET4","brown"
"3844","TMEM247","brown"
"3846","AGPAT2","brown"
"3847","SLC7A10","brown"
"3858","KLF14","brown"
"3885","OR8H1","brown"
"3887","RAB11FIP4","brown"
"3890","MCM2","brown"
"3904","ZNF277","brown"
"3907","TPD52","brown"
"3913","CTDSP1","brown"
"3914","TSPO","brown"
"3920","GGH","brown"
"3937","CETP","brown"
"3949","PDGFRA","brown"
"3973","HOOK2","brown"
"3986","ESCO1","brown"
"3990","OPCML","brown"
"3992","TRIM33","brown"
"4017","FAM69A","brown"
"4025","C15orf56","brown"
"4029","JAZF1","brown"
"4032","FANCA","brown"
"4040","TUG1","brown"
"4053","PAFAH2","brown"
"4066","VWA5A","brown"
"4073","SIRT5","brown"
"4087","FTH1","brown"
"4095","GMEB2","brown"
"4122","CDCA5","brown"
"4126","TOMM40","brown"
"4127","CD34","brown"
"4128","SLC52A1","brown"
"4137","CYP1A2","brown"
"4150","SLC6A4","brown"
"4153","TOP1MT","brown"
"4163","CHMP3","brown"
"4193","STAT5B","brown"
"4194","CLIP1","brown"
"4196","BET1","brown"
"4217","AURKB","brown"
"4226","S100A4","brown"
"4240","FMO1","brown"
"4242","SHANK2","brown"
"4262","C1QTNF9","brown"
"4277","ELF5","brown"
"4294","VCX","brown"
"4298","TOPBP1","brown"
"4303","ZSWIM3","brown"
"4304","ZNF212","brown"
"4321","BLOC1S4","brown"
"4326","HEXIM1","brown"
"4341","HTR1F","brown"
"4359","HBP1","brown"
"4375","LARP1B","brown"
"4380","TSC22D2","brown"
"4385","NPTX2","brown"
"4389","SIGLEC6","brown"
"4398","KDM5D","brown"
"4409","FAM3B","brown"
"4426","MAPK4","brown"
"4430","KIF2C","brown"
"4441","ZC2HC1C","brown"
"4443","MAGEA11","brown"
"4446","TOP2A","brown"
"4449","CEP95","brown"
"4456","CBX2","brown"
"4477","TACC2","brown"
"4483","FBXO24","brown"
"4487","HYMAI","brown"
"4491","FYN","brown"
"4514","ATAD5","brown"
"4519","PARP1","brown"
"4530","ZNF362","brown"
"4531","MTM1","brown"
"4546","RFWD3","brown"
"4549","CLTA","brown"
"4551","FAM167A","brown"
"4553","DMRT3","brown"
"4556","SPATA20","brown"
"4561","VCAN","brown"
"4570","ANKRA2","brown"
"4571","CDK10","brown"
"4575","MGST1","brown"
"4576","NRK","brown"
"4618","ATP12A","brown"
"4630","C7","brown"
"4631","ST6GALNAC4","brown"
"4637","ZNF2","brown"
"4649","CAPN3","brown"
"4658","COIL","brown"
"4665","CTNNBIP1","brown"
"4681","C6","brown"
"4692","NEPRO","brown"
"4709","PCDH10","brown"
"4722","AIM1","brown"
"4748","SYT7","brown"
"4751","TMEM44","brown"
"4753","PCDH11Y","brown"
"4763","NOL11","brown"
"4778","COLEC12","brown"
"4785","UNK","brown"
"4793","NDNF","brown"
"4807","TMC7","brown"
"4811","APLN","brown"
"4819","POLR2H","brown"
"4826","PMAIP1","brown"
"4828","TLR3","brown"
"4831","RNF17","brown"
"4832","MINA","brown"
"4836","MRM3","brown"
"4842","PPP2R3B","brown"
"4851","LCOR","brown"
"4858","PAQR6","brown"
"4872","SPINK5","brown"
"4877","TIGD2","brown"
"4882","STAT1","brown"
"4892","DLL4","brown"
"4898","CNTNAP2","brown"
"4902","SYNPO2L","brown"
"4943","ASMT","brown"
"4950","P2RY2","brown"
"4954","SEC23IP","brown"
"4968","MKL2","brown"
"4985","STAT2","brown"
"5000","TEX11","brown"
"5019","NCKAP5","brown"
"5022","CAP2","brown"
"5025","CXXC1","brown"
"5031","NECTIN1","brown"
"5033","ZNF57","brown"
"5046","NNAT","brown"
"5051","YES1","brown"
"5059","PLAUR","brown"
"5065","NDUFAF3","brown"
"5074","DAZL","brown"
"5076","CGB5","brown"
"5080","SPTLC3","brown"
"5093","ZSCAN29","brown"
"5095","DACT2","brown"
"5104","CACNA1B","brown"
"5112","MFSD4B","brown"
"5116","CCNI","brown"
"5127","HS3ST3A1","brown"
"5157","CDC42BPG","brown"
"5158","CARD18","brown"
"5160","KCTD1","brown"
"5172","TMEM106C","brown"
"5186","PRR5","brown"
"5189","VASH2","brown"
"5190","DCUN1D2","brown"
"5205","SWT1","brown"
"5211","TMEM229B","brown"
"5216","OVOL1","brown"
"5232","CROT","brown"
"5252","SMARCD3","brown"
"5257","USHBP1","brown"
"5268","CYP1B1","brown"
"5272","NOXO1","brown"
"5293","HMGA1","brown"
"5316","ALPP","brown"
"5324","RANBP3L","brown"
"5325","TAPT1","brown"
"5331","OIT3","brown"
"5336","SH3TC2","brown"
"5342","LGALS4","brown"
"5360","AFAP1L1","brown"
"5367","ARIH1","brown"
"5368","DGCR8","brown"
"5369","MAP2K1","brown"
"5372","CCDC93","brown"
"5375","SMS","brown"
"5402","ZDHHC11","brown"
"5412","SMARCC1","brown"
"5452","PKIB","brown"
"5456","NEK3","brown"
"5458","TPPP3","brown"
"5467","RSPO2","brown"
"5493","SPDL1","brown"
"5495","TSC22D3","brown"
"5496","CAPN8","brown"
"5523","CHP2","brown"
"5526","KIF20A","brown"
"5531","AGO2","brown"
"5536","NCOA6","brown"
"5549","LOX","brown"
"5556","SCN4B","brown"
"5561","CCDC89","brown"
"5572","MEDAG","brown"
"5588","EPT1","brown"
"5605","FABP5","brown"
"5611","CTSB","brown"
"5619","BRD7","brown"
"5630","RBBP5","brown"
"5632","FZD1","brown"
"5643","CA8","brown"
"5647","THSD1","brown"
"5653","FAM184A","brown"
"5671","LOC441601","brown"
"5675","RBM39","brown"
"5684","TBP","brown"
"5685","ARMC6","brown"
"5691","MON2","brown"
"5693","ADGRG1","brown"
"5712","TXNIP","brown"
"5714","SRSF6","brown"
"5719","ACSS2","brown"
"5724","ADGRL2","brown"
"5730","ACTR6","brown"
"5737","PLEKHB2","brown"
"5740","SRRM1","brown"
"5743","HPDL","brown"
"5748","EXOSC2","brown"
"5768","LARGE2","brown"
"5771","OSBPL1A","brown"
"5773","SLC35B4","brown"
"5793","C21orf91","brown"
"5796","WDR90","brown"
"5802","MYO5A","brown"
"5805","TRIM17","brown"
"5809","TMEM100","brown"
"5829","KMT2C","brown"
"5831","RHOV","brown"
"5834","SORCS3","brown"
"5866","PTPRT","brown"
"5885","CYP19A1","brown"
"5889","FHDC1","brown"
"5892","CCSAP","brown"
"5894","MSMB","brown"
"5897","PLEKHH1","brown"
"5899","VWDE","brown"
"5904","SLC22A5","brown"
"5939","CLIC6","brown"
"5942","ZNF703","brown"
"5944","PBLD","brown"
"5959","TLL1","brown"
"5978","BNIPL","brown"
"5984","GRB14","brown"
"5986","SAP130","brown"
"5999","APLNR","brown"
"6005","C4orf32","brown"
"6012","TROAP","brown"
"6028","HMGN4","brown"
"6030","ELOVL6","brown"
"6032","ZNF552","brown"
"6033","ZNF750","brown"
"6038","RNF43","brown"
"6061","SLC27A2","brown"
"6073","MB21D2","brown"
"6078","HEXIM2","brown"
"6079","PON3","brown"
"6080","EFNA2","brown"
"6095","HP1BP3","brown"
"6096","BARX2","brown"
"6124","FBXO6","brown"
"6133","KIAA0391","brown"
"6146","GDPD5","brown"
"6147","PCDHGB6","brown"
"6150","ASCL1","brown"
"6156","AKR1B1","brown"
"6161","CADM3","brown"
"6163","RPL19","brown"
"6168","FBXO22","brown"
"6170","ZYX","brown"
"6175","CD274","brown"
"6184","SYNJ1","brown"
"6202","HSD17B12","brown"
"6211","POLI","brown"
"6215","TMEM68","brown"
"6216","KCNT1","brown"
"6222","LGR5","brown"
"6256","B3GNT5","brown"
"6276","LRP5","brown"
"6288","ADHFE1","brown"
"6290","PLEKHA7","brown"
"6303","IDUA","brown"
"6311","RECQL4","brown"
"6312","UBE2L6","brown"
"6315","CSRNP1","brown"
"6317","NEDD4","brown"
"6327","FRS2","brown"
"6333","CXorf57","brown"
"6334","SPIRE2","brown"
"6351","ATP5I","brown"
"6352","CCDC94","brown"
"6377","NAP1L2","brown"
"6386","ADAMTS3","brown"
"6397","SLC16A2","brown"
"6399","HJURP","brown"
"6426","TNFRSF19","brown"
"6432","FUK","brown"
"6442","SPTLC2","brown"
"6443","CDH3","brown"
"6451","GLDN","brown"
"6452","USP27X","brown"
"6456","FOXD1","brown"
"6460","EID2","brown"
"6467","RPS6KB1","brown"
"6481","CSNK1G1","brown"
"6503","CYP27A1","brown"
"6513","SLC22A23","brown"
"6517","NEFH","brown"
"6518","SLC26A7","brown"
"6536","MYBPH","brown"
"6545","KLHL22","brown"
"6578","LSG1","brown"
"6580","CCNB3","brown"
"6582","IL7","brown"
"6584","NXF1","brown"
"6593","AP1M2","brown"
"6598","NUP153","brown"
"6603","MAFK","brown"
"6616","ICK","brown"
"6637","OSBP","brown"
"6664","MLLT1","brown"
"6682","CD200","brown"
"6695","TCERG1","brown"
"6728","EBF3","brown"
"6740","CCDC54","brown"
"6758","ADRA2C","brown"
"6762","UBE2E2","brown"
"6773","SLC46A2","brown"
"6777","SNORD14B","brown"
"6786","CLDN16","brown"
"6790","TBC1D26","brown"
"6796","DGKK","brown"
"6797","RNF128","brown"
"6814","PLEKHF1","brown"
"6821","LMNB2","brown"
"6837","PAK6","brown"
"6860","PLCB1","brown"
"6871","PDZK1IP1","brown"
"6886","RAD50","brown"
"6889","NCOA3","brown"
"6891","GOLPH3","brown"
"6902","CNOT11","brown"
"6917","PXDC1","brown"
"6925","GSG2","brown"
"6927","LIFR","brown"
"6928","AKAP13","brown"
"6937","ITIH6","brown"
"6941","F5","brown"
"6942","EPHX2","brown"
"6947","CDCA8","brown"
"6950","METTL21C","brown"
"6955","ZNF28","brown"
"6957","SLC25A34","brown"
"6985","LPAR3","brown"
"6986","ACP7","brown"
"7004","CLPX","brown"
"7009","KCNN4","brown"
"7019","CMTM8","brown"
"7034","HES1","brown"
"7038","NOS1AP","brown"
"7039","MCHR2","brown"
"7047","CHRM3","brown"
"7050","CDK1","brown"
"7065","MARVELD3","brown"
"7069","FBXO5","brown"
"7073","DEDD","brown"
"7086","GATAD1","brown"
"7087","ZNF330","brown"
"7098","CDC25A","brown"
"7102","OPLAH","brown"
"7116","NOTCH4","brown"
"7126","TRIM24","brown"
"7132","RGS20","brown"
"7154","UBE2T","brown"
"7163","C14orf169","brown"
"7166","TIMP1","brown"
"7170","SSBP2","brown"
"7172","KCNE5","brown"
"7175","SPDYE3","brown"
"7192","ANKRD10","brown"
"7203","SCYL2","brown"
"7204","ACSF2","brown"
"7214","EXPH5","brown"
"7230","CYBRD1","brown"
"7233","DUSP9","brown"
"7263","CARD9","brown"
"7272","BFSP1","brown"
"7277","NVL","brown"
"7282","RAB40C","brown"
"7288","DKK4","brown"
"7296","AHCYL2","brown"
"7298","CCNB1","brown"
"7305","FUT1","brown"
"7308","LOC90768","brown"
"7312","DYNC2LI1","brown"
"7339","KANSL2","brown"
"7342","PHF19","brown"
"7354","NCCRP1","brown"
"7356","ST18","brown"
"7366","WISP1","brown"
"7370","SEMA6A","brown"
"7373","TRIM14","brown"
"7381","MREG","brown"
"7395","MAN1C1","brown"
"7400","LNX1","brown"
"7407","CYTH3","brown"
"7446","DNAH2","brown"
"7454","CRYL1","brown"
"7474","CLMN","brown"
"7491","OLFM1","brown"
"7492","CCDC120","brown"
"7500","OPRK1","brown"
"7506","ZNF354A","brown"
"7508","PCDHGC4","brown"
"7509","CD68","brown"
"7535","SNRPA1","brown"
"7564","NNMT","brown"
"7584","VANGL2","brown"
"7602","LGALS9","brown"
"7603","MMRN2","brown"
"7613","DSN1","brown"
"7625","C18orf54","brown"
"7626","RHBDL3","brown"
"7638","FAXDC2","brown"
"7642","STARD4","brown"
"7645","PSG6","brown"
"7646","FRZB","brown"
"7654","CENPE","brown"
"7655","EGFL6","brown"
"7659","SLC19A3","brown"
"7663","HMGCLL1","brown"
"7666","FOXM1","brown"
"7672","OR10A3","brown"
"7683","KIF23","brown"
"7692","ZNF543","brown"
"7697","MYOM2","brown"
"7703","RALYL","brown"
"7704","PAIP1","brown"
"7710","ELOVL2","brown"
"7711","TDO2","brown"
"7718","TRAPPC1","brown"
"7750","MBD2","brown"
"7759","RLN3","brown"
"7760","PTPN3","brown"
"7773","LIPT1","brown"
"7783","PEPD","brown"
"7786","KCNK17","brown"
"7791","PDZD2","brown"
"7840","MED26","brown"
"7844","NPY5R","brown"
"7846","KIAA0100","brown"
"7855","HOXC8","brown"
"7879","PARP12","brown"
"7885","ARHGAP17","brown"
"7886","TRIM11","brown"
"7899","MLLT6","brown"
"7908","CNKSR1","brown"
"7919","HOXC9","brown"
"7921","TSHZ1","brown"
"7936","NFRKB","brown"
"7962","EDARADD","brown"
"7965","CDH5","brown"
"7972","CTSA","brown"
"7979","TCF21","brown"
"7991","MAF","brown"
"7998","DNASE1","brown"
"8006","PTPN21","brown"
"8011","CGB1","brown"
"8035","HOXC4","brown"
"8037","PIK3IP1","brown"
"8044","EHD4","brown"
"8053","ZNF117","brown"
"8055","TNNT3","brown"
"8065","E4F1","brown"
"8074","FAM3D","brown"
"8085","CENPN","brown"
"8087","INSL4","brown"
"8097","MAPK14","brown"
"8124","PITX2","brown"
"8139","TAF10","brown"
"8152","COL11A2","brown"
"8170","PARP10","brown"
"8176","ADAMTSL2","brown"
"8202","EXOSC9","brown"
"8204","MED1","brown"
"8212","PAPPA","brown"
"8216","RYBP","brown"
"8221","BLMH","brown"
"8233","SAFB","brown"
"8243","PRPF40B","brown"
"8247","TIMM8A","brown"
"8250","ABCA5","brown"
"8257","GK2","brown"
"8270","APRT","brown"
"8297","ARHGAP32","brown"
"8304","EGR3","brown"
"8310","HLF","brown"
"8314","RAB3B","brown"
"8337","GJC2","brown"
"8353","ETV5","brown"
"8368","LRP2","brown"
"8373","SIRT2","brown"
"8376","APOLD1","brown"
"8383","ABHD2","brown"
"8384","PRPH","brown"
"8399","CILP","brown"
"8402","ZFP2","brown"
"8432","INSL6","brown"
"8433","PART1","brown"
"8460","NR2C2","brown"
"8472","SLC25A35","brown"
"8492","PARN","brown"
"8498","KCTD4","brown"
"8503","SPINT1","brown"
"8519","POLA1","brown"
"8531","CDC25C","brown"
"8535","RASA1","brown"
"8551","ANGPTL6","brown"
"8573","ZSCAN4","brown"
"8574","DHRS2","brown"
"8585","LMNTD1","brown"
"8589","AFF2","brown"
"8593","CNTFR","brown"
"8595","IRF6","brown"
"8607","SLC45A3","brown"
"8608","NEDD9","brown"
"8614","GPIHBP1","brown"
"8629","CSTL1","brown"
"8630","RALGAPA2","brown"
"8636","NF1","brown"
"8637","ACBD7","brown"
"8663","SSR2","brown"
"8666","THOP1","brown"
"8671","NUSAP1","brown"
"8686","TPCN2","brown"
"8688","EPN3","brown"
"8723","ARSI","brown"
"8725","COLCA1","brown"
"8738","TAF6L","brown"
"8747","MAOB","brown"
"8754","PAGR1","brown"
"8756","ORC1","brown"
"8766","C1orf112","brown"
"8778","NECTIN3","brown"
"8790","GMEB1","brown"
"8804","RNF207","brown"
"8834","DMRT2","brown"
"8843","SLFN12","brown"
"8860","INPPL1","brown"
"8893","ADGRF5","brown"
"8902","PAK4","brown"
"8905","SPINK8","brown"
"8908","PRC1","brown"
"8918","MSH6","brown"
"8921","PTH2R","brown"
"8933","HAMP","brown"
"8939","FAM131A","brown"
"8943","MYH4","brown"
"8944","DIP2A","brown"
"8955","GNE","brown"
"8982","TARBP2","brown"
"8998","PILRA","brown"
"9003","ACSBG2","brown"
"9008","IGSF21","brown"
"9022","CGNL1","brown"
"9027","INO80C","brown"
"9030","ALG10","brown"
"9035","FGFR4","brown"
"9039","IGSF8","brown"
"9046","TRIM39","brown"
"9047","TMEM133","brown"
"9049","MCRIP2","brown"
"9064","CXorf56","brown"
"9081","SNORA70","brown"
"9088","ZNF512","brown"
"9089","SGO1","brown"
"9096","KMO","brown"
"9119","ORC6","brown"
"9130","EXOC2","brown"
"9133","BCL2L12","brown"
"9138","MYBPHL","brown"
"9150","HOXA13","brown"
"9159","COL11A1","brown"
"9160","ARNTL","brown"
"9165","GJA3","brown"
"9186","RAB15","brown"
"9199","OXA1L","brown"
"9211","DDX3Y","brown"
"9215","CKMT1A","brown"
"9218","MRI1","brown"
"9222","KIAA0101","brown"
"9237","SIK3","brown"
"9272","SCN2A","brown"
"9294","DLG2","brown"
"9301","IFNA16","brown"
"9311","C1RL","brown"
"9316","ITGB3","brown"
"9328","PRKCQ","brown"
"9332","HSD3B2","brown"
"9338","ZNF366","brown"
"9347","NEDD4L","brown"
"9349","CXorf40B","brown"
"9372","SYNPR","brown"
"9379","DNMT3B","brown"
"9396","PLBD2","brown"
"9403","ZNF587","brown"
"9420","PIP5K1B","brown"
"9425","OVGP1","brown"
"9431","ZNF77","brown"
"9433","ALPK3","brown"
"9445","CDH19","brown"
"9455","MKI67","brown"
"9459","SLC4A4","brown"
"9462","BBOX1","brown"
"9467","KLF6","brown"
"9473","TIMELESS","brown"
"9488","WDSUB1","brown"
"9496","SLC22A11","brown"
"9500","FTHL17","brown"
"9513","MAP3K9","brown"
"9514","HOPX","brown"
"9517","CGB8","brown"
"9544","VMO1","brown"
"9550","COPS5","brown"
"9602","RND2","brown"
"9603","TPRX1","brown"
"9628","COMTD1","brown"
"9634","SKA3","brown"
"9658","SMG9","brown"
"9678","CENPK","brown"
"9679","MCM4","brown"
"9709","RS1","brown"
"9720","CDC40","brown"
"9721","KRT78","brown"
"9728","CDCA3","brown"
"9750","FSTL5","brown"
"9751","PRNP","brown"
"9758","FAM170B","brown"
"9813","USP48","brown"
"9821","GLOD4","brown"
"9828","POU4F1","brown"
"9837","PLAT","brown"
"9848","GOLGA2","brown"
"9876","ABI1","brown"
"9877","SIRT1","brown"
"9909","ZSCAN25","brown"
"9914","SELE","brown"
"9917","RN7SK","brown"
"9919","HS6ST2","brown"
"9934","LYPD3","brown"
"9943","LRRC6","brown"
"9944","NPFFR2","brown"
"9963","KATNBL1","brown"
"9964","CGB7","brown"
"9972","TBK1","brown"
"9973","SERPINF2","brown"
"9984","SLC16A12","brown"
"9988","HOXC6","brown"
"9997","RPL13P5","brown"
"9998","TPMT","brown"
"10004","HACE1","brown"
"10009","CLDN9","brown"
"10010","POLQ","brown"
"10011","PANK1","brown"
"10014","UNC80","brown"
"10017","THYN1","brown"
"10023","CHSY3","brown"
"10046","TCN2","brown"
"10053","RAB11FIP5","brown"
"10066","ZDBF2","brown"
"10074","MAMDC4","brown"
"10075","GRB7","brown"
"10086","TREML2","brown"
"10090","SCNN1B","brown"
"10091","SLC52A3","brown"
"10106","SLC5A6","brown"
"10107","NUP210L","brown"
"10110","FDFT1","brown"
"10111","VCX3A","brown"
"10112","CHRNB1","brown"
"10117","SPRY4","brown"
"10124","NXPH4","brown"
"10127","UBR5","brown"
"10139","TMEM8A","brown"
"10151","SMAD4","brown"
"10158","BMP7","brown"
"10159","AKAP8","brown"
"10171","PPP1R9A","brown"
"10176","TEX13A","brown"
"10182","FAM26D","brown"
"10196","DGKG","brown"
"10197","KIAA1161","brown"
"10202","RHPN1","brown"
"10215","RNASE12","brown"
"10240","RIMS3","brown"
"10245","TAPBP","brown"
"10262","C1orf52","brown"
"10263","XAF1","brown"
"10264","LGSN","brown"
"10277","TRA2B","brown"
"10284","UBA2","brown"
"10327","PEX2","brown"
"10328","TTC1","brown"
"10336","TBCC","brown"
"10339","DLL1","brown"
"10341","ACOX3","brown"
"10343","SIX4","brown"
"10351","MLLT10","brown"
"10374","PANK4","brown"
"10383","GFOD2","brown"
"10386","DIAPH2","brown"
"10400","PLA2G4F","brown"
"10415","COX8C","brown"
"10429","IGDCC3","brown"
"10435","DLG5","brown"
"10444","TBL1X","brown"
"10459","RHOBTB3","brown"
"10463","GGCT","brown"
"10468","TCF15","brown"
"10475","ADAD2","brown"
"10478","ABHD12","brown"
"10483","ZNFX1","brown"
"10484","PARD6B","brown"
"10503","IFI35","brown"
"10507","OAS3","brown"
"10514","IRF9","brown"
"10515","UNC5CL","brown"
"10516","METTL25","brown"
"10552","TBX4","brown"
"10556","FBXO21","brown"
"10566","TRAF4","brown"
"10569","MBD6","brown"
"10577","OCA2","brown"
"10587","DBH","brown"
"10605","RGPD1","brown"
"10609","GTF3C2","brown"
"10620","PAQR7","brown"
"10628","DIEXF","brown"
"10634","TTC39C","brown"
"10635","ECM2","brown"
"10650","SAT2","brown"
"10657","CSMD1","brown"
"10663","CEP55","brown"
"10671","LUC7L2","brown"
"10680","GXYLT1","brown"
"10686","JDP2","brown"
"10689","ADORA1","brown"
"10690","IWS1","brown"
"10707","PLCXD1","brown"
"10708","TMEM184B","brown"
"10724","LHFPL2","brown"
"10736","ISYNA1","brown"
"10746","DDX59","brown"
"10748","SLC2A11","brown"
"10751","PEX1","brown"
"10755","MTO1","brown"
"10763","LRRTM2","brown"
"10792","ODC1","brown"
"10815","PPP1R13B","brown"
"10826","PROSC","brown"
"10871","MAPK13","brown"
"10887","RPS9","brown"
"10894","RBM20","brown"
"10896","ZNF777","brown"
"10899","IMMP1L","brown"
"10906","OBSCN","brown"
"10916","MED28","brown"
"10918","DLGAP5","brown"
"10919","OMD","brown"
"10921","GATA4","brown"
"10923","FAM124B","brown"
"10941","PURB","brown"
"10959","ALS2","brown"
"10961","RPL23AP7","brown"
"10968","OR51E1","brown"
"10976","C19orf66","brown"
"10998","MPP5","brown"
"11002","MYO19","brown"
"11016","STXBP6","brown"
"11018","DLX4","brown"
"11032","TAP1","brown"
"11036","CREB3L2","brown"
"11047","TMEM74B","brown"
"11049","NDUFA4","brown"
"11054","NUP133","brown"
"11067","NCAPG","brown"
"11072","ARHGAP29","brown"
"11085","TRAPPC3","brown"
"11099","CKAP2L","brown"
"11105","TCTEX1D1","brown"
"11130","LHPP","brown"
"11137","ACSS1","brown"
"11144","FLT1","brown"
"11152","CBFA2T2","brown"
"11155","CTSH","brown"
"11162","FAM13A","brown"
"11174","CGGBP1","brown"
"11177","NGFR","brown"
"11209","REXO1","brown"
"11218","MCPH1","brown"
"11227","PTTG1","brown"
"11232","SEMA6D","brown"
"11245","ABCA10","brown"
"11256","COASY","brown"
"11272","HOXA5","brown"
"11285","IL27","brown"
"11291","ETV4","brown"
"11294","YTHDF1","brown"
"11297","ABHD11","brown"
"11298","CDO1","brown"
"11313","CLDN11","brown"
"11325","PLAC1","brown"
"11333","GINS3","brown"
"11372","AP1M1","brown"
"11401","MAN1A2","brown"
"11409","SAMD5","brown"
"11426","ERVFRD-1","brown"
"11427","PGAP2","brown"
"11428","RBMS2","brown"
"11432","CALCOCO2","brown"
"11435","EIF1AY","brown"
"11445","SLC16A5","brown"
"11467","FEN1","brown"
"11469","PFAS","brown"
"11479","ALDOC","brown"
"11482","HIST1H2AM","brown"
"11495","EXOSC8","brown"
"11502","TMEM217","brown"
"11513","RPL35A","brown"
"11540","ATP5E","brown"
"11548","DPP7","brown"
"11549","ANKRD30A","brown"
"11551","LINGO1","brown"
"11570","OSBPL6","brown"
"11574","CLIC1","brown"
"11583","SYN2","brown"
"11588","TMEM88","brown"
"11601","ZBTB5","brown"
"11620","ZNF256","brown"
"11626","H1F0","brown"
"11639","ZMYND19","brown"
"11640","GJC3","brown"
"11646","NEIL3","brown"
"11648","OSGIN2","brown"
"11656","BRWD3","brown"
"11662","HGF","brown"
"11691","PRPS2","brown"
"11703","ANKRD34C","brown"
"11717","IL1R2","brown"
"11720","TFAP2B","brown"
"11728","TTYH1","brown"
"11736","SAG","brown"
"11738","CCDC130","brown"
"11740","LNPEP","brown"
"11744","TMEM168","brown"
"11749","CYP2J2","brown"
"11764","ENTPD7","brown"
"11786","CXorf40A","brown"
"11789","IL36RN","brown"
"11799","OIP5","brown"
"11811","ILVBL","brown"
"11824","C22orf29","brown"
"11840","CLIP4","brown"
"11859","COMMD6","brown"
"11873","RRAGC","brown"
"11875","GATA5","brown"
"11880","DNMT1","brown"
"11886","RBM22","brown"
"11887","NXT1","brown"
"11906","GABRR1","brown"
"11921","CRY1","brown"
"11926","POLR3GL","brown"
"11955","ACER2","brown"
"11965","HNRNPA3","brown"
"11969","CCDC112","brown"
"11974","GABPB1","brown"
"11979","RPS6KB2","brown"
"11992","CRHBP","brown"
"11999","MCMBP","brown"
"12015","SEMA3F","brown"
"12018","CYSTM1","brown"
"12019","STEAP3","brown"
"12024","WNK2","brown"
"12025","SLCO6A1","brown"
"12038","E2F4","brown"
"12049","IL12RB2","brown"
"12052","PROM2","brown"
"12059","SRSF5","brown"
"12063","PPP4R3CP","brown"
"12076","CRYZL1","brown"
"12081","SGSM1","brown"
"12086","C3","brown"
"12091","FOXRED1","brown"
"12115","AQP11","brown"
"12126","NMT1","brown"
"12145","DSCR4","brown"
"12180","SPX","brown"
"12189","ISL1","brown"
"12195","TOP1","brown"
"12205","CKMT1B","brown"
"12230","C9orf24","brown"
"12247","ABCF1","brown"
"12252","ACVR1B","brown"
"12268","TRIM65","brown"
"12278","DAB2","brown"
"12289","DUSP16","brown"
"12308","XIST","brown"
"12317","FAM25A","brown"
"12349","ZSCAN20","brown"
"12366","PAOX","brown"
"12370","LHB","brown"
"12377","CAPN11","brown"
"12378","TPTEP1","brown"
"12382","LUC7L","brown"
"12390","EMP3","brown"
"12405","TIPARP","brown"
"12425","SYCP2","brown"
"12434","NUFIP2","brown"
"12437","CAB39","brown"
"12474","B4GALT1","brown"
"12475","LARP4B","brown"
"12477","ZBTB2","brown"
"12484","ZNF512B","brown"
"12511","PKMYT1","brown"
"12524","TMEM126B","brown"
"12530","KCNK5","brown"
"12533","MSX2","brown"
"12540","BCORL1","brown"
"12544","SMAD6","brown"
"12546","MYH13","brown"
"12548","AOX1","brown"
"12550","SOS1","brown"
"12569","ADAMTS6","brown"
"12571","IL1RAPL2","brown"
"12572","CDK3","brown"
"12577","POLR3B","brown"
"12578","SCPEP1","brown"
"12586","ARL14EP","brown"
"12591","CERS6","brown"
"12609","SLC17A8","brown"
"12619","PDCD4","brown"
"12622","HAUS8","brown"
"12635","ZNF43","brown"
"12636","OR8H3","brown"
"12646","SLC22A10","brown"
"12647","NME6","brown"
"12669","MAN2B2","brown"
"12680","UCK2","brown"
"12684","DPPA4","brown"
"12686","MTA3","brown"
"12711","U2AF2","brown"
"12712","COL15A1","brown"
"12714","SDC1","brown"
"12729","XKRX","brown"
"12731","GSTA3","brown"
"12747","ERC2","brown"
"12757","MTMR11","brown"
"12774","ZNRF2","brown"
"12782","AKR7A2P1","brown"
"12791","RNMT","brown"
"12799","SP6","brown"
"12815","PIP5K1A","brown"
"12816","TBC1D2","brown"
"12828","IFNA10","brown"
"12833","C7orf43","brown"
"12838","RBBP7","brown"
"12846","ADAMTS18","brown"
"12853","ZNF354B","brown"
"12871","AGRN","brown"
"12884","C12orf56","brown"
"12889","KLHL3","brown"
"12903","COPS3","brown"
"12925","NAALADL1","brown"
"12928","MTMR4","brown"
"12930","GTSE1","brown"
"12948","ELL3","brown"
"12957","ALG6","brown"
"12962","PSCA","brown"
"12990","HSCB","brown"
"12991","TAF4B","brown"
"12993","GLI3","brown"
"12995","SLC44A2","brown"
"13002","U2AF1","brown"
"13006","ERP44","brown"
"13025","PDHA1","brown"
"13030","FAM222A","brown"
"13047","NSG1","brown"
"13060","BMS1","brown"
"13070","DYNLL2","brown"
"13075","ISM1","brown"
"13081","GAS1","brown"
"13089","BTNL9","brown"
"13090","EPN1","brown"
"13092","FABP4","brown"
"13096","MICU3","brown"
"13099","CDKN2AIP","brown"
"13109","MSANTD2","brown"
"13137","DOCK9","brown"
"13145","CPNE3","brown"
"13147","POU2F3","brown"
"13149","OR7E91P","brown"
"13150","HSD17B1","brown"
"13151","SLC38A9","brown"
"13169","ZRSR2","brown"
"13189","TRIAP1","brown"
"13196","ARL15","brown"
"13198","ANGPT2","brown"
"13201","SLC7A4","brown"
"13207","ESRRA","brown"
"13211","WSCD1","brown"
"13213","POLE2","brown"
"13218","LRRC36","brown"
"13227","ZNF443","brown"
"13231","TUSC3","brown"
"13244","FXN","brown"
"13270","LSMEM2","brown"
"13271","ZIM2","brown"
"13281","NOS3","brown"
"13285","HECW2","brown"
"13289","DNAJB1","brown"
"13290","MTG1","brown"
"13295","LTB4R2","brown"
"13306","TRIM69","brown"
"13311","ACAD9","brown"
"13313","PRSS50","brown"
"13318","EIF4G3","brown"
"13341","EPHA3","brown"
"13345","MCOLN3","brown"
"13364","CATIP","brown"
"13371","TMSB4Y","brown"
"13379","GOLGA4","brown"
"13395","TADA1","brown"
"13399","RAP1GAP","brown"
"13408","RNASE4","brown"
"13416","PHF11","brown"
"13430","COG2","brown"
"13434","NIF3L1","brown"
"13436","TDG","brown"
"13442","FAM183A","brown"
"13443","CFD","brown"
"13452","MEOX2","brown"
"13468","CDYL2","brown"
"13470","ZNF839","brown"
"13475","NCBP1","brown"
"13477","ARL13A","brown"
"13480","MAD2L1","brown"
"13482","KARS","brown"
"13496","FAM133B","brown"
"13498","C12orf10","brown"
"13500","AFM","brown"
"13503","TSPAN17","brown"
"13508","MORN3","brown"
"13530","STK33","brown"
"13556","FKBP5","brown"
"13579","MRS2","brown"
"13603","STS","brown"
"13605","CLIC5","brown"
"13623","KIF18A","brown"
"13638","OTUD3","brown"
"13647","GSK3B","brown"
"13650","CHP1","brown"
"13654","SCUBE2","brown"
"13656","EFHD1","brown"
"13663","RASEF","brown"
"13676","HIST3H2A","brown"
"13685","DTL","brown"
"13689","OR51B4","brown"
"13705","AK1","brown"
"13712","FCN3","brown"
"13719","APOD","brown"
"13722","PSMC5","brown"
"13759","ERVV-1","brown"
"13762","POC1A","brown"
"13770","DPPA2","brown"
"13772","ANKRD36B","brown"
"13773","CDK17","brown"
"13792","PTPN5","brown"
"13821","TUFT1","brown"
"13828","GLCCI1","brown"
"13836","FAH","brown"
"13851","CLEC16A","brown"
"13858","NFE2L3","brown"
"13868","HMMR","brown"
"13872","AP1B1","brown"
"13875","NUDT16","brown"
"13880","FKBP4","brown"
"13899","METTL17","brown"
"13900","N4BP2","brown"
"13934","AHRR","brown"
"13944","PAGE4","brown"
"13955","SLC16A10","brown"
"13967","RPS4Y1","brown"
"13985","PUM1","brown"
"13991","LMAN1L","brown"
"13994","HELLS","brown"
"14006","C17orf82","brown"
"14034","CDH15","brown"
"14037","IGDCC4","brown"
"14096","CLEC2B","brown"
"14103","TMEM2","brown"
"14117","PPP1R3F","brown"
"14132","ATP6V0E2","brown"
"14133","NXT2","brown"
"14171","LEMD1","brown"
"14177","SLC30A2","brown"
"14179","SUSD3","brown"
"14197","ERVW-1","brown"
"14201","CDC6","brown"
"14204","C19orf18","brown"
"14215","UHRF1","brown"
"14216","MEPE","brown"
"14221","CCNA2","brown"
"14225","NR2F1","brown"
"14230","PAPOLG","brown"
"14237","CNGA1","brown"
"14239","SYNGR3","brown"
"14256","PRX","brown"
"14272","ZCCHC3","brown"
"14276","KRTAP26-1","brown"
"14287","SLC43A2","brown"
"14292","MYRFL","brown"
"14301","AUNIP","brown"
"14314","HELZ2","brown"
"14324","CLCNKA","brown"
"14330","MTMR7","brown"
"14339","ODF3L2","brown"
"14345","CXCL1","brown"
"14354","LAMA2","brown"
"14358","PCGF5","brown"
"14371","TTK","brown"
"14394","NOVA2","brown"
"14397","ABHD17C","brown"
"14399","ABCC4","brown"
"14400","ARGLU1","brown"
"14405","GCLM","brown"
"14429","MIB1","brown"
"14456","PLK4","brown"
"14457","SERF2","brown"
"14471","UBQLN4","brown"
"14490","SERINC5","brown"
"14500","NBL1","brown"
"14505","MFSD2A","brown"
"14507","ABCG2","brown"
"14533","4-Mar","brown"
"14534","SLC30A7","brown"
"14549","IGFL2","brown"
"14550","FURIN","brown"
"14569","CIDECP","brown"
"14571","KCNA5","brown"
"14574","PHACTR2","brown"
"14575","RMI2","brown"
"14577","IL1F10","brown"
"14581","ATPAF1","brown"
"14595","VPS28","brown"
"14602","ZNF236","brown"
"14606","CDS2","brown"
"14615","ZNF513","brown"
"14627","SMOC1","brown"
"14638","HSPB8","brown"
"14642","STK39","brown"
"14647","DGCR6L","brown"
"14649","LOC401052","brown"
"14661","CPA5","brown"
"14682","CPT1B","brown"
"14772","COL21A1","brown"
"14774","CPS1","brown"
"14791","ZNF202","brown"
"14794","DGKQ","brown"
"14799","TAX1BP1","brown"
"14804","SRD5A1","brown"
"14815","MED12","brown"
"14818","RAB10","brown"
"14828","MUC15","brown"
"14841","TFDP2","brown"
"14850","DIRC2","brown"
"14880","PGD","brown"
"14882","CCPG1","brown"
"14889","POU2F1","brown"
"14907","KIF11","brown"
"14909","GAP43","brown"
"14911","SCHIP1","brown"
"14926","KRT20","brown"
"14927","HES5","brown"
"14937","LGALS13","brown"
"14939","LRRC4","brown"
"14945","UBTD1","brown"
"14962","PSG8","brown"
"14965","PROSER1","brown"
"14979","ARID2","brown"
"14988","ARHGEF37","brown"
"14994","SPRR2A","brown"
"14999","WDR59","brown"
"15002","OR2B6","brown"
"15004","MORC4","brown"
"15006","PGC","brown"
"15014","RAD51","brown"
"15022","KIAA0232","brown"
"15033","ASB2","brown"
"15037","C4orf19","brown"
"15049","ZNF830","brown"
"15064","TYMSOS","brown"
"15076","PPRC1","brown"
"15094","SS18L2","brown"
"15108","GRINA","brown"
"15113","TRIP13","brown"
"15121","RIT2","brown"
"15125","BEST4","brown"
"15126","PHC1","brown"
"15129","ZBTB7C","brown"
"15135","ARHGAP28","brown"
"15145","CXADR","brown"
"15149","TPX2","brown"
"15156","PGLS","brown"
"15213","PLEKHA6","brown"
"15224","HMGCS1","brown"
"15232","SUZ12","brown"
"15233","SEL1L3","brown"
"15239","SCN11A","brown"
"15243","ROBO2","brown"
"15249","M1AP","brown"
"15253","PSG1","brown"
"15256","XPR1","brown"
"15270","PHF3","brown"
"15276","E2F7","brown"
"15287","PAPOLA","brown"
"15296","ZNF22","brown"
"15304","SOHLH2","brown"
"15306","PQLC1","brown"
"15311","ADAMTSL3","brown"
"15320","DTNB","brown"
"15329","RPA4","brown"
"15337","ZNF560","brown"
"15342","TSPAN5","brown"
"15361","OTUB2","brown"
"15376","SAMD9L","brown"
"15381","DNAJC9","brown"
"15386","NOXA1","brown"
"15391","KIF4A","brown"
"15394","CDC23","brown"
"15415","DHH","brown"
"15422","B3GNT3","brown"
"15428","MCM9","brown"
"15432","ZNF711","brown"
"15435","GABRG2","brown"
"15447","BMP1","brown"
"15484","NRDC","brown"
"15492","PSMD11","brown"
"15501","PLIN2","brown"
"15505","SENP2","brown"
"15520","CENPA","brown"
"15527","DNASE1L2","brown"
"15539","GJB7","brown"
"15541","SLC26A2","brown"
"15548","BIRC6","brown"
"15575","SLC28A2","brown"
"15580","PPIH","brown"
"15585","SERTAD3","brown"
"15586","CCNB2","brown"
"15592","MGST2","brown"
"15593","ZNF91","brown"
"15604","OSBPL5","brown"
"15630","CNOT6L","brown"
"15632","AGTRAP","brown"
"15641","CDK6","brown"
"15643","PLPP6","brown"
"15661","C22orf15","brown"
"15663","DEPDC1","brown"
"15667","PIAS4","brown"
"15669","TOP1P1","brown"
"15682","BIRC5","brown"
"15688","RAB3IP","brown"
"15695","CLCA2","brown"
"15706","AEBP2","brown"
"15712","CRCT1","brown"
"15728","TMEM268","brown"
"15729","MISP3","brown"
"15731","ADA","brown"
"15745","ASTE1","brown"
"15748","EIF1","brown"
"15753","LCN15","brown"
"15756","GDF7","brown"
"15772","SLC25A10","brown"
"15776","FDPS","brown"
"15777","ADRB1","brown"
"15788","FZD7","brown"
"15794","PDIA2","brown"
"15795","ATF7IP2","brown"
"15799","PRKRIP1","brown"
"15801","BRAT1","brown"
"15804","CLDN6","brown"
"15813","SMUG1","brown"
"15846","ZFY","brown"
"15867","LPCAT3","brown"
"15876","PDE3A","brown"
"15885","WDR13","brown"
"15893","PLEKHG1","brown"
"15896","PGAP3","brown"
"15916","RAB5A","brown"
"15922","PPA1","brown"
"15925","WDR81","brown"
"15930","C6orf163","brown"
"15933","SLF1","brown"
"15937","SIN3A","brown"
"15943","SLC25A16","brown"
"15944","TK1","brown"
"15945","TYMS","brown"
"15958","RAP1GDS1","brown"
"15976","ACADVL","brown"
"15977","NT5C","brown"
"15987","ZNF165","brown"
"15995","C1orf140","brown"
"15996","FRAS1","brown"
"16006","PLEKHH2","brown"
"16015","MCM3","brown"
"16036","LDHA","brown"
"16041","TINAGL1","brown"
"16042","PLA2G5","brown"
"16057","BLID","brown"
"16064","ALDH1A3","brown"
"16066","DHRS7","brown"
"16067","LOC400867","brown"
"16089","PKNOX2","brown"
"16091","HINT1","brown"
"16094","AKAP17A","brown"
"16097","GSE1","brown"
"16098","CDK15","brown"
"16115","KIF14","brown"
"16124","FAS","brown"
"16150","DUSP4","brown"
"16179","HSD17B2","brown"
"16180","LBX2","brown"
"16183","ZNF25","brown"
"16197","TMEM266","brown"
"16216","CAMSAP3","brown"
"16221","DCP1A","brown"
"16228","CC2D2B","brown"
"16233","CYP4F12","brown"
"16252","NACC2","brown"
"16257","GINS2","brown"
"16264","KCTD21","brown"
"16269","PRCC","brown"
"16277","TMEM117","brown"
"16281","TMEM155","brown"
"16284","RDH16","brown"
"16306","JUND","brown"
"16330","RHOQ","brown"
"16332","RPS4X","brown"
"16345","ARHGEF12","brown"
"16356","NAA35","brown"
"16359","MTDH","brown"
"16364","HDAC5","brown"
"16369","FAAH","brown"
"16379","PGR","brown"
"16381","TLK1","brown"
"16397","SCAPER","brown"
"16398","ZNF211","brown"
"16402","ANKFN1","brown"
"16403","RELB","brown"
"16430","DLG3","brown"
"16435","HOMER3","brown"
"16437","NIPAL1","brown"
"16446","DUS2","brown"
"16451","MYO7A","brown"
"16460","CCDC102B","brown"
"16464","SRRM4","brown"
"16466","SLC12A5","brown"
"16479","ATP6V1B1","brown"
"16500","CSPP1","brown"
"16502","TMSB10","brown"
"16503","LARP1","brown"
"16515","CEP85","brown"
"16520","ACER3","brown"
"16531","AHR","brown"
"16555","RRP1B","brown"
"16565","ARFGEF3","brown"
"16568","MAP4K3","brown"
"16569","ANKDD1A","brown"
"16583","LAG3","brown"
"16584","PTGFR","brown"
"16586","HSD11B2","brown"
"16619","RAB29","brown"
"16631","PRMT6","brown"
"16649","TEAD3","brown"
"16653","PHKA2","brown"
"16662","SMARCA4","brown"
"16666","PQLC3","brown"
"16671","SPC25","brown"
"16672","AEN","brown"
"16674","SAMD9","brown"
"16677","AGTR1","brown"
"16678","SERPINI1","brown"
"16690","DEPDC1B","brown"
"16699","PHLPP1","brown"
"16713","TCF25","brown"
"16717","SOX7","brown"
"16728","LCAT","brown"
"16733","MICALL1","brown"
"16737","MYH10","brown"
"16741","ASPM","brown"
"16742","HMGCS2","brown"
"16759","FKBP6","brown"
"16760","NOP10","brown"
"16773","COX4I2","brown"
"16777","COL6A6","brown"
"16778","TIE1","brown"
"16779","WNT3A","brown"
"16792","LAMTOR1","brown"
"16794","NUP107","brown"
"16795","CXorf67","brown"
"16800","CCDC169","brown"
"16830","FNIP2","brown"
"16840","BLACAT1","brown"
"16860","LOC101929315","brown"
"16896","TMEM229A","brown"
"16918","MEG9","brown"
"16926","LOC101928424","brown"
"16944","LOC283485","brown"
"16990","ADAM20P1","brown"
"17011","OXCT1-AS1","brown"
"17030","LOC157860","brown"
"17034","PP7080","brown"
"17052","CCDC85C","brown"
"17072","STX18-AS1","brown"
"17082","LOC101926892","brown"
"17104","LINC01023","brown"
"17122","LOC100419583","brown"
"17160","LOC107984282","brown"
"17164","DOCK9-AS2","brown"
"17200","LINC00961","brown"
"17209","HMGA1P7","brown"
"17220","LINC01119","brown"
"17244","LOC105379298","brown"
"17300","HOTTIP","brown"
"17306","ERVV-2","brown"
"17335","LOC101926975","brown"
"17387","TSL","brown"
"17398","FLJ41455","brown"
"17408","LOC105378292","brown"
"17421","FER1L4","brown"
"17437","LOC105371763","brown"
"17459","LINC00284","brown"
"17466","LINC01450","brown"
"17498","LOC101928443","brown"
"17517","LOC105375172","brown"
"17543","BACE2-IT1///PLAC4","brown"
"17558","GABRB1","brown"
"17568","LOC100129434","brown"
"17614","LINC01068","brown"
"17643","DIRC3","brown"
"17673","PPP4R2","brown"
"17691","LOC100506530","brown"
"17715","LOC101928516","brown"
"17747","HGC6.3","brown"
"17767","POU6F2-AS1","brown"
"17781","LINC01132","brown"
"17841","LOC105369691","brown"
"17842","GATA2-AS1","brown"
"17868","C21orf91-OT1","brown"
"17886","LOC283713","brown"
"17888","LOC101929633","brown"
"17944","HSPC324","brown"
"17970","MRPL42P5","brown"
"17974","TOP1P2","brown"
"18000","SLC22A3","brown"
"18003","PTTG3P","brown"
"18008","ANO3","brown"
"18014","UCKL1","brown"
"18024","GPC3","brown"
"18037","AURKAPS1","brown"
"18041","MPHOSPH8","brown"
"18048","EP400NL","brown"
"18056","KIF26B","brown"
"18058","CSGALNACT1","brown"
"18061","RGPD2","brown"
"18065","USP9Y","brown"
"18067","PEX3","brown"
"18080","TMEM54","brown"
"18092","ORC2","brown"
"18102","CTNNBL1","brown"
"18107","ARHGAP44","brown"
"18117","AFG3L2","brown"
"18129","TFPI2","brown"
"18136","BAGE3","brown"
"18146","CORT","brown"
"18161","TREML5P","brown"
"18165","MAGEA9B","brown"
"18166","HIST1H4C","brown"
"18179","CLDND2","brown"
"18182","TTTY15","brown"
"18196","MAP7D2","brown"
"18244","TMEM79","brown"
"18245","GNGT1","brown"
"18261","USP43","brown"
"18266","TRPC3","brown"
"18269","TRIM60","brown"
"18274","FGF22","brown"
"18277","ENDOU","brown"
"18282","SNORA33","brown"
"18301","MAP2K4","brown"
"18309","POLG","brown"
"18329","FZD10","brown"
"18353","OLFM2","brown"
"18363","CFAP20","brown"
"18364","SVEP1","brown"
"18372","LGALS9B","brown"
"18374","CCL27","brown"
"18384","RAB32","brown"
"18386","CD320","brown"
"18396","RPL12","brown"
"18403","ERV3-1","brown"
"18406","SAMD4A","brown"
"18421","TPRXL","brown"
"18422","NPAT","brown"
"18425","GPR137B","brown"
"18433","MFSD8","brown"
"18445","MUM1L1","brown"
"18446","RGL2","brown"
"18448","SLC36A1","brown"
"18470","SIPA1L1","brown"
"18488","NEMP1","brown"
"18495","CLDN4","brown"
"18505","ALKBH3","brown"
"18510","RAB38","brown"
"18524","LIN9","brown"
"18525","GOLT1A","brown"
"18526","DVL3","brown"
"18531","TP63","brown"
"18541","CAMK1","brown"
"18544","RANBP9","brown"
"18545","SPAG5","brown"
"18560","CTBS","brown"
"18583","RASL11B","brown"
"18587","AKIRIN2","brown"
"18591","TMEM40","brown"
"18595","CES1P1","brown"
"18596","NRN1","brown"
"18607","CGB3","brown"
"18618","COX6B1","brown"
"18646","IL1RAPL1","brown"
"18650","SPERT","brown"
"18662","FAM120A","brown"
"18667","AICDA","brown"
"18671","RGPD6","brown"
"18685","MR1","brown"
"18692","BAGE2","brown"
"18699","RASD2","brown"
"18714","FTH1P3","brown"
"18716","RTP4","brown"
"18723","CD300LG","brown"
"18725","C2orf83","brown"
"18727","SRSF4","brown"
"18728","KCNS3","brown"
"18745","NAA40","brown"
"18755","CCDC189","brown"
"18768","DCAF1","brown"
"18776","BEX2","brown"
"18799","PGAP1","brown"
"18825","ZNF83","brown"
"18833","RPS4Y2","brown"
"18851","STT3B","brown"
"18852","PLVAP","brown"
"18869","OSR1","brown"
"18880","KATNA1","brown"
"18885","FDX1","brown"
"18897","REV3L","brown"
"18907","CYTL1","brown"
"18915","BUB1","brown"
"18922","SMAD7","brown"
"18927","ST3GAL4","brown"
"18941","BAGE5","brown"
"18958","RPS17","brown"
"18981","MAEL","brown"
"18995","ARHGEF35","brown"
"18999","C4orf36","brown"
"19007","MAGOH","brown"
"19008","ANKRD20A1","brown"
"19019","FABP5P3","brown"
"19027","FAM84A","brown"
"19045","KIFC1","brown"
"19073","ATP5EP2","brown"
"19084","SUSD6","brown"
"19086","CMTR1","brown"
"19092","GRIN2C","brown"
"19094","HS3ST1","brown"
"19121","ABCA11P","brown"
"19127","FAP","brown"
"19128","SSRP1","brown"
"19130","LRRIQ4","brown"
"19139","CCDC150","brown"
"19147","MOCS1","brown"
"19150","4-Sep","brown"
"19163","UBE2C","brown"
"19177","AKR1B15","brown"
"19188","TBX5","brown"
"19191","C20orf24","brown"
"19193","TENM2","brown"
"19214","MARVELD2","brown"
"19218","AFG3L1P","brown"
"19222","ARHGAP8","brown"
"19223","LRRC4B","brown"
"19224","TRPV4","brown"
"19234","GRIP1","brown"
"19250","INTS1","brown"
"19265","GABRE","brown"
"19270","PCDH11X","brown"
"19274","ERCC6L","brown"
"19289","IGSF5","brown"
"19292","HSF5","brown"
"19299","NASP","brown"
"19302","PRDM10","brown"
"19305","MSLN","brown"
"19311","SRRT","brown"
"19317","CCDC85A","brown"
"19318","OS9","brown"
"19334","ADGRG6","brown"
"19337","COL13A1","brown"
"19339","HAUS7","brown"
"19341","MGA","brown"
"19360","TCL1B","brown"
"19379","CTDSPL","brown"
"19389","MAPK9","brown"
"19394","TRPC4AP","brown"
"19422","MCM10","brown"
"7","AFAP1","green"
"17","GRHL1","green"
"19","ATP13A4","green"
"26","SERTAD2","green"
"44","GPR32","green"
"48","CYP26A1","green"
"67","ENTPD2","green"
"70","CTNNB1","green"
"91","OOEP","green"
"144","NIM1K","green"
"167","PTPA","green"
"172","NOG","green"
"181","NLRP7","green"
"189","ZMYND8","green"
"220","LLGL2","green"
"237","HIC2","green"
"242","FAM174B","green"
"278","PLAC8","green"
"338","SLC35A3","green"
"342","MID1","green"
"349","S100A1","green"
"369","DTX4","green"
"372","CORO1B","green"
"374","FZD2","green"
"382","MYCN","green"
"394","LAMC2","green"
"408","LINC01091","green"
"427","ZDHHC20","green"
"444","HAPLN3","green"
"457","ACSL3","green"
"480","EFNB1","green"
"491","TMEM175","green"
"498","CECR5","green"
"511","TRIM6","green"
"531","P2RX3","green"
"562","ERP27","green"
"564","SLC23A2","green"
"569","HPS5","green"
"576","GPR1","green"
"590","DSG3","green"
"609","TIAM1","green"
"610","SERPINE2","green"
"611","KLHL18","green"
"616","DSP","green"
"621","UPK1A","green"
"657","MMP11","green"
"663","ANXA8","green"
"689","CNOT7","green"
"691","SKIDA1","green"
"700","ZNF704","green"
"710","NOTCH2","green"
"748","C16orf59","green"
"769","AK5","green"
"779","HLA-G","green"
"789","TGIF1","green"
"798","SH3RF1","green"
"806","SLC1A4","green"
"813","REPS2","green"
"850","PALM3","green"
"865","CBX7","green"
"893","MVD","green"
"897","SCN3A","green"
"899","AGBL1","green"
"925","SYT17","green"
"939","SUN3","green"
"960","HHIPL1","green"
"965","MBNL2","green"
"986","ABCG1","green"
"1001","L3MBTL1","green"
"1005","FAM83E","green"
"1007","PCYT1A","green"
"1027","DAG1","green"
"1028","WNT10A","green"
"1052","WWC1","green"
"1056","MRE11A","green"
"1139","SLC6A15","green"
"1152","OTP","green"
"1165","ADRA2A","green"
"1170","KIF1B","green"
"1175","PLXNB2","green"
"1188","MFAP2","green"
"1190","FPGS","green"
"1196","MAGEH1","green"
"1223","PWWP2B","green"
"1229","PPP1R14B","green"
"1242","3-Sep","green"
"1249","MEP1A","green"
"1257","PLIN3","green"
"1293","PPP4R4","green"
"1343","ENPP5","green"
"1348","ASPSCR1","green"
"1354","CSRP2","green"
"1370","ZBTB8OS","green"
"1400","SH3RF2","green"
"1403","PQLC2L","green"
"1405","NDUFB8","green"
"1406","TRIP4","green"
"1410","CSF2RA","green"
"1412","TRIM16","green"
"1418","TLE6","green"
"1426","ELP5","green"
"1439","GRAMD2","green"
"1443","ZBTB45","green"
"1483","FOLR1","green"
"1495","PRRG4","green"
"1509","DLK2","green"
"1520","SLC25A43","green"
"1528","MANEAL","green"
"1538","WNT11","green"
"1565","AP2S1","green"
"1583","PPP2R3C","green"
"1607","PLEKHA1","green"
"1646","SDC4","green"
"1655","DSC2","green"
"1657","ADCK2","green"
"1681","FBXL15","green"
"1741","CLNK","green"
"1775","LAD1","green"
"1794","ADAM28","green"
"1796","EPHA1","green"
"1800","P3H1","green"
"1801","HTATIP2","green"
"1810","DHTKD1","green"
"1871","NLRP2","green"
"1877","FLNB","green"
"1883","TJP2","green"
"1890","KRT14","green"
"1907","RORA","green"
"1923","STH","green"
"1927","DIABLO","green"
"1948","ERRFI1","green"
"1952","SKP2","green"
"1970","EFNA4","green"
"1971","C4orf22","green"
"2006","PMEL","green"
"2024","HEG1","green"
"2058","GCSH","green"
"2072","DENND2A","green"
"2101","AHCTF1","green"
"2102","ACRC","green"
"2104","LYPLA1","green"
"2111","PPP2R5E","green"
"2119","TRAPPC11","green"
"2121","KRT17","green"
"2126","TRIML2","green"
"2135","NOP2","green"
"2174","MAPK3","green"
"2189","OR13C8","green"
"2197","TMEM255B","green"
"2210","PARVB","green"
"2212","EGLN3","green"
"2217","SLC25A15","green"
"2239","TNS3","green"
"2263","ESAM","green"
"2283","SLC2A9","green"
"2340","HAS3","green"
"2341","ROPN1","green"
"2343","GPR17","green"
"2396","MEX3D","green"
"2412","LY6G6C","green"
"2418","LONRF3","green"
"2420","PPP1R13L","green"
"2445","FOS","green"
"2454","DENND4C","green"
"2489","KRT6A","green"
"2496","CUX2","green"
"2498","TSPAN13","green"
"2504","ARHGEF16","green"
"2508","NDUFS7","green"
"2524","NRBP1","green"
"2530","ARID3A","green"
"2537","FAM83A","green"
"2581","VCX2","green"
"2582","SMYD2","green"
"2586","GMCL1","green"
"2619","GALNT7","green"
"2634","OPN3","green"
"2662","CD276","green"
"2688","ING2","green"
"2713","MAP3K15","green"
"2718","GALM","green"
"2727","PHLDA2","green"
"2767","GPSM2","green"
"2772","NR2F6","green"
"2794","MYNN","green"
"2800","JAM2","green"
"2821","PDXK","green"
"2849","CT45A3","green"
"2877","WDR62","green"
"2884","ZBTB33","green"
"2887","ISM2","green"
"2888","SNORD100","green"
"2894","ZBTB10","green"
"2928","KISS1R","green"
"2943","YIPF3","green"
"2953","CTAGE6","green"
"2976","INF2","green"
"3002","BIRC7","green"
"3004","TEAD1","green"
"3020","BIN1","green"
"3041","LHX4","green"
"3054","TM9SF4","green"
"3076","CXCR6","green"
"3081","OR56B4","green"
"3088","AARS2","green"
"3090","MTHFD2","green"
"3099","C1orf115","green"
"3127","VLDLR","green"
"3178","PLPP2","green"
"3184","HTRA4","green"
"3191","FN1","green"
"3193","PPFIBP2","green"
"3217","PDCL3P4","green"
"3219","NEBL","green"
"3222","ANKRD9","green"
"3268","PTK2","green"
"3272","KDF1","green"
"3277","ARHGAP22","green"
"3281","PCSK6","green"
"3301","BZW2","green"
"3303","HTRA1","green"
"3319","TMED8","green"
"3370","OPN1LW","green"
"3384","C5orf30","green"
"3409","STAB2","green"
"3419","GALNT6","green"
"3479","CDYL","green"
"3526","N4BP3","green"
"3530","IFNA8","green"
"3543","KLHL24","green"
"3585","FRMD4A","green"
"3589","SLC12A3","green"
"3617","LENG1","green"
"3632","SPANXN5","green"
"3637","ZFP57","green"
"3642","CHIC2","green"
"3686","SYT8","green"
"3694","PPARG","green"
"3757","PDGFRL","green"
"3779","ITM2C","green"
"3780","XAGE3","green"
"3781","CST6","green"
"3782","ARL5B","green"
"3783","CPSF7","green"
"3837","HAND1","green"
"3867","KIF21A","green"
"3933","ZNF540","green"
"3967","C14orf119","green"
"3978","NFXL1","green"
"4006","ZNF518B","green"
"4011","FOXP1","green"
"4031","SMAD3","green"
"4086","KLF15","green"
"4093","RRAD","green"
"4125","TMEM139","green"
"4141","FKBP1A","green"
"4143","FAM60A","green"
"4149","LRCH1","green"
"4162","UBE2Q2","green"
"4167","SLC7A1","green"
"4168","VCY","green"
"4172","TFAP2C","green"
"4204","IRX4","green"
"4206","GPT2","green"
"4218","GPR146","green"
"4231","VEPH1","green"
"4234","IL2RB","green"
"4239","PLOD1","green"
"4252","CILP2","green"
"4263","SPIN4","green"
"4273","ADGRF4","green"
"4282","KAZALD1","green"
"4285","PGRMC1","green"
"4338","SPATA9","green"
"4363","ASAP3","green"
"4376","SHROOM3","green"
"4382","MYT1L","green"
"4435","UPK2","green"
"4464","PGBD2","green"
"4471","NBAS","green"
"4479","CEP152","green"
"4501","ZFAS1","green"
"4503","GFM2","green"
"4520","IL1RAP","green"
"4547","STARD7","green"
"4566","SLCO1B3","green"
"4577","MAGEA4","green"
"4595","SNAP23","green"
"4599","HSP90AA1","green"
"4605","WWC3","green"
"4615","BTBD7","green"
"4699","EFCAB13","green"
"4705","MAP6D1","green"
"4750","GRK4","green"
"4758","LAMA3","green"
"4769","SEMA6B","green"
"4771","LIPG","green"
"4795","ZBTB3","green"
"4808","NUAK1","green"
"4813","NOCT","green"
"4855","MSMO1","green"
"4863","ANKRD13A","green"
"4871","OR4K2","green"
"4873","SOD3","green"
"4885","CRKL","green"
"4888","PHF10","green"
"4891","CRABP2","green"
"4921","KAT14","green"
"4945","DGCR5","green"
"4946","ADGRV1","green"
"4963","RFK","green"
"4967","HACD2","green"
"4995","PNPLA3","green"
"5001","OR6B1","green"
"5036","CLEC1A","green"
"5088","GFRAL","green"
"5124","PRSS16","green"
"5134","ZNF35","green"
"5147","WDR45","green"
"5163","KIAA1024","green"
"5164","CXorf58","green"
"5174","DPP4","green"
"5217","PSAT1","green"
"5233","MAGEA9","green"
"5236","LYPD6B","green"
"5237","SDHAF1","green"
"5263","TRAPPC12","green"
"5269","RAC3","green"
"5304","WRAP53","green"
"5311","TBC1D10A","green"
"5332","IGSF9","green"
"5383","MYL10","green"
"5408","C4BPB","green"
"5421","CLCN7","green"
"5429","KRT18","green"
"5432","SLC39A4","green"
"5469","GCM1","green"
"5485","SLC39A8","green"
"5503","DDB1","green"
"5535","PDIA5","green"
"5544","C5orf38","green"
"5570","ERP29","green"
"5582","GTPBP10","green"
"5584","STX18","green"
"5587","ATP1A4","green"
"5596","ATP7B","green"
"5633","URB2","green"
"5637","FERMT1","green"
"5641","HMCES","green"
"5650","THRB","green"
"5792","ANKRD6","green"
"5813","CPM","green"
"5826","OPN1MW","green"
"5835","IDH3A","green"
"5838","AACS","green"
"5856","CLRN1","green"
"5863","ATP10B","green"
"5880","MAPKAPK5","green"
"5968","IGF2","green"
"5973","TGM5","green"
"6006","QPRT","green"
"6019","KIAA1522","green"
"6025","PTGES3L-AARSD1","green"
"6036","ALS2CL","green"
"6049","SOST","green"
"6054","PBX4","green"
"6121","PIGQ","green"
"6142","SH2D7","green"
"6197","LNX2","green"
"6199","SPRR2G","green"
"6203","LPCAT1","green"
"6204","ST7","green"
"6217","ATP4B","green"
"6264","TNFAIP3","green"
"6271","TMX4","green"
"6293","ARL14EPL","green"
"6294","PDE6H","green"
"6296","GJA5","green"
"6297","EVA1A","green"
"6319","SFI1","green"
"6326","EDN3","green"
"6346","NAV1","green"
"6369","BAIAP2L1","green"
"6378","RASA2","green"
"6396","OR9A2","green"
"6405","PDXDC1","green"
"6413","TMEM160","green"
"6429","LNP1","green"
"6433","DSG2","green"
"6434","CNTNAP4","green"
"6448","IGSF3","green"
"6454","FZD9","green"
"6466","PHGDH","green"
"6468","FAM53B","green"
"6472","HYAL4","green"
"6475","WDR44","green"
"6484","EPAS1","green"
"6527","SLCO2A1","green"
"6528","TDRD7","green"
"6530","DNAH11","green"
"6571","ADAM12","green"
"6604","FAM43A","green"
"6607","PLD5","green"
"6614","PAGE2B","green"
"6615","PDCD2L","green"
"6647","TTC5","green"
"6651","DSE","green"
"6675","RIMKLA","green"
"6709","NFATC1","green"
"6761","MST1","green"
"6766","SZRD1","green"
"6767","PGPEP1","green"
"6768","NKRF","green"
"6789","SLC1A5","green"
"6803","NMNAT2","green"
"6847","DAPK1","green"
"6869","PAPPA2","green"
"6882","OR5B2","green"
"6920","RPL13","green"
"6921","PLGRKT","green"
"6926","OXGR1","green"
"6960","VIT","green"
"6994","AGXT","green"
"7001","HES2","green"
"7010","DONSON","green"
"7015","PNMT","green"
"7028","CALCR","green"
"7035","CNTN5","green"
"7037","TMEM31","green"
"7052","APLP2","green"
"7095","ANKRD39","green"
"7122","CELSR2","green"
"7124","GMDS","green"
"7147","ANXA4","green"
"7162","CHMP4C","green"
"7195","ENOPH1","green"
"7197","COBL","green"
"7207","KCNK12","green"
"7279","PDZD7","green"
"7283","ABHD8","green"
"7290","HADHA","green"
"7301","RNASE7","green"
"7306","SLC10A7","green"
"7309","NQO2","green"
"7358","ZNF671","green"
"7367","NPC1","green"
"7386","KRTAP17-1","green"
"7389","ADAM19","green"
"7396","PTGES","green"
"7399","ENHO","green"
"7406","KDELR3","green"
"7412","C1orf106","green"
"7425","CMAS","green"
"7433","GALE","green"
"7436","ST3GAL2","green"
"7440","C1orf105","green"
"7449","GLCE","green"
"7480","VGLL3","green"
"7485","TOMM22","green"
"7499","TRIM71","green"
"7534","PYCR1","green"
"7546","CAMKK1","green"
"7577","CHMP4A","green"
"7595","DALRD3","green"
"7605","PITPNA","green"
"7615","VSTM2L","green"
"7619","GRM6","green"
"7662","TNS4","green"
"7714","CTNND2","green"
"7729","WDPCP","green"
"7735","STARD10","green"
"7753","FAM220A","green"
"7758","PROCR","green"
"7762","SLC29A3","green"
"7787","PLK2","green"
"7809","ERBB2","green"
"7824","ARNT2","green"
"7830","LOC284379","green"
"7839","DEPDC7","green"
"7888","NRIP1","green"
"7890","MMP15","green"
"7944","KLRC4","green"
"7949","APOBEC2","green"
"7969","CKS1B","green"
"7976","TMED3","green"
"7994","C10orf67","green"
"8012","VGLL1","green"
"8049","RCC2","green"
"8051","SSBP4","green"
"8056","CWC25","green"
"8069","SLC7A5","green"
"8077","SLC17A4","green"
"8104","IFT122","green"
"8108","TECR","green"
"8111","DECR1","green"
"8120","CMTM4","green"
"8144","TOMM34","green"
"8220","PRR23B","green"
"8224","OR2A7","green"
"8239","EIF6","green"
"8255","ENDOG","green"
"8277","GALNT14","green"
"8300","SCLY","green"
"8305","TEX35","green"
"8309","GIPC3","green"
"8334","OLR1","green"
"8358","HCG4","green"
"8363","ASCL2","green"
"8377","USP33","green"
"8423","ARX","green"
"8429","PAGE2","green"
"8461","AXIN2","green"
"8501","NUDT3","green"
"8507","TMPRSS6","green"
"8606","PKP3","green"
"8641","PHF2","green"
"8656","PIK3R2","green"
"8662","YPEL4","green"
"8691","TCEA3","green"
"8716","LUZP2","green"
"8730","SLCO4A1","green"
"8764","CCDC191","green"
"8774","TMEM52B","green"
"8803","CDSN","green"
"8816","PML","green"
"8824","EIF4EBP2","green"
"8831","OVCH2","green"
"8890","PSG5","green"
"8900","PTPRN2","green"
"8916","OR7D4","green"
"8920","ARHGEF5","green"
"8948","PRG2","green"
"8988","EIF4H","green"
"8999","GPR78","green"
"9002","CHAMP1","green"
"9070","FSTL3","green"
"9082","KRT19","green"
"9083","SERTAD4","green"
"9086","SLC29A2","green"
"9116","MGAT5","green"
"9118","COQ8A","green"
"9127","MYOZ1","green"
"9132","MELK","green"
"9158","AOC1","green"
"9167","GJB3","green"
"9200","GDPD3","green"
"9207","HMGN3","green"
"9280","SLX4","green"
"9297","RASSF7","green"
"9300","TFAP2A","green"
"9312","C1orf158","green"
"9319","MOB4","green"
"9325","QTRT2","green"
"9326","MFAP5","green"
"9327","CCNE1","green"
"9336","HMGB3","green"
"9359","REEP1","green"
"9400","DDOST","green"
"9407","GCN1","green"
"9408","DPF2","green"
"9412","PAX2","green"
"9442","VPS16","green"
"9487","ZSWIM4","green"
"9516","GUCA2B","green"
"9518","ST8SIA5","green"
"9525","SNORD64","green"
"9568","ITPR2","green"
"9570","RBFA","green"
"9606","ZNF280D","green"
"9610","ZNF688","green"
"9614","PHOX2B","green"
"9630","KRT16","green"
"9637","MDM2","green"
"9646","UGCG","green"
"9671","DAO","green"
"9680","NTF4","green"
"9682","C8G","green"
"9698","PGBD3","green"
"9725","PDGFB","green"
"9753","ERBB3","green"
"9763","CAMKMT","green"
"9768","NES","green"
"9793","RREB1","green"
"9812","SLC1A3","green"
"9820","LY6K","green"
"9869","PIK3C2G","green"
"9873","PIPOX","green"
"9939","ANLN","green"
"9968","ZNF618","green"
"10024","OR8G5","green"
"10035","FAM46A","green"
"10099","ANXA5","green"
"10161","SLC27A6","green"
"10179","TRIM29","green"
"10194","SMYD3","green"
"10242","CEP350","green"
"10249","LRRC45","green"
"10297","CAMKK2","green"
"10334","CHST14","green"
"10344","SIAE","green"
"10357","TMED9","green"
"10369","SHMT1","green"
"10371","MIF4GD","green"
"10382","SLC44A5","green"
"10385","GPR27","green"
"10390","SPPL2C","green"
"10409","SERPINE1","green"
"10417","NOTUM","green"
"10427","PLEKHG6","green"
"10471","CLINT1","green"
"10482","MBL1P","green"
"10494","FABP7","green"
"10524","ADAD1","green"
"10568","GNRH1","green"
"10578","ACSM2B","green"
"10619","IL6ST","green"
"10622","CHRM5","green"
"10626","DYNAP","green"
"10627","CLDN8","green"
"10632","TRIM8","green"
"10639","C5","green"
"10642","ZNF114","green"
"10684","SLC41A2","green"
"10696","EVI5L","green"
"10700","MGC57346","green"
"10744","KLHDC4","green"
"10775","CTSV","green"
"10782","ZNF525","green"
"10794","GTF2F1","green"
"10802","LIN28B","green"
"10843","NECTIN4","green"
"10859","ESRP1","green"
"10865","LYRM1","green"
"10879","TNFAIP8","green"
"10880","LSR","green"
"10915","ZNF813","green"
"10924","STRN","green"
"10943","CLDN19","green"
"10958","ABCA12","green"
"10970","PROSER2","green"
"10988","CERCAM","green"
"11037","EFCC1","green"
"11040","ZFP42","green"
"11046","LINC00997","green"
"11052","FAM83H","green"
"11068","PPY","green"
"11073","ADAM15","green"
"11083","FOSB","green"
"11089","TAS2R38","green"
"11092","ITM2B","green"
"11095","IDH2","green"
"11110","C12orf4","green"
"11121","IL17RE","green"
"11140","DNAJC13","green"
"11157","DOCK5","green"
"11164","RNF144B","green"
"11178","ELMO3","green"
"11182","FUCA1","green"
"11187","BTN2A2","green"
"11197","ARHGAP31","green"
"11200","TMEM30B","green"
"11204","LAMB2","green"
"11211","RBL1","green"
"11223","RHPN2","green"
"11230","DNAJB11","green"
"11244","RASGRF2","green"
"11248","KIAA0556","green"
"11267","KRT8","green"
"11290","IL17D","green"
"11303","KRTAP10-12","green"
"11314","FLJ20021","green"
"11353","DAZ3","green"
"11364","KRT6C","green"
"11373","FAT1","green"
"11384","FAM43B","green"
"11424","LRRC1","green"
"11444","MGAT4A","green"
"11466","SYDE1","green"
"11572","GBP6","green"
"11627","VGF","green"
"11685","SNAI1","green"
"11704","QSOX1","green"
"11706","ZBED9","green"
"11711","NET1","green"
"11758","SMARCB1","green"
"11825","DLX5","green"
"11830","HOXC13","green"
"11857","HS6ST1","green"
"11869","GKN1","green"
"11892","VWCE","green"
"11920","PTP4A1","green"
"11939","ENG","green"
"11945","CARF","green"
"11954","SH3GL3","green"
"11970","PORCN","green"
"11985","COBLL1","green"
"11993","FHOD3","green"
"12011","ALDH3B2","green"
"12041","ATRN","green"
"12042","CACNA1A","green"
"12070","OR1L6","green"
"12073","ZNF747","green"
"12110","PLA2G10","green"
"12137","MAGED1","green"
"12147","ECE2","green"
"12161","ACKR2","green"
"12164","NDUFB6","green"
"12179","GALR1","green"
"12184","PIK3CB","green"
"12199","SHROOM4","green"
"12223","BCAR3","green"
"12224","ZNF614","green"
"12226","CXXC4","green"
"12238","GUCA2A","green"
"12255","FAM98B","green"
"12293","HDAC4","green"
"12320","CTAGE15","green"
"12328","OXNAD1","green"
"12338","ZNF761","green"
"12343","CDC42EP1","green"
"12371","HEATR4","green"
"12381","DSC3","green"
"12408","SLC6A2","green"
"12431","GAA","green"
"12494","OR5H6","green"
"12509","FOXA1","green"
"12537","EIF5AL1","green"
"12567","TTTY23","green"
"12583","CRLF2","green"
"12587","CTRB2","green"
"12594","SERPINB7","green"
"12624","MMP12","green"
"12641","ANKRD24","green"
"12651","TRIM64","green"
"12659","PRPSAP1","green"
"12698","CYP11A1","green"
"12705","OR8G1","green"
"12708","COL6A5","green"
"12732","PRCP","green"
"12739","KIAA1958","green"
"12748","ELF3","green"
"12790","STRA13","green"
"12812","L1TD1","green"
"12822","SLC38A1","green"
"12839","DNAH12","green"
"12854","KLF5","green"
"12858","RPAIN","green"
"12875","DQX1","green"
"12883","KRT15","green"
"12892","KRT24","green"
"12902","AIF1L","green"
"12924","CDH1","green"
"12926","TMEM134","green"
"12949","BICD2","green"
"12968","SDR39U1","green"
"13016","SQLE","green"
"13034","SH2D3A","green"
"13077","OR2T1","green"
"13106","CCNF","green"
"13111","MRGPRX1","green"
"13119","ZNF410","green"
"13139","UCMA","green"
"13144","LAMA5","green"
"13193","CHN2","green"
"13209","CFB","green"
"13212","HIGD2A","green"
"13230","SNRPB","green"
"13246","PLOD3","green"
"13260","DAW1","green"
"13274","MT1X","green"
"13305","CCDC113","green"
"13308","PRSS27","green"
"13326","NRAS","green"
"13330","PERP","green"
"13363","KIAA1211L","green"
"13400","SLC50A1","green"
"13412","SCML1","green"
"13426","PRSS22","green"
"13427","KANK4","green"
"13439","INTS9","green"
"13451","FAM3C","green"
"13497","FIGNL2","green"
"13531","EXTL3","green"
"13533","UTP6","green"
"13534","GFOD1","green"
"13538","HTR3E","green"
"13542","VSIG10","green"
"13558","TRAPPC10","green"
"13567","WEE1","green"
"13569","WNT7A","green"
"13622","ENC1","green"
"13651","PUF60","green"
"13662","CSAD","green"
"13687","GABRD","green"
"13752","MYO18A","green"
"13761","KLHL30","green"
"13763","HSD3B1","green"
"13776","C2orf16","green"
"13805","CEP162","green"
"13813","ERVMER34-1","green"
"13814","TMCO4","green"
"13833","SUV39H1","green"
"13838","ST3GAL6","green"
"13841","BRI3","green"
"13855","PRRG1","green"
"13862","UGT2B28","green"
"13873","UQCR10","green"
"13890","FAM110A","green"
"13893","ZBED4","green"
"13910","IRX2","green"
"13931","C9orf16","green"
"13938","SERPINB4","green"
"13943","GLI4","green"
"13952","FAM83B","green"
"13958","PDE10A","green"
"13977","ADAM6","green"
"13983","DCDC1","green"
"14015","SLC22A8","green"
"14017","PNMA3","green"
"14030","TMEM105","green"
"14045","IFT172","green"
"14066","SNORD25","green"
"14110","CIC","green"
"14130","EPHB2","green"
"14140","SWAP70","green"
"14146","STAT4","green"
"14160","MTHFD1","green"
"14161","SH3BP4","green"
"14167","FGFBP1","green"
"14190","MAPK8IP2","green"
"14205","ZBTB37","green"
"14207","CTCF","green"
"14224","PRKACA","green"
"14226","HERC1","green"
"14258","MTRF1L","green"
"14303","PIP4K2C","green"
"14316","CAPN12","green"
"14321","SPSB2","green"
"14322","HSPG2","green"
"14360","SH3GL1","green"
"14391","COL27A1","green"
"14437","ABCB9","green"
"14446","SYNGR2","green"
"14473","DLX3","green"
"14477","QSOX2","green"
"14493","GPC4","green"
"14525","ITGB6","green"
"14572","JADE3","green"
"14579","SLC35F2","green"
"14590","C8orf31","green"
"14600","CKAP4","green"
"14604","TBCB","green"
"14633","SPRED2","green"
"14637","CDH10","green"
"14644","RCOR2","green"
"14662","FA2H","green"
"14689","RAB25","green"
"14692","RALBP1","green"
"14699","NFAM1","green"
"14726","LAMB4","green"
"14728","ACTR1A","green"
"14733","KLK4","green"
"14740","AMOT","green"
"14759","THG1L","green"
"14780","MED22","green"
"14789","ZNF439","green"
"14800","DCST2","green"
"14831","CEP85L","green"
"14854","SERPINB5","green"
"14884","SCAND1","green"
"14885","C4orf26","green"
"14900","HDAC7","green"
"14903","ADPRH","green"
"14915","POLR1B","green"
"14917","ZGPAT","green"
"14928","XAGE2","green"
"14968","PTH1R","green"
"14983","GPT","green"
"14995","RPUSD3","green"
"14996","INSM2","green"
"15013","C11orf84","green"
"15051","CHMP7","green"
"15053","EZR","green"
"15098","CLIC3","green"
"15104","PRSS8","green"
"15118","UBQLN3","green"
"15164","TAF5L","green"
"15169","C10orf95","green"
"15176","MAP3K12","green"
"15178","WDR64","green"
"15183","SIGLEC15","green"
"15204","SRGAP2","green"
"15206","GCDH","green"
"15210","PRKAG2","green"
"15262","PTPRF","green"
"15288","ACKR3","green"
"15293","CSF2RB","green"
"15355","COL17A1","green"
"15393","CROCC","green"
"15409","ATP6V0D2","green"
"15436","LRTM1","green"
"15441","NGB","green"
"15466","PGM1","green"
"15471","SPINT2","green"
"15509","LOXHD1","green"
"15514","S100P","green"
"15522","TNFSF10","green"
"15552","KRT5","green"
"15588","NAV2","green"
"15608","ALDH1L1","green"
"15639","HEBP1","green"
"15649","EBI3","green"
"15652","PACRG","green"
"15678","TARBP1","green"
"15679","TUBGCP5","green"
"15685","PRDX6","green"
"15691","GPRIN2","green"
"15693","TMC4","green"
"15717","LRRC31","green"
"15738","MAG","green"
"15746","IQGAP1","green"
"15747","CNFN","green"
"15765","GALNT1","green"
"15791","IRF2BPL","green"
"15797","MYH14","green"
"15803","CCDC47","green"
"15806","SLC31A1","green"
"15817","NRG4","green"
"15820","SLC16A4","green"
"15836","PRKG2","green"
"15875","KCNJ6","green"
"15907","DHX37","green"
"15911","ART4","green"
"15935","SHTN1","green"
"15952","C16orf74","green"
"15998","HEXB","green"
"16007","GLDC","green"
"16016","CEP128","green"
"16025","LHX2","green"
"16062","IGF2BP3","green"
"16068","LAIR2","green"
"16069","ACVRL1","green"
"16071","CPA2","green"
"16090","KLRG2","green"
"16092","ESX1","green"
"16144","SLC4A7","green"
"16153","NPHP4","green"
"16177","FSCN1","green"
"16190","ADCY10","green"
"16208","RFPL4B","green"
"16210","TCERG1L","green"
"16229","BTBD10","green"
"16248","COPG2","green"
"16255","VPS13C","green"
"16267","PGF","green"
"16272","ZRANB3","green"
"16275","CCDC117","green"
"16292","CCNYL1","green"
"16297","INPP5B","green"
"16300","LVRN","green"
"16307","TTF2","green"
"16406","HCAR1","green"
"16442","EEPD1","green"
"16452","CBLC","green"
"16472","MYCBP2","green"
"16494","DDR1","green"
"16505","ZNF705A","green"
"16514","ZNHIT3","green"
"16525","YDJC","green"
"16536","UPK1B","green"
"16556","DDX54","green"
"16572","SLITRK6","green"
"16574","MRPS9","green"
"16590","CORO6","green"
"16600","DISP2","green"
"16604","SCIN","green"
"16611","NKAIN4","green"
"16634","KDM1A","green"
"16638","DDX43","green"
"16643","CASQ1","green"
"16670","LY6D","green"
"16691","GALNT2","green"
"16790","ERCC2","green"
"16870","LINC01568","green"
"16871","LOC101927053","green"
"16917","ATXN7L3B","green"
"16925","TMEM218","green"
"17088","LINC00430","green"
"17106","OSTM1-AS1","green"
"17114","LOC101927531","green"
"17183","MAPK8","green"
"17184","LOC102723703","green"
"17205","LOC100507140","green"
"17213","LOC101929027","green"
"17225","LOC101928207","green"
"17272","DNAH6","green"
"17372","TPBG","green"
"17427","LINC01487","green"
"17452","MIR181A2HG","green"
"17478","LINC01038","green"
"17485","LOC105377443","green"
"17523","OR2A1-AS1","green"
"17549","LOC105369266","green"
"17566","MYCNUT","green"
"17597","LOC101927960","green"
"17612","WSPAR","green"
"17619","FAM83A-AS1","green"
"17661","LOC101928714","green"
"17697","LOC400743","green"
"17698","LOC729680///IL17D","green"
"17789","LOC105274304","green"
"17836","C1orf132","green"
"17850","LOC102724849","green"
"17872","LOC101929625","green"
"17918","LINC01629","green"
"17942","C5orf66-AS2","green"
"17971","TEX29","green"
"17976","FANCE","green"
"18004","DNASE1L3","green"
"18017","C11orf52","green"
"18023","DUSP5P1","green"
"18084","GRHL2","green"
"18103","PRRG2","green"
"18120","RRP8","green"
"18138","GTSF1","green"
"18139","MAGEA8","green"
"18237","RHOD","green"
"18287","GATSL3","green"
"18310","GATA2","green"
"18318","PIP5KL1","green"
"18338","BLZF1","green"
"18358","SERINC2","green"
"18360","DRAP1","green"
"18362","DAP","green"
"18375","RUSC1-AS1","green"
"18387","SEMA4C","green"
"18388","LRIT2","green"
"18397","SLC39A1","green"
"18398","PIK3C2B","green"
"18401","ITLN2","green"
"18410","CYP2R1","green"
"18414","DEFB110","green"
"18436","CNPY2","green"
"18447","KLK9","green"
"18471","FOXJ3","green"
"18473","FAT2","green"
"18515","HSF2BP","green"
"18518","A2ML1","green"
"18556","CLDN7","green"
"18585","H19","green"
"18589","SFRP1","green"
"18592","TTTY10","green"
"18637","PDCD1LG2","green"
"18666","KRT7","green"
"18678","HPGD","green"
"18686","ASPHD2","green"
"18688","TM4SF5","green"
"18695","TNNI2","green"
"18704","SLC1A6","green"
"18707","SPATA22","green"
"18710","RAB8B","green"
"18736","ZNF69","green"
"18789","ANXA1","green"
"18791","C3orf52","green"
"18801","SLC25A52","green"
"18813","GDF15","green"
"18815","ARPIN","green"
"18826","FGD6","green"
"18837","TTC19","green"
"18845","HRK","green"
"18876","HADHB","green"
"18888","TTR","green"
"18908","SLC19A2","green"
"18909","FSTL1","green"
"18947","PRAMEF9","green"
"18948","JTB","green"
"18950","BGN","green"
"18957","LEP","green"
"18963","CERS5","green"
"18967","ATP4A","green"
"18990","KIF5C","green"
"19009","SLFN13","green"
"19039","GM2A","green"
"19047","PRDX4","green"
"19050","REPS1","green"
"19058","HUNK","green"
"19066","DLX6","green"
"19098","DDC","green"
"19100","SLC5A11","green"
"19140","GLOD5","green"
"19149","INS-IGF2","green"
"19153","CAPN10","green"
"19231","ALDH18A1","green"
"19238","UBE2A","green"
"19244","USP6NL","green"
"19271","MYO7B","green"
"19272","TATDN3","green"
"19278","TENM3","green"
"19281","FITM2","green"
"19283","MYO5B","green"
"19300","FBXO46","green"
"19315","ERGIC3","green"
"19331","PRDX1","green"
"19338","EFNA1","green"
"19362","HN1","green"
"19363","DCAF4","green"
"19366","PKP2","green"
"19399","DAZ4","green"
"19402","TAC3","green"
"19405","F11R","green"
"19408","GATA3","green"
"12","CCNE2","grey"
"35","LILRA6","grey"
"39","CTRB1","grey"
"47","MMP17","grey"
"52","ABCD4","grey"
"55","PYROXD1","grey"
"58","LOC440040","grey"
"72","CYP2A13","grey"
"74","GPC2","grey"
"83","GSG1","grey"
"86","RESP18","grey"
"89","RNF2","grey"
"94","TMEM25","grey"
"96","TFDP3","grey"
"113","EML6","grey"
"122","OCLN","grey"
"124","OR6C76","grey"
"133","GOLGA6L1","grey"
"138","DHX57","grey"
"139","CSNK1G3","grey"
"143","SNED1","grey"
"147","PAPOLB","grey"
"152","MRPL43","grey"
"153","LRBA","grey"
"157","KIF2B","grey"
"171","PRM3","grey"
"184","IFNA17","grey"
"192","UCN2","grey"
"193","OR1S1","grey"
"197","PARD3B","grey"
"204","APEX2","grey"
"210","TSHB","grey"
"219","PRAMEF1","grey"
"227","TMCO5A","grey"
"231","HTR7","grey"
"239","TMOD2","grey"
"249","GAS2","grey"
"253","PLSCR5","grey"
"261","CLDN25","grey"
"263","SPATA31A1","grey"
"273","PRDM2","grey"
"274","HIST1H2BL","grey"
"276","CSN1S1","grey"
"277","TMEM232","grey"
"282","DHX40","grey"
"287","BICDL1","grey"
"296","MSH4","grey"
"309","ATP1B4","grey"
"311","C3orf22","grey"
"312","HIST1H1B","grey"
"313","GPRIN1","grey"
"314","GPR26","grey"
"327","FUT3","grey"
"329","ATP8B3","grey"
"333","CCR5","grey"
"336","SPANXA1","grey"
"343","CCSER1","grey"
"363","DENND6A","grey"
"378","ERBB4","grey"
"380","CST11","grey"
"383","NRSN1","grey"
"384","CCL24","grey"
"387","RNF208","grey"
"389","SNHG5","grey"
"392","ADRA1A","grey"
"404","NPTX1","grey"
"410","METTL8","grey"
"411","SMC6","grey"
"414","MYL12B","grey"
"419","NUDT1","grey"
"432","DNAJC5B","grey"
"459","MPHOSPH9","grey"
"464","SPANXN1","grey"
"468","GML","grey"
"488","ZDHHC22","grey"
"494","CPSF4L","grey"
"503","MPV17L","grey"
"508","CLDN22","grey"
"514","MURC","grey"
"516","GFY","grey"
"530","OTOA","grey"
"533","SLC27A4","grey"
"554","BPY2C","grey"
"557","SLC7A11","grey"
"558","TAS1R2","grey"
"561","KRTAP3-1","grey"
"572","SPAG11B","grey"
"575","SCGB1A1","grey"
"577","SELV","grey"
"580","PRDM16","grey"
"589","OR5R1","grey"
"608","UGT3A2","grey"
"617","THAP12","grey"
"630","PRLHR","grey"
"642","SF3A1","grey"
"646","GSC","grey"
"650","CHST11","grey"
"658","GTF2E1","grey"
"665","PDE6B","grey"
"666","CDC14A","grey"
"667","STAB1","grey"
"672","DAZ1","grey"
"677","KRTAP19-4","grey"
"678","PLAU","grey"
"680","KCNQ1","grey"
"683","CCDC190","grey"
"686","SYNDIG1L","grey"
"688","PNLDC1","grey"
"701","ACTL9","grey"
"702","TSPAN10","grey"
"705","OR2T27","grey"
"709","NKX6-3","grey"
"718","SNORD28","grey"
"723","CCKAR","grey"
"725","PTPRS","grey"
"726","FBXO48","grey"
"732","PES1","grey"
"750","ARSA","grey"
"755","EPC2","grey"
"758","RRP7A","grey"
"762","OR4M2","grey"
"767","ATCAY","grey"
"768","KCNH7","grey"
"778","RPL24","grey"
"784","LCE2D","grey"
"787","OR14A16","grey"
"821","ABO","grey"
"823","OR51B5","grey"
"826","STARD6","grey"
"840","IBA57","grey"
"853","EREG","grey"
"860","POLR2J","grey"
"863","PODXL2","grey"
"864","CD200R1L","grey"
"867","LOC440446","grey"
"876","KCNC2","grey"
"891","CYP2B6","grey"
"898","NCAPH","grey"
"903","NSFL1C","grey"
"922","CYP27C1","grey"
"933","IQCB1","grey"
"937","ZC3H8","grey"
"938","KDM8","grey"
"941","ACTL6B","grey"
"943","MINOS1","grey"
"958","KRTAP1-1","grey"
"964","CENPI","grey"
"972","ZCCHC13","grey"
"974","ABT1","grey"
"979","DAZ2","grey"
"990","DRD2","grey"
"994","KHDRBS2","grey"
"1011","DEFB104A","grey"
"1016","CCDC114","grey"
"1018","DAOA","grey"
"1026","DSCAM","grey"
"1031","KRTAP2-4","grey"
"1047","LGALS7B","grey"
"1048","GALNT5","grey"
"1051","ASAH2","grey"
"1053","MAGEC3","grey"
"1055","CLGN","grey"
"1057","SLC46A3","grey"
"1062","YJEFN3","grey"
"1070","TNFSF11","grey"
"1083","HMOX2","grey"
"1084","SEZ6","grey"
"1104","DDX25","grey"
"1106","GABBR1","grey"
"1113","NANOG","grey"
"1122","OR51G1","grey"
"1128","NEFL","grey"
"1130","PSMA8","grey"
"1133","CACNA1F","grey"
"1135","ARL8A","grey"
"1142","B3GALT1","grey"
"1146","KRT35","grey"
"1163","SCUBE3","grey"
"1164","RFC5","grey"
"1166","TFAP2D","grey"
"1167","POLR2C","grey"
"1168","LAMTOR3","grey"
"1173","FAM71F1","grey"
"1174","KRTAP4-5","grey"
"1176","HBS1L","grey"
"1178","WDR89","grey"
"1194","PRG3","grey"
"1209","CNGA2","grey"
"1212","CSMD3","grey"
"1230","1-Dec","grey"
"1247","MROH5","grey"
"1248","GPR152","grey"
"1252","SLC34A1","grey"
"1268","ARR3","grey"
"1275","IFNA5","grey"
"1286","H2BFWT","grey"
"1294","NPY2R","grey"
"1300","OMP","grey"
"1301","SGK2","grey"
"1303","ARID1B","grey"
"1309","FAM170A","grey"
"1318","ATP5G2","grey"
"1334","OR8H2","grey"
"1338","KLHL33","grey"
"1339","AADACL3","grey"
"1341","STX1B","grey"
"1350","ANKH","grey"
"1351","HIPK1","grey"
"1361","ARHGAP11B","grey"
"1372","FRMPD2","grey"
"1391","TREH","grey"
"1392","LINC00905","grey"
"1395","SMIM10L2B","grey"
"1407","NR4A1","grey"
"1419","JRK","grey"
"1427","CHRND","grey"
"1442","TAC4","grey"
"1449","KIAA0754","grey"
"1451","TMEM8C","grey"
"1453","TTTY18","grey"
"1456","APOBEC3D","grey"
"1464","FSHR","grey"
"1465","C20orf85","grey"
"1466","TBC1D7","grey"
"1479","G6PC2","grey"
"1480","LGALS7","grey"
"1484","NATD1","grey"
"1485","VIL1","grey"
"1519","GUCA1A","grey"
"1522","MATN4","grey"
"1529","SLC22A12","grey"
"1532","SSPO","grey"
"1537","C19orf67","grey"
"1539","ZNF248","grey"
"1544","CERS1","grey"
"1545","IFNL2","grey"
"1548","CCDC59","grey"
"1557","LGR6","grey"
"1563","LRPPRC","grey"
"1566","PTP4A3","grey"
"1569","PRDM6","grey"
"1571","C10orf35","grey"
"1573","HTN1","grey"
"1577","GDNF","grey"
"1578","AKR1C1","grey"
"1588","APC","grey"
"1590","AMBRA1","grey"
"1597","OR5K2","grey"
"1602","ZNF208","grey"
"1605","MADCAM1","grey"
"1615","UBE2MP1","grey"
"1619","WDR11","grey"
"1621","NBPF6","grey"
"1628","PON1","grey"
"1630","ZNF687","grey"
"1638","PRB2","grey"
"1647","DEUP1","grey"
"1651","UBE2B","grey"
"1654","RASGEF1C","grey"
"1665","PROCA1","grey"
"1672","EPHA10","grey"
"1679","HGH1","grey"
"1688","TTTY17A","grey"
"1690","TEX33","grey"
"1697","HIST1H2AI","grey"
"1715","KRT40","grey"
"1728","CFAP77","grey"
"1729","FLAD1","grey"
"1730","SNORD54","grey"
"1735","LHFPL3","grey"
"1746","ZNF286A","grey"
"1751","TFF2","grey"
"1752","OR2L1P","grey"
"1757","CFAP73","grey"
"1758","WNT8A","grey"
"1759","ARSF","grey"
"1761","RBM46","grey"
"1778","TMEM72","grey"
"1793","BCL2L14","grey"
"1797","WBSCR28","grey"
"1802","CCR9","grey"
"1817","PEX12","grey"
"1819","ONECUT2","grey"
"1836","IFNA13","grey"
"1842","MED4","grey"
"1845","GAGE2C","grey"
"1856","SH2D4B","grey"
"1857","OR5I1","grey"
"1863","TAOK3","grey"
"1873","CT45A2","grey"
"1874","KCNK9","grey"
"1878","ZNF599","grey"
"1887","LHX3","grey"
"1916","UMODL1","grey"
"1925","ZNF92","grey"
"1930","COL9A1","grey"
"1950","STAMBP","grey"
"1953","CADPS","grey"
"1976","DCC","grey"
"1983","OR13C2","grey"
"1986","CFHR4","grey"
"1998","THEM5","grey"
"2004","SPDYE1","grey"
"2008","HS3ST4","grey"
"2015","JMJD6","grey"
"2020","OPALIN","grey"
"2021","FMR1","grey"
"2025","PRY","grey"
"2029","IL22RA1","grey"
"2032","KLK13","grey"
"2039","HMGA2","grey"
"2040","XCL2","grey"
"2046","BSX","grey"
"2048","ZPBP2","grey"
"2049","FOXN1","grey"
"2053","MAGEC1","grey"
"2075","PITX3","grey"
"2084","HSPB9","grey"
"2117","KRTAP23-1","grey"
"2125","KRT28","grey"
"2129","SLC17A6","grey"
"2136","INS","grey"
"2147","PRPS1","grey"
"2149","GPSM1","grey"
"2151","SPTBN2","grey"
"2164","POC1B","grey"
"2170","C21orf59","grey"
"2191","TRIM74","grey"
"2201","UBAP1L","grey"
"2207","IL31RA","grey"
"2209","DUSP26","grey"
"2216","C16orf46","grey"
"2222","TCTE1","grey"
"2223","DNAH17","grey"
"2225","MC3R","grey"
"2226","LINC00161","grey"
"2231","SERPINE3","grey"
"2242","BRDT","grey"
"2243","NPY1R","grey"
"2247","CACNA1S","grey"
"2253","EPHA5","grey"
"2257","SAA4","grey"
"2264","CFC1","grey"
"2269","AWAT1","grey"
"2270","HNRNPF","grey"
"2272","KCNB2","grey"
"2274","TMEM52","grey"
"2279","APBA1","grey"
"2281","ZNF780B","grey"
"2282","GMNC","grey"
"2289","LCE1E","grey"
"2303","CWF19L2","grey"
"2310","UROC1","grey"
"2315","ZFAND4","grey"
"2326","TRIM73","grey"
"2327","MYCBPAP","grey"
"2330","SNORD42A","grey"
"2332","SPATA3","grey"
"2350","PCSK9","grey"
"2357","GRK3","grey"
"2361","USH1C","grey"
"2380","WNK4","grey"
"2384","OR52N4","grey"
"2387","IL4","grey"
"2400","NWD2","grey"
"2403","TOMM20L","grey"
"2404","KRT2","grey"
"2414","TGM4","grey"
"2415","RFX4","grey"
"2427","NEUROD1","grey"
"2431","FSD1","grey"
"2441","ZNF229","grey"
"2442","TIAF1","grey"
"2447","MAD2L2","grey"
"2451","RNF126","grey"
"2480","PDIA3","grey"
"2486","C1orf87","grey"
"2487","CACNG7","grey"
"2495","SLC25A31","grey"
"2502","TEX14","grey"
"2510","OR7E24","grey"
"2515","HIST1H4I","grey"
"2517","EXOC3L2","grey"
"2519","FAM155B","grey"
"2532","TEX28","grey"
"2533","OR10H2","grey"
"2536","OR4S1","grey"
"2542","LOC401554","grey"
"2543","MCF2L2","grey"
"2551","POU3F3","grey"
"2552","KIN","grey"
"2556","SCGB3A2","grey"
"2562","PLCXD2","grey"
"2564","ZG16","grey"
"2574","TEPP","grey"
"2577","HUS1","grey"
"2593","GABRG1","grey"
"2596","CT45A5","grey"
"2599","C2orf81","grey"
"2603","RAB12","grey"
"2604","SERPINA12","grey"
"2606","TBRG1","grey"
"2607","PHOX2A","grey"
"2608","LPAR4","grey"
"2611","STON2","grey"
"2612","SPATA32","grey"
"2614","FAM69C","grey"
"2618","BOLL","grey"
"2622","LPO","grey"
"2624","DPEP1","grey"
"2628","PRR20A","grey"
"2633","ASB17","grey"
"2646","FAM166A","grey"
"2650","KCNA1","grey"
"2656","POLG2","grey"
"2663","HLA-A","grey"
"2669","ZNF592","grey"
"2671","NKAIN2","grey"
"2672","PIKFYVE","grey"
"2683","GPR61","grey"
"2685","TEX22","grey"
"2691","PKD1L1","grey"
"2698","SLC2A5","grey"
"2701","SLC7A5P2","grey"
"2707","KCNF1","grey"
"2710","ARPP21","grey"
"2734","EPHA6","grey"
"2735","CSNK1A1L","grey"
"2741","REPIN1","grey"
"2748","POTED","grey"
"2749","UTS2","grey"
"2753","IGSF23","grey"
"2765","GPR52","grey"
"2775","DLX1","grey"
"2793","CDRT15L2","grey"
"2796","STK32C","grey"
"2798","EBLN1","grey"
"2802","ZP3","grey"
"2812","MROH6","grey"
"2816","PRAMEF8","grey"
"2819","DNAJA1","grey"
"2822","LOC389834","grey"
"2836","OR6B2","grey"
"2841","IGSF11","grey"
"2847","AGBL3","grey"
"2851","SPACA5","grey"
"2854","RIIAD1","grey"
"2857","CELF5","grey"
"2868","WBP2NL","grey"
"2870","NKX2-4","grey"
"2891","S100A7A","grey"
"2895","PKDREJ","grey"
"2904","SLED1","grey"
"2905","GRK2","grey"
"2907","SMR3B","grey"
"2917","GEMIN7","grey"
"2919","DDN","grey"
"2921","OR1A1","grey"
"2924","LRAT","grey"
"2925","CACNB4","grey"
"2926","RPL28","grey"
"2933","AKAP14","grey"
"2940","BHLHA15","grey"
"2941","CYP3A43","grey"
"2946","SLC10A4","grey"
"2958","GPR149","grey"
"2972","GIP","grey"
"2980","SIM2","grey"
"2988","HRH1","grey"
"3006","CCHCR1","grey"
"3014","C5orf64","grey"
"3017","KCNJ12","grey"
"3019","NFKBIB","grey"
"3023","ADGRA3","grey"
"3024","EMX1","grey"
"3025","ATP11A","grey"
"3040","MIOX","grey"
"3042","SPRR2F","grey"
"3056","PRSS56","grey"
"3057","KCNN1","grey"
"3058","FAM221A","grey"
"3063","OR2M3","grey"
"3068","HAO1","grey"
"3072","TEX13B","grey"
"3084","CPNE2","grey"
"3085","BTBD11","grey"
"3086","RBMY1J","grey"
"3092","FBXW12","grey"
"3093","LPCAT4","grey"
"3094","PCDHGA4","grey"
"3096","COL2A1","grey"
"3117","OR14C36","grey"
"3133","PIH1D1","grey"
"3140","IFNA21","grey"
"3141","ADAM22","grey"
"3145","CPEB2-AS1","grey"
"3150","PPIL2","grey"
"3160","LIMS1","grey"
"3164","ENPP7","grey"
"3169","USF3","grey"
"3171","HHIP","grey"
"3174","ZNF646","grey"
"3179","PRM1","grey"
"3180","KRTAP27-1","grey"
"3192","MAGEA6","grey"
"3205","TMEM151A","grey"
"3206","SEC14L3","grey"
"3213","MYL12A","grey"
"3216","SLC35F3","grey"
"3225","MT3","grey"
"3237","ASB4","grey"
"3244","KRTAP2-2","grey"
"3250","SSX2","grey"
"3252","C16orf89","grey"
"3262","RIMBP2","grey"
"3263","ACBD4","grey"
"3278","SIGLEC12","grey"
"3292","ADAMTS14","grey"
"3296","MIP","grey"
"3297","RPRML","grey"
"3305","HIST1H4D","grey"
"3307","SLC7A14","grey"
"3310","PTPRZ1","grey"
"3311","CHRNB2","grey"
"3316","AQP4","grey"
"3321","IFNK","grey"
"3335","GABRR2","grey"
"3341","TIGD7","grey"
"3345","RBMY1D","grey"
"3366","CAPN13","grey"
"3369","ARHGAP40","grey"
"3372","DEFB121","grey"
"3380","MAGEA2","grey"
"3394","KRTAP10-7","grey"
"3400","OCSTAMP","grey"
"3403","FGF4","grey"
"3416","CELA3A","grey"
"3417","TLX1","grey"
"3424","NEUROD4","grey"
"3426","UCP1","grey"
"3427","NXPH2","grey"
"3429","TUBA4B","grey"
"3434","PGA3","grey"
"3437","WFDC9","grey"
"3438","TMEM104","grey"
"3439","CABP1","grey"
"3451","UBTFL1","grey"
"3453","RTL1","grey"
"3455","CCDC105","grey"
"3456","FOLH1B","grey"
"3457","ADRA2B","grey"
"3465","OR4K17","grey"
"3469","MROH9","grey"
"3485","OR6S1","grey"
"3494","TMCC1","grey"
"3505","TXNRD3NB","grey"
"3525","MSL3P1","grey"
"3538","SLC5A4","grey"
"3541","PNLIPRP3","grey"
"3557","PFDN2","grey"
"3560","NPM1","grey"
"3570","KRTAP22-1","grey"
"3574","FUT11","grey"
"3586","FABP1","grey"
"3590","OR51A7","grey"
"3605","HORMAD2","grey"
"3606","RXFP2","grey"
"3608","CLCA4","grey"
"3611","ATP5S","grey"
"3652","KPTN","grey"
"3655","KCNIP4","grey"
"3662","CHIA","grey"
"3665","FSD1L","grey"
"3666","IMPG2","grey"
"3672","WDR87","grey"
"3677","PGPEP1L","grey"
"3682","GSTP1","grey"
"3684","MBD3L1","grey"
"3702","LCE1A","grey"
"3703","GPR31","grey"
"3704","NMS","grey"
"3706","OR1J2","grey"
"3707","PLK3","grey"
"3712","VSX1","grey"
"3718","B3GNT6","grey"
"3731","HLA-DQA2","grey"
"3735","HYPM","grey"
"3736","MFF","grey"
"3737","SPACA7","grey"
"3738","SNORD18B","grey"
"3744","OR2L2","grey"
"3751","ABCG8","grey"
"3754","CDKL5","grey"
"3756","TACR1","grey"
"3765","WDR17","grey"
"3768","RPP38","grey"
"3785","AVPR1B","grey"
"3786","SSX5","grey"
"3787","LOC148709","grey"
"3793","G2E3","grey"
"3797","SASS6","grey"
"3798","NT5DC1","grey"
"3804","RAET1E","grey"
"3806","SYTL5","grey"
"3811","HOXA1","grey"
"3812","A4GNT","grey"
"3819","EDN2","grey"
"3830","ACTR3B","grey"
"3831","PTPN20","grey"
"3850","NPHS1","grey"
"3863","CELF3","grey"
"3866","BLOC1S3","grey"
"3868","SPINK4","grey"
"3874","KBTBD13","grey"
"3883","RP1","grey"
"3888","ZNF568","grey"
"3893","SLC5A1","grey"
"3897","BACH1","grey"
"3905","PCP4L1","grey"
"3908","FOLH1","grey"
"3909","MAP4K4","grey"
"3923","PRM2","grey"
"3927","ZIC3","grey"
"3934","TRIM49D1","grey"
"3935","MYL7","grey"
"3943","KCNA6","grey"
"3947","CDRT15","grey"
"3951","OR52N2","grey"
"3963","PAX1","grey"
"3971","TTC9B","grey"
"3977","PHKG1","grey"
"3979","CSTF1","grey"
"3981","FNDC8","grey"
"3987","IFNB1","grey"
"3996","OR13F1","grey"
"4009","PRDM15","grey"
"4049","RBBP8NL","grey"
"4062","PDZRN4","grey"
"4071","OR6Y1","grey"
"4079","SLC26A9","grey"
"4081","NUTM2F","grey"
"4089","LOC388882","grey"
"4091","RPP25L","grey"
"4097","SLC25A32","grey"
"4100","FAM221B","grey"
"4102","RASSF1","grey"
"4106","PEX6","grey"
"4107","MEN1","grey"
"4110","COMMD2","grey"
"4115","OR5V1","grey"
"4116","CDRT15P2","grey"
"4118","C16orf71","grey"
"4120","LHX1","grey"
"4123","CCL7","grey"
"4139","ZPBP","grey"
"4145","SLC10A2","grey"
"4148","DCDC2B","grey"
"4151","MRPS31P5","grey"
"4152","SNX32","grey"
"4174","AMN","grey"
"4181","SERPINA9","grey"
"4189","CREG2","grey"
"4198","WASF2","grey"
"4203","NR1I3","grey"
"4210","C3orf20","grey"
"4213","SSTR4","grey"
"4220","EFNA3","grey"
"4225","AK7","grey"
"4228","NHLRC4","grey"
"4232","LRIT1","grey"
"4243","TCP10","grey"
"4253","LEKR1","grey"
"4257","SNX18","grey"
"4259","IFNA6","grey"
"4260","RHOH","grey"
"4284","USF2","grey"
"4290","PRKAR2B","grey"
"4291","IZUMO2","grey"
"4292","GPR22","grey"
"4293","KRTAP4-8","grey"
"4296","OR6K2","grey"
"4297","ANP32E","grey"
"4301","KCNJ3","grey"
"4322","MCHR1","grey"
"4347","WNT7B","grey"
"4348","EN2","grey"
"4349","GDF1","grey"
"4364","NOTCH2NL","grey"
"4366","COL6A4P2","grey"
"4367","ZNF397","grey"
"4370","FETUB","grey"
"4374","ADAM5","grey"
"4386","EFNA5","grey"
"4388","KIR2DL5B","grey"
"4406","RAB3C","grey"
"4408","WDR45B","grey"
"4411","FOXR1","grey"
"4424","MLN","grey"
"4427","ETV1","grey"
"4433","VANGL1","grey"
"4438","SLC25A33","grey"
"4439","ATPIF1","grey"
"4452","CUL4A","grey"
"4458","OR6Q1","grey"
"4459","OR1J4","grey"
"4460","PRODH2","grey"
"4461","DIO1","grey"
"4475","GRIP2","grey"
"4476","NME9","grey"
"4488","OR2V2","grey"
"4498","DDX39B","grey"
"4500","OR1I1","grey"
"4502","MT2A","grey"
"4508","RPE65","grey"
"4513","NR6A1","grey"
"4524","FREM3","grey"
"4541","OR10A2","grey"
"4542","PAX5","grey"
"4558","DHPS","grey"
"4574","IFI6","grey"
"4594","HRNR","grey"
"4602","EIF4E1B","grey"
"4611","LOC646471","grey"
"4613","C14orf178","grey"
"4614","PROC","grey"
"4623","CCDC38","grey"
"4636","OR5K3","grey"
"4645","MMP21","grey"
"4648","SPO11","grey"
"4661","OTX2","grey"
"4662","PEBP1","grey"
"4663","PTER","grey"
"4666","PABPC1L2B","grey"
"4673","SLC12A1","grey"
"4683","C20orf144","grey"
"4689","KRTAP10-6","grey"
"4690","MAGEB2","grey"
"4694","BPTF","grey"
"4701","SMIM23","grey"
"4706","DGKB","grey"
"4714","OR10J3","grey"
"4719","GRM5","grey"
"4732","LOC388813","grey"
"4733","IFNA1","grey"
"4737","PJA2","grey"
"4745","GPR39","grey"
"4747","OR4X2","grey"
"4786","FRG2B","grey"
"4789","BTG4","grey"
"4798","ACVR1C","grey"
"4801","MAEA","grey"
"4815","DNAJB13","grey"
"4817","MPC1L","grey"
"4830","SNORA66","grey"
"4833","RAX","grey"
"4856","TTTY4B","grey"
"4875","OR4F21","grey"
"4880","PPP1R1B","grey"
"4889","ANO5","grey"
"4890","SCN5A","grey"
"4895","OR4F4","grey"
"4897","BFSP2","grey"
"4910","DUOX1","grey"
"4911","CC2D1B","grey"
"4912","OR8S1","grey"
"4922","OR10AD1","grey"
"4929","ANKRD11","grey"
"4930","SMG7","grey"
"4933","ZFP41","grey"
"4937","GTSF1L","grey"
"4938","TAF11","grey"
"4941","SSTR5","grey"
"4942","ZNF709","grey"
"4951","SSX1","grey"
"4957","OR5A2","grey"
"4959","CBY3","grey"
"4965","OR4F29","grey"
"4973","KCNQ5","grey"
"4975","TOPAZ1","grey"
"4991","SSX3","grey"
"4992","SLC17A3","grey"
"4994","NEUROG2","grey"
"4997","EPS8L2","grey"
"5010","MT1A","grey"
"5011","TGM7","grey"
"5014","ADH6","grey"
"5015","OTX1","grey"
"5018","FAM21A","grey"
"5020","ZNF566","grey"
"5030","CTBP2","grey"
"5032","CFAP126","grey"
"5039","HHATL","grey"
"5040","CSPG4P1Y","grey"
"5048","GSTCD","grey"
"5075","CITED1","grey"
"5078","HAVCR1","grey"
"5082","ZNF98","grey"
"5083","ANKS6","grey"
"5085","GGN","grey"
"5099","OR4C16","grey"
"5102","LIX1","grey"
"5120","SPANXN3","grey"
"5152","NKX2-2","grey"
"5161","DLX2","grey"
"5168","OR5L1","grey"
"5170","MGAT5B","grey"
"5176","PGK2","grey"
"5179","CABS1","grey"
"5184","CFC1B","grey"
"5192","TBX21","grey"
"5193","H2AFB3","grey"
"5202","ITGB3BP","grey"
"5204","HIST1H1A","grey"
"5207","SOWAHD","grey"
"5208","UGT2A3","grey"
"5213","PIK3R3","grey"
"5220","AXIN1","grey"
"5222","SULT2A1","grey"
"5223","LRTM2","grey"
"5229","FAM92B","grey"
"5243","NSMCE2","grey"
"5244","ART3","grey"
"5260","TAS2R41","grey"
"5285","OR2W1","grey"
"5288","PRKG1","grey"
"5305","TRDN","grey"
"5307","OR5B3","grey"
"5309","CCDC141","grey"
"5317","TBC1D3C","grey"
"5321","TSPY2","grey"
"5329","SLC47A2","grey"
"5330","SMLR1","grey"
"5333","C14orf180","grey"
"5335","KRTAP9-3","grey"
"5339","ADRB3","grey"
"5344","OR7G2","grey"
"5350","TAAR6","grey"
"5352","ZNF804B","grey"
"5355","GPD1L","grey"
"5359","ADD2","grey"
"5362","HIST1H2AA","grey"
"5365","ZNF141","grey"
"5373","HRH3","grey"
"5378","TMEM89","grey"
"5379","NDOR1","grey"
"5386","NANOS2","grey"
"5387","KRTAP8-1","grey"
"5390","LINC01235","grey"
"5396","GPR50","grey"
"5397","TAS2R19","grey"
"5414","MOGAT3","grey"
"5416","BCL2L15","grey"
"5418","HIST1H2AK","grey"
"5423","EBF2","grey"
"5427","EXD1","grey"
"5428","OR52J3","grey"
"5434","TRH","grey"
"5446","MRPL28","grey"
"5448","DEFB127","grey"
"5453","PCSK2","grey"
"5454","AKNAD1","grey"
"5455","QRICH2","grey"
"5476","C3orf79","grey"
"5488","KCNK10","grey"
"5491","FOXP2","grey"
"5494","OR8U9","grey"
"5498","ZNF429","grey"
"5500","IQGAP3","grey"
"5501","NCL","grey"
"5504","MAP3K19","grey"
"5505","AMBP","grey"
"5511","DKK2","grey"
"5514","OR10AG1","grey"
"5546","BOD1L1","grey"
"5553","OR8J1","grey"
"5563","PAGE5","grey"
"5564","YKT6","grey"
"5574","HES3","grey"
"5576","GRM7","grey"
"5578","CARS","grey"
"5579","DNAJC6","grey"
"5581","TUBGCP3","grey"
"5590","SYT6","grey"
"5595","NHEJ1","grey"
"5602","SIM1","grey"
"5609","ZIC2","grey"
"5610","OR5M3","grey"
"5617","SRSF2","grey"
"5624","FGF23","grey"
"5629","TAS2R13","grey"
"5639","CHST4","grey"
"5651","FAM90A1","grey"
"5659","KRTAP9-4","grey"
"5663","GRIFIN","grey"
"5664","GPR182","grey"
"5672","LATS1","grey"
"5673","OR4K1","grey"
"5677","PDZD8","grey"
"5680","CSF3","grey"
"5681","GAL3ST3","grey"
"5694","CNBD1","grey"
"5697","ST8SIA3","grey"
"5704","OR4F6","grey"
"5717","HLA-DRB5","grey"
"5720","SLC32A1","grey"
"5725","BAGE4","grey"
"5729","FBXL16","grey"
"5734","KCNJ4","grey"
"5744","KRTAP12-2","grey"
"5750","GINS1","grey"
"5751","OR51L1","grey"
"5752","C3orf67","grey"
"5770","XKRY","grey"
"5775","UGT1A4","grey"
"5791","CHD5","grey"
"5803","RRM2B","grey"
"5812","ABHD12B","grey"
"5815","AVPR2","grey"
"5818","C15orf53","grey"
"5833","ST8SIA6","grey"
"5840","PLGLB2","grey"
"5843","LIMK1","grey"
"5846","ARL17A","grey"
"5855","UNC45B","grey"
"5860","SPATA31D1","grey"
"5868","NLRP9","grey"
"5871","FOXD4L3","grey"
"5872","PWP2","grey"
"5873","TNFRSF11A","grey"
"5877","LINC01197","grey"
"5878","KCNJ11","grey"
"5884","LINC00632","grey"
"5888","C1orf146","grey"
"5900","SIGLECL1","grey"
"5914","DMRTA2","grey"
"5918","C9orf135","grey"
"5925","BHLHE22","grey"
"5934","MICAL3","grey"
"5936","APBB1","grey"
"5938","IL6","grey"
"5947","POM121L10P","grey"
"5948","GCFC2","grey"
"5952","EPHX3","grey"
"5953","ZNF391","grey"
"5954","CBLN4","grey"
"5957","SP8","grey"
"5958","CAPNS2","grey"
"5971","TSPEAR","grey"
"5989","SNORA62","grey"
"5991","DOK1","grey"
"6003","MMD2","grey"
"6015","TRAF6","grey"
"6017","SLC26A1","grey"
"6021","SLC22A14","grey"
"6029","OR51I2","grey"
"6031","CHST9","grey"
"6048","GADL1","grey"
"6053","RIMS1","grey"
"6064","TDRD5","grey"
"6066","PRR25","grey"
"6071","GABRR3","grey"
"6076","ST7-AS2","grey"
"6077","PRDM5","grey"
"6081","SAA1","grey"
"6085","ZNF492","grey"
"6102","PIWIL1","grey"
"6105","SPRR2E","grey"
"6109","TSPYL6","grey"
"6112","SZT2","grey"
"6116","SLC22A24","grey"
"6119","IKBIP","grey"
"6126","ZNF776","grey"
"6127","HGFAC","grey"
"6129","SYP","grey"
"6131","CD5L","grey"
"6134","KRTAP5-3","grey"
"6137","PKHD1","grey"
"6152","CYP7B1","grey"
"6158","OR1D5","grey"
"6159","PGLYRP2","grey"
"6160","DCT","grey"
"6165","ZNF44","grey"
"6172","PRR27","grey"
"6181","DLG1","grey"
"6185","GRID1","grey"
"6187","PLEKHG4B","grey"
"6192","RAG2","grey"
"6193","ODF2L","grey"
"6194","SPATA19","grey"
"6201","CACNG4","grey"
"6206","LOC613266","grey"
"6208","FAM19A1","grey"
"6210","NEUROD2","grey"
"6214","C1orf54","grey"
"6227","BMPER","grey"
"6234","PKD1L3","grey"
"6235","SPIN1","grey"
"6236","PPP1R42","grey"
"6238","PCDHA9","grey"
"6240","DNMBP","grey"
"6247","ALDH3A1","grey"
"6250","TBC1D29","grey"
"6252","CALCA","grey"
"6259","BEX1","grey"
"6260","ETV3L","grey"
"6270","BMP15","grey"
"6275","CYP26C1","grey"
"6284","CYP4Z2P","grey"
"6285","TAS2R45","grey"
"6289","OR2AK2","grey"
"6322","GPR148","grey"
"6345","ZDHHC12","grey"
"6356","WNT9B","grey"
"6383","OR5T3","grey"
"6387","UNC5D","grey"
"6389","BPIFB4","grey"
"6400","OR6C3","grey"
"6406","MAB21L1","grey"
"6410","SYNGAP1","grey"
"6411","OGFOD2","grey"
"6416","RPPH1","grey"
"6424","LOC388242","grey"
"6427","SULT1E1","grey"
"6430","AIFM3","grey"
"6438","MYO18B","grey"
"6462","OR7A17","grey"
"6464","SERINC4","grey"
"6470","TP53AIP1","grey"
"6473","EFHB","grey"
"6483","PROKR1","grey"
"6485","ZSCAN22","grey"
"6487","FADS6","grey"
"6502","ERI3","grey"
"6510","SLURP1","grey"
"6519","DNAH14","grey"
"6521","PLPPR5","grey"
"6529","SERPINA7","grey"
"6540","SPATA21","grey"
"6555","RBP3","grey"
"6556","OR56A4","grey"
"6564","FAM71C","grey"
"6574","C9orf131","grey"
"6577","OR14I1","grey"
"6581","SCT","grey"
"6585","CFTR","grey"
"6588","TTBK2","grey"
"6589","USP22","grey"
"6590","CCDC122","grey"
"6599","RPL7L1","grey"
"6612","C7orf31","grey"
"6619","C16orf96","grey"
"6638","NUDT4","grey"
"6639","UGT1A6","grey"
"6641","POU1F1","grey"
"6652","EIF2AK2","grey"
"6657","EPPIN","grey"
"6667","SLC22A7","grey"
"6672","OR4N2","grey"
"6678","SCRT2","grey"
"6680","CCDC87","grey"
"6689","SLC6A14","grey"
"6713","MAGEE2","grey"
"6726","WDR20","grey"
"6727","B4GALNT2","grey"
"6731","HIST1H3J","grey"
"6735","CCDC144B","grey"
"6742","PAX3","grey"
"6750","OR2D3","grey"
"6752","OPRD1","grey"
"6756","ESRRB","grey"
"6760","TXNDC8","grey"
"6765","RCC1","grey"
"6769","RAD18","grey"
"6778","WDTC1","grey"
"6779","FIGF","grey"
"6784","KRTAP1-5","grey"
"6785","TAS2R42","grey"
"6792","OR4C15","grey"
"6805","SWSAP1","grey"
"6808","SERPIND1","grey"
"6822","GAN","grey"
"6827","TBPL1","grey"
"6833","ODF1","grey"
"6836","LOC344967","grey"
"6838","OR52E2","grey"
"6841","RHOXF2","grey"
"6842","C10orf55","grey"
"6843","CYP4F22","grey"
"6854","NR1H4","grey"
"6855","SLC25A41","grey"
"6864","BRSK2","grey"
"6866","PPM1E","grey"
"6881","OR6C4","grey"
"6887","CA6","grey"
"6903","MEIG1","grey"
"6911","MFN1","grey"
"6912","OR10K2","grey"
"6919","C6orf10","grey"
"6923","FBXW8","grey"
"6936","HMHB1","grey"
"6943","RIPPLY3","grey"
"6948","IL5","grey"
"6949","LOC400002","grey"
"6953","CXCL3","grey"
"6954","FAM186B","grey"
"6958","MASP2","grey"
"6962","TFPT","grey"
"6973","EN1","grey"
"6981","SLC38A11","grey"
"6983","LCE2C","grey"
"6987","PRAMEF2","grey"
"6990","EXOG","grey"
"6992","YWHAEP7","grey"
"7006","B3GALT2","grey"
"7014","RNF133","grey"
"7016","SDR16C5","grey"
"7021","GJA9","grey"
"7022","CCL17","grey"
"7027","MLANA","grey"
"7032","TMC2","grey"
"7043","KIFC3","grey"
"7045","CNTNAP5","grey"
"7058","TMEM200C","grey"
"7060","PLA2G2E","grey"
"7064","CES5AP1","grey"
"7068","TTC21B","grey"
"7074","ZNF474","grey"
"7077","RC3H2","grey"
"7083","PROB1","grey"
"7084","MAGEB16","grey"
"7085","PCSK1","grey"
"7088","OR5M10","grey"
"7090","RNF145","grey"
"7092","KRTAP10-10","grey"
"7096","GLIS2","grey"
"7099","CRYAA","grey"
"7103","IFITM5","grey"
"7107","C22orf42","grey"
"7113","SLC9C1","grey"
"7119","SPRR1B","grey"
"7127","WDR3","grey"
"7129","SLC5A5","grey"
"7131","PCDHGA9","grey"
"7139","TBC1D3P1-DHX40P1","grey"
"7140","OR7A5","grey"
"7142","NRN1L","grey"
"7149","PLEKHN1","grey"
"7160","OR6C6","grey"
"7165","OR7A10","grey"
"7168","CSN2","grey"
"7174","SPATS1","grey"
"7176","C16orf70","grey"
"7179","CCDC187","grey"
"7180","ADCYAP1R1","grey"
"7182","FOXR2","grey"
"7188","C9orf40","grey"
"7196","HTR3D","grey"
"7205","OR5AN1","grey"
"7211","TGIF2LX","grey"
"7219","LIPK","grey"
"7221","TMPRSS11A","grey"
"7222","HIST1H3C","grey"
"7226","RPL10","grey"
"7242","GJD2","grey"
"7244","TMC3","grey"
"7251","LRRC52","grey"
"7264","NODAL","grey"
"7270","POLR2J4","grey"
"7271","LOC200726","grey"
"7273","PNLIPRP2","grey"
"7294","IRS4","grey"
"7320","PCDHA7","grey"
"7321","OPN4","grey"
"7323","PFKL","grey"
"7329","SPANXD","grey"
"7330","CT45A6","grey"
"7344","KRT74","grey"
"7345","OTOS","grey"
"7349","CHL1","grey"
"7369","KBTBD12","grey"
"7371","TKTL2","grey"
"7390","HPGDS","grey"
"7394","LINC00520","grey"
"7408","AMTN","grey"
"7421","KRTAP12-3","grey"
"7423","FCN2","grey"
"7430","CD164L2","grey"
"7431","PRMT8","grey"
"7439","VWA3B","grey"
"7451","ITSN2","grey"
"7458","C19orf57","grey"
"7459","PTCD3","grey"
"7465","PLG","grey"
"7466","OR5D18","grey"
"7469","OCM2","grey"
"7484","TNRC6A","grey"
"7486","OR1L4","grey"
"7495","SIAH3","grey"
"7496","PHF6","grey"
"7503","OR6K6","grey"
"7505","OR4D9","grey"
"7510","LIMS3","grey"
"7511","OR2A14","grey"
"7518","MRGPRD","grey"
"7526","KCNA7","grey"
"7539","MAGI2","grey"
"7540","OR6V1","grey"
"7547","INSRR","grey"
"7549","ADGRF2","grey"
"7552","SNORD56B","grey"
"7563","SS18L1","grey"
"7568","GABRA3","grey"
"7578","OTOP2","grey"
"7583","GAGE4","grey"
"7593","S100G","grey"
"7614","TAS2R60","grey"
"7621","SLC35G5","grey"
"7624","NSUN4","grey"
"7631","OR5H14","grey"
"7632","ARGFX","grey"
"7633","SOX1","grey"
"7637","KRT71","grey"
"7640","GAB4","grey"
"7643","TSPY1","grey"
"7648","OR1K1","grey"
"7650","ANKRD1","grey"
"7653","LYNX1","grey"
"7656","P2RX6","grey"
"7660","MPPED1","grey"
"7676","LCE1F","grey"
"7679","MGC70870","grey"
"7686","SPRR1A","grey"
"7707","KRTAP9-2","grey"
"7723","RBMY1B","grey"
"7725","TTTY2","grey"
"7738","CFAP57","grey"
"7741","MINK1","grey"
"7742","OR10A6","grey"
"7770","NPVF","grey"
"7775","LECT2","grey"
"7777","PGA5","grey"
"7785","IGFL4","grey"
"7790","CDKN2A","grey"
"7798","CDK5R2","grey"
"7801","USH1G","grey"
"7808","ACTL7A","grey"
"7816","PCDHGA1","grey"
"7819","PFN3","grey"
"7838","TRIM42","grey"
"7841","FSIP2","grey"
"7845","KRTAP4-7","grey"
"7849","CFHR5","grey"
"7853","GJB4","grey"
"7860","COX15","grey"
"7861","MMP16","grey"
"7866","LCE3D","grey"
"7868","LCE1D","grey"
"7870","MAGEB18","grey"
"7873","MMEL1","grey"
"7874","SGCZ","grey"
"7878","CXCL13","grey"
"7881","OR13C9","grey"
"7882","OR4C6","grey"
"7892","GJB6","grey"
"7898","KLK5","grey"
"7900","CD207","grey"
"7912","QRFP","grey"
"7917","FSHB","grey"
"7924","SYNE3","grey"
"7925","CRYBB3","grey"
"7927","SLC39A12","grey"
"7940","PATE1","grey"
"7947","KRTAP20-1","grey"
"7948","CRX","grey"
"7950","CTAG1B","grey"
"7958","IBSP","grey"
"7966","OR8B3","grey"
"7970","C9orf163","grey"
"7975","LRRC39","grey"
"7981","TRHR","grey"
"7990","SCART1","grey"
"7992","INHBA","grey"
"8015","NUGGC","grey"
"8018","LDHAL6B","grey"
"8022","OR3A2","grey"
"8031","FOXE3","grey"
"8033","CPS1-IT1","grey"
"8039","GOLGA6L9","grey"
"8050","CABP2","grey"
"8059","IL25","grey"
"8060","SPANXN2","grey"
"8070","HOXB9","grey"
"8079","CST9L","grey"
"8083","LRRN1","grey"
"8089","WI2-2373I1.2","grey"
"8098","OR8B8","grey"
"8099","FLG","grey"
"8105","OR5AK2","grey"
"8107","SNORD4B","grey"
"8117","C10orf62","grey"
"8121","VCY1B","grey"
"8122","OR13C5","grey"
"8125","SPINK7","grey"
"8151","MYT1","grey"
"8157","PPP3R2","grey"
"8168","ERAS","grey"
"8171","HS6ST3","grey"
"8177","B3GNT7","grey"
"8179","WIF1","grey"
"8180","PLA2G1B","grey"
"8181","FABP6","grey"
"8183","FANCD2OS","grey"
"8199","STRA8","grey"
"8205","GSDMC","grey"
"8228","HPS4","grey"
"8238","CNGA3","grey"
"8244","TCTE3","grey"
"8246","MRGPRX4","grey"
"8251","PLPPR3","grey"
"8259","IMPG1","grey"
"8260","SCAI","grey"
"8267","MC4R","grey"
"8269","TFF1","grey"
"8273","DEFB105A","grey"
"8278","LECT1","grey"
"8280","DEFB123","grey"
"8281","DCD","grey"
"8283","EMC8","grey"
"8284","CDX4","grey"
"8285","PM20D1","grey"
"8295","SLC17A1","grey"
"8298","GUCA1C","grey"
"8311","MAGEA1","grey"
"8319","CCDC36","grey"
"8320","PDZD3","grey"
"8322","SFRP2","grey"
"8325","SPATC1","grey"
"8339","HIST1H4A","grey"
"8340","WFDC13","grey"
"8344","TMEM121","grey"
"8346","ELOF1","grey"
"8349","FGF3","grey"
"8350","DUS3L","grey"
"8351","ZNF222","grey"
"8352","C1orf137","grey"
"8357","OR5T2","grey"
"8361","TSSK4","grey"
"8362","KRT26","grey"
"8364","HACL1","grey"
"8367","ZYG11A","grey"
"8369","C3orf84","grey"
"8378","SPATA45","grey"
"8381","PIGC","grey"
"8382","PKLR","grey"
"8387","GUCY2F","grey"
"8393","ZFAT-AS1","grey"
"8394","LOC643201","grey"
"8397","SLC6A17","grey"
"8410","SETD6","grey"
"8411","SLC6A19","grey"
"8414","GAS2L1","grey"
"8424","OR56B1","grey"
"8435","PLEKHD1","grey"
"8443","IPMK","grey"
"8445","SV2C","grey"
"8447","NDUFB1","grey"
"8448","SIRT3","grey"
"8450","PCDHGA7","grey"
"8451","GCG","grey"
"8457","OR6N2","grey"
"8468","ALX1","grey"
"8476","OR5B21","grey"
"8487","SYT3","grey"
"8490","PLA2G2F","grey"
"8502","TMEM244","grey"
"8505","WDR53","grey"
"8508","LHFPL1","grey"
"8514","RTN4RL2","grey"
"8533","FDCSP","grey"
"8534","GCGR","grey"
"8543","ABCC6","grey"
"8546","C17orf105","grey"
"8554","COX6B2","grey"
"8556","DNAH10","grey"
"8558","FXYD4","grey"
"8561","RAB41","grey"
"8567","OR52M1","grey"
"8578","YTHDC2","grey"
"8579","POU3F2","grey"
"8584","IL24","grey"
"8592","TRIM43B","grey"
"8597","TMEM81","grey"
"8600","SHCBP1L","grey"
"8620","ADAMTS16","grey"
"8622","SSX7","grey"
"8623","ATP6V1G3","grey"
"8634","SNX9","grey"
"8639","BSND","grey"
"8651","OR10G3","grey"
"8657","CHODL","grey"
"8664","C7orf66","grey"
"8677","USP17L2","grey"
"8690","SYNGR4","grey"
"8695","CYP4A22","grey"
"8700","KRT17P5","grey"
"8714","GPR158","grey"
"8719","FIBCD1","grey"
"8721","BIRC8","grey"
"8729","GLTPD2","grey"
"8731","ZBTB6","grey"
"8735","AMELY","grey"
"8737","CCT8L2","grey"
"8743","MUC4","grey"
"8752","ERG","grey"
"8762","OR5K4","grey"
"8771","FRMD5","grey"
"8772","UHRF1BP1","grey"
"8775","XRN2","grey"
"8777","KRT39","grey"
"8785","TEKT4","grey"
"8788","LDHC","grey"
"8793","RLIM","grey"
"8796","MPC2","grey"
"8799","KIF19","grey"
"8801","MUC6","grey"
"8802","FPGT","grey"
"8805","FAM26E","grey"
"8807","ZNF764","grey"
"8809","ONECUT1","grey"
"8810","SNTG1","grey"
"8819","ASTL","grey"
"8828","NKX2-1","grey"
"8829","OR10R2","grey"
"8835","ANP32D","grey"
"8841","ZNF548","grey"
"8848","GAD2","grey"
"8852","TMEM63B","grey"
"8853","EYA3","grey"
"8861","C12orf45","grey"
"8862","KRTAP6-3","grey"
"8864","GCM2","grey"
"8868","SYT9","grey"
"8869","CHRNA9","grey"
"8872","FNTB","grey"
"8878","LCE3C","grey"
"8880","PMPCB","grey"
"8896","SDCCAG8","grey"
"8899","GRK5","grey"
"8903","ERICH6B","grey"
"8909","ANKEF1","grey"
"8910","C11orf57","grey"
"8928","TCEAL6","grey"
"8931","SPATA5L1","grey"
"8934","CYP2C19","grey"
"8951","ALX3","grey"
"8957","CYP4F2","grey"
"8961","OPRPN","grey"
"8968","C19orf54","grey"
"8972","TDGF1P3","grey"
"8973","OLFM3","grey"
"8976","BBC3","grey"
"8989","AANAT","grey"
"8990","C11orf42","grey"
"8993","PBOV1","grey"
"8995","OR7C1","grey"
"9001","CXorf66","grey"
"9010","GSTT1","grey"
"9018","ZNF19","grey"
"9020","OR5A1","grey"
"9031","MED17","grey"
"9036","GOLGA6L22","grey"
"9044","TAS2R43","grey"
"9045","PROP1","grey"
"9052","KRTAP7-1","grey"
"9053","OTUD6A","grey"
"9059","11-Mar","grey"
"9062","AHSG","grey"
"9067","TMEFF2","grey"
"9075","OR2B2","grey"
"9091","PDE6C","grey"
"9095","ZFAND1","grey"
"9103","TTC24","grey"
"9106","MALT1","grey"
"9113","TRA2A","grey"
"9120","ISL2","grey"
"9121","USH2A","grey"
"9129","SLC16A8","grey"
"9142","FGF7","grey"
"9147","GPR179","grey"
"9152","PARL","grey"
"9161","GPR156","grey"
"9166","PLD6","grey"
"9170","GIF","grey"
"9175","DEFB118","grey"
"9185","KLB","grey"
"9187","OR10G8","grey"
"9190","DCHS2","grey"
"9198","POTEJ","grey"
"9205","PCK1","grey"
"9206","SYT10","grey"
"9210","HPSE2","grey"
"9221","AQP2","grey"
"9226","SYCE1","grey"
"9230","OR10G9","grey"
"9247","STYX","grey"
"9265","LENG9","grey"
"9273","GPRC6A","grey"
"9281","OR5H1","grey"
"9282","LRP6","grey"
"9289","FGF14","grey"
"9290","ZBTB32","grey"
"9299","UBXN7","grey"
"9315","TEX9","grey"
"9321","MAST1","grey"
"9330","RNASE11","grey"
"9342","ART5","grey"
"9352","CDH18","grey"
"9357","ANKRD45","grey"
"9365","KAT2B","grey"
"9369","XKR9","grey"
"9381","PDCD6","grey"
"9382","SNUPN","grey"
"9406","OR52E4","grey"
"9416","VIPAS39","grey"
"9418","PEBP4","grey"
"9427","SLC9A3","grey"
"9434","SUN5","grey"
"9438","OR9I1","grey"
"9451","ATP2B2","grey"
"9452","AKAP4","grey"
"9460","CUZD1","grey"
"9463","IL23R","grey"
"9468","OR4N4","grey"
"9472","KIAA1841","grey"
"9481","KMT5C","grey"
"9486","IL22","grey"
"9493","IRX1","grey"
"9495","GJB5","grey"
"9508","F13B","grey"
"9526","PIWIL3","grey"
"9535","RAB14","grey"
"9539","CYP4A11","grey"
"9546","METTL2B","grey"
"9560","DEFB106A","grey"
"9561","GLT6D1","grey"
"9573","GC","grey"
"9574","PLK1","grey"
"9580","CHRNB3","grey"
"9583","CALR","grey"
"9592","AMHR2","grey"
"9595","LENEP","grey"
"9599","RACK1","grey"
"9611","MCF2L","grey"
"9618","LCE1B","grey"
"9620","SPSB4","grey"
"9622","SPIN2A","grey"
"9638","PRSS33","grey"
"9641","LINC01120","grey"
"9648","CEP97","grey"
"9654","HPCAL4","grey"
"9663","RPS2","grey"
"9664","HHLA2","grey"
"9669","OR6C75","grey"
"9690","SLC10A5","grey"
"9695","OR4Q3","grey"
"9699","PCMTD1","grey"
"9701","FOXD3","grey"
"9702","OXR1","grey"
"9712","VARS2","grey"
"9716","NUTM1","grey"
"9723","NEK10","grey"
"9733","PPP1R17","grey"
"9734","SLC35G6","grey"
"9756","OR2T33","grey"
"9770","METTL4","grey"
"9772","GALNTL5","grey"
"9778","OR10A7","grey"
"9779","DRD3","grey"
"9780","PCDHB7","grey"
"9785","NOX3","grey"
"9807","FCRL4","grey"
"9811","VPREB1","grey"
"9815","NR2E1","grey"
"9818","PRKAR1A","grey"
"9823","TRPV5","grey"
"9825","PLEKHG5","grey"
"9826","NUP62","grey"
"9830","OR4N5","grey"
"9831","RBMY1F","grey"
"9842","HRC","grey"
"9846","RAG1","grey"
"9850","VN1R4","grey"
"9852","TSSK2","grey"
"9853","SLC9A2","grey"
"9856","ODF3B","grey"
"9864","OR2A20P","grey"
"9865","SPATA5","grey"
"9878","SNORD43","grey"
"9880","TMEM213","grey"
"9882","OR1N1","grey"
"9886","OR9A4","grey"
"9889","OR2T10","grey"
"9895","TMPRSS5","grey"
"9898","L1CAM","grey"
"9900","BAHD1","grey"
"9908","TBR1","grey"
"9913","NLRP13","grey"
"9920","GANAB","grey"
"9925","CASP14","grey"
"9929","FAM187B","grey"
"9940","TAS2R7","grey"
"9950","OR13C4","grey"
"9960","DGAT2L6","grey"
"9966","SDR9C7","grey"
"9974","TMPRSS11E","grey"
"9980","POU4F2","grey"
"9982","MYOD1","grey"
"9986","BEND4","grey"
"9987","DEFB108B","grey"
"9989","GPR83","grey"
"9990","COL9A3","grey"
"9999","GHRHR","grey"
"10005","CT47A11","grey"
"10006","UGT1A10","grey"
"10022","HAO2","grey"
"10033","DLGAP1","grey"
"10034","C2orf70","grey"
"10038","PCDHA11","grey"
"10040","SGMS1","grey"
"10042","NEU3","grey"
"10043","ASB15","grey"
"10045","F7","grey"
"10047","NLRC3","grey"
"10054","RTKN2","grey"
"10057","PCDH8","grey"
"10061","KCNQ4","grey"
"10063","ATOH1","grey"
"10065","PMP2","grey"
"10077","GON4L","grey"
"10079","OR5B12","grey"
"10081","OR4C11","grey"
"10093","APOE","grey"
"10096","NONO","grey"
"10102","SLC28A3","grey"
"10108","TET1","grey"
"10109","SCN1A","grey"
"10114","ZNF41","grey"
"10130","CRYBA2","grey"
"10134","AP5M1","grey"
"10142","TTI1","grey"
"10146","SLC35A1","grey"
"10150","PPP1R35","grey"
"10154","SLC2A13","grey"
"10155","KRT38","grey"
"10163","PFKFB1","grey"
"10166","DKFZP434I0714","grey"
"10168","ZNF675","grey"
"10170","LPA","grey"
"10174","FOXL1","grey"
"10180","DUSP28","grey"
"10185","RD3","grey"
"10189","OR2M1P","grey"
"10191","OR9Q1","grey"
"10193","SNORD38B","grey"
"10200","SNRPC","grey"
"10209","RP1L1","grey"
"10224","MAN1A1","grey"
"10225","DYDC1","grey"
"10235","IFNA14","grey"
"10237","KCTD12","grey"
"10238","CA14","grey"
"10241","FRMD1","grey"
"10252","TAF3","grey"
"10260","TMPRSS11F","grey"
"10261","CTAGE1","grey"
"10272","CENPL","grey"
"10275","BHLHE23","grey"
"10293","CLEC6A","grey"
"10299","SBF2-AS1","grey"
"10308","GLYATL3","grey"
"10312","CERS3","grey"
"10313","ERAP2","grey"
"10322","OR52I1","grey"
"10326","LCE5A","grey"
"10332","RRH","grey"
"10333","ADIG","grey"
"10335","AKT2","grey"
"10356","OR2A25","grey"
"10370","C7orf62","grey"
"10378","IGFL1","grey"
"10387","TAAR1","grey"
"10398","SRMS","grey"
"10402","KLF17","grey"
"10410","KRTAP5-4","grey"
"10412","ZSCAN10","grey"
"10414","OR2C1","grey"
"10418","CYP2W1","grey"
"10421","GNS","grey"
"10438","DISC2","grey"
"10439","KRT4","grey"
"10440","MBD3L3","grey"
"10442","SAGE1","grey"
"10445","CPB2","grey"
"10446","UGT1A1","grey"
"10448","OR2T34","grey"
"10449","PCDHB1","grey"
"10451","RLN2","grey"
"10455","WFDC5","grey"
"10456","PTGER1","grey"
"10462","ZCCHC7","grey"
"10464","PIH1D3","grey"
"10467","TAS2R4","grey"
"10472","MIA","grey"
"10485","RPL31P11","grey"
"10497","RNF151","grey"
"10498","PPP5C","grey"
"10506","CTCFL","grey"
"10509","PABPC1L2A","grey"
"10522","GNAT2","grey"
"10523","KLK7","grey"
"10529","OR1Q1","grey"
"10530","FAM153A","grey"
"10537","CAGE1","grey"
"10538","DIS3L2","grey"
"10540","CLVS1","grey"
"10559","OR8D2","grey"
"10597","TSPAN19","grey"
"10598","GALP","grey"
"10607","HIST1H1E","grey"
"10612","DNTT","grey"
"10613","RPS25","grey"
"10614","CDC27","grey"
"10623","UNC93A","grey"
"10633","PCDHGB3","grey"
"10641","PDZD9","grey"
"10660","SLC25A48","grey"
"10661","PXDNL","grey"
"10664","PDYN","grey"
"10666","EFCAB9","grey"
"10674","CASP8AP2","grey"
"10687","EYA1","grey"
"10693","NBPF22P","grey"
"10694","ATP1B2","grey"
"10697","HFM1","grey"
"10714","PCDHB11","grey"
"10716","KCNC3","grey"
"10725","SHANK1","grey"
"10727","LCNL1","grey"
"10729","LYZL4","grey"
"10734","ZSWIM2","grey"
"10737","GOLGB1","grey"
"10739","UTS2R","grey"
"10742","OR10W1","grey"
"10747","RASGRF1","grey"
"10750","CACNG5","grey"
"10754","AMOTL1","grey"
"10759","RTBDN","grey"
"10773","GPR85","grey"
"10774","OR10G2","grey"
"10778","NPHS2","grey"
"10791","RAD21","grey"
"10793","RELT","grey"
"10800","TMPRSS11B","grey"
"10804","SEC16B","grey"
"10808","NOS2","grey"
"10810","OR2B3","grey"
"10812","TMEM130","grey"
"10819","KRTAP19-7","grey"
"10823","TMED6","grey"
"10824","LIN28A","grey"
"10831","IQCF5","grey"
"10833","PRR15L","grey"
"10834","SLC4A9","grey"
"10840","LCT","grey"
"10844","C8orf74","grey"
"10845","CT62","grey"
"10848","TCEAL5","grey"
"10855","CALML5","grey"
"10858","OR2AE1","grey"
"10862","TOPORS","grey"
"10881","WFDC11","grey"
"10890","ZNF215","grey"
"10895","CYP7A1","grey"
"10904","CPXCR1","grey"
"10907","WNT8B","grey"
"10911","KLHL17","grey"
"10913","HIST1H1D","grey"
"10917","NT5C1B","grey"
"10932","KRTAP5-11","grey"
"10945","EME1","grey"
"10949","OR52A1","grey"
"10963","ASIC5","grey"
"10971","BPIFB3","grey"
"10974","NPPA","grey"
"10978","SNORD107","grey"
"10979","TEFM","grey"
"10981","GOLGA6A","grey"
"10985","OR9G9","grey"
"10992","RSPO4","grey"
"10999","ARFIP2","grey"
"11006","MAGEA5","grey"
"11011","KLK14","grey"
"11012","CNGB3","grey"
"11030","EQTN","grey"
"11035","CD300E","grey"
"11051","KLHL32","grey"
"11065","OR9K2","grey"
"11070","FEV","grey"
"11071","TNFSF9","grey"
"11087","PITPNM3","grey"
"11090","CHRM1","grey"
"11098","POLD3","grey"
"11104","LRRTM3","grey"
"11106","STK11","grey"
"11109","PREP","grey"
"11122","CYP11B2","grey"
"11127","MS4A5","grey"
"11128","HCG4B","grey"
"11133","OR11H6","grey"
"11135","TIMM50","grey"
"11151","ATOH7","grey"
"11154","KLHL11","grey"
"11166","NEU2","grey"
"11181","NPBWR1","grey"
"11185","MCF2","grey"
"11203","GREM1","grey"
"11219","SLC9C2","grey"
"11220","SPATA16","grey"
"11224","IPO8","grey"
"11226","COL20A1","grey"
"11233","SLC12A7","grey"
"11235","B4GALNT3","grey"
"11238","PTCH2","grey"
"11251","ATXN3L","grey"
"11268","CDH22","grey"
"11271","TMEM131","grey"
"11278","SOCS7","grey"
"11283","ASB14","grey"
"11286","TNN","grey"
"11293","OR13J1","grey"
"11302","IL36B","grey"
"11304","ZGRF1","grey"
"11309","SLC34A3","grey"
"11310","APOA5","grey"
"11312","CABP7","grey"
"11317","CFHR1","grey"
"11319","DDX53","grey"
"11320","GDI2","grey"
"11328","MEIOB","grey"
"11329","MYH8","grey"
"11331","NXF4","grey"
"11332","LHX9","grey"
"11344","ADCY8","grey"
"11345","LRRC10B","grey"
"11351","IRF4","grey"
"11352","TAAR5","grey"
"11355","CLK2P1","grey"
"11370","HAS1","grey"
"11378","OR2L3","grey"
"11385","OR6N1","grey"
"11389","SNORD27","grey"
"11392","NYAP1","grey"
"11403","SPIC","grey"
"11405","TLL2","grey"
"11417","HIST1H2AJ","grey"
"11423","RAB3A","grey"
"11436","NKX2-8","grey"
"11439","PCSK1N","grey"
"11442","IER5L","grey"
"11443","TAF7L","grey"
"11451","PRB4","grey"
"11452","AQP12B","grey"
"11453","SLC2A2","grey"
"11461","OR8I2","grey"
"11462","KRT76","grey"
"11464","BEST2","grey"
"11476","DBI","grey"
"11484","MED31","grey"
"11485","NOL4","grey"
"11486","INSC","grey"
"11496","BRS3","grey"
"11498","OR6X1","grey"
"11503","NKX6-1","grey"
"11505","FFAR1","grey"
"11515","SYCP1","grey"
"11516","VWA5B2","grey"
"11525","GAMT","grey"
"11526","LCE3A","grey"
"11533","CHRNA6","grey"
"11536","STK32A","grey"
"11539","POGK","grey"
"11541","LRRC18","grey"
"11557","GPR62","grey"
"11558","LRIF1","grey"
"11573","SLIT1","grey"
"11579","CDH8","grey"
"11581","SLC16A1","grey"
"11589","SMC5","grey"
"11591","MAGEC2","grey"
"11592","OR5W2","grey"
"11600","OR8B4","grey"
"11604","SNCB","grey"
"11606","KLHDC8A","grey"
"11608","PCDHA8","grey"
"11612","S100A7","grey"
"11614","OPN1SW","grey"
"11617","OCEL1","grey"
"11625","ITIH3","grey"
"11628","REG3A","grey"
"11642","SETD9","grey"
"11651","ASPDH","grey"
"11657","OR52K1","grey"
"11666","ZNF705D","grey"
"11669","ARSH","grey"
"11679","KRTAP13-2","grey"
"11689","GALR3","grey"
"11695","OR6F1","grey"
"11698","FAM47C","grey"
"11700","OR4F17","grey"
"11708","PRLH","grey"
"11709","MYPN","grey"
"11714","SLCO5A1","grey"
"11725","ST8SIA2","grey"
"11733","NAGS","grey"
"11735","RAPGEFL1","grey"
"11741","OR5AR1","grey"
"11743","EMC6","grey"
"11745","CTNNA3","grey"
"11755","IMPA1","grey"
"11765","DAB1","grey"
"11766","PADI3","grey"
"11776","OTOP1","grey"
"11785","DEFA6","grey"
"11795","OR10P1","grey"
"11798","SPATA33","grey"
"11800","COL6A4P1","grey"
"11815","TAS2R39","grey"
"11821","OR1E1","grey"
"11827","SERPINA4","grey"
"11828","C1orf61","grey"
"11829","AMACR","grey"
"11832","PRB3","grey"
"11838","LRRC56","grey"
"11848","MIR205HG","grey"
"11854","MYLPF","grey"
"11856","DR1","grey"
"11862","HOXC12","grey"
"11863","VAX2","grey"
"11866","OR2T11","grey"
"11867","SLC26A3","grey"
"11868","CCKBR","grey"
"11872","ZNF284","grey"
"11882","RNF111","grey"
"11899","DNASE2B","grey"
"11903","FAM184B","grey"
"11909","FRG2","grey"
"11913","ZBBX","grey"
"11922","C14orf1","grey"
"11923","IFT80","grey"
"11928","SRSF9","grey"
"11930","POF1B","grey"
"11931","CRYBB2","grey"
"11935","KIRREL2","grey"
"11936","TAS2R40","grey"
"11938","BRIP1","grey"
"11951","C1orf100","grey"
"11957","SPZ1","grey"
"11959","OR5M9","grey"
"11972","KRTAP13-4","grey"
"11982","PALMD","grey"
"11988","PDE4C","grey"
"11990","OR4K15","grey"
"11995","ZNF530","grey"
"12001","AKR1C6P","grey"
"12003","TPBGL","grey"
"12010","APOH","grey"
"12014","C7orf57","grey"
"12020","PRDM9","grey"
"12021","CNTD1","grey"
"12048","LCN8","grey"
"12058","RASGEF1A","grey"
"12065","TAAR9","grey"
"12074","WDR48","grey"
"12078","CRB1","grey"
"12079","FBXO40","grey"
"12082","HTR3B","grey"
"12089","LRRC24","grey"
"12090","LOC154449","grey"
"12093","C1D","grey"
"12095","OR52R1","grey"
"12097","PDCL2","grey"
"12102","MBL2","grey"
"12104","LOC100506422","grey"
"12105","SMC1B","grey"
"12107","FGF9","grey"
"12108","CFAP47","grey"
"12111","FAM224A","grey"
"12112","ARNT","grey"
"12120","TSC2","grey"
"12121","OR10K1","grey"
"12124","BPIFA2","grey"
"12127","FAM181A","grey"
"12129","KRTAP10-4","grey"
"12142","FAM163B","grey"
"12144","RNASE13","grey"
"12151","ARTN","grey"
"12160","MCCD1","grey"
"12177","TNKS2","grey"
"12178","PLSCR2","grey"
"12187","NPPB","grey"
"12190","CLEC17A","grey"
"12191","C21orf58","grey"
"12196","OR6C65","grey"
"12217","CACNB1","grey"
"12233","OR6C68","grey"
"12235","ZC3H13","grey"
"12262","EGR4","grey"
"12265","R3HDM2","grey"
"12277","OR5F1","grey"
"12283","NXPH1","grey"
"12284","ARF6","grey"
"12300","MROH2A","grey"
"12302","ATP5A1","grey"
"12305","OR4X1","grey"
"12311","FGF6","grey"
"12312","UGT1A7","grey"
"12313","OR52E8","grey"
"12322","ANGPTL8","grey"
"12325","LIMD1","grey"
"12329","SVOP","grey"
"12345","SAXO1","grey"
"12348","HIST3H2BB","grey"
"12351","FOXB2","grey"
"12356","RPL38","grey"
"12358","FBXO34","grey"
"12365","CST8","grey"
"12380","TIMM10","grey"
"12383","RPRD1B","grey"
"12387","GPLD1","grey"
"12395","NDUFV3","grey"
"12406","TMEM38A","grey"
"12407","APOC4","grey"
"12409","OR52L1","grey"
"12411","VSTM2A","grey"
"12415","C17orf50","grey"
"12418","ALS2CR12","grey"
"12426","MYO3A","grey"
"12443","HSD17B3","grey"
"12446","VSIG10L","grey"
"12448","DMBX1","grey"
"12452","C11orf88","grey"
"12457","OR2G6","grey"
"12459","KCNK18","grey"
"12469","DRICH1","grey"
"12472","CALHM2","grey"
"12473","GPHA2","grey"
"12483","IL3","grey"
"12486","FLT3","grey"
"12488","PHLDB3","grey"
"12491","CBFB","grey"
"12493","TMEM95","grey"
"12504","KRTAP5-9","grey"
"12507","ZNF121","grey"
"12510","MOCS3","grey"
"12513","NKX2-6","grey"
"12514","OR5T1","grey"
"12526","EVX1","grey"
"12535","ZNF107","grey"
"12539","ABRA","grey"
"12545","VN1R5","grey"
"12559","FBLL1","grey"
"12563","EIF4EBP1","grey"
"12573","TBC1D5","grey"
"12588","TECPR1","grey"
"12589","MAT1A","grey"
"12597","CASR","grey"
"12606","C10orf120","grey"
"12607","C9","grey"
"12611","SNORD15A","grey"
"12615","DISP3","grey"
"12620","C2orf57","grey"
"12627","GFER","grey"
"12629","OR52I2","grey"
"12643","PKD2L2","grey"
"12655","AURKAIP1","grey"
"12656","ARFIP1","grey"
"12660","DCAF4L2","grey"
"12665","TTTY20","grey"
"12678","TNNI3","grey"
"12682","SYT4","grey"
"12688","CACNG3","grey"
"12692","UTF1","grey"
"12693","RNF113B","grey"
"12697","LRRC46","grey"
"12699","ST7-OT4","grey"
"12700","DNAJB8","grey"
"12721","BAGE","grey"
"12723","MTG2","grey"
"12727","GLYATL1","grey"
"12734","ZNF253","grey"
"12735","ZCCHC10","grey"
"12741","YIPF7","grey"
"12742","THAP5","grey"
"12750","TPSG1","grey"
"12761","NPBWR2","grey"
"12763","ELAVL2","grey"
"12764","OR2M2","grey"
"12773","CACNG2","grey"
"12780","SLFN5","grey"
"12781","GLIPR1L2","grey"
"12785","PRSS35","grey"
"12792","IQCF6","grey"
"12804","CDKL4","grey"
"12823","OR4K14","grey"
"12827","DPF1","grey"
"12829","LCN9","grey"
"12831","KRT33B","grey"
"12832","PPIL3","grey"
"12845","C10orf113","grey"
"12855","OR51B2","grey"
"12866","DEFA5","grey"
"12867","CDIPT","grey"
"12873","LMO7","grey"
"12879","SLC26A10","grey"
"12880","FAM177B","grey"
"12882","MERTK","grey"
"12887","ZNF665","grey"
"12888","SOX2","grey"
"12895","GLP2R","grey"
"12896","TEP1","grey"
"12900","BTNL8","grey"
"12908","CMA1","grey"
"12916","SYT2","grey"
"12936","SLCO1B1","grey"
"12942","OR2T8","grey"
"12950","BAAT","grey"
"12953","PNPLA5","grey"
"12958","TMIGD1","grey"
"12961","SLC36A3","grey"
"12969","MON1B","grey"
"12976","S100B","grey"
"12988","ZNF45","grey"
"12996","BRAP","grey"
"13003","ATP5B","grey"
"13005","ZNF536","grey"
"13009","CYP3A4","grey"
"13011","CRYBA1","grey"
"13017","TRPC5","grey"
"13022","BARX1","grey"
"13035","NEMF","grey"
"13039","TAAR8","grey"
"13040","ATG101","grey"
"13041","SCTR","grey"
"13043","POTEB3","grey"
"13048","EPX","grey"
"13051","CNOT2","grey"
"13052","ANKRD53","grey"
"13054","IL21","grey"
"13067","KIR2DS4","grey"
"13078","C9orf57","grey"
"13080","TEX38","grey"
"13082","UBE2NL","grey"
"13086","FOXRED2","grey"
"13095","ARHGEF26","grey"
"13098","CCDC63","grey"
"13104","CNTF","grey"
"13112","ZNF837","grey"
"13114","CYSLTR2","grey"
"13115","DRD1","grey"
"13117","ACER1","grey"
"13120","ESM1","grey"
"13122","OR8D4","grey"
"13127","TMCO2","grey"
"13133","C20orf203","grey"
"13138","LYPD8","grey"
"13142","MRGPRX3","grey"
"13146","SLC17A2","grey"
"13154","FLJ44635","grey"
"13165","C15orf32","grey"
"13170","HNRNPCL1","grey"
"13175","POU6F2","grey"
"13179","H1FX","grey"
"13181","ZIC1","grey"
"13186","CD177","grey"
"13190","CBX3","grey"
"13200","TEX37","grey"
"13202","R3HDML","grey"
"13204","PRSS21","grey"
"13214","MYOZ3","grey"
"13219","CALCOCO1","grey"
"13222","DCST1","grey"
"13223","KAAG1","grey"
"13232","TCEB3B","grey"
"13236","SOCS1","grey"
"13238","MTTP","grey"
"13239","SSTR3","grey"
"13240","ZNF496","grey"
"13247","RBM19","grey"
"13249","SLC30A8","grey"
"13252","SNORD21","grey"
"13254","IL17A","grey"
"13262","DIRAS1","grey"
"13264","FAM179A","grey"
"13265","ZNF273","grey"
"13273","CEACAM16","grey"
"13275","WIPF2","grey"
"13279","BCLAF1","grey"
"13280","ERO1B","grey"
"13282","FAM9C","grey"
"13287","ATP13A5","grey"
"13293","KCNH8","grey"
"13315","AGTR2","grey"
"13316","L3MBTL4","grey"
"13322","CDH20","grey"
"13331","TM4SF20","grey"
"13332","CCRL2","grey"
"13335","KRTAP19-2","grey"
"13336","IVL","grey"
"13337","PHF5A","grey"
"13338","HIST1H2BI","grey"
"13340","PNLIPRP1","grey"
"13348","IFNA7","grey"
"13352","CACNG8","grey"
"13373","TGM6","grey"
"13375","TMEM174","grey"
"13387","KRTAP1-3","grey"
"13390","KRTAP10-11","grey"
"13393","ACTRT2","grey"
"13402","C1QL3","grey"
"13407","OR4F5","grey"
"13413","GRIK3","grey"
"13421","OR52B4","grey"
"13422","TUSC5","grey"
"13425","RHOXF1","grey"
"13431","DNAJA4","grey"
"13435","OR5H2","grey"
"13438","NEURL2","grey"
"13444","ZNF157","grey"
"13460","RPS13","grey"
"13463","ATP1A2","grey"
"13464","LEXM","grey"
"13476","KLK6","grey"
"13481","TIGD1","grey"
"13484","SLFNL1","grey"
"13489","SLC22A13","grey"
"13491","OR4C12","grey"
"13509","SPRR4","grey"
"13510","CCDC181","grey"
"13514","FAM9A","grey"
"13517","NOX1","grey"
"13528","TP73","grey"
"13552","C17orf102","grey"
"13554","DPP10","grey"
"13562","MC2R","grey"
"13565","DUXA","grey"
"13576","DEFB136","grey"
"13578","GOLGA7","grey"
"13581","RTN4RL1","grey"
"13583","DBF4","grey"
"13585","GOT1L1","grey"
"13598","TBC1D21","grey"
"13601","FAM47B","grey"
"13619","OR4D11","grey"
"13621","CLEC2A","grey"
"13629","MBD3L2","grey"
"13631","C7orf33","grey"
"13633","CXCL6","grey"
"13639","CRYGA","grey"
"13652","OR2Z1","grey"
"13653","OR2AT4","grey"
"13658","VHLL","grey"
"13660","MC5R","grey"
"13665","CREB3L3","grey"
"13669","OR10J5","grey"
"13684","RAB9BP1","grey"
"13690","PRR19","grey"
"13695","CARD6","grey"
"13702","NPR1","grey"
"13704","ANKRD7","grey"
"13720","FNDC11","grey"
"13724","SLC6A7","grey"
"13727","LKAAEAR1","grey"
"13733","KRTAP4-1","grey"
"13740","ZNF843","grey"
"13741","KRTAP13-3","grey"
"13748","SNORD108","grey"
"13753","CRP","grey"
"13760","KPRP","grey"
"13768","OR9Q2","grey"
"13782","OR5AP2","grey"
"13784","DND1","grey"
"13788","OR6K3","grey"
"13789","TSNARE1","grey"
"13797","MAP2K7","grey"
"13801","GPRC5D","grey"
"13802","ASB10","grey"
"13809","XGY2","grey"
"13815","TECRL","grey"
"13818","RHOA","grey"
"13822","SHF","grey"
"13825","PGLYRP4","grey"
"13830","OPTC","grey"
"13839","DPPA3","grey"
"13854","C2orf27B","grey"
"13879","ASH1L","grey"
"13897","ASZ1","grey"
"13902","ZNF382","grey"
"13921","TRMT10B","grey"
"13923","SLC2A4","grey"
"13925","XG","grey"
"13928","DUSP7","grey"
"13930","STAG2","grey"
"13933","NLRP14","grey"
"13937","GAGE5","grey"
"13942","FLRT3","grey"
"13949","DHFR","grey"
"13951","C10orf82","grey"
"13960","GALNT8","grey"
"13971","OR51F2","grey"
"13976","S100A14","grey"
"13978","ZACN","grey"
"13979","CMC2","grey"
"13980","NPFFR1","grey"
"13986","CCDC188","grey"
"13997","OR8K1","grey"
"13999","ODF4","grey"
"14001","SLC30A10","grey"
"14002","LRRC37A","grey"
"14022","ZIC5","grey"
"14024","LUZP4","grey"
"14028","AGXT2","grey"
"14029","FAM24A","grey"
"14052","TRIM43","grey"
"14065","LIPJ","grey"
"14070","MYOG","grey"
"14074","MYH7B","grey"
"14078","LRRC74A","grey"
"14081","MYH6","grey"
"14087","NXF2","grey"
"14089","H2AFB2","grey"
"14098","CHRNG","grey"
"14101","RFPL3","grey"
"14113","GRIN2B","grey"
"14114","TRIM59","grey"
"14119","CES5A","grey"
"14123","ACSM6","grey"
"14131","SEPP1","grey"
"14144","DBX1","grey"
"14145","POLE3","grey"
"14147","TRIM49C","grey"
"14155","ABHD13","grey"
"14157","RAB19","grey"
"14158","REG1CP","grey"
"14159","IL15","grey"
"14165","ZNF8","grey"
"14172","ACOT12","grey"
"14173","SPATA25","grey"
"14185","HMGB4","grey"
"14187","PTHLH","grey"
"14206","ZCCHC16","grey"
"14208","CHD1L","grey"
"14214","SLC24A5","grey"
"14228","OR6B3","grey"
"14238","RDM1","grey"
"14240","AQP6","grey"
"14249","PRSS38","grey"
"14277","OR52B2","grey"
"14281","NKX6-2","grey"
"14284","LOC389199","grey"
"14294","HCN3","grey"
"14297","LCE3B","grey"
"14306","OR8G2","grey"
"14309","RETNLB","grey"
"14310","NUDT17","grey"
"14325","CTAG2","grey"
"14327","GPRASP1","grey"
"14342","OR5AC2","grey"
"14347","PMS2P2","grey"
"14350","SNORD109B","grey"
"14351","UBE2D1","grey"
"14355","CDKAL1","grey"
"14359","12-Sep","grey"
"14362","LHCGR","grey"
"14364","IL11","grey"
"14378","FGF20","grey"
"14379","AMDHD1","grey"
"14386","EFCAB5","grey"
"14389","TMEM202","grey"
"14395","TTLL6","grey"
"14396","KIAA2022","grey"
"14402","MED18","grey"
"14406","WBP2","grey"
"14409","GPHB5","grey"
"14416","TYR","grey"
"14419","GLRA2","grey"
"14423","FAM71F2","grey"
"14440","GGT6","grey"
"14460","MAB21L2","grey"
"14461","SHD","grey"
"14465","VPS37C","grey"
"14480","OR9G1","grey"
"14482","FOXD2","grey"
"14487","IRGC","grey"
"14488","PKNOX1","grey"
"14501","TPT1","grey"
"14502","NUPL2","grey"
"14510","OR7G1","grey"
"14511","XKR7","grey"
"14518","COA3","grey"
"14520","TTC23L","grey"
"14522","OR51B6","grey"
"14527","PSPN","grey"
"14528","PAX6","grey"
"14536","SFRP5","grey"
"14538","C2orf61","grey"
"14542","LRRC37A2","grey"
"14548","TXNL4A","grey"
"14552","OR5D13","grey"
"14554","KRT36","grey"
"14582","HECW1","grey"
"14587","OR10C1","grey"
"14588","C1orf189","grey"
"14592","POSTN","grey"
"14598","NLRP11","grey"
"14609","OR5K1","grey"
"14611","NEUROG1","grey"
"14613","FKBPL","grey"
"14618","TRIM6-TRIM34","grey"
"14620","CDR1","grey"
"14628","ZNF490","grey"
"14673","KIAA0825","grey"
"14674","TRPM1","grey"
"14676","TAT","grey"
"14678","BMP10","grey"
"14679","DUOXA2","grey"
"14680","KRTAP21-2","grey"
"14681","TUBB3","grey"
"14685","OR1A2","grey"
"14686","KRTAP5-7","grey"
"14691","LYG1","grey"
"14694","EPB41L4A","grey"
"14698","ACSM4","grey"
"14702","KRTAP13-1","grey"
"14703","LRP2BP","grey"
"14711","KCNA2","grey"
"14716","KCNK16","grey"
"14738","CSN3","grey"
"14756","BCRP3","grey"
"14787","IRGQ","grey"
"14788","RRP1","grey"
"14793","COA1","grey"
"14798","PAX4","grey"
"14801","OR2T4","grey"
"14805","C1orf94","grey"
"14808","ZNF676","grey"
"14809","CCDC180","grey"
"14813","KCTD16","grey"
"14816","OR2G3","grey"
"14819","SPEM1","grey"
"14826","GABRQ","grey"
"14833","APIP","grey"
"14835","SERPINA10","grey"
"14838","MRM1","grey"
"14843","ZNF766","grey"
"14852","SPATA31A7","grey"
"14859","OR8K5","grey"
"14860","PCDHGA8","grey"
"14872","C3orf56","grey"
"14873","GAPDHS","grey"
"14876","SMCR8","grey"
"14878","LHFPL4","grey"
"14886","LRRC27","grey"
"14887","NDUFS6","grey"
"14890","XYLB","grey"
"14891","ZIM3","grey"
"14894","GHRH","grey"
"14904","KSR2","grey"
"14905","EIF5A","grey"
"14908","T","grey"
"14920","TSSK1B","grey"
"14924","RNF167","grey"
"14925","SLC35G4","grey"
"14933","CHRNA3","grey"
"14934","LHX8","grey"
"14938","THRSP","grey"
"14942","KRTAP10-9","grey"
"14944","SLC38A4","grey"
"14948","RGAG1","grey"
"14949","SLC39A5","grey"
"14955","OR8J3","grey"
"14957","OR7C2","grey"
"14961","ACADS","grey"
"14964","MYH3","grey"
"14969","SLITRK2","grey"
"14970","OR5C1","grey"
"14974","ADAM3A","grey"
"14980","TNP2","grey"
"15015","MGMT","grey"
"15020","TDGF1","grey"
"15024","LCE2B","grey"
"15027","MPZL3","grey"
"15039","GUCY2D","grey"
"15043","UGT1A9","grey"
"15048","OR2M4","grey"
"15058","FAM227B","grey"
"15067","PRSS37","grey"
"15070","ZUFSP","grey"
"15082","CRTAM","grey"
"15084","MYF5","grey"
"15088","LPCAT2","grey"
"15090","CXCL17","grey"
"15096","TBCCD1","grey"
"15100","GPR101","grey"
"15101","CRACR2A","grey"
"15103","GABARAPL2","grey"
"15106","GDF5","grey"
"15122","RASGEF1B","grey"
"15130","NHLRC1","grey"
"15133","FABP12","grey"
"15136","BTBD8","grey"
"15138","PABPN1L","grey"
"15142","DCAF8L1","grey"
"15148","BPIFB2","grey"
"15153","POU4F3","grey"
"15159","FGF18","grey"
"15165","TRHDE","grey"
"15171","AZGP1","grey"
"15173","MYH15","grey"
"15180","CLCA1","grey"
"15186","FAM212B","grey"
"15190","GRID2","grey"
"15196","RFPL1","grey"
"15198","OR10Z1","grey"
"15199","PSMB11","grey"
"15201","DDX55","grey"
"15211","FBXO47","grey"
"15219","OR51A2","grey"
"15230","OR1N2","grey"
"15236","ANKK1","grey"
"15257","TMEM215","grey"
"15259","ZFYVE26","grey"
"15260","ARNTL2","grey"
"15265","GRIN2A","grey"
"15267","BPY2","grey"
"15272","CHURC1","grey"
"15273","KAT7","grey"
"15275","KRTAP11-1","grey"
"15294","ATP6V1E1","grey"
"15298","SMR3A","grey"
"15302","SLC6A11","grey"
"15307","MCM6","grey"
"15310","GABRA6","grey"
"15312","CHRNA1","grey"
"15328","TAS1R3","grey"
"15331","CCDC185","grey"
"15339","MYL3","grey"
"15344","PLET1","grey"
"15347","GRIK4","grey"
"15348","SIX3","grey"
"15350","ZFP69B","grey"
"15351","XKR5","grey"
"15353","PTX4","grey"
"15358","TNNI3K","grey"
"15364","OR6C1","grey"
"15368","PRPF38B","grey"
"15369","OR10X1","grey"
"15370","TTLL10","grey"
"15373","SNORD14A","grey"
"15380","MS4A13","grey"
"15399","FOXB1","grey"
"15417","SSC4D","grey"
"15419","CATSPERG","grey"
"15420","NKX2-5","grey"
"15433","TUBA1B","grey"
"15434","PPFIA3","grey"
"15437","GTF2H4","grey"
"15450","BRF1","grey"
"15453","DEFB114","grey"
"15460","OR2C3","grey"
"15462","CEP72","grey"
"15477","SPATA12","grey"
"15488","OR4M1","grey"
"15495","HTR6","grey"
"15498","PCDHB8","grey"
"15499","NPAP1","grey"
"15508","KRTAP19-1","grey"
"15513","GPNMB","grey"
"15518","OR5D14","grey"
"15535","KRT77","grey"
"15554","BMPR1B","grey"
"15556","SCN10A","grey"
"15561","FCAMR","grey"
"15562","OR2S2","grey"
"15577","HDX","grey"
"15579","IGHMBP2","grey"
"15582","CYP11B1","grey"
"15584","FIGLA","grey"
"15589","IHH","grey"
"15590","OR3A3","grey"
"15596","ZNF677","grey"
"15597","ZNF280A","grey"
"15599","SCGB1D4","grey"
"15606","XIRP1","grey"
"15610","C10orf99","grey"
"15620","KRTAP5-2","grey"
"15621","RNF216","grey"
"15629","REG1A","grey"
"15633","LOC644285","grey"
"15635","HS3ST5","grey"
"15655","C10orf91","grey"
"15656","TAS2R50","grey"
"15658","KMT2D","grey"
"15660","CBWD1","grey"
"15666","TRPV3","grey"
"15670","APOC2","grey"
"15673","ZNF572","grey"
"15677","NOS1","grey"
"15686","WDR76","grey"
"15692","GPR139","grey"
"15699","OR4C45","grey"
"15707","ALX4","grey"
"15713","PCGF3","grey"
"15719","PLA2G4A","grey"
"15724","OR13G1","grey"
"15726","EPHA7","grey"
"15732","MMP20","grey"
"15736","SLC5A7","grey"
"15742","TEX12","grey"
"15758","ETV2","grey"
"15759","HOXC5","grey"
"15761","TBC1D15","grey"
"15779","ZNF835","grey"
"15785","TUSC2","grey"
"15793","AREG","grey"
"15815","COX14","grey"
"15819","RBMXL2","grey"
"15822","OR2J3","grey"
"15827","MAS1L","grey"
"15828","CLVS2","grey"
"15831","OARD1","grey"
"15840","OR1F2P","grey"
"15847","TANGO6","grey"
"15851","UGT2B4","grey"
"15864","TAS1R1","grey"
"15870","RAB39A","grey"
"15887","KLHL31","grey"
"15894","LIPI","grey"
"15905","C4orf17","grey"
"15909","CMYA5","grey"
"15915","CFHR3","grey"
"15926","CELA1","grey"
"15927","MIER3","grey"
"15936","STPG2","grey"
"15947","SPRR2B","grey"
"15948","RXFP4","grey"
"15951","GNG3","grey"
"15954","MED13","grey"
"15957","FNDC9","grey"
"15962","ENTPD4","grey"
"15966","RBMY1E","grey"
"15970","TLX3","grey"
"15972","NXPE4","grey"
"15981","PRSS55","grey"
"15984","CFAP65","grey"
"15985","TNR","grey"
"15989","TEX43","grey"
"15991","NR1I2","grey"
"15999","C11orf97","grey"
"16009","UBE2E1","grey"
"16017","FOXN3-AS1","grey"
"16020","FATE1","grey"
"16027","AQP5","grey"
"16033","OR1E2","grey"
"16037","SPACA1","grey"
"16038","RC3H1","grey"
"16040","TAS2R8","grey"
"16045","DHRS1","grey"
"16052","PRSS48","grey"
"16055","CYP1A1","grey"
"16063","IKZF2","grey"
"16065","FAM8A1","grey"
"16093","LINC01551","grey"
"16095","GYS2","grey"
"16096","TAS2R31","grey"
"16099","SKA2","grey"
"16102","ART1","grey"
"16104","OR13D1","grey"
"16112","RPL10A","grey"
"16113","CCDC157","grey"
"16121","C1QL4","grey"
"16130","RGS8","grey"
"16131","LCE3E","grey"
"16137","OR8K3","grey"
"16139","MIEF2","grey"
"16154","MAGEB4","grey"
"16155","LIPM","grey"
"16157","PLA2G12B","grey"
"16158","ITIH2","grey"
"16160","TPSD1","grey"
"16169","APLF","grey"
"16170","C20orf96","grey"
"16174","CPN1","grey"
"16175","COL28A1","grey"
"16176","OR4A16","grey"
"16214","FAM118A","grey"
"16215","OR6C74","grey"
"16217","HPR","grey"
"16219","HRASLS2","grey"
"16224","PRAMEF12","grey"
"16225","DNAJB7","grey"
"16226","APOF","grey"
"16237","MSGN1","grey"
"16238","LINC00303","grey"
"16246","CCDC144NL","grey"
"16250","EIF3IP1","grey"
"16251","OR10A4","grey"
"16285","OR10G4","grey"
"16296","C17orf74","grey"
"16309","MRC1","grey"
"16312","TTTY7","grey"
"16317","C11orf87","grey"
"16329","BAIAP3","grey"
"16334","TCEB3C","grey"
"16335","PUS10","grey"
"16336","LRRC7","grey"
"16340","F9","grey"
"16344","TMEM88B","grey"
"16352","SNORD42B","grey"
"16361","VTI1A","grey"
"16365","S100A5","grey"
"16368","RNASEH2A","grey"
"16371","C6orf223","grey"
"16380","HMX1","grey"
"16385","CCDC88A","grey"
"16389","ZNF645","grey"
"16395","CCDC27","grey"
"16405","C15orf57","grey"
"16408","RNF186","grey"
"16411","PANX3","grey"
"16414","LDB1","grey"
"16418","KCNA10","grey"
"16427","SPINK6","grey"
"16433","TAS2R46","grey"
"16449","FDXR","grey"
"16450","LOC613038","grey"
"16453","C8orf22","grey"
"16458","INHBE","grey"
"16461","RNF139","grey"
"16463","TAS2R10","grey"
"16467","RAB39B","grey"
"16473","FANCM","grey"
"16480","PARP16","grey"
"16486","EMSY","grey"
"16497","RMDN2","grey"
"16499","TBL1Y","grey"
"16501","DCAF8L2","grey"
"16526","ZFP92","grey"
"16529","NEIL1","grey"
"16533","DNAJC15","grey"
"16535","AGMO","grey"
"16540","SIX1","grey"
"16558","PXT1","grey"
"16559","VTA1","grey"
"16563","ASCL4","grey"
"16580","RDH8","grey"
"16581","C1QTNF2","grey"
"16592","OR1C1","grey"
"16595","ATP10A","grey"
"16596","RTP1","grey"
"16614","HIRA","grey"
"16616","SLC25A2","grey"
"16620","GKN2","grey"
"16621","HTR1A","grey"
"16623","CEMIP","grey"
"16636","APOBEC1","grey"
"16637","OR5B17","grey"
"16645","CEACAM7","grey"
"16648","DPPA5","grey"
"16650","CDH17","grey"
"16665","HTR1B","grey"
"16679","ARGFXP2","grey"
"16680","C21orf62","grey"
"16686","OR10G7","grey"
"16695","SMCP","grey"
"16697","NLRP5","grey"
"16698","TFAP4","grey"
"16701","ILDR2","grey"
"16705","CPNE4","grey"
"16709","FBXO39","grey"
"16715","RNF141","grey"
"16718","HPCA","grey"
"16724","PXK","grey"
"16727","OR6M1","grey"
"16730","PRDM14","grey"
"16744","OR51I1","grey"
"16749","NR5A1","grey"
"16755","CLDN17","grey"
"16758","CSAG1","grey"
"16766","PRAP1","grey"
"16767","PLXDC1","grey"
"16771","CDX1","grey"
"16775","POU5F2","grey"
"16786","TMEM190","grey"
"16787","NT5C1A","grey"
"16789","OR8B2","grey"
"16797","PCYOX1L","grey"
"16798","AGBL4-IT1","grey"
"16799","LINC00911","grey"
"16801","HYDIN2","grey"
"16803","LINC01490","grey"
"16804","PCAT1","grey"
"16805","LOC102723834","grey"
"16810","LOC101927549","grey"
"16812","LINC01342","grey"
"16813","MIR4307HG","grey"
"16814","LOC105370613","grey"
"16816","LINC01305","grey"
"16817","LOC100289094","grey"
"16818","LINC00160","grey"
"16819","LOC101928211","grey"
"16820","LOC102724053","grey"
"16821","LOC100507657","grey"
"16823","LOC102606466","grey"
"16826","LOC105375297","grey"
"16828","LOC105373356","grey"
"16829","LOC101927310","grey"
"16832","C10orf71-AS1","grey"
"16834","LINC01081","grey"
"16836","LOC102724890","grey"
"16837","LOC102724502","grey"
"16838","LOC101927926","grey"
"16842","LOC105376351","grey"
"16843","CALML3-AS1","grey"
"16845","HBCBP","grey"
"16846","LINC01543","grey"
"16848","LINC00051","grey"
"16850","ABHD11-AS1","grey"
"16851","LOC101928519","grey"
"16852","C20orf181","grey"
"16853","CACNA1C-IT2","grey"
"16855","LOC101928191","grey"
"16857","LINC00159","grey"
"16862","LINC01478","grey"
"16865","PRR32","grey"
"16866","SNHG8","grey"
"16867","CCDC182","grey"
"16869","EFCAB6-AS1","grey"
"16872","LOC101927534","grey"
"16873","LINC00524","grey"
"16874","LOC105373984","grey"
"16875","RPS6KA2-AS1","grey"
"16876","ABCA17P","grey"
"16878","LOC101927292","grey"
"16879","LOC101928532","grey"
"16880","LOC101928298","grey"
"16881","LOC101929172","grey"
"16884","JAKMIP3","grey"
"16885","LOC105375847","grey"
"16887","LOC102723377","grey"
"16889","TRBV20OR9-2","grey"
"16890","LOC107984813","grey"
"16891","F11-AS1","grey"
"16893","EPHA5-AS1","grey"
"16897","LOC150005","grey"
"16898","LOC101927847","grey"
"16899","LINC00901","grey"
"16901","LOC101927342","grey"
"16902","LOC101928728","grey"
"16903","SNAR-E","grey"
"16904","PGBD3///ERCC6","grey"
"16907","SNAR-G1","grey"
"16909","VLDLR-AS1","grey"
"16910","LOC101929054","grey"
"16911","ACSM2A","grey"
"16912","LOC100128922","grey"
"16913","IFITM10","grey"
"16915","LOC100506731","grey"
"16916","LINC01605","grey"
"16919","LINC00554","grey"
"16920","LINC01428","grey"
"16921","DLGAP2-AS1","grey"
"16922","LOC100652911","grey"
"16924","TCF24","grey"
"16927","LAMB2P1","grey"
"16929","LOC105373876","grey"
"16930","C18orf61","grey"
"16932","LOC283674","grey"
"16936","C20orf187","grey"
"16937","ANKRD60","grey"
"16938","LOC105370016","grey"
"16939","LOC554174","grey"
"16941","LINC01066","grey"
"16942","LINC01331","grey"
"16943","LOC101928471","grey"
"16945","MACROD2-IT1","grey"
"16948","LCE6A","grey"
"16949","LOC101927362","grey"
"16954","PRAC2","grey"
"16955","LINC01505","grey"
"16956","LINC00446","grey"
"16957","LOC102546228","grey"
"16958","LOC101928614","grey"
"16962","MIR7515HG","grey"
"16963","LOC101927285","grey"
"16964","LINC01257","grey"
"16969","FLJ16779","grey"
"16971","LOC101926944","grey"
"16972","SOX9-AS1","grey"
"16973","LOC105369911","grey"
"16976","CTD-2297D10.2","grey"
"16977","LINC01498","grey"
"16980","LOC101927431","grey"
"16981","LINC01476","grey"
"16982","LINC01617","grey"
"16983","LOC105377671","grey"
"16985","LINC01474","grey"
"16986","LINC01395","grey"
"16987","LOC115110","grey"
"16991","LOC153811","grey"
"16992","LOC105371083","grey"
"16993","LOC105373518","grey"
"16995","LOC101927058","grey"
"16996","LINCMD1","grey"
"16997","LOC101927000","grey"
"16999","LINC01162","grey"
"17000","LOC728196","grey"
"17001","LINC00454","grey"
"17002","SEPT7-AS1","grey"
"17003","HDAC11-AS1","grey"
"17005","LINC00709","grey"
"17007","MIR202HG","grey"
"17010","IL12A-AS1","grey"
"17012","LINC00583","grey"
"17015","RBMS3-AS1","grey"
"17016","LINC01230","grey"
"17017","INHBA-AS1","grey"
"17018","LINC01386","grey"
"17020","LOC102467224","grey"
"17021","TTC22","grey"
"17022","LINC01208","grey"
"17025","LOC105370306","grey"
"17026","LOC100506100","grey"
"17028","MAGEA8-AS1","grey"
"17035","LOC100506107","grey"
"17038","LNX1-AS2","grey"
"17039","LOC101928596","grey"
"17040","LOC105369891","grey"
"17042","LINC00606","grey"
"17043","LINC00261","grey"
"17046","LOC728145","grey"
"17047","LOC728283","grey"
"17048","HERC2P7","grey"
"17049","LOC100506098","grey"
"17050","SMKR1","grey"
"17055","TLX1NB","grey"
"17057","LOC100286906","grey"
"17060","STEAP3-AS1","grey"
"17063","LOC101927762","grey"
"17065","TSRM","grey"
"17066","LOC101927571","grey"
"17067","YTHDF3-AS1","grey"
"17069","MIR124-2HG","grey"
"17070","PRR23A","grey"
"17071","SLIT1-AS1","grey"
"17073","LOC103352541","grey"
"17074","LINC01028","grey"
"17075","SKCG-1","grey"
"17077","LOC100506271","grey"
"17078","LOC340107","grey"
"17079","LOC286083","grey"
"17080","LINC00347","grey"
"17081","LINC01391","grey"
"17083","TRPC5OS","grey"
"17085","LOC100131315","grey"
"17089","PCDH9-AS3","grey"
"17090","LOC93444","grey"
"17091","LOC105369705","grey"
"17092","LDLRAD4-AS1","grey"
"17094","LOC105377162","grey"
"17095","CCDC30","grey"
"17096","LOC102725116","grey"
"17099","LOC146513","grey"
"17100","LOC105376480","grey"
"17101","LOC105370068","grey"
"17102","LOC102723649","grey"
"17103","LOC100288306","grey"
"17105","DPYD-AS2","grey"
"17107","LOC105373031","grey"
"17108","CDR1-AS","grey"
"17109","LINC00457","grey"
"17110","LINC00396","grey"
"17112","LOC100507443","grey"
"17113","CECR9","grey"
"17115","CASC17","grey"
"17116","LOC101928270","grey"
"17118","STXBP5L","grey"
"17121","LOC643551","grey"
"17124","MYO1H","grey"
"17128","LOC286154","grey"
"17130","LOC100506136","grey"
"17131","LINC01072","grey"
"17132","LOC731157","grey"
"17133","LINC01572","grey"
"17134","MIR217HG","grey"
"17136","LOC105372695","grey"
"17139","LINC01195","grey"
"17140","LOC100128239","grey"
"17142","LINC01613","grey"
"17144","LOC100127940","grey"
"17145","NAMA","grey"
"17146","LOC102725080","grey"
"17148","TMEM176B","grey"
"17149","GACAT3","grey"
"17150","LOC101929528","grey"
"17154","LOC101929551","grey"
"17156","LOC100506869","grey"
"17159","LINC01050","grey"
"17161","LOC101926959","grey"
"17163","LOC105378910","grey"
"17165","LINC01262","grey"
"17166","LINC00853","grey"
"17170","LOC105375527","grey"
"17171","LINC01096","grey"
"17172","IRAIN","grey"
"17173","LOC101927450","grey"
"17174","LINC00543","grey"
"17175","PARTICL","grey"
"17177","LOC105372672","grey"
"17178","ADGRL3-AS1","grey"
"17179","VWA8-AS1","grey"
"17180","CELF2-AS2","grey"
"17181","LOC105374876","grey"
"17182","LOC101928398","grey"
"17186","LOC105378147","grey"
"17187","LOC105377247","grey"
"17188","LINC01173","grey"
"17191","LINC00867","grey"
"17192","LOC105372762","grey"
"17193","LOC100506016","grey"
"17194","ZRANB2-AS2","grey"
"17195","AA06","grey"
"17198","LINC00363","grey"
"17201","LOC101927690","grey"
"17202","RALY-AS1","grey"
"17203","LOC105371506","grey"
"17204","FBXO3-AS1","grey"
"17208","LOC101928134","grey"
"17210","LOC101928708","grey"
"17215","MMP24-AS1","grey"
"17216","LOC100288310","grey"
"17218","THCAT155","grey"
"17221","SYCE2","grey"
"17223","LINC00229","grey"
"17224","LOC338694","grey"
"17226","LOC101928167","grey"
"17227","SNAR-C3","grey"
"17228","CECR3","grey"
"17231","PTPRD-AS1","grey"
"17232","LOC105379183","grey"
"17233","TRIM66","grey"
"17234","KCNMA1-AS3","grey"
"17235","LINC00572","grey"
"17236","LOC102724190","grey"
"17240","LOC389273","grey"
"17245","MUC22","grey"
"17246","LINC01243","grey"
"17247","LINC00358","grey"
"17248","CTD-2151A2.1","grey"
"17249","LOC105377468","grey"
"17250","LOC100287877","grey"
"17251","LOC105369860","grey"
"17252","LOC100505664","grey"
"17254","LINC01526","grey"
"17255","LOC101929457","grey"
"17256","LINC01396","grey"
"17257","LOC728084","grey"
"17258","LOC101928453","grey"
"17261","LINC00841","grey"
"17264","KLLN","grey"
"17265","LOC285422","grey"
"17266","LOC729307","grey"
"17267","LOC105372645","grey"
"17269","LOC101929607","grey"
"17271","LOC101929058","grey"
"17274","LOC101929470","grey"
"17275","LOC101929288","grey"
"17276","LINC00307","grey"
"17278","LOC101929544","grey"
"17279","LOC107161159","grey"
"17280","SRRM3","grey"
"17282","LOC101929517","grey"
"17284","LOC100505588","grey"
"17288","LOC101928766","grey"
"17290","C21orf40","grey"
"17292","LOC100507464","grey"
"17294","LOC102724661","grey"
"17295","LINC00112","grey"
"17296","NREP-AS1","grey"
"17297","LINC01256","grey"
"17298","ADPGK-AS1///ADPGK","grey"
"17301","NXPE1","grey"
"17302","LINC01043","grey"
"17303","DLEU1-AS1","grey"
"17304","MIR325HG","grey"
"17308","LOC338620","grey"
"17309","LOC101928002","grey"
"17312","LOC100127955","grey"
"17313","LOC340090","grey"
"17314","DNAH17-AS1","grey"
"17315","LOC414300","grey"
"17316","LOC101928718///FAM212B-AS1","grey"
"17317","LOC101927577","grey"
"17319","LOC101927334","grey"
"17320","LOC101927159","grey"
"17321","LOC101927379","grey"
"17322","LOC100130264","grey"
"17323","LOC101929371","grey"
"17324","BRCAT107","grey"
"17325","PP13004","grey"
"17327","LINC00382","grey"
"17328","LOC105376790","grey"
"17330","LOC100996249","grey"
"17331","LINC00940","grey"
"17333","HRAT56","grey"
"17336","RNF219-AS1","grey"
"17337","LOC100996671","grey"
"17339","LOC101928326","grey"
"17341","DLGAP1-AS5","grey"
"17342","ARHGEF7-IT1","grey"
"17344","LOC284933","grey"
"17345","LINC00290","grey"
"17347","ANKDD1B","grey"
"17348","LOC100505625","grey"
"17350","LOC100506858","grey"
"17351","CLDN10-AS1","grey"
"17352","LOC101927229","grey"
"17353","LINC01315","grey"
"17356","LINC01291","grey"
"17357","LOC105373553","grey"
"17358","KIAA1024L","grey"
"17361","LOC101927694","grey"
"17364","LOC101929154","grey"
"17365","ANKRD33B","grey"
"17368","LINC01109","grey"
"17371","LOC100507468","grey"
"17373","LOC101929034","grey"
"17374","NAALADL2-AS2","grey"
"17376","LINC01538","grey"
"17381","SMAD5-AS1","grey"
"17382","LOC105370987","grey"
"17384","LINC01182","grey"
"17386","LINC01332","grey"
"17388","LINC00824","grey"
"17392","LOC105376365","grey"
"17393","LOC728095","grey"
"17395","C18orf12","grey"
"17396","LOC101929628","grey"
"17399","LINC01151","grey"
"17400","LOC105377348","grey"
"17401","LOC105375972","grey"
"17404","LINC01165","grey"
"17405","FAM205C","grey"
"17406","LOC102724623","grey"
"17407","LOC101929882","grey"
"17409","PRAMEF34P","grey"
"17410","LINC01607","grey"
"17411","LINC00702","grey"
"17412","LOC105374820","grey"
"17414","MIR3681HG","grey"
"17415","LINC01507","grey"
"17416","LOC105379239","grey"
"17420","LOC105374546","grey"
"17422","CXorf51B","grey"
"17423","LINC01052","grey"
"17424","OR10D1P","grey"
"17429","LOC101927438","grey"
"17430","FBXO45","grey"
"17431","TAF1A-AS1","grey"
"17432","SFTA1P","grey"
"17434","LOC101929123","grey"
"17438","LOC100130051","grey"
"17439","LOC100128651","grey"
"17441","LOC107984678","grey"
"17442","LOC101927358","grey"
"17443","TRERNA1","grey"
"17444","LINC00604","grey"
"17445","LOC102723838","grey"
"17446","AGBL1-AS1","grey"
"17450","VWA2","grey"
"17453","MS4A18","grey"
"17454","C16orf90","grey"
"17455","LOC101928775","grey"
"17456","FARSA-AS1","grey"
"17458","LOC101927866","grey"
"17460","LINC01076","grey"
"17461","LOC101927078","grey"
"17464","ARHGEF7-AS1","grey"
"17465","MEIS1-AS3","grey"
"17467","MEI4","grey"
"17468","LINC00111","grey"
"17469","LOC100506489","grey"
"17470","LOC105375512","grey"
"17472","LOC101928807","grey"
"17473","LOC101927616","grey"
"17475","LINC00407","grey"
"17477","NTRK3-AS1","grey"
"17479","LOC105374727","grey"
"17480","LOC100128905","grey"
"17482","MORF4L2-AS1","grey"
"17484","LOC105377448","grey"
"17486","LOC101927987","grey"
"17487","LOC105378749","grey"
"17488","NAV2-IT1","grey"
"17489","LINC00618","grey"
"17491","LOC729506","grey"
"17492","LOC105378397","grey"
"17493","LOC101928048","grey"
"17494","LOC101927640","grey"
"17497","LINC00371","grey"
"17499","LOC100505923","grey"
"17502","PABPC1L2B-AS1","grey"
"17505","TMEM108-AS1","grey"
"17508","LOC100420587","grey"
"17510","LOC101929622","grey"
"17513","LINC00560","grey"
"17515","LINC00297","grey"
"17518","LOC101927495","grey"
"17519","LOC105376398","grey"
"17520","LINC01398","grey"
"17522","ID2-AS1","grey"
"17524","MIR194-2HG","grey"
"17525","LINC00385","grey"
"17528","LINC01546","grey"
"17529","LINC01216","grey"
"17531","DALIR","grey"
"17532","TUSC7","grey"
"17533","LOC284080","grey"
"17535","HIST1H3I///HIST1H3E","grey"
"17536","LINC01615","grey"
"17537","LOC101928107","grey"
"17538","LOC102723665///LCOR","grey"
"17539","LINC01564","grey"
"17540","LINC01365","grey"
"17541","LOC101929697","grey"
"17542","SNAR-A1","grey"
"17546","LINC00561","grey"
"17547","LOC284648","grey"
"17548","MIR3142HG","grey"
"17550","LINC01416","grey"
"17551","LINC00626","grey"
"17554","LOC101928314","grey"
"17556","SPG20-AS1","grey"
"17564","LOC101927243","grey"
"17565","LINC01293","grey"
"17570","LOC101927752","grey"
"17571","LOC105372028","grey"
"17572","LOC101929579","grey"
"17573","LOC105375787","grey"
"17574","LINC01231","grey"
"17575","AGBL5-AS1","grey"
"17576","LOC102723617","grey"
"17577","LOC100505771","grey"
"17581","LOC101927418","grey"
"17582","LOC101929413","grey"
"17584","XACT","grey"
"17585","LOC105377832","grey"
"17587","LCMT1-AS1","grey"
"17588","MAGI2-AS1","grey"
"17591","LINC00489","grey"
"17594","LINC00628","grey"
"17598","LOC152274","grey"
"17599","HOXC-AS1","grey"
"17601","LINC00690","grey"
"17608","LINC01351","grey"
"17610","TMEM72-AS1","grey"
"17615","LOC105377776","grey"
"17616","FLJ42969","grey"
"17622","FGF12-AS1","grey"
"17623","LINC01495","grey"
"17624","LINC00412","grey"
"17626","LINC01333","grey"
"17629","LINC01222","grey"
"17630","LOC101929261","grey"
"17631","LOC105371809","grey"
"17632","C17orf107","grey"
"17635","LINC00557","grey"
"17636","SAMSN1-AS1","grey"
"17637","LOC100130817","grey"
"17639","LOC101929897","grey"
"17646","LOC100506122","grey"
"17647","LINC00163","grey"
"17648","MIMT1","grey"
"17649","LOC105376194","grey"
"17650","C6orf229","grey"
"17653","LOC101928278","grey"
"17657","FTX","grey"
"17658","LOC105369920","grey"
"17659","DKFZp451B082","grey"
"17660","LOC102724552","grey"
"17662","LOC101928283","grey"
"17663","LINC01493","grey"
"17666","LINC01213","grey"
"17667","LOC101928760","grey"
"17668","LOC339568","grey"
"17669","LOC101928438","grey"
"17671","LOC101928778","grey"
"17674","LOC105372489","grey"
"17676","LOC105372441","grey"
"17678","PACRG-AS1","grey"
"17681","LOC101929454","grey"
"17683","LINC00362","grey"
"17685","LOC101927721","grey"
"17686","LOC401463","grey"
"17687","LINC00862","grey"
"17689","LOC105373185","grey"
"17690","LOC105378349","grey"
"17692","ELFN1-AS1","grey"
"17694","LOC101929759","grey"
"17695","LOC101928327","grey"
"17696","LOC105373782","grey"
"17701","LRRC2-AS1","grey"
"17702","LOC100288238","grey"
"17703","LINC00392","grey"
"17705","LOC101928977","grey"
"17707","LOC105371307","grey"
"17708","LINC00674","grey"
"17709","LOC100996263","grey"
"17710","TNKS2-AS1","grey"
"17711","LOC101928851","grey"
"17712","LINC00570","grey"
"17713","LINC01411","grey"
"17714","LOC728323","grey"
"17716","GS52","grey"
"17717","FAM155A-IT1","grey"
"17718","LOC100130268","grey"
"17720","LOC145678","grey"
"17723","APCDD1L-AS1","grey"
"17724","CCDC37-AS1","grey"
"17725","LINC01037","grey"
"17726","LINC00658","grey"
"17727","LINC00443","grey"
"17728","LOC102724612","grey"
"17729","PACRG-AS2","grey"
"17740","LINC00354","grey"
"17744","PIH2","grey"
"17745","LINC01422","grey"
"17746","CDRT8","grey"
"17748","LOC104613533","grey"
"17749","LOC101927480","grey"
"17753","C20orf78","grey"
"17754","LOC101929084","grey"
"17755","LOC103611081","grey"
"17757","LINC01310","grey"
"17758","GABRG3-AS1","grey"
"17759","LL22NC03-75H12.2","grey"
"17760","AMER3","grey"
"17764","LOC100506159","grey"
"17766","LINC00339","grey"
"17769","LOC105377716","grey"
"17771","LOC101930081","grey"
"17772","LOC157931","grey"
"17773","LINC00332","grey"
"17774","CYMP","grey"
"17776","ARHGEF3-AS1","grey"
"17777","LOC101926983","grey"
"17778","LOC102467213","grey"
"17779","LINC00662","grey"
"17780","LOC100130745","grey"
"17783","LOC102724152","grey"
"17790","SAMD12-AS1","grey"
"17791","LINC00603","grey"
"17792","LOC101927043","grey"
"17794","LINC01077","grey"
"17795","LINC00994","grey"
"17799","LOC101927849","grey"
"17800","LOC105370941","grey"
"17801","CLYBL-AS2","grey"
"17802","LINC00445","grey"
"17804","LOC101929646","grey"
"17805","HOTAIR","grey"
"17808","C5orf63","grey"
"17811","HP09053","grey"
"17817","LINCR-0003","grey"
"17821","LOC101927248","grey"
"17826","LOC105377205","grey"
"17828","LOC105372626","grey"
"17830","LOC101928813","grey"
"17831","LINC01525","grey"
"17832","LINC01608","grey"
"17837","HUNK-AS1","grey"
"17838","DPP10-AS3","grey"
"17840","LOC100996345","grey"
"17844","LINC01589","grey"
"17849","LOC105378146","grey"
"17852","LINC01353","grey"
"17853","LOC102031319","grey"
"17854","KRTAP24-1","grey"
"17855","LOC105370619","grey"
"17857","LOC105376271","grey"
"17858","MANEA-AS1","grey"
"17861","LINC01276","grey"
"17862","LOC105374008","grey"
"17864","LOC101929282","grey"
"17865","LOC100288590","grey"
"17866","LOC101928417","grey"
"17867","LOC100128175","grey"
"17871","LOC100131034","grey"
"17875","LOC105377480","grey"
"17876","LOC102724264","grey"
"17877","CCDC175","grey"
"17878","BAALC-AS2","grey"
"17879","LINC01461","grey"
"17880","LOC100505609","grey"
"17881","LOC105378470","grey"
"17890","MIR3663HG","grey"
"17892","LINC01533","grey"
"17893","RBMS3-AS3","grey"
"17894","LOC101928343","grey"
"17895","LOC729558","grey"
"17897","LOC100506274","grey"
"17898","LINC00708","grey"
"17899","LINC00594","grey"
"17901","LINC01340","grey"
"17902","LINC01177","grey"
"17903","FLJ41130","grey"
"17904","LOC105373480","grey"
"17906","LAMTOR5-AS1","grey"
"17909","LOC100505515","grey"
"17911","PGGT1B","grey"
"17915","LOC101929412","grey"
"17917","C1orf68","grey"
"17919","LINC00499","grey"
"17922","LINC01304","grey"
"17926","LOC102723330","grey"
"17927","OR5G5P","grey"
"17928","HCFC1-AS1","grey"
"17929","LINC00919","grey"
"17930","LOC102724357","grey"
"17933","KRTAP25-1","grey"
"17936","SPATA13-AS1","grey"
"17937","NOVA1-AS1","grey"
"17940","EDNRB-AS1","grey"
"17941","PTCSC2","grey"
"17943","LINC01485","grey"
"17947","LOC102546298","grey"
"17948","LOC105369473","grey"
"17949","DEFB117","grey"
"17951","LINC01592","grey"
"17953","LOC105376633","grey"
"17954","LINC01186","grey"
"17955","LOC101929241","grey"
"17956","CETN4P","grey"
"17957","LIPE-AS1","grey"
"17961","LOC105371335","grey"
"17964","WTH3DI","grey"
"17966","RN7SL1","grey"
"17969","SNTG2","grey"
"17977","PROKR2","grey"
"17981","DLEU1","grey"
"17982","DEFB106B","grey"
"17989","CFHR2","grey"
"17994","PGLYRP3","grey"
"17999","KCNE1","grey"
"18005","ECI1","grey"
"18009","C11orf71","grey"
"18018","SLCO1B7","grey"
"18025","GBP7","grey"
"18026","MYOC","grey"
"18028","GPR45","grey"
"18040","CLPSL2","grey"
"18050","TYRP1","grey"
"18054","VRTN","grey"
"18066","LINGO4","grey"
"18071","RNU2-1","grey"
"18075","KRTAP4-2","grey"
"18077","RAB40AL","grey"
"18085","INSL5","grey"
"18093","UGT1A8","grey"
"18095","HES7","grey"
"18110","CST13P","grey"
"18113","MCM3AP-AS1","grey"
"18116","TTTY4","grey"
"18119","TMEM74","grey"
"18124","SNORD116-4","grey"
"18128","NEK5","grey"
"18131","BORCS8-MEF2B","grey"
"18132","FAM197Y2P","grey"
"18134","CAPZA3","grey"
"18143","LSM2","grey"
"18144","PYY2","grey"
"18145","DEFB128","grey"
"18152","SUPT7L","grey"
"18164","DIO3","grey"
"18172","DSCAML1","grey"
"18186","ZNF765","grey"
"18197","TTTY13","grey"
"18199","SNX22","grey"
"18201","GIPR","grey"
"18205","KLHL38","grey"
"18213","SOGA3","grey"
"18216","ZNF595","grey"
"18226","DEFB112","grey"
"18231","KHDC3L","grey"
"18233","CNGA4","grey"
"18234","POLR2B","grey"
"18242","CDY2A","grey"
"18246","GOLGA2P2Y","grey"
"18247","TULP2","grey"
"18255","TMEM92","grey"
"18257","LOC392196","grey"
"18271","CT47A1","grey"
"18283","CDY2B","grey"
"18286","TSFM","grey"
"18292","MTERF1","grey"
"18295","SEMA3D","grey"
"18296","ATP6V1F","grey"
"18297","TTTY19","grey"
"18300","CRYGD","grey"
"18303","ADAM30","grey"
"18312","HDAC10","grey"
"18335","XRCC5","grey"
"18337","KIAA2026","grey"
"18341","SNORD116-2","grey"
"18343","KRTAP3-2","grey"
"18344","EEF1A2","grey"
"18345","HIST1H2BA","grey"
"18369","KRTAP6-1","grey"
"18373","CRYGC","grey"
"18385","ADGRG4","grey"
"18390","SLC16A11","grey"
"18391","DUX5","grey"
"18402","CDCP2","grey"
"18407","HIST1H4F","grey"
"18409","PRSS3P2","grey"
"18416","WFDC10A","grey"
"18417","SLC22A20","grey"
"18418","MSS51","grey"
"18419","HTATSF1","grey"
"18420","ZIC4","grey"
"18426","OC90","grey"
"18431","FAM83G","grey"
"18439","OR8B12","grey"
"18444","CLLU1OS","grey"
"18454","TMEM196","grey"
"18456","MOB1A","grey"
"18459","ACTA1","grey"
"18469","NAA30","grey"
"18477","CYB561A3","grey"
"18479","OR4A15","grey"
"18480","OR2L8","grey"
"18491","CLPS","grey"
"18493","ZNF718","grey"
"18494","ATAD3B","grey"
"18497","RAB6C","grey"
"18498","UGT3A1","grey"
"18499","LRRC43","grey"
"18501","GPX2","grey"
"18514","VWA5B1","grey"
"18517","TAL2","grey"
"18520","PPY2P","grey"
"18527","ALOX12P2","grey"
"18528","PRSS45","grey"
"18530","SPATA6L","grey"
"18534","SHISA5","grey"
"18537","ACTBL2","grey"
"18538","ZBTB12","grey"
"18548","MALAT1","grey"
"18552","DLEU2L","grey"
"18555","TTTY14","grey"
"18566","TTTY16","grey"
"18567","REC114","grey"
"18568","RBMY2FP","grey"
"18574","TDH","grey"
"18578","QSER1","grey"
"18582","ZNF749","grey"
"18586","SDHAP3","grey"
"18590","RTP3","grey"
"18593","FOXG1","grey"
"18599","TNP1","grey"
"18622","ACOT6","grey"
"18628","ZNF829","grey"
"18629","FRMD8","grey"
"18633","NACA2","grey"
"18636","KRTAP5-5","grey"
"18640","RFPL2","grey"
"18642","GEMIN8P4","grey"
"18643","HAUS3","grey"
"18654","PHTF2","grey"
"18660","GOLGA6L5P","grey"
"18663","LYZL2","grey"
"18664","TTTY11","grey"
"18665","TULP1","grey"
"18669","TTTY5","grey"
"18670","HTR7P1","grey"
"18672","HIST1H4B","grey"
"18680","FBXO22-AS1","grey"
"18683","CALR3","grey"
"18689","ASPN","grey"
"18691","SPATA8","grey"
"18693","TNIP2","grey"
"18698","SEMG2","grey"
"18706","CGB2","grey"
"18713","KRTAP12-1","grey"
"18718","RBMY1A3P","grey"
"18719","DNAJC2","grey"
"18722","HNRNPA3P1","grey"
"18734","HNRNPR","grey"
"18742","KCNJ9","grey"
"18746","DMRTC2","grey"
"18749","CDRT15P1","grey"
"18752","SNHG3","grey"
"18756","HCRT","grey"
"18758","OR1G1","grey"
"18766","RPS26P11","grey"
"18770","SPACA5B","grey"
"18774","PA2G4P4","grey"
"18775","ANKRD20A8P","grey"
"18781","MAJIN","grey"
"18790","CCNI2","grey"
"18793","SAXO2","grey"
"18794","C14orf39","grey"
"18795","ZNF461","grey"
"18802","NCOR1","grey"
"18805","STPG1","grey"
"18819","CYLC1","grey"
"18830","KRTAP5-1","grey"
"18832","CYP2B7P","grey"
"18842","CTAGE10P","grey"
"18850","ADAM29","grey"
"18853","MRGPRE","grey"
"18860","KRTAP21-1","grey"
"18873","TTTY9B","grey"
"18874","CTNNA2","grey"
"18875","TSPY3","grey"
"18877","KRTAP5-8","grey"
"18884","NUTM2G","grey"
"18886","NAT16","grey"
"18894","SCARNA15","grey"
"18903","ZNF367","grey"
"18905","ADAM18","grey"
"18910","IL31","grey"
"18911","LBX1","grey"
"18914","CELA2A","grey"
"18916","TMPRSS12","grey"
"18919","ECEL1","grey"
"18924","PPP1R2P9","grey"
"18926","TTTY1","grey"
"18929","KRT79","grey"
"18931","TREML4","grey"
"18932","MUC2","grey"
"18933","PACRGL","grey"
"18934","CTXN3","grey"
"18939","OR8U1","grey"
"18943","CTAG1A","grey"
"18952","SFTPC","grey"
"18959","FAM46D","grey"
"18960","HIST1H3I","grey"
"18962","RPLP0P2","grey"
"18964","OR6C70","grey"
"18966","DMRT1","grey"
"18971","GDF3","grey"
"18972","NLGN4Y","grey"
"18977","SPANXB1","grey"
"18993","NDST4","grey"
"19011","GRK1","grey"
"19015","BPY2B","grey"
"19031","RBP2","grey"
"19038","NR0B2","grey"
"19040","VDAC2","grey"
"19042","ASNSD1","grey"
"19046","HIST1H3B","grey"
"19052","TBX10","grey"
"19054","ADH7","grey"
"19059","TTTY21","grey"
"19060","SNAPC3","grey"
"19061","GNRHR2","grey"
"19063","CCDC129","grey"
"19067","ZNF740","grey"
"19075","FCRL1","grey"
"19080","TIGD4","grey"
"19082","C7orf61","grey"
"19088","SLAMF9","grey"
"19096","OR2T5","grey"
"19106","DEFB129","grey"
"19116","CT47A6","grey"
"19118","C10orf25","grey"
"19120","ABCB11","grey"
"19123","PCIF1","grey"
"19124","ARL14","grey"
"19125","PGA4","grey"
"19129","MYH16","grey"
"19131","GAGE12I","grey"
"19138","H2BFXP","grey"
"19143","LRRC14B","grey"
"19156","OTOL1","grey"
"19157","TBX20","grey"
"19158","KLK15","grey"
"19167","CDY1","grey"
"19169","CCDC159","grey"
"19173","ZAN","grey"
"19175","GGT1","grey"
"19180","SLC29A1","grey"
"19181","C2orf78","grey"
"19184","CEMP1","grey"
"19192","SLC38A8","grey"
"19197","ADAMTS13","grey"
"19198","BTBD17","grey"
"19205","TTC36","grey"
"19210","HSFY2","grey"
"19211","SSX4B","grey"
"19212","RFPL3S","grey"
"19225","MAGEB1","grey"
"19226","TTC39A","grey"
"19227","TBX18","grey"
"19228","TMEM150A","grey"
"19232","SLC4A8","grey"
"19236","UNC13C","grey"
"19241","MOG","grey"
"19242","MRPL52","grey"
"19245","GP2","grey"
"19247","MIA3","grey"
"19253","DUSP27","grey"
"19258","CLEC4M","grey"
"19262","WARS2","grey"
"19284","SPOCK3","grey"
"19285","OR11H12","grey"
"19291","PTGES2","grey"
"19308","TPO","grey"
"19312","HAP1","grey"
"19325","YAF2","grey"
"19336","AIPL1","grey"
"19340","KLK2","grey"
"19343","TRAPPC5","grey"
"19359","KREMEN2","grey"
"19368","PFN1P2","grey"
"19374","HNRNPL","grey"
"19383","AMELX","grey"
"19419","TAAR2","grey"
"1","EEF1A1","magenta"
"36","BRD9","magenta"
"38","SELM","magenta"
"41","FOXI1","magenta"
"45","KDM2B","magenta"
"71","EXOC6","magenta"
"79","KIAA0586","magenta"
"88","RBM11","magenta"
"93","ARMCX3","magenta"
"99","RRAGB","magenta"
"111","EHD1","magenta"
"114","ITSN1","magenta"
"115","RPS16","magenta"
"163","CBR3","magenta"
"170","FBXO32","magenta"
"190","SPATA7","magenta"
"213","LMNTD2","magenta"
"222","TMEM198B","magenta"
"223","SHH","magenta"
"228","C14orf2","magenta"
"244","HOXA3","magenta"
"247","LRRC17","magenta"
"275","CABLES1","magenta"
"293","SH3D19","magenta"
"295","ECD","magenta"
"303","GCNT2","magenta"
"307","EFEMP2","magenta"
"357","IL18BP","magenta"
"361","KCTD9","magenta"
"367","KLHL7","magenta"
"379","OXCT2","magenta"
"396","CHFR","magenta"
"397","OGFOD1","magenta"
"418","ATOH8","magenta"
"431","RGPD3","magenta"
"434","DOK7","magenta"
"450","TESK2","magenta"
"453","KHNYN","magenta"
"461","PMCH","magenta"
"462","OAT","magenta"
"475","ATP6V1G2","magenta"
"484","CHD1","magenta"
"495","RAD9B","magenta"
"501","ZNF280B","magenta"
"506","TRIM32","magenta"
"509","CASK","magenta"
"517","ACO2","magenta"
"526","NFIC","magenta"
"532","SERF1B","magenta"
"551","JADE1","magenta"
"566","PPP6R2","magenta"
"567","FAM136A","magenta"
"574","PLAC8L1","magenta"
"588","XKR6","magenta"
"591","TSPAN3","magenta"
"599","DMRTA1","magenta"
"613","TSHZ2","magenta"
"619","DVL1","magenta"
"634","RPF1","magenta"
"651","ATP2A2","magenta"
"661","RPE","magenta"
"664","ZHX1","magenta"
"673","PCDHA2","magenta"
"704","KATNAL2","magenta"
"708","CLMP","magenta"
"716","YBEY","magenta"
"734","NMT2","magenta"
"747","IP6K1","magenta"
"754","NOTO","magenta"
"759","SNURF","magenta"
"760","RUVBL1","magenta"
"774","RPS24","magenta"
"777","COX19","magenta"
"797","DNM2","magenta"
"803","DRC7","magenta"
"808","MDH1","magenta"
"809","PSD3","magenta"
"818","APCDD1","magenta"
"820","HIBCH","magenta"
"824","NFASC","magenta"
"831","CLEC4GP1","magenta"
"835","AHNAK2","magenta"
"866","P3H2","magenta"
"870","RFX6","magenta"
"872","NUP50","magenta"
"877","NTPCR","magenta"
"878","SRPK2","magenta"
"886","KIAA0319","magenta"
"888","TSEN54","magenta"
"889","RPS6KA5","magenta"
"892","CCDC34","magenta"
"894","TSPYL2","magenta"
"907","FANCD2","magenta"
"911","VAV3","magenta"
"916","MGLL","magenta"
"920","FAM219B","magenta"
"935","TOB2P1","magenta"
"942","TMEM14C","magenta"
"944","AHCY","magenta"
"947","ABL2","magenta"
"951","SALL1","magenta"
"961","MSRB2","magenta"
"970","DYNLRB1","magenta"
"1002","WDR54","magenta"
"1006","PIAS2","magenta"
"1017","CRTAC1","magenta"
"1058","ACTC1","magenta"
"1073","ZBTB25","magenta"
"1085","CAMK2D","magenta"
"1087","WBP1L","magenta"
"1088","ZC3H18","magenta"
"1093","UBE2Z","magenta"
"1100","SLC1A1","magenta"
"1110","ACOT9","magenta"
"1112","CBWD3","magenta"
"1114","C11orf74","magenta"
"1120","CHKB","magenta"
"1129","ROCK2","magenta"
"1134","MDK","magenta"
"1150","PRPF6","magenta"
"1183","CRELD1","magenta"
"1185","STX3","magenta"
"1189","AR","magenta"
"1191","AZIN2","magenta"
"1192","CCL26","magenta"
"1197","GABRA2","magenta"
"1199","LGALS3BP","magenta"
"1200","NPIPB3","magenta"
"1205","BTF3","magenta"
"1215","HOXD9","magenta"
"1234","AK8","magenta"
"1236","ST7L","magenta"
"1245","C1orf216","magenta"
"1254","SNRPN","magenta"
"1265","CDH7","magenta"
"1276","ACAA2","magenta"
"1282","TDRD6","magenta"
"1299","GCOM1","magenta"
"1333","TCP1","magenta"
"1346","PPP2R2B","magenta"
"1371","NEK6","magenta"
"1373","RNH1","magenta"
"1377","TRIM15","magenta"
"1409","CLDN14","magenta"
"1411","CLCF1","magenta"
"1414","SPAM1","magenta"
"1423","SPTBN1","magenta"
"1429","PGAM1","magenta"
"1440","DGKA","magenta"
"1448","ARRDC1","magenta"
"1455","DIAPH1","magenta"
"1458","CD151","magenta"
"1463","DDIT4","magenta"
"1474","DET1","magenta"
"1491","WNT5B","magenta"
"1496","TNFRSF6B","magenta"
"1497","ANKRD12","magenta"
"1506","SLIRP","magenta"
"1514","LARGE1","magenta"
"1533","PTK7","magenta"
"1536","C5orf34","magenta"
"1549","ANXA7","magenta"
"1564","COX7A1","magenta"
"1582","PNPLA7","magenta"
"1586","SPAG11A","magenta"
"1587","PUS1","magenta"
"1601","SLC9B2","magenta"
"1603","CA2","magenta"
"1620","ERCC4","magenta"
"1622","SFXN3","magenta"
"1636","POMZP3","magenta"
"1650","CITED2","magenta"
"1656","MAMLD1","magenta"
"1661","DDX31","magenta"
"1671","KATNAL1","magenta"
"1682","TRAF3IP2","magenta"
"1683","GEMIN5","magenta"
"1687","LARP6","magenta"
"1689","SURF1","magenta"
"1706","SLC24A3","magenta"
"1707","RIC8B","magenta"
"1708","CLYBL","magenta"
"1716","DPP6","magenta"
"1717","BBS5","magenta"
"1722","ELMO1","magenta"
"1727","MRPS10","magenta"
"1753","KNDC1","magenta"
"1767","PXMP4","magenta"
"1769","CENPB","magenta"
"1771","ZNF485","magenta"
"1773","SEC22C","magenta"
"1790","FBLN5","magenta"
"1799","ZNF415","magenta"
"1806","PNPLA4","magenta"
"1808","SGIP1","magenta"
"1820","PTGDS","magenta"
"1832","DLD","magenta"
"1850","C11orf54","magenta"
"1852","SLC25A25","magenta"
"1858","ATP2B4","magenta"
"1859","C11orf49","magenta"
"1875","C19orf12","magenta"
"1876","PPP6C","magenta"
"1879","GTF2E2","magenta"
"1881","SSU72","magenta"
"1899","ITGB1BP1","magenta"
"1908","NUDT6","magenta"
"1918","SPCS1","magenta"
"1928","EPS15","magenta"
"1936","GSDMD","magenta"
"1941","DCUN1D3","magenta"
"1958","TUBB","magenta"
"1959","HSF1","magenta"
"1960","WDR5B","magenta"
"1963","CTDSPL2","magenta"
"1990","IGFBP4","magenta"
"1994","WDR61","magenta"
"2028","CECR1","magenta"
"2035","GSDMB","magenta"
"2038","IL17RC","magenta"
"2051","ATP5H","magenta"
"2065","ROBO1","magenta"
"2066","UQCRQ","magenta"
"2081","IFT88","magenta"
"2088","PREPL","magenta"
"2090","RABL2A","magenta"
"2103","DAP3","magenta"
"2116","PHLDB1","magenta"
"2120","RAP1GAP2","magenta"
"2124","ATRX","magenta"
"2140","PLD3","magenta"
"2141","ACE2","magenta"
"2184","COPZ2","magenta"
"2187","L3HYPDH","magenta"
"2208","LCMT2","magenta"
"2249","C11orf96","magenta"
"2251","CBLN3","magenta"
"2284","SYNGR1","magenta"
"2285","OAF","magenta"
"2287","ITGB5","magenta"
"2288","SFT2D2","magenta"
"2295","ABCA9","magenta"
"2308","NR3C1","magenta"
"2318","STON1","magenta"
"2323","AKR1C2","magenta"
"2331","KMT2A","magenta"
"2334","SIK2","magenta"
"2337","ARSB","magenta"
"2376","MIPEP","magenta"
"2378","ZNF672","magenta"
"2395","ANKRD49","magenta"
"2429","KCNJ14","magenta"
"2434","EFCAB6","magenta"
"2439","OSBPL10","magenta"
"2449","SUPT20H","magenta"
"2455","PHKG2","magenta"
"2470","TNK2","magenta"
"2488","ESD","magenta"
"2491","SLC18B1","magenta"
"2492","TCF12","magenta"
"2501","DCP2","magenta"
"2516","POLR2L","magenta"
"2527","CDKN2B","magenta"
"2545","F8","magenta"
"2553","PMS2","magenta"
"2558","FCHO2","magenta"
"2559","SLC47A1","magenta"
"2565","ZNF20","magenta"
"2567","ANTXR1","magenta"
"2570","METAP2","magenta"
"2580","PDPN","magenta"
"2588","SMAD1","magenta"
"2613","F10","magenta"
"2643","ACVR2A","magenta"
"2661","HSPB2","magenta"
"2665","CDX2","magenta"
"2686","DKC1","magenta"
"2689","NF2","magenta"
"2694","EIF3I","magenta"
"2738","TPGS2","magenta"
"2751","PSRC1","magenta"
"2759","THUMPD3","magenta"
"2764","PROS1","magenta"
"2769","SSB","magenta"
"2792","NXPE2","magenta"
"2811","SMARCA2","magenta"
"2813","QDPR","magenta"
"2818","TCF7L2","magenta"
"2829","SEMA4B","magenta"
"2860","MTFMT","magenta"
"2897","AIMP2","magenta"
"2903","CCDC178","magenta"
"2952","GATAD2A","magenta"
"2959","KIF6","magenta"
"2968","CDV3","magenta"
"2971","ZNF426","magenta"
"2986","MANBAL","magenta"
"2999","PKIA","magenta"
"3005","COL8A2","magenta"
"3013","S100A7L2","magenta"
"3027","HSPB1","magenta"
"3045","TRPC1","magenta"
"3046","YWHAQ","magenta"
"3071","CLTB","magenta"
"3091","NID1","magenta"
"3100","PPIE","magenta"
"3175","ANKMY1","magenta"
"3208","DDR2","magenta"
"3214","COL4A6","magenta"
"3239","KLHL12","magenta"
"3242","SPON2","magenta"
"3251","SRPX2","magenta"
"3267","PCED1A","magenta"
"3289","GPR173","magenta"
"3302","TTC26","magenta"
"3308","ANKRD42","magenta"
"3309","PHPT1","magenta"
"3313","INSIG2","magenta"
"3320","PPT2","magenta"
"3323","MAATS1","magenta"
"3330","CYB5RL","magenta"
"3337","CDK19","magenta"
"3348","MTSS1","magenta"
"3349","ZNF300","magenta"
"3355","HOXA4","magenta"
"3377","TMLHE","magenta"
"3391","CHD7","magenta"
"3399","ATP6AP2","magenta"
"3408","ANKZF1","magenta"
"3413","THAP4","magenta"
"3415","SCAP","magenta"
"3422","RAP2B","magenta"
"3443","POR","magenta"
"3444","ZNF559","magenta"
"3450","SLC9A6","magenta"
"3462","ZC3H15","magenta"
"3467","GPHN","magenta"
"3480","CCDC74A","magenta"
"3497","KANSL1","magenta"
"3504","SULT1A3","magenta"
"3507","FARP1","magenta"
"3510","SPA17","magenta"
"3512","SRD5A3","magenta"
"3523","RHOT1","magenta"
"3527","ESR1","magenta"
"3529","PEX11B","magenta"
"3532","CDC123","magenta"
"3539","TCTN3","magenta"
"3551","TAF15","magenta"
"3563","RAPGEF1","magenta"
"3575","ZBED6CL","magenta"
"3581","POLR1E","magenta"
"3591","ZXDA","magenta"
"3595","MTX3","magenta"
"3616","KIDINS220","magenta"
"3619","ZNF546","magenta"
"3627","ARSJ","magenta"
"3628","PSIP1","magenta"
"3638","MAMDC2","magenta"
"3675","ENOX2","magenta"
"3676","C2orf68","magenta"
"3698","CT45A1","magenta"
"3715","SLC7A13","magenta"
"3721","C11orf45","magenta"
"3732","SART1","magenta"
"3733","MTERF2","magenta"
"3734","MAP1B","magenta"
"3745","METTL21B","magenta"
"3746","NUDT9","magenta"
"3752","STX4","magenta"
"3766","RBM45","magenta"
"3775","MAPK8IP1","magenta"
"3776","NPEPPS","magenta"
"3807","GLRX2","magenta"
"3810","NREP","magenta"
"3816","PCNX4","magenta"
"3821","RECQL","magenta"
"3854","IL12B","magenta"
"3859","OVCH1","magenta"
"3864","CLPB","magenta"
"3869","DYRK4","magenta"
"3878","PDE2A","magenta"
"3895","RHBDD1","magenta"
"3901","ZNF100","magenta"
"3940","DYNLT3","magenta"
"3944","LRRC71","magenta"
"3957","FBXL8","magenta"
"3983","ZNF404","magenta"
"3998","SNORD33","magenta"
"4005","TMEM242","magenta"
"4007","TUBB4A","magenta"
"4015","CCDC106","magenta"
"4018","IL19","magenta"
"4024","BMP3","magenta"
"4038","MXRA8","magenta"
"4042","USP29","magenta"
"4044","C21orf33","magenta"
"4048","NDUFAF2","magenta"
"4050","SPSB3","magenta"
"4067","PLA2R1","magenta"
"4084","ZNF281","magenta"
"4088","PRICKLE2","magenta"
"4098","ZBED3","magenta"
"4105","SNAPC5","magenta"
"4113","IP6K2","magenta"
"4119","CHRNA7","magenta"
"4146","SPATS2L","magenta"
"4147","DAGLA","magenta"
"4159","ADAMTS15","magenta"
"4164","SMIM10","magenta"
"4183","PCDHB2","magenta"
"4185","MED13L","magenta"
"4202","BDKRB2","magenta"
"4268","TNXB","magenta"
"4270","ZFP90","magenta"
"4279","C2orf27A","magenta"
"4288","TAF5","magenta"
"4289","AKAP12","magenta"
"4323","FAM206A","magenta"
"4328","TCTN1","magenta"
"4345","PSG11","magenta"
"4361","DZIP1","magenta"
"4369","TARS","magenta"
"4371","TMCC3","magenta"
"4402","INHBB","magenta"
"4417","ZNF136","magenta"
"4419","AMPH","magenta"
"4434","DNAJC24","magenta"
"4442","C14orf79","magenta"
"4450","NSD1","magenta"
"4467","HSPA8","magenta"
"4470","PYCRL","magenta"
"4478","TIFA","magenta"
"4497","CSF1R","magenta"
"4506","TMEM9","magenta"
"4517","CLCN1","magenta"
"4521","FAM229B","magenta"
"4534","INSIG1","magenta"
"4552","PCBP3","magenta"
"4554","ZNF514","magenta"
"4589","DRC1","magenta"
"4591","SLC37A1","magenta"
"4592","MOXD1","magenta"
"4601","CUX1","magenta"
"4610","DNAJC4","magenta"
"4612","ZNF576","magenta"
"4624","C16orf45","magenta"
"4632","CALM2","magenta"
"4657","FAM161B","magenta"
"4679","ASS1","magenta"
"4702","LCMT1","magenta"
"4704","CELA2B","magenta"
"4711","ZNF195","magenta"
"4729","FBXL2","magenta"
"4741","UTP14A","magenta"
"4765","CDK4","magenta"
"4770","WDR7","magenta"
"4782","NOB1","magenta"
"4800","ATL1","magenta"
"4806","ARMC10","magenta"
"4821","ZBTB20","magenta"
"4824","CPLX3","magenta"
"4825","PECAM1","magenta"
"4845","NOL8","magenta"
"4853","DNAH5","magenta"
"4861","LOC646938","magenta"
"4865","CD81","magenta"
"4884","P4HA3","magenta"
"4887","NIPBL","magenta"
"4893","CRYM","magenta"
"4923","COMMD3","magenta"
"4935","LRRC20","magenta"
"4939","PPP3CC","magenta"
"4958","MIR99AHG","magenta"
"4980","CMIP","magenta"
"4990","ASAP1","magenta"
"4993","DDT","magenta"
"5008","NAA38","magenta"
"5047","LDOC1L","magenta"
"5060","MAPKAP1","magenta"
"5062","CUL4B","magenta"
"5066","ELF2","magenta"
"5068","GNPDA2","magenta"
"5072","GTF3C6","magenta"
"5089","GJD3","magenta"
"5090","KHDRBS3","magenta"
"5094","SMNDC1","magenta"
"5117","FAM173B","magenta"
"5128","NDN","magenta"
"5139","NSDHL","magenta"
"5141","GNA12","magenta"
"5166","NMNAT1","magenta"
"5178","RNF183","magenta"
"5191","PTRHD1","magenta"
"5195","ISLR2","magenta"
"5206","TBC1D19","magenta"
"5245","AKAP11","magenta"
"5249","HYAL1","magenta"
"5254","PDCD6IP","magenta"
"5275","PSG4","magenta"
"5289","PSG3","magenta"
"5298","CSH2","magenta"
"5306","PDAP1","magenta"
"5314","ASPH","magenta"
"5334","CATSPER3","magenta"
"5348","FAM114A1","magenta"
"5381","SNORD35B","magenta"
"5388","ROR2","magenta"
"5392","FOXL2NB","magenta"
"5394","WDR18","magenta"
"5406","ANXA3","magenta"
"5410","FAHD1","magenta"
"5463","LNPK","magenta"
"5464","WRB","magenta"
"5465","SLC7A8","magenta"
"5477","KLHDC8B","magenta"
"5481","FERMT2","magenta"
"5508","SEMA3C","magenta"
"5510","WDYHV1","magenta"
"5512","PTPN12","magenta"
"5515","MRPL24","magenta"
"5533","DISP1","magenta"
"5537","DYRK3","magenta"
"5542","ZKSCAN5","magenta"
"5555","TRNP1","magenta"
"5557","EVA1C","magenta"
"5566","LRRK1","magenta"
"5577","SDF4","magenta"
"5598","CYB5D2","magenta"
"5612","TTC31","magenta"
"5614","POP4","magenta"
"5635","ZNF169","magenta"
"5638","LRP1B","magenta"
"5642","VARS","magenta"
"5649","ABLIM1","magenta"
"5654","NEO1","magenta"
"5660","LMNA","magenta"
"5662","SERP2","magenta"
"5676","ARID3B","magenta"
"5710","PRPF4","magenta"
"5726","ACYP2","magenta"
"5731","ANKRD28","magenta"
"5738","PLA2G6","magenta"
"5754","TSTA3","magenta"
"5777","PHF14","magenta"
"5779","MTFR2","magenta"
"5781","TBX1","magenta"
"5784","FAM188B","magenta"
"5786","PITRM1","magenta"
"5794","INCENP","magenta"
"5814","LGALS14","magenta"
"5822","GNB5","magenta"
"5825","KAT6B","magenta"
"5841","TMEM43","magenta"
"5844","EFCAB7","magenta"
"5854","CNIH2","magenta"
"5887","C5orf45","magenta"
"5896","TMTC1","magenta"
"5907","PPP2R5D","magenta"
"5913","TUBB6","magenta"
"5937","ZNF516","magenta"
"5946","ARCN1","magenta"
"5949","BTD","magenta"
"5963","SCRN3","magenta"
"5966","RALGDS","magenta"
"5981","UST","magenta"
"5985","TLN2","magenta"
"5987","ALAS1","magenta"
"5996","FCGBP","magenta"
"6034","IER2","magenta"
"6039","DDX24","magenta"
"6060","DPP3","magenta"
"6065","ENPP1","magenta"
"6067","SAP30","magenta"
"6072","TCTEX1D2","magenta"
"6075","MUC21","magenta"
"6082","EPHX1","magenta"
"6083","TUBG2","magenta"
"6097","KCNK6","magenta"
"6101","PIP4K2B","magenta"
"6107","ITFG2","magenta"
"6132","EHHADH","magenta"
"6166","GNG5","magenta"
"6171","AXL","magenta"
"6182","SHC1","magenta"
"6223","JAKMIP2","magenta"
"6229","CNGB1","magenta"
"6233","PACSIN2","magenta"
"6241","IGF2BP2","magenta"
"6242","HOXA9","magenta"
"6246","RPS6KA2","magenta"
"6257","RETSAT","magenta"
"6258","KLHDC10","magenta"
"6267","MECP2","magenta"
"6273","ZMYM1","magenta"
"6291","PKIG","magenta"
"6298","MTCH1","magenta"
"6310","C19orf81","magenta"
"6314","BBS7","magenta"
"6328","KTI12","magenta"
"6348","ADAM32","magenta"
"6353","PLSCR3","magenta"
"6364","CSHL1","magenta"
"6370","AHSA1","magenta"
"6379","LANCL1","magenta"
"6444","NIP7","magenta"
"6450","LIMA1","magenta"
"6457","ZNF556","magenta"
"6465","PTGR1","magenta"
"6474","VPS29","magenta"
"6482","CD93","magenta"
"6494","TCEB1","magenta"
"6499","ACTG1","magenta"
"6506","TMEM67","magenta"
"6507","NDEL1","magenta"
"6531","ADAMTSL1","magenta"
"6532","KLK8","magenta"
"6558","H2AFY2","magenta"
"6569","MEIS1","magenta"
"6587","RICTOR","magenta"
"6595","DDHD2","magenta"
"6610","DEFB125","magenta"
"6622","CCT5","magenta"
"6624","TRIM61","magenta"
"6628","C8orf33","magenta"
"6633","ZNF746","magenta"
"6635","TCTN2","magenta"
"6645","TM6SF2","magenta"
"6660","SLC35D2","magenta"
"6661","SHBG","magenta"
"6662","APOL2","magenta"
"6665","PPHLN1","magenta"
"6669","COL6A3","magenta"
"6673","OGG1","magenta"
"6684","GOLPH3L","magenta"
"6685","LIG1","magenta"
"6691","THADA","magenta"
"6696","PGAM4","magenta"
"6700","HOXD13","magenta"
"6714","PCOLCE","magenta"
"6716","UBE2D4","magenta"
"6722","C17orf97","magenta"
"6729","HCCS","magenta"
"6734","ABI2","magenta"
"6741","NFIL3","magenta"
"6748","LRIG1","magenta"
"6755","STXBP4","magenta"
"6764","GEMIN6","magenta"
"6781","MED10","magenta"
"6793","ZNF257","magenta"
"6794","TMA7","magenta"
"6807","AES","magenta"
"6820","LIX1L","magenta"
"6823","DPT","magenta"
"6846","RAB11FIP3","magenta"
"6853","ELP6","magenta"
"6868","PRTFDC1","magenta"
"6877","ACAT2","magenta"
"6898","SCFD2","magenta"
"6900","MAGEA10","magenta"
"6905","ABL1","magenta"
"6934","PRR16","magenta"
"6945","MKRN3","magenta"
"6952","ALDH1A1","magenta"
"6959","RIPPLY2","magenta"
"6963","CNTN4","magenta"
"6967","BLM","magenta"
"6968","SRPX","magenta"
"6979","CCDC107","magenta"
"6980","CMBL","magenta"
"6982","GFPT2","magenta"
"7011","PEX11G","magenta"
"7036","TTC25","magenta"
"7049","VPS37B","magenta"
"7053","PAPLN","magenta"
"7059","SLC39A3","magenta"
"7072","BUD31","magenta"
"7079","NAPRT","magenta"
"7110","KCNB1","magenta"
"7125","SCG3","magenta"
"7135","GPM6A","magenta"
"7153","MNS1","magenta"
"7173","ZP4","magenta"
"7183","SKP1","magenta"
"7185","KEAP1","magenta"
"7212","CPXM1","magenta"
"7216","FOXO4","magenta"
"7234","DDX50","magenta"
"7235","DOCK3","magenta"
"7253","CBLN1","magenta"
"7259","ZNF696","magenta"
"7261","MAP6","magenta"
"7269","METRN","magenta"
"7281","RPS27L","magenta"
"7284","TRIM47","magenta"
"7292","SBSN","magenta"
"7311","CCK","magenta"
"7315","CPNE7","magenta"
"7324","C1QTNF9B-AS1","magenta"
"7332","DLGAP2","magenta"
"7338","TCP11L1","magenta"
"7348","CYP20A1","magenta"
"7357","MYL6B","magenta"
"7383","IL34","magenta"
"7397","SNORD15B","magenta"
"7416","UBAC2","magenta"
"7419","KRTAP4-4","magenta"
"7429","TP53INP1","magenta"
"7444","FAM19A3","magenta"
"7455","SNX27","magenta"
"7456","ZCCHC2","magenta"
"7460","FBXO17","magenta"
"7467","RNF14","magenta"
"7475","VAMP3","magenta"
"7478","CDK16","magenta"
"7482","CAMLG","magenta"
"7489","HOXD10","magenta"
"7501","ZNF3","magenta"
"7507","MEAF6","magenta"
"7516","IQCH","magenta"
"7520","HOXD8","magenta"
"7558","KNL1","magenta"
"7570","C12orf50","magenta"
"7571","CCDC53","magenta"
"7574","SOCS5","magenta"
"7579","LRR1","magenta"
"7580","SLX4IP","magenta"
"7587","TFAM","magenta"
"7597","CEBPA","magenta"
"7617","KMT2B","magenta"
"7620","GREB1","magenta"
"7629","CAPN2","magenta"
"7635","KANK2","magenta"
"7651","PGM2L1","magenta"
"7652","KBTBD8","magenta"
"7670","DTYMK","magenta"
"7717","ADAMDEC1","magenta"
"7720","FSIP1","magenta"
"7754","AAED1","magenta"
"7755","C9orf66","magenta"
"7788","PSTK","magenta"
"7794","NUDT11","magenta"
"7802","DMGDH","magenta"
"7804","CCT8","magenta"
"7810","SORBS3","magenta"
"7813","SYT11","magenta"
"7820","APEH","magenta"
"7825","OTUD7A","magenta"
"7832","ALG1","magenta"
"7847","SETDB1","magenta"
"7857","EML4","magenta"
"7858","PDE6G","magenta"
"7875","RNLS","magenta"
"7884","TSPAN4","magenta"
"7904","EXTL1","magenta"
"7909","SLTM","magenta"
"7913","PLCL1","magenta"
"7918","CNTN2","magenta"
"7937","ARL4D","magenta"
"7941","KCTD10","magenta"
"7954","WBSCR27","magenta"
"7956","MED16","magenta"
"7977","WDR26","magenta"
"7989","PCDHGB4","magenta"
"7996","SYTL4","magenta"
"8001","SMOC2","magenta"
"8021","REM1","magenta"
"8036","FEM1A","magenta"
"8040","ZNF23","magenta"
"8052","ETS2","magenta"
"8061","TARSL2","magenta"
"8066","OSTM1","magenta"
"8076","NCBP2","magenta"
"8082","TMEM120B","magenta"
"8086","KDM4B","magenta"
"8092","BEST3","magenta"
"8093","ARSG","magenta"
"8100","SLC25A3","magenta"
"8110","C2orf48","magenta"
"8113","PYGM","magenta"
"8118","SETD7","magenta"
"8133","ZNF227","magenta"
"8138","MS4A15","magenta"
"8145","NEK4","magenta"
"8148","H6PD","magenta"
"8158","HSPB6","magenta"
"8160","CERK","magenta"
"8167","FBXO27","magenta"
"8175","FERD3L","magenta"
"8191","ARID5B","magenta"
"8211","FBLN2","magenta"
"8215","IER5","magenta"
"8225","NOVA1","magenta"
"8253","CPNE8","magenta"
"8266","MGAT4B","magenta"
"8287","NUCB1","magenta"
"8291","PCDHB4","magenta"
"8315","UNC13A","magenta"
"8324","MRPS11","magenta"
"8331","ZCCHC9","magenta"
"8348","SRSF3","magenta"
"8356","SLC6A16","magenta"
"8370","BST2","magenta"
"8371","CHST3","magenta"
"8379","MAP4K2","magenta"
"8380","APBA2","magenta"
"8386","PCDHB10","magenta"
"8390","C9orf116","magenta"
"8408","LGALS1","magenta"
"8413","ZNF519","magenta"
"8427","IVD","magenta"
"8440","FAM35A","magenta"
"8441","LMTK2","magenta"
"8465","SESTD1","magenta"
"8469","PPP4R1","magenta"
"8483","UQCC1","magenta"
"8485","NIN","magenta"
"8497","SNORD22","magenta"
"8509","ADAL","magenta"
"8526","IGFBP2","magenta"
"8541","SLC27A5","magenta"
"8548","RGS17","magenta"
"8559","GGNBP2","magenta"
"8560","SUMO3","magenta"
"8563","GTF2H3","magenta"
"8635","ZNF135","magenta"
"8655","IREB2","magenta"
"8672","C2orf76","magenta"
"8673","MRPS30","magenta"
"8682","BHLHE41","magenta"
"8693","TWSG1","magenta"
"8696","AADAT","magenta"
"8707","PARPBP","magenta"
"8727","WDR36","magenta"
"8733","FAM21C","magenta"
"8736","WARS","magenta"
"8748","LEMD3","magenta"
"8758","KCNMB4","magenta"
"8786","RAB33B","magenta"
"8794","MOSPD1","magenta"
"8811","F8A3","magenta"
"8818","S100A16","magenta"
"8822","OR2F1","magenta"
"8825","GPATCH11","magenta"
"8832","PRELID3B","magenta"
"8833","LUC7L3","magenta"
"8842","ZNF30","magenta"
"8849","PUM2","magenta"
"8858","PHOSPHO2","magenta"
"8891","STXBP1","magenta"
"8892","NGLY1","magenta"
"8898","NDUFS1","magenta"
"8901","KIAA1644","magenta"
"8932","GATM","magenta"
"8964","TMEFF1","magenta"
"8974","CLDN20","magenta"
"8983","OPA1","magenta"
"8986","VDAC3","magenta"
"8992","CHRNA4","magenta"
"9015","GSPT2","magenta"
"9043","DNAL1","magenta"
"9054","ZDHHC7","magenta"
"9071","MRPL16","magenta"
"9072","ZKSCAN7","magenta"
"9079","VSIG8","magenta"
"9084","NPHP1","magenta"
"9099","RUFY3","magenta"
"9131","TEX2","magenta"
"9134","STRAP","magenta"
"9141","CLSTN2","magenta"
"9146","C8B","magenta"
"9179","RXFP3","magenta"
"9182","SETDB2","magenta"
"9193","NTRK1","magenta"
"9216","HIST2H2BE","magenta"
"9292","RIMBP3","magenta"
"9305","NRBP2","magenta"
"9307","WDR93","magenta"
"9318","SH3BGR","magenta"
"9322","RMDN1","magenta"
"9323","FASTKD5","magenta"
"9344","NDUFC1","magenta"
"9345","MTF2","magenta"
"9355","HIST1H1T","magenta"
"9362","MT1B","magenta"
"9378","TCEB2","magenta"
"9383","MMD","magenta"
"9385","IARS","magenta"
"9395","CGA","magenta"
"9397","TCEAL3","magenta"
"9399","SPPL2A","magenta"
"9417","PKDCC","magenta"
"9419","KIF2A","magenta"
"9499","ISCU","magenta"
"9509","DCBLD2","magenta"
"9537","TRIOBP","magenta"
"9564","THBS4","magenta"
"9572","OR1L1","magenta"
"9575","AEBP1","magenta"
"9597","RCVRN","magenta"
"9600","FOXN2","magenta"
"9604","SLC16A14","magenta"
"9612","TMED10","magenta"
"9617","KDM4A","magenta"
"9621","DIXDC1","magenta"
"9625","COLGALT2","magenta"
"9626","MARK2","magenta"
"9632","PAG1","magenta"
"9647","HPRT1","magenta"
"9661","PLCL2","magenta"
"9665","TXLNA","magenta"
"9675","THTPA","magenta"
"9689","ZDHHC15","magenta"
"9694","TSPY26P","magenta"
"9704","KYNU","magenta"
"9705","RPL29","magenta"
"9706","TAF4","magenta"
"9711","DESI1","magenta"
"9749","TSPYL5","magenta"
"9760","CYP2D7","magenta"
"9766","ZNF772","magenta"
"9773","TREML3P","magenta"
"9787","EIF4E2","magenta"
"9792","RNF19A","magenta"
"9802","STIM2","magenta"
"9809","BCS1L","magenta"
"9816","ADH5","magenta"
"9827","NRXN2","magenta"
"9840","PIGT","magenta"
"9844","ZNF71","magenta"
"9845","FOXO1","magenta"
"9862","ANAPC16","magenta"
"9863","USP54","magenta"
"9921","NFE2L1","magenta"
"9924","GTF2H5","magenta"
"9926","NLGN1","magenta"
"9947","B3GALT6","magenta"
"9954","MALSU1","magenta"
"9961","LRRC8A","magenta"
"9969","FAM117B","magenta"
"9971","VKORC1","magenta"
"10001","USP18","magenta"
"10012","METAP1D","magenta"
"10015","IFI27L2","magenta"
"10018","IST1","magenta"
"10028","RASD1","magenta"
"10031","ACKR4","magenta"
"10032","CYB5R3","magenta"
"10039","TSPYL4","magenta"
"10056","TRPM3","magenta"
"10071","UROD","magenta"
"10085","DTWD1","magenta"
"10094","LRRC19","magenta"
"10119","RAB11FIP2","magenta"
"10129","MRPS33","magenta"
"10156","RSPH6A","magenta"
"10165","SERINC1","magenta"
"10167","RAB3IL1","magenta"
"10186","MMP10","magenta"
"10188","WDR47","magenta"
"10195","RABEPK","magenta"
"10199","BBS10","magenta"
"10204","IFRD2","magenta"
"10205","GDPD4","magenta"
"10208","SERPINB9","magenta"
"10213","NLN","magenta"
"10214","DNAJC19","magenta"
"10248","PTCHD4","magenta"
"10257","MTPAP","magenta"
"10281","DIRAS2","magenta"
"10307","RBM4B","magenta"
"10320","SNORD32A","magenta"
"10345","RCOR1","magenta"
"10349","TSPAN16","magenta"
"10350","POLDIP2","magenta"
"10358","KBTBD3","magenta"
"10393","ASTN2","magenta"
"10424","TRUB1","magenta"
"10434","FGF2","magenta"
"10437","BTBD6","magenta"
"10452","KCNN3","magenta"
"10453","CTTN","magenta"
"10457","PTPRM","magenta"
"10460","NFX1","magenta"
"10473","TRIM2","magenta"
"10481","ANO4","magenta"
"10487","PCDHB3","magenta"
"10511","ZMAT5","magenta"
"10517","DNALI1","magenta"
"10518","MCAT","magenta"
"10536","STKLD1","magenta"
"10550","KIF1BP","magenta"
"10570","SPOCK1","magenta"
"10572","SPATS2","magenta"
"10575","CPO","magenta"
"10582","HOXD11","magenta"
"10589","SDHC","magenta"
"10602","TSEN2","magenta"
"10610","FJX1","magenta"
"10643","CEP290","magenta"
"10646","TTLL4","magenta"
"10647","RAB21","magenta"
"10659","CFAP53","magenta"
"10672","CAPS2","magenta"
"10685","HTRA2","magenta"
"10701","PATJ","magenta"
"10715","PPP1R11","magenta"
"10722","CHML","magenta"
"10752","GEMIN8","magenta"
"10767","MAPK10","magenta"
"10781","ZNF239","magenta"
"10795","TCEAL4","magenta"
"10803","CRELD2","magenta"
"10820","MRAS","magenta"
"10837","REXO2","magenta"
"10864","BANF1","magenta"
"10878","GGT5","magenta"
"10883","KIAA1191","magenta"
"10898","ZNF778","magenta"
"10902","DNAJC22","magenta"
"10927","NDC1","magenta"
"10944","S100A11","magenta"
"10966","IGFBP5","magenta"
"10973","PCDHB17P","magenta"
"10989","CLUAP1","magenta"
"10990","ATP2B1","magenta"
"11000","SSR1","magenta"
"11008","GSTM5","magenta"
"11009","ACO1","magenta"
"11024","LONRF2","magenta"
"11027","SMAD2","magenta"
"11028","C7orf25","magenta"
"11066","EMX2","magenta"
"11094","ANKLE1","magenta"
"11100","LSM10","magenta"
"11112","MESP2","magenta"
"11115","ZCWPW1","magenta"
"11118","PRKAG1","magenta"
"11139","KIAA1143","magenta"
"11150","ZNF565","magenta"
"11189","CLPTM1L","magenta"
"11195","STX8","magenta"
"11201","COPRS","magenta"
"11205","AKIP1","magenta"
"11212","MRPL35","magenta"
"11261","TCEAL7","magenta"
"11308","RMI1","magenta"
"11321","AP1G2","magenta"
"11350","C2orf74","magenta"
"11358","R3HDM1","magenta"
"11363","KCTD8","magenta"
"11369","ZCCHC24","magenta"
"11375","FBXO38","magenta"
"11415","FBXO15","magenta"
"11420","TUB","magenta"
"11422","RALA","magenta"
"11425","ARL2BP","magenta"
"11429","EIF1AX","magenta"
"11441","DIP2B","magenta"
"11448","RPS26","magenta"
"11454","ANXA9","magenta"
"11470","OR51T1","magenta"
"11487","MFGE8","magenta"
"11488","WASF1","magenta"
"11514","WNK3","magenta"
"11520","SNX21","magenta"
"11523","PMF1","magenta"
"11527","KLHL20","magenta"
"11534","SYS1","magenta"
"11542","DEPTOR","magenta"
"11564","IFT43","magenta"
"11571","SMCO3","magenta"
"11598","ASAP2","magenta"
"11603","THAP1","magenta"
"11615","RAN","magenta"
"11616","UCHL1","magenta"
"11618","TMEM50B","magenta"
"11635","MPG","magenta"
"11661","CFAP206","magenta"
"11663","SPIRE1","magenta"
"11665","SGK223","magenta"
"11671","HIP1R","magenta"
"11692","ZNF791","magenta"
"11702","RARS2","magenta"
"11713","ACPP","magenta"
"11742","FAM107B","magenta"
"11767","CTSK","magenta"
"11780","WFS1","magenta"
"11787","MLLT11","magenta"
"11794","IRS1","magenta"
"11804","KIF1A","magenta"
"11806","MED27","magenta"
"11813","UQCRB","magenta"
"11820","RND3","magenta"
"11822","NRIP3","magenta"
"11834","NDUFA8","magenta"
"11836","IGSF22","magenta"
"11850","CTTNBP2","magenta"
"11871","HSPA12A","magenta"
"11878","MID2","magenta"
"11883","TMEM42","magenta"
"11888","OR4K13","magenta"
"11889","ZNF417","magenta"
"11905","AADAC","magenta"
"11915","DYDC2","magenta"
"11918","CT47A7","magenta"
"11919","RAI2","magenta"
"11933","ZMIZ2","magenta"
"11934","ANG","magenta"
"11941","NETO2","magenta"
"12008","BORA","magenta"
"12035","CSTB","magenta"
"12036","ALDH9A1","magenta"
"12040","ZCCHC17","magenta"
"12044","C3orf14","magenta"
"12047","MGAT1","magenta"
"12053","ZNF200","magenta"
"12062","SEC62","magenta"
"12066","NAPEPLD","magenta"
"12067","ZNF551","magenta"
"12075","MMP2","magenta"
"12085","ZEB1","magenta"
"12087","DCTN3","magenta"
"12096","CABLES2","magenta"
"12099","DHFR2","magenta"
"12101","ME3","magenta"
"12114","SERPINC1","magenta"
"12135","SH3BGRL2","magenta"
"12152","CHD9","magenta"
"12157","SUGCT","magenta"
"12158","QARS","magenta"
"12162","DCTPP1","magenta"
"12181","SIMC1","magenta"
"12182","GZF1","magenta"
"12198","CHIC1","magenta"
"12215","ZNF423","magenta"
"12220","TMEM132D","magenta"
"12244","PTRH1","magenta"
"12246","ACACB","magenta"
"12248","CDADC1","magenta"
"12253","LRRC49","magenta"
"12256","FXYD1","magenta"
"12267","NLGN2","magenta"
"12297","SOS2","magenta"
"12301","PSG2","magenta"
"12303","BRK1","magenta"
"12310","MPST","magenta"
"12315","LYPLA2","magenta"
"12316","SLC39A14","magenta"
"12318","NTS","magenta"
"12319","ZFP14","magenta"
"12323","RPL8","magenta"
"12324","SH3PXD2B","magenta"
"12326","RAMP1","magenta"
"12342","ZNF384","magenta"
"12360","KRT85","magenta"
"12369","MBNL3","magenta"
"12386","RBBP9","magenta"
"12388","TSGA10IP","magenta"
"12397","MTIF2","magenta"
"12402","HOMEZ","magenta"
"12416","IRF3","magenta"
"12419","C19orf70","magenta"
"12421","SBDSP1","magenta"
"12429","SPATA31E1","magenta"
"12436","TRADD","magenta"
"12463","THAP3","magenta"
"12489","PCDHB6","magenta"
"12568","IL10RB","magenta"
"12575","RNF150","magenta"
"12584","KRR1","magenta"
"12585","BBS2","magenta"
"12593","SCN1B","magenta"
"12599","HDAC2","magenta"
"12610","PCMTD2","magenta"
"12616","PCSK5","magenta"
"12617","NSUN7","magenta"
"12638","TOR3A","magenta"
"12644","SMAP1","magenta"
"12652","ARL4C","magenta"
"12704","CCDC7","magenta"
"12743","CYP2C8","magenta"
"12744","ISOC2","magenta"
"12745","ARL10","magenta"
"12767","ABHD15","magenta"
"12770","IQGAP2","magenta"
"12779","RIN2","magenta"
"12788","FLRT2","magenta"
"12793","LYSMD4","magenta"
"12798","STAU2","magenta"
"12813","HORMAD1","magenta"
"12817","IDE","magenta"
"12820","HSPBP1","magenta"
"12837","DPH5","magenta"
"12842","MOCS2","magenta"
"12861","ANAPC10","magenta"
"12864","C10orf107","magenta"
"12877","UBE2V2","magenta"
"12881","NDUFB4","magenta"
"12897","CDKL3","magenta"
"12914","PNMA1","magenta"
"12919","SHC3","magenta"
"12929","GARS","magenta"
"12952","SDHAF3","magenta"
"12956","PWWP2A","magenta"
"12967","ZMIZ1","magenta"
"12970","BAIAP2L2","magenta"
"12972","RAB7B","magenta"
"12977","AS3MT","magenta"
"13029","FAHD2A","magenta"
"13031","HDAC3","magenta"
"13037","MTHFD1L","magenta"
"13038","ZBTB14","magenta"
"13050","AGK","magenta"
"13059","BORCS7","magenta"
"13062","GPR75","magenta"
"13100","PHYH","magenta"
"13105","BCOR","magenta"
"13107","ENTPD1","magenta"
"13108","FANK1","magenta"
"13124","NAP1L5","magenta"
"13132","UNC13D","magenta"
"13164","DYNC1I2","magenta"
"13167","CPT1C","magenta"
"13187","RXRB","magenta"
"13195","SPHK1","magenta"
"13215","NIPAL2","magenta"
"13217","ZHX3","magenta"
"13242","POGLUT1","magenta"
"13257","NCAPD2","magenta"
"13283","RPL35","magenta"
"13286","EID1","magenta"
"13288","NOX5","magenta"
"13291","C15orf52","magenta"
"13292","SRSF12","magenta"
"13319","TRAPPC6A","magenta"
"13325","FBXW2","magenta"
"13327","TSR1","magenta"
"13349","UBXN2A","magenta"
"13357","NDUFS5","magenta"
"13369","ZNF396","magenta"
"13374","MMGT1","magenta"
"13388","PIN1","magenta"
"13406","NTMT1","magenta"
"13446","KANSL1L","magenta"
"13448","SMIM11A","magenta"
"13455","C9orf64","magenta"
"13465","IFT74","magenta"
"13479","SOAT2","magenta"
"13522","SLC48A1","magenta"
"13527","TARS2","magenta"
"13539","SENP7","magenta"
"13543","DMKN","magenta"
"13560","WDR41","magenta"
"13563","KLF9","magenta"
"13566","CDK13","magenta"
"13610","TSPYL1","magenta"
"13613","NADSYN1","magenta"
"13617","ST6GALNAC3","magenta"
"13632","CDH2","magenta"
"13637","MAPK1IP1L","magenta"
"13642","GARNL3","magenta"
"13644","TP53","magenta"
"13671","CIDEC","magenta"
"13672","DSTYK","magenta"
"13675","IRAK1BP1","magenta"
"13682","C7orf77","magenta"
"13696","HSD17B6","magenta"
"13697","KLF4","magenta"
"13699","THY1","magenta"
"13728","EEF2KMT","magenta"
"13736","MROH8","magenta"
"13742","SLC25A21","magenta"
"13766","RBM23","magenta"
"13767","POLR1A","magenta"
"13778","PRKCH","magenta"
"13793","CEP120","magenta"
"13800","RPL36A","magenta"
"13812","LEFTY2","magenta"
"13819","MPHOSPH6","magenta"
"13826","FGF17","magenta"
"13827","HIKESHI","magenta"
"13874","CDK5","magenta"
"13894","RPL32","magenta"
"13903","LAMP1","magenta"
"13904","TRPC4","magenta"
"13906","HIST1H4L","magenta"
"13908","POLR2A","magenta"
"13922","VIM","magenta"
"13926","GUCY1B3","magenta"
"13935","THNSL1","magenta"
"13945","ARHGAP20","magenta"
"13950","GLTSCR1","magenta"
"13966","SAMD13","magenta"
"13973","C10orf11","magenta"
"13992","TMEM17","magenta"
"13996","COX6A1","magenta"
"14005","MRPL34","magenta"
"14007","EPRS","magenta"
"14023","PRKAA1","magenta"
"14032","STARD5","magenta"
"14038","VPS13A","magenta"
"14047","ASAH2B","magenta"
"14054","HDGFRP3","magenta"
"14068","FOXK2","magenta"
"14072","C8orf48","magenta"
"14076","PLCE1","magenta"
"14088","SDC2","magenta"
"14095","CDKN1A","magenta"
"14104","PBX1","magenta"
"14111","NME5","magenta"
"14126","EPB41L4B","magenta"
"14128","PRRT3","magenta"
"14129","TSPAN14","magenta"
"14134","MUT","magenta"
"14135","MAGEB3","magenta"
"14143","TMEM14A","magenta"
"14148","MTCH2","magenta"
"14149","SLC26A6","magenta"
"14195","PDE4A","magenta"
"14199","PRKD1","magenta"
"14236","DUOX2","magenta"
"14245","LPAR6","magenta"
"14250","CNIH1","magenta"
"14257","BOLA3","magenta"
"14282","NHLH2","magenta"
"14289","NOV","magenta"
"14300","STAG3","magenta"
"14305","SNORA65","magenta"
"14317","GSN","magenta"
"14329","CLDN12","magenta"
"14335","HEATR1","magenta"
"14336","CEP63","magenta"
"14343","ARL2","magenta"
"14344","NUDT18","magenta"
"14349","IFT22","magenta"
"14368","APITD1","magenta"
"14372","RAB13","magenta"
"14373","ARMCX1","magenta"
"14380","LDOC1","magenta"
"14390","MLH1","magenta"
"14414","BPGM","magenta"
"14417","11-Sep","magenta"
"14441","PDLIM1","magenta"
"14444","SLC35B2","magenta"
"14448","GDAP2","magenta"
"14469","CCDC25","magenta"
"14481","TMEM164","magenta"
"14492","ZDHHC8","magenta"
"14515","CLIP3","magenta"
"14526","WDR35","magenta"
"14537","OTULIN","magenta"
"14545","SULT1A2","magenta"
"14546","KIT","magenta"
"14558","SEC23A","magenta"
"14560","DDO","magenta"
"14562","TPRG1","magenta"
"14568","UQCC2","magenta"
"14580","TFAP2E","magenta"
"14583","FOPNL","magenta"
"14586","CRISPLD2","magenta"
"14601","NFE2L2","magenta"
"14603","KXD1","magenta"
"14641","IDNK","magenta"
"14643","ATP5O","magenta"
"14651","MBLAC1","magenta"
"14652","FAM171A2","magenta"
"14659","TMEM176A","magenta"
"14660","ZNF497","magenta"
"14670","DENND5B","magenta"
"14672","ASIP","magenta"
"14707","C1orf101","magenta"
"14708","ZCCHC8","magenta"
"14731","PHC3","magenta"
"14734","KCNC4","magenta"
"14736","HABP4","magenta"
"14747","CFAP36","magenta"
"14762","C12orf29","magenta"
"14795","MGARP","magenta"
"14811","APITD1-CORT","magenta"
"14849","FARS2","magenta"
"14855","ANAPC13","magenta"
"14871","MED9","magenta"
"14881","FBXL3","magenta"
"14897","SNRK","magenta"
"14935","ZNF626","magenta"
"14946","MS4A10","magenta"
"14950","BBS9","magenta"
"14958","LRRC3","magenta"
"14976","DYNLL1","magenta"
"14993","GOLIM4","magenta"
"15000","ZNF264","magenta"
"15003","CPSF6","magenta"
"15009","MCC","magenta"
"15010","ABCA6","magenta"
"15018","POLR3C","magenta"
"15019","STMN2","magenta"
"15065","ACTL7B","magenta"
"15068","KIF13A","magenta"
"15080","CD2BP2","magenta"
"15099","PSMD3","magenta"
"15116","ADAMTS2","magenta"
"15124","PARP3","magenta"
"15139","PCDHA3","magenta"
"15141","RWDD3","magenta"
"15146","PABPC5","magenta"
"15160","HSPBAP1","magenta"
"15163","LIN52","magenta"
"15172","C17orf75","magenta"
"15189","HSPA14","magenta"
"15195","RBM43","magenta"
"15197","UROS","magenta"
"15200","NKAPL","magenta"
"15203","SLC35G3","magenta"
"15212","ZNF189","magenta"
"15223","ZNF214","magenta"
"15231","BACE1","magenta"
"15244","MICA","magenta"
"15254","ANKRD35","magenta"
"15258","14-Sep","magenta"
"15261","HOXD3","magenta"
"15285","PAQR9","magenta"
"15286","KIAA1468","magenta"
"15303","PCF11","magenta"
"15309","CCDC28A","magenta"
"15316","ZAR1","magenta"
"15317","FOXH1","magenta"
"15318","GOSR1","magenta"
"15319","SDR42E1","magenta"
"15396","CCDC96","magenta"
"15418","ACAT1","magenta"
"15421","LMO2","magenta"
"15430","MRPL36","magenta"
"15445","ZNF511","magenta"
"15458","RPS21","magenta"
"15463","VBP1","magenta"
"15474","RFTN1","magenta"
"15481","SEZ6L2","magenta"
"15504","SNRNP25","magenta"
"15506","MSANTD4","magenta"
"15515","WTIP","magenta"
"15517","SPG20","magenta"
"15529","COQ3","magenta"
"15543","LEO1","magenta"
"15549","AMZ2","magenta"
"15551","EMP1","magenta"
"15567","PSG9","magenta"
"15572","SEC61B","magenta"
"15576","MYO16","magenta"
"15591","OR7E156P","magenta"
"15611","RHOB","magenta"
"15614","PCTP","magenta"
"15618","FTSJ1","magenta"
"15622","IQCG","magenta"
"15626","ITGA1","magenta"
"15628","SDC3","magenta"
"15631","DCTD","magenta"
"15638","MRPS24","magenta"
"15674","MMACHC","magenta"
"15675","C11orf44","magenta"
"15680","PDGFD","magenta"
"15705","EHBP1","magenta"
"15709","TAX1BP3","magenta"
"15714","PHTF1","magenta"
"15725","TMEM147","magenta"
"15727","FAM162A","magenta"
"15744","TRIB1","magenta"
"15750","NOL7","magenta"
"15752","DKFZP586I1420","magenta"
"15754","RHO","magenta"
"15755","OR5M8","magenta"
"15757","BICDL2","magenta"
"15763","LINC00493","magenta"
"15764","BOC","magenta"
"15768","TM7SF3","magenta"
"15789","GNG4","magenta"
"15798","MRPL18","magenta"
"15816","KALRN","magenta"
"15833","MRPS17","magenta"
"15863","ITPRIP","magenta"
"15873","DDX5","magenta"
"15941","JUN","magenta"
"15953","HSPA6","magenta"
"15965","TMEM230","magenta"
"15967","PDIK1L","magenta"
"16008","MYBBP1A","magenta"
"16011","CSDC2","magenta"
"16014","USP14","magenta"
"16035","MRPS36","magenta"
"16056","PKD2","magenta"
"16084","RIDA","magenta"
"16108","SNCAIP","magenta"
"16140","IQSEC1","magenta"
"16143","PPP1R7","magenta"
"16163","MFSD13A","magenta"
"16165","COX20","magenta"
"16171","DRAM2","magenta"
"16186","STRBP","magenta"
"16189","NAALADL2","magenta"
"16200","ARHGEF19","magenta"
"16203","MYL6","magenta"
"16205","GATC","magenta"
"16206","LDLRAP1","magenta"
"16230","SRP14","magenta"
"16235","LRFN4","magenta"
"16239","OR5D16","magenta"
"16253","TCEAL1","magenta"
"16260","SSMEM1","magenta"
"16291","RABL2B","magenta"
"16295","PBX3","magenta"
"16301","SFRP4","magenta"
"16314","SGCB","magenta"
"16319","DYSF","magenta"
"16320","RPP40","magenta"
"16331","NUPR1","magenta"
"16337","ELMOD1","magenta"
"16339","PRUNE2","magenta"
"16342","TINAG","magenta"
"16375","MUCL1","magenta"
"16388","C11orf1","magenta"
"16393","FAM199X","magenta"
"16401","ALPK2","magenta"
"16409","INPP5E","magenta"
"16416","FAM20B","magenta"
"16431","DERA","magenta"
"16447","MTNR1B","magenta"
"16471","CAMSAP1","magenta"
"16481","FAM20A","magenta"
"16483","CADM4","magenta"
"16489","C12orf57","magenta"
"16492","KIF5A","magenta"
"16493","GANC","magenta"
"16498","NDUFS4","magenta"
"16510","S1PR2","magenta"
"16534","HTRA3","magenta"
"16544","SST","magenta"
"16550","ANTXR2","magenta"
"16554","RWDD1","magenta"
"16562","BHMT2","magenta"
"16566","GALNT15","magenta"
"16602","AGT","magenta"
"16624","PTN","magenta"
"16625","SLC20A2","magenta"
"16654","ZFPM2","magenta"
"16676","PBXIP1","magenta"
"16702","PCDHB5","magenta"
"16707","BFAR","magenta"
"16711","NXPE3","magenta"
"16719","DENND2C","magenta"
"16722","API5","magenta"
"16740","MCM5","magenta"
"16781","LMLN","magenta"
"16806","GATA6-AS1","magenta"
"16827","LOC100506368","magenta"
"16849","LOC100506207","magenta"
"16883","LOC284788","magenta"
"16905","LOC101929411","magenta"
"16979","TTC28","magenta"
"17062","LOC102724002","magenta"
"17064","LOC101929243","magenta"
"17123","LOC100288893","magenta"
"17155","LOC105372795","magenta"
"17162","JAZF1-AS1","magenta"
"17199","LOC101060019","magenta"
"17273","LOC100130453","magenta"
"17332","LRRC3DN","magenta"
"17340","LOC100507073","magenta"
"17383","LOC100506885","magenta"
"17433","LOC107987345","magenta"
"17503","RPL3","magenta"
"17569","LINC01563","magenta"
"17595","HNRNPA2B1","magenta"
"17721","LOC101927070","magenta"
"17731","AGBL4","magenta"
"17734","SNHG15","magenta"
"17738","LOC102723557","magenta"
"17803","LOC105376544","magenta"
"17816","LINC00681","magenta"
"17860","SDIM1","magenta"
"17914","PSMD6-AS2","magenta"
"17945","LOC100507388","magenta"
"17962","UBC","magenta"
"17979","PFKM","magenta"
"18010","OSER1","magenta"
"18036","FASTKD2","magenta"
"18038","HIST4H4","magenta"
"18039","ISG15","magenta"
"18044","PPIL1","magenta"
"18047","BCAS3","magenta"
"18049","CYP4V2","magenta"
"18057","EXOSC7","magenta"
"18059","ANP32AP1","magenta"
"18064","MKRN2","magenta"
"18082","ADAM23","magenta"
"18091","TAF13","magenta"
"18097","IGFBP7","magenta"
"18104","TBC1D2B","magenta"
"18105","STIM1","magenta"
"18106","METTL7B","magenta"
"18163","FADS2","magenta"
"18171","ZC3H10","magenta"
"18195","LSM14A","magenta"
"18208","IRS2","magenta"
"18224","SMYD4","magenta"
"18235","PSMG2","magenta"
"18240","FAM150B","magenta"
"18276","KAT6A","magenta"
"18291","ACOT13","magenta"
"18298","CFAP58","magenta"
"18306","ZNF625","magenta"
"18320","LRFN3","magenta"
"18325","FAM207A","magenta"
"18336","FAM127C","magenta"
"18340","TXLNB","magenta"
"18346","CLLU1","magenta"
"18351","FGF10","magenta"
"18356","ATXN8OS","magenta"
"18367","ANKAR","magenta"
"18383","TNXA","magenta"
"18392","ESPNL","magenta"
"18399","NDUFB2","magenta"
"18432","CISD1","magenta"
"18449","METTL14","magenta"
"18452","RBMX","magenta"
"18462","ZNF480","magenta"
"18467","LRP3","magenta"
"18472","CDR2L","magenta"
"18476","TSSC1","magenta"
"18478","LDLRAD3","magenta"
"18482","PARP11","magenta"
"18492","DPY30","magenta"
"18506","ATP13A1","magenta"
"18508","SAPCD1","magenta"
"18559","GLB1L2","magenta"
"18572","CLASRP","magenta"
"18575","ZNF510","magenta"
"18584","ANKRD13C","magenta"
"18597","KCTD18","magenta"
"18605","MGC72080","magenta"
"18617","ACCS","magenta"
"18619","PPP1R36","magenta"
"18634","R3HCC1L","magenta"
"18653","PNISR","magenta"
"18655","C12orf49","magenta"
"18658","NEK1","magenta"
"18677","IPO5","magenta"
"18682","BBS12","magenta"
"18703","CDK14","magenta"
"18731","VDAC1","magenta"
"18733","NDUFA11","magenta"
"18743","RPS19BP1","magenta"
"18747","TUBB8","magenta"
"18751","C4A","magenta"
"18753","PRELID1","magenta"
"18779","MRPL58","magenta"
"18787","PHYHD1","magenta"
"18803","RPP21","magenta"
"18816","SHQ1","magenta"
"18824","VAMP8","magenta"
"18857","CACNB3","magenta"
"18887","INPP4B","magenta"
"18890","ANAPC7","magenta"
"18904","ZDHHC3","magenta"
"18921","VENTXP7","magenta"
"18938","OSMR","magenta"
"18968","SNORD56","magenta"
"18970","DERL1","magenta"
"18973","MRPS34","magenta"
"18983","SLC15A2","magenta"
"19017","IAH1","magenta"
"19021","TMEM126A","magenta"
"19037","TMCO3","magenta"
"19044","LRRC75A","magenta"
"19055","PPWD1","magenta"
"19065","ZNF569","magenta"
"19089","TMEM35A","magenta"
"19099","PDCD5","magenta"
"19107","PRADC1","magenta"
"19110","RABGEF1","magenta"
"19137","C12orf60","magenta"
"19145","ZNF275","magenta"
"19151","ZFP64","magenta"
"19152","PCDHGA5","magenta"
"19185","GPATCH4","magenta"
"19195","C6orf48","magenta"
"19203","PCDHA12","magenta"
"19209","PSMF1","magenta"
"19216","PDE8A","magenta"
"19219","NGDN","magenta"
"19229","TNFRSF25","magenta"
"19230","PDE8B","magenta"
"19240","ZDHHC14","magenta"
"19261","CSF3R","magenta"
"19264","SLC45A1","magenta"
"19269","GH1","magenta"
"19287","DYNC2H1","magenta"
"19290","G3BP1","magenta"
"19294","NMB","magenta"
"19297","MRPL21","magenta"
"19306","MRPL42","magenta"
"19307","CD47","magenta"
"19321","CSH1","magenta"
"19344","TTLL1","magenta"
"19346","COL4A5","magenta"
"19373","LAIR1","magenta"
"19376","SCARF1","magenta"
"19404","NFU1","magenta"
"19420","TMEM107","magenta"
"9","TRPV1","pink"
"53","FAM193A","pink"
"54","TGS1","pink"
"60","SEMA3E","pink"
"64","XRCC2","pink"
"92","TGOLN2","pink"
"203","MANSC1","pink"
"211","POLD1","pink"
"212","ACTR5","pink"
"233","RPS6KA3","pink"
"252","LMX1B","pink"
"260","POGZ","pink"
"286","SLC30A4","pink"
"305","GTF2I","pink"
"318","APP","pink"
"326","POTEG","pink"
"335","RAX2","pink"
"402","SPG21","pink"
"437","TAF1","pink"
"521","LENG8","pink"
"525","TMED2","pink"
"544","MORN1","pink"
"571","RIOK2","pink"
"578","MRPS22","pink"
"585","RPL17","pink"
"601","ASB6","pink"
"676","CELF6","pink"
"721","LTBP1","pink"
"763","ARMC8","pink"
"773","CHMP2A","pink"
"791","FLYWCH1","pink"
"827","ARSK","pink"
"852","TBC1D3F","pink"
"927","CRTC2","pink"
"977","FAM210A","pink"
"1025","MRPS18C","pink"
"1043","CHKA","pink"
"1072","DEPDC5","pink"
"1099","AP3S1","pink"
"1111","XPNPEP3","pink"
"1121","PPP1R10","pink"
"1132","KLF10","pink"
"1198","GALK2","pink"
"1203","CDAN1","pink"
"1214","TRMT13","pink"
"1226","SCAF4","pink"
"1237","HNF1A","pink"
"1271","MATR3","pink"
"1302","CPSF4","pink"
"1315","CRAMP1","pink"
"1364","INTS4","pink"
"1387","GSTTP2","pink"
"1408","ZBTB41","pink"
"1417","ZNF224","pink"
"1432","FAM208A","pink"
"1452","KIAA0408","pink"
"1457","MAFA","pink"
"1460","C2orf42","pink"
"1470","ZMYM2","pink"
"1504","CYLC2","pink"
"1510","SCRN2","pink"
"1525","POM121","pink"
"1550","CNNM3","pink"
"1570","COMMD5","pink"
"1618","APOPT1","pink"
"1623","CTAGE5","pink"
"1640","ZNF493","pink"
"1658","NOMO3","pink"
"1699","HYPK","pink"
"1705","COX5B","pink"
"1749","OR1S2","pink"
"1811","MFSD14C","pink"
"1909","SUMO4","pink"
"1911","EDC4","pink"
"1926","AMT","pink"
"1954","ZNF528","pink"
"1980","LINC01567","pink"
"1984","CLPTM1","pink"
"1985","SLC25A24","pink"
"1989","UBE2V1","pink"
"2013","TMUB1","pink"
"2018","HEATR3","pink"
"2027","MORF4L2","pink"
"2073","SKIV2L","pink"
"2182","ZNF577","pink"
"2259","ELMOD3","pink"
"2260","CDK18","pink"
"2271","ZNF282","pink"
"2280","CEP170","pink"
"2293","IMPACT","pink"
"2333","GABPB2","pink"
"2339","MED15","pink"
"2428","ZSWIM8","pink"
"2518","C1orf210","pink"
"2631","MZF1","pink"
"2652","PPP3CA","pink"
"2657","IRF2BP2","pink"
"2660","GALNT3","pink"
"2676","MEG3","pink"
"2729","ECHDC2","pink"
"2736","HSD17B7","pink"
"2745","TRIM35","pink"
"2760","SFR1","pink"
"2789","ATP5F1","pink"
"2863","GAK","pink"
"2866","ZNF562","pink"
"2869","CRCP","pink"
"2876","DPP9","pink"
"2893","PCBP1","pink"
"2982","ATG12","pink"
"2989","MAT2B","pink"
"2998","IKZF5","pink"
"3022","IL10","pink"
"3062","KIRREL3","pink"
"3075","UBE2H","pink"
"3112","SCP2","pink"
"3134","HKR1","pink"
"3135","CDC42","pink"
"3183","SPG7","pink"
"3202","ARFGAP1","pink"
"3227","GGA3","pink"
"3294","ZNF785","pink"
"3324","DDX27","pink"
"3327","C8orf37","pink"
"3352","TREX1","pink"
"3378","CCDC14","pink"
"3405","EXOSC1","pink"
"3406","SNAPC4","pink"
"3414","TARDBP","pink"
"3446","SGTA","pink"
"3447","KCNH6","pink"
"3499","HDLBP","pink"
"3502","HMG20A","pink"
"3515","ZNF600","pink"
"3517","DCLRE1C","pink"
"3540","WDR5","pink"
"3565","ATG14","pink"
"3587","SNRPF","pink"
"3630","EIF1B","pink"
"3634","ZDHHC5","pink"
"3640","DDX56","pink"
"3687","SGPP1","pink"
"3695","DPH3","pink"
"3696","ARL16","pink"
"3700","DBF4B","pink"
"3711","KIAA0753","pink"
"3748","USP49","pink"
"3767","ATXN2L","pink"
"3784","GTF2IRD2","pink"
"3796","C11orf63","pink"
"3808","GGTLC1","pink"
"3870","HIF1A","pink"
"3873","PAN3","pink"
"3876","CPTP","pink"
"3877","HSPB11","pink"
"3899","PCDHGB7","pink"
"3931","POLR3A","pink"
"3942","NSUN5P1","pink"
"3950","TMEM69","pink"
"3962","RCOR3","pink"
"3989","ERMN","pink"
"3994","DDX51","pink"
"4010","RSRC1","pink"
"4012","NPFF","pink"
"4046","TVP23C","pink"
"4117","LRSAM1","pink"
"4208","RAD9A","pink"
"4315","DNAH1","pink"
"4319","TELO2","pink"
"4331","ANXA11","pink"
"4356","BAD","pink"
"4377","ZXDB","pink"
"4390","MAU2","pink"
"4469","SYPL1","pink"
"4495","GTPBP3","pink"
"4507","MGEA5","pink"
"4525","GPATCH3","pink"
"4526","CASC4","pink"
"4544","CDC14B","pink"
"4548","BDP1","pink"
"4562","ACAD10","pink"
"4583","EIF2B4","pink"
"4584","RNF6","pink"
"4585","CCDC57","pink"
"4621","PPA2","pink"
"4638","PSMC4","pink"
"4654","UPF1","pink"
"4713","EIF2B5","pink"
"4718","RNFT1","pink"
"4720","INIP","pink"
"4723","AGBL2","pink"
"4754","CABP4","pink"
"4760","KCNRG","pink"
"4768","SUGP2","pink"
"4787","OPRM1","pink"
"4790","MMAB","pink"
"4799","IQCE","pink"
"4802","GUCA1B","pink"
"4827","FAM63A","pink"
"4862","MTERF4","pink"
"4883","HACD4","pink"
"4899","PCDHB19P","pink"
"4903","RAE1","pink"
"4913","TPRKB","pink"
"4932","PCM1","pink"
"4934","RPL6","pink"
"4960","SNRPB2","pink"
"5013","ATG4B","pink"
"5037","CACYBP","pink"
"5056","TRAF2","pink"
"5096","ZNF26","pink"
"5098","PSMA1","pink"
"5114","BTBD1","pink"
"5118","UTP20","pink"
"5125","POT1","pink"
"5138","ZNF14","pink"
"5177","SFSWAP","pink"
"5185","AKR1D1","pink"
"5238","VTI1B","pink"
"5271","MRPL20","pink"
"5308","MRFAP1L1","pink"
"5313","CEP135","pink"
"5431","TMEM267","pink"
"5502","CD9","pink"
"5527","SALL4","pink"
"5545","CLK4","pink"
"5547","PRICKLE4","pink"
"5600","XRCC3","pink"
"5618","STOM","pink"
"5661","TTC14","pink"
"5666","DNHD1","pink"
"5736","JMJD7-PLA2G4B","pink"
"5742","PLEKHJ1","pink"
"5749","C3orf38","pink"
"5760","PANX1","pink"
"5789","TCEA1","pink"
"5821","NEK9","pink"
"5862","ADCK1","pink"
"5869","PDF","pink"
"5893","UBR4","pink"
"5912","CCAR2","pink"
"5935","ACIN1","pink"
"6002","ZNF500","pink"
"6026","TOP3A","pink"
"6037","RBM14","pink"
"6087","CLN8","pink"
"6091","CC2D1A","pink"
"6103","CPNE1","pink"
"6106","C10orf2","pink"
"6196","NOMO2","pink"
"6212","MCM8","pink"
"6274","5-Mar","pink"
"6324","PRKD3","pink"
"6361","SRP68","pink"
"6381","SF3B6","pink"
"6395","SUPT5H","pink"
"6489","MARK3","pink"
"6508","PPIAL4A","pink"
"6543","BAG6","pink"
"6644","EHMT1","pink"
"6683","ZNF451","pink"
"6692","PKN2","pink"
"6719","DDX19B","pink"
"6759","CDK12","pink"
"6795","TAZ","pink"
"6830","PICK1","pink"
"6850","HYKK","pink"
"6856","GNL3L","pink"
"6862","BIN3","pink"
"6907","EXOSC3","pink"
"6930","TAB1","pink"
"6935","SHCBP1","pink"
"6940","CCDC84","pink"
"6961","CHMP1A","pink"
"7003","RPLP0","pink"
"7104","ZBTB17","pink"
"7105","CACNA2D2","pink"
"7190","FAAP100","pink"
"7227","ZNF605","pink"
"7245","RPL39L","pink"
"7267","SF1","pink"
"7268","FAM174A","pink"
"7340","SLC28A1","pink"
"7350","SATL1","pink"
"7385","ZNF786","pink"
"7462","MUTYH","pink"
"7494","ASF1A","pink"
"7513","CCDC142","pink"
"7528","HARS2","pink"
"7544","TTC21A","pink"
"7550","PRPF3","pink"
"7575","PLEKHA2","pink"
"7598","ZNF784","pink"
"7616","ISCA1","pink"
"7628","LMF2","pink"
"7669","SNORD4A","pink"
"7671","BCL10","pink"
"7719","DHX16","pink"
"7726","POLM","pink"
"7768","UBE2W","pink"
"7822","ZNF549","pink"
"7877","HPS6","pink"
"7930","MT1E","pink"
"7952","ZNF557","pink"
"8003","TMEM63A","pink"
"8058","TRIP12","pink"
"8071","G3BP2","pink"
"8114","BAZ2B","pink"
"8165","MAGT1","pink"
"8189","NKTR","pink"
"8200","PNN","pink"
"8207","SNORD18C","pink"
"8210","GPAT2","pink"
"8242","NDUFAF7","pink"
"8271","DUSP19","pink"
"8288","REEP3","pink"
"8301","KRTAP6-2","pink"
"8312","RGS12","pink"
"8345","ANAPC5","pink"
"8365","CEL","pink"
"8400","OTUB1","pink"
"8403","GTF3C5","pink"
"8442","TOR1B","pink"
"8488","D2HGDH","pink"
"8496","OR10T2","pink"
"8517","FAM50A","pink"
"8539","SNAPC1","pink"
"8569","ATXN3","pink"
"8581","RFX1","pink"
"8588","UBE2U","pink"
"8601","ASXL1","pink"
"8624","VPS13B","pink"
"8648","HDHD3","pink"
"8650","TDP1","pink"
"8661","ZNF182","pink"
"8720","IKBKB","pink"
"8724","SMARCD1","pink"
"8726","ZNF763","pink"
"8750","ATPAF2","pink"
"8755","HDAC1","pink"
"8760","MYO3B","pink"
"8763","ADAM9","pink"
"8873","COPZ1","pink"
"8881","IL17RD","pink"
"8883","PELP1","pink"
"8888","SSSCA1","pink"
"8919","SCAMP1","pink"
"8949","TOR1AIP1","pink"
"8970","GDPD1","pink"
"8980","PEF1","pink"
"8987","UVSSA","pink"
"9009","C7orf26","pink"
"9012","RPUSD4","pink"
"9111","HEMK1","pink"
"9135","RNF213","pink"
"9157","UBTD2","pink"
"9213","SNRNP70","pink"
"9249","KNTC1","pink"
"9267","PPP6R3","pink"
"9269","COA4","pink"
"9339","UCP3","pink"
"9374","OGDH","pink"
"9415","LSM12","pink"
"9422","BSDC1","pink"
"9428","AGAP4","pink"
"9430","SRRM2","pink"
"9458","SFT2D1","pink"
"9491","NBR1","pink"
"9503","DDX21","pink"
"9521","FBXW11","pink"
"9522","RTTN","pink"
"9551","A1BG","pink"
"9552","YRDC","pink"
"9556","ME1","pink"
"9571","TYW1","pink"
"9579","RBM44","pink"
"9590","ANGEL2","pink"
"9633","CLNS1A","pink"
"9708","N4BP2L2","pink"
"9729","NDUFA12","pink"
"9764","COPE","pink"
"9777","RBM6","pink"
"9788","TNFSF18","pink"
"9805","HAUS2","pink"
"9819","CMPK1","pink"
"9824","PRPF8","pink"
"9847","EFTUD2","pink"
"9879","MPZL1","pink"
"9881","MCMDC2","pink"
"9893","WASH1","pink"
"9927","DPRXP4","pink"
"9935","ZNF408","pink"
"9993","NRDE2","pink"
"10000","ZNF234","pink"
"10003","ERCC3","pink"
"10021","RAVER1","pink"
"10076","CHD3","pink"
"10078","APBB3","pink"
"10120","CHMP2B","pink"
"10121","HEXDC","pink"
"10216","H2AFB1","pink"
"10229","CEP131","pink"
"10231","RBM48","pink"
"10253","ZNF518A","pink"
"10259","MKLN1","pink"
"10283","TBC1D20","pink"
"10288","NXNL1","pink"
"10291","ZNF33B","pink"
"10360","HNRNPU","pink"
"10361","XPOT","pink"
"10447","BECN1","pink"
"10489","PLSCR1","pink"
"10496","PRR14","pink"
"10502","TMEM50A","pink"
"10504","HNRNPM","pink"
"10528","CRACR2B","pink"
"10542","ZNF324","pink"
"10544","POLL","pink"
"10561","HAUS1","pink"
"10595","EVI5","pink"
"10678","DDX47","pink"
"10692","LTB4R","pink"
"10766","ATF2","pink"
"10790","STRC","pink"
"10825","UBQLNL","pink"
"10832","ATG10","pink"
"10903","PDE4DIP","pink"
"10926","RSRP1","pink"
"10940","DMTF1","pink"
"10950","FASTKD3","pink"
"10995","FBXW9","pink"
"11050","CCDC126","pink"
"11055","AP1S1","pink"
"11064","PYM1","pink"
"11082","SESN2","pink"
"11093","XRCC1","pink"
"11101","PLGLA","pink"
"11123","MIB2","pink"
"11131","TMEM60","pink"
"11145","SLC35E1","pink"
"11183","TRIM23","pink"
"11214","KIF15","pink"
"11228","FZR1","pink"
"11246","OSGEP","pink"
"11316","TRIM52","pink"
"11327","SLC35C2","pink"
"11336","KLHDC7A","pink"
"11346","SDHAP1","pink"
"11361","LRRC10","pink"
"11391","NLRP8","pink"
"11394","ANKRD44","pink"
"11399","EIF2AK4","pink"
"11404","NEK8","pink"
"11481","ATG2A","pink"
"11538","ZNF526","pink"
"11586","6-Mar","pink"
"11610","LRCH3","pink"
"11655","GIMAP6","pink"
"11660","VOPP1","pink"
"11674","INO80D","pink"
"11734","FAM163A","pink"
"11748","FANCG","pink"
"11756","LDHAL6A","pink"
"11762","RNF31","pink"
"11769","BRD2","pink"
"11777","SNX12","pink"
"11779","ZNF333","pink"
"11807","BTF3L4","pink"
"11818","TNFSF15","pink"
"11845","SRP9","pink"
"11858","NOL12","pink"
"11860","GTF2IRD2B","pink"
"11876","STX1A","pink"
"11925","RABL6","pink"
"11950","DENR","pink"
"11987","FUT6","pink"
"12005","ALG13","pink"
"12009","ZNF75D","pink"
"12083","HPS3","pink"
"12092","CPSF3L","pink"
"12109","ORAOV1","pink"
"12148","METTL21A","pink"
"12153","KIAA0141","pink"
"12175","CHMP1B","pink"
"12185","WHAMM","pink"
"12206","GPR82","pink"
"12280","PMPCA","pink"
"12355","PATE2","pink"
"12362","RBM10","pink"
"12420","FARSB","pink"
"12506","PHRF1","pink"
"12522","TUBGCP6","pink"
"12633","RBM25","pink"
"12657","TF","pink"
"12658","CCDC71","pink"
"12676","DLG4","pink"
"12690","EGLN2","pink"
"12717","AKAP8L","pink"
"12778","PRPF19","pink"
"12814","PCDHB9","pink"
"12835","NCOA5","pink"
"12836","CHRNA5","pink"
"12844","DNAJA2","pink"
"12848","ZNF669","pink"
"12849","GEMIN4","pink"
"12851","CBX1","pink"
"12982","DNAJC30","pink"
"13036","SLC25A51","pink"
"13049","EML3","pink"
"13057","SRSF8","pink"
"13074","SNRNP35","pink"
"13084","STRN3","pink"
"13110","NFKBIA","pink"
"13123","INTS6L","pink"
"13166","TIMM10B","pink"
"13171","DMAP1","pink"
"13261","ADIPOQ","pink"
"13263","CSNK1A1","pink"
"13266","TUBGCP2","pink"
"13294","SNX29","pink"
"13342","SF3B2","pink"
"13354","NAT9","pink"
"13362","ABCC10","pink"
"13381","CHRNA10","pink"
"13440","CENPT","pink"
"13450","ATXN7L1","pink"
"13504","TRABD2B","pink"
"13557","IL18","pink"
"13577","VILL","pink"
"13591","ZFAND6","pink"
"13649","SNRPA","pink"
"13709","ZNF430","pink"
"13745","CARNMT1","pink"
"13799","STAM2","pink"
"13856","ERH","pink"
"13857","FIZ1","pink"
"13957","UBE2K","pink"
"13982","PCNX3","pink"
"14031","EXO5","pink"
"14035","ZBTB40","pink"
"14051","DDX23","pink"
"14059","NDUFA1","pink"
"14063","C19orf43","pink"
"14071","DTX3L","pink"
"14091","LRRC37A3","pink"
"14108","MCM3AP","pink"
"14120","FASN","pink"
"14175","LY6G5B","pink"
"14176","TTLL3","pink"
"14178","FGF16","pink"
"14188","LMOD3","pink"
"14189","NEDD8","pink"
"14259","ADAT2","pink"
"14275","RBM5","pink"
"14308","ZNF335","pink"
"14312","OR10H1","pink"
"14366","SLC23A3","pink"
"14387","SIN3B","pink"
"14410","PHIP","pink"
"14425","PLA2G2D","pink"
"14435","LINC01089","pink"
"14467","VPS33B","pink"
"14517","WDR74","pink"
"14543","MRGBP","pink"
"14547","C1orf35","pink"
"14585","PDE6D","pink"
"14631","GLYCTK","pink"
"14634","AIRE","pink"
"14654","PLIN5","pink"
"14675","EDRF1","pink"
"14687","TIGAR","pink"
"14718","C8orf44","pink"
"14723","CCDC149","pink"
"14754","ARHGEF15","pink"
"14757","CRYGS","pink"
"14814","JAK1","pink"
"14893","SEMA5B","pink"
"14931","VAV2","pink"
"14943","DTWD2","pink"
"15008","MAML3","pink"
"15185","ARMC7","pink"
"15193","TSC1","pink"
"15215","PLEKHA3","pink"
"15263","CHERP","pink"
"15264","EID2B","pink"
"15283","AHSA2","pink"
"15300","HDAC6","pink"
"15362","CSGALNACT2","pink"
"15374","INO80","pink"
"15375","FBXL6","pink"
"15388","OCIAD1","pink"
"15472","ZNF692","pink"
"15503","ZBTB48","pink"
"15595","SYMPK","pink"
"15605","THOC1","pink"
"15665","VKORC1L1","pink"
"15671","FAM160B2","pink"
"15676","KIFC2","pink"
"15708","GOLGA8B","pink"
"15721","ZFC3H1","pink"
"15767","RNF5","pink"
"15778","ZNF76","pink"
"15805","GPR89B","pink"
"15895","SRCIN1","pink"
"15900","ZNF486","pink"
"15901","ALKBH4","pink"
"15903","TBC1D32","pink"
"15912","RBM12B","pink"
"15940","CUL9","pink"
"15949","CHD8","pink"
"15975","CDKN2AIPNL","pink"
"16048","ZNF700","pink"
"16051","ZNF682","pink"
"16072","ZNF394","pink"
"16107","RPS6KA6","pink"
"16109","MICAL1","pink"
"16162","PSEN1","pink"
"16209","XRN1","pink"
"16244","TMOD3","pink"
"16249","POLR2M","pink"
"16265","TDRD1","pink"
"16311","MYOF","pink"
"16338","PNPT1","pink"
"16349","UBL3","pink"
"16370","PCNT","pink"
"16386","MTMR10","pink"
"16399","SLC5A8","pink"
"16407","TRIM13","pink"
"16423","AVP","pink"
"16441","COPA","pink"
"16445","DCAKD","pink"
"16456","ZKSCAN8","pink"
"16509","PRPSAP2","pink"
"16519","DMC1","pink"
"16521","CDK5RAP3","pink"
"16522","SLC7A6","pink"
"16585","NDUFAF5","pink"
"16601","CCBE1","pink"
"16609","PARP6","pink"
"16652","CABIN1","pink"
"16664","DNAJC28","pink"
"16692","ZNF33A","pink"
"16725","NELFA","pink"
"16769","ZNF223","pink"
"16895","GS1-204I12.4","pink"
"17004","LOC100505984","pink"
"17009","LINC00945","pink"
"17084","CREB1","pink"
"17222","LOC100129316","pink"
"17270","LOC100507277","pink"
"17318","LOC101928370","pink"
"17362","LOC100190940","pink"
"17527","FOXP1-IT1","pink"
"17552","PKN2-AS1","pink"
"17563","GAS2L3","pink"
"17593","LOC105376100","pink"
"17596","TMEM51-AS1","pink"
"17750","KCCAT333","pink"
"17761","ITCH-IT1","pink"
"17788","LOC100628314","pink"
"17793","TAPT1-AS1","pink"
"17806","LOC102725126///FRG1HP","pink"
"17827","LOC105378130","pink"
"17851","SPATA31C2","pink"
"17869","RRN3P1","pink"
"17873","LOC105378614","pink"
"18002","NUBPL","pink"
"18019","ALDH16A1","pink"
"18035","RHBDL2","pink"
"18055","MBD4","pink"
"18063","TEPSIN","pink"
"18068","PGP","pink"
"18076","TMEM94","pink"
"18090","SH2B1","pink"
"18215","M6PR","pink"
"18236","OTUD5","pink"
"18260","ADAMTS4","pink"
"18305","CCDC77","pink"
"18307","MBTD1","pink"
"18314","HMGB3P1","pink"
"18315","ZBTB49","pink"
"18327","PTGR2","pink"
"18347","FNBP4","pink"
"18354","UFC1","pink"
"18357","MAN2C1","pink"
"18368","DRD4","pink"
"18408","RIPK1","pink"
"18440","MIGA1","pink"
"18461","SEC16A","pink"
"18502","CTDNEP1","pink"
"18507","ITPK1-AS1","pink"
"18539","CRIPAK","pink"
"18557","ZNF148","pink"
"18558","RNF138P1","pink"
"18603","SSTR2","pink"
"18610","TBC1D3B","pink"
"18620","ZNF652","pink"
"18630","KIAA1683","pink"
"18631","SHOC2","pink"
"18651","STRIP2","pink"
"18717","ZNF133","pink"
"18726","RPL32P3","pink"
"18729","TMEM11","pink"
"18762","LOC729603","pink"
"18771","SPC24","pink"
"18777","MTRF1","pink"
"18804","EBLN2","pink"
"18807","COX17","pink"
"18820","SNORA10","pink"
"18822","RPL36AL","pink"
"18838","DCAF15","pink"
"18846","RAB42","pink"
"18889","SAP30BP","pink"
"18956","CNOT3","pink"
"18969","AGAP6","pink"
"19002","LRRFIP1","pink"
"19016","ZNF564","pink"
"19023","ZNF563","pink"
"19030","AOC4P","pink"
"19056","KLKP1","pink"
"19070","POC5","pink"
"19072","BORCS6","pink"
"19095","TBC1D23","pink"
"19115","ATAD3C","pink"
"19161","CACTIN","pink"
"19170","SLC4A5","pink"
"19176","RALGPS2","pink"
"19204","ZNF266","pink"
"19263","UBA3","pink"
"19279","L3MBTL2","pink"
"19406","PIDD1","pink"
"19413","NEURL4","pink"
"19423","WSB1","pink"
"30","ZBED2","purple"
"63","MUC13","purple"
"87","IQCD","purple"
"104","RORC","purple"
"130","ABCC5","purple"
"140","UPP2","purple"
"183","KIAA1324L","purple"
"250","SLC15A1","purple"
"285","OR10Q1","purple"
"316","MUC20","purple"
"348","CCDC125","purple"
"370","GALNT9","purple"
"448","HOXB4","purple"
"482","TEKT1","purple"
"486","SLC34A2","purple"
"487","IQCA1","purple"
"515","DCX","purple"
"559","PURG","purple"
"638","ANKRD34B","purple"
"682","PDZK1","purple"
"706","DUPD1","purple"
"765","PAX8","purple"
"781","AZIN1","purple"
"788","MIA2","purple"
"869","HMGCR","purple"
"874","MT1M","purple"
"882","MAGEL2","purple"
"896","HSFX1","purple"
"1041","SLC44A3","purple"
"1042","SYT13","purple"
"1161","KCNK13","purple"
"1289","LEFTY1","purple"
"1292","ATR","purple"
"1328","LACTB2","purple"
"1359","P2RX2","purple"
"1375","ELK4","purple"
"1471","TRPM8","purple"
"1487","KDM4C","purple"
"1500","CSF2","purple"
"1515","AGPAT5","purple"
"1517","HTR3A","purple"
"1526","SGPP2","purple"
"1594","GPBP1L1","purple"
"1598","ACSM3","purple"
"1610","GPR160","purple"
"1624","LMO1","purple"
"1710","HNF1B","purple"
"1734","CDHR1","purple"
"1743","CCDC148","purple"
"1764","STOX1","purple"
"1807","GBA3","purple"
"1872","RPSA","purple"
"1917","RIMS2","purple"
"1961","POU5F1","purple"
"1981","ITGA2","purple"
"1999","ASIC2","purple"
"2026","OR8A1","purple"
"2037","PHACTR3","purple"
"2076","VSIG2","purple"
"2092","DRC3","purple"
"2097","KCNK2","purple"
"2114","SHOX2","purple"
"2137","MPC1","purple"
"2156","TMEM61","purple"
"2172","INPP1","purple"
"2221","TMEM101","purple"
"2240","NR2E3","purple"
"2256","FOXA2","purple"
"2342","PRKAA2","purple"
"2374","FOXQ1","purple"
"2383","DRAXIN","purple"
"2386","PTPRR","purple"
"2416","DRAM1","purple"
"2421","GGT3P","purple"
"2485","CYP8B1","purple"
"2541","ACY3","purple"
"2595","MFSD6L","purple"
"2600","CYP2C9","purple"
"2668","SOX17","purple"
"2703","PRODH","purple"
"2826","ADGRF1","purple"
"2858","FGL1","purple"
"2861","POMC","purple"
"2881","F2RL1","purple"
"2929","MOCOS","purple"
"3070","FAM169B","purple"
"3107","HOXB5","purple"
"3119","NMUR2","purple"
"3176","SENP5","purple"
"3197","TMPRSS3","purple"
"3314","CCNO","purple"
"3354","SYNE2","purple"
"3388","MUC1","purple"
"3431","BDH1","purple"
"3454","RARRES1","purple"
"3482","SMPDL3B","purple"
"3592","CASKIN1","purple"
"3607","FAAH2","purple"
"3612","UGT2B7","purple"
"3717","LAMB3","purple"
"3741","LAPTM4B","purple"
"3790","MYC","purple"
"3902","DMBT1","purple"
"3918","TMSB15A","purple"
"3921","RIMKLB","purple"
"3946","ALDH8A1","purple"
"3948","ITGAD","purple"
"3970","THEM4","purple"
"4074","PDE9A","purple"
"4083","CYP2C18","purple"
"4121","NCAPD3","purple"
"4134","MBD1","purple"
"4175","MISP","purple"
"4178","MT1H","purple"
"4244","SLC17A5","purple"
"4264","IFNL1","purple"
"4265","RSPH1","purple"
"4334","CLDN10","purple"
"4344","SNX29P2","purple"
"4355","PIGR","purple"
"4357","MMP7","purple"
"4394","CYP24A1","purple"
"4401","TMEM125","purple"
"4412","GON7","purple"
"4494","DEFB1","purple"
"4515","CFAP157","purple"
"4555","HPN","purple"
"4567","KCNMB2","purple"
"4600","DAPL1","purple"
"4652","SLC6A20","purple"
"4670","MST1R","purple"
"4726","APOL1","purple"
"4735","CDCP1","purple"
"4788","GABRP","purple"
"4794","PLPP4","purple"
"4797","RSPH4A","purple"
"4860","HOXB3","purple"
"4896","C1orf186","purple"
"4987","CAPN9","purple"
"5044","SYDE2","purple"
"5108","STC2","purple"
"5119","THOC3","purple"
"5132","GRIA4","purple"
"5144","LCN2","purple"
"5173","SORD","purple"
"5292","DOT1L","purple"
"5349","GADD45A","purple"
"5466","IL20RA","purple"
"5516","CIT","purple"
"5519","RPL18","purple"
"5521","EFNB3","purple"
"5552","KLK11","purple"
"5560","TMPRSS15","purple"
"5569","CCDC71L","purple"
"5689","TAF8","purple"
"5722","SLC25A29","purple"
"5970","ST14","purple"
"5975","TMEM255A","purple"
"5983","PRAME","purple"
"5990","FST","purple"
"6018","ATP6V0A2","purple"
"6043","OBP2B","purple"
"6055","ZNF324B","purple"
"6090","BCL2","purple"
"6198","HOXB7","purple"
"6200","RACGAP1","purple"
"6245","FTMT","purple"
"6282","NTRK2","purple"
"6358","POLK","purple"
"6394","SFTA2","purple"
"6417","KCNH3","purple"
"6461","COX5A","purple"
"6496","MGAT4C","purple"
"6509","OR1J1","purple"
"6542","FUT9","purple"
"6586","KRT80","purple"
"6602","HNMT","purple"
"6605","TMPRSS4","purple"
"6649","C1orf116","purple"
"6798","RPS5","purple"
"6825","EHF","purple"
"6892","MTNR1A","purple"
"6913","CASC1","purple"
"6946","CDH12","purple"
"7040","SCEL","purple"
"7215","GCNT3","purple"
"7224","SH3YL1","purple"
"7246","DCDC2","purple"
"7275","XDH","purple"
"7417","SCNN1A","purple"
"7441","LETM2","purple"
"7452","PCCA","purple"
"7476","SCGB1D2","purple"
"7479","OGDHL","purple"
"7533","MET","purple"
"7537","DNAH7","purple"
"7542","FXYD2","purple"
"7553","MT1G","purple"
"7585","TMEM252","purple"
"7731","SSX4","purple"
"7746","IGBP1","purple"
"7752","OLIG3","purple"
"7789","SLC26A5","purple"
"7796","C19orf33","purple"
"7811","ANO1","purple"
"7901","MT1F","purple"
"7931","TTC7B","purple"
"7943","OR56A3","purple"
"7967","SLC44A4","purple"
"8027","CYP4F11","purple"
"8159","TNFRSF10A","purple"
"8178","NWD1","purple"
"8208","ID4","purple"
"8262","LOC389906","purple"
"8265","OR7D2","purple"
"8268","CCDC60","purple"
"8326","SRGAP3","purple"
"8335","CLDN3","purple"
"8336","NAPSB","purple"
"8338","CRB3","purple"
"8359","SCGB2A2","purple"
"8428","GPRC5C","purple"
"8477","CLDN1","purple"
"8494","OVOL2","purple"
"8495","TICAM1","purple"
"8550","DHCR24","purple"
"8667","GPX3","purple"
"8678","CNDP2","purple"
"8713","ACMSD","purple"
"8740","EVPL","purple"
"8773","FRK","purple"
"8815","TMEM171","purple"
"8821","TLX2","purple"
"8875","DOK5","purple"
"8894","AGR3","purple"
"8911","FAM64A","purple"
"8956","LIPH","purple"
"8979","MFSD4A","purple"
"8997","GAL3ST1","purple"
"9016","TMC5","purple"
"9023","GNG13","purple"
"9032","CASP7","purple"
"9061","EVL","purple"
"9112","DYX1C1","purple"
"9239","SCGB2A1","purple"
"9251","LBP","purple"
"9293","BCAS1","purple"
"9320","QRSL1","purple"
"9413","DPF3","purple"
"9449","IFNE","purple"
"9470","CHST12","purple"
"9478","SLC4A11","purple"
"9510","FAM181B","purple"
"9538","OSBPL3","purple"
"9557","KCNJ16","purple"
"9601","TFCP2L1","purple"
"9659","GOLM1","purple"
"9662","HABP2","purple"
"9707","HGD","purple"
"9762","PER2","purple"
"9835","LIF","purple"
"9858","DCAF12L1","purple"
"9906","GALNT4","purple"
"9978","NAALAD2","purple"
"9981","ESR2","purple"
"10007","GSTO2","purple"
"10026","CYP27B1","purple"
"10069","SMTNL2","purple"
"10070","DCPS","purple"
"10084","PCDHB15","purple"
"10144","HOOK1","purple"
"10192","STX16","purple"
"10232","ZNF620","purple"
"10244","UGT2B10","purple"
"10271","ZNRF1","purple"
"10340","HNF4G","purple"
"10469","UQCR11","purple"
"10486","ILF2","purple"
"10554","DNAI1","purple"
"10709","EMID1","purple"
"10710","TSPAN1","purple"
"10721","MIR924HG","purple"
"10728","ZNF85","purple"
"10730","ANKRD20A2","purple"
"10733","DNAJC11","purple"
"10740","PAEP","purple"
"10771","GGT8P","purple"
"10806","C2CD4B","purple"
"10814","TMEM238","purple"
"10839","ACLY","purple"
"10867","CEACAM22P","purple"
"10939","PPARGC1A","purple"
"10964","SLC51B","purple"
"11076","ERICH3","purple"
"11107","ADGRG2","purple"
"11132","UGT2B17","purple"
"11161","HKDC1","purple"
"11216","VTCN1","purple"
"11250","CST1","purple"
"11262","RPS18","purple"
"11282","KNG1","purple"
"11326","SF3A2","purple"
"11330","SLC3A1","purple"
"11349","IYD","purple"
"11360","SVOPL","purple"
"11433","KCNAB3","purple"
"11465","BGLAP","purple"
"11569","DNAI2","purple"
"11585","PLEKHS1","purple"
"11593","LMBR1L","purple"
"11641","DBNDD1","purple"
"11644","CAPS","purple"
"11649","IRX5","purple"
"11683","RGS4","purple"
"11694","CYGB","purple"
"11746","IRX6","purple"
"11757","UGT8","purple"
"11772","RIPK2","purple"
"11793","PLS1","purple"
"11839","THBD","purple"
"11879","CALB1","purple"
"11900","TSSK3","purple"
"11904","SHISA2","purple"
"12060","C1orf168","purple"
"12071","CATSPERB","purple"
"12167","WDR72","purple"
"12170","BATF3","purple"
"12245","CAPSL","purple"
"12341","LRRN4","purple"
"12357","CUTC","purple"
"12403","OLFML2B","purple"
"12444","CHGB","purple"
"12445","MOGAT1","purple"
"12520","SNX31","purple"
"12534","VCAM1","purple"
"12632","TSPAN12","purple"
"12666","TBC1D25","purple"
"12683","RDH11","purple"
"12736","LCN12","purple"
"12746","GNAS","purple"
"12819","CDH4","purple"
"12824","C2CD4A","purple"
"12870","KLF16","purple"
"12937","TMEM45B","purple"
"13068","FGF21","purple"
"13085","ST6GALNAC1","purple"
"13177","ST6GALNAC5","purple"
"13312","STX19","purple"
"13334","GPX5","purple"
"13386","BLOC1S5","purple"
"13432","CTH","purple"
"13487","RNF144A","purple"
"13490","ARL9","purple"
"13612","ZPLD1","purple"
"13667","KIZ","purple"
"13700","SOWAHA","purple"
"13703","INPP5F","purple"
"13775","SLC6A12","purple"
"13794","STAP1","purple"
"13850","C9orf152","purple"
"13860","PAPSS1","purple"
"13876","NKX3-2","purple"
"13905","NR4A2","purple"
"13914","CDKL2","purple"
"13924","E2F5","purple"
"13964","MMS22L","purple"
"13988","HOXD12","purple"
"14036","NAPSA","purple"
"14092","MECOM","purple"
"14170","ATP2C2","purple"
"14261","PROM1","purple"
"14269","PRKX","purple"
"14331","PLLP","purple"
"14561","PRRX2","purple"
"14576","CCDC146","purple"
"14622","TMPRSS2","purple"
"14677","DNER","purple"
"14737","RNF165","purple"
"14739","TM4SF4","purple"
"14753","KRT9","purple"
"14758","OBP2A","purple"
"14771","FOXA3","purple"
"14773","SLC13A2","purple"
"14784","SLC10A6","purple"
"14810","MOB1B","purple"
"14824","RASAL1","purple"
"14918","FUT2","purple"
"14951","ABCA4","purple"
"14973","CLDN2","purple"
"15011","EFCAB12","purple"
"15205","FAM216B","purple"
"15220","NXNL2","purple"
"15290","NTM","purple"
"15295","HOXB8","purple"
"15321","MRPS25","purple"
"15383","GJB1","purple"
"15405","MARS","purple"
"15442","WDR66","purple"
"15485","ARG2","purple"
"15500","DACT1","purple"
"15540","CDS1","purple"
"15600","STYK1","purple"
"15609","FOXJ1","purple"
"15627","CA13","purple"
"15636","ICAM5","purple"
"15637","CFAP52","purple"
"15672","ANAPC4","purple"
"15704","PPFIA2","purple"
"15859","PCDH19","purple"
"15862","TGFA","purple"
"15881","SOX9","purple"
"15882","KRTAP19-5","purple"
"15886","CD24","purple"
"15892","CFAP43","purple"
"15942","PPL","purple"
"15982","BEX5","purple"
"15994","SFN","purple"
"16031","TLDC2","purple"
"16074","CNTD2","purple"
"16088","C14orf105","purple"
"16135","SBSPON","purple"
"16187","MYO5C","purple"
"16232","NTF3","purple"
"16261","NGEF","purple"
"16268","CDHR3","purple"
"16304","ASRGL1","purple"
"16308","UGT2B11","purple"
"16310","HOXB2","purple"
"16350","C4BPA","purple"
"16425","IRX3","purple"
"16523","ICA1","purple"
"16573","CP","purple"
"16622","C4B","purple"
"16628","TMEM169","purple"
"16635","GRPR","purple"
"16659","AGR2","purple"
"16667","SCNN1G","purple"
"16700","BCO1","purple"
"16761","NAT8","purple"
"16762","ITPR3","purple"
"16784","SOX4","purple"
"16831","TOX3","purple"
"16841","LOC102724096","purple"
"16868","FAM41AY2///FAM41AY1","purple"
"16940","LOC101928047","purple"
"17029","TTLL11-IT1","purple"
"17058","LOC101928030","purple"
"17061","LINC00323","purple"
"17141","LINC00380","purple"
"17158","HTT-AS","purple"
"17440","LOC100130705","purple"
"17495","LOC101928132","purple"
"17509","LINC01014","purple"
"17557","LOC101928307","purple"
"17605","LOC729950","purple"
"17656","LINC01510","purple"
"17784","LOC729815","purple"
"17815","INTS6-AS1","purple"
"17835","TSNAX-DISC1","purple"
"17900","LOC105375218","purple"
"17925","LOC388942","purple"
"17934","LOC100506289","purple"
"17973","ILDR1","purple"
"17975","TEKT2","purple"
"18027","RAB17","purple"
"18031","GRAMD1C","purple"
"18112","SCG5","purple"
"18127","CXCL11","purple"
"18141","SLC18A2","purple"
"18253","PIP","purple"
"18273","CDH16","purple"
"18322","RPL29P2","purple"
"18333","KIF12","purple"
"18378","SLPI","purple"
"18423","MVB12A","purple"
"18455","MUC16","purple"
"18513","CHDH","purple"
"18540","OR6W1P","purple"
"18645","EPCAM","purple"
"18647","CCL22","purple"
"18648","TMIGD2","purple"
"18652","SPDEF","purple"
"18659","NMU","purple"
"18679","ANGPTL5","purple"
"18701","LAMP3","purple"
"18767","CWH43","purple"
"18773","SYT14","purple"
"18918","GRIA1","purple"
"18940","MMP26","purple"
"18980","TEX101","purple"
"18996","CCDC42","purple"
"19087","CCDC65","purple"
"19186","ARHGEF28","purple"
"19194","DNAJB2","purple"
"19243","BRCA1","purple"
"19256","MAL","purple"
"19277","KCNG3","purple"
"19304","EYA2","purple"
"19332","DDX52","purple"
"19378","SLC45A4","purple"
"19397","GGTLC2","purple"
"3","SLC35E2","turquoise"
"5","RPS28","turquoise"
"13","HNRNPAB","turquoise"
"21","CD69","turquoise"
"27","SPP1","turquoise"
"28","HBE1","turquoise"
"32","RHD","turquoise"
"40","DCK","turquoise"
"46","ALOX5","turquoise"
"65","AQP3","turquoise"
"75","ASB11","turquoise"
"76","RTN3","turquoise"
"80","FAM135B","turquoise"
"81","PGBD4","turquoise"
"82","STK10","turquoise"
"95","CXorf21","turquoise"
"102","MAP3K11","turquoise"
"105","SLC38A2","turquoise"
"108","GALNT11","turquoise"
"112","RND1","turquoise"
"116","KIAA1257","turquoise"
"119","CWF19L1","turquoise"
"126","CTNND1","turquoise"
"127","SCYL3","turquoise"
"135","SMC1A","turquoise"
"141","TTN","turquoise"
"145","ELF4","turquoise"
"146","MPHOSPH10","turquoise"
"148","KRAS","turquoise"
"158","IL4R","turquoise"
"159","CCM2","turquoise"
"160","COX4I1","turquoise"
"166","KIAA0895L","turquoise"
"168","MAGEA3","turquoise"
"169","SECTM1","turquoise"
"174","ZNF507","turquoise"
"180","PDHX","turquoise"
"188","TRPT1","turquoise"
"191","PHKB","turquoise"
"194","CA1","turquoise"
"195","RAC1","turquoise"
"205","C2CD2","turquoise"
"214","GLIPR2","turquoise"
"215","LRRC58","turquoise"
"216","INPP4A","turquoise"
"217","SH3KBP1","turquoise"
"226","ERI1","turquoise"
"229","GLT8D1","turquoise"
"235","PAAF1","turquoise"
"240","PIK3AP1","turquoise"
"241","CLK1","turquoise"
"243","ATP5J","turquoise"
"245","OPA3","turquoise"
"246","IL10RA","turquoise"
"251","BAIAP2","turquoise"
"256","CDC5L","turquoise"
"259","ORAI2","turquoise"
"266","RASAL2","turquoise"
"268","C1orf194","turquoise"
"280","PCDHGA12","turquoise"
"283","SOX3","turquoise"
"290","ST6GAL1","turquoise"
"292","CSTF2","turquoise"
"302","CLEC10A","turquoise"
"306","SLC22A17","turquoise"
"319","PFKFB4","turquoise"
"323","HAUS6","turquoise"
"331","KIF3A","turquoise"
"332","SULT6B1","turquoise"
"341","PSORS1C2","turquoise"
"351","IGSF6","turquoise"
"364","ZZZ3","turquoise"
"365","UBL7","turquoise"
"366","GPR63","turquoise"
"376","ZFAND2B","turquoise"
"381","SOX10","turquoise"
"385","WDR63","turquoise"
"391","HBBP1","turquoise"
"399","SCMH1","turquoise"
"401","NAMPT","turquoise"
"406","SNORD83A","turquoise"
"412","AGPAT3","turquoise"
"417","MKNK2","turquoise"
"421","ITGA3","turquoise"
"424","PARD6A","turquoise"
"425","BCL2L1","turquoise"
"426","AIDA","turquoise"
"429","SLC45A2","turquoise"
"430","GCC2","turquoise"
"433","CD1C","turquoise"
"440","HMGB2","turquoise"
"445","ATP1B3","turquoise"
"446","UBE3A","turquoise"
"452","FCGR1A","turquoise"
"454","ITGB2","turquoise"
"456","CCL18","turquoise"
"458","PTF1A","turquoise"
"460","ACTN2","turquoise"
"466","ACRV1","turquoise"
"469","KDM6A","turquoise"
"470","ATAD1","turquoise"
"471","CLEC7A","turquoise"
"473","LRCH4","turquoise"
"474","NPSR1","turquoise"
"479","MRPS31","turquoise"
"483","FCHO1","turquoise"
"489","ZNF589","turquoise"
"493","KLC1","turquoise"
"496","MCTP1","turquoise"
"499","FKBP3","turquoise"
"507","GJD4","turquoise"
"510","LSP1","turquoise"
"512","UNC93B1","turquoise"
"519","RANBP2","turquoise"
"520","CLC","turquoise"
"524","HNRNPH3","turquoise"
"528","ZSCAN18","turquoise"
"537","BNC1","turquoise"
"539","ABR","turquoise"
"543","PRPS1L1","turquoise"
"545","STK24","turquoise"
"546","RNF138","turquoise"
"548","PCDHGC5","turquoise"
"553","ZBTB34","turquoise"
"556","C19orf25","turquoise"
"565","UTRN","turquoise"
"570","PSMC6","turquoise"
"579","DCLRE1B","turquoise"
"583","TNFSF14","turquoise"
"587","BCKDHB","turquoise"
"592","RNASE9","turquoise"
"594","SPRTN","turquoise"
"596","FAM57B","turquoise"
"604","SIGLEC10","turquoise"
"606","ARPC3","turquoise"
"626","P3H4","turquoise"
"627","DGKD","turquoise"
"637","MRPS21","turquoise"
"640","ZNF780A","turquoise"
"643","CAPG","turquoise"
"644","COPS2","turquoise"
"647","HRASLS","turquoise"
"652","MYL1","turquoise"
"656","NUCB2","turquoise"
"659","TRNT1","turquoise"
"670","DHX9","turquoise"
"674","NTN3","turquoise"
"679","TNPO2","turquoise"
"681","H3F3A","turquoise"
"693","GOT1","turquoise"
"711","PRPF38A","turquoise"
"722","GLT1D1","turquoise"
"724","RIT1","turquoise"
"727","ARHGAP27","turquoise"
"728","ASB12","turquoise"
"731","TRPA1","turquoise"
"736","SOHLH1","turquoise"
"737","SEC24D","turquoise"
"739","MYOT","turquoise"
"740","TCEAL8","turquoise"
"741","ZNF251","turquoise"
"742","STON1-GTF2A1L","turquoise"
"752","DNAJC10","turquoise"
"757","ZNF304","turquoise"
"766","PCGF6","turquoise"
"770","STAC3","turquoise"
"782","CCR3","turquoise"
"783","FBXO4","turquoise"
"785","IGLL1","turquoise"
"793","LOXL2","turquoise"
"794","RPL27","turquoise"
"795","NMRK2","turquoise"
"796","GPR141","turquoise"
"801","SLC26A8","turquoise"
"805","HECTD3","turquoise"
"814","SLC37A2","turquoise"
"817","SLFN14","turquoise"
"819","PCDHGC3","turquoise"
"828","PPIL6","turquoise"
"829","ERMARD","turquoise"
"834","B3GALNT1","turquoise"
"837","SKAP2","turquoise"
"839","FMR1NB","turquoise"
"843","ACTR3","turquoise"
"844","RNF168","turquoise"
"846","TSNAXIP1","turquoise"
"851","NUBP2","turquoise"
"858","CBWD2","turquoise"
"875","FGFR1OP2","turquoise"
"879","CEACAM4","turquoise"
"884","OR2AG2","turquoise"
"885","MLEC","turquoise"
"890","CLEC12B","turquoise"
"901","NRG1","turquoise"
"902","DNAJB14","turquoise"
"904","CBFA2T3","turquoise"
"909","ERI2","turquoise"
"913","GFM1","turquoise"
"915","SAR1A","turquoise"
"918","RPS3A","turquoise"
"921","BPHL","turquoise"
"924","RPAP2","turquoise"
"928","SRSF11","turquoise"
"932","PPM1M","turquoise"
"945","TMUB2","turquoise"
"946","SIRT4","turquoise"
"948","RSAD2","turquoise"
"949","XPO4","turquoise"
"952","TNKS","turquoise"
"953","TLR8","turquoise"
"955","C11orf95","turquoise"
"956","RHEB","turquoise"
"963","ADNP","turquoise"
"966","ZNF831","turquoise"
"967","SPN","turquoise"
"973","ZNF573","turquoise"
"978","CFP","turquoise"
"981","TRIP11","turquoise"
"982","MAP3K10","turquoise"
"983","ZNF501","turquoise"
"987","MEX3C","turquoise"
"989","OSCP1","turquoise"
"995","OAS1","turquoise"
"996","ABCB5","turquoise"
"997","DRG1","turquoise"
"999","GPR135","turquoise"
"1004","CCR2","turquoise"
"1008","BAZ1A","turquoise"
"1020","KLRG1","turquoise"
"1021","SLC43A3","turquoise"
"1029","SMPD4","turquoise"
"1033","SRSF10","turquoise"
"1046","RYK","turquoise"
"1054","UBXN6","turquoise"
"1059","CDH23","turquoise"
"1066","HIST1H2BJ","turquoise"
"1079","BRPF3","turquoise"
"1082","SLC5A10","turquoise"
"1089","CAV2","turquoise"
"1090","ARHGAP25","turquoise"
"1095","ATP11B","turquoise"
"1097","DEAF1","turquoise"
"1098","OSGEPL1","turquoise"
"1105","LCP2","turquoise"
"1107","CREB5","turquoise"
"1109","DPM1","turquoise"
"1115","TMCC2","turquoise"
"1116","POLR2K","turquoise"
"1123","SPP2","turquoise"
"1124","HLA-DOA","turquoise"
"1125","CD40LG","turquoise"
"1127","WFDC12","turquoise"
"1136","HCN2","turquoise"
"1138","SAMD3","turquoise"
"1141","GRIN1","turquoise"
"1143","RARA","turquoise"
"1145","CD79A","turquoise"
"1147","MTMR14","turquoise"
"1148","RP2","turquoise"
"1153","PSMG1","turquoise"
"1154","FZD6","turquoise"
"1157","HEPACAM","turquoise"
"1160","CASP6","turquoise"
"1172","APAF1","turquoise"
"1195","SGCG","turquoise"
"1201","WWP2","turquoise"
"1206","BAG3","turquoise"
"1208","KCNJ15","turquoise"
"1211","RUFY1","turquoise"
"1216","BCL11A","turquoise"
"1217","ATP6V1C1","turquoise"
"1218","OLA1","turquoise"
"1227","PAK2","turquoise"
"1228","ACSS3","turquoise"
"1231","MSN","turquoise"
"1232","FKBP10","turquoise"
"1233","ISG20","turquoise"
"1240","APC2","turquoise"
"1244","IL4I1","turquoise"
"1253","TBC1D28","turquoise"
"1255","CCDC155","turquoise"
"1256","PRR5-ARHGAP8","turquoise"
"1260","UBXN11","turquoise"
"1262","RNF44","turquoise"
"1264","UCHL3","turquoise"
"1269","TCF20","turquoise"
"1272","ANKRD13D","turquoise"
"1273","SYF2","turquoise"
"1274","ZNF529","turquoise"
"1278","MTBP","turquoise"
"1279","CREBL2","turquoise"
"1280","LINC00999","turquoise"
"1281","PEX5","turquoise"
"1283","CCZ1","turquoise"
"1284","LDAH","turquoise"
"1295","CYTH4","turquoise"
"1298","CELF4","turquoise"
"1304","HSPA1B","turquoise"
"1306","BTNL3","turquoise"
"1307","MCOLN2","turquoise"
"1312","USP50","turquoise"
"1319","CRLF3","turquoise"
"1320","LIG3","turquoise"
"1326","NBEAL2","turquoise"
"1329","WWOX","turquoise"
"1337","GTPBP8","turquoise"
"1349","TPM3","turquoise"
"1352","SUCLA2","turquoise"
"1353","PAQR4","turquoise"
"1356","TTC17","turquoise"
"1357","EAPP","turquoise"
"1363","DESI2","turquoise"
"1365","PFKFB3","turquoise"
"1368","ALG11","turquoise"
"1374","CHRM4","turquoise"
"1379","TOE1","turquoise"
"1389","RPS6KC1","turquoise"
"1390","RFWD2","turquoise"
"1393","MRPL30","turquoise"
"1397","NFATC2","turquoise"
"1413","GLYCAM1","turquoise"
"1416","HLA-DQB1","turquoise"
"1420","XKR4","turquoise"
"1421","KLHDC7B","turquoise"
"1425","6-Sep","turquoise"
"1428","CXorf65","turquoise"
"1430","AJUBA","turquoise"
"1433","MAGED2","turquoise"
"1437","ACSM1","turquoise"
"1438","FLOT1","turquoise"
"1444","RBM34","turquoise"
"1445","TPST2","turquoise"
"1446","PFDN6","turquoise"
"1454","LEPROT","turquoise"
"1461","C1orf53","turquoise"
"1468","LZIC","turquoise"
"1469","LILRA3","turquoise"
"1472","BANK1","turquoise"
"1476","IL21R","turquoise"
"1477","IRAK3","turquoise"
"1478","UBE2E3","turquoise"
"1481","ZBTB8A","turquoise"
"1490","TESMIN","turquoise"
"1492","RAPGEF4","turquoise"
"1494","PREX2","turquoise"
"1513","BTK","turquoise"
"1518","KRTAP3-3","turquoise"
"1524","RCN2","turquoise"
"1527","AKAIN1","turquoise"
"1534","SP3","turquoise"
"1535","ORMDL3","turquoise"
"1541","PAH","turquoise"
"1551","PDSS2","turquoise"
"1552","DNAJA3","turquoise"
"1558","AARS","turquoise"
"1559","GFRA4","turquoise"
"1560","ZRANB2","turquoise"
"1562","HGSNAT","turquoise"
"1567","SOD1","turquoise"
"1568","FCER2","turquoise"
"1576","MED23","turquoise"
"1579","CXCR1","turquoise"
"1581","C1GALT1","turquoise"
"1585","TFPI","turquoise"
"1593","SEC24B","turquoise"
"1596","OTOP3","turquoise"
"1599","LPAR2","turquoise"
"1600","EVI2A","turquoise"
"1604","GPSM3","turquoise"
"1608","CD53","turquoise"
"1613","CPPED1","turquoise"
"1614","MZB1","turquoise"
"1616","TSLP","turquoise"
"1617","KLHL34","turquoise"
"1625","LCP1","turquoise"
"1627","C1QTNF7","turquoise"
"1631","CCT7","turquoise"
"1639","STOML2","turquoise"
"1643","TMEM129","turquoise"
"1648","LFNG","turquoise"
"1652","SPTB","turquoise"
"1660","ZBTB18","turquoise"
"1664","MATN3","turquoise"
"1674","SOX6","turquoise"
"1675","OTOF","turquoise"
"1678","RPH3A","turquoise"
"1680","CCDC62","turquoise"
"1685","CAMK2B","turquoise"
"1691","RGL4","turquoise"
"1693","NECAB2","turquoise"
"1696","HNRNPA1","turquoise"
"1701","UBR2","turquoise"
"1703","MXI1","turquoise"
"1711","OR2A1","turquoise"
"1718","RNF123","turquoise"
"1719","TUBG1","turquoise"
"1725","DMXL1","turquoise"
"1726","MTUS1","turquoise"
"1740","EPB41","turquoise"
"1745","OR2T29","turquoise"
"1748","MMP13","turquoise"
"1750","ARHGAP9","turquoise"
"1754","NELFCD","turquoise"
"1755","CNNM2","turquoise"
"1762","ELF1","turquoise"
"1765","ARHGEF18","turquoise"
"1766","APOB","turquoise"
"1772","CACNA1E","turquoise"
"1774","FAM129C","turquoise"
"1779","P2RY13","turquoise"
"1781","FASTK","turquoise"
"1783","RFFL","turquoise"
"1784","PTPN6","turquoise"
"1785","SLC30A5","turquoise"
"1786","IZUMO1","turquoise"
"1787","RPF2","turquoise"
"1788","SLC25A11","turquoise"
"1789","CELF2","turquoise"
"1792","NKIRAS1","turquoise"
"1803","SLC14A2","turquoise"
"1804","MBIP","turquoise"
"1809","COQ6","turquoise"
"1816","TP53BP1","turquoise"
"1818","ALG5","turquoise"
"1821","KLHL9","turquoise"
"1823","PLEKHG7","turquoise"
"1828","IFIT3","turquoise"
"1830","PROZ","turquoise"
"1837","NRIP2","turquoise"
"1839","FAU","turquoise"
"1843","ATG16L2","turquoise"
"1846","CADM2","turquoise"
"1848","UNC119","turquoise"
"1851","VSTM4","turquoise"
"1865","APOBEC3H","turquoise"
"1870","CTRL","turquoise"
"1880","ZDHHC16","turquoise"
"1885","MINPP1","turquoise"
"1888","SMN2","turquoise"
"1891","RBMS3","turquoise"
"1892","SPG11","turquoise"
"1898","PTGS1","turquoise"
"1904","KRTAP4-11","turquoise"
"1905","FCRL2","turquoise"
"1906","CTR9","turquoise"
"1910","ZNF260","turquoise"
"1912","CEP19","turquoise"
"1915","FKBP14","turquoise"
"1920","NUB1","turquoise"
"1924","NRTN","turquoise"
"1931","SH3BP5L","turquoise"
"1938","CYP2E1","turquoise"
"1939","NOL6","turquoise"
"1942","CLEC4C","turquoise"
"1943","PDHA2","turquoise"
"1944","C2orf54","turquoise"
"1945","PUM3","turquoise"
"1956","USP15","turquoise"
"1962","CD180","turquoise"
"1966","PEX10","turquoise"
"1969","ACTN3","turquoise"
"1975","FLI1","turquoise"
"1977","C10orf53","turquoise"
"1978","BCL11B","turquoise"
"1979","2-Mar","turquoise"
"1982","CSE1L","turquoise"
"1988","RAB27A","turquoise"
"1992","RNF149","turquoise"
"2000","MAP4K1","turquoise"
"2001","ACBD3","turquoise"
"2002","GAB2","turquoise"
"2007","BCL7A","turquoise"
"2009","WASL","turquoise"
"2010","TRAPPC6B","turquoise"
"2012","NUP214","turquoise"
"2019","OLIG1","turquoise"
"2022","MB","turquoise"
"2030","TP53I13","turquoise"
"2031","HIST2H3C","turquoise"
"2034","VDR","turquoise"
"2042","CTSZ","turquoise"
"2045","SRRD","turquoise"
"2054","STARD13","turquoise"
"2057","RING1","turquoise"
"2059","PSMB6","turquoise"
"2060","RBMY1A1","turquoise"
"2061","ZNF679","turquoise"
"2067","SP2","turquoise"
"2068","DST","turquoise"
"2070","CRK","turquoise"
"2074","COL25A1","turquoise"
"2078","DUSP14","turquoise"
"2082","LOC653712","turquoise"
"2083","IRF8","turquoise"
"2087","ICE2","turquoise"
"2094","FAF1","turquoise"
"2095","RPS14","turquoise"
"2098","PCDHA4","turquoise"
"2106","ZNF586","turquoise"
"2110","C9orf72","turquoise"
"2128","ADGRG5","turquoise"
"2132","FCGR2A","turquoise"
"2138","TEC","turquoise"
"2139","SLC5A2","turquoise"
"2142","PASK","turquoise"
"2150","ZC3HAV1","turquoise"
"2154","ACSM5","turquoise"
"2155","FBXO7","turquoise"
"2158","RPS6KL1","turquoise"
"2166","MTX1","turquoise"
"2167","SLAMF8","turquoise"
"2169","HCG22","turquoise"
"2171","KIR2DL3","turquoise"
"2173","SDHB","turquoise"
"2178","SNORD73A","turquoise"
"2185","GABRB2","turquoise"
"2186","SLA","turquoise"
"2188","CAMKV","turquoise"
"2194","SLC25A20","turquoise"
"2195","DEGS1","turquoise"
"2203","RRAS2","turquoise"
"2204","SPINK14","turquoise"
"2211","SNORD35A","turquoise"
"2214","RAD51C","turquoise"
"2227","HBA1","turquoise"
"2228","OR56A1","turquoise"
"2230","MLKL","turquoise"
"2232","HOXB6","turquoise"
"2233","UBR7","turquoise"
"2234","CMTM3","turquoise"
"2235","XAGE5","turquoise"
"2238","THOC5","turquoise"
"2245","FAM129A","turquoise"
"2255","GYPC","turquoise"
"2258","FCN1","turquoise"
"2261","PGAM2","turquoise"
"2265","CT83","turquoise"
"2268","FAM228A","turquoise"
"2277","ZDHHC18","turquoise"
"2278","BLK","turquoise"
"2294","ZAR1L","turquoise"
"2296","LMOD2","turquoise"
"2298","PRTN3","turquoise"
"2300","KIAA0922","turquoise"
"2301","LRRC47","turquoise"
"2302","UNCX","turquoise"
"2307","LIM2","turquoise"
"2309","GVINP1","turquoise"
"2314","RGS10","turquoise"
"2316","CRBN","turquoise"
"2320","NAAA","turquoise"
"2321","TTC13","turquoise"
"2325","TBC1D10B","turquoise"
"2328","FOXE1","turquoise"
"2329","C2orf69","turquoise"
"2335","CCND3","turquoise"
"2338","RILPL2","turquoise"
"2344","TTC30B","turquoise"
"2346","BATF","turquoise"
"2349","TM4SF19","turquoise"
"2353","SLC2A14","turquoise"
"2356","OCLM","turquoise"
"2358","MAP2K3","turquoise"
"2359","CIDEB","turquoise"
"2360","BEGAIN","turquoise"
"2365","SPNS3","turquoise"
"2368","CD8B","turquoise"
"2369","XPNPEP1","turquoise"
"2371","PPIC","turquoise"
"2372","NCOA1","turquoise"
"2377","TXNRD2","turquoise"
"2379","ATF5","turquoise"
"2381","PARP8","turquoise"
"2385","NAA15","turquoise"
"2388","DHRS12","turquoise"
"2389","RASSF5","turquoise"
"2392","TSPO2","turquoise"
"2398","PPT1","turquoise"
"2407","C5AR2","turquoise"
"2408","MATK","turquoise"
"2417","AP4B1","turquoise"
"2419","CPLX2","turquoise"
"2422","EI24","turquoise"
"2424","VSIG4","turquoise"
"2430","PYHIN1","turquoise"
"2433","TXNDC2","turquoise"
"2435","KDM4D","turquoise"
"2440","E2F3","turquoise"
"2446","FABP9","turquoise"
"2448","BZW1","turquoise"
"2457","GPR142","turquoise"
"2461","TTTY3","turquoise"
"2463","BCR","turquoise"
"2466","CNPY3","turquoise"
"2467","IKZF3","turquoise"
"2472","MYH7","turquoise"
"2479","UNC13B","turquoise"
"2493","SH2B2","turquoise"
"2499","CSTA","turquoise"
"2503","ICOS","turquoise"
"2520","OMA1","turquoise"
"2521","FBXO43","turquoise"
"2522","BPIFB6","turquoise"
"2523","HIST2H2BF","turquoise"
"2529","ZNF624","turquoise"
"2534","DFNA5","turquoise"
"2548","PDK1","turquoise"
"2554","HK3","turquoise"
"2560","MAGI1","turquoise"
"2571","ACADSB","turquoise"
"2592","IRF5","turquoise"
"2597","PITPNC1","turquoise"
"2598","ZNF664","turquoise"
"2601","CCL15","turquoise"
"2610","BACH2","turquoise"
"2615","TPD52L1","turquoise"
"2616","MSL3","turquoise"
"2617","SYT16","turquoise"
"2623","CENPQ","turquoise"
"2630","NRM","turquoise"
"2637","CHST6","turquoise"
"2638","PSMD12","turquoise"
"2641","COX10","turquoise"
"2645","FBXL18","turquoise"
"2648","CHST15","turquoise"
"2653","PTP4A2","turquoise"
"2655","TALDO1","turquoise"
"2658","ZNF267","turquoise"
"2666","ADGRB3","turquoise"
"2680","IARS2","turquoise"
"2684","GNGT2","turquoise"
"2697","AGO1","turquoise"
"2705","OR2T2","turquoise"
"2708","FBXL4","turquoise"
"2714","MRPL44","turquoise"
"2721","USP5","turquoise"
"2722","CCL3","turquoise"
"2723","TRIM37","turquoise"
"2724","CIR1","turquoise"
"2728","RNASET2","turquoise"
"2730","MKRN1","turquoise"
"2732","HMX2","turquoise"
"2737","DMTN","turquoise"
"2740","MADD","turquoise"
"2752","1-Sep","turquoise"
"2757","ZNF613","turquoise"
"2758","LMX1A","turquoise"
"2776","CD86","turquoise"
"2778","TNFRSF10C","turquoise"
"2779","KRT73","turquoise"
"2782","ATF4","turquoise"
"2783","ZNF615","turquoise"
"2788","RNF8","turquoise"
"2791","LRIT3","turquoise"
"2797","BMX","turquoise"
"2799","RNF225","turquoise"
"2801","PYURF","turquoise"
"2803","SLC38A3","turquoise"
"2808","TMED7","turquoise"
"2810","PTPRCAP","turquoise"
"2814","RPL11","turquoise"
"2825","MYO9B","turquoise"
"2827","TRMT10C","turquoise"
"2831","BCAR1","turquoise"
"2835","PKM","turquoise"
"2837","MBP","turquoise"
"2838","SP110","turquoise"
"2842","TMEM254","turquoise"
"2844","KCTD5","turquoise"
"2845","ZNF334","turquoise"
"2848","COL10A1","turquoise"
"2855","SSH2","turquoise"
"2867","CAST","turquoise"
"2875","CMKLR1","turquoise"
"2879","TSEN34","turquoise"
"2890","TPD52L3","turquoise"
"2896","CLEC9A","turquoise"
"2898","EPS8L3","turquoise"
"2900","ZNF80","turquoise"
"2901","RHOC","turquoise"
"2902","RPL23AP64","turquoise"
"2906","IFITM2","turquoise"
"2908","FAM83C","turquoise"
"2909","SLA2","turquoise"
"2913","SEPHS1","turquoise"
"2918","TTTY6B","turquoise"
"2920","MECR","turquoise"
"2930","PHYKPL","turquoise"
"2932","WFDC3","turquoise"
"2937","PTH2","turquoise"
"2939","SLC6A6","turquoise"
"2944","PRSS57","turquoise"
"2954","RBM4","turquoise"
"2963","ZNF81","turquoise"
"2964","TMEM234","turquoise"
"2965","CASP8","turquoise"
"2973","ARHGAP11A","turquoise"
"2974","HLTF","turquoise"
"2977","LIMD2","turquoise"
"2984","KHSRP","turquoise"
"2993","C11orf40","turquoise"
"2994","ATIC","turquoise"
"2996","TKTL1","turquoise"
"3000","ABCD3","turquoise"
"3001","H2AFY","turquoise"
"3007","OAS2","turquoise"
"3008","ZNF225","turquoise"
"3011","GAGE2B","turquoise"
"3015","CWC22","turquoise"
"3029","NCKAP1L","turquoise"
"3030","AVIL","turquoise"
"3033","HCFC2","turquoise"
"3036","LIPN","turquoise"
"3037","NXF3","turquoise"
"3043","TBATA","turquoise"
"3050","ZNF143","turquoise"
"3051","TMEM71","turquoise"
"3055","SH2D3C","turquoise"
"3064","SMAD5","turquoise"
"3066","CCL4","turquoise"
"3067","VNN1","turquoise"
"3078","IRF7","turquoise"
"3080","COX7B2","turquoise"
"3089","UBA5","turquoise"
"3097","RASSF10","turquoise"
"3098","OASL","turquoise"
"3102","ZAP70","turquoise"
"3103","TRAM1L1","turquoise"
"3108","C19orf35","turquoise"
"3116","UNKL","turquoise"
"3124","MUL1","turquoise"
"3128","HEATR9","turquoise"
"3130","YIPF2","turquoise"
"3131","HSD17B11","turquoise"
"3137","ME2","turquoise"
"3138","RETN","turquoise"
"3139","GAPT","turquoise"
"3149","LRP4","turquoise"
"3154","NPPC","turquoise"
"3156","NKAP","turquoise"
"3161","SLC24A4","turquoise"
"3166","OR4D1","turquoise"
"3172","CDH9","turquoise"
"3173","LSM6","turquoise"
"3181","XKR8","turquoise"
"3185","YY1AP1","turquoise"
"3186","SLC22A1","turquoise"
"3187","SMN1","turquoise"
"3190","NT5M","turquoise"
"3194","IBTK","turquoise"
"3198","APOBEC3C","turquoise"
"3204","PCDHA1","turquoise"
"3215","ARRB2","turquoise"
"3220","TPTE2P3","turquoise"
"3226","LYST","turquoise"
"3228","ARHGEF7","turquoise"
"3229","QRICH1","turquoise"
"3230","PNOC","turquoise"
"3231","KPNA1","turquoise"
"3232","SP1","turquoise"
"3248","SLC13A5","turquoise"
"3249","LRP11","turquoise"
"3256","MTMR3","turquoise"
"3258","TMEM211","turquoise"
"3260","ABCC2","turquoise"
"3261","NSUN3","turquoise"
"3270","COX18","turquoise"
"3271","BAZ2A","turquoise"
"3275","HTR4","turquoise"
"3279","CD209","turquoise"
"3280","ENPP6","turquoise"
"3284","TAGAP","turquoise"
"3290","WDFY1","turquoise"
"3293","MRPL11","turquoise"
"3295","TCF7","turquoise"
"3298","IMPDH1","turquoise"
"3299","CCDC91","turquoise"
"3300","BTN3A2","turquoise"
"3304","IKZF1","turquoise"
"3325","SIRPG","turquoise"
"3334","RAB37","turquoise"
"3339","HSPA12B","turquoise"
"3342","CD247","turquoise"
"3344","TYK2","turquoise"
"3346","CABP5","turquoise"
"3351","NPIPA1","turquoise"
"3356","CACNA1I","turquoise"
"3358","CHUK","turquoise"
"3359","AKR7A2","turquoise"
"3360","TPTE","turquoise"
"3362","RGS19","turquoise"
"3373","FAM159A","turquoise"
"3374","CYFIP2","turquoise"
"3376","ARVCF","turquoise"
"3381","OR4D5","turquoise"
"3385","C5orf42","turquoise"
"3386","PVR","turquoise"
"3389","8-Mar","turquoise"
"3395","NDFIP2","turquoise"
"3401","TMEM189-UBE2V1","turquoise"
"3404","DUSP6","turquoise"
"3412","PTGS2","turquoise"
"3421","KRT83","turquoise"
"3433","HCAR3","turquoise"
"3449","TLR7","turquoise"
"3452","RAB24","turquoise"
"3461","LTF","turquoise"
"3476","TRIM21","turquoise"
"3477","CASS4","turquoise"
"3484","ARHGDIB","turquoise"
"3498","ZNF683","turquoise"
"3511","WFDC8","turquoise"
"3513","FRY","turquoise"
"3514","CASP4","turquoise"
"3518","C9orf85","turquoise"
"3519","CBY1","turquoise"
"3522","ADD3","turquoise"
"3528","ICE1","turquoise"
"3534","ELAVL3","turquoise"
"3537","DOCK7","turquoise"
"3547","UPB1","turquoise"
"3553","CDHR4","turquoise"
"3571","CCR1","turquoise"
"3572","UBD","turquoise"
"3576","KIR2DL2","turquoise"
"3578","ENO3","turquoise"
"3579","YOD1","turquoise"
"3582","VNN2","turquoise"
"3594","SBDS","turquoise"
"3600","TPH1","turquoise"
"3601","CCAR1","turquoise"
"3603","SERPINB1","turquoise"
"3609","MARS2","turquoise"
"3610","LEF1","turquoise"
"3620","AP3B2","turquoise"
"3623","PELI1","turquoise"
"3626","STK40","turquoise"
"3629","SH2D4A","turquoise"
"3631","C3orf62","turquoise"
"3633","DEFA1","turquoise"
"3635","ABHD17A","turquoise"
"3636","CCT2","turquoise"
"3639","TRPM4","turquoise"
"3651","GRM3","turquoise"
"3658","HLA-DRB4","turquoise"
"3660","FXR1","turquoise"
"3673","SLC15A4","turquoise"
"3680","TLR9","turquoise"
"3681","BRIX1","turquoise"
"3685","CST7","turquoise"
"3688","TCEAL9","turquoise"
"3689","THOC6","turquoise"
"3690","WRN","turquoise"
"3692","IGFL3","turquoise"
"3697","ASCC2","turquoise"
"3699","KLF13","turquoise"
"3705","CEP89","turquoise"
"3716","FAM65A","turquoise"
"3720","HEMGN","turquoise"
"3739","APOBEC3A","turquoise"
"3742","GEN1","turquoise"
"3743","PNPLA8","turquoise"
"3749","ZNF681","turquoise"
"3750","BCAN","turquoise"
"3755","GBX2","turquoise"
"3761","RIBC2","turquoise"
"3769","SNORD55","turquoise"
"3770","CXCR2","turquoise"
"3774","CTSG","turquoise"
"3778","SFTPA1","turquoise"
"3788","RTKN","turquoise"
"3795","SELENBP1","turquoise"
"3799","MRRF","turquoise"
"3800","TADA2A","turquoise"
"3801","NUCKS1","turquoise"
"3803","MRPS15","turquoise"
"3805","LIG4","turquoise"
"3813","UBQLN2","turquoise"
"3814","NLRP1","turquoise"
"3817","PATL1","turquoise"
"3824","OR5H15","turquoise"
"3826","SLC9A3R1","turquoise"
"3827","DNM3","turquoise"
"3828","OSBPL9","turquoise"
"3834","DEFB4A","turquoise"
"3838","TRIM10","turquoise"
"3841","C16orf54","turquoise"
"3845","PIK3R5","turquoise"
"3848","1-Mar","turquoise"
"3853","C19orf48","turquoise"
"3860","TWF1","turquoise"
"3861","CACNA1D","turquoise"
"3865","MYO1F","turquoise"
"3871","ICAM4","turquoise"
"3872","AIM2","turquoise"
"3875","MRPL49","turquoise"
"3889","UACA","turquoise"
"3892","DGAT2","turquoise"
"3896","IQCF2","turquoise"
"3900","SUCNR1","turquoise"
"3903","GTF2A1L","turquoise"
"3906","BIRC3","turquoise"
"3912","SCAF8","turquoise"
"3916","FOXO3","turquoise"
"3922","ZNF320","turquoise"
"3924","SHROOM2","turquoise"
"3926","GRK6","turquoise"
"3953","AP2B1","turquoise"
"3954","TCF19","turquoise"
"3958","TAF1D","turquoise"
"3960","RYR1","turquoise"
"3961","RNF19B","turquoise"
"3974","NT5C2","turquoise"
"3976","VCPIP1","turquoise"
"3980","GCC1","turquoise"
"3991","CYBB","turquoise"
"3999","LRWD1","turquoise"
"4002","SNORD46","turquoise"
"4004","HENMT1","turquoise"
"4014","ANKRD2","turquoise"
"4016","C2CD5","turquoise"
"4019","GPRC5A","turquoise"
"4022","CXCL2","turquoise"
"4023","EPM2AIP1","turquoise"
"4027","PBX2","turquoise"
"4028","FANCF","turquoise"
"4033","SCIMP","turquoise"
"4036","TEX30","turquoise"
"4045","PRKCD","turquoise"
"4047","NEB","turquoise"
"4052","SLC35B3","turquoise"
"4054","CPVL","turquoise"
"4055","SIPA1","turquoise"
"4059","PACSIN3","turquoise"
"4063","RNF34","turquoise"
"4064","ADAMTS17","turquoise"
"4065","NKG7","turquoise"
"4069","PSMB10","turquoise"
"4078","GYPB","turquoise"
"4080","FANCC","turquoise"
"4092","JAK2","turquoise"
"4099","FAM83F","turquoise"
"4104","TSPAN8","turquoise"
"4108","BAX","turquoise"
"4129","TMEM154","turquoise"
"4130","CCDC66","turquoise"
"4136","TARM1","turquoise"
"4142","EIF3H","turquoise"
"4155","SOX13","turquoise"
"4156","CT55","turquoise"
"4157","INVS","turquoise"
"4158","IL2RA","turquoise"
"4160","LAP3","turquoise"
"4161","TNPO3","turquoise"
"4170","DEFB132","turquoise"
"4171","SRP72","turquoise"
"4173","MGAM","turquoise"
"4176","TRPC7","turquoise"
"4177","PEX13","turquoise"
"4180","ZNF425","turquoise"
"4184","SNX11","turquoise"
"4191","TMEM257","turquoise"
"4195","THEMIS","turquoise"
"4199","NUP98","turquoise"
"4200","NETO1","turquoise"
"4201","RNASE10","turquoise"
"4207","TMEM236","turquoise"
"4211","WIPI2","turquoise"
"4219","MYL4","turquoise"
"4221","ACBD6","turquoise"
"4227","DEFB103B","turquoise"
"4229","SEZ6L","turquoise"
"4230","CYB5B","turquoise"
"4235","TRIM45","turquoise"
"4237","NAIP","turquoise"
"4241","STXBP5","turquoise"
"4246","PXN","turquoise"
"4247","FCRL5","turquoise"
"4250","UBASH3A","turquoise"
"4258","EPB41L1","turquoise"
"4266","ACSL1","turquoise"
"4267","ZSCAN32","turquoise"
"4271","CFAP61","turquoise"
"4276","ANK1","turquoise"
"4278","CR2","turquoise"
"4281","CNTLN","turquoise"
"4283","ETFB","turquoise"
"4286","SGF29","turquoise"
"4295","SAMSN1","turquoise"
"4300","TRAT1","turquoise"
"4307","TNFRSF1A","turquoise"
"4308","ITGAM","turquoise"
"4312","TNS2","turquoise"
"4317","SLC22A4","turquoise"
"4327","COL9A2","turquoise"
"4329","PRRC1","turquoise"
"4336","TMEM14B","turquoise"
"4337","DNM1L","turquoise"
"4340","ERCC6L2","turquoise"
"4343","C16orf58","turquoise"
"4351","RTN2","turquoise"
"4352","ZNF773","turquoise"
"4353","SLU7","turquoise"
"4358","ALG8","turquoise"
"4373","KLRF1","turquoise"
"4379","MAGEB6","turquoise"
"4383","PNLIP","turquoise"
"4387","UCP2","turquoise"
"4393","RRP15","turquoise"
"4399","PRSS3","turquoise"
"4404","EIF4A2","turquoise"
"4407","WFDC6","turquoise"
"4410","ATP5C1","turquoise"
"4413","IGLON5","turquoise"
"4414","NFATC3","turquoise"
"4415","LOC650293","turquoise"
"4420","KIR2DL5A","turquoise"
"4421","POLDIP3","turquoise"
"4422","IGIP","turquoise"
"4425","ZC3H7B","turquoise"
"4432","WDR34","turquoise"
"4436","HMBS","turquoise"
"4444","GPR162","turquoise"
"4445","SPATA17","turquoise"
"4455","GNPNAT1","turquoise"
"4457","OR6A2","turquoise"
"4466","CRYBA4","turquoise"
"4468","CFAP161","turquoise"
"4474","ZC3H14","turquoise"
"4480","THAP2","turquoise"
"4482","SLCO4C1","turquoise"
"4484","HIST1H2AG","turquoise"
"4490","INTS2","turquoise"
"4496","APBA3","turquoise"
"4499","UTP14C","turquoise"
"4504","ZNF462","turquoise"
"4510","CDK20","turquoise"
"4512","KIR2DS2","turquoise"
"4518","GJA8","turquoise"
"4523","CCDC58","turquoise"
"4527","RPS10","turquoise"
"4529","FGFBP3","turquoise"
"4532","ORC5","turquoise"
"4536","GAS7","turquoise"
"4539","MRPL47","turquoise"
"4550","APOL6","turquoise"
"4557","SEC14L5","turquoise"
"4559","USP12","turquoise"
"4563","LGALS2","turquoise"
"4564","RXRA","turquoise"
"4568","SCFD1","turquoise"
"4578","MRPL40","turquoise"
"4581","OSBPL11","turquoise"
"4582","DHX8","turquoise"
"4586","SNX20","turquoise"
"4588","TNIK","turquoise"
"4590","ZFX","turquoise"
"4593","ALDH7A1","turquoise"
"4596","SEMA4D","turquoise"
"4597","ETS1","turquoise"
"4604","CPT1A","turquoise"
"4606","DPCR1","turquoise"
"4616","TFEC","turquoise"
"4625","SEPHS2","turquoise"
"4626","CD226","turquoise"
"4629","ABCB7","turquoise"
"4634","KLC4","turquoise"
"4639","BTN3A1","turquoise"
"4640","PIK3C3","turquoise"
"4642","RP9","turquoise"
"4646","SLC25A22","turquoise"
"4650","ITGA6","turquoise"
"4653","LPGAT1","turquoise"
"4655","AMBN","turquoise"
"4669","IL27RA","turquoise"
"4671","CYB5R4","turquoise"
"4677","HNRNPA1L2","turquoise"
"4680","PHOSPHO1","turquoise"
"4684","PVRIG","turquoise"
"4688","ADIPOR1","turquoise"
"4693","LST1","turquoise"
"4696","ZMYM4","turquoise"
"4697","SNW1","turquoise"
"4698","MYL2","turquoise"
"4700","FCER1A","turquoise"
"4703","VWA8","turquoise"
"4707","LRRC42","turquoise"
"4710","OR1L8","turquoise"
"4715","APOA2","turquoise"
"4716","CAMP","turquoise"
"4717","ATXN7","turquoise"
"4721","UBQLN1","turquoise"
"4725","RECK","turquoise"
"4728","TMEM198","turquoise"
"4734","HIST1H2BH","turquoise"
"4740","MSX2P1","turquoise"
"4742","DNAJC18","turquoise"
"4743","PTDSS1","turquoise"
"4744","ZNF221","turquoise"
"4755","PPP1R9B","turquoise"
"4761","ARHGAP19","turquoise"
"4762","CD27","turquoise"
"4764","C17orf58","turquoise"
"4767","TNFRSF12A","turquoise"
"4772","DRD5","turquoise"
"4775","ZNF329","turquoise"
"4776","COQ7","turquoise"
"4777","CTSC","turquoise"
"4780","ATP1A3","turquoise"
"4781","C1QTNF6","turquoise"
"4791","DPEP2","turquoise"
"4792","ACTR8","turquoise"
"4796","DHDH","turquoise"
"4803","NIPA1","turquoise"
"4809","SCD","turquoise"
"4812","GIMAP2","turquoise"
"4818","BTRC","turquoise"
"4834","FSCN3","turquoise"
"4835","KIAA1755","turquoise"
"4837","HLA-DRA","turquoise"
"4838","NAE1","turquoise"
"4839","ARID5A","turquoise"
"4841","TMEM5","turquoise"
"4843","RPLP1","turquoise"
"4844","IL1RN","turquoise"
"4847","ARHGEF10L","turquoise"
"4850","DUSP13","turquoise"
"4854","C5AR1","turquoise"
"4859","GPR89A","turquoise"
"4867","PLEKHO2","turquoise"
"4868","RRP9","turquoise"
"4876","TNNI1","turquoise"
"4894","CER1","turquoise"
"4900","BATF2","turquoise"
"4904","SNAI3","turquoise"
"4906","ZNF354C","turquoise"
"4914","PRKACB","turquoise"
"4918","LTA4H","turquoise"
"4920","PDZD11","turquoise"
"4925","GFI1","turquoise"
"4926","TMEM241","turquoise"
"4928","SLC35G1","turquoise"
"4931","KIAA0895","turquoise"
"4940","GZMM","turquoise"
"4947","SLC9A8","turquoise"
"4948","SATB1","turquoise"
"4955","CTPS2","turquoise"
"4961","EGF","turquoise"
"4964","TREML1","turquoise"
"4969","AKAP5","turquoise"
"4970","VAPA","turquoise"
"4971","TNKS1BP1","turquoise"
"4972","AGER","turquoise"
"4978","KLHL41","turquoise"
"4981","TRERF1","turquoise"
"4982","CCR6","turquoise"
"4984","SP100","turquoise"
"4988","TYMP","turquoise"
"4998","SLC22A18AS","turquoise"
"4999","FCRLA","turquoise"
"5004","PIGN","turquoise"
"5005","DNTTIP1","turquoise"
"5012","CLSPN","turquoise"
"5017","UIMC1","turquoise"
"5021","C20orf197","turquoise"
"5024","NAT8B","turquoise"
"5026","KLRC3","turquoise"
"5034","NME8","turquoise"
"5038","IL7R","turquoise"
"5043","ZBTB11","turquoise"
"5045","BAMBI","turquoise"
"5053","DTX2","turquoise"
"5055","GTF2H2","turquoise"
"5057","TJP1","turquoise"
"5058","CXCR2P1","turquoise"
"5061","NIPAL4","turquoise"
"5063","LAT","turquoise"
"5064","SNORD26","turquoise"
"5067","CCDC140","turquoise"
"5069","METTL5","turquoise"
"5084","RHBDF2","turquoise"
"5086","PARP14","turquoise"
"5091","C2CD3","turquoise"
"5097","KIR2DS5","turquoise"
"5103","LIN7C","turquoise"
"5106","10-Sep","turquoise"
"5109","TAGLN2","turquoise"
"5121","OR2H1","turquoise"
"5123","FAM126A","turquoise"
"5126","SLC7A6OS","turquoise"
"5129","KIF21B","turquoise"
"5133","TBX6","turquoise"
"5135","USO1","turquoise"
"5142","RNF103","turquoise"
"5145","DOK3","turquoise"
"5146","TRIM7","turquoise"
"5153","MYO1G","turquoise"
"5154","ALOX12B","turquoise"
"5156","ZNF662","turquoise"
"5159","IRAK4","turquoise"
"5169","TTC38","turquoise"
"5175","SH3BP1","turquoise"
"5180","ZNF263","turquoise"
"5181","MYH2","turquoise"
"5194","TTYH3","turquoise"
"5196","DENND3","turquoise"
"5197","VMP1","turquoise"
"5199","DPAGT1","turquoise"
"5200","PRPF39","turquoise"
"5212","IL9R","turquoise"
"5218","CCDC90B","turquoise"
"5221","BICD1","turquoise"
"5224","FGL2","turquoise"
"5230","ELAC1","turquoise"
"5231","SDC4P","turquoise"
"5235","SPAG17","turquoise"
"5239","BUB3","turquoise"
"5240","ACAN","turquoise"
"5242","PI3","turquoise"
"5246","CENPH","turquoise"
"5247","SMIM12","turquoise"
"5248","ZC3H7A","turquoise"
"5250","KIAA0513","turquoise"
"5251","ZNF296","turquoise"
"5255","GNG8","turquoise"
"5256","SUSD2","turquoise"
"5258","POMP","turquoise"
"5261","ITFG1","turquoise"
"5262","TMBIM6","turquoise"
"5265","SMIM8","turquoise"
"5266","TMEM19","turquoise"
"5274","BCKDK","turquoise"
"5276","KLHL28","turquoise"
"5278","RPN2","turquoise"
"5279","TNNC2","turquoise"
"5280","NME1-NME2","turquoise"
"5283","GAL3ST4","turquoise"
"5291","CD300A","turquoise"
"5295","ZNF287","turquoise"
"5297","GRM2","turquoise"
"5301","FES","turquoise"
"5302","POMGNT1","turquoise"
"5312","CTSE","turquoise"
"5315","ZNF432","turquoise"
"5318","HAVCR2","turquoise"
"5319","LACTB","turquoise"
"5320","HHAT","turquoise"
"5323","GMPPA","turquoise"
"5328","HAT1","turquoise"
"5341","SESN3","turquoise"
"5346","IFITM4P","turquoise"
"5347","EFCAB2","turquoise"
"5351","LRRTM1","turquoise"
"5353","CYTH1","turquoise"
"5358","C4orf45","turquoise"
"5366","PLEKHO1","turquoise"
"5380","CRHR2","turquoise"
"5385","MSR1","turquoise"
"5398","TCIRG1","turquoise"
"5415","CNDP1","turquoise"
"5424","RPS29","turquoise"
"5430","GCHFR","turquoise"
"5433","PANX2","turquoise"
"5435","PYDC1","turquoise"
"5436","DSPP","turquoise"
"5438","TERF1","turquoise"
"5439","APPBP2","turquoise"
"5441","TAF2","turquoise"
"5447","ASGR2","turquoise"
"5451","DDX20","turquoise"
"5457","CD2","turquoise"
"5460","SLC38A5","turquoise"
"5462","ZNF101","turquoise"
"5470","CA4","turquoise"
"5471","SCRIB","turquoise"
"5472","GYPE","turquoise"
"5473","ANGPTL3","turquoise"
"5475","SHOX","turquoise"
"5479","MAPRE2","turquoise"
"5483","C7orf69","turquoise"
"5484","HLA-DMA","turquoise"
"5490","BMF","turquoise"
"5492","RNF166","turquoise"
"5499","ASF1B","turquoise"
"5507","MRPL10","turquoise"
"5509","PLD4","turquoise"
"5513","MS4A3","turquoise"
"5522","KRT3","turquoise"
"5524","PTPN22","turquoise"
"5528","H3F3B","turquoise"
"5532","C1QTNF8","turquoise"
"5538","KRT72","turquoise"
"5540","PPP1CA","turquoise"
"5541","TTYH2","turquoise"
"5543","PARVG","turquoise"
"5548","TIGD3","turquoise"
"5550","ZFP1","turquoise"
"5558","CLK3","turquoise"
"5559","SLC12A9","turquoise"
"5565","GNAI3","turquoise"
"5573","SMYD1","turquoise"
"5575","SLC8A3","turquoise"
"5583","EIF4E","turquoise"
"5585","GLTSCR1L","turquoise"
"5589","MON1A","turquoise"
"5591","HBQ1","turquoise"
"5592","PYGL","turquoise"
"5599","MAP3K2","turquoise"
"5601","ZNF653","turquoise"
"5604","LY6G6D","turquoise"
"5606","IMPAD1","turquoise"
"5607","CACNA2D4","turquoise"
"5608","GUF1","turquoise"
"5613","GHRL","turquoise"
"5616","IL6R","turquoise"
"5622","SPI1","turquoise"
"5623","ROPN1L","turquoise"
"5626","JRKL","turquoise"
"5627","AHSP","turquoise"
"5636","ORM1","turquoise"
"5652","ZNF280C","turquoise"
"5655","TLE4","turquoise"
"5656","C14orf166","turquoise"
"5665","SEPSECS","turquoise"
"5667","PARS2","turquoise"
"5668","RGS14","turquoise"
"5670","TGFBRAP1","turquoise"
"5674","NLRP3","turquoise"
"5682","TTLL2","turquoise"
"5688","C9orf78","turquoise"
"5690","GFAP","turquoise"
"5692","NT5E","turquoise"
"5695","RHCE","turquoise"
"5698","NCF1","turquoise"
"5699","GNAT1","turquoise"
"5702","HOXC11","turquoise"
"5705","TNFRSF14","turquoise"
"5707","RBFOX2","turquoise"
"5716","PRR5L","turquoise"
"5718","DHX29","turquoise"
"5721","RNF10","turquoise"
"5723","BRCC3","turquoise"
"5727","SASH3","turquoise"
"5728","G6PD","turquoise"
"5745","IL37","turquoise"
"5747","EWSR1","turquoise"
"5762","ATP2A3","turquoise"
"5763","MS4A1","turquoise"
"5765","CXorf38","turquoise"
"5767","WBP4","turquoise"
"5769","APOBR","turquoise"
"5772","KIAA0930","turquoise"
"5776","TRIM38","turquoise"
"5788","ANXA2P1","turquoise"
"5799","SCML2","turquoise"
"5801","TRAF1","turquoise"
"5811","DBNL","turquoise"
"5817","LRRC37A4P","turquoise"
"5820","CD84","turquoise"
"5823","ORMDL1","turquoise"
"5827","PALM2","turquoise"
"5828","SYAP1","turquoise"
"5832","SDHD","turquoise"
"5837","RCN1","turquoise"
"5839","KRTAP4-12","turquoise"
"5842","COG5","turquoise"
"5845","HPF1","turquoise"
"5849","FRMD3","turquoise"
"5851","FGD4","turquoise"
"5852","SEC31B","turquoise"
"5858","NLRX1","turquoise"
"5859","PRDM13","turquoise"
"5861","NADK2","turquoise"
"5865","CHRNA2","turquoise"
"5870","CMTM7","turquoise"
"5874","BTN1A1","turquoise"
"5875","ASXL2","turquoise"
"5879","MAP3K7CL","turquoise"
"5881","GPATCH2L","turquoise"
"5883","COPB1","turquoise"
"5886","ITK","turquoise"
"5891","PDXDC2P","turquoise"
"5895","ZNF649","turquoise"
"5898","TNFRSF10B","turquoise"
"5902","IFIT1","turquoise"
"5903","EPHA2","turquoise"
"5909","ZNF146","turquoise"
"5915","PHF21A","turquoise"
"5916","PHF7","turquoise"
"5917","SLC8A1","turquoise"
"5919","PCSK7","turquoise"
"5924","PPIAL4C","turquoise"
"5928","ASB3","turquoise"
"5929","MMP25","turquoise"
"5940","STRADA","turquoise"
"5941","CXCR5","turquoise"
"5956","HRAS","turquoise"
"5962","CRTC1","turquoise"
"5965","GRIN3B","turquoise"
"5969","OR2M5","turquoise"
"5972","IL12RB1","turquoise"
"5974","HCST","turquoise"
"5979","LCK","turquoise"
"5988","BTN3A3","turquoise"
"5995","VPREB3","turquoise"
"5997","NIPSNAP3A","turquoise"
"5998","LARS2","turquoise"
"6000","TMEM135","turquoise"
"6009","ZNF815P","turquoise"
"6016","ZWILCH","turquoise"
"6023","HLA-DOB","turquoise"
"6035","C7orf34","turquoise"
"6041","CHAD","turquoise"
"6044","ETV7","turquoise"
"6045","CD99L2","turquoise"
"6047","SLC44A1","turquoise"
"6051","KRTCAP3","turquoise"
"6052","FAM214A","turquoise"
"6056","PSKH1","turquoise"
"6062","SLK","turquoise"
"6063","PMS1","turquoise"
"6068","BMI1","turquoise"
"6084","TATDN1","turquoise"
"6088","GPCPD1","turquoise"
"6089","GBP1","turquoise"
"6093","PTEN","turquoise"
"6098","C2orf71","turquoise"
"6104","SH2D1B","turquoise"
"6108","TREM2","turquoise"
"6114","LURAP1L","turquoise"
"6115","NUP35","turquoise"
"6117","STRADB","turquoise"
"6123","OR2L13","turquoise"
"6138","UPK3B","turquoise"
"6139","RPS20","turquoise"
"6140","ALPL","turquoise"
"6141","TBC1D8B","turquoise"
"6143","RARRES3","turquoise"
"6144","CDC73","turquoise"
"6145","SCO2","turquoise"
"6148","C9orf170","turquoise"
"6151","SLC8B1","turquoise"
"6164","KLHL2","turquoise"
"6169","C9orf50","turquoise"
"6173","CD300C","turquoise"
"6174","DCANP1","turquoise"
"6177","SNCA","turquoise"
"6180","GPR34","turquoise"
"6183","SLC9A4","turquoise"
"6189","ROPN1B","turquoise"
"6205","GLO1","turquoise"
"6207","SAPCD2","turquoise"
"6213","CECR6","turquoise"
"6218","HDHD2","turquoise"
"6221","DOCK10","turquoise"
"6225","BRD8","turquoise"
"6231","LILRA4","turquoise"
"6232","ZC3H3","turquoise"
"6237","SLC35D3","turquoise"
"6239","SOX30","turquoise"
"6249","CD244","turquoise"
"6251","NSRP1","turquoise"
"6253","CCDC172","turquoise"
"6255","KCNA3","turquoise"
"6263","MTRR","turquoise"
"6266","APOBEC3F","turquoise"
"6268","KLC3","turquoise"
"6269","CATSPERD","turquoise"
"6277","SEMA4A","turquoise"
"6279","OR4E2","turquoise"
"6280","B3GNTL1","turquoise"
"6283","OR52W1","turquoise"
"6287","PSMD1","turquoise"
"6292","THUMPD1","turquoise"
"6295","NLRP6","turquoise"
"6304","AKAP7","turquoise"
"6306","CREB3","turquoise"
"6309","NFS1","turquoise"
"6331","SBF1","turquoise"
"6332","SP140","turquoise"
"6335","TMEM259","turquoise"
"6336","TWF2","turquoise"
"6340","ARL6","turquoise"
"6341","PTGDR2","turquoise"
"6342","PSTPIP1","turquoise"
"6344","CHRNE","turquoise"
"6354","ZNF658","turquoise"
"6357","ATF6","turquoise"
"6359","ARHGEF2","turquoise"
"6360","LMO4","turquoise"
"6363","AIF1","turquoise"
"6366","GLTSCR2","turquoise"
"6368","DNAJC17","turquoise"
"6371","PPIB","turquoise"
"6372","EEF1D","turquoise"
"6373","TMEM82","turquoise"
"6374","TNIP1","turquoise"
"6375","FCGR3A","turquoise"
"6380","KRTAP5-10","turquoise"
"6382","AATF","turquoise"
"6384","CEP192","turquoise"
"6388","AWAT2","turquoise"
"6390","RAPH1","turquoise"
"6391","DYNC1LI1","turquoise"
"6392","EFNB2","turquoise"
"6398","TBC1D9","turquoise"
"6403","ADORA2B","turquoise"
"6409","IL36A","turquoise"
"6412","TMEM207","turquoise"
"6415","NOP16","turquoise"
"6418","ACTL8","turquoise"
"6419","RBM38","turquoise"
"6422","PSMA6","turquoise"
"6431","PSKH2","turquoise"
"6435","C1orf27","turquoise"
"6436","MAX","turquoise"
"6437","DTD2","turquoise"
"6440","RANGRF","turquoise"
"6445","IL2","turquoise"
"6449","ZNF138","turquoise"
"6463","KRT25","turquoise"
"6469","OR10A5","turquoise"
"6476","SLC1A7","turquoise"
"6486","FUOM","turquoise"
"6490","ARL4A","turquoise"
"6491","OR2A12","turquoise"
"6492","MYO1A","turquoise"
"6493","PGLYRP1","turquoise"
"6497","PPCDC","turquoise"
"6498","GPN3","turquoise"
"6504","SEH1L","turquoise"
"6511","FNDC3A","turquoise"
"6512","NUMB","turquoise"
"6514","DHRS7C","turquoise"
"6520","MPO","turquoise"
"6538","FCGRT","turquoise"
"6546","PDK2","turquoise"
"6548","CBLL1","turquoise"
"6549","TRIM58","turquoise"
"6551","ARHGAP36","turquoise"
"6552","PIK3CA","turquoise"
"6553","RDH14","turquoise"
"6554","CAMK1D","turquoise"
"6561","CFL1","turquoise"
"6562","ACR","turquoise"
"6565","DMXL2","turquoise"
"6570","NRGN","turquoise"
"6575","IMPDH2","turquoise"
"6576","ARHGEF40","turquoise"
"6594","XIRP2","turquoise"
"6596","SH2D1A","turquoise"
"6597","ATXN10","turquoise"
"6601","LONRF1","turquoise"
"6606","KANK1","turquoise"
"6608","ENTPD8","turquoise"
"6609","CS","turquoise"
"6611","HECTD1","turquoise"
"6613","HN1L","turquoise"
"6618","ECT2L","turquoise"
"6620","TLR4","turquoise"
"6626","PTGDR","turquoise"
"6629","AGO4","turquoise"
"6643","RRNAD1","turquoise"
"6650","BARHL2","turquoise"
"6654","ZNF454","turquoise"
"6656","CSNK1G2","turquoise"
"6658","KDM3B","turquoise"
"6659","TRMT61B","turquoise"
"6663","DLAT","turquoise"
"6666","PXYLP1","turquoise"
"6668","ELANE","turquoise"
"6671","MB21D1","turquoise"
"6676","TAS2R16","turquoise"
"6677","MAPK1","turquoise"
"6681","ZNF571","turquoise"
"6688","TRPM5","turquoise"
"6697","OPHN1","turquoise"
"6698","SMDT1","turquoise"
"6704","TIMM22","turquoise"
"6705","KIAA1217","turquoise"
"6706","ADAR","turquoise"
"6707","ATF7","turquoise"
"6712","SALL3","turquoise"
"6717","DENND2D","turquoise"
"6724","AGMAT","turquoise"
"6725","HIST3H3","turquoise"
"6733","KRTAP10-2","turquoise"
"6736","PLBD1","turquoise"
"6738","KLF1","turquoise"
"6739","IKBKG","turquoise"
"6743","TASP1","turquoise"
"6744","KLRC2","turquoise"
"6745","ARPC4","turquoise"
"6746","MSTO1","turquoise"
"6747","BTG3","turquoise"
"6749","TUSC1","turquoise"
"6753","SLC2A7","turquoise"
"6757","CPLX4","turquoise"
"6763","ZBTB44","turquoise"
"6770","AFMID","turquoise"
"6771","GAREM1","turquoise"
"6774","TNIP3","turquoise"
"6775","RGN","turquoise"
"6783","MPDZ","turquoise"
"6802","RUFY2","turquoise"
"6806","HELB","turquoise"
"6809","CARD17","turquoise"
"6810","MICB","turquoise"
"6811","LANCL2","turquoise"
"6812","FAM210B","turquoise"
"6813","TMEM8B","turquoise"
"6819","PANK2","turquoise"
"6826","BHLHB9","turquoise"
"6829","BPIFC","turquoise"
"6831","KPNA2","turquoise"
"6832","EIF3A","turquoise"
"6834","PZP","turquoise"
"6839","LILRB1","turquoise"
"6840","NR1D1","turquoise"
"6845","ALAS2","turquoise"
"6848","DNTTIP2","turquoise"
"6849","ADAM8","turquoise"
"6852","IRF1","turquoise"
"6857","ARL6IP1","turquoise"
"6859","GPR150","turquoise"
"6863","CNN2","turquoise"
"6867","NFATC2IP","turquoise"
"6874","RDX","turquoise"
"6875","ZNF771","turquoise"
"6876","RWDD4","turquoise"
"6878","RABGAP1L","turquoise"
"6879","H2AFJ","turquoise"
"6883","GNLY","turquoise"
"6885","ZNF627","turquoise"
"6888","EAF2","turquoise"
"6893","CSNK1E","turquoise"
"6894","LRRC3B","turquoise"
"6895","RAB20","turquoise"
"6897","RASSF4","turquoise"
"6910","MYBPC1","turquoise"
"6929","CHM","turquoise"
"6931","ANO8","turquoise"
"6933","PURA","turquoise"
"6938","GPR155","turquoise"
"6939","CLEC4A","turquoise"
"6944","RNF170","turquoise"
"6966","YAP1","turquoise"
"6969","RTEL1","turquoise"
"6970","ATP2A1","turquoise"
"6974","SNORA64","turquoise"
"6993","RAC2","turquoise"
"6995","C6orf25","turquoise"
"6996","NMRAL1","turquoise"
"6997","SLC35A5","turquoise"
"6998","AOAH","turquoise"
"7000","KCNJ13","turquoise"
"7002","TRIML1","turquoise"
"7005","LOC400997","turquoise"
"7008","LYRM7","turquoise"
"7013","CD79B","turquoise"
"7017","TMEM181","turquoise"
"7018","ZBTB46","turquoise"
"7023","TNFRSF4","turquoise"
"7026","AVEN","turquoise"
"7029","GPR35","turquoise"
"7030","OR1F1","turquoise"
"7031","ZNF385D","turquoise"
"7033","TUBB1","turquoise"
"7041","CLDND1","turquoise"
"7042","MYEF2","turquoise"
"7044","PPIAL4G","turquoise"
"7048","HS3ST6","turquoise"
"7051","TBC1D10C","turquoise"
"7055","BCL3","turquoise"
"7056","ATP8B1","turquoise"
"7057","PARD3","turquoise"
"7067","LETM1","turquoise"
"7076","GZMK","turquoise"
"7078","C2","turquoise"
"7082","KRBOX4","turquoise"
"7091","SLAMF7","turquoise"
"7093","IFI16","turquoise"
"7094","TMEM97","turquoise"
"7097","C1orf111","turquoise"
"7101","NRAP","turquoise"
"7106","DUX1","turquoise"
"7115","VPS37A","turquoise"
"7118","CREB3L4","turquoise"
"7121","C6orf15","turquoise"
"7123","ATN1","turquoise"
"7128","ASB5","turquoise"
"7137","PHF8","turquoise"
"7138","MAP1LC3C","turquoise"
"7143","ZNF319","turquoise"
"7146","STK4","turquoise"
"7150","VN1R2","turquoise"
"7152","UEVLD","turquoise"
"7155","ARHGAP26","turquoise"
"7156","SYNPO","turquoise"
"7157","PRAM1","turquoise"
"7164","MS4A4A","turquoise"
"7167","CD96","turquoise"
"7171","GMFG","turquoise"
"7177","GAS2L2","turquoise"
"7181","PLTP","turquoise"
"7184","NFE2","turquoise"
"7186","DEFB135","turquoise"
"7187","GPBP1","turquoise"
"7194","RNF7","turquoise"
"7198","MYB","turquoise"
"7200","MXD3","turquoise"
"7208","ANKRD17","turquoise"
"7209","RSBN1L","turquoise"
"7218","LRRC8B","turquoise"
"7223","KCNMB3","turquoise"
"7229","ANKRD46","turquoise"
"7238","NCAPH2","turquoise"
"7239","MIS18A","turquoise"
"7240","CKLF","turquoise"
"7243","SERPINB6","turquoise"
"7247","INPP5K","turquoise"
"7248","PCED1B","turquoise"
"7250","KIF20B","turquoise"
"7255","HS3ST2","turquoise"
"7260","CEACAM6","turquoise"
"7266","ZW10","turquoise"
"7280","SASH1","turquoise"
"7285","BPNT1","turquoise"
"7286","MAP7","turquoise"
"7287","GAST","turquoise"
"7293","ERGIC2","turquoise"
"7295","KCNK7","turquoise"
"7297","ZNF608","turquoise"
"7300","VWA7","turquoise"
"7304","HSPH1","turquoise"
"7314","DUSP2","turquoise"
"7316","YIF1A","turquoise"
"7318","CDC34","turquoise"
"7325","PSTPIP2","turquoise"
"7333","MRPL3","turquoise"
"7335","USP16","turquoise"
"7337","SMARCA5","turquoise"
"7343","FAM46C","turquoise"
"7347","DGCR2","turquoise"
"7351","RPL13A","turquoise"
"7352","EIF2B2","turquoise"
"7359","HBZ","turquoise"
"7361","ENOX1","turquoise"
"7368","ZNF205","turquoise"
"7374","LAMP5","turquoise"
"7375","OR14J1","turquoise"
"7376","PRKCB","turquoise"
"7378","ATM","turquoise"
"7380","TSNAX","turquoise"
"7384","DHX32","turquoise"
"7387","ALOX12","turquoise"
"7388","CORO1A","turquoise"
"7392","OPRL1","turquoise"
"7393","UBE2J1","turquoise"
"7398","ECI2","turquoise"
"7402","PMFBP1","turquoise"
"7404","TSR3","turquoise"
"7409","LITAF","turquoise"
"7411","GOLGA6D","turquoise"
"7413","SDF2","turquoise"
"7420","SLC9A5","turquoise"
"7422","PLCB3","turquoise"
"7424","FAM101B","turquoise"
"7426","KLHL8","turquoise"
"7427","DGKH","turquoise"
"7428","RMND5A","turquoise"
"7432","NAIF1","turquoise"
"7434","PON2","turquoise"
"7437","CYB5A","turquoise"
"7442","SLC16A13","turquoise"
"7443","AGRP","turquoise"
"7445","MSANTD3","turquoise"
"7457","PSEN2","turquoise"
"7464","SLC6A9","turquoise"
"7468","ZNF436","turquoise"
"7487","RASGRP4","turquoise"
"7488","FAM209B","turquoise"
"7493","TMEM184C","turquoise"
"7497","YIPF5","turquoise"
"7502","RPIA","turquoise"
"7515","PLA2G12A","turquoise"
"7524","AQP9","turquoise"
"7525","TANK","turquoise"
"7530","CCR7","turquoise"
"7531","HLA-DRB1","turquoise"
"7532","RPS6KA1","turquoise"
"7536","USP8","turquoise"
"7538","PTPN7","turquoise"
"7545","AIMP1","turquoise"
"7554","GPR174","turquoise"
"7555","NUP188","turquoise"
"7556","SELP","turquoise"
"7559","FREM1","turquoise"
"7560","SOSTDC1","turquoise"
"7565","ZDHHC21","turquoise"
"7566","TRAIP","turquoise"
"7572","ZC3H11A","turquoise"
"7573","BOP1","turquoise"
"7576","IL23A","turquoise"
"7586","HIPK4","turquoise"
"7596","SSNA1","turquoise"
"7599","SLC25A53","turquoise"
"7604","DOCK1","turquoise"
"7606","OGFRL1","turquoise"
"7610","PIK3R4","turquoise"
"7611","CRYBB1","turquoise"
"7618","SLC25A37","turquoise"
"7622","SDPR","turquoise"
"7634","CBL","turquoise"
"7636","KRT10","turquoise"
"7639","UBAP2","turquoise"
"7641","HIST1H2BG","turquoise"
"7657","CKAP5","turquoise"
"7658","VPS50","turquoise"
"7661","PRIMPOL","turquoise"
"7664","ATL2","turquoise"
"7667","ADRA1D","turquoise"
"7668","ATF7IP","turquoise"
"7674","RBP7","turquoise"
"7681","NAGK","turquoise"
"7684","INTU","turquoise"
"7685","NME7","turquoise"
"7688","NSMAF","turquoise"
"7690","URAD","turquoise"
"7691","RUNX2","turquoise"
"7694","NLRC5","turquoise"
"7696","BOD1","turquoise"
"7698","CD80","turquoise"
"7699","PRKAG3","turquoise"
"7708","ACSF3","turquoise"
"7724","RNASE8","turquoise"
"7727","LILRA2","turquoise"
"7728","ZSCAN1","turquoise"
"7732","RTP5","turquoise"
"7734","ZNF561","turquoise"
"7737","ZSCAN5B","turquoise"
"7739","DNAJC16","turquoise"
"7747","ECT2","turquoise"
"7748","MTMR6","turquoise"
"7751","CD3G","turquoise"
"7756","FBXL21","turquoise"
"7757","HLA-DRB3","turquoise"
"7761","NFKBIE","turquoise"
"7763","VAV1","turquoise"
"7764","7-Mar","turquoise"
"7772","GHSR","turquoise"
"7776","CLEC18B","turquoise"
"7779","AP5B1","turquoise"
"7782","SIK1","turquoise"
"7792","TIAL1","turquoise"
"7793","CALML4","turquoise"
"7797","PRKCE","turquoise"
"7799","RNF24","turquoise"
"7800","EIF1AD","turquoise"
"7814","SPTA1","turquoise"
"7815","DGKE","turquoise"
"7821","C5orf47","turquoise"
"7826","LIPA","turquoise"
"7828","CASP9","turquoise"
"7829","AGTPBP1","turquoise"
"7831","HOXB1","turquoise"
"7833","MAGEA12","turquoise"
"7834","OTOR","turquoise"
"7836","MAP2K5","turquoise"
"7837","ECHS1","turquoise"
"7850","TAS2R3","turquoise"
"7851","ATG5","turquoise"
"7864","INTS7","turquoise"
"7865","LOR","turquoise"
"7871","UPK3A","turquoise"
"7872","AKR7A3","turquoise"
"7876","ITIH4","turquoise"
"7880","CDKN1C","turquoise"
"7887","TSPAN32","turquoise"
"7891","ZBTB26","turquoise"
"7896","ERAL1","turquoise"
"7897","FAM217B","turquoise"
"7905","XCL1","turquoise"
"7906","SMC3","turquoise"
"7907","AKAP10","turquoise"
"7914","UQCRC2","turquoise"
"7915","KCNK1","turquoise"
"7922","SOX5","turquoise"
"7934","BEST1","turquoise"
"7935","DAZAP2","turquoise"
"7939","LSM3","turquoise"
"7945","C18orf8","turquoise"
"7946","UBE3D","turquoise"
"7953","BRMS1","turquoise"
"7959","TULP3","turquoise"
"7961","FBL","turquoise"
"7963","ZNF616","turquoise"
"7971","MROH2B","turquoise"
"7978","NRBF2","turquoise"
"7980","FH","turquoise"
"7982","CD1D","turquoise"
"7983","CRIP3","turquoise"
"7985","MSH3","turquoise"
"7987","CTTNBP2NL","turquoise"
"7995","MYOM3","turquoise"
"7997","CCT6A","turquoise"
"7999","RABEP1","turquoise"
"8000","SLC27A3","turquoise"
"8005","MSRB1","turquoise"
"8007","MOB3C","turquoise"
"8008","NFKBIZ","turquoise"
"8010","PTGES3","turquoise"
"8013","FBN3","turquoise"
"8019","PHLDB2","turquoise"
"8023","GRIPAP1","turquoise"
"8026","KIAA1804","turquoise"
"8028","TLR10","turquoise"
"8038","HAL","turquoise"
"8041","CCL2","turquoise"
"8045","SREK1","turquoise"
"8046","PCP2","turquoise"
"8047","PTPRO","turquoise"
"8048","GMNN","turquoise"
"8063","PRR30","turquoise"
"8067","SLC25A46","turquoise"
"8068","PTS","turquoise"
"8073","ZNF420","turquoise"
"8080","KMT2E","turquoise"
"8095","OR2T6","turquoise"
"8096","SYTL3","turquoise"
"8103","TRIM72","turquoise"
"8106","STX11","turquoise"
"8109","ZFP36","turquoise"
"8115","ABRACL","turquoise"
"8123","TULP4","turquoise"
"8130","SRFBP1","turquoise"
"8131","SAMHD1","turquoise"
"8132","RHEBL1","turquoise"
"8134","MS4A6A","turquoise"
"8136","SP4","turquoise"
"8140","C14orf159","turquoise"
"8141","HLA-C","turquoise"
"8149","GRPEL2","turquoise"
"8150","HTR5A","turquoise"
"8156","KRT75","turquoise"
"8163","ZNF276","turquoise"
"8164","MOB3A","turquoise"
"8166","KRT6B","turquoise"
"8173","VSX2","turquoise"
"8174","RANBP1","turquoise"
"8184","C12orf40","turquoise"
"8186","OR5P2","turquoise"
"8187","TBX15","turquoise"
"8188","EMC10","turquoise"
"8193","ZNF654","turquoise"
"8194","P2RY4","turquoise"
"8198","GPR171","turquoise"
"8201","FNTA","turquoise"
"8203","USP6","turquoise"
"8209","IL18RAP","turquoise"
"8214","GDAP1","turquoise"
"8218","ITGA2B","turquoise"
"8219","CTNNAL1","turquoise"
"8227","CARD11","turquoise"
"8231","KIAA1586","turquoise"
"8234","ARMC1","turquoise"
"8236","RNF217","turquoise"
"8237","TP53TG5","turquoise"
"8241","CASP5","turquoise"
"8245","MBOAT7","turquoise"
"8249","IL17REL","turquoise"
"8261","CHRAC1","turquoise"
"8263","HRH2","turquoise"
"8272","OR4L1","turquoise"
"8274","KIR2DS1","turquoise"
"8275","OR8U8","turquoise"
"8276","CCNT2","turquoise"
"8279","KDM3A","turquoise"
"8282","NEUROD6","turquoise"
"8286","CD163","turquoise"
"8290","RAD23B","turquoise"
"8296","BMP2","turquoise"
"8299","ROGDI","turquoise"
"8303","VPS72","turquoise"
"8306","PLCD3","turquoise"
"8308","CDKN1B","turquoise"
"8313","MRPL46","turquoise"
"8316","VGLL2","turquoise"
"8318","PPP2CA","turquoise"
"8328","USP47","turquoise"
"8329","TLR5","turquoise"
"8330","CD72","turquoise"
"8332","MAP3K1","turquoise"
"8341","CLEC4F","turquoise"
"8342","IPO9","turquoise"
"8354","GPR55","turquoise"
"8355","SPINT4","turquoise"
"8366","PFKFB2","turquoise"
"8374","CD1A","turquoise"
"8396","PBRM1","turquoise"
"8398","CSNK2A2","turquoise"
"8404","IFI44L","turquoise"
"8405","BEND7","turquoise"
"8406","TARP","turquoise"
"8407","LXN","turquoise"
"8409","PILRB","turquoise"
"8412","SOWAHC","turquoise"
"8416","PLCB2","turquoise"
"8417","MAP3K14","turquoise"
"8422","ORAI1","turquoise"
"8426","NPEPL1","turquoise"
"8430","FUT7","turquoise"
"8431","GRN","turquoise"
"8434","LYPD2","turquoise"
"8438","NLE1","turquoise"
"8439","CACNG1","turquoise"
"8446","MFRP","turquoise"
"8453","TACC3","turquoise"
"8455","SELL","turquoise"
"8458","GCAT","turquoise"
"8459","CARD16","turquoise"
"8463","PSPC1","turquoise"
"8464","LYSMD2","turquoise"
"8466","DBX2","turquoise"
"8467","LY96","turquoise"
"8473","CD3D","turquoise"
"8478","ACAD8","turquoise"
"8479","RIOK3","turquoise"
"8484","TFR2","turquoise"
"8493","PCBP2","turquoise"
"8499","C14orf93","turquoise"
"8510","CCDC12","turquoise"
"8513","CTHRC1","turquoise"
"8515","EEF1E1","turquoise"
"8516","XPO1","turquoise"
"8520","POLN","turquoise"
"8523","TBCE","turquoise"
"8524","PITPNM2","turquoise"
"8525","PRKCI","turquoise"
"8528","COG8","turquoise"
"8532","GPR3","turquoise"
"8536","GBP3","turquoise"
"8537","SIGLEC1","turquoise"
"8538","CLDN23","turquoise"
"8544","NELL2","turquoise"
"8545","B2M","turquoise"
"8547","GK","turquoise"
"8549","KCNAB2","turquoise"
"8552","CCL11","turquoise"
"8555","DNAJC5G","turquoise"
"8557","FAM188A","turquoise"
"8562","DEFA3","turquoise"
"8565","ZNF596","turquoise"
"8566","FUT10","turquoise"
"8570","MOV10","turquoise"
"8575","MKNK1","turquoise"
"8576","TNRC6B","turquoise"
"8577","CARNS1","turquoise"
"8587","USP3","turquoise"
"8590","AMIGO2","turquoise"
"8591","HOXC10","turquoise"
"8598","EIF3C","turquoise"
"8599","RAPGEF6","turquoise"
"8602","GPX7","turquoise"
"8604","PAK1IP1","turquoise"
"8610","ITGAX","turquoise"
"8612","MS4A14","turquoise"
"8615","FLOT2","turquoise"
"8616","SERPINI2","turquoise"
"8617","CD1B","turquoise"
"8625","TMEM106B","turquoise"
"8626","KIAA1551","turquoise"
"8627","ST13P4","turquoise"
"8628","AMY1B","turquoise"
"8631","BIN2","turquoise"
"8632","THSD4","turquoise"
"8638","MRPL39","turquoise"
"8645","SH2D6","turquoise"
"8652","LILRA5","turquoise"
"8660","FAM65B","turquoise"
"8665","BEND3","turquoise"
"8668","GTF2H1","turquoise"
"8669","PSME1","turquoise"
"8683","HIST1H3G","turquoise"
"8694","OR51S1","turquoise"
"8698","DXO","turquoise"
"8702","AMMECR1L","turquoise"
"8703","COLGALT1","turquoise"
"8706","DDX19A","turquoise"
"8709","OR10H4","turquoise"
"8711","MYO6","turquoise"
"8717","REST","turquoise"
"8722","DHRS9","turquoise"
"8728","CALU","turquoise"
"8739","CD4","turquoise"
"8742","RMDN3","turquoise"
"8745","NMD3","turquoise"
"8746","OR4S2","turquoise"
"8749","CDC16","turquoise"
"8751","HCLS1","turquoise"
"8767","ZBED8","turquoise"
"8768","OLIG2","turquoise"
"8776","NDUFAF6","turquoise"
"8783","TRIT1","turquoise"
"8787","SYNCRIP","turquoise"
"8789","IDI2","turquoise"
"8791","CASP1","turquoise"
"8798","RAD51B","turquoise"
"8806","ZNF140","turquoise"
"8814","SREK1IP1","turquoise"
"8817","AKR1A1","turquoise"
"8823","PHAX","turquoise"
"8826","TNF","turquoise"
"8827","GNG7","turquoise"
"8838","SLC35G2","turquoise"
"8839","OGFR","turquoise"
"8844","LALBA","turquoise"
"8845","SAA2","turquoise"
"8846","C14orf177","turquoise"
"8847","SBK1","turquoise"
"8850","ACPT","turquoise"
"8851","NHSL2","turquoise"
"8856","CLCN4","turquoise"
"8857","ZNF716","turquoise"
"8859","C19orf38","turquoise"
"8865","GHITM","turquoise"
"8866","ARFGEF1","turquoise"
"8867","CXCL16","turquoise"
"8870","YWHAH","turquoise"
"8871","BAG5","turquoise"
"8877","TTC3","turquoise"
"8879","FCGR3B","turquoise"
"8882","KIAA0196","turquoise"
"8884","GDE1","turquoise"
"8885","SPTY2D1","turquoise"
"8886","COLQ","turquoise"
"8889","IL17RA","turquoise"
"8895","FBP1","turquoise"
"8897","HMP19","turquoise"
"8904","OR4A5","turquoise"
"8906","PRUNE1","turquoise"
"8912","SCO1","turquoise"
"8915","7-Sep","turquoise"
"8917","RPL9","turquoise"
"8923","COL5A2","turquoise"
"8927","NOTCH1","turquoise"
"8930","GPA33","turquoise"
"8935","PDILT","turquoise"
"8936","BEX3","turquoise"
"8937","GRM8","turquoise"
"8941","TPP1","turquoise"
"8946","NMUR1","turquoise"
"8947","RNF130","turquoise"
"8950","USP7","turquoise"
"8954","CHRM2","turquoise"
"8958","C16orf62","turquoise"
"8959","TSPAN9","turquoise"
"8960","EML1","turquoise"
"8962","GMPR","turquoise"
"8963","TRIM41","turquoise"
"8971","REEP4","turquoise"
"8981","HERC5","turquoise"
"8984","SGK3","turquoise"
"8985","S100A8","turquoise"
"8996","ABCA7","turquoise"
"9000","KCNH5","turquoise"
"9005","ACSL6","turquoise"
"9017","TIFAB","turquoise"
"9019","MAGEF1","turquoise"
"9025","DSC1","turquoise"
"9034","TEX19","turquoise"
"9041","OR52K2","turquoise"
"9042","FOLR3","turquoise"
"9048","HLA-DPB2","turquoise"
"9050","NPHP3","turquoise"
"9055","HNRNPDL","turquoise"
"9057","ERICH6","turquoise"
"9060","ARRB1","turquoise"
"9063","RNASE2","turquoise"
"9066","SLC22A15","turquoise"
"9074","ADORA3","turquoise"
"9076","TMEM206","turquoise"
"9080","CCDC73","turquoise"
"9090","PTPRC","turquoise"
"9092","AZU1","turquoise"
"9093","ZNF680","turquoise"
"9097","CDK5R1","turquoise"
"9104","CLEC18C","turquoise"
"9105","OR4C13","turquoise"
"9107","AFAP1L2","turquoise"
"9108","TSPAN6","turquoise"
"9109","TPR","turquoise"
"9110","ERICH1","turquoise"
"9115","TLR1","turquoise"
"9117","NPY","turquoise"
"9124","CR1","turquoise"
"9126","TXNDC9","turquoise"
"9128","ADGRG3","turquoise"
"9137","TECTB","turquoise"
"9139","PARP9","turquoise"
"9140","GZMH","turquoise"
"9143","DPEP3","turquoise"
"9144","ARFGAP3","turquoise"
"9145","CA5A","turquoise"
"9148","OR10H3","turquoise"
"9149","LDLRAD1","turquoise"
"9154","C9orf84","turquoise"
"9156","STMN4","turquoise"
"9162","MARCO","turquoise"
"9163","PAX9","turquoise"
"9168","MS4A12","turquoise"
"9169","RPL26","turquoise"
"9172","RAB3D","turquoise"
"9173","PTPRJ","turquoise"
"9176","UCHL5","turquoise"
"9184","ZNF641","turquoise"
"9189","RIN3","turquoise"
"9192","NINJ2","turquoise"
"9195","ORM2","turquoise"
"9196","KRT33A","turquoise"
"9197","LOC606724","turquoise"
"9203","LY9","turquoise"
"9208","SCYL1","turquoise"
"9217","SUMO1P3","turquoise"
"9220","PPP1R8","turquoise"
"9229","NARS","turquoise"
"9231","GP6","turquoise"
"9234","TAS2R9","turquoise"
"9235","PTK2B","turquoise"
"9236","PADI1","turquoise"
"9244","MAPKAPK3","turquoise"
"9245","OR2AG1","turquoise"
"9248","LRRC40","turquoise"
"9255","TMTC3","turquoise"
"9256","SEC14L1","turquoise"
"9257","TMEM216","turquoise"
"9259","FAM214B","turquoise"
"9261","CRISP1","turquoise"
"9264","FAM71E1","turquoise"
"9266","TRNAU1AP","turquoise"
"9274","ALG9","turquoise"
"9279","IPPK","turquoise"
"9283","LILRB5","turquoise"
"9287","PPP1R18","turquoise"
"9288","RNF169","turquoise"
"9291","PHF20L1","turquoise"
"9295","RAB36","turquoise"
"9298","RALGAPB","turquoise"
"9303","CCDC26","turquoise"
"9304","KIR3DL1","turquoise"
"9310","CYSLTR1","turquoise"
"9313","EIF2A","turquoise"
"9329","KIR3DL3","turquoise"
"9331","SULT1B1","turquoise"
"9333","SPDYE4","turquoise"
"9334","GOLGA3","turquoise"
"9346","TFEB","turquoise"
"9353","MPP1","turquoise"
"9358","PAGE3","turquoise"
"9366","IGF2BP1","turquoise"
"9367","JUP","turquoise"
"9384","FKBP8","turquoise"
"9386","GTF3C4","turquoise"
"9387","BAG1","turquoise"
"9388","SIRPB1","turquoise"
"9389","CCDC186","turquoise"
"9392","LDLRAD2","turquoise"
"9393","TATDN2","turquoise"
"9401","LILRB2","turquoise"
"9404","DUSP18","turquoise"
"9405","MAPRE3","turquoise"
"9410","TPH2","turquoise"
"9414","BNIP1","turquoise"
"9440","FRG1","turquoise"
"9441","CHST13","turquoise"
"9443","GPR65","turquoise"
"9446","LILRA1","turquoise"
"9447","CEP57L1","turquoise"
"9453","HSPA4","turquoise"
"9456","MTHFR","turquoise"
"9457","SELPLG","turquoise"
"9465","TMA16","turquoise"
"9466","ATG2B","turquoise"
"9469","A4GALT","turquoise"
"9475","THEMIS2","turquoise"
"9480","LOC653653","turquoise"
"9482","NCSTN","turquoise"
"9484","PRAMEF10","turquoise"
"9485","CIAPIN1","turquoise"
"9490","ENKUR","turquoise"
"9494","SDAD1","turquoise"
"9502","FAM98A","turquoise"
"9505","ACHE","turquoise"
"9519","AGAP2","turquoise"
"9528","KRT1","turquoise"
"9530","SLC11A1","turquoise"
"9531","FBLN7","turquoise"
"9542","OR2T3","turquoise"
"9543","UTP15","turquoise"
"9545","KLF2","turquoise"
"9547","CNOT4","turquoise"
"9553","CIB3","turquoise"
"9555","MMP8","turquoise"
"9559","SUB1","turquoise"
"9563","LIAS","turquoise"
"9576","FRAT1","turquoise"
"9578","CYP4F3","turquoise"
"9581","CHTOP","turquoise"
"9582","GNMT","turquoise"
"9584","ZNF555","turquoise"
"9586","KCNV1","turquoise"
"9587","POU2F2","turquoise"
"9591","PSMC1","turquoise"
"9596","VWC2","turquoise"
"9598","SECISBP2","turquoise"
"9607","CD74","turquoise"
"9613","TKT","turquoise"
"9627","VPS26B","turquoise"
"9629","GNPTAB","turquoise"
"9631","RB1CC1","turquoise"
"9635","HIST1H2BM","turquoise"
"9639","SKIL","turquoise"
"9640","TMEM140","turquoise"
"9643","ZDHHC23","turquoise"
"9644","TMOD1","turquoise"
"9645","PLB1","turquoise"
"9650","SIGIRR","turquoise"
"9651","SLITRK3","turquoise"
"9653","SOX12","turquoise"
"9655","BRD4","turquoise"
"9656","PHACTR1","turquoise"
"9660","RPL39","turquoise"
"9668","POM121L12","turquoise"
"9670","TRAM1","turquoise"
"9674","SH3BGRL3","turquoise"
"9683","LRRC75B","turquoise"
"9684","TTC16","turquoise"
"9687","SLC25A17","turquoise"
"9688","BCL6","turquoise"
"9691","FNIP1","turquoise"
"9693","GOLGA6B","turquoise"
"9696","PSMD14","turquoise"
"9697","MSH2","turquoise"
"9717","ADAM20","turquoise"
"9722","BARHL1","turquoise"
"9726","PIF1","turquoise"
"9732","C12orf43","turquoise"
"9737","ZNF70","turquoise"
"9739","C1QA","turquoise"
"9742","LSM5","turquoise"
"9744","CDC14C","turquoise"
"9757","ZNF623","turquoise"
"9784","TMEM185A","turquoise"
"9786","SHROOM1","turquoise"
"9789","METTL15","turquoise"
"9790","MICU2","turquoise"
"9791","RNPEP","turquoise"
"9794","TUFM","turquoise"
"9798","G6PC","turquoise"
"9800","TMEM201","turquoise"
"9803","GAGE8","turquoise"
"9804","KEL","turquoise"
"9806","AQP7","turquoise"
"9808","MYD88","turquoise"
"9810","ATAD3A","turquoise"
"9822","SATB2","turquoise"
"9829","FXR2","turquoise"
"9833","GPR180","turquoise"
"9836","SNX4","turquoise"
"9838","MAST3","turquoise"
"9839","TFCP2","turquoise"
"9841","PLP2","turquoise"
"9843","PPP2R5A","turquoise"
"9854","CACHD1","turquoise"
"9855","DEXI","turquoise"
"9859","TROVE2","turquoise"
"9860","ACAA1","turquoise"
"9866","HS2ST1","turquoise"
"9868","MNDA","turquoise"
"9874","CCDC121","turquoise"
"9875","HIST1H2BO","turquoise"
"9883","SI","turquoise"
"9887","DOPEY1","turquoise"
"9888","CALML6","turquoise"
"9892","SCP2D1","turquoise"
"9894","NSL1","turquoise"
"9896","OMG","turquoise"
"9897","ZNF668","turquoise"
"9901","EIF3E","turquoise"
"9902","UBE4A","turquoise"
"9904","HTR3C","turquoise"
"9905","SLC6A5","turquoise"
"9907","LBHD1","turquoise"
"9915","GLMN","turquoise"
"9916","CCR8","turquoise"
"9918","IFIT2","turquoise"
"9928","NMI","turquoise"
"9930","CYB5R2","turquoise"
"9931","FEZ2","turquoise"
"9932","ACOT11","turquoise"
"9933","MSI1","turquoise"
"9937","UGT2B15","turquoise"
"9941","ZDHHC6","turquoise"
"9946","JSRP1","turquoise"
"9948","KIR2DL4","turquoise"
"9951","MED7","turquoise"
"9952","RHOG","turquoise"
"9953","CD3E","turquoise"
"9955","NDE1","turquoise"
"9957","PRKCG","turquoise"
"9958","ZNF547","turquoise"
"9965","RAB3GAP1","turquoise"
"9975","PCNX1","turquoise"
"9976","CD14","turquoise"
"9977","PRB1","turquoise"
"9979","OR51D1","turquoise"
"9985","ORC4","turquoise"
"9992","ANKRD26","turquoise"
"9994","TYRO3","turquoise"
"10008","KRTAP20-2","turquoise"
"10013","SIGLEC5","turquoise"
"10019","NRL","turquoise"
"10025","USP51","turquoise"
"10027","CATSPER4","turquoise"
"10029","FTL","turquoise"
"10050","RPS11","turquoise"
"10051","ZNF440","turquoise"
"10052","CDKN2D","turquoise"
"10058","TIAM2","turquoise"
"10059","PRF1","turquoise"
"10060","CYP2D6","turquoise"
"10062","GRIN2D","turquoise"
"10064","SLC22A25","turquoise"
"10067","RBM26","turquoise"
"10072","RPL7A","turquoise"
"10082","CERKL","turquoise"
"10088","FPR2","turquoise"
"10089","C7orf49","turquoise"
"10095","MACROD1","turquoise"
"10097","GPX6","turquoise"
"10098","CA3","turquoise"
"10100","TRMT10A","turquoise"
"10103","CH25H","turquoise"
"10113","TXK","turquoise"
"10123","KLHDC2","turquoise"
"10126","RBM33","turquoise"
"10131","RNF175","turquoise"
"10132","PRR14L","turquoise"
"10135","IKZF4","turquoise"
"10141","RALGAPA1","turquoise"
"10145","AOC2","turquoise"
"10152","HPS1","turquoise"
"10153","ZNHIT1","turquoise"
"10157","DCTN4","turquoise"
"10160","CNR2","turquoise"
"10169","PPP1R3A","turquoise"
"10173","CPXM2","turquoise"
"10175","DOPEY2","turquoise"
"10181","CDC7","turquoise"
"10183","GBAP1","turquoise"
"10184","KIAA1429","turquoise"
"10187","TTPA","turquoise"
"10190","OSCAR","turquoise"
"10198","SMARCAD1","turquoise"
"10201","CD160","turquoise"
"10206","GNAI1","turquoise"
"10207","VN1R1","turquoise"
"10218","SPAG16","turquoise"
"10219","HIST1H2AD","turquoise"
"10221","UBL4A","turquoise"
"10233","RNF121","turquoise"
"10234","SUCO","turquoise"
"10239","SPICE1","turquoise"
"10243","POLR1D","turquoise"
"10251","GRB2","turquoise"
"10255","GFI1B","turquoise"
"10256","MLNR","turquoise"
"10265","HOXB13","turquoise"
"10267","NKX1-2","turquoise"
"10269","LURAP1","turquoise"
"10270","OR8D1","turquoise"
"10276","LPXN","turquoise"
"10279","SPATA13","turquoise"
"10285","SYT1","turquoise"
"10290","HESX1","turquoise"
"10294","ZFP30","turquoise"
"10296","PDX1","turquoise"
"10298","CTSS","turquoise"
"10300","SERPINA13P","turquoise"
"10301","PWP1","turquoise"
"10304","XRCC6","turquoise"
"10305","TNFRSF18","turquoise"
"10314","C6orf120","turquoise"
"10316","EGR2","turquoise"
"10323","MICALCL","turquoise"
"10325","GP9","turquoise"
"10330","PAFAH1B2","turquoise"
"10331","TBC1D12","turquoise"
"10342","PIGW","turquoise"
"10352","CEACAM3","turquoise"
"10355","ZXDC","turquoise"
"10359","POMT1","turquoise"
"10363","FLG2","turquoise"
"10373","ACAP3","turquoise"
"10375","SLC25A39","turquoise"
"10377","C5orf24","turquoise"
"10384","OR51A4","turquoise"
"10391","OR2A42","turquoise"
"10392","TNFAIP8L2","turquoise"
"10395","PTTG2","turquoise"
"10396","CEBPZ","turquoise"
"10399","SDHA","turquoise"
"10401","INPP5D","turquoise"
"10403","FAM209A","turquoise"
"10405","TBC1D31","turquoise"
"10406","TP53TG3","turquoise"
"10407","OR2D2","turquoise"
"10420","FAM53C","turquoise"
"10423","ZNRF4","turquoise"
"10425","CYBA","turquoise"
"10426","DCAF13","turquoise"
"10430","CAND1","turquoise"
"10431","PSMB5","turquoise"
"10436","PARK7","turquoise"
"10450","OR6T1","turquoise"
"10470","GRTP1","turquoise"
"10474","CLEC1B","turquoise"
"10479","MPLKIP","turquoise"
"10491","REM2","turquoise"
"10493","MOK","turquoise"
"10495","CREM","turquoise"
"10499","ZMAT2","turquoise"
"10501","CXCL9","turquoise"
"10508","PCDH15","turquoise"
"10510","BBX","turquoise"
"10512","UTP3","turquoise"
"10519","PF4V1","turquoise"
"10521","FAM117A","turquoise"
"10531","MFHAS1","turquoise"
"10534","METTL2A","turquoise"
"10543","NR2F2","turquoise"
"10545","CX3CR1","turquoise"
"10549","TDRD3","turquoise"
"10551","NELL1","turquoise"
"10560","MAP1LC3B2","turquoise"
"10562","CEACAM21","turquoise"
"10564","FOLR2","turquoise"
"10565","IRAK2","turquoise"
"10580","CARMIL2","turquoise"
"10581","NRROS","turquoise"
"10584","TNFSF4","turquoise"
"10585","DUSP21","turquoise"
"10588","KITLG","turquoise"
"10594","EPC1","turquoise"
"10603","MIDN","turquoise"
"10604","TOMM70","turquoise"
"10606","KRTAP4-3","turquoise"
"10608","HCG27","turquoise"
"10616","CD6","turquoise"
"10617","UBE2O","turquoise"
"10618","SCNM1","turquoise"
"10625","WSB2","turquoise"
"10629","POLR1C","turquoise"
"10630","PDS5B","turquoise"
"10631","SGO2","turquoise"
"10636","PLA2G3","turquoise"
"10638","CGN","turquoise"
"10640","NLRP4","turquoise"
"10644","PTAFR","turquoise"
"10648","CYTIP","turquoise"
"10649","TNRC6C","turquoise"
"10655","TMPRSS11D","turquoise"
"10667","ITGA4","turquoise"
"10675","TSG101","turquoise"
"10676","ANKRD23","turquoise"
"10679","ZNF670","turquoise"
"10681","PUS7L","turquoise"
"10682","RNF125","turquoise"
"10683","PSMB8","turquoise"
"10695","ZNF648","turquoise"
"10699","GIMAP8","turquoise"
"10702","IL3RA","turquoise"
"10703","CCL3L3","turquoise"
"10704","SLC24A1","turquoise"
"10706","SCML4","turquoise"
"10711","CDK9","turquoise"
"10717","CD33","turquoise"
"10731","SMARCE1","turquoise"
"10732","CD3EAP","turquoise"
"10735","TMPRSS7","turquoise"
"10738","ZNF695","turquoise"
"10741","GORASP2","turquoise"
"10749","PAFAH1B3","turquoise"
"10758","SRY","turquoise"
"10761","PADI6","turquoise"
"10764","ZNF714","turquoise"
"10768","PIM2","turquoise"
"10779","9-Mar","turquoise"
"10784","TAL1","turquoise"
"10785","GIMAP4","turquoise"
"10786","NOP58","turquoise"
"10788","TXNL4B","turquoise"
"10797","MRPL45","turquoise"
"10798","PSMB3","turquoise"
"10809","SLC4A10","turquoise"
"10817","CALB2","turquoise"
"10827","S100A12","turquoise"
"10829","SMC2","turquoise"
"10836","RCSD1","turquoise"
"10838","NECAP2","turquoise"
"10846","HLA-DPB1","turquoise"
"10847","CNIH3","turquoise"
"10852","H1FOO","turquoise"
"10853","PSAP","turquoise"
"10856","ENPP3","turquoise"
"10861","SDF2L1","turquoise"
"10863","RPL13AP17","turquoise"
"10866","TUBD1","turquoise"
"10868","TLR6","turquoise"
"10869","ACTL6A","turquoise"
"10870","DPYS","turquoise"
"10876","CD28","turquoise"
"10877","HIST1H3H","turquoise"
"10882","TSPAN33","turquoise"
"10884","KCNJ1","turquoise"
"10889","ADARB2","turquoise"
"10892","TMEM225","turquoise"
"10897","ITGAL","turquoise"
"10900","CUL1","turquoise"
"10901","PLRG1","turquoise"
"10905","GPX1","turquoise"
"10908","GPALPP1","turquoise"
"10912","MBD3L5","turquoise"
"10930","NCAM2","turquoise"
"10933","CD200R1","turquoise"
"10942","VRK2","turquoise"
"10946","GSPT1","turquoise"
"10947","CCDC174","turquoise"
"10948","YWHAG","turquoise"
"10952","HIST1H2BB","turquoise"
"10953","TESC","turquoise"
"10955","PRSS2","turquoise"
"10956","PTPN14","turquoise"
"10957","ZBTB1","turquoise"
"10962","ADAM7","turquoise"
"10965","TRANK1","turquoise"
"10967","USP20","turquoise"
"10969","PNMA5","turquoise"
"10977","C17orf62","turquoise"
"10982","UCN3","turquoise"
"10984","HCAR2","turquoise"
"10986","NT5C3B","turquoise"
"10991","RXRG","turquoise"
"10997","TIMD4","turquoise"
"11001","FEZF2","turquoise"
"11005","NCR1","turquoise"
"11007","SYTL1","turquoise"
"11010","ARHGAP30","turquoise"
"11014","STX17","turquoise"
"11017","SLITRK1","turquoise"
"11019","TM6SF1","turquoise"
"11021","FAM120AOS","turquoise"
"11022","S100A9","turquoise"
"11023","SLC25A26","turquoise"
"11025","PACSIN1","turquoise"
"11033","FSD2","turquoise"
"11034","ATL3","turquoise"
"11038","AMY2A","turquoise"
"11044","ADAMTS10","turquoise"
"11056","FASTKD1","turquoise"
"11059","RARS","turquoise"
"11061","SKAP1","turquoise"
"11062","NUDT15","turquoise"
"11069","NDFIP1","turquoise"
"11078","TLE1","turquoise"
"11079","TEK","turquoise"
"11080","NUDCD2","turquoise"
"11081","HIVEP3","turquoise"
"11088","ANKS3","turquoise"
"11091","ZNF17","turquoise"
"11096","CES3","turquoise"
"11097","BCAS2","turquoise"
"11102","MCTS1","turquoise"
"11103","RUNX3","turquoise"
"11108","REC8","turquoise"
"11113","MGST3","turquoise"
"11117","RLBP1","turquoise"
"11119","SH2B3","turquoise"
"11124","SMARCAL1","turquoise"
"11129","PDDC1","turquoise"
"11134","P2RY11","turquoise"
"11138","SLC25A40","turquoise"
"11141","ITCH","turquoise"
"11146","CEACAM19","turquoise"
"11147","ARF5","turquoise"
"11149","MPEG1","turquoise"
"11160","COX6A2","turquoise"
"11163","SLFN11","turquoise"
"11167","CXCL5","turquoise"
"11168","LEAP2","turquoise"
"11175","KLRC1","turquoise"
"11180","ALPI","turquoise"
"11184","BPIFA3","turquoise"
"11190","ARL8B","turquoise"
"11191","SCRT1","turquoise"
"11196","RPL23AP32","turquoise"
"11198","IFNAR1","turquoise"
"11199","FAM160B1","turquoise"
"11206","RAB2B","turquoise"
"11215","RANBP17","turquoise"
"11217","CD5","turquoise"
"11225","WNK1","turquoise"
"11234","C12orf76","turquoise"
"11236","HNRNPA0","turquoise"
"11237","PLXDC2","turquoise"
"11241","DEFA4","turquoise"
"11242","SLBP","turquoise"
"11249","DCAF16","turquoise"
"11257","ARHGAP12","turquoise"
"11260","HIST1H2AB","turquoise"
"11263","STAT5A","turquoise"
"11265","GP1BA","turquoise"
"11269","FKRP","turquoise"
"11270","PNO1","turquoise"
"11274","MTAP","turquoise"
"11275","TRIM51","turquoise"
"11276","C6orf118","turquoise"
"11277","PRR4","turquoise"
"11279","STX10","turquoise"
"11289","PRKD2","turquoise"
"11300","OLFM4","turquoise"
"11305","FRMPD4","turquoise"
"11306","FANCL","turquoise"
"11307","KLHL40","turquoise"
"11315","CSK","turquoise"
"11318","CAPRIN1","turquoise"
"11322","DMRTB1","turquoise"
"11323","RPL31","turquoise"
"11334","RPL30","turquoise"
"11337","MMAA","turquoise"
"11341","GAS5","turquoise"
"11343","NDUFAF1","turquoise"
"11357","MYCL","turquoise"
"11359","MED19","turquoise"
"11365","FRMPD1","turquoise"
"11366","FNBP1L","turquoise"
"11371","GPRASP2","turquoise"
"11374","KSR1","turquoise"
"11381","C1orf162","turquoise"
"11382","WDR88","turquoise"
"11383","C6orf58","turquoise"
"11386","MYO1E","turquoise"
"11388","LMCD1","turquoise"
"11390","IKBKE","turquoise"
"11395","EFHC1","turquoise"
"11397","HEBP2","turquoise"
"11398","AK9","turquoise"
"11400","RPL23","turquoise"
"11410","LMAN2L","turquoise"
"11411","CAAP1","turquoise"
"11412","TMEM102","turquoise"
"11413","XPO6","turquoise"
"11430","PTCRA","turquoise"
"11434","PFDN5","turquoise"
"11437","HK1","turquoise"
"11438","SYT5","turquoise"
"11440","KANK3","turquoise"
"11447","ABI3","turquoise"
"11449","EDDM3A","turquoise"
"11455","KDM5B","turquoise"
"11457","RPLP2","turquoise"
"11458","TRABD","turquoise"
"11471","ADGRE3","turquoise"
"11472","RNF219","turquoise"
"11473","RPS27A","turquoise"
"11474","GID8","turquoise"
"11477","FFAR4","turquoise"
"11480","ATP6AP1L","turquoise"
"11483","OR4B1","turquoise"
"11492","H1FNT","turquoise"
"11494","MFSD11","turquoise"
"11500","DDX18","turquoise"
"11501","C1QL2","turquoise"
"11507","UFSP2","turquoise"
"11508","SEMA7A","turquoise"
"11517","TMEM177","turquoise"
"11519","ANKRD37","turquoise"
"11524","IL5RA","turquoise"
"11535","SH3TC1","turquoise"
"11537","SMURF1","turquoise"
"11546","RUNDC3A","turquoise"
"11550","MYO15A","turquoise"
"11553","CLTC","turquoise"
"11556","MCL1","turquoise"
"11559","HIST1H2AE","turquoise"
"11560","TXNL1","turquoise"
"11567","COQ9","turquoise"
"11575","EPHA8","turquoise"
"11576","RBL2","turquoise"
"11577","LY75","turquoise"
"11580","AQP12A","turquoise"
"11594","WDR49","turquoise"
"11595","GIMAP1","turquoise"
"11596","OOSP2","turquoise"
"11597","ZNF250","turquoise"
"11599","PPP1R27","turquoise"
"11609","LARS","turquoise"
"11611","PLSCR4","turquoise"
"11613","NCF4","turquoise"
"11622","COA7","turquoise"
"11624","GDF6","turquoise"
"11630","CKM","turquoise"
"11632","USP40","turquoise"
"11633","OR1D2","turquoise"
"11643","UFM1","turquoise"
"11653","PLCZ1","turquoise"
"11659","ZNF230","turquoise"
"11668","PPP1R16A","turquoise"
"11675","PARP2","turquoise"
"11677","ETFDH","turquoise"
"11682","TOR1AIP2","turquoise"
"11684","GLRX3","turquoise"
"11687","BCCIP","turquoise"
"11690","TMPPE","turquoise"
"11693","PIBF1","turquoise"
"11696","SIRPA","turquoise"
"11697","STC1","turquoise"
"11705","GGCX","turquoise"
"11707","TRAFD1","turquoise"
"11712","SLC9A9","turquoise"
"11716","OR2W5","turquoise"
"11718","GUK1","turquoise"
"11719","GRIN3A","turquoise"
"11722","TNFSF13B","turquoise"
"11726","PRKRA","turquoise"
"11727","CNPY4","turquoise"
"11730","P2RX1","turquoise"
"11750","NLRP12","turquoise"
"11751","EARS2","turquoise"
"11752","CNTRL","turquoise"
"11753","TSGA13","turquoise"
"11763","ANKRD40","turquoise"
"11768","GNA13","turquoise"
"11775","NADK","turquoise"
"11778","ZNF689","turquoise"
"11782","TNFRSF13B","turquoise"
"11783","INTS8","turquoise"
"11784","OR10V1","turquoise"
"11788","XK","turquoise"
"11791","IFIT1B","turquoise"
"11796","TAP2","turquoise"
"11801","AMPD1","turquoise"
"11802","P2RX7","turquoise"
"11803","DENND4A","turquoise"
"11805","MAN2B1","turquoise"
"11808","GTF2H2C_2","turquoise"
"11812","NOSIP","turquoise"
"11814","TAF7","turquoise"
"11816","ATP11AUN","turquoise"
"11842","SORL1","turquoise"
"11843","HARBI1","turquoise"
"11847","SERPINA5","turquoise"
"11849","ARPC1A","turquoise"
"11852","PSMA5","turquoise"
"11853","PTMA","turquoise"
"11855","NDUFA5","turquoise"
"11861","WAS","turquoise"
"11865","IFI44","turquoise"
"11870","SLAMF6","turquoise"
"11881","GDAP1L1","turquoise"
"11884","BSN","turquoise"
"11885","CD70","turquoise"
"11897","SRGN","turquoise"
"11898","LTN1","turquoise"
"11901","CD8A","turquoise"
"11910","MOS","turquoise"
"11911","ACVR1","turquoise"
"11914","EOMES","turquoise"
"11916","CYP17A1","turquoise"
"11927","MORF4L1","turquoise"
"11929","SAMD14","turquoise"
"11937","NDUFA9","turquoise"
"11942","OCRL","turquoise"
"11943","RAB8A","turquoise"
"11947","FGF19","turquoise"
"11948","GIT2","turquoise"
"11953","HFE2","turquoise"
"11956","PCCB","turquoise"
"11960","GNB1L","turquoise"
"11962","ACAD11","turquoise"
"11963","PAX7","turquoise"
"11967","VPS54","turquoise"
"11968","B3GAT1","turquoise"
"11978","HS3ST3B1","turquoise"
"11981","SLCO2B1","turquoise"
"11983","COMMD1","turquoise"
"11984","PIR","turquoise"
"11989","PIFO","turquoise"
"11994","ARID4B","turquoise"
"11996","VAMP4","turquoise"
"11997","NCR2","turquoise"
"11998","DAB2IP","turquoise"
"12006","EFHD2","turquoise"
"12007","ZC3HC1","turquoise"
"12017","PHF13","turquoise"
"12023","CYP2F1","turquoise"
"12026","VPS35","turquoise"
"12028","HLA-DMB","turquoise"
"12030","GPR25","turquoise"
"12031","NUP155","turquoise"
"12032","TNFSF8","turquoise"
"12046","GORAB","turquoise"
"12050","TIPIN","turquoise"
"12051","FGFBP2","turquoise"
"12057","OR9G4","turquoise"
"12064","TRIM48","turquoise"
"12072","TMTC4","turquoise"
"12077","ECHDC1","turquoise"
"12080","GCSAML","turquoise"
"12084","DDX49","turquoise"
"12088","ASPRV1","turquoise"
"12100","UBB","turquoise"
"12113","NOD2","turquoise"
"12117","FAM175B","turquoise"
"12118","FAM111B","turquoise"
"12119","ANO9","turquoise"
"12125","NUP43","turquoise"
"12128","DCLK3","turquoise"
"12130","HHEX","turquoise"
"12131","MCEMP1","turquoise"
"12138","RFX7","turquoise"
"12140","CANX","turquoise"
"12143","HLA-F","turquoise"
"12146","DCAF4L1","turquoise"
"12149","ADGRF3","turquoise"
"12154","PIGV","turquoise"
"12155","ADAP2","turquoise"
"12156","MFSD14A","turquoise"
"12166","RNF148","turquoise"
"12168","STAT6","turquoise"
"12169","DZIP3","turquoise"
"12171","ZNF10","turquoise"
"12188","BID","turquoise"
"12193","LRRC8D","turquoise"
"12194","SPHKAP","turquoise"
"12197","SETX","turquoise"
"12200","EVI2B","turquoise"
"12201","VSTM1","turquoise"
"12203","LY6G5C","turquoise"
"12204","CTLA4","turquoise"
"12207","SPINK2","turquoise"
"12208","HARS","turquoise"
"12211","IER3IP1","turquoise"
"12213","NFKBID","turquoise"
"12214","TNMD","turquoise"
"12216","FAM177A1","turquoise"
"12218","DIDO1","turquoise"
"12219","SLC22A16","turquoise"
"12222","RUBCN","turquoise"
"12225","DENND1B","turquoise"
"12228","C17orf49","turquoise"
"12232","PTDSS2","turquoise"
"12234","APPL1","turquoise"
"12236","CAPN15","turquoise"
"12237","CCNJL","turquoise"
"12239","RIPK3","turquoise"
"12241","MTF1","turquoise"
"12243","ANPEP","turquoise"
"12249","KRTAP19-3","turquoise"
"12254","SEC63","turquoise"
"12257","LOC339059","turquoise"
"12258","XCR1","turquoise"
"12263","F11","turquoise"
"12264","MBOAT1","turquoise"
"12270","GPD1","turquoise"
"12271","JARID2","turquoise"
"12272","CDC37L1","turquoise"
"12274","CCDC171","turquoise"
"12286","FGD1","turquoise"
"12287","C8orf58","turquoise"
"12290","LYAR","turquoise"
"12296","GUCD1","turquoise"
"12299","TECPR2","turquoise"
"12304","PTK6","turquoise"
"12307","FITM1","turquoise"
"12309","MFNG","turquoise"
"12321","MAFB","turquoise"
"12330","TNFRSF1B","turquoise"
"12333","GLRA1","turquoise"
"12339","ISOC1","turquoise"
"12344","AP3D1","turquoise"
"12346","IFNGR2","turquoise"
"12347","SERPINA1","turquoise"
"12353","SACM1L","turquoise"
"12359","OXER1","turquoise"
"12361","APPL2","turquoise"
"12363","TRMT6","turquoise"
"12364","ANKHD1","turquoise"
"12367","IFNAR2","turquoise"
"12376","HLA-E","turquoise"
"12389","OR51Q1","turquoise"
"12391","AMIGO1","turquoise"
"12393","SHKBP1","turquoise"
"12396","RNASEH2C","turquoise"
"12401","IRF2","turquoise"
"12404","NPAS2","turquoise"
"12412","HDGF","turquoise"
"12414","COMMD8","turquoise"
"12423","TGIF2LY","turquoise"
"12424","SFT2D3","turquoise"
"12427","DTHD1","turquoise"
"12432","MYSM1","turquoise"
"12433","DCAF11","turquoise"
"12439","SIPA1L3","turquoise"
"12441","USB1","turquoise"
"12442","HMX3","turquoise"
"12449","ZBP1","turquoise"
"12450","PM20D2","turquoise"
"12453","SH3GLB1","turquoise"
"12461","FHIT","turquoise"
"12467","SNF8","turquoise"
"12471","ZNF558","turquoise"
"12476","SUPT4H1","turquoise"
"12480","OR51M1","turquoise"
"12481","PIK3CD","turquoise"
"12482","ANKRD54","turquoise"
"12492","AP1S2","turquoise"
"12496","LRRC25","turquoise"
"12499","SLC25A36","turquoise"
"12500","BCL2L11","turquoise"
"12501","ZFP28","turquoise"
"12516","HSPD1","turquoise"
"12517","LYSMD3","turquoise"
"12519","BPI","turquoise"
"12521","ACAP2","turquoise"
"12527","ZDHHC19","turquoise"
"12532","PCDHB13","turquoise"
"12536","UNC50","turquoise"
"12538","DIRC1","turquoise"
"12541","DENND1C","turquoise"
"12542","DDI1","turquoise"
"12543","PF4","turquoise"
"12549","ABCC8","turquoise"
"12552","CAMK4","turquoise"
"12553","AXDND1","turquoise"
"12555","OR13A1","turquoise"
"12556","RRP12","turquoise"
"12557","MBTPS1","turquoise"
"12560","PPBP","turquoise"
"12561","BEND2","turquoise"
"12562","EDAR","turquoise"
"12566","ABCB4","turquoise"
"12570","PAK1","turquoise"
"12576","LHFP","turquoise"
"12580","ARAP2","turquoise"
"12581","THAP10","turquoise"
"12595","SENP8","turquoise"
"12598","AFTPH","turquoise"
"12600","SAMD10","turquoise"
"12601","DNAJC25-GNG10","turquoise"
"12608","GOLT1B","turquoise"
"12612","DUSP12","turquoise"
"12613","POLB","turquoise"
"12614","LGI2","turquoise"
"12618","SLC12A6","turquoise"
"12621","TNFRSF17","turquoise"
"12623","DEDD2","turquoise"
"12625","FOXP3","turquoise"
"12626","SCOC","turquoise"
"12631","SCGB1C1","turquoise"
"12634","EBNA1BP2","turquoise"
"12637","PBDC1","turquoise"
"12640","PTBP3","turquoise"
"12648","P2RY8","turquoise"
"12649","RTN1","turquoise"
"12653","SNRPD1","turquoise"
"12654","ARPC5","turquoise"
"12661","TCN1","turquoise"
"12662","VGLL4","turquoise"
"12667","IL13RA1","turquoise"
"12668","MAPK15","turquoise"
"12670","KCNG4","turquoise"
"12671","CACNA2D1","turquoise"
"12672","BHLHE40","turquoise"
"12673","CASKIN2","turquoise"
"12674","OR10S1","turquoise"
"12677","CETN1","turquoise"
"12681","NUS1","turquoise"
"12685","FIP1L1","turquoise"
"12687","SCGB2B2","turquoise"
"12691","PSMC2","turquoise"
"12696","KLHL6","turquoise"
"12703","CAPZA2","turquoise"
"12707","TSN","turquoise"
"12710","C1QTNF3","turquoise"
"12713","CEP126","turquoise"
"12715","RASGRP1","turquoise"
"12720","GLIPR1L1","turquoise"
"12722","ASGR1","turquoise"
"12725","CDC42SE1","turquoise"
"12726","MTOR","turquoise"
"12730","TXNDC5","turquoise"
"12733","EVA1B","turquoise"
"12738","CCL19","turquoise"
"12751","BCL2A1","turquoise"
"12752","GLIPR1","turquoise"
"12753","ARFGAP2","turquoise"
"12754","MCCC2","turquoise"
"12759","CNBP","turquoise"
"12762","SOX11","turquoise"
"12765","GIMAP5","turquoise"
"12771","MBLAC2","turquoise"
"12772","PIH1D2","turquoise"
"12776","PRKDC","turquoise"
"12777","C9orf139","turquoise"
"12783","ATG3","turquoise"
"12786","TBCK","turquoise"
"12789","CTSO","turquoise"
"12794","RAB5C","turquoise"
"12796","GPAA1","turquoise"
"12800","NT5C3A","turquoise"
"12801","PIGG","turquoise"
"12802","DNAAF2","turquoise"
"12805","LRRC26","turquoise"
"12806","LAX1","turquoise"
"12809","MLIP","turquoise"
"12818","SIRPD","turquoise"
"12821","ULBP3","turquoise"
"12825","SFPQ","turquoise"
"12830","PTPN18","turquoise"
"12834","ABHD10","turquoise"
"12841","BTG2","turquoise"
"12847","BST1","turquoise"
"12857","TM4SF1","turquoise"
"12859","POLRMT","turquoise"
"12860","TMEM39A","turquoise"
"12862","TMPRSS9","turquoise"
"12868","PIK3CG","turquoise"
"12869","OR52N1","turquoise"
"12874","CFAP100","turquoise"
"12876","BIK","turquoise"
"12894","AKNA","turquoise"
"12898","WDR12","turquoise"
"12899","OR52H1","turquoise"
"12907","SLAMF1","turquoise"
"12911","BNIP2","turquoise"
"12913","ARHGAP4","turquoise"
"12915","CHST5","turquoise"
"12918","YY1","turquoise"
"12922","COQ5","turquoise"
"12923","PAK5","turquoise"
"12927","HAUS4","turquoise"
"12938","ZKSCAN2","turquoise"
"12940","MRPL19","turquoise"
"12943","PADI2","turquoise"
"12946","B3GNT4","turquoise"
"12955","GBP4","turquoise"
"12959","KIAA1324","turquoise"
"12960","OR12D2","turquoise"
"12971","CLEC4E","turquoise"
"12974","RCBTB2","turquoise"
"12975","VRK3","turquoise"
"12978","GMPS","turquoise"
"12979","ZNF708","turquoise"
"12981","RTFDC1","turquoise"
"12983","NUP54","turquoise"
"12986","TXNDC11","turquoise"
"12987","FAM98C","turquoise"
"12998","GSAP","turquoise"
"13001","TAS2R20","turquoise"
"13007","OR2G2","turquoise"
"13010","CCDC88B","turquoise"
"13012","HLA-DPA1","turquoise"
"13013","KCNJ5","turquoise"
"13014","ARAP1","turquoise"
"13015","ADAMTS7","turquoise"
"13018","GLG1","turquoise"
"13019","TANC1","turquoise"
"13020","CHI3L1","turquoise"
"13023","SUN1","turquoise"
"13024","LAPTM5","turquoise"
"13026","ARHGEF1","turquoise"
"13027","ITPRIPL1","turquoise"
"13028","TLR2","turquoise"
"13032","SPAG6","turquoise"
"13042","ATMIN","turquoise"
"13055","FGD3","turquoise"
"13058","OTUD6B","turquoise"
"13061","GPN1","turquoise"
"13063","HAGH","turquoise"
"13065","TCP11L2","turquoise"
"13072","SLC4A1","turquoise"
"13073","NLK","turquoise"
"13083","CXorf23","turquoise"
"13102","OAZ1","turquoise"
"13118","CCL3L1","turquoise"
"13125","FUT5","turquoise"
"13126","USMG5","turquoise"
"13129","CCL5","turquoise"
"13130","CIITA","turquoise"
"13131","MRPL48","turquoise"
"13136","C16orf72","turquoise"
"13148","SMARCC2","turquoise"
"13152","LRRN3","turquoise"
"13153","MRPL9","turquoise"
"13155","GOLGA5","turquoise"
"13157","PAICS","turquoise"
"13158","MTA2","turquoise"
"13163","ZNF585B","turquoise"
"13172","MED21","turquoise"
"13174","NCOA4","turquoise"
"13178","GNA15","turquoise"
"13182","MTFR1","turquoise"
"13184","EDEM3","turquoise"
"13188","GBP2","turquoise"
"13191","FECH","turquoise"
"13192","SKINT1L","turquoise"
"13203","BPIFA1","turquoise"
"13210","MRPL57","turquoise"
"13216","SMIM24","turquoise"
"13221","TCTEX1D4","turquoise"
"13226","IQCC","turquoise"
"13234","OR5P3","turquoise"
"13241","EMB","turquoise"
"13243","SLC9A7","turquoise"
"13245","VEZT","turquoise"
"13251","NRG3","turquoise"
"13258","NOL10","turquoise"
"13276","RPL3L","turquoise"
"13277","GSR","turquoise"
"13284","PROK2","turquoise"
"13296","CMTM5","turquoise"
"13298","C10orf88","turquoise"
"13299","CSMD2","turquoise"
"13300","OR2T12","turquoise"
"13302","UBALD2","turquoise"
"13304","CYLD","turquoise"
"13307","FCMR","turquoise"
"13309","CRISP2","turquoise"
"13310","DPY19L4","turquoise"
"13314","DMP1","turquoise"
"13320","SLC2A3","turquoise"
"13323","BTG1","turquoise"
"13328","GNAI2","turquoise"
"13329","GHR","turquoise"
"13339","SPATA6","turquoise"
"13344","SP5","turquoise"
"13346","EID3","turquoise"
"13350","CCT4","turquoise"
"13351","POFUT1","turquoise"
"13355","PPCS","turquoise"
"13360","SLC10A1","turquoise"
"13361","GSDMA","turquoise"
"13365","RTP2","turquoise"
"13368","COG3","turquoise"
"13370","PSMD7","turquoise"
"13376","CRYGB","turquoise"
"13377","CLN6","turquoise"
"13378","LGALS12","turquoise"
"13380","TMEM150B","turquoise"
"13383","TBCEL","turquoise"
"13403","DSCC1","turquoise"
"13404","PDK3","turquoise"
"13410","MPL","turquoise"
"13411","LRRK2","turquoise"
"13415","GIMAP7","turquoise"
"13418","PARP15","turquoise"
"13419","CREBRF","turquoise"
"13423","DUS4L","turquoise"
"13433","ZSWIM6","turquoise"
"13437","LRRC57","turquoise"
"13441","MAK16","turquoise"
"13449","E2F2","turquoise"
"13454","ARL13B","turquoise"
"13459","PREX1","turquoise"
"13466","SPDYC","turquoise"
"13467","C9orf106","turquoise"
"13472","ITGB7","turquoise"
"13474","MED20","turquoise"
"13478","ESF1","turquoise"
"13485","OR2A2","turquoise"
"13486","SLC22A9","turquoise"
"13492","CARMIL3","turquoise"
"13501","URGCP","turquoise"
"13507","STX6","turquoise"
"13511","USF1","turquoise"
"13512","IL32","turquoise"
"13520","ZMYND15","turquoise"
"13521","GRAP2","turquoise"
"13523","FIGNL1","turquoise"
"13525","DNAJC25","turquoise"
"13526","AK3","turquoise"
"13537","RGS6","turquoise"
"13541","NOM1","turquoise"
"13544","SLC2A6","turquoise"
"13548","DNMT3L","turquoise"
"13551","KYAT3","turquoise"
"13553","HLA-B","turquoise"
"13564","BTLA","turquoise"
"13568","COMMD4","turquoise"
"13570","PPP2R2D","turquoise"
"13573","AK6","turquoise"
"13574","PAGE1","turquoise"
"13584","JAML","turquoise"
"13586","FAN1","turquoise"
"13587","SMPX","turquoise"
"13589","AMOTL2","turquoise"
"13592","NTSR1","turquoise"
"13595","FAM111A","turquoise"
"13596","FAM179B","turquoise"
"13599","CDK7","turquoise"
"13602","C6orf203","turquoise"
"13606","TYROBP","turquoise"
"13607","PRMT9","turquoise"
"13609","MAP3K3","turquoise"
"13611","ZNF467","turquoise"
"13615","CACNG6","turquoise"
"13620","CEBPE","turquoise"
"13624","AAMDC","turquoise"
"13626","U2AF1L4","turquoise"
"13628","ALKBH8","turquoise"
"13634","TRIM22","turquoise"
"13636","CD40","turquoise"
"13640","GZMA","turquoise"
"13641","ZNF630","turquoise"
"13643","PUS7","turquoise"
"13646","HIST1H2BF","turquoise"
"13655","MRPS14","turquoise"
"13659","FAM126B","turquoise"
"13661","AP4M1","turquoise"
"13664","ZNF347","turquoise"
"13673","SUCLG1","turquoise"
"13674","PSMD6","turquoise"
"13678","A1CF","turquoise"
"13686","LAMTOR4","turquoise"
"13701","TBC1D14","turquoise"
"13711","RENBP","turquoise"
"13714","PELI2","turquoise"
"13716","GOLGA6C","turquoise"
"13717","ZNF607","turquoise"
"13725","PMM1","turquoise"
"13734","KCNJ2","turquoise"
"13738","GPR18","turquoise"
"13739","TRAF3IP3","turquoise"
"13743","KRTAP12-4","turquoise"
"13746","CLEC5A","turquoise"
"13747","CBARP","turquoise"
"13749","MSTN","turquoise"
"13750","RNASE6","turquoise"
"13751","OSM","turquoise"
"13754","CD83","turquoise"
"13755","PIAS1","turquoise"
"13756","ADGRE1","turquoise"
"13758","ACCSL","turquoise"
"13777","RANBP6","turquoise"
"13783","RFXANK","turquoise"
"13785","ETAA1","turquoise"
"13790","VPS26A","turquoise"
"13791","IFNW1","turquoise"
"13796","VCPKMT","turquoise"
"13804","LYN","turquoise"
"13806","RAB43","turquoise"
"13807","MYBPC3","turquoise"
"13808","PPP1R3D","turquoise"
"13823","TONSL","turquoise"
"13824","WIPI1","turquoise"
"13831","SMAP2","turquoise"
"13835","LIPF","turquoise"
"13837","KDM1B","turquoise"
"13859","CHD6","turquoise"
"13861","FASLG","turquoise"
"13866","NYAP2","turquoise"
"13871","OSBP2","turquoise"
"13878","ZNF707","turquoise"
"13881","CEBPD","turquoise"
"13884","NPL","turquoise"
"13896","KIAA1033","turquoise"
"13901","NYX","turquoise"
"13907","VENTX","turquoise"
"13909","PRR11","turquoise"
"13911","GNG11","turquoise"
"13912","TMEM56","turquoise"
"13916","C5orf49","turquoise"
"13918","OSBPL8","turquoise"
"13919","RNASEH2B","turquoise"
"13920","MTERF3","turquoise"
"13927","IMMT","turquoise"
"13929","CCL25","turquoise"
"13932","RPS12","turquoise"
"13936","CD19","turquoise"
"13939","CLECL1","turquoise"
"13940","CD300LB","turquoise"
"13941","FMNL1","turquoise"
"13946","YBX3","turquoise"
"13947","MDFI","turquoise"
"13948","ACTRT3","turquoise"
"13953","DLEU7","turquoise"
"13959","UBA52","turquoise"
"13961","DHODH","turquoise"
"13963","RNPC3","turquoise"
"13968","LY6G6F","turquoise"
"13969","FBN1","turquoise"
"13972","PLEKHB1","turquoise"
"13981","DECR2","turquoise"
"13984","BTN2A1","turquoise"
"13989","NAXD","turquoise"
"13993","CCL13","turquoise"
"13995","CMPK2","turquoise"
"13998","PIK3R6","turquoise"
"14003","ASB8","turquoise"
"14004","CCDC15","turquoise"
"14010","RRAGA","turquoise"
"14012","TBRG4","turquoise"
"14013","LOC399886","turquoise"
"14018","COG7","turquoise"
"14019","GAGE6","turquoise"
"14020","FCHSD1","turquoise"
"14021","CD164","turquoise"
"14027","ATP8B4","turquoise"
"14041","EPN2","turquoise"
"14042","C16orf47","turquoise"
"14044","MAP10","turquoise"
"14046","ACRBP","turquoise"
"14048","PITHD1","turquoise"
"14049","KRTAP19-6","turquoise"
"14053","SEC22B","turquoise"
"14055","TNFSF13","turquoise"
"14057","AASDH","turquoise"
"14058","CD1E","turquoise"
"14060","TGFBR3","turquoise"
"14061","ANKMY2","turquoise"
"14064","TUBA4A","turquoise"
"14075","ARHGAP39","turquoise"
"14079","NUP210","turquoise"
"14080","LOC401286","turquoise"
"14086","KBTBD2","turquoise"
"14090","ZNF12","turquoise"
"14093","RINT1","turquoise"
"14100","NAGA","turquoise"
"14105","GNPDA1","turquoise"
"14106","RPS19","turquoise"
"14107","S1PR4","turquoise"
"14109","P2RY10","turquoise"
"14115","TENM1","turquoise"
"14116","OPN5","turquoise"
"14118","OR52E6","turquoise"
"14122","LILRB3","turquoise"
"14137","HERPUD2","turquoise"
"14139","ARMCX2","turquoise"
"14152","CD58","turquoise"
"14154","ALDH6A1","turquoise"
"14156","DOK6","turquoise"
"14163","GPR84","turquoise"
"14180","SUMO1P1","turquoise"
"14184","OR11L1","turquoise"
"14191","TNFAIP6","turquoise"
"14193","H2AFX","turquoise"
"14194","TM9SF2","turquoise"
"14198","TDP2","turquoise"
"14200","C1QC","turquoise"
"14203","OR11A1","turquoise"
"14212","GPATCH2","turquoise"
"14217","ZNF471","turquoise"
"14220","FXYD7","turquoise"
"14222","CD37","turquoise"
"14223","NIFK","turquoise"
"14227","LRRC59","turquoise"
"14232","NIPSNAP3B","turquoise"
"14233","MVK","turquoise"
"14235","DCAF12","turquoise"
"14243","LOC400927","turquoise"
"14244","IGFLR1","turquoise"
"14247","C1orf74","turquoise"
"14251","IQCF1","turquoise"
"14252","COL14A1","turquoise"
"14253","PLAGL2","turquoise"
"14254","PSME2","turquoise"
"14255","SIX6","turquoise"
"14265","SLC18A1","turquoise"
"14266","FAM102B","turquoise"
"14267","KIR2DL1","turquoise"
"14271","TGM3","turquoise"
"14279","SARS","turquoise"
"14280","RAB22A","turquoise"
"14285","GLRA3","turquoise"
"14286","WWTR1","turquoise"
"14293","DAAM1","turquoise"
"14295","GLP1R","turquoise"
"14318","C2orf88","turquoise"
"14319","C3AR1","turquoise"
"14320","ZNF177","turquoise"
"14333","ATP6V1B2","turquoise"
"14334","SLC27A1","turquoise"
"14348","RPS15A","turquoise"
"14352","ANKRD18A","turquoise"
"14353","HSH2D","turquoise"
"14361","SPRYD3","turquoise"
"14365","IL17C","turquoise"
"14369","NEK11","turquoise"
"14370","KIF5B","turquoise"
"14376","FRAT2","turquoise"
"14381","SNN","turquoise"
"14382","PPP1R14D","turquoise"
"14383","NAPG","turquoise"
"14384","COTL1","turquoise"
"14385","LHFPL5","turquoise"
"14392","TMEM245","turquoise"
"14393","UGGT2","turquoise"
"14401","HIST1H3F","turquoise"
"14403","SIT1","turquoise"
"14408","EXOC5","turquoise"
"14411","ZNF710","turquoise"
"14415","MAS1","turquoise"
"14418","TRAM2","turquoise"
"14420","EFCAB11","turquoise"
"14422","GCH1","turquoise"
"14424","NAA25","turquoise"
"14427","MAGED4B","turquoise"
"14428","TET2","turquoise"
"14430","TCL1A","turquoise"
"14431","OR11H4","turquoise"
"14438","DOCK8","turquoise"
"14442","PPP2R2A","turquoise"
"14447","SLITRK5","turquoise"
"14451","NINL","turquoise"
"14452","BMPR2","turquoise"
"14453","SLC51A","turquoise"
"14455","TMEM145","turquoise"
"14472","SUV39H2","turquoise"
"14475","PKD2L1","turquoise"
"14478","KCNE3","turquoise"
"14479","CATSPER1","turquoise"
"14484","ZSCAN21","turquoise"
"14491","VMAC","turquoise"
"14495","GTF3C3","turquoise"
"14498","ZC2HC1A","turquoise"
"14499","ETV6","turquoise"
"14503","FER","turquoise"
"14504","GP1BB","turquoise"
"14512","GPR21","turquoise"
"14514","TMEM189","turquoise"
"14516","MFSD1","turquoise"
"14519","NUAK2","turquoise"
"14521","RPL13AP6","turquoise"
"14523","CFLAR","turquoise"
"14530","MIR1-1HG","turquoise"
"14531","PNRC1","turquoise"
"14532","ARFGEF2","turquoise"
"14539","DDIAS","turquoise"
"14540","SUMO1","turquoise"
"14551","ZNF181","turquoise"
"14553","F8A1","turquoise"
"14555","TAC1","turquoise"
"14557","PINX1","turquoise"
"14565","DROSHA","turquoise"
"14566","LINC00921","turquoise"
"14589","OR5AU1","turquoise"
"14594","DHRS13","turquoise"
"14597","HCN4","turquoise"
"14605","RINL","turquoise"
"14607","ATG7","turquoise"
"14610","AHI1","turquoise"
"14612","RTF1","turquoise"
"14617","RSBN1","turquoise"
"14621","NDUFA10","turquoise"
"14623","YPEL3","turquoise"
"14624","COPS9","turquoise"
"14625","ARHGAP18","turquoise"
"14629","DOK2","turquoise"
"14630","STRIP1","turquoise"
"14635","FAM65C","turquoise"
"14636","FBXL13","turquoise"
"14639","DPY19L1","turquoise"
"14645","TERB2","turquoise"
"14646","ZNF787","turquoise"
"14650","EZH1","turquoise"
"14653","HMGB1","turquoise"
"14655","MTPN","turquoise"
"14658","TMEM106A","turquoise"
"14665","CEP57","turquoise"
"14667","HNRNPLL","turquoise"
"14669","OR2Y1","turquoise"
"14671","TSSK6","turquoise"
"14683","CXCL10","turquoise"
"14684","HCK","turquoise"
"14693","DAPK2","turquoise"
"14700","CCDC82","turquoise"
"14705","CD22","turquoise"
"14709","TMEM63C","turquoise"
"14712","UQCRH","turquoise"
"14713","DEFB126","turquoise"
"14719","OR5M11","turquoise"
"14720","TBX2","turquoise"
"14730","HDC","turquoise"
"14743","STAG1","turquoise"
"14748","ARPC2","turquoise"
"14750","TMEM59","turquoise"
"14752","CD7","turquoise"
"14760","CAMSAP2","turquoise"
"14763","POLR2D","turquoise"
"14767","HIST1H2AC","turquoise"
"14770","TDRKH","turquoise"
"14777","NOC2L","turquoise"
"14779","CIAO1","turquoise"
"14782","SOD2","turquoise"
"14785","ESCO2","turquoise"
"14790","RFC1","turquoise"
"14802","SLC36A2","turquoise"
"14807","WDR60","turquoise"
"14812","KIAA0430","turquoise"
"14822","YAE1D1","turquoise"
"14827","KIR2DS3","turquoise"
"14830","PTPN4","turquoise"
"14832","ZFP37","turquoise"
"14836","SLC4A3","turquoise"
"14839","UBE2N","turquoise"
"14840","TUBA8","turquoise"
"14842","SIX5","turquoise"
"14845","KRTAP10-8","turquoise"
"14846","TAMM41","turquoise"
"14847","C15orf39","turquoise"
"14848","DCSTAMP","turquoise"
"14862","ID2","turquoise"
"14866","MTX2","turquoise"
"14867","ANKRD27","turquoise"
"14869","PPP6R1","turquoise"
"14875","NDUFS8","turquoise"
"14879","TMOD4","turquoise"
"14888","USP28","turquoise"
"14892","CTSW","turquoise"
"14895","IL2RG","turquoise"
"14899","ANKFY1","turquoise"
"14910","MRGPRX2","turquoise"
"14913","UBA7","turquoise"
"14919","DSG1","turquoise"
"14922","TMC6","turquoise"
"14923","PGGHG","turquoise"
"14929","OR52N5","turquoise"
"14941","GPAT3","turquoise"
"14953","LRRC28","turquoise"
"14954","NUDT4P1","turquoise"
"14956","C2orf47","turquoise"
"14959","ZADH2","turquoise"
"14963","SIDT1","turquoise"
"14966","S100Z","turquoise"
"14967","FGR","turquoise"
"14972","RNASE1","turquoise"
"14978","SIGLEC9","turquoise"
"14982","OR2T35","turquoise"
"14985","USP53","turquoise"
"14986","JADE2","turquoise"
"14990","YPEL1","turquoise"
"15005","LTA","turquoise"
"15012","CROCCP3","turquoise"
"15016","SNX24","turquoise"
"15017","STPG3","turquoise"
"15021","MYZAP","turquoise"
"15025","DPYD","turquoise"
"15026","RPA1","turquoise"
"15030","PLEK","turquoise"
"15035","ATP6V0D1","turquoise"
"15036","LINC00936","turquoise"
"15038","SCCPDH","turquoise"
"15040","COL19A1","turquoise"
"15045","ZBTB4","turquoise"
"15046","TTC37","turquoise"
"15050","PTGER4","turquoise"
"15054","PRR13","turquoise"
"15055","CORO7","turquoise"
"15059","RTCB","turquoise"
"15060","TERT","turquoise"
"15066","NKX2-3","turquoise"
"15071","EIF4E3","turquoise"
"15072","GLRX5","turquoise"
"15073","GIPC1","turquoise"
"15078","UTP4","turquoise"
"15083","CSRP3","turquoise"
"15086","MMP9","turquoise"
"15087","TTTY9A","turquoise"
"15091","SMPDL3A","turquoise"
"15092","C14orf37","turquoise"
"15095","C1QB","turquoise"
"15109","IPCEF1","turquoise"
"15112","FYB","turquoise"
"15114","C5orf22","turquoise"
"15115","GRXCR2","turquoise"
"15119","NCF2","turquoise"
"15123","HBG1","turquoise"
"15132","PALD1","turquoise"
"15137","RLN1","turquoise"
"15150","LRRC55","turquoise"
"15151","PPP3R1","turquoise"
"15154","NLRC4","turquoise"
"15155","DDX58","turquoise"
"15158","TMEM86A","turquoise"
"15167","SNX13","turquoise"
"15170","SCLT1","turquoise"
"15174","OR4A47","turquoise"
"15181","GATA1","turquoise"
"15187","BUB1B","turquoise"
"15191","NARS2","turquoise"
"15202","FCRL3","turquoise"
"15216","CASP10","turquoise"
"15217","MYO1B","turquoise"
"15218","CAP1","turquoise"
"15221","INSM1","turquoise"
"15222","RBM12","turquoise"
"15229","BLVRB","turquoise"
"15237","ALOX5AP","turquoise"
"15238","OR7G3","turquoise"
"15240","FFAR2","turquoise"
"15241","ZNF544","turquoise"
"15246","EXTL2","turquoise"
"15251","CXCR3","turquoise"
"15252","KLRD1","turquoise"
"15274","COX7C","turquoise"
"15279","PSMB9","turquoise"
"15280","ACTR10","turquoise"
"15281","SMCO4","turquoise"
"15291","PIGH","turquoise"
"15299","STK17B","turquoise"
"15301","FAM71D","turquoise"
"15313","GPR183","turquoise"
"15314","CLCNKB","turquoise"
"15326","RBPJL","turquoise"
"15330","NUDT21","turquoise"
"15332","MYH1","turquoise"
"15333","SOCS2","turquoise"
"15334","MUC7","turquoise"
"15335","ANKRD55","turquoise"
"15338","CAPZB","turquoise"
"15343","CMTM2","turquoise"
"15345","NFKB2","turquoise"
"15346","PRSS58","turquoise"
"15354","SPAG9","turquoise"
"15356","CEP83","turquoise"
"15357","SLC30A9","turquoise"
"15360","PPIL4","turquoise"
"15365","CD101","turquoise"
"15366","OR2B11","turquoise"
"15378","N4BP2L1","turquoise"
"15379","ZNF383","turquoise"
"15382","ZNF441","turquoise"
"15384","IGBP1P1","turquoise"
"15389","PNPLA6","turquoise"
"15392","PSORS1C1","turquoise"
"15395","GYPA","turquoise"
"15398","DOCK2","turquoise"
"15400","MYBPC2","turquoise"
"15407","ANKRD22","turquoise"
"15408","PIGM","turquoise"
"15410","RBSN","turquoise"
"15416","LRRCC1","turquoise"
"15426","NR0B1","turquoise"
"15427","RILP","turquoise"
"15429","OR6C2","turquoise"
"15431","KCTD3","turquoise"
"15444","OR4D10","turquoise"
"15446","KCNH4","turquoise"
"15448","RNF214","turquoise"
"15454","HMOX1","turquoise"
"15455","LOC401357","turquoise"
"15456","AGAP1","turquoise"
"15461","GCA","turquoise"
"15473","PARG","turquoise"
"15479","PPTC7","turquoise"
"15480","RAB6A","turquoise"
"15486","RADIL","turquoise"
"15493","TMEM237","turquoise"
"15497","SPIN3","turquoise"
"15510","RLF","turquoise"
"15511","KIAA1456","turquoise"
"15519","IFITM1","turquoise"
"15521","FAM78A","turquoise"
"15523","SIAH2","turquoise"
"15526","HTR2C","turquoise"
"15531","YEATS4","turquoise"
"15536","RFTN2","turquoise"
"15537","KRT81","turquoise"
"15544","C19orf44","turquoise"
"15545","CXCR4","turquoise"
"15547","CCDC97","turquoise"
"15555","POLR3K","turquoise"
"15557","ZNF487","turquoise"
"15559","APBB1IP","turquoise"
"15560","C8orf86","turquoise"
"15563","PFDN4","turquoise"
"15564","MCUB","turquoise"
"15565","ABHD3","turquoise"
"15566","NDST3","turquoise"
"15568","PRAC1","turquoise"
"15570","DNAL4","turquoise"
"15571","ALPPL2","turquoise"
"15574","WDR75","turquoise"
"15578","ATG4D","turquoise"
"15581","SH3BP2","turquoise"
"15583","ATF1","turquoise"
"15598","ABTB1","turquoise"
"15601","APOBEC3G","turquoise"
"15602","SLC13A1","turquoise"
"15615","WDFY2","turquoise"
"15625","GNA11","turquoise"
"15645","GABRA1","turquoise"
"15648","C11orf58","turquoise"
"15653","GULP1","turquoise"
"15657","FFAR3","turquoise"
"15659","TSSC4","turquoise"
"15662","CD163L1","turquoise"
"15664","ZNF185","turquoise"
"15683","RAB4B","turquoise"
"15687","GALK1","turquoise"
"15697","MVP","turquoise"
"15700","PCDHGB8P","turquoise"
"15701","SLC25A47","turquoise"
"15702","DIMT1","turquoise"
"15718","LAT2","turquoise"
"15723","XKR3","turquoise"
"15730","ENOSF1","turquoise"
"15734","RPGRIP1","turquoise"
"15735","CAPZA1","turquoise"
"15739","HSPE1","turquoise"
"15743","RRBP1","turquoise"
"15762","HCP5","turquoise"
"15766","MAK","turquoise"
"15770","FBP2","turquoise"
"15773","FAM89B","turquoise"
"15775","HIBADH","turquoise"
"15780","SPRED1","turquoise"
"15781","C17orf100","turquoise"
"15782","TCAP","turquoise"
"15787","CAMK1G","turquoise"
"15792","LRMP","turquoise"
"15796","FAM135A","turquoise"
"15802","DPYSL5","turquoise"
"15807","HOMER1","turquoise"
"15808","ZKSCAN4","turquoise"
"15809","HEPACAM2","turquoise"
"15810","DCAF17","turquoise"
"15811","TMEM263","turquoise"
"15812","TPK1","turquoise"
"15814","PLEKHH3","turquoise"
"15821","KAT8","turquoise"
"15825","MEFV","turquoise"
"15826","USP32","turquoise"
"15830","SRXN1","turquoise"
"15834","CTNNA1","turquoise"
"15835","FKBP15","turquoise"
"15838","HTR1D","turquoise"
"15839","LSMEM1","turquoise"
"15842","VNN3","turquoise"
"15843","ZNF667","turquoise"
"15844","CCDC18","turquoise"
"15848","CAV3","turquoise"
"15849","MOAP1","turquoise"
"15855","OR51V1","turquoise"
"15856","SCARNA9","turquoise"
"15857","PDE1B","turquoise"
"15868","LRG1","turquoise"
"15877","RFPL4A","turquoise"
"15880","NHLH1","turquoise"
"15884","ABHD16B","turquoise"
"15889","ADAMTS9","turquoise"
"15890","SLC14A1","turquoise"
"15897","RILPL1","turquoise"
"15902","GMIP","turquoise"
"15908","IFITM3","turquoise"
"15917","MYF6","turquoise"
"15920","BANF2","turquoise"
"15921","BIVM","turquoise"
"15931","GPR19","turquoise"
"15932","GAB3","turquoise"
"15934","BAK1","turquoise"
"15938","C18orf21","turquoise"
"15946","CEACAM8","turquoise"
"15960","KRT84","turquoise"
"15961","LIN7A","turquoise"
"15963","POMK","turquoise"
"15964","SV2B","turquoise"
"15968","C17orf78","turquoise"
"15978","PAQR5","turquoise"
"15979","NTNG2","turquoise"
"15983","FAM109B","turquoise"
"15986","CPNE5","turquoise"
"15997","LCE4A","turquoise"
"16000","ESPN","turquoise"
"16003","PDCD1","turquoise"
"16005","SPACA4","turquoise"
"16012","OR4C46","turquoise"
"16021","BABAM1","turquoise"
"16024","B9D2","turquoise"
"16043","FOCAD","turquoise"
"16044","FAM104A","turquoise"
"16046","NICN1","turquoise"
"16049","PRPF18","turquoise"
"16053","IFI30","turquoise"
"16054","NDST1","turquoise"
"16060","ADORA2A","turquoise"
"16075","PADI4","turquoise"
"16076","SMG8","turquoise"
"16078","TMEM161B","turquoise"
"16081","SPTBN5","turquoise"
"16082","PRPH2","turquoise"
"16083","PPIG","turquoise"
"16087","IGF2R","turquoise"
"16100","LY86","turquoise"
"16105","GNG2","turquoise"
"16106","ANP32A","turquoise"
"16118","TCEB3","turquoise"
"16120","ATP7A","turquoise"
"16122","C1QTNF4","turquoise"
"16125","SMCHD1","turquoise"
"16129","R3HDM4","turquoise"
"16134","PNPLA1","turquoise"
"16136","MS4A8","turquoise"
"16138","KCNJ10","turquoise"
"16141","PMS2CL","turquoise"
"16146","PRKACG","turquoise"
"16148","ARL11","turquoise"
"16149","FOXI2","turquoise"
"16151","ACAP1","turquoise"
"16152","RHBDF1","turquoise"
"16156","SPANXN4","turquoise"
"16161","LRRC66","turquoise"
"16168","UBE2S","turquoise"
"16181","CLCN6","turquoise"
"16191","SBNO2","turquoise"
"16192","COMMD9","turquoise"
"16193","OR51F1","turquoise"
"16196","HIST1H2BN","turquoise"
"16198","MORC1","turquoise"
"16199","CLEC4D","turquoise"
"16202","PSMC3","turquoise"
"16204","ATP5SL","turquoise"
"16207","THAP9","turquoise"
"16234","FAM49B","turquoise"
"16242","SSBP1","turquoise"
"16254","ZSCAN16","turquoise"
"16256","CREBBP","turquoise"
"16270","TNNC1","turquoise"
"16273","PCGF2","turquoise"
"16274","CCDC134","turquoise"
"16278","LYPD4","turquoise"
"16283","OR10J1","turquoise"
"16313","LELP1","turquoise"
"16316","TMEM156","turquoise"
"16318","ZNHIT2","turquoise"
"16321","HRH4","turquoise"
"16322","DNAJC27","turquoise"
"16325","NFYC","turquoise"
"16326","SLC25A44","turquoise"
"16346","GFRA3","turquoise"
"16348","SLC25A45","turquoise"
"16351","MMADHC","turquoise"
"16353","RNF11","turquoise"
"16357","ZNF343","turquoise"
"16358","SPRR3","turquoise"
"16366","ASB16","turquoise"
"16384","POU2AF1","turquoise"
"16391","TDRD9","turquoise"
"16392","SDS","turquoise"
"16394","BMP2K","turquoise"
"16396","GPR132","turquoise"
"16404","KRIT1","turquoise"
"16420","ARHGAP45","turquoise"
"16421","RHAG","turquoise"
"16424","FAM151B","turquoise"
"16426","PLEK2","turquoise"
"16436","ARHGAP21","turquoise"
"16440","OR52B6","turquoise"
"16443","FMO5","turquoise"
"16455","NDUFB10","turquoise"
"16469","OR2W3","turquoise"
"16475","VASP","turquoise"
"16482","UTS2B","turquoise"
"16487","RASSF2","turquoise"
"16490","ICAM1","turquoise"
"16491","C15orf54","turquoise"
"16507","HP","turquoise"
"16513","DOC2A","turquoise"
"16517","FGF8","turquoise"
"16524","RAB35","turquoise"
"16528","ARAP3","turquoise"
"16532","RGR","turquoise"
"16538","LIPC","turquoise"
"16541","UBXN1","turquoise"
"16543","DSG4","turquoise"
"16545","C8orf34","turquoise"
"16547","ZSWIM1","turquoise"
"16551","TRMT1","turquoise"
"16560","DNAJB4","turquoise"
"16561","CBX5","turquoise"
"16564","ARL1","turquoise"
"16575","WSCD2","turquoise"
"16579","SUPT3H","turquoise"
"16582","PDE11A","turquoise"
"16589","TNFRSF9","turquoise"
"16597","HERC2","turquoise"
"16598","RAF1","turquoise"
"16599","SEMA6C","turquoise"
"16605","IL16","turquoise"
"16607","FEZF1","turquoise"
"16608","NDUFB7","turquoise"
"16610","TRIM25","turquoise"
"16612","TOR4A","turquoise"
"16627","OR4D6","turquoise"
"16629","NUFIP1","turquoise"
"16644","SCGB1C2","turquoise"
"16646","SLC6A18","turquoise"
"16647","ADI1","turquoise"
"16655","CYSRT1","turquoise"
"16656","ZFR","turquoise"
"16657","PECR","turquoise"
"16658","MDC1","turquoise"
"16660","PSMB7","turquoise"
"16673","TRPM6","turquoise"
"16681","EPB42","turquoise"
"16688","CRISP3","turquoise"
"16704","SCARB2","turquoise"
"16714","YY2","turquoise"
"16726","NINJ1","turquoise"
"16736","MAN2A2","turquoise"
"16739","HVCN1","turquoise"
"16743","LYZ","turquoise"
"16745","OTOG","turquoise"
"16746","PDIA4","turquoise"
"16748","RPL7","turquoise"
"16750","CCDC68","turquoise"
"16751","EIF3J","turquoise"
"16752","TMEM136","turquoise"
"16756","ACTRT1","turquoise"
"16757","APOBEC4","turquoise"
"16763","HBD","turquoise"
"16765","OR52D1","turquoise"
"16774","GIGYF1","turquoise"
"16782","PLCG2","turquoise"
"16785","CTDP1","turquoise"
"16793","ZNF112","turquoise"
"16802","LINC01491","turquoise"
"16807","LINC01412","turquoise"
"16808","LINC01594","turquoise"
"16811","LINC00877","turquoise"
"16815","LOC100130992","turquoise"
"16824","LOC105747689","turquoise"
"16833","SSC5D","turquoise"
"16839","LOC100996419","turquoise"
"16847","TPTE2P5///SUGT1P3","turquoise"
"16856","LOC100288798","turquoise"
"16859","NHS-AS1","turquoise"
"16861","LOC105372520","turquoise"
"16877","LINC00676","turquoise"
"16882","LUNAR1","turquoise"
"16888","LOC101927635","turquoise"
"16894","SMG7-AS1","turquoise"
"16908","LOC105370829","turquoise"
"16923","LOC101927691","turquoise"
"16931","PRKCQ-AS1","turquoise"
"16934","LOC219690","turquoise"
"16935","LOC105378367","turquoise"
"16947","ALDH1L1-AS2","turquoise"
"16951","LINC00844","turquoise"
"16961","LOC101929331","turquoise"
"16965","LOC105371907","turquoise"
"16968","PKNOX2-AS1","turquoise"
"16970","LOC100996549","turquoise"
"16975","LOC101928150","turquoise"
"16978","LOC100128059","turquoise"
"16988","LOC100996324","turquoise"
"16994","LINC00476","turquoise"
"17008","LOC105755953","turquoise"
"17013","LINC01107","turquoise"
"17014","CTB-49A3.2","turquoise"
"17023","TTC39A-AS1","turquoise"
"17024","LOC101928569","turquoise"
"17027","KRTAP21-3","turquoise"
"17031","LOC283435","turquoise"
"17032","LINC01221","turquoise"
"17036","LOC101927851","turquoise"
"17044","LOC286068","turquoise"
"17051","LINC01451","turquoise"
"17054","LINC00854","turquoise"
"17056","SUCLG2-AS1","turquoise"
"17059","LINC01015","turquoise"
"17068","LOC101928858","turquoise"
"17086","LOC101927661","turquoise"
"17087","LINC01255","turquoise"
"17093","LOC105373460","turquoise"
"17098","LOC101927059","turquoise"
"17111","CFAP58-AS1","turquoise"
"17117","TSNAX-DISC1///DISC1///TSNAX","turquoise"
"17127","LINC01335","turquoise"
"17135","D21S2090E","turquoise"
"17137","LINC01574","turquoise"
"17138","LOC105379362","turquoise"
"17143","LOC100505715","turquoise"
"17147","LOC101928126","turquoise"
"17157","HAR1A","turquoise"
"17168","LOC100130768","turquoise"
"17176","NAALADL2-AS3","turquoise"
"17185","LOC102724804","turquoise"
"17190","LINC01598","turquoise"
"17196","FAM120C","turquoise"
"17207","FOXD2-AS1","turquoise"
"17212","LOC101929011","turquoise"
"17214","LOC100506682","turquoise"
"17217","C4orf47","turquoise"
"17219","FLJ46066","turquoise"
"17229","LOC100506675","turquoise"
"17238","LOC101928087","turquoise"
"17241","WDR11-AS1","turquoise"
"17253","JARID2-AS1","turquoise"
"17259","KIAA1147","turquoise"
"17260","LOC100506790","turquoise"
"17268","LINC01248","turquoise"
"17277","CACNA1C-AS4","turquoise"
"17281","LINC01523","turquoise"
"17285","LOC101930164","turquoise"
"17289","C16orf52","turquoise"
"17293","LOC102724323","turquoise"
"17299","NBEAL1","turquoise"
"17305","LOC100652930","turquoise"
"17307","LINC01352","turquoise"
"17311","DLGAP4-AS1","turquoise"
"17334","DEFB134","turquoise"
"17338","KIRREL3-AS2","turquoise"
"17343","LOC101927557","turquoise"
"17346","MIAT","turquoise"
"17349","LINC01152","turquoise"
"17354","LOC100131662","turquoise"
"17359","LOC729451","turquoise"
"17363","ATP2B2-IT2","turquoise"
"17366","LOC100130642","turquoise"
"17367","LOC102467079","turquoise"
"17369","LOC102723362","turquoise"
"17370","LINC01628","turquoise"
"17375","LOC100507670///ZNF687","turquoise"
"17379","LOC102724479","turquoise"
"17390","PVRL3-AS1","turquoise"
"17394","GNA14-AS1","turquoise"
"17397","HOTAIRM1///HOXA2","turquoise"
"17417","XXYLT1-AS1","turquoise"
"17425","SPATA3-AS1","turquoise"
"17426","LOC101929679","turquoise"
"17428","TM4SF1-AS1","turquoise"
"17435","TSPAN14///NUP58","turquoise"
"17436","RRM1-AS1///LOC100506082///RRM1","turquoise"
"17448","LINC01413","turquoise"
"17449","LINC01210","turquoise"
"17451","LOC102724874","turquoise"
"17463","LOC105378068","turquoise"
"17471","LOC102723883","turquoise"
"17476","LOC105378967","turquoise"
"17483","IGHD","turquoise"
"17490","LOC102723757","turquoise"
"17500","LOC101928449","turquoise"
"17501","MEF2C-AS1","turquoise"
"17504","LINC01468","turquoise"
"17506","LOC286087","turquoise"
"17514","LOC105378052","turquoise"
"17516","GM140","turquoise"
"17530","TLCD2","turquoise"
"17534","LINC01509","turquoise"
"17559","BACH1-IT3","turquoise"
"17561","LOC105372682","turquoise"
"17562","LINC01034","turquoise"
"17567","LOC100131023","turquoise"
"17578","LOC101930049","turquoise"
"17579","LINC00677","turquoise"
"17580","LOC101929523","turquoise"
"17583","LOC284336///POU2F2","turquoise"
"17590","LOC100132661","turquoise"
"17600","LOC286178","turquoise"
"17602","LINC01445","turquoise"
"17609","LOC101927845","turquoise"
"17611","CDKN2B-AS1","turquoise"
"17617","LOC100996342","turquoise"
"17618","LOC101928944","turquoise"
"17620","LOC102724604","turquoise"
"17621","MTUS2-AS1","turquoise"
"17627","TDRG1","turquoise"
"17628","LINC01264","turquoise"
"17633","SMIM13","turquoise"
"17638","LOC401312","turquoise"
"17640","LOC100131497","turquoise"
"17641","TRAV20","turquoise"
"17642","ISPD-AS1","turquoise"
"17644","LOC101927196","turquoise"
"17645","LOC101927505","turquoise"
"17652","HCG14","turquoise"
"17654","LINC01350","turquoise"
"17655","LOC100996338","turquoise"
"17665","LOC101927907","turquoise"
"17670","PCDH9-AS2","turquoise"
"17677","LOC102725068","turquoise"
"17679","LOC101927835","turquoise"
"17680","LOC101929374","turquoise"
"17699","LINC00398","turquoise"
"17700","SFTA3","turquoise"
"17704","ENO1-AS1","turquoise"
"17706","LINC01153","turquoise"
"17719","RERG-AS1","turquoise"
"17730","LOC101927815","turquoise"
"17733","LOC102467216","turquoise"
"17736","FLJ32742","turquoise"
"17739","LOC100506937","turquoise"
"17741","LOC101928618","turquoise"
"17742","SMIM10L1","turquoise"
"17743","LOC105379499///FLJ45482","turquoise"
"17752","AZIN1-AS1","turquoise"
"17756","LOC101928591","turquoise"
"17765","MYO9A","turquoise"
"17775","VAV3-AS1","turquoise"
"17782","FMR1-AS1","turquoise"
"17785","LOC285147","turquoise"
"17786","EZR-AS1","turquoise"
"17797","CHRM3-AS1","turquoise"
"17807","LOC101926963","turquoise"
"17809","LOC100506125","turquoise"
"17810","LOC101928932","turquoise"
"17812","LOC285593","turquoise"
"17813","LOC101927363","turquoise"
"17818","LOC101928475","turquoise"
"17819","LINC00403","turquoise"
"17820","RUVBL1-AS1","turquoise"
"17822","LOC101929538","turquoise"
"17824","LOC100240735","turquoise"
"17825","LOC105375875","turquoise"
"17829","OFCC1","turquoise"
"17833","LINC01364","turquoise"
"17834","LOC100505853","turquoise"
"17839","LINC01049","turquoise"
"17843","LOC101927166","turquoise"
"17845","CSRNP3","turquoise"
"17846","LOC105369423","turquoise"
"17847","LOC101929735///TRDV1","turquoise"
"17848","LINC01479","turquoise"
"17859","LOC105369819","turquoise"
"17874","TTC6","turquoise"
"17883","PIP4K2A","turquoise"
"17884","C17orf99","turquoise"
"17887","GRID2IP","turquoise"
"17896","TISP43","turquoise"
"17905","LINC00856","turquoise"
"17907","AP1AR","turquoise"
"17908","LINC00633","turquoise"
"17913","PGCP1","turquoise"
"17920","LOC101927038","turquoise"
"17923","LOC100130815","turquoise"
"17924","LINC00601","turquoise"
"17932","DFNB59","turquoise"
"17938","LOC105376064","turquoise"
"17946","KRTAP22-2","turquoise"
"17952","LINC00672","turquoise"
"17958","ABCB8","turquoise"
"17959","LOC101928009","turquoise"
"17960","LINC00370","turquoise"
"17967","SLC52A2","turquoise"
"17968","MYOZ2","turquoise"
"17984","LPAR5","turquoise"
"17985","NCR3","turquoise"
"17990","PPP1R2P3","turquoise"
"17993","NFKBIL1","turquoise"
"18006","TMEM86B","turquoise"
"18007","TRPV2","turquoise"
"18011","SVBP","turquoise"
"18012","GABARAP","turquoise"
"18013","MYLK2","turquoise"
"18015","CCT6P1","turquoise"
"18016","SAV1","turquoise"
"18020","E2F1","turquoise"
"18021","HIGD2B","turquoise"
"18029","IL13","turquoise"
"18030","LCA5","turquoise"
"18042","SENP6","turquoise"
"18043","SMIM21","turquoise"
"18052","KLHDC1","turquoise"
"18062","PPP1R1A","turquoise"
"18069","ESYT2","turquoise"
"18072","PSMA2","turquoise"
"18074","UFL1","turquoise"
"18079","SYK","turquoise"
"18081","MEGF8","turquoise"
"18083","PPAN-P2RY11","turquoise"
"18088","CD48","turquoise"
"18089","MATN1","turquoise"
"18094","PLCH2","turquoise"
"18101","CLIC4","turquoise"
"18108","ELAVL4","turquoise"
"18109","NPY6R","turquoise"
"18114","HLA-DRB6","turquoise"
"18121","FAM26F","turquoise"
"18123","ONECUT3","turquoise"
"18126","TFB2M","turquoise"
"18133","AATK","turquoise"
"18135","PVALB","turquoise"
"18137","CHID1","turquoise"
"18148","HNRNPUL2","turquoise"
"18149","ECHDC3","turquoise"
"18151","MRPL14","turquoise"
"18154","S1PR5","turquoise"
"18158","GPR4","turquoise"
"18159","FCRL6","turquoise"
"18162","PGS1","turquoise"
"18167","PDIA3P1","turquoise"
"18169","LRIG3","turquoise"
"18173","GALNTL6","turquoise"
"18176","MRPL1","turquoise"
"18177","WDR38","turquoise"
"18178","VPS51","turquoise"
"18180","SIRT7","turquoise"
"18181","C1orf109","turquoise"
"18184","CNOT10","turquoise"
"18185","SLC4A2","turquoise"
"18188","ADTRP","turquoise"
"18189","ACP5","turquoise"
"18190","ALPK1","turquoise"
"18191","MDH2","turquoise"
"18193","ZNF204P","turquoise"
"18194","KLRB1","turquoise"
"18204","PRMT7","turquoise"
"18207","MNAT1","turquoise"
"18212","EXOC8","turquoise"
"18214","SLC12A4","turquoise"
"18217","HBG2","turquoise"
"18219","ARPC1B","turquoise"
"18221","SLC15A3","turquoise"
"18222","JUNB","turquoise"
"18223","CCR4","turquoise"
"18227","CCL1","turquoise"
"18228","RPL5","turquoise"
"18229","CPSF3","turquoise"
"18239","FAM127B","turquoise"
"18241","AQP10","turquoise"
"18248","FLT3LG","turquoise"
"18249","HBM","turquoise"
"18251","LANCL3","turquoise"
"18252","FREM2","turquoise"
"18254","FPR1","turquoise"
"18262","GMFB","turquoise"
"18264","ZDHHC1","turquoise"
"18267","LRRC8C","turquoise"
"18268","PLGLB1","turquoise"
"18278","PLEKHA5","turquoise"
"18279","HSP90B1","turquoise"
"18289","ANXA2R","turquoise"
"18299","HBB","turquoise"
"18304","RGS18","turquoise"
"18311","DEFA1B","turquoise"
"18316","MORC2","turquoise"
"18317","MRPL15","turquoise"
"18319","AIP","turquoise"
"18328","JCHAIN","turquoise"
"18331","SLC6A3","turquoise"
"18332","RHNO1","turquoise"
"18339","NCF1B","turquoise"
"18342","ZNF285","turquoise"
"18349","CALCB","turquoise"
"18350","GZMB","turquoise"
"18355","TSPOAP1","turquoise"
"18361","CD300LF","turquoise"
"18366","HSDL1","turquoise"
"18370","NCF1C","turquoise"
"18371","RNASE3","turquoise"
"18376","NOD1","turquoise"
"18377","GBP5","turquoise"
"18379","FGD2","turquoise"
"18380","MSMP","turquoise"
"18393","TNNT1","turquoise"
"18395","ZNF808","turquoise"
"18400","PLXNC1","turquoise"
"18413","FAM161A","turquoise"
"18427","ZNF639","turquoise"
"18429","LLPH","turquoise"
"18438","SYCP3","turquoise"
"18441","TBC1D22B","turquoise"
"18442","FCER1G","turquoise"
"18453","TIGIT","turquoise"
"18460","SMG5","turquoise"
"18463","LMNB1","turquoise"
"18464","SEC24A","turquoise"
"18465","TRPC2","turquoise"
"18468","HBA2","turquoise"
"18481","TGFB1","turquoise"
"18483","EXT1","turquoise"
"18484","PAK3","turquoise"
"18485","KDELR1","turquoise"
"18487","UTP11","turquoise"
"18489","PDE3B","turquoise"
"18490","WDR70","turquoise"
"18504","FAM76A","turquoise"
"18511","SNORD36A","turquoise"
"18522","C16orf78","turquoise"
"18523","ZNF7","turquoise"
"18533","ZKSCAN1","turquoise"
"18536","LIMCH1","turquoise"
"18542","ARL17B","turquoise"
"18546","RPL18A","turquoise"
"18551","BLNK","turquoise"
"18553","FAR1","turquoise"
"18554","SPIB","turquoise"
"18562","TMEM173","turquoise"
"18564","NACAP1","turquoise"
"18565","DEF6","turquoise"
"18569","FAM122C","turquoise"
"18570","CRIM1","turquoise"
"18577","MAN2A1","turquoise"
"18580","CHAC2","turquoise"
"18598","ZFP36L2","turquoise"
"18604","ABHD16A","turquoise"
"18606","STK38","turquoise"
"18608","EMC1","turquoise"
"18611","ARRDC5","turquoise"
"18613","KDSR","turquoise"
"18615","PSD4","turquoise"
"18621","EIF2AK1","turquoise"
"18624","SNORD48","turquoise"
"18639","CASC10","turquoise"
"18641","STXBP2","turquoise"
"18649","RPS27","turquoise"
"18656","TRIP10","turquoise"
"18657","GLYATL2","turquoise"
"18674","SNORD34","turquoise"
"18675","ITLN1","turquoise"
"18676","PIK3C2A","turquoise"
"18681","ENY2","turquoise"
"18687","NACA","turquoise"
"18696","REG4","turquoise"
"18705","UBR3","turquoise"
"18721","MMS19","turquoise"
"18724","XPO7","turquoise"
"18732","NUDT8","turquoise"
"18738","CUL5","turquoise"
"18739","DEFB104B","turquoise"
"18741","TOR2A","turquoise"
"18748","NDUFAB1","turquoise"
"18757","ARHGEF38","turquoise"
"18761","KRTAP5-6","turquoise"
"18763","NAA50","turquoise"
"18764","TMCO6","turquoise"
"18769","NAPB","turquoise"
"18778","CNRIP1","turquoise"
"18780","DDX1","turquoise"
"18782","ALDH1L2","turquoise"
"18783","RBM7","turquoise"
"18786","LIME1","turquoise"
"18796","LRTOMT","turquoise"
"18797","PRR35","turquoise"
"18800","BRSK1","turquoise"
"18806","CSRNP2","turquoise"
"18808","NOC3L","turquoise"
"18809","IL17F","turquoise"
"18811","HIST1H2AH","turquoise"
"18814","IGFALS","turquoise"
"18823","MRPS35","turquoise"
"18827","CRYBG3","turquoise"
"18828","KIR3DL2","turquoise"
"18829","PPID","turquoise"
"18831","DUX3","turquoise"
"18834","NPRL2","turquoise"
"18835","SRP19","turquoise"
"18836","CARD8","turquoise"
"18840","GPR15","turquoise"
"18841","TIMMDC1","turquoise"
"18844","TRIM16L","turquoise"
"18847","GSTM2P1","turquoise"
"18848","CLEC4G","turquoise"
"18856","PROSER3","turquoise"
"18863","INGX","turquoise"
"18865","TPPP2","turquoise"
"18867","C18orf32","turquoise"
"18868","ZFYVE21","turquoise"
"18871","RGS2","turquoise"
"18878","TMEM187","turquoise"
"18879","SPANXC","turquoise"
"18881","MYEOV","turquoise"
"18883","RFPL1S","turquoise"
"18893","VIPR1","turquoise"
"18895","ANKS4B","turquoise"
"18898","GJA10","turquoise"
"18899","NIT2","turquoise"
"18901","OR4F3","turquoise"
"18912","RBMY2EP","turquoise"
"18917","FPR3","turquoise"
"18920","OR2A9P","turquoise"
"18923","LACE1","turquoise"
"18936","SFXN1","turquoise"
"18937","C10orf54","turquoise"
"18942","NDST2","turquoise"
"18944","UGT1A3","turquoise"
"18946","SLC35F5","turquoise"
"18951","CCNJ","turquoise"
"18953","WWC2","turquoise"
"18954","IFNG","turquoise"
"18955","RABAC1","turquoise"
"18961","ARHGAP15","turquoise"
"18965","CD52","turquoise"
"18978","TMEM91","turquoise"
"18982","TMC8","turquoise"
"18988","ICAM3","turquoise"
"18989","GGTA1P","turquoise"
"18994","RAB30","turquoise"
"18997","DEFB107A","turquoise"
"18998","MXD1","turquoise"
"19012","LYL1","turquoise"
"19024","LSM1","turquoise"
"19025","PDP1","turquoise"
"19032","NEU4","turquoise"
"19036","CLEC3A","turquoise"
"19041","QRFPR","turquoise"
"19043","PRAMEF4","turquoise"
"19048","KLRK1","turquoise"
"19049","TMSB4X","turquoise"
"19051","ETF1","turquoise"
"19057","CETN3","turquoise"
"19068","ZNF805","turquoise"
"19074","FAM218A","turquoise"
"19076","INSL3","turquoise"
"19079","MZT1","turquoise"
"19081","ZNF184","turquoise"
"19083","ZC3HAV1L","turquoise"
"19085","ACSBG1","turquoise"
"19090","OR2J2","turquoise"
"19101","CCL28","turquoise"
"19103","CENPC","turquoise"
"19104","SIGLEC16","turquoise"
"19105","ZNF99","turquoise"
"19119","MX2","turquoise"
"19133","CD38","turquoise"
"19134","ACP6","turquoise"
"19135","TLE3","turquoise"
"19136","SERPINB12","turquoise"
"19142","RPGR","turquoise"
"19146","ELMO2","turquoise"
"19148","ZBTB38","turquoise"
"19154","SNX14","turquoise"
"19155","ZNF823","turquoise"
"19159","FCGR1B","turquoise"
"19160","KIAA0368","turquoise"
"19164","BCAP29","turquoise"
"19166","SUSD4","turquoise"
"19171","NPRL3","turquoise"
"19178","PPIP5K1","turquoise"
"19179","PDE7A","turquoise"
"19189","TBXAS1","turquoise"
"19190","DNA2","turquoise"
"19200","OTUD4","turquoise"
"19202","NOBOX","turquoise"
"19206","UBN1","turquoise"
"19207","MEGF9","turquoise"
"19208","RPL21","turquoise"
"19213","CLEC12A","turquoise"
"19215","RAB28","turquoise"
"19217","A3GALT2","turquoise"
"19235","FUS","turquoise"
"19237","ZNF302","turquoise"
"19249","SERPINA11","turquoise"
"19251","TMEM132A","turquoise"
"19252","PSMA3","turquoise"
"19254","ACYP1","turquoise"
"19255","P2RY12","turquoise"
"19259","NCKAP1","turquoise"
"19267","PLEKHM3","turquoise"
"19268","CMTM1","turquoise"
"19273","MS4A7","turquoise"
"19275","NARF","turquoise"
"19282","KTN1","turquoise"
"19288","GEMIN2","turquoise"
"19296","EED","turquoise"
"19298","IFFO1","turquoise"
"19303","FUBP3","turquoise"
"19313","RSRC2","turquoise"
"19319","PPARA","turquoise"
"19320","SFXN4","turquoise"
"19323","PXDN","turquoise"
"19326","SLC16A3","turquoise"
"19330","FERMT3","turquoise"
"19335","FBXO25","turquoise"
"19348","LTB","turquoise"
"19349","SMARCA1","turquoise"
"19354","XRCC4","turquoise"
"19355","FCAR","turquoise"
"19356","USP45","turquoise"
"19361","TRAF3","turquoise"
"19365","VWC2L","turquoise"
"19369","EPSTI1","turquoise"
"19370","GOPC","turquoise"
"19371","ACTR2","turquoise"
"19375","SLC22A6","turquoise"
"19384","KDM6B","turquoise"
"19385","PYCARD","turquoise"
"19390","PRSS54","turquoise"
"19392","USP9X","turquoise"
"19393","AKAP9","turquoise"
"19395","H3F3AP4","turquoise"
"19396","CATSPER2","turquoise"
"19409","15-Sep","turquoise"
"19412","RGS13","turquoise"
"19414","SNHG10","turquoise"
"19415","JMJD1C","turquoise"
"4","DUSP22","yellow"
"25","TICAM2","yellow"
"29","PCBD2","yellow"
"98","ZFYVE16","yellow"
"100","FHOD1","yellow"
"109","BASP1","yellow"
"117","UBIAD1","yellow"
"120","KCNA4","yellow"
"128","TPST1","yellow"
"132","TP53I3","yellow"
"136","KNSTRN","yellow"
"154","PNKD","yellow"
"164","POPDC3","yellow"
"175","MEGF10","yellow"
"176","TTC8","yellow"
"178","SPAG1","yellow"
"179","FN3KRP","yellow"
"187","RAB2A","yellow"
"196","TMEM98","yellow"
"198","TUBA3E","yellow"
"201","THAP7","yellow"
"207","MVB12B","yellow"
"221","FAM89A","yellow"
"234","ERF","yellow"
"264","TUBA3FP","yellow"
"272","NBPF10","yellow"
"288","CNBD2","yellow"
"289","ECH1","yellow"
"328","TAF12","yellow"
"334","NKIRAS2","yellow"
"350","GLUL","yellow"
"353","S1PR1","yellow"
"386","MLC1","yellow"
"395","FGF13","yellow"
"398","UBASH3B","yellow"
"400","ZNF483","yellow"
"415","TPTE2","yellow"
"428","COX6C","yellow"
"436","PCDHGA3","yellow"
"447","HEYL","yellow"
"449","ZNF24","yellow"
"455","RGL1","yellow"
"467","ZP1","yellow"
"478","CPSF1","yellow"
"527","DNMT3A","yellow"
"534","NUTF2","yellow"
"536","PRDM1","yellow"
"560","MDM1","yellow"
"593","TRIM27","yellow"
"595","EIF4B","yellow"
"598","ASAH1","yellow"
"600","FLCN","yellow"
"602","ING1","yellow"
"603","ZMYND12","yellow"
"612","RET","yellow"
"615","GSTA2","yellow"
"623","ZNF804A","yellow"
"624","AK2","yellow"
"625","MPDU1","yellow"
"629","ABHD5","yellow"
"645","TAF1A","yellow"
"654","DEFB131","yellow"
"655","FBXW7","yellow"
"660","ELL2","yellow"
"687","SLC39A10","yellow"
"694","C11orf80","yellow"
"697","ADAMTS19","yellow"
"703","E2F6","yellow"
"713","SPOCK2","yellow"
"715","GOSR2","yellow"
"738","PPP2R3A","yellow"
"743","TRPC6","yellow"
"751","OSBPL2","yellow"
"753","FGA","yellow"
"764","PARM1","yellow"
"776","BHMT","yellow"
"786","THSD7A","yellow"
"792","TIMM17A","yellow"
"799","RBP1","yellow"
"810","CRIP1","yellow"
"811","SEMA5A","yellow"
"822","NLRP10","yellow"
"836","PTPRU","yellow"
"838","ADAT1","yellow"
"857","SULT1A1","yellow"
"871","SPPL3","yellow"
"887","HR","yellow"
"895","ASNA1","yellow"
"905","STAP2","yellow"
"906","ZMYM6","yellow"
"912","CCDC69","yellow"
"919","ZNF254","yellow"
"926","EIF5","yellow"
"954","MTFP1","yellow"
"957","FMNL3","yellow"
"975","ZNF365","yellow"
"976","KBTBD6","yellow"
"1009","ECM1","yellow"
"1013","PAMR1","yellow"
"1015","PAN2","yellow"
"1030","TRAPPC13","yellow"
"1038","IL1A","yellow"
"1039","MRPL54","yellow"
"1040","RGCC","yellow"
"1064","ELFN2","yellow"
"1067","ST6GALNAC2","yellow"
"1069","FAM19A4","yellow"
"1075","HACD3","yellow"
"1077","PEX19","yellow"
"1078","PIGF","yellow"
"1081","BRE","yellow"
"1140","CARD19","yellow"
"1149","TNFRSF8","yellow"
"1158","ELP4","yellow"
"1169","TXNDC17","yellow"
"1181","FAM24B","yellow"
"1182","MED8","yellow"
"1187","SEC61A1","yellow"
"1193","MYCBP","yellow"
"1204","LAMP2","yellow"
"1207","MRAP","yellow"
"1220","RAET1G","yellow"
"1225","SNAP29","yellow"
"1235","GNAQ","yellow"
"1238","PPP1R15A","yellow"
"1246","CLP1","yellow"
"1251","HILPDA","yellow"
"1261","POLE4","yellow"
"1287","PDE12","yellow"
"1291","LRPAP1","yellow"
"1305","ABHD17B","yellow"
"1311","RPN1","yellow"
"1314","WLS","yellow"
"1317","VWA1","yellow"
"1321","C15orf40","yellow"
"1322","C1orf43","yellow"
"1323","GABRB3","yellow"
"1335","RAB31","yellow"
"1347","ATP2B3","yellow"
"1355","WFDC1","yellow"
"1358","CAB39L","yellow"
"1360","DDB2","yellow"
"1362","CLCN3","yellow"
"1366","ZC3H6","yellow"
"1367","AMPD3","yellow"
"1369","RIN1","yellow"
"1396","WFDC10B","yellow"
"1401","TMF1","yellow"
"1431","GRIK2","yellow"
"1434","THAP6","yellow"
"1441","ARF1","yellow"
"1447","SH3GL2","yellow"
"1459","TVP23B","yellow"
"1467","ARSD","yellow"
"1473","PPP4R3B","yellow"
"1486","FAM129B","yellow"
"1488","CENPJ","yellow"
"1489","NR3C2","yellow"
"1498","OR52A5","yellow"
"1508","METTL6","yellow"
"1521","TCP11","yellow"
"1540","RANGAP1","yellow"
"1543","MDP1","yellow"
"1546","RABL3","yellow"
"1547","VPS33A","yellow"
"1554","PLA2G4D","yellow"
"1556","HIST1H4K","yellow"
"1574","PLPPR4","yellow"
"1575","CLDN18","yellow"
"1595","COL4A3","yellow"
"1606","WFIKKN2","yellow"
"1609","NBPF11","yellow"
"1611","TXNDC15","yellow"
"1634","PSD2","yellow"
"1637","CD82","yellow"
"1642","FNDC4","yellow"
"1659","SRP54","yellow"
"1677","SLC2A10","yellow"
"1686","TIMP4","yellow"
"1704","WHSC1","yellow"
"1724","MAOA","yellow"
"1732","ATP13A3","yellow"
"1738","ZNF442","yellow"
"1742","FAM180A","yellow"
"1747","TGFBI","yellow"
"1776","ERGIC1","yellow"
"1791","ATXN7L2","yellow"
"1814","TCF3","yellow"
"1824","CRMP1","yellow"
"1844","NSUN6","yellow"
"1849","CYP51A1","yellow"
"1853","TMBIM4","yellow"
"1860","EFR3A","yellow"
"1861","FBXO18","yellow"
"1869","ID1","yellow"
"1889","NPR3","yellow"
"1893","TCHP","yellow"
"1894","SERINC3","yellow"
"1896","SPTLC1","yellow"
"1900","C6orf89","yellow"
"1903","RBBP6","yellow"
"1921","TRMT1L","yellow"
"1946","SORCS1","yellow"
"1955","BRF2","yellow"
"1957","PLIN1","yellow"
"1964","LCA5L","yellow"
"1967","IL15RA","yellow"
"1974","UFD1L","yellow"
"1995","KIF25","yellow"
"1996","LASP1","yellow"
"2011","TNFRSF10D","yellow"
"2036","MIS18BP1","yellow"
"2041","AMFR","yellow"
"2047","ALG10B","yellow"
"2056","WNT4","yellow"
"2069","CCR10","yellow"
"2077","GCNT1","yellow"
"2080","SLC25A19","yellow"
"2096","BTBD3","yellow"
"2113","KCNQ2","yellow"
"2115","SYNE1","yellow"
"2133","ASH2L","yellow"
"2134","MEI1","yellow"
"2143","HSBP1","yellow"
"2144","PDPR","yellow"
"2145","EIF4A3","yellow"
"2153","AP3M1","yellow"
"2159","NANP","yellow"
"2160","S100A13","yellow"
"2161","NKX3-1","yellow"
"2162","AIFM1","yellow"
"2179","VASN","yellow"
"2193","TMEM114","yellow"
"2198","HINFP","yellow"
"2202","C12orf65","yellow"
"2219","SPCS3","yellow"
"2229","HAND2","yellow"
"2241","TRIM67","yellow"
"2250","KBTBD4","yellow"
"2275","LTC4S","yellow"
"2286","CDC37","yellow"
"2311","JOSD1","yellow"
"2351","AADACL4","yellow"
"2352","LYPD1","yellow"
"2354","HECTD2","yellow"
"2382","FUNDC2","yellow"
"2405","BRPF1","yellow"
"2406","RHOT2","yellow"
"2425","CHGA","yellow"
"2426","YBX1","yellow"
"2438","WDR6","yellow"
"2464","PDLIM2","yellow"
"2468","ZNF792","yellow"
"2471","TMEM108","yellow"
"2477","ERLIN2","yellow"
"2478","RAD54B","yellow"
"2483","PRLR","yellow"
"2484","NUDT14","yellow"
"2490","NCAPG2","yellow"
"2507","TMEM38B","yellow"
"2509","RGS22","yellow"
"2525","NOSTRIN","yellow"
"2526","CLEC2D","yellow"
"2531","FADS1","yellow"
"2566","TCAF1","yellow"
"2579","FAF2","yellow"
"2584","PXMP2","yellow"
"2587","NDRG2","yellow"
"2589","WDR78","yellow"
"2590","HSPA13","yellow"
"2621","USP25","yellow"
"2627","MTR","yellow"
"2629","FAM84B","yellow"
"2632","GRPEL1","yellow"
"2639","ZNF207","yellow"
"2644","INSR","yellow"
"2659","THRAP3","yellow"
"2667","C6orf222","yellow"
"2673","XXYLT1","yellow"
"2678","MRPL13","yellow"
"2693","ODF2","yellow"
"2696","UXT","yellow"
"2704","C19orf53","yellow"
"2706","TCAIM","yellow"
"2719","HOMER2","yellow"
"2720","PC","yellow"
"2725","NLGN4X","yellow"
"2743","AVPI1","yellow"
"2746","F12","yellow"
"2750","TAF1C","yellow"
"2762","MTA1","yellow"
"2777","PTPRB","yellow"
"2780","P4HTM","yellow"
"2785","CHCHD1","yellow"
"2786","ECE1","yellow"
"2795","ZC3H12A","yellow"
"2815","SPPL2B","yellow"
"2820","DPYSL2","yellow"
"2824","GIPC2","yellow"
"2830","SCN9A","yellow"
"2832","MTURN","yellow"
"2833","PLPP3","yellow"
"2834","CDH11","yellow"
"2840","SC5D","yellow"
"2856","FBXO8","yellow"
"2859","MELTF","yellow"
"2871","MFSD7","yellow"
"2872","EP400","yellow"
"2873","RBM15B","yellow"
"2874","CHCHD3","yellow"
"2899","TRAPPC2","yellow"
"2911","BDH2","yellow"
"2912","ADGRE5","yellow"
"2938","ADAMTS1","yellow"
"2947","ABI3BP","yellow"
"2948","HYOU1","yellow"
"2949","PBK","yellow"
"2951","SLC46A1","yellow"
"2975","CST2","yellow"
"2979","NBPF9","yellow"
"2990","NUP205","yellow"
"2992","TPTE2P6","yellow"
"2997","C11orf53","yellow"
"3012","SORBS2","yellow"
"3035","FKBP2","yellow"
"3073","SGCE","yellow"
"3082","CIRBP","yellow"
"3105","MFSD10","yellow"
"3106","5-Sep","yellow"
"3110","ANO6","yellow"
"3114","TMEM51","yellow"
"3115","ANAPC11","yellow"
"3120","BEND5","yellow"
"3122","IGF1R","yellow"
"3129","EDNRB","yellow"
"3144","PLXND1","yellow"
"3157","SOX14","yellow"
"3158","LARP4","yellow"
"3159","AURKC","yellow"
"3163","PLPP5","yellow"
"3167","NBPF15","yellow"
"3168","SMURF2","yellow"
"3188","BLCAP","yellow"
"3195","ICOSLG","yellow"
"3200","FAM114A2","yellow"
"3201","APOA4","yellow"
"3203","UBE2R2","yellow"
"3209","EPDR1","yellow"
"3211","FAM101A","yellow"
"3218","SH3BP5","yellow"
"3224","DUSP15","yellow"
"3233","MRPS26","yellow"
"3234","ALOX15","yellow"
"3245","STK26","yellow"
"3253","ZNF460","yellow"
"3287","METTL1","yellow"
"3306","SEC24C","yellow"
"3312","ARID4A","yellow"
"3315","DISC1","yellow"
"3317","TNFRSF11B","yellow"
"3322","2-Sep","yellow"
"3328","MFAP1","yellow"
"3331","BTAF1","yellow"
"3336","CORO2B","yellow"
"3350","DDIT3","yellow"
"3367","FAM168B","yellow"
"3371","IGFBPL1","yellow"
"3382","TH","yellow"
"3390","MTUS2","yellow"
"3393","SMIM19","yellow"
"3418","EPYC","yellow"
"3425","OVCA2","yellow"
"3435","CHST1","yellow"
"3445","BRCA2","yellow"
"3459","FMO4","yellow"
"3463","SHISA4","yellow"
"3464","AFF3","yellow"
"3473","HIRIP3","yellow"
"3474","FGB","yellow"
"3481","MAP3K4","yellow"
"3486","LSM7","yellow"
"3496","CHRDL1","yellow"
"3506","AASS","yellow"
"3536","RUFY4","yellow"
"3545","DBR1","yellow"
"3554","SIL1","yellow"
"3555","NOMO1","yellow"
"3577","ERN2","yellow"
"3580","HERC4","yellow"
"3584","WDR55","yellow"
"3593","SLC3A2","yellow"
"3604","NSMCE4A","yellow"
"3613","HSPA9","yellow"
"3614","WNT16","yellow"
"3622","TGM2","yellow"
"3646","INTS10","yellow"
"3647","ULK3","yellow"
"3648","CSNK2A1","yellow"
"3653","TIMM23","yellow"
"3657","SGSM3","yellow"
"3659","LOC389033","yellow"
"3667","TMEM87B","yellow"
"3668","MMP27","yellow"
"3669","EXT2","yellow"
"3670","CYB561","yellow"
"3679","TOMM20","yellow"
"3693","ALAD","yellow"
"3722","SLC35C1","yellow"
"3726","NSUN2","yellow"
"3729","CARM1","yellow"
"3758","MYOM1","yellow"
"3762","NSF","yellow"
"3771","SSR4","yellow"
"3772","ASB7","yellow"
"3773","NUDT13","yellow"
"3791","CREG1","yellow"
"3792","PDIA6","yellow"
"3794","MIOS","yellow"
"3835","SARNP","yellow"
"3839","CGRRF1","yellow"
"3856","CCDC33","yellow"
"3857","ZBTB39","yellow"
"3881","SIGLEC7","yellow"
"3891","CRLF1","yellow"
"3898","PTPN1","yellow"
"3915","DNASE1L1","yellow"
"3929","CRB2","yellow"
"3930","ZNF606","yellow"
"3936","BMP8A","yellow"
"3938","ADAMTS5","yellow"
"3955","GAL","yellow"
"3959","SRI","yellow"
"3964","PSMA4","yellow"
"3966","IGSF10","yellow"
"3988","DCAF7","yellow"
"3997","MASTL","yellow"
"4000","CTU1","yellow"
"4008","ADGRD1","yellow"
"4021","RNF146","yellow"
"4026","VMA21","yellow"
"4043","STAMBPL1","yellow"
"4056","LYPLAL1","yellow"
"4072","PTRH2","yellow"
"4075","COA5","yellow"
"4082","UNG","yellow"
"4094","DCN","yellow"
"4101","DNAJC1","yellow"
"4109","SMC4","yellow"
"4112","PRR18","yellow"
"4114","HFE","yellow"
"4132","ZDHHC4","yellow"
"4133","SNRPG","yellow"
"4140","C11orf70","yellow"
"4165","HSD17B13","yellow"
"4166","ZNF484","yellow"
"4169","ACY1","yellow"
"4182","VIPR2","yellow"
"4187","RSG1","yellow"
"4188","OXSM","yellow"
"4205","TPI1P2","yellow"
"4209","DYRK2","yellow"
"4212","GPKOW","yellow"
"4222","SNORD38A","yellow"
"4223","PNPO","yellow"
"4224","ANP32B","yellow"
"4233","TNFAIP8L1","yellow"
"4236","SMIM3","yellow"
"4238","COPB2","yellow"
"4255","TSTD2","yellow"
"4256","KRTAP15-1","yellow"
"4269","SPAG4","yellow"
"4275","HDAC11","yellow"
"4302","ASTN1","yellow"
"4305","PDK4","yellow"
"4306","RCE1","yellow"
"4309","EAF1","yellow"
"4310","CAPN7","yellow"
"4311","ASL","yellow"
"4313","CYP3A7","yellow"
"4314","CHI3L2","yellow"
"4324","POLR3D","yellow"
"4330","ADCY6","yellow"
"4332","CPB1","yellow"
"4354","SUMF2","yellow"
"4365","NAA16","yellow"
"4368","LRRTM4","yellow"
"4372","RGS7","yellow"
"4384","TMEM41A","yellow"
"4395","TTC9C","yellow"
"4403","NTSR2","yellow"
"4405","NIPA2","yellow"
"4416","B4GALT5","yellow"
"4418","SLC7A2","yellow"
"4428","SRC","yellow"
"4447","CCL23","yellow"
"4451","GGA2","yellow"
"4473","KDR","yellow"
"4489","SLC37A3","yellow"
"4509","KCNK4","yellow"
"4528","SS18","yellow"
"4537","GJC1","yellow"
"4538","ADAMTSL4","yellow"
"4560","CDNF","yellow"
"4572","MRPS23","yellow"
"4579","HCN1","yellow"
"4580","CRYGN","yellow"
"4587","HIPK2","yellow"
"4609","TGFB3","yellow"
"4617","BAALC","yellow"
"4619","NCOA7","yellow"
"4620","RAD17","yellow"
"4622","TMEM132C","yellow"
"4627","ZNF311","yellow"
"4628","HM13","yellow"
"4643","RNF4","yellow"
"4656","CST5","yellow"
"4660","NAT1","yellow"
"4664","TBC1D4","yellow"
"4668","ZNF713","yellow"
"4675","KLK10","yellow"
"4678","TREM1","yellow"
"4686","RCAN3","yellow"
"4708","CCND1","yellow"
"4724","ZNF274","yellow"
"4727","CLCN2","yellow"
"4736","ZEB2","yellow"
"4739","IL13RA2","yellow"
"4749","OGN","yellow"
"4756","DIRAS3","yellow"
"4774","PIK3R1","yellow"
"4779","NAA20","yellow"
"4783","CXCL12","yellow"
"4784","PEMT","yellow"
"4805","SNORD14D","yellow"
"4810","NUBP1","yellow"
"4820","EIF3G","yellow"
"4822","SP7","yellow"
"4823","ATP6V1H","yellow"
"4840","STAR","yellow"
"4874","TM7SF2","yellow"
"4905","HNRNPUL1","yellow"
"4907","DLEC1","yellow"
"4908","CRADD","yellow"
"4916","CLCN5","yellow"
"4917","FAM118B","yellow"
"4927","FAM212A","yellow"
"4944","RALY","yellow"
"4956","PEX11A","yellow"
"4962","SURF4","yellow"
"4966","TRMT112","yellow"
"4976","DNAJB6","yellow"
"4979","APOA1","yellow"
"4983","C16orf87","yellow"
"4996","TGFBR3L","yellow"
"5003","SPATA2L","yellow"
"5006","RNF122","yellow"
"5007","VTN","yellow"
"5009","RAB18","yellow"
"5016","TMX1","yellow"
"5035","SLC9B1","yellow"
"5042","DNPEP","yellow"
"5049","PRDM4","yellow"
"5050","BLVRA","yellow"
"5070","TST","yellow"
"5105","RABIF","yellow"
"5111","CDON","yellow"
"5122","FLJ35934","yellow"
"5130","CENPBD1","yellow"
"5131","MXRA7","yellow"
"5136","ELOVL3","yellow"
"5137","ZNF226","yellow"
"5140","TSC22D1","yellow"
"5151","TEX261","yellow"
"5167","PQBP1","yellow"
"5171","ZNRD1","yellow"
"5219","CTDSP2","yellow"
"5228","VEGFA","yellow"
"5234","MLH3","yellow"
"5241","FUT8","yellow"
"5253","ACBD5","yellow"
"5267","P4HA1","yellow"
"5270","CPEB1","yellow"
"5282","FBXL12","yellow"
"5284","NBPF1","yellow"
"5296","RTN4","yellow"
"5299","PGM3","yellow"
"5310","RPH3AL","yellow"
"5327","ATP8A2","yellow"
"5340","WNT2","yellow"
"5384","EIF3F","yellow"
"5391","ZBED1","yellow"
"5395","CELSR1","yellow"
"5403","DDA1","yellow"
"5404","RMND1","yellow"
"5409","PAQR8","yellow"
"5413","C1QTNF1","yellow"
"5417","ZFAND2A","yellow"
"5419","MAD2L1BP","yellow"
"5426","SMIM7","yellow"
"5440","AMY2B","yellow"
"5443","SERPINB11","yellow"
"5449","TTC29","yellow"
"5450","NAGLU","yellow"
"5459","GATA6","yellow"
"5461","UNC79","yellow"
"5478","RPP25","yellow"
"5480","PDE5A","yellow"
"5486","RCBTB1","yellow"
"5497","LY6E","yellow"
"5518","ADRB2","yellow"
"5520","DCBLD1","yellow"
"5529","FAM105A","yellow"
"5534","AMDHD2","yellow"
"5568","ETNK1","yellow"
"5594","STRN4","yellow"
"5597","STMND1","yellow"
"5631","DDIT4L","yellow"
"5634","ATP2C1","yellow"
"5644","SLC38A6","yellow"
"5657","KHDC1","yellow"
"5658","POLA2","yellow"
"5679","LRRN4CL","yellow"
"5686","ZDHHC17","yellow"
"5696","EMILIN2","yellow"
"5700","DYNLRB2","yellow"
"5708","TINF2","yellow"
"5711","IL1RL1","yellow"
"5713","REEP6","yellow"
"5715","TM2D3","yellow"
"5732","EFCAB14","yellow"
"5733","SNU13","yellow"
"5739","NRARP","yellow"
"5746","MAP2K6","yellow"
"5764","GNRH2","yellow"
"5766","PLD2","yellow"
"5780","NCK1","yellow"
"5785","NBPF14","yellow"
"5787","NOP9","yellow"
"5795","TAGLN3","yellow"
"5797","IFNA2","yellow"
"5798","AASDHPPT","yellow"
"5804","RWDD2B","yellow"
"5807","FANCB","yellow"
"5808","DNAJC8","yellow"
"5810","CCNL2","yellow"
"5816","NIT1","yellow"
"5819","NHLRC3","yellow"
"5847","NID2","yellow"
"5848","NHLRC2","yellow"
"5867","OR5AS1","yellow"
"5882","SOAT1","yellow"
"5906","SLC30A6","yellow"
"5923","NRP1","yellow"
"5930","CCT6B","yellow"
"5932","GATS","yellow"
"5943","SPTSSA","yellow"
"5945","TNFRSF21","yellow"
"5960","TNPO1","yellow"
"5964","CES4A","yellow"
"5977","MANEA","yellow"
"5980","TCTA","yellow"
"5993","FRMD4B","yellow"
"6004","WDR86","yellow"
"6007","JKAMP","yellow"
"6010","SDCBP2","yellow"
"6020","TRIM50","yellow"
"6022","TMEM208","yellow"
"6059","UBFD1","yellow"
"6086","N6AMT1","yellow"
"6092","C2orf49","yellow"
"6099","PLA2G7","yellow"
"6110","COX7A2","yellow"
"6113","UBE2M","yellow"
"6118","TBX3","yellow"
"6120","HIP1","yellow"
"6122","RAP1B","yellow"
"6125","TIMP3","yellow"
"6149","KLHL15","yellow"
"6154","SEC11C","yellow"
"6162","GSTA1","yellow"
"6209","PCDHA5","yellow"
"6224","DRP2","yellow"
"6228","CST9","yellow"
"6248","ADPRM","yellow"
"6262","SLC33A1","yellow"
"6300","CACNA1G","yellow"
"6301","MAGEB10","yellow"
"6305","FAM196A","yellow"
"6316","LYRM2","yellow"
"6323","FGG","yellow"
"6325","OR12D3","yellow"
"6338","INAFM1","yellow"
"6347","VPS41","yellow"
"6355","ZNF593","yellow"
"6367","PCDH20","yellow"
"6385","GPR12","yellow"
"6393","SERPINB3","yellow"
"6402","PTGER2","yellow"
"6425","DHRSX","yellow"
"6428","ATP13A2","yellow"
"6439","C6orf106","yellow"
"6459","GPR20","yellow"
"6471","ABCA13","yellow"
"6477","TRMT44","yellow"
"6478","PPP2R1B","yellow"
"6480","APOL4","yellow"
"6495","USP38","yellow"
"6501","SARDH","yellow"
"6516","SF3A3","yellow"
"6522","FOXC2","yellow"
"6525","TMEM110","yellow"
"6526","PRTG","yellow"
"6533","PTPRD","yellow"
"6544","THEG","yellow"
"6547","CYP2S1","yellow"
"6559","MPP4","yellow"
"6572","COPS8","yellow"
"6579","CMSS1","yellow"
"6583","TIGD5","yellow"
"6600","SNRNP200","yellow"
"6625","RNF157","yellow"
"6630","COX16","yellow"
"6631","MRPL33","yellow"
"6642","HUS1B","yellow"
"6648","HOXA7","yellow"
"6679","KLHL5","yellow"
"6702","PIWIL2","yellow"
"6711","REV1","yellow"
"6718","ZNF180","yellow"
"6776","ZNF37A","yellow"
"6780","TPI1","yellow"
"6782","CMC1","yellow"
"6788","CIB4","yellow"
"6804","DHRS7B","yellow"
"6828","LAGE3","yellow"
"6835","COPG1","yellow"
"6861","PIGP","yellow"
"6865","AFF4","yellow"
"6870","RBPJ","yellow"
"6880","NT5DC2","yellow"
"6896","SEBOX","yellow"
"6901","LOC374443","yellow"
"6915","CCNY","yellow"
"6922","TGIF2","yellow"
"6932","ELP2","yellow"
"6951","TM9SF1","yellow"
"6975","LOC400661","yellow"
"6977","MAPK7","yellow"
"6978","IFI27L1","yellow"
"6984","LRRC15","yellow"
"6988","BMP4","yellow"
"6999","PCDHGB1","yellow"
"7007","PLP1","yellow"
"7012","RPL41","yellow"
"7024","SLF2","yellow"
"7025","MFSD6","yellow"
"7046","LGR4","yellow"
"7062","C8A","yellow"
"7063","DUOXA1","yellow"
"7066","MTMR8","yellow"
"7100","CDK5RAP1","yellow"
"7108","YPEL5","yellow"
"7111","B3GNT2","yellow"
"7114","ARC","yellow"
"7117","WRAP73","yellow"
"7120","ZNF331","yellow"
"7130","ARHGDIG","yellow"
"7134","PODXL","yellow"
"7136","NUDT5","yellow"
"7178","C12orf42","yellow"
"7199","ANXA2","yellow"
"7210","TMEM115","yellow"
"7213","FAM19A5","yellow"
"7217","RCAN1","yellow"
"7225","PPP1R3B","yellow"
"7228","WNT10B","yellow"
"7237","WISP3","yellow"
"7241","CUTA","yellow"
"7258","DDX11","yellow"
"7265","S100A3","yellow"
"7278","AIFM2","yellow"
"7289","GSKIP","yellow"
"7291","LRRC41","yellow"
"7302","SHE","yellow"
"7310","DNAJB12","yellow"
"7313","PFN1","yellow"
"7319","ABCC11","yellow"
"7341","FSCN2","yellow"
"7353","PHYHIP","yellow"
"7355","FAM160A2","yellow"
"7360","AQP8","yellow"
"7362","CWC15","yellow"
"7365","ST3GAL5","yellow"
"7382","FBXO11","yellow"
"7401","PPM1H","yellow"
"7403","NME1","yellow"
"7405","SMIM14","yellow"
"7410","C3orf33","yellow"
"7448","RDH10","yellow"
"7461","MARCKSL1","yellow"
"7470","GAL3ST2","yellow"
"7483","NAV3","yellow"
"7490","TRIB2","yellow"
"7498","CNIH4","yellow"
"7517","NFKB1","yellow"
"7522","ERMAP","yellow"
"7529","HAAO","yellow"
"7543","HSD17B8","yellow"
"7548","B4GAT1","yellow"
"7551","MAGEA2B","yellow"
"7569","DBP","yellow"
"7594","RNASEK","yellow"
"7607","LMAN1","yellow"
"7609","FBXO16","yellow"
"7649","PROK1","yellow"
"7665","LAYN","yellow"
"7680","RAB7A","yellow"
"7687","ABCG5","yellow"
"7693","NPC2","yellow"
"7695","SAYSD1","yellow"
"7700","CEBPG","yellow"
"7701","APBB2","yellow"
"7705","TMEM87A","yellow"
"7706","GORASP1","yellow"
"7715","RPA3","yellow"
"7733","MOB3B","yellow"
"7744","AQR","yellow"
"7749","MZT2B","yellow"
"7765","MDFIC","yellow"
"7778","C17orf64","yellow"
"7795","VPS11","yellow"
"7807","GOLGA7B","yellow"
"7812","TMEM132B","yellow"
"7827","MIS12","yellow"
"7842","CDHR2","yellow"
"7843","MYLK3","yellow"
"7854","MTIF3","yellow"
"7856","STAC2","yellow"
"7859","NECTIN2","yellow"
"7862","ITPA","yellow"
"7863","C7orf50","yellow"
"7867","DOC2B","yellow"
"7869","MRPS28","yellow"
"7883","CYP4F8","yellow"
"7889","LRP5L","yellow"
"7894","USP19","yellow"
"7902","MAMSTR","yellow"
"7920","KCTD2","yellow"
"7928","SERPINB8","yellow"
"7929","BNIP3L","yellow"
"7933","GADD45B","yellow"
"7938","AMY1A","yellow"
"7974","P4HB","yellow"
"7986","EPHX4","yellow"
"7988","ARF4","yellow"
"7993","BICC1","yellow"
"8009","PLD1","yellow"
"8020","MESDC2","yellow"
"8030","KLHL13","yellow"
"8032","FGF11","yellow"
"8043","HMBOX1","yellow"
"8054","GMPPB","yellow"
"8057","ADSSL1","yellow"
"8075","HELQ","yellow"
"8101","CSNK1D","yellow"
"8119","PSMD5","yellow"
"8129","LCN1","yellow"
"8146","DKKL1","yellow"
"8147","TGM1","yellow"
"8162","C22orf23","yellow"
"8172","LOC100506127","yellow"
"8190","APOO","yellow"
"8192","C19orf73","yellow"
"8235","APOC3","yellow"
"8264","SHPRH","yellow"
"8294","RCHY1","yellow"
"8302","LDHD","yellow"
"8323","EIF4A1","yellow"
"8327","C6orf52","yellow"
"8360","FAM122A","yellow"
"8372","HK2","yellow"
"8375","AJAP1","yellow"
"8389","GRAMD4","yellow"
"8391","RSL1D1","yellow"
"8401","MRPS6","yellow"
"8418","TNK1","yellow"
"8421","CBX4","yellow"
"8436","KDELR2","yellow"
"8444","RGS3","yellow"
"8449","ERLEC1","yellow"
"8452","INO80E","yellow"
"8454","USP46","yellow"
"8456","PRRT2","yellow"
"8462","RFC4","yellow"
"8470","EDC3","yellow"
"8471","SLC2A8","yellow"
"8474","BNIP3","yellow"
"8480","RAB33A","yellow"
"8482","NCK2","yellow"
"8489","CD59","yellow"
"8500","SLC22A18","yellow"
"8504","EIF2AK3","yellow"
"8511","DPY19L3","yellow"
"8512","TSPAN31","yellow"
"8518","CA9","yellow"
"8521","INTS12","yellow"
"8522","FOSL2","yellow"
"8527","GSTK1","yellow"
"8568","SLC25A30","yellow"
"8580","DNAJC12","yellow"
"8583","GABRG3","yellow"
"8586","S100A2","yellow"
"8618","TBCA","yellow"
"8619","TGFBR2","yellow"
"8640","METTL9","yellow"
"8643","EFCAB3","yellow"
"8649","SEL1L","yellow"
"8653","MAP3K5","yellow"
"8659","CD248","yellow"
"8674","TMIE","yellow"
"8675","APTX","yellow"
"8676","COPS4","yellow"
"8687","PRR15","yellow"
"8692","CFAP99","yellow"
"8699","DDX46","yellow"
"8701","SFTPB","yellow"
"8704","RASGRP3","yellow"
"8705","PPFIA1","yellow"
"8710","MIEN1","yellow"
"8712","GJA1","yellow"
"8715","PPP1R16B","yellow"
"8757","ARSE","yellow"
"8782","TNFAIP2","yellow"
"8784","GPBAR1","yellow"
"8795","STK35","yellow"
"8797","CFI","yellow"
"8800","SLC35B1","yellow"
"8808","ALDH3B1","yellow"
"8820","SDHAF4","yellow"
"8837","POLE","yellow"
"8840","KIAA1524","yellow"
"8854","PSMD4","yellow"
"8855","MED29","yellow"
"8863","IGFBP1","yellow"
"8874","FUNDC1","yellow"
"8907","F2RL2","yellow"
"8913","NR2C1","yellow"
"8922","CHPT1","yellow"
"8924","TMEM248","yellow"
"8925","CENPV","yellow"
"8926","EBAG9","yellow"
"8929","EFL1","yellow"
"8945","SPHK2","yellow"
"8966","ADGRB1","yellow"
"8969","UGDH","yellow"
"8977","PEX7","yellow"
"8978","SLC16A6","yellow"
"8991","ODAM","yellow"
"8994","SPRYD4","yellow"
"9013","COMT","yellow"
"9021","RNF39","yellow"
"9024","EEF1AKMT1","yellow"
"9026","ATP1B1","yellow"
"9028","SIGLEC8","yellow"
"9033","CCDC115","yellow"
"9037","MRPS18A","yellow"
"9068","YTHDF2","yellow"
"9069","LGALS3","yellow"
"9077","ERLIN1","yellow"
"9078","TMEM205","yellow"
"9085","PHF12","yellow"
"9101","KLHDC3","yellow"
"9102","TMEM59L","yellow"
"9114","KCTD14","yellow"
"9123","ZBTB43","yellow"
"9136","NKD2","yellow"
"9164","RBFOX1","yellow"
"9174","AP3S2","yellow"
"9178","DAD1","yellow"
"9180","CASP3","yellow"
"9183","FOXJ2","yellow"
"9201","UBXN8","yellow"
"9202","SCN4A","yellow"
"9209","OR2A5","yellow"
"9212","DPM2","yellow"
"9219","RBKS","yellow"
"9233","ID3","yellow"
"9240","C2orf15","yellow"
"9243","CRHR1","yellow"
"9246","HSPA4L","yellow"
"9250","CHMP5","yellow"
"9262","KERA","yellow"
"9263","HCFC1","yellow"
"9277","CHST7","yellow"
"9284","ITGB8","yellow"
"9285","SIPA1L2","yellow"
"9306","GNB4","yellow"
"9308","PSMD8","yellow"
"9335","LOXL3","yellow"
"9340","PQLC2","yellow"
"9348","SNAP91","yellow"
"9350","BLOC1S6","yellow"
"9354","AZI2","yellow"
"9356","IMP3","yellow"
"9361","TMEM179B","yellow"
"9370","GALR2","yellow"
"9373","UBALD1","yellow"
"9375","SH2D2A","yellow"
"9380","PREB","yellow"
"9390","CLSTN3","yellow"
"9391","DCLRE1A","yellow"
"9398","RNGTT","yellow"
"9402","ZNF770","yellow"
"9411","GPX4","yellow"
"9429","TC2N","yellow"
"9432","BDKRB1","yellow"
"9437","SLC5A12","yellow"
"9461","METTL18","yellow"
"9474","OXT","yellow"
"9477","GLB1","yellow"
"9479","GALNT12","yellow"
"9483","COLEC11","yellow"
"9489","OR13C3","yellow"
"9492","MCEE","yellow"
"9507","FRRS1","yellow"
"9511","PKD1L2","yellow"
"9512","HIVEP1","yellow"
"9523","DHX38","yellow"
"9527","NMBR","yellow"
"9532","OSTN","yellow"
"9534","HTR2B","yellow"
"9562","CNOT8","yellow"
"9605","PHACTR4","yellow"
"9609","TRIM28","yellow"
"9615","NCKIPSD","yellow"
"9623","CARMIL1","yellow"
"9642","SAR1B","yellow"
"9657","C12orf66","yellow"
"9666","CAPN5","yellow"
"9681","ZNF585A","yellow"
"9703","RTN4R","yellow"
"9713","FGGY","yellow"
"9724","CRLS1","yellow"
"9731","TPCN1","yellow"
"9741","ALG2","yellow"
"9743","GALNS","yellow"
"9747","MFSD14B","yellow"
"9755","CTNS","yellow"
"9761","RNFT2","yellow"
"9775","AMIGO3","yellow"
"9781","PIGU","yellow"
"9782","IP6K3","yellow"
"9783","DHX36","yellow"
"9796","FOXC1","yellow"
"9801","MAST4","yellow"
"9817","NSMCE3","yellow"
"9834","CYB561D2","yellow"
"9857","GALNT13","yellow"
"9861","TIMM8B","yellow"
"9867","SYBU","yellow"
"9871","ATG9A","yellow"
"9884","MGAT2","yellow"
"9885","LSAMP","yellow"
"9890","TM4SF18","yellow"
"9891","TBXA2R","yellow"
"9910","NKAIN1","yellow"
"9922","USP34","yellow"
"9945","SCUBE1","yellow"
"9967","SLC41A3","yellow"
"9970","SBNO1","yellow"
"9995","CHCHD10","yellow"
"9996","DUSP11","yellow"
"10016","ZNF473","yellow"
"10030","SLC2A4RG","yellow"
"10048","UMOD","yellow"
"10049","PLA2G2A","yellow"
"10073","GPAT4","yellow"
"10080","KRT37","yellow"
"10105","HERC3","yellow"
"10115","ARMCX5","yellow"
"10118","TM2D2","yellow"
"10122","RFX5","yellow"
"10128","MDN1","yellow"
"10136","EPHB3","yellow"
"10140","B3GNT8","yellow"
"10143","MSC","yellow"
"10147","USP30","yellow"
"10162","MEMO1","yellow"
"10172","SMPD1","yellow"
"10177","QPCT","yellow"
"10211","ADCY1","yellow"
"10220","ESPL1","yellow"
"10226","SET","yellow"
"10227","CCNH","yellow"
"10230","REN","yellow"
"10247","UAP1","yellow"
"10250","STK16","yellow"
"10254","MEF2C","yellow"
"10258","GTPBP4","yellow"
"10266","SLC39A11","yellow"
"10268","SLC35A2","yellow"
"10274","GPANK1","yellow"
"10278","TMEM167A","yellow"
"10280","EXOC4","yellow"
"10282","F2R","yellow"
"10287","RSPH10B","yellow"
"10292","SEC14L4","yellow"
"10303","CCDC151","yellow"
"10310","TOX4","yellow"
"10315","EEA1","yellow"
"10337","XPNPEP2","yellow"
"10346","DGUOK","yellow"
"10354","ALG14","yellow"
"10368","CCDC43","yellow"
"10372","ATXN2","yellow"
"10388","DCTN6","yellow"
"10394","CHCHD7","yellow"
"10408","DHX33","yellow"
"10416","TTPAL","yellow"
"10432","EP300","yellow"
"10433","RNF112","yellow"
"10441","TECTA","yellow"
"10443","USP26","yellow"
"10454","FUCA2","yellow"
"10461","ERO1A","yellow"
"10465","SLC30A1","yellow"
"10490","CXXC5","yellow"
"10492","EXOSC4","yellow"
"10513","HIVEP2","yellow"
"10520","KCNH1","yellow"
"10527","KRCC1","yellow"
"10535","CORO2A","yellow"
"10539","ESYT3","yellow"
"10541","ASCC3","yellow"
"10548","TMEM62","yellow"
"10558","TGFBR1","yellow"
"10574","IGFBP3","yellow"
"10576","STT3A","yellow"
"10579","PHF23","yellow"
"10583","SCD5","yellow"
"10600","SELT","yellow"
"10624","RORB","yellow"
"10645","UPP1","yellow"
"10651","PCOLCE2","yellow"
"10654","ZNF610","yellow"
"10665","PTGIR","yellow"
"10669","NPAS1","yellow"
"10670","HYLS1","yellow"
"10673","LOC440895","yellow"
"10691","CCNG2","yellow"
"10705","MT1L","yellow"
"10712","TG","yellow"
"10719","BMP6","yellow"
"10756","SAMD7","yellow"
"10757","KY","yellow"
"10760","CCM2L","yellow"
"10762","CENPP","yellow"
"10770","SDE2","yellow"
"10772","CXCL14","yellow"
"10780","CCS","yellow"
"10783","POLR2G","yellow"
"10789","ALDH1A2","yellow"
"10807","KCND2","yellow"
"10811","ZDHHC9","yellow"
"10822","GPR176","yellow"
"10830","TMEM209","yellow"
"10835","KLK3","yellow"
"10842","CALN1","yellow"
"10851","BCL2L10","yellow"
"10857","RXFP1","yellow"
"10874","PLXNA4","yellow"
"10886","MRPL32","yellow"
"10893","SLC35E3","yellow"
"10909","NDUFB11","yellow"
"10929","FAM78B","yellow"
"10931","CCDC70","yellow"
"10954","MYCT1","yellow"
"10972","ANOS1","yellow"
"10975","SLC39A6","yellow"
"10980","RAB9A","yellow"
"10987","PI4K2A","yellow"
"10994","HAX1","yellow"
"10996","SDSL","yellow"
"11004","RPS7","yellow"
"11013","SLC4A1AP","yellow"
"11020","ZKSCAN3","yellow"
"11029","SCARA5","yellow"
"11031","SRPRB","yellow"
"11048","C1GALT1C1","yellow"
"11053","RBCK1","yellow"
"11063","ERMP1","yellow"
"11114","NSUN5","yellow"
"11116","ALOX15B","yellow"
"11142","RPL4","yellow"
"11153","KCNC1","yellow"
"11156","CST4","yellow"
"11159","DHRS3","yellow"
"11169","ATP6V0A1","yellow"
"11170","RAB5B","yellow"
"11171","TMEM183A","yellow"
"11172","LEPROTL1","yellow"
"11176","HTN3","yellow"
"11192","GRM4","yellow"
"11194","AADACL2","yellow"
"11210","GATB","yellow"
"11213","PLPPR1","yellow"
"11222","ZG16B","yellow"
"11243","ABTB2","yellow"
"11253","CD63","yellow"
"11254","SUMF1","yellow"
"11258","FRMPD3","yellow"
"11264","LRRC34","yellow"
"11280","EIF2B1","yellow"
"11281","GTF2A2","yellow"
"11284","HDDC2","yellow"
"11287","ZPR1","yellow"
"11292","ZNF407","yellow"
"11295","IFT20","yellow"
"11335","SNRNP48","yellow"
"11338","SNORD14C","yellow"
"11339","CPA1","yellow"
"11356","FAM213A","yellow"
"11402","GBA","yellow"
"11408","CUBN","yellow"
"11414","ITIH1","yellow"
"11431","UGGT1","yellow"
"11450","EMC9","yellow"
"11459","PGK1","yellow"
"11475","ATP8B5P","yellow"
"11478","CPEB3","yellow"
"11490","RFX3","yellow"
"11497","RPS6KA4","yellow"
"11499","MOV10L1","yellow"
"11504","GPR143","yellow"
"11512","FBXO36","yellow"
"11522","INHA","yellow"
"11530","NUP62CL","yellow"
"11531","COQ2","yellow"
"11543","SYN3","yellow"
"11545","CHTF18","yellow"
"11555","PAPD7","yellow"
"11561","APOL3","yellow"
"11565","SLC39A9","yellow"
"11566","RIBC1","yellow"
"11578","NTN4","yellow"
"11587","C22orf31","yellow"
"11605","MAPK6","yellow"
"11623","UMPS","yellow"
"11636","GSK3A","yellow"
"11658","ETNPPL","yellow"
"11672","WDR83OS","yellow"
"11676","ODF3L1","yellow"
"11678","ALKBH1","yellow"
"11681","SELK","yellow"
"11699","TMEM99","yellow"
"11724","TBC1D16","yellow"
"11729","ABCA3","yellow"
"11731","CCER1","yellow"
"11737","IDS","yellow"
"11739","FADD","yellow"
"11759","ABLIM2","yellow"
"11760","RTN4IP1","yellow"
"11770","LRFN2","yellow"
"11771","SLC31A2","yellow"
"11790","PABPN1","yellow"
"11810","BRICD5","yellow"
"11817","XPO5","yellow"
"11819","TRIM49","yellow"
"11823","CHEK2","yellow"
"11831","FAM81B","yellow"
"11835","SLC38A10","yellow"
"11841","DPP8","yellow"
"11894","PIGL","yellow"
"11895","ADPRHL1","yellow"
"11896","ZNF774","yellow"
"11908","AP4S1","yellow"
"11940","RYR2","yellow"
"11949","SLC23A1","yellow"
"11961","AGO3","yellow"
"11971","GNL2","yellow"
"11973","C9orf142","yellow"
"11975","TRMT11","yellow"
"11976","PABPC1","yellow"
"12013","SGPL1","yellow"
"12022","PCDHGA10","yellow"
"12034","CA7","yellow"
"12037","MCFD2","yellow"
"12039","SLC40A1","yellow"
"12043","STOML3","yellow"
"12045","KCNS1","yellow"
"12055","DERL2","yellow"
"12061","CSTF3","yellow"
"12069","JMY","yellow"
"12122","MED11","yellow"
"12132","EIF3L","yellow"
"12134","RPL15","yellow"
"12139","IL1RL2","yellow"
"12141","HELZ","yellow"
"12159","ELMSAN1","yellow"
"12163","NEU1","yellow"
"12176","ZFYVE28","yellow"
"12183","ADCYAP1","yellow"
"12210","LCTL","yellow"
"12227","TM2D1","yellow"
"12242","APLP1","yellow"
"12259","P2RY14","yellow"
"12266","KYAT1","yellow"
"12279","GNPTG","yellow"
"12281","TMEM128","yellow"
"12282","CKMT2","yellow"
"12285","ADH1A","yellow"
"12288","ACOT4","yellow"
"12291","GLTP","yellow"
"12292","MCOLN1","yellow"
"12294","TUBE1","yellow"
"12334","SMU1","yellow"
"12337","TP53RK","yellow"
"12340","ELAVL1","yellow"
"12354","TOP3B","yellow"
"12368","ELMOD2","yellow"
"12373","CARS2","yellow"
"12384","RRN3","yellow"
"12385","STAM","yellow"
"12398","PPM1G","yellow"
"12413","SEMA3A","yellow"
"12417","IL20RB","yellow"
"12422","MAML2","yellow"
"12438","DOCK11","yellow"
"12440","ARHGAP24","yellow"
"12451","YARS","yellow"
"12455","SULT1C2","yellow"
"12466","BCAT1","yellow"
"12479","PI16","yellow"
"12490","OR1M1","yellow"
"12495","MGAT3","yellow"
"12498","COMMD10","yellow"
"12505","TERC","yellow"
"12512","CDH6","yellow"
"12518","WNT9A","yellow"
"12528","MFAP4","yellow"
"12582","C10orf10","yellow"
"12592","GPX8","yellow"
"12596","VPS25","yellow"
"12603","MAML1","yellow"
"12604","APH1B","yellow"
"12630","C2orf50","yellow"
"12645","POP1","yellow"
"12663","KCNK3","yellow"
"12675","SFTPD","yellow"
"12679","CRNKL1","yellow"
"12689","DEGS2","yellow"
"12694","ZNF134","yellow"
"12716","ATG4A","yellow"
"12718","LBR","yellow"
"12737","9-Sep","yellow"
"12740","KCNE2","yellow"
"12766","GJB2","yellow"
"12768","PLCD1","yellow"
"12787","PIWIL4","yellow"
"12810","ARL6IP5","yellow"
"12811","PLAA","yellow"
"12850","KRT34","yellow"
"12856","RABGGTA","yellow"
"12872","GAGE7","yellow"
"12893","HECA","yellow"
"12906","AKAP6","yellow"
"12912","PELO","yellow"
"12921","TMEM45A","yellow"
"12934","PCDHB16","yellow"
"12944","SKA1","yellow"
"12951","EML5","yellow"
"12963","RRM1","yellow"
"12994","GSTA4","yellow"
"13004","SULT1C4","yellow"
"13044","CCDC170","yellow"
"13053","P2RY1","yellow"
"13064","PIGK","yellow"
"13066","KIF16B","yellow"
"13076","ZNF395","yellow"
"13079","TMEM27","yellow"
"13088","CCL8","yellow"
"13091","CHPF2","yellow"
"13093","EXOC3L4","yellow"
"13103","CYP21A2","yellow"
"13113","CCP110","yellow"
"13128","DKK1","yellow"
"13143","RAP2C","yellow"
"13161","FOXP4","yellow"
"13168","HSPA5","yellow"
"13176","TMEM165","yellow"
"13183","SLC25A5","yellow"
"13206","C2orf82","yellow"
"13224","ATRAID","yellow"
"13228","BSCL2","yellow"
"13229","NAB1","yellow"
"13237","MMP14","yellow"
"13248","UTP23","yellow"
"13256","KCNQ3","yellow"
"13259","SEC22A","yellow"
"13267","ZNF232","yellow"
"13268","SND1","yellow"
"13269","ENTPD3","yellow"
"13297","SPACA3","yellow"
"13303","IL1B","yellow"
"13317","TYSND1","yellow"
"13347","OSTC","yellow"
"13356","PSMD10","yellow"
"13358","PSPH","yellow"
"13359","ZNF622","yellow"
"13367","AGGF1","yellow"
"13382","UBE2Q1","yellow"
"13384","UXS1","yellow"
"13392","GPRIN3","yellow"
"13394","PARP4","yellow"
"13396","C17orf53","yellow"
"13398","ITPKA","yellow"
"13405","RPL26L1","yellow"
"13409","KRBA1","yellow"
"13417","LYPD6","yellow"
"13428","LMAN2","yellow"
"13429","DNAAF1","yellow"
"13447","VCP","yellow"
"13458","DDX6","yellow"
"13461","EMC2","yellow"
"13469","APOOL","yellow"
"13471","KCTD11","yellow"
"13473","GLUD2","yellow"
"13488","TOP2B","yellow"
"13494","LSM14B","yellow"
"13515","SLC39A7","yellow"
"13516","FICD","yellow"
"13524","FAM180B","yellow"
"13529","CLN5","yellow"
"13535","CALM1","yellow"
"13540","COL4A4","yellow"
"13549","ATP8A1","yellow"
"13559","CCDC28B","yellow"
"13571","SLN","yellow"
"13582","RHCG","yellow"
"13594","BRINP2","yellow"
"13614","INO80B","yellow"
"13616","CYP2A7","yellow"
"13618","HINT3","yellow"
"13630","TFG","yellow"
"13648","SEC61A2","yellow"
"13666","COG6","yellow"
"13680","PTPRG","yellow"
"13692","FAM96B","yellow"
"13698","FAM47A","yellow"
"13706","ACE","yellow"
"13707","GLI1","yellow"
"13715","SARAF","yellow"
"13726","C1orf56","yellow"
"13731","DDHD1","yellow"
"13757","GP5","yellow"
"13764","ZFYVE19","yellow"
"13765","THAP11","yellow"
"13771","ENPP2","yellow"
"13781","MUS81","yellow"
"13786","SOCS3","yellow"
"13787","ARHGEF3","yellow"
"13798","TWISTNB","yellow"
"13816","B9D1","yellow"
"13817","DUSP1","yellow"
"13820","IFIH1","yellow"
"13844","HDDC3","yellow"
"13845","SCGB1D1","yellow"
"13849","FAM133A","yellow"
"13852","ENPP4","yellow"
"13863","FOXD4L1","yellow"
"13886","ALG1L","yellow"
"13887","DPH6","yellow"
"13892","ZBTB21","yellow"
"13898","KAT2A","yellow"
"13913","CNN3","yellow"
"13915","YIPF4","yellow"
"13954","PDE4B","yellow"
"13956","GPR37L1","yellow"
"14011","KNOP1","yellow"
"14025","B3GNT9","yellow"
"14062","CPA4","yellow"
"14082","CFAP70","yellow"
"14084","COL22A1","yellow"
"14085","VIMP","yellow"
"14112","COPS7B","yellow"
"14124","ORC3","yellow"
"14141","DNAJC14","yellow"
"14151","OFD1","yellow"
"14162","PMM2","yellow"
"14164","DENND5A","yellow"
"14166","SLC1A2","yellow"
"14169","NAP1L3","yellow"
"14174","PPIP5K2","yellow"
"14182","BRD3","yellow"
"14186","SRPRA","yellow"
"14192","AMZ1","yellow"
"14211","GPRC5B","yellow"
"14213","ASB9","yellow"
"14218","PCBD1","yellow"
"14219","TUT1","yellow"
"14241","RNF113A","yellow"
"14242","ZZEF1","yellow"
"14260","NDUFV1","yellow"
"14263","TMEM258","yellow"
"14283","SEC61G","yellow"
"14299","SPINK1","yellow"
"14307","FKBP11","yellow"
"14315","THUMPD2","yellow"
"14337","SLC5A3","yellow"
"14341","MYDGF","yellow"
"14356","PCID2","yellow"
"14363","LSM4","yellow"
"14367","GSTA5","yellow"
"14404","NCALD","yellow"
"14407","RPL23A","yellow"
"14421","KLF8","yellow"
"14432","SERPINA3","yellow"
"14434","TOX","yellow"
"14436","SRD5A2","yellow"
"14443","C11orf65","yellow"
"14449","HSPA1A","yellow"
"14463","PSMB1","yellow"
"14468","SOX8","yellow"
"14470","NDUFS2","yellow"
"14483","TANGO2","yellow"
"14489","GNL1","yellow"
"14564","RABGGTB","yellow"
"14573","LUM","yellow"
"14578","METTL13","yellow"
"14584","GNL3","yellow"
"14593","PNMA2","yellow"
"14596","XPC","yellow"
"14616","SPRY3","yellow"
"14626","MUSK","yellow"
"14656","PDE4D","yellow"
"14704","FUT4","yellow"
"14710","C10orf76","yellow"
"14715","RDH12","yellow"
"14717","MLX","yellow"
"14721","TRIM4","yellow"
"14724","RPP30","yellow"
"14725","CCDC83","yellow"
"14727","ZNF318","yellow"
"14729","SLCO1C1","yellow"
"14735","PFN4","yellow"
"14744","CLEC18A","yellow"
"14745","ALS2CR11","yellow"
"14755","VPS4B","yellow"
"14769","C4orf46","yellow"
"14776","TMC1","yellow"
"14778","ARIH2","yellow"
"14783","LYSMD1","yellow"
"14792","C20orf196","yellow"
"14806","ETHE1","yellow"
"14844","SCAMP3","yellow"
"14851","TMCO1","yellow"
"14853","ALDH2","yellow"
"14857","PISD","yellow"
"14863","CHST2","yellow"
"14870","HTR1E","yellow"
"14896","DDX3X","yellow"
"14898","QPCTL","yellow"
"14901","PNMAL1","yellow"
"14902","SHFM1","yellow"
"14914","CLRN2","yellow"
"14932","NDP","yellow"
"14960","CCDC116","yellow"
"14971","DDX60","yellow"
"14977","ZFAND5","yellow"
"14987","C6orf47","yellow"
"14992","MLPH","yellow"
"14997","SPOP","yellow"
"14998","CNPPD1","yellow"
"15023","WNT6","yellow"
"15028","CLIC2","yellow"
"15029","CNKSR2","yellow"
"15031","P4HA2","yellow"
"15032","LAMTOR5","yellow"
"15044","TMEM167B","yellow"
"15056","UBR1","yellow"
"15069","BCDIN3D","yellow"
"15079","TRAPPC8","yellow"
"15081","DNASE2","yellow"
"15093","CISD2","yellow"
"15097","ASNS","yellow"
"15107","GPR6","yellow"
"15110","C9orf43","yellow"
"15127","S100A10","yellow"
"15140","ABCA8","yellow"
"15157","F3","yellow"
"15162","TMEM150C","yellow"
"15166","EMG1","yellow"
"15179","CEP41","yellow"
"15184","PASD1","yellow"
"15214","SNAP47","yellow"
"15235","DDRGK1","yellow"
"15242","ADH4","yellow"
"15245","MRPL17","yellow"
"15248","PDP2","yellow"
"15250","AIG1","yellow"
"15266","ARMT1","yellow"
"15268","ELOVL1","yellow"
"15282","RAET1L","yellow"
"15284","MBTPS2","yellow"
"15289","ANXA2P3","yellow"
"15308","TBL1XR1","yellow"
"15322","SRBD1","yellow"
"15327","EMC4","yellow"
"15371","PCDHA6","yellow"
"15372","TMX2","yellow"
"15387","STARD8","yellow"
"15397","ZNF398","yellow"
"15401","GALC","yellow"
"15402","DIS3","yellow"
"15413","OR4F15","yellow"
"15439","WNT5A","yellow"
"15440","PTCH1","yellow"
"15451","CSNK2B","yellow"
"15457","CD55","yellow"
"15467","LDB2","yellow"
"15468","B3GALT5","yellow"
"15476","CFDP1","yellow"
"15483","FIG4","yellow"
"15496","DOCK4","yellow"
"15530","SMG1","yellow"
"15538","TSKU","yellow"
"15550","METRNL","yellow"
"15553","ROMO1","yellow"
"15587","C1orf50","yellow"
"15607","RFESD","yellow"
"15612","RNF152","yellow"
"15613","PTTG1IP","yellow"
"15616","SMPD3","yellow"
"15619","RBM18","yellow"
"15634","VPS36","yellow"
"15640","SPEN","yellow"
"15644","AGA","yellow"
"15646","TOM1L1","yellow"
"15684","SYVN1","yellow"
"15689","FBXO2","yellow"
"15690","MXRA5","yellow"
"15694","PODNL1","yellow"
"15698","TMED5","yellow"
"15703","SPOUT1","yellow"
"15711","ARHGEF6","yellow"
"15722","WNT3","yellow"
"15741","LRRC38","yellow"
"15751","FAIM2","yellow"
"15771","SNX8","yellow"
"15774","TMED4","yellow"
"15783","NAP1L4","yellow"
"15784","WWP1","yellow"
"15824","RAVER2","yellow"
"15829","ZNF431","yellow"
"15852","SEMA4F","yellow"
"15853","ERBIN","yellow"
"15860","CLHC1","yellow"
"15872","KLHL26","yellow"
"15883","C1orf131","yellow"
"15891","LSM8","yellow"
"15898","TMTC2","yellow"
"15899","LTV1","yellow"
"15904","B4GALNT1","yellow"
"15913","TRIO","yellow"
"15923","VRK1","yellow"
"15928","NIPSNAP1","yellow"
"15955","VSIG1","yellow"
"15971","SLC6A8","yellow"
"15988","VPS53","yellow"
"15993","MESP1","yellow"
"16002","MS4A2","yellow"
"16013","TMEM182","yellow"
"16018","SSR3","yellow"
"16029","UBAC1","yellow"
"16032","MIF","yellow"
"16058","HRG","yellow"
"16061","NDUFB5","yellow"
"16073","CSTF2T","yellow"
"16079","UBAP1","yellow"
"16085","SPOPL","yellow"
"16086","STRA6","yellow"
"16101","OR4D2","yellow"
"16114","BCAS4","yellow"
"16128","GSTO1","yellow"
"16132","RGS16","yellow"
"16142","RTCA","yellow"
"16147","PLCD4","yellow"
"16164","PYCR2","yellow"
"16167","GUCY1A3","yellow"
"16172","CYP39A1","yellow"
"16194","TBKBP1","yellow"
"16201","CBR1","yellow"
"16211","TAS2R1","yellow"
"16212","IL33","yellow"
"16220","CLCC1","yellow"
"16223","IMMP2L","yellow"
"16231","PRL","yellow"
"16236","XBP1","yellow"
"16240","VAMP5","yellow"
"16243","HSD17B14","yellow"
"16245","SPCS2","yellow"
"16258","WFIKKN1","yellow"
"16259","PPIF","yellow"
"16262","TMEM26","yellow"
"16263","CAMK2G","yellow"
"16266","KLHL1","yellow"
"16271","RCN3","yellow"
"16276","IKBKAP","yellow"
"16279","NDRG1","yellow"
"16280","TRMT12","yellow"
"16286","SLC39A2","yellow"
"16302","MAP3K7","yellow"
"16315","COMMD7","yellow"
"16328","SDK1","yellow"
"16333","IL1R1","yellow"
"16341","LMBRD2","yellow"
"16343","ADCY2","yellow"
"16355","HEATR5B","yellow"
"16363","GDPGP1","yellow"
"16373","CYP3A5","yellow"
"16377","COL24A1","yellow"
"16378","E2F8","yellow"
"16383","GPR107","yellow"
"16390","PCDHGB5","yellow"
"16400","ROS1","yellow"
"16413","FAM134B","yellow"
"16415","HSD11B1","yellow"
"16417","GTPBP1","yellow"
"16422","MYRF","yellow"
"16428","ADPRHL2","yellow"
"16429","OXSR1","yellow"
"16434","MAPK8IP3","yellow"
"16438","PCYT1B","yellow"
"16454","ENTHD1","yellow"
"16465","MED25","yellow"
"16477","RER1","yellow"
"16484","ADAM21","yellow"
"16485","ZNF570","yellow"
"16496","CYP26B1","yellow"
"16504","BCAP31","yellow"
"16506","TIRAP","yellow"
"16512","MLLT3","yellow"
"16516","PHKA1","yellow"
"16518","TGFB2","yellow"
"16530","ATP5L","yellow"
"16537","SLC35F6","yellow"
"16539","C4orf33","yellow"
"16549","CYYR1","yellow"
"16553","SOX18","yellow"
"16557","OR2H2","yellow"
"16576","C6orf136","yellow"
"16577","CRIPT","yellow"
"16588","MFSD12","yellow"
"16591","MRPS7","yellow"
"16594","NAA60","yellow"
"16606","CNR1","yellow"
"16615","ANKS1A","yellow"
"16618","MRPL53","yellow"
"16626","RCL1","yellow"
"16641","DNAH3","yellow"
"16642","CHCHD4","yellow"
"16682","WNT1","yellow"
"16683","RAMP2","yellow"
"16693","GIN1","yellow"
"16696","TRAPPC4","yellow"
"16703","RBP4","yellow"
"16720","RRP36","yellow"
"16731","PLAGL1","yellow"
"16732","CHCHD2","yellow"
"16734","PCDHGA2","yellow"
"16764","GCKR","yellow"
"16770","SYT12","yellow"
"16783","FCHSD2","yellow"
"16863","LOC101927651","yellow"
"16886","TMEM185B","yellow"
"16892","CACNA1G-AS1","yellow"
"16900","LINC01252","yellow"
"16906","LINC00441","yellow"
"16914","FAM155A","yellow"
"16946","LOC101927592","yellow"
"16950","LOC101928358","yellow"
"16966","PTOV1-AS1","yellow"
"16974","LINC01163","yellow"
"16989","LOC105375773","yellow"
"16998","ZNF597","yellow"
"17019","KCNJ6-AS1","yellow"
"17037","NRG2","yellow"
"17041","RAB27B","yellow"
"17045","LOC100128993","yellow"
"17120","LOC105377623","yellow"
"17126","SPRED3","yellow"
"17152","KCNC4-AS1","yellow"
"17153","TMEM179","yellow"
"17239","LINC00322","yellow"
"17242","LINC00251","yellow"
"17243","LOC154761","yellow"
"17291","UHMK1","yellow"
"17360","LINC01393","yellow"
"17377","LOC105372881","yellow"
"17380","LOC101929268","yellow"
"17402","GRM7-AS3","yellow"
"17403","HS6ST2-AS1","yellow"
"17418","LINC01433","yellow"
"17457","LOC101927421","yellow"
"17474","OTUD6B-AS1","yellow"
"17507","LINC01053","yellow"
"17526","LOC100507477","yellow"
"17544","TXLNG","yellow"
"17553","UMAD1","yellow"
"17555","LINC00459","yellow"
"17586","LOC101927378","yellow"
"17592","LINC01309","yellow"
"17604","LINC00706","yellow"
"17606","HAND2-AS1","yellow"
"17625","LOC105378137","yellow"
"17634","MAFA-AS1","yellow"
"17682","LOC100506406","yellow"
"17688","LINC01616","yellow"
"17856","RNU6ATAC","yellow"
"17863","LINC01080","yellow"
"17885","WWC2-AS1","yellow"
"17889","C8orf37-AS1","yellow"
"17891","C22orf34","yellow"
"17912","LOC100287837///ARHGEF17","yellow"
"17935","LINC00226","yellow"
"17950","LOC100133985","yellow"
"17965","MRPL37","yellow"
"17978","ZNF341","yellow"
"17980","ARPC5L","yellow"
"17983","CNOT9","yellow"
"17997","TMX3","yellow"
"17998","ADAP1","yellow"
"18001","ATAD2","yellow"
"18033","TMEM116","yellow"
"18034","LDLR","yellow"
"18045","ZCWPW2","yellow"
"18046","PTCHD3","yellow"
"18051","SUGT1","yellow"
"18053","MRFAP1","yellow"
"18070","SLC35D1","yellow"
"18073","IFI27","yellow"
"18078","PPM1F","yellow"
"18098","FARP2","yellow"
"18099","SRA1","yellow"
"18100","MALL","yellow"
"18111","GRAMD3","yellow"
"18115","C1orf64","yellow"
"18118","SMIM15","yellow"
"18122","CLRN3","yellow"
"18125","KCNS2","yellow"
"18140","SNRNP27","yellow"
"18156","EBP","yellow"
"18160","RGL3","yellow"
"18174","ITM2A","yellow"
"18175","KHDRBS1","yellow"
"18198","ADNP2","yellow"
"18211","TTC32","yellow"
"18232","TTTY8","yellow"
"18238","SPRY2","yellow"
"18243","FAM110C","yellow"
"18250","CYP2A6","yellow"
"18256","LRP12","yellow"
"18259","C20orf141","yellow"
"18284","MRPL51","yellow"
"18290","FADS3","yellow"
"18293","SUN2","yellow"
"18321","FGD5","yellow"
"18323","DEFB124","yellow"
"18324","ACP2","yellow"
"18326","SAMD8","yellow"
"18330","TMEM220","yellow"
"18359","DNLZ","yellow"
"18389","USP42","yellow"
"18394","TRUB2","yellow"
"18404","RAB1A","yellow"
"18405","KIFAP3","yellow"
"18412","NDUFB3","yellow"
"18430","HMGCL","yellow"
"18434","IL26","yellow"
"18437","BMP8B","yellow"
"18486","FAM76B","yellow"
"18503","SGSH","yellow"
"18519","ISCA2","yellow"
"18550","NENF","yellow"
"18561","GUCY2C","yellow"
"18576","SERPINB10","yellow"
"18588","ADCY4","yellow"
"18594","EMC7","yellow"
"18601","ZNF821","yellow"
"18602","GABARAPL1","yellow"
"18614","UPRT","yellow"
"18616","CEP76","yellow"
"18635","IL36G","yellow"
"18668","UBE2F","yellow"
"18690","EPOR","yellow"
"18709","TMEM183B","yellow"
"18711","THNSL2","yellow"
"18744","ZNF131","yellow"
"18765","MEPCE","yellow"
"18785","MANF","yellow"
"18788","COX7B","yellow"
"18821","FCF1","yellow"
"18839","EIF3M","yellow"
"18854","PGRMC2","yellow"
"18858","PANK3","yellow"
"18866","NUP93","yellow"
"18872","SPRR2C","yellow"
"18896","OR7E37P","yellow"
"18906","TMEM256","yellow"
"18930","ZNF699","yellow"
"18935","MEIS3P1","yellow"
"18945","SYNDIG1","yellow"
"18979","TRAPPC2B","yellow"
"18984","TTTY6","yellow"
"18991","CEP44","yellow"
"18992","TMED10P1","yellow"
"19000","EPHB4","yellow"
"19003","RNF32","yellow"
"19004","SYNJ2","yellow"
"19005","SERPINA6","yellow"
"19006","TUBA3D","yellow"
"19014","SHPK","yellow"
"19018","GLB1L","yellow"
"19028","ITPRIPL2","yellow"
"19033","GFPT1","yellow"
"19035","GINM1","yellow"
"19053","SPRYD7","yellow"
"19062","ADIPOR2","yellow"
"19064","HIST1H4J","yellow"
"19077","ANKRD50","yellow"
"19102","STARD3NL","yellow"
"19113","TMEM186","yellow"
"19126","MYO10","yellow"
"19141","MFSD2B","yellow"
"19162","LETMD1","yellow"
"19165","ZFYVE1","yellow"
"19168","RGP1","yellow"
"19182","SMOX","yellow"
"19183","METTL23","yellow"
"19196","U2SURP","yellow"
"19233","FKBP1B","yellow"
"19246","SEMG1","yellow"
"19248","PAM","yellow"
"19276","BCO2","yellow"
"19286","ZMYM5","yellow"
"19295","KRI1","yellow"
"19301","EFEMP1","yellow"
"19309","CPN2","yellow"
"19310","MAD1L1","yellow"
"19314","RBMS1","yellow"
"19333","WT1","yellow"
"19342","ALDH5A1","yellow"
"19345","PTPN13","yellow"
"19351","NUP58","yellow"
"19357","GSTZ1","yellow"
"19372","GRIA3","yellow"
"19377","PCDHGB2","yellow"
"19382","GPR108","yellow"
"19398","SNTN","yellow"
"19416","PAPSS2","yellow"
"19417","FGFR1OP","yellow"
"19418","PCDHGA6","yellow"
