NAME	ORIGINAL SIZE	AFTER RESTRICTING TO DATASET	STATUS	
GOBP_10_FORMYLTETRAHYDROFOLATE_METABOLIC_PROCESS	5		Rejected!	
GOBP_2FE_2S_CLUSTER_ASSEMBLY	11		Rejected!	
GOBP_2_OXOGLUTARATE_METABOLIC_PROCESS	17	17		
GOBP_3_PHOSPHOADENOSINE_5_PHOSPHOSULFATE_METABOLIC_PROCESS	17	16		
GOBP_3_UTR_MEDIATED_MRNA_DESTABILIZATION	19	18		
GOBP_3_UTR_MEDIATED_MRNA_STABILIZATION	26	24		
GOBP_4FE_4S_CLUSTER_ASSEMBLY	5		Rejected!	
GOBP_4_HYDROXYPROLINE_METABOLIC_PROCESS	12		Rejected!	
GOBP_5S_CLASS_RRNA_TRANSCRIPTION_BY_RNA_POLYMERASE_III	6		Rejected!	
GOBP_5_PHOSPHORIBOSE_1_DIPHOSPHATE_METABOLIC_PROCESS	6		Rejected!	
GOBP_7_METHYLGUANOSINE_CAP_HYPERMETHYLATION	8		Rejected!	
GOBP_7_METHYLGUANOSINE_RNA_CAPPING	8		Rejected!	
GOBP_ABSCISSION	6		Rejected!	
GOBP_ACETATE_ESTER_METABOLIC_PROCESS	6		Rejected!	
GOBP_ACETATE_ESTER_TRANSPORT	9		Rejected!	
GOBP_ACETYLCHOLINE_SECRETION	5		Rejected!	
GOBP_ACETYL_COA_BIOSYNTHETIC_PROCESS	18	18		
GOBP_ACETYL_COA_BIOSYNTHETIC_PROCESS_FROM_PYRUVATE	11		Rejected!	
GOBP_ACETYL_COA_METABOLIC_PROCESS	33	32		
GOBP_ACIDIC_AMINO_ACID_TRANSPORT	67	65		
GOBP_ACID_SECRETION	45	43		
GOBP_ACINAR_CELL_DIFFERENTIATION	5		Rejected!	
GOBP_ACROSOMAL_VESICLE_EXOCYTOSIS	9		Rejected!	
GOBP_ACROSOME_ASSEMBLY	30	28		
GOBP_ACROSOME_REACTION	41	38		
GOBP_ACTIN_CROSSLINK_FORMATION	14		Rejected!	
GOBP_ACTIN_FILAMENT_BASED_MOVEMENT	140	134		
GOBP_ACTIN_FILAMENT_BASED_PROCESS	834		Rejected!	
GOBP_ACTIN_FILAMENT_BASED_TRANSPORT	10		Rejected!	
GOBP_ACTIN_FILAMENT_BUNDLE_ORGANIZATION	170	160		
GOBP_ACTIN_FILAMENT_DEPOLYMERIZATION	58	56		
GOBP_ACTIN_FILAMENT_NETWORK_FORMATION	9		Rejected!	
GOBP_ACTIN_FILAMENT_ORGANIZATION	466	434		
GOBP_ACTIN_FILAMENT_SEVERING	16	16		
GOBP_ACTIN_MEDIATED_CELL_CONTRACTION	115	109		
GOBP_ACTIN_MODIFICATION	5		Rejected!	
GOBP_ACTIN_MYOSIN_FILAMENT_SLIDING	16	15		
GOBP_ACTIN_NUCLEATION	58	48		
GOBP_ACTIN_POLYMERIZATION_DEPENDENT_CELL_MOTILITY	7		Rejected!	
GOBP_ACTIN_POLYMERIZATION_OR_DEPOLYMERIZATION	196	183		
GOBP_ACTION_POTENTIAL	171	161		
GOBP_ACTIVATED_T_CELL_PROLIFERATION	49	45		
GOBP_ACTIVATION_INDUCED_CELL_DEATH_OF_T_CELLS	9		Rejected!	
GOBP_ACTIVATION_OF_ADENYLATE_CYCLASE_ACTIVITY	24	24		
GOBP_ACTIVATION_OF_CYSTEINE_TYPE_ENDOPEPTIDASE_ACTIVITY	13		Rejected!	
GOBP_ACTIVATION_OF_CYSTEINE_TYPE_ENDOPEPTIDASE_ACTIVITY_INVOLVED_IN_APOPTOTIC_PROCESS	72	68		
GOBP_ACTIVATION_OF_CYSTEINE_TYPE_ENDOPEPTIDASE_ACTIVITY_INVOLVED_IN_APOPTOTIC_PROCESS_BY_CYTOCHROME_C	5		Rejected!	
GOBP_ACTIVATION_OF_GTPASE_ACTIVITY	99	84		
GOBP_ACTIVATION_OF_IMMUNE_RESPONSE	583		Rejected!	
GOBP_ACTIVATION_OF_INNATE_IMMUNE_RESPONSE	312	287		
GOBP_ACTIVATION_OF_JANUS_KINASE_ACTIVITY	13		Rejected!	
GOBP_ACTIVATION_OF_MEIOSIS	6		Rejected!	
GOBP_ACTIVATION_OF_NF_KAPPAB_INDUCING_KINASE_ACTIVITY	10		Rejected!	
GOBP_ACTIVATION_OF_PHOSPHOLIPASE_C_ACTIVITY	24	23		
GOBP_ACTIVATION_OF_PROTEIN_KINASE_ACTIVITY	77	75		
GOBP_ACTIVATION_OF_PROTEIN_KINASE_B_ACTIVITY	21	20		
GOBP_ACTIVATION_OF_PROTEIN_KINASE_C_ACTIVITY	5		Rejected!	
GOBP_ACTIVATION_OF_TRANSMEMBRANE_RECEPTOR_PROTEIN_TYROSINE_KINASE_ACTIVITY	6		Rejected!	
GOBP_ACTIVIN_RECEPTOR_SIGNALING_PATHWAY	52	47		
GOBP_ACTOMYOSIN_CONTRACTILE_RING_ORGANIZATION	10		Rejected!	
GOBP_ACTOMYOSIN_STRUCTURE_ORGANIZATION	216	209		
GOBP_ACUTE_INFLAMMATORY_RESPONSE	108	101		
GOBP_ACUTE_INFLAMMATORY_RESPONSE_TO_ANTIGENIC_STIMULUS	29	24		
GOBP_ACUTE_PHASE_RESPONSE	47	46		
GOBP_ACYLGLYCEROL_HOMEOSTASIS	45	40		
GOBP_ACYLGLYCEROL_TRANSPORT	8		Rejected!	
GOBP_ACYL_COA_METABOLIC_PROCESS	96	91		
GOBP_ADAPTIVE_IMMUNE_MEMORY_RESPONSE	6		Rejected!	
GOBP_ADAPTIVE_IMMUNE_RESPONSE	756	462		
GOBP_ADAPTIVE_IMMUNE_RESPONSE_BASED_ON_SOMATIC_RECOMBINATION_OF_IMMUNE_RECEPTORS_BUILT_FROM_IMMUNOGLOBULIN_SUPERFAMILY_DOMAINS	381	304		
GOBP_ADAPTIVE_THERMOGENESIS	169	166		
GOBP_ADENINE_TRANSPORT	6		Rejected!	
GOBP_ADENOHYPOPHYSIS_DEVELOPMENT	16	16		
GOBP_ADENOSINE_METABOLIC_PROCESS	11		Rejected!	
GOBP_ADENOSINE_TO_INOSINE_EDITING	6		Rejected!	
GOBP_ADENOSINE_TRANSPORT	5		Rejected!	
GOBP_ADENYLATE_CYCLASE_ACTIVATING_ADRENERGIC_RECEPTOR_SIGNALING_PATHWAY	24	22		
GOBP_ADENYLATE_CYCLASE_ACTIVATING_DOPAMINE_RECEPTOR_SIGNALING_PATHWAY	10		Rejected!	
GOBP_ADENYLATE_CYCLASE_ACTIVATING_G_PROTEIN_COUPLED_RECEPTOR_SIGNALING_PATHWAY	171	162		
GOBP_ADENYLATE_CYCLASE_INHIBITING_DOPAMINE_RECEPTOR_SIGNALING_PATHWAY	6		Rejected!	
GOBP_ADENYLATE_CYCLASE_INHIBITING_G_PROTEIN_COUPLED_ACETYLCHOLINE_RECEPTOR_SIGNALING_PATHWAY	8		Rejected!	
GOBP_ADENYLATE_CYCLASE_INHIBITING_G_PROTEIN_COUPLED_GLUTAMATE_RECEPTOR_SIGNALING_PATHWAY	9		Rejected!	
GOBP_ADENYLATE_CYCLASE_INHIBITING_G_PROTEIN_COUPLED_RECEPTOR_SIGNALING_PATHWAY	80	76		
GOBP_ADENYLATE_CYCLASE_INHIBITING_SEROTONIN_RECEPTOR_SIGNALING_PATHWAY	7		Rejected!	
GOBP_ADENYLATE_CYCLASE_MODULATING_G_PROTEIN_COUPLED_RECEPTOR_SIGNALING_PATHWAY	262	248		
GOBP_ADHERENS_JUNCTION_ASSEMBLY	13		Rejected!	
GOBP_ADHERENS_JUNCTION_MAINTENANCE	7		Rejected!	
GOBP_ADHERENS_JUNCTION_ORGANIZATION	57	56		
GOBP_ADHESION_OF_SYMBIONT_TO_HOST	14		Rejected!	
GOBP_ADHESION_OF_SYMBIONT_TO_HOST_CELL	10		Rejected!	
GOBP_ADIPONECTIN_ACTIVATED_SIGNALING_PATHWAY	7		Rejected!	
GOBP_ADIPOSE_TISSUE_DEVELOPMENT	61	57		
GOBP_ADP_BIOSYNTHETIC_PROCESS	5		Rejected!	
GOBP_ADP_TRANSPORT	12		Rejected!	
GOBP_ADRENAL_GLAND_DEVELOPMENT	27	27		
GOBP_ADRENERGIC_RECEPTOR_SIGNALING_PATHWAY	34	29		
GOBP_ADULT_BEHAVIOR	147	141		
GOBP_ADULT_FEEDING_BEHAVIOR	10		Rejected!	
GOBP_ADULT_HEART_DEVELOPMENT	14		Rejected!	
GOBP_ADULT_LOCOMOTORY_BEHAVIOR	81	79		
GOBP_AEROBIC_RESPIRATION	196	148		
GOBP_AGGREPHAGY	18	17		
GOBP_AGGRESOME_ASSEMBLY	6		Rejected!	
GOBP_AGGRESSIVE_BEHAVIOR	8		Rejected!	
GOBP_AIM2_INFLAMMASOME_COMPLEX_ASSEMBLY	6		Rejected!	
GOBP_ALANINE_METABOLIC_PROCESS	5		Rejected!	
GOBP_ALANINE_TRANSPORT	18	18		
GOBP_ALCOHOL_BIOSYNTHETIC_PROCESS	142	131		
GOBP_ALCOHOL_CATABOLIC_PROCESS	36	34		
GOBP_ALCOHOL_METABOLIC_PROCESS	372	354		
GOBP_ALDEHYDE_BIOSYNTHETIC_PROCESS	18	18		
GOBP_ALDEHYDE_CATABOLIC_PROCESS	14		Rejected!	
GOBP_ALDITOL_BIOSYNTHETIC_PROCESS	5		Rejected!	
GOBP_ALDITOL_CATABOLIC_PROCESS	7		Rejected!	
GOBP_ALDITOL_METABOLIC_PROCESS	23	22		
GOBP_ALDITOL_PHOSPHATE_METABOLIC_PROCESS	11		Rejected!	
GOBP_ALKALOID_METABOLIC_PROCESS	7		Rejected!	
GOBP_ALKANESULFONATE_TRANSMEMBRANE_TRANSPORT	8		Rejected!	
GOBP_ALLANTOIN_METABOLIC_PROCESS	9		Rejected!	
GOBP_ALPHA_AMINO_ACID_METABOLIC_PROCESS	216	203		
GOBP_ALPHA_BETA_T_CELL_ACTIVATION	185	177		
GOBP_ALPHA_BETA_T_CELL_DIFFERENTIATION	127	125		
GOBP_ALPHA_BETA_T_CELL_PROLIFERATION	46	44		
GOBP_ALPHA_KETOGLUTARATE_TRANSPORT	7		Rejected!	
GOBP_ALPHA_LINOLENIC_ACID_METABOLIC_PROCESS	10		Rejected!	
GOBP_ALTERNATIVE_MRNA_SPLICING_VIA_SPLICEOSOME	73	70		
GOBP_AMACRINE_CELL_DIFFERENTIATION	12		Rejected!	
GOBP_AMEBOIDAL_TYPE_CELL_MIGRATION	502	417		
GOBP_AMELOBLAST_DIFFERENTIATION	5		Rejected!	
GOBP_AMELOGENESIS	27	26		
GOBP_AMIDE_BIOSYNTHETIC_PROCESS	160	150		
GOBP_AMIDE_CATABOLIC_PROCESS	16	16		
GOBP_AMIDE_METABOLIC_PROCESS	461	421		
GOBP_AMIDE_TRANSPORT	320	299		
GOBP_AMINE_BIOSYNTHETIC_PROCESS	40	37		
GOBP_AMINE_CATABOLIC_PROCESS	21	18		
GOBP_AMINE_METABOLIC_PROCESS	119	111		
GOBP_AMINE_TRANSPORT	94	92		
GOBP_AMINOACYL_TRNA_METABOLISM_INVOLVED_IN_TRANSLATIONAL_FIDELITY	13		Rejected!	
GOBP_AMINOGLYCAN_BIOSYNTHETIC_PROCESS	76	76		
GOBP_AMINOGLYCAN_CATABOLIC_PROCESS	34	32		
GOBP_AMINOGLYCAN_METABOLIC_PROCESS	122	119		
GOBP_AMINOGLYCOSIDE_ANTIBIOTIC_METABOLIC_PROCESS	10		Rejected!	
GOBP_AMINOPHOSPHOLIPID_TRANSLOCATION	7		Rejected!	
GOBP_AMINOPHOSPHOLIPID_TRANSPORT	9		Rejected!	
GOBP_AMINO_ACID_ACTIVATION	45	24		
GOBP_AMINO_ACID_BETAINE_BIOSYNTHETIC_PROCESS	6		Rejected!	
GOBP_AMINO_ACID_BETAINE_METABOLIC_PROCESS	17	17		
GOBP_AMINO_ACID_BETAINE_TRANSPORT	14		Rejected!	
GOBP_AMINO_ACID_BIOSYNTHETIC_PROCESS	76	72		
GOBP_AMINO_ACID_CATABOLIC_PROCESS	103	101		
GOBP_AMINO_ACID_IMPORT_ACROSS_PLASMA_MEMBRANE	51	49		
GOBP_AMINO_ACID_METABOLIC_PROCESS	299	265		
GOBP_AMINO_ACID_NEUROTRANSMITTER_REUPTAKE	10		Rejected!	
GOBP_AMINO_ACID_SALVAGE	7		Rejected!	
GOBP_AMINO_ACID_TRANSMEMBRANE_TRANSPORT	105	99		
GOBP_AMINO_ACID_TRANSPORT	161	154		
GOBP_AMINO_SUGAR_BIOSYNTHETIC_PROCESS	11		Rejected!	
GOBP_AMINO_SUGAR_CATABOLIC_PROCESS	15		Rejected!	
GOBP_AMINO_SUGAR_METABOLIC_PROCESS	42	40		
GOBP_AMMONIUM_HOMEOSTASIS	6		Rejected!	
GOBP_AMMONIUM_ION_METABOLIC_PROCESS	23	23		
GOBP_AMMONIUM_TRANSMEMBRANE_TRANSPORT	13		Rejected!	
GOBP_AMPA_GLUTAMATE_RECEPTOR_CLUSTERING	11		Rejected!	
GOBP_AMP_BIOSYNTHETIC_PROCESS	13		Rejected!	
GOBP_AMP_CATABOLIC_PROCESS	5		Rejected!	
GOBP_AMP_METABOLIC_PROCESS	23	21		
GOBP_AMP_SALVAGE	5		Rejected!	
GOBP_AMYGDALA_DEVELOPMENT	5		Rejected!	
GOBP_AMYLOID_BETA_CLEARANCE	38	36		
GOBP_AMYLOID_BETA_CLEARANCE_BY_CELLULAR_CATABOLIC_PROCESS	8		Rejected!	
GOBP_AMYLOID_BETA_CLEARANCE_BY_TRANSCYTOSIS	7		Rejected!	
GOBP_AMYLOID_BETA_METABOLIC_PROCESS	65	53		
GOBP_AMYLOID_FIBRIL_FORMATION	42	40		
GOBP_AMYLOID_PRECURSOR_PROTEIN_BIOSYNTHETIC_PROCESS	27		Rejected!	
GOBP_AMYLOID_PRECURSOR_PROTEIN_CATABOLIC_PROCESS	68	55		
GOBP_AMYLOID_PRECURSOR_PROTEIN_METABOLIC_PROCESS	96	73		
GOBP_ANAGEN	5		Rejected!	
GOBP_ANAPHASE_PROMOTING_COMPLEX_DEPENDENT_CATABOLIC_PROCESS	24	23		
GOBP_ANATOMICAL_STRUCTURE_ARRANGEMENT	17	17		
GOBP_ANATOMICAL_STRUCTURE_FORMATION_INVOLVED_IN_MORPHOGENESIS	1281		Rejected!	
GOBP_ANATOMICAL_STRUCTURE_MATURATION	273	252		
GOBP_ANATOMICAL_STRUCTURE_REGRESSION	15	15		
GOBP_ANDROGEN_BIOSYNTHETIC_PROCESS	10		Rejected!	
GOBP_ANDROGEN_CATABOLIC_PROCESS	5		Rejected!	
GOBP_ANDROGEN_METABOLIC_PROCESS	30	30		
GOBP_ANDROGEN_RECEPTOR_SIGNALING_PATHWAY	50	49		
GOBP_ANGIOGENESIS_INVOLVED_IN_CORONARY_VASCULAR_MORPHOGENESIS	5		Rejected!	
GOBP_ANGIOGENESIS_INVOLVED_IN_WOUND_HEALING	33	27		
GOBP_ANGIOTENSIN_ACTIVATED_SIGNALING_PATHWAY	20	18		
GOBP_ANIMAL_ORGAN_FORMATION	69	67		
GOBP_ANIMAL_ORGAN_MATURATION	32	29		
GOBP_ANIMAL_ORGAN_MORPHOGENESIS	1029		Rejected!	
GOBP_ANIMAL_ORGAN_REGENERATION	67	66		
GOBP_ANOIKIS	34	33		
GOBP_ANTERIOR_COMMISSURE_MORPHOGENESIS	7		Rejected!	
GOBP_ANTERIOR_HEAD_DEVELOPMENT	7		Rejected!	
GOBP_ANTERIOR_POSTERIOR_AXIS_SPECIFICATION	59	55		
GOBP_ANTERIOR_POSTERIOR_AXON_GUIDANCE	7		Rejected!	
GOBP_ANTERIOR_POSTERIOR_PATTERN_SPECIFICATION	219	213		
GOBP_ANTEROGRADE_AXONAL_TRANSPORT	51	51		
GOBP_ANTEROGRADE_AXONAL_TRANSPORT_OF_MITOCHONDRION	6		Rejected!	
GOBP_ANTEROGRADE_DENDRITIC_TRANSPORT	9		Rejected!	
GOBP_ANTEROGRADE_DENDRITIC_TRANSPORT_OF_NEUROTRANSMITTER_RECEPTOR_COMPLEX	5		Rejected!	
GOBP_ANTEROGRADE_NEURONAL_DENSE_CORE_VESICLE_TRANSPORT	7		Rejected!	
GOBP_ANTIBACTERIAL_HUMORAL_RESPONSE	72	52		
GOBP_ANTIBACTERIAL_INNATE_IMMUNE_RESPONSE	10		Rejected!	
GOBP_ANTIBACTERIAL_PEPTIDE_PRODUCTION	10		Rejected!	
GOBP_ANTIFUNGAL_HUMORAL_RESPONSE	5		Rejected!	
GOBP_ANTIFUNGAL_INNATE_IMMUNE_RESPONSE	23	23		
GOBP_ANTIGEN_PROCESSING_AND_PRESENTATION	118	111		
GOBP_ANTIGEN_PROCESSING_AND_PRESENTATION_ENDOGENOUS_LIPID_ANTIGEN_VIA_MHC_CLASS_IB	5		Rejected!	
GOBP_ANTIGEN_PROCESSING_AND_PRESENTATION_OF_ENDOGENOUS_ANTIGEN	32	31		
GOBP_ANTIGEN_PROCESSING_AND_PRESENTATION_OF_ENDOGENOUS_PEPTIDE_ANTIGEN	25	24		
GOBP_ANTIGEN_PROCESSING_AND_PRESENTATION_OF_EXOGENOUS_ANTIGEN	50	48		
GOBP_ANTIGEN_PROCESSING_AND_PRESENTATION_OF_EXOGENOUS_PEPTIDE_ANTIGEN	41	39		
GOBP_ANTIGEN_PROCESSING_AND_PRESENTATION_OF_EXOGENOUS_PEPTIDE_ANTIGEN_VIA_MHC_CLASS_I	9		Rejected!	
GOBP_ANTIGEN_PROCESSING_AND_PRESENTATION_OF_EXOGENOUS_PEPTIDE_ANTIGEN_VIA_MHC_CLASS_II	31	29		
GOBP_ANTIGEN_PROCESSING_AND_PRESENTATION_OF_LIPID_ANTIGEN_VIA_MHC_CLASS_IB	7		Rejected!	
GOBP_ANTIGEN_PROCESSING_AND_PRESENTATION_OF_PEPTIDE_ANTIGEN	73	68		
GOBP_ANTIGEN_PROCESSING_AND_PRESENTATION_OF_PEPTIDE_ANTIGEN_VIA_MHC_CLASS_I	38	37		
GOBP_ANTIGEN_PROCESSING_AND_PRESENTATION_OF_PEPTIDE_ANTIGEN_VIA_MHC_CLASS_IB	18	17		
GOBP_ANTIGEN_PROCESSING_AND_PRESENTATION_OF_PEPTIDE_OR_POLYSACCHARIDE_ANTIGEN_VIA_MHC_CLASS_II	37	33		
GOBP_ANTIGEN_PROCESSING_AND_PRESENTATION_VIA_MHC_CLASS_IB	25	24		
GOBP_ANTIGEN_RECEPTOR_MEDIATED_SIGNALING_PATHWAY	210	179		
GOBP_ANTIMICROBIAL_HUMORAL_IMMUNE_RESPONSE_MEDIATED_BY_ANTIMICROBIAL_PEPTIDE	110	99		
GOBP_ANTIMICROBIAL_HUMORAL_RESPONSE	161	137		
GOBP_ANTIMICROBIAL_PEPTIDE_PRODUCTION	12		Rejected!	
GOBP_ANTIVIRAL_INNATE_IMMUNE_RESPONSE	54	50		
GOBP_ANTRAL_OVARIAN_FOLLICLE_GROWTH	12		Rejected!	
GOBP_AORTA_DEVELOPMENT	65	61		
GOBP_AORTA_MORPHOGENESIS	38	34		
GOBP_AORTA_SMOOTH_MUSCLE_TISSUE_MORPHOGENESIS	6		Rejected!	
GOBP_AORTIC_VALVE_MORPHOGENESIS	39	39		
GOBP_APICAL_JUNCTION_ASSEMBLY	79	72		
GOBP_APICAL_PROTEIN_LOCALIZATION	15	15		
GOBP_APOLIPOPROTEIN_A_I_MEDIATED_SIGNALING_PATHWAY	7		Rejected!	
GOBP_APOPTOTIC_CELL_CLEARANCE	48	48		
GOBP_APOPTOTIC_CHROMOSOME_CONDENSATION	6		Rejected!	
GOBP_APOPTOTIC_DNA_FRAGMENTATION	20	15		
GOBP_APOPTOTIC_MITOCHONDRIAL_CHANGES	107	98		
GOBP_APOPTOTIC_PROCESS	1972		Rejected!	
GOBP_APOPTOTIC_PROCESS_INVOLVED_IN_DEVELOPMENT	41	39		
GOBP_APOPTOTIC_PROCESS_INVOLVED_IN_HEART_MORPHOGENESIS	7		Rejected!	
GOBP_APOPTOTIC_PROCESS_INVOLVED_IN_MORPHOGENESIS	26	25		
GOBP_APOPTOTIC_PROCESS_IN_BONE_MARROW_CELL	6		Rejected!	
GOBP_APOPTOTIC_SIGNALING_PATHWAY	620		Rejected!	
GOBP_APPENDAGE_DEVELOPMENT	186	175		
GOBP_APPENDAGE_MORPHOGENESIS	150	142		
GOBP_ARACHIDONIC_ACID_METABOLIC_PROCESS	58	57		
GOBP_ARACHIDONIC_ACID_SECRETION	31	30		
GOBP_ARF_PROTEIN_SIGNAL_TRANSDUCTION	22	22		
GOBP_ARGININE_BIOSYNTHETIC_PROCESS	5		Rejected!	
GOBP_ARGININE_CATABOLIC_PROCESS	10		Rejected!	
GOBP_ARGININE_METABOLIC_PROCESS	19	17		
GOBP_AROMATIC_AMINO_ACID_FAMILY_CATABOLIC_PROCESS	16	16		
GOBP_AROMATIC_AMINO_ACID_METABOLIC_PROCESS	32	32		
GOBP_AROMATIC_AMINO_ACID_TRANSPORT	13		Rejected!	
GOBP_ARP2_3_COMPLEX_MEDIATED_ACTIN_NUCLEATION	46	37		
GOBP_ARTERIAL_ENDOTHELIAL_CELL_DIFFERENTIATION	6		Rejected!	
GOBP_ARTERY_DEVELOPMENT	113	104		
GOBP_ARTERY_MORPHOGENESIS	82	73		
GOBP_ARTICULAR_CARTILAGE_DEVELOPMENT	6		Rejected!	
GOBP_ASCENDING_AORTA_DEVELOPMENT	5		Rejected!	
GOBP_ASPARAGINE_METABOLIC_PROCESS	5		Rejected!	
GOBP_ASPARTATE_FAMILY_AMINO_ACID_BIOSYNTHETIC_PROCESS	21	20		
GOBP_ASPARTATE_FAMILY_AMINO_ACID_CATABOLIC_PROCESS	13		Rejected!	
GOBP_ASPARTATE_FAMILY_AMINO_ACID_METABOLIC_PROCESS	45	40		
GOBP_ASPARTATE_METABOLIC_PROCESS	8		Rejected!	
GOBP_ASPARTATE_TRANSMEMBRANE_TRANSPORT	20	20		
GOBP_ASSOCIATIVE_LEARNING	87	85		
GOBP_ASTRAL_MICROTUBULE_ORGANIZATION	10		Rejected!	
GOBP_ASTROCYTE_ACTIVATION	26	23		
GOBP_ASTROCYTE_CELL_MIGRATION	9		Rejected!	
GOBP_ASTROCYTE_DEVELOPMENT	44	41		
GOBP_ASTROCYTE_DIFFERENTIATION	88	84		
GOBP_ASYMMETRIC_CELL_DIVISION	19	19		
GOBP_ASYMMETRIC_NEUROBLAST_DIVISION	6		Rejected!	
GOBP_ATF6_MEDIATED_UNFOLDED_PROTEIN_RESPONSE	9		Rejected!	
GOBP_ATP_BIOSYNTHETIC_PROCESS	99	62		
GOBP_ATP_EXPORT	6		Rejected!	
GOBP_ATP_METABOLIC_PROCESS	222	182		
GOBP_ATP_SYNTHESIS_COUPLED_ELECTRON_TRANSPORT	101	76		
GOBP_ATP_TRANSPORT	21	19		
GOBP_ATRIAL_CARDIAC_MUSCLE_CELL_MEMBRANE_REPOLARIZATION	11		Rejected!	
GOBP_ATRIAL_CARDIAC_MUSCLE_CELL_TO_AV_NODE_CELL_COMMUNICATION	19	18		
GOBP_ATRIAL_CARDIAC_MUSCLE_TISSUE_DEVELOPMENT	22	22		
GOBP_ATRIAL_CARDIAC_MUSCLE_TISSUE_MORPHOGENESIS	6		Rejected!	
GOBP_ATRIAL_SEPTUM_DEVELOPMENT	23	21		
GOBP_ATRIAL_SEPTUM_MORPHOGENESIS	15		Rejected!	
GOBP_ATRIOVENTRICULAR_CANAL_DEVELOPMENT	13		Rejected!	
GOBP_ATRIOVENTRICULAR_NODE_DEVELOPMENT	9		Rejected!	
GOBP_ATRIOVENTRICULAR_VALVE_DEVELOPMENT	30	29		
GOBP_ATRIOVENTRICULAR_VALVE_FORMATION	8		Rejected!	
GOBP_ATTACHMENT_OF_GPI_ANCHOR_TO_PROTEIN	6		Rejected!	
GOBP_ATTACHMENT_OF_MITOTIC_SPINDLE_MICROTUBULES_TO_KINETOCHORE	25	25		
GOBP_ATTACHMENT_OF_SPINDLE_MICROTUBULES_TO_KINETOCHORE	53	51		
GOBP_AUDITORY_RECEPTOR_CELL_DEVELOPMENT	26	24		
GOBP_AUDITORY_RECEPTOR_CELL_MORPHOGENESIS	21	19		
GOBP_AUTOCRINE_SIGNALING	7		Rejected!	
GOBP_AUTONOMIC_NERVOUS_SYSTEM_DEVELOPMENT	46	45		
GOBP_AUTOPHAGIC_CELL_DEATH	9		Rejected!	
GOBP_AUTOPHAGOSOME_LYSOSOME_FUSION	12		Rejected!	
GOBP_AUTOPHAGOSOME_MATURATION	68	64		
GOBP_AUTOPHAGOSOME_MEMBRANE_DOCKING	7		Rejected!	
GOBP_AUTOPHAGOSOME_ORGANIZATION	125	115		
GOBP_AUTOPHAGY_OF_MITOCHONDRION	110	96		
GOBP_AUTOPHAGY_OF_PEROXISOME	16	15		
GOBP_AUTOSOME_GENOMIC_IMPRINTING	5		Rejected!	
GOBP_AV_NODE_CELL_TO_BUNDLE_OF_HIS_CELL_COMMUNICATION	14		Rejected!	
GOBP_AV_NODE_CELL_TO_BUNDLE_OF_HIS_CELL_SIGNALING	11		Rejected!	
GOBP_AXIAL_MESODERM_DEVELOPMENT	9		Rejected!	
GOBP_AXIS_ELONGATION	30	29		
GOBP_AXIS_SPECIFICATION	99	94		
GOBP_AXONAL_FASCICULATION	20	20		
GOBP_AXONAL_TRANSPORT	67	67		
GOBP_AXONAL_TRANSPORT_OF_MITOCHONDRION	18	18		
GOBP_AXONEMAL_CENTRAL_APPARATUS_ASSEMBLY	6		Rejected!	
GOBP_AXONEMAL_DYNEIN_COMPLEX_ASSEMBLY	40	24		
GOBP_AXONEME_ASSEMBLY	101	73		
GOBP_AXONOGENESIS_INVOLVED_IN_INNERVATION	9		Rejected!	
GOBP_AXON_CHOICE_POINT_RECOGNITION	7		Rejected!	
GOBP_AXON_DEVELOPMENT	520		Rejected!	
GOBP_AXON_ENSHEATHMENT_IN_CENTRAL_NERVOUS_SYSTEM	26	24		
GOBP_AXON_EXTENSION	106	106		
GOBP_AXON_MIDLINE_CHOICE_POINT_RECOGNITION	5		Rejected!	
GOBP_AXO_DENDRITIC_PROTEIN_TRANSPORT	9		Rejected!	
GOBP_AXO_DENDRITIC_TRANSPORT	79	79		
GOBP_AZOLE_TRANSMEMBRANE_TRANSPORT	15		Rejected!	
GOBP_BARBED_END_ACTIN_FILAMENT_CAPPING	25	23		
GOBP_BASEMENT_MEMBRANE_ASSEMBLY	9		Rejected!	
GOBP_BASEMENT_MEMBRANE_ORGANIZATION	38	38		
GOBP_BASE_CONVERSION_OR_SUBSTITUTION_EDITING	18	18		
GOBP_BASE_EXCISION_REPAIR	44	43		
GOBP_BASE_EXCISION_REPAIR_AP_SITE_FORMATION	12		Rejected!	
GOBP_BASE_EXCISION_REPAIR_GAP_FILLING	14		Rejected!	
GOBP_BASIC_AMINO_ACID_TRANSPORT	22	20		
GOBP_BASOLATERAL_PROTEIN_SECRETION	5		Rejected!	
GOBP_BEHAVIOR	657		Rejected!	
GOBP_BEHAVIORAL_RESPONSE_TO_COCAINE	16	16		
GOBP_BEHAVIORAL_RESPONSE_TO_ETHANOL	9		Rejected!	
GOBP_BEHAVIORAL_RESPONSE_TO_NICOTINE	8		Rejected!	
GOBP_BEHAVIORAL_RESPONSE_TO_PAIN	19	17		
GOBP_BENZENE_CONTAINING_COMPOUND_METABOLIC_PROCESS	26	26		
GOBP_BERGMANN_GLIAL_CELL_DIFFERENTIATION	11		Rejected!	
GOBP_BICARBONATE_TRANSPORT	37	36		
GOBP_BILE_ACID_AND_BILE_SALT_TRANSPORT	30	29		
GOBP_BILE_ACID_BIOSYNTHETIC_PROCESS	38	35		
GOBP_BILE_ACID_METABOLIC_PROCESS	51	47		
GOBP_BILE_ACID_SECRETION	12		Rejected!	
GOBP_BILE_ACID_SIGNALING_PATHWAY	11		Rejected!	
GOBP_BINDING_OF_SPERM_TO_ZONA_PELLUCIDA	38	38		
GOBP_BIOGENIC_AMINE_METABOLIC_PROCESS	99	93		
GOBP_BIOLOGICAL_PHASE	11		Rejected!	
GOBP_BIOLOGICAL_PROCESS_INVOLVED_IN_INTERACTION_WITH_HOST	204	194		
GOBP_BIOLOGICAL_PROCESS_INVOLVED_IN_INTERACTION_WITH_SYMBIONT	121	114		
GOBP_BIOLOGICAL_PROCESS_INVOLVED_IN_INTERSPECIES_INTERACTION_BETWEEN_ORGANISMS	1780		Rejected!	
GOBP_BIOLOGICAL_PROCESS_INVOLVED_IN_INTRASPECIES_INTERACTION_BETWEEN_ORGANISMS	55	53		
GOBP_BIOLOGICAL_PROCESS_INVOLVED_IN_SYMBIOTIC_INTERACTION	314	298		
GOBP_BIOMINERAL_TISSUE_DEVELOPMENT	179	170		
GOBP_BLASTOCYST_DEVELOPMENT	117	111		
GOBP_BLASTOCYST_FORMATION	45	45		
GOBP_BLASTOCYST_GROWTH	22	22		
GOBP_BLASTODERM_SEGMENTATION	25	22		
GOBP_BLEB_ASSEMBLY	11		Rejected!	
GOBP_BLOOD_COAGULATION_FIBRIN_CLOT_FORMATION	16	16		
GOBP_BLOOD_COAGULATION_INTRINSIC_PATHWAY	8		Rejected!	
GOBP_BLOOD_VESSEL_ENDOTHELIAL_CELL_DIFFERENTIATION	14		Rejected!	
GOBP_BLOOD_VESSEL_ENDOTHELIAL_CELL_MIGRATION	185	114		
GOBP_BLOOD_VESSEL_ENDOTHELIAL_CELL_PROLIFERATION_INVOLVED_IN_SPROUTING_ANGIOGENESIS	55	22		
GOBP_BLOOD_VESSEL_MATURATION	8		Rejected!	
GOBP_BLOOD_VESSEL_MORPHOGENESIS	723		Rejected!	
GOBP_BLOOD_VESSEL_REMODELING	52	45		
GOBP_BODY_FLUID_SECRETION	95	93		
GOBP_BODY_MORPHOGENESIS	51	50		
GOBP_BONE_CELL_DEVELOPMENT	19	18		
GOBP_BONE_DEVELOPMENT	216	203		
GOBP_BONE_GROWTH	31	29		
GOBP_BONE_MARROW_DEVELOPMENT	9		Rejected!	
GOBP_BONE_MATURATION	28	25		
GOBP_BONE_MINERALIZATION	126	118		
GOBP_BONE_MINERALIZATION_INVOLVED_IN_BONE_MATURATION	13		Rejected!	
GOBP_BONE_MORPHOGENESIS	100	95		
GOBP_BONE_REMODELING	90	89		
GOBP_BONE_RESORPTION	66	65		
GOBP_BONE_TRABECULA_FORMATION	11		Rejected!	
GOBP_BONE_TRABECULA_MORPHOGENESIS	14		Rejected!	
GOBP_BOX_C_D_SNORNP_ASSEMBLY	10		Rejected!	
GOBP_BRADYKININ_CATABOLIC_PROCESS	7		Rejected!	
GOBP_BRAINSTEM_DEVELOPMENT	8		Rejected!	
GOBP_BRAIN_DERIVED_NEUROTROPHIC_FACTOR_RECEPTOR_SIGNALING_PATHWAY	6		Rejected!	
GOBP_BRAIN_MORPHOGENESIS	38	36		
GOBP_BRANCHED_CHAIN_AMINO_ACID_BIOSYNTHETIC_PROCESS	5		Rejected!	
GOBP_BRANCHED_CHAIN_AMINO_ACID_CATABOLIC_PROCESS	22	22		
GOBP_BRANCHED_CHAIN_AMINO_ACID_METABOLIC_PROCESS	28	28		
GOBP_BRANCHED_CHAIN_AMINO_ACID_TRANSPORT	14		Rejected!	
GOBP_BRANCHING_INVOLVED_IN_BLOOD_VESSEL_MORPHOGENESIS	36	33		
GOBP_BRANCHING_INVOLVED_IN_LABYRINTHINE_LAYER_MORPHOGENESIS	13		Rejected!	
GOBP_BRANCHING_INVOLVED_IN_MAMMARY_GLAND_DUCT_MORPHOGENESIS	23	23		
GOBP_BRANCHING_INVOLVED_IN_PROSTATE_GLAND_MORPHOGENESIS	12		Rejected!	
GOBP_BRANCHING_INVOLVED_IN_SALIVARY_GLAND_MORPHOGENESIS	22	21		
GOBP_BRANCHING_MORPHOGENESIS_OF_AN_EPITHELIAL_TUBE	158	153		
GOBP_BRANCHING_MORPHOGENESIS_OF_A_NERVE	12		Rejected!	
GOBP_BRANCHIOMOTOR_NEURON_AXON_GUIDANCE	7		Rejected!	
GOBP_BRANCH_ELONGATION_INVOLVED_IN_MAMMARY_GLAND_DUCT_BRANCHING	5		Rejected!	
GOBP_BRANCH_ELONGATION_OF_AN_EPITHELIUM	20	19		
GOBP_BRONCHIOLE_DEVELOPMENT	6		Rejected!	
GOBP_BRONCHUS_DEVELOPMENT	11		Rejected!	
GOBP_BROWN_FAT_CELL_DIFFERENTIATION	54	52		
GOBP_BRUSH_BORDER_ASSEMBLY	8		Rejected!	
GOBP_BUD_ELONGATION_INVOLVED_IN_LUNG_BRANCHING	7		Rejected!	
GOBP_BUNDLE_OF_HIS_CELL_TO_PURKINJE_MYOCYTE_COMMUNICATION	15	15		
GOBP_BUNDLE_OF_HIS_CELL_TO_PURKINJE_MYOCYTE_SIGNALING	7		Rejected!	
GOBP_B_1_B_CELL_DIFFERENTIATION	5		Rejected!	
GOBP_B_CELL_ACTIVATION	278	269		
GOBP_B_CELL_ACTIVATION_INVOLVED_IN_IMMUNE_RESPONSE	89	84		
GOBP_B_CELL_APOPTOTIC_PROCESS	26	25		
GOBP_B_CELL_CHEMOTAXIS	8		Rejected!	
GOBP_B_CELL_DIFFERENTIATION	155	154		
GOBP_B_CELL_HOMEOSTASIS	34	32		
GOBP_B_CELL_LINEAGE_COMMITMENT	6		Rejected!	
GOBP_B_CELL_MEDIATED_IMMUNITY	203	131		
GOBP_B_CELL_PROLIFERATION	104	103		
GOBP_B_CELL_PROLIFERATION_INVOLVED_IN_IMMUNE_RESPONSE	6		Rejected!	
GOBP_B_CELL_RECEPTOR_SIGNALING_PATHWAY	78	61		
GOBP_C21_STEROID_HORMONE_BIOSYNTHETIC_PROCESS	20	20		
GOBP_C21_STEROID_HORMONE_METABOLIC_PROCESS	37	37		
GOBP_C4_DICARBOXYLATE_TRANSPORT	28	28		
GOBP_CADMIUM_ION_TRANSMEMBRANE_TRANSPORT	6		Rejected!	
GOBP_CALCINEURIN_MEDIATED_SIGNALING	47	44		
GOBP_CALCITONIN_FAMILY_RECEPTOR_SIGNALING_PATHWAY	8		Rejected!	
GOBP_CALCIUM_ACTIVATED_PHOSPHOLIPID_SCRAMBLING	5		Rejected!	
GOBP_CALCIUM_DEPENDENT_CELL_CELL_ADHESION_VIA_PLASMA_MEMBRANE_CELL_ADHESION_MOLECULES	47	47		
GOBP_CALCIUM_IMPORT_INTO_THE_MITOCHONDRION	16		Rejected!	
GOBP_CALCIUM_INDEPENDENT_CELL_CELL_ADHESION_VIA_PLASMA_MEMBRANE_CELL_ADHESION_MOLECULES	23	23		
GOBP_CALCIUM_ION_EXPORT_ACROSS_PLASMA_MEMBRANE	11		Rejected!	
GOBP_CALCIUM_ION_HOMEOSTASIS	329	312		
GOBP_CALCIUM_ION_IMPORT	84	76		
GOBP_CALCIUM_ION_IMPORT_ACROSS_PLASMA_MEMBRANE	42	36		
GOBP_CALCIUM_ION_IMPORT_INTO_SARCOPLASMIC_RETICULUM	6		Rejected!	
GOBP_CALCIUM_ION_REGULATED_EXOCYTOSIS	66	65		
GOBP_CALCIUM_ION_REGULATED_EXOCYTOSIS_OF_NEUROTRANSMITTER	21	21		
GOBP_CALCIUM_ION_TRANSMEMBRANE_IMPORT_INTO_CYTOSOL	189	174		
GOBP_CALCIUM_ION_TRANSMEMBRANE_TRANSPORT	344	319		
GOBP_CALCIUM_ION_TRANSMEMBRANE_TRANSPORT_VIA_HIGH_VOLTAGE_GATED_CALCIUM_CHANNEL	21	18		
GOBP_CALCIUM_ION_TRANSPORT	439	408		
GOBP_CALCIUM_ION_TRANSPORT_INTO_CYTOSOL	28	26		
GOBP_CALCIUM_MEDIATED_SIGNALING	228	215		
GOBP_CALMODULIN_DEPENDENT_KINASE_SIGNALING_PATHWAY	12		Rejected!	
GOBP_CAMERA_TYPE_EYE_MORPHOGENESIS	134	132		
GOBP_CAMERA_TYPE_EYE_PHOTORECEPTOR_CELL_DIFFERENTIATION	32	31		
GOBP_CAMKK_AMPK_SIGNALING_CASCADE	9		Rejected!	
GOBP_CAMP_BIOSYNTHETIC_PROCESS	10		Rejected!	
GOBP_CAMP_CATABOLIC_PROCESS	9		Rejected!	
GOBP_CAMP_MEDIATED_SIGNALING	57	55		
GOBP_CAMP_METABOLIC_PROCESS	23	23		
GOBP_CAMP_PKA_SIGNAL_TRANSDUCTION	5		Rejected!	
GOBP_CANNABINOID_SIGNALING_PATHWAY	7		Rejected!	
GOBP_CANONICAL_NF_KAPPAB_SIGNAL_TRANSDUCTION	314	296		
GOBP_CANONICAL_WNT_SIGNALING_PATHWAY	326	295		
GOBP_CAP_DEPENDENT_TRANSLATIONAL_INITIATION	7		Rejected!	
GOBP_CARBOHYDRATE_BIOSYNTHETIC_PROCESS	208	195		
GOBP_CARBOHYDRATE_CATABOLIC_PROCESS	172	166		
GOBP_CARBOHYDRATE_DERIVATIVE_BIOSYNTHETIC_PROCESS	672		Rejected!	
GOBP_CARBOHYDRATE_DERIVATIVE_CATABOLIC_PROCESS	277	264		
GOBP_CARBOHYDRATE_DERIVATIVE_METABOLIC_PROCESS	1109		Rejected!	
GOBP_CARBOHYDRATE_DERIVATIVE_TRANSPORT	94	89		
GOBP_CARBOHYDRATE_HOMEOSTASIS	262	230		
GOBP_CARBOHYDRATE_IMPORT_ACROSS_PLASMA_MEMBRANE	6		Rejected!	
GOBP_CARBOHYDRATE_MEDIATED_SIGNALING	11		Rejected!	
GOBP_CARBOHYDRATE_METABOLIC_PROCESS	571		Rejected!	
GOBP_CARBOHYDRATE_PHOSPHORYLATION	23	22		
GOBP_CARBOHYDRATE_TRANSPORT	141	131		
GOBP_CARBON_CATABOLITE_REGULATION_OF_TRANSCRIPTION	8		Rejected!	
GOBP_CARBON_DIOXIDE_TRANSPORT	15	15		
GOBP_CARDIAC_ATRIUM_DEVELOPMENT	37	35		
GOBP_CARDIAC_ATRIUM_MORPHOGENESIS	29	27		
GOBP_CARDIAC_CELL_DEVELOPMENT	94	85		
GOBP_CARDIAC_CELL_FATE_COMMITMENT	13		Rejected!	
GOBP_CARDIAC_CHAMBER_DEVELOPMENT	169	163		
GOBP_CARDIAC_CHAMBER_FORMATION	12		Rejected!	
GOBP_CARDIAC_CHAMBER_MORPHOGENESIS	128	123		
GOBP_CARDIAC_CONDUCTION	99	95		
GOBP_CARDIAC_CONDUCTION_SYSTEM_DEVELOPMENT	37	37		
GOBP_CARDIAC_EPITHELIAL_TO_MESENCHYMAL_TRANSITION	40	37		
GOBP_CARDIAC_FIBROBLAST_CELL_DIFFERENTIATION	5		Rejected!	
GOBP_CARDIAC_LEFT_VENTRICLE_MORPHOGENESIS	16	16		
GOBP_CARDIAC_MUSCLE_CELL_ACTION_POTENTIAL	85	81		
GOBP_CARDIAC_MUSCLE_CELL_ACTION_POTENTIAL_INVOLVED_IN_CONTRACTION	62	59		
GOBP_CARDIAC_MUSCLE_CELL_CARDIAC_MUSCLE_CELL_ADHESION	7		Rejected!	
GOBP_CARDIAC_MUSCLE_CELL_CONTRACTION	85	81		
GOBP_CARDIAC_MUSCLE_CELL_DIFFERENTIATION	130	116		
GOBP_CARDIAC_MUSCLE_CELL_FATE_COMMITMENT	8		Rejected!	
GOBP_CARDIAC_MUSCLE_CELL_MEMBRANE_REPOLARIZATION	41	38		
GOBP_CARDIAC_MUSCLE_CELL_MYOBLAST_DIFFERENTIATION	12		Rejected!	
GOBP_CARDIAC_MUSCLE_CELL_PROLIFERATION	60	45		
GOBP_CARDIAC_MUSCLE_CONTRACTION	146	138		
GOBP_CARDIAC_MUSCLE_MYOBLAST_PROLIFERATION	7		Rejected!	
GOBP_CARDIAC_MUSCLE_TISSUE_MORPHOGENESIS	61	59		
GOBP_CARDIAC_MUSCLE_TISSUE_REGENERATION	8		Rejected!	
GOBP_CARDIAC_MYOFIBRIL_ASSEMBLY	19	19		
GOBP_CARDIAC_NEURAL_CREST_CELL_DEVELOPMENT_INVOLVED_IN_OUTFLOW_TRACT_MORPHOGENESIS	13		Rejected!	
GOBP_CARDIAC_NEURAL_CREST_CELL_DIFFERENTIATION_INVOLVED_IN_HEART_DEVELOPMENT	16	16		
GOBP_CARDIAC_NEURAL_CREST_CELL_MIGRATION_INVOLVED_IN_OUTFLOW_TRACT_MORPHOGENESIS	11		Rejected!	
GOBP_CARDIAC_PACEMAKER_CELL_DEVELOPMENT	9		Rejected!	
GOBP_CARDIAC_PACEMAKER_CELL_DIFFERENTIATION	11		Rejected!	
GOBP_CARDIAC_RIGHT_VENTRICLE_MORPHOGENESIS	21	20		
GOBP_CARDIAC_SEPTUM_CELL_DIFFERENTIATION	5		Rejected!	
GOBP_CARDIAC_SEPTUM_DEVELOPMENT	109	104		
GOBP_CARDIAC_SEPTUM_MORPHOGENESIS	73	68		
GOBP_CARDIAC_VASCULAR_SMOOTH_MUSCLE_CELL_DIFFERENTIATION	10		Rejected!	
GOBP_CARDIAC_VENTRICLE_DEVELOPMENT	128	122		
GOBP_CARDIAC_VENTRICLE_FORMATION	8		Rejected!	
GOBP_CARDIAC_VENTRICLE_MORPHOGENESIS	72	70		
GOBP_CARDIOBLAST_DIFFERENTIATION	18	16		
GOBP_CARDIOBLAST_PROLIFERATION	12		Rejected!	
GOBP_CARDIOCYTE_DIFFERENTIATION	166	146		
GOBP_CARDIOLIPIN_ACYL_CHAIN_REMODELING	6		Rejected!	
GOBP_CARDIOLIPIN_BIOSYNTHETIC_PROCESS	8		Rejected!	
GOBP_CARDIOLIPIN_METABOLIC_PROCESS	16		Rejected!	
GOBP_CARNITINE_METABOLIC_PROCESS	12		Rejected!	
GOBP_CARNITINE_TRANSMEMBRANE_TRANSPORT	7		Rejected!	
GOBP_CARNITINE_TRANSPORT	9		Rejected!	
GOBP_CARTILAGE_CONDENSATION	19	18		
GOBP_CARTILAGE_DEVELOPMENT	208	193		
GOBP_CARTILAGE_DEVELOPMENT_INVOLVED_IN_ENDOCHONDRAL_BONE_MORPHOGENESIS	33	31		
GOBP_CARTILAGE_MORPHOGENESIS	10		Rejected!	
GOBP_CATECHOLAMINE_SECRETION	49	48		
GOBP_CATECHOLAMINE_TRANSPORT	64	63		
GOBP_CATECHOLAMINE_UPTAKE	18	17		
GOBP_CATECHOLAMINE_UPTAKE_INVOLVED_IN_SYNAPTIC_TRANSMISSION	12		Rejected!	
GOBP_CATECHOL_CONTAINING_COMPOUND_BIOSYNTHETIC_PROCESS	22	20		
GOBP_CATECHOL_CONTAINING_COMPOUND_CATABOLIC_PROCESS	10		Rejected!	
GOBP_CATECHOL_CONTAINING_COMPOUND_METABOLIC_PROCESS	56	51		
GOBP_CAVEOLA_ASSEMBLY	6		Rejected!	
GOBP_CAVEOLIN_MEDIATED_ENDOCYTOSIS	11		Rejected!	
GOBP_CD40_SIGNALING_PATHWAY	16	15		
GOBP_CD4_POSITIVE_ALPHA_BETA_T_CELL_ACTIVATION	122	120		
GOBP_CD4_POSITIVE_ALPHA_BETA_T_CELL_CYTOKINE_PRODUCTION	19	19		
GOBP_CD4_POSITIVE_ALPHA_BETA_T_CELL_DIFFERENTIATION	96	95		
GOBP_CD4_POSITIVE_ALPHA_BETA_T_CELL_PROLIFERATION	22	21		
GOBP_CD4_POSITIVE_CD25_POSITIVE_ALPHA_BETA_REGULATORY_T_CELL_DIFFERENTIATION	10		Rejected!	
GOBP_CD4_POSITIVE_OR_CD8_POSITIVE_ALPHA_BETA_T_CELL_LINEAGE_COMMITMENT	30	30		
GOBP_CD8_POSITIVE_ALPHA_BETA_T_CELL_ACTIVATION	28	25		
GOBP_CD8_POSITIVE_ALPHA_BETA_T_CELL_DIFFERENTIATION	15		Rejected!	
GOBP_CD8_POSITIVE_ALPHA_BETA_T_CELL_PROLIFERATION	8		Rejected!	
GOBP_CDC42_PROTEIN_SIGNAL_TRANSDUCTION	17	16		
GOBP_CDP_CHOLINE_PATHWAY	7		Rejected!	
GOBP_CDP_DIACYLGLYCEROL_BIOSYNTHETIC_PROCESS	13		Rejected!	
GOBP_CELLULAR_ALDEHYDE_METABOLIC_PROCESS	76	73		
GOBP_CELLULAR_CATABOLIC_PROCESS	1142		Rejected!	
GOBP_CELLULAR_COMPONENT_ASSEMBLY_INVOLVED_IN_MORPHOGENESIS	137	131		
GOBP_CELLULAR_COMPONENT_DISASSEMBLY	546	497		
GOBP_CELLULAR_COMPONENT_DISASSEMBLY_INVOLVED_IN_EXECUTION_PHASE_OF_APOPTOSIS	33	28		
GOBP_CELLULAR_COMPONENT_MAINTENANCE	72	66		
GOBP_CELLULAR_DEFENSE_RESPONSE	52	52		
GOBP_CELLULAR_DETOXIFICATION_OF_ALDEHYDE	9		Rejected!	
GOBP_CELLULAR_EXTRAVASATION	75	73		
GOBP_CELLULAR_GLUCURONIDATION	21	20		
GOBP_CELLULAR_HOMEOSTASIS	836		Rejected!	
GOBP_CELLULAR_HYPEROSMOTIC_RESPONSE	20	20		
GOBP_CELLULAR_HYPOTONIC_RESPONSE	11		Rejected!	
GOBP_CELLULAR_KETONE_METABOLIC_PROCESS	225	208		
GOBP_CELLULAR_LIPID_BIOSYNTHETIC_PROCESS	12		Rejected!	
GOBP_CELLULAR_LIPID_CATABOLIC_PROCESS	239	226		
GOBP_CELLULAR_LIPID_METABOLIC_PROCESS	1026		Rejected!	
GOBP_CELLULAR_METABOLIC_COMPOUND_SALVAGE	33	31		
GOBP_CELLULAR_MODIFIED_AMINO_ACID_BIOSYNTHETIC_PROCESS	46	45		
GOBP_CELLULAR_MODIFIED_AMINO_ACID_CATABOLIC_PROCESS	33	30		
GOBP_CELLULAR_MODIFIED_AMINO_ACID_METABOLIC_PROCESS	192	184		
GOBP_CELLULAR_OXIDANT_DETOXIFICATION	98	90		
GOBP_CELLULAR_PIGMENTATION	63	62		
GOBP_CELLULAR_PROCESS_INVOLVED_IN_REPRODUCTION_IN_MULTICELLULAR_ORGANISM	414	364		
GOBP_CELLULAR_RESPIRATION	241	190		
GOBP_CELLULAR_RESPONSE_TO_ABIOTIC_STIMULUS	337	321		
GOBP_CELLULAR_RESPONSE_TO_ACIDIC_PH	14		Rejected!	
GOBP_CELLULAR_RESPONSE_TO_ACID_CHEMICAL	99	85		
GOBP_CELLULAR_RESPONSE_TO_ALCOHOL	106	99		
GOBP_CELLULAR_RESPONSE_TO_ALDEHYDE	17	16		
GOBP_CELLULAR_RESPONSE_TO_ALDOSTERONE	8		Rejected!	
GOBP_CELLULAR_RESPONSE_TO_ALKALOID	38	36		
GOBP_CELLULAR_RESPONSE_TO_AMMONIUM_ION	5		Rejected!	
GOBP_CELLULAR_RESPONSE_TO_AMYLOID_BETA	46	39		
GOBP_CELLULAR_RESPONSE_TO_ANGIOTENSIN	35	33		
GOBP_CELLULAR_RESPONSE_TO_ANTIBIOTIC	12		Rejected!	
GOBP_CELLULAR_RESPONSE_TO_ARSENIC_CONTAINING_SUBSTANCE	17	17		
GOBP_CELLULAR_RESPONSE_TO_ATP	18	17		
GOBP_CELLULAR_RESPONSE_TO_BIOTIC_STIMULUS	265	241		
GOBP_CELLULAR_RESPONSE_TO_BRAIN_DERIVED_NEUROTROPHIC_FACTOR_STIMULUS	10		Rejected!	
GOBP_CELLULAR_RESPONSE_TO_CADMIUM_ION	38	36		
GOBP_CELLULAR_RESPONSE_TO_CAFFEINE	11		Rejected!	
GOBP_CELLULAR_RESPONSE_TO_CALCIUM_ION	73	68		
GOBP_CELLULAR_RESPONSE_TO_CAMP	51	48		
GOBP_CELLULAR_RESPONSE_TO_CARBOHYDRATE_STIMULUS	161	139		
GOBP_CELLULAR_RESPONSE_TO_CGMP	7		Rejected!	
GOBP_CELLULAR_RESPONSE_TO_CHEMICAL_STRESS	320	294		
GOBP_CELLULAR_RESPONSE_TO_CHOLESTEROL	20	16		
GOBP_CELLULAR_RESPONSE_TO_COCAINE	10		Rejected!	
GOBP_CELLULAR_RESPONSE_TO_COLD	13		Rejected!	
GOBP_CELLULAR_RESPONSE_TO_COPPER_ION	25	23		
GOBP_CELLULAR_RESPONSE_TO_CORTICOSTEROID_STIMULUS	65	62		
GOBP_CELLULAR_RESPONSE_TO_DEXAMETHASONE_STIMULUS	28	27		
GOBP_CELLULAR_RESPONSE_TO_DSRNA	23	20		
GOBP_CELLULAR_RESPONSE_TO_ELECTRICAL_STIMULUS	12		Rejected!	
GOBP_CELLULAR_RESPONSE_TO_EPINEPHRINE_STIMULUS	11		Rejected!	
GOBP_CELLULAR_RESPONSE_TO_ESTRADIOL_STIMULUS	38	37		
GOBP_CELLULAR_RESPONSE_TO_ESTROGEN_STIMULUS	20	19		
GOBP_CELLULAR_RESPONSE_TO_ETHANOL	14		Rejected!	
GOBP_CELLULAR_RESPONSE_TO_ETHER	6		Rejected!	
GOBP_CELLULAR_RESPONSE_TO_EXOGENOUS_DSRNA	17		Rejected!	
GOBP_CELLULAR_RESPONSE_TO_EXTERNAL_STIMULUS	75	74		
GOBP_CELLULAR_RESPONSE_TO_FATTY_ACID	34	33		
GOBP_CELLULAR_RESPONSE_TO_FLUID_SHEAR_STRESS	21	19		
GOBP_CELLULAR_RESPONSE_TO_FOLLICLE_STIMULATING_HORMONE_STIMULUS	10		Rejected!	
GOBP_CELLULAR_RESPONSE_TO_FRUCTOSE_STIMULUS	5		Rejected!	
GOBP_CELLULAR_RESPONSE_TO_GAMMA_RADIATION	27	24		
GOBP_CELLULAR_RESPONSE_TO_GLUCAGON_STIMULUS	12		Rejected!	
GOBP_CELLULAR_RESPONSE_TO_GLUCOCORTICOID_STIMULUS	55	53		
GOBP_CELLULAR_RESPONSE_TO_GLUCOSE_STARVATION	45	43		
GOBP_CELLULAR_RESPONSE_TO_GONADOTROPIN_STIMULUS	18	18		
GOBP_CELLULAR_RESPONSE_TO_GROWTH_HORMONE_STIMULUS	26	26		
GOBP_CELLULAR_RESPONSE_TO_HEAT	69	62		
GOBP_CELLULAR_RESPONSE_TO_HISTAMINE	6		Rejected!	
GOBP_CELLULAR_RESPONSE_TO_HORMONE_STIMULUS	621		Rejected!	
GOBP_CELLULAR_RESPONSE_TO_HYDROGEN_PEROXIDE	67	63		
GOBP_CELLULAR_RESPONSE_TO_HYDROPEROXIDE	9		Rejected!	
GOBP_CELLULAR_RESPONSE_TO_HYPEROXIA	5		Rejected!	
GOBP_CELLULAR_RESPONSE_TO_INCREASED_OXYGEN_LEVELS	12		Rejected!	
GOBP_CELLULAR_RESPONSE_TO_INDOLE_3_METHANOL	5		Rejected!	
GOBP_CELLULAR_RESPONSE_TO_INORGANIC_SUBSTANCE	216	202		
GOBP_CELLULAR_RESPONSE_TO_INSULIN_LIKE_GROWTH_FACTOR_STIMULUS	9		Rejected!	
GOBP_CELLULAR_RESPONSE_TO_INSULIN_STIMULUS	214	202		
GOBP_CELLULAR_RESPONSE_TO_INTERFERON_ALPHA	8		Rejected!	
GOBP_CELLULAR_RESPONSE_TO_INTERFERON_BETA	27	23		
GOBP_CELLULAR_RESPONSE_TO_INTERLEUKIN_1	87	82		
GOBP_CELLULAR_RESPONSE_TO_IONIZING_RADIATION	72	66		
GOBP_CELLULAR_RESPONSE_TO_IRON_ION	8		Rejected!	
GOBP_CELLULAR_RESPONSE_TO_KETONE	108	104		
GOBP_CELLULAR_RESPONSE_TO_LAMINAR_FLUID_SHEAR_STRESS	8		Rejected!	
GOBP_CELLULAR_RESPONSE_TO_LEAD_ION	5		Rejected!	
GOBP_CELLULAR_RESPONSE_TO_LEPTIN_STIMULUS	17	17		
GOBP_CELLULAR_RESPONSE_TO_LEUCINE_STARVATION	12		Rejected!	
GOBP_CELLULAR_RESPONSE_TO_LIGHT_STIMULUS	122	116		
GOBP_CELLULAR_RESPONSE_TO_LIPID	616		Rejected!	
GOBP_CELLULAR_RESPONSE_TO_LIPOPROTEIN_PARTICLE_STIMULUS	41	34		
GOBP_CELLULAR_RESPONSE_TO_LUTEINIZING_HORMONE_STIMULUS	5		Rejected!	
GOBP_CELLULAR_RESPONSE_TO_L_GLUTAMATE	6		Rejected!	
GOBP_CELLULAR_RESPONSE_TO_L_LEUCINE	12		Rejected!	
GOBP_CELLULAR_RESPONSE_TO_MACROPHAGE_COLONY_STIMULATING_FACTOR_STIMULUS	13		Rejected!	
GOBP_CELLULAR_RESPONSE_TO_MAGNESIUM_ION	7		Rejected!	
GOBP_CELLULAR_RESPONSE_TO_MANGANESE_ION	10		Rejected!	
GOBP_CELLULAR_RESPONSE_TO_MINERALOCORTICOID_STIMULUS	13		Rejected!	
GOBP_CELLULAR_RESPONSE_TO_MOLECULE_OF_BACTERIAL_ORIGIN	238	215		
GOBP_CELLULAR_RESPONSE_TO_MURAMYL_DIPEPTIDE	9		Rejected!	
GOBP_CELLULAR_RESPONSE_TO_NICOTINE	9		Rejected!	
GOBP_CELLULAR_RESPONSE_TO_NITROGEN_COMPOUND	654		Rejected!	
GOBP_CELLULAR_RESPONSE_TO_NITROGEN_LEVELS	12		Rejected!	
GOBP_CELLULAR_RESPONSE_TO_NITROSATIVE_STRESS	6		Rejected!	
GOBP_CELLULAR_RESPONSE_TO_NUTRIENT	50	47		
GOBP_CELLULAR_RESPONSE_TO_NUTRIENT_LEVELS	242	227		
GOBP_CELLULAR_RESPONSE_TO_ORGANIC_CYCLIC_COMPOUND	535		Rejected!	
GOBP_CELLULAR_RESPONSE_TO_ORGANIC_SUBSTANCE	1992		Rejected!	
GOBP_CELLULAR_RESPONSE_TO_OSMOTIC_STRESS	55	55		
GOBP_CELLULAR_RESPONSE_TO_OXIDATIVE_STRESS	254	228		
GOBP_CELLULAR_RESPONSE_TO_OXIDISED_LOW_DENSITY_LIPOPROTEIN_PARTICLE_STIMULUS	14		Rejected!	
GOBP_CELLULAR_RESPONSE_TO_OXYGEN_CONTAINING_COMPOUND	1195		Rejected!	
GOBP_CELLULAR_RESPONSE_TO_OXYGEN_LEVELS	175	159		
GOBP_CELLULAR_RESPONSE_TO_OXYGEN_RADICAL	24	21		
GOBP_CELLULAR_RESPONSE_TO_PARATHYROID_HORMONE_STIMULUS	10		Rejected!	
GOBP_CELLULAR_RESPONSE_TO_PEPTIDE	13		Rejected!	
GOBP_CELLULAR_RESPONSE_TO_PEPTIDE_HORMONE_STIMULUS	319	304		
GOBP_CELLULAR_RESPONSE_TO_PEPTIDOGLYCAN	6		Rejected!	
GOBP_CELLULAR_RESPONSE_TO_PH	25	24		
GOBP_CELLULAR_RESPONSE_TO_POTASSIUM_ION	13		Rejected!	
GOBP_CELLULAR_RESPONSE_TO_PROGESTERONE_STIMULUS	7		Rejected!	
GOBP_CELLULAR_RESPONSE_TO_PROSTAGLANDIN_E_STIMULUS	16	16		
GOBP_CELLULAR_RESPONSE_TO_PROSTAGLANDIN_STIMULUS	21	21		
GOBP_CELLULAR_RESPONSE_TO_PURINE_CONTAINING_COMPOUND	14		Rejected!	
GOBP_CELLULAR_RESPONSE_TO_RADIATION	182	171		
GOBP_CELLULAR_RESPONSE_TO_REACTIVE_NITROGEN_SPECIES	17	15		
GOBP_CELLULAR_RESPONSE_TO_REACTIVE_OXYGEN_SPECIES	154	140		
GOBP_CELLULAR_RESPONSE_TO_RETINOIC_ACID	67	65		
GOBP_CELLULAR_RESPONSE_TO_SALT	6		Rejected!	
GOBP_CELLULAR_RESPONSE_TO_SALT_STRESS	14		Rejected!	
GOBP_CELLULAR_RESPONSE_TO_SODIUM_ARSENITE	5		Rejected!	
GOBP_CELLULAR_RESPONSE_TO_STARVATION	173	161		
GOBP_CELLULAR_RESPONSE_TO_STEROID_HORMONE_STIMULUS	213	204		
GOBP_CELLULAR_RESPONSE_TO_STEROL	25	21		
GOBP_CELLULAR_RESPONSE_TO_STEROL_DEPLETION	16		Rejected!	
GOBP_CELLULAR_RESPONSE_TO_STRESS	1867		Rejected!	
GOBP_CELLULAR_RESPONSE_TO_TEMPERATURE_STIMULUS	5		Rejected!	
GOBP_CELLULAR_RESPONSE_TO_TESTOSTERONE_STIMULUS	12		Rejected!	
GOBP_CELLULAR_RESPONSE_TO_THYROID_HORMONE_STIMULUS	12		Rejected!	
GOBP_CELLULAR_RESPONSE_TO_TOPOLOGICALLY_INCORRECT_PROTEIN	105	96		
GOBP_CELLULAR_RESPONSE_TO_TOXIC_SUBSTANCE	134	123		
GOBP_CELLULAR_RESPONSE_TO_TYPE_II_INTERFERON	96	92		
GOBP_CELLULAR_RESPONSE_TO_UV	91	87		
GOBP_CELLULAR_RESPONSE_TO_UV_A	11		Rejected!	
GOBP_CELLULAR_RESPONSE_TO_UV_B	12		Rejected!	
GOBP_CELLULAR_RESPONSE_TO_UV_C	5		Rejected!	
GOBP_CELLULAR_RESPONSE_TO_VASCULAR_ENDOTHELIAL_GROWTH_FACTOR_STIMULUS	76	60		
GOBP_CELLULAR_RESPONSE_TO_VIRUS	88	74		
GOBP_CELLULAR_RESPONSE_TO_VITAMIN	30	28		
GOBP_CELLULAR_RESPONSE_TO_VITAMIN_D	22	20		
GOBP_CELLULAR_RESPONSE_TO_WATER_STIMULUS	6		Rejected!	
GOBP_CELLULAR_RESPONSE_TO_XENOBIOTIC_STIMULUS	195	191		
GOBP_CELLULAR_RESPONSE_TO_X_RAY	11		Rejected!	
GOBP_CELLULAR_RESPONSE_TO_ZINC_ION	24	21		
GOBP_CELLULAR_SENESCENCE	111	97		
GOBP_CELL_ACTIVATION	1126		Rejected!	
GOBP_CELL_ACTIVATION_INVOLVED_IN_IMMUNE_RESPONSE	312	298		
GOBP_CELL_ADHESION	1542		Rejected!	
GOBP_CELL_ADHESION_INVOLVED_IN_HEART_MORPHOGENESIS	8		Rejected!	
GOBP_CELL_ADHESION_MEDIATED_BY_INTEGRIN	89	85		
GOBP_CELL_ADHESION_MOLECULE_PRODUCTION	23		Rejected!	
GOBP_CELL_AGGREGATION	23	22		
GOBP_CELL_CELL_ADHESION	980		Rejected!	
GOBP_CELL_CELL_ADHESION_INVOLVED_IN_GASTRULATION	12		Rejected!	
GOBP_CELL_CELL_ADHESION_MEDIATED_BY_CADHERIN	50	48		
GOBP_CELL_CELL_ADHESION_MEDIATED_BY_INTEGRIN	18	18		
GOBP_CELL_CELL_ADHESION_VIA_PLASMA_MEMBRANE_ADHESION_MOLECULES	282	274		
GOBP_CELL_CELL_JUNCTION_ASSEMBLY	157	150		
GOBP_CELL_CELL_JUNCTION_DISASSEMBLY	5		Rejected!	
GOBP_CELL_CELL_JUNCTION_MAINTENANCE	18	16		
GOBP_CELL_CELL_JUNCTION_ORGANIZATION	217	206		
GOBP_CELL_CELL_RECOGNITION	74	72		
GOBP_CELL_CELL_SIGNALING	1319		Rejected!	
GOBP_CELL_CELL_SIGNALING_INVOLVED_IN_CARDIAC_CONDUCTION	34	32		
GOBP_CELL_CHEMOTAXIS	324	299		
GOBP_CELL_COMMUNICATION_BY_ELECTRICAL_COUPLING	33	33		
GOBP_CELL_COMMUNICATION_BY_ELECTRICAL_COUPLING_INVOLVED_IN_CARDIAC_CONDUCTION	26	26		
GOBP_CELL_COMMUNICATION_INVOLVED_IN_CARDIAC_CONDUCTION	59	57		
GOBP_CELL_CYCLE	1684		Rejected!	
GOBP_CELL_CYCLE_CHECKPOINT_SIGNALING	194	181		
GOBP_CELL_CYCLE_DNA_REPLICATION	46	44		
GOBP_CELL_CYCLE_DNA_REPLICATION_INITIATION	5		Rejected!	
GOBP_CELL_CYCLE_G1_S_PHASE_TRANSITION	266	230		
GOBP_CELL_CYCLE_G2_M_PHASE_TRANSITION	155	141		
GOBP_CELL_CYCLE_PHASE_TRANSITION	563		Rejected!	
GOBP_CELL_CYCLE_PROCESS	1305		Rejected!	
GOBP_CELL_DIFFERENTIATION_INVOLVED_IN_EMBRYONIC_PLACENTA_DEVELOPMENT	24	24		
GOBP_CELL_DIFFERENTIATION_INVOLVED_IN_KIDNEY_DEVELOPMENT	58	58		
GOBP_CELL_DIFFERENTIATION_INVOLVED_IN_METANEPHROS_DEVELOPMENT	22	22		
GOBP_CELL_DIFFERENTIATION_INVOLVED_IN_PHENOTYPIC_SWITCHING	5		Rejected!	
GOBP_CELL_DIFFERENTIATION_IN_HINDBRAIN	23	22		
GOBP_CELL_DIFFERENTIATION_IN_SPINAL_CORD	50	49		
GOBP_CELL_DIVISION	644		Rejected!	
GOBP_CELL_FATE_COMMITMENT	291	278		
GOBP_CELL_FATE_COMMITMENT_INVOLVED_IN_FORMATION_OF_PRIMARY_GERM_LAYER	33	33		
GOBP_CELL_FATE_COMMITMENT_INVOLVED_IN_PATTERN_SPECIFICATION	11		Rejected!	
GOBP_CELL_FATE_DETERMINATION	42	42		
GOBP_CELL_FATE_SPECIFICATION	110	105		
GOBP_CELL_FATE_SPECIFICATION_INVOLVED_IN_PATTERN_SPECIFICATION	7		Rejected!	
GOBP_CELL_GROWTH	484	448		
GOBP_CELL_JUNCTION_ASSEMBLY	462	441		
GOBP_CELL_JUNCTION_DISASSEMBLY	27	27		
GOBP_CELL_JUNCTION_MAINTENANCE	45	42		
GOBP_CELL_JUNCTION_ORGANIZATION	773		Rejected!	
GOBP_CELL_KILLING	233	221		
GOBP_CELL_MATRIX_ADHESION	241	229		
GOBP_CELL_MATURATION	208	190		
GOBP_CELL_MIGRATION_INVOLVED_IN_GASTRULATION	15		Rejected!	
GOBP_CELL_MIGRATION_INVOLVED_IN_HEART_DEVELOPMENT	21	20		
GOBP_CELL_MIGRATION_INVOLVED_IN_KIDNEY_DEVELOPMENT	6		Rejected!	
GOBP_CELL_MIGRATION_INVOLVED_IN_METANEPHROS_DEVELOPMENT	5		Rejected!	
GOBP_CELL_MIGRATION_INVOLVED_IN_SPROUTING_ANGIOGENESIS	98	53		
GOBP_CELL_MIGRATION_IN_HINDBRAIN	17	17		
GOBP_CELL_MORPHOGENESIS	981		Rejected!	
GOBP_CELL_MORPHOGENESIS_INVOLVED_IN_NEURON_DIFFERENTIATION	586		Rejected!	
GOBP_CELL_MOTILITY	1863		Rejected!	
GOBP_CELL_MOTILITY_INVOLVED_IN_CEREBRAL_CORTEX_RADIAL_GLIA_GUIDED_MIGRATION	7		Rejected!	
GOBP_CELL_PROJECTION_ASSEMBLY	634		Rejected!	
GOBP_CELL_PROJECTION_MORPHOGENESIS	670		Rejected!	
GOBP_CELL_PROJECTION_ORGANIZATION	1644		Rejected!	
GOBP_CELL_PROLIFERATION_INVOLVED_IN_HEART_MORPHOGENESIS	20	19		
GOBP_CELL_PROLIFERATION_INVOLVED_IN_KIDNEY_DEVELOPMENT	23	22		
GOBP_CELL_PROLIFERATION_INVOLVED_IN_METANEPHROS_DEVELOPMENT	10		Rejected!	
GOBP_CELL_PROLIFERATION_IN_BONE_MARROW	11		Rejected!	
GOBP_CELL_PROLIFERATION_IN_FOREBRAIN	27	26		
GOBP_CELL_PROLIFERATION_IN_HINDBRAIN	14		Rejected!	
GOBP_CELL_PROLIFERATION_IN_MIDBRAIN	8		Rejected!	
GOBP_CELL_RECOGNITION	157	155		
GOBP_CELL_REDOX_HOMEOSTASIS	41	36		
GOBP_CELL_SUBSTRATE_ADHESION	359	342		
GOBP_CELL_SUBSTRATE_JUNCTION_DISASSEMBLY	8		Rejected!	
GOBP_CELL_SUBSTRATE_JUNCTION_ORGANIZATION	103	101		
GOBP_CELL_SURFACE_PATTERN_RECOGNITION_RECEPTOR_SIGNALING_PATHWAY	81	73		
GOBP_CELL_SURFACE_RECEPTOR_PROTEIN_SERINE_THREONINE_KINASE_SIGNALING_PATHWAY	423	342		
GOBP_CELL_SURFACE_RECEPTOR_PROTEIN_TYROSINE_KINASE_SIGNALING_PATHWAY	652		Rejected!	
GOBP_CELL_SURFACE_RECEPTOR_PROTEIN_TYROSINE_PHOSPHATASE_SIGNALING_PATHWAY	6		Rejected!	
GOBP_CELL_SURFACE_RECEPTOR_SIGNALING_PATHWAY_INVOLVED_IN_HEART_DEVELOPMENT	7		Rejected!	
GOBP_CELL_SURFACE_RECEPTOR_SIGNALING_PATHWAY_VIA_STAT	190	171		
GOBP_CELL_VOLUME_HOMEOSTASIS	35	34		
GOBP_CEMENTUM_MINERALIZATION	5		Rejected!	
GOBP_CENP_A_CONTAINING_CHROMATIN_ASSEMBLY	10		Rejected!	
GOBP_CENTRAL_NERVOUS_SYSTEM_DEVELOPMENT	1037		Rejected!	
GOBP_CENTRAL_NERVOUS_SYSTEM_MATURATION	7		Rejected!	
GOBP_CENTRAL_NERVOUS_SYSTEM_MYELIN_FORMATION	8		Rejected!	
GOBP_CENTRAL_NERVOUS_SYSTEM_MYELIN_MAINTENANCE	5		Rejected!	
GOBP_CENTRAL_NERVOUS_SYSTEM_NEURON_AXONOGENESIS	37	36		
GOBP_CENTRAL_NERVOUS_SYSTEM_NEURON_DEVELOPMENT	86	82		
GOBP_CENTRAL_NERVOUS_SYSTEM_NEURON_DIFFERENTIATION	178	171		
GOBP_CENTRAL_NERVOUS_SYSTEM_PROJECTION_NEURON_AXONOGENESIS	29	28		
GOBP_CENTRIOLE_ASSEMBLY	49	44		
GOBP_CENTRIOLE_CENTRIOLE_COHESION	15	15		
GOBP_CENTRIOLE_ELONGATION	8		Rejected!	
GOBP_CENTROMERE_COMPLEX_ASSEMBLY	30	27		
GOBP_CENTROMERIC_SISTER_CHROMATID_COHESION	11		Rejected!	
GOBP_CENTROSOME_DUPLICATION	76	72		
GOBP_CENTROSOME_SEPARATION	16		Rejected!	
GOBP_CERAMIDE_1_PHOSPHATE_TRANSPORT	7		Rejected!	
GOBP_CERAMIDE_BIOSYNTHETIC_PROCESS	69	64		
GOBP_CERAMIDE_CATABOLIC_PROCESS	25	21		
GOBP_CERAMIDE_METABOLIC_PROCESS	110	101		
GOBP_CERAMIDE_TRANSPORT	17	15		
GOBP_CEREBELLAR_CORTEX_DEVELOPMENT	52	49		
GOBP_CEREBELLAR_CORTEX_FORMATION	26	24		
GOBP_CEREBELLAR_CORTEX_MORPHOGENESIS	37	35		
GOBP_CEREBELLAR_GRANULAR_LAYER_DEVELOPMENT	13		Rejected!	
GOBP_CEREBELLAR_GRANULAR_LAYER_FORMATION	7		Rejected!	
GOBP_CEREBELLAR_GRANULAR_LAYER_MORPHOGENESIS	9		Rejected!	
GOBP_CEREBELLAR_PURKINJE_CELL_LAYER_DEVELOPMENT	28	25		
GOBP_CEREBELLAR_PURKINJE_CELL_LAYER_FORMATION	15		Rejected!	
GOBP_CEREBELLAR_PURKINJE_CELL_LAYER_MORPHOGENESIS	19	17		
GOBP_CEREBRAL_CORTEX_CELL_MIGRATION	48	46		
GOBP_CEREBRAL_CORTEX_DEVELOPMENT	127	118		
GOBP_CEREBRAL_CORTEX_GABAERGIC_INTERNEURON_DEVELOPMENT	6		Rejected!	
GOBP_CEREBRAL_CORTEX_GABAERGIC_INTERNEURON_DIFFERENTIATION	10		Rejected!	
GOBP_CEREBRAL_CORTEX_GABAERGIC_INTERNEURON_MIGRATION	5		Rejected!	
GOBP_CEREBRAL_CORTEX_NEURON_DIFFERENTIATION	26	26		
GOBP_CEREBRAL_CORTEX_RADIALLY_ORIENTED_CELL_MIGRATION	36	34		
GOBP_CEREBRAL_CORTEX_REGIONALIZATION	7		Rejected!	
GOBP_CEREBRAL_CORTEX_TANGENTIAL_MIGRATION	6		Rejected!	
GOBP_CEREBROSPINAL_FLUID_CIRCULATION	15		Rejected!	
GOBP_CGAS_STING_SIGNALING_PATHWAY	18		Rejected!	
GOBP_CGMP_BIOSYNTHETIC_PROCESS	11		Rejected!	
GOBP_CGMP_CATABOLIC_PROCESS	5		Rejected!	
GOBP_CGMP_MEDIATED_SIGNALING	36	30		
GOBP_CGMP_METABOLIC_PROCESS	17		Rejected!	
GOBP_CHAPERONE_COFACTOR_DEPENDENT_PROTEIN_REFOLDING	32	31		
GOBP_CHAPERONE_MEDIATED_AUTOPHAGY	15	15		
GOBP_CHAPERONE_MEDIATED_PROTEIN_COMPLEX_ASSEMBLY	24	22		
GOBP_CHAPERONE_MEDIATED_PROTEIN_FOLDING	76	75		
GOBP_CHEMICAL_HOMEOSTASIS	1057		Rejected!	
GOBP_CHEMICAL_SYNAPTIC_TRANSMISSION_POSTSYNAPTIC	115	107		
GOBP_CHEMOKINE_C_C_MOTIF_LIGAND_5_PRODUCTION	11		Rejected!	
GOBP_CHEMOKINE_C_X_C_MOTIF_LIGAND_12_SIGNALING_PATHWAY	7		Rejected!	
GOBP_CHEMOKINE_C_X_C_MOTIF_LIGAND_1_PRODUCTION	6		Rejected!	
GOBP_CHEMOKINE_C_X_C_MOTIF_LIGAND_2_PRODUCTION	20	18		
GOBP_CHEMOKINE_PRODUCTION	105	93		
GOBP_CHEMOREPULSION_OF_AXON	6		Rejected!	
GOBP_CHEMOSENSORY_BEHAVIOR	19	18		
GOBP_CHIASMA_ASSEMBLY	7		Rejected!	
GOBP_CHITIN_METABOLIC_PROCESS	6		Rejected!	
GOBP_CHLORIDE_TRANSPORT	126	120		
GOBP_CHOLANGIOCYTE_PROLIFERATION	5		Rejected!	
GOBP_CHOLESTEROL_CATABOLIC_PROCESS	9		Rejected!	
GOBP_CHOLESTEROL_EFFLUX	74	57		
GOBP_CHOLESTEROL_IMPORT	9		Rejected!	
GOBP_CHOLESTEROL_STORAGE	25	23		
GOBP_CHOLINE_METABOLIC_PROCESS	6		Rejected!	
GOBP_CHOLINE_TRANSPORT	9		Rejected!	
GOBP_CHONDROBLAST_DIFFERENTIATION	5		Rejected!	
GOBP_CHONDROCYTE_DEVELOPMENT	32	29		
GOBP_CHONDROCYTE_DEVELOPMENT_INVOLVED_IN_ENDOCHONDRAL_BONE_MORPHOGENESIS	8		Rejected!	
GOBP_CHONDROCYTE_DIFFERENTIATION	116	107		
GOBP_CHONDROCYTE_DIFFERENTIATION_INVOLVED_IN_ENDOCHONDRAL_BONE_MORPHOGENESIS	14		Rejected!	
GOBP_CHONDROCYTE_HYPERTROPHY	6		Rejected!	
GOBP_CHONDROCYTE_PROLIFERATION	26	22		
GOBP_CHONDROITIN_SULFATE_BIOSYNTHETIC_PROCESS	19	19		
GOBP_CHONDROITIN_SULFATE_METABOLIC_PROCESS	26	25		
GOBP_CHONDROITIN_SULFATE_PROTEOGLYCAN_BIOSYNTHETIC_PROCESS	24	24		
GOBP_CHONDROITIN_SULFATE_PROTEOGLYCAN_METABOLIC_PROCESS	31	30		
GOBP_CHORIONIC_TROPHOBLAST_CELL_DIFFERENTIATION	7		Rejected!	
GOBP_CHORIONIC_TROPHOBLAST_CELL_PROLIFERATION	5		Rejected!	
GOBP_CHORION_DEVELOPMENT	10		Rejected!	
GOBP_CHORIO_ALLANTOIC_FUSION	7		Rejected!	
GOBP_CHROMATIN_LOOPING	15		Rejected!	
GOBP_CHROMATIN_REMODELING	688		Rejected!	
GOBP_CHROMOSOME_ATTACHMENT_TO_THE_NUCLEAR_ENVELOPE	7		Rejected!	
GOBP_CHROMOSOME_CONDENSATION	48	31		
GOBP_CHROMOSOME_LOCALIZATION	123	116		
GOBP_CHROMOSOME_MOVEMENT_TOWARDS_SPINDLE_POLE	7		Rejected!	
GOBP_CHROMOSOME_ORGANIZATION	640		Rejected!	
GOBP_CHROMOSOME_ORGANIZATION_INVOLVED_IN_MEIOTIC_CELL_CYCLE	65	55		
GOBP_CHROMOSOME_SEGREGATION	429	391		
GOBP_CHROMOSOME_SEPARATION	82	80		
GOBP_CHRONIC_INFLAMMATORY_RESPONSE	19	19		
GOBP_CILIARY_BASAL_BODY_ORGANIZATION	5		Rejected!	
GOBP_CILIARY_NEUROTROPHIC_FACTOR_MEDIATED_SIGNALING_PATHWAY	5		Rejected!	
GOBP_CILIUM_DISASSEMBLY	6		Rejected!	
GOBP_CILIUM_MOVEMENT	213	172		
GOBP_CILIUM_ORGANIZATION	443	376		
GOBP_CILIUM_OR_FLAGELLUM_DEPENDENT_CELL_MOTILITY	175	146		
GOBP_CIRCADIAN_REGULATION_OF_GENE_EXPRESSION	70	65		
GOBP_CIRCADIAN_RHYTHM	207	198		
GOBP_CIRCADIAN_SLEEP_WAKE_CYCLE	22	21		
GOBP_CIRCADIAN_SLEEP_WAKE_CYCLE_NON_REM_SLEEP	6		Rejected!	
GOBP_CIRCADIAN_SLEEP_WAKE_CYCLE_SLEEP	16	16		
GOBP_CIRCULATORY_SYSTEM_DEVELOPMENT	1240		Rejected!	
GOBP_CIRCULATORY_SYSTEM_PROCESS	615		Rejected!	
GOBP_CITRATE_METABOLIC_PROCESS	5		Rejected!	
GOBP_CITRULLINE_BIOSYNTHETIC_PROCESS	5		Rejected!	
GOBP_CITRULLINE_METABOLIC_PROCESS	8		Rejected!	
GOBP_CLATHRIN_COATED_VESICLE_CARGO_LOADING	7		Rejected!	
GOBP_CLATHRIN_COAT_ASSEMBLY	19	18		
GOBP_CLATHRIN_DEPENDENT_ENDOCYTOSIS	49	48		
GOBP_CLEARANCE_OF_FOREIGN_INTRACELLULAR_NUCLEIC_ACIDS	6		Rejected!	
GOBP_CLEAVAGE_FURROW_FORMATION	7		Rejected!	
GOBP_CLUSTERING_OF_VOLTAGE_GATED_SODIUM_CHANNELS	6		Rejected!	
GOBP_CMP_METABOLIC_PROCESS	8		Rejected!	
GOBP_COBALAMIN_METABOLIC_PROCESS	9		Rejected!	
GOBP_COBALAMIN_TRANSPORT	9		Rejected!	
GOBP_COBALT_ION_TRANSPORT	8		Rejected!	
GOBP_COCHLEA_DEVELOPMENT	50	48		
GOBP_COCHLEA_MORPHOGENESIS	24	24		
GOBP_COENZYME_A_BIOSYNTHETIC_PROCESS	10		Rejected!	
GOBP_COENZYME_A_METABOLIC_PROCESS	18	17		
GOBP_COGNITION	319	305		
GOBP_COLLAGEN_ACTIVATED_SIGNALING_PATHWAY	15		Rejected!	
GOBP_COLLAGEN_ACTIVATED_TYROSINE_KINASE_RECEPTOR_SIGNALING_PATHWAY	11		Rejected!	
GOBP_COLLAGEN_BIOSYNTHETIC_PROCESS	48	40		
GOBP_COLLAGEN_CATABOLIC_PROCESS	45	40		
GOBP_COLLAGEN_FIBRIL_ORGANIZATION	67	64		
GOBP_COLLAGEN_METABOLIC_PROCESS	107	93		
GOBP_COLLATERAL_SPROUTING	28	26		
GOBP_COLLATERAL_SPROUTING_IN_ABSENCE_OF_INJURY	5		Rejected!	
GOBP_COLLECTING_DUCT_DEVELOPMENT	15	15		
GOBP_COLUMNAR_CUBOIDAL_EPITHELIAL_CELL_DEVELOPMENT	54	50		
GOBP_COLUMNAR_CUBOIDAL_EPITHELIAL_CELL_DIFFERENTIATION	125	119		
GOBP_COLUMNAR_CUBOIDAL_EPITHELIAL_CELL_MATURATION	15	15		
GOBP_COMMA_SHAPED_BODY_MORPHOGENESIS	5		Rejected!	
GOBP_COMMISSURAL_NEURON_AXON_GUIDANCE	13		Rejected!	
GOBP_COMMON_BILE_DUCT_DEVELOPMENT	5		Rejected!	
GOBP_COMMON_MYELOID_PROGENITOR_CELL_PROLIFERATION	9		Rejected!	
GOBP_COMPARTMENT_PATTERN_SPECIFICATION	5		Rejected!	
GOBP_COMPLEMENT_ACTIVATION	68	54		
GOBP_COMPLEMENT_ACTIVATION_ALTERNATIVE_PATHWAY	18	16		
GOBP_COMPLEMENT_ACTIVATION_CLASSICAL_PATHWAY	42	31		
GOBP_COMPLEMENT_ACTIVATION_LECTIN_PATHWAY	11		Rejected!	
GOBP_COMPLEMENT_DEPENDENT_CYTOTOXICITY	14		Rejected!	
GOBP_COMPLEMENT_RECEPTOR_MEDIATED_SIGNALING_PATHWAY	15		Rejected!	
GOBP_CONDITIONED_PLACE_PREFERENCE	5		Rejected!	
GOBP_CONNECTIVE_TISSUE_DEVELOPMENT	290	270		
GOBP_CONNECTIVE_TISSUE_REPLACEMENT	22		Rejected!	
GOBP_CONNECTIVE_TISSUE_REPLACEMENT_INVOLVED_IN_INFLAMMATORY_RESPONSE_WOUND_HEALING	7		Rejected!	
GOBP_CONSTITUTIVE_HETEROCHROMATIN_FORMATION	12		Rejected!	
GOBP_CONSTITUTIVE_SECRETORY_PATHWAY	7		Rejected!	
GOBP_CONVERGENT_EXTENSION	15	15		
GOBP_CONVERGENT_EXTENSION_INVOLVED_IN_AXIS_ELONGATION	5		Rejected!	
GOBP_CONVERGENT_EXTENSION_INVOLVED_IN_GASTRULATION	9		Rejected!	
GOBP_CONVERGENT_EXTENSION_INVOLVED_IN_ORGANOGENESIS	5		Rejected!	
GOBP_COP9_SIGNALOSOME_ASSEMBLY	5		Rejected!	
GOBP_COPII_COATED_VESICLE_BUDDING	45	42		
GOBP_COPII_COATED_VESICLE_CARGO_LOADING	18	16		
GOBP_COPI_COATED_VESICLE_BUDDING	6		Rejected!	
GOBP_COPPER_ION_HOMEOSTASIS	21	21		
GOBP_COPPER_ION_IMPORT	7		Rejected!	
GOBP_COPPER_ION_TRANSMEMBRANE_TRANSPORT	8		Rejected!	
GOBP_COPPER_ION_TRANSPORT	18	17		
GOBP_COPULATION	19	19		
GOBP_CORNEA_DEVELOPMENT_IN_CAMERA_TYPE_EYE	12		Rejected!	
GOBP_CORNIFICATION	9		Rejected!	
GOBP_CORNIFIED_ENVELOPE_ASSEMBLY	6		Rejected!	
GOBP_CORONARY_ARTERY_MORPHOGENESIS	9		Rejected!	
GOBP_CORONARY_VASCULATURE_DEVELOPMENT	50	46		
GOBP_CORONARY_VASCULATURE_MORPHOGENESIS	19	17		
GOBP_CORPUS_CALLOSUM_DEVELOPMENT	26	26		
GOBP_CORPUS_CALLOSUM_MORPHOGENESIS	6		Rejected!	
GOBP_CORTICAL_ACTIN_CYTOSKELETON_ORGANIZATION	43	41		
GOBP_CORTICAL_CYTOSKELETON_ORGANIZATION	52	50		
GOBP_CORTICOSPINAL_TRACT_MORPHOGENESIS	8		Rejected!	
GOBP_CORTICOSTEROID_HORMONE_SECRETION	19	18		
GOBP_CORTICOSTERONE_SECRETION	6		Rejected!	
GOBP_CORTICOTROPIN_SECRETION	7		Rejected!	
GOBP_CORTISOL_BIOSYNTHETIC_PROCESS	10		Rejected!	
GOBP_CORTISOL_METABOLIC_PROCESS	12		Rejected!	
GOBP_CORTISOL_SECRETION	5		Rejected!	
GOBP_COTRANSLATIONAL_PROTEIN_TARGETING_TO_MEMBRANE	30	23		
GOBP_CO_TRANSCRIPTIONAL_RNA_3_END_PROCESSING_CLEAVAGE_AND_POLYADENYLATION_PATHWAY	10		Rejected!	
GOBP_CRANIAL_GANGLION_DEVELOPMENT	5		Rejected!	
GOBP_CRANIAL_NERVE_DEVELOPMENT	64	62		
GOBP_CRANIAL_NERVE_FORMATION	11		Rejected!	
GOBP_CRANIAL_NERVE_MORPHOGENESIS	31	31		
GOBP_CRANIAL_NERVE_STRUCTURAL_ORGANIZATION	11		Rejected!	
GOBP_CRANIAL_SKELETAL_SYSTEM_DEVELOPMENT	73	70		
GOBP_CRANIAL_SUTURE_MORPHOGENESIS	9		Rejected!	
GOBP_CRANIOFACIAL_SUTURE_MORPHOGENESIS	19	19		
GOBP_CRD_MEDIATED_MRNA_STABILIZATION	11		Rejected!	
GOBP_CRISTAE_FORMATION	20	16		
GOBP_CUT_METABOLIC_PROCESS	5		Rejected!	
GOBP_CXCL12_ACTIVATED_CXCR4_SIGNALING_PATHWAY	5		Rejected!	
GOBP_CYCLIC_GMP_AMP_TRANSMEMBRANE_IMPORT_ACROSS_PLASMA_MEMBRANE	8		Rejected!	
GOBP_CYCLIC_NUCLEOTIDE_BIOSYNTHETIC_PROCESS	21	18		
GOBP_CYCLIC_NUCLEOTIDE_CATABOLIC_PROCESS	14		Rejected!	
GOBP_CYCLIC_NUCLEOTIDE_METABOLIC_PROCESS	41	38		
GOBP_CYCLIC_NUCLEOTIDE_TRANSPORT	11		Rejected!	
GOBP_CYCLOOXYGENASE_PATHWAY	9		Rejected!	
GOBP_CYSTEINE_CATABOLIC_PROCESS	5		Rejected!	
GOBP_CYSTEINE_METABOLIC_PROCESS	12		Rejected!	
GOBP_CYTIDINE_METABOLIC_PROCESS	13		Rejected!	
GOBP_CYTIDINE_TO_URIDINE_EDITING	12		Rejected!	
GOBP_CYTOCHROME_COMPLEX_ASSEMBLY	40	30		
GOBP_CYTOCHROME_METABOLIC_PROCESS	5		Rejected!	
GOBP_CYTOKINESIS	189	165		
GOBP_CYTOKINETIC_PROCESS	47	46		
GOBP_CYTOKINE_MEDIATED_SIGNALING_PATHWAY	531	493		
GOBP_CYTOKINE_PRODUCTION	888		Rejected!	
GOBP_CYTOKINE_PRODUCTION_INVOLVED_IN_IMMUNE_RESPONSE	124	120		
GOBP_CYTOKINE_PRODUCTION_INVOLVED_IN_INFLAMMATORY_RESPONSE	80	57		
GOBP_CYTOLYSIS	7		Rejected!	
GOBP_CYTOLYSIS_BY_HOST_OF_SYMBIONT_CELLS	7		Rejected!	
GOBP_CYTOPLASMIC_MICROTUBULE_ORGANIZATION	59	56		
GOBP_CYTOPLASMIC_PATTERN_RECOGNITION_RECEPTOR_SIGNALING_PATHWAY	174	159		
GOBP_CYTOPLASMIC_SEQUESTERING_OF_NF_KAPPAB	6		Rejected!	
GOBP_CYTOPLASMIC_SEQUESTERING_OF_PROTEIN	16	16		
GOBP_CYTOPLASMIC_SEQUESTERING_OF_TRANSCRIPTION_FACTOR	9		Rejected!	
GOBP_CYTOPLASMIC_TRANSLATION	163	154		
GOBP_CYTOPLASMIC_TRANSLATIONAL_ELONGATION	5		Rejected!	
GOBP_CYTOPLASMIC_TRANSLATIONAL_INITIATION	44	40		
GOBP_CYTOPLASM_ORGANIZATION	15	15		
GOBP_CYTOSKELETON_DEPENDENT_CYTOKINESIS	120	101		
GOBP_CYTOSKELETON_DEPENDENT_INTRACELLULAR_TRANSPORT	205	190		
GOBP_CYTOSKELETON_ORGANIZATION	1525		Rejected!	
GOBP_CYTOSOLIC_RIBOSOME_ASSEMBLY	9		Rejected!	
GOBP_CYTOSOLIC_TRANSPORT	144	127		
GOBP_CYTOSOL_TO_ENDOPLASMIC_RETICULUM_TRANSPORT	5		Rejected!	
GOBP_C_TERMINAL_PROTEIN_AMINO_ACID_MODIFICATION	17	16		
GOBP_C_TERMINAL_PROTEIN_LIPIDATION	9		Rejected!	
GOBP_C_X_C_CHEMOKINE_RECEPTOR_CXCR4_SIGNALING_PATHWAY	6		Rejected!	
GOBP_DAMP_METABOLIC_PROCESS	7		Rejected!	
GOBP_DCMP_CATABOLIC_PROCESS	6		Rejected!	
GOBP_DEADENYLATION_DEPENDENT_DECAPPING_OF_NUCLEAR_TRANSCRIBED_MRNA	11		Rejected!	
GOBP_DECIDUALIZATION	25	25		
GOBP_DEDIFFERENTIATION	12		Rejected!	
GOBP_DEFENSE_RESPONSE	1902		Rejected!	
GOBP_DEFENSE_RESPONSE_TO_BACTERIUM	338	294		
GOBP_DEFENSE_RESPONSE_TO_FUNGUS	57	55		
GOBP_DEFENSE_RESPONSE_TO_GRAM_NEGATIVE_BACTERIUM	99	91		
GOBP_DEFENSE_RESPONSE_TO_GRAM_POSITIVE_BACTERIUM	122	108		
GOBP_DEFENSE_RESPONSE_TO_OTHER_ORGANISM	1268		Rejected!	
GOBP_DEFENSE_RESPONSE_TO_TUMOR_CELL	13		Rejected!	
GOBP_DEFENSE_RESPONSE_TO_VIRUS	312	295		
GOBP_DEFINITIVE_HEMOPOIESIS	20	20		
GOBP_DEHYDROASCORBIC_ACID_TRANSPORT	9		Rejected!	
GOBP_DELAMINATION	7		Rejected!	
GOBP_DEMETHYLATION	42	37		
GOBP_DENDRITE_ARBORIZATION	11		Rejected!	
GOBP_DENDRITE_DEVELOPMENT	238	226		
GOBP_DENDRITE_EXTENSION	37	34		
GOBP_DENDRITE_MORPHOGENESIS	143	134		
GOBP_DENDRITE_SELF_AVOIDANCE	14		Rejected!	
GOBP_DENDRITIC_CELL_ANTIGEN_PROCESSING_AND_PRESENTATION	16	16		
GOBP_DENDRITIC_CELL_APOPTOTIC_PROCESS	12		Rejected!	
GOBP_DENDRITIC_CELL_CHEMOTAXIS	24	23		
GOBP_DENDRITIC_CELL_CYTOKINE_PRODUCTION	18	17		
GOBP_DENDRITIC_CELL_DIFFERENTIATION	48	46		
GOBP_DENDRITIC_CELL_MIGRATION	31	30		
GOBP_DENDRITIC_SPINE_DEVELOPMENT	99	92		
GOBP_DENDRITIC_SPINE_MAINTENANCE	22	21		
GOBP_DENDRITIC_SPINE_MORPHOGENESIS	60	55		
GOBP_DENDRITIC_TRANSPORT	12		Rejected!	
GOBP_DENDRITIC_TRANSPORT_OF_RIBONUCLEOPROTEIN_COMPLEX	5		Rejected!	
GOBP_DENSE_CORE_GRANULE_EXOCYTOSIS	10		Rejected!	
GOBP_DENSE_CORE_GRANULE_TRANSPORT	11		Rejected!	
GOBP_DENTATE_GYRUS_DEVELOPMENT	24	24		
GOBP_DENTINOGENESIS	6		Rejected!	
GOBP_DEOXYRIBONUCLEOSIDE_CATABOLIC_PROCESS	6		Rejected!	
GOBP_DEOXYRIBONUCLEOSIDE_DIPHOSPHATE_METABOLIC_PROCESS	5		Rejected!	
GOBP_DEOXYRIBONUCLEOSIDE_METABOLIC_PROCESS	11		Rejected!	
GOBP_DEOXYRIBONUCLEOSIDE_MONOPHOSPHATE_BIOSYNTHETIC_PROCESS	8		Rejected!	
GOBP_DEOXYRIBONUCLEOSIDE_MONOPHOSPHATE_CATABOLIC_PROCESS	14		Rejected!	
GOBP_DEOXYRIBONUCLEOSIDE_MONOPHOSPHATE_METABOLIC_PROCESS	24	24		
GOBP_DEOXYRIBONUCLEOSIDE_TRIPHOSPHATE_METABOLIC_PROCESS	9		Rejected!	
GOBP_DEOXYRIBONUCLEOTIDE_BIOSYNTHETIC_PROCESS	14		Rejected!	
GOBP_DEOXYRIBONUCLEOTIDE_CATABOLIC_PROCESS	28	28		
GOBP_DEOXYRIBONUCLEOTIDE_METABOLIC_PROCESS	42	42		
GOBP_DEPHOSPHORYLATION	287	258		
GOBP_DEPYRIMIDINATION	8		Rejected!	
GOBP_DERMATAN_SULFATE_BIOSYNTHETIC_PROCESS	5		Rejected!	
GOBP_DERMATAN_SULFATE_METABOLIC_PROCESS	9		Rejected!	
GOBP_DERMATAN_SULFATE_PROTEOGLYCAN_BIOSYNTHETIC_PROCESS	8		Rejected!	
GOBP_DERMATAN_SULFATE_PROTEOGLYCAN_METABOLIC_PROCESS	12		Rejected!	
GOBP_DESMOSOME_ORGANIZATION	10		Rejected!	
GOBP_DETECTION_OF_ABIOTIC_STIMULUS	142	135		
GOBP_DETECTION_OF_BACTERIUM	16	16		
GOBP_DETECTION_OF_BIOTIC_STIMULUS	37	37		
GOBP_DETECTION_OF_CALCIUM_ION	13		Rejected!	
GOBP_DETECTION_OF_CELL_DENSITY	9		Rejected!	
GOBP_DETECTION_OF_CHEMICAL_STIMULUS_INVOLVED_IN_SENSORY_PERCEPTION_OF_TASTE	48	46		
GOBP_DETECTION_OF_EXTERNAL_BIOTIC_STIMULUS	26	26		
GOBP_DETECTION_OF_LIGHT_STIMULUS	67	63		
GOBP_DETECTION_OF_LIGHT_STIMULUS_INVOLVED_IN_SENSORY_PERCEPTION	22	21		
GOBP_DETECTION_OF_LIPOPOLYSACCHARIDE	5		Rejected!	
GOBP_DETECTION_OF_MECHANICAL_STIMULUS	54	52		
GOBP_DETECTION_OF_MECHANICAL_STIMULUS_INVOLVED_IN_SENSORY_PERCEPTION	36	34		
GOBP_DETECTION_OF_MECHANICAL_STIMULUS_INVOLVED_IN_SENSORY_PERCEPTION_OF_PAIN	15		Rejected!	
GOBP_DETECTION_OF_MECHANICAL_STIMULUS_INVOLVED_IN_SENSORY_PERCEPTION_OF_SOUND	15		Rejected!	
GOBP_DETECTION_OF_MOLECULE_OF_BACTERIAL_ORIGIN	13		Rejected!	
GOBP_DETECTION_OF_MUSCLE_STRETCH	7		Rejected!	
GOBP_DETECTION_OF_OTHER_ORGANISM	19	19		
GOBP_DETECTION_OF_STIMULUS	676		Rejected!	
GOBP_DETECTION_OF_STIMULUS_INVOLVED_IN_SENSORY_PERCEPTION	552	485		
GOBP_DETECTION_OF_STIMULUS_INVOLVED_IN_SENSORY_PERCEPTION_OF_PAIN	28	27		
GOBP_DETECTION_OF_TEMPERATURE_STIMULUS	26	25		
GOBP_DETECTION_OF_TEMPERATURE_STIMULUS_INVOLVED_IN_SENSORY_PERCEPTION_OF_PAIN	19	19		
GOBP_DETECTION_OF_TEMPERATURE_STIMULUS_INVOLVED_IN_THERMOCEPTION	5		Rejected!	
GOBP_DETECTION_OF_VIRUS	6		Rejected!	
GOBP_DETECTION_OF_VISIBLE_LIGHT	51	48		
GOBP_DETERMINATION_OF_ADULT_LIFESPAN	35	32		
GOBP_DETERMINATION_OF_DIGESTIVE_TRACT_LEFT_RIGHT_ASYMMETRY	7		Rejected!	
GOBP_DETERMINATION_OF_DORSAL_VENTRAL_ASYMMETRY	11		Rejected!	
GOBP_DETERMINATION_OF_LEFT_RIGHT_ASYMMETRY_IN_LATERAL_MESODERM	10		Rejected!	
GOBP_DETERMINATION_OF_LIVER_LEFT_RIGHT_ASYMMETRY	6		Rejected!	
GOBP_DETERMINATION_OF_PANCREATIC_LEFT_RIGHT_ASYMMETRY	5		Rejected!	
GOBP_DETOXIFICATION	163	138		
GOBP_DETOXIFICATION_OF_COPPER_ION	16		Rejected!	
GOBP_DETOXIFICATION_OF_INORGANIC_COMPOUND	23	21		
GOBP_DETOXIFICATION_OF_NITROGEN_COMPOUND	5		Rejected!	
GOBP_DEVELOPMENTAL_CELL_GROWTH	226	212		
GOBP_DEVELOPMENTAL_GROWTH	659		Rejected!	
GOBP_DEVELOPMENTAL_GROWTH_INVOLVED_IN_MORPHOGENESIS	232	224		
GOBP_DEVELOPMENTAL_INDUCTION	33	33		
GOBP_DEVELOPMENTAL_MATURATION	340	319		
GOBP_DEVELOPMENTAL_PIGMENTATION	49	47		
GOBP_DEVELOPMENTAL_PROCESS_INVOLVED_IN_REPRODUCTION	1018		Rejected!	
GOBP_DEVELOPMENT_OF_PRIMARY_FEMALE_SEXUAL_CHARACTERISTICS	106	104		
GOBP_DEVELOPMENT_OF_PRIMARY_SEXUAL_CHARACTERISTICS	240	230		
GOBP_DEVELOPMENT_OF_SECONDARY_FEMALE_SEXUAL_CHARACTERISTICS	7		Rejected!	
GOBP_DEVELOPMENT_OF_SECONDARY_SEXUAL_CHARACTERISTICS	10		Rejected!	
GOBP_DE_NOVO_AMP_BIOSYNTHETIC_PROCESS	8		Rejected!	
GOBP_DE_NOVO_CENTRIOLE_ASSEMBLY	6		Rejected!	
GOBP_DE_NOVO_CENTRIOLE_ASSEMBLY_INVOLVED_IN_MULTI_CILIATED_EPITHELIAL_CELL_DIFFERENTIATION	5		Rejected!	
GOBP_DE_NOVO_NAD_BIOSYNTHETIC_PROCESS	8		Rejected!	
GOBP_DE_NOVO_PROTEIN_FOLDING	42	40		
GOBP_DE_NOVO_PYRIMIDINE_NUCLEOBASE_BIOSYNTHETIC_PROCESS	6		Rejected!	
GOBP_DGMP_METABOLIC_PROCESS	6		Rejected!	
GOBP_DIACYLGLYCEROL_BIOSYNTHETIC_PROCESS	9		Rejected!	
GOBP_DIACYLGLYCEROL_CATABOLIC_PROCESS	5		Rejected!	
GOBP_DIACYLGLYCEROL_METABOLIC_PROCESS	27	27		
GOBP_DIADENOSINE_POLYPHOSPHATE_CATABOLIC_PROCESS	6		Rejected!	
GOBP_DIADENOSINE_POLYPHOSPHATE_METABOLIC_PROCESS	8		Rejected!	
GOBP_DIAPEDESIS	7		Rejected!	
GOBP_DIAPHRAGM_DEVELOPMENT	9		Rejected!	
GOBP_DICARBOXYLIC_ACID_BIOSYNTHETIC_PROCESS	13		Rejected!	
GOBP_DICARBOXYLIC_ACID_CATABOLIC_PROCESS	18	17		
GOBP_DICARBOXYLIC_ACID_METABOLIC_PROCESS	96	88		
GOBP_DICARBOXYLIC_ACID_TRANSPORT	101	98		
GOBP_DICHOTOMOUS_SUBDIVISION_OF_AN_EPITHELIAL_TERMINAL_UNIT	8		Rejected!	
GOBP_DIENCEPHALON_DEVELOPMENT	81	81		
GOBP_DIET_INDUCED_THERMOGENESIS	13		Rejected!	
GOBP_DIGESTION	139	133		
GOBP_DIGESTIVE_SYSTEM_DEVELOPMENT	145	139		
GOBP_DIGESTIVE_SYSTEM_PROCESS	107	104		
GOBP_DIGESTIVE_TRACT_MORPHOGENESIS	49	46		
GOBP_DIOL_BIOSYNTHETIC_PROCESS	22	19		
GOBP_DIOL_METABOLIC_PROCESS	31	28		
GOBP_DIPEPTIDE_TRANSMEMBRANE_TRANSPORT	8		Rejected!	
GOBP_DIPHOSPHOINOSITOL_POLYPHOSPHATE_METABOLIC_PROCESS	5		Rejected!	
GOBP_DIRECT_OSSIFICATION	7		Rejected!	
GOBP_DISACCHARIDE_METABOLIC_PROCESS	11		Rejected!	
GOBP_DISRUPTION_OF_ANATOMICAL_STRUCTURE_IN_ANOTHER_ORGANISM	94	90		
GOBP_DISRUPTION_OF_CELLULAR_ANATOMICAL_STRUCTURE_IN_ANOTHER_ORGANISM	6		Rejected!	
GOBP_DISTAL_CONVOLUTED_TUBULE_DEVELOPMENT	5		Rejected!	
GOBP_DISTAL_TUBULE_DEVELOPMENT	12		Rejected!	
GOBP_DITERPENOID_BIOSYNTHETIC_PROCESS	10		Rejected!	
GOBP_DITERPENOID_METABOLIC_PROCESS	89	88		
GOBP_DNA_ALKYLATION_REPAIR	12		Rejected!	
GOBP_DNA_BIOSYNTHETIC_PROCESS	192	180		
GOBP_DNA_CATABOLIC_PROCESS	33	27		
GOBP_DNA_CONFORMATION_CHANGE	90	83		
GOBP_DNA_CYTOSINE_DEAMINATION	9		Rejected!	
GOBP_DNA_DAMAGE_RESPONSE	906		Rejected!	
GOBP_DNA_DAMAGE_RESPONSE_SIGNAL_TRANSDUCTION_BY_P53_CLASS_MEDIATOR	73	70		
GOBP_DNA_DAMAGE_RESPONSE_SIGNAL_TRANSDUCTION_BY_P53_CLASS_MEDIATOR_RESULTING_IN_CELL_CYCLE_ARREST	19	19		
GOBP_DNA_DAMAGE_RESPONSE_SIGNAL_TRANSDUCTION_RESULTING_IN_TRANSCRIPTION	16	15		
GOBP_DNA_DEAMINATION	13		Rejected!	
GOBP_DNA_DEMETHYLATION	22	20		
GOBP_DNA_DOUBLE_STRAND_BREAK_PROCESSING	22	20		
GOBP_DNA_INTEGRATION	8		Rejected!	
GOBP_DNA_INTEGRITY_CHECKPOINT_SIGNALING	136	126		
GOBP_DNA_LIGATION	16	16		
GOBP_DNA_LIGATION_INVOLVED_IN_DNA_REPAIR	5		Rejected!	
GOBP_DNA_METABOLIC_PROCESS	1009		Rejected!	
GOBP_DNA_METHYLATION_DEPENDENT_HETEROCHROMATIN_FORMATION	37	32		
GOBP_DNA_MODIFICATION	43	41		
GOBP_DNA_PROTECTION	7		Rejected!	
GOBP_DNA_RECOMBINATION	345	298		
GOBP_DNA_REPAIR	615		Rejected!	
GOBP_DNA_REPAIR_DEPENDENT_CHROMATIN_REMODELING	22	21		
GOBP_DNA_REPLICATION	280	263		
GOBP_DNA_REPLICATION_CHECKPOINT_SIGNALING	20	20		
GOBP_DNA_REPLICATION_DEPENDENT_CHROMATIN_ASSEMBLY	6		Rejected!	
GOBP_DNA_REPLICATION_INITIATION	37	36		
GOBP_DNA_REPLICATION_SYNTHESIS_OF_PRIMER	7		Rejected!	
GOBP_DNA_STRAND_ELONGATION	37	36		
GOBP_DNA_STRAND_ELONGATION_INVOLVED_IN_DNA_REPLICATION	15	15		
GOBP_DNA_STRAND_INVASION	6		Rejected!	
GOBP_DNA_STRAND_RESECTION_INVOLVED_IN_REPLICATION_FORK_PROCESSING	10		Rejected!	
GOBP_DNA_SYNTHESIS_INVOLVED_IN_DNA_REPAIR	42	39		
GOBP_DNA_TEMPLATED_DNA_REPLICATION	164	152		
GOBP_DNA_TEMPLATED_DNA_REPLICATION_MAINTENANCE_OF_FIDELITY	59	54		
GOBP_DNA_TEMPLATED_TRANSCRIPTION_ELONGATION	134	119		
GOBP_DNA_TEMPLATED_TRANSCRIPTION_INITIATION	208	182		
GOBP_DNA_TEMPLATED_TRANSCRIPTION_TERMINATION	30	22		
GOBP_DNA_TOPOLOGICAL_CHANGE	9		Rejected!	
GOBP_DNA_UNWINDING_INVOLVED_IN_DNA_REPLICATION	21	20		
GOBP_DOLICHYL_DIPHOSPHATE_METABOLIC_PROCESS	5		Rejected!	
GOBP_DOPAMINERGIC_NEURON_AXON_GUIDANCE	6		Rejected!	
GOBP_DOPAMINERGIC_NEURON_DIFFERENTIATION	41	40		
GOBP_DOPAMINE_BIOSYNTHETIC_PROCESS	12		Rejected!	
GOBP_DOPAMINE_METABOLIC_PROCESS	41	38		
GOBP_DOPAMINE_RECEPTOR_SIGNALING_PATHWAY	40	38		
GOBP_DOPAMINE_SECRETION	30	29		
GOBP_DOPAMINE_TRANSPORT	44	43		
GOBP_DORSAL_AORTA_DEVELOPMENT	10		Rejected!	
GOBP_DORSAL_AORTA_MORPHOGENESIS	8		Rejected!	
GOBP_DORSAL_ROOT_GANGLION_DEVELOPMENT	7		Rejected!	
GOBP_DORSAL_SPINAL_CORD_DEVELOPMENT	20	19		
GOBP_DORSAL_VENTRAL_AXIS_SPECIFICATION	14		Rejected!	
GOBP_DORSAL_VENTRAL_NEURAL_TUBE_PATTERNING	16	16		
GOBP_DORSAL_VENTRAL_PATTERN_FORMATION	90	88		
GOBP_DOUBLE_STRAND_BREAK_REPAIR	318	286		
GOBP_DOUBLE_STRAND_BREAK_REPAIR_INVOLVED_IN_MEIOTIC_RECOMBINATION	11		Rejected!	
GOBP_DOUBLE_STRAND_BREAK_REPAIR_VIA_ALTERNATIVE_NONHOMOLOGOUS_END_JOINING	8		Rejected!	
GOBP_DOUBLE_STRAND_BREAK_REPAIR_VIA_BREAK_INDUCED_REPLICATION	12		Rejected!	
GOBP_DOUBLE_STRAND_BREAK_REPAIR_VIA_CLASSICAL_NONHOMOLOGOUS_END_JOINING	9		Rejected!	
GOBP_DOUBLE_STRAND_BREAK_REPAIR_VIA_NONHOMOLOGOUS_END_JOINING	73	64		
GOBP_DOUBLE_STRAND_BREAK_REPAIR_VIA_SINGLE_STRAND_ANNEALING	8		Rejected!	
GOBP_DOUBLE_STRAND_BREAK_REPAIR_VIA_SYNTHESIS_DEPENDENT_STRAND_ANNEALING	8		Rejected!	
GOBP_DRINKING_BEHAVIOR	11		Rejected!	
GOBP_DTMP_METABOLIC_PROCESS	6		Rejected!	
GOBP_DTTP_METABOLIC_PROCESS	5		Rejected!	
GOBP_DUCTUS_ARTERIOSUS_CLOSURE	5		Rejected!	
GOBP_DUMP_METABOLIC_PROCESS	7		Rejected!	
GOBP_D_AMINO_ACID_TRANSPORT	6		Rejected!	
GOBP_D_ASPARTATE_TRANSMEMBRANE_TRANSPORT	5		Rejected!	
GOBP_EARLY_ENDOSOME_TO_GOLGI_TRANSPORT	17	16		
GOBP_EARLY_ENDOSOME_TO_RECYCLING_ENDOSOME_TRANSPORT	7		Rejected!	
GOBP_EAR_DEVELOPMENT	224	217		
GOBP_EAR_MORPHOGENESIS	127	124		
GOBP_EATING_BEHAVIOR	39	38		
GOBP_ECTODERMAL_CELL_DIFFERENTIATION	7		Rejected!	
GOBP_ECTODERMAL_PLACODE_DEVELOPMENT	14		Rejected!	
GOBP_ECTODERM_DEVELOPMENT	21	20		
GOBP_ECTOPIC_GERM_CELL_PROGRAMMED_CELL_DEATH	18	17		
GOBP_EGG_ACTIVATION	11		Rejected!	
GOBP_ELASTIC_FIBER_ASSEMBLY	10		Rejected!	
GOBP_ELASTIN_CATABOLIC_PROCESS	5		Rejected!	
GOBP_ELASTIN_METABOLIC_PROCESS	9		Rejected!	
GOBP_ELECTRON_TRANSPORT_CHAIN	132	104		
GOBP_EMBRYONIC_APPENDAGE_MORPHOGENESIS	122	119		
GOBP_EMBRYONIC_AXIS_SPECIFICATION	42	38		
GOBP_EMBRYONIC_BODY_MORPHOGENESIS	12		Rejected!	
GOBP_EMBRYONIC_BRAIN_DEVELOPMENT	18	18		
GOBP_EMBRYONIC_CAMERA_TYPE_EYE_DEVELOPMENT	37	37		
GOBP_EMBRYONIC_CAMERA_TYPE_EYE_FORMATION	11		Rejected!	
GOBP_EMBRYONIC_CAMERA_TYPE_EYE_MORPHOGENESIS	26	26		
GOBP_EMBRYONIC_CLEAVAGE	8		Rejected!	
GOBP_EMBRYONIC_CRANIAL_SKELETON_MORPHOGENESIS	45	43		
GOBP_EMBRYONIC_DIGESTIVE_TRACT_DEVELOPMENT	33	32		
GOBP_EMBRYONIC_DIGESTIVE_TRACT_MORPHOGENESIS	17	16		
GOBP_EMBRYONIC_DIGIT_MORPHOGENESIS	58	56		
GOBP_EMBRYONIC_EYE_MORPHOGENESIS	35	35		
GOBP_EMBRYONIC_FORELIMB_MORPHOGENESIS	33	33		
GOBP_EMBRYONIC_HEART_TUBE_DEVELOPMENT	86	82		
GOBP_EMBRYONIC_HEART_TUBE_LEFT_RIGHT_PATTERN_FORMATION	6		Rejected!	
GOBP_EMBRYONIC_HEART_TUBE_MORPHOGENESIS	72	70		
GOBP_EMBRYONIC_HEMOPOIESIS	24	24		
GOBP_EMBRYONIC_HINDLIMB_MORPHOGENESIS	28	28		
GOBP_EMBRYONIC_MORPHOGENESIS	619		Rejected!	
GOBP_EMBRYONIC_NEUROCRANIUM_MORPHOGENESIS	9		Rejected!	
GOBP_EMBRYONIC_ORGAN_DEVELOPMENT	457	445		
GOBP_EMBRYONIC_ORGAN_MORPHOGENESIS	297	290		
GOBP_EMBRYONIC_PATTERN_SPECIFICATION	74	68		
GOBP_EMBRYONIC_PLACENTA_DEVELOPMENT	88	85		
GOBP_EMBRYONIC_PLACENTA_MORPHOGENESIS	26	23		
GOBP_EMBRYONIC_PROCESS_INVOLVED_IN_FEMALE_PREGNANCY	7		Rejected!	
GOBP_EMBRYONIC_RETINA_MORPHOGENESIS_IN_CAMERA_TYPE_EYE	6		Rejected!	
GOBP_EMBRYONIC_SKELETAL_JOINT_DEVELOPMENT	15	15		
GOBP_EMBRYONIC_SKELETAL_JOINT_MORPHOGENESIS	11		Rejected!	
GOBP_EMBRYONIC_SKELETAL_SYSTEM_DEVELOPMENT	128	124		
GOBP_EMBRYONIC_SKELETAL_SYSTEM_MORPHOGENESIS	94	91		
GOBP_EMBRYONIC_VISCEROCRANIUM_MORPHOGENESIS	10		Rejected!	
GOBP_EMBRYO_DEVELOPMENT	1133		Rejected!	
GOBP_EMBRYO_DEVELOPMENT_ENDING_IN_BIRTH_OR_EGG_HATCHING	682		Rejected!	
GOBP_EMBRYO_IMPLANTATION	61	54		
GOBP_ENAMEL_MINERALIZATION	22	21		
GOBP_ENDOCARDIAL_CELL_DIFFERENTIATION	6		Rejected!	
GOBP_ENDOCARDIAL_CUSHION_DEVELOPMENT	54	53		
GOBP_ENDOCARDIAL_CUSHION_FORMATION	31	31		
GOBP_ENDOCARDIAL_CUSHION_FUSION	5		Rejected!	
GOBP_ENDOCARDIAL_CUSHION_MORPHOGENESIS	44	43		
GOBP_ENDOCARDIAL_CUSHION_TO_MESENCHYMAL_TRANSITION	6		Rejected!	
GOBP_ENDOCARDIUM_DEVELOPMENT	12		Rejected!	
GOBP_ENDOCARDIUM_MORPHOGENESIS	6		Rejected!	
GOBP_ENDOCHONDRAL_BONE_MORPHOGENESIS	60	56		
GOBP_ENDOCRINE_HORMONE_SECRETION	57	54		
GOBP_ENDOCRINE_PANCREAS_DEVELOPMENT	44	41		
GOBP_ENDOCRINE_PROCESS	92	89		
GOBP_ENDOCRINE_SYSTEM_DEVELOPMENT	136	132		
GOBP_ENDOCYTIC_RECYCLING	90	76		
GOBP_ENDOCYTOSIS	703		Rejected!	
GOBP_ENDOCYTOSIS_INVOLVED_IN_VIRAL_ENTRY_INTO_HOST_CELL	13		Rejected!	
GOBP_ENDODERMAL_CELL_FATE_COMMITMENT	15	15		
GOBP_ENDODERMAL_CELL_FATE_SPECIFICATION	8		Rejected!	
GOBP_ENDODERM_DEVELOPMENT	86	83		
GOBP_ENDODERM_FORMATION	60	58		
GOBP_ENDOLYSOSOMAL_TOLL_LIKE_RECEPTOR_SIGNALING_PATHWAY	51	50		
GOBP_ENDOMEMBRANE_SYSTEM_ORGANIZATION	611		Rejected!	
GOBP_ENDONUCLEOLYTIC_CLEAVAGE_IN_5_ETS_OF_TRICISTRONIC_RRNA_TRANSCRIPT_SSU_RRNA_5_8S_RRNA_LSU_RRNA	7		Rejected!	
GOBP_ENDONUCLEOLYTIC_CLEAVAGE_IN_ITS1_TO_SEPARATE_SSU_RRNA_FROM_5_8S_RRNA_AND_LSU_RRNA_FROM_TRICISTRONIC_RRNA_TRANSCRIPT_SSU_RRNA_5_8S_RRNA_LSU_RRNA	9		Rejected!	
GOBP_ENDONUCLEOLYTIC_CLEAVAGE_OF_TRICISTRONIC_RRNA_TRANSCRIPT_SSU_RRNA_5_8S_RRNA_LSU_RRNA	16	16		
GOBP_ENDOPLASMIC_RETICULUM_CALCIUM_ION_HOMEOSTASIS	25	22		
GOBP_ENDOPLASMIC_RETICULUM_LOCALIZATION	10		Rejected!	
GOBP_ENDOPLASMIC_RETICULUM_MEMBRANE_ORGANIZATION	13		Rejected!	
GOBP_ENDOPLASMIC_RETICULUM_ORGANIZATION	102	85		
GOBP_ENDOPLASMIC_RETICULUM_PLASMA_MEMBRANE_TETHERING	6		Rejected!	
GOBP_ENDOPLASMIC_RETICULUM_TO_CYTOSOL_TRANSPORT	28	24		
GOBP_ENDOPLASMIC_RETICULUM_TO_GOLGI_VESICLE_MEDIATED_TRANSPORT	139	131		
GOBP_ENDOPLASMIC_RETICULUM_TUBULAR_NETWORK_FORMATION	5		Rejected!	
GOBP_ENDOPLASMIC_RETICULUM_TUBULAR_NETWORK_ORGANIZATION	21	19		
GOBP_ENDOPLASMIC_RETICULUM_UNFOLDED_PROTEIN_RESPONSE	76	69		
GOBP_ENDOSOMAL_LUMEN_ACIDIFICATION	14		Rejected!	
GOBP_ENDOSOMAL_TRANSPORT	295	265		
GOBP_ENDOSOMAL_VESICLE_FUSION	15	15		
GOBP_ENDOSOME_ORGANIZATION	98	89		
GOBP_ENDOSOME_TO_LYSOSOME_TRANSPORT	74	71		
GOBP_ENDOSOME_TO_LYSOSOME_TRANSPORT_VIA_MULTIVESICULAR_BODY_SORTING_PATHWAY	17	17		
GOBP_ENDOSOME_TO_PLASMA_MEMBRANE_PROTEIN_TRANSPORT	18	16		
GOBP_ENDOSOME_TRANSPORT_VIA_MULTIVESICULAR_BODY_SORTING_PATHWAY	41	39		
GOBP_ENDOTHELIAL_CELL_ACTIVATION	11		Rejected!	
GOBP_ENDOTHELIAL_CELL_APOPTOTIC_PROCESS	70	58		
GOBP_ENDOTHELIAL_CELL_CHEMOTAXIS	32	27		
GOBP_ENDOTHELIAL_CELL_DEVELOPMENT	69	66		
GOBP_ENDOTHELIAL_CELL_FATE_COMMITMENT	8		Rejected!	
GOBP_ENDOTHELIAL_CELL_MATRIX_ADHESION	8		Rejected!	
GOBP_ENDOTHELIAL_CELL_MIGRATION	289	213		
GOBP_ENDOTHELIAL_CELL_MORPHOGENESIS	10		Rejected!	
GOBP_ENDOTHELIAL_CELL_PROLIFERATION	208	150		
GOBP_ENDOTHELIN_RECEPTOR_SIGNALING_PATHWAY	12		Rejected!	
GOBP_ENDOTHELIUM_DEVELOPMENT	150	134		
GOBP_ENERGY_COUPLED_PROTON_TRANSMEMBRANE_TRANSPORT_AGAINST_ELECTROCHEMICAL_GRADIENT	5		Rejected!	
GOBP_ENERGY_DERIVATION_BY_OXIDATION_OF_ORGANIC_COMPOUNDS	344	281		
GOBP_ENERGY_HOMEOSTASIS	83	80		
GOBP_ENERGY_RESERVE_METABOLIC_PROCESS	99	88		
GOBP_ENGULFMENT_OF_APOPTOTIC_CELL	15	15		
GOBP_ENSHEATHMENT_OF_NEURONS	158	151		
GOBP_ENTERIC_NERVOUS_SYSTEM_DEVELOPMENT	12		Rejected!	
GOBP_ENTEROENDOCRINE_CELL_DIFFERENTIATION	36	32		
GOBP_ENTRAINMENT_OF_CIRCADIAN_CLOCK	30	27		
GOBP_ENTRY_OF_BACTERIUM_INTO_HOST_CELL	9		Rejected!	
GOBP_ENUCLEATE_ERYTHROCYTE_DEVELOPMENT	7		Rejected!	
GOBP_ENUCLEATE_ERYTHROCYTE_DIFFERENTIATION	14		Rejected!	
GOBP_ENUCLEATE_ERYTHROCYTE_MATURATION	5		Rejected!	
GOBP_ENZYME_LINKED_RECEPTOR_PROTEIN_SIGNALING_PATHWAY	1043		Rejected!	
GOBP_EOSINOPHIL_ACTIVATION	9		Rejected!	
GOBP_EOSINOPHIL_DIFFERENTIATION	7		Rejected!	
GOBP_EOSINOPHIL_MEDIATED_IMMUNITY	9		Rejected!	
GOBP_EOSINOPHIL_MIGRATION	30	29		
GOBP_EPHRIN_RECEPTOR_SIGNALING_PATHWAY	51	50		
GOBP_EPIBOLY	44	41		
GOBP_EPIDERMAL_CELL_DIFFERENTIATION	246	229		
GOBP_EPIDERMAL_CELL_FATE_SPECIFICATION	5		Rejected!	
GOBP_EPIDERMAL_GROWTH_FACTOR_RECEPTOR_SIGNALING_PATHWAY	112	105		
GOBP_EPIDERMIS_DEVELOPMENT	388	364		
GOBP_EPIDERMIS_MORPHOGENESIS	37	36		
GOBP_EPIDIDYMIS_DEVELOPMENT	5		Rejected!	
GOBP_EPIGENETIC_PROGRAMING_OF_MALE_PRONUCLEUS	5		Rejected!	
GOBP_EPIGENETIC_PROGRAMMING_IN_THE_ZYGOTIC_PRONUCLEI	15		Rejected!	
GOBP_EPIGENETIC_PROGRAMMING_OF_GENE_EXPRESSION	32	30		
GOBP_EPIGENETIC_REGULATION_OF_GENE_EXPRESSION	284	216		
GOBP_EPINEPHRINE_SECRETION	7		Rejected!	
GOBP_EPINEPHRINE_TRANSPORT	11		Rejected!	
GOBP_EPITHELIAL_CELL_APOPTOTIC_PROCESS	150	133		
GOBP_EPITHELIAL_CELL_CELL_ADHESION	17	16		
GOBP_EPITHELIAL_CELL_DEVELOPMENT	222	214		
GOBP_EPITHELIAL_CELL_DIFFERENTIATION	753		Rejected!	
GOBP_EPITHELIAL_CELL_DIFFERENTIATION_INVOLVED_IN_KIDNEY_DEVELOPMENT	49	49		
GOBP_EPITHELIAL_CELL_DIFFERENTIATION_INVOLVED_IN_PROSTATE_GLAND_DEVELOPMENT	11		Rejected!	
GOBP_EPITHELIAL_CELL_FATE_COMMITMENT	15	15		
GOBP_EPITHELIAL_CELL_MATURATION	27	27		
GOBP_EPITHELIAL_CELL_MORPHOGENESIS	34	33		
GOBP_EPITHELIAL_CELL_PROLIFERATION	494	425		
GOBP_EPITHELIAL_CELL_PROLIFERATION_INVOLVED_IN_LUNG_MORPHOGENESIS	10		Rejected!	
GOBP_EPITHELIAL_CELL_PROLIFERATION_INVOLVED_IN_PROSTATE_GLAND_DEVELOPMENT	11		Rejected!	
GOBP_EPITHELIAL_CELL_PROLIFERATION_INVOLVED_IN_SALIVARY_GLAND_MORPHOGENESIS	5		Rejected!	
GOBP_EPITHELIAL_CILIUM_MOVEMENT_INVOLVED_IN_DETERMINATION_OF_LEFT_RIGHT_ASYMMETRY	13		Rejected!	
GOBP_EPITHELIAL_FLUID_TRANSPORT	12		Rejected!	
GOBP_EPITHELIAL_MESENCHYMAL_CELL_SIGNALING	5		Rejected!	
GOBP_EPITHELIAL_STRUCTURE_MAINTENANCE	36	33		
GOBP_EPITHELIAL_TO_MESENCHYMAL_TRANSITION	192	166		
GOBP_EPITHELIAL_TO_MESENCHYMAL_TRANSITION_INVOLVED_IN_ENDOCARDIAL_CUSHION_FORMATION	18	18		
GOBP_EPITHELIAL_TUBE_BRANCHING_INVOLVED_IN_LUNG_MORPHOGENESIS	30	29		
GOBP_EPITHELIAL_TUBE_FORMATION	135	132		
GOBP_EPITHELIAL_TUBE_MORPHOGENESIS	335	324		
GOBP_EPITHELIUM_DEVELOPMENT	1236		Rejected!	
GOBP_EPOXIDE_METABOLIC_PROCESS	5		Rejected!	
GOBP_EPOXYGENASE_P450_PATHWAY	18	18		
GOBP_EQUILIBRIOCEPTION	8		Rejected!	
GOBP_ERAD_PATHWAY	111	103		
GOBP_ERBB2_EGFR_SIGNALING_PATHWAY	8		Rejected!	
GOBP_ERBB2_ERBB4_SIGNALING_PATHWAY	5		Rejected!	
GOBP_ERBB2_SIGNALING_PATHWAY	23	23		
GOBP_ERBB3_SIGNALING_PATHWAY	10		Rejected!	
GOBP_ERBB4_ERBB4_SIGNALING_PATHWAY	6		Rejected!	
GOBP_ERBB4_SIGNALING_PATHWAY	10		Rejected!	
GOBP_ERBB_SIGNALING_PATHWAY	133	125		
GOBP_ERK1_AND_ERK2_CASCADE	323	289		
GOBP_ERK5_CASCADE	5		Rejected!	
GOBP_ERROR_FREE_TRANSLESION_SYNTHESIS	5		Rejected!	
GOBP_ERROR_PRONE_TRANSLESION_SYNTHESIS	12		Rejected!	
GOBP_ERYTHROCYTE_DEVELOPMENT	44	42		
GOBP_ERYTHROCYTE_HOMEOSTASIS	147	139		
GOBP_ERYTHROCYTE_MATURATION	22	20		
GOBP_ERYTHROSE_4_PHOSPHATE_PHOSPHOENOLPYRUVATE_FAMILY_AMINO_ACID_METABOLIC_PROCESS	18	18		
GOBP_ER_NUCLEUS_SIGNALING_PATHWAY	48	44		
GOBP_ER_OVERLOAD_RESPONSE	11		Rejected!	
GOBP_ESCRT_COMPLEX_DISASSEMBLY	10		Rejected!	
GOBP_ESTABLISHMENT_OF_BLOOD_BRAIN_BARRIER	16	16		
GOBP_ESTABLISHMENT_OF_BLOOD_RETINAL_BARRIER	5		Rejected!	
GOBP_ESTABLISHMENT_OF_CELL_POLARITY	156	148		
GOBP_ESTABLISHMENT_OF_CENTROSOME_LOCALIZATION	10		Rejected!	
GOBP_ESTABLISHMENT_OF_ENDOTHELIAL_BARRIER	54	51		
GOBP_ESTABLISHMENT_OF_ENDOTHELIAL_INTESTINAL_BARRIER	15		Rejected!	
GOBP_ESTABLISHMENT_OF_EPITHELIAL_CELL_APICAL_BASAL_POLARITY	19	17		
GOBP_ESTABLISHMENT_OF_EPITHELIAL_CELL_POLARITY	36	33		
GOBP_ESTABLISHMENT_OF_GOLGI_LOCALIZATION	8		Rejected!	
GOBP_ESTABLISHMENT_OF_LEFT_RIGHT_ASYMMETRY	7		Rejected!	
GOBP_ESTABLISHMENT_OF_LOCALIZATION_IN_CELL	1966		Rejected!	
GOBP_ESTABLISHMENT_OF_LYMPHOCYTE_POLARITY	16	15		
GOBP_ESTABLISHMENT_OF_MEIOTIC_SPINDLE_LOCALIZATION	6		Rejected!	
GOBP_ESTABLISHMENT_OF_MITOCHONDRION_LOCALIZATION	33	32		
GOBP_ESTABLISHMENT_OF_MITOCHONDRION_LOCALIZATION_MICROTUBULE_MEDIATED	27	26		
GOBP_ESTABLISHMENT_OF_MITOTIC_SISTER_CHROMATID_COHESION	7		Rejected!	
GOBP_ESTABLISHMENT_OF_MITOTIC_SPINDLE_LOCALIZATION	40	38		
GOBP_ESTABLISHMENT_OF_ORGANELLE_LOCALIZATION	479	455		
GOBP_ESTABLISHMENT_OF_PIGMENT_GRANULE_LOCALIZATION	23	23		
GOBP_ESTABLISHMENT_OF_PLANAR_POLARITY_INVOLVED_IN_NEURAL_TUBE_CLOSURE	12		Rejected!	
GOBP_ESTABLISHMENT_OF_PLANAR_POLARITY_OF_EMBRYONIC_EPITHELIUM	15	15		
GOBP_ESTABLISHMENT_OF_PROTEIN_LOCALIZATION	1711		Rejected!	
GOBP_ESTABLISHMENT_OF_PROTEIN_LOCALIZATION_TO_CHROMATIN	9		Rejected!	
GOBP_ESTABLISHMENT_OF_PROTEIN_LOCALIZATION_TO_CHROMOSOME	28	24		
GOBP_ESTABLISHMENT_OF_PROTEIN_LOCALIZATION_TO_ENDOPLASMIC_RETICULUM	48	39		
GOBP_ESTABLISHMENT_OF_PROTEIN_LOCALIZATION_TO_MEMBRANE	279	256		
GOBP_ESTABLISHMENT_OF_PROTEIN_LOCALIZATION_TO_MITOCHONDRIAL_MEMBRANE	35	31		
GOBP_ESTABLISHMENT_OF_PROTEIN_LOCALIZATION_TO_ORGANELLE	456	423		
GOBP_ESTABLISHMENT_OF_PROTEIN_LOCALIZATION_TO_PEROXISOME	20	20		
GOBP_ESTABLISHMENT_OF_PROTEIN_LOCALIZATION_TO_PLASMA_MEMBRANE	66	62		
GOBP_ESTABLISHMENT_OF_PROTEIN_LOCALIZATION_TO_TELOMERE	18	18		
GOBP_ESTABLISHMENT_OF_PROTEIN_LOCALIZATION_TO_VACUOLE	65	63		
GOBP_ESTABLISHMENT_OF_RNA_LOCALIZATION	163	149		
GOBP_ESTABLISHMENT_OF_SERTOLI_CELL_BARRIER	5		Rejected!	
GOBP_ESTABLISHMENT_OF_SISTER_CHROMATID_COHESION	11		Rejected!	
GOBP_ESTABLISHMENT_OF_SKIN_BARRIER	34	33		
GOBP_ESTABLISHMENT_OF_SPINDLE_ORIENTATION	42	40		
GOBP_ESTABLISHMENT_OF_TISSUE_POLARITY	37	36		
GOBP_ESTABLISHMENT_OR_MAINTENANCE_OF_BIPOLAR_CELL_POLARITY	59	56		
GOBP_ESTABLISHMENT_OR_MAINTENANCE_OF_CELL_POLARITY	228	218		
GOBP_ESTABLISHMENT_OR_MAINTENANCE_OF_CYTOSKELETON_POLARITY	7		Rejected!	
GOBP_ESTABLISHMENT_OR_MAINTENANCE_OF_MONOPOLAR_CELL_POLARITY	27	25		
GOBP_ESTABLISHMENT_OR_MAINTENANCE_OF_TRANSMEMBRANE_ELECTROCHEMICAL_GRADIENT	11		Rejected!	
GOBP_ESTROGEN_BIOSYNTHETIC_PROCESS	11		Rejected!	
GOBP_ESTROGEN_METABOLIC_PROCESS	40	40		
GOBP_ESTROUS_CYCLE	16	16		
GOBP_ETHANOLAMINE_CONTAINING_COMPOUND_METABOLIC_PROCESS	8		Rejected!	
GOBP_ETHANOL_METABOLIC_PROCESS	13		Rejected!	
GOBP_ETHER_BIOSYNTHETIC_PROCESS	12		Rejected!	
GOBP_ETHER_METABOLIC_PROCESS	26	24		
GOBP_EXCITATORY_CHEMICAL_SYNAPTIC_TRANSMISSION	12		Rejected!	
GOBP_EXCITATORY_SYNAPSE_ASSEMBLY	35	32		
GOBP_EXCRETION	30	28		
GOBP_EXECUTION_PHASE_OF_APOPTOSIS	81	74		
GOBP_EXIT_FROM_MITOSIS	31	31		
GOBP_EXOCRINE_PANCREAS_DEVELOPMENT	7		Rejected!	
GOBP_EXOCRINE_SYSTEM_DEVELOPMENT	49	48		
GOBP_EXOCYST_LOCALIZATION	5		Rejected!	
GOBP_EXOCYTIC_PROCESS	79	76		
GOBP_EXOCYTOSIS	356	335		
GOBP_EXPLORATION_BEHAVIOR	34	31		
GOBP_EXPORT_ACROSS_PLASMA_MEMBRANE	83	68		
GOBP_EXPORT_FROM_CELL	927		Rejected!	
GOBP_EXTERNAL_ENCAPSULATING_STRUCTURE_ORGANIZATION	338	318		
GOBP_EXTRACELLULAR_EXOSOME_ASSEMBLY	7		Rejected!	
GOBP_EXTRACELLULAR_MATRIX_ASSEMBLY	55	46		
GOBP_EXTRACELLULAR_MATRIX_CELL_SIGNALING	5		Rejected!	
GOBP_EXTRACELLULAR_MATRIX_CONSTITUENT_SECRETION	13		Rejected!	
GOBP_EXTRACELLULAR_MATRIX_DISASSEMBLY	66	60		
GOBP_EXTRACELLULAR_REGULATION_OF_SIGNAL_TRANSDUCTION	13		Rejected!	
GOBP_EXTRACELLULAR_TRANSPORT	46	34		
GOBP_EXTRACELLULAR_VESICLE_BIOGENESIS	25	24		
GOBP_EXTRAEMBRYONIC_MEMBRANE_DEVELOPMENT	13		Rejected!	
GOBP_EXTRINSIC_APOPTOTIC_SIGNALING_PATHWAY	230	221		
GOBP_EXTRINSIC_APOPTOTIC_SIGNALING_PATHWAY_VIA_DEATH_DOMAIN_RECEPTORS	84	81		
GOBP_EYELID_DEVELOPMENT_IN_CAMERA_TYPE_EYE	13		Rejected!	
GOBP_EYE_MORPHOGENESIS	163	160		
GOBP_EYE_PHOTORECEPTOR_CELL_DEVELOPMENT	36	35		
GOBP_EYE_PHOTORECEPTOR_CELL_DIFFERENTIATION	50	48		
GOBP_EYE_PIGMENTATION	6		Rejected!	
GOBP_FACE_DEVELOPMENT	53	52		
GOBP_FACE_MORPHOGENESIS	32	31		
GOBP_FACIAL_NERVE_MORPHOGENESIS	11		Rejected!	
GOBP_FACIAL_NERVE_STRUCTURAL_ORGANIZATION	9		Rejected!	
GOBP_FACULTATIVE_HETEROCHROMATIN_FORMATION	47	40		
GOBP_FARNESYL_DIPHOSPHATE_METABOLIC_PROCESS	6		Rejected!	
GOBP_FAS_SIGNALING_PATHWAY	8		Rejected!	
GOBP_FATTY_ACID_ALPHA_OXIDATION	8		Rejected!	
GOBP_FATTY_ACID_BETA_OXIDATION	75	72		
GOBP_FATTY_ACID_BETA_OXIDATION_USING_ACYL_COA_DEHYDROGENASE	12		Rejected!	
GOBP_FATTY_ACID_BETA_OXIDATION_USING_ACYL_COA_OXIDASE	12		Rejected!	
GOBP_FATTY_ACID_BIOSYNTHETIC_PROCESS	166	151		
GOBP_FATTY_ACID_CATABOLIC_PROCESS	107	100		
GOBP_FATTY_ACID_DERIVATIVE_BIOSYNTHETIC_PROCESS	52	48		
GOBP_FATTY_ACID_DERIVATIVE_CATABOLIC_PROCESS	18	17		
GOBP_FATTY_ACID_DERIVATIVE_METABOLIC_PROCESS	78	73		
GOBP_FATTY_ACID_ELONGATION	14		Rejected!	
GOBP_FATTY_ACID_ELONGATION_SATURATED_FATTY_ACID	8		Rejected!	
GOBP_FATTY_ACID_HOMEOSTASIS	17	16		
GOBP_FATTY_ACID_METABOLIC_PROCESS	401	375		
GOBP_FATTY_ACID_OMEGA_OXIDATION	5		Rejected!	
GOBP_FATTY_ACID_TRANSMEMBRANE_TRANSPORT	20	20		
GOBP_FATTY_ACID_TRANSPORT	120	116		
GOBP_FATTY_ACYL_COA_BIOSYNTHETIC_PROCESS	27	26		
GOBP_FATTY_ACYL_COA_CATABOLIC_PROCESS	6		Rejected!	
GOBP_FATTY_ACYL_COA_METABOLIC_PROCESS	40	38		
GOBP_FAT_CELL_DIFFERENTIATION	251	229		
GOBP_FAT_CELL_PROLIFERATION	15	15		
GOBP_FAT_PAD_DEVELOPMENT	9		Rejected!	
GOBP_FAT_SOLUBLE_VITAMIN_BIOSYNTHETIC_PROCESS	13		Rejected!	
GOBP_FAT_SOLUBLE_VITAMIN_CATABOLIC_PROCESS	12		Rejected!	
GOBP_FAT_SOLUBLE_VITAMIN_METABOLIC_PROCESS	47	47		
GOBP_FC_EPSILON_RECEPTOR_SIGNALING_PATHWAY	25	25		
GOBP_FC_GAMMA_RECEPTOR_SIGNALING_PATHWAY	35	33		
GOBP_FC_RECEPTOR_MEDIATED_INHIBITORY_SIGNALING_PATHWAY	5		Rejected!	
GOBP_FC_RECEPTOR_MEDIATED_STIMULATORY_SIGNALING_PATHWAY	31	31		
GOBP_FC_RECEPTOR_SIGNALING_PATHWAY	58	56		
GOBP_FEAR_RESPONSE	50	48		
GOBP_FEEDING_BEHAVIOR	109	104		
GOBP_FEMALE_GAMETE_GENERATION	167	147		
GOBP_FEMALE_GENITALIA_DEVELOPMENT	19	18		
GOBP_FEMALE_MEIOSIS_CHROMOSOME_SEGREGATION	6		Rejected!	
GOBP_FEMALE_MEIOSIS_I	13		Rejected!	
GOBP_FEMALE_MEIOTIC_NUCLEAR_DIVISION	39	31		
GOBP_FEMALE_SEX_DIFFERENTIATION	121	119		
GOBP_FERMENTATION	5		Rejected!	
GOBP_FERROPTOSIS	10		Rejected!	
GOBP_FERTILIZATION	211	190		
GOBP_FEVER_GENERATION	11		Rejected!	
GOBP_FIBRINOLYSIS	27	26		
GOBP_FIBROBLAST_ACTIVATION	15	15		
GOBP_FIBROBLAST_APOPTOTIC_PROCESS	26	24		
GOBP_FIBROBLAST_GROWTH_FACTOR_PRODUCTION	10		Rejected!	
GOBP_FIBROBLAST_GROWTH_FACTOR_RECEPTOR_SIGNALING_PATHWAY	87	77		
GOBP_FIBROBLAST_MIGRATION	56	50		
GOBP_FIBROBLAST_PROLIFERATION	110	106		
GOBP_FILOPODIUM_ASSEMBLY	69	65		
GOBP_FLAVIN_CONTAINING_COMPOUND_METABOLIC_PROCESS	6		Rejected!	
GOBP_FLAVONE_METABOLIC_PROCESS	6		Rejected!	
GOBP_FLAVONOID_GLUCURONIDATION	5		Rejected!	
GOBP_FLAVONOID_METABOLIC_PROCESS	13		Rejected!	
GOBP_FLOOR_PLATE_DEVELOPMENT	11		Rejected!	
GOBP_FLUID_TRANSPORT	40	37		
GOBP_FOAM_CELL_DIFFERENTIATION	41	38		
GOBP_FOCAL_ADHESION_ASSEMBLY	85	83		
GOBP_FOLATE_TRANSMEMBRANE_TRANSPORT	5		Rejected!	
GOBP_FOLIC_ACID_CONTAINING_COMPOUND_BIOSYNTHETIC_PROCESS	10		Rejected!	
GOBP_FOLIC_ACID_CONTAINING_COMPOUND_CATABOLIC_PROCESS	5		Rejected!	
GOBP_FOLIC_ACID_CONTAINING_COMPOUND_METABOLIC_PROCESS	29	26		
GOBP_FOLIC_ACID_METABOLIC_PROCESS	15		Rejected!	
GOBP_FOLIC_ACID_TRANSPORT	10		Rejected!	
GOBP_FOLLICLE_STIMULATING_HORMONE_SECRETION	8		Rejected!	
GOBP_FOREBRAIN_CELL_MIGRATION	65	63		
GOBP_FOREBRAIN_DEVELOPMENT	411	398		
GOBP_FOREBRAIN_DORSAL_VENTRAL_PATTERN_FORMATION	7		Rejected!	
GOBP_FOREBRAIN_GENERATION_OF_NEURONS	54	51		
GOBP_FOREBRAIN_MORPHOGENESIS	13		Rejected!	
GOBP_FOREBRAIN_NEUROBLAST_DIVISION	6		Rejected!	
GOBP_FOREBRAIN_NEURON_DEVELOPMENT	25	23		
GOBP_FOREBRAIN_NEURON_DIFFERENTIATION	44	41		
GOBP_FOREBRAIN_NEURON_FATE_COMMITMENT	7		Rejected!	
GOBP_FOREBRAIN_RADIAL_GLIAL_CELL_DIFFERENTIATION	7		Rejected!	
GOBP_FOREBRAIN_REGIONALIZATION	24	24		
GOBP_FOREBRAIN_VENTRICULAR_ZONE_PROGENITOR_CELL_DIVISION	6		Rejected!	
GOBP_FOREGUT_MORPHOGENESIS	10		Rejected!	
GOBP_FORELIMB_MORPHOGENESIS	41	39		
GOBP_FORMATE_METABOLIC_PROCESS	6		Rejected!	
GOBP_FORMATION_OF_ANATOMICAL_BOUNDARY	7		Rejected!	
GOBP_FORMATION_OF_CYTOPLASMIC_TRANSLATION_INITIATION_COMPLEX	15		Rejected!	
GOBP_FORMATION_OF_EXTRACHROMOSOMAL_CIRCULAR_DNA	15	15		
GOBP_FORMATION_OF_PRIMARY_GERM_LAYER	131	121		
GOBP_FORMATION_OF_QUADRUPLE_SL_U4_U5_U6_SNRNP	10		Rejected!	
GOBP_FORMATION_OF_TRANSLATION_PREINITIATION_COMPLEX	9		Rejected!	
GOBP_FREE_UBIQUITIN_CHAIN_POLYMERIZATION	9		Rejected!	
GOBP_FRUCTOSE_1_6_BISPHOSPHATE_METABOLIC_PROCESS	9		Rejected!	
GOBP_FRUCTOSE_2_6_BISPHOSPHATE_METABOLIC_PROCESS	5		Rejected!	
GOBP_FRUCTOSE_6_PHOSPHATE_METABOLIC_PROCESS	12		Rejected!	
GOBP_FRUCTOSE_METABOLIC_PROCESS	14		Rejected!	
GOBP_FRUCTOSE_TRANSMEMBRANE_TRANSPORT	10		Rejected!	
GOBP_FUCOSE_CATABOLIC_PROCESS	9		Rejected!	
GOBP_FUCOSE_METABOLIC_PROCESS	16	16		
GOBP_FUCOSYLATION	17	17		
GOBP_FUNGIFORM_PAPILLA_DEVELOPMENT	6		Rejected!	
GOBP_FUNGIFORM_PAPILLA_MORPHOGENESIS	5		Rejected!	
GOBP_FUSED_ANTRUM_STAGE	6		Rejected!	
GOBP_G0_TO_G1_TRANSITION	40	36		
GOBP_G1_TO_G0_TRANSITION	19	18		
GOBP_G1_TO_G0_TRANSITION_INVOLVED_IN_CELL_DIFFERENTIATION	6		Rejected!	
GOBP_G2_MI_TRANSITION_OF_MEIOTIC_CELL_CYCLE	7		Rejected!	
GOBP_GABAERGIC_NEURON_DIFFERENTIATION	19	17		
GOBP_GALACTOLIPID_METABOLIC_PROCESS	9		Rejected!	
GOBP_GALACTOSE_CATABOLIC_PROCESS	6		Rejected!	
GOBP_GALACTOSE_CATABOLIC_PROCESS_VIA_UDP_GALACTOSE	5		Rejected!	
GOBP_GALACTOSE_METABOLIC_PROCESS	10		Rejected!	
GOBP_GALACTOSE_TRANSMEMBRANE_TRANSPORT	5		Rejected!	
GOBP_GALACTOSYLCERAMIDE_BIOSYNTHETIC_PROCESS	6		Rejected!	
GOBP_GAMETE_GENERATION	822		Rejected!	
GOBP_GAMMA_AMINOBUTYRIC_ACID_BIOSYNTHETIC_PROCESS	6		Rejected!	
GOBP_GAMMA_AMINOBUTYRIC_ACID_IMPORT	6		Rejected!	
GOBP_GAMMA_AMINOBUTYRIC_ACID_METABOLIC_PROCESS	8		Rejected!	
GOBP_GAMMA_AMINOBUTYRIC_ACID_SECRETION	13		Rejected!	
GOBP_GAMMA_AMINOBUTYRIC_ACID_SIGNALING_PATHWAY	29	27		
GOBP_GAMMA_AMINOBUTYRIC_ACID_TRANSPORT	21	20		
GOBP_GAMMA_DELTA_T_CELL_ACTIVATION	26	24		
GOBP_GAMMA_DELTA_T_CELL_DIFFERENTIATION	13		Rejected!	
GOBP_GANGLION_DEVELOPMENT	17	17		
GOBP_GANGLIOSIDE_BIOSYNTHETIC_PROCESS	17	16		
GOBP_GANGLIOSIDE_BIOSYNTHETIC_PROCESS_VIA_LACTOSYLCERAMIDE	6		Rejected!	
GOBP_GANGLIOSIDE_CATABOLIC_PROCESS	7		Rejected!	
GOBP_GANGLIOSIDE_METABOLIC_PROCESS	28	27		
GOBP_GAP_JUNCTION_ASSEMBLY	18	18		
GOBP_GAP_JUNCTION_MEDIATED_INTERCELLULAR_TRANSPORT	6		Rejected!	
GOBP_GASTRIC_ACID_SECRETION	13		Rejected!	
GOBP_GASTRIC_MOTILITY	5		Rejected!	
GOBP_GASTRO_INTESTINAL_SYSTEM_SMOOTH_MUSCLE_CONTRACTION	12		Rejected!	
GOBP_GASTRULATION	201	188		
GOBP_GASTRULATION_WITH_MOUTH_FORMING_SECOND	28	26		
GOBP_GAS_TRANSPORT	22	22		
GOBP_GDP_MANNOSE_METABOLIC_PROCESS	8		Rejected!	
GOBP_GDP_METABOLIC_PROCESS	11		Rejected!	
GOBP_GENERAL_ADAPTATION_SYNDROME	6		Rejected!	
GOBP_GENERAL_ADAPTATION_SYNDROME_BEHAVIORAL_PROCESS	5		Rejected!	
GOBP_GENERATION_OF_NEURONS	1510		Rejected!	
GOBP_GENERATION_OF_PRECURSOR_METABOLITES_AND_ENERGY	476	407		
GOBP_GENITALIA_DEVELOPMENT	47	44		
GOBP_GENITALIA_MORPHOGENESIS	12		Rejected!	
GOBP_GENOMIC_IMPRINTING	18	18		
GOBP_GEPHYRIN_CLUSTERING_INVOLVED_IN_POSTSYNAPTIC_DENSITY_ASSEMBLY	5		Rejected!	
GOBP_GERMINAL_CENTER_B_CELL_DIFFERENTIATION	8		Rejected!	
GOBP_GERMINAL_CENTER_FORMATION	14		Rejected!	
GOBP_GERM_CELL_MIGRATION	9		Rejected!	
GOBP_GERM_CELL_PROLIFERATION	11		Rejected!	
GOBP_GLANDULAR_EPITHELIAL_CELL_DEVELOPMENT	36	33		
GOBP_GLANDULAR_EPITHELIAL_CELL_DIFFERENTIATION	72	67		
GOBP_GLANDULAR_EPITHELIAL_CELL_MATURATION	9		Rejected!	
GOBP_GLAND_DEVELOPMENT	449	439		
GOBP_GLAND_MORPHOGENESIS	127	125		
GOBP_GLIAL_CELL_ACTIVATION	58	53		
GOBP_GLIAL_CELL_APOPTOTIC_PROCESS	17	17		
GOBP_GLIAL_CELL_DERIVED_NEUROTROPHIC_FACTOR_RECEPTOR_SIGNALING_PATHWAY	15	15		
GOBP_GLIAL_CELL_DEVELOPMENT	135	126		
GOBP_GLIAL_CELL_DIFFERENTIATION	262	251		
GOBP_GLIAL_CELL_FATE_COMMITMENT	13		Rejected!	
GOBP_GLIAL_CELL_FATE_SPECIFICATION	7		Rejected!	
GOBP_GLIAL_CELL_MIGRATION	61	56		
GOBP_GLIAL_CELL_PROLIFERATION	60	54		
GOBP_GLIOGENESIS	348	329		
GOBP_GLOMERULAR_BASEMENT_MEMBRANE_DEVELOPMENT	11		Rejected!	
GOBP_GLOMERULAR_ENDOTHELIUM_DEVELOPMENT	5		Rejected!	
GOBP_GLOMERULAR_EPITHELIAL_CELL_DEVELOPMENT	12		Rejected!	
GOBP_GLOMERULAR_EPITHELIUM_DEVELOPMENT	27	27		
GOBP_GLOMERULAR_MESANGIAL_CELL_DEVELOPMENT	5		Rejected!	
GOBP_GLOMERULAR_MESANGIAL_CELL_PROLIFERATION	13		Rejected!	
GOBP_GLOMERULAR_MESANGIUM_DEVELOPMENT	18	17		
GOBP_GLOMERULUS_DEVELOPMENT	73	72		
GOBP_GLOMERULUS_MORPHOGENESIS	9		Rejected!	
GOBP_GLOMERULUS_VASCULATURE_MORPHOGENESIS	6		Rejected!	
GOBP_GLOSSOPHARYNGEAL_NERVE_DEVELOPMENT	5		Rejected!	
GOBP_GLUCAN_BIOSYNTHETIC_PROCESS	46	40		
GOBP_GLUCAN_METABOLIC_PROCESS	87	77		
GOBP_GLUCOCORTICOID_BIOSYNTHETIC_PROCESS	16	16		
GOBP_GLUCOCORTICOID_METABOLIC_PROCESS	25	25		
GOBP_GLUCOCORTICOID_SECRETION	12		Rejected!	
GOBP_GLUCOSAMINE_CONTAINING_COMPOUND_CATABOLIC_PROCESS	9		Rejected!	
GOBP_GLUCOSAMINE_CONTAINING_COMPOUND_METABOLIC_PROCESS	25	23		
GOBP_GLUCOSE_6_PHOSPHATE_METABOLIC_PROCESS	29	27		
GOBP_GLUCOSE_CATABOLIC_PROCESS	27	26		
GOBP_GLUCOSE_IMPORT	79	71		
GOBP_GLUCOSE_IMPORT_ACROSS_PLASMA_MEMBRANE	5		Rejected!	
GOBP_GLUCOSE_IMPORT_IN_RESPONSE_TO_INSULIN_STIMULUS	6		Rejected!	
GOBP_GLUCOSE_METABOLIC_PROCESS	193	179		
GOBP_GLUCOSYLCERAMIDE_CATABOLIC_PROCESS	8		Rejected!	
GOBP_GLUCOSYLCERAMIDE_METABOLIC_PROCESS	11		Rejected!	
GOBP_GLUCURONATE_CATABOLIC_PROCESS_TO_XYLULOSE_5_PHOSPHATE	5		Rejected!	
GOBP_GLUTAMATERGIC_NEURON_DIFFERENTIATION	17	17		
GOBP_GLUTAMATE_CATABOLIC_PROCESS	8		Rejected!	
GOBP_GLUTAMATE_METABOLIC_PROCESS	34	33		
GOBP_GLUTAMATE_RECEPTOR_SIGNALING_PATHWAY	52	50		
GOBP_GLUTAMATE_REUPTAKE	6		Rejected!	
GOBP_GLUTAMATE_SECRETION	28	28		
GOBP_GLUTAMATE_SECRETION_NEUROTRANSMISSION	8		Rejected!	
GOBP_GLUTAMINE_FAMILY_AMINO_ACID_BIOSYNTHETIC_PROCESS	17	15		
GOBP_GLUTAMINE_FAMILY_AMINO_ACID_CATABOLIC_PROCESS	26	25		
GOBP_GLUTAMINE_FAMILY_AMINO_ACID_METABOLIC_PROCESS	76	70		
GOBP_GLUTAMINE_METABOLIC_PROCESS	29	27		
GOBP_GLUTAMINE_TRANSPORT	10		Rejected!	
GOBP_GLUTATHIONE_CATABOLIC_PROCESS	11		Rejected!	
GOBP_GLUTATHIONE_METABOLIC_PROCESS	57	54		
GOBP_GLUTATHIONE_TRANSMEMBRANE_TRANSPORT	8		Rejected!	
GOBP_GLUTATHIONE_TRANSPORT	10		Rejected!	
GOBP_GLYCERALDEHYDE_3_PHOSPHATE_METABOLIC_PROCESS	12		Rejected!	
GOBP_GLYCEROLIPID_BIOSYNTHETIC_PROCESS	256	239		
GOBP_GLYCEROLIPID_CATABOLIC_PROCESS	65	63		
GOBP_GLYCEROLIPID_METABOLIC_PROCESS	401	370		
GOBP_GLYCEROL_3_PHOSPHATE_METABOLIC_PROCESS	9		Rejected!	
GOBP_GLYCEROL_ETHER_METABOLIC_PROCESS	21	19		
GOBP_GLYCEROL_TRANSMEMBRANE_TRANSPORT	9		Rejected!	
GOBP_GLYCEROPHOSPHOLIPID_BIOSYNTHETIC_PROCESS	212	199		
GOBP_GLYCEROPHOSPHOLIPID_CATABOLIC_PROCESS	34	32		
GOBP_GLYCEROPHOSPHOLIPID_METABOLIC_PROCESS	309	285		
GOBP_GLYCINE_BIOSYNTHETIC_PROCESS	5		Rejected!	
GOBP_GLYCINE_IMPORT_ACROSS_PLASMA_MEMBRANE	5		Rejected!	
GOBP_GLYCINE_METABOLIC_PROCESS	14		Rejected!	
GOBP_GLYCINE_TRANSPORT	15	15		
GOBP_GLYCOLIPID_BIOSYNTHETIC_PROCESS	78	75		
GOBP_GLYCOLIPID_CATABOLIC_PROCESS	26	22		
GOBP_GLYCOLIPID_TRANSPORT	8		Rejected!	
GOBP_GLYCOLYTIC_PROCESS_THROUGH_FRUCTOSE_6_PHOSPHATE	24	24		
GOBP_GLYCOLYTIC_PROCESS_THROUGH_GLUCOSE_6_PHOSPHATE	20	20		
GOBP_GLYCOPHAGY	12		Rejected!	
GOBP_GLYCOPROTEIN_BIOSYNTHETIC_PROCESS	327	296		
GOBP_GLYCOPROTEIN_CATABOLIC_PROCESS	35	33		
GOBP_GLYCOPROTEIN_METABOLIC_PROCESS	388	353		
GOBP_GLYCOSAMINOGLYCAN_CATABOLIC_PROCESS	28	27		
GOBP_GLYCOSIDE_CATABOLIC_PROCESS	9		Rejected!	
GOBP_GLYCOSIDE_METABOLIC_PROCESS	21	20		
GOBP_GLYCOSIDE_TRANSPORT	5		Rejected!	
GOBP_GLYCOSPHINGOLIPID_BIOSYNTHETIC_PROCESS	39	38		
GOBP_GLYCOSPHINGOLIPID_METABOLIC_PROCESS	69	64		
GOBP_GLYCOSYLATION	244	226		
GOBP_GLYCOSYLCERAMIDE_BIOSYNTHETIC_PROCESS	8		Rejected!	
GOBP_GLYCOSYLCERAMIDE_CATABOLIC_PROCESS	11		Rejected!	
GOBP_GLYCOSYLCERAMIDE_METABOLIC_PROCESS	21	17		
GOBP_GLYCOSYL_COMPOUND_BIOSYNTHETIC_PROCESS	25	21		
GOBP_GLYCOSYL_COMPOUND_CATABOLIC_PROCESS	36	34		
GOBP_GLYCOSYL_COMPOUND_METABOLIC_PROCESS	84	78		
GOBP_GLYOXYLATE_METABOLIC_PROCESS	8		Rejected!	
GOBP_GMP_BIOSYNTHETIC_PROCESS	14		Rejected!	
GOBP_GMP_METABOLIC_PROCESS	28	27		
GOBP_GMP_SALVAGE	5		Rejected!	
GOBP_GOLGI_DISASSEMBLY	6		Rejected!	
GOBP_GOLGI_LOCALIZATION	14		Rejected!	
GOBP_GOLGI_LUMEN_ACIDIFICATION	13		Rejected!	
GOBP_GOLGI_ORGANIZATION	157	139		
GOBP_GOLGI_RIBBON_FORMATION	11		Rejected!	
GOBP_GOLGI_TO_ENDOSOME_TRANSPORT	17	15		
GOBP_GOLGI_TO_LYSOSOME_TRANSPORT	12		Rejected!	
GOBP_GOLGI_TO_PLASMA_MEMBRANE_PROTEIN_TRANSPORT	42	41		
GOBP_GOLGI_TO_PLASMA_MEMBRANE_TRANSPORT	65	63		
GOBP_GOLGI_TO_VACUOLE_TRANSPORT	20	20		
GOBP_GOLGI_VESICLE_BUDDING	10		Rejected!	
GOBP_GOLGI_VESICLE_TRANSPORT	307	291		
GOBP_GONADAL_MESODERM_DEVELOPMENT	9		Rejected!	
GOBP_GONADOTROPIN_SECRETION	18	17		
GOBP_GPI_ANCHOR_METABOLIC_PROCESS	33	31		
GOBP_GRANULOCYTE_ACTIVATION	50	48		
GOBP_GRANULOCYTE_CHEMOTAXIS	127	121		
GOBP_GRANULOCYTE_COLONY_STIMULATING_FACTOR_PRODUCTION	5		Rejected!	
GOBP_GRANULOCYTE_COLONY_STIMULATING_FACTOR_SIGNALING_PATHWAY	5		Rejected!	
GOBP_GRANULOCYTE_DIFFERENTIATION	41	39		
GOBP_GRANULOCYTE_MACROPHAGE_COLONY_STIMULATING_FACTOR_PRODUCTION	18	17		
GOBP_GRANULOCYTE_MIGRATION	153	145		
GOBP_GRANZYME_MEDIATED_PROGRAMMED_CELL_DEATH_SIGNALING_PATHWAY	8		Rejected!	
GOBP_GROOMING_BEHAVIOR	19	19		
GOBP_GROWTH	922		Rejected!	
GOBP_GROWTH_HORMONE_RECEPTOR_SIGNALING_PATHWAY_VIA_JAK_STAT	10		Rejected!	
GOBP_GROWTH_HORMONE_SECRETION	14		Rejected!	
GOBP_GROWTH_INVOLVED_IN_HEART_MORPHOGENESIS	5		Rejected!	
GOBP_GROWTH_PLATE_CARTILAGE_CHONDROCYTE_DEVELOPMENT	5		Rejected!	
GOBP_GROWTH_PLATE_CARTILAGE_CHONDROCYTE_DIFFERENTIATION	9		Rejected!	
GOBP_GROWTH_PLATE_CARTILAGE_DEVELOPMENT	19	18		
GOBP_GTP_BIOSYNTHETIC_PROCESS	11		Rejected!	
GOBP_GTP_METABOLIC_PROCESS	24	23		
GOBP_GUANINE_METABOLIC_PROCESS	5		Rejected!	
GOBP_GUANINE_NUCLEOTIDE_TRANSPORT	11		Rejected!	
GOBP_G_PROTEIN_COUPLED_ACETYLCHOLINE_RECEPTOR_SIGNALING_PATHWAY	21	21		
GOBP_G_PROTEIN_COUPLED_GLUTAMATE_RECEPTOR_SIGNALING_PATHWAY	15		Rejected!	
GOBP_G_PROTEIN_COUPLED_OPIOID_RECEPTOR_SIGNALING_PATHWAY	12		Rejected!	
GOBP_G_PROTEIN_COUPLED_PURINERGIC_NUCLEOTIDE_RECEPTOR_SIGNALING_PATHWAY	13		Rejected!	
GOBP_G_PROTEIN_COUPLED_PURINERGIC_RECEPTOR_SIGNALING_PATHWAY	11		Rejected!	
GOBP_G_PROTEIN_COUPLED_RECEPTOR_INTERNALIZATION	14		Rejected!	
GOBP_G_PROTEIN_COUPLED_RECEPTOR_SIGNALING_PATHWAY	1321		Rejected!	
GOBP_G_PROTEIN_COUPLED_RECEPTOR_SIGNALING_PATHWAY_COUPLED_TO_CYCLIC_NUCLEOTIDE_SECOND_MESSENGER	56	56		
GOBP_G_PROTEIN_COUPLED_RECEPTOR_SIGNALING_PATHWAY_INVOLVED_IN_HEART_PROCESS	9		Rejected!	
GOBP_G_PROTEIN_COUPLED_SEROTONIN_RECEPTOR_SIGNALING_PATHWAY	23	23		
GOBP_G_QUADRUPLEX_DNA_UNWINDING	7		Rejected!	
GOBP_HAIR_CELL_DIFFERENTIATION	54	49		
GOBP_HAIR_CYCLE_PHASE	9		Rejected!	
GOBP_HAIR_FOLLICLE_MATURATION	15	15		
GOBP_HAIR_FOLLICLE_PLACODE_FORMATION	5		Rejected!	
GOBP_HARD_PALATE_DEVELOPMENT	8		Rejected!	
GOBP_HEAD_DEVELOPMENT	785		Rejected!	
GOBP_HEAD_MORPHOGENESIS	38	37		
GOBP_HEART_DEVELOPMENT	622		Rejected!	
GOBP_HEART_FIELD_SPECIFICATION	17	17		
GOBP_HEART_FORMATION	34	33		
GOBP_HEART_GROWTH	99	78		
GOBP_HEART_MORPHOGENESIS	271	254		
GOBP_HEART_PROCESS	263	249		
GOBP_HEART_TRABECULA_FORMATION	15	15		
GOBP_HEART_TRABECULA_MORPHOGENESIS	32	32		
GOBP_HEART_VALVE_DEVELOPMENT	74	72		
GOBP_HEART_VALVE_FORMATION	16	15		
GOBP_HEART_VALVE_MORPHOGENESIS	62	60		
GOBP_HEAT_ACCLIMATION	6		Rejected!	
GOBP_HEAT_GENERATION	18	18		
GOBP_HEMATOPOIETIC_OR_LYMPHOID_ORGAN_DEVELOPMENT	99	96		
GOBP_HEMATOPOIETIC_PROGENITOR_CELL_DIFFERENTIATION	134	129		
GOBP_HEMATOPOIETIC_STEM_CELL_DIFFERENTIATION	36	36		
GOBP_HEMATOPOIETIC_STEM_CELL_HOMEOSTASIS	24	21		
GOBP_HEMATOPOIETIC_STEM_CELL_MIGRATION	9		Rejected!	
GOBP_HEMATOPOIETIC_STEM_CELL_MIGRATION_TO_BONE_MARROW	5		Rejected!	
GOBP_HEMATOPOIETIC_STEM_CELL_PROLIFERATION	36	32		
GOBP_HEME_A_METABOLIC_PROCESS	10		Rejected!	
GOBP_HEME_B_METABOLIC_PROCESS	9		Rejected!	
GOBP_HEME_TRANSPORT	9		Rejected!	
GOBP_HEMIDESMOSOME_ASSEMBLY	6		Rejected!	
GOBP_HEMOGLOBIN_BIOSYNTHETIC_PROCESS	14		Rejected!	
GOBP_HEMOGLOBIN_METABOLIC_PROCESS	18	18		
GOBP_HEMOPOIESIS	966		Rejected!	
GOBP_HEMOSTASIS	235	231		
GOBP_HEPARAN_SULFATE_PROTEOGLYCAN_BIOSYNTHETIC_PROCESS	33	33		
GOBP_HEPARAN_SULFATE_PROTEOGLYCAN_BIOSYNTHETIC_PROCESS_ENZYMATIC_MODIFICATION	12		Rejected!	
GOBP_HEPARAN_SULFATE_PROTEOGLYCAN_BIOSYNTHETIC_PROCESS_POLYSACCHARIDE_CHAIN_BIOSYNTHETIC_PROCESS	8		Rejected!	
GOBP_HEPARAN_SULFATE_PROTEOGLYCAN_CATABOLIC_PROCESS	9		Rejected!	
GOBP_HEPARAN_SULFATE_PROTEOGLYCAN_METABOLIC_PROCESS	16	16		
GOBP_HEPARIN_BIOSYNTHETIC_PROCESS	11		Rejected!	
GOBP_HEPARIN_METABOLIC_PROCESS	17	17		
GOBP_HEPATICOBILIARY_SYSTEM_DEVELOPMENT	147	145		
GOBP_HEPATIC_STELLATE_CELL_ACTIVATION	9		Rejected!	
GOBP_HEPATOCYTE_APOPTOTIC_PROCESS	20	19		
GOBP_HEPATOCYTE_DIFFERENTIATION	14		Rejected!	
GOBP_HEPATOCYTE_GROWTH_FACTOR_RECEPTOR_SIGNALING_PATHWAY	12		Rejected!	
GOBP_HEPOXILIN_METABOLIC_PROCESS	8		Rejected!	
GOBP_HETEROCHROMATIN_FORMATION	143	101		
GOBP_HETEROCHROMATIN_ORGANIZATION	13		Rejected!	
GOBP_HETEROPHILIC_CELL_CELL_ADHESION_VIA_PLASMA_MEMBRANE_CELL_ADHESION_MOLECULES	52	51		
GOBP_HETEROTYPIC_CELL_CELL_ADHESION	63	62		
GOBP_HEXOSE_PHOSPHATE_TRANSPORT	7		Rejected!	
GOBP_HIGH_DENSITY_LIPOPROTEIN_PARTICLE_ASSEMBLY	13		Rejected!	
GOBP_HIGH_DENSITY_LIPOPROTEIN_PARTICLE_CLEARANCE	18		Rejected!	
GOBP_HIGH_DENSITY_LIPOPROTEIN_PARTICLE_REMODELING	17	17		
GOBP_HINDBRAIN_DEVELOPMENT	159	153		
GOBP_HINDBRAIN_MATURATION	5		Rejected!	
GOBP_HINDBRAIN_MORPHOGENESIS	48	45		
GOBP_HINDBRAIN_RADIAL_GLIA_GUIDED_CELL_MIGRATION	9		Rejected!	
GOBP_HINDBRAIN_TANGENTIAL_CELL_MIGRATION	5		Rejected!	
GOBP_HINDGUT_DEVELOPMENT	8		Rejected!	
GOBP_HINDLIMB_MORPHOGENESIS	36	35		
GOBP_HIPPOCAMPAL_NEURON_APOPTOTIC_PROCESS	7		Rejected!	
GOBP_HIPPOCAMPUS_DEVELOPMENT	95	95		
GOBP_HIPPO_SIGNALING	55	54		
GOBP_HISTAMINE_METABOLIC_PROCESS	6		Rejected!	
GOBP_HISTAMINE_SECRETION	14		Rejected!	
GOBP_HISTAMINE_TRANSPORT	17	16		
GOBP_HISTIDINE_METABOLIC_PROCESS	9		Rejected!	
GOBP_HISTONE_MRNA_CATABOLIC_PROCESS	15		Rejected!	
GOBP_HISTONE_MRNA_METABOLIC_PROCESS	24	20		
GOBP_HIS_PURKINJE_SYSTEM_DEVELOPMENT	7		Rejected!	
GOBP_HOMEOSTASIS_OF_NUMBER_OF_CELLS	326	309		
GOBP_HOMEOSTASIS_OF_NUMBER_OF_CELLS_WITHIN_A_TISSUE	36	36		
GOBP_HOMEOSTATIC_PROCESS	1744		Rejected!	
GOBP_HOMOCYSTEINE_METABOLIC_PROCESS	14		Rejected!	
GOBP_HOMOLOGOUS_CHROMOSOME_PAIRING_AT_MEIOSIS	53	43		
GOBP_HOMOLOGOUS_CHROMOSOME_SEGREGATION	67	56		
GOBP_HOMOLOGOUS_RECOMBINATION	68	56		
GOBP_HOMOPHILIC_CELL_ADHESION_VIA_PLASMA_MEMBRANE_ADHESION_MOLECULES	170	165		
GOBP_HOMOSERINE_METABOLIC_PROCESS	5		Rejected!	
GOBP_HOMOTYPIC_CELL_CELL_ADHESION	100	98		
GOBP_HORMONE_BIOSYNTHETIC_PROCESS	66	66		
GOBP_HORMONE_CATABOLIC_PROCESS	12		Rejected!	
GOBP_HORMONE_MEDIATED_APOPTOTIC_SIGNALING_PATHWAY	5		Rejected!	
GOBP_HORMONE_MEDIATED_SIGNALING_PATHWAY	196	191		
GOBP_HORMONE_METABOLIC_PROCESS	241	238		
GOBP_HORMONE_TRANSPORT	326	309		
GOBP_HOST_MEDIATED_REGULATION_OF_INTESTINAL_MICROBIOTA_COMPOSITION	9		Rejected!	
GOBP_HRI_MEDIATED_SIGNALING	6		Rejected!	
GOBP_HUMORAL_IMMUNE_RESPONSE	287	257		
GOBP_HUMORAL_IMMUNE_RESPONSE_MEDIATED_BY_CIRCULATING_IMMUNOGLOBULIN	56	45		
GOBP_HYALOID_VASCULAR_PLEXUS_REGRESSION	7		Rejected!	
GOBP_HYALURONAN_BIOSYNTHETIC_PROCESS	14		Rejected!	
GOBP_HYALURONAN_CATABOLIC_PROCESS	16	15		
GOBP_HYALURONAN_METABOLIC_PROCESS	34	33		
GOBP_HYDROCARBON_METABOLIC_PROCESS	7		Rejected!	
GOBP_HYDROGEN_PEROXIDE_BIOSYNTHETIC_PROCESS	16	16		
GOBP_HYDROGEN_PEROXIDE_CATABOLIC_PROCESS	31	30		
GOBP_HYDROGEN_PEROXIDE_METABOLIC_PROCESS	55	54		
GOBP_HYDROGEN_SULFIDE_METABOLIC_PROCESS	7		Rejected!	
GOBP_HYPEROSMOTIC_RESPONSE	27	27		
GOBP_HYPEROSMOTIC_SALINITY_RESPONSE	10		Rejected!	
GOBP_HYPERSENSITIVITY	18	15		
GOBP_HYPOTHALAMUS_CELL_DIFFERENTIATION	13		Rejected!	
GOBP_HYPOTHALAMUS_CELL_MIGRATION	7		Rejected!	
GOBP_HYPOTHALAMUS_DEVELOPMENT	29	29		
GOBP_HYPOTHALAMUS_GONADOTROPHIN_RELEASING_HORMONE_NEURON_DIFFERENTIATION	8		Rejected!	
GOBP_HYPOTONIC_RESPONSE	13		Rejected!	
GOBP_HYPOXIA_INDUCIBLE_FACTOR_1ALPHA_SIGNALING_PATHWAY	6		Rejected!	
GOBP_ICOSANOID_BIOSYNTHETIC_PROCESS	60	53		
GOBP_ICOSANOID_CATABOLIC_PROCESS	9		Rejected!	
GOBP_ICOSANOID_METABOLIC_PROCESS	125	115		
GOBP_ICOSANOID_SECRETION	47	45		
GOBP_ICOSANOID_TRANSPORT	64	60		
GOBP_IMMATURE_B_CELL_DIFFERENTIATION	12		Rejected!	
GOBP_IMMATURE_T_CELL_PROLIFERATION	13		Rejected!	
GOBP_IMMUNE_COMPLEX_CLEARANCE	5		Rejected!	
GOBP_IMMUNE_EFFECTOR_PROCESS	718		Rejected!	
GOBP_IMMUNE_RESPONSE_INHIBITING_CELL_SURFACE_RECEPTOR_SIGNALING_PATHWAY	9		Rejected!	
GOBP_IMMUNE_RESPONSE_INHIBITING_SIGNAL_TRANSDUCTION	11		Rejected!	
GOBP_IMMUNE_RESPONSE_REGULATING_CELL_SURFACE_RECEPTOR_SIGNALING_PATHWAY	368	324		
GOBP_IMMUNE_RESPONSE_REGULATING_CELL_SURFACE_RECEPTOR_SIGNALING_PATHWAY_INVOLVED_IN_PHAGOCYTOSIS	22	22		
GOBP_IMMUNE_RESPONSE_REGULATING_SIGNALING_PATHWAY	577		Rejected!	
GOBP_IMMUNE_RESPONSE_TO_TUMOR_CELL	29	28		
GOBP_IMMUNE_SYSTEM_DEVELOPMENT	200	187		
GOBP_IMMUNOGLOBULIN_PRODUCTION	195	101		
GOBP_IMMUNOGLOBULIN_PRODUCTION_INVOLVED_IN_IMMUNOGLOBULIN_MEDIATED_IMMUNE_RESPONSE	59	54		
GOBP_IMMUNOGLOBULIN_V_D_J_RECOMBINATION	8		Rejected!	
GOBP_IMMUNOLOGICAL_MEMORY_FORMATION_PROCESS	14		Rejected!	
GOBP_IMMUNOLOGICAL_MEMORY_PROCESS	20	19		
GOBP_IMMUNOLOGICAL_SYNAPSE_FORMATION	17	17		
GOBP_IMPORT_ACROSS_PLASMA_MEMBRANE	205	189		
GOBP_IMPORT_INTO_CELL	926		Rejected!	
GOBP_IMPORT_INTO_NUCLEUS	168	161		
GOBP_IMPORT_INTO_THE_MITOCHONDRION	50	47		
GOBP_IMP_BIOSYNTHETIC_PROCESS	11		Rejected!	
GOBP_IMP_CATABOLIC_PROCESS	5		Rejected!	
GOBP_IMP_METABOLIC_PROCESS	18	16		
GOBP_IMP_SALVAGE	5		Rejected!	
GOBP_INCLUSION_BODY_ASSEMBLY	24	23		
GOBP_INDOLALKYLAMINE_METABOLIC_PROCESS	13		Rejected!	
GOBP_INDOLE_CONTAINING_COMPOUND_BIOSYNTHETIC_PROCESS	6		Rejected!	
GOBP_INDOLE_CONTAINING_COMPOUND_CATABOLIC_PROCESS	9		Rejected!	
GOBP_INDOLE_CONTAINING_COMPOUND_METABOLIC_PROCESS	24	24		
GOBP_INDUCTION_OF_BACTERIAL_AGGLUTINATION	6		Rejected!	
GOBP_INDUCTION_OF_POSITIVE_CHEMOTAXIS	14		Rejected!	
GOBP_INFLAMMASOME_MEDIATED_SIGNALING_PATHWAY	46	41		
GOBP_INFLAMMATORY_CELL_APOPTOTIC_PROCESS	23	21		
GOBP_INFLAMMATORY_RESPONSE	903		Rejected!	
GOBP_INFLAMMATORY_RESPONSE_TO_ANTIGENIC_STIMULUS	83	72		
GOBP_INFLAMMATORY_RESPONSE_TO_WOUNDING	28	26		
GOBP_INHIBITION_OF_NEUROEPITHELIAL_CELL_DIFFERENTIATION	6		Rejected!	
GOBP_INHIBITORY_POSTSYNAPTIC_POTENTIAL	17		Rejected!	
GOBP_INHIBITORY_SYNAPSE_ASSEMBLY	27	26		
GOBP_INNATE_IMMUNE_RESPONSE	987		Rejected!	
GOBP_INNATE_IMMUNE_RESPONSE_ACTIVATING_CELL_SURFACE_RECEPTOR_SIGNALING_PATHWAY	102	93		
GOBP_INNATE_IMMUNE_RESPONSE_IN_MUCOSA	27	18		
GOBP_INNERVATION	27	25		
GOBP_INNER_CELL_MASS_CELL_DIFFERENTIATION	8		Rejected!	
GOBP_INNER_CELL_MASS_CELL_PROLIFERATION	14		Rejected!	
GOBP_INNER_DYNEIN_ARM_ASSEMBLY	17		Rejected!	
GOBP_INNER_EAR_MORPHOGENESIS	106	103		
GOBP_INNER_EAR_RECEPTOR_CELL_DEVELOPMENT	47	42		
GOBP_INNER_EAR_RECEPTOR_CELL_FATE_COMMITMENT	5		Rejected!	
GOBP_INNER_EAR_RECEPTOR_CELL_STEREOCILIUM_ORGANIZATION	35	30		
GOBP_INNER_MITOCHONDRIAL_MEMBRANE_ORGANIZATION	45	38		
GOBP_INORGANIC_ANION_TRANSMEMBRANE_TRANSPORT	131	126		
GOBP_INORGANIC_ANION_TRANSPORT	172	166		
GOBP_INORGANIC_ION_HOMEOSTASIS	537		Rejected!	
GOBP_INORGANIC_ION_IMPORT_ACROSS_PLASMA_MEMBRANE	126	114		
GOBP_INOSINE_METABOLIC_PROCESS	5		Rejected!	
GOBP_INOSITOL_METABOLIC_PROCESS	9		Rejected!	
GOBP_INOSITOL_PHOSPHATE_BIOSYNTHETIC_PROCESS	26	26		
GOBP_INOSITOL_PHOSPHATE_METABOLIC_PROCESS	42	40		
GOBP_INOSITOL_TRISPHOSPHATE_BIOSYNTHETIC_PROCESS	6		Rejected!	
GOBP_INOSITOL_TRISPHOSPHATE_METABOLIC_PROCESS	10		Rejected!	
GOBP_INSEMINATION	13		Rejected!	
GOBP_INSULIN_LIKE_GROWTH_FACTOR_RECEPTOR_SIGNALING_PATHWAY	53	50		
GOBP_INSULIN_METABOLIC_PROCESS	16	15		
GOBP_INSULIN_PROCESSING	8		Rejected!	
GOBP_INSULIN_RECEPTOR_SIGNALING_PATHWAY	131	123		
GOBP_INSULIN_SECRETION	201	188		
GOBP_INSULIN_SECRETION_INVOLVED_IN_CELLULAR_RESPONSE_TO_GLUCOSE_STIMULUS	66	59		
GOBP_INTEGRATED_STRESS_RESPONSE_SIGNALING	48	45		
GOBP_INTEGRIN_ACTIVATION	26	26		
GOBP_INTEGRIN_BIOSYNTHETIC_PROCESS	6		Rejected!	
GOBP_INTEGRIN_MEDIATED_SIGNALING_PATHWAY	113	107		
GOBP_INTERCELLULAR_TRANSPORT	10		Rejected!	
GOBP_INTERFERON_ALPHA_PRODUCTION	30	28		
GOBP_INTERFERON_BETA_PRODUCTION	59	56		
GOBP_INTERFERON_MEDIATED_SIGNALING_PATHWAY	108	103		
GOBP_INTERKINETIC_NUCLEAR_MIGRATION	5		Rejected!	
GOBP_INTERLEUKIN_10_MEDIATED_SIGNALING_PATHWAY	12		Rejected!	
GOBP_INTERLEUKIN_10_PRODUCTION	65	56		
GOBP_INTERLEUKIN_11_MEDIATED_SIGNALING_PATHWAY	6		Rejected!	
GOBP_INTERLEUKIN_12_MEDIATED_SIGNALING_PATHWAY	9		Rejected!	
GOBP_INTERLEUKIN_12_PRODUCTION	64	63		
GOBP_INTERLEUKIN_13_PRODUCTION	21	21		
GOBP_INTERLEUKIN_17A_MEDIATED_SIGNALING_PATHWAY	6		Rejected!	
GOBP_INTERLEUKIN_17_MEDIATED_SIGNALING_PATHWAY	12		Rejected!	
GOBP_INTERLEUKIN_17_PRODUCTION	49	39		
GOBP_INTERLEUKIN_18_MEDIATED_SIGNALING_PATHWAY	10		Rejected!	
GOBP_INTERLEUKIN_18_PRODUCTION	14		Rejected!	
GOBP_INTERLEUKIN_1_ALPHA_PRODUCTION	11		Rejected!	
GOBP_INTERLEUKIN_1_MEDIATED_SIGNALING_PATHWAY	33	30		
GOBP_INTERLEUKIN_1_PRODUCTION	130	106		
GOBP_INTERLEUKIN_21_PRODUCTION	7		Rejected!	
GOBP_INTERLEUKIN_23_PRODUCTION	10		Rejected!	
GOBP_INTERLEUKIN_27_MEDIATED_SIGNALING_PATHWAY	7		Rejected!	
GOBP_INTERLEUKIN_2_MEDIATED_SIGNALING_PATHWAY	9		Rejected!	
GOBP_INTERLEUKIN_2_PRODUCTION	65	63		
GOBP_INTERLEUKIN_33_MEDIATED_SIGNALING_PATHWAY	8		Rejected!	
GOBP_INTERLEUKIN_3_MEDIATED_SIGNALING_PATHWAY	7		Rejected!	
GOBP_INTERLEUKIN_4_MEDIATED_SIGNALING_PATHWAY	10		Rejected!	
GOBP_INTERLEUKIN_4_PRODUCTION	35	33		
GOBP_INTERLEUKIN_5_MEDIATED_SIGNALING_PATHWAY	6		Rejected!	
GOBP_INTERLEUKIN_5_PRODUCTION	21	20		
GOBP_INTERLEUKIN_6_MEDIATED_SIGNALING_PATHWAY	26	18		
GOBP_INTERLEUKIN_6_PRODUCTION	176	144		
GOBP_INTERLEUKIN_8_PRODUCTION	103	80		
GOBP_INTERMEDIATE_FILAMENT_BASED_PROCESS	95	89		
GOBP_INTERMEDIATE_FILAMENT_BUNDLE_ASSEMBLY	8		Rejected!	
GOBP_INTERMEDIATE_FILAMENT_ORGANIZATION	73	68		
GOBP_INTERMEMBRANE_LIPID_TRANSFER	34	29		
GOBP_INTERNAL_PEPTIDYL_LYSINE_ACETYLATION	8		Rejected!	
GOBP_INTERNAL_PROTEIN_AMINO_ACID_ACETYLATION	11		Rejected!	
GOBP_INTERNEURON_MIGRATION	14		Rejected!	
GOBP_INTERNEURON_MIGRATION_FROM_THE_SUBPALLIUM_TO_THE_CORTEX	7		Rejected!	
GOBP_INTERSTRAND_CROSS_LINK_REPAIR	42	38		
GOBP_INTESTINAL_ABSORPTION	41	41		
GOBP_INTESTINAL_CHOLESTEROL_ABSORPTION	18	18		
GOBP_INTESTINAL_EPITHELIAL_CELL_DEVELOPMENT	18	17		
GOBP_INTESTINAL_EPITHELIAL_CELL_DIFFERENTIATION	28	27		
GOBP_INTESTINAL_EPITHELIAL_CELL_MATURATION	6		Rejected!	
GOBP_INTESTINAL_EPITHELIAL_STRUCTURE_MAINTENANCE	8		Rejected!	
GOBP_INTESTINAL_HEXOSE_ABSORPTION	5		Rejected!	
GOBP_INTESTINAL_LIPID_ABSORPTION	22	22		
GOBP_INTESTINAL_STEM_CELL_HOMEOSTASIS	6		Rejected!	
GOBP_INTESTINE_SMOOTH_MUSCLE_CONTRACTION	8		Rejected!	
GOBP_INTRACELLULAR_AMINO_ACID_HOMEOSTASIS	9		Rejected!	
GOBP_INTRACELLULAR_CORTICOSTEROID_RECEPTOR_SIGNALING_PATHWAY	14		Rejected!	
GOBP_INTRACELLULAR_DISTRIBUTION_OF_MITOCHONDRIA	7		Rejected!	
GOBP_INTRACELLULAR_ESTROGEN_RECEPTOR_SIGNALING_PATHWAY	53	51		
GOBP_INTRACELLULAR_GLUCOSE_HOMEOSTASIS	167	144		
GOBP_INTRACELLULAR_GLUTAMATE_HOMEOSTASIS	6		Rejected!	
GOBP_INTRACELLULAR_IRON_ION_HOMEOSTASIS	73	66		
GOBP_INTRACELLULAR_LIPID_TRANSPORT	51	44		
GOBP_INTRACELLULAR_MAGNESIUM_ION_HOMEOSTASIS	5		Rejected!	
GOBP_INTRACELLULAR_MONOATOMIC_ANION_HOMEOSTASIS	10		Rejected!	
GOBP_INTRACELLULAR_MRNA_LOCALIZATION	15	15		
GOBP_INTRACELLULAR_OXYGEN_HOMEOSTASIS	8		Rejected!	
GOBP_INTRACELLULAR_PHOSPHATE_ION_HOMEOSTASIS	10		Rejected!	
GOBP_INTRACELLULAR_PH_ELEVATION	7		Rejected!	
GOBP_INTRACELLULAR_PH_REDUCTION	57	57		
GOBP_INTRACELLULAR_POTASSIUM_ION_HOMEOSTASIS	15	15		
GOBP_INTRACELLULAR_PROTEIN_TRANSMEMBRANE_TRANSPORT	31	31		
GOBP_INTRACELLULAR_PROTEIN_TRANSPORT	674		Rejected!	
GOBP_INTRACELLULAR_RECEPTOR_SIGNALING_PATHWAY	379	359		
GOBP_INTRACELLULAR_SIGNALING_CASSETTE	1952		Rejected!	
GOBP_INTRACELLULAR_SODIUM_ION_HOMEOSTASIS	22	21		
GOBP_INTRACELLULAR_SPHINGOLIPID_HOMEOSTASIS	5		Rejected!	
GOBP_INTRACELLULAR_STEROL_TRANSPORT	37	31		
GOBP_INTRACELLULAR_TRANSPORT	1368		Rejected!	
GOBP_INTRACELLULAR_TRANSPORT_OF_VIRUS	11		Rejected!	
GOBP_INTRACELLULAR_TRIGLYCERIDE_HOMEOSTASIS	10		Rejected!	
GOBP_INTRACELLULAR_WATER_HOMEOSTASIS	6		Rejected!	
GOBP_INTRACELLULAR_ZINC_ION_HOMEOSTASIS	36	34		
GOBP_INTRACILIARY_ANTEROGRADE_TRANSPORT	19	15		
GOBP_INTRACILIARY_RETROGRADE_TRANSPORT	14		Rejected!	
GOBP_INTRACILIARY_TRANSPORT	49	41		
GOBP_INTRACILIARY_TRANSPORT_INVOLVED_IN_CILIUM_ASSEMBLY	7		Rejected!	
GOBP_INTRA_GOLGI_VESICLE_MEDIATED_TRANSPORT	34	32		
GOBP_INTRINSIC_APOPTOTIC_SIGNALING_PATHWAY	319	290		
GOBP_INTRINSIC_APOPTOTIC_SIGNALING_PATHWAY_BY_P53_CLASS_MEDIATOR	83	78		
GOBP_INTRINSIC_APOPTOTIC_SIGNALING_PATHWAY_IN_RESPONSE_TO_DNA_DAMAGE	102	98		
GOBP_INTRINSIC_APOPTOTIC_SIGNALING_PATHWAY_IN_RESPONSE_TO_DNA_DAMAGE_BY_P53_CLASS_MEDIATOR	44	42		
GOBP_INTRINSIC_APOPTOTIC_SIGNALING_PATHWAY_IN_RESPONSE_TO_ENDOPLASMIC_RETICULUM_STRESS	65	59		
GOBP_INTRINSIC_APOPTOTIC_SIGNALING_PATHWAY_IN_RESPONSE_TO_HYDROGEN_PEROXIDE	9		Rejected!	
GOBP_INTRINSIC_APOPTOTIC_SIGNALING_PATHWAY_IN_RESPONSE_TO_HYPOXIA	9		Rejected!	
GOBP_INTRINSIC_APOPTOTIC_SIGNALING_PATHWAY_IN_RESPONSE_TO_OSMOTIC_STRESS	10		Rejected!	
GOBP_INTRINSIC_APOPTOTIC_SIGNALING_PATHWAY_IN_RESPONSE_TO_OXIDATIVE_STRESS	64	57		
GOBP_IN_UTERO_EMBRYONIC_DEVELOPMENT	402	387		
GOBP_IODIDE_TRANSPORT	9		Rejected!	
GOBP_IONOTROPIC_GLUTAMATE_RECEPTOR_SIGNALING_PATHWAY	23	23		
GOBP_ION_CHANNEL_MODULATING_G_PROTEIN_COUPLED_RECEPTOR_SIGNALING_PATHWAY	8		Rejected!	
GOBP_IP_10_PRODUCTION	5		Rejected!	
GOBP_IRE1_MEDIATED_UNFOLDED_PROTEIN_RESPONSE	20	19		
GOBP_IRES_DEPENDENT_VIRAL_TRANSLATIONAL_INITIATION	11		Rejected!	
GOBP_IRIS_MORPHOGENESIS	9		Rejected!	
GOBP_IRON_COORDINATION_ENTITY_TRANSPORT	12		Rejected!	
GOBP_IRON_IMPORT_INTO_CELL	10		Rejected!	
GOBP_IRON_ION_IMPORT_ACROSS_PLASMA_MEMBRANE	5		Rejected!	
GOBP_IRON_ION_TRANSMEMBRANE_TRANSPORT	22	21		
GOBP_IRON_ION_TRANSPORT	58	55		
GOBP_ISG15_PROTEIN_CONJUGATION	6		Rejected!	
GOBP_ISOCITRATE_METABOLIC_PROCESS	6		Rejected!	
GOBP_ISOLEUCINE_METABOLIC_PROCESS	7		Rejected!	
GOBP_ISOLEUCINE_TRANSPORT	5		Rejected!	
GOBP_ISOPENTENYL_DIPHOSPHATE_BIOSYNTHETIC_PROCESS	5		Rejected!	
GOBP_ISOPRENOID_BIOSYNTHETIC_PROCESS	29	27		
GOBP_ISOPRENOID_CATABOLIC_PROCESS	10		Rejected!	
GOBP_ISOPRENOID_METABOLIC_PROCESS	137	133		
GOBP_ISOPRENOID_TRANSPORT	5		Rejected!	
GOBP_ISOTYPE_SWITCHING_TO_IGA_ISOTYPES	7		Rejected!	
GOBP_ISOTYPE_SWITCHING_TO_IGG_ISOTYPES	16	16		
GOBP_I_KAPPAB_PHOSPHORYLATION	16	15		
GOBP_JNK_CASCADE	173	168		
GOBP_KERATAN_SULFATE_METABOLIC_PROCESS	18	18		
GOBP_KERATINIZATION	83	78		
GOBP_KERATINOCYTE_APOPTOTIC_PROCESS	8		Rejected!	
GOBP_KERATINOCYTE_DEVELOPMENT	13		Rejected!	
GOBP_KERATINOCYTE_DIFFERENTIATION	177	167		
GOBP_KERATINOCYTE_MIGRATION	20	19		
GOBP_KERATINOCYTE_PROLIFERATION	61	56		
GOBP_KETONE_BIOSYNTHETIC_PROCESS	47	46		
GOBP_KETONE_BODY_BIOSYNTHETIC_PROCESS	6		Rejected!	
GOBP_KETONE_BODY_METABOLIC_PROCESS	10		Rejected!	
GOBP_KETONE_CATABOLIC_PROCESS	15		Rejected!	
GOBP_KIDNEY_EPITHELIUM_DEVELOPMENT	153	150		
GOBP_KIDNEY_MESENCHYME_DEVELOPMENT	17	17		
GOBP_KIDNEY_MORPHOGENESIS	100	97		
GOBP_KILLING_BY_HOST_OF_SYMBIONT_CELLS	29	27		
GOBP_KINETOCHORE_ASSEMBLY	17	16		
GOBP_KINETOCHORE_ORGANIZATION	21	20		
GOBP_KYNURENINE_METABOLIC_PROCESS	11		Rejected!	
GOBP_LABYRINTHINE_LAYER_BLOOD_VESSEL_DEVELOPMENT	20	19		
GOBP_LABYRINTHINE_LAYER_DEVELOPMENT	47	45		
GOBP_LABYRINTHINE_LAYER_MORPHOGENESIS	22	20		
GOBP_LACRIMAL_GLAND_DEVELOPMENT	7		Rejected!	
GOBP_LACTATE_METABOLIC_PROCESS	18	16		
GOBP_LACTATE_TRANSMEMBRANE_TRANSPORT	8		Rejected!	
GOBP_LACTATION	43	41		
GOBP_LACTONE_METABOLIC_PROCESS	14		Rejected!	
GOBP_LAMELLIPODIUM_ASSEMBLY	72	70		
GOBP_LAMELLIPODIUM_MORPHOGENESIS	18	18		
GOBP_LAMELLIPODIUM_ORGANIZATION	91	88		
GOBP_LATERAL_MESODERM_DEVELOPMENT	18	17		
GOBP_LATERAL_MESODERM_MORPHOGENESIS	5		Rejected!	
GOBP_LATERAL_SPROUTING_FROM_AN_EPITHELIUM	11		Rejected!	
GOBP_LATERAL_VENTRICLE_DEVELOPMENT	12		Rejected!	
GOBP_LATE_ENDOSOME_TO_GOLGI_TRANSPORT	5		Rejected!	
GOBP_LATE_ENDOSOME_TO_LYSOSOME_TRANSPORT	22	21		
GOBP_LATE_ENDOSOME_TO_VACUOLE_TRANSPORT	37	35		
GOBP_LATE_ENDOSOME_TO_VACUOLE_TRANSPORT_VIA_MULTIVESICULAR_BODY_SORTING_PATHWAY	27	26		
GOBP_LAYER_FORMATION_IN_CEREBRAL_CORTEX	14		Rejected!	
GOBP_LEARNED_VOCALIZATION_BEHAVIOR_OR_VOCAL_LEARNING	10		Rejected!	
GOBP_LEARNING	154	149		
GOBP_LEFT_RIGHT_AXIS_SPECIFICATION	14		Rejected!	
GOBP_LENS_DEVELOPMENT_IN_CAMERA_TYPE_EYE	90	87		
GOBP_LENS_FIBER_CELL_DEVELOPMENT	14		Rejected!	
GOBP_LENS_FIBER_CELL_DIFFERENTIATION	36	34		
GOBP_LENS_FIBER_CELL_MORPHOGENESIS	6		Rejected!	
GOBP_LENS_MORPHOGENESIS_IN_CAMERA_TYPE_EYE	22	22		
GOBP_LEPTIN_MEDIATED_SIGNALING_PATHWAY	10		Rejected!	
GOBP_LEUKOCYTE_ACTIVATION_INVOLVED_IN_INFLAMMATORY_RESPONSE	52	48		
GOBP_LEUKOCYTE_ADHESION_TO_ARTERIAL_ENDOTHELIAL_CELL	6		Rejected!	
GOBP_LEUKOCYTE_ADHESION_TO_VASCULAR_ENDOTHELIAL_CELL	58	48		
GOBP_LEUKOCYTE_AGGREGATION	13		Rejected!	
GOBP_LEUKOCYTE_APOPTOTIC_PROCESS	118	112		
GOBP_LEUKOCYTE_CELL_CELL_ADHESION	425	395		
GOBP_LEUKOCYTE_CHEMOTAXIS	237	224		
GOBP_LEUKOCYTE_CHEMOTAXIS_INVOLVED_IN_INFLAMMATORY_RESPONSE	8		Rejected!	
GOBP_LEUKOCYTE_DEGRANULATION	81	76		
GOBP_LEUKOCYTE_DIFFERENTIATION	629		Rejected!	
GOBP_LEUKOCYTE_HOMEOSTASIS	109	104		
GOBP_LEUKOCYTE_MEDIATED_CYTOTOXICITY	148	140		
GOBP_LEUKOCYTE_MEDIATED_IMMUNITY	469	385		
GOBP_LEUKOCYTE_MIGRATION	399	376		
GOBP_LEUKOCYTE_MIGRATION_INVOLVED_IN_INFLAMMATORY_RESPONSE	19	19		
GOBP_LEUKOCYTE_PROLIFERATION	355	340		
GOBP_LEUKOCYTE_TETHERING_OR_ROLLING	34	34		
GOBP_LEUKOTRIENE_B4_METABOLIC_PROCESS	5		Rejected!	
GOBP_LEUKOTRIENE_BIOSYNTHETIC_PROCESS	21	18		
GOBP_LEUKOTRIENE_CATABOLIC_PROCESS	6		Rejected!	
GOBP_LEUKOTRIENE_D4_BIOSYNTHETIC_PROCESS	10		Rejected!	
GOBP_LEUKOTRIENE_D4_METABOLIC_PROCESS	12		Rejected!	
GOBP_LEUKOTRIENE_METABOLIC_PROCESS	34	30		
GOBP_LEUKOTRIENE_SIGNALING_PATHWAY	5		Rejected!	
GOBP_LEUKOTRIENE_TRANSPORT	7		Rejected!	
GOBP_LEYDIG_CELL_DIFFERENTIATION	11		Rejected!	
GOBP_LIGAND_GATED_ION_CHANNEL_SIGNALING_PATHWAY	32	31		
GOBP_LIMBIC_SYSTEM_DEVELOPMENT	126	125		
GOBP_LIMB_BUD_FORMATION	9		Rejected!	
GOBP_LIMB_JOINT_MORPHOGENESIS	7		Rejected!	
GOBP_LINOLEIC_ACID_METABOLIC_PROCESS	20	20		
GOBP_LIPID_BIOSYNTHETIC_PROCESS	747		Rejected!	
GOBP_LIPID_CATABOLIC_PROCESS	350	327		
GOBP_LIPID_DIGESTION	22	22		
GOBP_LIPID_DROPLET_DISASSEMBLY	6		Rejected!	
GOBP_LIPID_DROPLET_FORMATION	14		Rejected!	
GOBP_LIPID_DROPLET_FUSION	5		Rejected!	
GOBP_LIPID_DROPLET_ORGANIZATION	36	31		
GOBP_LIPID_EXPORT_FROM_CELL	50	47		
GOBP_LIPID_GLYCOSYLATION	12		Rejected!	
GOBP_LIPID_HOMEOSTASIS	180	154		
GOBP_LIPID_HYDROXYLATION	7		Rejected!	
GOBP_LIPID_IMPORT_INTO_CELL	21	20		
GOBP_LIPID_LOCALIZATION	504	458		
GOBP_LIPID_METABOLIC_PROCESS	1408		Rejected!	
GOBP_LIPID_MODIFICATION	195	186		
GOBP_LIPID_OXIDATION	113	110		
GOBP_LIPID_PHOSPHORYLATION	11		Rejected!	
GOBP_LIPID_STORAGE	94	86		
GOBP_LIPID_TRANSPORT_ACROSS_BLOOD_BRAIN_BARRIER	6		Rejected!	
GOBP_LIPOPHAGY	7		Rejected!	
GOBP_LIPOPOLYSACCHARIDE_MEDIATED_SIGNALING_PATHWAY	56	54		
GOBP_LIPOPROTEIN_BIOSYNTHETIC_PROCESS	102	93		
GOBP_LIPOPROTEIN_CATABOLIC_PROCESS	15	15		
GOBP_LIPOPROTEIN_LOCALIZATION	25	20		
GOBP_LIPOPROTEIN_METABOLIC_PROCESS	140	131		
GOBP_LIPOSACCHARIDE_METABOLIC_PROCESS	113	106		
GOBP_LIPOXIN_METABOLIC_PROCESS	5		Rejected!	
GOBP_LIPOXYGENASE_PATHWAY	11		Rejected!	
GOBP_LIVER_MORPHOGENESIS	25	25		
GOBP_LIVER_REGENERATION	31	31		
GOBP_LNCRNA_MEDIATED_POST_TRANSCRIPTIONAL_GENE_SILENCING	9		Rejected!	
GOBP_LOBAR_BRONCHUS_DEVELOPMENT	6		Rejected!	
GOBP_LOBAR_BRONCHUS_EPITHELIUM_DEVELOPMENT	5		Rejected!	
GOBP_LOCALIZATION_OF_CELL	6		Rejected!	
GOBP_LOCALIZATION_WITHIN_MEMBRANE	698		Rejected!	
GOBP_LOCOMOTION	1355		Rejected!	
GOBP_LOCOMOTION_INVOLVED_IN_LOCOMOTORY_BEHAVIOR	12		Rejected!	
GOBP_LOCOMOTORY_BEHAVIOR	204	197		
GOBP_LOCOMOTORY_EXPLORATION_BEHAVIOR	16		Rejected!	
GOBP_LOCOMOTOR_RHYTHM	16	16		
GOBP_LONG_CHAIN_FATTY_ACID_BIOSYNTHETIC_PROCESS	27	27		
GOBP_LONG_CHAIN_FATTY_ACID_CATABOLIC_PROCESS	9		Rejected!	
GOBP_LONG_CHAIN_FATTY_ACID_IMPORT_ACROSS_PLASMA_MEMBRANE	10		Rejected!	
GOBP_LONG_CHAIN_FATTY_ACID_METABOLIC_PROCESS	109	107		
GOBP_LONG_CHAIN_FATTY_ACID_TRANSPORT	67	65		
GOBP_LONG_CHAIN_FATTY_ACYL_COA_BIOSYNTHETIC_PROCESS	19	19		
GOBP_LONG_CHAIN_FATTY_ACYL_COA_METABOLIC_PROCESS	25	25		
GOBP_LONG_TERM_MEMORY	39	39		
GOBP_LONG_TERM_SYNAPTIC_DEPRESSION	32	31		
GOBP_LONG_TERM_SYNAPTIC_POTENTIATION	110	91		
GOBP_LOOP_OF_HENLE_DEVELOPMENT	12		Rejected!	
GOBP_LOW_DENSITY_LIPOPROTEIN_PARTICLE_CLEARANCE	34	27		
GOBP_LOW_DENSITY_LIPOPROTEIN_PARTICLE_REMODELING	16	16		
GOBP_LOW_DENSITY_LIPOPROTEIN_RECEPTOR_PARTICLE_METABOLIC_PROCESS	6		Rejected!	
GOBP_LUNG_ALVEOLUS_DEVELOPMENT	54	52		
GOBP_LUNG_ASSOCIATED_MESENCHYME_DEVELOPMENT	9		Rejected!	
GOBP_LUNG_CELL_DIFFERENTIATION	29	29		
GOBP_LUNG_EPITHELIUM_DEVELOPMENT	45	44		
GOBP_LUNG_GROWTH	6		Rejected!	
GOBP_LUNG_LOBE_DEVELOPMENT	7		Rejected!	
GOBP_LUNG_MORPHOGENESIS	55	54		
GOBP_LUNG_SACCULE_DEVELOPMENT	10		Rejected!	
GOBP_LUNG_SECRETORY_CELL_DIFFERENTIATION	11		Rejected!	
GOBP_LUNG_VASCULATURE_DEVELOPMENT	9		Rejected!	
GOBP_LUTEINIZATION	12		Rejected!	
GOBP_LUTEINIZING_HORMONE_SECRETION	11		Rejected!	
GOBP_LUTEOLYSIS	6		Rejected!	
GOBP_LYMPHANGIOGENESIS	19	18		
GOBP_LYMPHATIC_ENDOTHELIAL_CELL_DIFFERENTIATION	8		Rejected!	
GOBP_LYMPHOCYTE_ACTIVATION	807		Rejected!	
GOBP_LYMPHOCYTE_ACTIVATION_INVOLVED_IN_IMMUNE_RESPONSE	218	210		
GOBP_LYMPHOCYTE_AGGREGATION	5		Rejected!	
GOBP_LYMPHOCYTE_ANERGY	8		Rejected!	
GOBP_LYMPHOCYTE_APOPTOTIC_PROCESS	81	79		
GOBP_LYMPHOCYTE_CHEMOTAXIS	45	43		
GOBP_LYMPHOCYTE_COSTIMULATION	49	47		
GOBP_LYMPHOCYTE_DIFFERENTIATION	434	423		
GOBP_LYMPHOCYTE_HOMEOSTASIS	78	74		
GOBP_LYMPHOCYTE_MEDIATED_IMMUNITY	370	293		
GOBP_LYMPHOCYTE_MIGRATION	107	100		
GOBP_LYMPHOCYTE_MIGRATION_INTO_LYMPHOID_ORGANS	9		Rejected!	
GOBP_LYMPHOID_PROGENITOR_CELL_DIFFERENTIATION	24	24		
GOBP_LYMPH_NODE_DEVELOPMENT	19	18		
GOBP_LYMPH_VESSEL_DEVELOPMENT	31	29		
GOBP_LYMPH_VESSEL_MORPHOGENESIS	23	22		
GOBP_LYSINE_METABOLIC_PROCESS	8		Rejected!	
GOBP_LYSOSOMAL_LUMEN_ACIDIFICATION	24	24		
GOBP_LYSOSOMAL_MEMBRANE_ORGANIZATION	15	15		
GOBP_LYSOSOMAL_PROTEIN_CATABOLIC_PROCESS	21	19		
GOBP_LYSOSOMAL_TRANSPORT	138	131		
GOBP_LYTIC_VACUOLE_ORGANIZATION	112	104		
GOBP_L_ALANINE_TRANSMEMBRANE_TRANSPORT	5		Rejected!	
GOBP_L_ALANINE_TRANSPORT	11		Rejected!	
GOBP_L_ALPHA_AMINO_ACID_TRANSMEMBRANE_TRANSPORT	75	69		
GOBP_L_AMINO_ACID_BIOSYNTHETIC_PROCESS	60	56		
GOBP_L_AMINO_ACID_CATABOLIC_PROCESS	67	65		
GOBP_L_AMINO_ACID_METABOLIC_PROCESS	180	169		
GOBP_L_AMINO_ACID_TRANSPORT	97	91		
GOBP_L_ARGININE_IMPORT_ACROSS_PLASMA_MEMBRANE	5		Rejected!	
GOBP_L_ARGININE_TRANSMEMBRANE_TRANSPORT	15		Rejected!	
GOBP_L_ASCORBIC_ACID_METABOLIC_PROCESS	11		Rejected!	
GOBP_L_ASPARTATE_IMPORT_ACROSS_PLASMA_MEMBRANE	6		Rejected!	
GOBP_L_ASPARTATE_TRANSMEMBRANE_TRANSPORT	11		Rejected!	
GOBP_L_CYSTINE_TRANSPORT	6		Rejected!	
GOBP_L_GLUTAMATE_IMPORT	40	39		
GOBP_L_GLUTAMATE_IMPORT_ACROSS_PLASMA_MEMBRANE	17	16		
GOBP_L_GLUTAMATE_TRANSMEMBRANE_TRANSPORT	30	29		
GOBP_L_GLUTAMINE_IMPORT_ACROSS_PLASMA_MEMBRANE	5		Rejected!	
GOBP_L_HISTIDINE_TRANSMEMBRANE_TRANSPORT	6		Rejected!	
GOBP_L_KYNURENINE_METABOLIC_PROCESS	7		Rejected!	
GOBP_L_LEUCINE_CATABOLIC_PROCESS	6		Rejected!	
GOBP_L_LEUCINE_IMPORT_ACROSS_PLASMA_MEMBRANE	5		Rejected!	
GOBP_L_LEUCINE_METABOLIC_PROCESS	8		Rejected!	
GOBP_L_LEUCINE_TRANSPORT	10		Rejected!	
GOBP_L_LYSINE_TRANSMEMBRANE_TRANSPORT	9		Rejected!	
GOBP_L_METHIONINE_SALVAGE_FROM_METHYLTHIOADENOSINE	5		Rejected!	
GOBP_L_PHENYLALANINE_METABOLIC_PROCESS	8		Rejected!	
GOBP_L_PROLINE_BIOSYNTHETIC_PROCESS	6		Rejected!	
GOBP_L_PROLINE_TRANSMEMBRANE_TRANSPORT	5		Rejected!	
GOBP_L_SERINE_BIOSYNTHETIC_PROCESS	6		Rejected!	
GOBP_L_SERINE_CATABOLIC_PROCESS	5		Rejected!	
GOBP_L_SERINE_METABOLIC_PROCESS	13		Rejected!	
GOBP_MACROAUTOPHAGY	367	340		
GOBP_MACROMOLECULE_CATABOLIC_PROCESS	1486		Rejected!	
GOBP_MACROMOLECULE_DEACYLATION	58	58		
GOBP_MACROMOLECULE_DEPALMITOYLATION	14		Rejected!	
GOBP_MACROMOLECULE_METHYLATION	132	112		
GOBP_MACROPHAGE_ACTIVATION	112	103		
GOBP_MACROPHAGE_ACTIVATION_INVOLVED_IN_IMMUNE_RESPONSE	19	19		
GOBP_MACROPHAGE_APOPTOTIC_PROCESS	14		Rejected!	
GOBP_MACROPHAGE_CHEMOTAXIS	41	40		
GOBP_MACROPHAGE_COLONY_STIMULATING_FACTOR_PRODUCTION	7		Rejected!	
GOBP_MACROPHAGE_COLONY_STIMULATING_FACTOR_SIGNALING_PATHWAY	7		Rejected!	
GOBP_MACROPHAGE_CYTOKINE_PRODUCTION	37	37		
GOBP_MACROPHAGE_DIFFERENTIATION	65	61		
GOBP_MACROPHAGE_FUSION	6		Rejected!	
GOBP_MACROPHAGE_INFLAMMATORY_PROTEIN_1_ALPHA_PRODUCTION	6		Rejected!	
GOBP_MACROPHAGE_MIGRATION	61	57		
GOBP_MACROPHAGE_PROLIFERATION	13		Rejected!	
GOBP_MACROPINOCYTOSIS	10		Rejected!	
GOBP_MAGNESIUM_ION_HOMEOSTASIS	12		Rejected!	
GOBP_MAGNESIUM_ION_TRANSPORT	19	19		
GOBP_MAINTENANCE_OF_ANIMAL_ORGAN_IDENTITY	5		Rejected!	
GOBP_MAINTENANCE_OF_APICAL_BASAL_CELL_POLARITY	11		Rejected!	
GOBP_MAINTENANCE_OF_BLOOD_BRAIN_BARRIER	39	38		
GOBP_MAINTENANCE_OF_CELL_NUMBER	187	177		
GOBP_MAINTENANCE_OF_CELL_POLARITY	18	17		
GOBP_MAINTENANCE_OF_CENTROSOME_LOCATION	6		Rejected!	
GOBP_MAINTENANCE_OF_DNA_REPEAT_ELEMENTS	7		Rejected!	
GOBP_MAINTENANCE_OF_GASTROINTESTINAL_EPITHELIUM	24	22		
GOBP_MAINTENANCE_OF_LENS_TRANSPARENCY	7		Rejected!	
GOBP_MAINTENANCE_OF_LOCATION	344	323		
GOBP_MAINTENANCE_OF_LOCATION_IN_CELL	232	220		
GOBP_MAINTENANCE_OF_ORGANELLE_LOCATION	12		Rejected!	
GOBP_MAINTENANCE_OF_POSTSYNAPTIC_SPECIALIZATION_STRUCTURE	9		Rejected!	
GOBP_MAINTENANCE_OF_PRESYNAPTIC_ACTIVE_ZONE_STRUCTURE	5		Rejected!	
GOBP_MAINTENANCE_OF_PROTEIN_LOCALIZATION_IN_ENDOPLASMIC_RETICULUM	13		Rejected!	
GOBP_MAINTENANCE_OF_PROTEIN_LOCALIZATION_IN_ORGANELLE	43	42		
GOBP_MAINTENANCE_OF_PROTEIN_LOCATION	91	88		
GOBP_MAINTENANCE_OF_PROTEIN_LOCATION_IN_CELL	68	66		
GOBP_MAINTENANCE_OF_PROTEIN_LOCATION_IN_EXTRACELLULAR_REGION	8		Rejected!	
GOBP_MAINTENANCE_OF_PROTEIN_LOCATION_IN_MITOCHONDRION	5		Rejected!	
GOBP_MAINTENANCE_OF_PROTEIN_LOCATION_IN_NUCLEUS	24	24		
GOBP_MAINTENANCE_OF_SISTER_CHROMATID_COHESION	13		Rejected!	
GOBP_MAINTENANCE_OF_SYNAPSE_STRUCTURE	25	24		
GOBP_MALATE_METABOLIC_PROCESS	9		Rejected!	
GOBP_MALE_GAMETE_GENERATION	658		Rejected!	
GOBP_MALE_GENITALIA_DEVELOPMENT	24	22		
GOBP_MALE_MATING_BEHAVIOR	7		Rejected!	
GOBP_MALE_MEIOSIS_I	28	24		
GOBP_MALE_MEIOTIC_NUCLEAR_DIVISION	55	46		
GOBP_MALE_SEX_DETERMINATION	14		Rejected!	
GOBP_MALE_SEX_DIFFERENTIATION	175	168		
GOBP_MALONYL_COA_METABOLIC_PROCESS	6		Rejected!	
GOBP_MAMMALIAN_OOGENESIS_STAGE	12		Rejected!	
GOBP_MAMMARY_GLAND_ALVEOLUS_DEVELOPMENT	20	20		
GOBP_MAMMARY_GLAND_BRANCHING_INVOLVED_IN_PREGNANCY	7		Rejected!	
GOBP_MAMMARY_GLAND_DEVELOPMENT	137	133		
GOBP_MAMMARY_GLAND_DUCT_MORPHOGENESIS	32	31		
GOBP_MAMMARY_GLAND_EPITHELIAL_CELL_DIFFERENTIATION	17	17		
GOBP_MAMMARY_GLAND_EPITHELIAL_CELL_PROLIFERATION	26	26		
GOBP_MAMMARY_GLAND_EPITHELIUM_DEVELOPMENT	69	68		
GOBP_MAMMARY_GLAND_FORMATION	7		Rejected!	
GOBP_MAMMARY_GLAND_INVOLUTION	8		Rejected!	
GOBP_MAMMARY_GLAND_MORPHOGENESIS	46	45		
GOBP_MANCHETTE_ASSEMBLY	9		Rejected!	
GOBP_MANGANESE_ION_TRANSPORT	11		Rejected!	
GOBP_MANNOSE_METABOLIC_PROCESS	9		Rejected!	
GOBP_MANNOSYLATION	26	23		
GOBP_MAPK_CASCADE	773		Rejected!	
GOBP_MARGINAL_ZONE_B_CELL_DIFFERENTIATION	9		Rejected!	
GOBP_MAST_CELL_ACTIVATION	72	68		
GOBP_MAST_CELL_ACTIVATION_INVOLVED_IN_IMMUNE_RESPONSE	58	54		
GOBP_MAST_CELL_CHEMOTAXIS	12		Rejected!	
GOBP_MAST_CELL_CYTOKINE_PRODUCTION	6		Rejected!	
GOBP_MAST_CELL_DIFFERENTIATION	6		Rejected!	
GOBP_MAST_CELL_MIGRATION	15		Rejected!	
GOBP_MAST_CELL_PROLIFERATION	7		Rejected!	
GOBP_MATERNAL_PLACENTA_DEVELOPMENT	35	35		
GOBP_MATERNAL_PROCESS_INVOLVED_IN_FEMALE_PREGNANCY	59	58		
GOBP_MATERNAL_PROCESS_INVOLVED_IN_PARTURITION	6		Rejected!	
GOBP_MATING_BEHAVIOR	36	36		
GOBP_MATURATION_OF_5_8S_RRNA	35	33		
GOBP_MATURATION_OF_5_8S_RRNA_FROM_TRICISTRONIC_RRNA_TRANSCRIPT_SSU_RRNA_5_8S_RRNA_LSU_RRNA	24	23		
GOBP_MATURATION_OF_LSU_RRNA	24	23		
GOBP_MATURATION_OF_LSU_RRNA_FROM_TRICISTRONIC_RRNA_TRANSCRIPT_SSU_RRNA_5_8S_RRNA_LSU_RRNA	16	15		
GOBP_MATURATION_OF_SSU_RRNA	54	49		
GOBP_MATURATION_OF_SSU_RRNA_FROM_TRICISTRONIC_RRNA_TRANSCRIPT_SSU_RRNA_5_8S_RRNA_LSU_RRNA	36	31		
GOBP_MATURE_B_CELL_DIFFERENTIATION	38	38		
GOBP_MATURE_B_CELL_DIFFERENTIATION_INVOLVED_IN_IMMUNE_RESPONSE	32	32		
GOBP_MATURE_CONVENTIONAL_DENDRITIC_CELL_DIFFERENTIATION	5		Rejected!	
GOBP_MDA_5_SIGNALING_PATHWAY	11		Rejected!	
GOBP_MECHANORECEPTOR_DIFFERENTIATION	70	63		
GOBP_MECHANOSENSORY_BEHAVIOR	14		Rejected!	
GOBP_MEDIUM_CHAIN_FATTY_ACID_BIOSYNTHETIC_PROCESS	6		Rejected!	
GOBP_MEDIUM_CHAIN_FATTY_ACID_CATABOLIC_PROCESS	5		Rejected!	
GOBP_MEDIUM_CHAIN_FATTY_ACID_METABOLIC_PROCESS	15		Rejected!	
GOBP_MEDIUM_CHAIN_FATTY_ACYL_COA_METABOLIC_PROCESS	6		Rejected!	
GOBP_MEGAKARYOCYTE_DEVELOPMENT	23	21		
GOBP_MEGAKARYOCYTE_DIFFERENTIATION	67	50		
GOBP_MEIOSIS_I_CELL_CYCLE_PROCESS	139	117		
GOBP_MEIOTIC_ATTACHMENT_OF_TELOMERE_TO_NUCLEAR_ENVELOPE	5		Rejected!	
GOBP_MEIOTIC_CELL_CYCLE	290	252		
GOBP_MEIOTIC_CELL_CYCLE_CHECKPOINT_SIGNALING	10		Rejected!	
GOBP_MEIOTIC_CELL_CYCLE_PHASE_TRANSITION	15	15		
GOBP_MEIOTIC_CELL_CYCLE_PROCESS	217	184		
GOBP_MEIOTIC_CELL_CYCLE_PROCESS_INVOLVED_IN_OOCYTE_MATURATION	6		Rejected!	
GOBP_MEIOTIC_CHROMOSOME_CONDENSATION	6		Rejected!	
GOBP_MEIOTIC_CHROMOSOME_SEGREGATION	93	80		
GOBP_MEIOTIC_CHROMOSOME_SEPARATION	10		Rejected!	
GOBP_MEIOTIC_CYTOKINESIS	8		Rejected!	
GOBP_MEIOTIC_DNA_DOUBLE_STRAND_BREAK_FORMATION	8		Rejected!	
GOBP_MEIOTIC_METAPHASE_CHROMOSOME_ALIGNMENT	5		Rejected!	
GOBP_MEIOTIC_SISTER_CHROMATID_COHESION	14		Rejected!	
GOBP_MEIOTIC_SPINDLE_ASSEMBLY	12		Rejected!	
GOBP_MEIOTIC_SPINDLE_ORGANIZATION	19	17		
GOBP_MELANOCYTE_DIFFERENTIATION	25	24		
GOBP_MELANOCYTE_PROLIFERATION	5		Rejected!	
GOBP_MELANOSOME_ASSEMBLY	19	18		
GOBP_MEMBRANE_BIOGENESIS	66	62		
GOBP_MEMBRANE_DEPOLARIZATION	93	87		
GOBP_MEMBRANE_DEPOLARIZATION_DURING_ACTION_POTENTIAL	28	27		
GOBP_MEMBRANE_DEPOLARIZATION_DURING_AV_NODE_CELL_ACTION_POTENTIAL	6		Rejected!	
GOBP_MEMBRANE_DEPOLARIZATION_DURING_CARDIAC_MUSCLE_CELL_ACTION_POTENTIAL	22	21		
GOBP_MEMBRANE_DEPOLARIZATION_DURING_SA_NODE_CELL_ACTION_POTENTIAL	5		Rejected!	
GOBP_MEMBRANE_DISASSEMBLY	13		Rejected!	
GOBP_MEMBRANE_DOCKING	85	83		
GOBP_MEMBRANE_FISSION	44	44		
GOBP_MEMBRANE_FUSION	186	171		
GOBP_MEMBRANE_FUSION_INVOLVED_IN_VIRAL_ENTRY_INTO_HOST_CELL	5		Rejected!	
GOBP_MEMBRANE_HYPERPOLARIZATION	12		Rejected!	
GOBP_MEMBRANE_INVAGINATION	66	65		
GOBP_MEMBRANE_LIPID_BIOSYNTHETIC_PROCESS	150	141		
GOBP_MEMBRANE_LIPID_CATABOLIC_PROCESS	53	49		
GOBP_MEMBRANE_LIPID_METABOLIC_PROCESS	219	205		
GOBP_MEMBRANE_ORGANIZATION	809		Rejected!	
GOBP_MEMBRANE_PROTEIN_ECTODOMAIN_PROTEOLYSIS	50	50		
GOBP_MEMBRANE_PROTEIN_INTRACELLULAR_DOMAIN_PROTEOLYSIS	14		Rejected!	
GOBP_MEMBRANE_PROTEIN_PROTEOLYSIS	62	62		
GOBP_MEMBRANE_RAFT_ASSEMBLY	12		Rejected!	
GOBP_MEMBRANE_RAFT_LOCALIZATION	7		Rejected!	
GOBP_MEMBRANE_RAFT_ORGANIZATION	26	25		
GOBP_MEMBRANE_REPOLARIZATION	55	50		
GOBP_MEMBRANE_REPOLARIZATION_DURING_ACTION_POTENTIAL	31	28		
GOBP_MEMBRANE_REPOLARIZATION_DURING_ATRIAL_CARDIAC_MUSCLE_CELL_ACTION_POTENTIAL	7		Rejected!	
GOBP_MEMBRANE_REPOLARIZATION_DURING_VENTRICULAR_CARDIAC_MUSCLE_CELL_ACTION_POTENTIAL	17	15		
GOBP_MEMBRANE_TO_MEMBRANE_DOCKING	5		Rejected!	
GOBP_MEMBRANE_TUBULATION	5		Rejected!	
GOBP_MEMBRANOUS_SEPTUM_MORPHOGENESIS	8		Rejected!	
GOBP_MEMORY	125	121		
GOBP_MESANGIAL_CELL_DEVELOPMENT	6		Rejected!	
GOBP_MESANGIAL_CELL_DIFFERENTIATION	7		Rejected!	
GOBP_MESENCHYMAL_CELL_APOPTOTIC_PROCESS	16	16		
GOBP_MESENCHYMAL_CELL_DEVELOPMENT	6		Rejected!	
GOBP_MESENCHYMAL_CELL_DIFFERENTIATION	274	245		
GOBP_MESENCHYMAL_CELL_DIFFERENTIATION_INVOLVED_IN_KIDNEY_DEVELOPMENT	7		Rejected!	
GOBP_MESENCHYMAL_CELL_MIGRATION	60	60		
GOBP_MESENCHYMAL_CELL_PROLIFERATION	45	43		
GOBP_MESENCHYMAL_CELL_PROLIFERATION_INVOLVED_IN_LUNG_DEVELOPMENT	6		Rejected!	
GOBP_MESENCHYMAL_EPITHELIAL_CELL_SIGNALING	9		Rejected!	
GOBP_MESENCHYMAL_STEM_CELL_DIFFERENTIATION	12		Rejected!	
GOBP_MESENCHYMAL_STEM_CELL_MAINTENANCE_INVOLVED_IN_NEPHRON_MORPHOGENESIS	6		Rejected!	
GOBP_MESENCHYMAL_STEM_CELL_PROLIFERATION	11		Rejected!	
GOBP_MESENCHYMAL_TO_EPITHELIAL_TRANSITION	19	19		
GOBP_MESENCHYMAL_TO_EPITHELIAL_TRANSITION_INVOLVED_IN_METANEPHROS_MORPHOGENESIS	11		Rejected!	
GOBP_MESENCHYME_DEVELOPMENT	340	304		
GOBP_MESENCHYME_MIGRATION	5		Rejected!	
GOBP_MESENCHYME_MORPHOGENESIS	61	60		
GOBP_MESENDODERM_DEVELOPMENT	9		Rejected!	
GOBP_MESODERMAL_CELL_DIFFERENTIATION	35	31		
GOBP_MESODERMAL_CELL_FATE_COMMITMENT	18	18		
GOBP_MESODERMAL_CELL_FATE_SPECIFICATION	13		Rejected!	
GOBP_MESODERMAL_CELL_MIGRATION	5		Rejected!	
GOBP_MESODERM_DEVELOPMENT	140	125		
GOBP_MESODERM_MORPHOGENESIS	78	69		
GOBP_MESONEPHRIC_DUCT_DEVELOPMENT	9		Rejected!	
GOBP_MESONEPHRIC_TUBULE_FORMATION	10		Rejected!	
GOBP_MESONEPHRIC_TUBULE_MORPHOGENESIS	69	67		
GOBP_MESONEPHROS_DEVELOPMENT	105	102		
GOBP_METALLO_SULFUR_CLUSTER_ASSEMBLY	29	24		
GOBP_METANEPHRIC_COLLECTING_DUCT_DEVELOPMENT	10		Rejected!	
GOBP_METANEPHRIC_DISTAL_TUBULE_DEVELOPMENT	7		Rejected!	
GOBP_METANEPHRIC_EPITHELIUM_DEVELOPMENT	28	28		
GOBP_METANEPHRIC_GLOMERULAR_MESANGIUM_DEVELOPMENT	5		Rejected!	
GOBP_METANEPHRIC_GLOMERULUS_DEVELOPMENT	17	17		
GOBP_METANEPHRIC_GLOMERULUS_VASCULATURE_DEVELOPMENT	9		Rejected!	
GOBP_METANEPHRIC_LOOP_OF_HENLE_DEVELOPMENT	6		Rejected!	
GOBP_METANEPHRIC_MESENCHYMAL_CELL_DIFFERENTIATION	5		Rejected!	
GOBP_METANEPHRIC_MESENCHYME_DEVELOPMENT	14		Rejected!	
GOBP_METANEPHRIC_NEPHRON_DEVELOPMENT	41	40		
GOBP_METANEPHRIC_NEPHRON_MORPHOGENESIS	24	23		
GOBP_METANEPHRIC_NEPHRON_TUBULE_EPITHELIAL_CELL_DIFFERENTIATION	6		Rejected!	
GOBP_METANEPHRIC_NEPHRON_TUBULE_MORPHOGENESIS	8		Rejected!	
GOBP_METANEPHRIC_PART_OF_URETERIC_BUD_DEVELOPMENT	6		Rejected!	
GOBP_METANEPHRIC_PROXIMAL_TUBULE_DEVELOPMENT	5		Rejected!	
GOBP_METANEPHRIC_RENAL_VESICLE_MORPHOGENESIS	14		Rejected!	
GOBP_METANEPHRIC_S_SHAPED_BODY_MORPHOGENESIS	5		Rejected!	
GOBP_METANEPHRIC_TUBULE_DEVELOPMENT	24	24		
GOBP_METANEPHRIC_TUBULE_FORMATION	6		Rejected!	
GOBP_METANEPHRIC_TUBULE_MORPHOGENESIS	10		Rejected!	
GOBP_METANEPHROS_DEVELOPMENT	92	90		
GOBP_METANEPHROS_MORPHOGENESIS	31	30		
GOBP_METAPHASE_ANAPHASE_TRANSITION_OF_MEIOTIC_CELL_CYCLE	7		Rejected!	
GOBP_METAPHASE_CHROMOSOME_ALIGNMENT	103	98		
GOBP_METENCEPHALON_DEVELOPMENT	116	110		
GOBP_METHIONINE_BIOSYNTHETIC_PROCESS	12		Rejected!	
GOBP_METHIONINE_METABOLIC_PROCESS	16	15		
GOBP_METHYLATION	225	192		
GOBP_METHYLGLYOXAL_METABOLIC_PROCESS	6		Rejected!	
GOBP_MHC_CLASS_II_BIOSYNTHETIC_PROCESS	19	19		
GOBP_MHC_CLASS_I_BIOSYNTHETIC_PROCESS	8		Rejected!	
GOBP_MICROAUTOPHAGY	23	22		
GOBP_MICROGLIAL_CELL_ACTIVATION_INVOLVED_IN_IMMUNE_RESPONSE	5		Rejected!	
GOBP_MICROGLIAL_CELL_MEDIATED_CYTOTOXICITY	5		Rejected!	
GOBP_MICROGLIAL_CELL_MIGRATION	8		Rejected!	
GOBP_MICROGLIAL_CELL_PROLIFERATION	9		Rejected!	
GOBP_MICROGLIA_DIFFERENTIATION	13		Rejected!	
GOBP_MICROTUBULE_ANCHORING	25	23		
GOBP_MICROTUBULE_ANCHORING_AT_MICROTUBULE_ORGANIZING_CENTER	14		Rejected!	
GOBP_MICROTUBULE_BASED_MOVEMENT	435	375		
GOBP_MICROTUBULE_BASED_PROCESS	948		Rejected!	
GOBP_MICROTUBULE_BASED_PROTEIN_TRANSPORT	14		Rejected!	
GOBP_MICROTUBULE_BASED_TRANSPORT	217	193		
GOBP_MICROTUBULE_BUNDLE_FORMATION	131	101		
GOBP_MICROTUBULE_CYTOSKELETON_ORGANIZATION	656		Rejected!	
GOBP_MICROTUBULE_CYTOSKELETON_ORGANIZATION_INVOLVED_IN_MITOSIS	167	157		
GOBP_MICROTUBULE_DEPOLYMERIZATION	47	42		
GOBP_MICROTUBULE_NUCLEATION	45	42		
GOBP_MICROTUBULE_NUCLEATION_BY_MICROTUBULE_ORGANIZING_CENTER	5		Rejected!	
GOBP_MICROTUBULE_ORGANIZING_CENTER_LOCALIZATION	32	31		
GOBP_MICROTUBULE_ORGANIZING_CENTER_ORGANIZATION	154	143		
GOBP_MICROTUBULE_POLYMERIZATION	96	90		
GOBP_MICROTUBULE_POLYMERIZATION_OR_DEPOLYMERIZATION	137	127		
GOBP_MICROTUBULE_SEVERING	9		Rejected!	
GOBP_MICROVILLUS_ASSEMBLY	22	20		
GOBP_MICROVILLUS_ORGANIZATION	30	27		
GOBP_MICTURITION	8		Rejected!	
GOBP_MIDBODY_ABSCISSION	18	17		
GOBP_MIDBRAIN_DEVELOPMENT	90	82		
GOBP_MIDBRAIN_DOPAMINERGIC_NEURON_DIFFERENTIATION	16	16		
GOBP_MIDBRAIN_HINDBRAIN_BOUNDARY_DEVELOPMENT	7		Rejected!	
GOBP_MIDDLE_EAR_MORPHOGENESIS	21	21		
GOBP_MIDGUT_DEVELOPMENT	12		Rejected!	
GOBP_MIGRACYTOSIS	5		Rejected!	
GOBP_MINERALOCORTICOID_BIOSYNTHETIC_PROCESS	12		Rejected!	
GOBP_MINERALOCORTICOID_METABOLIC_PROCESS	14		Rejected!	
GOBP_MINERALOCORTICOID_SECRETION	7		Rejected!	
GOBP_MIRNA_CATABOLIC_PROCESS	18		Rejected!	
GOBP_MIRNA_MEDIATED_GENE_SILENCING_BY_INHIBITION_OF_TRANSLATION	99	18		
GOBP_MIRNA_MEDIATED_GENE_SILENCING_BY_MRNA_DESTABILIZATION	106		Rejected!	
GOBP_MIRNA_METABOLIC_PROCESS	107	95		
GOBP_MIRNA_PROCESSING	45	42		
GOBP_MISMATCH_REPAIR	35	30		
GOBP_MITOCHONDRIAL_ADP_TRANSMEMBRANE_TRANSPORT	5		Rejected!	
GOBP_MITOCHONDRIAL_ATP_TRANSMEMBRANE_TRANSPORT	8		Rejected!	
GOBP_MITOCHONDRIAL_CALCIUM_ION_HOMEOSTASIS	24	22		
GOBP_MITOCHONDRIAL_CALCIUM_ION_TRANSMEMBRANE_TRANSPORT	22	20		
GOBP_MITOCHONDRIAL_DEPOLARIZATION	25	24		
GOBP_MITOCHONDRIAL_DNA_METABOLIC_PROCESS	22	21		
GOBP_MITOCHONDRIAL_DNA_REPAIR	6		Rejected!	
GOBP_MITOCHONDRIAL_DNA_REPLICATION	14		Rejected!	
GOBP_MITOCHONDRIAL_ELECTRON_TRANSPORT_CYTOCHROME_C_TO_OXYGEN	24	17		
GOBP_MITOCHONDRIAL_ELECTRON_TRANSPORT_NADH_TO_UBIQUINONE	51	39		
GOBP_MITOCHONDRIAL_ELECTRON_TRANSPORT_SUCCINATE_TO_UBIQUINONE	5		Rejected!	
GOBP_MITOCHONDRIAL_ELECTRON_TRANSPORT_UBIQUINOL_TO_CYTOCHROME_C	14		Rejected!	
GOBP_MITOCHONDRIAL_FISSION	40	36		
GOBP_MITOCHONDRIAL_FRAGMENTATION_INVOLVED_IN_APOPTOTIC_PROCESS	10		Rejected!	
GOBP_MITOCHONDRIAL_FUSION	35	33		
GOBP_MITOCHONDRIAL_GENE_EXPRESSION	167	159		
GOBP_MITOCHONDRIAL_GENOME_MAINTENANCE	30	29		
GOBP_MITOCHONDRIAL_MEMBRANE_ORGANIZATION	119	102		
GOBP_MITOCHONDRIAL_OUTER_MEMBRANE_PERMEABILIZATION	31	27		
GOBP_MITOCHONDRIAL_PROTEIN_CATABOLIC_PROCESS	10		Rejected!	
GOBP_MITOCHONDRIAL_PROTEIN_PROCESSING	13		Rejected!	
GOBP_MITOCHONDRIAL_PROTON_TRANSPORTING_ATP_SYNTHASE_COMPLEX_ASSEMBLY	8		Rejected!	
GOBP_MITOCHONDRIAL_RESPIRASOME_ASSEMBLY	11		Rejected!	
GOBP_MITOCHONDRIAL_RESPIRATORY_CHAIN_COMPLEX_ASSEMBLY	101	79		
GOBP_MITOCHONDRIAL_RIBOSOME_ASSEMBLY	12		Rejected!	
GOBP_MITOCHONDRIAL_RNA_3_END_PROCESSING	7		Rejected!	
GOBP_MITOCHONDRIAL_RNA_CATABOLIC_PROCESS	6		Rejected!	
GOBP_MITOCHONDRIAL_RNA_METABOLIC_PROCESS	56	50		
GOBP_MITOCHONDRIAL_RNA_MODIFICATION	9		Rejected!	
GOBP_MITOCHONDRIAL_RNA_PROCESSING	22	21		
GOBP_MITOCHONDRIAL_TRANSCRIPTION	22	19		
GOBP_MITOCHONDRIAL_TRANSLATION	130	126		
GOBP_MITOCHONDRIAL_TRANSLATIONAL_ELONGATION	5		Rejected!	
GOBP_MITOCHONDRIAL_TRANSMEMBRANE_TRANSPORT	99	95		
GOBP_MITOCHONDRIAL_TRANSPORT	183	168		
GOBP_MITOCHONDRIAL_TRNA_PROCESSING	14		Rejected!	
GOBP_MITOCHONDRION_DISTRIBUTION	19	19		
GOBP_MITOCHONDRION_ENDOPLASMIC_RETICULUM_MEMBRANE_TETHERING	7		Rejected!	
GOBP_MITOCHONDRION_LOCALIZATION	52	51		
GOBP_MITOCHONDRION_ORGANIZATION	521	457		
GOBP_MITOPHAGY	71	61		
GOBP_MITOTIC_CELL_CYCLE	926		Rejected!	
GOBP_MITOTIC_CELL_CYCLE_CHECKPOINT_SIGNALING	146	135		
GOBP_MITOTIC_CELL_CYCLE_PHASE_TRANSITION	459	414		
GOBP_MITOTIC_CELL_CYCLE_PROCESS	774		Rejected!	
GOBP_MITOTIC_CHROMOSOME_CONDENSATION	20	17		
GOBP_MITOTIC_CYTOKINESIS	91	87		
GOBP_MITOTIC_CYTOKINETIC_PROCESS	32	31		
GOBP_MITOTIC_DNA_INTEGRITY_CHECKPOINT_SIGNALING	88	80		
GOBP_MITOTIC_DNA_REPLICATION	17	16		
GOBP_MITOTIC_DNA_REPLICATION_CHECKPOINT_SIGNALING	11		Rejected!	
GOBP_MITOTIC_G1_S_TRANSITION_CHECKPOINT_SIGNALING	30	30		
GOBP_MITOTIC_G2_DNA_DAMAGE_CHECKPOINT_SIGNALING	37	31		
GOBP_MITOTIC_G2_M_TRANSITION_CHECKPOINT	55	47		
GOBP_MITOTIC_INTRA_S_DNA_DAMAGE_CHECKPOINT_SIGNALING	17	15		
GOBP_MITOTIC_METAPHASE_CHROMOSOME_ALIGNMENT	63	62		
GOBP_MITOTIC_NUCLEAR_DIVISION	283	268		
GOBP_MITOTIC_NUCLEAR_MEMBRANE_DISASSEMBLY	8		Rejected!	
GOBP_MITOTIC_NUCLEAR_MEMBRANE_ORGANIZATION	10		Rejected!	
GOBP_MITOTIC_RECOMBINATION	25	23		
GOBP_MITOTIC_SISTER_CHROMATID_COHESION	31	27		
GOBP_MITOTIC_SISTER_CHROMATID_COHESION_CENTROMERIC	5		Rejected!	
GOBP_MITOTIC_SISTER_CHROMATID_SEGREGATION	194	183		
GOBP_MITOTIC_SISTER_CHROMATID_SEPARATION	63	62		
GOBP_MITOTIC_SPINDLE_ASSEMBLY	76	70		
GOBP_MITOTIC_SPINDLE_ELONGATION	12		Rejected!	
GOBP_MITOTIC_SPINDLE_ORGANIZATION	134	127		
GOBP_MITRAL_VALVE_DEVELOPMENT	14		Rejected!	
GOBP_MODIFICATION_DEPENDENT_MACROMOLECULE_CATABOLIC_PROCESS	624		Rejected!	
GOBP_MODIFICATION_OF_POSTSYNAPTIC_ACTIN_CYTOSKELETON	11		Rejected!	
GOBP_MODIFICATION_OF_POSTSYNAPTIC_STRUCTURE	22	22		
GOBP_MODIFICATION_OF_SYNAPTIC_STRUCTURE	28	27		
GOBP_MODIFIED_AMINO_ACID_TRANSPORT	42	39		
GOBP_MODULATION_BY_HOST_OF_SYMBIONT_PROCESS	87	82		
GOBP_MODULATION_BY_HOST_OF_VIRAL_GENOME_REPLICATION	27	22		
GOBP_MODULATION_BY_HOST_OF_VIRAL_PROCESS	50	45		
GOBP_MODULATION_BY_HOST_OF_VIRAL_RNA_GENOME_REPLICATION	5		Rejected!	
GOBP_MODULATION_BY_SYMBIONT_OF_ENTRY_INTO_HOST	56	54		
GOBP_MODULATION_BY_VIRUS_OF_HOST_PROCESS	6		Rejected!	
GOBP_MODULATION_OF_EXCITATORY_POSTSYNAPTIC_POTENTIAL	49	47		
GOBP_MODULATION_OF_INHIBITORY_POSTSYNAPTIC_POTENTIAL	7		Rejected!	
GOBP_MODULATION_OF_MICROTUBULE_CYTOSKELETON_INVOLVED_IN_CEREBRAL_CORTEX_RADIAL_GLIA_GUIDED_MIGRATION	5		Rejected!	
GOBP_MODULATION_OF_PROCESS_OF_ANOTHER_ORGANISM	17		Rejected!	
GOBP_MOLTING_CYCLE	119	115		
GOBP_MOLTING_CYCLE_PROCESS	98	96		
GOBP_MONOACYLGLYCEROL_BIOSYNTHETIC_PROCESS	9		Rejected!	
GOBP_MONOACYLGLYCEROL_CATABOLIC_PROCESS	7		Rejected!	
GOBP_MONOACYLGLYCEROL_METABOLIC_PROCESS	16	16		
GOBP_MONOAMINE_TRANSPORT	77	76		
GOBP_MONOATOMIC_ANION_HOMEOSTASIS	21	21		
GOBP_MONOATOMIC_ANION_TRANSPORT	174	165		
GOBP_MONOATOMIC_CATION_TRANSMEMBRANE_TRANSPORT	861		Rejected!	
GOBP_MONOATOMIC_CATION_TRANSPORT	1049		Rejected!	
GOBP_MONOATOMIC_ION_HOMEOSTASIS	618		Rejected!	
GOBP_MONOATOMIC_ION_TRANSMEMBRANE_TRANSPORT	1031		Rejected!	
GOBP_MONOATOMIC_ION_TRANSPORT	1256		Rejected!	
GOBP_MONOCARBOXYLIC_ACID_BIOSYNTHETIC_PROCESS	225	207		
GOBP_MONOCARBOXYLIC_ACID_CATABOLIC_PROCESS	132	125		
GOBP_MONOCARBOXYLIC_ACID_METABOLIC_PROCESS	639		Rejected!	
GOBP_MONOCARBOXYLIC_ACID_TRANSPORT	184	177		
GOBP_MONOCYTE_ACTIVATION	12		Rejected!	
GOBP_MONOCYTE_AGGREGATION	5		Rejected!	
GOBP_MONOCYTE_CHEMOTACTIC_PROTEIN_1_PRODUCTION	21	19		
GOBP_MONOCYTE_CHEMOTAXIS	52	50		
GOBP_MONOCYTE_DIFFERENTIATION	35	34		
GOBP_MONOCYTE_EXTRAVASATION	11		Rejected!	
GOBP_MONONUCLEAR_CELL_DIFFERENTIATION	528		Rejected!	
GOBP_MONONUCLEAR_CELL_MIGRATION	226	210		
GOBP_MONOSACCHARIDE_BIOSYNTHETIC_PROCESS	96	88		
GOBP_MONOSACCHARIDE_CATABOLIC_PROCESS	50	49		
GOBP_MONOSACCHARIDE_METABOLIC_PROCESS	254	240		
GOBP_MONOSACCHARIDE_TRANSMEMBRANE_TRANSPORT	123	115		
GOBP_MONOTERPENOID_METABOLIC_PROCESS	6		Rejected!	
GOBP_MONOUBIQUITINATED_PROTEIN_DEUBIQUITINATION	9		Rejected!	
GOBP_MORPHOGENESIS_OF_AN_ENDOTHELIUM	17	16		
GOBP_MORPHOGENESIS_OF_AN_EPITHELIAL_BUD	15		Rejected!	
GOBP_MORPHOGENESIS_OF_AN_EPITHELIAL_FOLD	24	22		
GOBP_MORPHOGENESIS_OF_AN_EPITHELIAL_SHEET	66	62		
GOBP_MORPHOGENESIS_OF_AN_EPITHELIUM	504	486		
GOBP_MORPHOGENESIS_OF_A_BRANCHING_STRUCTURE	207	200		
GOBP_MORPHOGENESIS_OF_A_POLARIZED_EPITHELIUM	63	60		
GOBP_MORPHOGENESIS_OF_EMBRYONIC_EPITHELIUM	150	146		
GOBP_MOTILE_CILIUM_ASSEMBLY	73	63		
GOBP_MOTOR_BEHAVIOR	23	22		
GOBP_MOTOR_LEARNING	8		Rejected!	
GOBP_MOTOR_NEURON_APOPTOTIC_PROCESS	21	21		
GOBP_MOTOR_NEURON_AXON_GUIDANCE	26	25		
GOBP_MOTOR_NEURON_MIGRATION	13		Rejected!	
GOBP_MRNA_3_END_PROCESSING	39	37		
GOBP_MRNA_3_END_PROCESSING_BY_STEM_LOOP_BINDING_AND_CLEAVAGE	6		Rejected!	
GOBP_MRNA_3_SPLICE_SITE_RECOGNITION	6		Rejected!	
GOBP_MRNA_5_SPLICE_SITE_RECOGNITION	23		Rejected!	
GOBP_MRNA_CIS_SPLICING_VIA_SPLICEOSOME	46	29		
GOBP_MRNA_EXPORT_FROM_NUCLEUS	72	65		
GOBP_MRNA_METABOLIC_PROCESS	864		Rejected!	
GOBP_MRNA_METHYLGUANOSINE_CAP_DECAPPING	16	15		
GOBP_MRNA_MODIFICATION	20	19		
GOBP_MRNA_PROCESSING	520	458		
GOBP_MRNA_PSEUDOURIDINE_SYNTHESIS	9		Rejected!	
GOBP_MRNA_SPLICE_SITE_RECOGNITION	48	32		
GOBP_MRNA_TRANSCRIPTION	50	48		
GOBP_MRNA_TRANSPORT	131	120		
GOBP_MUCOCILIARY_CLEARANCE	8		Rejected!	
GOBP_MUCOPOLYSACCHARIDE_METABOLIC_PROCESS	91	89		
GOBP_MUCOSA_ASSOCIATED_LYMPHOID_TISSUE_DEVELOPMENT	8		Rejected!	
GOBP_MUCUS_SECRETION	19	19		
GOBP_MULTICELLULAR_ORGANISMAL_LEVEL_CHEMICAL_HOMEOSTASIS	76	75		
GOBP_MULTICELLULAR_ORGANISMAL_LEVEL_HOMEOSTASIS	814		Rejected!	
GOBP_MULTICELLULAR_ORGANISMAL_LEVEL_IRON_ION_HOMEOSTASIS	25	24		
GOBP_MULTICELLULAR_ORGANISMAL_LEVEL_WATER_HOMEOSTASIS	33	33		
GOBP_MULTICELLULAR_ORGANISMAL_MOVEMENT	62	59		
GOBP_MULTICELLULAR_ORGANISMAL_REPRODUCTIVE_PROCESS	980		Rejected!	
GOBP_MULTICELLULAR_ORGANISMAL_RESPONSE_TO_STRESS	97	92		
GOBP_MULTICELLULAR_ORGANISM_GROWTH	149	142		
GOBP_MULTINUCLEAR_OSTEOCLAST_DIFFERENTIATION	8		Rejected!	
GOBP_MULTIVESICULAR_BODY_ORGANIZATION	32	32		
GOBP_MULTIVESICULAR_BODY_SORTING_PATHWAY	49	47		
GOBP_MULTI_CILIATED_EPITHELIAL_CELL_DIFFERENTIATION	9		Rejected!	
GOBP_MULTI_MULTICELLULAR_ORGANISM_PROCESS	216	206		
GOBP_MULTI_PASS_TRANSMEMBRANE_PROTEIN_INSERTION_INTO_ER_MEMBRANE	9		Rejected!	
GOBP_MUSCLE_ADAPTATION	121	100		
GOBP_MUSCLE_ATROPHY	11		Rejected!	
GOBP_MUSCLE_CELL_APOPTOTIC_PROCESS	99	78		
GOBP_MUSCLE_CELL_CELLULAR_HOMEOSTASIS	26	26		
GOBP_MUSCLE_CELL_DEVELOPMENT	204	190		
GOBP_MUSCLE_CELL_DIFFERENTIATION	431	383		
GOBP_MUSCLE_CELL_FATE_COMMITMENT	17	16		
GOBP_MUSCLE_CELL_MIGRATION	112	83		
GOBP_MUSCLE_CELL_PROLIFERATION	250	194		
GOBP_MUSCLE_CONTRACTION	357	337		
GOBP_MUSCLE_HYPERTROPHY	107	86		
GOBP_MUSCLE_HYPERTROPHY_IN_RESPONSE_TO_STRESS	32	24		
GOBP_MUSCLE_ORGAN_DEVELOPMENT	361	336		
GOBP_MUSCLE_ORGAN_MORPHOGENESIS	82	76		
GOBP_MUSCLE_STRUCTURE_DEVELOPMENT	715		Rejected!	
GOBP_MUSCLE_SYSTEM_PROCESS	463	423		
GOBP_MUSCLE_TISSUE_DEVELOPMENT	444	409		
GOBP_MUSCULAR_SEPTUM_MORPHOGENESIS	5		Rejected!	
GOBP_MYCOTOXIN_METABOLIC_PROCESS	7		Rejected!	
GOBP_MYD88_DEPENDENT_TOLL_LIKE_RECEPTOR_SIGNALING_PATHWAY	20	20		
GOBP_MYD88_INDEPENDENT_TOLL_LIKE_RECEPTOR_SIGNALING_PATHWAY	16	16		
GOBP_MYELIN_ASSEMBLY	24	21		
GOBP_MYELIN_MAINTENANCE	18	16		
GOBP_MYELOID_CELL_ACTIVATION_INVOLVED_IN_IMMUNE_RESPONSE	99	94		
GOBP_MYELOID_CELL_APOPTOTIC_PROCESS	39	37		
GOBP_MYELOID_CELL_DEVELOPMENT	90	85		
GOBP_MYELOID_CELL_DIFFERENTIATION	444	408		
GOBP_MYELOID_CELL_HOMEOSTASIS	179	170		
GOBP_MYELOID_DENDRITIC_CELL_ACTIVATION	29	29		
GOBP_MYELOID_DENDRITIC_CELL_CYTOKINE_PRODUCTION	7		Rejected!	
GOBP_MYELOID_DENDRITIC_CELL_DIFFERENTIATION	20	20		
GOBP_MYELOID_LEUKOCYTE_ACTIVATION	246	231		
GOBP_MYELOID_LEUKOCYTE_CYTOKINE_PRODUCTION	50	49		
GOBP_MYELOID_LEUKOCYTE_DIFFERENTIATION	240	227		
GOBP_MYELOID_LEUKOCYTE_MEDIATED_IMMUNITY	115	105		
GOBP_MYELOID_LEUKOCYTE_MIGRATION	239	223		
GOBP_MYELOID_PROGENITOR_CELL_DIFFERENTIATION	9		Rejected!	
GOBP_MYOBLAST_DIFFERENTIATION	113	109		
GOBP_MYOBLAST_FATE_COMMITMENT	6		Rejected!	
GOBP_MYOBLAST_FUSION	48	45		
GOBP_MYOBLAST_FUSION_INVOLVED_IN_SKELETAL_MUSCLE_REGENERATION	5		Rejected!	
GOBP_MYOBLAST_MIGRATION	13		Rejected!	
GOBP_MYOBLAST_PROLIFERATION	34	26		
GOBP_MYOFIBROBLAST_DIFFERENTIATION	15		Rejected!	
GOBP_MYOSIN_FILAMENT_ORGANIZATION	6		Rejected!	
GOBP_MYOTUBE_CELL_DEVELOPMENT	43	39		
GOBP_MYOTUBE_DIFFERENTIATION	135	122		
GOBP_MYOTUBE_DIFFERENTIATION_INVOLVED_IN_SKELETAL_MUSCLE_REGENERATION	9		Rejected!	
GOBP_NADH_DEHYDROGENASE_COMPLEX_ASSEMBLY	60	48		
GOBP_NADH_METABOLIC_PROCESS	33	32		
GOBP_NADH_OXIDATION	6		Rejected!	
GOBP_NADPH_OXIDATION	6		Rejected!	
GOBP_NADPH_REGENERATION	23	22		
GOBP_NADP_METABOLIC_PROCESS	45	44		
GOBP_NAD_BIOSYNTHESIS_VIA_NICOTINAMIDE_RIBOSIDE_SALVAGE_PATHWAY	10		Rejected!	
GOBP_NAD_CATABOLIC_PROCESS	21	21		
GOBP_NAD_METABOLIC_PROCESS	64	62		
GOBP_NAD_TRANSMEMBRANE_TRANSPORT	5		Rejected!	
GOBP_NAD_TRANSPORT	6		Rejected!	
GOBP_NAIL_DEVELOPMENT	11		Rejected!	
GOBP_NATURAL_KILLER_CELL_ACTIVATION	98	93		
GOBP_NATURAL_KILLER_CELL_ACTIVATION_INVOLVED_IN_IMMUNE_RESPONSE	35	34		
GOBP_NATURAL_KILLER_CELL_CHEMOTAXIS	10		Rejected!	
GOBP_NATURAL_KILLER_CELL_CYTOKINE_PRODUCTION	9		Rejected!	
GOBP_NATURAL_KILLER_CELL_DEGRANULATION	12		Rejected!	
GOBP_NATURAL_KILLER_CELL_DIFFERENTIATION	24	24		
GOBP_NATURAL_KILLER_CELL_MEDIATED_IMMUNE_RESPONSE_TO_TUMOR_CELL	11		Rejected!	
GOBP_NATURAL_KILLER_CELL_MEDIATED_IMMUNITY	84	81		
GOBP_NATURAL_KILLER_CELL_PROLIFERATION	15	15		
GOBP_NECROPTOTIC_PROCESS	49	39		
GOBP_NECROPTOTIC_SIGNALING_PATHWAY	8		Rejected!	
GOBP_NEGATIVE_ADAPTATION_OF_SIGNALING_PATHWAY	20	18		
GOBP_NEGATIVE_CHEMOTAXIS	47	47		
GOBP_NEGATIVE_REGULATION_BY_HOST_OF_VIRAL_GENOME_REPLICATION	12		Rejected!	
GOBP_NEGATIVE_REGULATION_BY_HOST_OF_VIRAL_PROCESS	17		Rejected!	
GOBP_NEGATIVE_REGULATION_BY_HOST_OF_VIRAL_TRANSCRIPTION	14		Rejected!	
GOBP_NEGATIVE_REGULATION_OF_ACTIN_FILAMENT_BUNDLE_ASSEMBLY	36	29		
GOBP_NEGATIVE_REGULATION_OF_ACTIN_FILAMENT_DEPOLYMERIZATION	44	42		
GOBP_NEGATIVE_REGULATION_OF_ACTIN_FILAMENT_POLYMERIZATION	65	60		
GOBP_NEGATIVE_REGULATION_OF_ACTIN_NUCLEATION	9		Rejected!	
GOBP_NEGATIVE_REGULATION_OF_ACTION_POTENTIAL	6		Rejected!	
GOBP_NEGATIVE_REGULATION_OF_ACTIVATED_T_CELL_PROLIFERATION	15		Rejected!	
GOBP_NEGATIVE_REGULATION_OF_ACTIVIN_RECEPTOR_SIGNALING_PATHWAY	17	16		
GOBP_NEGATIVE_REGULATION_OF_ACUTE_INFLAMMATORY_RESPONSE	12		Rejected!	
GOBP_NEGATIVE_REGULATION_OF_ACUTE_INFLAMMATORY_RESPONSE_TO_ANTIGENIC_STIMULUS	6		Rejected!	
GOBP_NEGATIVE_REGULATION_OF_ADAPTIVE_IMMUNE_RESPONSE	64	61		
GOBP_NEGATIVE_REGULATION_OF_ADENYLATE_CYCLASE_ACTIVATING_ADRENERGIC_RECEPTOR_SIGNALING_PATHWAY	5		Rejected!	
GOBP_NEGATIVE_REGULATION_OF_ADENYLATE_CYCLASE_ACTIVATING_G_PROTEIN_COUPLED_RECEPTOR_SIGNALING_PATHWAY	14		Rejected!	
GOBP_NEGATIVE_REGULATION_OF_ADIPOSE_TISSUE_DEVELOPMENT	5		Rejected!	
GOBP_NEGATIVE_REGULATION_OF_ALCOHOL_BIOSYNTHETIC_PROCESS	19		Rejected!	
GOBP_NEGATIVE_REGULATION_OF_ALPHA_BETA_T_CELL_ACTIVATION	45	44		
GOBP_NEGATIVE_REGULATION_OF_ALPHA_BETA_T_CELL_DIFFERENTIATION	26	26		
GOBP_NEGATIVE_REGULATION_OF_ALPHA_BETA_T_CELL_PROLIFERATION	16	15		
GOBP_NEGATIVE_REGULATION_OF_AMIDE_METABOLIC_PROCESS	34	23		
GOBP_NEGATIVE_REGULATION_OF_AMINE_METABOLIC_PROCESS	6		Rejected!	
GOBP_NEGATIVE_REGULATION_OF_AMINE_TRANSPORT	27	27		
GOBP_NEGATIVE_REGULATION_OF_AMINO_ACID_TRANSPORT	15	15		
GOBP_NEGATIVE_REGULATION_OF_AMYLOID_BETA_CLEARANCE	11		Rejected!	
GOBP_NEGATIVE_REGULATION_OF_AMYLOID_FIBRIL_FORMATION	13		Rejected!	
GOBP_NEGATIVE_REGULATION_OF_AMYLOID_PRECURSOR_PROTEIN_BIOSYNTHETIC_PROCESS	20		Rejected!	
GOBP_NEGATIVE_REGULATION_OF_AMYLOID_PRECURSOR_PROTEIN_CATABOLIC_PROCESS	31	19		
GOBP_NEGATIVE_REGULATION_OF_ANDROGEN_RECEPTOR_SIGNALING_PATHWAY	15		Rejected!	
GOBP_NEGATIVE_REGULATION_OF_ANOIKIS	18	18		
GOBP_NEGATIVE_REGULATION_OF_ANTIGEN_PROCESSING_AND_PRESENTATION	9		Rejected!	
GOBP_NEGATIVE_REGULATION_OF_ANTIGEN_RECEPTOR_MEDIATED_SIGNALING_PATHWAY	34	32		
GOBP_NEGATIVE_REGULATION_OF_APOPTOTIC_PROCESS_INVOLVED_IN_DEVELOPMENT	6		Rejected!	
GOBP_NEGATIVE_REGULATION_OF_APOPTOTIC_SIGNALING_PATHWAY	244	217		
GOBP_NEGATIVE_REGULATION_OF_ARP2_3_COMPLEX_MEDIATED_ACTIN_NUCLEATION	7		Rejected!	
GOBP_NEGATIVE_REGULATION_OF_ASTROCYTE_ACTIVATION	5		Rejected!	
GOBP_NEGATIVE_REGULATION_OF_ASTROCYTE_DIFFERENTIATION	16		Rejected!	
GOBP_NEGATIVE_REGULATION_OF_ATP_DEPENDENT_ACTIVITY	17	16		
GOBP_NEGATIVE_REGULATION_OF_AUTOPHAGOSOME_ASSEMBLY	13		Rejected!	
GOBP_NEGATIVE_REGULATION_OF_AUTOPHAGOSOME_MATURATION	5		Rejected!	
GOBP_NEGATIVE_REGULATION_OF_AUTOPHAGY	94	88		
GOBP_NEGATIVE_REGULATION_OF_AUTOPHAGY_OF_MITOCHONDRION	7		Rejected!	
GOBP_NEGATIVE_REGULATION_OF_AXONOGENESIS	51	50		
GOBP_NEGATIVE_REGULATION_OF_AXON_EXTENSION	31	31		
GOBP_NEGATIVE_REGULATION_OF_AXON_EXTENSION_INVOLVED_IN_AXON_GUIDANCE	10		Rejected!	
GOBP_NEGATIVE_REGULATION_OF_BEHAVIOR	13		Rejected!	
GOBP_NEGATIVE_REGULATION_OF_BICELLULAR_TIGHT_JUNCTION_ASSEMBLY	6		Rejected!	
GOBP_NEGATIVE_REGULATION_OF_BINDING	109	102		
GOBP_NEGATIVE_REGULATION_OF_BIOMINERAL_TISSUE_DEVELOPMENT	29	26		
GOBP_NEGATIVE_REGULATION_OF_BLOOD_CIRCULATION	25	22		
GOBP_NEGATIVE_REGULATION_OF_BLOOD_PRESSURE	50	45		
GOBP_NEGATIVE_REGULATION_OF_BLOOD_VESSEL_ENDOTHELIAL_CELL_MIGRATION	82	34		
GOBP_NEGATIVE_REGULATION_OF_BLOOD_VESSEL_ENDOTHELIAL_CELL_PROLIFERATION_INVOLVED_IN_SPROUTING_ANGIOGENESIS	26		Rejected!	
GOBP_NEGATIVE_REGULATION_OF_BMP_SIGNALING_PATHWAY	73	53		
GOBP_NEGATIVE_REGULATION_OF_BONE_MINERALIZATION	20	17		
GOBP_NEGATIVE_REGULATION_OF_BONE_REMODELING	18	18		
GOBP_NEGATIVE_REGULATION_OF_BROWN_FAT_CELL_DIFFERENTIATION	5		Rejected!	
GOBP_NEGATIVE_REGULATION_OF_B_CELL_ACTIVATION	32	31		
GOBP_NEGATIVE_REGULATION_OF_B_CELL_APOPTOTIC_PROCESS	15		Rejected!	
GOBP_NEGATIVE_REGULATION_OF_B_CELL_DIFFERENTIATION	6		Rejected!	
GOBP_NEGATIVE_REGULATION_OF_B_CELL_MEDIATED_IMMUNITY	15		Rejected!	
GOBP_NEGATIVE_REGULATION_OF_B_CELL_PROLIFERATION	17	16		
GOBP_NEGATIVE_REGULATION_OF_B_CELL_RECEPTOR_SIGNALING_PATHWAY	8		Rejected!	
GOBP_NEGATIVE_REGULATION_OF_CALCINEURIN_MEDIATED_SIGNALING	15	15		
GOBP_NEGATIVE_REGULATION_OF_CALCIUM_ION_DEPENDENT_EXOCYTOSIS	8		Rejected!	
GOBP_NEGATIVE_REGULATION_OF_CALCIUM_ION_EXPORT_ACROSS_PLASMA_MEMBRANE	5		Rejected!	
GOBP_NEGATIVE_REGULATION_OF_CALCIUM_ION_IMPORT	18		Rejected!	
GOBP_NEGATIVE_REGULATION_OF_CALCIUM_ION_IMPORT_ACROSS_PLASMA_MEMBRANE	8		Rejected!	
GOBP_NEGATIVE_REGULATION_OF_CALCIUM_ION_TRANSMEMBRANE_TRANSPORT	52	44		
GOBP_NEGATIVE_REGULATION_OF_CALCIUM_ION_TRANSMEMBRANE_TRANSPORTER_ACTIVITY	30	24		
GOBP_NEGATIVE_REGULATION_OF_CALCIUM_ION_TRANSMEMBRANE_TRANSPORT_VIA_HIGH_VOLTAGE_GATED_CALCIUM_CHANNEL	5		Rejected!	
GOBP_NEGATIVE_REGULATION_OF_CALCIUM_ION_TRANSPORT	70	59		
GOBP_NEGATIVE_REGULATION_OF_CALCIUM_MEDIATED_SIGNALING	22	21		
GOBP_NEGATIVE_REGULATION_OF_CAMP_DEPENDENT_PROTEIN_KINASE_ACTIVITY	8		Rejected!	
GOBP_NEGATIVE_REGULATION_OF_CAMP_MEDIATED_SIGNALING	9		Rejected!	
GOBP_NEGATIVE_REGULATION_OF_CANONICAL_NF_KAPPAB_SIGNAL_TRANSDUCTION	66	53		
GOBP_NEGATIVE_REGULATION_OF_CANONICAL_WNT_SIGNALING_PATHWAY	145	127		
GOBP_NEGATIVE_REGULATION_OF_CARBOHYDRATE_METABOLIC_PROCESS	57	47		
GOBP_NEGATIVE_REGULATION_OF_CARDIAC_MUSCLE_ADAPTATION	8		Rejected!	
GOBP_NEGATIVE_REGULATION_OF_CARDIAC_MUSCLE_CELL_DIFFERENTIATION	11		Rejected!	
GOBP_NEGATIVE_REGULATION_OF_CARDIAC_MUSCLE_CELL_PROLIFERATION	16		Rejected!	
GOBP_NEGATIVE_REGULATION_OF_CARDIAC_MUSCLE_CONTRACTION	7		Rejected!	
GOBP_NEGATIVE_REGULATION_OF_CARDIAC_MUSCLE_TISSUE_GROWTH	28	21		
GOBP_NEGATIVE_REGULATION_OF_CARDIOCYTE_DIFFERENTIATION	14		Rejected!	
GOBP_NEGATIVE_REGULATION_OF_CARTILAGE_DEVELOPMENT	31	26		
GOBP_NEGATIVE_REGULATION_OF_CATABOLIC_PROCESS	359	328		
GOBP_NEGATIVE_REGULATION_OF_CATALYTIC_ACTIVITY	439	396		
GOBP_NEGATIVE_REGULATION_OF_CATECHOLAMINE_SECRETION	13		Rejected!	
GOBP_NEGATIVE_REGULATION_OF_CATION_CHANNEL_ACTIVITY	47	32		
GOBP_NEGATIVE_REGULATION_OF_CD4_POSITIVE_ALPHA_BETA_T_CELL_ACTIVATION	33	32		
GOBP_NEGATIVE_REGULATION_OF_CD4_POSITIVE_ALPHA_BETA_T_CELL_DIFFERENTIATION	21	21		
GOBP_NEGATIVE_REGULATION_OF_CD4_POSITIVE_ALPHA_BETA_T_CELL_PROLIFERATION	12		Rejected!	
GOBP_NEGATIVE_REGULATION_OF_CD8_POSITIVE_ALPHA_BETA_T_CELL_ACTIVATION	8		Rejected!	
GOBP_NEGATIVE_REGULATION_OF_CELLULAR_CATABOLIC_PROCESS	119	112		
GOBP_NEGATIVE_REGULATION_OF_CELLULAR_COMPONENT_ORGANIZATION	732		Rejected!	
GOBP_NEGATIVE_REGULATION_OF_CELLULAR_EXTRAVASATION	9		Rejected!	
GOBP_NEGATIVE_REGULATION_OF_CELLULAR_RESPIRATION	9		Rejected!	
GOBP_NEGATIVE_REGULATION_OF_CELLULAR_RESPONSE_TO_GROWTH_FACTOR_STIMULUS	139	98		
GOBP_NEGATIVE_REGULATION_OF_CELLULAR_RESPONSE_TO_HYPOXIA	10		Rejected!	
GOBP_NEGATIVE_REGULATION_OF_CELLULAR_RESPONSE_TO_INSULIN_STIMULUS	46	41		
GOBP_NEGATIVE_REGULATION_OF_CELLULAR_RESPONSE_TO_OXIDATIVE_STRESS	5		Rejected!	
GOBP_NEGATIVE_REGULATION_OF_CELLULAR_RESPONSE_TO_TRANSFORMING_GROWTH_FACTOR_BETA_STIMULUS	14		Rejected!	
GOBP_NEGATIVE_REGULATION_OF_CELLULAR_RESPONSE_TO_VASCULAR_ENDOTHELIAL_GROWTH_FACTOR_STIMULUS	19		Rejected!	
GOBP_NEGATIVE_REGULATION_OF_CELLULAR_SENESCENCE	26	23		
GOBP_NEGATIVE_REGULATION_OF_CELL_ACTIVATION	217	200		
GOBP_NEGATIVE_REGULATION_OF_CELL_ADHESION	312	282		
GOBP_NEGATIVE_REGULATION_OF_CELL_ADHESION_MEDIATED_BY_INTEGRIN	12		Rejected!	
GOBP_NEGATIVE_REGULATION_OF_CELL_ADHESION_MOLECULE_PRODUCTION	14		Rejected!	
GOBP_NEGATIVE_REGULATION_OF_CELL_CELL_ADHESION	205	186		
GOBP_NEGATIVE_REGULATION_OF_CELL_CELL_ADHESION_MEDIATED_BY_CADHERIN	10		Rejected!	
GOBP_NEGATIVE_REGULATION_OF_CELL_CHEMOTAXIS_TO_FIBROBLAST_GROWTH_FACTOR	5		Rejected!	
GOBP_NEGATIVE_REGULATION_OF_CELL_CYCLE	408	355		
GOBP_NEGATIVE_REGULATION_OF_CELL_CYCLE_G1_S_PHASE_TRANSITION	94	74		
GOBP_NEGATIVE_REGULATION_OF_CELL_CYCLE_G2_M_PHASE_TRANSITION	72	60		
GOBP_NEGATIVE_REGULATION_OF_CELL_CYCLE_PROCESS	318	276		
GOBP_NEGATIVE_REGULATION_OF_CELL_DEVELOPMENT	271	249		
GOBP_NEGATIVE_REGULATION_OF_CELL_DIFFERENTIATION	721		Rejected!	
GOBP_NEGATIVE_REGULATION_OF_CELL_DIVISION	17	15		
GOBP_NEGATIVE_REGULATION_OF_CELL_FATE_COMMITMENT	10		Rejected!	
GOBP_NEGATIVE_REGULATION_OF_CELL_GROWTH	173	163		
GOBP_NEGATIVE_REGULATION_OF_CELL_GROWTH_INVOLVED_IN_CARDIAC_MUSCLE_CELL_DEVELOPMENT	13		Rejected!	
GOBP_NEGATIVE_REGULATION_OF_CELL_JUNCTION_ASSEMBLY	32	30		
GOBP_NEGATIVE_REGULATION_OF_CELL_KILLING	29	29		
GOBP_NEGATIVE_REGULATION_OF_CELL_MATRIX_ADHESION	40	35		
GOBP_NEGATIVE_REGULATION_OF_CELL_MATURATION	8		Rejected!	
GOBP_NEGATIVE_REGULATION_OF_CELL_MIGRATION_INVOLVED_IN_SPROUTING_ANGIOGENESIS	45	15		
GOBP_NEGATIVE_REGULATION_OF_CELL_POPULATION_PROLIFERATION	791		Rejected!	
GOBP_NEGATIVE_REGULATION_OF_CELL_PROJECTION_ORGANIZATION	183	166		
GOBP_NEGATIVE_REGULATION_OF_CELL_PROLIFERATION_INVOLVED_IN_KIDNEY_DEVELOPMENT	6		Rejected!	
GOBP_NEGATIVE_REGULATION_OF_CELL_SIZE	9		Rejected!	
GOBP_NEGATIVE_REGULATION_OF_CELL_SUBSTRATE_ADHESION	65	58		
GOBP_NEGATIVE_REGULATION_OF_CELL_SUBSTRATE_JUNCTION_ORGANIZATION	16	16		
GOBP_NEGATIVE_REGULATION_OF_CELL_VOLUME	5		Rejected!	
GOBP_NEGATIVE_REGULATION_OF_CENTRIOLE_REPLICATION	7		Rejected!	
GOBP_NEGATIVE_REGULATION_OF_CENTROSOME_DUPLICATION	12		Rejected!	
GOBP_NEGATIVE_REGULATION_OF_CERAMIDE_BIOSYNTHETIC_PROCESS	5		Rejected!	
GOBP_NEGATIVE_REGULATION_OF_CGAS_STING_SIGNALING_PATHWAY	12		Rejected!	
GOBP_NEGATIVE_REGULATION_OF_CGMP_MEDIATED_SIGNALING	6		Rejected!	
GOBP_NEGATIVE_REGULATION_OF_CHEMOKINE_C_C_MOTIF_LIGAND_5_PRODUCTION	5		Rejected!	
GOBP_NEGATIVE_REGULATION_OF_CHEMOKINE_C_X_C_MOTIF_LIGAND_2_PRODUCTION	6		Rejected!	
GOBP_NEGATIVE_REGULATION_OF_CHEMOKINE_MEDIATED_SIGNALING_PATHWAY	9		Rejected!	
GOBP_NEGATIVE_REGULATION_OF_CHEMOKINE_PRODUCTION	31	21		
GOBP_NEGATIVE_REGULATION_OF_CHEMOTAXIS	52	43		
GOBP_NEGATIVE_REGULATION_OF_CHOLESTEROL_EFFLUX	22		Rejected!	
GOBP_NEGATIVE_REGULATION_OF_CHOLESTEROL_METABOLIC_PROCESS	11		Rejected!	
GOBP_NEGATIVE_REGULATION_OF_CHOLESTEROL_STORAGE	11		Rejected!	
GOBP_NEGATIVE_REGULATION_OF_CHONDROCYTE_DIFFERENTIATION	24	20		
GOBP_NEGATIVE_REGULATION_OF_CHONDROCYTE_PROLIFERATION	5		Rejected!	
GOBP_NEGATIVE_REGULATION_OF_CHROMATIN_ORGANIZATION	6		Rejected!	
GOBP_NEGATIVE_REGULATION_OF_CHROMOSOME_ORGANIZATION	95	88		
GOBP_NEGATIVE_REGULATION_OF_CHROMOSOME_SEGREGATION	51	50		
GOBP_NEGATIVE_REGULATION_OF_CILIUM_ASSEMBLY	21	19		
GOBP_NEGATIVE_REGULATION_OF_CIRCADIAN_RHYTHM	12		Rejected!	
GOBP_NEGATIVE_REGULATION_OF_COAGULATION	53	51		
GOBP_NEGATIVE_REGULATION_OF_COLD_INDUCED_THERMOGENESIS	48	46		
GOBP_NEGATIVE_REGULATION_OF_COLLAGEN_METABOLIC_PROCESS	12		Rejected!	
GOBP_NEGATIVE_REGULATION_OF_COLLATERAL_SPROUTING	11		Rejected!	
GOBP_NEGATIVE_REGULATION_OF_COMPLEMENT_ACTIVATION	13		Rejected!	
GOBP_NEGATIVE_REGULATION_OF_CYCLASE_ACTIVITY	15	15		
GOBP_NEGATIVE_REGULATION_OF_CYCLIN_DEPENDENT_PROTEIN_SERINE_THREONINE_KINASE_ACTIVITY	23	20		
GOBP_NEGATIVE_REGULATION_OF_CYSTEINE_TYPE_ENDOPEPTIDASE_ACTIVITY	62	60		
GOBP_NEGATIVE_REGULATION_OF_CYSTEINE_TYPE_ENDOPEPTIDASE_ACTIVITY_INVOLVED_IN_APOPTOTIC_PROCESS	49	47		
GOBP_NEGATIVE_REGULATION_OF_CYSTEINE_TYPE_ENDOPEPTIDASE_ACTIVITY_INVOLVED_IN_APOPTOTIC_SIGNALING_PATHWAY	5		Rejected!	
GOBP_NEGATIVE_REGULATION_OF_CYTOKINESIS	7		Rejected!	
GOBP_NEGATIVE_REGULATION_OF_CYTOKINE_PRODUCTION	385	274		
GOBP_NEGATIVE_REGULATION_OF_CYTOKINE_PRODUCTION_INVOLVED_IN_IMMUNE_RESPONSE	35	33		
GOBP_NEGATIVE_REGULATION_OF_CYTOKINE_PRODUCTION_INVOLVED_IN_INFLAMMATORY_RESPONSE	41	23		
GOBP_NEGATIVE_REGULATION_OF_CYTOPLASMIC_PATTERN_RECOGNITION_RECEPTOR_SIGNALING_PATHWAY	55	49		
GOBP_NEGATIVE_REGULATION_OF_CYTOPLASMIC_TRANSLATION	10		Rejected!	
GOBP_NEGATIVE_REGULATION_OF_CYTOSKELETON_ORGANIZATION	164	145		
GOBP_NEGATIVE_REGULATION_OF_CYTOSOLIC_CALCIUM_ION_CONCENTRATION	13		Rejected!	
GOBP_NEGATIVE_REGULATION_OF_DEFENSE_RESPONSE	294	242		
GOBP_NEGATIVE_REGULATION_OF_DEFENSE_RESPONSE_TO_BACTERIUM	5		Rejected!	
GOBP_NEGATIVE_REGULATION_OF_DEFENSE_RESPONSE_TO_VIRUS	18	15		
GOBP_NEGATIVE_REGULATION_OF_DELAYED_RECTIFIER_POTASSIUM_CHANNEL_ACTIVITY	10		Rejected!	
GOBP_NEGATIVE_REGULATION_OF_DENDRITE_DEVELOPMENT	8		Rejected!	
GOBP_NEGATIVE_REGULATION_OF_DENDRITE_MORPHOGENESIS	8		Rejected!	
GOBP_NEGATIVE_REGULATION_OF_DENDRITIC_CELL_APOPTOTIC_PROCESS	9		Rejected!	
GOBP_NEGATIVE_REGULATION_OF_DENDRITIC_CELL_DIFFERENTIATION	6		Rejected!	
GOBP_NEGATIVE_REGULATION_OF_DENDRITIC_SPINE_DEVELOPMENT	13		Rejected!	
GOBP_NEGATIVE_REGULATION_OF_DENDRITIC_SPINE_MORPHOGENESIS	6		Rejected!	
GOBP_NEGATIVE_REGULATION_OF_DEPHOSPHORYLATION	31	29		
GOBP_NEGATIVE_REGULATION_OF_DEVELOPMENTAL_GROWTH	99	91		
GOBP_NEGATIVE_REGULATION_OF_DEVELOPMENTAL_PROCESS	1007		Rejected!	
GOBP_NEGATIVE_REGULATION_OF_DIGESTIVE_SYSTEM_PROCESS	15	15		
GOBP_NEGATIVE_REGULATION_OF_DNA_BINDING	30	29		
GOBP_NEGATIVE_REGULATION_OF_DNA_BINDING_TRANSCRIPTION_FACTOR_ACTIVITY	153	133		
GOBP_NEGATIVE_REGULATION_OF_DNA_BIOSYNTHETIC_PROCESS	35	31		
GOBP_NEGATIVE_REGULATION_OF_DNA_CATABOLIC_PROCESS	5		Rejected!	
GOBP_NEGATIVE_REGULATION_OF_DNA_DAMAGE_RESPONSE_SIGNAL_TRANSDUCTION_BY_P53_CLASS_MEDIATOR	15		Rejected!	
GOBP_NEGATIVE_REGULATION_OF_DNA_METABOLIC_PROCESS	145	116		
GOBP_NEGATIVE_REGULATION_OF_DNA_RECOMBINATION	52	35		
GOBP_NEGATIVE_REGULATION_OF_DNA_REPAIR	42	33		
GOBP_NEGATIVE_REGULATION_OF_DNA_REPLICATION	26	23		
GOBP_NEGATIVE_REGULATION_OF_DNA_TEMPLATED_DNA_REPLICATION	10		Rejected!	
GOBP_NEGATIVE_REGULATION_OF_DNA_TEMPLATED_TRANSCRIPTION_ELONGATION	23	23		
GOBP_NEGATIVE_REGULATION_OF_DNA_TEMPLATED_TRANSCRIPTION_INITIATION	8		Rejected!	
GOBP_NEGATIVE_REGULATION_OF_DOPAMINE_SECRETION	5		Rejected!	
GOBP_NEGATIVE_REGULATION_OF_DOUBLE_STRAND_BREAK_REPAIR_VIA_HOMOLOGOUS_RECOMBINATION	26	20		
GOBP_NEGATIVE_REGULATION_OF_DOUBLE_STRAND_BREAK_REPAIR_VIA_NONHOMOLOGOUS_END_JOINING	8		Rejected!	
GOBP_NEGATIVE_REGULATION_OF_ENDOCYTOSIS	77	67		
GOBP_NEGATIVE_REGULATION_OF_ENDOPLASMIC_RETICULUM_CALCIUM_ION_CONCENTRATION	6		Rejected!	
GOBP_NEGATIVE_REGULATION_OF_ENDOPLASMIC_RETICULUM_STRESS_INDUCED_INTRINSIC_APOPTOTIC_SIGNALING_PATHWAY	20	17		
GOBP_NEGATIVE_REGULATION_OF_ENDOPLASMIC_RETICULUM_UNFOLDED_PROTEIN_RESPONSE	15		Rejected!	
GOBP_NEGATIVE_REGULATION_OF_ENDOTHELIAL_CELL_APOPTOTIC_PROCESS	38	33		
GOBP_NEGATIVE_REGULATION_OF_ENDOTHELIAL_CELL_CHEMOTAXIS	7		Rejected!	
GOBP_NEGATIVE_REGULATION_OF_ENDOTHELIAL_CELL_DIFFERENTIATION	11		Rejected!	
GOBP_NEGATIVE_REGULATION_OF_ENDOTHELIAL_CELL_PROLIFERATION	78	37		
GOBP_NEGATIVE_REGULATION_OF_EPIDERMAL_GROWTH_FACTOR_ACTIVATED_RECEPTOR_ACTIVITY	13		Rejected!	
GOBP_NEGATIVE_REGULATION_OF_EPIDERMAL_GROWTH_FACTOR_RECEPTOR_SIGNALING_PATHWAY	27	26		
GOBP_NEGATIVE_REGULATION_OF_EPIDERMIS_DEVELOPMENT	13		Rejected!	
GOBP_NEGATIVE_REGULATION_OF_EPINEPHRINE_SECRETION	5		Rejected!	
GOBP_NEGATIVE_REGULATION_OF_EPITHELIAL_CELL_APOPTOTIC_PROCESS	67	61		
GOBP_NEGATIVE_REGULATION_OF_EPITHELIAL_CELL_DIFFERENTIATION	55	48		
GOBP_NEGATIVE_REGULATION_OF_EPITHELIAL_CELL_MIGRATION	118	65		
GOBP_NEGATIVE_REGULATION_OF_EPITHELIAL_CELL_PROLIFERATION	174	128		
GOBP_NEGATIVE_REGULATION_OF_EPITHELIAL_CELL_PROLIFERATION_INVOLVED_IN_PROSTATE_GLAND_DEVELOPMENT	6		Rejected!	
GOBP_NEGATIVE_REGULATION_OF_EPITHELIAL_TO_MESENCHYMAL_TRANSITION	53	35		
GOBP_NEGATIVE_REGULATION_OF_ERAD_PATHWAY	7		Rejected!	
GOBP_NEGATIVE_REGULATION_OF_ERBB_SIGNALING_PATHWAY	32	30		
GOBP_NEGATIVE_REGULATION_OF_ERK1_AND_ERK2_CASCADE	75	62		
GOBP_NEGATIVE_REGULATION_OF_ERYTHROCYTE_DIFFERENTIATION	8		Rejected!	
GOBP_NEGATIVE_REGULATION_OF_ESTABLISHMENT_OF_PROTEIN_LOCALIZATION	134	119		
GOBP_NEGATIVE_REGULATION_OF_ESTABLISHMENT_OF_PROTEIN_LOCALIZATION_TO_MITOCHONDRION	7		Rejected!	
GOBP_NEGATIVE_REGULATION_OF_EXCITATORY_POSTSYNAPTIC_POTENTIAL	11		Rejected!	
GOBP_NEGATIVE_REGULATION_OF_EXECUTION_PHASE_OF_APOPTOSIS	9		Rejected!	
GOBP_NEGATIVE_REGULATION_OF_EXOCYTOSIS	36	34		
GOBP_NEGATIVE_REGULATION_OF_EXTRACELLULAR_MATRIX_ASSEMBLY	12		Rejected!	
GOBP_NEGATIVE_REGULATION_OF_EXTRACELLULAR_MATRIX_DISASSEMBLY	6		Rejected!	
GOBP_NEGATIVE_REGULATION_OF_EXTRACELLULAR_MATRIX_ORGANIZATION	22		Rejected!	
GOBP_NEGATIVE_REGULATION_OF_EXTRINSIC_APOPTOTIC_SIGNALING_PATHWAY	100	93		
GOBP_NEGATIVE_REGULATION_OF_EXTRINSIC_APOPTOTIC_SIGNALING_PATHWAY_VIA_DEATH_DOMAIN_RECEPTORS	31	29		
GOBP_NEGATIVE_REGULATION_OF_FATTY_ACID_BETA_OXIDATION	6		Rejected!	
GOBP_NEGATIVE_REGULATION_OF_FATTY_ACID_BIOSYNTHETIC_PROCESS	26	18		
GOBP_NEGATIVE_REGULATION_OF_FATTY_ACID_METABOLIC_PROCESS	42	34		
GOBP_NEGATIVE_REGULATION_OF_FATTY_ACID_OXIDATION	14		Rejected!	
GOBP_NEGATIVE_REGULATION_OF_FATTY_ACID_TRANSPORT	7		Rejected!	
GOBP_NEGATIVE_REGULATION_OF_FAT_CELL_DIFFERENTIATION	62	49		
GOBP_NEGATIVE_REGULATION_OF_FAT_CELL_PROLIFERATION	5		Rejected!	
GOBP_NEGATIVE_REGULATION_OF_FEEDING_BEHAVIOR	6		Rejected!	
GOBP_NEGATIVE_REGULATION_OF_FERROPTOSIS	8		Rejected!	
GOBP_NEGATIVE_REGULATION_OF_FERTILIZATION	7		Rejected!	
GOBP_NEGATIVE_REGULATION_OF_FIBRINOLYSIS	13		Rejected!	
GOBP_NEGATIVE_REGULATION_OF_FIBROBLAST_APOPTOTIC_PROCESS	8		Rejected!	
GOBP_NEGATIVE_REGULATION_OF_FIBROBLAST_GROWTH_FACTOR_PRODUCTION	6		Rejected!	
GOBP_NEGATIVE_REGULATION_OF_FIBROBLAST_GROWTH_FACTOR_RECEPTOR_SIGNALING_PATHWAY	25	19		
GOBP_NEGATIVE_REGULATION_OF_FIBROBLAST_MIGRATION	13		Rejected!	
GOBP_NEGATIVE_REGULATION_OF_FIBROBLAST_PROLIFERATION	35	34		
GOBP_NEGATIVE_REGULATION_OF_FILOPODIUM_ASSEMBLY	5		Rejected!	
GOBP_NEGATIVE_REGULATION_OF_G0_TO_G1_TRANSITION	8		Rejected!	
GOBP_NEGATIVE_REGULATION_OF_GENE_EXPRESSION	1671		Rejected!	
GOBP_NEGATIVE_REGULATION_OF_GENE_EXPRESSION_EPIGENETIC	178	133		
GOBP_NEGATIVE_REGULATION_OF_GENE_EXPRESSION_VIA_CHROMOSOMAL_CPG_ISLAND_METHYLATION	15		Rejected!	
GOBP_NEGATIVE_REGULATION_OF_GLIAL_CELL_APOPTOTIC_PROCESS	10		Rejected!	
GOBP_NEGATIVE_REGULATION_OF_GLIAL_CELL_DIFFERENTIATION	28	25		
GOBP_NEGATIVE_REGULATION_OF_GLIAL_CELL_MIGRATION	6		Rejected!	
GOBP_NEGATIVE_REGULATION_OF_GLIAL_CELL_PROLIFERATION	17	16		
GOBP_NEGATIVE_REGULATION_OF_GLIOGENESIS	45	41		
GOBP_NEGATIVE_REGULATION_OF_GLUCOCORTICOID_METABOLIC_PROCESS	5		Rejected!	
GOBP_NEGATIVE_REGULATION_OF_GLUCONEOGENESIS	19	15		
GOBP_NEGATIVE_REGULATION_OF_GLUCOSE_IMPORT	16		Rejected!	
GOBP_NEGATIVE_REGULATION_OF_GLUCOSE_TRANSMEMBRANE_TRANSPORT	21	17		
GOBP_NEGATIVE_REGULATION_OF_GLUTAMATE_SECRETION	5		Rejected!	
GOBP_NEGATIVE_REGULATION_OF_GLYCOGEN_METABOLIC_PROCESS	10		Rejected!	
GOBP_NEGATIVE_REGULATION_OF_GLYCOPROTEIN_METABOLIC_PROCESS	28		Rejected!	
GOBP_NEGATIVE_REGULATION_OF_GONADOTROPIN_SECRETION	8		Rejected!	
GOBP_NEGATIVE_REGULATION_OF_GRANULOCYTE_CHEMOTAXIS	5		Rejected!	
GOBP_NEGATIVE_REGULATION_OF_GRANULOCYTE_DIFFERENTIATION	8		Rejected!	
GOBP_NEGATIVE_REGULATION_OF_GROWTH	230	214		
GOBP_NEGATIVE_REGULATION_OF_GTPASE_ACTIVITY	20	19		
GOBP_NEGATIVE_REGULATION_OF_G_PROTEIN_COUPLED_RECEPTOR_SIGNALING_PATHWAY	66	61		
GOBP_NEGATIVE_REGULATION_OF_HAIR_FOLLICLE_DEVELOPMENT	5		Rejected!	
GOBP_NEGATIVE_REGULATION_OF_HEART_RATE	12		Rejected!	
GOBP_NEGATIVE_REGULATION_OF_HEMATOPOIETIC_PROGENITOR_CELL_DIFFERENTIATION	14		Rejected!	
GOBP_NEGATIVE_REGULATION_OF_HEMATOPOIETIC_STEM_CELL_DIFFERENTIATION	5		Rejected!	
GOBP_NEGATIVE_REGULATION_OF_HEMATOPOIETIC_STEM_CELL_PROLIFERATION	5		Rejected!	
GOBP_NEGATIVE_REGULATION_OF_HEMOPOIESIS	117	107		
GOBP_NEGATIVE_REGULATION_OF_HEPATOCYTE_APOPTOTIC_PROCESS	7		Rejected!	
GOBP_NEGATIVE_REGULATION_OF_HETEROCHROMATIN_FORMATION	5		Rejected!	
GOBP_NEGATIVE_REGULATION_OF_HIPPO_SIGNALING	22	22		
GOBP_NEGATIVE_REGULATION_OF_HOMOTYPIC_CELL_CELL_ADHESION	13		Rejected!	
GOBP_NEGATIVE_REGULATION_OF_HORMONE_BIOSYNTHETIC_PROCESS	10		Rejected!	
GOBP_NEGATIVE_REGULATION_OF_HORMONE_METABOLIC_PROCESS	12		Rejected!	
GOBP_NEGATIVE_REGULATION_OF_HORMONE_SECRETION	68	65		
GOBP_NEGATIVE_REGULATION_OF_HUMORAL_IMMUNE_RESPONSE	17	15		
GOBP_NEGATIVE_REGULATION_OF_HUMORAL_IMMUNE_RESPONSE_MEDIATED_BY_CIRCULATING_IMMUNOGLOBULIN	11		Rejected!	
GOBP_NEGATIVE_REGULATION_OF_HYDROGEN_PEROXIDE_MEDIATED_PROGRAMMED_CELL_DEATH	12		Rejected!	
GOBP_NEGATIVE_REGULATION_OF_HYDROGEN_PEROXIDE_METABOLIC_PROCESS	6		Rejected!	
GOBP_NEGATIVE_REGULATION_OF_HYDROLASE_ACTIVITY	197	181		
GOBP_NEGATIVE_REGULATION_OF_HYPOXIA_INDUCED_INTRINSIC_APOPTOTIC_SIGNALING_PATHWAY	6		Rejected!	
GOBP_NEGATIVE_REGULATION_OF_IMMATURE_T_CELL_PROLIFERATION	5		Rejected!	
GOBP_NEGATIVE_REGULATION_OF_IMMUNE_EFFECTOR_PROCESS	124	120		
GOBP_NEGATIVE_REGULATION_OF_IMMUNE_RESPONSE	199	186		
GOBP_NEGATIVE_REGULATION_OF_IMMUNE_SYSTEM_PROCESS	535	481		
GOBP_NEGATIVE_REGULATION_OF_IMMUNOGLOBULIN_PRODUCTION	12		Rejected!	
GOBP_NEGATIVE_REGULATION_OF_INCLUSION_BODY_ASSEMBLY	12		Rejected!	
GOBP_NEGATIVE_REGULATION_OF_INFLAMMASOME_MEDIATED_SIGNALING_PATHWAY	18		Rejected!	
GOBP_NEGATIVE_REGULATION_OF_INFLAMMATORY_RESPONSE	202	154		
GOBP_NEGATIVE_REGULATION_OF_INFLAMMATORY_RESPONSE_TO_ANTIGENIC_STIMULUS	33	27		
GOBP_NEGATIVE_REGULATION_OF_INFLAMMATORY_RESPONSE_TO_WOUNDING	9		Rejected!	
GOBP_NEGATIVE_REGULATION_OF_INNATE_IMMUNE_RESPONSE	90	86		
GOBP_NEGATIVE_REGULATION_OF_INSULIN_LIKE_GROWTH_FACTOR_RECEPTOR_SIGNALING_PATHWAY	9		Rejected!	
GOBP_NEGATIVE_REGULATION_OF_INSULIN_SECRETION_INVOLVED_IN_CELLULAR_RESPONSE_TO_GLUCOSE_STIMULUS	9		Rejected!	
GOBP_NEGATIVE_REGULATION_OF_INTERFERON_ALPHA_PRODUCTION	6		Rejected!	
GOBP_NEGATIVE_REGULATION_OF_INTERFERON_BETA_PRODUCTION	15		Rejected!	
GOBP_NEGATIVE_REGULATION_OF_INTERLEUKIN_10_PRODUCTION	24	18		
GOBP_NEGATIVE_REGULATION_OF_INTERLEUKIN_12_PRODUCTION	19	18		
GOBP_NEGATIVE_REGULATION_OF_INTERLEUKIN_13_PRODUCTION	7		Rejected!	
GOBP_NEGATIVE_REGULATION_OF_INTERLEUKIN_17_PRODUCTION	23		Rejected!	
GOBP_NEGATIVE_REGULATION_OF_INTERLEUKIN_18_PRODUCTION	5		Rejected!	
GOBP_NEGATIVE_REGULATION_OF_INTERLEUKIN_1_ALPHA_PRODUCTION	5		Rejected!	
GOBP_NEGATIVE_REGULATION_OF_INTERLEUKIN_1_BETA_PRODUCTION	45	28		
GOBP_NEGATIVE_REGULATION_OF_INTERLEUKIN_1_MEDIATED_SIGNALING_PATHWAY	8		Rejected!	
GOBP_NEGATIVE_REGULATION_OF_INTERLEUKIN_1_PRODUCTION	53	34		
GOBP_NEGATIVE_REGULATION_OF_INTERLEUKIN_21_PRODUCTION	5		Rejected!	
GOBP_NEGATIVE_REGULATION_OF_INTERLEUKIN_2_PRODUCTION	30	28		
GOBP_NEGATIVE_REGULATION_OF_INTERLEUKIN_4_PRODUCTION	8		Rejected!	
GOBP_NEGATIVE_REGULATION_OF_INTERLEUKIN_5_PRODUCTION	8		Rejected!	
GOBP_NEGATIVE_REGULATION_OF_INTERLEUKIN_6_MEDIATED_SIGNALING_PATHWAY	9		Rejected!	
GOBP_NEGATIVE_REGULATION_OF_INTERLEUKIN_6_PRODUCTION	68	45		
GOBP_NEGATIVE_REGULATION_OF_INTERLEUKIN_8_PRODUCTION	36	15		
GOBP_NEGATIVE_REGULATION_OF_INTRACELLULAR_ESTROGEN_RECEPTOR_SIGNALING_PATHWAY	15	15		
GOBP_NEGATIVE_REGULATION_OF_INTRACELLULAR_LIPID_TRANSPORT	5		Rejected!	
GOBP_NEGATIVE_REGULATION_OF_INTRACELLULAR_PROTEIN_TRANSPORT	32	31		
GOBP_NEGATIVE_REGULATION_OF_INTRACELLULAR_SIGNAL_TRANSDUCTION	617		Rejected!	
GOBP_NEGATIVE_REGULATION_OF_INTRACELLULAR_STEROID_HORMONE_RECEPTOR_SIGNALING_PATHWAY	37	35		
GOBP_NEGATIVE_REGULATION_OF_INTRACELLULAR_TRANSPORT	51	45		
GOBP_NEGATIVE_REGULATION_OF_INTRINSIC_APOPTOTIC_SIGNALING_PATHWAY	113	98		
GOBP_NEGATIVE_REGULATION_OF_INTRINSIC_APOPTOTIC_SIGNALING_PATHWAY_BY_P53_CLASS_MEDIATOR	23	19		
GOBP_NEGATIVE_REGULATION_OF_INTRINSIC_APOPTOTIC_SIGNALING_PATHWAY_IN_RESPONSE_TO_DNA_DAMAGE	30	28		
GOBP_NEGATIVE_REGULATION_OF_INTRINSIC_APOPTOTIC_SIGNALING_PATHWAY_IN_RESPONSE_TO_OSMOTIC_STRESS	5		Rejected!	
GOBP_NEGATIVE_REGULATION_OF_ION_TRANSMEMBRANE_TRANSPORTER_ACTIVITY	69	54		
GOBP_NEGATIVE_REGULATION_OF_IRE1_MEDIATED_UNFOLDED_PROTEIN_RESPONSE	5		Rejected!	
GOBP_NEGATIVE_REGULATION_OF_JNK_CASCADE	35	34		
GOBP_NEGATIVE_REGULATION_OF_JUN_KINASE_ACTIVITY	12		Rejected!	
GOBP_NEGATIVE_REGULATION_OF_KERATINOCYTE_DIFFERENTIATION	8		Rejected!	
GOBP_NEGATIVE_REGULATION_OF_KERATINOCYTE_PROLIFERATION	24	21		
GOBP_NEGATIVE_REGULATION_OF_KIDNEY_DEVELOPMENT	5		Rejected!	
GOBP_NEGATIVE_REGULATION_OF_KINASE_ACTIVITY	178	156		
GOBP_NEGATIVE_REGULATION_OF_LAMELLIPODIUM_ASSEMBLY	6		Rejected!	
GOBP_NEGATIVE_REGULATION_OF_LAMELLIPODIUM_ORGANIZATION	8		Rejected!	
GOBP_NEGATIVE_REGULATION_OF_LENS_FIBER_CELL_DIFFERENTIATION	6		Rejected!	
GOBP_NEGATIVE_REGULATION_OF_LEUKOCYTE_ADHESION_TO_VASCULAR_ENDOTHELIAL_CELL	13		Rejected!	
GOBP_NEGATIVE_REGULATION_OF_LEUKOCYTE_APOPTOTIC_PROCESS	56	53		
GOBP_NEGATIVE_REGULATION_OF_LEUKOCYTE_CELL_CELL_ADHESION	151	133		
GOBP_NEGATIVE_REGULATION_OF_LEUKOCYTE_CHEMOTAXIS	23	19		
GOBP_NEGATIVE_REGULATION_OF_LEUKOCYTE_DEGRANULATION	13		Rejected!	
GOBP_NEGATIVE_REGULATION_OF_LEUKOCYTE_MEDIATED_IMMUNITY	71	68		
GOBP_NEGATIVE_REGULATION_OF_LEUKOCYTE_MIGRATION	56	47		
GOBP_NEGATIVE_REGULATION_OF_LEUKOCYTE_PROLIFERATION	99	93		
GOBP_NEGATIVE_REGULATION_OF_LIPASE_ACTIVITY	15		Rejected!	
GOBP_NEGATIVE_REGULATION_OF_LIPID_BIOSYNTHETIC_PROCESS	68	54		
GOBP_NEGATIVE_REGULATION_OF_LIPID_CATABOLIC_PROCESS	28	26		
GOBP_NEGATIVE_REGULATION_OF_LIPID_LOCALIZATION	65	43		
GOBP_NEGATIVE_REGULATION_OF_LIPID_METABOLIC_PROCESS	112	95		
GOBP_NEGATIVE_REGULATION_OF_LIPID_STORAGE	22	21		
GOBP_NEGATIVE_REGULATION_OF_LIPID_TRANSPORT	47	26		
GOBP_NEGATIVE_REGULATION_OF_LIPOPOLYSACCHARIDE_MEDIATED_SIGNALING_PATHWAY	14		Rejected!	
GOBP_NEGATIVE_REGULATION_OF_LIPOPROTEIN_LIPASE_ACTIVITY	7		Rejected!	
GOBP_NEGATIVE_REGULATION_OF_LIPOPROTEIN_METABOLIC_PROCESS	5		Rejected!	
GOBP_NEGATIVE_REGULATION_OF_LIPOPROTEIN_PARTICLE_CLEARANCE	21		Rejected!	
GOBP_NEGATIVE_REGULATION_OF_LOCOMOTION	415	306		
GOBP_NEGATIVE_REGULATION_OF_LONG_TERM_SYNAPTIC_POTENTIATION	14		Rejected!	
GOBP_NEGATIVE_REGULATION_OF_LOW_DENSITY_LIPOPROTEIN_PARTICLE_CLEARANCE	15		Rejected!	
GOBP_NEGATIVE_REGULATION_OF_LOW_DENSITY_LIPOPROTEIN_RECEPTOR_ACTIVITY	8		Rejected!	
GOBP_NEGATIVE_REGULATION_OF_LYASE_ACTIVITY	18	17		
GOBP_NEGATIVE_REGULATION_OF_LYMPHOCYTE_ACTIVATION	167	156		
GOBP_NEGATIVE_REGULATION_OF_LYMPHOCYTE_APOPTOTIC_PROCESS	37	36		
GOBP_NEGATIVE_REGULATION_OF_LYMPHOCYTE_DIFFERENTIATION	58	53		
GOBP_NEGATIVE_REGULATION_OF_LYMPHOCYTE_MEDIATED_IMMUNITY	60	57		
GOBP_NEGATIVE_REGULATION_OF_LYMPHOCYTE_MIGRATION	15		Rejected!	
GOBP_NEGATIVE_REGULATION_OF_MACROAUTOPHAGY	35	34		
GOBP_NEGATIVE_REGULATION_OF_MACROPHAGE_ACTIVATION	17	15		
GOBP_NEGATIVE_REGULATION_OF_MACROPHAGE_APOPTOTIC_PROCESS	8		Rejected!	
GOBP_NEGATIVE_REGULATION_OF_MACROPHAGE_CHEMOTAXIS	7		Rejected!	
GOBP_NEGATIVE_REGULATION_OF_MACROPHAGE_CYTOKINE_PRODUCTION	12		Rejected!	
GOBP_NEGATIVE_REGULATION_OF_MACROPHAGE_DERIVED_FOAM_CELL_DIFFERENTIATION	14		Rejected!	
GOBP_NEGATIVE_REGULATION_OF_MACROPHAGE_DIFFERENTIATION	8		Rejected!	
GOBP_NEGATIVE_REGULATION_OF_MACROPHAGE_MIGRATION	14		Rejected!	
GOBP_NEGATIVE_REGULATION_OF_MAPK_CASCADE	170	144		
GOBP_NEGATIVE_REGULATION_OF_MAP_KINASE_ACTIVITY	46	43		
GOBP_NEGATIVE_REGULATION_OF_MAST_CELL_ACTIVATION	10		Rejected!	
GOBP_NEGATIVE_REGULATION_OF_MAST_CELL_DEGRANULATION	6		Rejected!	
GOBP_NEGATIVE_REGULATION_OF_MATRIX_METALLOPEPTIDASE_SECRETION	7		Rejected!	
GOBP_NEGATIVE_REGULATION_OF_MEGAKARYOCYTE_DIFFERENTIATION	20		Rejected!	
GOBP_NEGATIVE_REGULATION_OF_MEIOTIC_CELL_CYCLE	18	16		
GOBP_NEGATIVE_REGULATION_OF_MEIOTIC_CELL_CYCLE_PHASE_TRANSITION	7		Rejected!	
GOBP_NEGATIVE_REGULATION_OF_MEIOTIC_CHROMOSOME_SEPARATION	5		Rejected!	
GOBP_NEGATIVE_REGULATION_OF_MEIOTIC_NUCLEAR_DIVISION	10		Rejected!	
GOBP_NEGATIVE_REGULATION_OF_MEMBRANE_DEPOLARIZATION	7		Rejected!	
GOBP_NEGATIVE_REGULATION_OF_MEMBRANE_PERMEABILITY	23	19		
GOBP_NEGATIVE_REGULATION_OF_MEMBRANE_POTENTIAL	13		Rejected!	
GOBP_NEGATIVE_REGULATION_OF_MEMBRANE_PROTEIN_ECTODOMAIN_PROTEOLYSIS	8		Rejected!	
GOBP_NEGATIVE_REGULATION_OF_MESENCHYMAL_CELL_APOPTOTIC_PROCESS	11		Rejected!	
GOBP_NEGATIVE_REGULATION_OF_MESENCHYMAL_CELL_PROLIFERATION	7		Rejected!	
GOBP_NEGATIVE_REGULATION_OF_METALLOENDOPEPTIDASE_ACTIVITY	6		Rejected!	
GOBP_NEGATIVE_REGULATION_OF_METALLOPEPTIDASE_ACTIVITY	10		Rejected!	
GOBP_NEGATIVE_REGULATION_OF_MHC_CLASS_II_BIOSYNTHETIC_PROCESS	5		Rejected!	
GOBP_NEGATIVE_REGULATION_OF_MICROGLIAL_CELL_ACTIVATION	7		Rejected!	
GOBP_NEGATIVE_REGULATION_OF_MICROTUBULE_POLYMERIZATION	13		Rejected!	
GOBP_NEGATIVE_REGULATION_OF_MICROTUBULE_POLYMERIZATION_OR_DEPOLYMERIZATION	39	36		
GOBP_NEGATIVE_REGULATION_OF_MIRNA_METABOLIC_PROCESS	28	26		
GOBP_NEGATIVE_REGULATION_OF_MIRNA_PROCESSING	10		Rejected!	
GOBP_NEGATIVE_REGULATION_OF_MITOCHONDRIAL_FUSION	8		Rejected!	
GOBP_NEGATIVE_REGULATION_OF_MITOCHONDRIAL_OUTER_MEMBRANE_PERMEABILIZATION_INVOLVED_IN_APOPTOTIC_SIGNALING_PATHWAY	14		Rejected!	
GOBP_NEGATIVE_REGULATION_OF_MITOTIC_CELL_CYCLE	251	216		
GOBP_NEGATIVE_REGULATION_OF_MITOTIC_CELL_CYCLE_PHASE_TRANSITION	198	169		
GOBP_NEGATIVE_REGULATION_OF_MOLECULAR_FUNCTION	735		Rejected!	
GOBP_NEGATIVE_REGULATION_OF_MONOATOMIC_ION_TRANSMEMBRANE_TRANSPORT	102	85		
GOBP_NEGATIVE_REGULATION_OF_MONOATOMIC_ION_TRANSPORT	132	111		
GOBP_NEGATIVE_REGULATION_OF_MONOCYTE_CHEMOTACTIC_PROTEIN_1_PRODUCTION	6		Rejected!	
GOBP_NEGATIVE_REGULATION_OF_MONOCYTE_CHEMOTAXIS	7		Rejected!	
GOBP_NEGATIVE_REGULATION_OF_MONOCYTE_DIFFERENTIATION	8		Rejected!	
GOBP_NEGATIVE_REGULATION_OF_MONONUCLEAR_CELL_MIGRATION	36	28		
GOBP_NEGATIVE_REGULATION_OF_MONOOXYGENASE_ACTIVITY	13		Rejected!	
GOBP_NEGATIVE_REGULATION_OF_MORPHOGENESIS_OF_AN_EPITHELIUM	8		Rejected!	
GOBP_NEGATIVE_REGULATION_OF_MOTOR_NEURON_APOPTOTIC_PROCESS	11		Rejected!	
GOBP_NEGATIVE_REGULATION_OF_MRNA_METABOLIC_PROCESS	98	89		
GOBP_NEGATIVE_REGULATION_OF_MRNA_PROCESSING	22	21		
GOBP_NEGATIVE_REGULATION_OF_MULTICELLULAR_ORGANISMAL_PROCESS	1248		Rejected!	
GOBP_NEGATIVE_REGULATION_OF_MULTICELLULAR_ORGANISM_GROWTH	12		Rejected!	
GOBP_NEGATIVE_REGULATION_OF_MUSCLE_ADAPTATION	11		Rejected!	
GOBP_NEGATIVE_REGULATION_OF_MUSCLE_CELL_APOPTOTIC_PROCESS	56	42		
GOBP_NEGATIVE_REGULATION_OF_MUSCLE_CELL_DIFFERENTIATION	73	60		
GOBP_NEGATIVE_REGULATION_OF_MUSCLE_CONTRACTION	23	19		
GOBP_NEGATIVE_REGULATION_OF_MUSCLE_HYPERTROPHY	37	28		
GOBP_NEGATIVE_REGULATION_OF_MUSCLE_ORGAN_DEVELOPMENT	9		Rejected!	
GOBP_NEGATIVE_REGULATION_OF_MUSCLE_TISSUE_DEVELOPMENT	12		Rejected!	
GOBP_NEGATIVE_REGULATION_OF_MYELINATION	9		Rejected!	
GOBP_NEGATIVE_REGULATION_OF_MYELOID_CELL_APOPTOTIC_PROCESS	20	18		
GOBP_NEGATIVE_REGULATION_OF_MYELOID_CELL_DIFFERENTIATION	95	76		
GOBP_NEGATIVE_REGULATION_OF_MYELOID_LEUKOCYTE_DIFFERENTIATION	53	49		
GOBP_NEGATIVE_REGULATION_OF_MYELOID_LEUKOCYTE_MEDIATED_IMMUNITY	11		Rejected!	
GOBP_NEGATIVE_REGULATION_OF_MYOBLAST_DIFFERENTIATION	25	25		
GOBP_NEGATIVE_REGULATION_OF_MYOBLAST_PROLIFERATION	9		Rejected!	
GOBP_NEGATIVE_REGULATION_OF_MYOFIBROBLAST_DIFFERENTIATION	7		Rejected!	
GOBP_NEGATIVE_REGULATION_OF_MYOSIN_LIGHT_CHAIN_PHOSPHATASE_ACTIVITY	5		Rejected!	
GOBP_NEGATIVE_REGULATION_OF_MYOTUBE_DIFFERENTIATION	18	16		
GOBP_NEGATIVE_REGULATION_OF_NATURAL_KILLER_CELL_ACTIVATION	10		Rejected!	
GOBP_NEGATIVE_REGULATION_OF_NATURAL_KILLER_CELL_MEDIATED_IMMUNITY	21	21		
GOBP_NEGATIVE_REGULATION_OF_NERVOUS_SYSTEM_DEVELOPMENT	141	133		
GOBP_NEGATIVE_REGULATION_OF_NERVOUS_SYSTEM_PROCESS	16	15		
GOBP_NEGATIVE_REGULATION_OF_NEURAL_PRECURSOR_CELL_PROLIFERATION	26	25		
GOBP_NEGATIVE_REGULATION_OF_NEUROBLAST_PROLIFERATION	12		Rejected!	
GOBP_NEGATIVE_REGULATION_OF_NEUROINFLAMMATORY_RESPONSE	17		Rejected!	
GOBP_NEGATIVE_REGULATION_OF_NEURON_APOPTOTIC_PROCESS	164	155		
GOBP_NEGATIVE_REGULATION_OF_NEURON_DIFFERENTIATION	72	71		
GOBP_NEGATIVE_REGULATION_OF_NEURON_MIGRATION	11		Rejected!	
GOBP_NEGATIVE_REGULATION_OF_NEURON_PROJECTION_DEVELOPMENT	129	119		
GOBP_NEGATIVE_REGULATION_OF_NEURON_PROJECTION_REGENERATION	16	16		
GOBP_NEGATIVE_REGULATION_OF_NEUROTRANSMITTER_SECRETION	6		Rejected!	
GOBP_NEGATIVE_REGULATION_OF_NEUROTRANSMITTER_TRANSPORT	9		Rejected!	
GOBP_NEGATIVE_REGULATION_OF_NEUTROPHIL_MIGRATION	6		Rejected!	
GOBP_NEGATIVE_REGULATION_OF_NF_KAPPAB_TRANSCRIPTION_FACTOR_ACTIVITY	80	72		
GOBP_NEGATIVE_REGULATION_OF_NITRIC_OXIDE_METABOLIC_PROCESS	17		Rejected!	
GOBP_NEGATIVE_REGULATION_OF_NITRIC_OXIDE_SYNTHASE_ACTIVITY	7		Rejected!	
GOBP_NEGATIVE_REGULATION_OF_NODAL_SIGNALING_PATHWAY	5		Rejected!	
GOBP_NEGATIVE_REGULATION_OF_NON_CANONICAL_NF_KAPPAB_SIGNAL_TRANSDUCTION	39	26		
GOBP_NEGATIVE_REGULATION_OF_NON_CANONICAL_WNT_SIGNALING_PATHWAY	7		Rejected!	
GOBP_NEGATIVE_REGULATION_OF_NOREPINEPHRINE_SECRETION	6		Rejected!	
GOBP_NEGATIVE_REGULATION_OF_NOTCH_SIGNALING_PATHWAY	39	36		
GOBP_NEGATIVE_REGULATION_OF_NUCLEAR_DIVISION	63	61		
GOBP_NEGATIVE_REGULATION_OF_NUCLEAR_TRANSCRIBED_MRNA_CATABOLIC_PROCESS_DEADENYLATION_DEPENDENT_DECAY	12		Rejected!	
GOBP_NEGATIVE_REGULATION_OF_NUCLEAR_TRANSCRIBED_MRNA_CATABOLIC_PROCESS_NONSENSE_MEDIATED_DECAY	8		Rejected!	
GOBP_NEGATIVE_REGULATION_OF_NUCLEASE_ACTIVITY	7		Rejected!	
GOBP_NEGATIVE_REGULATION_OF_NUCLEOBASE_CONTAINING_COMPOUND_METABOLIC_PROCESS	1527		Rejected!	
GOBP_NEGATIVE_REGULATION_OF_NUCLEOCYTOPLASMIC_TRANSPORT	23	23		
GOBP_NEGATIVE_REGULATION_OF_NUCLEOTIDE_CATABOLIC_PROCESS	19	18		
GOBP_NEGATIVE_REGULATION_OF_NUCLEOTIDE_METABOLIC_PROCESS	28	26		
GOBP_NEGATIVE_REGULATION_OF_OLIGODENDROCYTE_DIFFERENTIATION	14		Rejected!	
GOBP_NEGATIVE_REGULATION_OF_ORGANELLE_ASSEMBLY	47	43		
GOBP_NEGATIVE_REGULATION_OF_ORGANELLE_ORGANIZATION	363	330		
GOBP_NEGATIVE_REGULATION_OF_ORGANIC_ACID_TRANSPORT	23	22		
GOBP_NEGATIVE_REGULATION_OF_ORGAN_GROWTH	37	30		
GOBP_NEGATIVE_REGULATION_OF_OSSIFICATION	40	37		
GOBP_NEGATIVE_REGULATION_OF_OSTEOBLAST_DIFFERENTIATION	68	45		
GOBP_NEGATIVE_REGULATION_OF_OSTEOBLAST_PROLIFERATION	15		Rejected!	
GOBP_NEGATIVE_REGULATION_OF_OSTEOCLAST_DEVELOPMENT	5		Rejected!	
GOBP_NEGATIVE_REGULATION_OF_OSTEOCLAST_DIFFERENTIATION	33	31		
GOBP_NEGATIVE_REGULATION_OF_OXIDATIVE_STRESS_INDUCED_INTRINSIC_APOPTOTIC_SIGNALING_PATHWAY	34	27		
GOBP_NEGATIVE_REGULATION_OF_OXIDATIVE_STRESS_INDUCED_NEURON_INTRINSIC_APOPTOTIC_SIGNALING_PATHWAY	13		Rejected!	
GOBP_NEGATIVE_REGULATION_OF_OXIDOREDUCTASE_ACTIVITY	22	16		
GOBP_NEGATIVE_REGULATION_OF_P38MAPK_CASCADE	8		Rejected!	
GOBP_NEGATIVE_REGULATION_OF_PANCREATIC_JUICE_SECRETION	5		Rejected!	
GOBP_NEGATIVE_REGULATION_OF_PEPTIDASE_ACTIVITY	130	119		
GOBP_NEGATIVE_REGULATION_OF_PEPTIDE_SECRETION	47	44		
GOBP_NEGATIVE_REGULATION_OF_PEPTIDYL_CYSTEINE_S_NITROSYLATION	8		Rejected!	
GOBP_NEGATIVE_REGULATION_OF_PEPTIDYL_SERINE_PHOSPHORYLATION	29	23		
GOBP_NEGATIVE_REGULATION_OF_PEPTIDYL_THREONINE_PHOSPHORYLATION	19	16		
GOBP_NEGATIVE_REGULATION_OF_PEPTIDYL_TYROSINE_PHOSPHORYLATION	45	41		
GOBP_NEGATIVE_REGULATION_OF_PERK_MEDIATED_UNFOLDED_PROTEIN_RESPONSE	7		Rejected!	
GOBP_NEGATIVE_REGULATION_OF_PHAGOCYTOSIS	22	19		
GOBP_NEGATIVE_REGULATION_OF_PHOSPHATASE_ACTIVITY	20	19		
GOBP_NEGATIVE_REGULATION_OF_PHOSPHATIDYLINOSITOL_3_KINASE_PROTEIN_KINASE_B_SIGNAL_TRANSDUCTION	72	56		
GOBP_NEGATIVE_REGULATION_OF_PHOSPHOLIPASE_ACTIVITY	7		Rejected!	
GOBP_NEGATIVE_REGULATION_OF_PHOSPHOLIPID_BIOSYNTHETIC_PROCESS	5		Rejected!	
GOBP_NEGATIVE_REGULATION_OF_PHOSPHOLIPID_METABOLIC_PROCESS	6		Rejected!	
GOBP_NEGATIVE_REGULATION_OF_PHOSPHORUS_METABOLIC_PROCESS	374	335		
GOBP_NEGATIVE_REGULATION_OF_PHOSPHORYLATION	311	276		
GOBP_NEGATIVE_REGULATION_OF_PHOTORECEPTOR_CELL_DIFFERENTIATION	6		Rejected!	
GOBP_NEGATIVE_REGULATION_OF_PINOCYTOSIS	5		Rejected!	
GOBP_NEGATIVE_REGULATION_OF_PLASMA_MEMBRANE_BOUNDED_CELL_PROJECTION_ASSEMBLY	40	35		
GOBP_NEGATIVE_REGULATION_OF_PLASMINOGEN_ACTIVATION	8		Rejected!	
GOBP_NEGATIVE_REGULATION_OF_PLATELET_ACTIVATION	18	17		
GOBP_NEGATIVE_REGULATION_OF_PLATELET_AGGREGATION	11		Rejected!	
GOBP_NEGATIVE_REGULATION_OF_PLATELET_DERIVED_GROWTH_FACTOR_RECEPTOR_SIGNALING_PATHWAY	13		Rejected!	
GOBP_NEGATIVE_REGULATION_OF_POST_TRANSCRIPTIONAL_GENE_SILENCING	15		Rejected!	
GOBP_NEGATIVE_REGULATION_OF_POST_TRANSLATIONAL_PROTEIN_MODIFICATION	94	87		
GOBP_NEGATIVE_REGULATION_OF_POTASSIUM_ION_TRANSMEMBRANE_TRANSPORT	30	22		
GOBP_NEGATIVE_REGULATION_OF_POTASSIUM_ION_TRANSMEMBRANE_TRANSPORTER_ACTIVITY	25	18		
GOBP_NEGATIVE_REGULATION_OF_POTASSIUM_ION_TRANSPORT	36	28		
GOBP_NEGATIVE_REGULATION_OF_PRODUCTION_OF_MOLECULAR_MEDIATOR_OF_IMMUNE_RESPONSE	46	44		
GOBP_NEGATIVE_REGULATION_OF_PROGRAMMED_CELL_DEATH	940		Rejected!	
GOBP_NEGATIVE_REGULATION_OF_PROGRAMMED_NECROTIC_CELL_DEATH	24	17		
GOBP_NEGATIVE_REGULATION_OF_PROSTAGLANDIN_BIOSYNTHETIC_PROCESS	5		Rejected!	
GOBP_NEGATIVE_REGULATION_OF_PROTEASOMAL_PROTEIN_CATABOLIC_PROCESS	56	49		
GOBP_NEGATIVE_REGULATION_OF_PROTEASOMAL_UBIQUITIN_DEPENDENT_PROTEIN_CATABOLIC_PROCESS	39	36		
GOBP_NEGATIVE_REGULATION_OF_PROTEIN_ACETYLATION	9		Rejected!	
GOBP_NEGATIVE_REGULATION_OF_PROTEIN_AUTOPHOSPHORYLATION	9		Rejected!	
GOBP_NEGATIVE_REGULATION_OF_PROTEIN_BINDING	70	65		
GOBP_NEGATIVE_REGULATION_OF_PROTEIN_CATABOLIC_PROCESS	117	108		
GOBP_NEGATIVE_REGULATION_OF_PROTEIN_CATABOLIC_PROCESS_IN_THE_VACUOLE	5		Rejected!	
GOBP_NEGATIVE_REGULATION_OF_PROTEIN_CONTAINING_COMPLEX_ASSEMBLY	149	135		
GOBP_NEGATIVE_REGULATION_OF_PROTEIN_CONTAINING_COMPLEX_DISASSEMBLY	81	77		
GOBP_NEGATIVE_REGULATION_OF_PROTEIN_DEPHOSPHORYLATION	26	26		
GOBP_NEGATIVE_REGULATION_OF_PROTEIN_EXIT_FROM_ENDOPLASMIC_RETICULUM	10		Rejected!	
GOBP_NEGATIVE_REGULATION_OF_PROTEIN_EXPORT_FROM_NUCLEUS	6		Rejected!	
GOBP_NEGATIVE_REGULATION_OF_PROTEIN_IMPORT_INTO_NUCLEUS	15	15		
GOBP_NEGATIVE_REGULATION_OF_PROTEIN_K63_LINKED_UBIQUITINATION	5		Rejected!	
GOBP_NEGATIVE_REGULATION_OF_PROTEIN_KINASE_ACTIVITY_BY_REGULATION_OF_PROTEIN_PHOSPHORYLATION	6		Rejected!	
GOBP_NEGATIVE_REGULATION_OF_PROTEIN_LOCALIZATION	218	196		
GOBP_NEGATIVE_REGULATION_OF_PROTEIN_LOCALIZATION_TO_CELL_PERIPHERY	30	30		
GOBP_NEGATIVE_REGULATION_OF_PROTEIN_LOCALIZATION_TO_CELL_SURFACE	12		Rejected!	
GOBP_NEGATIVE_REGULATION_OF_PROTEIN_LOCALIZATION_TO_CHROMATIN	7		Rejected!	
GOBP_NEGATIVE_REGULATION_OF_PROTEIN_LOCALIZATION_TO_MEMBRANE	37	37		
GOBP_NEGATIVE_REGULATION_OF_PROTEIN_LOCALIZATION_TO_MICROTUBULE	5		Rejected!	
GOBP_NEGATIVE_REGULATION_OF_PROTEIN_LOCALIZATION_TO_NUCLEUS	37	34		
GOBP_NEGATIVE_REGULATION_OF_PROTEIN_MATURATION	30	29		
GOBP_NEGATIVE_REGULATION_OF_PROTEIN_METABOLIC_PROCESS	894		Rejected!	
GOBP_NEGATIVE_REGULATION_OF_PROTEIN_MODIFICATION_PROCESS	418	379		
GOBP_NEGATIVE_REGULATION_OF_PROTEIN_POLYMERIZATION	79	73		
GOBP_NEGATIVE_REGULATION_OF_PROTEIN_POLYUBIQUITINATION	8		Rejected!	
GOBP_NEGATIVE_REGULATION_OF_PROTEIN_SECRETION	75	64		
GOBP_NEGATIVE_REGULATION_OF_PROTEIN_SERINE_THREONINE_KINASE_ACTIVITY	93	83		
GOBP_NEGATIVE_REGULATION_OF_PROTEIN_SUMOYLATION	11		Rejected!	
GOBP_NEGATIVE_REGULATION_OF_PROTEIN_TARGETING_TO_MEMBRANE	6		Rejected!	
GOBP_NEGATIVE_REGULATION_OF_PROTEIN_TARGETING_TO_MITOCHONDRION	5		Rejected!	
GOBP_NEGATIVE_REGULATION_OF_PROTEIN_TYROSINE_KINASE_ACTIVITY	21	19		
GOBP_NEGATIVE_REGULATION_OF_PROTEIN_UBIQUITINATION	78	71		
GOBP_NEGATIVE_REGULATION_OF_PROTEOLYSIS	230	209		
GOBP_NEGATIVE_REGULATION_OF_PROTEOLYSIS_INVOLVED_IN_PROTEIN_CATABOLIC_PROCESS	71	64		
GOBP_NEGATIVE_REGULATION_OF_RAC_PROTEIN_SIGNAL_TRANSDUCTION	6		Rejected!	
GOBP_NEGATIVE_REGULATION_OF_RAS_PROTEIN_SIGNAL_TRANSDUCTION	24	22		
GOBP_NEGATIVE_REGULATION_OF_REACTIVE_OXYGEN_SPECIES_BIOSYNTHETIC_PROCESS	19	15		
GOBP_NEGATIVE_REGULATION_OF_REACTIVE_OXYGEN_SPECIES_METABOLIC_PROCESS	47	41		
GOBP_NEGATIVE_REGULATION_OF_RECEPTOR_BINDING	12		Rejected!	
GOBP_NEGATIVE_REGULATION_OF_RECEPTOR_INTERNALIZATION	17	16		
GOBP_NEGATIVE_REGULATION_OF_RECEPTOR_MEDIATED_ENDOCYTOSIS	38	31		
GOBP_NEGATIVE_REGULATION_OF_RECEPTOR_RECYCLING	5		Rejected!	
GOBP_NEGATIVE_REGULATION_OF_RECEPTOR_SIGNALING_PATHWAY_VIA_JAK_STAT	22	20		
GOBP_NEGATIVE_REGULATION_OF_RECEPTOR_SIGNALING_PATHWAY_VIA_STAT	34	23		
GOBP_NEGATIVE_REGULATION_OF_REGULATED_SECRETORY_PATHWAY	25	24		
GOBP_NEGATIVE_REGULATION_OF_REGULATORY_T_CELL_DIFFERENTIATION	7		Rejected!	
GOBP_NEGATIVE_REGULATION_OF_RELAXATION_OF_MUSCLE	7		Rejected!	
GOBP_NEGATIVE_REGULATION_OF_RELEASE_OF_CYTOCHROME_C_FROM_MITOCHONDRIA	20	19		
GOBP_NEGATIVE_REGULATION_OF_REPRODUCTIVE_PROCESS	75	69		
GOBP_NEGATIVE_REGULATION_OF_RESPIRATORY_BURST	6		Rejected!	
GOBP_NEGATIVE_REGULATION_OF_RESPIRATORY_BURST_INVOLVED_IN_INFLAMMATORY_RESPONSE	5		Rejected!	
GOBP_NEGATIVE_REGULATION_OF_RESPONSE_TO_BIOTIC_STIMULUS	124	116		
GOBP_NEGATIVE_REGULATION_OF_RESPONSE_TO_CYTOKINE_STIMULUS	105	80		
GOBP_NEGATIVE_REGULATION_OF_RESPONSE_TO_ENDOPLASMIC_RETICULUM_STRESS	45	40		
GOBP_NEGATIVE_REGULATION_OF_RESPONSE_TO_EXTERNAL_STIMULUS	433	370		
GOBP_NEGATIVE_REGULATION_OF_RESPONSE_TO_NUTRIENT_LEVELS	12		Rejected!	
GOBP_NEGATIVE_REGULATION_OF_RESPONSE_TO_OXIDATIVE_STRESS	11		Rejected!	
GOBP_NEGATIVE_REGULATION_OF_RESPONSE_TO_STIMULUS	1789		Rejected!	
GOBP_NEGATIVE_REGULATION_OF_RESPONSE_TO_TUMOR_CELL	8		Rejected!	
GOBP_NEGATIVE_REGULATION_OF_RESPONSE_TO_TYPE_II_INTERFERON	7		Rejected!	
GOBP_NEGATIVE_REGULATION_OF_RESPONSE_TO_WOUNDING	100	92		
GOBP_NEGATIVE_REGULATION_OF_RETINOIC_ACID_RECEPTOR_SIGNALING_PATHWAY	9		Rejected!	
GOBP_NEGATIVE_REGULATION_OF_RHO_PROTEIN_SIGNAL_TRANSDUCTION	23	19		
GOBP_NEGATIVE_REGULATION_OF_RIG_I_SIGNALING_PATHWAY	8		Rejected!	
GOBP_NEGATIVE_REGULATION_OF_RNA_BIOSYNTHETIC_PROCESS	1282		Rejected!	
GOBP_NEGATIVE_REGULATION_OF_RNA_CATABOLIC_PROCESS	88	78		
GOBP_NEGATIVE_REGULATION_OF_RNA_SPLICING	26	25		
GOBP_NEGATIVE_REGULATION_OF_RUFFLE_ASSEMBLY	7		Rejected!	
GOBP_NEGATIVE_REGULATION_OF_RYANODINE_SENSITIVE_CALCIUM_RELEASE_CHANNEL_ACTIVITY	10		Rejected!	
GOBP_NEGATIVE_REGULATION_OF_SATELLITE_CELL_DIFFERENTIATION	5		Rejected!	
GOBP_NEGATIVE_REGULATION_OF_SCHWANN_CELL_PROLIFERATION	8		Rejected!	
GOBP_NEGATIVE_REGULATION_OF_SECONDARY_METABOLITE_BIOSYNTHETIC_PROCESS	5		Rejected!	
GOBP_NEGATIVE_REGULATION_OF_SECRETION	173	160		
GOBP_NEGATIVE_REGULATION_OF_SEQUESTERING_OF_TRIGLYCERIDE	6		Rejected!	
GOBP_NEGATIVE_REGULATION_OF_SERINE_TYPE_ENDOPEPTIDASE_ACTIVITY	5		Rejected!	
GOBP_NEGATIVE_REGULATION_OF_SERINE_TYPE_PEPTIDASE_ACTIVITY	6		Rejected!	
GOBP_NEGATIVE_REGULATION_OF_SIGNALING	1520		Rejected!	
GOBP_NEGATIVE_REGULATION_OF_SIGNALING_RECEPTOR_ACTIVITY	26	25		
GOBP_NEGATIVE_REGULATION_OF_SIGNAL_TRANSDUCTION_BY_P53_CLASS_MEDIATOR	35	28		
GOBP_NEGATIVE_REGULATION_OF_SIGNAL_TRANSDUCTION_IN_ABSENCE_OF_LIGAND	35	33		
GOBP_NEGATIVE_REGULATION_OF_SINGLE_STRANDED_VIRAL_RNA_REPLICATION_VIA_DOUBLE_STRANDED_DNA_INTERMEDIATE	16		Rejected!	
GOBP_NEGATIVE_REGULATION_OF_SISTER_CHROMATID_COHESION	5		Rejected!	
GOBP_NEGATIVE_REGULATION_OF_SKELETAL_MUSCLE_CELL_DIFFERENTIATION	6		Rejected!	
GOBP_NEGATIVE_REGULATION_OF_SKELETAL_MUSCLE_CELL_PROLIFERATION	5		Rejected!	
GOBP_NEGATIVE_REGULATION_OF_SMAD_PROTEIN_SIGNAL_TRANSDUCTION	38	20		
GOBP_NEGATIVE_REGULATION_OF_SMALL_GTPASE_MEDIATED_SIGNAL_TRANSDUCTION	58	49		
GOBP_NEGATIVE_REGULATION_OF_SMALL_MOLECULE_METABOLIC_PROCESS	114	97		
GOBP_NEGATIVE_REGULATION_OF_SMOOTHENED_SIGNALING_PATHWAY	34	33		
GOBP_NEGATIVE_REGULATION_OF_SMOOTH_MUSCLE_CELL_APOPTOTIC_PROCESS	17		Rejected!	
GOBP_NEGATIVE_REGULATION_OF_SMOOTH_MUSCLE_CELL_DIFFERENTIATION	23	17		
GOBP_NEGATIVE_REGULATION_OF_SMOOTH_MUSCLE_CELL_MIGRATION	39	22		
GOBP_NEGATIVE_REGULATION_OF_SMOOTH_MUSCLE_CELL_PROLIFERATION	70	48		
GOBP_NEGATIVE_REGULATION_OF_SMOOTH_MUSCLE_CONTRACTION	13		Rejected!	
GOBP_NEGATIVE_REGULATION_OF_SODIUM_ION_TRANSMEMBRANE_TRANSPORT	15		Rejected!	
GOBP_NEGATIVE_REGULATION_OF_SODIUM_ION_TRANSPORT	18		Rejected!	
GOBP_NEGATIVE_REGULATION_OF_SOMATIC_STEM_CELL_POPULATION_MAINTENANCE	5		Rejected!	
GOBP_NEGATIVE_REGULATION_OF_SPROUTING_ANGIOGENESIS	29		Rejected!	
GOBP_NEGATIVE_REGULATION_OF_STEM_CELL_DIFFERENTIATION	26	26		
GOBP_NEGATIVE_REGULATION_OF_STEM_CELL_POPULATION_MAINTENANCE	26	24		
GOBP_NEGATIVE_REGULATION_OF_STEM_CELL_PROLIFERATION	28	23		
GOBP_NEGATIVE_REGULATION_OF_STEROID_HORMONE_BIOSYNTHETIC_PROCESS	6		Rejected!	
GOBP_NEGATIVE_REGULATION_OF_STEROID_METABOLIC_PROCESS	34	27		
GOBP_NEGATIVE_REGULATION_OF_STEROL_TRANSPORT	30		Rejected!	
GOBP_NEGATIVE_REGULATION_OF_STRESS_ACTIVATED_PROTEIN_KINASE_SIGNALING_CASCADE	9		Rejected!	
GOBP_NEGATIVE_REGULATION_OF_STRIATED_MUSCLE_CELL_APOPTOTIC_PROCESS	36	26		
GOBP_NEGATIVE_REGULATION_OF_STRIATED_MUSCLE_CELL_DIFFERENTIATION	43	37		
GOBP_NEGATIVE_REGULATION_OF_STRIATED_MUSCLE_CONTRACTION	9		Rejected!	
GOBP_NEGATIVE_REGULATION_OF_SUBSTRATE_ADHESION_DEPENDENT_CELL_SPREADING	14		Rejected!	
GOBP_NEGATIVE_REGULATION_OF_SUPRAMOLECULAR_FIBER_ORGANIZATION	168	148		
GOBP_NEGATIVE_REGULATION_OF_SYNAPSE_ASSEMBLY	8		Rejected!	
GOBP_NEGATIVE_REGULATION_OF_SYNAPSE_ORGANIZATION	11		Rejected!	
GOBP_NEGATIVE_REGULATION_OF_SYNAPTIC_TRANSMISSION	54	52		
GOBP_NEGATIVE_REGULATION_OF_SYNAPTIC_TRANSMISSION_GABAERGIC	6		Rejected!	
GOBP_NEGATIVE_REGULATION_OF_SYNAPTIC_TRANSMISSION_GLUTAMATERGIC	8		Rejected!	
GOBP_NEGATIVE_REGULATION_OF_SYNAPTIC_VESICLE_EXOCYTOSIS	6		Rejected!	
GOBP_NEGATIVE_REGULATION_OF_SYNCYTIUM_FORMATION_BY_PLASMA_MEMBRANE_FUSION	5		Rejected!	
GOBP_NEGATIVE_REGULATION_OF_SYSTEMIC_ARTERIAL_BLOOD_PRESSURE	23	19		
GOBP_NEGATIVE_REGULATION_OF_TELOMERASE_ACTIVITY	9		Rejected!	
GOBP_NEGATIVE_REGULATION_OF_TELOMERE_CAPPING	8		Rejected!	
GOBP_NEGATIVE_REGULATION_OF_TELOMERE_MAINTENANCE	36	33		
GOBP_NEGATIVE_REGULATION_OF_TELOMERE_MAINTENANCE_VIA_TELOMERASE	21	18		
GOBP_NEGATIVE_REGULATION_OF_TELOMERE_MAINTENANCE_VIA_TELOMERE_LENGTHENING	28	25		
GOBP_NEGATIVE_REGULATION_OF_THYMOCYTE_APOPTOTIC_PROCESS	9		Rejected!	
GOBP_NEGATIVE_REGULATION_OF_TISSUE_REMODELING	21	21		
GOBP_NEGATIVE_REGULATION_OF_TOLL_LIKE_RECEPTOR_2_SIGNALING_PATHWAY	7		Rejected!	
GOBP_NEGATIVE_REGULATION_OF_TOLL_LIKE_RECEPTOR_4_SIGNALING_PATHWAY	20		Rejected!	
GOBP_NEGATIVE_REGULATION_OF_TOLL_LIKE_RECEPTOR_9_SIGNALING_PATHWAY	5		Rejected!	
GOBP_NEGATIVE_REGULATION_OF_TOLL_LIKE_RECEPTOR_SIGNALING_PATHWAY	22	19		
GOBP_NEGATIVE_REGULATION_OF_TORC1_SIGNALING	49	42		
GOBP_NEGATIVE_REGULATION_OF_TOR_SIGNALING	71	61		
GOBP_NEGATIVE_REGULATION_OF_TRANSCRIPTION_BY_COMPETITIVE_PROMOTER_BINDING	12		Rejected!	
GOBP_NEGATIVE_REGULATION_OF_TRANSCRIPTION_BY_RNA_POLYMERASE_I	11		Rejected!	
GOBP_NEGATIVE_REGULATION_OF_TRANSCRIPTION_BY_RNA_POLYMERASE_II	923		Rejected!	
GOBP_NEGATIVE_REGULATION_OF_TRANSCRIPTION_REGULATORY_REGION_DNA_BINDING	9		Rejected!	
GOBP_NEGATIVE_REGULATION_OF_TRANSFERASE_ACTIVITY	210	185		
GOBP_NEGATIVE_REGULATION_OF_TRANSFORMING_GROWTH_FACTOR_BETA1_PRODUCTION	6		Rejected!	
GOBP_NEGATIVE_REGULATION_OF_TRANSFORMING_GROWTH_FACTOR_BETA_PRODUCTION	10		Rejected!	
GOBP_NEGATIVE_REGULATION_OF_TRANSFORMING_GROWTH_FACTOR_BETA_RECEPTOR_SIGNALING_PATHWAY	129	88		
GOBP_NEGATIVE_REGULATION_OF_TRANSLATION	209	120		
GOBP_NEGATIVE_REGULATION_OF_TRANSLATIONAL_ELONGATION	5		Rejected!	
GOBP_NEGATIVE_REGULATION_OF_TRANSLATIONAL_INITIATION	22	20		
GOBP_NEGATIVE_REGULATION_OF_TRANSMEMBRANE_RECEPTOR_PROTEIN_SERINE_THREONINE_KINASE_SIGNALING_PATHWAY	201	137		
GOBP_NEGATIVE_REGULATION_OF_TRANSMEMBRANE_TRANSPORT	146	113		
GOBP_NEGATIVE_REGULATION_OF_TRANSMISSION_OF_NERVE_IMPULSE	6		Rejected!	
GOBP_NEGATIVE_REGULATION_OF_TRANSPORT	460	393		
GOBP_NEGATIVE_REGULATION_OF_TRANSPORTER_ACTIVITY	92	61		
GOBP_NEGATIVE_REGULATION_OF_TRIGLYCERIDE_BIOSYNTHETIC_PROCESS	6		Rejected!	
GOBP_NEGATIVE_REGULATION_OF_TRIGLYCERIDE_CATABOLIC_PROCESS	5		Rejected!	
GOBP_NEGATIVE_REGULATION_OF_TRIGLYCERIDE_METABOLIC_PROCESS	17		Rejected!	
GOBP_NEGATIVE_REGULATION_OF_TROPHOBLAST_CELL_MIGRATION	8		Rejected!	
GOBP_NEGATIVE_REGULATION_OF_TUBULIN_DEACETYLATION	6		Rejected!	
GOBP_NEGATIVE_REGULATION_OF_TUMOR_NECROSIS_FACTOR_MEDIATED_SIGNALING_PATHWAY	34	26		
GOBP_NEGATIVE_REGULATION_OF_TUMOR_NECROSIS_FACTOR_SUPERFAMILY_CYTOKINE_PRODUCTION	80	59		
GOBP_NEGATIVE_REGULATION_OF_TYPE_2_IMMUNE_RESPONSE	15	15		
GOBP_NEGATIVE_REGULATION_OF_TYPE_B_PANCREATIC_CELL_APOPTOTIC_PROCESS	6		Rejected!	
GOBP_NEGATIVE_REGULATION_OF_TYPE_II_INTERFERON_PRODUCTION	44	39		
GOBP_NEGATIVE_REGULATION_OF_TYPE_I_INTERFERON_MEDIATED_SIGNALING_PATHWAY	24	22		
GOBP_NEGATIVE_REGULATION_OF_TYPE_I_INTERFERON_PRODUCTION	46	40		
GOBP_NEGATIVE_REGULATION_OF_TYROSINE_PHOSPHORYLATION_OF_STAT_PROTEIN	10		Rejected!	
GOBP_NEGATIVE_REGULATION_OF_T_CELL_APOPTOTIC_PROCESS	24	24		
GOBP_NEGATIVE_REGULATION_OF_T_CELL_CYTOKINE_PRODUCTION	11		Rejected!	
GOBP_NEGATIVE_REGULATION_OF_T_CELL_DIFFERENTIATION	49	44		
GOBP_NEGATIVE_REGULATION_OF_T_CELL_DIFFERENTIATION_IN_THYMUS	10		Rejected!	
GOBP_NEGATIVE_REGULATION_OF_T_CELL_MEDIATED_CYTOTOXICITY	10		Rejected!	
GOBP_NEGATIVE_REGULATION_OF_T_CELL_MEDIATED_IMMUNE_RESPONSE_TO_TUMOR_CELL	5		Rejected!	
GOBP_NEGATIVE_REGULATION_OF_T_CELL_MEDIATED_IMMUNITY	32	31		
GOBP_NEGATIVE_REGULATION_OF_T_CELL_MIGRATION	6		Rejected!	
GOBP_NEGATIVE_REGULATION_OF_T_CELL_PROLIFERATION	74	69		
GOBP_NEGATIVE_REGULATION_OF_T_CELL_RECEPTOR_SIGNALING_PATHWAY	26	25		
GOBP_NEGATIVE_REGULATION_OF_T_HELPER_17_TYPE_IMMUNE_RESPONSE	11		Rejected!	
GOBP_NEGATIVE_REGULATION_OF_T_HELPER_1_TYPE_IMMUNE_RESPONSE	8		Rejected!	
GOBP_NEGATIVE_REGULATION_OF_T_HELPER_2_CELL_DIFFERENTIATION	5		Rejected!	
GOBP_NEGATIVE_REGULATION_OF_T_HELPER_CELL_DIFFERENTIATION	17	17		
GOBP_NEGATIVE_REGULATION_OF_UBIQUITIN_DEPENDENT_PROTEIN_CATABOLIC_PROCESS	54	51		
GOBP_NEGATIVE_REGULATION_OF_UBIQUITIN_PROTEIN_LIGASE_ACTIVITY	9		Rejected!	
GOBP_NEGATIVE_REGULATION_OF_UBIQUITIN_PROTEIN_TRANSFERASE_ACTIVITY	15		Rejected!	
GOBP_NEGATIVE_REGULATION_OF_URINE_VOLUME	5		Rejected!	
GOBP_NEGATIVE_REGULATION_OF_VASCULAR_ASSOCIATED_SMOOTH_MUSCLE_CELL_APOPTOTIC_PROCESS	7		Rejected!	
GOBP_NEGATIVE_REGULATION_OF_VASCULAR_ASSOCIATED_SMOOTH_MUSCLE_CELL_DIFFERENTIATION	13		Rejected!	
GOBP_NEGATIVE_REGULATION_OF_VASCULAR_ASSOCIATED_SMOOTH_MUSCLE_CELL_MIGRATION	27		Rejected!	
GOBP_NEGATIVE_REGULATION_OF_VASCULAR_ASSOCIATED_SMOOTH_MUSCLE_CELL_PROLIFERATION	42	22		
GOBP_NEGATIVE_REGULATION_OF_VASCULAR_ENDOTHELIAL_CELL_PROLIFERATION	25		Rejected!	
GOBP_NEGATIVE_REGULATION_OF_VASCULAR_ENDOTHELIAL_GROWTH_FACTOR_PRODUCTION	28		Rejected!	
GOBP_NEGATIVE_REGULATION_OF_VASCULAR_ENDOTHELIAL_GROWTH_FACTOR_RECEPTOR_SIGNALING_PATHWAY	12		Rejected!	
GOBP_NEGATIVE_REGULATION_OF_VASCULAR_PERMEABILITY	18	17		
GOBP_NEGATIVE_REGULATION_OF_VASCULAR_WOUND_HEALING	8		Rejected!	
GOBP_NEGATIVE_REGULATION_OF_VASCULATURE_DEVELOPMENT	160	98		
GOBP_NEGATIVE_REGULATION_OF_VASOCONSTRICTION	12		Rejected!	
GOBP_NEGATIVE_REGULATION_OF_VIRAL_ENTRY_INTO_HOST_CELL	23	22		
GOBP_NEGATIVE_REGULATION_OF_VIRAL_GENOME_REPLICATION	55	52		
GOBP_NEGATIVE_REGULATION_OF_VIRAL_LIFE_CYCLE	28	25		
GOBP_NEGATIVE_REGULATION_OF_VIRAL_PROCESS	93	85		
GOBP_NEGATIVE_REGULATION_OF_VIRAL_TRANSCRIPTION	15	15		
GOBP_NEGATIVE_REGULATION_OF_VITAMIN_D_BIOSYNTHETIC_PROCESS	5		Rejected!	
GOBP_NEGATIVE_REGULATION_OF_VITAMIN_METABOLIC_PROCESS	7		Rejected!	
GOBP_NEGATIVE_REGULATION_OF_VOLTAGE_GATED_CALCIUM_CHANNEL_ACTIVITY	15		Rejected!	
GOBP_NEGATIVE_REGULATION_OF_VOLTAGE_GATED_POTASSIUM_CHANNEL_ACTIVITY	18		Rejected!	
GOBP_NEGATIVE_REGULATION_OF_WNT_SIGNALING_PATHWAY	178	158		
GOBP_NEGATIVE_REGULATION_OF_WOUND_HEALING	77	69		
GOBP_NEGATIVE_REGULATION_OF_WOUND_HEALING_SPREADING_OF_EPIDERMAL_CELLS	5		Rejected!	
GOBP_NEGATIVE_T_CELL_SELECTION	13		Rejected!	
GOBP_NEPHRIC_DUCT_DEVELOPMENT	15		Rejected!	
GOBP_NEPHRIC_DUCT_FORMATION	5		Rejected!	
GOBP_NEPHRIC_DUCT_MORPHOGENESIS	11		Rejected!	
GOBP_NEPHRON_DEVELOPMENT	161	158		
GOBP_NEPHRON_EPITHELIUM_DEVELOPMENT	123	121		
GOBP_NEPHRON_MORPHOGENESIS	82	80		
GOBP_NEPHRON_TUBULE_EPITHELIAL_CELL_DIFFERENTIATION	14		Rejected!	
GOBP_NEPHRON_TUBULE_FORMATION	20	20		
GOBP_NERVE_DEVELOPMENT	97	94		
GOBP_NERVE_GROWTH_FACTOR_SIGNALING_PATHWAY	14		Rejected!	
GOBP_NERVOUS_SYSTEM_PROCESS	1522		Rejected!	
GOBP_NERVOUS_SYSTEM_PROCESS_INVOLVED_IN_REGULATION_OF_SYSTEMIC_ARTERIAL_BLOOD_PRESSURE	13		Rejected!	
GOBP_NETRIN_ACTIVATED_SIGNALING_PATHWAY	9		Rejected!	
GOBP_NEURAL_CREST_CELL_DIFFERENTIATION	94	92		
GOBP_NEURAL_CREST_CELL_FATE_COMMITMENT	6		Rejected!	
GOBP_NEURAL_CREST_CELL_MIGRATION_INVOLVED_IN_AUTONOMIC_NERVOUS_SYSTEM_DEVELOPMENT	6		Rejected!	
GOBP_NEURAL_CREST_FORMATION	15	15		
GOBP_NEURAL_FOLD_FORMATION	7		Rejected!	
GOBP_NEURAL_NUCLEUS_DEVELOPMENT	67	61		
GOBP_NEURAL_PLATE_DEVELOPMENT	9		Rejected!	
GOBP_NEURAL_PLATE_MORPHOGENESIS	5		Rejected!	
GOBP_NEURAL_PLATE_PATTERN_SPECIFICATION	9		Rejected!	
GOBP_NEURAL_PLATE_REGIONALIZATION	7		Rejected!	
GOBP_NEURAL_PRECURSOR_CELL_PROLIFERATION	169	164		
GOBP_NEURAL_RETINA_DEVELOPMENT	82	80		
GOBP_NEURAL_TUBE_DEVELOPMENT	158	155		
GOBP_NEURAL_TUBE_FORMATION	102	100		
GOBP_NEURAL_TUBE_PATTERNING	32	32		
GOBP_NEUROBLAST_DIFFERENTIATION	8		Rejected!	
GOBP_NEUROBLAST_DIVISION	15		Rejected!	
GOBP_NEUROBLAST_MIGRATION	7		Rejected!	
GOBP_NEUROBLAST_PROLIFERATION	83	78		
GOBP_NEUROENDOCRINE_CELL_DIFFERENTIATION	16	16		
GOBP_NEUROEPITHELIAL_CELL_DIFFERENTIATION	42	42		
GOBP_NEUROFILAMENT_CYTOSKELETON_ORGANIZATION	10		Rejected!	
GOBP_NEUROGENESIS	1745		Rejected!	
GOBP_NEUROINFLAMMATORY_RESPONSE	84	76		
GOBP_NEUROMUSCULAR_JUNCTION_DEVELOPMENT	53	52		
GOBP_NEUROMUSCULAR_PROCESS	167	156		
GOBP_NEUROMUSCULAR_PROCESS_CONTROLLING_BALANCE	52	50		
GOBP_NEUROMUSCULAR_PROCESS_CONTROLLING_POSTURE	19	18		
GOBP_NEUROMUSCULAR_SYNAPTIC_TRANSMISSION	31	29		
GOBP_NEURONAL_ACTION_POTENTIAL	35	31		
GOBP_NEURONAL_ACTION_POTENTIAL_PROPAGATION	10		Rejected!	
GOBP_NEURONAL_DENSE_CORE_VESICLE_EXOCYTOSIS	7		Rejected!	
GOBP_NEURONAL_ION_CHANNEL_CLUSTERING	12		Rejected!	
GOBP_NEURONAL_SIGNAL_TRANSDUCTION	7		Rejected!	
GOBP_NEURONAL_STEM_CELL_POPULATION_MAINTENANCE	25	24		
GOBP_NEURON_APOPTOTIC_PROCESS	293	278		
GOBP_NEURON_CELLULAR_HOMEOSTASIS	64	63		
GOBP_NEURON_CELL_CELL_ADHESION	16	16		
GOBP_NEURON_DEVELOPMENT	1159		Rejected!	
GOBP_NEURON_FATE_COMMITMENT	74	71		
GOBP_NEURON_FATE_DETERMINATION	10		Rejected!	
GOBP_NEURON_FATE_SPECIFICATION	36	35		
GOBP_NEURON_GLIAL_CELL_SIGNALING	5		Rejected!	
GOBP_NEURON_INTRINSIC_APOPTOTIC_SIGNALING_PATHWAY_IN_RESPONSE_TO_OXIDATIVE_STRESS	22	20		
GOBP_NEURON_MATURATION	48	47		
GOBP_NEURON_MIGRATION	184	174		
GOBP_NEURON_NEURON_SYNAPTIC_TRANSMISSION	8		Rejected!	
GOBP_NEURON_PROJECTION_ARBORIZATION	33	32		
GOBP_NEURON_PROJECTION_EXTENSION	164	161		
GOBP_NEURON_PROJECTION_EXTENSION_INVOLVED_IN_NEURON_PROJECTION_GUIDANCE	21	21		
GOBP_NEURON_PROJECTION_GUIDANCE	234	227		
GOBP_NEURON_PROJECTION_MAINTENANCE	12		Rejected!	
GOBP_NEURON_PROJECTION_ORGANIZATION	95	88		
GOBP_NEURON_PROJECTION_REGENERATION	61	57		
GOBP_NEURON_RECOGNITION	46	46		
GOBP_NEURON_REMODELING	15	15		
GOBP_NEUROPEPTIDE_SIGNALING_PATHWAY	111	104		
GOBP_NEUROTRANSMITTER_GATED_ION_CHANNEL_CLUSTERING	17	15		
GOBP_NEUROTRANSMITTER_LOADING_INTO_SYNAPTIC_VESICLE	7		Rejected!	
GOBP_NEUROTRANSMITTER_RECEPTOR_INTERNALIZATION	34	34		
GOBP_NEUROTRANSMITTER_RECEPTOR_LOCALIZATION_TO_POSTSYNAPTIC_SPECIALIZATION_MEMBRANE	25	25		
GOBP_NEUROTRANSMITTER_RECEPTOR_TRANSPORT	26	25		
GOBP_NEUROTRANSMITTER_RECEPTOR_TRANSPORT_ENDOSOME_TO_POSTSYNAPTIC_MEMBRANE	11		Rejected!	
GOBP_NEUROTRANSMITTER_RECEPTOR_TRANSPORT_POSTSYNAPTIC_ENDOSOME_TO_LYSOSOME	7		Rejected!	
GOBP_NEUROTRANSMITTER_RECEPTOR_TRANSPORT_TO_PLASMA_MEMBRANE	17	16		
GOBP_NEUROTRANSMITTER_REUPTAKE	35	34		
GOBP_NEUROTRANSMITTER_SECRETION	148	142		
GOBP_NEUROTRANSMITTER_TRANSPORT	210	204		
GOBP_NEUROTRANSMITTER_UPTAKE	45	44		
GOBP_NEUROTROPHIN_SIGNALING_PATHWAY	40	39		
GOBP_NEUROTROPHIN_TRK_RECEPTOR_SIGNALING_PATHWAY	26	26		
GOBP_NEUTRAL_AMINO_ACID_TRANSPORT	58	56		
GOBP_NEUTRAL_LIPID_BIOSYNTHETIC_PROCESS	55	51		
GOBP_NEUTRAL_LIPID_CATABOLIC_PROCESS	38	38		
GOBP_NEUTRAL_LIPID_METABOLIC_PROCESS	138	130		
GOBP_NEUTROPHIL_ACTIVATION_INVOLVED_IN_IMMUNE_RESPONSE	21	21		
GOBP_NEUTROPHIL_APOPTOTIC_PROCESS	7		Rejected!	
GOBP_NEUTROPHIL_CHEMOTAXIS	85	81		
GOBP_NEUTROPHIL_CLEARANCE	6		Rejected!	
GOBP_NEUTROPHIL_DEGRANULATION	14		Rejected!	
GOBP_NEUTROPHIL_DIFFERENTIATION	11		Rejected!	
GOBP_NEUTROPHIL_EXTRAVASATION	14		Rejected!	
GOBP_NEUTROPHIL_HOMEOSTASIS	20	19		
GOBP_NEUTROPHIL_MEDIATED_CYTOTOXICITY	15		Rejected!	
GOBP_NEUTROPHIL_MEDIATED_IMMUNITY	38	36		
GOBP_NEUTROPHIL_MEDIATED_KILLING_OF_GRAM_NEGATIVE_BACTERIUM	7		Rejected!	
GOBP_NEUTROPHIL_MEDIATED_KILLING_OF_SYMBIONT_CELL	13		Rejected!	
GOBP_NEUTROPHIL_MIGRATION	107	101		
GOBP_NITRIC_OXIDE_CGMP_MEDIATED_SIGNALING	10		Rejected!	
GOBP_NITRIC_OXIDE_MEDIATED_SIGNAL_TRANSDUCTION	24	21		
GOBP_NITRIC_OXIDE_SYNTHASE_BIOSYNTHETIC_PROCESS	20	18		
GOBP_NITRIC_OXIDE_TRANSPORT	5		Rejected!	
GOBP_NITROGEN_COMPOUND_TRANSPORT	1903		Rejected!	
GOBP_NITROGEN_CYCLE_METABOLIC_PROCESS	13		Rejected!	
GOBP_NITROGEN_UTILIZATION	5		Rejected!	
GOBP_NK_T_CELL_ACTIVATION	15		Rejected!	
GOBP_NK_T_CELL_DIFFERENTIATION	11		Rejected!	
GOBP_NK_T_CELL_PROLIFERATION	9		Rejected!	
GOBP_NLS_BEARING_PROTEIN_IMPORT_INTO_NUCLEUS	20	17		
GOBP_NODAL_SIGNALING_PATHWAY	21	18		
GOBP_NONASSOCIATIVE_LEARNING	6		Rejected!	
GOBP_NONRIBOSOMAL_PEPTIDE_BIOSYNTHETIC_PROCESS	18	18		
GOBP_NON_CANONICAL_NF_KAPPAB_SIGNAL_TRANSDUCTION	137	118		
GOBP_NON_CANONICAL_WNT_SIGNALING_PATHWAY	71	69		
GOBP_NON_LYTIC_VIRAL_RELEASE	15		Rejected!	
GOBP_NON_MEMBRANE_BOUNDED_ORGANELLE_ASSEMBLY	424	395		
GOBP_NON_MOTILE_CILIUM_ASSEMBLY	65	62		
GOBP_NON_PROTEINOGENIC_AMINO_ACID_BIOSYNTHETIC_PROCESS	17	17		
GOBP_NON_PROTEINOGENIC_AMINO_ACID_CATABOLIC_PROCESS	19	18		
GOBP_NON_PROTEINOGENIC_AMINO_ACID_METABOLIC_PROCESS	74	72		
GOBP_NORADRENERGIC_NEURON_DEVELOPMENT	5		Rejected!	
GOBP_NORADRENERGIC_NEURON_DIFFERENTIATION	11		Rejected!	
GOBP_NOREPINEPHRINE_BIOSYNTHETIC_PROCESS	8		Rejected!	
GOBP_NOREPINEPHRINE_METABOLIC_PROCESS	15		Rejected!	
GOBP_NOREPINEPHRINE_SECRETION	14		Rejected!	
GOBP_NOREPINEPHRINE_TRANSPORT	23	23		
GOBP_NOREPINEPHRINE_UPTAKE	8		Rejected!	
GOBP_NOSE_DEVELOPMENT	16	16		
GOBP_NOTCH_RECEPTOR_PROCESSING	9		Rejected!	
GOBP_NOTCH_SIGNALING_PATHWAY	184	171		
GOBP_NOTOCHORD_DEVELOPMENT	19	19		
GOBP_NOTOCHORD_MORPHOGENESIS	8		Rejected!	
GOBP_NUCLEAR_BODY_ORGANIZATION	18	17		
GOBP_NUCLEAR_CHROMOSOME_SEGREGATION	323	297		
GOBP_NUCLEAR_ENVELOPE_ORGANIZATION	57	54		
GOBP_NUCLEAR_EXPORT	169	157		
GOBP_NUCLEAR_MEMBRANE_ORGANIZATION	47	44		
GOBP_NUCLEAR_MEMBRANE_REASSEMBLY	26	23		
GOBP_NUCLEAR_MIGRATION	25	24		
GOBP_NUCLEAR_MIGRATION_ALONG_MICROTUBULE	5		Rejected!	
GOBP_NUCLEAR_MRNA_SURVEILLANCE	11		Rejected!	
GOBP_NUCLEAR_PORE_COMPLEX_ASSEMBLY	11		Rejected!	
GOBP_NUCLEAR_PORE_LOCALIZATION	5		Rejected!	
GOBP_NUCLEAR_PORE_ORGANIZATION	15	15		
GOBP_NUCLEAR_RNA_SURVEILLANCE	15	15		
GOBP_NUCLEAR_TRANSCRIBED_MRNA_CATABOLIC_PROCESS	126	114		
GOBP_NUCLEAR_TRANSCRIBED_MRNA_CATABOLIC_PROCESS_DEADENYLATION_DEPENDENT_DECAY	61	57		
GOBP_NUCLEAR_TRANSCRIBED_MRNA_CATABOLIC_PROCESS_DEADENYLATION_INDEPENDENT_DECAY	7		Rejected!	
GOBP_NUCLEAR_TRANSCRIBED_MRNA_CATABOLIC_PROCESS_NONSENSE_MEDIATED_DECAY	44	40		
GOBP_NUCLEAR_TRANSCRIBED_MRNA_POLY_A_TAIL_SHORTENING	32	29		
GOBP_NUCLEAR_TRANSPORT	333	315		
GOBP_NUCLEIC_ACID_CATABOLIC_PROCESS	802		Rejected!	
GOBP_NUCLEOBASE_BIOSYNTHETIC_PROCESS	18	18		
GOBP_NUCLEOBASE_CATABOLIC_PROCESS	10		Rejected!	
GOBP_NUCLEOBASE_CONTAINING_COMPOUND_TRANSPORT	233	215		
GOBP_NUCLEOBASE_CONTAINING_SMALL_MOLECULE_BIOSYNTHETIC_PROCESS	19	17		
GOBP_NUCLEOBASE_CONTAINING_SMALL_MOLECULE_CATABOLIC_PROCESS	31	30		
GOBP_NUCLEOBASE_CONTAINING_SMALL_MOLECULE_INTERCONVERSION	8		Rejected!	
GOBP_NUCLEOBASE_CONTAINING_SMALL_MOLECULE_METABOLIC_PROCESS	681		Rejected!	
GOBP_NUCLEOBASE_METABOLIC_PROCESS	40	39		
GOBP_NUCLEOBASE_TRANSPORT	13		Rejected!	
GOBP_NUCLEOLAR_CHROMATIN_ORGANIZATION	11		Rejected!	
GOBP_NUCLEOLAR_LARGE_RRNA_TRANSCRIPTION_BY_RNA_POLYMERASE_I	24	18		
GOBP_NUCLEOLUS_ORGANIZATION	18	16		
GOBP_NUCLEOPHAGY	23	22		
GOBP_NUCLEOSIDE_BISPHOSPHATE_BIOSYNTHETIC_PROCESS	57	55		
GOBP_NUCLEOSIDE_BISPHOSPHATE_CATABOLIC_PROCESS	12		Rejected!	
GOBP_NUCLEOSIDE_BISPHOSPHATE_METABOLIC_PROCESS	124	118		
GOBP_NUCLEOSIDE_DIPHOSPHATE_BIOSYNTHETIC_PROCESS	13		Rejected!	
GOBP_NUCLEOSIDE_DIPHOSPHATE_CATABOLIC_PROCESS	104	102		
GOBP_NUCLEOSIDE_DIPHOSPHATE_METABOLIC_PROCESS	129	125		
GOBP_NUCLEOSIDE_METABOLIC_PROCESS	57	54		
GOBP_NUCLEOSIDE_MONOPHOSPHATE_BIOSYNTHETIC_PROCESS	42	40		
GOBP_NUCLEOSIDE_MONOPHOSPHATE_CATABOLIC_PROCESS	19	19		
GOBP_NUCLEOSIDE_MONOPHOSPHATE_METABOLIC_PROCESS	77	74		
GOBP_NUCLEOSIDE_MONOPHOSPHATE_PHOSPHORYLATION	11		Rejected!	
GOBP_NUCLEOSIDE_PHOSPHATE_BIOSYNTHETIC_PROCESS	292	242		
GOBP_NUCLEOSIDE_PHOSPHATE_CATABOLIC_PROCESS	179	175		
GOBP_NUCLEOSIDE_SALVAGE	12		Rejected!	
GOBP_NUCLEOSIDE_TRANSMEMBRANE_TRANSPORT	8		Rejected!	
GOBP_NUCLEOSIDE_TRANSPORT	10		Rejected!	
GOBP_NUCLEOSIDE_TRIPHOSPHATE_BIOSYNTHETIC_PROCESS	124	86		
GOBP_NUCLEOSIDE_TRIPHOSPHATE_CATABOLIC_PROCESS	12		Rejected!	
GOBP_NUCLEOSIDE_TRIPHOSPHATE_METABOLIC_PROCESS	269	228		
GOBP_NUCLEOSOME_ORGANIZATION	140	69		
GOBP_NUCLEOTIDE_BINDING_DOMAIN_LEUCINE_RICH_REPEAT_CONTAINING_RECEPTOR_SIGNALING_PATHWAY	29	27		
GOBP_NUCLEOTIDE_BINDING_OLIGOMERIZATION_DOMAIN_CONTAINING_1_SIGNALING_PATHWAY	8		Rejected!	
GOBP_NUCLEOTIDE_BINDING_OLIGOMERIZATION_DOMAIN_CONTAINING_2_SIGNALING_PATHWAY	19	17		
GOBP_NUCLEOTIDE_EXCISION_REPAIR	85	82		
GOBP_NUCLEOTIDE_EXCISION_REPAIR_DNA_GAP_FILLING	6		Rejected!	
GOBP_NUCLEOTIDE_SALVAGE	18	17		
GOBP_NUCLEOTIDE_SUGAR_BIOSYNTHETIC_PROCESS	19	17		
GOBP_NUCLEOTIDE_SUGAR_METABOLIC_PROCESS	38	36		
GOBP_NUCLEOTIDE_SUGAR_TRANSMEMBRANE_TRANSPORT	13		Rejected!	
GOBP_NUCLEOTIDE_TRANSMEMBRANE_TRANSPORT	31	29		
GOBP_NUCLEOTIDE_TRANSPORT	49	45		
GOBP_NUCLEUS_LOCALIZATION	32	31		
GOBP_NUCLEUS_ORGANIZATION	150	137		
GOBP_N_ACETYLGLUCOSAMINE_METABOLIC_PROCESS	18	17		
GOBP_N_ACETYLNEURAMINATE_CATABOLIC_PROCESS	7		Rejected!	
GOBP_N_ACETYLNEURAMINATE_METABOLIC_PROCESS	12		Rejected!	
GOBP_N_ACYLETHANOLAMINE_METABOLIC_PROCESS	5		Rejected!	
GOBP_N_ACYLPHOSPHATIDYLETHANOLAMINE_METABOLIC_PROCESS	9		Rejected!	
GOBP_N_GLYCAN_PROCESSING	17	17		
GOBP_N_TERMINAL_PEPTIDYL_METHIONINE_ACETYLATION	5		Rejected!	
GOBP_N_TERMINAL_PROTEIN_AMINO_ACID_ACETYLATION	15		Rejected!	
GOBP_N_TERMINAL_PROTEIN_AMINO_ACID_MODIFICATION	27	25		
GOBP_N_TERMINAL_PROTEIN_LIPIDATION	6		Rejected!	
GOBP_OBSERVATIONAL_LEARNING	7		Rejected!	
GOBP_ODONTOBLAST_DIFFERENTIATION	16	16		
GOBP_ODONTOGENESIS	134	128		
GOBP_ODONTOGENESIS_OF_DENTIN_CONTAINING_TOOTH	94	91		
GOBP_OLEFINIC_COMPOUND_BIOSYNTHETIC_PROCESS	28	28		
GOBP_OLEFINIC_COMPOUND_METABOLIC_PROCESS	162	159		
GOBP_OLFACTORY_BEHAVIOR	11		Rejected!	
GOBP_OLFACTORY_BULB_INTERNEURON_DEVELOPMENT	8		Rejected!	
GOBP_OLFACTORY_BULB_INTERNEURON_DIFFERENTIATION	13		Rejected!	
GOBP_OLFACTORY_LOBE_DEVELOPMENT	39	39		
GOBP_OLFACTORY_NERVE_DEVELOPMENT	7		Rejected!	
GOBP_OLIGODENDROCYTE_APOPTOTIC_PROCESS	5		Rejected!	
GOBP_OLIGODENDROCYTE_DEVELOPMENT	49	45		
GOBP_OLIGODENDROCYTE_DIFFERENTIATION	109	105		
GOBP_OLIGODENDROCYTE_PROGENITOR_PROLIFERATION	8		Rejected!	
GOBP_OLIGOPEPTIDE_IMPORT_ACROSS_PLASMA_MEMBRANE	5		Rejected!	
GOBP_OLIGOPEPTIDE_TRANSPORT	19	17		
GOBP_OLIGOSACCHARIDE_BIOSYNTHETIC_PROCESS	29	29		
GOBP_OLIGOSACCHARIDE_CATABOLIC_PROCESS	16	16		
GOBP_OLIGOSACCHARIDE_LIPID_INTERMEDIATE_BIOSYNTHETIC_PROCESS	22	21		
GOBP_OLIGOSACCHARIDE_METABOLIC_PROCESS	67	67		
GOBP_OMEGA_HYDROXYLASE_P450_PATHWAY	11		Rejected!	
GOBP_ONCOGENE_INDUCED_CELL_SENESCENCE	6		Rejected!	
GOBP_ONE_CARBON_COMPOUND_TRANSPORT	28	26		
GOBP_ONE_CARBON_METABOLIC_PROCESS	40	37		
GOBP_OOCYTE_ANTERIOR_POSTERIOR_AXIS_SPECIFICATION	6		Rejected!	
GOBP_OOCYTE_CONSTRUCTION	8		Rejected!	
GOBP_OOCYTE_DIFFERENTIATION	67	57		
GOBP_OOCYTE_MATURATION	35	28		
GOBP_OOGENESIS	114	99		
GOBP_OPSONIZATION	17	17		
GOBP_OPTIC_CUP_MORPHOGENESIS_INVOLVED_IN_CAMERA_TYPE_EYE_DEVELOPMENT	7		Rejected!	
GOBP_OPTIC_NERVE_DEVELOPMENT	21	21		
GOBP_OPTIC_NERVE_MORPHOGENESIS	6		Rejected!	
GOBP_ORGANELLE_ASSEMBLY	1040		Rejected!	
GOBP_ORGANELLE_DISASSEMBLY	186	161		
GOBP_ORGANELLE_FISSION	498	444		
GOBP_ORGANELLE_FUSION	166	157		
GOBP_ORGANELLE_INHERITANCE	15	15		
GOBP_ORGANELLE_LOCALIZATION	605		Rejected!	
GOBP_ORGANELLE_MEMBRANE_FUSION	123	117		
GOBP_ORGANELLE_TRANSPORT_ALONG_MICROTUBULE	91	87		
GOBP_ORGANIC_ACID_BIOSYNTHETIC_PROCESS	335	310		
GOBP_ORGANIC_ACID_CATABOLIC_PROCESS	251	242		
GOBP_ORGANIC_ACID_METABOLIC_PROCESS	945		Rejected!	
GOBP_ORGANIC_ACID_TRANSMEMBRANE_TRANSPORT	151	143		
GOBP_ORGANIC_ACID_TRANSPORT	353	337		
GOBP_ORGANIC_ANION_TRANSPORT	455	434		
GOBP_ORGANIC_CATION_TRANSPORT	116	112		
GOBP_ORGANIC_CYCLIC_COMPOUND_CATABOLIC_PROCESS	730		Rejected!	
GOBP_ORGANIC_HYDROXY_COMPOUND_BIOSYNTHETIC_PROCESS	249	231		
GOBP_ORGANIC_HYDROXY_COMPOUND_CATABOLIC_PROCESS	58	55		
GOBP_ORGANIC_HYDROXY_COMPOUND_METABOLIC_PROCESS	566		Rejected!	
GOBP_ORGANIC_HYDROXY_COMPOUND_TRANSPORT	286	258		
GOBP_ORGANISM_EMERGENCE_FROM_PROTECTIVE_STRUCTURE	26	22		
GOBP_ORGANONITROGEN_COMPOUND_BIOSYNTHETIC_PROCESS	1806		Rejected!	
GOBP_ORGANONITROGEN_COMPOUND_CATABOLIC_PROCESS	1448		Rejected!	
GOBP_ORGANOPHOSPHATE_BIOSYNTHETIC_PROCESS	595		Rejected!	
GOBP_ORGANOPHOSPHATE_CATABOLIC_PROCESS	237	231		
GOBP_ORGANOPHOSPHATE_ESTER_TRANSPORT	158	149		
GOBP_ORGANOPHOSPHATE_METABOLIC_PROCESS	1039		Rejected!	
GOBP_ORGAN_GROWTH	180	156		
GOBP_ORGAN_INDUCTION	22	22		
GOBP_ORGAN_OR_TISSUE_SPECIFIC_IMMUNE_RESPONSE	42	32		
GOBP_ORNITHINE_METABOLIC_PROCESS	10		Rejected!	
GOBP_ORNITHINE_TRANSPORT	7		Rejected!	
GOBP_OSMOSENSORY_SIGNALING_PATHWAY	8		Rejected!	
GOBP_OSSIFICATION	452	395		
GOBP_OSTEOBLAST_DEVELOPMENT	17	17		
GOBP_OSTEOBLAST_DIFFERENTIATION	261	215		
GOBP_OSTEOBLAST_PROLIFERATION	37	32		
GOBP_OSTEOCLAST_DIFFERENTIATION	109	102		
GOBP_OSTEOCLAST_FUSION	6		Rejected!	
GOBP_OSTEOCLAST_PROLIFERATION	11		Rejected!	
GOBP_OTIC_VESICLE_DEVELOPMENT	15		Rejected!	
GOBP_OTIC_VESICLE_FORMATION	8		Rejected!	
GOBP_OTIC_VESICLE_MORPHOGENESIS	10		Rejected!	
GOBP_OTOLITH_DEVELOPMENT	10		Rejected!	
GOBP_OTOLITH_MORPHOGENESIS	5		Rejected!	
GOBP_OUTER_DYNEIN_ARM_ASSEMBLY	24		Rejected!	
GOBP_OUTER_EAR_MORPHOGENESIS	9		Rejected!	
GOBP_OUTFLOW_TRACT_MORPHOGENESIS	82	78		
GOBP_OUTFLOW_TRACT_SEPTUM_MORPHOGENESIS	26	25		
GOBP_OVARIAN_FOLLICLE_DEVELOPMENT	57	56		
GOBP_OVIDUCT_DEVELOPMENT	6		Rejected!	
GOBP_OVULATION	16	16		
GOBP_OVULATION_CYCLE	73	71		
GOBP_OVULATION_CYCLE_PROCESS	50	48		
GOBP_OVULATION_FROM_OVARIAN_FOLLICLE	9		Rejected!	
GOBP_OXALATE_TRANSPORT	12		Rejected!	
GOBP_OXALOACETATE_METABOLIC_PROCESS	9		Rejected!	
GOBP_OXIDATIVE_DEMETHYLATION	10		Rejected!	
GOBP_OXIDATIVE_PHOSPHORYLATION	147	103		
GOBP_OXYGEN_METABOLIC_PROCESS	7		Rejected!	
GOBP_OXYGEN_TRANSPORT	15	15		
GOBP_O_GLYCAN_PROCESSING	43	41		
GOBP_P38MAPK_CASCADE	60	53		
GOBP_PALLIUM_DEVELOPMENT	192	183		
GOBP_PANCREAS_DEVELOPMENT	78	72		
GOBP_PANCREATIC_A_CELL_DIFFERENTIATION	10		Rejected!	
GOBP_PANCREATIC_JUICE_SECRETION	12		Rejected!	
GOBP_PANTOTHENATE_METABOLIC_PROCESS	7		Rejected!	
GOBP_PARACRINE_SIGNALING	7		Rejected!	
GOBP_PARALLEL_ACTIN_FILAMENT_BUNDLE_ASSEMBLY	7		Rejected!	
GOBP_PARANODAL_JUNCTION_ASSEMBLY	6		Rejected!	
GOBP_PARASYMPATHETIC_NERVOUS_SYSTEM_DEVELOPMENT	19	19		
GOBP_PARATHYROID_GLAND_DEVELOPMENT	7		Rejected!	
GOBP_PARAXIAL_MESODERM_DEVELOPMENT	19	19		
GOBP_PARAXIAL_MESODERM_FORMATION	7		Rejected!	
GOBP_PARAXIAL_MESODERM_MORPHOGENESIS	10		Rejected!	
GOBP_PARENTAL_BEHAVIOR	14		Rejected!	
GOBP_PARKIN_MEDIATED_STIMULATION_OF_MITOPHAGY_IN_RESPONSE_TO_MITOCHONDRIAL_DEPOLARIZATION	6		Rejected!	
GOBP_PARTURITION	15		Rejected!	
GOBP_PATTERN_SPECIFICATION_INVOLVED_IN_KIDNEY_DEVELOPMENT	8		Rejected!	
GOBP_PATTERN_SPECIFICATION_PROCESS	473	448		
GOBP_PENETRATION_OF_ZONA_PELLUCIDA	9		Rejected!	
GOBP_PENILE_ERECTION	7		Rejected!	
GOBP_PENTOSE_METABOLIC_PROCESS	13		Rejected!	
GOBP_PENTOSE_PHOSPHATE_SHUNT_NON_OXIDATIVE_BRANCH	6		Rejected!	
GOBP_PEPTIDE_ANTIGEN_ASSEMBLY_WITH_MHC_CLASS_II_PROTEIN_COMPLEX	16		Rejected!	
GOBP_PEPTIDE_ANTIGEN_ASSEMBLY_WITH_MHC_CLASS_I_PROTEIN_COMPLEX	6		Rejected!	
GOBP_PEPTIDE_ANTIGEN_ASSEMBLY_WITH_MHC_PROTEIN_COMPLEX	21	19		
GOBP_PEPTIDE_BIOSYNTHETIC_PROCESS	27	27		
GOBP_PEPTIDE_CATABOLIC_PROCESS	20	19		
GOBP_PEPTIDE_CROSS_LINKING	27	26		
GOBP_PEPTIDE_METABOLIC_PROCESS	78	75		
GOBP_PEPTIDE_MODIFICATION	8		Rejected!	
GOBP_PEPTIDE_TRANSPORT	261	247		
GOBP_PEPTIDOGLYCAN_METABOLIC_PROCESS	6		Rejected!	
GOBP_PEPTIDYL_AMINO_ACID_MODIFICATION	847		Rejected!	
GOBP_PEPTIDYL_ARGININE_METHYLATION	10		Rejected!	
GOBP_PEPTIDYL_ARGININE_METHYLATION_TO_ASYMMETRICAL_DIMETHYL_ARGININE	8		Rejected!	
GOBP_PEPTIDYL_ARGININE_MODIFICATION	13		Rejected!	
GOBP_PEPTIDYL_CYSTEINE_MODIFICATION	44	41		
GOBP_PEPTIDYL_GLUTAMIC_ACID_MODIFICATION	27	24		
GOBP_PEPTIDYL_HISTIDINE_MODIFICATION	9		Rejected!	
GOBP_PEPTIDYL_LYSINE_ACETYLATION	22	22		
GOBP_PEPTIDYL_LYSINE_DEACETYLATION	6		Rejected!	
GOBP_PEPTIDYL_LYSINE_DIMETHYLATION	5		Rejected!	
GOBP_PEPTIDYL_LYSINE_HYDROXYLATION	8		Rejected!	
GOBP_PEPTIDYL_LYSINE_METHYLATION	25	16		
GOBP_PEPTIDYL_LYSINE_MODIFICATION	149	136		
GOBP_PEPTIDYL_LYSINE_MONOMETHYLATION	9		Rejected!	
GOBP_PEPTIDYL_LYSINE_OXIDATION	5		Rejected!	
GOBP_PEPTIDYL_LYSINE_TRIMETHYLATION	11		Rejected!	
GOBP_PEPTIDYL_L_CYSTEINE_S_PALMITOYLATION	23	22		
GOBP_PEPTIDYL_METHIONINE_MODIFICATION	11		Rejected!	
GOBP_PEPTIDYL_PROLINE_HYDROXYLATION	11		Rejected!	
GOBP_PEPTIDYL_PROLINE_HYDROXYLATION_TO_4_HYDROXY_L_PROLINE	8		Rejected!	
GOBP_PEPTIDYL_PROLINE_MODIFICATION	37	31		
GOBP_PEPTIDYL_SERINE_AUTOPHOSPHORYLATION	8		Rejected!	
GOBP_PEPTIDYL_SERINE_DEPHOSPHORYLATION	14		Rejected!	
GOBP_PEPTIDYL_SERINE_MODIFICATION	283	267		
GOBP_PEPTIDYL_THREONINE_DEPHOSPHORYLATION	17	16		
GOBP_PEPTIDYL_THREONINE_MODIFICATION	106	101		
GOBP_PEPTIDYL_TYROSINE_AUTOPHOSPHORYLATION	16	16		
GOBP_PEPTIDYL_TYROSINE_DEPHOSPHORYLATION	32	30		
GOBP_PEPTIDYL_TYROSINE_DEPHOSPHORYLATION_INVOLVED_IN_INACTIVATION_OF_PROTEIN_KINASE_ACTIVITY	8		Rejected!	
GOBP_PEPTIDYL_TYROSINE_MODIFICATION	266	254		
GOBP_PERICARDIUM_DEVELOPMENT	19	18		
GOBP_PERICARDIUM_MORPHOGENESIS	8		Rejected!	
GOBP_PERICENTRIC_HETEROCHROMATIN_FORMATION	5		Rejected!	
GOBP_PERICYTE_CELL_DIFFERENTIATION	11		Rejected!	
GOBP_PERIPHERAL_NERVOUS_SYSTEM_AXON_ENSHEATHMENT	29	27		
GOBP_PERIPHERAL_NERVOUS_SYSTEM_AXON_REGENERATION	10		Rejected!	
GOBP_PERIPHERAL_NERVOUS_SYSTEM_DEVELOPMENT	86	83		
GOBP_PERIPHERAL_NERVOUS_SYSTEM_MYELIN_MAINTENANCE	9		Rejected!	
GOBP_PERIPHERAL_NERVOUS_SYSTEM_NEURON_DIFFERENTIATION	15	15		
GOBP_PERISTALSIS	12		Rejected!	
GOBP_PERK_MEDIATED_UNFOLDED_PROTEIN_RESPONSE	20	20		
GOBP_PEROXISOMAL_TRANSPORT	22	22		
GOBP_PEROXISOME_FISSION	10		Rejected!	
GOBP_PEROXISOME_ORGANIZATION	37	33		
GOBP_PEROXISOME_PROLIFERATOR_ACTIVATED_RECEPTOR_SIGNALING_PATHWAY	24	23		
GOBP_PEXOPHAGY	7		Rejected!	
GOBP_PHAGOCYTOSIS	241	231		
GOBP_PHAGOCYTOSIS_ENGULFMENT	50	50		
GOBP_PHAGOCYTOSIS_RECOGNITION	29	29		
GOBP_PHAGOLYSOSOME_ASSEMBLY	19	19		
GOBP_PHAGOSOME_ACIDIFICATION	7		Rejected!	
GOBP_PHAGOSOME_LYSOSOME_FUSION	14		Rejected!	
GOBP_PHAGOSOME_MATURATION	30	30		
GOBP_PHARYNGEAL_ARCH_ARTERY_MORPHOGENESIS	10		Rejected!	
GOBP_PHARYNGEAL_SYSTEM_DEVELOPMENT	31	30		
GOBP_PHASIC_SMOOTH_MUSCLE_CONTRACTION	24	24		
GOBP_PHENOL_CONTAINING_COMPOUND_BIOSYNTHETIC_PROCESS	48	45		
GOBP_PHENOL_CONTAINING_COMPOUND_CATABOLIC_PROCESS	12		Rejected!	
GOBP_PHENOL_CONTAINING_COMPOUND_METABOLIC_PROCESS	115	108		
GOBP_PHENOTYPIC_SWITCHING	17		Rejected!	
GOBP_PHENYLPROPANOID_METABOLIC_PROCESS	7		Rejected!	
GOBP_PHOSPHAGEN_METABOLIC_PROCESS	5		Rejected!	
GOBP_PHOSPHATE_ION_HOMEOSTASIS	20	19		
GOBP_PHOSPHATE_ION_TRANSMEMBRANE_TRANSPORT	14		Rejected!	
GOBP_PHOSPHATE_ION_TRANSPORT	27	27		
GOBP_PHOSPHATIDIC_ACID_METABOLIC_PROCESS	38	37		
GOBP_PHOSPHATIDYLCHOLINE_ACYL_CHAIN_REMODELING	14		Rejected!	
GOBP_PHOSPHATIDYLCHOLINE_BIOSYNTHETIC_PROCESS	29	29		
GOBP_PHOSPHATIDYLCHOLINE_CATABOLIC_PROCESS	16	16		
GOBP_PHOSPHATIDYLCHOLINE_METABOLIC_PROCESS	76	71		
GOBP_PHOSPHATIDYLETHANOLAMINE_ACYL_CHAIN_REMODELING	11		Rejected!	
GOBP_PHOSPHATIDYLETHANOLAMINE_BIOSYNTHETIC_PROCESS	10		Rejected!	
GOBP_PHOSPHATIDYLETHANOLAMINE_METABOLIC_PROCESS	29	22		
GOBP_PHOSPHATIDYLGLYCEROL_ACYL_CHAIN_REMODELING	9		Rejected!	
GOBP_PHOSPHATIDYLGLYCEROL_BIOSYNTHETIC_PROCESS	10		Rejected!	
GOBP_PHOSPHATIDYLGLYCEROL_METABOLIC_PROCESS	35	32		
GOBP_PHOSPHATIDYLINOSITOL_3_KINASE_PROTEIN_KINASE_B_SIGNAL_TRANSDUCTION	309	280		
GOBP_PHOSPHATIDYLINOSITOL_3_PHOSPHATE_BIOSYNTHETIC_PROCESS	22	22		
GOBP_PHOSPHATIDYLINOSITOL_ACYL_CHAIN_REMODELING	6		Rejected!	
GOBP_PHOSPHATIDYLINOSITOL_BIOSYNTHETIC_PROCESS	131	123		
GOBP_PHOSPHATIDYLINOSITOL_DEPHOSPHORYLATION	30	26		
GOBP_PHOSPHATIDYLINOSITOL_MEDIATED_SIGNALING	23	23		
GOBP_PHOSPHATIDYLINOSITOL_METABOLIC_PROCESS	164	152		
GOBP_PHOSPHATIDYLINOSITOL_PHOSPHATE_BIOSYNTHETIC_PROCESS	66	61		
GOBP_PHOSPHATIDYLSERINE_ACYL_CHAIN_REMODELING	9		Rejected!	
GOBP_PHOSPHATIDYLSERINE_EXPOSURE_ON_APOPTOTIC_CELL_SURFACE	9		Rejected!	
GOBP_PHOSPHATIDYLSERINE_METABOLIC_PROCESS	23	23		
GOBP_PHOSPHOLIPASE_C_ACTIVATING_DOPAMINE_RECEPTOR_SIGNALING_PATHWAY	9		Rejected!	
GOBP_PHOSPHOLIPASE_C_ACTIVATING_G_PROTEIN_COUPLED_ACETYLCHOLINE_RECEPTOR_SIGNALING_PATHWAY	8		Rejected!	
GOBP_PHOSPHOLIPASE_C_ACTIVATING_G_PROTEIN_COUPLED_RECEPTOR_SIGNALING_PATHWAY	120	115		
GOBP_PHOSPHOLIPID_BIOSYNTHETIC_PROCESS	255	239		
GOBP_PHOSPHOLIPID_CATABOLIC_PROCESS	55	53		
GOBP_PHOSPHOLIPID_DEPHOSPHORYLATION	44	40		
GOBP_PHOSPHOLIPID_EFFLUX	14		Rejected!	
GOBP_PHOSPHOLIPID_HOMEOSTASIS	17	17		
GOBP_PHOSPHOLIPID_METABOLIC_PROCESS	387	361		
GOBP_PHOSPHOLIPID_TRANSPORT	103	98		
GOBP_PHOSPHORYLATION	1394		Rejected!	
GOBP_PHOTOPERIODISM	28	26		
GOBP_PHOTORECEPTOR_CELL_DEVELOPMENT	51	48		
GOBP_PHOTORECEPTOR_CELL_DIFFERENTIATION	66	62		
GOBP_PHOTORECEPTOR_CELL_MAINTENANCE	43	43		
GOBP_PHOTORECEPTOR_CELL_MORPHOGENESIS	5		Rejected!	
GOBP_PHOTORECEPTOR_CELL_OUTER_SEGMENT_ORGANIZATION	13		Rejected!	
GOBP_PHOTOTRANSDUCTION	47	44		
GOBP_PHOTOTRANSDUCTION_VISIBLE_LIGHT	18	18		
GOBP_PHYSIOLOGICAL_CARDIAC_MUSCLE_HYPERTROPHY	31	23		
GOBP_PH_REDUCTION	6		Rejected!	
GOBP_PIECEMEAL_MICROAUTOPHAGY_OF_THE_NUCLEUS	18	17		
GOBP_PIGMENTATION	114	111		
GOBP_PIGMENT_ACCUMULATION	12		Rejected!	
GOBP_PIGMENT_BIOSYNTHETIC_PROCESS	58	53		
GOBP_PIGMENT_CATABOLIC_PROCESS	11		Rejected!	
GOBP_PIGMENT_CELL_DIFFERENTIATION	36	35		
GOBP_PIGMENT_GRANULE_LOCALIZATION	25	25		
GOBP_PIGMENT_GRANULE_MATURATION	10		Rejected!	
GOBP_PIGMENT_GRANULE_ORGANIZATION	40	39		
GOBP_PIGMENT_METABOLIC_PROCESS	81	75		
GOBP_PINOCYTOSIS	22	22		
GOBP_PIRNA_MEDIATED_RETROTRANSPOSON_SILENCING_BY_HETEROCHROMATIN_FORMATION	5		Rejected!	
GOBP_PIRNA_PROCESSING	21	19		
GOBP_PITUITARY_GLAND_DEVELOPMENT	42	42		
GOBP_PLACENTA_BLOOD_VESSEL_DEVELOPMENT	32	29		
GOBP_PLACENTA_DEVELOPMENT	151	146		
GOBP_PLANAR_CELL_POLARITY_PATHWAY_INVOLVED_IN_AXIS_ELONGATION	6		Rejected!	
GOBP_PLANAR_CELL_POLARITY_PATHWAY_INVOLVED_IN_NEURAL_TUBE_CLOSURE	10		Rejected!	
GOBP_PLASMA_CELL_DIFFERENTIATION	10		Rejected!	
GOBP_PLASMA_LIPOPROTEIN_PARTICLE_CLEARANCE	55	40		
GOBP_PLASMA_MEMBRANE_FUSION	33	25		
GOBP_PLASMA_MEMBRANE_ORGANIZATION	170	154		
GOBP_PLASMA_MEMBRANE_PHOSPHOLIPID_SCRAMBLING	25	25		
GOBP_PLASMA_MEMBRANE_RAFT_ASSEMBLY	8		Rejected!	
GOBP_PLASMA_MEMBRANE_RAFT_ORGANIZATION	12		Rejected!	
GOBP_PLASMA_MEMBRANE_REPAIR	29	28		
GOBP_PLASMA_MEMBRANE_TO_ENDOSOME_TRANSPORT	8		Rejected!	
GOBP_PLASMA_MEMBRANE_TUBULATION	19	18		
GOBP_PLASMINOGEN_ACTIVATION	27	26		
GOBP_PLATELET_ACTIVATING_FACTOR_METABOLIC_PROCESS	8		Rejected!	
GOBP_PLATELET_ACTIVATION	138	136		
GOBP_PLATELET_AGGREGATION	76	75		
GOBP_PLATELET_DEGRANULATION	7		Rejected!	
GOBP_PLATELET_DENSE_GRANULE_ORGANIZATION	25	24		
GOBP_PLATELET_DERIVED_GROWTH_FACTOR_RECEPTOR_ALPHA_SIGNALING_PATHWAY	7		Rejected!	
GOBP_PLATELET_DERIVED_GROWTH_FACTOR_RECEPTOR_BETA_SIGNALING_PATHWAY	14		Rejected!	
GOBP_PLATELET_DERIVED_GROWTH_FACTOR_RECEPTOR_SIGNALING_PATHWAY	58	54		
GOBP_PLATELET_MORPHOGENESIS	27	26		
GOBP_PLUS_END_DIRECTED_ORGANELLE_TRANSPORT_ALONG_MICROTUBULE	7		Rejected!	
GOBP_PML_BODY_ORGANIZATION	7		Rejected!	
GOBP_PODOCYTE_CELL_MIGRATION	7		Rejected!	
GOBP_PODOSOME_ASSEMBLY	22	21		
GOBP_POINTED_END_ACTIN_FILAMENT_CAPPING	7		Rejected!	
GOBP_POLARIZED_EPITHELIAL_CELL_DIFFERENTIATION	27	25		
GOBP_POLAR_BODY_EXTRUSION_AFTER_MEIOTIC_DIVISIONS	5		Rejected!	
GOBP_POLYAMINE_BIOSYNTHETIC_PROCESS	14		Rejected!	
GOBP_POLYAMINE_METABOLIC_PROCESS	19	18		
GOBP_POLYAMINE_TRANSPORT	16	15		
GOBP_POLYKETIDE_METABOLIC_PROCESS	10		Rejected!	
GOBP_POLYOL_BIOSYNTHETIC_PROCESS	60	57		
GOBP_POLYOL_CATABOLIC_PROCESS	10		Rejected!	
GOBP_POLYOL_METABOLIC_PROCESS	107	101		
GOBP_POLYOL_TRANSMEMBRANE_TRANSPORT	12		Rejected!	
GOBP_POLYPRENOL_METABOLIC_PROCESS	26	25		
GOBP_POLYSACCHARIDE_BIOSYNTHETIC_PROCESS	66	60		
GOBP_POLYSACCHARIDE_CATABOLIC_PROCESS	29	27		
GOBP_POLYSACCHARIDE_METABOLIC_PROCESS	111	100		
GOBP_POLY_A_DEPENDENT_SNORNA_3_END_PROCESSING	8		Rejected!	
GOBP_POLY_A_PLUS_MRNA_EXPORT_FROM_NUCLEUS	25	21		
GOBP_POLY_N_ACETYLLACTOSAMINE_METABOLIC_PROCESS	10		Rejected!	
GOBP_PONS_DEVELOPMENT	11		Rejected!	
GOBP_PORE_COMPLEX_ASSEMBLY	20	19		
GOBP_PORPHYRIN_CONTAINING_COMPOUND_METABOLIC_PROCESS	54	49		
GOBP_POSITIVE_CHEMOTAXIS	70	64		
GOBP_POSITIVE_REGULATION_BY_HOST_OF_VIRAL_GENOME_REPLICATION	10		Rejected!	
GOBP_POSITIVE_REGULATION_BY_HOST_OF_VIRAL_PROCESS	21	21		
GOBP_POSITIVE_REGULATION_BY_HOST_OF_VIRAL_TRANSCRIPTION	17	17		
GOBP_POSITIVE_REGULATION_BY_SYMBIONT_OF_ENTRY_INTO_HOST	14		Rejected!	
GOBP_POSITIVE_REGULATION_OF_3_UTR_MEDIATED_MRNA_STABILIZATION	5		Rejected!	
GOBP_POSITIVE_REGULATION_OF_ACROSOME_REACTION	11		Rejected!	
GOBP_POSITIVE_REGULATION_OF_ACTIN_FILAMENT_BUNDLE_ASSEMBLY	61	60		
GOBP_POSITIVE_REGULATION_OF_ACTIN_FILAMENT_DEPOLYMERIZATION	13		Rejected!	
GOBP_POSITIVE_REGULATION_OF_ACTIN_FILAMENT_POLYMERIZATION	52	47		
GOBP_POSITIVE_REGULATION_OF_ACTIN_NUCLEATION	14		Rejected!	
GOBP_POSITIVE_REGULATION_OF_ACTION_POTENTIAL	8		Rejected!	
GOBP_POSITIVE_REGULATION_OF_ACTIVATED_T_CELL_PROLIFERATION	27	25		
GOBP_POSITIVE_REGULATION_OF_ACTIVIN_RECEPTOR_SIGNALING_PATHWAY	7		Rejected!	
GOBP_POSITIVE_REGULATION_OF_ACUTE_INFLAMMATORY_RESPONSE	28	27		
GOBP_POSITIVE_REGULATION_OF_ACUTE_INFLAMMATORY_RESPONSE_TO_ANTIGENIC_STIMULUS	8		Rejected!	
GOBP_POSITIVE_REGULATION_OF_ADAPTIVE_IMMUNE_RESPONSE	134	127		
GOBP_POSITIVE_REGULATION_OF_ADENYLATE_CYCLASE_ACTIVATING_G_PROTEIN_COUPLED_RECEPTOR_SIGNALING_PATHWAY	6		Rejected!	
GOBP_POSITIVE_REGULATION_OF_ADENYLATE_CYCLASE_ACTIVITY	29	29		
GOBP_POSITIVE_REGULATION_OF_ADIPOSE_TISSUE_DEVELOPMENT	10		Rejected!	
GOBP_POSITIVE_REGULATION_OF_AGGREPHAGY	6		Rejected!	
GOBP_POSITIVE_REGULATION_OF_ALCOHOL_BIOSYNTHETIC_PROCESS	26	24		
GOBP_POSITIVE_REGULATION_OF_ALPHA_BETA_T_CELL_ACTIVATION	75	72		
GOBP_POSITIVE_REGULATION_OF_ALPHA_BETA_T_CELL_DIFFERENTIATION	56	54		
GOBP_POSITIVE_REGULATION_OF_ALPHA_BETA_T_CELL_PROLIFERATION	24	23		
GOBP_POSITIVE_REGULATION_OF_AMIDE_METABOLIC_PROCESS	30	28		
GOBP_POSITIVE_REGULATION_OF_AMINE_METABOLIC_PROCESS	8		Rejected!	
GOBP_POSITIVE_REGULATION_OF_AMINE_TRANSPORT	41	40		
GOBP_POSITIVE_REGULATION_OF_AMINO_ACID_TRANSPORT	24	23		
GOBP_POSITIVE_REGULATION_OF_AMYLOID_BETA_CLEARANCE	8		Rejected!	
GOBP_POSITIVE_REGULATION_OF_AMYLOID_BETA_FORMATION	20	19		
GOBP_POSITIVE_REGULATION_OF_AMYLOID_FIBRIL_FORMATION	5		Rejected!	
GOBP_POSITIVE_REGULATION_OF_AMYLOID_PRECURSOR_PROTEIN_CATABOLIC_PROCESS	25	24		
GOBP_POSITIVE_REGULATION_OF_ANIMAL_ORGAN_MORPHOGENESIS	35	35		
GOBP_POSITIVE_REGULATION_OF_ANOIKIS	6		Rejected!	
GOBP_POSITIVE_REGULATION_OF_ANTIBACTERIAL_PEPTIDE_PRODUCTION	5		Rejected!	
GOBP_POSITIVE_REGULATION_OF_ANTIGEN_PROCESSING_AND_PRESENTATION	9		Rejected!	
GOBP_POSITIVE_REGULATION_OF_ANTIGEN_RECEPTOR_MEDIATED_SIGNALING_PATHWAY	29	26		
GOBP_POSITIVE_REGULATION_OF_ANTIMICROBIAL_HUMORAL_RESPONSE	8		Rejected!	
GOBP_POSITIVE_REGULATION_OF_APOPTOTIC_CELL_CLEARANCE	8		Rejected!	
GOBP_POSITIVE_REGULATION_OF_APOPTOTIC_PROCESS_INVOLVED_IN_DEVELOPMENT	6		Rejected!	
GOBP_POSITIVE_REGULATION_OF_APOPTOTIC_PROCESS_INVOLVED_IN_MORPHOGENESIS	5		Rejected!	
GOBP_POSITIVE_REGULATION_OF_APOPTOTIC_SIGNALING_PATHWAY	143	131		
GOBP_POSITIVE_REGULATION_OF_ARP2_3_COMPLEX_MEDIATED_ACTIN_NUCLEATION	8		Rejected!	
GOBP_POSITIVE_REGULATION_OF_ARTERY_MORPHOGENESIS	6		Rejected!	
GOBP_POSITIVE_REGULATION_OF_ASPARTIC_TYPE_ENDOPEPTIDASE_ACTIVITY_INVOLVED_IN_AMYLOID_PRECURSOR_PROTEIN_CATABOLIC_PROCESS	5		Rejected!	
GOBP_POSITIVE_REGULATION_OF_ASTROCYTE_DIFFERENTIATION	13		Rejected!	
GOBP_POSITIVE_REGULATION_OF_ATP_BIOSYNTHETIC_PROCESS	10		Rejected!	
GOBP_POSITIVE_REGULATION_OF_ATP_DEPENDENT_ACTIVITY	39	38		
GOBP_POSITIVE_REGULATION_OF_ATP_METABOLIC_PROCESS	32	30		
GOBP_POSITIVE_REGULATION_OF_ATTACHMENT_OF_SPINDLE_MICROTUBULES_TO_KINETOCHORE	11		Rejected!	
GOBP_POSITIVE_REGULATION_OF_AUTOPHAGOSOME_ASSEMBLY	20	17		
GOBP_POSITIVE_REGULATION_OF_AUTOPHAGOSOME_MATURATION	7		Rejected!	
GOBP_POSITIVE_REGULATION_OF_AUTOPHAGY	159	148		
GOBP_POSITIVE_REGULATION_OF_AUTOPHAGY_OF_MITOCHONDRION	19	15		
GOBP_POSITIVE_REGULATION_OF_AXONOGENESIS	77	77		
GOBP_POSITIVE_REGULATION_OF_AXON_EXTENSION	37	37		
GOBP_POSITIVE_REGULATION_OF_AXON_EXTENSION_INVOLVED_IN_AXON_GUIDANCE	7		Rejected!	
GOBP_POSITIVE_REGULATION_OF_BASEMENT_MEMBRANE_ASSEMBLY_INVOLVED_IN_EMBRYONIC_BODY_MORPHOGENESIS	5		Rejected!	
GOBP_POSITIVE_REGULATION_OF_BEHAVIOR	25	23		
GOBP_POSITIVE_REGULATION_OF_BICELLULAR_TIGHT_JUNCTION_ASSEMBLY	9		Rejected!	
GOBP_POSITIVE_REGULATION_OF_BINDING	108	102		
GOBP_POSITIVE_REGULATION_OF_BIOMINERAL_TISSUE_DEVELOPMENT	54	50		
GOBP_POSITIVE_REGULATION_OF_BLOOD_BRAIN_BARRIER_PERMEABILITY	5		Rejected!	
GOBP_POSITIVE_REGULATION_OF_BLOOD_CIRCULATION	38	35		
GOBP_POSITIVE_REGULATION_OF_BLOOD_PRESSURE	32	31		
GOBP_POSITIVE_REGULATION_OF_BLOOD_VESSEL_ENDOTHELIAL_CELL_MIGRATION	79	52		
GOBP_POSITIVE_REGULATION_OF_BLOOD_VESSEL_ENDOTHELIAL_CELL_PROLIFERATION_INVOLVED_IN_SPROUTING_ANGIOGENESIS	22		Rejected!	
GOBP_POSITIVE_REGULATION_OF_BLOOD_VESSEL_REMODELING	6		Rejected!	
GOBP_POSITIVE_REGULATION_OF_BMP_SIGNALING_PATHWAY	40	33		
GOBP_POSITIVE_REGULATION_OF_BONE_MINERALIZATION	44	41		
GOBP_POSITIVE_REGULATION_OF_BONE_RESORPTION	19	19		
GOBP_POSITIVE_REGULATION_OF_BROWN_FAT_CELL_DIFFERENTIATION	16	16		
GOBP_POSITIVE_REGULATION_OF_B_CELL_ACTIVATION	85	81		
GOBP_POSITIVE_REGULATION_OF_B_CELL_DIFFERENTIATION	17	17		
GOBP_POSITIVE_REGULATION_OF_B_CELL_MEDIATED_IMMUNITY	43	39		
GOBP_POSITIVE_REGULATION_OF_B_CELL_PROLIFERATION	45	45		
GOBP_POSITIVE_REGULATION_OF_B_CELL_RECEPTOR_SIGNALING_PATHWAY	10		Rejected!	
GOBP_POSITIVE_REGULATION_OF_CALCINEURIN_MEDIATED_SIGNALING	20	18		
GOBP_POSITIVE_REGULATION_OF_CALCIUM_ION_DEPENDENT_EXOCYTOSIS	13		Rejected!	
GOBP_POSITIVE_REGULATION_OF_CALCIUM_ION_IMPORT	25	25		
GOBP_POSITIVE_REGULATION_OF_CALCIUM_ION_IMPORT_ACROSS_PLASMA_MEMBRANE	9		Rejected!	
GOBP_POSITIVE_REGULATION_OF_CALCIUM_ION_TRANSMEMBRANE_TRANSPORT	82	75		
GOBP_POSITIVE_REGULATION_OF_CALCIUM_ION_TRANSMEMBRANE_TRANSPORTER_ACTIVITY	30	27		
GOBP_POSITIVE_REGULATION_OF_CALCIUM_ION_TRANSPORT	117	109		
GOBP_POSITIVE_REGULATION_OF_CALCIUM_ION_TRANSPORT_INTO_CYTOSOL	13		Rejected!	
GOBP_POSITIVE_REGULATION_OF_CALCIUM_MEDIATED_SIGNALING	57	53		
GOBP_POSITIVE_REGULATION_OF_CAMP_MEDIATED_SIGNALING	9		Rejected!	
GOBP_POSITIVE_REGULATION_OF_CANONICAL_NF_KAPPAB_SIGNAL_TRANSDUCTION	213	209		
GOBP_POSITIVE_REGULATION_OF_CANONICAL_WNT_SIGNALING_PATHWAY	113	101		
GOBP_POSITIVE_REGULATION_OF_CARBOHYDRATE_METABOLIC_PROCESS	79	73		
GOBP_POSITIVE_REGULATION_OF_CARDIAC_EPITHELIAL_TO_MESENCHYMAL_TRANSITION	9		Rejected!	
GOBP_POSITIVE_REGULATION_OF_CARDIAC_MUSCLE_ADAPTATION	9		Rejected!	
GOBP_POSITIVE_REGULATION_OF_CARDIAC_MUSCLE_CELL_DIFFERENTIATION	11		Rejected!	
GOBP_POSITIVE_REGULATION_OF_CARDIAC_MUSCLE_CELL_PROLIFERATION	31	22		
GOBP_POSITIVE_REGULATION_OF_CARDIAC_MUSCLE_CONTRACTION	9		Rejected!	
GOBP_POSITIVE_REGULATION_OF_CARDIOCYTE_DIFFERENTIATION	18		Rejected!	
GOBP_POSITIVE_REGULATION_OF_CARTILAGE_DEVELOPMENT	32	29		
GOBP_POSITIVE_REGULATION_OF_CATABOLIC_PROCESS	635		Rejected!	
GOBP_POSITIVE_REGULATION_OF_CATALYTIC_ACTIVITY	846		Rejected!	
GOBP_POSITIVE_REGULATION_OF_CATECHOLAMINE_METABOLIC_PROCESS	6		Rejected!	
GOBP_POSITIVE_REGULATION_OF_CATECHOLAMINE_SECRETION	12		Rejected!	
GOBP_POSITIVE_REGULATION_OF_CATION_CHANNEL_ACTIVITY	48	41		
GOBP_POSITIVE_REGULATION_OF_CD4_POSITIVE_ALPHA_BETA_T_CELL_ACTIVATION	48	47		
GOBP_POSITIVE_REGULATION_OF_CD4_POSITIVE_ALPHA_BETA_T_CELL_DIFFERENTIATION	38	37		
GOBP_POSITIVE_REGULATION_OF_CD4_POSITIVE_ALPHA_BETA_T_CELL_PROLIFERATION	10		Rejected!	
GOBP_POSITIVE_REGULATION_OF_CD8_POSITIVE_ALPHA_BETA_T_CELL_ACTIVATION	8		Rejected!	
GOBP_POSITIVE_REGULATION_OF_CD8_POSITIVE_ALPHA_BETA_T_CELL_DIFFERENTIATION	5		Rejected!	
GOBP_POSITIVE_REGULATION_OF_CELLULAR_CATABOLIC_PROCESS	224	211		
GOBP_POSITIVE_REGULATION_OF_CELLULAR_COMPONENT_BIOGENESIS	515	485		
GOBP_POSITIVE_REGULATION_OF_CELLULAR_COMPONENT_ORGANIZATION	1132		Rejected!	
GOBP_POSITIVE_REGULATION_OF_CELLULAR_EXTRAVASATION	19	18		
GOBP_POSITIVE_REGULATION_OF_CELLULAR_PH_REDUCTION	5		Rejected!	
GOBP_POSITIVE_REGULATION_OF_CELLULAR_RESPIRATION	13		Rejected!	
GOBP_POSITIVE_REGULATION_OF_CELLULAR_RESPONSE_TO_INSULIN_STIMULUS	26	24		
GOBP_POSITIVE_REGULATION_OF_CELLULAR_RESPONSE_TO_TRANSFORMING_GROWTH_FACTOR_BETA_STIMULUS	33	30		
GOBP_POSITIVE_REGULATION_OF_CELLULAR_SENESCENCE	19		Rejected!	
GOBP_POSITIVE_REGULATION_OF_CELL_ACTIVATION	385	359		
GOBP_POSITIVE_REGULATION_OF_CELL_ADHESION	489	465		
GOBP_POSITIVE_REGULATION_OF_CELL_ADHESION_MEDIATED_BY_INTEGRIN	22	22		
GOBP_POSITIVE_REGULATION_OF_CELL_ADHESION_MOLECULE_PRODUCTION	5		Rejected!	
GOBP_POSITIVE_REGULATION_OF_CELL_CELL_ADHESION	330	314		
GOBP_POSITIVE_REGULATION_OF_CELL_CELL_ADHESION_MEDIATED_BY_CADHERIN	11		Rejected!	
GOBP_POSITIVE_REGULATION_OF_CELL_CELL_ADHESION_MEDIATED_BY_INTEGRIN	6		Rejected!	
GOBP_POSITIVE_REGULATION_OF_CELL_CYCLE	338	308		
GOBP_POSITIVE_REGULATION_OF_CELL_CYCLE_CHECKPOINT	19	18		
GOBP_POSITIVE_REGULATION_OF_CELL_CYCLE_G1_S_PHASE_TRANSITION	70	57		
GOBP_POSITIVE_REGULATION_OF_CELL_CYCLE_G2_M_PHASE_TRANSITION	31	31		
GOBP_POSITIVE_REGULATION_OF_CELL_CYCLE_PHASE_TRANSITION	120	107		
GOBP_POSITIVE_REGULATION_OF_CELL_CYCLE_PROCESS	269	244		
GOBP_POSITIVE_REGULATION_OF_CELL_DEVELOPMENT	460	440		
GOBP_POSITIVE_REGULATION_OF_CELL_DIFFERENTIATION	910		Rejected!	
GOBP_POSITIVE_REGULATION_OF_CELL_DIVISION	98	94		
GOBP_POSITIVE_REGULATION_OF_CELL_FATE_COMMITMENT	17		Rejected!	
GOBP_POSITIVE_REGULATION_OF_CELL_GROWTH	162	147		
GOBP_POSITIVE_REGULATION_OF_CELL_GROWTH_INVOLVED_IN_CARDIAC_MUSCLE_CELL_DEVELOPMENT	8		Rejected!	
GOBP_POSITIVE_REGULATION_OF_CELL_JUNCTION_ASSEMBLY	110	106		
GOBP_POSITIVE_REGULATION_OF_CELL_KILLING	77	74		
GOBP_POSITIVE_REGULATION_OF_CELL_MATRIX_ADHESION	56	54		
GOBP_POSITIVE_REGULATION_OF_CELL_MATURATION	9		Rejected!	
GOBP_POSITIVE_REGULATION_OF_CELL_MIGRATION_INVOLVED_IN_SPROUTING_ANGIOGENESIS	36	21		
GOBP_POSITIVE_REGULATION_OF_CELL_MORPHOGENESIS	37	35		
GOBP_POSITIVE_REGULATION_OF_CELL_POPULATION_PROLIFERATION	1000		Rejected!	
GOBP_POSITIVE_REGULATION_OF_CELL_PROJECTION_ORGANIZATION	361	339		
GOBP_POSITIVE_REGULATION_OF_CELL_PROLIFERATION_INVOLVED_IN_HEART_MORPHOGENESIS	5		Rejected!	
GOBP_POSITIVE_REGULATION_OF_CELL_PROLIFERATION_INVOLVED_IN_KIDNEY_DEVELOPMENT	9		Rejected!	
GOBP_POSITIVE_REGULATION_OF_CELL_PROLIFERATION_IN_BONE_MARROW	6		Rejected!	
GOBP_POSITIVE_REGULATION_OF_CELL_SIZE	11		Rejected!	
GOBP_POSITIVE_REGULATION_OF_CELL_SUBSTRATE_ADHESION	124	120		
GOBP_POSITIVE_REGULATION_OF_CELL_SUBSTRATE_JUNCTION_ORGANIZATION	31	30		
GOBP_POSITIVE_REGULATION_OF_CENTRIOLE_ELONGATION	5		Rejected!	
GOBP_POSITIVE_REGULATION_OF_CENTRIOLE_REPLICATION	9		Rejected!	
GOBP_POSITIVE_REGULATION_OF_CERAMIDE_BIOSYNTHETIC_PROCESS	7		Rejected!	
GOBP_POSITIVE_REGULATION_OF_CEREBELLAR_GRANULE_CELL_PRECURSOR_PROLIFERATION	6		Rejected!	
GOBP_POSITIVE_REGULATION_OF_CGMP_MEDIATED_SIGNALING	6		Rejected!	
GOBP_POSITIVE_REGULATION_OF_CHEMOKINE_C_C_MOTIF_LIGAND_5_PRODUCTION	6		Rejected!	
GOBP_POSITIVE_REGULATION_OF_CHEMOKINE_C_X_C_MOTIF_LIGAND_1_PRODUCTION	5		Rejected!	
GOBP_POSITIVE_REGULATION_OF_CHEMOKINE_C_X_C_MOTIF_LIGAND_2_PRODUCTION	11		Rejected!	
GOBP_POSITIVE_REGULATION_OF_CHEMOKINE_PRODUCTION	72	70		
GOBP_POSITIVE_REGULATION_OF_CHEMOTAXIS	142	139		
GOBP_POSITIVE_REGULATION_OF_CHOLESTEROL_BIOSYNTHETIC_PROCESS	10		Rejected!	
GOBP_POSITIVE_REGULATION_OF_CHOLESTEROL_EFFLUX	27	26		
GOBP_POSITIVE_REGULATION_OF_CHOLESTEROL_METABOLIC_PROCESS	15		Rejected!	
GOBP_POSITIVE_REGULATION_OF_CHOLESTEROL_STORAGE	8		Rejected!	
GOBP_POSITIVE_REGULATION_OF_CHONDROCYTE_DIFFERENTIATION	20	20		
GOBP_POSITIVE_REGULATION_OF_CHONDROCYTE_PROLIFERATION	8		Rejected!	
GOBP_POSITIVE_REGULATION_OF_CHROMATIN_BINDING	9		Rejected!	
GOBP_POSITIVE_REGULATION_OF_CHROMATIN_ORGANIZATION	14		Rejected!	
GOBP_POSITIVE_REGULATION_OF_CHROMOSOME_CONDENSATION	8		Rejected!	
GOBP_POSITIVE_REGULATION_OF_CHROMOSOME_ORGANIZATION	109	105		
GOBP_POSITIVE_REGULATION_OF_CHROMOSOME_SEGREGATION	27	27		
GOBP_POSITIVE_REGULATION_OF_CHROMOSOME_SEPARATION	29	29		
GOBP_POSITIVE_REGULATION_OF_CILIUM_ASSEMBLY	31	27		
GOBP_POSITIVE_REGULATION_OF_CILIUM_MOVEMENT	14		Rejected!	
GOBP_POSITIVE_REGULATION_OF_CIRCADIAN_RHYTHM	18	15		
GOBP_POSITIVE_REGULATION_OF_COAGULATION	30	28		
GOBP_POSITIVE_REGULATION_OF_COA_TRANSFERASE_ACTIVITY	8		Rejected!	
GOBP_POSITIVE_REGULATION_OF_COLD_INDUCED_THERMOGENESIS	101	101		
GOBP_POSITIVE_REGULATION_OF_COLLAGEN_METABOLIC_PROCESS	27	23		
GOBP_POSITIVE_REGULATION_OF_COLLATERAL_SPROUTING	9		Rejected!	
GOBP_POSITIVE_REGULATION_OF_COMPLEMENT_ACTIVATION	7		Rejected!	
GOBP_POSITIVE_REGULATION_OF_CONNECTIVE_TISSUE_REPLACEMENT	12		Rejected!	
GOBP_POSITIVE_REGULATION_OF_CORTICOSTEROID_HORMONE_SECRETION	7		Rejected!	
GOBP_POSITIVE_REGULATION_OF_CREB_TRANSCRIPTION_FACTOR_ACTIVITY	14		Rejected!	
GOBP_POSITIVE_REGULATION_OF_CYCLASE_ACTIVITY	37	36		
GOBP_POSITIVE_REGULATION_OF_CYCLIN_DEPENDENT_PROTEIN_KINASE_ACTIVITY	15	15		
GOBP_POSITIVE_REGULATION_OF_CYSTEINE_TYPE_ENDOPEPTIDASE_ACTIVITY	128	122		
GOBP_POSITIVE_REGULATION_OF_CYSTEINE_TYPE_ENDOPEPTIDASE_ACTIVITY_INVOLVED_IN_APOPTOTIC_SIGNALING_PATHWAY	6		Rejected!	
GOBP_POSITIVE_REGULATION_OF_CYTOKINESIS	51	49		
GOBP_POSITIVE_REGULATION_OF_CYTOKINE_PRODUCTION	504	473		
GOBP_POSITIVE_REGULATION_OF_CYTOKINE_PRODUCTION_INVOLVED_IN_IMMUNE_RESPONSE	82	80		
GOBP_POSITIVE_REGULATION_OF_CYTOKINE_PRODUCTION_INVOLVED_IN_INFLAMMATORY_RESPONSE	30	26		
GOBP_POSITIVE_REGULATION_OF_CYTOPLASMIC_MRNA_PROCESSING_BODY_ASSEMBLY	6		Rejected!	
GOBP_POSITIVE_REGULATION_OF_CYTOPLASMIC_TRANSLATION	16	16		
GOBP_POSITIVE_REGULATION_OF_CYTOPLASMIC_TRANSLATIONAL_INITIATION	5		Rejected!	
GOBP_POSITIVE_REGULATION_OF_CYTOSKELETON_ORGANIZATION	184	174		
GOBP_POSITIVE_REGULATION_OF_CYTOSOLIC_CALCIUM_ION_CONCENTRATION	168	162		
GOBP_POSITIVE_REGULATION_OF_DEFENSE_RESPONSE	520	476		
GOBP_POSITIVE_REGULATION_OF_DEFENSE_RESPONSE_TO_BACTERIUM	14		Rejected!	
GOBP_POSITIVE_REGULATION_OF_DEFENSE_RESPONSE_TO_VIRUS_BY_HOST	30	26		
GOBP_POSITIVE_REGULATION_OF_DENDRITE_DEVELOPMENT	16	16		
GOBP_POSITIVE_REGULATION_OF_DENDRITIC_CELL_ANTIGEN_PROCESSING_AND_PRESENTATION	7		Rejected!	
GOBP_POSITIVE_REGULATION_OF_DENDRITIC_CELL_CYTOKINE_PRODUCTION	12		Rejected!	
GOBP_POSITIVE_REGULATION_OF_DENDRITIC_CELL_DIFFERENTIATION	6		Rejected!	
GOBP_POSITIVE_REGULATION_OF_DENDRITIC_SPINE_DEVELOPMENT	42	38		
GOBP_POSITIVE_REGULATION_OF_DENDRITIC_SPINE_MAINTENANCE	5		Rejected!	
GOBP_POSITIVE_REGULATION_OF_DENDRITIC_SPINE_MORPHOGENESIS	20	18		
GOBP_POSITIVE_REGULATION_OF_DEOXYRIBONUCLEASE_ACTIVITY	5		Rejected!	
GOBP_POSITIVE_REGULATION_OF_DEPHOSPHORYLATION	52	48		
GOBP_POSITIVE_REGULATION_OF_DEVELOPMENTAL_GROWTH	168	154		
GOBP_POSITIVE_REGULATION_OF_DEVELOPMENTAL_PIGMENTATION	9		Rejected!	
GOBP_POSITIVE_REGULATION_OF_DEVELOPMENTAL_PROCESS	1392		Rejected!	
GOBP_POSITIVE_REGULATION_OF_DIGESTIVE_SYSTEM_PROCESS	14		Rejected!	
GOBP_POSITIVE_REGULATION_OF_DNA_BINDING	37	34		
GOBP_POSITIVE_REGULATION_OF_DNA_BINDING_TRANSCRIPTION_FACTOR_ACTIVITY	217	210		
GOBP_POSITIVE_REGULATION_OF_DNA_BIOSYNTHETIC_PROCESS	69	68		
GOBP_POSITIVE_REGULATION_OF_DNA_CATABOLIC_PROCESS	5		Rejected!	
GOBP_POSITIVE_REGULATION_OF_DNA_DAMAGE_CHECKPOINT	5		Rejected!	
GOBP_POSITIVE_REGULATION_OF_DNA_DAMAGE_RESPONSE_SIGNAL_TRANSDUCTION_BY_P53_CLASS_MEDIATOR	16	15		
GOBP_POSITIVE_REGULATION_OF_DNA_DAMAGE_RESPONSE_SIGNAL_TRANSDUCTION_BY_P53_CLASS_MEDIATOR_RESULTING_IN_TRANSCRIPTION_OF_P21_CLASS_MEDIATOR	5		Rejected!	
GOBP_POSITIVE_REGULATION_OF_DNA_LIGATION	5		Rejected!	
GOBP_POSITIVE_REGULATION_OF_DNA_METABOLIC_PROCESS	299	279		
GOBP_POSITIVE_REGULATION_OF_DNA_METHYLATION_DEPENDENT_HETEROCHROMATIN_FORMATION	11		Rejected!	
GOBP_POSITIVE_REGULATION_OF_DNA_RECOMBINATION	77	70		
GOBP_POSITIVE_REGULATION_OF_DNA_REPAIR	135	124		
GOBP_POSITIVE_REGULATION_OF_DNA_REPLICATION	43	41		
GOBP_POSITIVE_REGULATION_OF_DNA_TEMPLATED_DNA_REPLICATION	14		Rejected!	
GOBP_POSITIVE_REGULATION_OF_DNA_TEMPLATED_TRANSCRIPTION_ELONGATION	58	56		
GOBP_POSITIVE_REGULATION_OF_DNA_TEMPLATED_TRANSCRIPTION_INITIATION	69	68		
GOBP_POSITIVE_REGULATION_OF_DOPAMINE_RECEPTOR_SIGNALING_PATHWAY	5		Rejected!	
GOBP_POSITIVE_REGULATION_OF_DOPAMINE_SECRETION	6		Rejected!	
GOBP_POSITIVE_REGULATION_OF_DOUBLE_STRAND_BREAK_REPAIR	92	85		
GOBP_POSITIVE_REGULATION_OF_DOUBLE_STRAND_BREAK_REPAIR_VIA_HOMOLOGOUS_RECOMBINATION	43	41		
GOBP_POSITIVE_REGULATION_OF_DOUBLE_STRAND_BREAK_REPAIR_VIA_NONHOMOLOGOUS_END_JOINING	15		Rejected!	
GOBP_POSITIVE_REGULATION_OF_EARLY_ENDOSOME_TO_LATE_ENDOSOME_TRANSPORT	9		Rejected!	
GOBP_POSITIVE_REGULATION_OF_EMBRYONIC_DEVELOPMENT	23	19		
GOBP_POSITIVE_REGULATION_OF_ENAMEL_MINERALIZATION	5		Rejected!	
GOBP_POSITIVE_REGULATION_OF_ENDOCYTIC_RECYCLING	8		Rejected!	
GOBP_POSITIVE_REGULATION_OF_ENDOCYTOSIS	157	150		
GOBP_POSITIVE_REGULATION_OF_ENDOPLASMIC_RETICULUM_STRESS_INDUCED_INTRINSIC_APOPTOTIC_SIGNALING_PATHWAY	9		Rejected!	
GOBP_POSITIVE_REGULATION_OF_ENDOPLASMIC_RETICULUM_UNFOLDED_PROTEIN_RESPONSE	13		Rejected!	
GOBP_POSITIVE_REGULATION_OF_ENDOTHELIAL_CELL_APOPTOTIC_PROCESS	25	19		
GOBP_POSITIVE_REGULATION_OF_ENDOTHELIAL_CELL_CHEMOTAXIS	15		Rejected!	
GOBP_POSITIVE_REGULATION_OF_ENDOTHELIAL_CELL_DEVELOPMENT	6		Rejected!	
GOBP_POSITIVE_REGULATION_OF_ENDOTHELIAL_CELL_DIFFERENTIATION	19		Rejected!	
GOBP_POSITIVE_REGULATION_OF_ENDOTHELIAL_CELL_MATRIX_ADHESION_VIA_FIBRONECTIN	5		Rejected!	
GOBP_POSITIVE_REGULATION_OF_ENDOTHELIAL_CELL_MIGRATION	133	100		
GOBP_POSITIVE_REGULATION_OF_ENDOTHELIAL_CELL_PROLIFERATION	110	88		
GOBP_POSITIVE_REGULATION_OF_EPIDERMIS_DEVELOPMENT	32	26		
GOBP_POSITIVE_REGULATION_OF_EPITHELIAL_CELL_APOPTOTIC_PROCESS	44	35		
GOBP_POSITIVE_REGULATION_OF_EPITHELIAL_CELL_DIFFERENTIATION	73	58		
GOBP_POSITIVE_REGULATION_OF_EPITHELIAL_CELL_DIFFERENTIATION_INVOLVED_IN_KIDNEY_DEVELOPMENT	7		Rejected!	
GOBP_POSITIVE_REGULATION_OF_EPITHELIAL_CELL_MIGRATION	179	145		
GOBP_POSITIVE_REGULATION_OF_EPITHELIAL_CELL_PROLIFERATION	220	194		
GOBP_POSITIVE_REGULATION_OF_EPITHELIAL_CELL_PROLIFERATION_INVOLVED_IN_LUNG_MORPHOGENESIS	5		Rejected!	
GOBP_POSITIVE_REGULATION_OF_EPITHELIAL_CELL_PROLIFERATION_INVOLVED_IN_WOUND_HEALING	10		Rejected!	
GOBP_POSITIVE_REGULATION_OF_EPITHELIAL_TO_MESENCHYMAL_TRANSITION	60	56		
GOBP_POSITIVE_REGULATION_OF_EPITHELIAL_TUBE_FORMATION	8		Rejected!	
GOBP_POSITIVE_REGULATION_OF_ERAD_PATHWAY	17	16		
GOBP_POSITIVE_REGULATION_OF_ERBB_SIGNALING_PATHWAY	31	30		
GOBP_POSITIVE_REGULATION_OF_ERK1_AND_ERK2_CASCADE	200	180		
GOBP_POSITIVE_REGULATION_OF_ERYTHROCYTE_DIFFERENTIATION	34	29		
GOBP_POSITIVE_REGULATION_OF_ESTABLISHMENT_OF_PROTEIN_LOCALIZATION	326	315		
GOBP_POSITIVE_REGULATION_OF_ESTABLISHMENT_OF_PROTEIN_LOCALIZATION_TO_MITOCHONDRION	34	32		
GOBP_POSITIVE_REGULATION_OF_ESTABLISHMENT_OF_PROTEIN_LOCALIZATION_TO_TELOMERE	10		Rejected!	
GOBP_POSITIVE_REGULATION_OF_EXCITATORY_POSTSYNAPTIC_POTENTIAL	32	31		
GOBP_POSITIVE_REGULATION_OF_EXECUTION_PHASE_OF_APOPTOSIS	14		Rejected!	
GOBP_POSITIVE_REGULATION_OF_EXIT_FROM_MITOSIS	5		Rejected!	
GOBP_POSITIVE_REGULATION_OF_EXOCYTOSIS	77	77		
GOBP_POSITIVE_REGULATION_OF_EXOSOMAL_SECRETION	15	15		
GOBP_POSITIVE_REGULATION_OF_EXTRACELLULAR_MATRIX_ASSEMBLY	15		Rejected!	
GOBP_POSITIVE_REGULATION_OF_EXTRACELLULAR_MATRIX_DISASSEMBLY	8		Rejected!	
GOBP_POSITIVE_REGULATION_OF_EXTRACELLULAR_MATRIX_ORGANIZATION	31	30		
GOBP_POSITIVE_REGULATION_OF_EXTRINSIC_APOPTOTIC_SIGNALING_PATHWAY	51	50		
GOBP_POSITIVE_REGULATION_OF_EXTRINSIC_APOPTOTIC_SIGNALING_PATHWAY_IN_ABSENCE_OF_LIGAND	11		Rejected!	
GOBP_POSITIVE_REGULATION_OF_EXTRINSIC_APOPTOTIC_SIGNALING_PATHWAY_VIA_DEATH_DOMAIN_RECEPTORS	12		Rejected!	
GOBP_POSITIVE_REGULATION_OF_FATTY_ACID_BETA_OXIDATION	11		Rejected!	
GOBP_POSITIVE_REGULATION_OF_FATTY_ACID_BIOSYNTHETIC_PROCESS	23	21		
GOBP_POSITIVE_REGULATION_OF_FATTY_ACID_METABOLIC_PROCESS	40	37		
GOBP_POSITIVE_REGULATION_OF_FATTY_ACID_OXIDATION	15		Rejected!	
GOBP_POSITIVE_REGULATION_OF_FATTY_ACID_TRANSPORT	24	22		
GOBP_POSITIVE_REGULATION_OF_FAT_CELL_DIFFERENTIATION	71	67		
GOBP_POSITIVE_REGULATION_OF_FC_RECEPTOR_MEDIATED_STIMULATORY_SIGNALING_PATHWAY	5		Rejected!	
GOBP_POSITIVE_REGULATION_OF_FEAR_RESPONSE	8		Rejected!	
GOBP_POSITIVE_REGULATION_OF_FEEDING_BEHAVIOR	10		Rejected!	
GOBP_POSITIVE_REGULATION_OF_FERTILIZATION	5		Rejected!	
GOBP_POSITIVE_REGULATION_OF_FEVER_GENERATION	7		Rejected!	
GOBP_POSITIVE_REGULATION_OF_FIBROBLAST_APOPTOTIC_PROCESS	10		Rejected!	
GOBP_POSITIVE_REGULATION_OF_FIBROBLAST_GROWTH_FACTOR_RECEPTOR_SIGNALING_PATHWAY	9		Rejected!	
GOBP_POSITIVE_REGULATION_OF_FIBROBLAST_MIGRATION	15		Rejected!	
GOBP_POSITIVE_REGULATION_OF_FIBROBLAST_PROLIFERATION	55	53		
GOBP_POSITIVE_REGULATION_OF_FILOPODIUM_ASSEMBLY	31	30		
GOBP_POSITIVE_REGULATION_OF_FOCAL_ADHESION_ASSEMBLY	26	25		
GOBP_POSITIVE_REGULATION_OF_G0_TO_G1_TRANSITION	5		Rejected!	
GOBP_POSITIVE_REGULATION_OF_G1_S_TRANSITION_OF_MITOTIC_CELL_CYCLE	57	45		
GOBP_POSITIVE_REGULATION_OF_GAMMA_DELTA_T_CELL_ACTIVATION	9		Rejected!	
GOBP_POSITIVE_REGULATION_OF_GAMMA_DELTA_T_CELL_DIFFERENTIATION	7		Rejected!	
GOBP_POSITIVE_REGULATION_OF_GAP_JUNCTION_ASSEMBLY	7		Rejected!	
GOBP_POSITIVE_REGULATION_OF_GASTRO_INTESTINAL_SYSTEM_SMOOTH_MUSCLE_CONTRACTION	5		Rejected!	
GOBP_POSITIVE_REGULATION_OF_GASTRULATION	7		Rejected!	
GOBP_POSITIVE_REGULATION_OF_GENE_EXPRESSION	1218		Rejected!	
GOBP_POSITIVE_REGULATION_OF_GENE_EXPRESSION_EPIGENETIC	54	49		
GOBP_POSITIVE_REGULATION_OF_GENE_EXPRESSION_VIA_CHROMOSOMAL_CPG_ISLAND_DEMETHYLATION	14		Rejected!	
GOBP_POSITIVE_REGULATION_OF_GLIAL_CELL_DIFFERENTIATION	46	43		
GOBP_POSITIVE_REGULATION_OF_GLIAL_CELL_MIGRATION	13		Rejected!	
GOBP_POSITIVE_REGULATION_OF_GLIAL_CELL_PROLIFERATION	24	21		
GOBP_POSITIVE_REGULATION_OF_GLIOGENESIS	74	68		
GOBP_POSITIVE_REGULATION_OF_GLOMERULAR_MESANGIAL_CELL_PROLIFERATION	7		Rejected!	
GOBP_POSITIVE_REGULATION_OF_GLOMERULUS_DEVELOPMENT	5		Rejected!	
GOBP_POSITIVE_REGULATION_OF_GLUCONEOGENESIS	20	18		
GOBP_POSITIVE_REGULATION_OF_GLUCOSE_IMPORT	37	34		
GOBP_POSITIVE_REGULATION_OF_GLUCOSE_METABOLIC_PROCESS	45	40		
GOBP_POSITIVE_REGULATION_OF_GLUCOSE_TRANSMEMBRANE_TRANSPORT	44	41		
GOBP_POSITIVE_REGULATION_OF_GLUTAMATE_SECRETION	11		Rejected!	
GOBP_POSITIVE_REGULATION_OF_GLYCOGEN_BIOSYNTHETIC_PROCESS	15		Rejected!	
GOBP_POSITIVE_REGULATION_OF_GLYCOGEN_METABOLIC_PROCESS	18	16		
GOBP_POSITIVE_REGULATION_OF_GLYCOPROTEIN_METABOLIC_PROCESS	25	24		
GOBP_POSITIVE_REGULATION_OF_GOLGI_TO_PLASMA_MEMBRANE_PROTEIN_TRANSPORT	5		Rejected!	
GOBP_POSITIVE_REGULATION_OF_GONADOTROPIN_SECRETION	7		Rejected!	
GOBP_POSITIVE_REGULATION_OF_GONAD_DEVELOPMENT	9		Rejected!	
GOBP_POSITIVE_REGULATION_OF_GRANULOCYTE_CHEMOTAXIS	27	26		
GOBP_POSITIVE_REGULATION_OF_GRANULOCYTE_DIFFERENTIATION	9		Rejected!	
GOBP_POSITIVE_REGULATION_OF_GRANULOCYTE_MACROPHAGE_COLONY_STIMULATING_FACTOR_PRODUCTION	15		Rejected!	
GOBP_POSITIVE_REGULATION_OF_GROWTH	257	235		
GOBP_POSITIVE_REGULATION_OF_GROWTH_HORMONE_SECRETION	9		Rejected!	
GOBP_POSITIVE_REGULATION_OF_GTPASE_ACTIVITY	209	189		
GOBP_POSITIVE_REGULATION_OF_GUANYLATE_CYCLASE_ACTIVITY	5		Rejected!	
GOBP_POSITIVE_REGULATION_OF_G_PROTEIN_COUPLED_RECEPTOR_SIGNALING_PATHWAY	33	29		
GOBP_POSITIVE_REGULATION_OF_HAIR_FOLLICLE_DEVELOPMENT	12		Rejected!	
GOBP_POSITIVE_REGULATION_OF_HAIR_FOLLICLE_MATURATION	5		Rejected!	
GOBP_POSITIVE_REGULATION_OF_HEART_GROWTH	41	30		
GOBP_POSITIVE_REGULATION_OF_HEART_RATE	25	23		
GOBP_POSITIVE_REGULATION_OF_HEAT_GENERATION	10		Rejected!	
GOBP_POSITIVE_REGULATION_OF_HELICASE_ACTIVITY	6		Rejected!	
GOBP_POSITIVE_REGULATION_OF_HEMATOPOIETIC_PROGENITOR_CELL_DIFFERENTIATION	6		Rejected!	
GOBP_POSITIVE_REGULATION_OF_HEMATOPOIETIC_STEM_CELL_PROLIFERATION	9		Rejected!	
GOBP_POSITIVE_REGULATION_OF_HEMOGLOBIN_BIOSYNTHETIC_PROCESS	6		Rejected!	
GOBP_POSITIVE_REGULATION_OF_HEMOPOIESIS	195	185		
GOBP_POSITIVE_REGULATION_OF_HEPATIC_STELLATE_CELL_ACTIVATION	5		Rejected!	
GOBP_POSITIVE_REGULATION_OF_HEPATOCYTE_PROLIFERATION	10		Rejected!	
GOBP_POSITIVE_REGULATION_OF_HETEROTYPIC_CELL_CELL_ADHESION	14		Rejected!	
GOBP_POSITIVE_REGULATION_OF_HIGH_DENSITY_LIPOPROTEIN_PARTICLE_CLEARANCE	7		Rejected!	
GOBP_POSITIVE_REGULATION_OF_HIPPO_SIGNALING	12		Rejected!	
GOBP_POSITIVE_REGULATION_OF_HOMOTYPIC_CELL_CELL_ADHESION	17	17		
GOBP_POSITIVE_REGULATION_OF_HORMONE_BIOSYNTHETIC_PROCESS	9		Rejected!	
GOBP_POSITIVE_REGULATION_OF_HORMONE_METABOLIC_PROCESS	15	15		
GOBP_POSITIVE_REGULATION_OF_HORMONE_SECRETION	144	140		
GOBP_POSITIVE_REGULATION_OF_HUMORAL_IMMUNE_RESPONSE	24	20		
GOBP_POSITIVE_REGULATION_OF_HUMORAL_IMMUNE_RESPONSE_MEDIATED_BY_CIRCULATING_IMMUNOGLOBULIN	7		Rejected!	
GOBP_POSITIVE_REGULATION_OF_HYDROGEN_PEROXIDE_METABOLIC_PROCESS	6		Rejected!	
GOBP_POSITIVE_REGULATION_OF_HYDROLASE_ACTIVITY	456	424		
GOBP_POSITIVE_REGULATION_OF_HYPERSENSITIVITY	6		Rejected!	
GOBP_POSITIVE_REGULATION_OF_IMMATURE_T_CELL_PROLIFERATION	6		Rejected!	
GOBP_POSITIVE_REGULATION_OF_IMMUNE_EFFECTOR_PROCESS	265	251		
GOBP_POSITIVE_REGULATION_OF_IMMUNE_RESPONSE	783		Rejected!	
GOBP_POSITIVE_REGULATION_OF_IMMUNE_SYSTEM_PROCESS	1120		Rejected!	
GOBP_POSITIVE_REGULATION_OF_IMMUNOGLOBULIN_PRODUCTION	55	50		
GOBP_POSITIVE_REGULATION_OF_INFLAMMASOME_MEDIATED_SIGNALING_PATHWAY	22	21		
GOBP_POSITIVE_REGULATION_OF_INFLAMMATORY_RESPONSE	154	138		
GOBP_POSITIVE_REGULATION_OF_INFLAMMATORY_RESPONSE_TO_ANTIGENIC_STIMULUS	13		Rejected!	
GOBP_POSITIVE_REGULATION_OF_INSULIN_LIKE_GROWTH_FACTOR_RECEPTOR_SIGNALING_PATHWAY	13		Rejected!	
GOBP_POSITIVE_REGULATION_OF_INSULIN_SECRETION	86	83		
GOBP_POSITIVE_REGULATION_OF_INSULIN_SECRETION_INVOLVED_IN_CELLULAR_RESPONSE_TO_GLUCOSE_STIMULUS	32	30		
GOBP_POSITIVE_REGULATION_OF_INTEGRIN_ACTIVATION	11		Rejected!	
GOBP_POSITIVE_REGULATION_OF_INTEGRIN_MEDIATED_SIGNALING_PATHWAY	12		Rejected!	
GOBP_POSITIVE_REGULATION_OF_INTERFERON_ALPHA_PRODUCTION	24	22		
GOBP_POSITIVE_REGULATION_OF_INTERFERON_BETA_PRODUCTION	40	38		
GOBP_POSITIVE_REGULATION_OF_INTERLEUKIN_10_PRODUCTION	42	39		
GOBP_POSITIVE_REGULATION_OF_INTERLEUKIN_12_PRODUCTION	43	43		
GOBP_POSITIVE_REGULATION_OF_INTERLEUKIN_13_PRODUCTION	14		Rejected!	
GOBP_POSITIVE_REGULATION_OF_INTERLEUKIN_17_PRODUCTION	28	27		
GOBP_POSITIVE_REGULATION_OF_INTERLEUKIN_18_PRODUCTION	8		Rejected!	
GOBP_POSITIVE_REGULATION_OF_INTERLEUKIN_1_ALPHA_PRODUCTION	6		Rejected!	
GOBP_POSITIVE_REGULATION_OF_INTERLEUKIN_1_BETA_PRODUCTION	62	58		
GOBP_POSITIVE_REGULATION_OF_INTERLEUKIN_1_PRODUCTION	73	69		
GOBP_POSITIVE_REGULATION_OF_INTERLEUKIN_23_PRODUCTION	7		Rejected!	
GOBP_POSITIVE_REGULATION_OF_INTERLEUKIN_2_PRODUCTION	34	34		
GOBP_POSITIVE_REGULATION_OF_INTERLEUKIN_4_PRODUCTION	27	26		
GOBP_POSITIVE_REGULATION_OF_INTERLEUKIN_5_PRODUCTION	11		Rejected!	
GOBP_POSITIVE_REGULATION_OF_INTERLEUKIN_6_PRODUCTION	101	94		
GOBP_POSITIVE_REGULATION_OF_INTERLEUKIN_8_PRODUCTION	63	61		
GOBP_POSITIVE_REGULATION_OF_INTRACELLULAR_LIPID_TRANSPORT	5		Rejected!	
GOBP_POSITIVE_REGULATION_OF_INTRACELLULAR_PROTEIN_TRANSPORT	95	92		
GOBP_POSITIVE_REGULATION_OF_INTRACELLULAR_SIGNAL_TRANSDUCTION	1056		Rejected!	
GOBP_POSITIVE_REGULATION_OF_INTRACELLULAR_STEROID_HORMONE_RECEPTOR_SIGNALING_PATHWAY	11		Rejected!	
GOBP_POSITIVE_REGULATION_OF_INTRACELLULAR_TRANSPORT	140	132		
GOBP_POSITIVE_REGULATION_OF_INTRINSIC_APOPTOTIC_SIGNALING_PATHWAY	64	56		
GOBP_POSITIVE_REGULATION_OF_INTRINSIC_APOPTOTIC_SIGNALING_PATHWAY_BY_P53_CLASS_MEDIATOR	7		Rejected!	
GOBP_POSITIVE_REGULATION_OF_INTRINSIC_APOPTOTIC_SIGNALING_PATHWAY_IN_RESPONSE_TO_DNA_DAMAGE	7		Rejected!	
GOBP_POSITIVE_REGULATION_OF_IRE1_MEDIATED_UNFOLDED_PROTEIN_RESPONSE	7		Rejected!	
GOBP_POSITIVE_REGULATION_OF_ISOTYPE_SWITCHING	29	25		
GOBP_POSITIVE_REGULATION_OF_ISOTYPE_SWITCHING_TO_IGG_ISOTYPES	11		Rejected!	
GOBP_POSITIVE_REGULATION_OF_I_KAPPAB_PHOSPHORYLATION	6		Rejected!	
GOBP_POSITIVE_REGULATION_OF_JNK_CASCADE	97	95		
GOBP_POSITIVE_REGULATION_OF_JUN_KINASE_ACTIVITY	28	26		
GOBP_POSITIVE_REGULATION_OF_KERATINOCYTE_APOPTOTIC_PROCESS	5		Rejected!	
GOBP_POSITIVE_REGULATION_OF_KERATINOCYTE_DIFFERENTIATION	19		Rejected!	
GOBP_POSITIVE_REGULATION_OF_KERATINOCYTE_PROLIFERATION	16	15		
GOBP_POSITIVE_REGULATION_OF_KIDNEY_DEVELOPMENT	10		Rejected!	
GOBP_POSITIVE_REGULATION_OF_KINASE_ACTIVITY	294	276		
GOBP_POSITIVE_REGULATION_OF_LAMELLIPODIUM_ASSEMBLY	28	28		
GOBP_POSITIVE_REGULATION_OF_LAMELLIPODIUM_MORPHOGENESIS	7		Rejected!	
GOBP_POSITIVE_REGULATION_OF_LAMELLIPODIUM_ORGANIZATION	36	36		
GOBP_POSITIVE_REGULATION_OF_LEUKOCYTE_ADHESION_TO_VASCULAR_ENDOTHELIAL_CELL	26	24		
GOBP_POSITIVE_REGULATION_OF_LEUKOCYTE_APOPTOTIC_PROCESS	28	26		
GOBP_POSITIVE_REGULATION_OF_LEUKOCYTE_CELL_CELL_ADHESION	281	266		
GOBP_POSITIVE_REGULATION_OF_LEUKOCYTE_CHEMOTAXIS	93	91		
GOBP_POSITIVE_REGULATION_OF_LEUKOCYTE_DEGRANULATION	24	24		
GOBP_POSITIVE_REGULATION_OF_LEUKOCYTE_MEDIATED_IMMUNITY	153	145		
GOBP_POSITIVE_REGULATION_OF_LEUKOCYTE_MIGRATION	150	146		
GOBP_POSITIVE_REGULATION_OF_LEUKOCYTE_PROLIFERATION	165	158		
GOBP_POSITIVE_REGULATION_OF_LEUKOCYTE_TETHERING_OR_ROLLING	13		Rejected!	
GOBP_POSITIVE_REGULATION_OF_LIPASE_ACTIVITY	51	49		
GOBP_POSITIVE_REGULATION_OF_LIPID_BIOSYNTHETIC_PROCESS	89	85		
GOBP_POSITIVE_REGULATION_OF_LIPID_CATABOLIC_PROCESS	27	26		
GOBP_POSITIVE_REGULATION_OF_LIPID_LOCALIZATION	111	103		
GOBP_POSITIVE_REGULATION_OF_LIPID_METABOLIC_PROCESS	124	117		
GOBP_POSITIVE_REGULATION_OF_LIPID_STORAGE	27	23		
GOBP_POSITIVE_REGULATION_OF_LIPID_TRANSPORT	86	82		
GOBP_POSITIVE_REGULATION_OF_LIPOPOLYSACCHARIDE_MEDIATED_SIGNALING_PATHWAY	10		Rejected!	
GOBP_POSITIVE_REGULATION_OF_LIPOPROTEIN_PARTICLE_CLEARANCE	11		Rejected!	
GOBP_POSITIVE_REGULATION_OF_LOCOMOTION	637		Rejected!	
GOBP_POSITIVE_REGULATION_OF_LONG_TERM_NEURONAL_SYNAPTIC_PLASTICITY	9		Rejected!	
GOBP_POSITIVE_REGULATION_OF_LONG_TERM_SYNAPTIC_DEPRESSION	7		Rejected!	
GOBP_POSITIVE_REGULATION_OF_LONG_TERM_SYNAPTIC_POTENTIATION	22	20		
GOBP_POSITIVE_REGULATION_OF_LOW_DENSITY_LIPOPROTEIN_RECEPTOR_ACTIVITY	5		Rejected!	
GOBP_POSITIVE_REGULATION_OF_LYASE_ACTIVITY	38	37		
GOBP_POSITIVE_REGULATION_OF_LYMPHOCYTE_ANERGY	5		Rejected!	
GOBP_POSITIVE_REGULATION_OF_LYMPHOCYTE_APOPTOTIC_PROCESS	17	17		
GOBP_POSITIVE_REGULATION_OF_LYMPHOCYTE_CHEMOTAXIS	19	19		
GOBP_POSITIVE_REGULATION_OF_LYMPHOCYTE_DIFFERENTIATION	137	131		
GOBP_POSITIVE_REGULATION_OF_LYMPHOCYTE_MIGRATION	42	41		
GOBP_POSITIVE_REGULATION_OF_LYSOSOMAL_PROTEIN_CATABOLIC_PROCESS	5		Rejected!	
GOBP_POSITIVE_REGULATION_OF_MACROAUTOPHAGY	88	80		
GOBP_POSITIVE_REGULATION_OF_MACROPHAGE_ACTIVATION	30	24		
GOBP_POSITIVE_REGULATION_OF_MACROPHAGE_CHEMOTAXIS	19	19		
GOBP_POSITIVE_REGULATION_OF_MACROPHAGE_CYTOKINE_PRODUCTION	24	24		
GOBP_POSITIVE_REGULATION_OF_MACROPHAGE_DERIVED_FOAM_CELL_DIFFERENTIATION	19	18		
GOBP_POSITIVE_REGULATION_OF_MACROPHAGE_DIFFERENTIATION	16	15		
GOBP_POSITIVE_REGULATION_OF_MACROPHAGE_MIGRATION	26	25		
GOBP_POSITIVE_REGULATION_OF_MAINTENANCE_OF_SISTER_CHROMATID_COHESION	6		Rejected!	
GOBP_POSITIVE_REGULATION_OF_MAMMARY_GLAND_EPITHELIAL_CELL_PROLIFERATION	6		Rejected!	
GOBP_POSITIVE_REGULATION_OF_MAPKKK_CASCADE_BY_FIBROBLAST_GROWTH_FACTOR_RECEPTOR_SIGNALING_PATHWAY	5		Rejected!	
GOBP_POSITIVE_REGULATION_OF_MAPK_CASCADE	473	437		
GOBP_POSITIVE_REGULATION_OF_MAP_KINASE_ACTIVITY	81	78		
GOBP_POSITIVE_REGULATION_OF_MAST_CELL_ACTIVATION	7		Rejected!	
GOBP_POSITIVE_REGULATION_OF_MAST_CELL_CHEMOTAXIS	6		Rejected!	
GOBP_POSITIVE_REGULATION_OF_MAST_CELL_DEGRANULATION	14		Rejected!	
GOBP_POSITIVE_REGULATION_OF_MEGAKARYOCYTE_DIFFERENTIATION	11		Rejected!	
GOBP_POSITIVE_REGULATION_OF_MEIOTIC_CELL_CYCLE	28	24		
GOBP_POSITIVE_REGULATION_OF_MEIOTIC_NUCLEAR_DIVISION	18	15		
GOBP_POSITIVE_REGULATION_OF_MELANOCYTE_DIFFERENTIATION	5		Rejected!	
GOBP_POSITIVE_REGULATION_OF_MEMBRANE_DEPOLARIZATION	11		Rejected!	
GOBP_POSITIVE_REGULATION_OF_MEMBRANE_PERMEABILITY	47	39		
GOBP_POSITIVE_REGULATION_OF_MEMBRANE_POTENTIAL	12		Rejected!	
GOBP_POSITIVE_REGULATION_OF_MEMBRANE_PROTEIN_ECTODOMAIN_PROTEOLYSIS	16	16		
GOBP_POSITIVE_REGULATION_OF_MEMORY_T_CELL_DIFFERENTIATION	9		Rejected!	
GOBP_POSITIVE_REGULATION_OF_MESENCHYMAL_CELL_PROLIFERATION	26	24		
GOBP_POSITIVE_REGULATION_OF_MESENCHYMAL_STEM_CELL_PROLIFERATION	7		Rejected!	
GOBP_POSITIVE_REGULATION_OF_METALLOENDOPEPTIDASE_ACTIVITY	5		Rejected!	
GOBP_POSITIVE_REGULATION_OF_METALLOPEPTIDASE_ACTIVITY	8		Rejected!	
GOBP_POSITIVE_REGULATION_OF_METAPHASE_ANAPHASE_TRANSITION_OF_CELL_CYCLE	15	15		
GOBP_POSITIVE_REGULATION_OF_MHC_CLASS_II_BIOSYNTHETIC_PROCESS	14		Rejected!	
GOBP_POSITIVE_REGULATION_OF_MHC_CLASS_I_BIOSYNTHETIC_PROCESS	6		Rejected!	
GOBP_POSITIVE_REGULATION_OF_MICROGLIAL_CELL_ACTIVATION	10		Rejected!	
GOBP_POSITIVE_REGULATION_OF_MICROTUBULE_NUCLEATION	8		Rejected!	
GOBP_POSITIVE_REGULATION_OF_MICROTUBULE_POLYMERIZATION_OR_DEPOLYMERIZATION	36	34		
GOBP_POSITIVE_REGULATION_OF_MIRNA_METABOLIC_PROCESS	66	62		
GOBP_POSITIVE_REGULATION_OF_MIRNA_PROCESSING	5		Rejected!	
GOBP_POSITIVE_REGULATION_OF_MIRNA_TRANSCRIPTION	56	54		
GOBP_POSITIVE_REGULATION_OF_MITOCHONDRIAL_CALCIUM_ION_CONCENTRATION	9		Rejected!	
GOBP_POSITIVE_REGULATION_OF_MITOCHONDRIAL_DEPOLARIZATION	9		Rejected!	
GOBP_POSITIVE_REGULATION_OF_MITOCHONDRIAL_FISSION	21	19		
GOBP_POSITIVE_REGULATION_OF_MITOCHONDRIAL_FUSION	5		Rejected!	
GOBP_POSITIVE_REGULATION_OF_MITOCHONDRIAL_MEMBRANE_PERMEABILITY	42	35		
GOBP_POSITIVE_REGULATION_OF_MITOCHONDRIAL_MEMBRANE_POTENTIAL	7		Rejected!	
GOBP_POSITIVE_REGULATION_OF_MITOCHONDRIAL_OUTER_MEMBRANE_PERMEABILIZATION_INVOLVED_IN_APOPTOTIC_SIGNALING_PATHWAY	8		Rejected!	
GOBP_POSITIVE_REGULATION_OF_MITOCHONDRIAL_TRANSLATION	16	15		
GOBP_POSITIVE_REGULATION_OF_MITOPHAGY	16		Rejected!	
GOBP_POSITIVE_REGULATION_OF_MITOPHAGY_IN_RESPONSE_TO_MITOCHONDRIAL_DEPOLARIZATION	10		Rejected!	
GOBP_POSITIVE_REGULATION_OF_MITOTIC_CELL_CYCLE	133	121		
GOBP_POSITIVE_REGULATION_OF_MITOTIC_CYTOKINESIS	13		Rejected!	
GOBP_POSITIVE_REGULATION_OF_MITOTIC_NUCLEAR_DIVISION	44	43		
GOBP_POSITIVE_REGULATION_OF_MITOTIC_SISTER_CHROMATID_SEGREGATION	6		Rejected!	
GOBP_POSITIVE_REGULATION_OF_MITOTIC_SISTER_CHROMATID_SEPARATION	18	18		
GOBP_POSITIVE_REGULATION_OF_MOLECULAR_FUNCTION	1165		Rejected!	
GOBP_POSITIVE_REGULATION_OF_MONOATOMIC_ION_TRANSMEMBRANE_TRANSPORT	150	136		
GOBP_POSITIVE_REGULATION_OF_MONOATOMIC_ION_TRANSPORT	207	192		
GOBP_POSITIVE_REGULATION_OF_MONOCYTE_CHEMOTACTIC_PROTEIN_1_PRODUCTION	15		Rejected!	
GOBP_POSITIVE_REGULATION_OF_MONOCYTE_CHEMOTAXIS	20	20		
GOBP_POSITIVE_REGULATION_OF_MONOCYTE_DIFFERENTIATION	10		Rejected!	
GOBP_POSITIVE_REGULATION_OF_MONOCYTE_EXTRAVASATION	5		Rejected!	
GOBP_POSITIVE_REGULATION_OF_MONONUCLEAR_CELL_MIGRATION	92	90		
GOBP_POSITIVE_REGULATION_OF_MONOOXYGENASE_ACTIVITY	25	24		
GOBP_POSITIVE_REGULATION_OF_MORPHOGENESIS_OF_AN_EPITHELIUM	37	37		
GOBP_POSITIVE_REGULATION_OF_MRNA_CATABOLIC_PROCESS	203	97		
GOBP_POSITIVE_REGULATION_OF_MRNA_METABOLIC_PROCESS	240	133		
GOBP_POSITIVE_REGULATION_OF_MRNA_PROCESSING	39	38		
GOBP_POSITIVE_REGULATION_OF_MUCUS_SECRETION	6		Rejected!	
GOBP_POSITIVE_REGULATION_OF_MULTICELLULAR_ORGANISMAL_PROCESS	1701		Rejected!	
GOBP_POSITIVE_REGULATION_OF_MULTICELLULAR_ORGANISM_GROWTH	31	31		
GOBP_POSITIVE_REGULATION_OF_MUSCLE_ADAPTATION	13		Rejected!	
GOBP_POSITIVE_REGULATION_OF_MUSCLE_CELL_APOPTOTIC_PROCESS	36	27		
GOBP_POSITIVE_REGULATION_OF_MUSCLE_CELL_DIFFERENTIATION	85	66		
GOBP_POSITIVE_REGULATION_OF_MUSCLE_CONTRACTION	50	48		
GOBP_POSITIVE_REGULATION_OF_MUSCLE_HYPERTROPHY	37	26		
GOBP_POSITIVE_REGULATION_OF_MUSCLE_TISSUE_DEVELOPMENT	24	22		
GOBP_POSITIVE_REGULATION_OF_MYELINATION	18	15		
GOBP_POSITIVE_REGULATION_OF_MYELOID_CELL_APOPTOTIC_PROCESS	9		Rejected!	
GOBP_POSITIVE_REGULATION_OF_MYELOID_CELL_DIFFERENTIATION	106	97		
GOBP_POSITIVE_REGULATION_OF_MYELOID_LEUKOCYTE_CYTOKINE_PRODUCTION_INVOLVED_IN_IMMUNE_RESPONSE	35	34		
GOBP_POSITIVE_REGULATION_OF_MYELOID_LEUKOCYTE_DIFFERENTIATION	62	58		
GOBP_POSITIVE_REGULATION_OF_MYELOID_LEUKOCYTE_MEDIATED_IMMUNITY	21	20		
GOBP_POSITIVE_REGULATION_OF_MYOBLAST_DIFFERENTIATION	44	41		
GOBP_POSITIVE_REGULATION_OF_MYOBLAST_FUSION	15		Rejected!	
GOBP_POSITIVE_REGULATION_OF_MYOBLAST_PROLIFERATION	14		Rejected!	
GOBP_POSITIVE_REGULATION_OF_MYOTUBE_DIFFERENTIATION	17		Rejected!	
GOBP_POSITIVE_REGULATION_OF_NATURAL_KILLER_CELL_ACTIVATION	22	21		
GOBP_POSITIVE_REGULATION_OF_NATURAL_KILLER_CELL_CHEMOTAXIS	5		Rejected!	
GOBP_POSITIVE_REGULATION_OF_NATURAL_KILLER_CELL_DIFFERENTIATION	8		Rejected!	
GOBP_POSITIVE_REGULATION_OF_NATURAL_KILLER_CELL_MEDIATED_CYTOTOXICITY	29	28		
GOBP_POSITIVE_REGULATION_OF_NATURAL_KILLER_CELL_MEDIATED_IMMUNE_RESPONSE_TO_TUMOR_CELL	7		Rejected!	
GOBP_POSITIVE_REGULATION_OF_NATURAL_KILLER_CELL_MEDIATED_IMMUNITY	35	34		
GOBP_POSITIVE_REGULATION_OF_NATURAL_KILLER_CELL_PROLIFERATION	10		Rejected!	
GOBP_POSITIVE_REGULATION_OF_NECROPTOTIC_PROCESS	8		Rejected!	
GOBP_POSITIVE_REGULATION_OF_NERVOUS_SYSTEM_DEVELOPMENT	296	287		
GOBP_POSITIVE_REGULATION_OF_NERVOUS_SYSTEM_PROCESS	32	26		
GOBP_POSITIVE_REGULATION_OF_NEURAL_PRECURSOR_CELL_PROLIFERATION	64	64		
GOBP_POSITIVE_REGULATION_OF_NEUROBLAST_PROLIFERATION	37	37		
GOBP_POSITIVE_REGULATION_OF_NEUROEPITHELIAL_CELL_DIFFERENTIATION	8		Rejected!	
GOBP_POSITIVE_REGULATION_OF_NEUROGENESIS	246	237		
GOBP_POSITIVE_REGULATION_OF_NEUROINFLAMMATORY_RESPONSE	18		Rejected!	
GOBP_POSITIVE_REGULATION_OF_NEURON_APOPTOTIC_PROCESS	67	62		
GOBP_POSITIVE_REGULATION_OF_NEURON_DIFFERENTIATION	94	90		
GOBP_POSITIVE_REGULATION_OF_NEURON_MIGRATION	18	16		
GOBP_POSITIVE_REGULATION_OF_NEURON_PROJECTION_ARBORIZATION	8		Rejected!	
GOBP_POSITIVE_REGULATION_OF_NEURON_PROJECTION_DEVELOPMENT	162	148		
GOBP_POSITIVE_REGULATION_OF_NEURON_PROJECTION_REGENERATION	13		Rejected!	
GOBP_POSITIVE_REGULATION_OF_NEUROTRANSMITTER_SECRETION	18	18		
GOBP_POSITIVE_REGULATION_OF_NEUROTRANSMITTER_TRANSPORT	24	23		
GOBP_POSITIVE_REGULATION_OF_NEUROTRANSMITTER_UPTAKE	6		Rejected!	
GOBP_POSITIVE_REGULATION_OF_NEUROTROPHIN_TRK_RECEPTOR_SIGNALING_PATHWAY	5		Rejected!	
GOBP_POSITIVE_REGULATION_OF_NEUTROPHIL_MIGRATION	34	32		
GOBP_POSITIVE_REGULATION_OF_NF_KAPPAB_TRANSCRIPTION_FACTOR_ACTIVITY	136	133		
GOBP_POSITIVE_REGULATION_OF_NITRIC_OXIDE_METABOLIC_PROCESS	40	35		
GOBP_POSITIVE_REGULATION_OF_NITRIC_OXIDE_SYNTHASE_ACTIVITY	14		Rejected!	
GOBP_POSITIVE_REGULATION_OF_NITRIC_OXIDE_SYNTHASE_BIOSYNTHETIC_PROCESS	16	16		
GOBP_POSITIVE_REGULATION_OF_NK_T_CELL_ACTIVATION	9		Rejected!	
GOBP_POSITIVE_REGULATION_OF_NON_CANONICAL_NF_KAPPAB_SIGNAL_TRANSDUCTION	66	62		
GOBP_POSITIVE_REGULATION_OF_NON_CANONICAL_WNT_SIGNALING_PATHWAY	15	15		
GOBP_POSITIVE_REGULATION_OF_NON_MOTILE_CILIUM_ASSEMBLY	8		Rejected!	
GOBP_POSITIVE_REGULATION_OF_NOTCH_SIGNALING_PATHWAY	50	43		
GOBP_POSITIVE_REGULATION_OF_NUCLEAR_CELL_CYCLE_DNA_REPLICATION	7		Rejected!	
GOBP_POSITIVE_REGULATION_OF_NUCLEAR_DIVISION	61	57		
GOBP_POSITIVE_REGULATION_OF_NUCLEAR_TRANSCRIBED_MRNA_CATABOLIC_PROCESS_DEADENYLATION_DEPENDENT_DECAY	12		Rejected!	
GOBP_POSITIVE_REGULATION_OF_NUCLEASE_ACTIVITY	6		Rejected!	
GOBP_POSITIVE_REGULATION_OF_NUCLEOBASE_CONTAINING_COMPOUND_TRANSPORT	6		Rejected!	
GOBP_POSITIVE_REGULATION_OF_NUCLEOCYTOPLASMIC_TRANSPORT	63	63		
GOBP_POSITIVE_REGULATION_OF_NUCLEOTIDE_BINDING_DOMAIN_LEUCINE_RICH_REPEAT_CONTAINING_RECEPTOR_SIGNALING_PATHWAY	7		Rejected!	
GOBP_POSITIVE_REGULATION_OF_NUCLEOTIDE_BIOSYNTHETIC_PROCESS	15		Rejected!	
GOBP_POSITIVE_REGULATION_OF_NUCLEOTIDE_CATABOLIC_PROCESS	21	20		
GOBP_POSITIVE_REGULATION_OF_NUCLEOTIDE_METABOLIC_PROCESS	38	35		
GOBP_POSITIVE_REGULATION_OF_ODONTOGENESIS	8		Rejected!	
GOBP_POSITIVE_REGULATION_OF_OLIGODENDROCYTE_DIFFERENTIATION	28	26		
GOBP_POSITIVE_REGULATION_OF_OPSONIZATION	9		Rejected!	
GOBP_POSITIVE_REGULATION_OF_ORGANELLE_ASSEMBLY	90	81		
GOBP_POSITIVE_REGULATION_OF_ORGANELLE_ORGANIZATION	514	482		
GOBP_POSITIVE_REGULATION_OF_ORGANIC_ACID_TRANSPORT	47	44		
GOBP_POSITIVE_REGULATION_OF_ORGAN_GROWTH	53	42		
GOBP_POSITIVE_REGULATION_OF_OSSIFICATION	54	50		
GOBP_POSITIVE_REGULATION_OF_OSTEOBLAST_DIFFERENTIATION	77	65		
GOBP_POSITIVE_REGULATION_OF_OSTEOBLAST_PROLIFERATION	13		Rejected!	
GOBP_POSITIVE_REGULATION_OF_OSTEOCLAST_DIFFERENTIATION	29	27		
GOBP_POSITIVE_REGULATION_OF_OXIDATIVE_STRESS_INDUCED_INTRINSIC_APOPTOTIC_SIGNALING_PATHWAY	9		Rejected!	
GOBP_POSITIVE_REGULATION_OF_OXIDOREDUCTASE_ACTIVITY	38	36		
GOBP_POSITIVE_REGULATION_OF_P38MAPK_CASCADE	31	27		
GOBP_POSITIVE_REGULATION_OF_PATTERN_RECOGNITION_RECEPTOR_SIGNALING_PATHWAY	69	66		
GOBP_POSITIVE_REGULATION_OF_PEPTIDASE_ACTIVITY	165	155		
GOBP_POSITIVE_REGULATION_OF_PEPTIDE_SECRETION	113	109		
GOBP_POSITIVE_REGULATION_OF_PEPTIDYL_LYSINE_ACETYLATION	6		Rejected!	
GOBP_POSITIVE_REGULATION_OF_PEPTIDYL_SERINE_PHOSPHORYLATION	88	87		
GOBP_POSITIVE_REGULATION_OF_PEPTIDYL_THREONINE_PHOSPHORYLATION	28	27		
GOBP_POSITIVE_REGULATION_OF_PEPTIDYL_TYROSINE_PHOSPHORYLATION	158	153		
GOBP_POSITIVE_REGULATION_OF_PEROXISOME_PROLIFERATOR_ACTIVATED_RECEPTOR_SIGNALING_PATHWAY	9		Rejected!	
GOBP_POSITIVE_REGULATION_OF_PHAGOCYTOSIS	73	69		
GOBP_POSITIVE_REGULATION_OF_PHOSPHATASE_ACTIVITY	26	26		
GOBP_POSITIVE_REGULATION_OF_PHOSPHATIDYLINOSITOL_3_KINASE_PROTEIN_KINASE_B_SIGNAL_TRANSDUCTION	186	173		
GOBP_POSITIVE_REGULATION_OF_PHOSPHOLIPASE_A2_ACTIVITY	5		Rejected!	
GOBP_POSITIVE_REGULATION_OF_PHOSPHOLIPASE_ACTIVITY	41	39		
GOBP_POSITIVE_REGULATION_OF_PHOSPHOLIPID_BIOSYNTHETIC_PROCESS	10		Rejected!	
GOBP_POSITIVE_REGULATION_OF_PHOSPHOLIPID_METABOLIC_PROCESS	14		Rejected!	
GOBP_POSITIVE_REGULATION_OF_PHOSPHOLIPID_TRANSLOCATION	5		Rejected!	
GOBP_POSITIVE_REGULATION_OF_PHOSPHOPROTEIN_PHOSPHATASE_ACTIVITY	17	17		
GOBP_POSITIVE_REGULATION_OF_PHOSPHORUS_METABOLIC_PROCESS	693		Rejected!	
GOBP_POSITIVE_REGULATION_OF_PHOSPHORYLATION	615		Rejected!	
GOBP_POSITIVE_REGULATION_OF_PINOCYTOSIS	7		Rejected!	
GOBP_POSITIVE_REGULATION_OF_PLASMA_MEMBRANE_BOUNDED_CELL_PROJECTION_ASSEMBLY	113	106		
GOBP_POSITIVE_REGULATION_OF_PLASMINOGEN_ACTIVATION	8		Rejected!	
GOBP_POSITIVE_REGULATION_OF_PLATELET_ACTIVATION	13		Rejected!	
GOBP_POSITIVE_REGULATION_OF_PLATELET_AGGREGATION	12		Rejected!	
GOBP_POSITIVE_REGULATION_OF_PLATELET_DERIVED_GROWTH_FACTOR_RECEPTOR_SIGNALING_PATHWAY	6		Rejected!	
GOBP_POSITIVE_REGULATION_OF_PODOSOME_ASSEMBLY	11		Rejected!	
GOBP_POSITIVE_REGULATION_OF_POST_TRANSCRIPTIONAL_GENE_SILENCING	12		Rejected!	
GOBP_POSITIVE_REGULATION_OF_POST_TRANSLATIONAL_PROTEIN_MODIFICATION	129	122		
GOBP_POSITIVE_REGULATION_OF_POTASSIUM_ION_TRANSMEMBRANE_TRANSPORT	36	34		
GOBP_POSITIVE_REGULATION_OF_POTASSIUM_ION_TRANSMEMBRANE_TRANSPORTER_ACTIVITY	19	18		
GOBP_POSITIVE_REGULATION_OF_POTASSIUM_ION_TRANSPORT	44	42		
GOBP_POSITIVE_REGULATION_OF_PRODUCTION_OF_MOLECULAR_MEDIATOR_OF_IMMUNE_RESPONSE	137	130		
GOBP_POSITIVE_REGULATION_OF_PROGRAMMED_CELL_DEATH	575		Rejected!	
GOBP_POSITIVE_REGULATION_OF_PROGRAMMED_NECROTIC_CELL_DEATH	11		Rejected!	
GOBP_POSITIVE_REGULATION_OF_PROSTAGLANDIN_BIOSYNTHETIC_PROCESS	6		Rejected!	
GOBP_POSITIVE_REGULATION_OF_PROTEASOMAL_PROTEIN_CATABOLIC_PROCESS	109	101		
GOBP_POSITIVE_REGULATION_OF_PROTEASOMAL_UBIQUITIN_DEPENDENT_PROTEIN_CATABOLIC_PROCESS	78	71		
GOBP_POSITIVE_REGULATION_OF_PROTEIN_ACETYLATION	15		Rejected!	
GOBP_POSITIVE_REGULATION_OF_PROTEIN_AUTOPHOSPHORYLATION	24	23		
GOBP_POSITIVE_REGULATION_OF_PROTEIN_BINDING	51	48		
GOBP_POSITIVE_REGULATION_OF_PROTEIN_CATABOLIC_PROCESS	204	191		
GOBP_POSITIVE_REGULATION_OF_PROTEIN_CATABOLIC_PROCESS_IN_THE_VACUOLE	7		Rejected!	
GOBP_POSITIVE_REGULATION_OF_PROTEIN_CONTAINING_COMPLEX_ASSEMBLY	199	187		
GOBP_POSITIVE_REGULATION_OF_PROTEIN_CONTAINING_COMPLEX_DISASSEMBLY	37	33		
GOBP_POSITIVE_REGULATION_OF_PROTEIN_DEACETYLATION	7		Rejected!	
GOBP_POSITIVE_REGULATION_OF_PROTEIN_DEPHOSPHORYLATION	42	38		
GOBP_POSITIVE_REGULATION_OF_PROTEIN_DEPOLYMERIZATION	19	17		
GOBP_POSITIVE_REGULATION_OF_PROTEIN_DEUBIQUITINATION	5		Rejected!	
GOBP_POSITIVE_REGULATION_OF_PROTEIN_EXIT_FROM_ENDOPLASMIC_RETICULUM	14		Rejected!	
GOBP_POSITIVE_REGULATION_OF_PROTEIN_EXPORT_FROM_NUCLEUS	20	20		
GOBP_POSITIVE_REGULATION_OF_PROTEIN_GLYCOSYLATION	7		Rejected!	
GOBP_POSITIVE_REGULATION_OF_PROTEIN_IMPORT_INTO_NUCLEUS	40	40		
GOBP_POSITIVE_REGULATION_OF_PROTEIN_K63_LINKED_UBIQUITINATION	8		Rejected!	
GOBP_POSITIVE_REGULATION_OF_PROTEIN_KINASE_ACTIVITY	248	234		
GOBP_POSITIVE_REGULATION_OF_PROTEIN_KINASE_A_SIGNALING	12		Rejected!	
GOBP_POSITIVE_REGULATION_OF_PROTEIN_KINASE_C_SIGNALING	9		Rejected!	
GOBP_POSITIVE_REGULATION_OF_PROTEIN_LOCALIZATION	482	464		
GOBP_POSITIVE_REGULATION_OF_PROTEIN_LOCALIZATION_TO_CELL_CORTEX	6		Rejected!	
GOBP_POSITIVE_REGULATION_OF_PROTEIN_LOCALIZATION_TO_CELL_PERIPHERY	74	73		
GOBP_POSITIVE_REGULATION_OF_PROTEIN_LOCALIZATION_TO_CELL_SURFACE	21	19		
GOBP_POSITIVE_REGULATION_OF_PROTEIN_LOCALIZATION_TO_CENTROSOME	7		Rejected!	
GOBP_POSITIVE_REGULATION_OF_PROTEIN_LOCALIZATION_TO_CILIUM	7		Rejected!	
GOBP_POSITIVE_REGULATION_OF_PROTEIN_LOCALIZATION_TO_EARLY_ENDOSOME	9		Rejected!	
GOBP_POSITIVE_REGULATION_OF_PROTEIN_LOCALIZATION_TO_MEMBRANE	105	102		
GOBP_POSITIVE_REGULATION_OF_PROTEIN_LOCALIZATION_TO_NUCLEOLUS	5		Rejected!	
GOBP_POSITIVE_REGULATION_OF_PROTEIN_LOCALIZATION_TO_NUCLEUS	93	92		
GOBP_POSITIVE_REGULATION_OF_PROTEIN_LOCALIZATION_TO_PLASMA_MEMBRANE	62	61		
GOBP_POSITIVE_REGULATION_OF_PROTEIN_LOCALIZATION_TO_SYNAPSE	6		Rejected!	
GOBP_POSITIVE_REGULATION_OF_PROTEIN_MATURATION	26	25		
GOBP_POSITIVE_REGULATION_OF_PROTEIN_METABOLIC_PROCESS	1237		Rejected!	
GOBP_POSITIVE_REGULATION_OF_PROTEIN_MODIFICATION_PROCESS	753		Rejected!	
GOBP_POSITIVE_REGULATION_OF_PROTEIN_MONOUBIQUITINATION	5		Rejected!	
GOBP_POSITIVE_REGULATION_OF_PROTEIN_NEDDYLATION	5		Rejected!	
GOBP_POSITIVE_REGULATION_OF_PROTEIN_POLYMERIZATION	91	84		
GOBP_POSITIVE_REGULATION_OF_PROTEIN_POLYUBIQUITINATION	17	15		
GOBP_POSITIVE_REGULATION_OF_PROTEIN_SECRETION	147	142		
GOBP_POSITIVE_REGULATION_OF_PROTEIN_SERINE_THREONINE_KINASE_ACTIVITY	125	117		
GOBP_POSITIVE_REGULATION_OF_PROTEIN_SUMOYLATION	12		Rejected!	
GOBP_POSITIVE_REGULATION_OF_PROTEIN_TARGETING_TO_MEMBRANE	28	28		
GOBP_POSITIVE_REGULATION_OF_PROTEIN_TRANSPORT	251	243		
GOBP_POSITIVE_REGULATION_OF_PROTEIN_TYROSINE_KINASE_ACTIVITY	21	21		
GOBP_POSITIVE_REGULATION_OF_PROTEIN_UBIQUITINATION	106	100		
GOBP_POSITIVE_REGULATION_OF_PROTEOGLYCAN_BIOSYNTHETIC_PROCESS	5		Rejected!	
GOBP_POSITIVE_REGULATION_OF_PROTEOLYSIS	337	318		
GOBP_POSITIVE_REGULATION_OF_PROTEOLYSIS_INVOLVED_IN_PROTEIN_CATABOLIC_PROCESS	132	123		
GOBP_POSITIVE_REGULATION_OF_PSEUDOPODIUM_ASSEMBLY	13		Rejected!	
GOBP_POSITIVE_REGULATION_OF_PYROPTOSIS	5		Rejected!	
GOBP_POSITIVE_REGULATION_OF_RAC_PROTEIN_SIGNAL_TRANSDUCTION	10		Rejected!	
GOBP_POSITIVE_REGULATION_OF_RAS_PROTEIN_SIGNAL_TRANSDUCTION	18	18		
GOBP_POSITIVE_REGULATION_OF_REACTIVE_OXYGEN_SPECIES_BIOSYNTHETIC_PROCESS	19	17		
GOBP_POSITIVE_REGULATION_OF_REACTIVE_OXYGEN_SPECIES_METABOLIC_PROCESS	70	66		
GOBP_POSITIVE_REGULATION_OF_RECEPTOR_BINDING	5		Rejected!	
GOBP_POSITIVE_REGULATION_OF_RECEPTOR_CATABOLIC_PROCESS	7		Rejected!	
GOBP_POSITIVE_REGULATION_OF_RECEPTOR_CLUSTERING	10		Rejected!	
GOBP_POSITIVE_REGULATION_OF_RECEPTOR_INTERNALIZATION	27	26		
GOBP_POSITIVE_REGULATION_OF_RECEPTOR_MEDIATED_ENDOCYTOSIS	54	51		
GOBP_POSITIVE_REGULATION_OF_RECEPTOR_RECYCLING	14		Rejected!	
GOBP_POSITIVE_REGULATION_OF_RECEPTOR_SIGNALING_PATHWAY_VIA_STAT	55	53		
GOBP_POSITIVE_REGULATION_OF_REGULATED_SECRETORY_PATHWAY	43	43		
GOBP_POSITIVE_REGULATION_OF_REGULATORY_T_CELL_DIFFERENTIATION	24	21		
GOBP_POSITIVE_REGULATION_OF_RELEASE_OF_CYTOCHROME_C_FROM_MITOCHONDRIA	24	24		
GOBP_POSITIVE_REGULATION_OF_RELEASE_OF_SEQUESTERED_CALCIUM_ION_INTO_CYTOSOL	42	40		
GOBP_POSITIVE_REGULATION_OF_REPRODUCTIVE_PROCESS	91	83		
GOBP_POSITIVE_REGULATION_OF_RESPIRATORY_BURST	9		Rejected!	
GOBP_POSITIVE_REGULATION_OF_RESPONSE_TO_BIOTIC_STIMULUS	407	379		
GOBP_POSITIVE_REGULATION_OF_RESPONSE_TO_CYTOKINE_STIMULUS	67	60		
GOBP_POSITIVE_REGULATION_OF_RESPONSE_TO_ENDOPLASMIC_RETICULUM_STRESS	37	35		
GOBP_POSITIVE_REGULATION_OF_RESPONSE_TO_EXTERNAL_STIMULUS	654		Rejected!	
GOBP_POSITIVE_REGULATION_OF_RESPONSE_TO_TUMOR_CELL	15		Rejected!	
GOBP_POSITIVE_REGULATION_OF_RESPONSE_TO_TYPE_II_INTERFERON	6		Rejected!	
GOBP_POSITIVE_REGULATION_OF_RESPONSE_TO_WOUNDING	80	71		
GOBP_POSITIVE_REGULATION_OF_RETINOIC_ACID_RECEPTOR_SIGNALING_PATHWAY	5		Rejected!	
GOBP_POSITIVE_REGULATION_OF_RHO_PROTEIN_SIGNAL_TRANSDUCTION	38	37		
GOBP_POSITIVE_REGULATION_OF_RIG_I_SIGNALING_PATHWAY	10		Rejected!	
GOBP_POSITIVE_REGULATION_OF_RNA_BINDING	5		Rejected!	
GOBP_POSITIVE_REGULATION_OF_RNA_EXPORT_FROM_NUCLEUS	5		Rejected!	
GOBP_POSITIVE_REGULATION_OF_RNA_METABOLIC_PROCESS	1925		Rejected!	
GOBP_POSITIVE_REGULATION_OF_RNA_SPLICING	50	48		
GOBP_POSITIVE_REGULATION_OF_RRNA_PROCESSING	10		Rejected!	
GOBP_POSITIVE_REGULATION_OF_RUFFLE_ASSEMBLY	15	15		
GOBP_POSITIVE_REGULATION_OF_RYANODINE_SENSITIVE_CALCIUM_RELEASE_CHANNEL_ACTIVITY	9		Rejected!	
GOBP_POSITIVE_REGULATION_OF_SARCOMERE_ORGANIZATION	6		Rejected!	
GOBP_POSITIVE_REGULATION_OF_SECONDARY_METABOLITE_BIOSYNTHETIC_PROCESS	10		Rejected!	
GOBP_POSITIVE_REGULATION_OF_SECRETION	313	306		
GOBP_POSITIVE_REGULATION_OF_SEQUESTERING_OF_CALCIUM_ION	16		Rejected!	
GOBP_POSITIVE_REGULATION_OF_SEQUESTERING_OF_TRIGLYCERIDE	9		Rejected!	
GOBP_POSITIVE_REGULATION_OF_SIGNALING	1828		Rejected!	
GOBP_POSITIVE_REGULATION_OF_SIGNALING_RECEPTOR_ACTIVITY	24	24		
GOBP_POSITIVE_REGULATION_OF_SIGNAL_TRANSDUCTION_BY_P53_CLASS_MEDIATOR	30	28		
GOBP_POSITIVE_REGULATION_OF_SISTER_CHROMATID_COHESION	9		Rejected!	
GOBP_POSITIVE_REGULATION_OF_SKELETAL_MUSCLE_CELL_DIFFERENTIATION	9		Rejected!	
GOBP_POSITIVE_REGULATION_OF_SKELETAL_MUSCLE_FIBER_DEVELOPMENT	9		Rejected!	
GOBP_POSITIVE_REGULATION_OF_SKELETAL_MUSCLE_TISSUE_DEVELOPMENT	20	19		
GOBP_POSITIVE_REGULATION_OF_SKELETAL_MUSCLE_TISSUE_GROWTH	5		Rejected!	
GOBP_POSITIVE_REGULATION_OF_SKELETAL_MUSCLE_TISSUE_REGENERATION	5		Rejected!	
GOBP_POSITIVE_REGULATION_OF_SMAD_PROTEIN_SIGNAL_TRANSDUCTION	39	38		
GOBP_POSITIVE_REGULATION_OF_SMALL_GTPASE_MEDIATED_SIGNAL_TRANSDUCTION	75	74		
GOBP_POSITIVE_REGULATION_OF_SMALL_MOLECULE_METABOLIC_PROCESS	144	133		
GOBP_POSITIVE_REGULATION_OF_SMOOTHENED_SIGNALING_PATHWAY	37	32		
GOBP_POSITIVE_REGULATION_OF_SMOOTH_MUSCLE_CELL_APOPTOTIC_PROCESS	20	16		
GOBP_POSITIVE_REGULATION_OF_SMOOTH_MUSCLE_CELL_DIFFERENTIATION	25	16		
GOBP_POSITIVE_REGULATION_OF_SMOOTH_MUSCLE_CELL_MIGRATION	50	38		
GOBP_POSITIVE_REGULATION_OF_SMOOTH_MUSCLE_CELL_PROLIFERATION	100	80		
GOBP_POSITIVE_REGULATION_OF_SMOOTH_MUSCLE_CONTRACTION	31	30		
GOBP_POSITIVE_REGULATION_OF_SODIUM_ION_TRANSMEMBRANE_TRANSPORT	18	18		
GOBP_POSITIVE_REGULATION_OF_SODIUM_ION_TRANSMEMBRANE_TRANSPORTER_ACTIVITY	14		Rejected!	
GOBP_POSITIVE_REGULATION_OF_SODIUM_ION_TRANSPORT	31	31		
GOBP_POSITIVE_REGULATION_OF_SODIUM_PROTON_ANTIPORTER_ACTIVITY	5		Rejected!	
GOBP_POSITIVE_REGULATION_OF_SPINDLE_ASSEMBLY	8		Rejected!	
GOBP_POSITIVE_REGULATION_OF_SPINDLE_CHECKPOINT	13		Rejected!	
GOBP_POSITIVE_REGULATION_OF_SPROUTING_ANGIOGENESIS	30	22		
GOBP_POSITIVE_REGULATION_OF_STEM_CELL_DIFFERENTIATION	21	21		
GOBP_POSITIVE_REGULATION_OF_STEM_CELL_POPULATION_MAINTENANCE	49	45		
GOBP_POSITIVE_REGULATION_OF_STEM_CELL_PROLIFERATION	56	46		
GOBP_POSITIVE_REGULATION_OF_STEROID_HORMONE_SECRETION	11		Rejected!	
GOBP_POSITIVE_REGULATION_OF_STEROID_METABOLIC_PROCESS	27	25		
GOBP_POSITIVE_REGULATION_OF_STEROL_TRANSPORT	36	34		
GOBP_POSITIVE_REGULATION_OF_STORE_OPERATED_CALCIUM_CHANNEL_ACTIVITY	5		Rejected!	
GOBP_POSITIVE_REGULATION_OF_STRESS_ACTIVATED_PROTEIN_KINASE_SIGNALING_CASCADE	22	21		
GOBP_POSITIVE_REGULATION_OF_STRESS_FIBER_ASSEMBLY	51	50		
GOBP_POSITIVE_REGULATION_OF_STRESS_GRANULE_ASSEMBLY	7		Rejected!	
GOBP_POSITIVE_REGULATION_OF_STRIATED_MUSCLE_CELL_APOPTOTIC_PROCESS	17		Rejected!	
GOBP_POSITIVE_REGULATION_OF_STRIATED_MUSCLE_CELL_DIFFERENTIATION	52	41		
GOBP_POSITIVE_REGULATION_OF_STRIATED_MUSCLE_CONTRACTION	14		Rejected!	
GOBP_POSITIVE_REGULATION_OF_SUBSTRATE_ADHESION_DEPENDENT_CELL_SPREADING	43	43		
GOBP_POSITIVE_REGULATION_OF_SULFUR_METABOLIC_PROCESS	5		Rejected!	
GOBP_POSITIVE_REGULATION_OF_SYNAPSE_ASSEMBLY	65	63		
GOBP_POSITIVE_REGULATION_OF_SYNAPSE_MATURATION	8		Rejected!	
GOBP_POSITIVE_REGULATION_OF_SYNAPTIC_PLASTICITY	11		Rejected!	
GOBP_POSITIVE_REGULATION_OF_SYNAPTIC_TRANSMISSION	180	160		
GOBP_POSITIVE_REGULATION_OF_SYNAPTIC_TRANSMISSION_CHOLINERGIC	6		Rejected!	
GOBP_POSITIVE_REGULATION_OF_SYNAPTIC_TRANSMISSION_GABAERGIC	15		Rejected!	
GOBP_POSITIVE_REGULATION_OF_SYNAPTIC_TRANSMISSION_GLUTAMATERGIC	36	34		
GOBP_POSITIVE_REGULATION_OF_SYNAPTIC_VESICLE_ENDOCYTOSIS	6		Rejected!	
GOBP_POSITIVE_REGULATION_OF_SYNAPTIC_VESICLE_FUSION_TO_PRESYNAPTIC_ACTIVE_ZONE_MEMBRANE	6		Rejected!	
GOBP_POSITIVE_REGULATION_OF_SYNAPTIC_VESICLE_RECYCLING	8		Rejected!	
GOBP_POSITIVE_REGULATION_OF_SYNCYTIUM_FORMATION_BY_PLASMA_MEMBRANE_FUSION	23	22		
GOBP_POSITIVE_REGULATION_OF_SYSTEMIC_ARTERIAL_BLOOD_PRESSURE	12		Rejected!	
GOBP_POSITIVE_REGULATION_OF_TELOMERASE_ACTIVITY	30	30		
GOBP_POSITIVE_REGULATION_OF_TELOMERASE_RNA_LOCALIZATION_TO_CAJAL_BODY	15	15		
GOBP_POSITIVE_REGULATION_OF_TELOMERE_CAPPING	17	17		
GOBP_POSITIVE_REGULATION_OF_TELOMERE_MAINTENANCE	71	70		
GOBP_POSITIVE_REGULATION_OF_TELOMERE_MAINTENANCE_VIA_TELOMERE_LENGTHENING	38	38		
GOBP_POSITIVE_REGULATION_OF_THE_FORCE_OF_HEART_CONTRACTION	5		Rejected!	
GOBP_POSITIVE_REGULATION_OF_THYROID_HORMONE_GENERATION	5		Rejected!	
GOBP_POSITIVE_REGULATION_OF_TISSUE_REMODELING	23		Rejected!	
GOBP_POSITIVE_REGULATION_OF_TOLERANCE_INDUCTION	11		Rejected!	
GOBP_POSITIVE_REGULATION_OF_TOLL_LIKE_RECEPTOR_2_SIGNALING_PATHWAY	6		Rejected!	
GOBP_POSITIVE_REGULATION_OF_TOLL_LIKE_RECEPTOR_3_SIGNALING_PATHWAY	8		Rejected!	
GOBP_POSITIVE_REGULATION_OF_TOLL_LIKE_RECEPTOR_4_SIGNALING_PATHWAY	13		Rejected!	
GOBP_POSITIVE_REGULATION_OF_TOLL_LIKE_RECEPTOR_7_SIGNALING_PATHWAY	5		Rejected!	
GOBP_POSITIVE_REGULATION_OF_TOLL_LIKE_RECEPTOR_9_SIGNALING_PATHWAY	6		Rejected!	
GOBP_POSITIVE_REGULATION_OF_TOOTH_MINERALIZATION	8		Rejected!	
GOBP_POSITIVE_REGULATION_OF_TORC1_SIGNALING	54	49		
GOBP_POSITIVE_REGULATION_OF_TOR_SIGNALING	74	68		
GOBP_POSITIVE_REGULATION_OF_TRANSCRIPTION_BY_GLUCOSE	7		Rejected!	
GOBP_POSITIVE_REGULATION_OF_TRANSCRIPTION_BY_RNA_POLYMERASE_I	35	31		
GOBP_POSITIVE_REGULATION_OF_TRANSCRIPTION_BY_RNA_POLYMERASE_II	1242		Rejected!	
GOBP_POSITIVE_REGULATION_OF_TRANSCRIPTION_BY_RNA_POLYMERASE_III	18	17		
GOBP_POSITIVE_REGULATION_OF_TRANSCRIPTION_ELONGATION_BY_RNA_POLYMERASE_II	49	47		
GOBP_POSITIVE_REGULATION_OF_TRANSCRIPTION_OF_NOTCH_RECEPTOR_TARGET	7		Rejected!	
GOBP_POSITIVE_REGULATION_OF_TRANSCRIPTION_OF_NUCLEOLAR_LARGE_RRNA_BY_RNA_POLYMERASE_I	10		Rejected!	
GOBP_POSITIVE_REGULATION_OF_TRANSCRIPTION_REGULATORY_REGION_DNA_BINDING	20	18		
GOBP_POSITIVE_REGULATION_OF_TRANSFERASE_ACTIVITY	366	346		
GOBP_POSITIVE_REGULATION_OF_TRANSFORMING_GROWTH_FACTOR_BETA1_PRODUCTION	6		Rejected!	
GOBP_POSITIVE_REGULATION_OF_TRANSFORMING_GROWTH_FACTOR_BETA_PRODUCTION	19	17		
GOBP_POSITIVE_REGULATION_OF_TRANSLATION	133	126		
GOBP_POSITIVE_REGULATION_OF_TRANSLATIONAL_INITIATION	28	28		
GOBP_POSITIVE_REGULATION_OF_TRANSLATION_IN_RESPONSE_TO_ENDOPLASMIC_RETICULUM_STRESS	5		Rejected!	
GOBP_POSITIVE_REGULATION_OF_TRANSLATION_IN_RESPONSE_TO_STRESS	6		Rejected!	
GOBP_POSITIVE_REGULATION_OF_TRANSMEMBRANE_RECEPTOR_PROTEIN_SERINE_THREONINE_KINASE_SIGNALING_PATHWAY	107	97		
GOBP_POSITIVE_REGULATION_OF_TRANSMEMBRANE_TRANSPORT	209	191		
GOBP_POSITIVE_REGULATION_OF_TRANSMISSION_OF_NERVE_IMPULSE	7		Rejected!	
GOBP_POSITIVE_REGULATION_OF_TRANSPORT	844		Rejected!	
GOBP_POSITIVE_REGULATION_OF_TRANSPORTER_ACTIVITY	86	78		
GOBP_POSITIVE_REGULATION_OF_TRIGLYCERIDE_BIOSYNTHETIC_PROCESS	14		Rejected!	
GOBP_POSITIVE_REGULATION_OF_TRIGLYCERIDE_CATABOLIC_PROCESS	8		Rejected!	
GOBP_POSITIVE_REGULATION_OF_TRIGLYCERIDE_LIPASE_ACTIVITY	8		Rejected!	
GOBP_POSITIVE_REGULATION_OF_TRIGLYCERIDE_METABOLIC_PROCESS	22	21		
GOBP_POSITIVE_REGULATION_OF_TROPHOBLAST_CELL_MIGRATION	7		Rejected!	
GOBP_POSITIVE_REGULATION_OF_TUMOR_NECROSIS_FACTOR_MEDIATED_SIGNALING_PATHWAY	14		Rejected!	
GOBP_POSITIVE_REGULATION_OF_TUMOR_NECROSIS_FACTOR_SUPERFAMILY_CYTOKINE_PRODUCTION	114	106		
GOBP_POSITIVE_REGULATION_OF_TYPE_2_IMMUNE_RESPONSE	18	18		
GOBP_POSITIVE_REGULATION_OF_TYPE_II_INTERFERON_PRODUCTION	77	75		
GOBP_POSITIVE_REGULATION_OF_TYPE_I_INTERFERON_MEDIATED_SIGNALING_PATHWAY	20	19		
GOBP_POSITIVE_REGULATION_OF_TYPE_I_INTERFERON_PRODUCTION	75	70		
GOBP_POSITIVE_REGULATION_OF_TYROSINE_PHOSPHORYLATION_OF_STAT_PROTEIN	66	62		
GOBP_POSITIVE_REGULATION_OF_T_CELL_APOPTOTIC_PROCESS	14		Rejected!	
GOBP_POSITIVE_REGULATION_OF_T_CELL_CYTOKINE_PRODUCTION	26	26		
GOBP_POSITIVE_REGULATION_OF_T_CELL_DIFFERENTIATION_IN_THYMUS	11		Rejected!	
GOBP_POSITIVE_REGULATION_OF_T_CELL_MEDIATED_CYTOTOXICITY	41	39		
GOBP_POSITIVE_REGULATION_OF_T_CELL_MEDIATED_IMMUNE_RESPONSE_TO_TUMOR_CELL	6		Rejected!	
GOBP_POSITIVE_REGULATION_OF_T_CELL_MEDIATED_IMMUNITY	70	68		
GOBP_POSITIVE_REGULATION_OF_T_CELL_MIGRATION	35	34		
GOBP_POSITIVE_REGULATION_OF_T_CELL_PROLIFERATION	104	98		
GOBP_POSITIVE_REGULATION_OF_T_CELL_RECEPTOR_SIGNALING_PATHWAY	19	18		
GOBP_POSITIVE_REGULATION_OF_T_CELL_TOLERANCE_INDUCTION	9		Rejected!	
GOBP_POSITIVE_REGULATION_OF_T_HELPER_17_CELL_DIFFERENTIATION	12		Rejected!	
GOBP_POSITIVE_REGULATION_OF_T_HELPER_17_CELL_LINEAGE_COMMITMENT	8		Rejected!	
GOBP_POSITIVE_REGULATION_OF_T_HELPER_17_TYPE_IMMUNE_RESPONSE	20	19		
GOBP_POSITIVE_REGULATION_OF_T_HELPER_1_CELL_DIFFERENTIATION	6		Rejected!	
GOBP_POSITIVE_REGULATION_OF_T_HELPER_1_TYPE_IMMUNE_RESPONSE	18	18		
GOBP_POSITIVE_REGULATION_OF_T_HELPER_2_CELL_CYTOKINE_PRODUCTION	9		Rejected!	
GOBP_POSITIVE_REGULATION_OF_T_HELPER_2_CELL_DIFFERENTIATION	7		Rejected!	
GOBP_POSITIVE_REGULATION_OF_T_HELPER_CELL_DIFFERENTIATION	26	25		
GOBP_POSITIVE_REGULATION_OF_UBIQUITIN_DEPENDENT_PROTEIN_CATABOLIC_PROCESS	104	96		
GOBP_POSITIVE_REGULATION_OF_UBIQUITIN_PROTEIN_LIGASE_ACTIVITY	9		Rejected!	
GOBP_POSITIVE_REGULATION_OF_UBIQUITIN_PROTEIN_TRANSFERASE_ACTIVITY	21	21		
GOBP_POSITIVE_REGULATION_OF_UNSATURATED_FATTY_ACID_BIOSYNTHETIC_PROCESS	8		Rejected!	
GOBP_POSITIVE_REGULATION_OF_URINE_VOLUME	13		Rejected!	
GOBP_POSITIVE_REGULATION_OF_UTERINE_SMOOTH_MUSCLE_CONTRACTION	8		Rejected!	
GOBP_POSITIVE_REGULATION_OF_VACUOLE_ORGANIZATION	25	21		
GOBP_POSITIVE_REGULATION_OF_VASCULAR_ASSOCIATED_SMOOTH_MUSCLE_CELL_APOPTOTIC_PROCESS	12		Rejected!	
GOBP_POSITIVE_REGULATION_OF_VASCULAR_ASSOCIATED_SMOOTH_MUSCLE_CELL_DIFFERENTIATION	13		Rejected!	
GOBP_POSITIVE_REGULATION_OF_VASCULAR_ASSOCIATED_SMOOTH_MUSCLE_CELL_MIGRATION	26	15		
GOBP_POSITIVE_REGULATION_OF_VASCULAR_ASSOCIATED_SMOOTH_MUSCLE_CELL_PROLIFERATION	52	34		
GOBP_POSITIVE_REGULATION_OF_VASCULAR_ENDOTHELIAL_CELL_PROLIFERATION	27	18		
GOBP_POSITIVE_REGULATION_OF_VASCULAR_ENDOTHELIAL_GROWTH_FACTOR_PRODUCTION	31	30		
GOBP_POSITIVE_REGULATION_OF_VASCULAR_ENDOTHELIAL_GROWTH_FACTOR_RECEPTOR_SIGNALING_PATHWAY	18		Rejected!	
GOBP_POSITIVE_REGULATION_OF_VASCULAR_ENDOTHELIAL_GROWTH_FACTOR_SIGNALING_PATHWAY	9		Rejected!	
GOBP_POSITIVE_REGULATION_OF_VASCULAR_PERMEABILITY	17	16		
GOBP_POSITIVE_REGULATION_OF_VASCULAR_WOUND_HEALING	6		Rejected!	
GOBP_POSITIVE_REGULATION_OF_VASCULATURE_DEVELOPMENT	191	161		
GOBP_POSITIVE_REGULATION_OF_VASCULOGENESIS	12		Rejected!	
GOBP_POSITIVE_REGULATION_OF_VASOCONSTRICTION	33	31		
GOBP_POSITIVE_REGULATION_OF_VESICLE_FUSION	10		Rejected!	
GOBP_POSITIVE_REGULATION_OF_VESICLE_TRANSPORT_ALONG_MICROTUBULE	5		Rejected!	
GOBP_POSITIVE_REGULATION_OF_VIRAL_GENOME_REPLICATION	31	30		
GOBP_POSITIVE_REGULATION_OF_VIRAL_LIFE_CYCLE	24	24		
GOBP_POSITIVE_REGULATION_OF_VIRAL_PROCESS	64	62		
GOBP_POSITIVE_REGULATION_OF_VITAMIN_D_RECEPTOR_SIGNALING_PATHWAY	6		Rejected!	
GOBP_POSITIVE_REGULATION_OF_VOLTAGE_GATED_CALCIUM_CHANNEL_ACTIVITY	7		Rejected!	
GOBP_POSITIVE_REGULATION_OF_VOLTAGE_GATED_POTASSIUM_CHANNEL_ACTIVITY	10		Rejected!	
GOBP_POSITIVE_REGULATION_OF_WNT_SIGNALING_PATHWAY	149	136		
GOBP_POSITIVE_REGULATION_OF_WNT_SIGNALING_PATHWAY_PLANAR_CELL_POLARITY_PATHWAY	9		Rejected!	
GOBP_POSITIVE_REGULATION_OF_WOUND_HEALING	65	59		
GOBP_POSITIVE_REGULATION_OF_WOUND_HEALING_SPREADING_OF_EPIDERMAL_CELLS	6		Rejected!	
GOBP_POSITIVE_THYMIC_T_CELL_SELECTION	15	15		
GOBP_POSITIVE_T_CELL_SELECTION	45	45		
GOBP_POSTREPLICATION_REPAIR	37	35		
GOBP_POSTSYNAPSE_ASSEMBLY	45	43		
GOBP_POSTSYNAPSE_ORGANIZATION	201	188		
GOBP_POSTSYNAPSE_TO_NUCLEUS_SIGNALING_PATHWAY	6		Rejected!	
GOBP_POSTSYNAPTIC_CYTOSKELETON_ORGANIZATION	20	16		
GOBP_POSTSYNAPTIC_DENSITY_ASSEMBLY	24	22		
GOBP_POSTSYNAPTIC_DENSITY_PROTEIN_95_CLUSTERING	10		Rejected!	
GOBP_POSTSYNAPTIC_MEMBRANE_ASSEMBLY	10		Rejected!	
GOBP_POSTSYNAPTIC_MEMBRANE_ORGANIZATION	42	39		
GOBP_POSTSYNAPTIC_MODULATION_OF_CHEMICAL_SYNAPTIC_TRANSMISSION	27	27		
GOBP_POSTSYNAPTIC_NEUROTRANSMITTER_RECEPTOR_INTERNALIZATION	27	27		
GOBP_POSTSYNAPTIC_SIGNAL_TRANSDUCTION	49	47		
GOBP_POSTSYNAPTIC_SPECIALIZATION_ASSEMBLY	30	28		
GOBP_POSTSYNAPTIC_SPECIALIZATION_ORGANIZATION	47	45		
GOBP_POST_ANAL_TAIL_MORPHOGENESIS	19	18		
GOBP_POST_CHAPERONIN_TUBULIN_FOLDING_PATHWAY	7		Rejected!	
GOBP_POST_EMBRYONIC_ANIMAL_MORPHOGENESIS	6		Rejected!	
GOBP_POST_EMBRYONIC_CAMERA_TYPE_EYE_DEVELOPMENT	8		Rejected!	
GOBP_POST_EMBRYONIC_DEVELOPMENT	89	84		
GOBP_POST_EMBRYONIC_EYE_MORPHOGENESIS	7		Rejected!	
GOBP_POST_EMBRYONIC_HEMOPOIESIS	5		Rejected!	
GOBP_POST_GOLGI_VESICLE_MEDIATED_TRANSPORT	110	106		
GOBP_POST_TRANSCRIPTIONAL_REGULATION_OF_GENE_EXPRESSION	1097	493		
GOBP_POST_TRANSLATIONAL_PROTEIN_MODIFICATION	1010		Rejected!	
GOBP_POST_TRANSLATIONAL_PROTEIN_TARGETING_TO_ENDOPLASMIC_RETICULUM_MEMBRANE	15	15		
GOBP_POST_TRANSLATIONAL_PROTEIN_TARGETING_TO_MEMBRANE_TRANSLOCATION	8		Rejected!	
GOBP_POTASSIUM_ION_EXPORT_ACROSS_PLASMA_MEMBRANE	20	19		
GOBP_POTASSIUM_ION_HOMEOSTASIS	34	34		
GOBP_POTASSIUM_ION_IMPORT_ACROSS_PLASMA_MEMBRANE	46	44		
GOBP_POTASSIUM_ION_TRANSPORT	247	235		
GOBP_PREASSEMBLY_OF_GPI_ANCHOR_IN_ER_MEMBRANE	8		Rejected!	
GOBP_PRENYLATION	12		Rejected!	
GOBP_PREPULSE_INHIBITION	13		Rejected!	
GOBP_PRESYNAPSE_ORGANIZATION	56	53		
GOBP_PRESYNAPTIC_ACTIVE_ZONE_ORGANIZATION	7		Rejected!	
GOBP_PRESYNAPTIC_MEMBRANE_ORGANIZATION	10		Rejected!	
GOBP_PRESYNAPTIC_MODULATION_OF_CHEMICAL_SYNAPTIC_TRANSMISSION	35	35		
GOBP_PRE_MIRNA_PROCESSING	17		Rejected!	
GOBP_PRIMARY_ALCOHOL_BIOSYNTHETIC_PROCESS	14		Rejected!	
GOBP_PRIMARY_ALCOHOL_CATABOLIC_PROCESS	15		Rejected!	
GOBP_PRIMARY_ALCOHOL_METABOLIC_PROCESS	101	99		
GOBP_PRIMARY_AMINO_COMPOUND_BIOSYNTHETIC_PROCESS	6		Rejected!	
GOBP_PRIMARY_AMINO_COMPOUND_METABOLIC_PROCESS	15	15		
GOBP_PRIMARY_MIRNA_PROCESSING	19	19		
GOBP_PRIMITIVE_ERYTHROCYTE_DIFFERENTIATION	5		Rejected!	
GOBP_PRIMITIVE_HEMOPOIESIS	9		Rejected!	
GOBP_PRIMITIVE_STREAK_FORMATION	11		Rejected!	
GOBP_PROCESS_UTILIZING_AUTOPHAGIC_MECHANISM	604		Rejected!	
GOBP_PRODUCTION_OF_MOLECULAR_MEDIATOR_INVOLVED_IN_INFLAMMATORY_RESPONSE	110	85		
GOBP_PRODUCTION_OF_MOLECULAR_MEDIATOR_OF_IMMUNE_RESPONSE	315	217		
GOBP_PROGESTERONE_BIOSYNTHETIC_PROCESS	6		Rejected!	
GOBP_PROGESTERONE_METABOLIC_PROCESS	16	16		
GOBP_PROGESTERONE_RECEPTOR_SIGNALING_PATHWAY	11		Rejected!	
GOBP_PROGRAMMED_CELL_DEATH_INVOLVED_IN_CELL_DEVELOPMENT	25	24		
GOBP_PROGRAMMED_CELL_DEATH_IN_RESPONSE_TO_REACTIVE_OXYGEN_SPECIES	20		Rejected!	
GOBP_PROGRAMMED_NECROTIC_CELL_DEATH	61	50		
GOBP_PROLACTIN_SECRETION	5		Rejected!	
GOBP_PROLINE_METABOLIC_PROCESS	10		Rejected!	
GOBP_PROLINE_TRANSMEMBRANE_TRANSPORT	11		Rejected!	
GOBP_PROLINE_TRANSPORT	13		Rejected!	
GOBP_PRONEPHROS_DEVELOPMENT	9		Rejected!	
GOBP_PROPIONATE_METABOLIC_PROCESS	5		Rejected!	
GOBP_PROPRIOCEPTION	5		Rejected!	
GOBP_PROSTAGLANDIN_SECRETION	18	17		
GOBP_PROSTAGLANDIN_TRANSPORT	29	28		
GOBP_PROSTANOID_BIOSYNTHETIC_PROCESS	31	27		
GOBP_PROSTANOID_METABOLIC_PROCESS	51	46		
GOBP_PROSTATE_GLANDULAR_ACINUS_DEVELOPMENT	10		Rejected!	
GOBP_PROSTATE_GLANDULAR_ACINUS_MORPHOGENESIS	6		Rejected!	
GOBP_PROSTATE_GLAND_DEVELOPMENT	49	47		
GOBP_PROSTATE_GLAND_GROWTH	11		Rejected!	
GOBP_PROSTATE_GLAND_MORPHOGENESIS	28	27		
GOBP_PROSTATIC_BUD_FORMATION	9		Rejected!	
GOBP_PROSTHETIC_GROUP_METABOLIC_PROCESS	6		Rejected!	
GOBP_PROTEASOMAL_PROTEIN_CATABOLIC_PROCESS	529	498		
GOBP_PROTEASOME_ASSEMBLY	13		Rejected!	
GOBP_PROTEASOME_MEDIATED_UBIQUITIN_DEPENDENT_PROTEIN_CATABOLIC_PROCESS	401	379		
GOBP_PROTECTION_FROM_NATURAL_KILLER_CELL_MEDIATED_CYTOTOXICITY	6		Rejected!	
GOBP_PROTECTION_FROM_NON_HOMOLOGOUS_END_JOINING_AT_TELOMERE	9		Rejected!	
GOBP_PROTEIN_ACETYLATION	58	52		
GOBP_PROTEIN_ACTIVATION_CASCADE	20	20		
GOBP_PROTEIN_ACYLATION	96	87		
GOBP_PROTEIN_AUTOPHOSPHORYLATION	190	183		
GOBP_PROTEIN_AUTOPROCESSING	27	26		
GOBP_PROTEIN_AUTOUBIQUITINATION	73	67		
GOBP_PROTEIN_AUTO_ADP_RIBOSYLATION	11		Rejected!	
GOBP_PROTEIN_CATABOLIC_PROCESS	1004		Rejected!	
GOBP_PROTEIN_CATABOLIC_PROCESS_IN_THE_VACUOLE	25	23		
GOBP_PROTEIN_COMPLEX_OLIGOMERIZATION	263	255		
GOBP_PROTEIN_CONTAINING_COMPLEX_ASSEMBLY	1669		Rejected!	
GOBP_PROTEIN_CONTAINING_COMPLEX_DISASSEMBLY	258	240		
GOBP_PROTEIN_CONTAINING_COMPLEX_LOCALIZATION	194	183		
GOBP_PROTEIN_CONTAINING_COMPLEX_REMODELING	37	37		
GOBP_PROTEIN_C_LINKED_GLYCOSYLATION	6		Rejected!	
GOBP_PROTEIN_DEACETYLATION	42	42		
GOBP_PROTEIN_DEGLUTAMYLATION	7		Rejected!	
GOBP_PROTEIN_DEGLYCOSYLATION	15		Rejected!	
GOBP_PROTEIN_DELIPIDATION	5		Rejected!	
GOBP_PROTEIN_DEMETHYLATION	9		Rejected!	
GOBP_PROTEIN_DENEDDYLATION	11		Rejected!	
GOBP_PROTEIN_DEPALMITOYLATION	8		Rejected!	
GOBP_PROTEIN_DEPHOSPHORYLATION	208	189		
GOBP_PROTEIN_DEPOLYMERIZATION	118	111		
GOBP_PROTEIN_DESTABILIZATION	50	45		
GOBP_PROTEIN_DESUMOYLATION	9		Rejected!	
GOBP_PROTEIN_DEUBIQUITINATION	108	78		
GOBP_PROTEIN_DEUBIQUITINATION_INVOLVED_IN_UBIQUITIN_DEPENDENT_PROTEIN_CATABOLIC_PROCESS	8		Rejected!	
GOBP_PROTEIN_DE_ADP_RIBOSYLATION	5		Rejected!	
GOBP_PROTEIN_DNA_COMPLEX_ASSEMBLY	241	157		
GOBP_PROTEIN_DNA_COMPLEX_DISASSEMBLY	23	19		
GOBP_PROTEIN_DNA_COMPLEX_ORGANIZATION	939		Rejected!	
GOBP_PROTEIN_DNA_COVALENT_CROSS_LINKING_REPAIR	9		Rejected!	
GOBP_PROTEIN_EXIT_FROM_ENDOPLASMIC_RETICULUM	50	43		
GOBP_PROTEIN_EXPORT_FROM_NUCLEUS	60	59		
GOBP_PROTEIN_FOLDING	227	207		
GOBP_PROTEIN_FOLDING_IN_ENDOPLASMIC_RETICULUM	12		Rejected!	
GOBP_PROTEIN_GERANYLGERANYLATION	7		Rejected!	
GOBP_PROTEIN_HETEROOLIGOMERIZATION	30	29		
GOBP_PROTEIN_HETEROTETRAMERIZATION	16	16		
GOBP_PROTEIN_HEXAMERIZATION	9		Rejected!	
GOBP_PROTEIN_HISTIDYL_MODIFICATION_TO_DIPHTHAMIDE	7		Rejected!	
GOBP_PROTEIN_HOMOOLIGOMERIZATION	199	195		
GOBP_PROTEIN_HOMOTETRAMERIZATION	63	61		
GOBP_PROTEIN_HYDROXYLATION	23	22		
GOBP_PROTEIN_IMPORT	10		Rejected!	
GOBP_PROTEIN_IMPORT_INTO_MITOCHONDRIAL_MATRIX	20	19		
GOBP_PROTEIN_IMPORT_INTO_PEROXISOME_MATRIX	15	15		
GOBP_PROTEIN_IMPORT_INTO_PEROXISOME_MATRIX_RECEPTOR_RECYCLING	7		Rejected!	
GOBP_PROTEIN_IMPORT_INTO_PEROXISOME_MATRIX_SUBSTRATE_RELEASE	5		Rejected!	
GOBP_PROTEIN_IMPORT_INTO_PEROXISOME_MEMBRANE	6		Rejected!	
GOBP_PROTEIN_INSERTION_INTO_ER_MEMBRANE	31	26		
GOBP_PROTEIN_INSERTION_INTO_ER_MEMBRANE_BY_STOP_TRANSFER_MEMBRANE_ANCHOR_SEQUENCE	11		Rejected!	
GOBP_PROTEIN_INSERTION_INTO_MEMBRANE	47	41		
GOBP_PROTEIN_INSERTION_INTO_MEMBRANE_FROM_INNER_SIDE	5		Rejected!	
GOBP_PROTEIN_INSERTION_INTO_MITOCHONDRIAL_INNER_MEMBRANE	13		Rejected!	
GOBP_PROTEIN_INSERTION_INTO_MITOCHONDRIAL_MEMBRANE	7		Rejected!	
GOBP_PROTEIN_INSERTION_INTO_MITOCHONDRIAL_OUTER_MEMBRANE	15		Rejected!	
GOBP_PROTEIN_K11_LINKED_DEUBIQUITINATION	10		Rejected!	
GOBP_PROTEIN_K11_LINKED_UBIQUITINATION	36	33		
GOBP_PROTEIN_K27_LINKED_UBIQUITINATION	12		Rejected!	
GOBP_PROTEIN_K29_LINKED_DEUBIQUITINATION	5		Rejected!	
GOBP_PROTEIN_K29_LINKED_UBIQUITINATION	11		Rejected!	
GOBP_PROTEIN_K48_LINKED_DEUBIQUITINATION	27	24		
GOBP_PROTEIN_K48_LINKED_UBIQUITINATION	99	95		
GOBP_PROTEIN_K63_LINKED_DEUBIQUITINATION	31	25		
GOBP_PROTEIN_K63_LINKED_UBIQUITINATION	70	68		
GOBP_PROTEIN_K6_LINKED_UBIQUITINATION	16	15		
GOBP_PROTEIN_KINASE_A_SIGNALING	43	38		
GOBP_PROTEIN_KINASE_C_ACTIVATING_G_PROTEIN_COUPLED_RECEPTOR_SIGNALING_PATHWAY	27	27		
GOBP_PROTEIN_KINASE_C_SIGNALING	35	34		
GOBP_PROTEIN_LINEAR_POLYUBIQUITINATION	5		Rejected!	
GOBP_PROTEIN_LIPID_COMPLEX_ASSEMBLY	30	29		
GOBP_PROTEIN_LIPID_COMPLEX_ORGANIZATION	54	53		
GOBP_PROTEIN_LIPOYLATION	5		Rejected!	
GOBP_PROTEIN_LOCALIZATION_TO_ADHERENS_JUNCTION	6		Rejected!	
GOBP_PROTEIN_LOCALIZATION_TO_AXON	9		Rejected!	
GOBP_PROTEIN_LOCALIZATION_TO_BASOLATERAL_PLASMA_MEMBRANE	8		Rejected!	
GOBP_PROTEIN_LOCALIZATION_TO_BICELLULAR_TIGHT_JUNCTION	5		Rejected!	
GOBP_PROTEIN_LOCALIZATION_TO_CELL_CELL_JUNCTION	22	21		
GOBP_PROTEIN_LOCALIZATION_TO_CELL_CORTEX	11		Rejected!	
GOBP_PROTEIN_LOCALIZATION_TO_CELL_JUNCTION	108	105		
GOBP_PROTEIN_LOCALIZATION_TO_CELL_LEADING_EDGE	5		Rejected!	
GOBP_PROTEIN_LOCALIZATION_TO_CELL_PERIPHERY	349	333		
GOBP_PROTEIN_LOCALIZATION_TO_CELL_SURFACE	68	65		
GOBP_PROTEIN_LOCALIZATION_TO_CENP_A_CONTAINING_CHROMATIN	18		Rejected!	
GOBP_PROTEIN_LOCALIZATION_TO_CHROMATIN	61	36		
GOBP_PROTEIN_LOCALIZATION_TO_CHROMOSOME	129	101		
GOBP_PROTEIN_LOCALIZATION_TO_CHROMOSOME_CENTROMERIC_REGION	40	22		
GOBP_PROTEIN_LOCALIZATION_TO_CHROMOSOME_TELOMERIC_REGION	31	30		
GOBP_PROTEIN_LOCALIZATION_TO_CILIARY_MEMBRANE	12		Rejected!	
GOBP_PROTEIN_LOCALIZATION_TO_CILIARY_TRANSITION_ZONE	8		Rejected!	
GOBP_PROTEIN_LOCALIZATION_TO_CILIUM	73	65		
GOBP_PROTEIN_LOCALIZATION_TO_CONDENSED_CHROMOSOME	15	15		
GOBP_PROTEIN_LOCALIZATION_TO_CYTOPLASMIC_STRESS_GRANULE	8		Rejected!	
GOBP_PROTEIN_LOCALIZATION_TO_CYTOSKELETON	61	60		
GOBP_PROTEIN_LOCALIZATION_TO_EARLY_ENDOSOME	13		Rejected!	
GOBP_PROTEIN_LOCALIZATION_TO_ENDOPLASMIC_RETICULUM	79	67		
GOBP_PROTEIN_LOCALIZATION_TO_ENDOPLASMIC_RETICULUM_EXIT_SITE	8		Rejected!	
GOBP_PROTEIN_LOCALIZATION_TO_ENDOSOME	28	26		
GOBP_PROTEIN_LOCALIZATION_TO_EXTRACELLULAR_REGION	385	355		
GOBP_PROTEIN_LOCALIZATION_TO_GOLGI_APPARATUS	31	28		
GOBP_PROTEIN_LOCALIZATION_TO_GOLGI_MEMBRANE	5		Rejected!	
GOBP_PROTEIN_LOCALIZATION_TO_LYSOSOME	60	57		
GOBP_PROTEIN_LOCALIZATION_TO_MEMBRANE_RAFT	10		Rejected!	
GOBP_PROTEIN_LOCALIZATION_TO_MICROTUBULE	19	19		
GOBP_PROTEIN_LOCALIZATION_TO_MICROTUBULE_ORGANIZING_CENTER	37	36		
GOBP_PROTEIN_LOCALIZATION_TO_MITOCHONDRION	128	118		
GOBP_PROTEIN_LOCALIZATION_TO_MOTILE_CILIUM	6		Rejected!	
GOBP_PROTEIN_LOCALIZATION_TO_NON_MOTILE_CILIUM	13		Rejected!	
GOBP_PROTEIN_LOCALIZATION_TO_NUCLEAR_BODY	12		Rejected!	
GOBP_PROTEIN_LOCALIZATION_TO_NUCLEAR_ENVELOPE	13		Rejected!	
GOBP_PROTEIN_LOCALIZATION_TO_NUCLEOLUS	17	15		
GOBP_PROTEIN_LOCALIZATION_TO_NUCLEOPLASM	14		Rejected!	
GOBP_PROTEIN_LOCALIZATION_TO_NUCLEUS	312	298		
GOBP_PROTEIN_LOCALIZATION_TO_ORGANELLE	971		Rejected!	
GOBP_PROTEIN_LOCALIZATION_TO_PERINUCLEAR_REGION_OF_CYTOPLASM	9		Rejected!	
GOBP_PROTEIN_LOCALIZATION_TO_PHAGOPHORE_ASSEMBLY_SITE	16	16		
GOBP_PROTEIN_LOCALIZATION_TO_PHOTORECEPTOR_OUTER_SEGMENT	7		Rejected!	
GOBP_PROTEIN_LOCALIZATION_TO_PLASMA_MEMBRANE	286	271		
GOBP_PROTEIN_LOCALIZATION_TO_PLASMA_MEMBRANE_RAFT	5		Rejected!	
GOBP_PROTEIN_LOCALIZATION_TO_POSTSYNAPSE	45	44		
GOBP_PROTEIN_LOCALIZATION_TO_PRESYNAPSE	11		Rejected!	
GOBP_PROTEIN_LOCALIZATION_TO_SITE_OF_DOUBLE_STRAND_BREAK	15		Rejected!	
GOBP_PROTEIN_LOCALIZATION_TO_SYNAPSE	78	76		
GOBP_PROTEIN_LOCALIZATION_TO_VACUOLE	88	84		
GOBP_PROTEIN_MATURATION	555		Rejected!	
GOBP_PROTEIN_MATURATION_BY_4FE_4S_CLUSTER_TRANSFER	8		Rejected!	
GOBP_PROTEIN_MATURATION_BY_IRON_SULFUR_CLUSTER_TRANSFER	17		Rejected!	
GOBP_PROTEIN_MATURATION_BY_PROTEIN_FOLDING	8		Rejected!	
GOBP_PROTEIN_METHYLATION	52	42		
GOBP_PROTEIN_MODIFICATION_BY_SMALL_PROTEIN_CONJUGATION	847		Rejected!	
GOBP_PROTEIN_MODIFICATION_BY_SMALL_PROTEIN_REMOVAL	128	97		
GOBP_PROTEIN_MONOUBIQUITINATION	48	45		
GOBP_PROTEIN_NEDDYLATION	28	28		
GOBP_PROTEIN_NITROSYLATION	16		Rejected!	
GOBP_PROTEIN_N_LINKED_GLYCOSYLATION	72	69		
GOBP_PROTEIN_N_LINKED_GLYCOSYLATION_VIA_ASPARAGINE	24	23		
GOBP_PROTEIN_OXIDATION	12		Rejected!	
GOBP_PROTEIN_O_LINKED_FUCOSYLATION	5		Rejected!	
GOBP_PROTEIN_O_LINKED_GLYCOSYLATION	102	92		
GOBP_PROTEIN_O_LINKED_GLYCOSYLATION_VIA_SERINE	10		Rejected!	
GOBP_PROTEIN_O_LINKED_GLYCOSYLATION_VIA_THREONINE	10		Rejected!	
GOBP_PROTEIN_O_LINKED_MANNOSYLATION	19	17		
GOBP_PROTEIN_PALMITOYLATION	32	30		
GOBP_PROTEIN_PEPTIDYL_PROLYL_ISOMERIZATION	25	19		
GOBP_PROTEIN_POLYGLUTAMYLATION	12		Rejected!	
GOBP_PROTEIN_POLYMERIZATION	288	269		
GOBP_PROTEIN_POLYUBIQUITINATION	274	255		
GOBP_PROTEIN_POLYUFMYLATION	5		Rejected!	
GOBP_PROTEIN_POLY_ADP_RIBOSYLATION	10		Rejected!	
GOBP_PROTEIN_PROCESSING	245	233		
GOBP_PROTEIN_PROCESSING_INVOLVED_IN_PROTEIN_TARGETING_TO_MITOCHONDRION	7		Rejected!	
GOBP_PROTEIN_QUALITY_CONTROL_FOR_MISFOLDED_OR_INCOMPLETELY_SYNTHESIZED_PROTEINS	25	23		
GOBP_PROTEIN_REFOLDING	27	26		
GOBP_PROTEIN_REPAIR	7		Rejected!	
GOBP_PROTEIN_RETENTION_IN_ER_LUMEN	8		Rejected!	
GOBP_PROTEIN_RETENTION_IN_GOLGI_APPARATUS	5		Rejected!	
GOBP_PROTEIN_RNA_COMPLEX_DISASSEMBLY	10		Rejected!	
GOBP_PROTEIN_RNA_COMPLEX_ORGANIZATION	237	200		
GOBP_PROTEIN_SIDE_CHAIN_DEGLUTAMYLATION	5		Rejected!	
GOBP_PROTEIN_STABILIZATION	220	193		
GOBP_PROTEIN_SULFATION	6		Rejected!	
GOBP_PROTEIN_SUMOYLATION	68	65		
GOBP_PROTEIN_TARGETING	329	307		
GOBP_PROTEIN_TARGETING_TO_LYSOSOME	33	32		
GOBP_PROTEIN_TARGETING_TO_MEMBRANE	126	117		
GOBP_PROTEIN_TARGETING_TO_MITOCHONDRION	106	98		
GOBP_PROTEIN_TARGETING_TO_PEROXISOME	9		Rejected!	
GOBP_PROTEIN_TARGETING_TO_VACUOLE	48	46		
GOBP_PROTEIN_TARGETING_TO_VACUOLE_INVOLVED_IN_AUTOPHAGY	6		Rejected!	
GOBP_PROTEIN_TETRAMERIZATION	95	93		
GOBP_PROTEIN_TO_MEMBRANE_DOCKING	5		Rejected!	
GOBP_PROTEIN_TRANSMEMBRANE_IMPORT_INTO_INTRACELLULAR_ORGANELLE	39	38		
GOBP_PROTEIN_TRANSMEMBRANE_TRANSPORT	74	73		
GOBP_PROTEIN_TRANSPORT	1424		Rejected!	
GOBP_PROTEIN_TRANSPORT_INTO_MEMBRANE_RAFT	5		Rejected!	
GOBP_PROTEIN_TRANSPORT_TO_VACUOLE_INVOLVED_IN_UBIQUITIN_DEPENDENT_PROTEIN_CATABOLIC_PROCESS_VIA_THE_MULTIVESICULAR_BODY_SORTING_PATHWAY	15	15		
GOBP_PROTEIN_TRANSPORT_WITHIN_LIPID_BILAYER	7		Rejected!	
GOBP_PROTEIN_TRIMERIZATION	17	17		
GOBP_PROTEIN_UFMYLATION	6		Rejected!	
GOBP_PROTEIN_UNFOLDING	5		Rejected!	
GOBP_PROTEOGLYCAN_BIOSYNTHETIC_PROCESS	65	65		
GOBP_PROTEOGLYCAN_CATABOLIC_PROCESS	11		Rejected!	
GOBP_PROTEOGLYCAN_METABOLIC_PROCESS	89	87		
GOBP_PROTEOLYSIS	1631		Rejected!	
GOBP_PROTEOLYSIS_INVOLVED_IN_PROTEIN_CATABOLIC_PROCESS	765		Rejected!	
GOBP_PROTON_MOTIVE_FORCE_DRIVEN_ATP_SYNTHESIS	76	43		
GOBP_PROTON_TRANSMEMBRANE_TRANSPORT	162	126		
GOBP_PROTON_TRANSPORTING_TWO_SECTOR_ATPASE_COMPLEX_ASSEMBLY	16		Rejected!	
GOBP_PROTON_TRANSPORTING_V_TYPE_ATPASE_COMPLEX_ASSEMBLY	8		Rejected!	
GOBP_PROTOPORPHYRINOGEN_IX_BIOSYNTHETIC_PROCESS	9		Rejected!	
GOBP_PROTOPORPHYRINOGEN_IX_METABOLIC_PROCESS	11		Rejected!	
GOBP_PROXIMAL_DISTAL_PATTERN_FORMATION	34	34		
GOBP_PROXIMAL_DISTAL_PATTERN_FORMATION_INVOLVED_IN_NEPHRON_DEVELOPMENT	5		Rejected!	
GOBP_PROXIMAL_TUBULE_DEVELOPMENT	10		Rejected!	
GOBP_PRO_B_CELL_DIFFERENTIATION	12		Rejected!	
GOBP_PSEUDOPODIUM_ORGANIZATION	17		Rejected!	
GOBP_PSEUDOURIDINE_SYNTHESIS	18	18		
GOBP_PSYCHOMOTOR_BEHAVIOR	5		Rejected!	
GOBP_PTERIDINE_CONTAINING_COMPOUND_BIOSYNTHETIC_PROCESS	15		Rejected!	
GOBP_PTERIDINE_CONTAINING_COMPOUND_METABOLIC_PROCESS	35	32		
GOBP_PULMONARY_ARTERY_MORPHOGENESIS	6		Rejected!	
GOBP_PULMONARY_VALVE_DEVELOPMENT	24	24		
GOBP_PULMONARY_VALVE_MORPHOGENESIS	20	20		
GOBP_PURINERGIC_NUCLEOTIDE_RECEPTOR_SIGNALING_PATHWAY	31	28		
GOBP_PURINE_CONTAINING_COMPOUND_CATABOLIC_PROCESS	153	148		
GOBP_PURINE_CONTAINING_COMPOUND_METABOLIC_PROCESS	570		Rejected!	
GOBP_PURINE_CONTAINING_COMPOUND_SALVAGE	15	15		
GOBP_PURINE_CONTAINING_COMPOUND_TRANSMEMBRANE_TRANSPORT	40	38		
GOBP_PURINE_DEOXYRIBONUCLEOSIDE_METABOLIC_PROCESS	5		Rejected!	
GOBP_PURINE_DEOXYRIBONUCLEOSIDE_MONOPHOSPHATE_CATABOLIC_PROCESS	6		Rejected!	
GOBP_PURINE_DEOXYRIBONUCLEOSIDE_MONOPHOSPHATE_METABOLIC_PROCESS	11		Rejected!	
GOBP_PURINE_DEOXYRIBONUCLEOSIDE_TRIPHOSPHATE_METABOLIC_PROCESS	7		Rejected!	
GOBP_PURINE_DEOXYRIBONUCLEOTIDE_BIOSYNTHETIC_PROCESS	5		Rejected!	
GOBP_PURINE_DEOXYRIBONUCLEOTIDE_CATABOLIC_PROCESS	10		Rejected!	
GOBP_PURINE_DEOXYRIBONUCLEOTIDE_METABOLIC_PROCESS	16	16		
GOBP_PURINE_NUCLEOBASE_BIOSYNTHETIC_PROCESS	10		Rejected!	
GOBP_PURINE_NUCLEOBASE_METABOLIC_PROCESS	20	19		
GOBP_PURINE_NUCLEOBASE_TRANSMEMBRANE_TRANSPORT	8		Rejected!	
GOBP_PURINE_NUCLEOSIDE_BIOSYNTHETIC_PROCESS	11		Rejected!	
GOBP_PURINE_NUCLEOSIDE_CATABOLIC_PROCESS	8		Rejected!	
GOBP_PURINE_NUCLEOSIDE_DIPHOSPHATE_BIOSYNTHETIC_PROCESS	6		Rejected!	
GOBP_PURINE_NUCLEOSIDE_METABOLIC_PROCESS	27	25		
GOBP_PURINE_NUCLEOSIDE_MONOPHOSPHATE_BIOSYNTHETIC_PROCESS	21	19		
GOBP_PURINE_NUCLEOSIDE_MONOPHOSPHATE_CATABOLIC_PROCESS	11		Rejected!	
GOBP_PURINE_NUCLEOSIDE_MONOPHOSPHATE_METABOLIC_PROCESS	43	40		
GOBP_PURINE_NUCLEOSIDE_TRANSMEMBRANE_TRANSPORT	5		Rejected!	
GOBP_PURINE_NUCLEOSIDE_TRIPHOSPHATE_CATABOLIC_PROCESS	5		Rejected!	
GOBP_PURINE_NUCLEOTIDE_SALVAGE	11		Rejected!	
GOBP_PURINE_NUCLEOTIDE_TRANSPORT	43	40		
GOBP_PURINE_RIBONUCLEOSIDE_CATABOLIC_PROCESS	6		Rejected!	
GOBP_PURINE_RIBONUCLEOSIDE_METABOLIC_PROCESS	22	20		
GOBP_PURINE_RIBONUCLEOSIDE_SALVAGE	7		Rejected!	
GOBP_PURINE_RIBONUCLEOTIDE_SALVAGE	8		Rejected!	
GOBP_PURKINJE_MYOCYTE_TO_VENTRICULAR_CARDIAC_MUSCLE_CELL_COMMUNICATION	6		Rejected!	
GOBP_PUTRESCINE_BIOSYNTHETIC_PROCESS	5		Rejected!	
GOBP_PUTRESCINE_METABOLIC_PROCESS	8		Rejected!	
GOBP_PYRAMIDAL_NEURON_DEVELOPMENT	11		Rejected!	
GOBP_PYRAMIDAL_NEURON_DIFFERENTIATION	15		Rejected!	
GOBP_PYRIDINE_CONTAINING_COMPOUND_BIOSYNTHETIC_PROCESS	31	31		
GOBP_PYRIDINE_CONTAINING_COMPOUND_CATABOLIC_PROCESS	100	98		
GOBP_PYRIDINE_CONTAINING_COMPOUND_METABOLIC_PROCESS	174	169		
GOBP_PYRIDINE_NUCLEOTIDE_BIOSYNTHETIC_PROCESS	28	28		
GOBP_PYRIMIDINE_CONTAINING_COMPOUND_BIOSYNTHETIC_PROCESS	42	41		
GOBP_PYRIMIDINE_CONTAINING_COMPOUND_CATABOLIC_PROCESS	44	42		
GOBP_PYRIMIDINE_CONTAINING_COMPOUND_METABOLIC_PROCESS	90	86		
GOBP_PYRIMIDINE_CONTAINING_COMPOUND_SALVAGE	7		Rejected!	
GOBP_PYRIMIDINE_CONTAINING_COMPOUND_TRANSMEMBRANE_TRANSPORT	16	16		
GOBP_PYRIMIDINE_DEOXYRIBONUCLEOSIDE_METABOLIC_PROCESS	5		Rejected!	
GOBP_PYRIMIDINE_DEOXYRIBONUCLEOSIDE_MONOPHOSPHATE_METABOLIC_PROCESS	11		Rejected!	
GOBP_PYRIMIDINE_DEOXYRIBONUCLEOSIDE_TRIPHOSPHATE_METABOLIC_PROCESS	6		Rejected!	
GOBP_PYRIMIDINE_DEOXYRIBONUCLEOTIDE_BIOSYNTHETIC_PROCESS	6		Rejected!	
GOBP_PYRIMIDINE_DEOXYRIBONUCLEOTIDE_METABOLIC_PROCESS	23	23		
GOBP_PYRIMIDINE_DIMER_REPAIR	9		Rejected!	
GOBP_PYRIMIDINE_NUCLEOBASE_BIOSYNTHETIC_PROCESS	8		Rejected!	
GOBP_PYRIMIDINE_NUCLEOBASE_CATABOLIC_PROCESS	8		Rejected!	
GOBP_PYRIMIDINE_NUCLEOBASE_METABOLIC_PROCESS	21	21		
GOBP_PYRIMIDINE_NUCLEOSIDE_BIOSYNTHETIC_PROCESS	5		Rejected!	
GOBP_PYRIMIDINE_NUCLEOSIDE_CATABOLIC_PROCESS	17	17		
GOBP_PYRIMIDINE_NUCLEOSIDE_DIPHOSPHATE_BIOSYNTHETIC_PROCESS	6		Rejected!	
GOBP_PYRIMIDINE_NUCLEOSIDE_DIPHOSPHATE_METABOLIC_PROCESS	9		Rejected!	
GOBP_PYRIMIDINE_NUCLEOSIDE_METABOLIC_PROCESS	25	25		
GOBP_PYRIMIDINE_NUCLEOSIDE_MONOPHOSPHATE_BIOSYNTHETIC_PROCESS	15	15		
GOBP_PYRIMIDINE_NUCLEOSIDE_MONOPHOSPHATE_CATABOLIC_PROCESS	8		Rejected!	
GOBP_PYRIMIDINE_NUCLEOSIDE_MONOPHOSPHATE_METABOLIC_PROCESS	21	21		
GOBP_PYRIMIDINE_NUCLEOSIDE_TRIPHOSPHATE_BIOSYNTHETIC_PROCESS	19	18		
GOBP_PYRIMIDINE_NUCLEOSIDE_TRIPHOSPHATE_METABOLIC_PROCESS	24	23		
GOBP_PYRIMIDINE_NUCLEOTIDE_BIOSYNTHETIC_PROCESS	32	31		
GOBP_PYRIMIDINE_NUCLEOTIDE_CATABOLIC_PROCESS	21	21		
GOBP_PYRIMIDINE_NUCLEOTIDE_METABOLIC_PROCESS	53	52		
GOBP_PYRIMIDINE_RIBONUCLEOSIDE_DIPHOSPHATE_METABOLIC_PROCESS	7		Rejected!	
GOBP_PYRIMIDINE_RIBONUCLEOSIDE_MONOPHOSPHATE_BIOSYNTHETIC_PROCESS	12		Rejected!	
GOBP_PYRIMIDINE_RIBONUCLEOSIDE_MONOPHOSPHATE_METABOLIC_PROCESS	16	16		
GOBP_PYRIMIDINE_RIBONUCLEOSIDE_TRIPHOSPHATE_BIOSYNTHETIC_PROCESS	15		Rejected!	
GOBP_PYRIMIDINE_RIBONUCLEOSIDE_TRIPHOSPHATE_METABOLIC_PROCESS	18	17		
GOBP_PYRIMIDINE_RIBONUCLEOTIDE_BIOSYNTHETIC_PROCESS	24	23		
GOBP_PYRIMIDINE_RIBONUCLEOTIDE_CATABOLIC_PROCESS	8		Rejected!	
GOBP_PYRIMIDINE_RIBONUCLEOTIDE_METABOLIC_PROCESS	32	31		
GOBP_PYROPTOSIS	37	34		
GOBP_PYRUVATE_FAMILY_AMINO_ACID_CATABOLIC_PROCESS	10		Rejected!	
GOBP_PYRUVATE_FAMILY_AMINO_ACID_METABOLIC_PROCESS	12		Rejected!	
GOBP_PYRUVATE_METABOLIC_PROCESS	120	118		
GOBP_PYRUVATE_TRANSPORT	8		Rejected!	
GOBP_P_BODY_ASSEMBLY	23	20		
GOBP_QUATERNARY_AMMONIUM_GROUP_TRANSPORT	18	18		
GOBP_QUINOLINATE_METABOLIC_PROCESS	5		Rejected!	
GOBP_QUINONE_METABOLIC_PROCESS	23	22		
GOBP_RAB_PROTEIN_SIGNAL_TRANSDUCTION	22	21		
GOBP_RAC_PROTEIN_SIGNAL_TRANSDUCTION	49	44		
GOBP_RADIAL_GLIAL_CELL_DIFFERENTIATION	14		Rejected!	
GOBP_RADIAL_GLIA_GUIDED_PYRAMIDAL_NEURON_MIGRATION	6		Rejected!	
GOBP_RANDOM_INACTIVATION_OF_X_CHROMOSOME	8		Rejected!	
GOBP_RAP_PROTEIN_SIGNAL_TRANSDUCTION	14		Rejected!	
GOBP_RAS_PROTEIN_SIGNAL_TRANSDUCTION	121	116		
GOBP_REACTIVE_GLIOSIS	6		Rejected!	
GOBP_REACTIVE_NITROGEN_SPECIES_METABOLIC_PROCESS	86	74		
GOBP_REACTIVE_OXYGEN_SPECIES_BIOSYNTHETIC_PROCESS	59	51		
GOBP_REACTIVE_OXYGEN_SPECIES_METABOLIC_PROCESS	239	218		
GOBP_RECEPTOR_CATABOLIC_PROCESS	28	25		
GOBP_RECEPTOR_CLUSTERING	61	58		
GOBP_RECEPTOR_DIFFUSION_TRAPPING	10		Rejected!	
GOBP_RECEPTOR_GUANYLYL_CYCLASE_SIGNALING_PATHWAY	11		Rejected!	
GOBP_RECEPTOR_INTERNALIZATION	131	126		
GOBP_RECEPTOR_LOCALIZATION_TO_NON_MOTILE_CILIUM	5		Rejected!	
GOBP_RECEPTOR_LOCALIZATION_TO_SYNAPSE	62	60		
GOBP_RECEPTOR_MEDIATED_ENDOCYTOSIS	265	251		
GOBP_RECEPTOR_MEDIATED_ENDOCYTOSIS_INVOLVED_IN_CHOLESTEROL_TRANSPORT	9		Rejected!	
GOBP_RECEPTOR_MEDIATED_ENDOCYTOSIS_OF_VIRUS_BY_HOST_CELL	11		Rejected!	
GOBP_RECEPTOR_MEDIATED_VIRION_ATTACHMENT_TO_HOST_CELL	6		Rejected!	
GOBP_RECEPTOR_METABOLIC_PROCESS	72	67		
GOBP_RECEPTOR_RECYCLING	47	45		
GOBP_RECOGNITION_OF_APOPTOTIC_CELL	7		Rejected!	
GOBP_RECOMBINATIONAL_REPAIR	192	172		
GOBP_REDUCTION_OF_FOOD_INTAKE_IN_RESPONSE_TO_DIETARY_EXCESS	6		Rejected!	
GOBP_REELIN_MEDIATED_SIGNALING_PATHWAY	8		Rejected!	
GOBP_REFLEX	22	22		
GOBP_REGENERATION	203	187		
GOBP_REGULATED_EXOCYTOSIS	226	217		
GOBP_REGULATION_BY_VIRUS_OF_VIRAL_PROTEIN_LEVELS_IN_HOST_CELL	7		Rejected!	
GOBP_REGULATION_OF_3_UTR_MEDIATED_MRNA_STABILIZATION	7		Rejected!	
GOBP_REGULATION_OF_ACROSOME_REACTION	18	17		
GOBP_REGULATION_OF_ACTIN_FILAMENT_BASED_MOVEMENT	41	40		
GOBP_REGULATION_OF_ACTIN_FILAMENT_BASED_PROCESS	388	354		
GOBP_REGULATION_OF_ACTIN_FILAMENT_BUNDLE_ASSEMBLY	107	99		
GOBP_REGULATION_OF_ACTIN_FILAMENT_LENGTH	156	145		
GOBP_REGULATION_OF_ACTIN_FILAMENT_ORGANIZATION	273	246		
GOBP_REGULATION_OF_ACTIN_NUCLEATION	40	30		
GOBP_REGULATION_OF_ACTION_POTENTIAL	61	55		
GOBP_REGULATION_OF_ACTIVATION_OF_JANUS_KINASE_ACTIVITY	8		Rejected!	
GOBP_REGULATION_OF_ACTIVIN_RECEPTOR_SIGNALING_PATHWAY	27	26		
GOBP_REGULATION_OF_ACTOMYOSIN_STRUCTURE_ORGANIZATION	105	98		
GOBP_REGULATION_OF_ACUTE_INFLAMMATORY_RESPONSE	48	45		
GOBP_REGULATION_OF_ACUTE_INFLAMMATORY_RESPONSE_TO_ANTIGENIC_STIMULUS	16		Rejected!	
GOBP_REGULATION_OF_ACYL_COA_BIOSYNTHETIC_PROCESS	5		Rejected!	
GOBP_REGULATION_OF_ADAPTIVE_IMMUNE_RESPONSE	213	203		
GOBP_REGULATION_OF_ADENYLATE_CYCLASE_ACTIVATING_G_PROTEIN_COUPLED_RECEPTOR_SIGNALING_PATHWAY	20	19		
GOBP_REGULATION_OF_ADENYLATE_CYCLASE_ACTIVITY	43	43		
GOBP_REGULATION_OF_ADHERENS_JUNCTION_ORGANIZATION	5		Rejected!	
GOBP_REGULATION_OF_ADIPONECTIN_SECRETION	7		Rejected!	
GOBP_REGULATION_OF_ADIPOSE_TISSUE_DEVELOPMENT	16		Rejected!	
GOBP_REGULATION_OF_AEROBIC_RESPIRATION	33	28		
GOBP_REGULATION_OF_AGGREPHAGY	8		Rejected!	
GOBP_REGULATION_OF_ALCOHOL_BIOSYNTHETIC_PROCESS	54	47		
GOBP_REGULATION_OF_ALDOSTERONE_METABOLIC_PROCESS	8		Rejected!	
GOBP_REGULATION_OF_ALPHA_BETA_T_CELL_ACTIVATION	117	113		
GOBP_REGULATION_OF_ALPHA_BETA_T_CELL_DIFFERENTIATION	76	74		
GOBP_REGULATION_OF_ALTERNATIVE_MRNA_SPLICING_VIA_SPLICEOSOME	55	52		
GOBP_REGULATION_OF_AMACRINE_CELL_DIFFERENTIATION	6		Rejected!	
GOBP_REGULATION_OF_AMIDE_METABOLIC_PROCESS	81	65		
GOBP_REGULATION_OF_AMINE_METABOLIC_PROCESS	31	28		
GOBP_REGULATION_OF_AMINO_ACID_TRANSMEMBRANE_TRANSPORT	16	15		
GOBP_REGULATION_OF_AMINO_ACID_TRANSPORT	42	41		
GOBP_REGULATION_OF_AMPA_RECEPTOR_ACTIVITY	19	16		
GOBP_REGULATION_OF_AMYLOID_BETA_CLEARANCE	19	17		
GOBP_REGULATION_OF_AMYLOID_FIBRIL_FORMATION	17	16		
GOBP_REGULATION_OF_AMYLOID_PRECURSOR_PROTEIN_CATABOLIC_PROCESS	55	42		
GOBP_REGULATION_OF_ANAPHASE_PROMOTING_COMPLEX_DEPENDENT_CATABOLIC_PROCESS	5		Rejected!	
GOBP_REGULATION_OF_ANATOMICAL_STRUCTURE_MORPHOGENESIS	902		Rejected!	
GOBP_REGULATION_OF_ANATOMICAL_STRUCTURE_SIZE	502	477		
GOBP_REGULATION_OF_ANDROGEN_RECEPTOR_SIGNALING_PATHWAY	29	28		
GOBP_REGULATION_OF_ANGIOTENSIN_LEVELS_IN_BLOOD	10		Rejected!	
GOBP_REGULATION_OF_ANIMAL_ORGAN_FORMATION	28	28		
GOBP_REGULATION_OF_ANIMAL_ORGAN_MORPHOGENESIS	89	88		
GOBP_REGULATION_OF_ANION_CHANNEL_ACTIVITY	5		Rejected!	
GOBP_REGULATION_OF_ANOIKIS	24	23		
GOBP_REGULATION_OF_ANTIBACTERIAL_PEPTIDE_PRODUCTION	7		Rejected!	
GOBP_REGULATION_OF_ANTIFUNGAL_INNATE_IMMUNE_RESPONSE	5		Rejected!	
GOBP_REGULATION_OF_ANTIGEN_PROCESSING_AND_PRESENTATION	20	20		
GOBP_REGULATION_OF_ANTIGEN_PROCESSING_AND_PRESENTATION_OF_PEPTIDE_ANTIGEN	6		Rejected!	
GOBP_REGULATION_OF_ANTIGEN_PROCESSING_AND_PRESENTATION_OF_PEPTIDE_OR_POLYSACCHARIDE_ANTIGEN_VIA_MHC_CLASS_II	5		Rejected!	
GOBP_REGULATION_OF_ANTIGEN_RECEPTOR_MEDIATED_SIGNALING_PATHWAY	70	64		
GOBP_REGULATION_OF_ANTIMICROBIAL_HUMORAL_RESPONSE	12		Rejected!	
GOBP_REGULATION_OF_ANTIMICROBIAL_PEPTIDE_PRODUCTION	9		Rejected!	
GOBP_REGULATION_OF_APOPTOTIC_CELL_CLEARANCE	10		Rejected!	
GOBP_REGULATION_OF_APOPTOTIC_DNA_FRAGMENTATION	11		Rejected!	
GOBP_REGULATION_OF_APOPTOTIC_PROCESS_INVOLVED_IN_DEVELOPMENT	13		Rejected!	
GOBP_REGULATION_OF_APOPTOTIC_PROCESS_IN_BONE_MARROW_CELL	5		Rejected!	
GOBP_REGULATION_OF_APOPTOTIC_SIGNALING_PATHWAY	396	357		
GOBP_REGULATION_OF_APPETITE	22	22		
GOBP_REGULATION_OF_ARACHIDONIC_ACID_SECRETION	7		Rejected!	
GOBP_REGULATION_OF_ARP2_3_COMPLEX_MEDIATED_ACTIN_NUCLEATION	31	22		
GOBP_REGULATION_OF_ARTERY_MORPHOGENESIS	13		Rejected!	
GOBP_REGULATION_OF_ASPARTIC_TYPE_ENDOPEPTIDASE_ACTIVITY_INVOLVED_IN_AMYLOID_PRECURSOR_PROTEIN_CATABOLIC_PROCESS	6		Rejected!	
GOBP_REGULATION_OF_ASPARTIC_TYPE_PEPTIDASE_ACTIVITY	7		Rejected!	
GOBP_REGULATION_OF_ASTROCYTE_ACTIVATION	8		Rejected!	
GOBP_REGULATION_OF_ASTROCYTE_DIFFERENTIATION	32	28		
GOBP_REGULATION_OF_ASYMMETRIC_CELL_DIVISION	5		Rejected!	
GOBP_REGULATION_OF_ATPASE_COUPLED_CALCIUM_TRANSMEMBRANE_TRANSPORTER_ACTIVITY	6		Rejected!	
GOBP_REGULATION_OF_ATP_BIOSYNTHETIC_PROCESS	16		Rejected!	
GOBP_REGULATION_OF_ATP_DEPENDENT_ACTIVITY	63	60		
GOBP_REGULATION_OF_ATP_METABOLIC_PROCESS	72	65		
GOBP_REGULATION_OF_ATRIAL_CARDIAC_MUSCLE_CELL_MEMBRANE_DEPOLARIZATION	10		Rejected!	
GOBP_REGULATION_OF_ATRIAL_CARDIAC_MUSCLE_CELL_MEMBRANE_REPOLARIZATION	8		Rejected!	
GOBP_REGULATION_OF_ATTACHMENT_OF_MITOTIC_SPINDLE_MICROTUBULES_TO_KINETOCHORE	9		Rejected!	
GOBP_REGULATION_OF_ATTACHMENT_OF_SPINDLE_MICROTUBULES_TO_KINETOCHORE	22	22		
GOBP_REGULATION_OF_AUTOPHAGOSOME_ASSEMBLY	49	46		
GOBP_REGULATION_OF_AUTOPHAGOSOME_MATURATION	17	16		
GOBP_REGULATION_OF_AUTOPHAGY	368	344		
GOBP_REGULATION_OF_AUTOPHAGY_OF_MITOCHONDRION	44	39		
GOBP_REGULATION_OF_AUTOPHAGY_OF_MITOCHONDRION_IN_RESPONSE_TO_MITOCHONDRIAL_DEPOLARIZATION	15		Rejected!	
GOBP_REGULATION_OF_AXONOGENESIS	141	140		
GOBP_REGULATION_OF_AXON_EXTENSION	78	78		
GOBP_REGULATION_OF_AXON_EXTENSION_INVOLVED_IN_AXON_GUIDANCE	17	17		
GOBP_REGULATION_OF_AXON_GUIDANCE	11		Rejected!	
GOBP_REGULATION_OF_BARBED_END_ACTIN_FILAMENT_CAPPING	5		Rejected!	
GOBP_REGULATION_OF_BASEMENT_MEMBRANE_ORGANIZATION	11		Rejected!	
GOBP_REGULATION_OF_BEHAVIOR	75	73		
GOBP_REGULATION_OF_BICELLULAR_TIGHT_JUNCTION_ASSEMBLY	24	21		
GOBP_REGULATION_OF_BILE_ACID_BIOSYNTHETIC_PROCESS	12		Rejected!	
GOBP_REGULATION_OF_BILE_ACID_METABOLIC_PROCESS	15		Rejected!	
GOBP_REGULATION_OF_BILE_ACID_SECRETION	6		Rejected!	
GOBP_REGULATION_OF_BINDING	229	216		
GOBP_REGULATION_OF_BINDING_OF_SPERM_TO_ZONA_PELLUCIDA	5		Rejected!	
GOBP_REGULATION_OF_BIOLOGICAL_PROCESS_INVOLVED_IN_SYMBIOTIC_INTERACTION	65	60		
GOBP_REGULATION_OF_BIOMINERAL_TISSUE_DEVELOPMENT	102	95		
GOBP_REGULATION_OF_BLOOD_BRAIN_BARRIER_PERMEABILITY	9		Rejected!	
GOBP_REGULATION_OF_BLOOD_CIRCULATION	265	249		
GOBP_REGULATION_OF_BLOOD_PRESSURE	187	176		
GOBP_REGULATION_OF_BLOOD_VESSEL_REMODELING	12		Rejected!	
GOBP_REGULATION_OF_BLOOD_VOLUME_BY_RENIN_ANGIOTENSIN	7		Rejected!	
GOBP_REGULATION_OF_BMP_SIGNALING_PATHWAY	122	96		
GOBP_REGULATION_OF_BODY_FLUID_LEVELS	375	369		
GOBP_REGULATION_OF_BONE_DEVELOPMENT	10		Rejected!	
GOBP_REGULATION_OF_BONE_MINERALIZATION	81	75		
GOBP_REGULATION_OF_BONE_MINERALIZATION_INVOLVED_IN_BONE_MATURATION	7		Rejected!	
GOBP_REGULATION_OF_BONE_REMODELING	51	51		
GOBP_REGULATION_OF_BONE_RESORPTION	43	43		
GOBP_REGULATION_OF_BRANCHING_INVOLVED_IN_LUNG_MORPHOGENESIS	6		Rejected!	
GOBP_REGULATION_OF_BRANCHING_INVOLVED_IN_PROSTATE_GLAND_MORPHOGENESIS	5		Rejected!	
GOBP_REGULATION_OF_BRANCHING_INVOLVED_IN_SALIVARY_GLAND_MORPHOGENESIS	9		Rejected!	
GOBP_REGULATION_OF_BRANCHING_INVOLVED_IN_URETERIC_BUD_MORPHOGENESIS	21	21		
GOBP_REGULATION_OF_BRANCHING_MORPHOGENESIS_OF_A_NERVE	6		Rejected!	
GOBP_REGULATION_OF_BROWN_FAT_CELL_DIFFERENTIATION	25	24		
GOBP_REGULATION_OF_B_CELL_ACTIVATION	131	125		
GOBP_REGULATION_OF_B_CELL_APOPTOTIC_PROCESS	20	19		
GOBP_REGULATION_OF_B_CELL_DIFFERENTIATION	35	34		
GOBP_REGULATION_OF_B_CELL_MEDIATED_IMMUNITY	63	57		
GOBP_REGULATION_OF_B_CELL_PROLIFERATION	65	64		
GOBP_REGULATION_OF_B_CELL_RECEPTOR_SIGNALING_PATHWAY	24	20		
GOBP_REGULATION_OF_CALCIDIOL_1_MONOOXYGENASE_ACTIVITY	7		Rejected!	
GOBP_REGULATION_OF_CALCINEURIN_MEDIATED_SIGNALING	40	38		
GOBP_REGULATION_OF_CALCIUM_IMPORT_INTO_THE_MITOCHONDRION	6		Rejected!	
GOBP_REGULATION_OF_CALCIUM_ION_DEPENDENT_EXOCYTOSIS	30	30		
GOBP_REGULATION_OF_CALCIUM_ION_EXPORT_ACROSS_PLASMA_MEMBRANE	6		Rejected!	
GOBP_REGULATION_OF_CALCIUM_ION_IMPORT	48	44		
GOBP_REGULATION_OF_CALCIUM_ION_IMPORT_ACROSS_PLASMA_MEMBRANE	14		Rejected!	
GOBP_REGULATION_OF_CALCIUM_ION_TRANSMEMBRANE_TRANSPORT	175	157		
GOBP_REGULATION_OF_CALCIUM_ION_TRANSMEMBRANE_TRANSPORTER_ACTIVITY	72	60		
GOBP_REGULATION_OF_CALCIUM_ION_TRANSPORT	253	231		
GOBP_REGULATION_OF_CALCIUM_ION_TRANSPORT_INTO_CYTOSOL	18	16		
GOBP_REGULATION_OF_CALCIUM_MEDIATED_SIGNALING	98	90		
GOBP_REGULATION_OF_CAMP_DEPENDENT_PROTEIN_KINASE_ACTIVITY	13		Rejected!	
GOBP_REGULATION_OF_CAMP_MEDIATED_SIGNALING	21	21		
GOBP_REGULATION_OF_CANONICAL_WNT_SIGNALING_PATHWAY	270	239		
GOBP_REGULATION_OF_CARBOHYDRATE_BIOSYNTHETIC_PROCESS	101	89		
GOBP_REGULATION_OF_CARBOHYDRATE_CATABOLIC_PROCESS	63	60		
GOBP_REGULATION_OF_CARBOHYDRATE_METABOLIC_PROCESS	184	167		
GOBP_REGULATION_OF_CARDIAC_CONDUCTION	28	25		
GOBP_REGULATION_OF_CARDIAC_EPITHELIAL_TO_MESENCHYMAL_TRANSITION	14		Rejected!	
GOBP_REGULATION_OF_CARDIAC_MUSCLE_ADAPTATION	18		Rejected!	
GOBP_REGULATION_OF_CARDIAC_MUSCLE_CELL_ACTION_POTENTIAL	29	28		
GOBP_REGULATION_OF_CARDIAC_MUSCLE_CELL_ACTION_POTENTIAL_INVOLVED_IN_REGULATION_OF_CONTRACTION	8		Rejected!	
GOBP_REGULATION_OF_CARDIAC_MUSCLE_CELL_DIFFERENTIATION	22	16		
GOBP_REGULATION_OF_CARDIAC_MUSCLE_CELL_MEMBRANE_POTENTIAL	7		Rejected!	
GOBP_REGULATION_OF_CARDIAC_MUSCLE_CELL_MEMBRANE_REPOLARIZATION	30	27		
GOBP_REGULATION_OF_CARDIAC_MUSCLE_CELL_PROLIFERATION	48	35		
GOBP_REGULATION_OF_CARDIAC_MUSCLE_CONTRACTION	78	72		
GOBP_REGULATION_OF_CARDIAC_MUSCLE_CONTRACTION_BY_CALCIUM_ION_SIGNALING	27	25		
GOBP_REGULATION_OF_CARDIAC_MUSCLE_CONTRACTION_BY_REGULATION_OF_THE_RELEASE_OF_SEQUESTERED_CALCIUM_ION	22	20		
GOBP_REGULATION_OF_CARDIAC_MUSCLE_TISSUE_DEVELOPMENT	5		Rejected!	
GOBP_REGULATION_OF_CARDIOBLAST_DIFFERENTIATION	5		Rejected!	
GOBP_REGULATION_OF_CARDIOCYTE_DIFFERENTIATION	33	25		
GOBP_REGULATION_OF_CARTILAGE_DEVELOPMENT	72	63		
GOBP_REGULATION_OF_CATABOLIC_PROCESS	1127		Rejected!	
GOBP_REGULATION_OF_CATALYTIC_ACTIVITY	1373		Rejected!	
GOBP_REGULATION_OF_CATECHOLAMINE_METABOLIC_PROCESS	18	17		
GOBP_REGULATION_OF_CATECHOLAMINE_UPTAKE_INVOLVED_IN_SYNAPTIC_TRANSMISSION	8		Rejected!	
GOBP_REGULATION_OF_CATION_CHANNEL_ACTIVITY	114	91		
GOBP_REGULATION_OF_CAVEOLIN_MEDIATED_ENDOCYTOSIS	6		Rejected!	
GOBP_REGULATION_OF_CD40_SIGNALING_PATHWAY	6		Rejected!	
GOBP_REGULATION_OF_CD4_POSITIVE_ALPHA_BETA_T_CELL_ACTIVATION	80	78		
GOBP_REGULATION_OF_CD4_POSITIVE_ALPHA_BETA_T_CELL_DIFFERENTIATION	58	57		
GOBP_REGULATION_OF_CD4_POSITIVE_CD25_POSITIVE_ALPHA_BETA_REGULATORY_T_CELL_DIFFERENTIATION	7		Rejected!	
GOBP_REGULATION_OF_CD8_POSITIVE_ALPHA_BETA_T_CELL_ACTIVATION	20	18		
GOBP_REGULATION_OF_CD8_POSITIVE_ALPHA_BETA_T_CELL_DIFFERENTIATION	8		Rejected!	
GOBP_REGULATION_OF_CDC42_PROTEIN_SIGNAL_TRANSDUCTION	8		Rejected!	
GOBP_REGULATION_OF_CELLULAR_AMINO_ACID_METABOLIC_PROCESS	13		Rejected!	
GOBP_REGULATION_OF_CELLULAR_CATABOLIC_PROCESS	462	432		
GOBP_REGULATION_OF_CELLULAR_COMPONENT_BIOGENESIS	1026		Rejected!	
GOBP_REGULATION_OF_CELLULAR_COMPONENT_SIZE	355	337		
GOBP_REGULATION_OF_CELLULAR_EXTRAVASATION	42	40		
GOBP_REGULATION_OF_CELLULAR_KETONE_METABOLIC_PROCESS	143	128		
GOBP_REGULATION_OF_CELLULAR_LOCALIZATION	988		Rejected!	
GOBP_REGULATION_OF_CELLULAR_PH_REDUCTION	8		Rejected!	
GOBP_REGULATION_OF_CELLULAR_RESPIRATION	48	43		
GOBP_REGULATION_OF_CELLULAR_RESPONSE_TO_GROWTH_FACTOR_STIMULUS	374	295		
GOBP_REGULATION_OF_CELLULAR_RESPONSE_TO_HEAT	16	16		
GOBP_REGULATION_OF_CELLULAR_RESPONSE_TO_HYPOXIA	20	17		
GOBP_REGULATION_OF_CELLULAR_RESPONSE_TO_INSULIN_STIMULUS	78	71		
GOBP_REGULATION_OF_CELLULAR_RESPONSE_TO_MACROPHAGE_COLONY_STIMULATING_FACTOR_STIMULUS	6		Rejected!	
GOBP_REGULATION_OF_CELLULAR_RESPONSE_TO_OSMOTIC_STRESS	13		Rejected!	
GOBP_REGULATION_OF_CELLULAR_RESPONSE_TO_OXIDATIVE_STRESS	24	19		
GOBP_REGULATION_OF_CELLULAR_RESPONSE_TO_STRESS	526	475		
GOBP_REGULATION_OF_CELLULAR_RESPONSE_TO_TRANSFORMING_GROWTH_FACTOR_BETA_STIMULUS	182	137		
GOBP_REGULATION_OF_CELLULAR_RESPONSE_TO_VASCULAR_ENDOTHELIAL_GROWTH_FACTOR_STIMULUS	31	24		
GOBP_REGULATION_OF_CELLULAR_SENESCENCE	55	43		
GOBP_REGULATION_OF_CELL_ACTIVATION	638		Rejected!	
GOBP_REGULATION_OF_CELL_ADHESION	812		Rejected!	
GOBP_REGULATION_OF_CELL_ADHESION_MEDIATED_BY_INTEGRIN	49	48		
GOBP_REGULATION_OF_CELL_CELL_ADHESION	504	473		
GOBP_REGULATION_OF_CELL_CELL_ADHESION_MEDIATED_BY_CADHERIN	21	19		
GOBP_REGULATION_OF_CELL_CELL_ADHESION_MEDIATED_BY_INTEGRIN	11		Rejected!	
GOBP_REGULATION_OF_CELL_CHEMOTAXIS_TO_FIBROBLAST_GROWTH_FACTOR	10		Rejected!	
GOBP_REGULATION_OF_CELL_COMMUNICATION_BY_ELECTRICAL_COUPLING	16	16		
GOBP_REGULATION_OF_CELL_COMMUNICATION_BY_ELECTRICAL_COUPLING_INVOLVED_IN_CARDIAC_CONDUCTION	12		Rejected!	
GOBP_REGULATION_OF_CELL_CYCLE	1126		Rejected!	
GOBP_REGULATION_OF_CELL_CYCLE_CHECKPOINT	45	43		
GOBP_REGULATION_OF_CELL_CYCLE_G1_S_PHASE_TRANSITION	213	178		
GOBP_REGULATION_OF_CELL_CYCLE_G2_M_PHASE_TRANSITION	118	104		
GOBP_REGULATION_OF_CELL_CYCLE_PHASE_TRANSITION	460	405		
GOBP_REGULATION_OF_CELL_CYCLE_PROCESS	752		Rejected!	
GOBP_REGULATION_OF_CELL_DEVELOPMENT	845		Rejected!	
GOBP_REGULATION_OF_CELL_DIFFERENTIATION	1631		Rejected!	
GOBP_REGULATION_OF_CELL_DIVISION	189	177		
GOBP_REGULATION_OF_CELL_FATE_COMMITMENT	45	40		
GOBP_REGULATION_OF_CELL_FATE_SPECIFICATION	25	24		
GOBP_REGULATION_OF_CELL_GROWTH	404	372		
GOBP_REGULATION_OF_CELL_GROWTH_INVOLVED_IN_CARDIAC_MUSCLE_CELL_DEVELOPMENT	21	16		
GOBP_REGULATION_OF_CELL_JUNCTION_ASSEMBLY	223	210		
GOBP_REGULATION_OF_CELL_KILLING	114	110		
GOBP_REGULATION_OF_CELL_MATRIX_ADHESION	125	117		
GOBP_REGULATION_OF_CELL_MATURATION	24	20		
GOBP_REGULATION_OF_CELL_MIGRATION_INVOLVED_IN_SPROUTING_ANGIOGENESIS	82	38		
GOBP_REGULATION_OF_CELL_MORPHOGENESIS	246	229		
GOBP_REGULATION_OF_CELL_POPULATION_PROLIFERATION	1799		Rejected!	
GOBP_REGULATION_OF_CELL_PROJECTION_ASSEMBLY	231	211		
GOBP_REGULATION_OF_CELL_PROJECTION_ORGANIZATION	685		Rejected!	
GOBP_REGULATION_OF_CELL_PROJECTION_SIZE	12		Rejected!	
GOBP_REGULATION_OF_CELL_PROLIFERATION_INVOLVED_IN_KIDNEY_DEVELOPMENT	16	15		
GOBP_REGULATION_OF_CELL_PROLIFERATION_IN_BONE_MARROW	9		Rejected!	
GOBP_REGULATION_OF_CELL_SHAPE	139	127		
GOBP_REGULATION_OF_CELL_SIZE	175	171		
GOBP_REGULATION_OF_CELL_SUBSTRATE_ADHESION	221	208		
GOBP_REGULATION_OF_CELL_SUBSTRATE_JUNCTION_ORGANIZATION	68	66		
GOBP_REGULATION_OF_CENTRIOLE_REPLICATION	23	21		
GOBP_REGULATION_OF_CENTROMERE_COMPLEX_ASSEMBLY	6		Rejected!	
GOBP_REGULATION_OF_CENTROMERIC_SISTER_CHROMATID_COHESION	5		Rejected!	
GOBP_REGULATION_OF_CENTROSOME_CYCLE	54	50		
GOBP_REGULATION_OF_CEREBELLAR_GRANULE_CELL_PRECURSOR_PROLIFERATION	9		Rejected!	
GOBP_REGULATION_OF_CGMP_MEDIATED_SIGNALING	12		Rejected!	
GOBP_REGULATION_OF_CHAPERONE_MEDIATED_AUTOPHAGY	8		Rejected!	
GOBP_REGULATION_OF_CHEMOKINE_MEDIATED_SIGNALING_PATHWAY	12		Rejected!	
GOBP_REGULATION_OF_CHEMOTAXIS	211	198		
GOBP_REGULATION_OF_CHLORIDE_TRANSPORT	7		Rejected!	
GOBP_REGULATION_OF_CHOLESTEROL_BIOSYNTHETIC_PROCESS	26	19		
GOBP_REGULATION_OF_CHOLESTEROL_EFFLUX	54	37		
GOBP_REGULATION_OF_CHOLESTEROL_METABOLIC_PROCESS	42	35		
GOBP_REGULATION_OF_CHOLESTEROL_STORAGE	19	17		
GOBP_REGULATION_OF_CHONDROCYTE_DEVELOPMENT	6		Rejected!	
GOBP_REGULATION_OF_CHONDROCYTE_DIFFERENTIATION	52	47		
GOBP_REGULATION_OF_CHROMATIN_BINDING	11		Rejected!	
GOBP_REGULATION_OF_CHROMATIN_ORGANIZATION	35	30		
GOBP_REGULATION_OF_CHROMOSOME_CONDENSATION	13		Rejected!	
GOBP_REGULATION_OF_CHROMOSOME_ORGANIZATION	248	234		
GOBP_REGULATION_OF_CHROMOSOME_SEGREGATION	132	126		
GOBP_REGULATION_OF_CHRONIC_INFLAMMATORY_RESPONSE	9		Rejected!	
GOBP_REGULATION_OF_CILIUM_ASSEMBLY	99	88		
GOBP_REGULATION_OF_CILIUM_BEAT_FREQUENCY	17		Rejected!	
GOBP_REGULATION_OF_CILIUM_BEAT_FREQUENCY_INVOLVED_IN_CILIARY_MOTILITY	9		Rejected!	
GOBP_REGULATION_OF_CILIUM_DEPENDENT_CELL_MOTILITY	31	27		
GOBP_REGULATION_OF_CILIUM_MOVEMENT	42	34		
GOBP_REGULATION_OF_CIRCADIAN_RHYTHM	114	108		
GOBP_REGULATION_OF_CIRCADIAN_SLEEP_WAKE_CYCLE_NON_REM_SLEEP	5		Rejected!	
GOBP_REGULATION_OF_CIRCULATING_FIBRINOGEN_LEVELS	5		Rejected!	
GOBP_REGULATION_OF_CLATHRIN_DEPENDENT_ENDOCYTOSIS	18	17		
GOBP_REGULATION_OF_COAGULATION	74	71		
GOBP_REGULATION_OF_COA_TRANSFERASE_ACTIVITY	10		Rejected!	
GOBP_REGULATION_OF_COLLAGEN_FIBRIL_ORGANIZATION	9		Rejected!	
GOBP_REGULATION_OF_COLLAGEN_METABOLIC_PROCESS	43	34		
GOBP_REGULATION_OF_COLLATERAL_SPROUTING	20	19		
GOBP_REGULATION_OF_COMPLEMENT_ACTIVATION	23	18		
GOBP_REGULATION_OF_COMPLEMENT_ACTIVATION_ALTERNATIVE_PATHWAY	6		Rejected!	
GOBP_REGULATION_OF_COMPLEMENT_ACTIVATION_CLASSICAL_PATHWAY	9		Rejected!	
GOBP_REGULATION_OF_COMPLEMENT_DEPENDENT_CYTOTOXICITY	11		Rejected!	
GOBP_REGULATION_OF_CONNECTIVE_TISSUE_REPLACEMENT	15		Rejected!	
GOBP_REGULATION_OF_COPII_VESICLE_COATING	5		Rejected!	
GOBP_REGULATION_OF_CORE_PROMOTER_BINDING	5		Rejected!	
GOBP_REGULATION_OF_CORTICOSTEROID_HORMONE_SECRETION	16	16		
GOBP_REGULATION_OF_CORTICOTROPIN_SECRETION	5		Rejected!	
GOBP_REGULATION_OF_CORTISOL_BIOSYNTHETIC_PROCESS	7		Rejected!	
GOBP_REGULATION_OF_CRISTAE_FORMATION	5		Rejected!	
GOBP_REGULATION_OF_CYCLASE_ACTIVITY	53	52		
GOBP_REGULATION_OF_CYCLIC_NUCLEOTIDE_PHOSPHODIESTERASE_ACTIVITY	6		Rejected!	
GOBP_REGULATION_OF_CYCLIN_DEPENDENT_PROTEIN_KINASE_ACTIVITY	79	74		
GOBP_REGULATION_OF_CYSTEINE_TYPE_ENDOPEPTIDASE_ACTIVITY	190	182		
GOBP_REGULATION_OF_CYSTEINE_TYPE_ENDOPEPTIDASE_ACTIVITY_INVOLVED_IN_APOPTOTIC_PROCESS	160	152		
GOBP_REGULATION_OF_CYSTEINE_TYPE_ENDOPEPTIDASE_ACTIVITY_INVOLVED_IN_APOPTOTIC_SIGNALING_PATHWAY	11		Rejected!	
GOBP_REGULATION_OF_CYSTEINE_TYPE_ENDOPEPTIDASE_ACTIVITY_INVOLVED_IN_EXECUTION_PHASE_OF_APOPTOSIS	5		Rejected!	
GOBP_REGULATION_OF_CYTOKINESIS	95	89		
GOBP_REGULATION_OF_CYTOKINETIC_PROCESS	7		Rejected!	
GOBP_REGULATION_OF_CYTOPLASMIC_MRNA_PROCESSING_BODY_ASSEMBLY	8		Rejected!	
GOBP_REGULATION_OF_CYTOPLASMIC_PATTERN_RECOGNITION_RECEPTOR_SIGNALING_PATHWAY	118	107		
GOBP_REGULATION_OF_CYTOPLASMIC_TRANSLATION	35	35		
GOBP_REGULATION_OF_CYTOPLASMIC_TRANSLATIONAL_INITIATION	8		Rejected!	
GOBP_REGULATION_OF_CYTOSKELETON_ORGANIZATION	526	479		
GOBP_REGULATION_OF_CYTOSOLIC_CALCIUM_ION_CONCENTRATION	59	56		
GOBP_REGULATION_OF_DEFENSE_RESPONSE	855		Rejected!	
GOBP_REGULATION_OF_DEFENSE_RESPONSE_TO_BACTERIUM	20	19		
GOBP_REGULATION_OF_DEFENSE_RESPONSE_TO_FUNGUS	6		Rejected!	
GOBP_REGULATION_OF_DEFENSE_RESPONSE_TO_VIRUS	63	56		
GOBP_REGULATION_OF_DEFENSE_RESPONSE_TO_VIRUS_BY_HOST	42	38		
GOBP_REGULATION_OF_DELAYED_RECTIFIER_POTASSIUM_CHANNEL_ACTIVITY	18	16		
GOBP_REGULATION_OF_DENDRITE_DEVELOPMENT	100	95		
GOBP_REGULATION_OF_DENDRITE_EXTENSION	27	24		
GOBP_REGULATION_OF_DENDRITE_MORPHOGENESIS	65	61		
GOBP_REGULATION_OF_DENDRITIC_CELL_ANTIGEN_PROCESSING_AND_PRESENTATION	11		Rejected!	
GOBP_REGULATION_OF_DENDRITIC_CELL_CHEMOTAXIS	10		Rejected!	
GOBP_REGULATION_OF_DENDRITIC_CELL_DIFFERENTIATION	15		Rejected!	
GOBP_REGULATION_OF_DENDRITIC_SPINE_DEVELOPMENT	60	54		
GOBP_REGULATION_OF_DENDRITIC_SPINE_MAINTENANCE	13		Rejected!	
GOBP_REGULATION_OF_DENDRITIC_SPINE_MORPHOGENESIS	45	40		
GOBP_REGULATION_OF_DEOXYRIBONUCLEASE_ACTIVITY	10		Rejected!	
GOBP_REGULATION_OF_DEPHOSPHORYLATION	102	91		
GOBP_REGULATION_OF_DEVELOPMENTAL_GROWTH	316	293		
GOBP_REGULATION_OF_DEVELOPMENT_HETEROCHRONIC	13		Rejected!	
GOBP_REGULATION_OF_DIGESTIVE_SYSTEM_PROCESS	40	40		
GOBP_REGULATION_OF_DNA_BINDING	74	70		
GOBP_REGULATION_OF_DNA_BINDING_TRANSCRIPTION_FACTOR_ACTIVITY	366	336		
GOBP_REGULATION_OF_DNA_BIOSYNTHETIC_PROCESS	118	112		
GOBP_REGULATION_OF_DNA_CATABOLIC_PROCESS	13		Rejected!	
GOBP_REGULATION_OF_DNA_DAMAGE_CHECKPOINT	21	19		
GOBP_REGULATION_OF_DNA_DAMAGE_RESPONSE_SIGNAL_TRANSDUCTION_BY_P53_CLASS_MEDIATOR	37	34		
GOBP_REGULATION_OF_DNA_DAMAGE_RESPONSE_SIGNAL_TRANSDUCTION_BY_P53_CLASS_MEDIATOR_RESULTING_IN_TRANSCRIPTION_OF_P21_CLASS_MEDIATOR	6		Rejected!	
GOBP_REGULATION_OF_DNA_DEMETHYLATION	7		Rejected!	
GOBP_REGULATION_OF_DNA_DIRECTED_DNA_POLYMERASE_ACTIVITY	9		Rejected!	
GOBP_REGULATION_OF_DNA_LIGATION	6		Rejected!	
GOBP_REGULATION_OF_DNA_METABOLIC_PROCESS	515	460		
GOBP_REGULATION_OF_DNA_METHYLATION_DEPENDENT_HETEROCHROMATIN_FORMATION	17	15		
GOBP_REGULATION_OF_DNA_RECOMBINATION	143	118		
GOBP_REGULATION_OF_DNA_REPAIR	225	200		
GOBP_REGULATION_OF_DNA_REPLICATION	127	120		
GOBP_REGULATION_OF_DNA_STRAND_ELONGATION	17	17		
GOBP_REGULATION_OF_DNA_TEMPLATED_DNA_REPLICATION	49	46		
GOBP_REGULATION_OF_DNA_TEMPLATED_DNA_REPLICATION_INITIATION	15		Rejected!	
GOBP_REGULATION_OF_DNA_TEMPLATED_TRANSCRIPTION_ELONGATION	100	92		
GOBP_REGULATION_OF_DNA_TEMPLATED_TRANSCRIPTION_INITIATION	82	81		
GOBP_REGULATION_OF_DNA_TOPOISOMERASE_ATP_HYDROLYZING_ACTIVITY	5		Rejected!	
GOBP_REGULATION_OF_DOPAMINERGIC_NEURON_DIFFERENTIATION	10		Rejected!	
GOBP_REGULATION_OF_DOPAMINE_RECEPTOR_SIGNALING_PATHWAY	11		Rejected!	
GOBP_REGULATION_OF_DOPAMINE_SECRETION	25	24		
GOBP_REGULATION_OF_DOUBLE_STRAND_BREAK_REPAIR	143	127		
GOBP_REGULATION_OF_DOUBLE_STRAND_BREAK_REPAIR_VIA_HOMOLOGOUS_RECOMBINATION	82	71		
GOBP_REGULATION_OF_DOUBLE_STRAND_BREAK_REPAIR_VIA_NONHOMOLOGOUS_END_JOINING	30	23		
GOBP_REGULATION_OF_EARLY_ENDOSOME_TO_LATE_ENDOSOME_TRANSPORT	19	17		
GOBP_REGULATION_OF_EATING_BEHAVIOR	7		Rejected!	
GOBP_REGULATION_OF_ELECTRON_TRANSFER_ACTIVITY	5		Rejected!	
GOBP_REGULATION_OF_EMBRYONIC_DEVELOPMENT	92	87		
GOBP_REGULATION_OF_ENAMEL_MINERALIZATION	8		Rejected!	
GOBP_REGULATION_OF_ENDOCRINE_PROCESS	40	39		
GOBP_REGULATION_OF_ENDOCYTIC_RECYCLING	21	18		
GOBP_REGULATION_OF_ENDOCYTOSIS	298	279		
GOBP_REGULATION_OF_ENDODEOXYRIBONUCLEASE_ACTIVITY	8		Rejected!	
GOBP_REGULATION_OF_ENDODERMAL_CELL_DIFFERENTIATION	7		Rejected!	
GOBP_REGULATION_OF_ENDOPLASMIC_RETICULUM_STRESS_INDUCED_INTRINSIC_APOPTOTIC_SIGNALING_PATHWAY	32	29		
GOBP_REGULATION_OF_ENDOPLASMIC_RETICULUM_TUBULAR_NETWORK_ORGANIZATION	6		Rejected!	
GOBP_REGULATION_OF_ENDOPLASMIC_RETICULUM_UNFOLDED_PROTEIN_RESPONSE	30	27		
GOBP_REGULATION_OF_ENDOSOME_ORGANIZATION	5		Rejected!	
GOBP_REGULATION_OF_ENDOSOME_SIZE	13		Rejected!	
GOBP_REGULATION_OF_ENDOSOME_TO_PLASMA_MEMBRANE_PROTEIN_TRANSPORT	5		Rejected!	
GOBP_REGULATION_OF_ENDOTHELIAL_CELL_CHEMOTAXIS	24	20		
GOBP_REGULATION_OF_ENDOTHELIAL_CELL_DEVELOPMENT	18	18		
GOBP_REGULATION_OF_ENDOTHELIAL_CELL_DIFFERENTIATION	47	35		
GOBP_REGULATION_OF_ENDOTHELIAL_CELL_MIGRATION	236	161		
GOBP_REGULATION_OF_ENDOTHELIAL_TUBE_MORPHOGENESIS	6		Rejected!	
GOBP_REGULATION_OF_ENTRY_OF_BACTERIUM_INTO_HOST_CELL	7		Rejected!	
GOBP_REGULATION_OF_EOSINOPHIL_MIGRATION	5		Rejected!	
GOBP_REGULATION_OF_EPIDERMAL_GROWTH_FACTOR_ACTIVATED_RECEPTOR_ACTIVITY	17	17		
GOBP_REGULATION_OF_EPIDERMIS_DEVELOPMENT	65	59		
GOBP_REGULATION_OF_EPITHELIAL_CELL_APOPTOTIC_PROCESS	119	102		
GOBP_REGULATION_OF_EPITHELIAL_CELL_DIFFERENTIATION	171	148		
GOBP_REGULATION_OF_EPITHELIAL_CELL_DIFFERENTIATION_INVOLVED_IN_KIDNEY_DEVELOPMENT	16	16		
GOBP_REGULATION_OF_EPITHELIAL_CELL_MIGRATION	300	220		
GOBP_REGULATION_OF_EPITHELIAL_CELL_PROLIFERATION	417	351		
GOBP_REGULATION_OF_EPITHELIAL_CELL_PROLIFERATION_INVOLVED_IN_LUNG_MORPHOGENESIS	7		Rejected!	
GOBP_REGULATION_OF_EPITHELIAL_TO_MESENCHYMAL_TRANSITION	123	101		
GOBP_REGULATION_OF_EPITHELIAL_TO_MESENCHYMAL_TRANSITION_INVOLVED_IN_ENDOCARDIAL_CUSHION_FORMATION	6		Rejected!	
GOBP_REGULATION_OF_ERAD_PATHWAY	24	22		
GOBP_REGULATION_OF_ERBB_SIGNALING_PATHWAY	73	68		
GOBP_REGULATION_OF_ERYTHROCYTE_DIFFERENTIATION	47	42		
GOBP_REGULATION_OF_ER_TO_GOLGI_VESICLE_MEDIATED_TRANSPORT	10		Rejected!	
GOBP_REGULATION_OF_ESTABLISHMENT_OF_PLANAR_POLARITY	14		Rejected!	
GOBP_REGULATION_OF_ESTABLISHMENT_OF_PROTEIN_LOCALIZATION	533	498		
GOBP_REGULATION_OF_ESTABLISHMENT_OF_PROTEIN_LOCALIZATION_TO_CHROMOSOME	12		Rejected!	
GOBP_REGULATION_OF_ESTABLISHMENT_OF_PROTEIN_LOCALIZATION_TO_MITOCHONDRION	47	43		
GOBP_REGULATION_OF_ESTABLISHMENT_OF_T_CELL_POLARITY	6		Rejected!	
GOBP_REGULATION_OF_ESTABLISHMENT_OR_MAINTENANCE_OF_CELL_POLARITY	26	23		
GOBP_REGULATION_OF_EXCITATORY_SYNAPSE_ASSEMBLY	17	16		
GOBP_REGULATION_OF_EXCRETION	11		Rejected!	
GOBP_REGULATION_OF_EXECUTION_PHASE_OF_APOPTOSIS	23	21		
GOBP_REGULATION_OF_EXIT_FROM_MITOSIS	18	18		
GOBP_REGULATION_OF_EXOCYTOSIS	175	166		
GOBP_REGULATION_OF_EXOSOMAL_SECRETION	19	18		
GOBP_REGULATION_OF_EXTENT_OF_CELL_GROWTH	95	94		
GOBP_REGULATION_OF_EXTRACELLULAR_MATRIX_ASSEMBLY	29	20		
GOBP_REGULATION_OF_EXTRACELLULAR_MATRIX_CONSTITUENT_SECRETION	9		Rejected!	
GOBP_REGULATION_OF_EXTRACELLULAR_MATRIX_DISASSEMBLY	18	15		
GOBP_REGULATION_OF_EXTRACELLULAR_MATRIX_ORGANIZATION	74	61		
GOBP_REGULATION_OF_EXTRINSIC_APOPTOTIC_SIGNALING_PATHWAY	157	149		
GOBP_REGULATION_OF_EXTRINSIC_APOPTOTIC_SIGNALING_PATHWAY_IN_ABSENCE_OF_LIGAND	46	43		
GOBP_REGULATION_OF_EXTRINSIC_APOPTOTIC_SIGNALING_PATHWAY_VIA_DEATH_DOMAIN_RECEPTORS	48	46		
GOBP_REGULATION_OF_FAS_SIGNALING_PATHWAY	6		Rejected!	
GOBP_REGULATION_OF_FATTY_ACID_BETA_OXIDATION	20	19		
GOBP_REGULATION_OF_FATTY_ACID_BIOSYNTHETIC_PROCESS	54	44		
GOBP_REGULATION_OF_FATTY_ACID_METABOLIC_PROCESS	99	87		
GOBP_REGULATION_OF_FATTY_ACID_OXIDATION	34	33		
GOBP_REGULATION_OF_FATTY_ACID_TRANSPORT	33	30		
GOBP_REGULATION_OF_FAT_CELL_DIFFERENTIATION	147	128		
GOBP_REGULATION_OF_FAT_CELL_PROLIFERATION	10		Rejected!	
GOBP_REGULATION_OF_FC_RECEPTOR_MEDIATED_STIMULATORY_SIGNALING_PATHWAY	10		Rejected!	
GOBP_REGULATION_OF_FEAR_RESPONSE	11		Rejected!	
GOBP_REGULATION_OF_FEEDING_BEHAVIOR	27	27		
GOBP_REGULATION_OF_FEMALE_GONAD_DEVELOPMENT	7		Rejected!	
GOBP_REGULATION_OF_FEMALE_RECEPTIVITY	8		Rejected!	
GOBP_REGULATION_OF_FERTILIZATION	17		Rejected!	
GOBP_REGULATION_OF_FEVER_GENERATION	9		Rejected!	
GOBP_REGULATION_OF_FIBRINOLYSIS	18	17		
GOBP_REGULATION_OF_FIBROBLAST_APOPTOTIC_PROCESS	20	18		
GOBP_REGULATION_OF_FIBROBLAST_GROWTH_FACTOR_RECEPTOR_SIGNALING_PATHWAY	40	33		
GOBP_REGULATION_OF_FIBROBLAST_MIGRATION	41	36		
GOBP_REGULATION_OF_FIBROBLAST_PROLIFERATION	91	88		
GOBP_REGULATION_OF_FILOPODIUM_ASSEMBLY	49	45		
GOBP_REGULATION_OF_FLAGELLATED_SPERM_MOTILITY	22	19		
GOBP_REGULATION_OF_FOCAL_ADHESION_DISASSEMBLY	6		Rejected!	
GOBP_REGULATION_OF_FOREBRAIN_NEURON_DIFFERENTIATION	5		Rejected!	
GOBP_REGULATION_OF_G2_MI_TRANSITION_OF_MEIOTIC_CELL_CYCLE	5		Rejected!	
GOBP_REGULATION_OF_GAMMA_AMINOBUTYRIC_ACID_SECRETION	8		Rejected!	
GOBP_REGULATION_OF_GAMMA_DELTA_T_CELL_ACTIVATION	11		Rejected!	
GOBP_REGULATION_OF_GAMMA_DELTA_T_CELL_DIFFERENTIATION	9		Rejected!	
GOBP_REGULATION_OF_GAP_JUNCTION_ASSEMBLY	10		Rejected!	
GOBP_REGULATION_OF_GASTRIC_ACID_SECRETION	6		Rejected!	
GOBP_REGULATION_OF_GASTRULATION	17	15		
GOBP_REGULATION_OF_GENERATION_OF_PRECURSOR_METABOLITES_AND_ENERGY	140	124		
GOBP_REGULATION_OF_GENE_SILENCING_BY_REGULATORY_NCRNA	29	27		
GOBP_REGULATION_OF_GERMINAL_CENTER_FORMATION	8		Rejected!	
GOBP_REGULATION_OF_GERM_CELL_PROLIFERATION	8		Rejected!	
GOBP_REGULATION_OF_GLIAL_CELL_APOPTOTIC_PROCESS	12		Rejected!	
GOBP_REGULATION_OF_GLIAL_CELL_DIFFERENTIATION	79	73		
GOBP_REGULATION_OF_GLIAL_CELL_MIGRATION	21	17		
GOBP_REGULATION_OF_GLIAL_CELL_PROLIFERATION	42	38		
GOBP_REGULATION_OF_GLIOGENESIS	112	102		
GOBP_REGULATION_OF_GLOMERULAR_FILTRATION	9		Rejected!	
GOBP_REGULATION_OF_GLOMERULUS_DEVELOPMENT	6		Rejected!	
GOBP_REGULATION_OF_GLUCAGON_SECRETION	8		Rejected!	
GOBP_REGULATION_OF_GLUCOCORTICOID_BIOSYNTHETIC_PROCESS	9		Rejected!	
GOBP_REGULATION_OF_GLUCOCORTICOID_METABOLIC_PROCESS	11		Rejected!	
GOBP_REGULATION_OF_GLUCOCORTICOID_RECEPTOR_SIGNALING_PATHWAY	7		Rejected!	
GOBP_REGULATION_OF_GLUCOCORTICOID_SECRETION	10		Rejected!	
GOBP_REGULATION_OF_GLUCOKINASE_ACTIVITY	5		Rejected!	
GOBP_REGULATION_OF_GLUCONEOGENESIS	52	45		
GOBP_REGULATION_OF_GLUCOSE_IMPORT	60	53		
GOBP_REGULATION_OF_GLUCOSE_METABOLIC_PROCESS	102	91		
GOBP_REGULATION_OF_GLUCOSE_TRANSMEMBRANE_TRANSPORT	78	71		
GOBP_REGULATION_OF_GLUCOSYLCERAMIDE_CATABOLIC_PROCESS	5		Rejected!	
GOBP_REGULATION_OF_GLUTAMATE_RECEPTOR_CLUSTERING	6		Rejected!	
GOBP_REGULATION_OF_GLUTAMATE_RECEPTOR_SIGNALING_PATHWAY	7		Rejected!	
GOBP_REGULATION_OF_GLUTAMATE_SECRETION	19	19		
GOBP_REGULATION_OF_GLUTAMATE_SECRETION_NEUROTRANSMISSION	5		Rejected!	
GOBP_REGULATION_OF_GLUTAMINE_FAMILY_AMINO_ACID_METABOLIC_PROCESS	7		Rejected!	
GOBP_REGULATION_OF_GLYCOGEN_BIOSYNTHETIC_PROCESS	30	24		
GOBP_REGULATION_OF_GLYCOGEN_CATABOLIC_PROCESS	7		Rejected!	
GOBP_REGULATION_OF_GLYCOGEN_METABOLIC_PROCESS	38	31		
GOBP_REGULATION_OF_GLYCOGEN_STARCH_SYNTHASE_ACTIVITY	5		Rejected!	
GOBP_REGULATION_OF_GLYCOPROTEIN_METABOLIC_PROCESS	60	44		
GOBP_REGULATION_OF_GOLGI_ORGANIZATION	17	16		
GOBP_REGULATION_OF_GOLGI_TO_PLASMA_MEMBRANE_PROTEIN_TRANSPORT	9		Rejected!	
GOBP_REGULATION_OF_GONADOTROPIN_SECRETION	12		Rejected!	
GOBP_REGULATION_OF_GONAD_DEVELOPMENT	13		Rejected!	
GOBP_REGULATION_OF_GRANULOCYTE_CHEMOTAXIS	52	50		
GOBP_REGULATION_OF_GRANULOCYTE_DIFFERENTIATION	16	15		
GOBP_REGULATION_OF_GROWTH	606		Rejected!	
GOBP_REGULATION_OF_GROWTH_HORMONE_RECEPTOR_SIGNALING_PATHWAY	6		Rejected!	
GOBP_REGULATION_OF_GROWTH_RATE	5		Rejected!	
GOBP_REGULATION_OF_GTPASE_ACTIVITY	276	252		
GOBP_REGULATION_OF_GTP_BINDING	9		Rejected!	
GOBP_REGULATION_OF_GUANYLATE_CYCLASE_ACTIVITY	7		Rejected!	
GOBP_REGULATION_OF_GUANYL_NUCLEOTIDE_EXCHANGE_FACTOR_ACTIVITY	7		Rejected!	
GOBP_REGULATION_OF_G_PROTEIN_COUPLED_RECEPTOR_SIGNALING_PATHWAY	155	143		
GOBP_REGULATION_OF_HAIR_CYCLE	29	28		
GOBP_REGULATION_OF_HAIR_FOLLICLE_DEVELOPMENT	20	20		
GOBP_REGULATION_OF_HEART_CONTRACTION	212	199		
GOBP_REGULATION_OF_HEART_GROWTH	73	57		
GOBP_REGULATION_OF_HEART_MORPHOGENESIS	8		Rejected!	
GOBP_REGULATION_OF_HEART_RATE	104	99		
GOBP_REGULATION_OF_HEART_RATE_BY_CARDIAC_CONDUCTION	40	40		
GOBP_REGULATION_OF_HEART_RATE_BY_CHEMICAL_SIGNAL	6		Rejected!	
GOBP_REGULATION_OF_HEAT_GENERATION	13		Rejected!	
GOBP_REGULATION_OF_HELICASE_ACTIVITY	9		Rejected!	
GOBP_REGULATION_OF_HEMATOPOIETIC_PROGENITOR_CELL_DIFFERENTIATION	41	41		
GOBP_REGULATION_OF_HEMATOPOIETIC_STEM_CELL_DIFFERENTIATION	17	17		
GOBP_REGULATION_OF_HEMATOPOIETIC_STEM_CELL_PROLIFERATION	17		Rejected!	
GOBP_REGULATION_OF_HEMOGLOBIN_BIOSYNTHETIC_PROCESS	8		Rejected!	
GOBP_REGULATION_OF_HEMOPOIESIS	428	389		
GOBP_REGULATION_OF_HEPATIC_STELLATE_CELL_ACTIVATION	7		Rejected!	
GOBP_REGULATION_OF_HEPATOCYTE_APOPTOTIC_PROCESS	9		Rejected!	
GOBP_REGULATION_OF_HEPATOCYTE_PROLIFERATION	16	16		
GOBP_REGULATION_OF_HETEROCHROMATIN_FORMATION	23	20		
GOBP_REGULATION_OF_HETEROTYPIC_CELL_CELL_ADHESION	25	24		
GOBP_REGULATION_OF_HEXOKINASE_ACTIVITY	6		Rejected!	
GOBP_REGULATION_OF_HIGH_DENSITY_LIPOPROTEIN_PARTICLE_CLEARANCE	11		Rejected!	
GOBP_REGULATION_OF_HIGH_VOLTAGE_GATED_CALCIUM_CHANNEL_ACTIVITY	10		Rejected!	
GOBP_REGULATION_OF_HIPPOCAMPAL_NEURON_APOPTOTIC_PROCESS	5		Rejected!	
GOBP_REGULATION_OF_HIPPO_SIGNALING	37	36		
GOBP_REGULATION_OF_HISTAMINE_SECRETION_BY_MAST_CELL	7		Rejected!	
GOBP_REGULATION_OF_HOMOPHILIC_CELL_ADHESION	5		Rejected!	
GOBP_REGULATION_OF_HOMOTYPIC_CELL_CELL_ADHESION	36	36		
GOBP_REGULATION_OF_HORMONE_BIOSYNTHETIC_PROCESS	24	24		
GOBP_REGULATION_OF_HORMONE_LEVELS	544		Rejected!	
GOBP_REGULATION_OF_HORMONE_METABOLIC_PROCESS	39	39		
GOBP_REGULATION_OF_HORMONE_SECRETION	258	246		
GOBP_REGULATION_OF_HUMORAL_IMMUNE_RESPONSE	48	41		
GOBP_REGULATION_OF_HUMORAL_IMMUNE_RESPONSE_MEDIATED_BY_CIRCULATING_IMMUNOGLOBULIN	18	16		
GOBP_REGULATION_OF_HYALURONAN_BIOSYNTHETIC_PROCESS	8		Rejected!	
GOBP_REGULATION_OF_HYDROGEN_PEROXIDE_BIOSYNTHETIC_PROCESS	7		Rejected!	
GOBP_REGULATION_OF_HYDROGEN_PEROXIDE_MEDIATED_PROGRAMMED_CELL_DEATH	15		Rejected!	
GOBP_REGULATION_OF_HYDROGEN_PEROXIDE_METABOLIC_PROCESS	18	17		
GOBP_REGULATION_OF_HYDROLASE_ACTIVITY	716		Rejected!	
GOBP_REGULATION_OF_HYPERSENSITIVITY	10		Rejected!	
GOBP_REGULATION_OF_ICOSANOID_SECRETION	21	20		
GOBP_REGULATION_OF_IMMUNE_EFFECTOR_PROCESS	398	379		
GOBP_REGULATION_OF_IMMUNE_RESPONSE	981		Rejected!	
GOBP_REGULATION_OF_IMMUNE_SYSTEM_PROCESS	1626		Rejected!	
GOBP_REGULATION_OF_IMMUNOGLOBULIN_PRODUCTION	77	71		
GOBP_REGULATION_OF_INCLUSION_BODY_ASSEMBLY	17	17		
GOBP_REGULATION_OF_INFLAMMASOME_MEDIATED_SIGNALING_PATHWAY	41	36		
GOBP_REGULATION_OF_INFLAMMATORY_RESPONSE	431	365		
GOBP_REGULATION_OF_INFLAMMATORY_RESPONSE_TO_ANTIGENIC_STIMULUS	48	41		
GOBP_REGULATION_OF_INFLAMMATORY_RESPONSE_TO_WOUNDING	12		Rejected!	
GOBP_REGULATION_OF_INNATE_IMMUNE_RESPONSE	458	428		
GOBP_REGULATION_OF_INNER_EAR_AUDITORY_RECEPTOR_CELL_DIFFERENTIATION	9		Rejected!	
GOBP_REGULATION_OF_INOSITOL_1_4_5_TRISPHOSPHATE_SENSITIVE_CALCIUM_RELEASE_CHANNEL_ACTIVITY	5		Rejected!	
GOBP_REGULATION_OF_INOSITOL_PHOSPHATE_BIOSYNTHETIC_PROCESS	15	15		
GOBP_REGULATION_OF_INSULIN_LIKE_GROWTH_FACTOR_RECEPTOR_SIGNALING_PATHWAY	25	22		
GOBP_REGULATION_OF_INSULIN_RECEPTOR_SIGNALING_PATHWAY	73	66		
GOBP_REGULATION_OF_INSULIN_SECRETION	168	158		
GOBP_REGULATION_OF_INSULIN_SECRETION_INVOLVED_IN_CELLULAR_RESPONSE_TO_GLUCOSE_STIMULUS	56	51		
GOBP_REGULATION_OF_INTEGRIN_ACTIVATION	17	17		
GOBP_REGULATION_OF_INTEGRIN_BIOSYNTHETIC_PROCESS	5		Rejected!	
GOBP_REGULATION_OF_INTEGRIN_MEDIATED_SIGNALING_PATHWAY	21	20		
GOBP_REGULATION_OF_INTERLEUKIN_1_MEDIATED_SIGNALING_PATHWAY	11		Rejected!	
GOBP_REGULATION_OF_INTERLEUKIN_6_MEDIATED_SIGNALING_PATHWAY	12		Rejected!	
GOBP_REGULATION_OF_INTESTINAL_ABSORPTION	12		Rejected!	
GOBP_REGULATION_OF_INTESTINAL_LIPID_ABSORPTION	10		Rejected!	
GOBP_REGULATION_OF_INTRACELLULAR_ESTROGEN_RECEPTOR_SIGNALING_PATHWAY	34	32		
GOBP_REGULATION_OF_INTRACELLULAR_LIPID_TRANSPORT	13		Rejected!	
GOBP_REGULATION_OF_INTRACELLULAR_PROTEIN_TRANSPORT	148	143		
GOBP_REGULATION_OF_INTRACELLULAR_SIGNAL_TRANSDUCTION	1853		Rejected!	
GOBP_REGULATION_OF_INTRACELLULAR_STEROID_HORMONE_RECEPTOR_SIGNALING_PATHWAY	72	68		
GOBP_REGULATION_OF_INTRACELLULAR_TRANSPORT	267	246		
GOBP_REGULATION_OF_INTRINSIC_APOPTOTIC_SIGNALING_PATHWAY	189	165		
GOBP_REGULATION_OF_INTRINSIC_APOPTOTIC_SIGNALING_PATHWAY_BY_P53_CLASS_MEDIATOR	34	29		
GOBP_REGULATION_OF_INTRINSIC_APOPTOTIC_SIGNALING_PATHWAY_IN_RESPONSE_TO_DNA_DAMAGE	38	35		
GOBP_REGULATION_OF_INTRINSIC_APOPTOTIC_SIGNALING_PATHWAY_IN_RESPONSE_TO_DNA_DAMAGE_BY_P53_CLASS_MEDIATOR	17	15		
GOBP_REGULATION_OF_INTRINSIC_APOPTOTIC_SIGNALING_PATHWAY_IN_RESPONSE_TO_HYDROGEN_PEROXIDE	6		Rejected!	
GOBP_REGULATION_OF_INTRINSIC_APOPTOTIC_SIGNALING_PATHWAY_IN_RESPONSE_TO_OSMOTIC_STRESS	8		Rejected!	
GOBP_REGULATION_OF_INWARD_RECTIFIER_POTASSIUM_CHANNEL_ACTIVITY	6		Rejected!	
GOBP_REGULATION_OF_IRE1_MEDIATED_UNFOLDED_PROTEIN_RESPONSE	14		Rejected!	
GOBP_REGULATION_OF_IRON_ION_TRANSMEMBRANE_TRANSPORT	5		Rejected!	
GOBP_REGULATION_OF_IRON_ION_TRANSPORT	8		Rejected!	
GOBP_REGULATION_OF_ISOMERASE_ACTIVITY	7		Rejected!	
GOBP_REGULATION_OF_ISOTYPE_SWITCHING	38	34		
GOBP_REGULATION_OF_ISOTYPE_SWITCHING_TO_IGE_ISOTYPES	7		Rejected!	
GOBP_REGULATION_OF_I_KAPPAB_PHOSPHORYLATION	8		Rejected!	
GOBP_REGULATION_OF_JNK_CASCADE	140	136		
GOBP_REGULATION_OF_JUN_KINASE_ACTIVITY	40	37		
GOBP_REGULATION_OF_KERATINOCYTE_DIFFERENTIATION	39	34		
GOBP_REGULATION_OF_KERATINOCYTE_MIGRATION	14		Rejected!	
GOBP_REGULATION_OF_KERATINOCYTE_PROLIFERATION	49	44		
GOBP_REGULATION_OF_KETONE_BIOSYNTHETIC_PROCESS	21	21		
GOBP_REGULATION_OF_KIDNEY_DEVELOPMENT	35	35		
GOBP_REGULATION_OF_KIDNEY_SIZE	6		Rejected!	
GOBP_REGULATION_OF_KILLING_OF_CELLS_OF_ANOTHER_ORGANISM	9		Rejected!	
GOBP_REGULATION_OF_KINASE_ACTIVITY	519	472		
GOBP_REGULATION_OF_LAMELLIPODIUM_ASSEMBLY	41	39		
GOBP_REGULATION_OF_LAMELLIPODIUM_MORPHOGENESIS	11		Rejected!	
GOBP_REGULATION_OF_LAMELLIPODIUM_ORGANIZATION	53	51		
GOBP_REGULATION_OF_LENS_FIBER_CELL_DIFFERENTIATION	8		Rejected!	
GOBP_REGULATION_OF_LEUKOCYTE_ADHESION_TO_ARTERIAL_ENDOTHELIAL_CELL	5		Rejected!	
GOBP_REGULATION_OF_LEUKOCYTE_ADHESION_TO_VASCULAR_ENDOTHELIAL_CELL	41	31		
GOBP_REGULATION_OF_LEUKOCYTE_APOPTOTIC_PROCESS	90	85		
GOBP_REGULATION_OF_LEUKOCYTE_CHEMOTAXIS	123	117		
GOBP_REGULATION_OF_LEUKOCYTE_DEGRANULATION	45	44		
GOBP_REGULATION_OF_LEUKOCYTE_DIFFERENTIATION	331	313		
GOBP_REGULATION_OF_LEUKOCYTE_MEDIATED_IMMUNITY	252	240		
GOBP_REGULATION_OF_LEUKOCYTE_MIGRATION	232	218		
GOBP_REGULATION_OF_LEUKOCYTE_PROLIFERATION	269	256		
GOBP_REGULATION_OF_LEUKOCYTE_TETHERING_OR_ROLLING	18	18		
GOBP_REGULATION_OF_LIGASE_ACTIVITY	9		Rejected!	
GOBP_REGULATION_OF_LIPASE_ACTIVITY	68	63		
GOBP_REGULATION_OF_LIPID_BIOSYNTHETIC_PROCESS	189	171		
GOBP_REGULATION_OF_LIPID_CATABOLIC_PROCESS	66	60		
GOBP_REGULATION_OF_LIPID_KINASE_ACTIVITY	8		Rejected!	
GOBP_REGULATION_OF_LIPID_LOCALIZATION	184	154		
GOBP_REGULATION_OF_LIPID_METABOLIC_PROCESS	327	296		
GOBP_REGULATION_OF_LIPID_STORAGE	54	49		
GOBP_REGULATION_OF_LIPID_TRANSPORT	153	126		
GOBP_REGULATION_OF_LIPID_TRANSPORTER_ACTIVITY	6		Rejected!	
GOBP_REGULATION_OF_LIPOPHAGY	5		Rejected!	
GOBP_REGULATION_OF_LIPOPOLYSACCHARIDE_MEDIATED_SIGNALING_PATHWAY	28	26		
GOBP_REGULATION_OF_LIPOPROTEIN_LIPASE_ACTIVITY	14		Rejected!	
GOBP_REGULATION_OF_LIPOPROTEIN_METABOLIC_PROCESS	17		Rejected!	
GOBP_REGULATION_OF_LIPOPROTEIN_PARTICLE_CLEARANCE	36	21		
GOBP_REGULATION_OF_LOCOMOTION	1170		Rejected!	
GOBP_REGULATION_OF_LOCOMOTION_INVOLVED_IN_LOCOMOTORY_BEHAVIOR	6		Rejected!	
GOBP_REGULATION_OF_LONG_CHAIN_FATTY_ACID_IMPORT_ACROSS_PLASMA_MEMBRANE	6		Rejected!	
GOBP_REGULATION_OF_LONG_CHAIN_FATTY_ACID_IMPORT_INTO_CELL	8		Rejected!	
GOBP_REGULATION_OF_LONG_TERM_NEURONAL_SYNAPTIC_PLASTICITY	25	24		
GOBP_REGULATION_OF_LONG_TERM_SYNAPTIC_DEPRESSION	14		Rejected!	
GOBP_REGULATION_OF_LONG_TERM_SYNAPTIC_POTENTIATION	47	44		
GOBP_REGULATION_OF_LOW_DENSITY_LIPOPROTEIN_PARTICLE_CLEARANCE	22	15		
GOBP_REGULATION_OF_LUNG_BLOOD_PRESSURE	5		Rejected!	
GOBP_REGULATION_OF_LUTEINIZING_HORMONE_SECRETION	7		Rejected!	
GOBP_REGULATION_OF_LYASE_ACTIVITY	57	55		
GOBP_REGULATION_OF_LYMPHANGIOGENESIS	7		Rejected!	
GOBP_REGULATION_OF_LYMPHOCYTE_ACTIVATION	511	483		
GOBP_REGULATION_OF_LYMPHOCYTE_APOPTOTIC_PROCESS	59	58		
GOBP_REGULATION_OF_LYMPHOCYTE_CHEMOTAXIS	25	24		
GOBP_REGULATION_OF_LYMPHOCYTE_DIFFERENTIATION	218	208		
GOBP_REGULATION_OF_LYMPHOCYTE_MEDIATED_IMMUNITY	192	182		
GOBP_REGULATION_OF_LYMPHOCYTE_MIGRATION	69	63		
GOBP_REGULATION_OF_LYMPHOID_PROGENITOR_CELL_DIFFERENTIATION	12		Rejected!	
GOBP_REGULATION_OF_LYSOSOMAL_LUMEN_PH	32	31		
GOBP_REGULATION_OF_LYSOSOME_ORGANIZATION	12		Rejected!	
GOBP_REGULATION_OF_LYSOSOME_SIZE	8		Rejected!	
GOBP_REGULATION_OF_L_GLUTAMATE_IMPORT_ACROSS_PLASMA_MEMBRANE	8		Rejected!	
GOBP_REGULATION_OF_MACROAUTOPHAGY	184	172		
GOBP_REGULATION_OF_MACROPHAGE_ACTIVATION	62	55		
GOBP_REGULATION_OF_MACROPHAGE_APOPTOTIC_PROCESS	11		Rejected!	
GOBP_REGULATION_OF_MACROPHAGE_CHEMOTAXIS	28	28		
GOBP_REGULATION_OF_MACROPHAGE_DERIVED_FOAM_CELL_DIFFERENTIATION	33	31		
GOBP_REGULATION_OF_MACROPHAGE_DIFFERENTIATION	26	23		
GOBP_REGULATION_OF_MACROPHAGE_FUSION	5		Rejected!	
GOBP_REGULATION_OF_MACROPHAGE_MIGRATION	45	42		
GOBP_REGULATION_OF_MACROPHAGE_PROLIFERATION	7		Rejected!	
GOBP_REGULATION_OF_MAINTENANCE_OF_SISTER_CHROMATID_COHESION	9		Rejected!	
GOBP_REGULATION_OF_MALE_GONAD_DEVELOPMENT	9		Rejected!	
GOBP_REGULATION_OF_MAMMARY_GLAND_EPITHELIAL_CELL_PROLIFERATION	15	15		
GOBP_REGULATION_OF_MAP_KINASE_ACTIVITY	133	126		
GOBP_REGULATION_OF_MAST_CELL_ACTIVATION	19	18		
GOBP_REGULATION_OF_MAST_CELL_ACTIVATION_INVOLVED_IN_IMMUNE_RESPONSE	5		Rejected!	
GOBP_REGULATION_OF_MAST_CELL_CHEMOTAXIS	8		Rejected!	
GOBP_REGULATION_OF_MAST_CELL_DEGRANULATION	28	27		
GOBP_REGULATION_OF_MATRIX_METALLOPEPTIDASE_SECRETION	11		Rejected!	
GOBP_REGULATION_OF_MDA_5_SIGNALING_PATHWAY	7		Rejected!	
GOBP_REGULATION_OF_MEGAKARYOCYTE_DIFFERENTIATION	38	22		
GOBP_REGULATION_OF_MEIOSIS_I	6		Rejected!	
GOBP_REGULATION_OF_MEIOTIC_CELL_CYCLE	68	62		
GOBP_REGULATION_OF_MEIOTIC_CELL_CYCLE_PHASE_TRANSITION	12		Rejected!	
GOBP_REGULATION_OF_MEIOTIC_NUCLEAR_DIVISION	35	30		
GOBP_REGULATION_OF_MELANOCYTE_DIFFERENTIATION	6		Rejected!	
GOBP_REGULATION_OF_MEMBRANE_DEPOLARIZATION	48	45		
GOBP_REGULATION_OF_MEMBRANE_DEPOLARIZATION_DURING_ACTION_POTENTIAL	6		Rejected!	
GOBP_REGULATION_OF_MEMBRANE_DEPOLARIZATION_DURING_CARDIAC_MUSCLE_CELL_ACTION_POTENTIAL	5		Rejected!	
GOBP_REGULATION_OF_MEMBRANE_INVAGINATION	15	15		
GOBP_REGULATION_OF_MEMBRANE_LIPID_DISTRIBUTION	61	59		
GOBP_REGULATION_OF_MEMBRANE_LIPID_METABOLIC_PROCESS	20	16		
GOBP_REGULATION_OF_MEMBRANE_PERMEABILITY	72	62		
GOBP_REGULATION_OF_MEMBRANE_POTENTIAL	464	436		
GOBP_REGULATION_OF_MEMBRANE_PROTEIN_ECTODOMAIN_PROTEOLYSIS	27	27		
GOBP_REGULATION_OF_MEMBRANE_REPOLARIZATION	40	35		
GOBP_REGULATION_OF_MEMBRANE_REPOLARIZATION_DURING_ACTION_POTENTIAL	11		Rejected!	
GOBP_REGULATION_OF_MEMBRANE_REPOLARIZATION_DURING_CARDIAC_MUSCLE_CELL_ACTION_POTENTIAL	8		Rejected!	
GOBP_REGULATION_OF_MEMBRANE_REPOLARIZATION_DURING_VENTRICULAR_CARDIAC_MUSCLE_CELL_ACTION_POTENTIAL	6		Rejected!	
GOBP_REGULATION_OF_MEMBRANE_TUBULATION	5		Rejected!	
GOBP_REGULATION_OF_MESENCHYMAL_CELL_PROLIFERATION	33	31		
GOBP_REGULATION_OF_MESENCHYMAL_STEM_CELL_DIFFERENTIATION	10		Rejected!	
GOBP_REGULATION_OF_MESENCHYMAL_TO_EPITHELIAL_TRANSITION_INVOLVED_IN_METANEPHROS_MORPHOGENESIS	7		Rejected!	
GOBP_REGULATION_OF_MESODERMAL_CELL_DIFFERENTIATION	10		Rejected!	
GOBP_REGULATION_OF_MESODERMAL_CELL_FATE_SPECIFICATION	6		Rejected!	
GOBP_REGULATION_OF_MESODERM_DEVELOPMENT	7		Rejected!	
GOBP_REGULATION_OF_MESONEPHROS_DEVELOPMENT	5		Rejected!	
GOBP_REGULATION_OF_METALLOENDOPEPTIDASE_ACTIVITY	11		Rejected!	
GOBP_REGULATION_OF_METALLOPEPTIDASE_ACTIVITY	19		Rejected!	
GOBP_REGULATION_OF_METANEPHROS_DEVELOPMENT	6		Rejected!	
GOBP_REGULATION_OF_METAPHASE_PLATE_CONGRESSION	14		Rejected!	
GOBP_REGULATION_OF_MICROGLIAL_CELL_ACTIVATION	20	17		
GOBP_REGULATION_OF_MICROTUBULE_BASED_MOVEMENT	58	49		
GOBP_REGULATION_OF_MICROTUBULE_BASED_PROCESS	259	237		
GOBP_REGULATION_OF_MICROTUBULE_BINDING	7		Rejected!	
GOBP_REGULATION_OF_MICROTUBULE_CYTOSKELETON_ORGANIZATION	161	152		
GOBP_REGULATION_OF_MICROTUBULE_DEPOLYMERIZATION	31	29		
GOBP_REGULATION_OF_MICROTUBULE_NUCLEATION	19	17		
GOBP_REGULATION_OF_MICROTUBULE_POLYMERIZATION	61	57		
GOBP_REGULATION_OF_MICROTUBULE_POLYMERIZATION_OR_DEPOLYMERIZATION	96	89		
GOBP_REGULATION_OF_MICROVILLUS_ASSEMBLY	6		Rejected!	
GOBP_REGULATION_OF_MICROVILLUS_LENGTH	7		Rejected!	
GOBP_REGULATION_OF_MICROVILLUS_ORGANIZATION	13		Rejected!	
GOBP_REGULATION_OF_MIRNA_CATABOLIC_PROCESS	9		Rejected!	
GOBP_REGULATION_OF_MIRNA_METABOLIC_PROCESS	90	84		
GOBP_REGULATION_OF_MIRNA_TRANSCRIPTION	76	73		
GOBP_REGULATION_OF_MITOCHONDRIAL_ATP_SYNTHESIS_COUPLED_ELECTRON_TRANSPORT	7		Rejected!	
GOBP_REGULATION_OF_MITOCHONDRIAL_DEPOLARIZATION	20	20		
GOBP_REGULATION_OF_MITOCHONDRIAL_DNA_METABOLIC_PROCESS	6		Rejected!	
GOBP_REGULATION_OF_MITOCHONDRIAL_ELECTRON_TRANSPORT_NADH_TO_UBIQUINONE	6		Rejected!	
GOBP_REGULATION_OF_MITOCHONDRIAL_FISSION	30	27		
GOBP_REGULATION_OF_MITOCHONDRIAL_FUSION	14		Rejected!	
GOBP_REGULATION_OF_MITOCHONDRIAL_GENE_EXPRESSION	33	30		
GOBP_REGULATION_OF_MITOCHONDRIAL_MEMBRANE_PERMEABILITY	57	49		
GOBP_REGULATION_OF_MITOCHONDRIAL_MEMBRANE_PERMEABILITY_INVOLVED_IN_APOPTOTIC_PROCESS	45	37		
GOBP_REGULATION_OF_MITOCHONDRIAL_MEMBRANE_POTENTIAL	73	66		
GOBP_REGULATION_OF_MITOCHONDRIAL_MRNA_STABILITY	7		Rejected!	
GOBP_REGULATION_OF_MITOCHONDRIAL_OUTER_MEMBRANE_PERMEABILIZATION_INVOLVED_IN_APOPTOTIC_SIGNALING_PATHWAY	22	19		
GOBP_REGULATION_OF_MITOCHONDRIAL_RNA_CATABOLIC_PROCESS	5		Rejected!	
GOBP_REGULATION_OF_MITOCHONDRIAL_TRANSCRIPTION	8		Rejected!	
GOBP_REGULATION_OF_MITOCHONDRIAL_TRANSLATION	25	24		
GOBP_REGULATION_OF_MITOCHONDRION_ORGANIZATION	149	138		
GOBP_REGULATION_OF_MITOPHAGY	37	32		
GOBP_REGULATION_OF_MITOTIC_CELL_CYCLE	531	478		
GOBP_REGULATION_OF_MITOTIC_CELL_CYCLE_PHASE_TRANSITION	361	318		
GOBP_REGULATION_OF_MITOTIC_CENTROSOME_SEPARATION	9		Rejected!	
GOBP_REGULATION_OF_MITOTIC_CYTOKINESIS	16	15		
GOBP_REGULATION_OF_MITOTIC_NUCLEAR_DIVISION	119	116		
GOBP_REGULATION_OF_MITOTIC_RECOMBINATION	7		Rejected!	
GOBP_REGULATION_OF_MITOTIC_SISTER_CHROMATID_SEGREGATION	55	54		
GOBP_REGULATION_OF_MITOTIC_SPINDLE_ASSEMBLY	23	22		
GOBP_REGULATION_OF_MODIFICATION_OF_POSTSYNAPTIC_ACTIN_CYTOSKELETON	5		Rejected!	
GOBP_REGULATION_OF_MODIFICATION_OF_POSTSYNAPTIC_STRUCTURE	10		Rejected!	
GOBP_REGULATION_OF_MODIFICATION_OF_SYNAPTIC_STRUCTURE	14		Rejected!	
GOBP_REGULATION_OF_MOLECULAR_FUNCTION	1984		Rejected!	
GOBP_REGULATION_OF_MONOATOMIC_ANION_TRANSMEMBRANE_TRANSPORT	6		Rejected!	
GOBP_REGULATION_OF_MONOATOMIC_ANION_TRANSPORT	15	15		
GOBP_REGULATION_OF_MONOATOMIC_ION_TRANSMEMBRANE_TRANSPORT	349	314		
GOBP_REGULATION_OF_MONOATOMIC_ION_TRANSPORT	467	427		
GOBP_REGULATION_OF_MONOCYTE_CHEMOTAXIS	28	26		
GOBP_REGULATION_OF_MONOCYTE_DIFFERENTIATION	20	19		
GOBP_REGULATION_OF_MONOCYTE_EXTRAVASATION	7		Rejected!	
GOBP_REGULATION_OF_MONONUCLEAR_CELL_MIGRATION	143	131		
GOBP_REGULATION_OF_MONOOXYGENASE_ACTIVITY	40	34		
GOBP_REGULATION_OF_MORPHOGENESIS_OF_AN_EPITHELIUM	66	65		
GOBP_REGULATION_OF_MORPHOGENESIS_OF_A_BRANCHING_STRUCTURE	53	52		
GOBP_REGULATION_OF_MOTOR_NEURON_APOPTOTIC_PROCESS	15	15		
GOBP_REGULATION_OF_MRNA_3_END_PROCESSING	9		Rejected!	
GOBP_REGULATION_OF_MRNA_CATABOLIC_PROCESS	289	175		
GOBP_REGULATION_OF_MRNA_CIS_SPLICING_VIA_SPLICEOSOME	5		Rejected!	
GOBP_REGULATION_OF_MRNA_EXPORT_FROM_NUCLEUS	10		Rejected!	
GOBP_REGULATION_OF_MRNA_METABOLIC_PROCESS	403	284		
GOBP_REGULATION_OF_MRNA_PROCESSING	133	128		
GOBP_REGULATION_OF_MRNA_SPLICING_VIA_SPLICEOSOME	111	107		
GOBP_REGULATION_OF_MUCUS_SECRETION	9		Rejected!	
GOBP_REGULATION_OF_MULTICELLULAR_ORGANISMAL_DEVELOPMENT	1492		Rejected!	
GOBP_REGULATION_OF_MULTICELLULAR_ORGANISM_GROWTH	64	64		
GOBP_REGULATION_OF_MUSCLE_ADAPTATION	96	75		
GOBP_REGULATION_OF_MUSCLE_CELL_DIFFERENTIATION	166	135		
GOBP_REGULATION_OF_MUSCLE_CONTRACTION	172	158		
GOBP_REGULATION_OF_MUSCLE_HYPERTROPHY	72	55		
GOBP_REGULATION_OF_MUSCLE_ORGAN_DEVELOPMENT	24	22		
GOBP_REGULATION_OF_MUSCLE_SYSTEM_PROCESS	252	222		
GOBP_REGULATION_OF_MUSCLE_TISSUE_DEVELOPMENT	45	43		
GOBP_REGULATION_OF_MYELINATION	46	43		
GOBP_REGULATION_OF_MYELOID_CELL_APOPTOTIC_PROCESS	32	30		
GOBP_REGULATION_OF_MYELOID_CELL_DIFFERENTIATION	217	188		
GOBP_REGULATION_OF_MYELOID_DENDRITIC_CELL_ACTIVATION	5		Rejected!	
GOBP_REGULATION_OF_MYELOID_LEUKOCYTE_DIFFERENTIATION	127	118		
GOBP_REGULATION_OF_MYELOID_LEUKOCYTE_MEDIATED_IMMUNITY	57	55		
GOBP_REGULATION_OF_MYOBLAST_DIFFERENTIATION	74	71		
GOBP_REGULATION_OF_MYOBLAST_FUSION	20	19		
GOBP_REGULATION_OF_MYOBLAST_PROLIFERATION	25	17		
GOBP_REGULATION_OF_MYOFIBROBLAST_DIFFERENTIATION	10		Rejected!	
GOBP_REGULATION_OF_MYOSIN_LIGHT_CHAIN_PHOSPHATASE_ACTIVITY	7		Rejected!	
GOBP_REGULATION_OF_MYOTUBE_DIFFERENTIATION	49	42		
GOBP_REGULATION_OF_NADP_METABOLIC_PROCESS	8		Rejected!	
GOBP_REGULATION_OF_NAD_P_H_OXIDASE_ACTIVITY	5		Rejected!	
GOBP_REGULATION_OF_NATURAL_KILLER_CELL_ACTIVATION	40	39		
GOBP_REGULATION_OF_NATURAL_KILLER_CELL_CHEMOTAXIS	8		Rejected!	
GOBP_REGULATION_OF_NATURAL_KILLER_CELL_DIFFERENTIATION	13		Rejected!	
GOBP_REGULATION_OF_NATURAL_KILLER_CELL_MEDIATED_IMMUNE_RESPONSE_TO_TUMOR_CELL	10		Rejected!	
GOBP_REGULATION_OF_NATURAL_KILLER_CELL_MEDIATED_IMMUNITY	54	53		
GOBP_REGULATION_OF_NATURAL_KILLER_CELL_PROLIFERATION	12		Rejected!	
GOBP_REGULATION_OF_NERVOUS_SYSTEM_DEVELOPMENT	459	438		
GOBP_REGULATION_OF_NERVOUS_SYSTEM_PROCESS	120	107		
GOBP_REGULATION_OF_NEURAL_PRECURSOR_CELL_PROLIFERATION	103	99		
GOBP_REGULATION_OF_NEUROBLAST_PROLIFERATION	54	50		
GOBP_REGULATION_OF_NEUROGENESIS	380	362		
GOBP_REGULATION_OF_NEUROINFLAMMATORY_RESPONSE	41	33		
GOBP_REGULATION_OF_NEUROMUSCULAR_JUNCTION_DEVELOPMENT	8		Rejected!	
GOBP_REGULATION_OF_NEURONAL_ACTION_POTENTIAL	5		Rejected!	
GOBP_REGULATION_OF_NEURONAL_SYNAPTIC_PLASTICITY	58	53		
GOBP_REGULATION_OF_NEURON_APOPTOTIC_PROCESS	244	230		
GOBP_REGULATION_OF_NEURON_DIFFERENTIATION	192	186		
GOBP_REGULATION_OF_NEURON_MATURATION	8		Rejected!	
GOBP_REGULATION_OF_NEURON_MIGRATION	48	43		
GOBP_REGULATION_OF_NEURON_PROJECTION_ARBORIZATION	15	15		
GOBP_REGULATION_OF_NEURON_PROJECTION_DEVELOPMENT	445	415		
GOBP_REGULATION_OF_NEURON_PROJECTION_REGENERATION	34	31		
GOBP_REGULATION_OF_NEUROTRANSMITTER_RECEPTOR_ACTIVITY	41	35		
GOBP_REGULATION_OF_NEUROTRANSMITTER_RECEPTOR_LOCALIZATION_TO_POSTSYNAPTIC_SPECIALIZATION_MEMBRANE	11		Rejected!	
GOBP_REGULATION_OF_NEUROTRANSMITTER_SECRETION	84	79		
GOBP_REGULATION_OF_NEUROTRANSMITTER_TRANSPORT	101	96		
GOBP_REGULATION_OF_NEUROTRANSMITTER_UPTAKE	19	18		
GOBP_REGULATION_OF_NEUROTROPHIN_TRK_RECEPTOR_SIGNALING_PATHWAY	11		Rejected!	
GOBP_REGULATION_OF_NEUTROPHIL_ACTIVATION	7		Rejected!	
GOBP_REGULATION_OF_NEUTROPHIL_CHEMOTAXIS	34	32		
GOBP_REGULATION_OF_NEUTROPHIL_DEGRANULATION	8		Rejected!	
GOBP_REGULATION_OF_NEUTROPHIL_EXTRAVASATION	8		Rejected!	
GOBP_REGULATION_OF_NEUTROPHIL_MEDIATED_CYTOTOXICITY	5		Rejected!	
GOBP_REGULATION_OF_NEUTROPHIL_MIGRATION	46	43		
GOBP_REGULATION_OF_NITRIC_OXIDE_MEDIATED_SIGNAL_TRANSDUCTION	9		Rejected!	
GOBP_REGULATION_OF_NITRIC_OXIDE_METABOLIC_PROCESS	65	55		
GOBP_REGULATION_OF_NITRIC_OXIDE_SYNTHASE_ACTIVITY	25	21		
GOBP_REGULATION_OF_NK_T_CELL_ACTIVATION	11		Rejected!	
GOBP_REGULATION_OF_NK_T_CELL_DIFFERENTIATION	6		Rejected!	
GOBP_REGULATION_OF_NK_T_CELL_PROLIFERATION	7		Rejected!	
GOBP_REGULATION_OF_NMDA_RECEPTOR_ACTIVITY	14		Rejected!	
GOBP_REGULATION_OF_NODAL_SIGNALING_PATHWAY	7		Rejected!	
GOBP_REGULATION_OF_NON_CANONICAL_NF_KAPPAB_SIGNAL_TRANSDUCTION	109	92		
GOBP_REGULATION_OF_NON_CANONICAL_WNT_SIGNALING_PATHWAY	27	26		
GOBP_REGULATION_OF_NON_MOTILE_CILIUM_ASSEMBLY	11		Rejected!	
GOBP_REGULATION_OF_NOTCH_SIGNALING_PATHWAY	100	88		
GOBP_REGULATION_OF_NUCLEAR_CELL_CYCLE_DNA_REPLICATION	14		Rejected!	
GOBP_REGULATION_OF_NUCLEAR_DIVISION	147	139		
GOBP_REGULATION_OF_NUCLEAR_TRANSCRIBED_MRNA_CATABOLIC_PROCESS_DEADENYLATION_DEPENDENT_DECAY	23	21		
GOBP_REGULATION_OF_NUCLEAR_TRANSCRIBED_MRNA_CATABOLIC_PROCESS_NONSENSE_MEDIATED_DECAY	13		Rejected!	
GOBP_REGULATION_OF_NUCLEAR_TRANSCRIBED_MRNA_POLY_A_TAIL_SHORTENING	15		Rejected!	
GOBP_REGULATION_OF_NUCLEASE_ACTIVITY	21	21		
GOBP_REGULATION_OF_NUCLEOBASE_CONTAINING_COMPOUND_TRANSPORT	19	16		
GOBP_REGULATION_OF_NUCLEOCYTOPLASMIC_TRANSPORT	113	109		
GOBP_REGULATION_OF_NUCLEOTIDE_BINDING_DOMAIN_LEUCINE_RICH_REPEAT_CONTAINING_RECEPTOR_SIGNALING_PATHWAY	15	15		
GOBP_REGULATION_OF_NUCLEOTIDE_BINDING_OLIGOMERIZATION_DOMAIN_CONTAINING_2_SIGNALING_PATHWAY	10		Rejected!	
GOBP_REGULATION_OF_NUCLEOTIDE_BIOSYNTHETIC_PROCESS	29	24		
GOBP_REGULATION_OF_NUCLEOTIDE_CATABOLIC_PROCESS	52	50		
GOBP_REGULATION_OF_NUCLEOTIDE_EXCISION_REPAIR	28	26		
GOBP_REGULATION_OF_NUCLEOTIDE_METABOLIC_PROCESS	92	83		
GOBP_REGULATION_OF_ODONTOBLAST_DIFFERENTIATION	10		Rejected!	
GOBP_REGULATION_OF_ODONTOGENESIS	19	19		
GOBP_REGULATION_OF_ODONTOGENESIS_OF_DENTIN_CONTAINING_TOOTH	12		Rejected!	
GOBP_REGULATION_OF_OLIGODENDROCYTE_DIFFERENTIATION	46	44		
GOBP_REGULATION_OF_OOCYTE_MATURATION	7		Rejected!	
GOBP_REGULATION_OF_OPSIN_MEDIATED_SIGNALING_PATHWAY	10		Rejected!	
GOBP_REGULATION_OF_OPSONIZATION	11		Rejected!	
GOBP_REGULATION_OF_ORGANELLE_ASSEMBLY	251	229		
GOBP_REGULATION_OF_ORGANELLE_ORGANIZATION	1216		Rejected!	
GOBP_REGULATION_OF_ORGANELLE_TRANSPORT_ALONG_MICROTUBULE	10		Rejected!	
GOBP_REGULATION_OF_ORGANIC_ACID_TRANSPORT	78	73		
GOBP_REGULATION_OF_ORGAN_GROWTH	102	86		
GOBP_REGULATION_OF_OSSIFICATION	123	116		
GOBP_REGULATION_OF_OSTEOBLAST_DIFFERENTIATION	156	120		
GOBP_REGULATION_OF_OSTEOBLAST_PROLIFERATION	31	26		
GOBP_REGULATION_OF_OSTEOCLAST_DEVELOPMENT	11		Rejected!	
GOBP_REGULATION_OF_OSTEOCLAST_DIFFERENTIATION	71	66		
GOBP_REGULATION_OF_OSTEOCLAST_PROLIFERATION	6		Rejected!	
GOBP_REGULATION_OF_OVARIAN_FOLLICLE_DEVELOPMENT	6		Rejected!	
GOBP_REGULATION_OF_OXIDATIVE_PHOSPHORYLATION	24	20		
GOBP_REGULATION_OF_OXIDATIVE_STRESS_INDUCED_INTRINSIC_APOPTOTIC_SIGNALING_PATHWAY	47	40		
GOBP_REGULATION_OF_OXIDOREDUCTASE_ACTIVITY	66	58		
GOBP_REGULATION_OF_P38MAPK_CASCADE	47	41		
GOBP_REGULATION_OF_PANCREATIC_JUICE_SECRETION	8		Rejected!	
GOBP_REGULATION_OF_PATTERN_RECOGNITION_RECEPTOR_SIGNALING_PATHWAY	177	157		
GOBP_REGULATION_OF_PENTOSE_PHOSPHATE_SHUNT	6		Rejected!	
GOBP_REGULATION_OF_PEPTIDASE_ACTIVITY	300	280		
GOBP_REGULATION_OF_PEPTIDE_TRANSPORT	201	190		
GOBP_REGULATION_OF_PEPTIDYL_CYSTEINE_S_NITROSYLATION	11		Rejected!	
GOBP_REGULATION_OF_PEPTIDYL_LYSINE_ACETYLATION	10		Rejected!	
GOBP_REGULATION_OF_PEPTIDYL_SERINE_DEPHOSPHORYLATION	7		Rejected!	
GOBP_REGULATION_OF_PEPTIDYL_SERINE_PHOSPHORYLATION	121	114		
GOBP_REGULATION_OF_PEPTIDYL_THREONINE_PHOSPHORYLATION	44	40		
GOBP_REGULATION_OF_PEPTIDYL_TYROSINE_PHOSPHORYLATION	217	208		
GOBP_REGULATION_OF_PERK_MEDIATED_UNFOLDED_PROTEIN_RESPONSE	12		Rejected!	
GOBP_REGULATION_OF_PEROXISOME_PROLIFERATOR_ACTIVATED_RECEPTOR_SIGNALING_PATHWAY	15		Rejected!	
GOBP_REGULATION_OF_PH	104	102		
GOBP_REGULATION_OF_PHAGOCYTOSIS	102	95		
GOBP_REGULATION_OF_PHENOTYPIC_SWITCHING	6		Rejected!	
GOBP_REGULATION_OF_PHOSPHATASE_ACTIVITY	55	50		
GOBP_REGULATION_OF_PHOSPHATE_TRANSPORT	7		Rejected!	
GOBP_REGULATION_OF_PHOSPHATIDYLCHOLINE_BIOSYNTHETIC_PROCESS	5		Rejected!	
GOBP_REGULATION_OF_PHOSPHATIDYLCHOLINE_METABOLIC_PROCESS	10		Rejected!	
GOBP_REGULATION_OF_PHOSPHATIDYLINOSITOL_BIOSYNTHETIC_PROCESS	5		Rejected!	
GOBP_REGULATION_OF_PHOSPHATIDYLINOSITOL_DEPHOSPHORYLATION	6		Rejected!	
GOBP_REGULATION_OF_PHOSPHOLIPASE_A2_ACTIVITY	9		Rejected!	
GOBP_REGULATION_OF_PHOSPHOLIPASE_ACTIVITY	51	48		
GOBP_REGULATION_OF_PHOSPHOLIPASE_C_ACTIVATING_G_PROTEIN_COUPLED_RECEPTOR_SIGNALING_PATHWAY	6		Rejected!	
GOBP_REGULATION_OF_PHOSPHOLIPASE_C_ACTIVITY	35	34		
GOBP_REGULATION_OF_PHOSPHOLIPID_BIOSYNTHETIC_PROCESS	16	15		
GOBP_REGULATION_OF_PHOSPHOLIPID_CATABOLIC_PROCESS	7		Rejected!	
GOBP_REGULATION_OF_PHOSPHOLIPID_METABOLIC_PROCESS	34	32		
GOBP_REGULATION_OF_PHOSPHOLIPID_TRANSLOCATION	6		Rejected!	
GOBP_REGULATION_OF_PHOSPHOLIPID_TRANSPORT	15	15		
GOBP_REGULATION_OF_PHOSPHOPROTEIN_PHOSPHATASE_ACTIVITY	43	39		
GOBP_REGULATION_OF_PHOSPHORUS_METABOLIC_PROCESS	1149		Rejected!	
GOBP_REGULATION_OF_PHOSPHORYLATION	987		Rejected!	
GOBP_REGULATION_OF_PIGMENTATION	17	16		
GOBP_REGULATION_OF_PIGMENT_CELL_DIFFERENTIATION	8		Rejected!	
GOBP_REGULATION_OF_PINOCYTOSIS	12		Rejected!	
GOBP_REGULATION_OF_PLASMA_CELL_DIFFERENTIATION	6		Rejected!	
GOBP_REGULATION_OF_PLASMA_LIPOPROTEIN_PARTICLE_LEVELS	92	76		
GOBP_REGULATION_OF_PLASMA_MEMBRANE_ORGANIZATION	17	17		
GOBP_REGULATION_OF_PLASMA_MEMBRANE_REPAIR	7		Rejected!	
GOBP_REGULATION_OF_PLASMINOGEN_ACTIVATION	18	18		
GOBP_REGULATION_OF_PLATELET_ACTIVATION	53	52		
GOBP_REGULATION_OF_PLATELET_AGGREGATION	29	29		
GOBP_REGULATION_OF_PLATELET_DERIVED_GROWTH_FACTOR_RECEPTOR_ALPHA_SIGNALING_PATHWAY	5		Rejected!	
GOBP_REGULATION_OF_PLATELET_DERIVED_GROWTH_FACTOR_RECEPTOR_BETA_SIGNALING_PATHWAY	8		Rejected!	
GOBP_REGULATION_OF_PLATELET_DERIVED_GROWTH_FACTOR_RECEPTOR_SIGNALING_PATHWAY	24	22		
GOBP_REGULATION_OF_PODOSOME_ASSEMBLY	14		Rejected!	
GOBP_REGULATION_OF_POLYAMINE_TRANSMEMBRANE_TRANSPORT	5		Rejected!	
GOBP_REGULATION_OF_POLYSACCHARIDE_BIOSYNTHETIC_PROCESS	38	32		
GOBP_REGULATION_OF_POLYSACCHARIDE_METABOLIC_PROCESS	46	39		
GOBP_REGULATION_OF_POSITIVE_CHEMOTAXIS	26	25		
GOBP_REGULATION_OF_POSTSYNAPSE_ASSEMBLY	6		Rejected!	
GOBP_REGULATION_OF_POSTSYNAPSE_ORGANIZATION	107	100		
GOBP_REGULATION_OF_POSTSYNAPTIC_CYTOSOLIC_CALCIUM_ION_CONCENTRATION	10		Rejected!	
GOBP_REGULATION_OF_POSTSYNAPTIC_DENSITY_ASSEMBLY	13		Rejected!	
GOBP_REGULATION_OF_POSTSYNAPTIC_DENSITY_ORGANIZATION	17	16		
GOBP_REGULATION_OF_POSTSYNAPTIC_MEMBRANE_NEUROTRANSMITTER_RECEPTOR_LEVELS	92	91		
GOBP_REGULATION_OF_POSTSYNAPTIC_MEMBRANE_POTENTIAL	148	139		
GOBP_REGULATION_OF_POSTSYNAPTIC_NEUROTRANSMITTER_RECEPTOR_ACTIVITY	5		Rejected!	
GOBP_REGULATION_OF_POSTSYNAPTIC_NEUROTRANSMITTER_RECEPTOR_INTERNALIZATION	19	19		
GOBP_REGULATION_OF_POSTSYNAPTIC_SPECIALIZATION_ASSEMBLY	16	15		
GOBP_REGULATION_OF_POST_TRANSLATIONAL_PROTEIN_MODIFICATION	245	230		
GOBP_REGULATION_OF_POTASSIUM_ION_EXPORT_ACROSS_PLASMA_MEMBRANE	9		Rejected!	
GOBP_REGULATION_OF_POTASSIUM_ION_IMPORT	5		Rejected!	
GOBP_REGULATION_OF_POTASSIUM_ION_TRANSMEMBRANE_TRANSPORTER_ACTIVITY	54	47		
GOBP_REGULATION_OF_POTASSIUM_ION_TRANSPORT	100	91		
GOBP_REGULATION_OF_PRESYNAPSE_ORGANIZATION	35	34		
GOBP_REGULATION_OF_PRESYNAPTIC_CYTOSOLIC_CALCIUM_ION_CONCENTRATION	15	15		
GOBP_REGULATION_OF_PRESYNAPTIC_MEMBRANE_POTENTIAL	29	29		
GOBP_REGULATION_OF_PRE_MIRNA_PROCESSING	6		Rejected!	
GOBP_REGULATION_OF_PRIMARY_MIRNA_PROCESSING	6		Rejected!	
GOBP_REGULATION_OF_PRODUCTION_OF_MOLECULAR_MEDIATOR_OF_IMMUNE_RESPONSE	192	182		
GOBP_REGULATION_OF_PROGRAMMED_CELL_DEATH	1566		Rejected!	
GOBP_REGULATION_OF_PROGRAMMED_NECROTIC_CELL_DEATH	41	30		
GOBP_REGULATION_OF_PROSTAGLANDIN_SECRETION	14		Rejected!	
GOBP_REGULATION_OF_PROSTATIC_BUD_FORMATION	6		Rejected!	
GOBP_REGULATION_OF_PROTEASOMAL_PROTEIN_CATABOLIC_PROCESS	191	176		
GOBP_REGULATION_OF_PROTEASOMAL_UBIQUITIN_DEPENDENT_PROTEIN_CATABOLIC_PROCESS	128	119		
GOBP_REGULATION_OF_PROTEIN_ACETYLATION	24	20		
GOBP_REGULATION_OF_PROTEIN_ADP_RIBOSYLATION	9		Rejected!	
GOBP_REGULATION_OF_PROTEIN_AUTOPHOSPHORYLATION	37	36		
GOBP_REGULATION_OF_PROTEIN_AUTOUBIQUITINATION	6		Rejected!	
GOBP_REGULATION_OF_PROTEIN_BINDING	124	116		
GOBP_REGULATION_OF_PROTEIN_CATABOLIC_PROCESS	362	339		
GOBP_REGULATION_OF_PROTEIN_CATABOLIC_PROCESS_IN_THE_VACUOLE	14		Rejected!	
GOBP_REGULATION_OF_PROTEIN_COMPLEX_STABILITY	14		Rejected!	
GOBP_REGULATION_OF_PROTEIN_CONTAINING_COMPLEX_ASSEMBLY	423	390		
GOBP_REGULATION_OF_PROTEIN_CONTAINING_COMPLEX_DISASSEMBLY	124	117		
GOBP_REGULATION_OF_PROTEIN_DEACETYLATION	29	29		
GOBP_REGULATION_OF_PROTEIN_DEPHOSPHORYLATION	75	67		
GOBP_REGULATION_OF_PROTEIN_DEPOLYMERIZATION	87	83		
GOBP_REGULATION_OF_PROTEIN_DEUBIQUITINATION	10		Rejected!	
GOBP_REGULATION_OF_PROTEIN_EXIT_FROM_ENDOPLASMIC_RETICULUM	26	24		
GOBP_REGULATION_OF_PROTEIN_EXPORT_FROM_NUCLEUS	35	35		
GOBP_REGULATION_OF_PROTEIN_FOLDING	9		Rejected!	
GOBP_REGULATION_OF_PROTEIN_GLYCOSYLATION	11		Rejected!	
GOBP_REGULATION_OF_PROTEIN_IMPORT_INTO_NUCLEUS	58	58		
GOBP_REGULATION_OF_PROTEIN_K48_LINKED_UBIQUITINATION	6		Rejected!	
GOBP_REGULATION_OF_PROTEIN_K63_LINKED_UBIQUITINATION	14		Rejected!	
GOBP_REGULATION_OF_PROTEIN_KINASE_A_SIGNALING	20	18		
GOBP_REGULATION_OF_PROTEIN_KINASE_C_ACTIVITY	5		Rejected!	
GOBP_REGULATION_OF_PROTEIN_KINASE_C_SIGNALING	18	17		
GOBP_REGULATION_OF_PROTEIN_LIPIDATION	11		Rejected!	
GOBP_REGULATION_OF_PROTEIN_LOCALIZATION_TO_CELL_CORTEX	9		Rejected!	
GOBP_REGULATION_OF_PROTEIN_LOCALIZATION_TO_CELL_PERIPHERY	138	136		
GOBP_REGULATION_OF_PROTEIN_LOCALIZATION_TO_CELL_SURFACE	42	40		
GOBP_REGULATION_OF_PROTEIN_LOCALIZATION_TO_CENTROSOME	12		Rejected!	
GOBP_REGULATION_OF_PROTEIN_LOCALIZATION_TO_CHROMATIN	10		Rejected!	
GOBP_REGULATION_OF_PROTEIN_LOCALIZATION_TO_CHROMOSOME_TELOMERIC_REGION	14		Rejected!	
GOBP_REGULATION_OF_PROTEIN_LOCALIZATION_TO_CILIUM	11		Rejected!	
GOBP_REGULATION_OF_PROTEIN_LOCALIZATION_TO_ENDOSOME	13		Rejected!	
GOBP_REGULATION_OF_PROTEIN_LOCALIZATION_TO_LYSOSOME	5		Rejected!	
GOBP_REGULATION_OF_PROTEIN_LOCALIZATION_TO_MEMBRANE	183	178		
GOBP_REGULATION_OF_PROTEIN_LOCALIZATION_TO_NUCLEOLUS	9		Rejected!	
GOBP_REGULATION_OF_PROTEIN_LOCALIZATION_TO_NUCLEUS	142	138		
GOBP_REGULATION_OF_PROTEIN_LOCALIZATION_TO_PLASMA_MEMBRANE	109	107		
GOBP_REGULATION_OF_PROTEIN_LOCALIZATION_TO_SYNAPSE	22	21		
GOBP_REGULATION_OF_PROTEIN_MATURATION	69	67		
GOBP_REGULATION_OF_PROTEIN_MODIFICATION_PROCESS	1231		Rejected!	
GOBP_REGULATION_OF_PROTEIN_MONOUBIQUITINATION	6		Rejected!	
GOBP_REGULATION_OF_PROTEIN_NEDDYLATION	19	19		
GOBP_REGULATION_OF_PROTEIN_OLIGOMERIZATION	5		Rejected!	
GOBP_REGULATION_OF_PROTEIN_POLYMERIZATION	203	189		
GOBP_REGULATION_OF_PROTEIN_POLYUBIQUITINATION	28	24		
GOBP_REGULATION_OF_PROTEIN_SECRETION	266	246		
GOBP_REGULATION_OF_PROTEIN_SERINE_THREONINE_KINASE_ACTIVITY	264	242		
GOBP_REGULATION_OF_PROTEIN_STABILITY	332	298		
GOBP_REGULATION_OF_PROTEIN_SUMOYLATION	24	24		
GOBP_REGULATION_OF_PROTEIN_TARGETING	79	75		
GOBP_REGULATION_OF_PROTEIN_TARGETING_TO_MEMBRANE	34	34		
GOBP_REGULATION_OF_PROTEIN_TRANSPORT	436	407		
GOBP_REGULATION_OF_PROTEIN_TYROSINE_KINASE_ACTIVITY	45	43		
GOBP_REGULATION_OF_PROTEIN_UBIQUITINATION	196	182		
GOBP_REGULATION_OF_PROTEOLYSIS	598		Rejected!	
GOBP_REGULATION_OF_PROTEOLYSIS_INVOLVED_IN_PROTEIN_CATABOLIC_PROCESS	229	213		
GOBP_REGULATION_OF_PROTON_TRANSPORT	17		Rejected!	
GOBP_REGULATION_OF_PRO_B_CELL_DIFFERENTIATION	8		Rejected!	
GOBP_REGULATION_OF_RAB_PROTEIN_SIGNAL_TRANSDUCTION	7		Rejected!	
GOBP_REGULATION_OF_RAC_PROTEIN_SIGNAL_TRANSDUCTION	26	23		
GOBP_REGULATION_OF_RAS_PROTEIN_SIGNAL_TRANSDUCTION	49	47		
GOBP_REGULATION_OF_REACTIVE_OXYGEN_SPECIES_BIOSYNTHETIC_PROCESS	45	38		
GOBP_REGULATION_OF_REACTIVE_OXYGEN_SPECIES_METABOLIC_PROCESS	148	134		
GOBP_REGULATION_OF_RECEPTOR_BINDING	16		Rejected!	
GOBP_REGULATION_OF_RECEPTOR_CATABOLIC_PROCESS	11		Rejected!	
GOBP_REGULATION_OF_RECEPTOR_CLUSTERING	17	15		
GOBP_REGULATION_OF_RECEPTOR_INTERNALIZATION	66	63		
GOBP_REGULATION_OF_RECEPTOR_LOCALIZATION_TO_SYNAPSE	21	20		
GOBP_REGULATION_OF_RECEPTOR_MEDIATED_ENDOCYTOSIS	121	109		
GOBP_REGULATION_OF_RECEPTOR_RECYCLING	25	25		
GOBP_REGULATION_OF_RECEPTOR_SIGNALING_PATHWAY_VIA_STAT	121	107		
GOBP_REGULATION_OF_REGULATED_SECRETORY_PATHWAY	116	113		
GOBP_REGULATION_OF_REGULATORY_NCRNA_PROCESSING	17	16		
GOBP_REGULATION_OF_RELAXATION_OF_CARDIAC_MUSCLE	6		Rejected!	
GOBP_REGULATION_OF_RELAXATION_OF_MUSCLE	14		Rejected!	
GOBP_REGULATION_OF_RELEASE_OF_CYTOCHROME_C_FROM_MITOCHONDRIA	44	43		
GOBP_REGULATION_OF_RELEASE_OF_SEQUESTERED_CALCIUM_ION_INTO_CYTOSOL	85	78		
GOBP_REGULATION_OF_RELEASE_OF_SEQUESTERED_CALCIUM_ION_INTO_CYTOSOL_BY_SARCOPLASMIC_RETICULUM	32	29		
GOBP_REGULATION_OF_REMOVAL_OF_SUPEROXIDE_RADICALS	7		Rejected!	
GOBP_REGULATION_OF_RENAL_SODIUM_EXCRETION	8		Rejected!	
GOBP_REGULATION_OF_RENAL_SYSTEM_PROCESS	22	21		
GOBP_REGULATION_OF_REPRODUCTIVE_PROCESS	208	188		
GOBP_REGULATION_OF_RESPIRATORY_BURST	19	17		
GOBP_REGULATION_OF_RESPIRATORY_BURST_INVOLVED_IN_INFLAMMATORY_RESPONSE	8		Rejected!	
GOBP_REGULATION_OF_RESPIRATORY_GASEOUS_EXCHANGE	25	25		
GOBP_REGULATION_OF_RESPIRATORY_GASEOUS_EXCHANGE_BY_NERVOUS_SYSTEM_PROCESS	13		Rejected!	
GOBP_REGULATION_OF_RESPIRATORY_SYSTEM_PROCESS	16	16		
GOBP_REGULATION_OF_RESPONSE_TO_BIOTIC_STIMULUS	545		Rejected!	
GOBP_REGULATION_OF_RESPONSE_TO_CYTOKINE_STIMULUS	195	163		
GOBP_REGULATION_OF_RESPONSE_TO_DRUG	17		Rejected!	
GOBP_REGULATION_OF_RESPONSE_TO_ENDOPLASMIC_RETICULUM_STRESS	84	77		
GOBP_REGULATION_OF_RESPONSE_TO_EXTERNAL_STIMULUS	1130		Rejected!	
GOBP_REGULATION_OF_RESPONSE_TO_FOOD	16	16		
GOBP_REGULATION_OF_RESPONSE_TO_NUTRIENT_LEVELS	30	30		
GOBP_REGULATION_OF_RESPONSE_TO_OSMOTIC_STRESS	16	16		
GOBP_REGULATION_OF_RESPONSE_TO_OXIDATIVE_STRESS	36	29		
GOBP_REGULATION_OF_RESPONSE_TO_REACTIVE_OXYGEN_SPECIES	11		Rejected!	
GOBP_REGULATION_OF_RESPONSE_TO_STRESS	1448		Rejected!	
GOBP_REGULATION_OF_RESPONSE_TO_TUMOR_CELL	25	24		
GOBP_REGULATION_OF_RESPONSE_TO_TYPE_II_INTERFERON	14		Rejected!	
GOBP_REGULATION_OF_RESPONSE_TO_WOUNDING	179	163		
GOBP_REGULATION_OF_RESTING_MEMBRANE_POTENTIAL	10		Rejected!	
GOBP_REGULATION_OF_RETINOIC_ACID_RECEPTOR_SIGNALING_PATHWAY	16	16		
GOBP_REGULATION_OF_RETROGRADE_PROTEIN_TRANSPORT_ER_TO_CYTOSOL	13		Rejected!	
GOBP_REGULATION_OF_RETROGRADE_TRANSPORT_ENDOSOME_TO_GOLGI	7		Rejected!	
GOBP_REGULATION_OF_RHO_PROTEIN_SIGNAL_TRANSDUCTION	90	85		
GOBP_REGULATION_OF_RIBONUCLEASE_ACTIVITY	9		Rejected!	
GOBP_REGULATION_OF_RIBOSOME_BIOGENESIS	6		Rejected!	
GOBP_REGULATION_OF_RIG_I_SIGNALING_PATHWAY	20	18		
GOBP_REGULATION_OF_RNA_BINDING	7		Rejected!	
GOBP_REGULATION_OF_RNA_EXPORT_FROM_NUCLEUS	16		Rejected!	
GOBP_REGULATION_OF_RNA_POLYMERASE_II_REGULATORY_REGION_SEQUENCE_SPECIFIC_DNA_BINDING	6		Rejected!	
GOBP_REGULATION_OF_RNA_POLYMERASE_II_TRANSCRIPTION_PREINITIATION_COMPLEX_ASSEMBLY	6		Rejected!	
GOBP_REGULATION_OF_RNA_SPLICING	185	174		
GOBP_REGULATION_OF_RRNA_PROCESSING	16		Rejected!	
GOBP_REGULATION_OF_RUFFLE_ASSEMBLY	32	31		
GOBP_REGULATION_OF_RYANODINE_SENSITIVE_CALCIUM_RELEASE_CHANNEL_ACTIVITY	24	22		
GOBP_REGULATION_OF_SALIVA_SECRETION	7		Rejected!	
GOBP_REGULATION_OF_SARCOMERE_ORGANIZATION	9		Rejected!	
GOBP_REGULATION_OF_SECONDARY_HEART_FIELD_CARDIOBLAST_PROLIFERATION	10		Rejected!	
GOBP_REGULATION_OF_SECONDARY_METABOLIC_PROCESS	16	15		
GOBP_REGULATION_OF_SECRETION	611		Rejected!	
GOBP_REGULATION_OF_SENSORY_PERCEPTION	18		Rejected!	
GOBP_REGULATION_OF_SEQUESTERING_OF_TRIGLYCERIDE	15		Rejected!	
GOBP_REGULATION_OF_SERINE_TYPE_PEPTIDASE_ACTIVITY	8		Rejected!	
GOBP_REGULATION_OF_SEROTONIN_SECRETION	7		Rejected!	
GOBP_REGULATION_OF_SHORT_TERM_NEURONAL_SYNAPTIC_PLASTICITY	16		Rejected!	
GOBP_REGULATION_OF_SIGNALING_RECEPTOR_ACTIVITY	97	88		
GOBP_REGULATION_OF_SIGNAL_TRANSDUCTION_BY_P53_CLASS_MEDIATOR	108	98		
GOBP_REGULATION_OF_SISTER_CHROMATID_COHESION	17	16		
GOBP_REGULATION_OF_SISTER_CHROMATID_SEGREGATION	105	102		
GOBP_REGULATION_OF_SKELETAL_MUSCLE_ACETYLCHOLINE_GATED_CHANNEL_CLUSTERING	7		Rejected!	
GOBP_REGULATION_OF_SKELETAL_MUSCLE_ADAPTATION	14		Rejected!	
GOBP_REGULATION_OF_SKELETAL_MUSCLE_CELL_DIFFERENTIATION	22	20		
GOBP_REGULATION_OF_SKELETAL_MUSCLE_CELL_PROLIFERATION	16		Rejected!	
GOBP_REGULATION_OF_SKELETAL_MUSCLE_CONTRACTION	19	18		
GOBP_REGULATION_OF_SKELETAL_MUSCLE_CONTRACTION_BY_CALCIUM_ION_SIGNALING	8		Rejected!	
GOBP_REGULATION_OF_SKELETAL_MUSCLE_CONTRACTION_BY_REGULATION_OF_RELEASE_OF_SEQUESTERED_CALCIUM_ION	5		Rejected!	
GOBP_REGULATION_OF_SKELETAL_MUSCLE_FIBER_DEVELOPMENT	11		Rejected!	
GOBP_REGULATION_OF_SKELETAL_MUSCLE_SATELLITE_CELL_PROLIFERATION	12		Rejected!	
GOBP_REGULATION_OF_SKELETAL_MUSCLE_TISSUE_DEVELOPMENT	26	25		
GOBP_REGULATION_OF_SKELETAL_MUSCLE_TISSUE_GROWTH	7		Rejected!	
GOBP_REGULATION_OF_SKELETAL_MUSCLE_TISSUE_REGENERATION	8		Rejected!	
GOBP_REGULATION_OF_SMAD_PROTEIN_SIGNAL_TRANSDUCTION	78	59		
GOBP_REGULATION_OF_SMALL_GTPASE_MEDIATED_SIGNAL_TRANSDUCTION	305	290		
GOBP_REGULATION_OF_SMALL_MOLECULE_METABOLIC_PROCESS	333	298		
GOBP_REGULATION_OF_SMOOTHENED_SIGNALING_PATHWAY	87	78		
GOBP_REGULATION_OF_SMOOTH_MUSCLE_CELL_CHEMOTAXIS	7		Rejected!	
GOBP_REGULATION_OF_SMOOTH_MUSCLE_CELL_DIFFERENTIATION	50	35		
GOBP_REGULATION_OF_SMOOTH_MUSCLE_CONTRACTION	61	54		
GOBP_REGULATION_OF_SNARE_COMPLEX_ASSEMBLY	14		Rejected!	
GOBP_REGULATION_OF_SNRNA_TRANSCRIPTION_BY_RNA_POLYMERASE_II	5		Rejected!	
GOBP_REGULATION_OF_SODIUM_DEPENDENT_PHOSPHATE_TRANSPORT	5		Rejected!	
GOBP_REGULATION_OF_SODIUM_ION_TRANSMEMBRANE_TRANSPORT	59	55		
GOBP_REGULATION_OF_SODIUM_ION_TRANSMEMBRANE_TRANSPORTER_ACTIVITY	49	45		
GOBP_REGULATION_OF_SODIUM_ION_TRANSPORT	85	78		
GOBP_REGULATION_OF_SOMATIC_STEM_CELL_POPULATION_MAINTENANCE	12		Rejected!	
GOBP_REGULATION_OF_SOMITOGENESIS	6		Rejected!	
GOBP_REGULATION_OF_SPERM_CAPACITATION	6		Rejected!	
GOBP_REGULATION_OF_SPHINGOLIPID_BIOSYNTHETIC_PROCESS	13		Rejected!	
GOBP_REGULATION_OF_SPINDLE_ASSEMBLY	33	32		
GOBP_REGULATION_OF_SPINDLE_CHECKPOINT	23	23		
GOBP_REGULATION_OF_SPINDLE_ORGANIZATION	47	45		
GOBP_REGULATION_OF_SPONTANEOUS_SYNAPTIC_TRANSMISSION	6		Rejected!	
GOBP_REGULATION_OF_SPROUTING_ANGIOGENESIS	67	41		
GOBP_REGULATION_OF_SREBP_SIGNALING_PATHWAY	8		Rejected!	
GOBP_REGULATION_OF_STEM_CELL_DIFFERENTIATION	84	80		
GOBP_REGULATION_OF_STEM_CELL_DIVISION	13		Rejected!	
GOBP_REGULATION_OF_STEM_CELL_POPULATION_MAINTENANCE	74	68		
GOBP_REGULATION_OF_STEM_CELL_PROLIFERATION	96	81		
GOBP_REGULATION_OF_STEROID_BIOSYNTHETIC_PROCESS	82	73		
GOBP_REGULATION_OF_STEROID_HORMONE_BIOSYNTHETIC_PROCESS	15	15		
GOBP_REGULATION_OF_STEROID_HORMONE_SECRETION	22	21		
GOBP_REGULATION_OF_STEROID_METABOLIC_PROCESS	104	95		
GOBP_REGULATION_OF_STEROL_TRANSPORT	77	57		
GOBP_REGULATION_OF_STORE_OPERATED_CALCIUM_CHANNEL_ACTIVITY	6		Rejected!	
GOBP_REGULATION_OF_STORE_OPERATED_CALCIUM_ENTRY	16		Rejected!	
GOBP_REGULATION_OF_STRESS_ACTIVATED_PROTEIN_KINASE_SIGNALING_CASCADE	41	38		
GOBP_REGULATION_OF_STRESS_GRANULE_ASSEMBLY	11		Rejected!	
GOBP_REGULATION_OF_STRIATED_MUSCLE_CELL_DIFFERENTIATION	98	82		
GOBP_REGULATION_OF_STRIATED_MUSCLE_CONTRACTION	100	93		
GOBP_REGULATION_OF_STRIATED_MUSCLE_TISSUE_DEVELOPMENT	19	18		
GOBP_REGULATION_OF_SUBSTRATE_ADHESION_DEPENDENT_CELL_SPREADING	62	61		
GOBP_REGULATION_OF_SULFUR_METABOLIC_PROCESS	14		Rejected!	
GOBP_REGULATION_OF_SUPEROXIDE_ANION_GENERATION	20	20		
GOBP_REGULATION_OF_SUPEROXIDE_METABOLIC_PROCESS	29	27		
GOBP_REGULATION_OF_SUPRAMOLECULAR_FIBER_ORGANIZATION	392	354		
GOBP_REGULATION_OF_SYNAPSE_ASSEMBLY	123	116		
GOBP_REGULATION_OF_SYNAPSE_MATURATION	21	21		
GOBP_REGULATION_OF_SYNAPSE_PRUNING	6		Rejected!	
GOBP_REGULATION_OF_SYNAPSE_STRUCTURAL_PLASTICITY	8		Rejected!	
GOBP_REGULATION_OF_SYNAPSE_STRUCTURE_OR_ACTIVITY	258	246		
GOBP_REGULATION_OF_SYNAPTIC_ASSEMBLY_AT_NEUROMUSCULAR_JUNCTION	6		Rejected!	
GOBP_REGULATION_OF_SYNAPTIC_PLASTICITY	221	198		
GOBP_REGULATION_OF_SYNAPTIC_TRANSMISSION_CHOLINERGIC	8		Rejected!	
GOBP_REGULATION_OF_SYNAPTIC_TRANSMISSION_DOPAMINERGIC	8		Rejected!	
GOBP_REGULATION_OF_SYNAPTIC_TRANSMISSION_GABAERGIC	35	33		
GOBP_REGULATION_OF_SYNAPTIC_TRANSMISSION_GLUTAMATERGIC	77	73		
GOBP_REGULATION_OF_SYNAPTIC_VESICLE_CLUSTERING	6		Rejected!	
GOBP_REGULATION_OF_SYNAPTIC_VESICLE_CYCLE	13		Rejected!	
GOBP_REGULATION_OF_SYNAPTIC_VESICLE_ENDOCYTOSIS	19	18		
GOBP_REGULATION_OF_SYNAPTIC_VESICLE_EXOCYTOSIS	44	42		
GOBP_REGULATION_OF_SYNAPTIC_VESICLE_MEMBRANE_ORGANIZATION	12		Rejected!	
GOBP_REGULATION_OF_SYNAPTIC_VESICLE_PRIMING	8		Rejected!	
GOBP_REGULATION_OF_SYNAPTIC_VESICLE_RECYCLING	26	25		
GOBP_REGULATION_OF_SYNAPTIC_VESICLE_TRANSPORT	5		Rejected!	
GOBP_REGULATION_OF_SYNCYTIUM_FORMATION_BY_PLASMA_MEMBRANE_FUSION	29	27		
GOBP_REGULATION_OF_SYSTEMIC_ARTERIAL_BLOOD_PRESSURE	94	89		
GOBP_REGULATION_OF_SYSTEMIC_ARTERIAL_BLOOD_PRESSURE_BY_CIRCULATORY_RENIN_ANGIOTENSIN	18	18		
GOBP_REGULATION_OF_SYSTEMIC_ARTERIAL_BLOOD_PRESSURE_BY_ENDOTHELIN	6		Rejected!	
GOBP_REGULATION_OF_SYSTEMIC_ARTERIAL_BLOOD_PRESSURE_BY_HORMONE	38	38		
GOBP_REGULATION_OF_SYSTEMIC_ARTERIAL_BLOOD_PRESSURE_BY_NOREPINEPHRINE_EPINEPHRINE	6		Rejected!	
GOBP_REGULATION_OF_SYSTEMIC_ARTERIAL_BLOOD_PRESSURE_BY_RENIN_ANGIOTENSIN	24	24		
GOBP_REGULATION_OF_SYSTEMIC_ARTERIAL_BLOOD_PRESSURE_BY_VASOPRESSIN	5		Rejected!	
GOBP_REGULATION_OF_SYSTEMIC_ARTERIAL_BLOOD_PRESSURE_MEDIATED_BY_A_CHEMICAL_SIGNAL	45	45		
GOBP_REGULATION_OF_SYSTEM_PROCESS	576		Rejected!	
GOBP_REGULATION_OF_TAU_PROTEIN_KINASE_ACTIVITY	7		Rejected!	
GOBP_REGULATION_OF_TELOMERASE_ACTIVITY	44	44		
GOBP_REGULATION_OF_TELOMERE_CAPPING	26	26		
GOBP_REGULATION_OF_TELOMERE_MAINTENANCE	106	101		
GOBP_REGULATION_OF_TELOMERE_MAINTENANCE_IN_RESPONSE_TO_DNA_DAMAGE	19	19		
GOBP_REGULATION_OF_TELOMERE_MAINTENANCE_VIA_TELOMERE_LENGTHENING	63	60		
GOBP_REGULATION_OF_TERMINATION_OF_DNA_TEMPLATED_TRANSCRIPTION	5		Rejected!	
GOBP_REGULATION_OF_TESTOSTERONE_BIOSYNTHETIC_PROCESS	7		Rejected!	
GOBP_REGULATION_OF_TETRAPYRROLE_METABOLIC_PROCESS	10		Rejected!	
GOBP_REGULATION_OF_THE_FORCE_OF_HEART_CONTRACTION	26	26		
GOBP_REGULATION_OF_THE_FORCE_OF_HEART_CONTRACTION_BY_CHEMICAL_SIGNAL	6		Rejected!	
GOBP_REGULATION_OF_THYMOCYTE_APOPTOTIC_PROCESS	13		Rejected!	
GOBP_REGULATION_OF_THYROID_HORMONE_GENERATION	7		Rejected!	
GOBP_REGULATION_OF_TISSUE_REMODELING	88	74		
GOBP_REGULATION_OF_TOLERANCE_INDUCTION	19	17		
GOBP_REGULATION_OF_TOLL_LIKE_RECEPTOR_2_SIGNALING_PATHWAY	12		Rejected!	
GOBP_REGULATION_OF_TOLL_LIKE_RECEPTOR_3_SIGNALING_PATHWAY	14		Rejected!	
GOBP_REGULATION_OF_TOLL_LIKE_RECEPTOR_4_SIGNALING_PATHWAY	37	29		
GOBP_REGULATION_OF_TOLL_LIKE_RECEPTOR_7_SIGNALING_PATHWAY	6		Rejected!	
GOBP_REGULATION_OF_TOLL_LIKE_RECEPTOR_9_SIGNALING_PATHWAY	12		Rejected!	
GOBP_REGULATION_OF_TOLL_LIKE_RECEPTOR_SIGNALING_PATHWAY	36	31		
GOBP_REGULATION_OF_TOLL_SIGNALING_PATHWAY	5		Rejected!	
GOBP_REGULATION_OF_TOOTH_MINERALIZATION	13		Rejected!	
GOBP_REGULATION_OF_TORC2_SIGNALING	7		Rejected!	
GOBP_REGULATION_OF_TRANSCRIPTION_BY_GLUCOSE	10		Rejected!	
GOBP_REGULATION_OF_TRANSCRIPTION_BY_RNA_POLYMERASE_I	47	40		
GOBP_REGULATION_OF_TRANSCRIPTION_BY_RNA_POLYMERASE_III	30	28		
GOBP_REGULATION_OF_TRANSCRIPTION_OF_NUCLEOLAR_LARGE_RRNA_BY_RNA_POLYMERASE_I	15		Rejected!	
GOBP_REGULATION_OF_TRANSCRIPTION_REGULATORY_REGION_DNA_BINDING	34	32		
GOBP_REGULATION_OF_TRANSFERASE_ACTIVITY	628		Rejected!	
GOBP_REGULATION_OF_TRANSLATION	453	353		
GOBP_REGULATION_OF_TRANSLATIONAL_ELONGATION	12		Rejected!	
GOBP_REGULATION_OF_TRANSLATIONAL_FIDELITY	18		Rejected!	
GOBP_REGULATION_OF_TRANSLATIONAL_INITIATION	84	82		
GOBP_REGULATION_OF_TRANSLATIONAL_INITIATION_BY_EIF2_ALPHA_PHOSPHORYLATION	12		Rejected!	
GOBP_REGULATION_OF_TRANSLATIONAL_INITIATION_IN_RESPONSE_TO_STRESS	15	15		
GOBP_REGULATION_OF_TRANSLATIONAL_TERMINATION	9		Rejected!	
GOBP_REGULATION_OF_TRANSLATION_AT_POSTSYNAPSE	6		Rejected!	
GOBP_REGULATION_OF_TRANSLATION_AT_SYNAPSE	9		Rejected!	
GOBP_REGULATION_OF_TRANSLATION_AT_SYNAPSE_MODULATING_SYNAPTIC_TRANSMISSION	6		Rejected!	
GOBP_REGULATION_OF_TRANSLATION_INITIATION_IN_RESPONSE_TO_ENDOPLASMIC_RETICULUM_STRESS	8		Rejected!	
GOBP_REGULATION_OF_TRANSLATION_IN_RESPONSE_TO_ENDOPLASMIC_RETICULUM_STRESS	12		Rejected!	
GOBP_REGULATION_OF_TRANSLATION_IN_RESPONSE_TO_STRESS	22	22		
GOBP_REGULATION_OF_TRANSMEMBRANE_RECEPTOR_PROTEIN_SERINE_THREONINE_KINASE_SIGNALING_PATHWAY	323	250		
GOBP_REGULATION_OF_TRANSMEMBRANE_TRANSPORT	488	430		
GOBP_REGULATION_OF_TRANSMISSION_OF_NERVE_IMPULSE	16		Rejected!	
GOBP_REGULATION_OF_TRANSPORT	1633		Rejected!	
GOBP_REGULATION_OF_TRANSPORTER_ACTIVITY	247	201		
GOBP_REGULATION_OF_TRANS_SYNAPTIC_SIGNALING	498	462		
GOBP_REGULATION_OF_TRIGLYCERIDE_BIOSYNTHETIC_PROCESS	23	20		
GOBP_REGULATION_OF_TRIGLYCERIDE_CATABOLIC_PROCESS	13		Rejected!	
GOBP_REGULATION_OF_TRIGLYCERIDE_METABOLIC_PROCESS	46	42		
GOBP_REGULATION_OF_TUBE_SIZE	154	147		
GOBP_REGULATION_OF_TUMOR_NECROSIS_FACTOR_MEDIATED_SIGNALING_PATHWAY	69	59		
GOBP_REGULATION_OF_TYPE_2_IMMUNE_RESPONSE	34	34		
GOBP_REGULATION_OF_TYPE_B_PANCREATIC_CELL_DEVELOPMENT	9		Rejected!	
GOBP_REGULATION_OF_TYPE_B_PANCREATIC_CELL_PROLIFERATION	13		Rejected!	
GOBP_REGULATION_OF_TYPE_I_INTERFERON_MEDIATED_SIGNALING_PATHWAY	45	42		
GOBP_REGULATION_OF_T_CELL_ACTIVATION	388	367		
GOBP_REGULATION_OF_T_CELL_ACTIVATION_VIA_T_CELL_RECEPTOR_CONTACT_WITH_ANTIGEN_BOUND_TO_MHC_MOLECULE_ON_ANTIGEN_PRESENTING_CELL	6		Rejected!	
GOBP_REGULATION_OF_T_CELL_APOPTOTIC_PROCESS	40	40		
GOBP_REGULATION_OF_T_CELL_CHEMOTAXIS	15	15		
GOBP_REGULATION_OF_T_CELL_COSTIMULATION	5		Rejected!	
GOBP_REGULATION_OF_T_CELL_DIFFERENTIATION_IN_THYMUS	27	25		
GOBP_REGULATION_OF_T_CELL_EXTRAVASATION	6		Rejected!	
GOBP_REGULATION_OF_T_CELL_MEDIATED_CYTOTOXICITY	51	49		
GOBP_REGULATION_OF_T_CELL_MEDIATED_IMMUNE_RESPONSE_TO_TUMOR_CELL	12		Rejected!	
GOBP_REGULATION_OF_T_CELL_MEDIATED_IMMUNITY	103	100		
GOBP_REGULATION_OF_T_CELL_MIGRATION	49	45		
GOBP_REGULATION_OF_T_CELL_PROLIFERATION	182	171		
GOBP_REGULATION_OF_T_CELL_RECEPTOR_SIGNALING_PATHWAY	49	47		
GOBP_REGULATION_OF_T_CIRCLE_FORMATION	7		Rejected!	
GOBP_REGULATION_OF_T_HELPER_17_CELL_DIFFERENTIATION	24	23		
GOBP_REGULATION_OF_T_HELPER_17_CELL_LINEAGE_COMMITMENT	10		Rejected!	
GOBP_REGULATION_OF_T_HELPER_17_TYPE_IMMUNE_RESPONSE	34	33		
GOBP_REGULATION_OF_T_HELPER_1_CELL_DIFFERENTIATION	11		Rejected!	
GOBP_REGULATION_OF_T_HELPER_1_TYPE_IMMUNE_RESPONSE	31	31		
GOBP_REGULATION_OF_T_HELPER_2_CELL_DIFFERENTIATION	12		Rejected!	
GOBP_REGULATION_OF_T_HELPER_CELL_DIFFERENTIATION	45	44		
GOBP_REGULATION_OF_UBIQUITIN_DEPENDENT_PROTEIN_CATABOLIC_PROCESS	168	158		
GOBP_REGULATION_OF_UBIQUITIN_PROTEIN_LIGASE_ACTIVITY	18	17		
GOBP_REGULATION_OF_UBIQUITIN_PROTEIN_TRANSFERASE_ACTIVITY	38	37		
GOBP_REGULATION_OF_UNSATURATED_FATTY_ACID_BIOSYNTHETIC_PROCESS	14		Rejected!	
GOBP_REGULATION_OF_URINE_VOLUME	22	22		
GOBP_REGULATION_OF_VACUOLE_ORGANIZATION	60	56		
GOBP_REGULATION_OF_VASCULAR_ASSOCIATED_SMOOTH_MUSCLE_CELL_DEDIFFERENTIATION	6		Rejected!	
GOBP_REGULATION_OF_VASCULAR_ASSOCIATED_SMOOTH_MUSCLE_CELL_DIFFERENTIATION	25		Rejected!	
GOBP_REGULATION_OF_VASCULAR_ASSOCIATED_SMOOTH_MUSCLE_CONTRACTION	9		Rejected!	
GOBP_REGULATION_OF_VASCULAR_ENDOTHELIAL_GROWTH_FACTOR_RECEPTOR_SIGNALING_PATHWAY	35	29		
GOBP_REGULATION_OF_VASCULAR_PERMEABILITY	49	47		
GOBP_REGULATION_OF_VASCULAR_WOUND_HEALING	15		Rejected!	
GOBP_REGULATION_OF_VASCULATURE_DEVELOPMENT	368	281		
GOBP_REGULATION_OF_VASCULOGENESIS	16	15		
GOBP_REGULATION_OF_VASOCONSTRICTION	68	65		
GOBP_REGULATION_OF_VENTRICULAR_CARDIAC_MUSCLE_CELL_ACTION_POTENTIAL	12		Rejected!	
GOBP_REGULATION_OF_VENTRICULAR_CARDIAC_MUSCLE_CELL_MEMBRANE_DEPOLARIZATION	8		Rejected!	
GOBP_REGULATION_OF_VENTRICULAR_CARDIAC_MUSCLE_CELL_MEMBRANE_REPOLARIZATION	25	23		
GOBP_REGULATION_OF_VERY_LOW_DENSITY_LIPOPROTEIN_PARTICLE_CLEARANCE	5		Rejected!	
GOBP_REGULATION_OF_VERY_LOW_DENSITY_LIPOPROTEIN_PARTICLE_REMODELING	6		Rejected!	
GOBP_REGULATION_OF_VESICLE_FUSION	23	22		
GOBP_REGULATION_OF_VESICLE_MEDIATED_TRANSPORT	521	489		
GOBP_REGULATION_OF_VESICLE_SIZE	20	18		
GOBP_REGULATION_OF_VIRAL_GENOME_REPLICATION	85	81		
GOBP_REGULATION_OF_VIRAL_PROCESS	168	157		
GOBP_REGULATION_OF_VIRAL_TRANSCRIPTION	19	19		
GOBP_REGULATION_OF_VITAMIN_D_BIOSYNTHETIC_PROCESS	7		Rejected!	
GOBP_REGULATION_OF_VITAMIN_D_RECEPTOR_SIGNALING_PATHWAY	10		Rejected!	
GOBP_REGULATION_OF_VITAMIN_METABOLIC_PROCESS	12		Rejected!	
GOBP_REGULATION_OF_VOLTAGE_GATED_CALCIUM_CHANNEL_ACTIVITY	30	24		
GOBP_REGULATION_OF_VOLTAGE_GATED_SODIUM_CHANNEL_ACTIVITY	10		Rejected!	
GOBP_REGULATION_OF_WNT_PROTEIN_SECRETION	5		Rejected!	
GOBP_REGULATION_OF_WNT_SIGNALING_PATHWAY	344	309		
GOBP_REGULATION_OF_WNT_SIGNALING_PATHWAY_PLANAR_CELL_POLARITY_PATHWAY	16	15		
GOBP_REGULATION_OF_WOUND_HEALING	138	125		
GOBP_REGULATION_OF_WOUND_HEALING_SPREADING_OF_EPIDERMAL_CELLS	11		Rejected!	
GOBP_REGULATION_OF_XENOBIOTIC_DETOXIFICATION_BY_TRANSMEMBRANE_EXPORT_ACROSS_THE_PLASMA_MEMBRANE	13		Rejected!	
GOBP_REGULATION_OF_XENOPHAGY	9		Rejected!	
GOBP_REGULATION_PROTEIN_CATABOLIC_PROCESS_AT_SYNAPSE	5		Rejected!	
GOBP_REGULATORY_NCRNA_MEDIATED_GENE_SILENCING	700	118		
GOBP_REGULATORY_NCRNA_MEDIATED_HETEROCHROMATIN_FORMATION	19		Rejected!	
GOBP_REGULATORY_NCRNA_PROCESSING	70	65		
GOBP_REGULATORY_T_CELL_DIFFERENTIATION	41	36		
GOBP_RELAXATION_OF_CARDIAC_MUSCLE	17	16		
GOBP_RELAXATION_OF_MUSCLE	34	31		
GOBP_RELAXATION_OF_SMOOTH_MUSCLE	9		Rejected!	
GOBP_RELAXATION_OF_VASCULAR_ASSOCIATED_SMOOTH_MUSCLE	6		Rejected!	
GOBP_RELEASE_OF_CYTOCHROME_C_FROM_MITOCHONDRIA	56	55		
GOBP_RELEASE_OF_SEQUESTERED_CALCIUM_ION_INTO_CYTOSOL_BY_ENDOPLASMIC_RETICULUM	39	36		
GOBP_RENAL_ABSORPTION	36	34		
GOBP_RENAL_ALBUMIN_ABSORPTION	7		Rejected!	
GOBP_RENAL_CONTROL_OF_PERIPHERAL_VASCULAR_RESISTANCE_INVOLVED_IN_REGULATION_OF_SYSTEMIC_ARTERIAL_BLOOD_PRESSURE	5		Rejected!	
GOBP_RENAL_FILTRATION	32	28		
GOBP_RENAL_PROTEIN_ABSORPTION	10		Rejected!	
GOBP_RENAL_RESPONSE_TO_BLOOD_FLOW_INVOLVED_IN_CIRCULATORY_RENIN_ANGIOTENSIN_REGULATION_OF_SYSTEMIC_ARTERIAL_BLOOD_PRESSURE	7		Rejected!	
GOBP_RENAL_SODIUM_EXCRETION	12		Rejected!	
GOBP_RENAL_SODIUM_ION_ABSORPTION	13		Rejected!	
GOBP_RENAL_SODIUM_ION_TRANSPORT	16	15		
GOBP_RENAL_SYSTEM_DEVELOPMENT	331	324		
GOBP_RENAL_SYSTEM_PROCESS	129	123		
GOBP_RENAL_SYSTEM_PROCESS_INVOLVED_IN_REGULATION_OF_BLOOD_VOLUME	14		Rejected!	
GOBP_RENAL_SYSTEM_PROCESS_INVOLVED_IN_REGULATION_OF_SYSTEMIC_ARTERIAL_BLOOD_PRESSURE	25	25		
GOBP_RENAL_SYSTEM_VASCULATURE_DEVELOPMENT	33	32		
GOBP_RENAL_SYSTEM_VASCULATURE_MORPHOGENESIS	8		Rejected!	
GOBP_RENAL_TUBULAR_SECRETION	20	19		
GOBP_RENAL_TUBULE_DEVELOPMENT	105	103		
GOBP_RENAL_VESICLE_DEVELOPMENT	18	17		
GOBP_RENAL_VESICLE_FORMATION	8		Rejected!	
GOBP_RENAL_WATER_ABSORPTION	6		Rejected!	
GOBP_RENAL_WATER_HOMEOSTASIS	24	24		
GOBP_RENAL_WATER_TRANSPORT	9		Rejected!	
GOBP_REPLACEMENT_OSSIFICATION	32	28		
GOBP_REPLICATION_BORN_DOUBLE_STRAND_BREAK_REPAIR_VIA_SISTER_CHROMATID_EXCHANGE	7		Rejected!	
GOBP_REPLICATIVE_SENESCENCE	17	16		
GOBP_REPRODUCTIVE_BEHAVIOR	45	45		
GOBP_REPRODUCTIVE_PROCESS	1549		Rejected!	
GOBP_REPRODUCTIVE_SYSTEM_DEVELOPMENT	311	297		
GOBP_RESCUE_OF_STALLED_RIBOSOME	33	28		
GOBP_RESOLUTION_OF_DNA_RECOMBINATION_INTERMEDIATES	6		Rejected!	
GOBP_RESOLUTION_OF_MEIOTIC_RECOMBINATION_INTERMEDIATES	17		Rejected!	
GOBP_RESPIRATORY_BURST	40	35		
GOBP_RESPIRATORY_BURST_INVOLVED_IN_DEFENSE_RESPONSE	17		Rejected!	
GOBP_RESPIRATORY_BURST_INVOLVED_IN_INFLAMMATORY_RESPONSE	10		Rejected!	
GOBP_RESPIRATORY_CHAIN_COMPLEX_III_ASSEMBLY	12		Rejected!	
GOBP_RESPIRATORY_CHAIN_COMPLEX_IV_ASSEMBLY	29	21		
GOBP_RESPIRATORY_GASEOUS_EXCHANGE_BY_RESPIRATORY_SYSTEM	79	74		
GOBP_RESPIRATORY_SYSTEM_DEVELOPMENT	224	216		
GOBP_RESPIRATORY_SYSTEM_PROCESS	44	40		
GOBP_RESPONSE_TO_2_3_7_8_TETRACHLORODIBENZODIOXINE	5		Rejected!	
GOBP_RESPONSE_TO_ABIOTIC_STIMULUS	1149		Rejected!	
GOBP_RESPONSE_TO_ACETYLCHOLINE	47	45		
GOBP_RESPONSE_TO_ACIDIC_PH	26	25		
GOBP_RESPONSE_TO_ACID_CHEMICAL	143	127		
GOBP_RESPONSE_TO_ACTINOMYCIN_D	5		Rejected!	
GOBP_RESPONSE_TO_ACTIVITY	77	70		
GOBP_RESPONSE_TO_ALCOHOL	264	252		
GOBP_RESPONSE_TO_ALDOSTERONE	19	18		
GOBP_RESPONSE_TO_ALKALOID	100	96		
GOBP_RESPONSE_TO_AMINE	52	51		
GOBP_RESPONSE_TO_AMINO_ACID_STARVATION	56	52		
GOBP_RESPONSE_TO_AMMONIUM_ION	6		Rejected!	
GOBP_RESPONSE_TO_AMPHETAMINE	36	35		
GOBP_RESPONSE_TO_AMYLOID_BETA	57	49		
GOBP_RESPONSE_TO_ANGIOTENSIN	43	39		
GOBP_RESPONSE_TO_ANTIBIOTIC	37	37		
GOBP_RESPONSE_TO_ARSENIC_CONTAINING_SUBSTANCE	31	31		
GOBP_RESPONSE_TO_ATP	33	31		
GOBP_RESPONSE_TO_AUDITORY_STIMULUS	33	31		
GOBP_RESPONSE_TO_AXON_INJURY	86	80		
GOBP_RESPONSE_TO_BACTERIAL_LIPOPROTEIN	11		Rejected!	
GOBP_RESPONSE_TO_BACTERIUM	745		Rejected!	
GOBP_RESPONSE_TO_BILE_ACID	7		Rejected!	
GOBP_RESPONSE_TO_BLUE_LIGHT	6		Rejected!	
GOBP_RESPONSE_TO_BMP	181	152		
GOBP_RESPONSE_TO_CADMIUM_ION	61	58		
GOBP_RESPONSE_TO_CAFFEINE	15		Rejected!	
GOBP_RESPONSE_TO_CALCIUM_ION	132	124		
GOBP_RESPONSE_TO_CAMP	87	84		
GOBP_RESPONSE_TO_CARBOHYDRATE	240	215		
GOBP_RESPONSE_TO_CATECHOLAMINE	63	58		
GOBP_RESPONSE_TO_CELL_CYCLE_CHECKPOINT_SIGNALING	9		Rejected!	
GOBP_RESPONSE_TO_CGMP	9		Rejected!	
GOBP_RESPONSE_TO_CHEMOKINE	100	94		
GOBP_RESPONSE_TO_COBALT_ION	10		Rejected!	
GOBP_RESPONSE_TO_COCAINE	56	55		
GOBP_RESPONSE_TO_COLD	43	42		
GOBP_RESPONSE_TO_COPPER_ION	37	32		
GOBP_RESPONSE_TO_CORTICOSTEROID	158	154		
GOBP_RESPONSE_TO_CORTICOSTERONE	17	17		
GOBP_RESPONSE_TO_CORTICOTROPIN_RELEASING_HORMONE	5		Rejected!	
GOBP_RESPONSE_TO_CORTISOL	6		Rejected!	
GOBP_RESPONSE_TO_CYCLOHEXIMIDE	5		Rejected!	
GOBP_RESPONSE_TO_CYTOKINE	965		Rejected!	
GOBP_RESPONSE_TO_DEXAMETHASONE	45	43		
GOBP_RESPONSE_TO_DIACYL_BACTERIAL_LIPOPEPTIDE	5		Rejected!	
GOBP_RESPONSE_TO_DIETARY_EXCESS	36	36		
GOBP_RESPONSE_TO_DISACCHARIDE	8		Rejected!	
GOBP_RESPONSE_TO_DSRNA	57	54		
GOBP_RESPONSE_TO_ELECTRICAL_STIMULUS	45	40		
GOBP_RESPONSE_TO_ENDOGENOUS_STIMULUS	1735		Rejected!	
GOBP_RESPONSE_TO_ENDOPLASMIC_RETICULUM_STRESS	267	249		
GOBP_RESPONSE_TO_EPIDERMAL_GROWTH_FACTOR	47	45		
GOBP_RESPONSE_TO_EPINEPHRINE	14		Rejected!	
GOBP_RESPONSE_TO_ERYTHROPOIETIN	7		Rejected!	
GOBP_RESPONSE_TO_ESTRADIOL	118	115		
GOBP_RESPONSE_TO_ESTROGEN	71	69		
GOBP_RESPONSE_TO_ETHANOL	127	122		
GOBP_RESPONSE_TO_ETHER	16	16		
GOBP_RESPONSE_TO_FATTY_ACID	56	55		
GOBP_RESPONSE_TO_FIBROBLAST_GROWTH_FACTOR	124	110		
GOBP_RESPONSE_TO_FLUID_SHEAR_STRESS	35	32		
GOBP_RESPONSE_TO_FOLIC_ACID	11		Rejected!	
GOBP_RESPONSE_TO_FOLLICLE_STIMULATING_HORMONE	16	16		
GOBP_RESPONSE_TO_FOOD	39	38		
GOBP_RESPONSE_TO_FORSKOLIN	14		Rejected!	
GOBP_RESPONSE_TO_FRUCTOSE	10		Rejected!	
GOBP_RESPONSE_TO_FUNGICIDE	7		Rejected!	
GOBP_RESPONSE_TO_FUNGUS	68	66		
GOBP_RESPONSE_TO_GAMMA_RADIATION	52	49		
GOBP_RESPONSE_TO_GLUCAGON	23	22		
GOBP_RESPONSE_TO_GLYCOPROTEIN	11		Rejected!	
GOBP_RESPONSE_TO_GONADOTROPIN	28	27		
GOBP_RESPONSE_TO_GONADOTROPIN_RELEASING_HORMONE	7		Rejected!	
GOBP_RESPONSE_TO_GRAM_POSITIVE_BACTERIUM	6		Rejected!	
GOBP_RESPONSE_TO_GRANULOCYTE_MACROPHAGE_COLONY_STIMULATING_FACTOR	9		Rejected!	
GOBP_RESPONSE_TO_GRAVITY	9		Rejected!	
GOBP_RESPONSE_TO_GROWTH_FACTOR	785		Rejected!	
GOBP_RESPONSE_TO_GROWTH_HORMONE	38	38		
GOBP_RESPONSE_TO_HEAT	106	96		
GOBP_RESPONSE_TO_HEPARIN	6		Rejected!	
GOBP_RESPONSE_TO_HEPATOCYTE_GROWTH_FACTOR	18	17		
GOBP_RESPONSE_TO_HISTAMINE	10		Rejected!	
GOBP_RESPONSE_TO_HORMONE	890		Rejected!	
GOBP_RESPONSE_TO_HUMAN_CHORIONIC_GONADOTROPIN	5		Rejected!	
GOBP_RESPONSE_TO_HYDROGEN_PEROXIDE	98	92		
GOBP_RESPONSE_TO_HYDROPEROXIDE	20	18		
GOBP_RESPONSE_TO_HYDROSTATIC_PRESSURE	7		Rejected!	
GOBP_RESPONSE_TO_HYDROXYUREA	12		Rejected!	
GOBP_RESPONSE_TO_HYPEROXIA	20	18		
GOBP_RESPONSE_TO_IMMOBILIZATION_STRESS	28	26		
GOBP_RESPONSE_TO_INACTIVITY	12		Rejected!	
GOBP_RESPONSE_TO_INCREASED_OXYGEN_LEVELS	27	25		
GOBP_RESPONSE_TO_INDOLE_3_METHANOL	6		Rejected!	
GOBP_RESPONSE_TO_INORGANIC_SUBSTANCE	515	482		
GOBP_RESPONSE_TO_INSECTICIDE	6		Rejected!	
GOBP_RESPONSE_TO_INSULIN	277	262		
GOBP_RESPONSE_TO_INTERFERON_ALPHA	18	17		
GOBP_RESPONSE_TO_INTERFERON_BETA	34	29		
GOBP_RESPONSE_TO_INTERLEUKIN_1	115	105		
GOBP_RESPONSE_TO_INTERLEUKIN_12	12		Rejected!	
GOBP_RESPONSE_TO_INTERLEUKIN_13	5		Rejected!	
GOBP_RESPONSE_TO_INTERLEUKIN_15	12		Rejected!	
GOBP_RESPONSE_TO_INTERLEUKIN_17	18	17		
GOBP_RESPONSE_TO_INTERLEUKIN_18	12		Rejected!	
GOBP_RESPONSE_TO_INTERLEUKIN_2	11		Rejected!	
GOBP_RESPONSE_TO_INTERLEUKIN_3	7		Rejected!	
GOBP_RESPONSE_TO_INTERLEUKIN_4	37	37		
GOBP_RESPONSE_TO_INTERLEUKIN_6	45	34		
GOBP_RESPONSE_TO_INTERLEUKIN_7	17	16		
GOBP_RESPONSE_TO_INTERLEUKIN_9	8		Rejected!	
GOBP_RESPONSE_TO_IONIZING_RADIATION	141	128		
GOBP_RESPONSE_TO_IRON_II_ION	6		Rejected!	
GOBP_RESPONSE_TO_IRON_ION	29	29		
GOBP_RESPONSE_TO_ISCHEMIA	66	63		
GOBP_RESPONSE_TO_ISOQUINOLINE_ALKALOID	14		Rejected!	
GOBP_RESPONSE_TO_KETONE	220	215		
GOBP_RESPONSE_TO_LAMINAR_FLUID_SHEAR_STRESS	15		Rejected!	
GOBP_RESPONSE_TO_LEAD_ION	21	21		
GOBP_RESPONSE_TO_LECTIN	23	22		
GOBP_RESPONSE_TO_LEPTIN	21	21		
GOBP_RESPONSE_TO_LEUKEMIA_INHIBITORY_FACTOR	105	96		
GOBP_RESPONSE_TO_LIGHT_INTENSITY	16	15		
GOBP_RESPONSE_TO_LIGHT_STIMULUS	321	306		
GOBP_RESPONSE_TO_LIPID	932		Rejected!	
GOBP_RESPONSE_TO_LIPOTEICHOIC_ACID	10		Rejected!	
GOBP_RESPONSE_TO_LITHIUM_ION	16	16		
GOBP_RESPONSE_TO_LUTEINIZING_HORMONE	7		Rejected!	
GOBP_RESPONSE_TO_L_ASCORBIC_ACID	5		Rejected!	
GOBP_RESPONSE_TO_L_GLUTAMATE	16	15		
GOBP_RESPONSE_TO_L_LEUCINE	15		Rejected!	
GOBP_RESPONSE_TO_L_PHENYLALANINE_DERIVATIVE	6		Rejected!	
GOBP_RESPONSE_TO_MACROPHAGE_COLONY_STIMULATING_FACTOR	17	17		
GOBP_RESPONSE_TO_MAGNESIUM_ION	20	20		
GOBP_RESPONSE_TO_MANGANESE_ION	18	17		
GOBP_RESPONSE_TO_MECHANICAL_STIMULUS	220	215		
GOBP_RESPONSE_TO_MERCURY_ION	11		Rejected!	
GOBP_RESPONSE_TO_METAL_ION	346	331		
GOBP_RESPONSE_TO_METHIONINE	6		Rejected!	
GOBP_RESPONSE_TO_MINERALOCORTICOID	40	39		
GOBP_RESPONSE_TO_MISFOLDED_PROTEIN	20	19		
GOBP_RESPONSE_TO_MITOCHONDRIAL_DEPOLARISATION	21	18		
GOBP_RESPONSE_TO_MOLECULE_OF_BACTERIAL_ORIGIN	369	341		
GOBP_RESPONSE_TO_MOLECULE_OF_FUNGAL_ORIGIN	5		Rejected!	
GOBP_RESPONSE_TO_MURAMYL_DIPEPTIDE	21	20		
GOBP_RESPONSE_TO_MUSCLE_ACTIVITY	28	23		
GOBP_RESPONSE_TO_MUSCLE_INACTIVITY	9		Rejected!	
GOBP_RESPONSE_TO_MUSCLE_STRETCH	25	25		
GOBP_RESPONSE_TO_NEMATODE	7		Rejected!	
GOBP_RESPONSE_TO_NERVE_GROWTH_FACTOR	52	51		
GOBP_RESPONSE_TO_NICOTINE	53	48		
GOBP_RESPONSE_TO_NITRIC_OXIDE	20	18		
GOBP_RESPONSE_TO_NITROGEN_COMPOUND	1106		Rejected!	
GOBP_RESPONSE_TO_NITROSATIVE_STRESS	10		Rejected!	
GOBP_RESPONSE_TO_NUTRIENT	168	162		
GOBP_RESPONSE_TO_NUTRIENT_LEVELS	500	476		
GOBP_RESPONSE_TO_ODORANT	5		Rejected!	
GOBP_RESPONSE_TO_ORGANIC_CYCLIC_COMPOUND	907		Rejected!	
GOBP_RESPONSE_TO_ORGANOPHOSPHORUS	130	124		
GOBP_RESPONSE_TO_OSMOTIC_STRESS	84	84		
GOBP_RESPONSE_TO_OXIDATIVE_STRESS	404	367		
GOBP_RESPONSE_TO_OXYGEN_CONTAINING_COMPOUND	1678		Rejected!	
GOBP_RESPONSE_TO_OXYGEN_GLUCOSE_DEPRIVATION	9		Rejected!	
GOBP_RESPONSE_TO_OXYGEN_LEVELS	352	320		
GOBP_RESPONSE_TO_OXYGEN_RADICAL	28	25		
GOBP_RESPONSE_TO_OZONE	5		Rejected!	
GOBP_RESPONSE_TO_PAIN	36	34		
GOBP_RESPONSE_TO_PARATHYROID_HORMONE	13		Rejected!	
GOBP_RESPONSE_TO_PEPTIDE	20	19		
GOBP_RESPONSE_TO_PEPTIDE_HORMONE	444	421		
GOBP_RESPONSE_TO_PEPTIDOGLYCAN	13		Rejected!	
GOBP_RESPONSE_TO_PH	40	38		
GOBP_RESPONSE_TO_PHENYLPROPANOID	5		Rejected!	
GOBP_RESPONSE_TO_PHEROMONE	9		Rejected!	
GOBP_RESPONSE_TO_PHORBOL_13_ACETATE_12_MYRISTATE	10		Rejected!	
GOBP_RESPONSE_TO_PLATELET_DERIVED_GROWTH_FACTOR	25	21		
GOBP_RESPONSE_TO_POTASSIUM_ION	19	19		
GOBP_RESPONSE_TO_PROGESTERONE	44	43		
GOBP_RESPONSE_TO_PROSTAGLANDIN	33	33		
GOBP_RESPONSE_TO_PROSTAGLANDIN_D	5		Rejected!	
GOBP_RESPONSE_TO_PROSTAGLANDIN_E	25	25		
GOBP_RESPONSE_TO_PROTOZOAN	31	29		
GOBP_RESPONSE_TO_PURINE_CONTAINING_COMPOUND	145	136		
GOBP_RESPONSE_TO_RADIATION	433	406		
GOBP_RESPONSE_TO_RAPAMYCIN	5		Rejected!	
GOBP_RESPONSE_TO_REACTIVE_OXYGEN_SPECIES	205	187		
GOBP_RESPONSE_TO_REDOX_STATE	14		Rejected!	
GOBP_RESPONSE_TO_RETINOIC_ACID	106	104		
GOBP_RESPONSE_TO_SALT	23	22		
GOBP_RESPONSE_TO_SALT_STRESS	24	24		
GOBP_RESPONSE_TO_SELENIUM_ION	10		Rejected!	
GOBP_RESPONSE_TO_SODIUM_ARSENITE	6		Rejected!	
GOBP_RESPONSE_TO_SODIUM_PHOSPHATE	10		Rejected!	
GOBP_RESPONSE_TO_SORBITOL	6		Rejected!	
GOBP_RESPONSE_TO_STARVATION	214	199		
GOBP_RESPONSE_TO_STEROID_HORMONE	341	331		
GOBP_RESPONSE_TO_STEROL	35	31		
GOBP_RESPONSE_TO_STEROL_DEPLETION	18	15		
GOBP_RESPONSE_TO_STILBENOID	8		Rejected!	
GOBP_RESPONSE_TO_STIMULUS_INVOLVED_IN_REGULATION_OF_MUSCLE_ADAPTATION	14		Rejected!	
GOBP_RESPONSE_TO_SYMBIONT	6		Rejected!	
GOBP_RESPONSE_TO_TEMPERATURE_STIMULUS	175	163		
GOBP_RESPONSE_TO_TESTOSTERONE	45	44		
GOBP_RESPONSE_TO_THYROGLOBULIN_TRIIODOTHYRONINE	5		Rejected!	
GOBP_RESPONSE_TO_THYROID_HORMONE	24	23		
GOBP_RESPONSE_TO_THYROXINE	5		Rejected!	
GOBP_RESPONSE_TO_TOPOLOGICALLY_INCORRECT_PROTEIN	154	145		
GOBP_RESPONSE_TO_TOXIC_SUBSTANCE	266	237		
GOBP_RESPONSE_TO_TRANSFORMING_GROWTH_FACTOR_BETA	314	257		
GOBP_RESPONSE_TO_TUMOR_CELL	45	41		
GOBP_RESPONSE_TO_TUMOR_NECROSIS_FACTOR	241	220		
GOBP_RESPONSE_TO_TYPE_III_INTERFERON	12		Rejected!	
GOBP_RESPONSE_TO_TYPE_II_INTERFERON	119	114		
GOBP_RESPONSE_TO_TYPE_I_INTERFERON	90	85		
GOBP_RESPONSE_TO_UV	156	150		
GOBP_RESPONSE_TO_UV_A	14		Rejected!	
GOBP_RESPONSE_TO_UV_B	21	20		
GOBP_RESPONSE_TO_UV_C	14		Rejected!	
GOBP_RESPONSE_TO_VASOPRESSIN	8		Rejected!	
GOBP_RESPONSE_TO_VIRUS	416	384		
GOBP_RESPONSE_TO_VITAMIN	92	87		
GOBP_RESPONSE_TO_VITAMIN_A	15	15		
GOBP_RESPONSE_TO_VITAMIN_D	38	35		
GOBP_RESPONSE_TO_VITAMIN_E	9		Rejected!	
GOBP_RESPONSE_TO_VITAMIN_K	5		Rejected!	
GOBP_RESPONSE_TO_WATER	13		Rejected!	
GOBP_RESPONSE_TO_WATER_DEPRIVATION	5		Rejected!	
GOBP_RESPONSE_TO_WOUNDING	574		Rejected!	
GOBP_RESPONSE_TO_XENOBIOTIC_STIMULUS	449	426		
GOBP_RESPONSE_TO_X_RAY	28	26		
GOBP_RESPONSE_TO_YEAST	7		Rejected!	
GOBP_RESPONSE_TO_ZINC_ION	51	48		
GOBP_RESPONSE_TO_ZINC_ION_STARVATION	9		Rejected!	
GOBP_RETICULOPHAGY	21	16		
GOBP_RETINAL_BIPOLAR_NEURON_DIFFERENTIATION	8		Rejected!	
GOBP_RETINAL_BLOOD_VESSEL_MORPHOGENESIS	6		Rejected!	
GOBP_RETINAL_CELL_APOPTOTIC_PROCESS	7		Rejected!	
GOBP_RETINAL_CELL_PROGRAMMED_CELL_DEATH	6		Rejected!	
GOBP_RETINAL_CONE_CELL_DEVELOPMENT	11		Rejected!	
GOBP_RETINAL_CONE_CELL_DIFFERENTIATION	13		Rejected!	
GOBP_RETINAL_GANGLION_CELL_AXON_GUIDANCE	23	23		
GOBP_RETINAL_METABOLIC_PROCESS	18	17		
GOBP_RETINAL_PIGMENT_EPITHELIUM_DEVELOPMENT	7		Rejected!	
GOBP_RETINAL_ROD_CELL_DEVELOPMENT	10		Rejected!	
GOBP_RETINAL_ROD_CELL_DIFFERENTIATION	17	17		
GOBP_RETINA_DEVELOPMENT_IN_CAMERA_TYPE_EYE	161	159		
GOBP_RETINA_HOMEOSTASIS	55	54		
GOBP_RETINA_LAYER_FORMATION	25	23		
GOBP_RETINA_MORPHOGENESIS_IN_CAMERA_TYPE_EYE	66	64		
GOBP_RETINA_VASCULATURE_DEVELOPMENT_IN_CAMERA_TYPE_EYE	20	20		
GOBP_RETINA_VASCULATURE_MORPHOGENESIS_IN_CAMERA_TYPE_EYE	10		Rejected!	
GOBP_RETINOIC_ACID_METABOLIC_PROCESS	33	33		
GOBP_RETINOIC_ACID_RECEPTOR_SIGNALING_PATHWAY	32	32		
GOBP_RETINOL_METABOLIC_PROCESS	52	52		
GOBP_RETROGRADE_AXONAL_TRANSPORT	22	22		
GOBP_RETROGRADE_NEURONAL_DENSE_CORE_VESICLE_TRANSPORT	5		Rejected!	
GOBP_RETROGRADE_TRANSPORT_ENDOSOME_TO_GOLGI	106	92		
GOBP_RETROGRADE_TRANSPORT_VESICLE_RECYCLING_WITHIN_GOLGI	9		Rejected!	
GOBP_RETROGRADE_TRANS_SYNAPTIC_SIGNALING	10		Rejected!	
GOBP_RETROGRADE_TRANS_SYNAPTIC_SIGNALING_BY_LIPID	5		Rejected!	
GOBP_RETROGRADE_VESICLE_MEDIATED_TRANSPORT_GOLGI_TO_ENDOPLASMIC_RETICULUM	52	50		
GOBP_RETROTRANSPOSON_SILENCING_BY_HETEROCHROMATIN_FORMATION	15		Rejected!	
GOBP_REVERSE_CHOLESTEROL_TRANSPORT	20	17		
GOBP_REVERSIBLE_DIFFERENTIATION	12		Rejected!	
GOBP_RHODOPSIN_MEDIATED_SIGNALING_PATHWAY	12		Rejected!	
GOBP_RHOMBOMERE_DEVELOPMENT	8		Rejected!	
GOBP_RHO_PROTEIN_SIGNAL_TRANSDUCTION	147	139		
GOBP_RHYTHMIC_BEHAVIOR	46	45		
GOBP_RHYTHMIC_PROCESS	300	289		
GOBP_RIBOFLAVIN_METABOLIC_PROCESS	5		Rejected!	
GOBP_RIBOFLAVIN_TRANSPORT	6		Rejected!	
GOBP_RIBONUCLEOPROTEIN_COMPLEX_BIOGENESIS	491	431		
GOBP_RIBONUCLEOPROTEIN_COMPLEX_LOCALIZATION	12		Rejected!	
GOBP_RIBONUCLEOSIDE_CATABOLIC_PROCESS	21	20		
GOBP_RIBONUCLEOSIDE_DIPHOSPHATE_BIOSYNTHETIC_PROCESS	10		Rejected!	
GOBP_RIBONUCLEOSIDE_METABOLIC_PROCESS	37	35		
GOBP_RIBONUCLEOSIDE_MONOPHOSPHATE_BIOSYNTHETIC_PROCESS	35	33		
GOBP_RIBONUCLEOSIDE_MONOPHOSPHATE_CATABOLIC_PROCESS	15	15		
GOBP_RIBONUCLEOSIDE_MONOPHOSPHATE_METABOLIC_PROCESS	60	57		
GOBP_RIBOSE_PHOSPHATE_BIOSYNTHETIC_PROCESS	232	187		
GOBP_RIBOSE_PHOSPHATE_METABOLIC_PROCESS	483	428		
GOBP_RIBOSOMAL_LARGE_SUBUNIT_ASSEMBLY	23	21		
GOBP_RIBOSOMAL_LARGE_SUBUNIT_BIOGENESIS	69	62		
GOBP_RIBOSOMAL_LARGE_SUBUNIT_EXPORT_FROM_NUCLEUS	7		Rejected!	
GOBP_RIBOSOMAL_SMALL_SUBUNIT_ASSEMBLY	20	18		
GOBP_RIBOSOMAL_SMALL_SUBUNIT_BIOGENESIS	106	100		
GOBP_RIBOSOMAL_SMALL_SUBUNIT_EXPORT_FROM_NUCLEUS	8		Rejected!	
GOBP_RIBOSOMAL_SUBUNIT_EXPORT_FROM_NUCLEUS	15	15		
GOBP_RIBOSOME_ASSEMBLY	63	58		
GOBP_RIBOSOME_ASSOCIATED_UBIQUITIN_DEPENDENT_PROTEIN_CATABOLIC_PROCESS	7		Rejected!	
GOBP_RIBOSOME_BIOGENESIS	319	292		
GOBP_RIBOSOME_DISASSEMBLY	41	36		
GOBP_RIGHTING_REFLEX	8		Rejected!	
GOBP_RIG_I_SIGNALING_PATHWAY	28	24		
GOBP_RISC_COMPLEX_ASSEMBLY	10		Rejected!	
GOBP_RNA_3_END_PROCESSING	90	83		
GOBP_RNA_3_URIDYLATION	5		Rejected!	
GOBP_RNA_5_END_PROCESSING	38	34		
GOBP_RNA_CAPPING	16		Rejected!	
GOBP_RNA_CATABOLIC_PROCESS	405	276		
GOBP_RNA_DECAPPING	19	18		
GOBP_RNA_EXPORT_FROM_NUCLEUS	93	83		
GOBP_RNA_GUANINE_N7_METHYLATION	7		Rejected!	
GOBP_RNA_IMPORT_INTO_MITOCHONDRION	5		Rejected!	
GOBP_RNA_LOCALIZATION	201	187		
GOBP_RNA_METHYLATION	82	72		
GOBP_RNA_MODIFICATION	171	153		
GOBP_RNA_POLYMERASE_II_PREINITIATION_COMPLEX_ASSEMBLY	67	54		
GOBP_RNA_POLYMERASE_I_PREINITIATION_COMPLEX_ASSEMBLY	11		Rejected!	
GOBP_RNA_PROCESSING	1423		Rejected!	
GOBP_RNA_SECONDARY_STRUCTURE_UNWINDING	9		Rejected!	
GOBP_RNA_SPLICING	478	426		
GOBP_RNA_SPLICING_VIA_ENDONUCLEOLYTIC_CLEAVAGE_AND_LIGATION	14		Rejected!	
GOBP_RNA_SPLICING_VIA_TRANSESTERIFICATION_REACTIONS	337	296		
GOBP_RNA_STABILIZATION	75	67		
GOBP_RNA_SURVEILLANCE	18	18		
GOBP_RNA_TEMPLATED_DNA_BIOSYNTHETIC_PROCESS	72	68		
GOBP_ROOF_OF_MOUTH_DEVELOPMENT	91	91		
GOBP_ROSTROCAUDAL_NEURAL_TUBE_PATTERNING	11		Rejected!	
GOBP_ROUNDABOUT_SIGNALING_PATHWAY	5		Rejected!	
GOBP_RRNA_3_END_PROCESSING	10		Rejected!	
GOBP_RRNA_5_END_PROCESSING	5		Rejected!	
GOBP_RRNA_BASE_METHYLATION	11		Rejected!	
GOBP_RRNA_CATABOLIC_PROCESS	14		Rejected!	
GOBP_RRNA_METABOLIC_PROCESS	265	240		
GOBP_RRNA_METHYLATION	27	21		
GOBP_RRNA_MODIFICATION	36	30		
GOBP_RRNA_PROCESSING	224	207		
GOBP_RRNA_PSEUDOURIDINE_SYNTHESIS	8		Rejected!	
GOBP_RRNA_TRANSCRIPTION	40	32		
GOBP_RUFFLE_ASSEMBLY	45	44		
GOBP_RUFFLE_ORGANIZATION	57	56		
GOBP_R_LOOP_PROCESSING	9		Rejected!	
GOBP_SALIVARY_GLAND_DEVELOPMENT	37	36		
GOBP_SALIVA_SECRETION	13		Rejected!	
GOBP_SARCOMERE_ORGANIZATION	51	50		
GOBP_SARCOPLASMIC_RETICULUM_CALCIUM_ION_TRANSPORT	44	39		
GOBP_SATELLITE_CELL_ACTIVATION_INVOLVED_IN_SKELETAL_MUSCLE_REGENERATION	6		Rejected!	
GOBP_SA_NODE_CELL_TO_ATRIAL_CARDIAC_MUSCLE_CELL_COMMUNICATION	11		Rejected!	
GOBP_SA_NODE_CELL_TO_ATRIAL_CARDIAC_MUSCLE_CELL_SIGNALING	9		Rejected!	
GOBP_SCARNA_LOCALIZATION_TO_CAJAL_BODY	5		Rejected!	
GOBP_SCF_DEPENDENT_PROTEASOMAL_UBIQUITIN_DEPENDENT_PROTEIN_CATABOLIC_PROCESS	46	41		
GOBP_SCHWANN_CELL_DIFFERENTIATION	49	47		
GOBP_SCHWANN_CELL_MIGRATION	7		Rejected!	
GOBP_SCHWANN_CELL_PROLIFERATION	11		Rejected!	
GOBP_SEBACEOUS_GLAND_DEVELOPMENT	10		Rejected!	
GOBP_SECONDARY_HEART_FIELD_SPECIFICATION	11		Rejected!	
GOBP_SECONDARY_METABOLIC_PROCESS	57	56		
GOBP_SECONDARY_METABOLITE_BIOSYNTHETIC_PROCESS	26	25		
GOBP_SECONDARY_PALATE_DEVELOPMENT	26	26		
GOBP_SECRETION	984		Rejected!	
GOBP_SECRETION_BY_TISSUE	47	47		
GOBP_SECRETION_OF_LYSOSOMAL_ENZYMES	7		Rejected!	
GOBP_SECRETORY_GRANULE_LOCALIZATION	23	22		
GOBP_SECRETORY_GRANULE_ORGANIZATION	67	64		
GOBP_SEGMENTATION	102	98		
GOBP_SEGMENT_SPECIFICATION	17	16		
GOBP_SELF_PROTEOLYSIS	12		Rejected!	
GOBP_SEMAPHORIN_PLEXIN_SIGNALING_PATHWAY	46	46		
GOBP_SEMICIRCULAR_CANAL_DEVELOPMENT	9		Rejected!	
GOBP_SEMICIRCULAR_CANAL_MORPHOGENESIS	7		Rejected!	
GOBP_SEMINIFEROUS_TUBULE_DEVELOPMENT	16	16		
GOBP_SEMI_LUNAR_VALVE_DEVELOPMENT	48	48		
GOBP_SENSORY_ORGAN_DEVELOPMENT	593		Rejected!	
GOBP_SENSORY_ORGAN_MORPHOGENESIS	279	273		
GOBP_SENSORY_PERCEPTION	989		Rejected!	
GOBP_SENSORY_PERCEPTION_OF_BITTER_TASTE	46	43		
GOBP_SENSORY_PERCEPTION_OF_CHEMICAL_STIMULUS	535	465		
GOBP_SENSORY_PERCEPTION_OF_LIGHT_STIMULUS	223	215		
GOBP_SENSORY_PERCEPTION_OF_MECHANICAL_STIMULUS	186	169		
GOBP_SENSORY_PERCEPTION_OF_PAIN	81	72		
GOBP_SENSORY_PERCEPTION_OF_SMELL	456	394		
GOBP_SENSORY_PERCEPTION_OF_SOUR_TASTE	9		Rejected!	
GOBP_SENSORY_PERCEPTION_OF_SWEET_TASTE	7		Rejected!	
GOBP_SENSORY_PERCEPTION_OF_TASTE	68	63		
GOBP_SENSORY_PERCEPTION_OF_TEMPERATURE_STIMULUS	29	29		
GOBP_SENSORY_PERCEPTION_OF_TOUCH	5		Rejected!	
GOBP_SENSORY_PERCEPTION_OF_UMAMI_TASTE	7		Rejected!	
GOBP_SENSORY_SYSTEM_DEVELOPMENT	404	397		
GOBP_SEPTUM_PRIMUM_DEVELOPMENT	5		Rejected!	
GOBP_SEQUESTERING_OF_ACTIN_MONOMERS	11		Rejected!	
GOBP_SEQUESTERING_OF_BMP_IN_EXTRACELLULAR_MATRIX	5		Rejected!	
GOBP_SEQUESTERING_OF_CALCIUM_ION	138	129		
GOBP_SEQUESTERING_OF_EXTRACELLULAR_LIGAND_FROM_RECEPTOR	11		Rejected!	
GOBP_SEQUESTERING_OF_IRON_ION	8		Rejected!	
GOBP_SEQUESTERING_OF_METAL_ION	12		Rejected!	
GOBP_SEQUESTERING_OF_TRIGLYCERIDE	18	17		
GOBP_SERINE_FAMILY_AMINO_ACID_BIOSYNTHETIC_PROCESS	17	16		
GOBP_SERINE_FAMILY_AMINO_ACID_CATABOLIC_PROCESS	13		Rejected!	
GOBP_SERINE_FAMILY_AMINO_ACID_METABOLIC_PROCESS	33	32		
GOBP_SERINE_PHOSPHORYLATION_OF_STAT_PROTEIN	23	23		
GOBP_SERINE_TRANSPORT	10		Rejected!	
GOBP_SEROTONERGIC_NEURON_AXON_GUIDANCE	5		Rejected!	
GOBP_SEROTONIN_METABOLIC_PROCESS	11		Rejected!	
GOBP_SEROTONIN_RECEPTOR_SIGNALING_PATHWAY	9		Rejected!	
GOBP_SEROTONIN_SECRETION	10		Rejected!	
GOBP_SEROTONIN_TRANSPORT	22	22		
GOBP_SEROTONIN_UPTAKE	13		Rejected!	
GOBP_SERTOLI_CELL_DEVELOPMENT	15	15		
GOBP_SERTOLI_CELL_DIFFERENTIATION	22	21		
GOBP_SERTOLI_CELL_PROLIFERATION	5		Rejected!	
GOBP_SEXUAL_REPRODUCTION	1099		Rejected!	
GOBP_SEX_CHROMOSOME_DOSAGE_COMPENSATION	17	15		
GOBP_SEX_DETERMINATION	22	22		
GOBP_SEX_DIFFERENTIATION	290	277		
GOBP_SHORT_CHAIN_FATTY_ACID_CATABOLIC_PROCESS	7		Rejected!	
GOBP_SHORT_CHAIN_FATTY_ACID_METABOLIC_PROCESS	16	15		
GOBP_SHORT_TERM_MEMORY	11		Rejected!	
GOBP_SIALYLATION	10		Rejected!	
GOBP_SIGNALING_RECEPTOR_LIGAND_PRECURSOR_PROCESSING	40	39		
GOBP_SIGNAL_COMPLEX_ASSEMBLY	8		Rejected!	
GOBP_SIGNAL_PEPTIDE_PROCESSING	14		Rejected!	
GOBP_SIGNAL_RELEASE	491	469		
GOBP_SIGNAL_TRANSDUCTION_BY_P53_CLASS_MEDIATOR	178	168		
GOBP_SIGNAL_TRANSDUCTION_INVOLVED_IN_REGULATION_OF_GENE_EXPRESSION	23	23		
GOBP_SIGNAL_TRANSDUCTION_IN_ABSENCE_OF_LIGAND	69	66		
GOBP_SIGNAL_TRANSDUCTION_IN_RESPONSE_TO_DNA_DAMAGE	189	176		
GOBP_SINGLE_FERTILIZATION	170	153		
GOBP_SINGLE_STRANDED_VIRAL_RNA_REPLICATION_VIA_DOUBLE_STRANDED_DNA_INTERMEDIATE	20	18		
GOBP_SINGLE_STRAND_BREAK_REPAIR	12		Rejected!	
GOBP_SINOATRIAL_NODE_CELL_DEVELOPMENT	5		Rejected!	
GOBP_SINOATRIAL_NODE_CELL_DIFFERENTIATION	6		Rejected!	
GOBP_SINOATRIAL_NODE_DEVELOPMENT	12		Rejected!	
GOBP_SIRNA_MEDIATED_RETROTRANSPOSON_SILENCING_BY_HETEROCHROMATIN_FORMATION	10		Rejected!	
GOBP_SIRNA_PROCESSING	8		Rejected!	
GOBP_SISTER_CHROMATID_COHESION	59	49		
GOBP_SISTER_CHROMATID_SEGREGATION	235	222		
GOBP_SKELETAL_MUSCLE_ACETYLCHOLINE_GATED_CHANNEL_CLUSTERING	13		Rejected!	
GOBP_SKELETAL_MUSCLE_ADAPTATION	25	22		
GOBP_SKELETAL_MUSCLE_ATROPHY	5		Rejected!	
GOBP_SKELETAL_MUSCLE_CELL_DIFFERENTIATION	80	76		
GOBP_SKELETAL_MUSCLE_CELL_PROLIFERATION	25	23		
GOBP_SKELETAL_MUSCLE_CONTRACTION	47	44		
GOBP_SKELETAL_MUSCLE_FIBER_DIFFERENTIATION	12		Rejected!	
GOBP_SKELETAL_MUSCLE_ORGAN_DEVELOPMENT	186	176		
GOBP_SKELETAL_MUSCLE_SATELLITE_CELL_ACTIVATION	9		Rejected!	
GOBP_SKELETAL_MUSCLE_SATELLITE_CELL_DIFFERENTIATION	13		Rejected!	
GOBP_SKELETAL_MUSCLE_SATELLITE_CELL_MAINTENANCE_INVOLVED_IN_SKELETAL_MUSCLE_REGENERATION	5		Rejected!	
GOBP_SKELETAL_MUSCLE_SATELLITE_CELL_PROLIFERATION	17	17		
GOBP_SKELETAL_MUSCLE_THIN_FILAMENT_ASSEMBLY	7		Rejected!	
GOBP_SKELETAL_MUSCLE_TISSUE_GROWTH	11		Rejected!	
GOBP_SKELETAL_MUSCLE_TISSUE_REGENERATION	43	37		
GOBP_SKELETAL_MYOFIBRIL_ASSEMBLY	10		Rejected!	
GOBP_SKELETAL_SYSTEM_DEVELOPMENT	531		Rejected!	
GOBP_SKELETAL_SYSTEM_MORPHOGENESIS	230	219		
GOBP_SKIN_DEVELOPMENT	321	308		
GOBP_SKIN_EPIDERMIS_DEVELOPMENT	131	128		
GOBP_SKIN_MORPHOGENESIS	13		Rejected!	
GOBP_SLEEP	22	22		
GOBP_SMAD_PROTEIN_SIGNAL_TRANSDUCTION	96	77		
GOBP_SMALL_GTPASE_MEDIATED_SIGNAL_TRANSDUCTION	502	478		
GOBP_SMALL_MOLECULE_BIOSYNTHETIC_PROCESS	605		Rejected!	
GOBP_SMALL_MOLECULE_CATABOLIC_PROCESS	380	366		
GOBP_SMALL_MOLECULE_METABOLIC_PROCESS	1836		Rejected!	
GOBP_SMALL_NUCLEOLAR_RIBONUCLEOPROTEIN_COMPLEX_ASSEMBLY	12		Rejected!	
GOBP_SMOOTHENED_SIGNALING_PATHWAY	148	134		
GOBP_SMOOTHENED_SIGNALING_PATHWAY_INVOLVED_IN_DORSAL_VENTRAL_NEURAL_TUBE_PATTERNING	5		Rejected!	
GOBP_SMOOTH_MUSCLE_ADAPTATION	5		Rejected!	
GOBP_SMOOTH_MUSCLE_CELL_APOPTOTIC_PROCESS	39	30		
GOBP_SMOOTH_MUSCLE_CELL_CHEMOTAXIS	9		Rejected!	
GOBP_SMOOTH_MUSCLE_CELL_DIFFERENTIATION	79	62		
GOBP_SMOOTH_MUSCLE_CELL_MATRIX_ADHESION	6		Rejected!	
GOBP_SMOOTH_MUSCLE_CELL_MIGRATION	98	69		
GOBP_SMOOTH_MUSCLE_CELL_PROLIFERATION	177	135		
GOBP_SMOOTH_MUSCLE_CONTRACTION	109	102		
GOBP_SMOOTH_MUSCLE_TISSUE_DEVELOPMENT	27	24		
GOBP_SNARE_COMPLEX_ASSEMBLY	23	21		
GOBP_SNORNA_LOCALIZATION	6		Rejected!	
GOBP_SNO_S_RNA_METABOLIC_PROCESS	17	16		
GOBP_SNO_S_RNA_PROCESSING	14		Rejected!	
GOBP_SNRNA_3_END_PROCESSING	23	21		
GOBP_SNRNA_CATABOLIC_PROCESS	5		Rejected!	
GOBP_SNRNA_METABOLIC_PROCESS	59	54		
GOBP_SNRNA_MODIFICATION	7		Rejected!	
GOBP_SNRNA_PROCESSING	29	25		
GOBP_SNRNA_TRANSCRIPTION	20	20		
GOBP_SNRNA_TRANSCRIPTION_BY_RNA_POLYMERASE_II	16	16		
GOBP_SNRNA_TRANSCRIPTION_BY_RNA_POLYMERASE_III	9		Rejected!	
GOBP_SNRNA_TRANSPORT	6		Rejected!	
GOBP_SODIUM_DEPENDENT_PHOSPHATE_TRANSPORT	12		Rejected!	
GOBP_SODIUM_INDEPENDENT_ORGANIC_ANION_TRANSPORT	15	15		
GOBP_SODIUM_ION_EXPORT_ACROSS_PLASMA_MEMBRANE	15	15		
GOBP_SODIUM_ION_HOMEOSTASIS	47	46		
GOBP_SODIUM_ION_IMPORT_ACROSS_PLASMA_MEMBRANE	26	23		
GOBP_SODIUM_ION_TRANSMEMBRANE_TRANSPORT	190	183		
GOBP_SODIUM_ION_TRANSPORT	252	242		
GOBP_SOFT_PALATE_DEVELOPMENT	5		Rejected!	
GOBP_SOMATIC_DIVERSIFICATION_OF_IMMUNE_RECEPTORS	79	73		
GOBP_SOMATIC_DIVERSIFICATION_OF_IMMUNE_RECEPTORS_VIA_SOMATIC_MUTATION	14		Rejected!	
GOBP_SOMATIC_DIVERSIFICATION_OF_IMMUNOGLOBULINS	67	61		
GOBP_SOMATIC_MOTOR_NEURON_DIFFERENTIATION	5		Rejected!	
GOBP_SOMATIC_STEM_CELL_DIVISION	12		Rejected!	
GOBP_SOMATIC_STEM_CELL_POPULATION_MAINTENANCE	68	67		
GOBP_SOMATOSTATIN_RECEPTOR_SIGNALING_PATHWAY	6		Rejected!	
GOBP_SOMATOTROPIN_SECRETING_CELL_DIFFERENTIATION	5		Rejected!	
GOBP_SOMITE_DEVELOPMENT	84	81		
GOBP_SOMITE_ROSTRAL_CAUDAL_AXIS_SPECIFICATION	11		Rejected!	
GOBP_SOMITE_SPECIFICATION	5		Rejected!	
GOBP_SOMITOGENESIS	65	63		
GOBP_SPECIFICATION_OF_ANIMAL_ORGAN_IDENTITY	37	36		
GOBP_SPECIFICATION_OF_SYMMETRY	147	131		
GOBP_SPERMATID_DIFFERENTIATION	228	200		
GOBP_SPERMATID_NUCLEUS_DIFFERENTIATION	27	24		
GOBP_SPERMIDINE_METABOLIC_PROCESS	9		Rejected!	
GOBP_SPERMIDINE_TRANSPORT	5		Rejected!	
GOBP_SPERMINE_METABOLIC_PROCESS	5		Rejected!	
GOBP_SPERM_AXONEME_ASSEMBLY	32	30		
GOBP_SPERM_CAPACITATION	34	28		
GOBP_SPERM_DNA_CONDENSATION	17		Rejected!	
GOBP_SPERM_EGG_RECOGNITION	51	49		
GOBP_SPERM_EJACULATION	6		Rejected!	
GOBP_SPERM_FLAGELLUM_ASSEMBLY	49	45		
GOBP_SPERM_MITOCHONDRIAL_SHEATH_ASSEMBLY	6		Rejected!	
GOBP_SPERM_MOTILITY	146	121		
GOBP_SPHINGOID_BIOSYNTHETIC_PROCESS	14		Rejected!	
GOBP_SPHINGOID_METABOLIC_PROCESS	22	20		
GOBP_SPHINGOLIPID_BIOSYNTHETIC_PROCESS	111	104		
GOBP_SPHINGOLIPID_MEDIATED_SIGNALING_PATHWAY	18	17		
GOBP_SPHINGOLIPID_METABOLIC_PROCESS	171	159		
GOBP_SPHINGOMYELIN_BIOSYNTHETIC_PROCESS	11		Rejected!	
GOBP_SPHINGOMYELIN_CATABOLIC_PROCESS	8		Rejected!	
GOBP_SPHINGOMYELIN_METABOLIC_PROCESS	20	20		
GOBP_SPHINGOSINE_1_PHOSPHATE_RECEPTOR_SIGNALING_PATHWAY	15		Rejected!	
GOBP_SPINAL_CORD_ASSOCIATION_NEURON_DIFFERENTIATION	12		Rejected!	
GOBP_SPINAL_CORD_DEVELOPMENT	99	96		
GOBP_SPINAL_CORD_MOTOR_NEURON_CELL_FATE_SPECIFICATION	10		Rejected!	
GOBP_SPINAL_CORD_MOTOR_NEURON_DIFFERENTIATION	29	28		
GOBP_SPINAL_CORD_OLIGODENDROCYTE_CELL_DIFFERENTIATION	5		Rejected!	
GOBP_SPINAL_CORD_PATTERNING	18	17		
GOBP_SPINDLE_ASSEMBLY	132	121		
GOBP_SPINDLE_ASSEMBLY_INVOLVED_IN_FEMALE_MEIOSIS	9		Rejected!	
GOBP_SPINDLE_ELONGATION	14		Rejected!	
GOBP_SPINDLE_LOCALIZATION	62	59		
GOBP_SPINDLE_MIDZONE_ASSEMBLY	14		Rejected!	
GOBP_SPINDLE_ORGANIZATION	200	188		
GOBP_SPLEEN_DEVELOPMENT	38	38		
GOBP_SPLICEOSOMAL_COMPLEX_ASSEMBLY	94	78		
GOBP_SPLICEOSOMAL_CONFORMATIONAL_CHANGES_TO_GENERATE_CATALYTIC_CONFORMATION	5		Rejected!	
GOBP_SPLICEOSOMAL_SNRNP_ASSEMBLY	53	41		
GOBP_SPLICEOSOMAL_TRI_SNRNP_COMPLEX_ASSEMBLY	27	16		
GOBP_SPONTANEOUS_NEUROTRANSMITTER_SECRETION	8		Rejected!	
GOBP_SPONTANEOUS_SYNAPTIC_TRANSMISSION	14		Rejected!	
GOBP_SPROUTING_ANGIOGENESIS	199	129		
GOBP_SRP_DEPENDENT_COTRANSLATIONAL_PROTEIN_TARGETING_TO_MEMBRANE	25	18		
GOBP_SRP_DEPENDENT_COTRANSLATIONAL_PROTEIN_TARGETING_TO_MEMBRANE_SIGNAL_SEQUENCE_RECOGNITION	12		Rejected!	
GOBP_SRP_DEPENDENT_COTRANSLATIONAL_PROTEIN_TARGETING_TO_MEMBRANE_TRANSLOCATION	8		Rejected!	
GOBP_STABILIZATION_OF_MEMBRANE_POTENTIAL	17	17		
GOBP_STARTLE_RESPONSE	28	25		
GOBP_STEM_CELL_DEVELOPMENT	87	85		
GOBP_STEM_CELL_DIFFERENTIATION	249	237		
GOBP_STEM_CELL_DIVISION	34	30		
GOBP_STEM_CELL_FATE_COMMITMENT	10		Rejected!	
GOBP_STEM_CELL_FATE_SPECIFICATION	6		Rejected!	
GOBP_STEM_CELL_PROLIFERATION	126	109		
GOBP_STEROID_BIOSYNTHETIC_PROCESS	186	174		
GOBP_STEROID_CATABOLIC_PROCESS	25	25		
GOBP_STEROID_HORMONE_BIOSYNTHETIC_PROCESS	44	44		
GOBP_STEROID_HORMONE_MEDIATED_SIGNALING_PATHWAY	138	134		
GOBP_STEROID_HORMONE_SECRETION	27	25		
GOBP_STEROID_METABOLIC_PROCESS	330	312		
GOBP_STEROL_BIOSYNTHETIC_PROCESS	68	60		
GOBP_STEROL_HOMEOSTASIS	103	85		
GOBP_STEROL_METABOLIC_PROCESS	157	147		
GOBP_STEROL_TRANSPORT	128	106		
GOBP_STOMACH_DEVELOPMENT	5		Rejected!	
GOBP_STORE_OPERATED_CALCIUM_ENTRY	23	20		
GOBP_STRESS_ACTIVATED_PROTEIN_KINASE_SIGNALING_CASCADE	58	54		
GOBP_STRESS_FIBER_ASSEMBLY	113	107		
GOBP_STRESS_GRANULE_ASSEMBLY	34	34		
GOBP_STRESS_GRANULE_DISASSEMBLY	7		Rejected!	
GOBP_STRESS_INDUCED_PREMATURE_SENESCENCE	8		Rejected!	
GOBP_STRIATED_MUSCLE_ADAPTATION	56	45		
GOBP_STRIATED_MUSCLE_ATROPHY	7		Rejected!	
GOBP_STRIATED_MUSCLE_CELL_APOPTOTIC_PROCESS	58	43		
GOBP_STRIATED_MUSCLE_CELL_DEVELOPMENT	79	78		
GOBP_STRIATED_MUSCLE_CELL_DIFFERENTIATION	314	288		
GOBP_STRIATED_MUSCLE_CELL_PROLIFERATION	84	67		
GOBP_STRIATED_MUSCLE_CONTRACTION	193	182		
GOBP_STRIATED_MUSCLE_TISSUE_DEVELOPMENT	270	245		
GOBP_STRIATUM_DEVELOPMENT	22	21		
GOBP_SUBPALLIUM_DEVELOPMENT	28	27		
GOBP_SUBSTANTIA_NIGRA_DEVELOPMENT	44	38		
GOBP_SUBSTRATE_ADHESION_DEPENDENT_CELL_SPREADING	101	99		
GOBP_SUBSTRATE_DEPENDENT_CELL_MIGRATION	26	24		
GOBP_SUBSTRATE_DEPENDENT_CELL_MIGRATION_CELL_EXTENSION	9		Rejected!	
GOBP_SUBSTRATE_INDEPENDENT_TELENCEPHALIC_TANGENTIAL_MIGRATION	10		Rejected!	
GOBP_SUBTELOMERIC_HETEROCHROMATIN_FORMATION	9		Rejected!	
GOBP_SUCCINATE_METABOLIC_PROCESS	7		Rejected!	
GOBP_SUCCINATE_TRANSMEMBRANE_TRANSPORT	6		Rejected!	
GOBP_SUCCINYL_COA_CATABOLIC_PROCESS	6		Rejected!	
GOBP_SUCCINYL_COA_METABOLIC_PROCESS	10		Rejected!	
GOBP_SUCKLING_BEHAVIOR	12		Rejected!	
GOBP_SUGAR_MEDIATED_SIGNALING_PATHWAY	9		Rejected!	
GOBP_SULFATE_TRANSPORT	17	16		
GOBP_SULFATION	22	20		
GOBP_SULFUR_AMINO_ACID_BIOSYNTHETIC_PROCESS	17	15		
GOBP_SULFUR_AMINO_ACID_CATABOLIC_PROCESS	11		Rejected!	
GOBP_SULFUR_AMINO_ACID_METABOLIC_PROCESS	34	31		
GOBP_SULFUR_AMINO_ACID_TRANSPORT	12		Rejected!	
GOBP_SULFUR_COMPOUND_BIOSYNTHETIC_PROCESS	172	164		
GOBP_SULFUR_COMPOUND_CATABOLIC_PROCESS	48	44		
GOBP_SULFUR_COMPOUND_METABOLIC_PROCESS	327	309		
GOBP_SULFUR_COMPOUND_TRANSPORT	63	60		
GOBP_SUPEROXIDE_ANION_GENERATION	42	41		
GOBP_SUPEROXIDE_METABOLIC_PROCESS	73	68		
GOBP_SUPPRESSION_OF_VIRAL_RELEASE_BY_HOST	16	15		
GOBP_SUPRAMOLECULAR_FIBER_ORGANIZATION	859		Rejected!	
GOBP_SURFACTANT_HOMEOSTASIS	20	20		
GOBP_SYMBIONT_ENTRY_INTO_HOST	164	159		
GOBP_SYMPATHETIC_GANGLION_DEVELOPMENT	9		Rejected!	
GOBP_SYMPATHETIC_NERVOUS_SYSTEM_DEVELOPMENT	22	22		
GOBP_SYMPATHETIC_NEURON_PROJECTION_EXTENSION	5		Rejected!	
GOBP_SYNAPSE_ASSEMBLY	216	205		
GOBP_SYNAPSE_MATURATION	34	34		
GOBP_SYNAPSE_ORGANIZATION	499	474		
GOBP_SYNAPSE_PRUNING	14		Rejected!	
GOBP_SYNAPTIC_ASSEMBLY_AT_NEUROMUSCULAR_JUNCTION	10		Rejected!	
GOBP_SYNAPTIC_MEMBRANE_ADHESION	29	28		
GOBP_SYNAPTIC_SIGNALING	794		Rejected!	
GOBP_SYNAPTIC_SIGNALING_VIA_NEUROPEPTIDE	6		Rejected!	
GOBP_SYNAPTIC_TRANSMISSION_CHOLINERGIC	32	31		
GOBP_SYNAPTIC_TRANSMISSION_DOPAMINERGIC	28	27		
GOBP_SYNAPTIC_TRANSMISSION_GABAERGIC	60	58		
GOBP_SYNAPTIC_TRANSMISSION_GLUTAMATERGIC	109	103		
GOBP_SYNAPTIC_TRANSMISSION_GLYCINERGIC	5		Rejected!	
GOBP_SYNAPTIC_VESICLE_BUDDING	12		Rejected!	
GOBP_SYNAPTIC_VESICLE_CLUSTERING	16		Rejected!	
GOBP_SYNAPTIC_VESICLE_COATING	5		Rejected!	
GOBP_SYNAPTIC_VESICLE_CYTOSKELETAL_TRANSPORT	19	19		
GOBP_SYNAPTIC_VESICLE_DOCKING	9		Rejected!	
GOBP_SYNAPTIC_VESICLE_ENDOSOMAL_PROCESSING	9		Rejected!	
GOBP_SYNAPTIC_VESICLE_EXOCYTOSIS	97	94		
GOBP_SYNAPTIC_VESICLE_LOCALIZATION	56	53		
GOBP_SYNAPTIC_VESICLE_LUMEN_ACIDIFICATION	17	17		
GOBP_SYNAPTIC_VESICLE_MATURATION	25	25		
GOBP_SYNAPTIC_VESICLE_MEMBRANE_ORGANIZATION	28	28		
GOBP_SYNAPTIC_VESICLE_PRIMING	19	19		
GOBP_SYNAPTIC_VESICLE_RECYCLING	83	81		
GOBP_SYNAPTIC_VESICLE_RECYCLING_VIA_ENDOSOME	5		Rejected!	
GOBP_SYNAPTIC_VESICLE_TRANSPORT	42	41		
GOBP_SYNAPTIC_VESICLE_UNCOATING	7		Rejected!	
GOBP_SYNAPTONEMAL_COMPLEX_ORGANIZATION	27	23		
GOBP_SYNCYTIUM_FORMATION	67	61		
GOBP_SYNOVIOCYTE_PROLIFERATION	5		Rejected!	
GOBP_S_ADENOSYLMETHIONINE_CYCLE	7		Rejected!	
GOBP_S_ADENOSYLMETHIONINE_METABOLIC_PROCESS	16	16		
GOBP_S_SHAPED_BODY_MORPHOGENESIS	7		Rejected!	
GOBP_TACHYKININ_RECEPTOR_SIGNALING_PATHWAY	8		Rejected!	
GOBP_TAIL_ANCHORED_MEMBRANE_PROTEIN_INSERTION_INTO_ER_MEMBRANE	17		Rejected!	
GOBP_TANGENTIAL_MIGRATION_FROM_THE_SUBVENTRICULAR_ZONE_TO_THE_OLFACTORY_BULB	8		Rejected!	
GOBP_TAURINE_METABOLIC_PROCESS	9		Rejected!	
GOBP_TAXIS	469	441		
GOBP_TELENCEPHALON_DEVELOPMENT	278	268		
GOBP_TELENCEPHALON_GLIAL_CELL_MIGRATION	27	25		
GOBP_TELENCEPHALON_REGIONALIZATION	13		Rejected!	
GOBP_TELOMERASE_HOLOENZYME_COMPLEX_ASSEMBLY	6		Rejected!	
GOBP_TELOMERASE_RNA_LOCALIZATION	19	19		
GOBP_TELOMERE_CAPPING	39	36		
GOBP_TELOMERE_LOCALIZATION	12		Rejected!	
GOBP_TELOMERE_MAINTENANCE	159	150		
GOBP_TELOMERE_MAINTENANCE_IN_RESPONSE_TO_DNA_DAMAGE	33	30		
GOBP_TELOMERE_MAINTENANCE_VIA_RECOMBINATION	14		Rejected!	
GOBP_TELOMERE_MAINTENANCE_VIA_SEMI_CONSERVATIVE_REPLICATION	9		Rejected!	
GOBP_TELOMERE_MAINTENANCE_VIA_TELOMERE_LENGTHENING	82	78		
GOBP_TELOMERE_ORGANIZATION	190	155		
GOBP_TELOMERE_TETHERING_AT_NUCLEAR_PERIPHERY	6		Rejected!	
GOBP_TELOMERIC_D_LOOP_DISASSEMBLY	9		Rejected!	
GOBP_TELOMERIC_LOOP_DISASSEMBLY	11		Rejected!	
GOBP_TEMPERATURE_HOMEOSTASIS	184	181		
GOBP_TENDON_DEVELOPMENT	6		Rejected!	
GOBP_TERMINAL_BUTTON_ORGANIZATION	6		Rejected!	
GOBP_TERMINATION_OF_RNA_POLYMERASE_II_TRANSCRIPTION	16		Rejected!	
GOBP_TERPENOID_BIOSYNTHETIC_PROCESS	16	15		
GOBP_TERPENOID_CATABOLIC_PROCESS	8		Rejected!	
GOBP_TERPENOID_METABOLIC_PROCESS	100	98		
GOBP_TERTIARY_ALCOHOL_METABOLIC_PROCESS	22	22		
GOBP_TESTOSTERONE_BIOSYNTHETIC_PROCESS	11		Rejected!	
GOBP_TETRAHYDROBIOPTERIN_METABOLIC_PROCESS	9		Rejected!	
GOBP_TETRAHYDROFOLATE_BIOSYNTHETIC_PROCESS	8		Rejected!	
GOBP_TETRAHYDROFOLATE_INTERCONVERSION	9		Rejected!	
GOBP_TETRAHYDROFOLATE_METABOLIC_PROCESS	19	17		
GOBP_TETRAPYRROLE_BIOSYNTHETIC_PROCESS	35	31		
GOBP_TETRAPYRROLE_CATABOLIC_PROCESS	13		Rejected!	
GOBP_TETRAPYRROLE_METABOLIC_PROCESS	63	58		
GOBP_THALAMUS_DEVELOPMENT	13		Rejected!	
GOBP_THELARCHE	5		Rejected!	
GOBP_THERMOCEPTION	8		Rejected!	
GOBP_THIAMINE_CONTAINING_COMPOUND_METABOLIC_PROCESS	7		Rejected!	
GOBP_THIAMINE_DIPHOSPHATE_METABOLIC_PROCESS	5		Rejected!	
GOBP_THIAMINE_TRANSPORT	8		Rejected!	
GOBP_THIOESTER_BIOSYNTHETIC_PROCESS	47	45		
GOBP_THORAX_AND_ANTERIOR_ABDOMEN_DETERMINATION	5		Rejected!	
GOBP_THREONINE_METABOLIC_PROCESS	5		Rejected!	
GOBP_THROMBIN_ACTIVATED_RECEPTOR_SIGNALING_PATHWAY	13		Rejected!	
GOBP_THROMBOPOIETIN_MEDIATED_SIGNALING_PATHWAY	5		Rejected!	
GOBP_THYMIC_T_CELL_SELECTION	24	24		
GOBP_THYMOCYTE_APOPTOTIC_PROCESS	19	19		
GOBP_THYMOCYTE_MIGRATION	7		Rejected!	
GOBP_THYMUS_DEVELOPMENT	49	47		
GOBP_THYROID_GLAND_DEVELOPMENT	31	31		
GOBP_THYROID_HORMONE_GENERATION	23	23		
GOBP_THYROID_HORMONE_MEDIATED_SIGNALING_PATHWAY	8		Rejected!	
GOBP_THYROID_HORMONE_METABOLIC_PROCESS	29	28		
GOBP_THYROID_HORMONE_TRANSPORT	12		Rejected!	
GOBP_THYROID_STIMULATING_HORMONE_SECRETING_CELL_DIFFERENTIATION	6		Rejected!	
GOBP_TIGHT_JUNCTION_ORGANIZATION	84	78		
GOBP_TISSUE_HOMEOSTASIS	262	253		
GOBP_TISSUE_MIGRATION	386	304		
GOBP_TISSUE_MORPHOGENESIS	620		Rejected!	
GOBP_TISSUE_REGENERATION	81	70		
GOBP_TISSUE_REMODELING	190	173		
GOBP_TOLERANCE_INDUCTION	30	27		
GOBP_TOLERANCE_INDUCTION_DEPENDENT_UPON_IMMUNE_RESPONSE	5		Rejected!	
GOBP_TOLERANCE_INDUCTION_TO_SELF_ANTIGEN	6		Rejected!	
GOBP_TOLL_LIKE_RECEPTOR_2_SIGNALING_PATHWAY	18	17		
GOBP_TOLL_LIKE_RECEPTOR_3_SIGNALING_PATHWAY	28	28		
GOBP_TOLL_LIKE_RECEPTOR_4_SIGNALING_PATHWAY	66	58		
GOBP_TOLL_LIKE_RECEPTOR_7_SIGNALING_PATHWAY	11		Rejected!	
GOBP_TOLL_LIKE_RECEPTOR_8_SIGNALING_PATHWAY	5		Rejected!	
GOBP_TOLL_LIKE_RECEPTOR_9_SIGNALING_PATHWAY	20	20		
GOBP_TOLL_LIKE_RECEPTOR_SIGNALING_PATHWAY	80	75		
GOBP_TOLL_SIGNALING_PATHWAY	12		Rejected!	
GOBP_TONGUE_DEVELOPMENT	21	21		
GOBP_TONGUE_MORPHOGENESIS	10		Rejected!	
GOBP_TONIC_SMOOTH_MUSCLE_CONTRACTION	11		Rejected!	
GOBP_TOOTH_ERUPTION	5		Rejected!	
GOBP_TOOTH_MINERALIZATION	33	32		
GOBP_TORC1_SIGNALING	103	94		
GOBP_TORC2_SIGNALING	14		Rejected!	
GOBP_TOR_SIGNALING	169	153		
GOBP_TOXIN_METABOLIC_PROCESS	15	15		
GOBP_TRABECULA_FORMATION	27	27		
GOBP_TRABECULA_MORPHOGENESIS	47	47		
GOBP_TRACHEA_CARTILAGE_DEVELOPMENT	7		Rejected!	
GOBP_TRACHEA_DEVELOPMENT	19	19		
GOBP_TRACHEA_FORMATION	7		Rejected!	
GOBP_TRACHEA_MORPHOGENESIS	11		Rejected!	
GOBP_TRAIL_ACTIVATED_APOPTOTIC_SIGNALING_PATHWAY	11		Rejected!	
GOBP_TRANSCRIPTION_BY_RNA_POLYMERASE_I	73	60		
GOBP_TRANSCRIPTION_BY_RNA_POLYMERASE_III	61	56		
GOBP_TRANSCRIPTION_COUPLED_NUCLEOTIDE_EXCISION_REPAIR	10		Rejected!	
GOBP_TRANSCRIPTION_DEPENDENT_TETHERING_OF_RNA_POLYMERASE_II_GENE_DNA_AT_NUCLEAR_PERIPHERY	7		Rejected!	
GOBP_TRANSCRIPTION_ELONGATION_BY_RNA_POLYMERASE_I	7		Rejected!	
GOBP_TRANSCRIPTION_ELONGATION_COUPLED_CHROMATIN_REMODELING	9		Rejected!	
GOBP_TRANSCRIPTION_INITIATION_AT_RNA_POLYMERASE_III_PROMOTER	8		Rejected!	
GOBP_TRANSCRIPTION_INITIATION_AT_RNA_POLYMERASE_II_PROMOTER	167	146		
GOBP_TRANSCRIPTION_INITIATION_AT_RNA_POLYMERASE_I_PROMOTER	16		Rejected!	
GOBP_TRANSCRIPTION_PREINITIATION_COMPLEX_ASSEMBLY	81	67		
GOBP_TRANSCYTOSIS	21	21		
GOBP_TRANSDIFFERENTIATION	7		Rejected!	
GOBP_TRANSEPITHELIAL_CHLORIDE_TRANSPORT	9		Rejected!	
GOBP_TRANSEPITHELIAL_TRANSPORT	36	35		
GOBP_TRANSFERRIN_TRANSPORT	10		Rejected!	
GOBP_TRANSFORMING_GROWTH_FACTOR_BETA1_PRODUCTION	13		Rejected!	
GOBP_TRANSFORMING_GROWTH_FACTOR_BETA2_PRODUCTION	8		Rejected!	
GOBP_TRANSFORMING_GROWTH_FACTOR_BETA_PRODUCTION	35	33		
GOBP_TRANSFORMING_GROWTH_FACTOR_BETA_RECEPTOR_SIGNALING_PATHWAY	250	199		
GOBP_TRANSITION_BETWEEN_FAST_AND_SLOW_FIBER	9		Rejected!	
GOBP_TRANSITION_METAL_ION_TRANSPORT	100	95		
GOBP_TRANSLATION	754		Rejected!	
GOBP_TRANSLATIONAL_ELONGATION	73	63		
GOBP_TRANSLATIONAL_INITIATION	124	117		
GOBP_TRANSLATIONAL_READTHROUGH	10		Rejected!	
GOBP_TRANSLATIONAL_TERMINATION	17	15		
GOBP_TRANSLESION_SYNTHESIS	26	25		
GOBP_TRANSMEMBRANE_TRANSPORT	1606		Rejected!	
GOBP_TRANSMISSION_OF_NERVE_IMPULSE	74	68		
GOBP_TRANSPORT_OF_VIRUS	23	22		
GOBP_TRANSPOSITION	37	31		
GOBP_TRANS_SYNAPTIC_SIGNALING_BY_BDNF	5		Rejected!	
GOBP_TRANS_SYNAPTIC_SIGNALING_BY_LIPID	7		Rejected!	
GOBP_TRANS_SYNAPTIC_SIGNALING_BY_TRANS_SYNAPTIC_COMPLEX	8		Rejected!	
GOBP_TRANS_SYNAPTIC_SIGNALING_MODULATING_SYNAPTIC_TRANSMISSION	11		Rejected!	
GOBP_TRICARBOXYLIC_ACID_CYCLE	32	30		
GOBP_TRICARBOXYLIC_ACID_METABOLIC_PROCESS	16	16		
GOBP_TRICARBOXYLIC_ACID_TRANSPORT	5		Rejected!	
GOBP_TRICUSPID_VALVE_DEVELOPMENT	7		Rejected!	
GOBP_TRIF_DEPENDENT_TOLL_LIKE_RECEPTOR_SIGNALING_PATHWAY	11		Rejected!	
GOBP_TRIGEMINAL_NERVE_DEVELOPMENT	13		Rejected!	
GOBP_TRIGLYCERIDE_BIOSYNTHETIC_PROCESS	45	41		
GOBP_TRIGLYCERIDE_CATABOLIC_PROCESS	28	28		
GOBP_TRIGLYCERIDE_METABOLIC_PROCESS	109	101		
GOBP_TRIGLYCERIDE_RICH_LIPOPROTEIN_PARTICLE_CLEARANCE	7		Rejected!	
GOBP_TRIGLYCERIDE_RICH_LIPOPROTEIN_PARTICLE_REMODELING	12		Rejected!	
GOBP_TRIPARTITE_REGIONAL_SUBDIVISION	20	17		
GOBP_TRIPEPTIDE_TRANSMEMBRANE_TRANSPORT	10		Rejected!	
GOBP_TRIPEPTIDE_TRANSPORT	12		Rejected!	
GOBP_TRNA_3_END_PROCESSING	7		Rejected!	
GOBP_TRNA_5_END_PROCESSING	16	15		
GOBP_TRNA_5_LEADER_REMOVAL	13		Rejected!	
GOBP_TRNA_AMINOACYLATION_FOR_MITOCHONDRIAL_PROTEIN_TRANSLATION	8		Rejected!	
GOBP_TRNA_DECAY	16	15		
GOBP_TRNA_METABOLIC_PROCESS	204	171		
GOBP_TRNA_METHYLATION	40	38		
GOBP_TRNA_MODIFICATION	93	84		
GOBP_TRNA_PROCESSING	136	124		
GOBP_TRNA_PSEUDOURIDINE_SYNTHESIS	6		Rejected!	
GOBP_TRNA_SURVEILLANCE	8		Rejected!	
GOBP_TRNA_THIO_MODIFICATION	5		Rejected!	
GOBP_TRNA_THREONYLCARBAMOYLADENOSINE_METABOLIC_PROCESS	19	19		
GOBP_TRNA_THREONYLCARBAMOYLADENOSINE_MODIFICATION	5		Rejected!	
GOBP_TRNA_TRANSCRIPTION	13		Rejected!	
GOBP_TRNA_TRANSPORT	6		Rejected!	
GOBP_TRNA_WOBBLE_BASE_MODIFICATION	20	17		
GOBP_TROPHECTODERMAL_CELL_DIFFERENTIATION	19	19		
GOBP_TROPHOBLAST_CELL_MIGRATION	18	15		
GOBP_TROPHOBLAST_GIANT_CELL_DIFFERENTIATION	12		Rejected!	
GOBP_TRUNK_SEGMENTATION	5		Rejected!	
GOBP_TRYPTOPHAN_CATABOLIC_PROCESS_TO_KYNURENINE	5		Rejected!	
GOBP_TRYPTOPHAN_METABOLIC_PROCESS	11		Rejected!	
GOBP_TRYPTOPHAN_TRANSPORT	6		Rejected!	
GOBP_TUBE_DEVELOPMENT	1182		Rejected!	
GOBP_TUBE_FORMATION	150	146		
GOBP_TUBE_LUMEN_CAVITATION	5		Rejected!	
GOBP_TUBE_MORPHOGENESIS	966		Rejected!	
GOBP_TUBULIN_COMPLEX_ASSEMBLY	9		Rejected!	
GOBP_TUBULIN_DEACETYLATION	23	23		
GOBP_TUMOR_NECROSIS_FACTOR_MEDIATED_SIGNALING_PATHWAY	119	108		
GOBP_TUMOR_NECROSIS_FACTOR_SUPERFAMILY_CYTOKINE_PRODUCTION	196	166		
GOBP_TYPE_2_IMMUNE_RESPONSE	42	42		
GOBP_TYPE_B_PANCREATIC_CELL_APOPTOTIC_PROCESS	10		Rejected!	
GOBP_TYPE_B_PANCREATIC_CELL_DEVELOPMENT	24	21		
GOBP_TYPE_B_PANCREATIC_CELL_DIFFERENTIATION	29	26		
GOBP_TYPE_B_PANCREATIC_CELL_PROLIFERATION	28	26		
GOBP_TYPE_III_INTERFERON_PRODUCTION	5		Rejected!	
GOBP_TYPE_II_HYPERSENSITIVITY	10		Rejected!	
GOBP_TYPE_II_INTERFERON_MEDIATED_SIGNALING_PATHWAY	26	25		
GOBP_TYPE_II_INTERFERON_PRODUCTION	120	113		
GOBP_TYPE_II_PNEUMOCYTE_DIFFERENTIATION	6		Rejected!	
GOBP_TYPE_I_INTERFERON_PRODUCTION	127	116		
GOBP_TYPE_I_PNEUMOCYTE_DIFFERENTIATION	8		Rejected!	
GOBP_TYROSINE_CATABOLIC_PROCESS	6		Rejected!	
GOBP_TYROSINE_PHOSPHORYLATION_OF_STAT_PROTEIN	80	74		
GOBP_T_CELL_ACTIVATION	579		Rejected!	
GOBP_T_CELL_ACTIVATION_INVOLVED_IN_IMMUNE_RESPONSE	127	125		
GOBP_T_CELL_ACTIVATION_VIA_T_CELL_RECEPTOR_CONTACT_WITH_ANTIGEN_BOUND_TO_MHC_MOLECULE_ON_ANTIGEN_PRESENTING_CELL	10		Rejected!	
GOBP_T_CELL_ANTIGEN_PROCESSING_AND_PRESENTATION	6		Rejected!	
GOBP_T_CELL_APOPTOTIC_PROCESS	58	57		
GOBP_T_CELL_CHEMOTAXIS	26	26		
GOBP_T_CELL_CYTOKINE_PRODUCTION	38	37		
GOBP_T_CELL_DIFFERENTIATION	313	303		
GOBP_T_CELL_DIFFERENTIATION_INVOLVED_IN_IMMUNE_RESPONSE	87	85		
GOBP_T_CELL_DIFFERENTIATION_IN_THYMUS	88	85		
GOBP_T_CELL_EXTRAVASATION	14		Rejected!	
GOBP_T_CELL_HOMEOSTASIS	48	45		
GOBP_T_CELL_LINEAGE_COMMITMENT	36	36		
GOBP_T_CELL_MEDIATED_CYTOTOXICITY	61	59		
GOBP_T_CELL_MEDIATED_IMMUNE_RESPONSE_TO_TUMOR_CELL	13		Rejected!	
GOBP_T_CELL_MEDIATED_IMMUNITY	133	128		
GOBP_T_CELL_MIGRATION	73	69		
GOBP_T_CELL_PROLIFERATION	216	204		
GOBP_T_CELL_PROLIFERATION_INVOLVED_IN_IMMUNE_RESPONSE	5		Rejected!	
GOBP_T_CELL_RECEPTOR_SIGNALING_PATHWAY	148	134		
GOBP_T_CELL_SELECTION	58	58		
GOBP_T_CELL_TOLERANCE_INDUCTION	15		Rejected!	
GOBP_T_FOLLICULAR_HELPER_CELL_DIFFERENTIATION	7		Rejected!	
GOBP_T_HELPER_17_CELL_DIFFERENTIATION	35	34		
GOBP_T_HELPER_17_CELL_LINEAGE_COMMITMENT	19	19		
GOBP_T_HELPER_17_TYPE_IMMUNE_RESPONSE	49	47		
GOBP_T_HELPER_1_CELL_CYTOKINE_PRODUCTION	8		Rejected!	
GOBP_T_HELPER_1_CELL_DIFFERENTIATION	23	23		
GOBP_T_HELPER_1_TYPE_IMMUNE_RESPONSE	48	48		
GOBP_T_HELPER_2_CELL_CYTOKINE_PRODUCTION	13		Rejected!	
GOBP_T_HELPER_2_CELL_DIFFERENTIATION	18	18		
GOBP_T_HELPER_CELL_LINEAGE_COMMITMENT	23	23		
GOBP_T_TUBULE_ORGANIZATION	6		Rejected!	
GOBP_U2_TYPE_PRESPLICEOSOME_ASSEMBLY	25	25		
GOBP_U4_SNRNA_3_END_PROCESSING	8		Rejected!	
GOBP_UBIQUINONE_METABOLIC_PROCESS	18	17		
GOBP_UBIQUITIN_DEPENDENT_ENDOCYTOSIS	8		Rejected!	
GOBP_UBIQUITIN_DEPENDENT_GLYCOPROTEIN_ERAD_PATHWAY	7		Rejected!	
GOBP_UBIQUITIN_DEPENDENT_PROTEIN_CATABOLIC_PROCESS_VIA_THE_C_END_DEGRON_RULE_PATHWAY	12		Rejected!	
GOBP_UBIQUITIN_DEPENDENT_PROTEIN_CATABOLIC_PROCESS_VIA_THE_MULTIVESICULAR_BODY_SORTING_PATHWAY	37	36		
GOBP_UBIQUITIN_INDEPENDENT_PROTEIN_CATABOLIC_PROCESS_VIA_THE_MULTIVESICULAR_BODY_SORTING_PATHWAY	5		Rejected!	
GOBP_UBIQUITIN_RECYCLING	13		Rejected!	
GOBP_UDP_GLUCOSE_METABOLIC_PROCESS	6		Rejected!	
GOBP_UDP_N_ACETYLGLUCOSAMINE_BIOSYNTHETIC_PROCESS	9		Rejected!	
GOBP_UDP_N_ACETYLGLUCOSAMINE_METABOLIC_PROCESS	14		Rejected!	
GOBP_UDP_N_ACETYLGLUCOSAMINE_TRANSMEMBRANE_TRANSPORT	5		Rejected!	
GOBP_UMP_CATABOLIC_PROCESS	5		Rejected!	
GOBP_UNSATURATED_FATTY_ACID_BIOSYNTHETIC_PROCESS	51	46		
GOBP_UNSATURATED_FATTY_ACID_METABOLIC_PROCESS	115	107		
GOBP_URATE_METABOLIC_PROCESS	13		Rejected!	
GOBP_URATE_TRANSPORT	11		Rejected!	
GOBP_UREA_CYCLE	11		Rejected!	
GOBP_UREA_TRANSMEMBRANE_TRANSPORT	11		Rejected!	
GOBP_UREA_TRANSPORT	13		Rejected!	
GOBP_URETERIC_BUD_ELONGATION	8		Rejected!	
GOBP_URETERIC_BUD_FORMATION	7		Rejected!	
GOBP_URETER_DEVELOPMENT	18	18		
GOBP_URETER_MORPHOGENESIS	7		Rejected!	
GOBP_URIDINE_TRANSMEMBRANE_TRANSPORT	6		Rejected!	
GOBP_URINARY_BLADDER_SMOOTH_MUSCLE_CONTRACTION	7		Rejected!	
GOBP_URINARY_TRACT_SMOOTH_MUSCLE_CONTRACTION	9		Rejected!	
GOBP_UROGENITAL_SYSTEM_DEVELOPMENT	66	64		
GOBP_URONIC_ACID_METABOLIC_PROCESS	26	25		
GOBP_UTERINE_SMOOTH_MUSCLE_CONTRACTION	10		Rejected!	
GOBP_UTERUS_DEVELOPMENT	25	24		
GOBP_UTERUS_MORPHOGENESIS	6		Rejected!	
GOBP_UTP_BIOSYNTHETIC_PROCESS	10		Rejected!	
GOBP_UTP_METABOLIC_PROCESS	12		Rejected!	
GOBP_UV_DAMAGE_EXCISION_REPAIR	14		Rejected!	
GOBP_UV_PROTECTION	12		Rejected!	
GOBP_VACUOLAR_ACIDIFICATION	36	36		
GOBP_VACUOLAR_LOCALIZATION	87	81		
GOBP_VACUOLAR_PROTON_TRANSPORTING_V_TYPE_ATPASE_COMPLEX_ASSEMBLY	6		Rejected!	
GOBP_VACUOLAR_TRANSMEMBRANE_TRANSPORT	8		Rejected!	
GOBP_VACUOLAR_TRANSPORT	173	165		
GOBP_VACUOLE_FUSION	12		Rejected!	
GOBP_VACUOLE_ORGANIZATION	239	222		
GOBP_VAGINA_DEVELOPMENT	10		Rejected!	
GOBP_VALINE_METABOLIC_PROCESS	7		Rejected!	
GOBP_VASCULAR_ASSOCIATED_SMOOTH_MUSCLE_CELL_APOPTOTIC_PROCESS	19		Rejected!	
GOBP_VASCULAR_ASSOCIATED_SMOOTH_MUSCLE_CELL_DEVELOPMENT	12		Rejected!	
GOBP_VASCULAR_ASSOCIATED_SMOOTH_MUSCLE_CELL_DIFFERENTIATION	40	29		
GOBP_VASCULAR_ASSOCIATED_SMOOTH_MUSCLE_CELL_MIGRATION	54	27		
GOBP_VASCULAR_ASSOCIATED_SMOOTH_MUSCLE_CELL_PROLIFERATION	95	58		
GOBP_VASCULAR_ASSOCIATED_SMOOTH_MUSCLE_CONTRACTION	25	23		
GOBP_VASCULAR_ENDOTHELIAL_CELL_PROLIFERATION	54	26		
GOBP_VASCULAR_ENDOTHELIAL_GROWTH_FACTOR_PRODUCTION	65	36		
GOBP_VASCULAR_ENDOTHELIAL_GROWTH_FACTOR_RECEPTOR_2_SIGNALING_PATHWAY	6		Rejected!	
GOBP_VASCULAR_ENDOTHELIAL_GROWTH_FACTOR_RECEPTOR_SIGNALING_PATHWAY	61	54		
GOBP_VASCULAR_ENDOTHELIAL_GROWTH_FACTOR_SIGNALING_PATHWAY	50	40		
GOBP_VASCULAR_PROCESS_IN_CIRCULATORY_SYSTEM	274	261		
GOBP_VASCULAR_TRANSPORT	87	83		
GOBP_VASCULAR_WOUND_HEALING	24	18		
GOBP_VASCULATURE_DEVELOPMENT	848		Rejected!	
GOBP_VASCULOGENESIS	84	78		
GOBP_VASCULOGENESIS_INVOLVED_IN_CORONARY_VASCULAR_MORPHOGENESIS	5		Rejected!	
GOBP_VASOCONSTRICTION	88	85		
GOBP_VASODILATION	50	48		
GOBP_VENOUS_BLOOD_VESSEL_DEVELOPMENT	16	16		
GOBP_VENOUS_BLOOD_VESSEL_MORPHOGENESIS	9		Rejected!	
GOBP_VENTRAL_MIDLINE_DEVELOPMENT	6		Rejected!	
GOBP_VENTRAL_SPINAL_CORD_DEVELOPMENT	46	45		
GOBP_VENTRAL_SPINAL_CORD_INTERNEURON_DIFFERENTIATION	13		Rejected!	
GOBP_VENTRICULAR_CARDIAC_MUSCLE_CELL_ACTION_POTENTIAL	36	34		
GOBP_VENTRICULAR_CARDIAC_MUSCLE_CELL_DEVELOPMENT	10		Rejected!	
GOBP_VENTRICULAR_CARDIAC_MUSCLE_CELL_DIFFERENTIATION	14		Rejected!	
GOBP_VENTRICULAR_CARDIAC_MUSCLE_CELL_MEMBRANE_REPOLARIZATION	30	28		
GOBP_VENTRICULAR_CARDIAC_MUSCLE_TISSUE_DEVELOPMENT	63	61		
GOBP_VENTRICULAR_CARDIAC_MUSCLE_TISSUE_MORPHOGENESIS	47	46		
GOBP_VENTRICULAR_COMPACT_MYOCARDIUM_MORPHOGENESIS	8		Rejected!	
GOBP_VENTRICULAR_SEPTUM_DEVELOPMENT	75	70		
GOBP_VENTRICULAR_SEPTUM_MORPHOGENESIS	44	40		
GOBP_VENTRICULAR_SYSTEM_DEVELOPMENT	33	31		
GOBP_VENTRICULAR_TRABECULA_MYOCARDIUM_MORPHOGENESIS	14		Rejected!	
GOBP_VERY_LONG_CHAIN_FATTY_ACID_BIOSYNTHETIC_PROCESS	13		Rejected!	
GOBP_VERY_LONG_CHAIN_FATTY_ACID_CATABOLIC_PROCESS	7		Rejected!	
GOBP_VERY_LONG_CHAIN_FATTY_ACID_METABOLIC_PROCESS	35	35		
GOBP_VERY_LOW_DENSITY_LIPOPROTEIN_PARTICLE_ASSEMBLY	12		Rejected!	
GOBP_VERY_LOW_DENSITY_LIPOPROTEIN_PARTICLE_CLEARANCE	7		Rejected!	
GOBP_VESICLE_BUDDING_FROM_MEMBRANE	87	81		
GOBP_VESICLE_CARGO_LOADING	36	31		
GOBP_VESICLE_COATING	40	39		
GOBP_VESICLE_CYTOSKELETAL_TRAFFICKING	62	59		
GOBP_VESICLE_DOCKING	57	57		
GOBP_VESICLE_DOCKING_INVOLVED_IN_EXOCYTOSIS	35	35		
GOBP_VESICLE_FUSION_TO_PLASMA_MEMBRANE	24	23		
GOBP_VESICLE_FUSION_WITH_GOLGI_APPARATUS	9		Rejected!	
GOBP_VESICLE_LOCALIZATION	219	210		
GOBP_VESICLE_MEDIATED_CHOLESTEROL_TRANSPORT	9		Rejected!	
GOBP_VESICLE_MEDIATED_TRANSPORT	1561		Rejected!	
GOBP_VESICLE_MEDIATED_TRANSPORT_BETWEEN_ENDOSOMAL_COMPARTMENTS	50	46		
GOBP_VESICLE_MEDIATED_TRANSPORT_IN_SYNAPSE	226	220		
GOBP_VESICLE_MEDIATED_TRANSPORT_TO_THE_PLASMA_MEMBRANE	157	141		
GOBP_VESICLE_ORGANIZATION	373	351		
GOBP_VESICLE_TARGETING	67	64		
GOBP_VESICLE_TARGETING_ROUGH_ER_TO_CIS_GOLGI	27	26		
GOBP_VESICLE_TARGETING_TO_FROM_OR_WITHIN_GOLGI	34	33		
GOBP_VESICLE_TETHERING	32	32		
GOBP_VESICLE_TETHERING_INVOLVED_IN_EXOCYTOSIS	9		Rejected!	
GOBP_VESICLE_TETHERING_TO_GOLGI	5		Rejected!	
GOBP_VESICLE_TRANSPORT_ALONG_ACTIN_FILAMENT	8		Rejected!	
GOBP_VESICLE_TRANSPORT_ALONG_MICROTUBULE	47	46		
GOBP_VESICLE_UNCOATING	9		Rejected!	
GOBP_VESTIBULOCOCHLEAR_NERVE_DEVELOPMENT	11		Rejected!	
GOBP_VESTIBULOCOCHLEAR_NERVE_FORMATION	5		Rejected!	
GOBP_VESTIBULOCOCHLEAR_NERVE_MORPHOGENESIS	7		Rejected!	
GOBP_VIRAL_BUDDING	26	25		
GOBP_VIRAL_GENE_EXPRESSION	101	99		
GOBP_VIRAL_GENOME_REPLICATION	130	121		
GOBP_VIRAL_LIFE_CYCLE	321	306		
GOBP_VIRAL_PROCESS	427	407		
GOBP_VIRAL_PROTEIN_PROCESSING	31	31		
GOBP_VIRAL_RELEASE_FROM_HOST_CELL	29	27		
GOBP_VIRAL_RNA_GENOME_REPLICATION	30	27		
GOBP_VIRAL_TRANSCRIPTION	51	51		
GOBP_VIRAL_TRANSLATION	20	18		
GOBP_VIRAL_TRANSLATIONAL_TERMINATION_REINITIATION	5		Rejected!	
GOBP_VIRION_ASSEMBLY	35	34		
GOBP_VISUAL_BEHAVIOR	57	55		
GOBP_VITAMIN_A_METABOLIC_PROCESS	8		Rejected!	
GOBP_VITAMIN_B6_METABOLIC_PROCESS	5		Rejected!	
GOBP_VITAMIN_BIOSYNTHETIC_PROCESS	25	25		
GOBP_VITAMIN_CATABOLIC_PROCESS	15	15		
GOBP_VITAMIN_D3_METABOLIC_PROCESS	7		Rejected!	
GOBP_VITAMIN_D_BIOSYNTHETIC_PROCESS	10		Rejected!	
GOBP_VITAMIN_D_METABOLIC_PROCESS	21	21		
GOBP_VITAMIN_D_RECEPTOR_SIGNALING_PATHWAY	12		Rejected!	
GOBP_VITAMIN_E_METABOLIC_PROCESS	6		Rejected!	
GOBP_VITAMIN_K_METABOLIC_PROCESS	11		Rejected!	
GOBP_VITAMIN_METABOLIC_PROCESS	115	111		
GOBP_VITAMIN_TRANSMEMBRANE_TRANSPORT	20	19		
GOBP_VITAMIN_TRANSPORT	52	48		
GOBP_VOCALIZATION_BEHAVIOR	19	18		
GOBP_VOLUNTARY_MUSCULOSKELETAL_MOVEMENT	7		Rejected!	
GOBP_VOLUNTARY_SKELETAL_MUSCLE_CONTRACTION	6		Rejected!	
GOBP_V_D_J_RECOMBINATION	19	18		
GOBP_WALKING_BEHAVIOR	35	34		
GOBP_WATER_SOLUBLE_VITAMIN_BIOSYNTHETIC_PROCESS	12		Rejected!	
GOBP_WATER_SOLUBLE_VITAMIN_METABOLIC_PROCESS	64	60		
GOBP_WATER_TRANSPORT	30	27		
GOBP_WHITE_FAT_CELL_DIFFERENTIATION	17	15		
GOBP_WNT_PROTEIN_SECRETION	6		Rejected!	
GOBP_WNT_SIGNALING_PATHWAY	469	430		
GOBP_WNT_SIGNALING_PATHWAY_CALCIUM_MODULATING_PATHWAY	5		Rejected!	
GOBP_WNT_SIGNALING_PATHWAY_PLANAR_CELL_POLARITY_PATHWAY	50	49		
GOBP_WOUND_HEALING	434	414		
GOBP_WOUND_HEALING_INVOLVED_IN_INFLAMMATORY_RESPONSE	9		Rejected!	
GOBP_WOUND_HEALING_SPREADING_OF_EPIDERMAL_CELLS	27	26		
GOBP_WYBUTOSINE_METABOLIC_PROCESS	6		Rejected!	
GOBP_XENOBIOTIC_CATABOLIC_PROCESS	25	25		
GOBP_XENOBIOTIC_EXPORT_FROM_CELL	27		Rejected!	
GOBP_XENOBIOTIC_GLUCURONIDATION	7		Rejected!	
GOBP_XENOBIOTIC_METABOLIC_PROCESS	126	123		
GOBP_XENOBIOTIC_TRANSMEMBRANE_TRANSPORT	17	15		
GOBP_XENOBIOTIC_TRANSPORT	61	45		
GOBP_XENOBIOTIC_TRANSPORT_ACROSS_BLOOD_BRAIN_BARRIER	6		Rejected!	
GOBP_XENOPHAGY	14		Rejected!	
GOBP_XMP_METABOLIC_PROCESS	7		Rejected!	
GOBP_XYLULOSE_5_PHOSPHATE_METABOLIC_PROCESS	6		Rejected!	
GOBP_ZINC_ION_IMPORT_ACROSS_PLASMA_MEMBRANE	10		Rejected!	
GOBP_ZINC_ION_IMPORT_INTO_ORGANELLE	11		Rejected!	
GOBP_ZINC_ION_TRANSPORT	29	28		
GOBP_ZYGOTIC_DETERMINATION_OF_ANTERIOR_POSTERIOR_AXIS_EMBRYO	6		Rejected!	
GOBP_ZYMOGEN_ACTIVATION	59	56		
GOBP_ZYMOGEN_INHIBITION	8		Rejected!	
GOCC_3M_COMPLEX	5		Rejected!	
GOCC_90S_PRERIBOSOME	28	26		
GOCC_9PLUS0_MOTILE_CILIUM	5		Rejected!	
GOCC_9PLUS0_NON_MOTILE_CILIUM	132	119		
GOCC_9PLUS2_MOTILE_CILIUM	196	163		
GOCC_ACETYLCHOLINE_GATED_CHANNEL_COMPLEX	17	16		
GOCC_ACETYLTRANSFERASE_COMPLEX	105	92		
GOCC_ACROSOMAL_MEMBRANE	32	30		
GOCC_ACROSOMAL_VESICLE	149	135		
GOCC_ACTIN_BASED_CELL_PROJECTION	230	214		
GOCC_ACTIN_CYTOSKELETON	520	490		
GOCC_ACTIN_FILAMENT	120	114		
GOCC_ACTIN_FILAMENT_BUNDLE	95	88		
GOCC_ACTIVIN_RECEPTOR_COMPLEX	6		Rejected!	
GOCC_ACTOMYOSIN	92	87		
GOCC_ADHERENS_JUNCTION	189	183		
GOCC_AGGRESOME	35	34		
GOCC_ALPHA_BETA_T_CELL_RECEPTOR_COMPLEX	10		Rejected!	
GOCC_ALPHA_DNA_POLYMERASE_PRIMASE_COMPLEX	5		Rejected!	
GOCC_ALPHA_KETOACID_DEHYDROGENASE_COMPLEX	16	16		
GOCC_ALVEOLAR_LAMELLAR_BODY	8		Rejected!	
GOCC_AMINOACYL_TRNA_SYNTHETASE_MULTIENZYME_COMPLEX	11		Rejected!	
GOCC_AMPA_GLUTAMATE_RECEPTOR_COMPLEX	26	23		
GOCC_AMPHISOME	14		Rejected!	
GOCC_ANAPHASE_PROMOTING_COMPLEX	22	22		
GOCC_ANCHORING_JUNCTION	905		Rejected!	
GOCC_ANKYRIN_1_COMPLEX	8		Rejected!	
GOCC_ANNULATE_LAMELLAE	5		Rejected!	
GOCC_APICAL_CORTEX	8		Rejected!	
GOCC_APICAL_DENDRITE	17	17		
GOCC_APICAL_JUNCTION_COMPLEX	150	139		
GOCC_APICAL_PART_OF_CELL	472	446		
GOCC_APICOLATERAL_PLASMA_MEMBRANE	23	22		
GOCC_APOLIPOPROTEIN_B_MRNA_EDITING_ENZYME_COMPLEX	5		Rejected!	
GOCC_AP_1_ADAPTOR_COMPLEX	12		Rejected!	
GOCC_AP_2_ADAPTOR_COMPLEX	11		Rejected!	
GOCC_AP_3_ADAPTOR_COMPLEX	11		Rejected!	
GOCC_AP_TYPE_MEMBRANE_COAT_ADAPTOR_COMPLEX	41	39		
GOCC_ARP2_3_PROTEIN_COMPLEX	9		Rejected!	
GOCC_ARYL_HYDROCARBON_RECEPTOR_COMPLEX	8		Rejected!	
GOCC_ASTER	11		Rejected!	
GOCC_ASTROCYTE_END_FOOT	11		Rejected!	
GOCC_ASTROCYTE_PROJECTION	21	21		
GOCC_ASYMMETRIC_GLUTAMATERGIC_EXCITATORY_SYNAPSE	16	15		
GOCC_ATAC_COMPLEX	14		Rejected!	
GOCC_ATG12_ATG5_ATG16_COMPLEX	6		Rejected!	
GOCC_ATG1_ULK1_KINASE_COMPLEX	9		Rejected!	
GOCC_ATPASE_COMPLEX	149	117		
GOCC_ATPASE_DEPENDENT_TRANSMEMBRANE_TRANSPORT_COMPLEX	25	25		
GOCC_ATP_BINDING_CASSETTE_ABC_TRANSPORTER_COMPLEX	6		Rejected!	
GOCC_AUTOLYSOSOME	15	15		
GOCC_AUTOPHAGOSOME	116	108		
GOCC_AUTOPHAGOSOME_MEMBRANE	55	50		
GOCC_AXOLEMMA	15	15		
GOCC_AXON	652		Rejected!	
GOCC_AXONAL_GROWTH_CONE	27	27		
GOCC_AXONEMAL_A_TUBULE_INNER_SHEATH	26		Rejected!	
GOCC_AXONEMAL_B_TUBULE_INNER_SHEATH	11		Rejected!	
GOCC_AXONEMAL_DYNEIN_COMPLEX	22	17		
GOCC_AXONEMAL_MICROTUBULE	56	33		
GOCC_AXONEMAL_OUTER_DOUBLET	40	21		
GOCC_AXON_CYTOPLASM	64	64		
GOCC_AXON_HILLOCK	7		Rejected!	
GOCC_AXON_INITIAL_SEGMENT	21	20		
GOCC_AZUROPHIL_GRANULE	157	153		
GOCC_AZUROPHIL_GRANULE_LUMEN	91	90		
GOCC_AZUROPHIL_GRANULE_MEMBRANE	59	56		
GOCC_A_BAND	40	39		
GOCC_BARR_BODY	8		Rejected!	
GOCC_BASAL_CORTEX	5		Rejected!	
GOCC_BASAL_DENDRITE	6		Rejected!	
GOCC_BASAL_PART_OF_CELL	312	303		
GOCC_BASEMENT_MEMBRANE	92	91		
GOCC_BASEMENT_MEMBRANE_COLLAGEN_TRIMER	8		Rejected!	
GOCC_BASOLATERAL_PLASMA_MEMBRANE	260	252		
GOCC_BBAF_COMPLEX	10		Rejected!	
GOCC_BBSOME	8		Rejected!	
GOCC_BCL_2_FAMILY_PROTEIN_COMPLEX	10		Rejected!	
GOCC_BETA_CATENIN_DESTRUCTION_COMPLEX	12		Rejected!	
GOCC_BETA_CATENIN_TCF_COMPLEX	13		Rejected!	
GOCC_BLEB	9		Rejected!	
GOCC_BLOC_1_COMPLEX	15		Rejected!	
GOCC_BLOC_COMPLEX	20	19		
GOCC_BLOOD_MICROPARTICLE	144	108		
GOCC_BORC_COMPLEX	8		Rejected!	
GOCC_BOX_C_D_RNP_COMPLEX	6		Rejected!	
GOCC_BOX_H_ACA_RNP_COMPLEX	9		Rejected!	
GOCC_BOX_H_ACA_TELOMERASE_RNP_COMPLEX	5		Rejected!	
GOCC_BRAHMA_COMPLEX	14		Rejected!	
GOCC_BRCA1_A_COMPLEX	8		Rejected!	
GOCC_BRCA1_C_COMPLEX	6		Rejected!	
GOCC_BRISC_COMPLEX	6		Rejected!	
GOCC_BRUSH_BORDER	108	103		
GOCC_BRUSH_BORDER_MEMBRANE	60	56		
GOCC_B_CELL_RECEPTOR_COMPLEX	5		Rejected!	
GOCC_B_WICH_COMPLEX	7		Rejected!	
GOCC_CAJAL_BODY	83	65		
GOCC_CALCINEURIN_COMPLEX	6		Rejected!	
GOCC_CALCITONIN_FAMILY_RECEPTOR_COMPLEX	5		Rejected!	
GOCC_CALCIUM_AND_CALMODULIN_DEPENDENT_PROTEIN_KINASE_COMPLEX	5		Rejected!	
GOCC_CALCIUM_CHANNEL_COMPLEX	70	65		
GOCC_CALYX_OF_HELD	18	18		
GOCC_CAMP_DEPENDENT_PROTEIN_KINASE_COMPLEX	9		Rejected!	
GOCC_CANONICAL_INFLAMMASOME_COMPLEX	18	17		
GOCC_CARBOXY_TERMINAL_DOMAIN_PROTEIN_KINASE_COMPLEX	21	19		
GOCC_CARDIAC_MYOFIBRIL	6		Rejected!	
GOCC_CASPASE_COMPLEX	10		Rejected!	
GOCC_CATALYTIC_COMPLEX	1739		Rejected!	
GOCC_CATALYTIC_STEP_1_SPLICEOSOME	12		Rejected!	
GOCC_CATALYTIC_STEP_2_SPLICEOSOME	91	87		
GOCC_CATENIN_COMPLEX	31	31		
GOCC_CATION_CHANNEL_COMPLEX	205	198		
GOCC_CATION_TRANSPORTING_ATPASE_COMPLEX	19	19		
GOCC_CATSPER_COMPLEX	14		Rejected!	
GOCC_CAVEOLA	83	78		
GOCC_CBM_COMPLEX	5		Rejected!	
GOCC_CCAAT_BINDING_FACTOR_COMPLEX	5		Rejected!	
GOCC_CCR4_NOT_COMPLEX	16	15		
GOCC_CCR4_NOT_CORE_COMPLEX	6		Rejected!	
GOCC_CD40_RECEPTOR_COMPLEX	11		Rejected!	
GOCC_CD95_DEATH_INDUCING_SIGNALING_COMPLEX	6		Rejected!	
GOCC_CDC73_PAF1_COMPLEX	7		Rejected!	
GOCC_CELL_BODY	558		Rejected!	
GOCC_CELL_BODY_FIBER	8		Rejected!	
GOCC_CELL_BODY_MEMBRANE	32	32		
GOCC_CELL_CELL_CONTACT_ZONE	74	73		
GOCC_CELL_CELL_JUNCTION	517	497		
GOCC_CELL_CORTEX	314	289		
GOCC_CELL_CORTEX_REGION	35	33		
GOCC_CELL_DIVISION_SITE	74	58		
GOCC_CELL_LEADING_EDGE	428	414		
GOCC_CELL_POLE	9		Rejected!	
GOCC_CELL_PROJECTION_MEMBRANE	356	334		
GOCC_CELL_SUBSTRATE_JUNCTION	437	425		
GOCC_CELL_SURFACE	907		Rejected!	
GOCC_CELL_TIP	7		Rejected!	
GOCC_CELL_TRAILING_EDGE	15	15		
GOCC_CENTRAL_ELEMENT	8		Rejected!	
GOCC_CENTRIOLAR_SATELLITE	127	122		
GOCC_CENTRIOLAR_SUBDISTAL_APPENDAGE	10		Rejected!	
GOCC_CENTRIOLE	162	143		
GOCC_CENTROSOME	737		Rejected!	
GOCC_CEREBELLAR_CLIMBING_FIBER_TO_PURKINJE_CELL_SYNAPSE	7		Rejected!	
GOCC_CEREBELLAR_MOSSY_FIBER	7		Rejected!	
GOCC_CHAPERONIN_CONTAINING_T_COMPLEX	11		Rejected!	
GOCC_CHECKPOINT_CLAMP_COMPLEX	5		Rejected!	
GOCC_CHITOSOME	22	22		
GOCC_CHLORIDE_CHANNEL_COMPLEX	56	53		
GOCC_CHOLINERGIC_SYNAPSE	10		Rejected!	
GOCC_CHROMAFFIN_GRANULE	14		Rejected!	
GOCC_CHROMAFFIN_GRANULE_MEMBRANE	9		Rejected!	
GOCC_CHROMATIN_SILENCING_COMPLEX	13		Rejected!	
GOCC_CHROMATOID_BODY	13		Rejected!	
GOCC_CHROMOCENTER	14		Rejected!	
GOCC_CHROMOSOMAL_REGION	404	355		
GOCC_CHROMOSOME_CENTROMERIC_CORE_DOMAIN	19		Rejected!	
GOCC_CHROMOSOME_CENTROMERIC_REGION	262	227		
GOCC_CHROMOSOME_PASSENGER_COMPLEX	6		Rejected!	
GOCC_CHROMOSOME_TELOMERIC_REGION	173	142		
GOCC_CHROMOSOME_TELOMERIC_REPEAT_REGION	14		Rejected!	
GOCC_CHYLOMICRON	13		Rejected!	
GOCC_CIA_COMPLEX	5		Rejected!	
GOCC_CILIARY_BASAL_BODY	172	152		
GOCC_CILIARY_BASE	47	37		
GOCC_CILIARY_MEMBRANE	78	73		
GOCC_CILIARY_PLASM	186	138		
GOCC_CILIARY_ROOTLET	14		Rejected!	
GOCC_CILIARY_TIP	48	41		
GOCC_CILIARY_TRANSITION_FIBER	8		Rejected!	
GOCC_CILIARY_TRANSITION_ZONE	74	65		
GOCC_CILIUM	782		Rejected!	
GOCC_CIS_GOLGI_NETWORK	75	57		
GOCC_CIS_GOLGI_NETWORK_MEMBRANE	10		Rejected!	
GOCC_CKM_COMPLEX	5		Rejected!	
GOCC_CLATHRIN_ADAPTOR_COMPLEX	27	25		
GOCC_CLATHRIN_COAT	51	49		
GOCC_CLATHRIN_COATED_ENDOCYTIC_VESICLE	93	88		
GOCC_CLATHRIN_COATED_ENDOCYTIC_VESICLE_MEMBRANE	75	71		
GOCC_CLATHRIN_COATED_PIT	77	74		
GOCC_CLATHRIN_COATED_VESICLE	220	210		
GOCC_CLATHRIN_COATED_VESICLE_MEMBRANE	138	132		
GOCC_CLATHRIN_COAT_OF_COATED_PIT	18	18		
GOCC_CLATHRIN_COMPLEX	8		Rejected!	
GOCC_CLATHRIN_SCULPTED_GAMMA_AMINOBUTYRIC_ACID_TRANSPORT_VESICLE	8		Rejected!	
GOCC_CLATHRIN_SCULPTED_MONOAMINE_TRANSPORT_VESICLE	5		Rejected!	
GOCC_CLATHRIN_SCULPTED_VESICLE	12		Rejected!	
GOCC_CLATHRIN_VESICLE_COAT	35	33		
GOCC_CLEAVAGE_FURROW	55	49		
GOCC_CLOCK_BMAL_TRANSCRIPTION_COMPLEX	5		Rejected!	
GOCC_CLUSTER_OF_ACTIN_BASED_CELL_PROJECTIONS	168	156		
GOCC_CMG_COMPLEX	11		Rejected!	
GOCC_COATED_VESICLE	320	305		
GOCC_COATED_VESICLE_MEMBRANE	205	195		
GOCC_COHESIN_COMPLEX	11		Rejected!	
GOCC_COLLAGEN_CONTAINING_EXTRACELLULAR_MATRIX	429	414		
GOCC_COLLAGEN_TRIMER	86	84		
GOCC_COLLAGEN_TYPE_IV_TRIMER	6		Rejected!	
GOCC_COMMITMENT_COMPLEX	5		Rejected!	
GOCC_COMPACT_MYELIN	14		Rejected!	
GOCC_COMPLEX_OF_COLLAGEN_TRIMERS	21	21		
GOCC_CONDENSED_CHROMOSOME	285	261		
GOCC_CONDENSED_CHROMOSOME_CENTROMERIC_REGION	185	171		
GOCC_CONDENSED_NUCLEAR_CHROMOSOME	81	72		
GOCC_CONDENSIN_COMPLEX	8		Rejected!	
GOCC_CONE_PHOTORECEPTOR_OUTER_SEGMENT	9		Rejected!	
GOCC_CONNEXIN_COMPLEX	21	20		
GOCC_CONTRACTILE_MUSCLE_FIBER	250	241		
GOCC_CONTRACTILE_RING	11		Rejected!	
GOCC_COP9_SIGNALOSOME	36	33		
GOCC_COPII_COATED_ER_TO_GOLGI_TRANSPORT_VESICLE	95	89		
GOCC_COPII_VESICLE_COAT	16		Rejected!	
GOCC_COPI_COATED_VESICLE	25	24		
GOCC_COPI_COATED_VESICLE_MEMBRANE	18	17		
GOCC_COPI_VESICLE_COAT	13		Rejected!	
GOCC_CORE_MEDIATOR_COMPLEX	26	26		
GOCC_CORNIFIED_ENVELOPE	60	57		
GOCC_CORTICAL_ACTIN_CYTOSKELETON	76	73		
GOCC_CORTICAL_CYTOSKELETON	109	105		
GOCC_CORTICAL_ENDOPLASMIC_RETICULUM	7		Rejected!	
GOCC_CORTICAL_GRANULE	6		Rejected!	
GOCC_CORVET_COMPLEX	7		Rejected!	
GOCC_COSTAMERE	18	18		
GOCC_CRD_MEDIATED_MRNA_STABILITY_COMPLEX	6		Rejected!	
GOCC_CTF18_RFC_LIKE_COMPLEX	8		Rejected!	
GOCC_CUL2_RING_UBIQUITIN_LIGASE_COMPLEX	25	23		
GOCC_CUL3_RING_UBIQUITIN_LIGASE_COMPLEX	39	39		
GOCC_CUL4A_RING_E3_UBIQUITIN_LIGASE_COMPLEX	14		Rejected!	
GOCC_CUL4B_RING_E3_UBIQUITIN_LIGASE_COMPLEX	6		Rejected!	
GOCC_CUL4_RING_E3_UBIQUITIN_LIGASE_COMPLEX	38	34		
GOCC_CUL5_RING_UBIQUITIN_LIGASE_COMPLEX	10		Rejected!	
GOCC_CULLIN_RING_UBIQUITIN_LIGASE_COMPLEX	186	172		
GOCC_CUTICULAR_PLATE	8		Rejected!	
GOCC_CYCLIN_CDK_POSITIVE_TRANSCRIPTION_ELONGATION_FACTOR_COMPLEX	8		Rejected!	
GOCC_CYCLIN_DEPENDENT_PROTEIN_KINASE_HOLOENZYME_COMPLEX	56	53		
GOCC_CYTOCHROME_COMPLEX	43	33		
GOCC_CYTOLYTIC_GRANULE	14		Rejected!	
GOCC_CYTOPLASMIC_DYNEIN_COMPLEX	23	17		
GOCC_CYTOPLASMIC_EXOSOME_RNASE_COMPLEX	16	16		
GOCC_CYTOPLASMIC_MICROTUBULE	119	88		
GOCC_CYTOPLASMIC_REGION	309	259		
GOCC_CYTOPLASMIC_SIDE_OF_ENDOPLASMIC_RETICULUM_MEMBRANE	20	19		
GOCC_CYTOPLASMIC_SIDE_OF_ENDOSOME_MEMBRANE	7		Rejected!	
GOCC_CYTOPLASMIC_SIDE_OF_LYSOSOMAL_MEMBRANE	14		Rejected!	
GOCC_CYTOPLASMIC_SIDE_OF_MEMBRANE	206	196		
GOCC_CYTOPLASMIC_SIDE_OF_PLASMA_MEMBRANE	164	158		
GOCC_CYTOPLASMIC_SIDE_OF_ROUGH_ENDOPLASMIC_RETICULUM_MEMBRANE	5		Rejected!	
GOCC_CYTOPLASMIC_STRESS_GRANULE	92	89		
GOCC_CYTOPLASMIC_UBIQUITIN_LIGASE_COMPLEX	8		Rejected!	
GOCC_CYTOSKELETON_OF_PRESYNAPTIC_ACTIVE_ZONE	8		Rejected!	
GOCC_CYTOSOLIC_LARGE_RIBOSOMAL_SUBUNIT	57	54		
GOCC_CYTOSOLIC_PROTEASOME_COMPLEX	5		Rejected!	
GOCC_CYTOSOLIC_REGION	20	19		
GOCC_CYTOSOLIC_RIBOSOME	120	114		
GOCC_CYTOSOLIC_SMALL_RIBOSOMAL_SUBUNIT	45	42		
GOCC_DEATH_INDUCING_SIGNALING_COMPLEX	9		Rejected!	
GOCC_DENDRITE_CYTOPLASM	27	27		
GOCC_DENDRITE_MEMBRANE	40	37		
GOCC_DENDRITE_TERMINUS	13		Rejected!	
GOCC_DENDRITIC_GROWTH_CONE	9		Rejected!	
GOCC_DENDRITIC_SHAFT	41	39		
GOCC_DENDRITIC_SPINE_HEAD	7		Rejected!	
GOCC_DENDRITIC_SPINE_MEMBRANE	15		Rejected!	
GOCC_DENDRITIC_TREE	624		Rejected!	
GOCC_DENSE_BODY	5		Rejected!	
GOCC_DENSE_CORE_GRANULE	38	37		
GOCC_DENSE_CORE_GRANULE_MEMBRANE	7		Rejected!	
GOCC_DERLIN_1_RETROTRANSLOCATION_COMPLEX	8		Rejected!	
GOCC_DESMOSOME	28	28		
GOCC_DEUTEROSOME	6		Rejected!	
GOCC_DISTAL_AXON	273	267		
GOCC_DNA_DEPENDENT_PROTEIN_KINASE_COMPLEX	5		Rejected!	
GOCC_DNA_DEPENDENT_PROTEIN_KINASE_DNA_LIGASE_4_COMPLEX	7		Rejected!	
GOCC_DNA_POLYMERASE_COMPLEX	20	20		
GOCC_DNA_RECOMBINASE_MEDIATOR_COMPLEX	7		Rejected!	
GOCC_DNA_REPAIR_COMPLEX	22	20		
GOCC_DNA_REPLICATION_FACTOR_A_COMPLEX	13		Rejected!	
GOCC_DNA_REPLICATION_FACTOR_C_COMPLEX	5		Rejected!	
GOCC_DNA_REPLICATION_PREINITIATION_COMPLEX	13		Rejected!	
GOCC_DOPAMINERGIC_SYNAPSE	15		Rejected!	
GOCC_DYNACTIN_COMPLEX	8		Rejected!	
GOCC_DYNEIN_AXONEMAL_PARTICLE	20		Rejected!	
GOCC_DYNEIN_COMPLEX	54	43		
GOCC_DYSTROGLYCAN_COMPLEX	7		Rejected!	
GOCC_DYSTROPHIN_ASSOCIATED_GLYCOPROTEIN_COMPLEX	18	18		
GOCC_EARLY_ENDOSOME	445	408		
GOCC_EARLY_ENDOSOME_LUMEN	5		Rejected!	
GOCC_EARLY_ENDOSOME_MEMBRANE	201	179		
GOCC_EARLY_PHAGOSOME	13		Rejected!	
GOCC_EARP_COMPLEX	5		Rejected!	
GOCC_EGG_COAT	5		Rejected!	
GOCC_EKC_KEOPS_COMPLEX	5		Rejected!	
GOCC_ELASTIC_FIBER	5		Rejected!	
GOCC_ELONGATOR_HOLOENZYME_COMPLEX	6		Rejected!	
GOCC_ELONGIN_COMPLEX	5		Rejected!	
GOCC_EMC_COMPLEX	10		Rejected!	
GOCC_ENDOCYTIC_VESICLE	351	339		
GOCC_ENDOCYTIC_VESICLE_LUMEN	23	23		
GOCC_ENDOCYTIC_VESICLE_MEMBRANE	204	197		
GOCC_ENDODEOXYRIBONUCLEASE_COMPLEX	5		Rejected!	
GOCC_ENDOLYSOSOME	29	28		
GOCC_ENDOLYSOSOME_LUMEN	5		Rejected!	
GOCC_ENDOLYSOSOME_MEMBRANE	20	19		
GOCC_ENDONUCLEASE_COMPLEX	40	37		
GOCC_ENDOPEPTIDASE_COMPLEX	86	84		
GOCC_ENDOPLASMIC_RETICULUM_CHAPERONE_COMPLEX	11		Rejected!	
GOCC_ENDOPLASMIC_RETICULUM_EXIT_SITE	35	30		
GOCC_ENDOPLASMIC_RETICULUM_GOLGI_INTERMEDIATE_COMPARTMENT	134	130		
GOCC_ENDOPLASMIC_RETICULUM_GOLGI_INTERMEDIATE_COMPARTMENT_MEMBRANE	81	79		
GOCC_ENDOPLASMIC_RETICULUM_LUMEN	312	301		
GOCC_ENDOPLASMIC_RETICULUM_PALMITOYLTRANSFERASE_COMPLEX	8		Rejected!	
GOCC_ENDOPLASMIC_RETICULUM_PLASMA_MEMBRANE_CONTACT_SITE	12		Rejected!	
GOCC_ENDOPLASMIC_RETICULUM_PROTEIN_CONTAINING_COMPLEX	123	112		
GOCC_ENDOPLASMIC_RETICULUM_QUALITY_CONTROL_COMPARTMENT	15		Rejected!	
GOCC_ENDOPLASMIC_RETICULUM_TUBULAR_NETWORK	28	26		
GOCC_ENDOPLASMIC_RETICULUM_TUBULAR_NETWORK_MEMBRANE	5		Rejected!	
GOCC_ENDOSOME	1077		Rejected!	
GOCC_ENDOSOME_LUMEN	40	40		
GOCC_ENDOSOME_MEMBRANE	576		Rejected!	
GOCC_ENZYME_ACTIVATOR_COMPLEX	13		Rejected!	
GOCC_EPSILON_DNA_POLYMERASE_COMPLEX	5		Rejected!	
GOCC_EQUATORIAL_MICROTUBULE_ORGANIZING_CENTER	5		Rejected!	
GOCC_ER_MEMBRANE_INSERTION_COMPLEX	14		Rejected!	
GOCC_ER_TO_GOLGI_TRANSPORT_VESICLE_MEMBRANE	64	59		
GOCC_ER_UBIQUITIN_LIGASE_COMPLEX	5		Rejected!	
GOCC_ESCRT_COMPLEX	30	29		
GOCC_ESCRT_I_COMPLEX	12		Rejected!	
GOCC_ESC_E_Z_COMPLEX	16	15		
GOCC_EUCHROMATIN	63	48		
GOCC_EUKARYOTIC_48S_PREINITIATION_COMPLEX	17	16		
GOCC_EUKARYOTIC_TRANSLATION_INITIATION_FACTOR_2B_COMPLEX	5		Rejected!	
GOCC_EUKARYOTIC_TRANSLATION_INITIATION_FACTOR_2_COMPLEX	5		Rejected!	
GOCC_EUKARYOTIC_TRANSLATION_INITIATION_FACTOR_3_COMPLEX	16	15		
GOCC_EUKARYOTIC_TRANSLATION_INITIATION_FACTOR_3_COMPLEX_EIF3M	7		Rejected!	
GOCC_EUKARYOTIC_TRANSLATION_INITIATION_FACTOR_4F_COMPLEX	13		Rejected!	
GOCC_EXCITATORY_SYNAPSE	65	62		
GOCC_EXOCYST	17	16		
GOCC_EXOCYTIC_VESICLE	241	231		
GOCC_EXON_EXON_JUNCTION_COMPLEX	20	20		
GOCC_EXORIBONUCLEASE_COMPLEX	25	24		
GOCC_EXTERNAL_ENCAPSULATING_STRUCTURE	564		Rejected!	
GOCC_EXTERNAL_SIDE_OF_APICAL_PLASMA_MEMBRANE	6		Rejected!	
GOCC_EXTERNAL_SIDE_OF_PLASMA_MEMBRANE	405	382		
GOCC_EXTRINSIC_COMPONENT_OF_CYTOPLASMIC_SIDE_OF_PLASMA_MEMBRANE	50	47		
GOCC_EXTRINSIC_COMPONENT_OF_MEMBRANE	178	170		
GOCC_EXTRINSIC_COMPONENT_OF_MITOCHONDRIAL_INNER_MEMBRANE	6		Rejected!	
GOCC_EXTRINSIC_COMPONENT_OF_ORGANELLE_MEMBRANE	25	24		
GOCC_EXTRINSIC_COMPONENT_OF_PLASMA_MEMBRANE	102	98		
GOCC_EXTRINSIC_COMPONENT_OF_POSTSYNAPTIC_MEMBRANE	8		Rejected!	
GOCC_EXTRINSIC_COMPONENT_OF_POSTSYNAPTIC_SPECIALIZATION_MEMBRANE	5		Rejected!	
GOCC_EXTRINSIC_COMPONENT_OF_PRESYNAPTIC_MEMBRANE	6		Rejected!	
GOCC_EXTRINSIC_COMPONENT_OF_SYNAPTIC_MEMBRANE	14		Rejected!	
GOCC_EXTRINSIC_COMPONENT_OF_SYNAPTIC_VESICLE_MEMBRANE	12		Rejected!	
GOCC_FACIT_COLLAGEN_TRIMER	6		Rejected!	
GOCC_FANCONI_ANAEMIA_NUCLEAR_COMPLEX	13		Rejected!	
GOCC_FAR_SIN_STRIPAK_COMPLEX	17	17		
GOCC_FASCIA_ADHERENS	9		Rejected!	
GOCC_FC_RECEPTOR_COMPLEX	5		Rejected!	
GOCC_FEMALE_GERM_CELL_NUCLEUS	17		Rejected!	
GOCC_FEMALE_PRONUCLEUS	10		Rejected!	
GOCC_FHF_COMPLEX	5		Rejected!	
GOCC_FIBRILLAR_CENTER	150	143		
GOCC_FIBRILLAR_COLLAGEN_TRIMER	12		Rejected!	
GOCC_FIBRINOGEN_COMPLEX	8		Rejected!	
GOCC_FICOLIN_1_RICH_GRANULE	185	181		
GOCC_FICOLIN_1_RICH_GRANULE_LUMEN	124	123		
GOCC_FICOLIN_1_RICH_GRANULE_MEMBRANE	61	58		
GOCC_FILAMENTOUS_ACTIN	32	31		
GOCC_FILOPODIUM	106	100		
GOCC_FILOPODIUM_MEMBRANE	18	18		
GOCC_FILOPODIUM_TIP	19	18		
GOCC_FILTRATION_DIAPHRAGM	9		Rejected!	
GOCC_FLEMMING_BODY	35	34		
GOCC_FLOTILLIN_COMPLEX	9		Rejected!	
GOCC_F_ACTIN_CAPPING_PROTEIN_COMPLEX	8		Rejected!	
GOCC_GABA_ERGIC_SYNAPSE	79	75		
GOCC_GABA_RECEPTOR_COMPLEX	21	21		
GOCC_GAMMA_DELTA_T_CELL_RECEPTOR_COMPLEX	6		Rejected!	
GOCC_GAMMA_SECRETASE_COMPLEX	7		Rejected!	
GOCC_GAMMA_TUBULIN_COMPLEX	19	17		
GOCC_GAMMA_TUBULIN_RING_COMPLEX	9		Rejected!	
GOCC_GAP_JUNCTION	31	29		
GOCC_GARP_COMPLEX	5		Rejected!	
GOCC_GATOR1_COMPLEX	5		Rejected!	
GOCC_GATOR2_COMPLEX	10		Rejected!	
GOCC_GBAF_COMPLEX	14		Rejected!	
GOCC_GEMINI_OF_COILED_BODIES	12		Rejected!	
GOCC_GERM_CELL_NUCLEUS	68	60		
GOCC_GID_COMPLEX	5		Rejected!	
GOCC_GINS_COMPLEX	5		Rejected!	
GOCC_GLIAL_CELL_PROJECTION	39	39		
GOCC_GLUTAMATERGIC_SYNAPSE	425	410		
GOCC_GLYCINERGIC_SYNAPSE	8		Rejected!	
GOCC_GLYCOGEN_GRANULE	6		Rejected!	
GOCC_GLYCOPROTEIN_COMPLEX	23	23		
GOCC_GLYCOPROTEIN_IB_IX_V_COMPLEX	5		Rejected!	
GOCC_GLYCOSYLPHOSPHATIDYLINOSITOL_N_ACETYLGLUCOSAMINYLTRANSFERASE_GPI_GNT_COMPLEX	7		Rejected!	
GOCC_GOLGI_APPARATUS	1653		Rejected!	
GOCC_GOLGI_APPARATUS_SUBCOMPARTMENT	388	347		
GOCC_GOLGI_ASSOCIATED_VESICLE	94	90		
GOCC_GOLGI_ASSOCIATED_VESICLE_MEMBRANE	57	54		
GOCC_GOLGI_CISTERNA	118	101		
GOCC_GOLGI_CISTERNA_MEMBRANE	93	78		
GOCC_GOLGI_CIS_CISTERNA	30	16		
GOCC_GOLGI_LUMEN	105	97		
GOCC_GOLGI_MEDIAL_CISTERNA	12		Rejected!	
GOCC_GOLGI_MEMBRANE	686		Rejected!	
GOCC_GOLGI_STACK	151	130		
GOCC_GOLGI_TRANSPORT_COMPLEX	10		Rejected!	
GOCC_GOLGI_TRANS_CISTERNA	10		Rejected!	
GOCC_GPI_ANCHOR_TRANSAMIDASE_COMPLEX	5		Rejected!	
GOCC_GRANULAR_COMPONENT	7		Rejected!	
GOCC_GROWTH_CONE_MEMBRANE	8		Rejected!	
GOCC_GROWTH_FACTOR_COMPLEX	8		Rejected!	
GOCC_GTPASE_ACTIVATOR_COMPLEX	11		Rejected!	
GOCC_GTPASE_COMPLEX	41	38		
GOCC_GUANYL_NUCLEOTIDE_EXCHANGE_FACTOR_COMPLEX	23	21		
GOCC_G_PROTEIN_COUPLED_RECEPTOR_COMPLEX	11		Rejected!	
GOCC_G_PROTEIN_COUPLED_RECEPTOR_DIMERIC_COMPLEX	7		Rejected!	
GOCC_H3_HISTONE_ACETYLTRANSFERASE_COMPLEX	8		Rejected!	
GOCC_H4_H2A_HISTONE_ACETYLTRANSFERASE_COMPLEX	32	28		
GOCC_H4_HISTONE_ACETYLTRANSFERASE_COMPLEX	45	39		
GOCC_HAPTOGLOBIN_HEMOGLOBIN_COMPLEX	11		Rejected!	
GOCC_HAUS_COMPLEX	8		Rejected!	
GOCC_HEMIDESMOSOME	8		Rejected!	
GOCC_HEMOGLOBIN_COMPLEX	12		Rejected!	
GOCC_HETEROCHROMATIN	81	72		
GOCC_HFE_TRANSFERRIN_RECEPTOR_COMPLEX	8		Rejected!	
GOCC_HIGH_DENSITY_LIPOPROTEIN_PARTICLE	26	26		
GOCC_HIPPOCAMPAL_MOSSY_FIBER	6		Rejected!	
GOCC_HIPPOCAMPAL_MOSSY_FIBER_TO_CA3_SYNAPSE	43	43		
GOCC_HISTONE_DEACETYLASE_COMPLEX	82	76		
GOCC_HISTONE_METHYLTRANSFERASE_COMPLEX	70	67		
GOCC_HISTONE_PRE_MRNA_3_END_PROCESSING_COMPLEX	6		Rejected!	
GOCC_HOPS_COMPLEX	14		Rejected!	
GOCC_HOST_CELLULAR_COMPONENT	9		Rejected!	
GOCC_IGA_IMMUNOGLOBULIN_COMPLEX	10		Rejected!	
GOCC_IGA_IMMUNOGLOBULIN_COMPLEX_CIRCULATING	5		Rejected!	
GOCC_IGD_IMMUNOGLOBULIN_COMPLEX	6		Rejected!	
GOCC_IGE_IMMUNOGLOBULIN_COMPLEX	6		Rejected!	
GOCC_IGG_IMMUNOGLOBULIN_COMPLEX	13		Rejected!	
GOCC_IGM_IMMUNOGLOBULIN_COMPLEX	10		Rejected!	
GOCC_IKAPPAB_KINASE_COMPLEX	8		Rejected!	
GOCC_IMMUNOGLOBULIN_COMPLEX	155		Rejected!	
GOCC_IMMUNOGLOBULIN_COMPLEX_CIRCULATING	12		Rejected!	
GOCC_IMMUNOLOGICAL_SYNAPSE	45	44		
GOCC_INCLUSION_BODY	72	69		
GOCC_INHIBITORY_SYNAPSE	16	15		
GOCC_INNER_ACROSOMAL_MEMBRANE	5		Rejected!	
GOCC_INNER_DYNEIN_ARM	5		Rejected!	
GOCC_INNER_KINETOCHORE	19	15		
GOCC_INNER_MITOCHONDRIAL_MEMBRANE_PROTEIN_COMPLEX	164	114		
GOCC_INO80_COMPLEX	16	16		
GOCC_INO80_TYPE_COMPLEX	27	27		
GOCC_INSULIN_LIKE_GROWTH_FACTOR_BINDING_PROTEIN_COMPLEX	5		Rejected!	
GOCC_INSULIN_RESPONSIVE_COMPARTMENT	7		Rejected!	
GOCC_INTEGRATOR_COMPLEX	20	15		
GOCC_INTEGRIN_COMPLEX	31	30		
GOCC_INTERCALATED_DISC	51	51		
GOCC_INTERCELLULAR_BRIDGE	92	86		
GOCC_INTERCELLULAR_CANALICULUS	6		Rejected!	
GOCC_INTERCHROMATIN_GRANULE	5		Rejected!	
GOCC_INTERMEDIATE_FILAMENT_CYTOSKELETON	253	218		
GOCC_INTERPHOTORECEPTOR_MATRIX	6		Rejected!	
GOCC_INTERSTITIAL_MATRIX	11		Rejected!	
GOCC_INTRACELLULAR_CYCLIC_NUCLEOTIDE_ACTIVATED_CATION_CHANNEL_COMPLEX	6		Rejected!	
GOCC_INTRACELLULAR_PROTEIN_CONTAINING_COMPLEX	923		Rejected!	
GOCC_INTRACILIARY_TRANSPORT_PARTICLE	26	22		
GOCC_INTRACILIARY_TRANSPORT_PARTICLE_A	8		Rejected!	
GOCC_INTRACILIARY_TRANSPORT_PARTICLE_B	19	15		
GOCC_IRON_SULFUR_CLUSTER_ASSEMBLY_COMPLEX	12		Rejected!	
GOCC_ISWI_TYPE_COMPLEX	14		Rejected!	
GOCC_I_BAND	145	140		
GOCC_JUNCTIONAL_MEMBRANE_COMPLEX	6		Rejected!	
GOCC_JUNCTIONAL_SARCOPLASMIC_RETICULUM_MEMBRANE	9		Rejected!	
GOCC_JUXTAPARANODE_REGION_OF_AXON	12		Rejected!	
GOCC_KAINATE_SELECTIVE_GLUTAMATE_RECEPTOR_COMPLEX	5		Rejected!	
GOCC_KATANIN_COMPLEX	5		Rejected!	
GOCC_KERATIN_FILAMENT	92	76		
GOCC_KINESIN_COMPLEX	48	45		
GOCC_KINETOCHORE_MICROTUBULE	21	19		
GOCC_KINOCILIUM	11		Rejected!	
GOCC_LAMELLAR_BODY	18	17		
GOCC_LAMELLIPODIUM	203	200		
GOCC_LAMELLIPODIUM_MEMBRANE	22	22		
GOCC_LAMININ_COMPLEX	9		Rejected!	
GOCC_LAMIN_FILAMENT	5		Rejected!	
GOCC_LARGE_RIBOSOMAL_SUBUNIT	114	110		
GOCC_LATERAL_ELEMENT	14		Rejected!	
GOCC_LATERAL_PART_OF_CELL	5		Rejected!	
GOCC_LATERAL_PLASMA_MEMBRANE	68	67		
GOCC_LATE_ENDOSOME	315	291		
GOCC_LATE_ENDOSOME_LUMEN	9		Rejected!	
GOCC_LATE_ENDOSOME_MEMBRANE	174	160		
GOCC_LEADING_EDGE_MEMBRANE	180	171		
GOCC_LEWY_BODY	8		Rejected!	
GOCC_LIPID_DROPLET	105	98		
GOCC_LIPOPOLYSACCHARIDE_RECEPTOR_COMPLEX	5		Rejected!	
GOCC_LOW_DENSITY_LIPOPROTEIN_PARTICLE	15		Rejected!	
GOCC_LSM1_7_PAT1_COMPLEX	5		Rejected!	
GOCC_LSM2_8_COMPLEX	7		Rejected!	
GOCC_LUMENAL_SIDE_OF_ENDOPLASMIC_RETICULUM_MEMBRANE	35	32		
GOCC_LUMENAL_SIDE_OF_MEMBRANE	45	41		
GOCC_LYSOSOMAL_LUMEN	98	95		
GOCC_L_TYPE_VOLTAGE_GATED_CALCIUM_CHANNEL_COMPLEX	12		Rejected!	
GOCC_MAIN_AXON	68	66		
GOCC_MALE_GERM_CELL_NUCLEUS	52	48		
GOCC_MALE_PRONUCLEUS	8		Rejected!	
GOCC_MANCHETTE	24	21		
GOCC_MANNOSYLTRANSFERASE_COMPLEX	5		Rejected!	
GOCC_MATRIX_SIDE_OF_MITOCHONDRIAL_INNER_MEMBRANE	6		Rejected!	
GOCC_MCM_COMPLEX	11		Rejected!	
GOCC_MCRD_MEDIATED_MRNA_STABILITY_COMPLEX	5		Rejected!	
GOCC_MEDIATOR_COMPLEX	37	36		
GOCC_MEIOTIC_COHESIN_COMPLEX	7		Rejected!	
GOCC_MEIOTIC_SPINDLE	14		Rejected!	
GOCC_MEMBRANE_ATTACK_COMPLEX	7		Rejected!	
GOCC_MEMBRANE_COAT	97	92		
GOCC_MEMBRANE_MICRODOMAIN	292	282		
GOCC_MEMBRANE_PROTEIN_COMPLEX	1411		Rejected!	
GOCC_MESSENGER_RIBONUCLEOPROTEIN_COMPLEX	6		Rejected!	
GOCC_METHYLOSOME	13		Rejected!	
GOCC_METHYLTRANSFERASE_COMPLEX	102	97		
GOCC_MHC_CLASS_II_PROTEIN_COMPLEX	17	15		
GOCC_MHC_CLASS_I_PEPTIDE_LOADING_COMPLEX	8		Rejected!	
GOCC_MHC_CLASS_I_PROTEIN_COMPLEX	10		Rejected!	
GOCC_MHC_PROTEIN_COMPLEX	26	24		
GOCC_MIB_COMPLEX	13		Rejected!	
GOCC_MICOS_COMPLEX	9		Rejected!	
GOCC_MICROBODY	146	135		
GOCC_MICROBODY_LUMEN	51	48		
GOCC_MICROBODY_MEMBRANE	64	62		
GOCC_MICROFIBRIL	13		Rejected!	
GOCC_MICROTUBULE	483	426		
GOCC_MICROTUBULE_ASSOCIATED_COMPLEX	157	140		
GOCC_MICROTUBULE_BUNDLE	6		Rejected!	
GOCC_MICROTUBULE_CYTOSKELETON	1418		Rejected!	
GOCC_MICROTUBULE_END	34	30		
GOCC_MICROTUBULE_MINUS_END	7		Rejected!	
GOCC_MICROTUBULE_ORGANIZING_CENTER	878		Rejected!	
GOCC_MICROTUBULE_ORGANIZING_CENTER_ATTACHMENT_SITE	11		Rejected!	
GOCC_MICROTUBULE_PLUS_END	24	21		
GOCC_MICROVESICLE	11		Rejected!	
GOCC_MICROVILLUS	100	92		
GOCC_MICROVILLUS_MEMBRANE	33	28		
GOCC_MIDBODY	206	190		
GOCC_MIGRASOME	5		Rejected!	
GOCC_MISMATCH_REPAIR_COMPLEX	11		Rejected!	
GOCC_MITOCHONDRIAL_CRISTA	8		Rejected!	
GOCC_MITOCHONDRIAL_CRISTA_JUNCTION	8		Rejected!	
GOCC_MITOCHONDRIAL_ENVELOPE	821		Rejected!	
GOCC_MITOCHONDRIAL_INTERMEMBRANE_SPACE_PROTEIN_TRANSPORTER_COMPLEX	6		Rejected!	
GOCC_MITOCHONDRIAL_LARGE_RIBOSOMAL_SUBUNIT	56	56		
GOCC_MITOCHONDRIAL_MATRIX	498	473		
GOCC_MITOCHONDRIAL_PERMEABILITY_TRANSITION_PORE_COMPLEX	7		Rejected!	
GOCC_MITOCHONDRIAL_PROTEIN_CONTAINING_COMPLEX	289	236		
GOCC_MITOCHONDRIAL_PROTON_TRANSPORTING_ATP_SYNTHASE_COMPLEX_COUPLING_FACTOR_F_O	11		Rejected!	
GOCC_MITOCHONDRIAL_RESPIRATORY_CHAIN_COMPLEX_III	15		Rejected!	
GOCC_MITOCHONDRIAL_SMALL_RIBOSOMAL_SUBUNIT	32	32		
GOCC_MITOCHONDRIA_ASSOCIATED_ENDOPLASMIC_RETICULUM_MEMBRANE_CONTACT_SITE	22	22		
GOCC_MITOCHONDRION	1688		Rejected!	
GOCC_MITOTIC_COHESIN_COMPLEX	7		Rejected!	
GOCC_MITOTIC_SPINDLE	184	173		
GOCC_MITOTIC_SPINDLE_ASTRAL_MICROTUBULE	8		Rejected!	
GOCC_MITOTIC_SPINDLE_MICROTUBULE	14		Rejected!	
GOCC_MITOTIC_SPINDLE_MIDZONE	14		Rejected!	
GOCC_MITOTIC_SPINDLE_POLE	39	38		
GOCC_MKS_COMPLEX	13		Rejected!	
GOCC_MLL1_2_COMPLEX	32	31		
GOCC_MLL3_4_COMPLEX	12		Rejected!	
GOCC_MMXD_COMPLEX	5		Rejected!	
GOCC_MON1_CCZ1_COMPLEX	5		Rejected!	
GOCC_MONOATOMIC_ION_CHANNEL_COMPLEX	343	327		
GOCC_MOTILE_CILIUM	286	238		
GOCC_MPP7_DLG1_LIN7_COMPLEX	5		Rejected!	
GOCC_MRE11_COMPLEX	5		Rejected!	
GOCC_MRNA_CLEAVAGE_AND_POLYADENYLATION_SPECIFICITY_FACTOR_COMPLEX	24	18		
GOCC_MRNA_CLEAVAGE_FACTOR_COMPLEX	29	23		
GOCC_MRNA_EDITING_COMPLEX	6		Rejected!	
GOCC_MSL_COMPLEX	5		Rejected!	
GOCC_MULTIMERIC_RIBONUCLEASE_P_COMPLEX	10		Rejected!	
GOCC_MULTIVESICULAR_BODY	68	63		
GOCC_MULTIVESICULAR_BODY_INTERNAL_VESICLE	6		Rejected!	
GOCC_MULTIVESICULAR_BODY_LUMEN	7		Rejected!	
GOCC_MULTIVESICULAR_BODY_MEMBRANE	29	27		
GOCC_MULTI_PASS_TRANSLOCON_COMPLEX	9		Rejected!	
GOCC_MUSCLE_MYOSIN_COMPLEX	15		Rejected!	
GOCC_MYELIN_SHEATH	47	43		
GOCC_MYELIN_SHEATH_ABAXONAL_REGION	6		Rejected!	
GOCC_MYELIN_SHEATH_ADAXONAL_REGION	6		Rejected!	
GOCC_MYOFILAMENT	26	25		
GOCC_MYOSIN_COMPLEX	57	56		
GOCC_MYOSIN_FILAMENT	24	24		
GOCC_MYOSIN_II_COMPLEX	26	25		
GOCC_M_BAND	28	27		
GOCC_NADH_DEHYDROGENASE_COMPLEX	51	38		
GOCC_NADPH_OXIDASE_COMPLEX	18	18		
GOCC_NASCENT_POLYPEPTIDE_ASSOCIATED_COMPLEX	5		Rejected!	
GOCC_NATA_COMPLEX	5		Rejected!	
GOCC_NBAF_COMPLEX	16	16		
GOCC_NETWORK_FORMING_COLLAGEN_TRIMER	8		Rejected!	
GOCC_NEUROFIBRILLARY_TANGLE	5		Rejected!	
GOCC_NEUROFILAMENT	10		Rejected!	
GOCC_NEUROMUSCULAR_JUNCTION	75	73		
GOCC_NEURONAL_DENSE_CORE_VESICLE	25	24		
GOCC_NEURONAL_DENSE_CORE_VESICLE_MEMBRANE	5		Rejected!	
GOCC_NEURONAL_RIBONUCLEOPROTEIN_GRANULE	5		Rejected!	
GOCC_NEURON_PROJECTION	1336		Rejected!	
GOCC_NEURON_PROJECTION_CYTOPLASM	89	89		
GOCC_NEURON_PROJECTION_MEMBRANE	60	56		
GOCC_NEURON_PROJECTION_TERMINUS	128	124		
GOCC_NEURON_SPINE	175	167		
GOCC_NEURON_TO_NEURON_SYNAPSE	367	348		
GOCC_NEUROTRANSMITTER_RECEPTOR_COMPLEX	46	43		
GOCC_NF_KAPPAB_COMPLEX	5		Rejected!	
GOCC_NLRP1_INFLAMMASOME_COMPLEX	6		Rejected!	
GOCC_NLRP3_INFLAMMASOME_COMPLEX	8		Rejected!	
GOCC_NLS_DEPENDENT_PROTEIN_NUCLEAR_IMPORT_COMPLEX	10		Rejected!	
GOCC_NMDA_SELECTIVE_GLUTAMATE_RECEPTOR_COMPLEX	9		Rejected!	
GOCC_NODE_OF_RANVIER	16	16		
GOCC_NONHOMOLOGOUS_END_JOINING_COMPLEX	9		Rejected!	
GOCC_NON_MOTILE_CILIUM	170	150		
GOCC_NPBAF_COMPLEX	14		Rejected!	
GOCC_NSL_COMPLEX	11		Rejected!	
GOCC_NUCLEAR_BODY	859		Rejected!	
GOCC_NUCLEAR_CHROMOSOME	237	217		
GOCC_NUCLEAR_CYCLIN_DEPENDENT_PROTEIN_KINASE_HOLOENZYME_COMPLEX	14		Rejected!	
GOCC_NUCLEAR_ENVELOPE	501	471		
GOCC_NUCLEAR_ENVELOPE_LUMEN	11		Rejected!	
GOCC_NUCLEAR_EXOSOME_RNASE_COMPLEX	16	15		
GOCC_NUCLEAR_INCLUSION_BODY	12		Rejected!	
GOCC_NUCLEAR_INNER_MEMBRANE	57	52		
GOCC_NUCLEAR_LAMINA	12		Rejected!	
GOCC_NUCLEAR_MEMBRANE	314	295		
GOCC_NUCLEAR_OUTER_MEMBRANE	31	29		
GOCC_NUCLEAR_OUTER_MEMBRANE_ENDOPLASMIC_RETICULUM_MEMBRANE_NETWORK	1239		Rejected!	
GOCC_NUCLEAR_PERIPHERY	150	146		
GOCC_NUCLEAR_PORE	97	89		
GOCC_NUCLEAR_PORE_CENTRAL_TRANSPORT_CHANNEL	6		Rejected!	
GOCC_NUCLEAR_PORE_NUCLEAR_BASKET	12		Rejected!	
GOCC_NUCLEAR_PORE_OUTER_RING	10		Rejected!	
GOCC_NUCLEAR_PROTEIN_CONTAINING_COMPLEX	1314		Rejected!	
GOCC_NUCLEAR_REPLICATION_FORK	41	39		
GOCC_NUCLEAR_RNA_EXPORT_FACTOR_COMPLEX	7		Rejected!	
GOCC_NUCLEAR_SPECK	415	388		
GOCC_NUCLEAR_STRESS_GRANULE	6		Rejected!	
GOCC_NUCLEAR_UBIQUITIN_LIGASE_COMPLEX	47	46		
GOCC_NUCLEOCYTOPLASMIC_TRANSPORT_COMPLEX	12		Rejected!	
GOCC_NUCLEOID	46	43		
GOCC_NUCLEOLAR_EXOSOME_RNASE_COMPLEX	10		Rejected!	
GOCC_NUCLEOLAR_RIBONUCLEASE_P_COMPLEX	7		Rejected!	
GOCC_NUCLEOLUS	1471		Rejected!	
GOCC_NUCLEOSOME	135	39		
GOCC_NUCLEOTIDE_ACTIVATED_PROTEIN_KINASE_COMPLEX	10		Rejected!	
GOCC_NUCLEOTIDE_EXCISION_REPAIR_COMPLEX	12		Rejected!	
GOCC_NURD_COMPLEX	16		Rejected!	
GOCC_NURF_COMPLEX	7		Rejected!	
GOCC_N_TERMINAL_PROTEIN_ACETYLTRANSFERASE_COMPLEX	10		Rejected!	
GOCC_OLIGOSACCHARYLTRANSFERASE_COMPLEX	14		Rejected!	
GOCC_OMEGASOME	5		Rejected!	
GOCC_ORGANELLAR_RIBOSOME	89	89		
GOCC_ORGANELLE_ENVELOPE	1293		Rejected!	
GOCC_ORGANELLE_ENVELOPE_LUMEN	92	86		
GOCC_ORGANELLE_INNER_MEMBRANE	563	483		
GOCC_ORGANELLE_MEMBRANE_CONTACT_SITE	52	45		
GOCC_ORGANELLE_SUBCOMPARTMENT	1542		Rejected!	
GOCC_ORIGIN_RECOGNITION_COMPLEX	8		Rejected!	
GOCC_OTHER_ORGANISM_PART	5		Rejected!	
GOCC_OUTER_DENSE_FIBER	6		Rejected!	
GOCC_OUTER_DYNEIN_ARM	11		Rejected!	
GOCC_OUTER_KINETOCHORE	20	20		
GOCC_OUTER_MEMBRANE	251	228		
GOCC_OUTER_MITOCHONDRIAL_MEMBRANE_PROTEIN_COMPLEX	23	19		
GOCC_OXIDOREDUCTASE_COMPLEX	123	104		
GOCC_OXOGLUTARATE_DEHYDROGENASE_COMPLEX	11		Rejected!	
GOCC_PALMITOYLTRANSFERASE_COMPLEX	11		Rejected!	
GOCC_PAM_COMPLEX_TIM23_ASSOCIATED_IMPORT_MOTOR	5		Rejected!	
GOCC_PARALLEL_FIBER_TO_PURKINJE_CELL_SYNAPSE	19	19		
GOCC_PARANODAL_JUNCTION	8		Rejected!	
GOCC_PARANODE_REGION_OF_AXON	12		Rejected!	
GOCC_PARASPECKLES	9		Rejected!	
GOCC_PAR_POLARITY_COMPLEX	6		Rejected!	
GOCC_PCG_PROTEIN_COMPLEX	49	47		
GOCC_PEPTIDASE_COMPLEX	122	114		
GOCC_PEPTIDASE_INHIBITOR_COMPLEX	11		Rejected!	
GOCC_PERICENTRIC_HETEROCHROMATIN	30	27		
GOCC_PERICENTRIOLAR_MATERIAL	22	21		
GOCC_PERICHROMATIN_FIBRILS	6		Rejected!	
GOCC_PERICILIARY_MEMBRANE_COMPARTMENT	6		Rejected!	
GOCC_PERIKARYON	151	145		
GOCC_PERINEURONAL_NET	10		Rejected!	
GOCC_PERINUCLEAR_ENDOPLASMIC_RETICULUM	21	21		
GOCC_PERINUCLEAR_REGION_OF_CYTOPLASM	740		Rejected!	
GOCC_PERINUCLEAR_THECA	5		Rejected!	
GOCC_PERINUCLEOLAR_COMPARTMENT	5		Rejected!	
GOCC_PHAGOCYTIC_CUP	28	27		
GOCC_PHAGOCYTIC_VESICLE	143	139		
GOCC_PHAGOCYTIC_VESICLE_LUMEN	5		Rejected!	
GOCC_PHAGOCYTIC_VESICLE_MEMBRANE	81	78		
GOCC_PHAGOLYSOSOME	8		Rejected!	
GOCC_PHAGOPHORE_ASSEMBLY_SITE	38	34		
GOCC_PHAGOPHORE_ASSEMBLY_SITE_MEMBRANE	21	21		
GOCC_PHOSPHATASE_COMPLEX	55	50		
GOCC_PHOSPHATIDYLINOSITOL_3_KINASE_COMPLEX	30	28		
GOCC_PHOSPHATIDYLINOSITOL_3_KINASE_COMPLEX_CLASS_I	9		Rejected!	
GOCC_PHOSPHATIDYLINOSITOL_3_KINASE_COMPLEX_CLASS_III	8		Rejected!	
GOCC_PHOSPHOLIPID_TRANSLOCATING_ATPASE_COMPLEX	14		Rejected!	
GOCC_PHOSPHORYLASE_KINASE_COMPLEX	5		Rejected!	
GOCC_PHOTORECEPTOR_CONNECTING_CILIUM	41	38		
GOCC_PHOTORECEPTOR_DISC_MEMBRANE	25	22		
GOCC_PHOTORECEPTOR_INNER_SEGMENT	72	66		
GOCC_PHOTORECEPTOR_OUTER_SEGMENT	95	86		
GOCC_PHOTORECEPTOR_OUTER_SEGMENT_MEMBRANE	16	15		
GOCC_PHOTORECEPTOR_RIBBON_SYNAPSE	9		Rejected!	
GOCC_PICLN_SM_PROTEIN_COMPLEX	6		Rejected!	
GOCC_PIGMENT_GRANULE	112	111		
GOCC_PINOSOME	9		Rejected!	
GOCC_PIP_BODY	5		Rejected!	
GOCC_PI_BODY	10		Rejected!	
GOCC_PLASMA_MEMBRANE_PROTEIN_COMPLEX	730		Rejected!	
GOCC_PLASMA_MEMBRANE_RAFT	114	109		
GOCC_PLASMA_MEMBRANE_REGION	1282		Rejected!	
GOCC_PLASMA_MEMBRANE_SIGNALING_RECEPTOR_COMPLEX	318	185		
GOCC_PLATELET_ALPHA_GRANULE	91	89		
GOCC_PLATELET_ALPHA_GRANULE_LUMEN	67	65		
GOCC_PLATELET_ALPHA_GRANULE_MEMBRANE	17	17		
GOCC_PLATELET_DENSE_GRANULE	21	20		
GOCC_PLATELET_DENSE_GRANULE_LUMEN	14		Rejected!	
GOCC_PLATELET_DENSE_GRANULE_MEMBRANE	6		Rejected!	
GOCC_PLATELET_DENSE_TUBULAR_NETWORK	11		Rejected!	
GOCC_PLATELET_DENSE_TUBULAR_NETWORK_MEMBRANE	9		Rejected!	
GOCC_PML_BODY	109	106		
GOCC_PODOSOME	33	31		
GOCC_POLAR_MICROTUBULE	5		Rejected!	
GOCC_POLE_PLASM	27	25		
GOCC_POLYMERIC_CYTOSKELETAL_FIBER	812		Rejected!	
GOCC_POLYPRENYL_DIPHOSPHATE_SYNTHASE_COMPLEX	11		Rejected!	
GOCC_PORE_COMPLEX	26	25		
GOCC_POSTSYNAPSE	660		Rejected!	
GOCC_POSTSYNAPTIC_ACTIN_CYTOSKELETON	8		Rejected!	
GOCC_POSTSYNAPTIC_CYTOSKELETON	13		Rejected!	
GOCC_POSTSYNAPTIC_CYTOSOL	13		Rejected!	
GOCC_POSTSYNAPTIC_DENSITY_MEMBRANE	102	98		
GOCC_POSTSYNAPTIC_ENDOCYTIC_ZONE	5		Rejected!	
GOCC_POSTSYNAPTIC_ENDOSOME	14		Rejected!	
GOCC_POSTSYNAPTIC_ENDOSOME_MEMBRANE	5		Rejected!	
GOCC_POSTSYNAPTIC_MEMBRANE	280	269		
GOCC_POSTSYNAPTIC_RECYCLING_ENDOSOME	8		Rejected!	
GOCC_POSTSYNAPTIC_SPECIALIZATION	352	334		
GOCC_POSTSYNAPTIC_SPECIALIZATION_INTRACELLULAR_COMPONENT	20	20		
GOCC_POSTSYNAPTIC_SPECIALIZATION_MEMBRANE	130	126		
GOCC_POST_MRNA_RELEASE_SPLICEOSOMAL_COMPLEX	11		Rejected!	
GOCC_POTASSIUM_CHANNEL_COMPLEX	101	100		
GOCC_PRC1_COMPLEX	18	18		
GOCC_PRECATALYTIC_SPLICEOSOME	53	52		
GOCC_PREFOLDIN_COMPLEX	7		Rejected!	
GOCC_PRERIBOSOME	108	102		
GOCC_PRERIBOSOME_LARGE_SUBUNIT_PRECURSOR	19	19		
GOCC_PRERIBOSOME_SMALL_SUBUNIT_PRECURSOR	15		Rejected!	
GOCC_PRESPLICEOSOME	18	16		
GOCC_PRESYNAPSE	573		Rejected!	
GOCC_PRESYNAPTIC_ACTIVE_ZONE	79	75		
GOCC_PRESYNAPTIC_ACTIVE_ZONE_CYTOPLASMIC_COMPONENT	17	15		
GOCC_PRESYNAPTIC_ACTIVE_ZONE_MEMBRANE	32	31		
GOCC_PRESYNAPTIC_CYTOSKELETON	11		Rejected!	
GOCC_PRESYNAPTIC_CYTOSOL	13		Rejected!	
GOCC_PRESYNAPTIC_ENDOCYTIC_ZONE	9		Rejected!	
GOCC_PRESYNAPTIC_MEMBRANE	169	167		
GOCC_PRE_SNORNP_COMPLEX	7		Rejected!	
GOCC_PROCENTRIOLE_REPLICATION_COMPLEX	6		Rejected!	
GOCC_PRONUCLEUS	14		Rejected!	
GOCC_PROTEASE_INHIBITOR_COMPLEX	8		Rejected!	
GOCC_PROTEASOME_ACCESSORY_COMPLEX	24	24		
GOCC_PROTEASOME_COMPLEX	62	60		
GOCC_PROTEASOME_CORE_COMPLEX	20	19		
GOCC_PROTEASOME_CORE_COMPLEX_ALPHA_SUBUNIT_COMPLEX	8		Rejected!	
GOCC_PROTEASOME_CORE_COMPLEX_BETA_SUBUNIT_COMPLEX	11		Rejected!	
GOCC_PROTEASOME_REGULATORY_PARTICLE_BASE_SUBCOMPLEX	12		Rejected!	
GOCC_PROTEASOME_REGULATORY_PARTICLE_LID_SUBCOMPLEX	7		Rejected!	
GOCC_PROTEIN_COMPLEX_INVOLVED_IN_CELL_ADHESION	57	56		
GOCC_PROTEIN_COMPLEX_INVOLVED_IN_CELL_CELL_ADHESION	5		Rejected!	
GOCC_PROTEIN_COMPLEX_INVOLVED_IN_CELL_MATRIX_ADHESION	17	17		
GOCC_PROTEIN_DNA_COMPLEX	1474		Rejected!	
GOCC_PROTEIN_FOLDING_CHAPERONE_COMPLEX	42	39		
GOCC_PROTEIN_KINASE_COMPLEX	150	143		
GOCC_PROTEIN_LIPID_COMPLEX	39	38		
GOCC_PROTEIN_PHOSPHATASE_4_COMPLEX	6		Rejected!	
GOCC_PROTEIN_PHOSPHATASE_TYPE_1_COMPLEX	19	17		
GOCC_PROTEIN_PHOSPHATASE_TYPE_2A_COMPLEX	18	18		
GOCC_PROTON_TRANSPORTING_ATP_SYNTHASE_COMPLEX	23		Rejected!	
GOCC_PROTON_TRANSPORTING_ATP_SYNTHASE_COMPLEX_CATALYTIC_CORE_F_1	6		Rejected!	
GOCC_PROTON_TRANSPORTING_ATP_SYNTHASE_COMPLEX_COUPLING_FACTOR_F_O	14		Rejected!	
GOCC_PROTON_TRANSPORTING_TWO_SECTOR_ATPASE_COMPLEX	52	28		
GOCC_PROTON_TRANSPORTING_TWO_SECTOR_ATPASE_COMPLEX_CATALYTIC_DOMAIN	19		Rejected!	
GOCC_PROTON_TRANSPORTING_TWO_SECTOR_ATPASE_COMPLEX_PROTON_TRANSPORTING_DOMAIN	26		Rejected!	
GOCC_PROTON_TRANSPORTING_V_TYPE_ATPASE_COMPLEX	28	27		
GOCC_PROTON_TRANSPORTING_V_TYPE_ATPASE_V0_DOMAIN	12		Rejected!	
GOCC_PROTON_TRANSPORTING_V_TYPE_ATPASE_V1_DOMAIN	12		Rejected!	
GOCC_PROXIMAL_DENDRITE	6		Rejected!	
GOCC_PRP19_COMPLEX	14		Rejected!	
GOCC_PSEUDOPODIUM	18	18		
GOCC_PTW_PP1_PHOSPHATASE_COMPLEX	7		Rejected!	
GOCC_PWP2P_CONTAINING_SUBCOMPLEX_OF_90S_PRERIBOSOME	6		Rejected!	
GOCC_PYRUVATE_DEHYDROGENASE_COMPLEX	6		Rejected!	
GOCC_P_BODY	100	92		
GOCC_R2TP_COMPLEX	5		Rejected!	
GOCC_RADIAL_SPOKE	15		Rejected!	
GOCC_RADIAL_SPOKE_HEAD	5		Rejected!	
GOCC_RAGULATOR_COMPLEX	6		Rejected!	
GOCC_RDNA_HETEROCHROMATIN	5		Rejected!	
GOCC_RECEPTOR_COMPLEX	536	397		
GOCC_RECYCLING_ENDOSOME	207	195		
GOCC_RECYCLING_ENDOSOME_MEMBRANE	108	104		
GOCC_REPLICATION_FORK	75	69		
GOCC_REPLISOME	24	24		
GOCC_RESPIRASOME	105	79		
GOCC_RESPIRATORY_CHAIN_COMPLEX_IV	28	22		
GOCC_RETROMER_COMPLEX	21	19		
GOCC_RIBBON_SYNAPSE	15	15		
GOCC_RIBONUCLEASE_MRP_COMPLEX	9		Rejected!	
GOCC_RIBONUCLEASE_P_COMPLEX	14		Rejected!	
GOCC_RIBONUCLEOPROTEIN_COMPLEX	1143		Rejected!	
GOCC_RIBONUCLEOPROTEIN_GRANULE	272	255		
GOCC_RIBOSE_PHOSPHATE_DIPHOSPHOKINASE_COMPLEX	5		Rejected!	
GOCC_RIBOSOMAL_SUBUNIT	188	181		
GOCC_RIBOSOME	240	226		
GOCC_RIPOPTOSOME	6		Rejected!	
GOCC_RISC_LOADING_COMPLEX	8		Rejected!	
GOCC_RNAI_EFFECTOR_COMPLEX	413	17		
GOCC_RNA_CAP_BINDING_COMPLEX	17	15		
GOCC_RNA_N6_METHYLADENOSINE_METHYLTRANSFERASE_COMPLEX	9		Rejected!	
GOCC_RNA_POLYMERASE_COMPLEX	117	93		
GOCC_RNA_POLYMERASE_III_COMPLEX	18	16		
GOCC_RNA_POLYMERASE_III_TRANSCRIPTION_REGULATOR_COMPLEX	9		Rejected!	
GOCC_RNA_POLYMERASE_II_CORE_COMPLEX	15		Rejected!	
GOCC_RNA_POLYMERASE_II_HOLOENZYME	87	68		
GOCC_RNA_POLYMERASE_II_TRANSCRIPTION_REGULATOR_COMPLEX	257	238		
GOCC_RNA_POLYMERASE_II_TRANSCRIPTION_REPRESSOR_COMPLEX	15	15		
GOCC_RNA_POLYMERASE_I_COMPLEX	13		Rejected!	
GOCC_RNA_POLYMERASE_I_TRANSCRIPTION_REGULATOR_COMPLEX	6		Rejected!	
GOCC_RNA_POLYMERASE_TRANSCRIPTION_FACTOR_SL1_COMPLEX	5		Rejected!	
GOCC_ROD_PHOTORECEPTOR_OUTER_SEGMENT	8		Rejected!	
GOCC_ROUGH_ENDOPLASMIC_RETICULUM	58	57		
GOCC_ROUGH_ENDOPLASMIC_RETICULUM_MEMBRANE	25	24		
GOCC_RPAP3_R2TP_PREFOLDIN_LIKE_COMPLEX	12		Rejected!	
GOCC_RSC_TYPE_COMPLEX	15		Rejected!	
GOCC_RUFFLE	184	177		
GOCC_RUFFLE_MEMBRANE	101	96		
GOCC_SAGA_COMPLEX	25	20		
GOCC_SAGA_TYPE_COMPLEX	39	34		
GOCC_SARCOLEMMA	142	139		
GOCC_SARCOPLASM	97	89		
GOCC_SARCOPLASMIC_RETICULUM	77	70		
GOCC_SARCOPLASMIC_RETICULUM_LUMEN	9		Rejected!	
GOCC_SARCOPLASMIC_RETICULUM_MEMBRANE	44	40		
GOCC_SCAR_COMPLEX	12		Rejected!	
GOCC_SCF_UBIQUITIN_LIGASE_COMPLEX	66	57		
GOCC_SCHAFFER_COLLATERAL_CA1_SYNAPSE	93	91		
GOCC_SCHMIDT_LANTERMAN_INCISURE	11		Rejected!	
GOCC_SEC61_TRANSLOCON_COMPLEX	5		Rejected!	
GOCC_SECONDARY_LYSOSOME	23	23		
GOCC_SECRETORY_GRANULE	902		Rejected!	
GOCC_SECRETORY_GRANULE_MEMBRANE	318	304		
GOCC_SECRETORY_VESICLE	1081		Rejected!	
GOCC_SEH1_ASSOCIATED_COMPLEX	14		Rejected!	
GOCC_SEMAPHORIN_RECEPTOR_COMPLEX	13		Rejected!	
GOCC_SEPTIN_CYTOSKELETON	16		Rejected!	
GOCC_SERINE_PROTEASE_INHIBITOR_COMPLEX	6		Rejected!	
GOCC_SERINE_TYPE_ENDOPEPTIDASE_COMPLEX	11		Rejected!	
GOCC_SERINE_TYPE_PEPTIDASE_COMPLEX	13		Rejected!	
GOCC_SEROTONIN_RECEPTOR_COMPLEX	5		Rejected!	
GOCC_SET1C_COMPASS_COMPLEX	15		Rejected!	
GOCC_SEX_CHROMATIN	6		Rejected!	
GOCC_SEX_CHROMOSOME	35	28		
GOCC_SHELTERIN_COMPLEX	7		Rejected!	
GOCC_SIDE_OF_MEMBRANE	742		Rejected!	
GOCC_SIGNAL_PEPTIDASE_COMPLEX	6		Rejected!	
GOCC_SIGNAL_RECOGNITION_PARTICLE	14		Rejected!	
GOCC_SIN3_TYPE_COMPLEX	22	21		
GOCC_SITE_OF_DNA_DAMAGE	130	115		
GOCC_SITE_OF_DOUBLE_STRAND_BREAK	98	89		
GOCC_SITE_OF_POLARIZED_GROWTH	170	167		
GOCC_SMAD_PROTEIN_COMPLEX	9		Rejected!	
GOCC_SMALL_NUCLEAR_RIBONUCLEOPROTEIN_COMPLEX	104	77		
GOCC_SMALL_RIBOSOMAL_SUBUNIT	77	74		
GOCC_SMALL_SUBUNIT_PROCESSOME	74	69		
GOCC_SMC5_SMC6_COMPLEX	9		Rejected!	
GOCC_SMN_COMPLEX	11		Rejected!	
GOCC_SMN_SM_PROTEIN_COMPLEX	19	18		
GOCC_SMOOTH_ENDOPLASMIC_RETICULUM	31	29		
GOCC_SMOOTH_ENDOPLASMIC_RETICULUM_MEMBRANE	9		Rejected!	
GOCC_SM_LIKE_PROTEIN_FAMILY_COMPLEX	116	89		
GOCC_SNARE_COMPLEX	50	50		
GOCC_SNO_S_RNA_CONTAINING_RIBONUCLEOPROTEIN_COMPLEX	28	25		
GOCC_SODIUM_CHANNEL_COMPLEX	24	23		
GOCC_SODIUM_POTASSIUM_EXCHANGING_ATPASE_COMPLEX	12		Rejected!	
GOCC_SOMATODENDRITIC_COMPARTMENT	845		Rejected!	
GOCC_SORTING_ENDOSOME	6		Rejected!	
GOCC_SPECIFIC_GRANULE	160	156		
GOCC_SPECIFIC_GRANULE_LUMEN	62	61		
GOCC_SPECIFIC_GRANULE_MEMBRANE	91	88		
GOCC_SPECTRIN	9		Rejected!	
GOCC_SPECTRIN_ASSOCIATED_CYTOSKELETON	9		Rejected!	
GOCC_SPERMATOPROTEASOME_COMPLEX	5		Rejected!	
GOCC_SPERM_ANNULUS	7		Rejected!	
GOCC_SPERM_CONNECTING_PIECE	13		Rejected!	
GOCC_SPERM_FIBROUS_SHEATH	7		Rejected!	
GOCC_SPERM_HEAD	17	17		
GOCC_SPERM_HEAD_PLASMA_MEMBRANE	6		Rejected!	
GOCC_SPERM_MIDPIECE	55	50		
GOCC_SPERM_MITOCHONDRIAL_SHEATH	6		Rejected!	
GOCC_SPERM_PLASMA_MEMBRANE	14		Rejected!	
GOCC_SPERM_PRINCIPAL_PIECE	35	30		
GOCC_SPHERICAL_HIGH_DENSITY_LIPOPROTEIN_PARTICLE	8		Rejected!	
GOCC_SPINDLE	434	399		
GOCC_SPINDLE_MICROTUBULE	82	75		
GOCC_SPINDLE_MIDZONE	37	33		
GOCC_SPINDLE_POLE	180	172		
GOCC_SPINDLE_POLE_CENTROSOME	14		Rejected!	
GOCC_SPLICEOSOMAL_COMPLEX	207	195		
GOCC_SPLICEOSOMAL_TRI_SNRNP_COMPLEX	48	37		
GOCC_STEREOCILIA_ANKLE_LINK_COMPLEX	6		Rejected!	
GOCC_STEREOCILIA_COUPLING_LINK	8		Rejected!	
GOCC_STEREOCILIUM_BASE	8		Rejected!	
GOCC_STEREOCILIUM_BUNDLE	66	58		
GOCC_STEREOCILIUM_MEMBRANE	6		Rejected!	
GOCC_STEREOCILIUM_TIP	21	19		
GOCC_STRIATED_MUSCLE_THIN_FILAMENT	22	21		
GOCC_SUMO_LIGASE_COMPLEX	13		Rejected!	
GOCC_SUPER_ELONGATION_COMPLEX	6		Rejected!	
GOCC_SUPRAMOLECULAR_COMPLEX	1435		Rejected!	
GOCC_SUPRAMOLECULAR_POLYMER	1066		Rejected!	
GOCC_SWI_SNF_COMPLEX	30	27		
GOCC_SWI_SNF_SUPERFAMILY_TYPE_COMPLEX	93	85		
GOCC_SWR1_COMPLEX	13		Rejected!	
GOCC_SYMMETRIC_SYNAPSE	11		Rejected!	
GOCC_SYNAPSE	1492		Rejected!	
GOCC_SYNAPSE_ASSOCIATED_EXTRACELLULAR_MATRIX	12		Rejected!	
GOCC_SYNAPTIC_CLEFT	22	22		
GOCC_SYNAPTIC_MEMBRANE	401	390		
GOCC_SYNAPTIC_VESICLE_MEMBRANE	134	130		
GOCC_SYNAPTOBREVIN_2_SNAP_25_SYNTAXIN_1A_COMPLEX	5		Rejected!	
GOCC_SYNAPTONEMAL_STRUCTURE	40	35		
GOCC_TELOMERASE_HOLOENZYME_COMPLEX	22	22		
GOCC_TERMINAL_BOUTON	46	45		
GOCC_TERTIARY_GRANULE	164	157		
GOCC_TERTIARY_GRANULE_LUMEN	55	53		
GOCC_TERTIARY_GRANULE_MEMBRANE	73	69		
GOCC_TETRASPANIN_ENRICHED_MICRODOMAIN	10		Rejected!	
GOCC_THO_COMPLEX	6		Rejected!	
GOCC_TIGHT_JUNCTION	131	122		
GOCC_TIM22_MITOCHONDRIAL_IMPORT_INNER_MEMBRANE_INSERTION_COMPLEX	7		Rejected!	
GOCC_TIM23_MITOCHONDRIAL_IMPORT_INNER_MEMBRANE_TRANSLOCASE_COMPLEX	16		Rejected!	
GOCC_TOM_COMPLEX	7		Rejected!	
GOCC_TORC1_COMPLEX	6		Rejected!	
GOCC_TORC2_COMPLEX	9		Rejected!	
GOCC_TOR_COMPLEX	12		Rejected!	
GOCC_TRAMP_COMPLEX	5		Rejected!	
GOCC_TRANSCRIPTION_ELONGATION_FACTOR_COMPLEX	52	45		
GOCC_TRANSCRIPTION_EXPORT_COMPLEX	12		Rejected!	
GOCC_TRANSCRIPTION_EXPORT_COMPLEX_2	5		Rejected!	
GOCC_TRANSCRIPTION_FACTOR_AP_1_COMPLEX	5		Rejected!	
GOCC_TRANSCRIPTION_FACTOR_TFIIA_COMPLEX	5		Rejected!	
GOCC_TRANSCRIPTION_FACTOR_TFIID_COMPLEX	46	33		
GOCC_TRANSCRIPTION_FACTOR_TFIIH_HOLO_COMPLEX	13		Rejected!	
GOCC_TRANSCRIPTION_FACTOR_TFIIIC_COMPLEX	6		Rejected!	
GOCC_TRANSCRIPTION_FACTOR_TFTC_COMPLEX	18	16		
GOCC_TRANSCRIPTION_PREINITIATION_COMPLEX	13		Rejected!	
GOCC_TRANSCRIPTION_REGULATOR_COMPLEX	521	487		
GOCC_TRANSCRIPTION_REPRESSOR_COMPLEX	79	78		
GOCC_TRANSFERASE_COMPLEX	864		Rejected!	
GOCC_TRANSFERASE_COMPLEX_TRANSFERRING_PHOSPHORUS_CONTAINING_GROUPS	308	276		
GOCC_TRANSLATION_PREINITIATION_COMPLEX	19	18		
GOCC_TRANSLOCON_COMPLEX	6		Rejected!	
GOCC_TRANSPORTER_COMPLEX	470	436		
GOCC_TRANSPORT_VESICLE	439	419		
GOCC_TRANSPORT_VESICLE_MEMBRANE	244	231		
GOCC_TRANS_GOLGI_NETWORK	265	242		
GOCC_TRANS_GOLGI_NETWORK_MEMBRANE	108	101		
GOCC_TRANS_GOLGI_NETWORK_TRANSPORT_VESICLE	38	36		
GOCC_TRANS_GOLGI_NETWORK_TRANSPORT_VESICLE_MEMBRANE	20	18		
GOCC_TRAPPIII_PROTEIN_COMPLEX	12		Rejected!	
GOCC_TRAPPII_PROTEIN_COMPLEX	12		Rejected!	
GOCC_TRAPP_COMPLEX	17	15		
GOCC_TRICARBOXYLIC_ACID_CYCLE_HETEROMERIC_ENZYME_COMPLEX	18	18		
GOCC_TRIGLYCERIDE_RICH_PLASMA_LIPOPROTEIN_PARTICLE	20	19		
GOCC_TRNA_METHYLTRANSFERASE_COMPLEX	7		Rejected!	
GOCC_TRNA_SPLICING_LIGASE_COMPLEX	8		Rejected!	
GOCC_TROPONIN_COMPLEX	9		Rejected!	
GOCC_TUBULAR_ENDOSOME	5		Rejected!	
GOCC_T_CELL_RECEPTOR_COMPLEX	143	17		
GOCC_T_TUBULE	52	52		
GOCC_U12_TYPE_SPLICEOSOMAL_COMPLEX	29	27		
GOCC_U1_SNRNP	32	17		
GOCC_U2AF_COMPLEX	6		Rejected!	
GOCC_U2_SNRNP	27	26		
GOCC_U2_TYPE_CATALYTIC_STEP_2_SPLICEOSOME	30	30		
GOCC_U2_TYPE_SPLICEOSOMAL_COMPLEX	95	91		
GOCC_U4_SNRNP	13		Rejected!	
GOCC_U5_SNRNP	25	19		
GOCC_U6_SNRNP	11		Rejected!	
GOCC_U7_SNRNP	7		Rejected!	
GOCC_UBIQUINONE_BIOSYNTHESIS_COMPLEX	6		Rejected!	
GOCC_UBIQUITIN_CONJUGATING_ENZYME_COMPLEX	8		Rejected!	
GOCC_UBIQUITIN_LIGASE_COMPLEX	314	295		
GOCC_UNCONVENTIONAL_MYOSIN_COMPLEX	9		Rejected!	
GOCC_UNIPLEX_COMPLEX	6		Rejected!	
GOCC_VACUOLAR_LUMEN	178	174		
GOCC_VACUOLAR_MEMBRANE	494	454		
GOCC_VACUOLAR_PROTON_TRANSPORTING_V_TYPE_ATPASE_V0_DOMAIN	10		Rejected!	
GOCC_VACUOLE	864		Rejected!	
GOCC_VARICOSITY	9		Rejected!	
GOCC_VCP_NPL4_UFD1_AAA_ATPASE_COMPLEX	8		Rejected!	
GOCC_VESICLE_COAT	63	58		
GOCC_VESICLE_LUMEN	328	321		
GOCC_VESICLE_MEMBRANE	1258		Rejected!	
GOCC_VESICLE_TETHERING_COMPLEX	67	63		
GOCC_VOLTAGE_GATED_CALCIUM_CHANNEL_COMPLEX	45	40		
GOCC_VOLTAGE_GATED_SODIUM_CHANNEL_COMPLEX	14		Rejected!	
GOCC_WASH_COMPLEX	15		Rejected!	
GOCC_WEIBEL_PALADE_BODY	5		Rejected!	
GOCC_WNT_SIGNALOSOME	13		Rejected!	
GOCC_XY_BODY	15		Rejected!	
GOCC_X_CHROMOSOME	13		Rejected!	
GOCC_ZONA_PELLUCIDA_RECEPTOR_COMPLEX	8		Rejected!	
GOCC_ZONULA_ADHERENS	8		Rejected!	
GOCC_ZYMOGEN_GRANULE	19	18		
GOMF_11_CIS_RETINAL_BINDING	7		Rejected!	
GOMF_14_3_3_PROTEIN_BINDING	32	30		
GOMF_1_4_ALPHA_OLIGOGLUCAN_PHOSPHORYLASE_ACTIVITY	5		Rejected!	
GOMF_1_ACYLGLYCEROPHOSPHOCHOLINE_O_ACYLTRANSFERASE_ACTIVITY	8		Rejected!	
GOMF_1_ALKYL_2_ACETYLGLYCEROPHOSPHOCHOLINE_ESTERASE_ACTIVITY	8		Rejected!	
GOMF_1_PHOSPHATIDYLINOSITOL_3_KINASE_ACTIVITY	10		Rejected!	
GOMF_1_PHOSPHATIDYLINOSITOL_3_KINASE_REGULATOR_ACTIVITY	16	15		
GOMF_1_PHOSPHATIDYLINOSITOL_4_5_BISPHOSPHATE_3_KINASE_ACTIVITY	7		Rejected!	
GOMF_1_PHOSPHATIDYLINOSITOL_4_PHOSPHATE_3_KINASE_ACTIVITY	7		Rejected!	
GOMF_1_PHOSPHATIDYLINOSITOL_4_PHOSPHATE_5_KINASE_ACTIVITY	9		Rejected!	
GOMF_1_PHOSPHATIDYLINOSITOL_BINDING	15	15		
GOMF_2_ACYLGLYCEROL_3_PHOSPHATE_O_ACYLTRANSFERASE_ACTIVITY	9		Rejected!	
GOMF_2_ACYLGLYCEROL_O_ACYLTRANSFERASE_ACTIVITY	7		Rejected!	
GOMF_2_IRON_2_SULFUR_CLUSTER_BINDING	27	23		
GOMF_2_OXOGLUTARATE_DEPENDENT_DIOXYGENASE_ACTIVITY	60	51		
GOMF_3_5_CYCLIC_AMP_PHOSPHODIESTERASE_ACTIVITY	22	22		
GOMF_3_5_DNA_EXONUCLEASE_ACTIVITY	16		Rejected!	
GOMF_3_5_DNA_HELICASE_ACTIVITY	15		Rejected!	
GOMF_3_5_EXONUCLEASE_ACTIVITY	61	56		
GOMF_3_5_RNA_HELICASE_ACTIVITY	6		Rejected!	
GOMF_3_BETA_HYDROXY_DELTA5_STEROID_DEHYDROGENASE_ACTIVITY	6		Rejected!	
GOMF_3_CHLOROALLYL_ALDEHYDE_DEHYDROGENASE_ACTIVITY	5		Rejected!	
GOMF_3_HYDROXYACYL_COA_DEHYDRATASE_ACTIVITY	8		Rejected!	
GOMF_3_HYDROXYACYL_COA_DEHYDROGENASE_ACTIVITY	6		Rejected!	
GOMF_3_KETO_STEROL_REDUCTASE_ACTIVITY	5		Rejected!	
GOMF_3_PHOSPHOADENOSINE_5_PHOSPHOSULFATE_BINDING	9		Rejected!	
GOMF_4_GALACTOSYL_N_ACETYLGLUCOSAMINIDE_3_ALPHA_L_FUCOSYLTRANSFERASE_ACTIVITY	6		Rejected!	
GOMF_4_IRON_4_SULFUR_CLUSTER_BINDING	45	43		
GOMF_5ALPHA_ANDROSTANE_3BETA_17BETA_DIOL_DEHYDROGENASE_ACTIVITY	6		Rejected!	
GOMF_5S_RRNA_BINDING	9		Rejected!	
GOMF_5_3_DNA_EXONUCLEASE_ACTIVITY	9		Rejected!	
GOMF_5_3_DNA_HELICASE_ACTIVITY	9		Rejected!	
GOMF_5_3_EXONUCLEASE_ACTIVITY	18	17		
GOMF_5_DEOXYRIBOSE_5_PHOSPHATE_LYASE_ACTIVITY	7		Rejected!	
GOMF_5_N_7_METHYLGUANOSINE_5_TRIPHOSPHO_MRNA_HYDROLASE_ACTIVITY	10		Rejected!	
GOMF_7SK_SNRNA_BINDING	9		Rejected!	
GOMF_7S_RNA_BINDING	7		Rejected!	
GOMF_ABC_TYPE_GLUTATHIONE_S_CONJUGATE_TRANSPORTER_ACTIVITY	8		Rejected!	
GOMF_ABC_TYPE_TRANSPORTER_ACTIVITY	48	45		
GOMF_ABC_TYPE_XENOBIOTIC_TRANSPORTER_ACTIVITY	14		Rejected!	
GOMF_ACETYLATION_DEPENDENT_PROTEIN_BINDING	26	25		
GOMF_ACETYLCHOLINE_BINDING	10		Rejected!	
GOMF_ACETYLCHOLINE_GATED_MONOATOMIC_CATION_SELECTIVE_CHANNEL_ACTIVITY	17	16		
GOMF_ACETYLCHOLINE_RECEPTOR_ACTIVITY	22	21		
GOMF_ACETYLCHOLINE_RECEPTOR_BINDING	12		Rejected!	
GOMF_ACETYLCHOLINE_RECEPTOR_INHIBITOR_ACTIVITY	7		Rejected!	
GOMF_ACETYLESTERASE_ACTIVITY	5		Rejected!	
GOMF_ACETYLGALACTOSAMINYLTRANSFERASE_ACTIVITY	34	33		
GOMF_ACETYLGLUCOSAMINYLTRANSFERASE_ACTIVITY	45	41		
GOMF_ACETYLTRANSFERASE_ACTIVITY	98	93		
GOMF_ACETYL_COA_C_ACYLTRANSFERASE_ACTIVITY	7		Rejected!	
GOMF_ACIDIC_AMINO_ACID_TRANSMEMBRANE_TRANSPORTER_ACTIVITY	18	18		
GOMF_ACID_AMINO_ACID_LIGASE_ACTIVITY	23	21		
GOMF_ACID_PHOSPHATASE_ACTIVITY	9		Rejected!	
GOMF_ACID_THIOL_LIGASE_ACTIVITY	31	31		
GOMF_ACROSIN_BINDING	5		Rejected!	
GOMF_ACTININ_BINDING	37	37		
GOMF_ACTIN_BINDING	437	418		
GOMF_ACTIN_FILAMENT_BINDING	211	205		
GOMF_ACTIN_MONOMER_BINDING	29	25		
GOMF_ACTIVE_MONOATOMIC_ION_TRANSMEMBRANE_TRANSPORTER_ACTIVITY	288	268		
GOMF_ACTIVE_TRANSMEMBRANE_TRANSPORTER_ACTIVITY	461	430		
GOMF_ACTIVIN_BINDING	11		Rejected!	
GOMF_ACTIVIN_RECEPTOR_ACTIVITY	9		Rejected!	
GOMF_ACTIVIN_RECEPTOR_ACTIVITY_TYPE_I	5		Rejected!	
GOMF_ACTIVIN_RECEPTOR_BINDING	12		Rejected!	
GOMF_ACYLGLYCEROL_LIPASE_ACTIVITY	15		Rejected!	
GOMF_ACYLGLYCEROL_O_ACYLTRANSFERASE_ACTIVITY	31	29		
GOMF_ACYLTRANSFERASE_ACTIVITY	733		Rejected!	
GOMF_ACYLTRANSFERASE_ACTIVITY_ACYL_GROUPS_CONVERTED_INTO_ALKYL_ON_TRANSFER	5		Rejected!	
GOMF_ACYLTRANSFERASE_ACTIVITY_TRANSFERRING_GROUPS_OTHER_THAN_AMINO_ACYL_GROUPS	229	209		
GOMF_ACYL_COA_BINDING	20	19		
GOMF_ACYL_COA_HYDROLASE_ACTIVITY	25	23		
GOMF_ACYL_COA_OXIDASE_ACTIVITY	7		Rejected!	
GOMF_ADENINE_TRANSMEMBRANE_TRANSPORTER_ACTIVITY	5		Rejected!	
GOMF_ADENOSINE_3_5_BISPHOSPHATE_TRANSMEMBRANE_TRANSPORTER_ACTIVITY	6		Rejected!	
GOMF_ADENOSINE_DEAMINASE_ACTIVITY	13		Rejected!	
GOMF_ADENOSINE_RECEPTOR_BINDING	8		Rejected!	
GOMF_ADENYLATE_CYCLASE_ACTIVITY	16		Rejected!	
GOMF_ADENYLATE_CYCLASE_BINDING	12		Rejected!	
GOMF_ADENYLATE_CYCLASE_REGULATOR_ACTIVITY	8		Rejected!	
GOMF_ADENYLATE_KINASE_ACTIVITY	9		Rejected!	
GOMF_ADENYLYLTRANSFERASE_ACTIVITY	30	21		
GOMF_ADENYL_NUCLEOTIDE_BINDING	1636		Rejected!	
GOMF_ADENYL_NUCLEOTIDE_EXCHANGE_FACTOR_ACTIVITY	15		Rejected!	
GOMF_ADP_BINDING	39	36		
GOMF_ADP_D_RIBOSE_MODIFICATION_DEPENDENT_PROTEIN_BINDING	7		Rejected!	
GOMF_ADP_PHOSPHATASE_ACTIVITY	6		Rejected!	
GOMF_ADP_RIBOSE_DIPHOSPHATASE_ACTIVITY	6		Rejected!	
GOMF_ADP_TRANSMEMBRANE_TRANSPORTER_ACTIVITY	11		Rejected!	
GOMF_ADRENERGIC_RECEPTOR_ACTIVITY	10		Rejected!	
GOMF_ADRENERGIC_RECEPTOR_BINDING	18	16		
GOMF_ALANINE_TRANSMEMBRANE_TRANSPORTER_ACTIVITY	16	16		
GOMF_ALCOHOL_BINDING	90	88		
GOMF_ALCOHOL_DEHYDROGENASE_NADPLUS_ACTIVITY_ZINC_DEPENDENT	7		Rejected!	
GOMF_ALCOHOL_DEHYDROGENASE_NADPPLUS_ACTIVITY	23	22		
GOMF_ALCOHOL_DEHYDROGENASE_NAD_P_PLUS_ACTIVITY	24	24		
GOMF_ALCOHOL_TRANSMEMBRANE_TRANSPORTER_ACTIVITY	6		Rejected!	
GOMF_ALDEHYDE_DEHYDROGENASE_NAD_P_PLUS_ACTIVITY	17	17		
GOMF_ALDEHYDE_LYASE_ACTIVITY	9		Rejected!	
GOMF_ALDOSE_REDUCTASE_NADPH_ACTIVITY	12		Rejected!	
GOMF_ALDO_KETO_REDUCTASE_NADPH_ACTIVITY	30	28		
GOMF_ALKALINE_PHOSPHATASE_ACTIVITY	6		Rejected!	
GOMF_ALKALI_METAL_ION_BINDING	19	19		
GOMF_ALKANE_1_MONOOXYGENASE_ACTIVITY	5		Rejected!	
GOMF_ALL_TRANS_RETINAL_BINDING	5		Rejected!	
GOMF_ALL_TRANS_RETINOL_DEHYDROGENASE_NADPPLUS_ACTIVITY	13		Rejected!	
GOMF_ALPHA_1_3_FUCOSYLTRANSFERASE_ACTIVITY	8		Rejected!	
GOMF_ALPHA_1_4_GLUCOSIDASE_ACTIVITY	5		Rejected!	
GOMF_ALPHA_2A_ADRENERGIC_RECEPTOR_BINDING	5		Rejected!	
GOMF_ALPHA_ACTININ_BINDING	28	28		
GOMF_ALPHA_ADRENERGIC_RECEPTOR_ACTIVITY	6		Rejected!	
GOMF_ALPHA_AMYLASE_ACTIVITY	5		Rejected!	
GOMF_ALPHA_CATENIN_BINDING	10		Rejected!	
GOMF_ALPHA_GLUCOSIDASE_ACTIVITY	7		Rejected!	
GOMF_ALPHA_KETOGLUTARATE_TRANSMEMBRANE_TRANSPORTER_ACTIVITY	6		Rejected!	
GOMF_ALPHA_N_ACETYLGALACTOSAMINIDE_ALPHA_2_6_SIALYLTRANSFERASE_ACTIVITY	6		Rejected!	
GOMF_ALPHA_N_ACETYLNEURAMINATE_ALPHA_2_8_SIALYLTRANSFERASE_ACTIVITY	6		Rejected!	
GOMF_ALPHA_TUBULIN_BINDING	43	37		
GOMF_AMIDE_BINDING	254	237		
GOMF_AMIDE_TRANSMEMBRANE_TRANSPORTER_ACTIVITY	38	34		
GOMF_AMIDINE_LYASE_ACTIVITY	7		Rejected!	
GOMF_AMINE_BINDING	15	15		
GOMF_AMINE_TRANSMEMBRANE_TRANSPORTER_ACTIVITY	6		Rejected!	
GOMF_AMINOACYLASE_ACTIVITY	5		Rejected!	
GOMF_AMINOACYLTRANSFERASE_ACTIVITY	497	451		
GOMF_AMINOACYL_TRNA_EDITING_ACTIVITY	13		Rejected!	
GOMF_AMINOACYL_TRNA_HYDROLASE_ACTIVITY	5		Rejected!	
GOMF_AMINOPEPTIDASE_ACTIVITY	40	36		
GOMF_AMINOPHOSPHOLIPID_FLIPPASE_ACTIVITY	7		Rejected!	
GOMF_AMINO_ACID_BINDING	52	46		
GOMF_AMINO_ACID_MONOATOMIC_CATION_ANTIPORTER_ACTIVITY	5		Rejected!	
GOMF_AMINO_ACID_MONOATOMIC_CATION_SYMPORTER_ACTIVITY	29	29		
GOMF_AMINO_ACID_PROTON_SYMPORTER_ACTIVITY	6		Rejected!	
GOMF_AMINO_ACID_SODIUM_SYMPORTER_ACTIVITY	23	23		
GOMF_AMINO_ACID_TRANSMEMBRANE_TRANSPORTER_ACTIVITY	100	96		
GOMF_AMMONIA_LYASE_ACTIVITY	5		Rejected!	
GOMF_AMMONIUM_TRANSMEMBRANE_TRANSPORTER_ACTIVITY	12		Rejected!	
GOMF_AMP_ACTIVATED_PROTEIN_KINASE_ACTIVITY	8		Rejected!	
GOMF_AMP_BINDING	15		Rejected!	
GOMF_AMYLASE_ACTIVITY	6		Rejected!	
GOMF_AMYLOID_BETA_BINDING	87	85		
GOMF_ANAPHASE_PROMOTING_COMPLEX_BINDING	9		Rejected!	
GOMF_ANDROGEN_BINDING	5		Rejected!	
GOMF_ANDROSTAN_3_ALPHA_17_BETA_DIOL_DEHYDROGENASE_ACTIVITY	9		Rejected!	
GOMF_ANGIOTENSIN_RECEPTOR_ACTIVITY	5		Rejected!	
GOMF_ANGIOTENSIN_RECEPTOR_BINDING	9		Rejected!	
GOMF_ANKYRIN_BINDING	19	19		
GOMF_ANKYRIN_REPEAT_BINDING	6		Rejected!	
GOMF_ANNEALING_ACTIVITY	11		Rejected!	
GOMF_ANTIGEN_BINDING	172	67		
GOMF_ANTIOXIDANT_ACTIVITY	85	78		
GOMF_ANTIPORTER_ACTIVITY	138	131		
GOMF_APOLIPOPROTEIN_A_I_BINDING	5		Rejected!	
GOMF_APOLIPOPROTEIN_BINDING	17	16		
GOMF_APOLIPOPROTEIN_RECEPTOR_BINDING	7		Rejected!	
GOMF_AP_1_ADAPTOR_COMPLEX_BINDING	5		Rejected!	
GOMF_AP_2_ADAPTOR_COMPLEX_BINDING	10		Rejected!	
GOMF_ARACHIDONATE_COA_LIGASE_ACTIVITY	11		Rejected!	
GOMF_ARACHIDONIC_ACID_MONOOXYGENASE_ACTIVITY	18	18		
GOMF_ARGININE_BINDING	9		Rejected!	
GOMF_ARMADILLO_REPEAT_DOMAIN_BINDING	8		Rejected!	
GOMF_AROMATASE_ACTIVITY	26	26		
GOMF_AROMATIC_AMINO_ACID_TRANSMEMBRANE_TRANSPORTER_ACTIVITY	11		Rejected!	
GOMF_ARP2_3_COMPLEX_BINDING	14		Rejected!	
GOMF_ARRESTIN_FAMILY_PROTEIN_BINDING	9		Rejected!	
GOMF_ARYLESTERASE_ACTIVITY	6		Rejected!	
GOMF_ARYLSULFATASE_ACTIVITY	14		Rejected!	
GOMF_ARYL_HYDROCARBON_RECEPTOR_BINDING	8		Rejected!	
GOMF_ARYL_SULFOTRANSFERASE_ACTIVITY	9		Rejected!	
GOMF_ASPARTIC_ENDOPEPTIDASE_ACTIVITY_INTRAMEMBRANE_CLEAVING	8		Rejected!	
GOMF_ASPARTIC_TYPE_ENDOPEPTIDASE_INHIBITOR_ACTIVITY	7		Rejected!	
GOMF_ASPARTIC_TYPE_PEPTIDASE_ACTIVITY	27	27		
GOMF_ATPASE_ACTIVATOR_ACTIVITY	27	26		
GOMF_ATPASE_BINDING	84	79		
GOMF_ATPASE_COUPLED_INORGANIC_ANION_TRANSMEMBRANE_TRANSPORTER_ACTIVITY	10		Rejected!	
GOMF_ATPASE_COUPLED_INTRAMEMBRANE_LIPID_TRANSPORTER_ACTIVITY	27	27		
GOMF_ATPASE_COUPLED_ION_TRANSMEMBRANE_TRANSPORTER_ACTIVITY	24	22		
GOMF_ATPASE_COUPLED_LIPID_TRANSMEMBRANE_TRANSPORTER_ACTIVITY	9		Rejected!	
GOMF_ATPASE_COUPLED_MONOATOMIC_CATION_TRANSMEMBRANE_TRANSPORTER_ACTIVITY	54	52		
GOMF_ATPASE_COUPLED_TRANSMEMBRANE_TRANSPORTER_ACTIVITY	98	93		
GOMF_ATPASE_INHIBITOR_ACTIVITY	5		Rejected!	
GOMF_ATPASE_REGULATOR_ACTIVITY	49	46		
GOMF_ATP_ACTIVATED_INWARD_RECTIFIER_POTASSIUM_CHANNEL_ACTIVITY	6		Rejected!	
GOMF_ATP_ADP_ANTIPORTER_ACTIVITY	5		Rejected!	
GOMF_ATP_DEPENDENT_ACTIVITY	585		Rejected!	
GOMF_ATP_DEPENDENT_ACTIVITY_ACTING_ON_DNA	123	111		
GOMF_ATP_DEPENDENT_ACTIVITY_ACTING_ON_RNA	79	70		
GOMF_ATP_DEPENDENT_CHROMATIN_REMODELER_ACTIVITY	36	34		
GOMF_ATP_DEPENDENT_DIACYLGLYCEROL_KINASE_ACTIVITY	11		Rejected!	
GOMF_ATP_DEPENDENT_DNA_DAMAGE_SENSOR_ACTIVITY	20	16		
GOMF_ATP_DEPENDENT_DNA_DNA_ANNEALING_ACTIVITY	5		Rejected!	
GOMF_ATP_DEPENDENT_PEPTIDASE_ACTIVITY	7		Rejected!	
GOMF_ATP_DEPENDENT_PROTEIN_BINDING	6		Rejected!	
GOMF_ATP_DEPENDENT_PROTEIN_DISAGGREGASE_ACTIVITY	6		Rejected!	
GOMF_ATP_DEPENDENT_PROTEIN_FOLDING_CHAPERONE	40	31		
GOMF_ATP_GATED_ION_CHANNEL_ACTIVITY	9		Rejected!	
GOMF_ATP_HYDROLYSIS_ACTIVITY	423	380		
GOMF_ATP_TRANSMEMBRANE_TRANSPORTER_ACTIVITY	14		Rejected!	
GOMF_AXON_GUIDANCE_RECEPTOR_ACTIVITY	11		Rejected!	
GOMF_AZOLE_TRANSMEMBRANE_TRANSPORTER_ACTIVITY	14		Rejected!	
GOMF_BASAL_TRANSCRIPTION_MACHINERY_BINDING	60	57		
GOMF_BASIC_AMINO_ACID_TRANSMEMBRANE_TRANSPORTER_ACTIVITY	20	17		
GOMF_BENZODIAZEPINE_RECEPTOR_ACTIVITY	11		Rejected!	
GOMF_BENZODIAZEPINE_RECEPTOR_BINDING	5		Rejected!	
GOMF_BETA_1_3_GALACTOSYLTRANSFERASE_ACTIVITY	15		Rejected!	
GOMF_BETA_2_ADRENERGIC_RECEPTOR_BINDING	6		Rejected!	
GOMF_BETA_2_MICROGLOBULIN_BINDING	9		Rejected!	
GOMF_BETA_CATENIN_BINDING	107	103		
GOMF_BETA_GALACTOSIDASE_ACTIVITY	5		Rejected!	
GOMF_BETA_GALACTOSIDE_CMP_ALPHA_2_3_SIALYLTRANSFERASE_ACTIVITY	7		Rejected!	
GOMF_BETA_GLUCOSIDASE_ACTIVITY	6		Rejected!	
GOMF_BETA_N_ACETYLHEXOSAMINIDASE_ACTIVITY	5		Rejected!	
GOMF_BETA_TUBULIN_BINDING	41	38		
GOMF_BH3_DOMAIN_BINDING	6		Rejected!	
GOMF_BHLH_TRANSCRIPTION_FACTOR_BINDING	32	31		
GOMF_BH_DOMAIN_BINDING	11		Rejected!	
GOMF_BICARBONATE_MONOATOMIC_ANION_ANTIPORTER_ACTIVITY	12		Rejected!	
GOMF_BICARBONATE_TRANSMEMBRANE_TRANSPORTER_ACTIVITY	32	31		
GOMF_BILE_ACID_BINDING	10		Rejected!	
GOMF_BILE_ACID_SODIUM_SYMPORTER_ACTIVITY	6		Rejected!	
GOMF_BILE_ACID_TRANSMEMBRANE_TRANSPORTER_ACTIVITY	21	20		
GOMF_BIOACTIVE_LIPID_RECEPTOR_ACTIVITY	16	16		
GOMF_BIOTIN_BINDING	5		Rejected!	
GOMF_BIS_5_ADENOSYL_PENTAPHOSPHATASE_ACTIVITY	6		Rejected!	
GOMF_BITTER_TASTE_RECEPTOR_ACTIVITY	25	24		
GOMF_BMP_BINDING	21	18		
GOMF_BMP_RECEPTOR_ACTIVITY	8		Rejected!	
GOMF_BMP_RECEPTOR_BINDING	12		Rejected!	
GOMF_BRANCHED_CHAIN_AMINO_ACID_TRANSMEMBRANE_TRANSPORTER_ACTIVITY	10		Rejected!	
GOMF_BUBBLE_DNA_BINDING	8		Rejected!	
GOMF_C2H2_ZINC_FINGER_DOMAIN_BINDING	14		Rejected!	
GOMF_C3HC4_TYPE_RING_FINGER_DOMAIN_BINDING	6		Rejected!	
GOMF_C4_DICARBOXYLATE_TRANSMEMBRANE_TRANSPORTER_ACTIVITY	15	15		
GOMF_CADHERIN_BINDING	335	310		
GOMF_CADHERIN_BINDING_INVOLVED_IN_CELL_CELL_ADHESION	18	18		
GOMF_CADMIUM_ION_BINDING	5		Rejected!	
GOMF_CALCITONIN_FAMILY_RECEPTOR_ACTIVITY	6		Rejected!	
GOMF_CALCIUM_ACTIVATED_POTASSIUM_CHANNEL_ACTIVITY	13		Rejected!	
GOMF_CALCIUM_CHANNEL_INHIBITOR_ACTIVITY	13		Rejected!	
GOMF_CALCIUM_CHANNEL_REGULATOR_ACTIVITY	49	47		
GOMF_CALCIUM_DEPENDENT_CYSTEINE_TYPE_ENDOPEPTIDASE_ACTIVITY	17		Rejected!	
GOMF_CALCIUM_DEPENDENT_PHOSPHOLIPASE_A2_ACTIVITY	17		Rejected!	
GOMF_CALCIUM_DEPENDENT_PHOSPHOLIPID_BINDING	56	50		
GOMF_CALCIUM_DEPENDENT_PROTEIN_BINDING	78	77		
GOMF_CALCIUM_DEPENDENT_PROTEIN_KINASE_ACTIVITY	10		Rejected!	
GOMF_CALCIUM_DEPENDENT_PROTEIN_SERINE_THREONINE_PHOSPHATASE_ACTIVITY	7		Rejected!	
GOMF_CALCIUM_DEPENDENT_PROTEIN_SERINE_THREONINE_PHOSPHATASE_REGULATOR_ACTIVITY	5		Rejected!	
GOMF_CALCIUM_INDEPENDENT_PHOSPHOLIPASE_A2_ACTIVITY	9		Rejected!	
GOMF_CALCIUM_INDUCED_CALCIUM_RELEASE_ACTIVITY	6		Rejected!	
GOMF_CALCIUM_ION_BINDING	712		Rejected!	
GOMF_CALCIUM_ION_TRANSMEMBRANE_TRANSPORTER_ACTIVITY	144	138		
GOMF_CALCIUM_MONOATOMIC_CATION_ANTIPORTER_ACTIVITY	13		Rejected!	
GOMF_CALCIUM_POTASSIUM_SODIUM_ANTIPORTER_ACTIVITY	5		Rejected!	
GOMF_CALCIUM_SENSITIVE_GUANYLATE_CYCLASE_ACTIVATOR_ACTIVITY	6		Rejected!	
GOMF_CALCIUM_SODIUM_ANTIPORTER_ACTIVITY	10		Rejected!	
GOMF_CALMODULIN_BINDING	206	201		
GOMF_CALMODULIN_DEPENDENT_PROTEIN_KINASE_ACTIVITY	27	26		
GOMF_CALMODULIN_DEPENDENT_PROTEIN_PHOSPHATASE_ACTIVITY	5		Rejected!	
GOMF_CAMP_BINDING	24	23		
GOMF_CAMP_DEPENDENT_PROTEIN_KINASE_ACTIVITY	6		Rejected!	
GOMF_CAMP_DEPENDENT_PROTEIN_KINASE_INHIBITOR_ACTIVITY	10		Rejected!	
GOMF_CAMP_DEPENDENT_PROTEIN_KINASE_REGULATOR_ACTIVITY	12		Rejected!	
GOMF_CAMP_RESPONSE_ELEMENT_BINDING	12		Rejected!	
GOMF_CAMP_RESPONSE_ELEMENT_BINDING_PROTEIN_BINDING	9		Rejected!	
GOMF_CARBOHYDRATE_BINDING	279	264		
GOMF_CARBOHYDRATE_DERIVATIVE_TRANSMEMBRANE_TRANSPORTER_ACTIVITY	58	55		
GOMF_CARBOHYDRATE_KINASE_ACTIVITY	21	21		
GOMF_CARBOHYDRATE_MONOATOMIC_CATION_SYMPORTER_ACTIVITY	16	16		
GOMF_CARBOHYDRATE_PHOSPHATASE_ACTIVITY	10		Rejected!	
GOMF_CARBOHYDRATE_PROTON_SYMPORTER_ACTIVITY	7		Rejected!	
GOMF_CARBOHYDRATE_TRANSMEMBRANE_TRANSPORTER_ACTIVITY	42	40		
GOMF_CARBONATE_DEHYDRATASE_ACTIVITY	16	15		
GOMF_CARBONYL_REDUCTASE_NADPH_ACTIVITY	9		Rejected!	
GOMF_CARBON_CARBON_LYASE_ACTIVITY	52	49		
GOMF_CARBON_NITROGEN_LIGASE_ACTIVITY_WITH_GLUTAMINE_AS_AMIDO_N_DONOR	10		Rejected!	
GOMF_CARBON_NITROGEN_LYASE_ACTIVITY	13		Rejected!	
GOMF_CARBON_OXYGEN_LYASE_ACTIVITY	79	74		
GOMF_CARBON_SULFUR_LYASE_ACTIVITY	16		Rejected!	
GOMF_CARBOXYLESTERASE_ACTIVITY	6		Rejected!	
GOMF_CARBOXYLIC_ESTER_HYDROLASE_ACTIVITY	154	135		
GOMF_CARBOXYPEPTIDASE_ACTIVITY	47	43		
GOMF_CARBOXY_LYASE_ACTIVITY	34	32		
GOMF_CARDIOLIPIN_BINDING	11		Rejected!	
GOMF_CARD_DOMAIN_BINDING	16	15		
GOMF_CARGO_ADAPTOR_ACTIVITY	21	20		
GOMF_CARGO_RECEPTOR_ACTIVITY	73	72		
GOMF_CARNITINE_O_ACYLTRANSFERASE_ACTIVITY	6		Rejected!	
GOMF_CARNITINE_TRANSMEMBRANE_TRANSPORTER_ACTIVITY	6		Rejected!	
GOMF_CASPASE_BINDING	14		Rejected!	
GOMF_CATALYTIC_ACTIVITY_ACTING_ON_A_GLYCOPROTEIN	23	21		
GOMF_CATALYTIC_ACTIVITY_ACTING_ON_A_NUCLEIC_ACID	622		Rejected!	
GOMF_CATALYTIC_ACTIVITY_ACTING_ON_A_RRNA	24	19		
GOMF_CATALYTIC_ACTIVITY_ACTING_ON_A_TRNA	138	110		
GOMF_CATALYTIC_ACTIVITY_ACTING_ON_DNA	247	231		
GOMF_CATALYTIC_ACTIVITY_ACTING_ON_RNA	403	344		
GOMF_CATECHOLAMINE_BINDING	13		Rejected!	
GOMF_CCR1_CHEMOKINE_RECEPTOR_BINDING	5		Rejected!	
GOMF_CCR2_CHEMOKINE_RECEPTOR_BINDING	7		Rejected!	
GOMF_CCR3_CHEMOKINE_RECEPTOR_BINDING	5		Rejected!	
GOMF_CCR5_CHEMOKINE_RECEPTOR_BINDING	7		Rejected!	
GOMF_CCR6_CHEMOKINE_RECEPTOR_BINDING	11		Rejected!	
GOMF_CCR_CHEMOKINE_RECEPTOR_BINDING	49	42		
GOMF_CD4_RECEPTOR_BINDING	8		Rejected!	
GOMF_CDP_ALCOHOL_PHOSPHATIDYLTRANSFERASE_ACTIVITY	8		Rejected!	
GOMF_CELL_ADHESION_MEDIATOR_ACTIVITY	68	66		
GOMF_CELL_ADHESION_MOLECULE_BINDING	562		Rejected!	
GOMF_CELL_ADHESIVE_PROTEIN_BINDING_INVOLVED_IN_BUNDLE_OF_HIS_CELL_PURKINJE_MYOCYTE_COMMUNICATION	5		Rejected!	
GOMF_CELL_CELL_ADHESION_MEDIATOR_ACTIVITY	52	52		
GOMF_CELL_MATRIX_ADHESION_MEDIATOR_ACTIVITY	9		Rejected!	
GOMF_CENTROMERIC_DNA_BINDING	6		Rejected!	
GOMF_CERAMIDE_1_PHOSPHATE_BINDING	7		Rejected!	
GOMF_CERAMIDE_1_PHOSPHATE_TRANSFER_ACTIVITY	7		Rejected!	
GOMF_CERAMIDE_BINDING	19	17		
GOMF_CGMP_BINDING	16	15		
GOMF_CHEMOATTRACTANT_ACTIVITY	41	35		
GOMF_CHEMOKINE_ACTIVITY	48	46		
GOMF_CHEMOKINE_BINDING	33	33		
GOMF_CHEMOKINE_RECEPTOR_BINDING	73	64		
GOMF_CHEMOREPELLENT_ACTIVITY	28	28		
GOMF_CHITINASE_ACTIVITY	6		Rejected!	
GOMF_CHITIN_BINDING	8		Rejected!	
GOMF_CHLORIDE_CHANNEL_ACTIVITY	81	78		
GOMF_CHLORIDE_CHANNEL_INHIBITOR_ACTIVITY	7		Rejected!	
GOMF_CHLORIDE_CHANNEL_REGULATOR_ACTIVITY	14		Rejected!	
GOMF_CHLORIDE_ION_BINDING	14		Rejected!	
GOMF_CHLORIDE_TRANSMEMBRANE_TRANSPORTER_ACTIVITY	119	114		
GOMF_CHOLESTEROL_BINDING	53	51		
GOMF_CHOLINE_TRANSMEMBRANE_TRANSPORTER_ACTIVITY	7		Rejected!	
GOMF_CHONDROITIN_SULFATE_BINDING	9		Rejected!	
GOMF_CHONDROITIN_SULFOTRANSFERASE_ACTIVITY	6		Rejected!	
GOMF_CHROMATIN_BINDING	632		Rejected!	
GOMF_CHROMATIN_DNA_BINDING	150	103		
GOMF_CHROMATIN_INSULATOR_SEQUENCE_BINDING	5		Rejected!	
GOMF_CHROMATIN_PROTEIN_ADAPTOR_ACTIVITY	32	27		
GOMF_CHROMO_SHADOW_DOMAIN_BINDING	6		Rejected!	
GOMF_CILIARY_NEUROTROPHIC_FACTOR_RECEPTOR_BINDING	6		Rejected!	
GOMF_CIS_REGULATORY_REGION_SEQUENCE_SPECIFIC_DNA_BINDING	1220		Rejected!	
GOMF_CIS_TRANS_ISOMERASE_ACTIVITY	47	40		
GOMF_CLASS_I_DNA_APURINIC_OR_APYRIMIDINIC_SITE_ENDONUCLEASE_ACTIVITY	8		Rejected!	
GOMF_CLATHRIN_BINDING	57	55		
GOMF_CLATHRIN_HEAVY_CHAIN_BINDING	11		Rejected!	
GOMF_CLATHRIN_LIGHT_CHAIN_BINDING	7		Rejected!	
GOMF_COA_LIGASE_ACTIVITY	27	27		
GOMF_COA_TRANSFERASE_ACTIVITY	5		Rejected!	
GOMF_COBALAMIN_BINDING	10		Rejected!	
GOMF_COENZYME_A_DIPHOSPHATASE_ACTIVITY	5		Rejected!	
GOMF_COLLAGEN_BINDING	68	66		
GOMF_COLLAGEN_BINDING_INVOLVED_IN_CELL_MATRIX_ADHESION	5		Rejected!	
GOMF_COLLAGEN_RECEPTOR_ACTIVITY	6		Rejected!	
GOMF_COMPLEMENT_BINDING	26	25		
GOMF_COMPLEMENT_COMPONENT_C1Q_COMPLEX_BINDING	8		Rejected!	
GOMF_COMPLEMENT_COMPONENT_C3B_BINDING	11		Rejected!	
GOMF_COMPLEMENT_RECEPTOR_ACTIVITY	12		Rejected!	
GOMF_CONNEXIN_BINDING	5		Rejected!	
GOMF_COPPER_CHAPERONE_ACTIVITY	7		Rejected!	
GOMF_COPPER_ION_BINDING	63	58		
GOMF_COPPER_ION_TRANSMEMBRANE_TRANSPORTER_ACTIVITY	7		Rejected!	
GOMF_CORECEPTOR_ACTIVITY	58	56		
GOMF_CORE_PROMOTER_SEQUENCE_SPECIFIC_DNA_BINDING	43	39		
GOMF_CORTICOTROPIN_RELEASING_HORMONE_RECEPTOR_BINDING	6		Rejected!	
GOMF_CO_RECEPTOR_BINDING	13		Rejected!	
GOMF_CO_SMAD_BINDING	12		Rejected!	
GOMF_CROSSOVER_JUNCTION_DNA_ENDONUCLEASE_ACTIVITY	9		Rejected!	
GOMF_CTPASE_ACTIVITY	6		Rejected!	
GOMF_CULLIN_FAMILY_PROTEIN_BINDING	26	24		
GOMF_CUPRIC_ION_BINDING	5		Rejected!	
GOMF_CUPROUS_ION_BINDING	9		Rejected!	
GOMF_CXCR3_CHEMOKINE_RECEPTOR_BINDING	5		Rejected!	
GOMF_CXCR_CHEMOKINE_RECEPTOR_BINDING	18	17		
GOMF_CYCLASE_ACTIVATOR_ACTIVITY	12		Rejected!	
GOMF_CYCLASE_ACTIVITY	21	17		
GOMF_CYCLASE_INHIBITOR_ACTIVITY	5		Rejected!	
GOMF_CYCLASE_REGULATOR_ACTIVITY	17	15		
GOMF_CYCLIC_NUCLEOTIDE_ACTIVATED_MONOATOMIC_ION_CHANNEL_ACTIVITY	11		Rejected!	
GOMF_CYCLIC_NUCLEOTIDE_BINDING	38	35		
GOMF_CYCLIC_NUCLEOTIDE_DEPENDENT_PROTEIN_KINASE_ACTIVITY	8		Rejected!	
GOMF_CYCLIC_NUCLEOTIDE_PHOSPHODIESTERASE_ACTIVITY	26	26		
GOMF_CYCLIN_BINDING	34	34		
GOMF_CYCLIN_DEPENDENT_PROTEIN_KINASE_ACTIVITY	29	27		
GOMF_CYCLIN_DEPENDENT_PROTEIN_SERINE_THREONINE_KINASE_ACTIVATOR_ACTIVITY	16		Rejected!	
GOMF_CYCLIN_DEPENDENT_PROTEIN_SERINE_THREONINE_KINASE_INHIBITOR_ACTIVITY	12		Rejected!	
GOMF_CYCLIN_DEPENDENT_PROTEIN_SERINE_THREONINE_KINASE_REGULATOR_ACTIVITY	50	45		
GOMF_CYCLOHYDROLASE_ACTIVITY	5		Rejected!	
GOMF_CYCLOSPORIN_A_BINDING	24	19		
GOMF_CYSTEINE_TYPE_ENDOPEPTIDASE_ACTIVATOR_ACTIVITY	5		Rejected!	
GOMF_CYSTEINE_TYPE_ENDOPEPTIDASE_ACTIVITY	86	81		
GOMF_CYSTEINE_TYPE_ENDOPEPTIDASE_ACTIVITY_INVOLVED_IN_APOPTOTIC_PROCESS	12		Rejected!	
GOMF_CYSTEINE_TYPE_ENDOPEPTIDASE_ACTIVITY_INVOLVED_IN_APOPTOTIC_SIGNALING_PATHWAY	6		Rejected!	
GOMF_CYSTEINE_TYPE_ENDOPEPTIDASE_ACTIVITY_INVOLVED_IN_EXECUTION_PHASE_OF_APOPTOSIS	5		Rejected!	
GOMF_CYSTEINE_TYPE_ENDOPEPTIDASE_INHIBITOR_ACTIVITY	37	34		
GOMF_CYSTEINE_TYPE_ENDOPEPTIDASE_INHIBITOR_ACTIVITY_INVOLVED_IN_APOPTOTIC_PROCESS	20	20		
GOMF_CYSTEINE_TYPE_ENDOPEPTIDASE_REGULATOR_ACTIVITY_INVOLVED_IN_APOPTOTIC_PROCESS	42	41		
GOMF_CYSTEINE_TYPE_EXOPEPTIDASE_ACTIVITY	7		Rejected!	
GOMF_CYSTEINE_TYPE_PEPTIDASE_ACTIVITY	189	152		
GOMF_CYTIDINE_DEAMINASE_ACTIVITY	12		Rejected!	
GOMF_CYTIDYLYLTRANSFERASE_ACTIVITY	10		Rejected!	
GOMF_CYTOCHROME_B5_REDUCTASE_ACTIVITY_ACTING_ON_NAD_P_H	6		Rejected!	
GOMF_CYTOKINE_ACTIVITY	237	227		
GOMF_CYTOKINE_BINDING	147	143		
GOMF_CYTOKINE_RECEPTOR_ACTIVITY	97	95		
GOMF_CYTOKINE_RECEPTOR_BINDING	273	260		
GOMF_CYTOSKELETAL_ANCHOR_ACTIVITY	24	24		
GOMF_CYTOSKELETAL_MOTOR_ACTIVITY	113	106		
GOMF_CYTOSKELETAL_PROTEIN_BINDING	991		Rejected!	
GOMF_CYTOSKELETON_NUCLEAR_MEMBRANE_ANCHOR_ACTIVITY	5		Rejected!	
GOMF_C_ACETYLTRANSFERASE_ACTIVITY	7		Rejected!	
GOMF_C_ACYLTRANSFERASE_ACTIVITY	20	19		
GOMF_C_C_CHEMOKINE_BINDING	24	24		
GOMF_C_METHYLTRANSFERASE_ACTIVITY	7		Rejected!	
GOMF_C_PALMITOYLTRANSFERASE_ACTIVITY	5		Rejected!	
GOMF_C_X3_C_CHEMOKINE_BINDING	5		Rejected!	
GOMF_C_X_C_CHEMOKINE_BINDING	5		Rejected!	
GOMF_C_X_C_CHEMOKINE_RECEPTOR_ACTIVITY	8		Rejected!	
GOMF_D1_DOPAMINE_RECEPTOR_BINDING	6		Rejected!	
GOMF_DAMAGED_DNA_BINDING	74	71		
GOMF_DEACETYLASE_ACTIVITY	38	37		
GOMF_DEAD_H_BOX_RNA_HELICASE_BINDING	8		Rejected!	
GOMF_DEAMINASE_ACTIVITY	33	32		
GOMF_DEATH_DOMAIN_BINDING	11		Rejected!	
GOMF_DEATH_RECEPTOR_ACTIVITY	13		Rejected!	
GOMF_DEATH_RECEPTOR_BINDING	21	21		
GOMF_DEHYDROASCORBIC_ACID_TRANSMEMBRANE_TRANSPORTER_ACTIVITY	8		Rejected!	
GOMF_DELAYED_RECTIFIER_POTASSIUM_CHANNEL_ACTIVITY	28	28		
GOMF_DELTA_CATENIN_BINDING	9		Rejected!	
GOMF_DEMETHYLASE_ACTIVITY	41	33		
GOMF_DENEDDYLASE_ACTIVITY	6		Rejected!	
GOMF_DEOXYNUCLEOSIDE_KINASE_ACTIVITY	5		Rejected!	
GOMF_DEOXYRIBONUCLEASE_I_ACTIVITY	5		Rejected!	
GOMF_DESUMOYLASE_ACTIVITY	7		Rejected!	
GOMF_DEUBIQUITINASE_ACTIVATOR_ACTIVITY	7		Rejected!	
GOMF_DEUBIQUITINASE_ACTIVITY	121	90		
GOMF_DIACYLGLYCEROL_BINDING	13		Rejected!	
GOMF_DIACYLGLYCEROL_DEPENDENT_SERINE_THREONINE_KINASE_ACTIVITY	16	16		
GOMF_DIACYLGLYCEROL_O_ACYLTRANSFERASE_ACTIVITY	7		Rejected!	
GOMF_DICARBOXYLIC_ACID_TRANSMEMBRANE_TRANSPORTER_ACTIVITY	31	29		
GOMF_DIHYDROPYRIMIDINASE_ACTIVITY	6		Rejected!	
GOMF_DINUCLEOTIDE_PHOSPHATASE_ACTIVITY	8		Rejected!	
GOMF_DIOXYGENASE_ACTIVITY	93	83		
GOMF_DIPEPTIDASE_ACTIVITY	17	17		
GOMF_DIPEPTIDE_TRANSMEMBRANE_TRANSPORTER_ACTIVITY	5		Rejected!	
GOMF_DIPEPTIDYL_PEPTIDASE_ACTIVITY	12		Rejected!	
GOMF_DIPHOSPHOTRANSFERASE_ACTIVITY	6		Rejected!	
GOMF_DISACCHARIDE_BINDING	5		Rejected!	
GOMF_DISORDERED_DOMAIN_SPECIFIC_BINDING	32	25		
GOMF_DISULFIDE_OXIDOREDUCTASE_ACTIVITY	41	39		
GOMF_DNA_APURINIC_OR_APYRIMIDINIC_SITE_ENDONUCLEASE_ACTIVITY	13		Rejected!	
GOMF_DNA_BINDING_BENDING	18	18		
GOMF_DNA_BINDING_TRANSCRIPTION_ACTIVATOR_ACTIVITY	479	463		
GOMF_DNA_BINDING_TRANSCRIPTION_FACTOR_ACTIVITY	1463		Rejected!	
GOMF_DNA_BINDING_TRANSCRIPTION_FACTOR_BINDING	478	464		
GOMF_DNA_BINDING_TRANSCRIPTION_REPRESSOR_ACTIVITY	273	271		
GOMF_DNA_CLAMP_LOADER_ACTIVITY	9		Rejected!	
GOMF_DNA_DAMAGE_SENSOR_ACTIVITY	24	20		
GOMF_DNA_DEMETHYLASE_ACTIVITY	5		Rejected!	
GOMF_DNA_DIRECTED_DNA_POLYMERASE_ACTIVITY	23	23		
GOMF_DNA_DNA_ANNEALING_ACTIVITY	8		Rejected!	
GOMF_DNA_DNA_TETHERING_ACTIVITY	8		Rejected!	
GOMF_DNA_ENDONUCLEASE_ACTIVITY	42	39		
GOMF_DNA_ENDONUCLEASE_ACTIVITY_PRODUCING_3_PHOSPHOMONOESTERS	11		Rejected!	
GOMF_DNA_EXONUCLEASE_ACTIVITY	26	24		
GOMF_DNA_HELICASE_ACTIVITY	61	55		
GOMF_DNA_INSERTION_OR_DELETION_BINDING	6		Rejected!	
GOMF_DNA_METHYLTRANSFERASE_ACTIVITY	7		Rejected!	
GOMF_DNA_NUCLEASE_ACTIVITY	65	61		
GOMF_DNA_N_GLYCOSYLASE_ACTIVITY	14		Rejected!	
GOMF_DNA_POLYMERASE_ACTIVITY	30	30		
GOMF_DNA_POLYMERASE_BINDING	21	19		
GOMF_DNA_REPLICATION_ORIGIN_BINDING	16	16		
GOMF_DNA_RNA_HYBRID_BINDING	5		Rejected!	
GOMF_DNA_SECONDARY_STRUCTURE_BINDING	39	38		
GOMF_DNA_TOPOISOMERASE_ACTIVITY	7		Rejected!	
GOMF_DNA_TRANSLOCASE_ACTIVITY	5		Rejected!	
GOMF_DOLICHYL_PHOSPHATE_MANNOSE_PROTEIN_MANNOSYLTRANSFERASE_ACTIVITY	8		Rejected!	
GOMF_DOPAMINE_BINDING	7		Rejected!	
GOMF_DOPAMINE_NEUROTRANSMITTER_RECEPTOR_ACTIVITY	5		Rejected!	
GOMF_DOPAMINE_RECEPTOR_BINDING	14		Rejected!	
GOMF_DOUBLE_STRANDED_DNA_3_5_DNA_EXONUCLEASE_ACTIVITY	6		Rejected!	
GOMF_DOUBLE_STRANDED_DNA_EXODEOXYRIBONUCLEASE_ACTIVITY	8		Rejected!	
GOMF_DOUBLE_STRANDED_METHYLATED_DNA_BINDING	6		Rejected!	
GOMF_DOUBLE_STRANDED_RNA_ADENOSINE_DEAMINASE_ACTIVITY	6		Rejected!	
GOMF_DOUBLE_STRANDED_RNA_BINDING	74	70		
GOMF_DOUBLE_STRANDED_TELOMERIC_DNA_BINDING	9		Rejected!	
GOMF_DYNACTIN_BINDING	12		Rejected!	
GOMF_DYNEIN_COMPLEX_BINDING	25	23		
GOMF_DYNEIN_HEAVY_CHAIN_BINDING	16		Rejected!	
GOMF_DYNEIN_INTERMEDIATE_CHAIN_BINDING	37	30		
GOMF_DYNEIN_LIGHT_CHAIN_BINDING	9		Rejected!	
GOMF_DYNEIN_LIGHT_INTERMEDIATE_CHAIN_BINDING	28	26		
GOMF_DYSTROGLYCAN_BINDING	11		Rejected!	
GOMF_D_LOOP_DNA_BINDING	5		Rejected!	
GOMF_EFFLUX_TRANSMEMBRANE_TRANSPORTER_ACTIVITY	15		Rejected!	
GOMF_ELECTRON_TRANSFER_ACTIVITY	117	98		
GOMF_ENDODEOXYRIBONUCLEASE_ACTIVITY_PRODUCING_5_PHOSPHOMONOESTERS	14		Rejected!	
GOMF_ENDONUCLEASE_ACTIVITY	125	114		
GOMF_ENDONUCLEASE_ACTIVITY_ACTIVE_WITH_EITHER_RIBO_OR_DEOXYRIBONUCLEIC_ACIDS_AND_PRODUCING_3_PHOSPHOMONOESTERS	19	18		
GOMF_ENDONUCLEASE_ACTIVITY_ACTIVE_WITH_EITHER_RIBO_OR_DEOXYRIBONUCLEIC_ACIDS_AND_PRODUCING_5_PHOSPHOMONOESTERS	40	38		
GOMF_ENDOPEPTIDASE_ACTIVATOR_ACTIVITY	19	18		
GOMF_ENDOPEPTIDASE_ACTIVITY	395	369		
GOMF_ENDOPEPTIDASE_REGULATOR_ACTIVITY	187	176		
GOMF_ENDOPOLYPHOSPHATASE_ACTIVITY	5		Rejected!	
GOMF_ENONE_REDUCTASE_ACTIVITY	5		Rejected!	
GOMF_ENOYL_COA_HYDRATASE_ACTIVITY	12		Rejected!	
GOMF_ENZYME_ACTIVATOR_ACTIVITY	608		Rejected!	
GOMF_ENZYME_INHIBITOR_ACTIVITY	395	356		
GOMF_ENZYME_REGULATOR_ACTIVITY	1320		Rejected!	
GOMF_ENZYME_SUBSTRATE_ADAPTOR_ACTIVITY	73	71		
GOMF_EPHRIN_RECEPTOR_ACTIVITY	18	18		
GOMF_EPHRIN_RECEPTOR_BINDING	27	27		
GOMF_EPIDERMAL_GROWTH_FACTOR_RECEPTOR_BINDING	35	34		
GOMF_EPINEPHRINE_BINDING	6		Rejected!	
GOMF_EPOXIDE_HYDROLASE_ACTIVITY	8		Rejected!	
GOMF_ERBB_3_CLASS_RECEPTOR_BINDING	5		Rejected!	
GOMF_ER_RETENTION_SEQUENCE_BINDING	5		Rejected!	
GOMF_ESTRADIOL_17_BETA_DEHYDROGENASE_NAD_P_ACTIVITY	19	19		
GOMF_ESTROGEN_16_ALPHA_HYDROXYLASE_ACTIVITY	8		Rejected!	
GOMF_ESTROGEN_2_HYDROXYLASE_ACTIVITY	5		Rejected!	
GOMF_ESTROGEN_RESPONSE_ELEMENT_BINDING	11		Rejected!	
GOMF_EUKARYOTIC_INITIATION_FACTOR_4E_BINDING	10		Rejected!	
GOMF_EUKARYOTIC_TRANSLATION_INITIATION_FACTOR_2ALPHA_KINASE_ACTIVITY	6		Rejected!	
GOMF_EXCITATORY_EXTRACELLULAR_LIGAND_GATED_MONOATOMIC_ION_CHANNEL_ACTIVITY	36	33		
GOMF_EXOGENOUS_PROTEIN_BINDING	82	81		
GOMF_EXONUCLEASE_ACTIVITY	90	83		
GOMF_EXONUCLEASE_ACTIVITY_ACTIVE_WITH_EITHER_RIBO_OR_DEOXYRIBONUCLEIC_ACIDS_AND_PRODUCING_5_PHOSPHOMONOESTERS	62	58		
GOMF_EXOPEPTIDASE_ACTIVITY	104	96		
GOMF_EXTRACELLULARLY_ATP_GATED_MONOATOMIC_CATION_CHANNEL_ACTIVITY	7		Rejected!	
GOMF_EXTRACELLULAR_LIGAND_GATED_MONOATOMIC_ION_CHANNEL_ACTIVITY	73	70		
GOMF_EXTRACELLULAR_MATRIX_BINDING	64	60		
GOMF_EXTRACELLULAR_MATRIX_CONSTITUENT_CONFERRING_ELASTICITY	10		Rejected!	
GOMF_EXTRACELLULAR_MATRIX_PROTEIN_BINDING	6		Rejected!	
GOMF_EXTRACELLULAR_MATRIX_STRUCTURAL_CONSTITUENT	166	158		
GOMF_EXTRACELLULAR_MATRIX_STRUCTURAL_CONSTITUENT_CONFERRING_COMPRESSION_RESISTANCE	22	21		
GOMF_EXTRACELLULAR_MATRIX_STRUCTURAL_CONSTITUENT_CONFERRING_TENSILE_STRENGTH	45	44		
GOMF_E_BOX_BINDING	59	56		
GOMF_FAD_BINDING	40	38		
GOMF_FATTY_ACID_BINDING	48	47		
GOMF_FATTY_ACID_DERIVATIVE_BINDING	18	18		
GOMF_FATTY_ACID_ELONGASE_ACTIVITY	7		Rejected!	
GOMF_FATTY_ACID_OMEGA_HYDROXYLASE_ACTIVITY	7		Rejected!	
GOMF_FATTY_ACID_TRANSMEMBRANE_TRANSPORTER_ACTIVITY	19	19		
GOMF_FATTY_ACYL_COA_SYNTHASE_ACTIVITY	7		Rejected!	
GOMF_FATZ_BINDING	5		Rejected!	
GOMF_FERRIC_IRON_BINDING	11		Rejected!	
GOMF_FERROUS_IRON_BINDING	27	26		
GOMF_FERROUS_IRON_TRANSMEMBRANE_TRANSPORTER_ACTIVITY	6		Rejected!	
GOMF_FIBRINOGEN_BINDING	6		Rejected!	
GOMF_FIBROBLAST_GROWTH_FACTOR_BINDING	23	21		
GOMF_FIBROBLAST_GROWTH_FACTOR_RECEPTOR_ACTIVITY	5		Rejected!	
GOMF_FIBROBLAST_GROWTH_FACTOR_RECEPTOR_BINDING	25	24		
GOMF_FIBRONECTIN_BINDING	30	29		
GOMF_FILAMIN_BINDING	14		Rejected!	
GOMF_FK506_BINDING	10		Rejected!	
GOMF_FLAP_ENDONUCLEASE_ACTIVITY	8		Rejected!	
GOMF_FLAVIN_ADENINE_DINUCLEOTIDE_BINDING	88	85		
GOMF_FLIPPASE_ACTIVITY	16	16		
GOMF_FLOPPASE_ACTIVITY	16	16		
GOMF_FMN_BINDING	15		Rejected!	
GOMF_FOLIC_ACID_BINDING	14		Rejected!	
GOMF_FOLIC_ACID_TRANSMEMBRANE_TRANSPORTER_ACTIVITY	5		Rejected!	
GOMF_FOUR_WAY_JUNCTION_DNA_BINDING	18	18		
GOMF_FOUR_WAY_JUNCTION_HELICASE_ACTIVITY	6		Rejected!	
GOMF_FRIZZLED_BINDING	37	35		
GOMF_FRUCTOSE_2_6_BISPHOSPHATE_2_PHOSPHATASE_ACTIVITY	5		Rejected!	
GOMF_FRUCTOSE_6_PHOSPHATE_BINDING	5		Rejected!	
GOMF_FRUCTOSE_BINDING	6		Rejected!	
GOMF_FRUCTOSE_TRANSMEMBRANE_TRANSPORTER_ACTIVITY	9		Rejected!	
GOMF_FUCOSE_BINDING	8		Rejected!	
GOMF_FUCOSYLTRANSFERASE_ACTIVITY	13		Rejected!	
GOMF_GABA_A_RECEPTOR_ACTIVITY	19	19		
GOMF_GABA_RECEPTOR_ACTIVITY	22	22		
GOMF_GABA_RECEPTOR_BINDING	18	16		
GOMF_GALACTOSIDASE_ACTIVITY	7		Rejected!	
GOMF_GALACTOSIDE_BINDING	7		Rejected!	
GOMF_GALACTOSYLCERAMIDASE_ACTIVITY	5		Rejected!	
GOMF_GALACTOSYLTRANSFERASE_ACTIVITY	33	32		
GOMF_GAMMA_AMINOBUTYRIC_ACID_SODIUM_CHLORIDE_SYMPORTER_ACTIVITY	6		Rejected!	
GOMF_GAMMA_AMINOBUTYRIC_ACID_TRANSMEMBRANE_TRANSPORTER_ACTIVITY	9		Rejected!	
GOMF_GAMMA_CATENIN_BINDING	12		Rejected!	
GOMF_GAMMA_TUBULIN_BINDING	35	31		
GOMF_GANGLIOSIDE_BINDING	5		Rejected!	
GOMF_GAP_JUNCTION_CHANNEL_ACTIVITY	24	23		
GOMF_GAP_JUNCTION_CHANNEL_ACTIVITY_INVOLVED_IN_CARDIAC_CONDUCTION_ELECTRICAL_COUPLING	5		Rejected!	
GOMF_GAP_JUNCTION_CHANNEL_ACTIVITY_INVOLVED_IN_CELL_COMMUNICATION_BY_ELECTRICAL_COUPLING	8		Rejected!	
GOMF_GAP_JUNCTION_HEMI_CHANNEL_ACTIVITY	6		Rejected!	
GOMF_GATED_CHANNEL_ACTIVITY	321	307		
GOMF_GDP_BINDING	76	74		
GOMF_GDP_DISSOCIATION_INHIBITOR_ACTIVITY	17	17		
GOMF_GDP_PHOSPHATASE_ACTIVITY	10		Rejected!	
GOMF_GENERAL_TRANSCRIPTION_INITIATION_FACTOR_ACTIVITY	64	52		
GOMF_GENERAL_TRANSCRIPTION_INITIATION_FACTOR_BINDING	53	53		
GOMF_GLIAL_CELL_DERIVED_NEUROTROPHIC_FACTOR_RECEPTOR_ACTIVITY	5		Rejected!	
GOMF_GLUCOSE_BINDING	11		Rejected!	
GOMF_GLUCOSE_SODIUM_SYMPORTER_ACTIVITY	7		Rejected!	
GOMF_GLUCOSIDASE_ACTIVITY	15		Rejected!	
GOMF_GLUCOSYLTRANSFERASE_ACTIVITY	20	17		
GOMF_GLUCURONOSYLTRANSFERASE_ACTIVITY	35	34		
GOMF_GLUCURONOSYL_N_ACETYLGALACTOSAMINYL_PROTEOGLYCAN_4_BETA_N_ACETYLGALACTOSAMINYLTRANSFERASE_ACTIVITY	6		Rejected!	
GOMF_GLUTAMATE_BINDING	8		Rejected!	
GOMF_GLUTAMATE_GATED_CALCIUM_ION_CHANNEL_ACTIVITY	8		Rejected!	
GOMF_GLUTAMATE_GATED_RECEPTOR_ACTIVITY	16	16		
GOMF_GLUTAMATE_RECEPTOR_ACTIVITY	26	25		
GOMF_GLUTAMATE_RECEPTOR_BINDING	48	43		
GOMF_GLUTAMATE_SODIUM_SYMPORTER_ACTIVITY	5		Rejected!	
GOMF_GLUTATHIONE_DISULFIDE_OXIDOREDUCTASE_ACTIVITY	5		Rejected!	
GOMF_GLUTATHIONE_HYDROLASE_ACTIVITY	9		Rejected!	
GOMF_GLUTATHIONE_PEROXIDASE_ACTIVITY	23	23		
GOMF_GLUTATHIONE_TRANSFERASE_ACTIVITY	29	28		
GOMF_GLUTATHIONE_TRANSMEMBRANE_TRANSPORTER_ACTIVITY	7		Rejected!	
GOMF_GLYCERALDEHYDE_3_PHOSPHATE_DEHYDROGENASE_NADPLUS_NON_PHOSPHORYLATING_ACTIVITY	7		Rejected!	
GOMF_GLYCEROL_3_PHOSPHATE_O_ACYLTRANSFERASE_ACTIVITY	5		Rejected!	
GOMF_GLYCEROL_CHANNEL_ACTIVITY	7		Rejected!	
GOMF_GLYCEROL_TRANSMEMBRANE_TRANSPORTER_ACTIVITY	9		Rejected!	
GOMF_GLYCEROPHOSPHODIESTER_PHOSPHODIESTERASE_ACTIVITY	5		Rejected!	
GOMF_GLYCEROPHOSPHOLIPID_FLIPPASE_ACTIVITY	13		Rejected!	
GOMF_GLYCINE_BINDING	11		Rejected!	
GOMF_GLYCINE_N_ACYLTRANSFERASE_ACTIVITY	5		Rejected!	
GOMF_GLYCINE_TRANSMEMBRANE_TRANSPORTER_ACTIVITY	10		Rejected!	
GOMF_GLYCOGEN_BINDING	8		Rejected!	
GOMF_GLYCOLIPID_BINDING	29	29		
GOMF_GLYCOLIPID_MANNOSYLTRANSFERASE_ACTIVITY	5		Rejected!	
GOMF_GLYCOSAMINOGLYCAN_BINDING	244	224		
GOMF_GLYCOSPHINGOLIPID_BINDING	10		Rejected!	
GOMF_GLYCOSYLTRANSFERASE_ACTIVITY	277	259		
GOMF_GPI_ANCHOR_BINDING	8		Rejected!	
GOMF_GPI_LINKED_EPHRIN_RECEPTOR_ACTIVITY	6		Rejected!	
GOMF_GROWTH_FACTOR_ACTIVITY	162	149		
GOMF_GROWTH_FACTOR_BINDING	136	129		
GOMF_GROWTH_FACTOR_RECEPTOR_BINDING	138	133		
GOMF_GROWTH_HORMONE_RECEPTOR_BINDING	10		Rejected!	
GOMF_GTPASE_ACTIVATING_PROTEIN_BINDING	11		Rejected!	
GOMF_GTPASE_ACTIVATOR_ACTIVITY	273	250		
GOMF_GTPASE_ACTIVITY	333	297		
GOMF_GTPASE_BINDING	315	298		
GOMF_GTPASE_INHIBITOR_ACTIVITY	12		Rejected!	
GOMF_GTP_DEPENDENT_PROTEIN_BINDING	20	19		
GOMF_GUANINE_NUCLEOTIDE_TRANSMEMBRANE_TRANSPORTER_ACTIVITY	5		Rejected!	
GOMF_GUANYLATE_CYCLASE_ACTIVITY	8		Rejected!	
GOMF_GUANYLATE_CYCLASE_REGULATOR_ACTIVITY	9		Rejected!	
GOMF_GUANYLATE_KINASE_ACTIVITY	9		Rejected!	
GOMF_GUANYLYLTRANSFERASE_ACTIVITY	7		Rejected!	
GOMF_GUANYL_NUCLEOTIDE_EXCHANGE_FACTOR_ACTIVITY	228	214		
GOMF_GUANYL_RIBONUCLEOTIDE_BINDING	403	357		
GOMF_G_PROTEIN_ACTIVITY	49	45		
GOMF_G_PROTEIN_ALPHA_SUBUNIT_BINDING	29	28		
GOMF_G_PROTEIN_BETA_GAMMA_SUBUNIT_COMPLEX_BINDING	22	21		
GOMF_G_PROTEIN_BETA_SUBUNIT_BINDING	23	21		
GOMF_G_PROTEIN_COUPLED_ACETYLCHOLINE_RECEPTOR_ACTIVITY	7		Rejected!	
GOMF_G_PROTEIN_COUPLED_ADENOSINE_RECEPTOR_ACTIVITY	5		Rejected!	
GOMF_G_PROTEIN_COUPLED_AMINE_RECEPTOR_ACTIVITY	40	39		
GOMF_G_PROTEIN_COUPLED_CHEMOATTRACTANT_RECEPTOR_ACTIVITY	26	26		
GOMF_G_PROTEIN_COUPLED_GLUTAMATE_RECEPTOR_ACTIVITY	9		Rejected!	
GOMF_G_PROTEIN_COUPLED_GLUTAMATE_RECEPTOR_BINDING	10		Rejected!	
GOMF_G_PROTEIN_COUPLED_NEUROTRANSMITTER_RECEPTOR_ACTIVITY	12		Rejected!	
GOMF_G_PROTEIN_COUPLED_OPIOID_RECEPTOR_ACTIVITY	7		Rejected!	
GOMF_G_PROTEIN_COUPLED_PURINERGIC_NUCLEOTIDE_RECEPTOR_ACTIVITY	13		Rejected!	
GOMF_G_PROTEIN_COUPLED_RECEPTOR_ACTIVITY	871		Rejected!	
GOMF_G_PROTEIN_COUPLED_RECEPTOR_BINDING	291	265		
GOMF_G_PROTEIN_COUPLED_RECEPTOR_KINASE_ACTIVITY	7		Rejected!	
GOMF_G_PROTEIN_COUPLED_SEROTONIN_RECEPTOR_ACTIVITY	22	22		
GOMF_G_QUADRUPLEX_DNA_BINDING	11		Rejected!	
GOMF_G_QUADRUPLEX_RNA_BINDING	8		Rejected!	
GOMF_G_RICH_STRAND_TELOMERIC_DNA_BINDING	10		Rejected!	
GOMF_HAPTOGLOBIN_BINDING	10		Rejected!	
GOMF_HEAT_SHOCK_PROTEIN_BINDING	130	120		
GOMF_HELICASE_ACTIVITY	156	142		
GOMF_HEME_TRANSMEMBRANE_TRANSPORTER_ACTIVITY	9		Rejected!	
GOMF_HEMOGLOBIN_ALPHA_BINDING	5		Rejected!	
GOMF_HEMOGLOBIN_BINDING	9		Rejected!	
GOMF_HEPARAN_SULFATE_BINDING	7		Rejected!	
GOMF_HEPARAN_SULFATE_GLUCOSAMINE_3_SULFOTRANSFERASE_1_ACTIVITY	7		Rejected!	
GOMF_HEPARAN_SULFATE_PROTEOGLYCAN_BINDING	18	18		
GOMF_HEPARAN_SULFATE_SULFOTRANSFERASE_ACTIVITY	15	15		
GOMF_HEPARIN_BINDING	174	159		
GOMF_HETEROTRIMERIC_G_PROTEIN_BINDING	6		Rejected!	
GOMF_HEXOKINASE_ACTIVITY	5		Rejected!	
GOMF_HEXOSAMINIDASE_ACTIVITY	15		Rejected!	
GOMF_HEXOSE_TRANSMEMBRANE_TRANSPORTER_ACTIVITY	25	25		
GOMF_HEXOSYLTRANSFERASE_ACTIVITY	202	188		
GOMF_HIGH_DENSITY_LIPOPROTEIN_PARTICLE_BINDING	13		Rejected!	
GOMF_HIGH_VOLTAGE_GATED_CALCIUM_CHANNEL_ACTIVITY	14		Rejected!	
GOMF_HISTAMINE_RECEPTOR_ACTIVITY	6		Rejected!	
GOMF_HISTONE_ACETYLTRANSFERASE_BINDING	24	24		
GOMF_HISTONE_BINDING	248	225		
GOMF_HISTONE_CHAPERONE_ACTIVITY	12		Rejected!	
GOMF_HISTONE_DEACETYLASE_BINDING	128	121		
GOMF_HISTONE_DEACETYLASE_REGULATOR_ACTIVITY	6		Rejected!	
GOMF_HISTONE_DECROTONYLASE_ACTIVITY	5		Rejected!	
GOMF_HISTONE_DEUBIQUITINASE_ACTIVITY	8		Rejected!	
GOMF_HISTONE_H2AX_KINASE_ACTIVITY	5		Rejected!	
GOMF_HISTONE_H2A_DEUBIQUITINASE_ACTIVITY	6		Rejected!	
GOMF_HISTONE_H2A_UBIQUITIN_LIGASE_ACTIVITY	6		Rejected!	
GOMF_HISTONE_H3K14_ACETYLTRANSFERASE_ACTIVITY	9		Rejected!	
GOMF_HISTONE_H3K27ME2_H3K27ME3_DEMETHYLASE_ACTIVITY	5		Rejected!	
GOMF_HISTONE_H3K27_METHYLTRANSFERASE_ACTIVITY	6		Rejected!	
GOMF_HISTONE_H3K36_DEMETHYLASE_ACTIVITY	10		Rejected!	
GOMF_HISTONE_H3K36_METHYLTRANSFERASE_ACTIVITY	13		Rejected!	
GOMF_HISTONE_H3K36_TRIMETHYLTRANSFERASE_ACTIVITY	5		Rejected!	
GOMF_HISTONE_H3K4ME_H3K4ME2_H3K4ME3_DEMETHYLASE_ACTIVITY	5		Rejected!	
GOMF_HISTONE_H3K4_DEMETHYLASE_ACTIVITY	8		Rejected!	
GOMF_HISTONE_H3K4_METHYLTRANSFERASE_ACTIVITY	19	15		
GOMF_HISTONE_H3K4_MONOMETHYLTRANSFERASE_ACTIVITY	8		Rejected!	
GOMF_HISTONE_H3K4_TRIMETHYLTRANSFERASE_ACTIVITY	10		Rejected!	
GOMF_HISTONE_H3K9ME2_H3K9ME3_DEMETHYLASE_ACTIVITY	5		Rejected!	
GOMF_HISTONE_H3K9ME2_METHYLTRANSFERASE_ACTIVITY	7		Rejected!	
GOMF_HISTONE_H3K9ME_H3K9ME2_DEMETHYLASE_ACTIVITY	5		Rejected!	
GOMF_HISTONE_H3K9_DEMETHYLASE_ACTIVITY	14		Rejected!	
GOMF_HISTONE_H3K9_METHYLTRANSFERASE_ACTIVITY	13		Rejected!	
GOMF_HISTONE_H3K9_MONOMETHYLTRANSFERASE_ACTIVITY	6		Rejected!	
GOMF_HISTONE_H3K9_TRIMETHYLTRANSFERASE_ACTIVITY	5		Rejected!	
GOMF_HISTONE_H3_ACETYLTRANSFERASE_ACTIVITY	15		Rejected!	
GOMF_HISTONE_H3_KINASE_ACTIVITY	11		Rejected!	
GOMF_HISTONE_H3_METHYLTRANSFERASE_ACTIVITY	43	36		
GOMF_HISTONE_H4K12_ACETYLTRANSFERASE_ACTIVITY	12		Rejected!	
GOMF_HISTONE_H4K16_ACETYLTRANSFERASE_ACTIVITY	8		Rejected!	
GOMF_HISTONE_H4K20_METHYLTRANSFERASE_ACTIVITY	10		Rejected!	
GOMF_HISTONE_H4K20_MONOMETHYLTRANSFERASE_ACTIVITY	6		Rejected!	
GOMF_HISTONE_H4K5_ACETYLTRANSFERASE_ACTIVITY	11		Rejected!	
GOMF_HISTONE_H4_ACETYLTRANSFERASE_ACTIVITY	21	19		
GOMF_HISTONE_H4_DEMETHYLASE_ACTIVITY	5		Rejected!	
GOMF_HISTONE_H4_METHYLTRANSFERASE_ACTIVITY	17	15		
GOMF_HISTONE_KINASE_ACTIVITY	23	21		
GOMF_HISTONE_METHYLTRANSFERASE_ACTIVITY	70	59		
GOMF_HISTONE_METHYLTRANSFERASE_BINDING	14		Rejected!	
GOMF_HISTONE_MODIFYING_ACTIVITY	214	189		
GOMF_HISTONE_READER_ACTIVITY	19	17		
GOMF_HISTONE_UBIQUITIN_LIGASE_ACTIVITY	11		Rejected!	
GOMF_HMG_BOX_DOMAIN_BINDING	13		Rejected!	
GOMF_HORMONE_ACTIVITY	128	119		
GOMF_HORMONE_BINDING	92	90		
GOMF_HORMONE_RECEPTOR_BINDING	33	33		
GOMF_HSP70_PROTEIN_BINDING	51	48		
GOMF_HSP90_PROTEIN_BINDING	42	37		
GOMF_HYALURONIC_ACID_BINDING	26	24		
GOMF_HYALURONONGLUCOSAMINIDASE_ACTIVITY	8		Rejected!	
GOMF_HYDROLASE_ACTIVITY_ACTING_ON_ACID_ANHYDRIDES	814		Rejected!	
GOMF_HYDROLASE_ACTIVITY_ACTING_ON_CARBON_NITROGEN_BUT_NOT_PEPTIDE_BONDS	137	132		
GOMF_HYDROLASE_ACTIVITY_ACTING_ON_CARBON_NITROGEN_BUT_NOT_PEPTIDE_BONDS_IN_CYCLIC_AMIDES	15	15		
GOMF_HYDROLASE_ACTIVITY_ACTING_ON_CARBON_NITROGEN_BUT_NOT_PEPTIDE_BONDS_IN_CYCLIC_AMIDINES	35	33		
GOMF_HYDROLASE_ACTIVITY_ACTING_ON_CARBON_NITROGEN_BUT_NOT_PEPTIDE_BONDS_IN_LINEAR_AMIDES	74	71		
GOMF_HYDROLASE_ACTIVITY_ACTING_ON_CARBON_NITROGEN_BUT_NOT_PEPTIDE_BONDS_IN_LINEAR_AMIDINES	11		Rejected!	
GOMF_HYDROLASE_ACTIVITY_ACTING_ON_ESTER_BONDS	770		Rejected!	
GOMF_HYDROLASE_ACTIVITY_ACTING_ON_ETHER_BONDS	10		Rejected!	
GOMF_HYDROLASE_ACTIVITY_ACTING_ON_GLYCOSYL_BONDS	137	126		
GOMF_HYDROLASE_ACTIVITY_HYDROLYZING_N_GLYCOSYL_COMPOUNDS	40	39		
GOMF_HYDROLASE_ACTIVITY_HYDROLYZING_O_GLYCOSYL_COMPOUNDS	97	86		
GOMF_HYDROPEROXY_ICOSATETRAENOATE_DEHYDRATASE_ACTIVITY	7		Rejected!	
GOMF_HYDROXYMETHYL_FORMYL_AND_RELATED_TRANSFERASE_ACTIVITY	8		Rejected!	
GOMF_HYDRO_LYASE_ACTIVITY	61	56		
GOMF_ICOSANOID_BINDING	8		Rejected!	
GOMF_ICOSANOID_RECEPTOR_ACTIVITY	15	15		
GOMF_ICOSANOID_TRANSMEMBRANE_TRANSPORTER_ACTIVITY	13		Rejected!	
GOMF_IGE_BINDING	5		Rejected!	
GOMF_IGG_BINDING	11		Rejected!	
GOMF_IGG_RECEPTOR_ACTIVITY	7		Rejected!	
GOMF_IMMUNE_RECEPTOR_ACTIVITY	152	141		
GOMF_IMMUNOGLOBULIN_BINDING	26	24		
GOMF_IMMUNOGLOBULIN_RECEPTOR_ACTIVITY	13		Rejected!	
GOMF_IMMUNOGLOBULIN_RECEPTOR_BINDING	19		Rejected!	
GOMF_IMPORTIN_ALPHA_FAMILY_PROTEIN_BINDING	9		Rejected!	
GOMF_INHIBITORY_MHC_CLASS_I_RECEPTOR_ACTIVITY	10		Rejected!	
GOMF_INITIATOR_METHIONYL_AMINOPEPTIDASE_ACTIVITY	5		Rejected!	
GOMF_INORGANIC_ANION_TRANSMEMBRANE_TRANSPORTER_ACTIVITY	159	151		
GOMF_INORGANIC_DIPHOSPHATE_PHOSPHATASE_ACTIVITY	5		Rejected!	
GOMF_INORGANIC_MOLECULAR_ENTITY_TRANSMEMBRANE_TRANSPORTER_ACTIVITY	738		Rejected!	
GOMF_INOSITOL_1_3_4_5_6_PENTAKISPHOSPHATE_KINASE_ACTIVITY	5		Rejected!	
GOMF_INOSITOL_1_3_4_5_TETRAKISPHOSPHATE_BINDING	5		Rejected!	
GOMF_INOSITOL_1_4_5_TRISPHOSPHATE_5_PHOSPHATASE_ACTIVITY	7		Rejected!	
GOMF_INOSITOL_1_4_5_TRISPHOSPHATE_BINDING	12		Rejected!	
GOMF_INOSITOL_BISPHOSPHATE_PHOSPHATASE_ACTIVITY	7		Rejected!	
GOMF_INOSITOL_PHOSPHATE_KINASE_ACTIVITY	11		Rejected!	
GOMF_INOSITOL_PHOSPHATE_PHOSPHATASE_ACTIVITY	19	18		
GOMF_INOSITOL_POLYPHOSPHATE_5_PHOSPHATASE_ACTIVITY	7		Rejected!	
GOMF_INOSITOL_TETRAKISPHOSPHATE_KINASE_ACTIVITY	5		Rejected!	
GOMF_INOSITOL_TETRAKISPHOSPHATE_PHOSPHATASE_ACTIVITY	8		Rejected!	
GOMF_INOSITOL_TRISPHOSPHATE_PHOSPHATASE_ACTIVITY	13		Rejected!	
GOMF_INSULIN_BINDING	5		Rejected!	
GOMF_INSULIN_LIKE_GROWTH_FACTOR_BINDING	19	18		
GOMF_INSULIN_LIKE_GROWTH_FACTOR_II_BINDING	8		Rejected!	
GOMF_INSULIN_LIKE_GROWTH_FACTOR_I_BINDING	13		Rejected!	
GOMF_INSULIN_LIKE_GROWTH_FACTOR_RECEPTOR_BINDING	16	16		
GOMF_INSULIN_RECEPTOR_BINDING	22	22		
GOMF_INSULIN_RECEPTOR_SUBSTRATE_BINDING	13		Rejected!	
GOMF_INTEGRIN_BINDING	158	150		
GOMF_INTEGRIN_BINDING_INVOLVED_IN_CELL_MATRIX_ADHESION	5		Rejected!	
GOMF_INTERFERON_RECEPTOR_ACTIVITY	5		Rejected!	
GOMF_INTERLEUKIN_12_RECEPTOR_BINDING	5		Rejected!	
GOMF_INTERLEUKIN_17_RECEPTOR_ACTIVITY	8		Rejected!	
GOMF_INTERLEUKIN_1_BINDING	10		Rejected!	
GOMF_INTERLEUKIN_1_RECEPTOR_ACTIVITY	7		Rejected!	
GOMF_INTERLEUKIN_1_RECEPTOR_BINDING	17	17		
GOMF_INTERLEUKIN_2_RECEPTOR_BINDING	5		Rejected!	
GOMF_INTERLEUKIN_6_RECEPTOR_BINDING	7		Rejected!	
GOMF_INTERMEDIATE_FILAMENT_BINDING	11		Rejected!	
GOMF_INTRACELLULARLY_CALCIUM_GATED_CHLORIDE_CHANNEL_ACTIVITY	20	19		
GOMF_INTRACELLULARLY_CAMP_ACTIVATED_CATION_CHANNEL_ACTIVITY	9		Rejected!	
GOMF_INTRACELLULARLY_CGMP_ACTIVATED_CATION_CHANNEL_ACTIVITY	7		Rejected!	
GOMF_INTRACELLULARLY_GATED_CALCIUM_CHANNEL_ACTIVITY	18	17		
GOMF_INTRACELLULARLY_LIGAND_GATED_MONOATOMIC_ION_CHANNEL_ACTIVITY	31	30		
GOMF_INTRACILIARY_TRANSPORT_PARTICLE_B_BINDING	5		Rejected!	
GOMF_INTRAMEMBRANE_LIPID_TRANSPORTER_ACTIVITY	42	42		
GOMF_INTRAMOLECULAR_OXIDOREDUCTASE_ACTIVITY	53	52		
GOMF_INTRAMOLECULAR_OXIDOREDUCTASE_ACTIVITY_INTERCONVERTING_ALDOSES_AND_KETOSES	6		Rejected!	
GOMF_INTRAMOLECULAR_OXIDOREDUCTASE_ACTIVITY_TRANSPOSING_C_C_BONDS	16	16		
GOMF_INTRAMOLECULAR_PHOSPHOTRANSFERASE_ACTIVITY	11		Rejected!	
GOMF_INTRAMOLECULAR_TRANSFERASE_ACTIVITY	29	28		
GOMF_INTRONIC_TRANSCRIPTION_REGULATORY_REGION_SEQUENCE_SPECIFIC_DNA_BINDING	11		Rejected!	
GOMF_INWARD_RECTIFIER_POTASSIUM_CHANNEL_ACTIVITY	27	26		
GOMF_IODIDE_TRANSMEMBRANE_TRANSPORTER_ACTIVITY	5		Rejected!	
GOMF_IONOTROPIC_GLUTAMATE_RECEPTOR_BINDING	27	24		
GOMF_IRON_ION_BINDING	153	147		
GOMF_IRON_ION_TRANSMEMBRANE_TRANSPORTER_ACTIVITY	10		Rejected!	
GOMF_ISOCITRATE_DEHYDROGENASE_NAD_P_PLUS_ACTIVITY	5		Rejected!	
GOMF_ISOMERASE_ACTIVITY	178	165		
GOMF_ISOPRENOID_BINDING	45	45		
GOMF_I_SMAD_BINDING	16	16		
GOMF_JUN_KINASE_BINDING	11		Rejected!	
GOMF_JUN_KINASE_KINASE_KINASE_ACTIVITY	11		Rejected!	
GOMF_K48_LINKED_DEUBIQUITINASE_ACTIVITY	19		Rejected!	
GOMF_K48_LINKED_POLYUBIQUITIN_MODIFICATION_DEPENDENT_PROTEIN_BINDING	10		Rejected!	
GOMF_K63_LINKED_DEUBIQUITINASE_ACTIVITY	15	15		
GOMF_K63_LINKED_POLYUBIQUITIN_MODIFICATION_DEPENDENT_PROTEIN_BINDING	26	23		
GOMF_KAINATE_SELECTIVE_GLUTAMATE_RECEPTOR_ACTIVITY	5		Rejected!	
GOMF_KERATIN_FILAMENT_BINDING	6		Rejected!	
GOMF_KETOSTEROID_MONOOXYGENASE_ACTIVITY	5		Rejected!	
GOMF_KINASE_ACTIVATOR_ACTIVITY	142	132		
GOMF_KINASE_ACTIVITY	743		Rejected!	
GOMF_KINASE_BINDING	794		Rejected!	
GOMF_KINASE_INHIBITOR_ACTIVITY	80	73		
GOMF_KINASE_REGULATOR_ACTIVITY	278	257		
GOMF_KINESIN_BINDING	42	39		
GOMF_KINETOCHORE_BINDING	6		Rejected!	
GOMF_LACTATE_DEHYDROGENASE_ACTIVITY	6		Rejected!	
GOMF_LACTATE_TRANSMEMBRANE_TRANSPORTER_ACTIVITY	6		Rejected!	
GOMF_LAMININ_1_BINDING	7		Rejected!	
GOMF_LAMININ_BINDING	29	28		
GOMF_LAMIN_BINDING	16	16		
GOMF_LARGE_RIBOSOMAL_SUBUNIT_RRNA_BINDING	7		Rejected!	
GOMF_LBD_DOMAIN_BINDING	7		Rejected!	
GOMF_LEUCINE_ZIPPER_DOMAIN_BINDING	11		Rejected!	
GOMF_LEUKOTRIENE_C4_GAMMA_GLUTAMYL_TRANSFERASE_ACTIVITY	5		Rejected!	
GOMF_LEUKOTRIENE_C4_SYNTHASE_ACTIVITY	5		Rejected!	
GOMF_LIGAND_ACTIVATED_TRANSCRIPTION_FACTOR_ACTIVITY	53	53		
GOMF_LIGAND_GATED_CALCIUM_CHANNEL_ACTIVITY	31	29		
GOMF_LIGAND_GATED_CHANNEL_ACTIVITY	187	177		
GOMF_LIGAND_GATED_MONOATOMIC_ANION_CHANNEL_ACTIVITY	47	44		
GOMF_LIGAND_GATED_MONOATOMIC_CATION_CHANNEL_ACTIVITY	137	129		
GOMF_LIGAND_GATED_MONOATOMIC_ION_CHANNEL_ACTIVITY_INVOLVED_IN_REGULATION_OF_PRESYNAPTIC_MEMBRANE_POTENTIAL	16	16		
GOMF_LIGAND_GATED_SODIUM_CHANNEL_ACTIVITY	17	15		
GOMF_LIGASE_ACTIVITY	169	125		
GOMF_LIGASE_ACTIVITY_FORMING_CARBON_CARBON_BONDS	7		Rejected!	
GOMF_LIGASE_ACTIVITY_FORMING_CARBON_NITROGEN_BONDS	50	46		
GOMF_LIGASE_ACTIVITY_FORMING_CARBON_OXYGEN_BONDS	41	20		
GOMF_LIGASE_ACTIVITY_FORMING_CARBON_SULFUR_BONDS	41	41		
GOMF_LIGASE_ACTIVITY_FORMING_PHOSPHORIC_ESTER_BONDS	6		Rejected!	
GOMF_LIM_DOMAIN_BINDING	6		Rejected!	
GOMF_LIPASE_ACTIVATOR_ACTIVITY	21	21		
GOMF_LIPASE_ACTIVITY	134	123		
GOMF_LIPASE_BINDING	7		Rejected!	
GOMF_LIPASE_INHIBITOR_ACTIVITY	17	15		
GOMF_LIPID_ANTIGEN_BINDING	5		Rejected!	
GOMF_LIPID_BINDING	862		Rejected!	
GOMF_LIPID_KINASE_ACTIVITY	41	40		
GOMF_LIPID_PHOSPHATASE_ACTIVITY	19	18		
GOMF_LIPID_TRANSFER_ACTIVITY	56	50		
GOMF_LIPID_TRANSMEMBRANE_TRANSPORTER_ACTIVITY	56	54		
GOMF_LIPID_TRANSPORTER_ACTIVITY	167	158		
GOMF_LIPOPEPTIDE_BINDING	10		Rejected!	
GOMF_LIPOPOLYSACCHARIDE_BINDING	41	39		
GOMF_LIPOPOLYSACCHARIDE_IMMUNE_RECEPTOR_ACTIVITY	6		Rejected!	
GOMF_LIPOPROTEIN_LIPASE_ACTIVITY	9		Rejected!	
GOMF_LIPOPROTEIN_PARTICLE_RECEPTOR_ACTIVITY	18	18		
GOMF_LIPOPROTEIN_PARTICLE_RECEPTOR_BINDING	29	28		
GOMF_LIPOTEICHOIC_ACID_BINDING	5		Rejected!	
GOMF_LNCRNA_BINDING	26	17		
GOMF_LONG_CHAIN_FATTY_ACID_BINDING	17	17		
GOMF_LONG_CHAIN_FATTY_ACID_COA_LIGASE_ACTIVITY	15	15		
GOMF_LONG_CHAIN_FATTY_ACID_TRANSMEMBRANE_TRANSPORTER_ACTIVITY	16	16		
GOMF_LONG_CHAIN_FATTY_ACYL_COA_HYDROLASE_ACTIVITY	14		Rejected!	
GOMF_LOW_DENSITY_LIPOPROTEIN_PARTICLE_BINDING	17	17		
GOMF_LOW_DENSITY_LIPOPROTEIN_PARTICLE_RECEPTOR_ACTIVITY	15	15		
GOMF_LOW_DENSITY_LIPOPROTEIN_PARTICLE_RECEPTOR_BINDING	24	23		
GOMF_LRR_DOMAIN_BINDING	16	15		
GOMF_LYASE_ACTIVITY	202	186		
GOMF_LYSINE_N_ACETYLTRANSFERASE_ACTIVITY_ACTING_ON_ACETYL_PHOSPHATE_AS_DONOR	6		Rejected!	
GOMF_LYSINE_N_METHYLTRANSFERASE_ACTIVITY	66	51		
GOMF_LYSOPHOSPHATIDIC_ACID_BINDING	8		Rejected!	
GOMF_LYSOPHOSPHATIDIC_ACID_PHOSPHATASE_ACTIVITY	7		Rejected!	
GOMF_LYSOPHOSPHATIDIC_ACID_RECEPTOR_ACTIVITY	5		Rejected!	
GOMF_LYSOPHOSPHOLIPASE_ACTIVITY	26	24		
GOMF_LYSOPHOSPHOLIPID_ACYLTRANSFERASE_ACTIVITY	22	20		
GOMF_LYSOZYME_ACTIVITY	11		Rejected!	
GOMF_L_ALANINE_TRANSMEMBRANE_TRANSPORTER_ACTIVITY	9		Rejected!	
GOMF_L_AMINO_ACID_TRANSMEMBRANE_TRANSPORTER_ACTIVITY	66	63		
GOMF_L_ARGININE_TRANSMEMBRANE_TRANSPORTER_ACTIVITY	13		Rejected!	
GOMF_L_ASCORBIC_ACID_BINDING	20	20		
GOMF_L_ASPARTATE_TRANSMEMBRANE_TRANSPORTER_ACTIVITY	9		Rejected!	
GOMF_L_GLUTAMATE_TRANSMEMBRANE_TRANSPORTER_ACTIVITY	14		Rejected!	
GOMF_L_GLUTAMINE_TRANSMEMBRANE_TRANSPORTER_ACTIVITY	9		Rejected!	
GOMF_L_HISTIDINE_TRANSMEMBRANE_TRANSPORTER_ACTIVITY	5		Rejected!	
GOMF_L_LACTATE_DEHYDROGENASE_ACTIVITY	5		Rejected!	
GOMF_L_LEUCINE_BINDING	7		Rejected!	
GOMF_L_LEUCINE_TRANSMEMBRANE_TRANSPORTER_ACTIVITY	6		Rejected!	
GOMF_L_LYSINE_TRANSMEMBRANE_TRANSPORTER_ACTIVITY	9		Rejected!	
GOMF_L_ORNITHINE_TRANSMEMBRANE_TRANSPORTER_ACTIVITY	5		Rejected!	
GOMF_L_PROLINE_TRANSMEMBRANE_TRANSPORTER_ACTIVITY	7		Rejected!	
GOMF_L_SERINE_TRANSMEMBRANE_TRANSPORTER_ACTIVITY	9		Rejected!	
GOMF_MACROLIDE_BINDING	12		Rejected!	
GOMF_MACROMOLECULE_TRANSMEMBRANE_TRANSPORTER_ACTIVITY	32	30		
GOMF_MAGNESIUM_ION_BINDING	229	218		
GOMF_MAGNESIUM_ION_TRANSMEMBRANE_TRANSPORTER_ACTIVITY	18	18		
GOMF_MALATE_DEHYDROGENASE_ACTIVITY	8		Rejected!	
GOMF_MANGANESE_ION_BINDING	65	61		
GOMF_MANGANESE_ION_TRANSMEMBRANE_TRANSPORTER_ACTIVITY	9		Rejected!	
GOMF_MANNOSE_BINDING	25	25		
GOMF_MANNOSIDASE_ACTIVITY	15	15		
GOMF_MANNOSYLTRANSFERASE_ACTIVITY	25	22		
GOMF_MANNOSYL_OLIGOSACCHARIDE_1_2_ALPHA_MANNOSIDASE_ACTIVITY	7		Rejected!	
GOMF_MANNOSYL_OLIGOSACCHARIDE_MANNOSIDASE_ACTIVITY	9		Rejected!	
GOMF_MAP_KINASE_ACTIVITY	16	16		
GOMF_MAP_KINASE_KINASE_ACTIVITY	16	15		
GOMF_MAP_KINASE_KINASE_KINASE_ACTIVITY	26	24		
GOMF_MAP_KINASE_KINASE_KINASE_KINASE_ACTIVITY	6		Rejected!	
GOMF_MAP_KINASE_PHOSPHATASE_ACTIVITY	18	15		
GOMF_MAP_KINASE_SCAFFOLD_ACTIVITY	12		Rejected!	
GOMF_MAP_KINASE_TYROSINE_SERINE_THREONINE_PHOSPHATASE_ACTIVITY	13		Rejected!	
GOMF_MDM2_MDM4_FAMILY_PROTEIN_BINDING	11		Rejected!	
GOMF_MECHANOSENSITIVE_MONOATOMIC_CATION_CHANNEL_ACTIVITY	7		Rejected!	
GOMF_MECHANOSENSITIVE_MONOATOMIC_ION_CHANNEL_ACTIVITY	18	16		
GOMF_MEDIUM_CHAIN_FATTY_ACID_COA_LIGASE_ACTIVITY	10		Rejected!	
GOMF_MELANOCORTIN_RECEPTOR_ACTIVITY	6		Rejected!	
GOMF_MELANOCORTIN_RECEPTOR_BINDING	5		Rejected!	
GOMF_MEMBRANE_INSERTASE_ACTIVITY	17	15		
GOMF_MEMBRANE_POTENTIAL_DRIVEN_UNIPORTER_ACTIVITY	5		Rejected!	
GOMF_METALLOAMINOPEPTIDASE_ACTIVITY	26	24		
GOMF_METALLOCARBOXYPEPTIDASE_ACTIVITY	31	30		
GOMF_METALLOCHAPERONE_ACTIVITY	14		Rejected!	
GOMF_METALLODIPEPTIDASE_ACTIVITY	8		Rejected!	
GOMF_METALLOENDOPEPTIDASE_ACTIVITY	111	105		
GOMF_METALLOENDOPEPTIDASE_INHIBITOR_ACTIVITY	14		Rejected!	
GOMF_METALLOEXOPEPTIDASE_ACTIVITY	68	65		
GOMF_METALLOPEPTIDASE_ACTIVITY	189	179		
GOMF_METAL_CATION_MONOATOMIC_CATION_ANTIPORTER_ACTIVITY	42	42		
GOMF_METAL_CATION_PROTON_ANTIPORTER_ACTIVITY	26	26		
GOMF_METAL_CLUSTER_BINDING	75	68		
GOMF_METAL_DEPENDENT_DEUBIQUITINASE_ACTIVITY	12		Rejected!	
GOMF_METAL_ION_SENSOR_ACTIVITY	8		Rejected!	
GOMF_METAL_ION_SEQUESTERING_ACTIVITY	5		Rejected!	
GOMF_METAL_ION_TRANSMEMBRANE_TRANSPORTER_ACTIVITY	451	440		
GOMF_METHYLATION_DEPENDENT_PROTEIN_BINDING	83	76		
GOMF_METHYL_CPG_BINDING	31	27		
GOMF_MHC_CLASS_IB_PROTEIN_BINDING	8		Rejected!	
GOMF_MHC_CLASS_IB_RECEPTOR_ACTIVITY	8		Rejected!	
GOMF_MHC_CLASS_II_PROTEIN_BINDING	7		Rejected!	
GOMF_MHC_CLASS_II_PROTEIN_COMPLEX_BINDING	27	25		
GOMF_MHC_CLASS_II_RECEPTOR_ACTIVITY	10		Rejected!	
GOMF_MHC_CLASS_I_PROTEIN_BINDING	20	16		
GOMF_MHC_CLASS_I_PROTEIN_COMPLEX_BINDING	7		Rejected!	
GOMF_MHC_CLASS_I_RECEPTOR_ACTIVITY	15		Rejected!	
GOMF_MHC_PROTEIN_BINDING	42	28		
GOMF_MHC_PROTEIN_COMPLEX_BINDING	37	34		
GOMF_MICROFIBRIL_BINDING	6		Rejected!	
GOMF_MICROFILAMENT_MOTOR_ACTIVITY	37	37		
GOMF_MICROTUBULE_BINDING	281	257		
GOMF_MICROTUBULE_MINUS_END_BINDING	14		Rejected!	
GOMF_MICROTUBULE_MOTOR_ACTIVITY	69	62		
GOMF_MICROTUBULE_PLUS_END_BINDING	21	21		
GOMF_MICROTUBULE_SEVERING_ATPASE_ACTIVITY	9		Rejected!	
GOMF_MINOR_GROOVE_OF_ADENINE_THYMINE_RICH_DNA_BINDING	10		Rejected!	
GOMF_MINUS_END_DIRECTED_MICROTUBULE_MOTOR_ACTIVITY	17	16		
GOMF_MIRNA_BINDING	41	34		
GOMF_MIRNA_INHIBITOR_ACTIVITY_VIA_BASE_PAIRING	8		Rejected!	
GOMF_MISFOLDED_PROTEIN_BINDING	16	16		
GOMF_MISMATCHED_DNA_BINDING	14		Rejected!	
GOMF_MISMATCH_REPAIR_COMPLEX_BINDING	11		Rejected!	
GOMF_MITOCHONDRIAL_RIBOSOME_BINDING	9		Rejected!	
GOMF_MITOCHONDRION_TARGETING_SEQUENCE_BINDING	6		Rejected!	
GOMF_MITOGEN_ACTIVATED_PROTEIN_KINASE_BINDING	29	29		
GOMF_MITOGEN_ACTIVATED_PROTEIN_KINASE_KINASE_BINDING	10		Rejected!	
GOMF_MITOGEN_ACTIVATED_PROTEIN_KINASE_KINASE_KINASE_BINDING	16	15		
GOMF_MITOGEN_ACTIVATED_PROTEIN_KINASE_P38_BINDING	7		Rejected!	
GOMF_MODIFICATION_DEPENDENT_PROTEIN_BINDING	189	171		
GOMF_MODIFIED_AMINO_ACID_BINDING	104	94		
GOMF_MODIFIED_AMINO_ACID_TRANSMEMBRANE_TRANSPORTER_ACTIVITY	32	30		
GOMF_MOLECULAR_ADAPTOR_ACTIVITY	1175		Rejected!	
GOMF_MOLECULAR_CARRIER_ACTIVITY	96	91		
GOMF_MOLECULAR_CONDENSATE_SCAFFOLD_ACTIVITY	41	37		
GOMF_MOLECULAR_FUNCTION_ACTIVATOR_ACTIVITY	1149		Rejected!	
GOMF_MOLECULAR_FUNCTION_INHIBITOR_ACTIVITY	517	472		
GOMF_MOLECULAR_SEQUESTERING_ACTIVITY	49	46		
GOMF_MOLECULAR_TAG_ACTIVITY	13		Rejected!	
GOMF_MOLECULAR_TRANSDUCER_ACTIVITY	1534		Rejected!	
GOMF_MOLYBDOPTERIN_COFACTOR_BINDING	6		Rejected!	
GOMF_MONOAMINE_TRANSMEMBRANE_TRANSPORTER_ACTIVITY	12		Rejected!	
GOMF_MONOATOMIC_ANION_CHANNEL_ACTIVITY	98	94		
GOMF_MONOATOMIC_ANION_MONOATOMIC_CATION_SYMPORTER_ACTIVITY	25	25		
GOMF_MONOATOMIC_ANION_SODIUM_SYMPORTER_ACTIVITY	18	18		
GOMF_MONOATOMIC_ANION_TRANSMEMBRANE_TRANSPORTER_ACTIVITY	144	137		
GOMF_MONOATOMIC_CATION_BICARBONATE_SYMPORTER_ACTIVITY	13		Rejected!	
GOMF_MONOATOMIC_CATION_CHANNEL_ACTIVITY	336	303		
GOMF_MONOATOMIC_CATION_TRANSMEMBRANE_TRANSPORTER_ACTIVITY	649		Rejected!	
GOMF_MONOATOMIC_ION_GATED_CHANNEL_ACTIVITY	30	29		
GOMF_MONOATOMIC_ION_TRANSMEMBRANE_TRANSPORTER_ACTIVITY	769		Rejected!	
GOMF_MONOCARBOXYLATE_SODIUM_SYMPORTER_ACTIVITY	15	15		
GOMF_MONOCARBOXYLIC_ACID_BINDING	87	86		
GOMF_MONOCARBOXYLIC_ACID_TRANSMEMBRANE_TRANSPORTER_ACTIVITY	73	71		
GOMF_MONOOXYGENASE_ACTIVITY	105	102		
GOMF_MONOSACCHARIDE_BINDING	74	74		
GOMF_MORPHOGEN_ACTIVITY	8		Rejected!	
GOMF_MRF_BINDING	5		Rejected!	
GOMF_MRNA_3_UTR_AU_RICH_REGION_BINDING	29	29		
GOMF_MRNA_3_UTR_BINDING	259	106		
GOMF_MRNA_5_UTR_BINDING	24	24		
GOMF_MRNA_BINDING	647	327		
GOMF_MRNA_CDS_BINDING	5		Rejected!	
GOMF_MRNA_METHYLTRANSFERASE_ACTIVITY	13		Rejected!	
GOMF_MRNA_REGULATORY_ELEMENT_BINDING_TRANSLATION_REPRESSOR_ACTIVITY	16		Rejected!	
GOMF_MUSCLE_ALPHA_ACTININ_BINDING	15	15		
GOMF_MUTLALPHA_COMPLEX_BINDING	7		Rejected!	
GOMF_MUTSALPHA_COMPLEX_BINDING	7		Rejected!	
GOMF_MYOSIN_BINDING	75	72		
GOMF_MYOSIN_HEAVY_CHAIN_BINDING	13		Rejected!	
GOMF_MYOSIN_II_BINDING	13		Rejected!	
GOMF_MYOSIN_LIGHT_CHAIN_BINDING	8		Rejected!	
GOMF_MYOSIN_PHOSPHATASE_ACTIVITY	83	70		
GOMF_MYOSIN_V_BINDING	17	17		
GOMF_MYRISTOYLTRANSFERASE_ACTIVITY	11		Rejected!	
GOMF_N6_METHYLADENOSINE_CONTAINING_RNA_READER_ACTIVITY	12		Rejected!	
GOMF_NAADP_SENSITIVE_CALCIUM_RELEASE_CHANNEL_ACTIVITY	5		Rejected!	
GOMF_NADH_DEHYDROGENASE_ACTIVITY	12		Rejected!	
GOMF_NADH_DEHYDROGENASE_UBIQUINONE_ACTIVITY	41	31		
GOMF_NADPH_BINDING	17	16		
GOMF_NADPH_OXIDASE_H202_FORMING_ACTIVITY	5		Rejected!	
GOMF_NADPLUS_BINDING	18	18		
GOMF_NADPLUS_NUCLEOSIDASE_ACTIVITY	11		Rejected!	
GOMF_NADPLUS_NUCLEOTIDASE_CYCLIC_ADP_RIBOSE_GENERATING	16	16		
GOMF_NADPLUS_PROTEIN_ADP_RIBOSYLTRANSFERASE_ACTIVITY	28	28		
GOMF_NADPLUS_PROTEIN_ARGININE_ADP_RIBOSYLTRANSFERASE_ACTIVITY	6		Rejected!	
GOMF_NADPLUS_PROTEIN_ASPARTATE_ADP_RIBOSYLTRANSFERASE_ACTIVITY	5		Rejected!	
GOMF_NADPLUS_PROTEIN_CYSTEINE_ADP_RIBOSYLTRANSFERASE_ACTIVITY	6		Rejected!	
GOMF_NADPLUS_PROTEIN_LYSINE_ADP_RIBOSYLTRANSFERASE_ACTIVITY	5		Rejected!	
GOMF_NADP_BINDING	54	53		
GOMF_NAD_BINDING	56	56		
GOMF_NAD_DEPENDENT_HISTONE_DEACETYLASE_ACTIVITY	5		Rejected!	
GOMF_NAD_DEPENDENT_PROTEIN_LYSINE_DEACETYLASE_ACTIVITY	7		Rejected!	
GOMF_NAD_P_H_DEHYDROGENASE_QUINONE_ACTIVITY	5		Rejected!	
GOMF_NAD_P_H_OXIDASE_H2O2_FORMING_ACTIVITY	9		Rejected!	
GOMF_NAD_TRANSMEMBRANE_TRANSPORTER_ACTIVITY	5		Rejected!	
GOMF_NARROW_PORE_CHANNEL_ACTIVITY	19	19		
GOMF_NATURAL_KILLER_CELL_LECTIN_LIKE_RECEPTOR_BINDING	8		Rejected!	
GOMF_NEDD8_TRANSFERASE_ACTIVITY	7		Rejected!	
GOMF_NERVE_GROWTH_FACTOR_BINDING	6		Rejected!	
GOMF_NERVE_GROWTH_FACTOR_RECEPTOR_BINDING	5		Rejected!	
GOMF_NETRIN_RECEPTOR_ACTIVITY	5		Rejected!	
GOMF_NEUREGULIN_BINDING	5		Rejected!	
GOMF_NEUREXIN_FAMILY_PROTEIN_BINDING	15	15		
GOMF_NEUROLIGIN_FAMILY_PROTEIN_BINDING	5		Rejected!	
GOMF_NEUROPEPTIDE_ACTIVITY	30	28		
GOMF_NEUROPEPTIDE_BINDING	33	31		
GOMF_NEUROPEPTIDE_RECEPTOR_ACTIVITY	48	47		
GOMF_NEUROPEPTIDE_RECEPTOR_BINDING	36	33		
GOMF_NEUROPEPTIDE_Y_RECEPTOR_ACTIVITY	11		Rejected!	
GOMF_NEUROTRANSMITTER_RECEPTOR_ACTIVITY	97	95		
GOMF_NEUROTRANSMITTER_RECEPTOR_ACTIVITY_INVOLVED_IN_REGULATION_OF_POSTSYNAPTIC_MEMBRANE_POTENTIAL	55	54		
GOMF_NEUROTRANSMITTER_RECEPTOR_REGULATOR_ACTIVITY	16		Rejected!	
GOMF_NEUROTRANSMITTER_TRANSMEMBRANE_TRANSPORTER_ACTIVITY	21	21		
GOMF_NEUROTROPHIN_BINDING	10		Rejected!	
GOMF_NEUROTROPHIN_RECEPTOR_ACTIVITY	5		Rejected!	
GOMF_NEUROTROPHIN_RECEPTOR_BINDING	12		Rejected!	
GOMF_NEUROTROPHIN_TRK_RECEPTOR_BINDING	6		Rejected!	
GOMF_NEUTRAL_L_AMINO_ACID_SODIUM_SYMPORTER_ACTIVITY	8		Rejected!	
GOMF_NEUTRAL_L_AMINO_ACID_TRANSMEMBRANE_TRANSPORTER_ACTIVITY	42	42		
GOMF_NFAT_PROTEIN_BINDING	6		Rejected!	
GOMF_NF_KAPPAB_BINDING	29	28		
GOMF_NITRIC_OXIDE_SYNTHASE_BINDING	11		Rejected!	
GOMF_NITRIC_OXIDE_SYNTHASE_REGULATOR_ACTIVITY	7		Rejected!	
GOMF_NITRITE_REDUCTASE_ACTIVITY	9		Rejected!	
GOMF_NMDA_GLUTAMATE_RECEPTOR_ACTIVITY	7		Rejected!	
GOMF_NODAL_BINDING	6		Rejected!	
GOMF_NON_MEMBRANE_SPANNING_PROTEIN_TYROSINE_KINASE_ACTIVITY	45	42		
GOMF_NON_MEMBRANE_SPANNING_PROTEIN_TYROSINE_PHOSPHATASE_ACTIVITY	12		Rejected!	
GOMF_NOTCH_BINDING	26	22		
GOMF_NUCLEAR_ANDROGEN_RECEPTOR_BINDING	26	26		
GOMF_NUCLEAR_ESTROGEN_RECEPTOR_BINDING	39	37		
GOMF_NUCLEAR_EXPORT_SIGNAL_RECEPTOR_ACTIVITY	12		Rejected!	
GOMF_NUCLEAR_GLUCOCORTICOID_RECEPTOR_BINDING	12		Rejected!	
GOMF_NUCLEAR_IMPORT_SIGNAL_RECEPTOR_ACTIVITY	20	19		
GOMF_NUCLEAR_LOCALIZATION_SEQUENCE_BINDING	25	21		
GOMF_NUCLEAR_RECEPTOR_BINDING	136	134		
GOMF_NUCLEAR_RECEPTOR_COACTIVATOR_ACTIVITY	55	53		
GOMF_NUCLEAR_RETINOIC_ACID_RECEPTOR_BINDING	25	25		
GOMF_NUCLEAR_RETINOID_X_RECEPTOR_BINDING	17	17		
GOMF_NUCLEAR_STEROID_RECEPTOR_ACTIVITY	25	25		
GOMF_NUCLEAR_THYROID_HORMONE_RECEPTOR_BINDING	28	28		
GOMF_NUCLEAR_VITAMIN_D_RECEPTOR_BINDING	15	15		
GOMF_NUCLEASE_ACTIVITY	219	200		
GOMF_NUCLEASE_INHIBITOR_ACTIVITY	6		Rejected!	
GOMF_NUCLEOBASE_CONTAINING_COMPOUND_KINASE_ACTIVITY	43	41		
GOMF_NUCLEOBASE_CONTAINING_COMPOUND_TRANSMEMBRANE_TRANSPORTER_ACTIVITY	57	54		
GOMF_NUCLEOBASE_TRANSMEMBRANE_TRANSPORTER_ACTIVITY	11		Rejected!	
GOMF_NUCLEOCYTOPLASMIC_CARRIER_ACTIVITY	32	30		
GOMF_NUCLEOSIDE_BINDING	8		Rejected!	
GOMF_NUCLEOSIDE_DIPHOSPHATE_KINASE_ACTIVITY	18	17		
GOMF_NUCLEOSIDE_DIPHOSPHATE_PHOSPHATASE_ACTIVITY	17	17		
GOMF_NUCLEOSIDE_KINASE_ACTIVITY	9		Rejected!	
GOMF_NUCLEOSIDE_MONOPHOSPHATE_KINASE_ACTIVITY	21	20		
GOMF_NUCLEOSIDE_TRANSMEMBRANE_TRANSPORTER_ACTIVITY	10		Rejected!	
GOMF_NUCLEOSIDE_TRIPHOSPHATASE_REGULATOR_ACTIVITY	491	456		
GOMF_NUCLEOSIDE_TRIPHOSPHATE_DIPHOSPHATASE_ACTIVITY	10		Rejected!	
GOMF_NUCLEOSOMAL_DNA_BINDING	67	23		
GOMF_NUCLEOSOME_BINDING	98	52		
GOMF_NUCLEOTIDASE_ACTIVITY	15		Rejected!	
GOMF_NUCLEOTIDE_RECEPTOR_ACTIVITY	20	18		
GOMF_NUCLEOTIDE_SUGAR_TRANSMEMBRANE_TRANSPORTER_ACTIVITY	13		Rejected!	
GOMF_NUCLEOTIDE_TRANSMEMBRANE_TRANSPORTER_ACTIVITY	33	31		
GOMF_NUCLEOTIDYLTRANSFERASE_ACTIVITY	142	125		
GOMF_N_ACETYLGALACTOSAMINE_4_O_SULFOTRANSFERASE_ACTIVITY	5		Rejected!	
GOMF_N_ACETYLGLUCOSAMINE_6_O_SULFOTRANSFERASE_ACTIVITY	7		Rejected!	
GOMF_N_ACETYLLACTOSAMINE_SYNTHASE_ACTIVITY	5		Rejected!	
GOMF_N_ACETYLLACTOSAMINIDE_BETA_1_3_N_ACETYLGLUCOSAMINYLTRANSFERASE_ACTIVITY	6		Rejected!	
GOMF_N_ACETYLTRANSFERASE_ACTIVITY	71	66		
GOMF_N_ACYLSPHINGOSINE_AMIDOHYDROLASE_ACTIVITY	7		Rejected!	
GOMF_N_ACYLTRANSFERASE_ACTIVITY	97	84		
GOMF_N_FORMYL_PEPTIDE_RECEPTOR_ACTIVITY	5		Rejected!	
GOMF_N_METHYLTRANSFERASE_ACTIVITY	102	83		
GOMF_N_N_DIMETHYLANILINE_MONOOXYGENASE_ACTIVITY	5		Rejected!	
GOMF_ODORANT_BINDING	122	105		
GOMF_OLEATE_TRANSMEMBRANE_TRANSPORTER_ACTIVITY	6		Rejected!	
GOMF_OLFACTORY_RECEPTOR_ACTIVITY	429	368		
GOMF_OLFACTORY_RECEPTOR_BINDING	6		Rejected!	
GOMF_OLIGOPEPTIDE_BINDING	11		Rejected!	
GOMF_OLIGOPEPTIDE_TRANSMEMBRANE_TRANSPORTER_ACTIVITY	14		Rejected!	
GOMF_OLIGOSACCHARIDE_BINDING	17	17		
GOMF_OLIGOSACCHARYL_TRANSFERASE_ACTIVITY	5		Rejected!	
GOMF_OMEGA_PEPTIDASE_ACTIVITY	16		Rejected!	
GOMF_OPIOID_RECEPTOR_BINDING	7		Rejected!	
GOMF_OPSIN_BINDING	5		Rejected!	
GOMF_OPSONIN_BINDING	21	20		
GOMF_OPSONIN_RECEPTOR_ACTIVITY	5		Rejected!	
GOMF_ORGANIC_ACID_BINDING	207	195		
GOMF_ORGANIC_ACID_SODIUM_SYMPORTER_ACTIVITY	35	35		
GOMF_ORGANIC_ACID_TRANSMEMBRANE_TRANSPORTER_ACTIVITY	187	179		
GOMF_ORGANIC_ANION_TRANSMEMBRANE_TRANSPORTER_ACTIVITY	270	261		
GOMF_ORGANIC_CATION_TRANSMEMBRANE_TRANSPORTER_ACTIVITY	80	77		
GOMF_ORGANIC_HYDROXY_COMPOUND_TRANSMEMBRANE_TRANSPORTER_ACTIVITY	55	52		
GOMF_ORGANOPHOSPHATE_ESTER_TRANSMEMBRANE_TRANSPORTER_ACTIVITY	39	37		
GOMF_ORGANOPHOSPHATE_PHOSPHATE_ANTIPORTER_ACTIVITY	7		Rejected!	
GOMF_ORNITHINE_DECARBOXYLASE_REGULATOR_ACTIVITY	5		Rejected!	
GOMF_OSMOSENSOR_ACTIVITY	5		Rejected!	
GOMF_OUTWARD_RECTIFIER_POTASSIUM_CHANNEL_ACTIVITY	27	27		
GOMF_OXALATE_TRANSMEMBRANE_TRANSPORTER_ACTIVITY	10		Rejected!	
GOMF_OXIDATIVE_PHOSPHORYLATION_UNCOUPLER_ACTIVITY	5		Rejected!	
GOMF_OXIDATIVE_RNA_DEMETHYLASE_ACTIVITY	5		Rejected!	
GOMF_OXIDIZED_DNA_BINDING	11		Rejected!	
GOMF_OXIDOREDUCTASE_ACTIVITY	732		Rejected!	
GOMF_OXIDOREDUCTASE_ACTIVITY_ACTING_ON_A_HEME_GROUP_OF_DONORS	17		Rejected!	
GOMF_OXIDOREDUCTASE_ACTIVITY_ACTING_ON_A_SULFUR_GROUP_OF_DONORS	56	53		
GOMF_OXIDOREDUCTASE_ACTIVITY_ACTING_ON_A_SULFUR_GROUP_OF_DONORS_DISULFIDE_AS_ACCEPTOR	9		Rejected!	
GOMF_OXIDOREDUCTASE_ACTIVITY_ACTING_ON_A_SULFUR_GROUP_OF_DONORS_NAD_P_AS_ACCEPTOR	12		Rejected!	
GOMF_OXIDOREDUCTASE_ACTIVITY_ACTING_ON_A_SULFUR_GROUP_OF_DONORS_OXYGEN_AS_ACCEPTOR	11		Rejected!	
GOMF_OXIDOREDUCTASE_ACTIVITY_ACTING_ON_CH_OH_GROUP_OF_DONORS	135	127		
GOMF_OXIDOREDUCTASE_ACTIVITY_ACTING_ON_CH_OR_CH2_GROUPS	11		Rejected!	
GOMF_OXIDOREDUCTASE_ACTIVITY_ACTING_ON_CH_OR_CH2_GROUPS_DISULFIDE_AS_ACCEPTOR	5		Rejected!	
GOMF_OXIDOREDUCTASE_ACTIVITY_ACTING_ON_DIPHENOLS_AND_RELATED_SUBSTANCES_AS_DONORS	10		Rejected!	
GOMF_OXIDOREDUCTASE_ACTIVITY_ACTING_ON_METAL_IONS	17	15		
GOMF_OXIDOREDUCTASE_ACTIVITY_ACTING_ON_METAL_IONS_NAD_OR_NADP_AS_ACCEPTOR	6		Rejected!	
GOMF_OXIDOREDUCTASE_ACTIVITY_ACTING_ON_METAL_IONS_OXYGEN_AS_ACCEPTOR	6		Rejected!	
GOMF_OXIDOREDUCTASE_ACTIVITY_ACTING_ON_NAD_P_H	87	77		
GOMF_OXIDOREDUCTASE_ACTIVITY_ACTING_ON_NAD_P_H_HEME_PROTEIN_AS_ACCEPTOR	10		Rejected!	
GOMF_OXIDOREDUCTASE_ACTIVITY_ACTING_ON_NAD_P_H_OXYGEN_AS_ACCEPTOR	16	16		
GOMF_OXIDOREDUCTASE_ACTIVITY_ACTING_ON_NAD_P_H_QUINONE_OR_SIMILAR_COMPOUND_AS_ACCEPTOR	58	48		
GOMF_OXIDOREDUCTASE_ACTIVITY_ACTING_ON_OTHER_NITROGENOUS_COMPOUNDS_AS_DONORS	14		Rejected!	
GOMF_OXIDOREDUCTASE_ACTIVITY_ACTING_ON_OTHER_NITROGENOUS_COMPOUNDS_AS_DONORS_CYTOCHROME_AS_ACCEPTOR	5		Rejected!	
GOMF_OXIDOREDUCTASE_ACTIVITY_ACTING_ON_PAIRED_DONORS_WITH_INCORPORATION_OR_REDUCTION_OF_MOLECULAR_OXYGEN	179	166		
GOMF_OXIDOREDUCTASE_ACTIVITY_ACTING_ON_PAIRED_DONORS_WITH_INCORPORATION_OR_REDUCTION_OF_MOLECULAR_OXYGEN_ANOTHER_COMPOUND_AS_ONE_DONOR_AND_INCORPORATION_OF_ONE_ATOM_OF_OXYGEN	7		Rejected!	
GOMF_OXIDOREDUCTASE_ACTIVITY_ACTING_ON_PAIRED_DONORS_WITH_INCORPORATION_OR_REDUCTION_OF_MOLECULAR_OXYGEN_NAD_P_H_AS_ONE_DONOR_AND_INCORPORATION_OF_ONE_ATOM_OF_OXYGEN	38	38		
GOMF_OXIDOREDUCTASE_ACTIVITY_ACTING_ON_PAIRED_DONORS_WITH_INCORPORATION_OR_REDUCTION_OF_MOLECULAR_OXYGEN_REDUCED_ASCORBATE_AS_ONE_DONOR_AND_INCORPORATION_OF_ONE_ATOM_OF_OXYGEN	5		Rejected!	
GOMF_OXIDOREDUCTASE_ACTIVITY_ACTING_ON_PAIRED_DONORS_WITH_INCORPORATION_OR_REDUCTION_OF_MOLECULAR_OXYGEN_REDUCED_FLAVIN_OR_FLAVOPROTEIN_AS_ONE_DONOR_AND_INCORPORATION_OF_ONE_ATOM_OF_OXYGEN	43	43		
GOMF_OXIDOREDUCTASE_ACTIVITY_ACTING_ON_PAIRED_DONORS_WITH_INCORPORATION_OR_REDUCTION_OF_MOLECULAR_OXYGEN_REDUCED_IRON_SULFUR_PROTEIN_AS_ONE_DONOR_AND_INCORPORATION_OF_ONE_ATOM_OF_OXYGEN	9		Rejected!	
GOMF_OXIDOREDUCTASE_ACTIVITY_ACTING_ON_PAIRED_DONORS_WITH_INCORPORATION_OR_REDUCTION_OF_MOLECULAR_OXYGEN_REDUCED_PTERIDINE_AS_ONE_DONOR_AND_INCORPORATION_OF_ONE_ATOM_OF_OXYGEN	7		Rejected!	
GOMF_OXIDOREDUCTASE_ACTIVITY_ACTING_ON_PAIRED_DONORS_WITH_OXIDATION_OF_A_PAIR_OF_DONORS_RESULTING_IN_THE_REDUCTION_OF_MOLECULAR_OXYGEN_TO_TWO_MOLECULES_OF_WATER	11		Rejected!	
GOMF_OXIDOREDUCTASE_ACTIVITY_ACTING_ON_PEROXIDE_AS_ACCEPTOR	59	57		
GOMF_OXIDOREDUCTASE_ACTIVITY_ACTING_ON_SINGLE_DONORS_WITH_INCORPORATION_OF_MOLECULAR_OXYGEN	25	25		
GOMF_OXIDOREDUCTASE_ACTIVITY_ACTING_ON_THE_ALDEHYDE_OR_OXO_GROUP_OF_DONORS	49	49		
GOMF_OXIDOREDUCTASE_ACTIVITY_ACTING_ON_THE_ALDEHYDE_OR_OXO_GROUP_OF_DONORS_DISULFIDE_AS_ACCEPTOR	9		Rejected!	
GOMF_OXIDOREDUCTASE_ACTIVITY_ACTING_ON_THE_CH_CH_GROUP_OF_DONORS	60	57		
GOMF_OXIDOREDUCTASE_ACTIVITY_ACTING_ON_THE_CH_CH_GROUP_OF_DONORS_NAD_OR_NADP_AS_ACCEPTOR	32	31		
GOMF_OXIDOREDUCTASE_ACTIVITY_ACTING_ON_THE_CH_CH_GROUP_OF_DONORS_OXYGEN_AS_ACCEPTOR	10		Rejected!	
GOMF_OXIDOREDUCTASE_ACTIVITY_ACTING_ON_THE_CH_CH_GROUP_OF_DONORS_WITH_A_FLAVIN_AS_ACCEPTOR	13		Rejected!	
GOMF_OXIDOREDUCTASE_ACTIVITY_ACTING_ON_THE_CH_NH2_GROUP_OF_DONORS	20	20		
GOMF_OXIDOREDUCTASE_ACTIVITY_ACTING_ON_THE_CH_NH2_GROUP_OF_DONORS_OXYGEN_AS_ACCEPTOR	16	16		
GOMF_OXIDOREDUCTASE_ACTIVITY_ACTING_ON_THE_CH_NH_GROUP_OF_DONORS	28	24		
GOMF_OXIDOREDUCTASE_ACTIVITY_ACTING_ON_THE_CH_NH_GROUP_OF_DONORS_NAD_OR_NADP_AS_ACCEPTOR	18		Rejected!	
GOMF_OXIDOREDUCTION_DRIVEN_ACTIVE_TRANSMEMBRANE_TRANSPORTER_ACTIVITY	68	50		
GOMF_OXO_ACID_LYASE_ACTIVITY	7		Rejected!	
GOMF_OXYGEN_BINDING	34	32		
GOMF_OXYGEN_CARRIER_ACTIVITY	14		Rejected!	
GOMF_OXYGEN_SENSOR_ACTIVITY	5		Rejected!	
GOMF_OXYSTEROL_BINDING	16	16		
GOMF_O_ACETYLTRANSFERASE_ACTIVITY	9		Rejected!	
GOMF_O_ACYLTRANSFERASE_ACTIVITY	56	52		
GOMF_O_METHYLTRANSFERASE_ACTIVITY	23	23		
GOMF_O_PALMITOYLTRANSFERASE_ACTIVITY	5		Rejected!	
GOMF_P53_BINDING	67	64		
GOMF_PALMITOYLTRANSFERASE_ACTIVITY	37	35		
GOMF_PALMITOYL_HYDROLASE_ACTIVITY	14		Rejected!	
GOMF_PASSIVE_TRANSMEMBRANE_TRANSPORTER_ACTIVITY	508	469		
GOMF_PATCHED_BINDING	8		Rejected!	
GOMF_PATTERN_RECOGNITION_RECEPTOR_ACTIVITY	34	33		
GOMF_PDZ_DOMAIN_BINDING	86	78		
GOMF_PENTOSYLTRANSFERASE_ACTIVITY	54	51		
GOMF_PEPTIDASE_ACTIVATOR_ACTIVITY	58	56		
GOMF_PEPTIDASE_ACTIVATOR_ACTIVITY_INVOLVED_IN_APOPTOTIC_PROCESS	24	23		
GOMF_PEPTIDASE_ACTIVITY	616		Rejected!	
GOMF_PEPTIDASE_REGULATOR_ACTIVITY	233	220		
GOMF_PEPTIDE_ALPHA_N_ACETYLTRANSFERASE_ACTIVITY	8		Rejected!	
GOMF_PEPTIDE_ANTIGEN_BINDING	49	35		
GOMF_PEPTIDE_BINDING	270	246		
GOMF_PEPTIDE_HORMONE_BINDING	50	48		
GOMF_PEPTIDE_HORMONE_RECEPTOR_BINDING	20	20		
GOMF_PEPTIDE_LYSINE_N_ACETYLTRANSFERASE_ACTIVITY	49	46		
GOMF_PEPTIDE_N_ACETYLTRANSFERASE_ACTIVITY	54	50		
GOMF_PEPTIDE_RECEPTOR_ACTIVITY	132	128		
GOMF_PEPTIDE_TRANSMEMBRANE_TRANSPORTER_ACTIVITY	9		Rejected!	
GOMF_PEPTIDOGLYCAN_BINDING	19	18		
GOMF_PEPTIDOGLYCAN_IMMUNE_RECEPTOR_ACTIVITY	5		Rejected!	
GOMF_PEPTIDOGLYCAN_MURALYTIC_ACTIVITY	15	15		
GOMF_PEPTIDYL_PROLINE_4_DIOXYGENASE_ACTIVITY	8		Rejected!	
GOMF_PEPTIDYL_PROLINE_DIOXYGENASE_ACTIVITY	12		Rejected!	
GOMF_PEROXIREDOXIN_ACTIVITY	8		Rejected!	
GOMF_PEROXISOME_PROLIFERATOR_ACTIVATED_RECEPTOR_BINDING	10		Rejected!	
GOMF_PEROXISOME_TARGETING_SEQUENCE_BINDING	5		Rejected!	
GOMF_PHEROMONE_RECEPTOR_ACTIVITY	6		Rejected!	
GOMF_PHOSPHATASE_ACTIVATOR_ACTIVITY	20	18		
GOMF_PHOSPHATASE_ACTIVITY	278	251		
GOMF_PHOSPHATASE_BINDING	189	176		
GOMF_PHOSPHATASE_INHIBITOR_ACTIVITY	49	37		
GOMF_PHOSPHATASE_REGULATOR_ACTIVITY	107	92		
GOMF_PHOSPHATE_ION_BINDING	12		Rejected!	
GOMF_PHOSPHATE_TRANSMEMBRANE_TRANSPORTER_ACTIVITY	16	16		
GOMF_PHOSPHATIDATE_PHOSPHATASE_ACTIVITY	14		Rejected!	
GOMF_PHOSPHATIDIC_ACID_BINDING	23	19		
GOMF_PHOSPHATIDIC_ACID_TRANSFER_ACTIVITY	7		Rejected!	
GOMF_PHOSPHATIDYLCHOLINE_BINDING	31	30		
GOMF_PHOSPHATIDYLCHOLINE_FLIPPASE_ACTIVITY	5		Rejected!	
GOMF_PHOSPHATIDYLCHOLINE_FLOPPASE_ACTIVITY	8		Rejected!	
GOMF_PHOSPHATIDYLCHOLINE_STEROL_O_ACYLTRANSFERASE_ACTIVATOR_ACTIVITY	6		Rejected!	
GOMF_PHOSPHATIDYLCHOLINE_TRANSFER_ACTIVITY	5		Rejected!	
GOMF_PHOSPHATIDYLCHOLINE_TRANSPORTER_ACTIVITY	18	18		
GOMF_PHOSPHATIDYLETHANOLAMINE_BINDING	17	16		
GOMF_PHOSPHATIDYLETHANOLAMINE_FLIPPASE_ACTIVITY	6		Rejected!	
GOMF_PHOSPHATIDYLGLYCEROL_BINDING	15		Rejected!	
GOMF_PHOSPHATIDYLINOSITOL_3_4_5_TRISPHOSPHATE_3_PHOSPHATASE_ACTIVITY	5		Rejected!	
GOMF_PHOSPHATIDYLINOSITOL_3_4_5_TRISPHOSPHATE_5_PHOSPHATASE_ACTIVITY	7		Rejected!	
GOMF_PHOSPHATIDYLINOSITOL_3_4_5_TRISPHOSPHATE_BINDING	40	37		
GOMF_PHOSPHATIDYLINOSITOL_3_4_BISPHOSPHATE_BINDING	29	27		
GOMF_PHOSPHATIDYLINOSITOL_3_5_BISPHOSPHATE_3_PHOSPHATASE_ACTIVITY	11		Rejected!	
GOMF_PHOSPHATIDYLINOSITOL_3_5_BISPHOSPHATE_5_PHOSPHATASE_ACTIVITY	6		Rejected!	
GOMF_PHOSPHATIDYLINOSITOL_3_5_BISPHOSPHATE_BINDING	28	25		
GOMF_PHOSPHATIDYLINOSITOL_3_5_BISPHOSPHATE_PHOSPHATASE_ACTIVITY	15	15		
GOMF_PHOSPHATIDYLINOSITOL_3_KINASE_ACTIVATOR_ACTIVITY	6		Rejected!	
GOMF_PHOSPHATIDYLINOSITOL_3_KINASE_BINDING	26	25		
GOMF_PHOSPHATIDYLINOSITOL_3_KINASE_INHIBITOR_ACTIVITY	6		Rejected!	
GOMF_PHOSPHATIDYLINOSITOL_3_KINASE_REGULATORY_SUBUNIT_BINDING	11		Rejected!	
GOMF_PHOSPHATIDYLINOSITOL_3_KINASE_REGULATOR_ACTIVITY	12		Rejected!	
GOMF_PHOSPHATIDYLINOSITOL_3_PHOSPHATE_BINDING	45	41		
GOMF_PHOSPHATIDYLINOSITOL_4_5_BISPHOSPHATE_5_PHOSPHATASE_ACTIVITY	10		Rejected!	
GOMF_PHOSPHATIDYLINOSITOL_4_5_BISPHOSPHATE_BINDING	84	78		
GOMF_PHOSPHATIDYLINOSITOL_4_5_BISPHOSPHATE_PHOSPHATASE_ACTIVITY	12		Rejected!	
GOMF_PHOSPHATIDYLINOSITOL_4_PHOSPHATE_BINDING	29	25		
GOMF_PHOSPHATIDYLINOSITOL_5_PHOSPHATE_BINDING	20	16		
GOMF_PHOSPHATIDYLINOSITOL_BINDING	276	261		
GOMF_PHOSPHATIDYLINOSITOL_BISPHOSPHATE_BINDING	108	100		
GOMF_PHOSPHATIDYLINOSITOL_KINASE_ACTIVITY	26	25		
GOMF_PHOSPHATIDYLINOSITOL_MONOPHOSPHATE_PHOSPHATASE_ACTIVITY	14		Rejected!	
GOMF_PHOSPHATIDYLINOSITOL_PHOSPHATE_4_PHOSPHATASE_ACTIVITY	9		Rejected!	
GOMF_PHOSPHATIDYLINOSITOL_PHOSPHATE_5_PHOSPHATASE_ACTIVITY	13		Rejected!	
GOMF_PHOSPHATIDYLINOSITOL_PHOSPHATE_BINDING	179	169		
GOMF_PHOSPHATIDYLINOSITOL_PHOSPHATE_PHOSPHATASE_ACTIVITY	30	26		
GOMF_PHOSPHATIDYLINOSITOL_TRANSFER_ACTIVITY	10		Rejected!	
GOMF_PHOSPHATIDYLINOSITOL_TRISPHOSPHATE_PHOSPHATASE_ACTIVITY	10		Rejected!	
GOMF_PHOSPHATIDYLSERINE_1_ACYLHYDROLASE_ACTIVITY	11		Rejected!	
GOMF_PHOSPHATIDYLSERINE_BINDING	71	67		
GOMF_PHOSPHATIDYLSERINE_FLIPPASE_ACTIVITY	5		Rejected!	
GOMF_PHOSPHATIDYLSERINE_FLOPPASE_ACTIVITY	9		Rejected!	
GOMF_PHOSPHATIDYL_PHOSPHOLIPASE_B_ACTIVITY	11		Rejected!	
GOMF_PHOSPHODIESTERASE_I_ACTIVITY	5		Rejected!	
GOMF_PHOSPHOFRUCTOKINASE_ACTIVITY	7		Rejected!	
GOMF_PHOSPHOLIPASE_A1_ACTIVITY	18		Rejected!	
GOMF_PHOSPHOLIPASE_A2_ACTIVITY	35	26		
GOMF_PHOSPHOLIPASE_ACTIVATOR_ACTIVITY	17	17		
GOMF_PHOSPHOLIPASE_ACTIVITY	108	98		
GOMF_PHOSPHOLIPASE_BINDING	23	21		
GOMF_PHOSPHOLIPASE_C_ACTIVITY	29	29		
GOMF_PHOSPHOLIPASE_D_ACTIVITY	6		Rejected!	
GOMF_PHOSPHOLIPASE_INHIBITOR_ACTIVITY	13		Rejected!	
GOMF_PHOSPHOLIPID_BINDING	490	457		
GOMF_PHOSPHOLIPID_SCRAMBLASE_ACTIVITY	15	15		
GOMF_PHOSPHOLIPID_TRANSFER_ACTIVITY	25	22		
GOMF_PHOSPHOLIPID_TRANSPORTER_ACTIVITY	64	61		
GOMF_PHOSPHOPROTEIN_BINDING	92	90		
GOMF_PHOSPHOPROTEIN_PHOSPHATASE_ACTIVITY	181	162		
GOMF_PHOSPHORIC_DIESTER_HYDROLASE_ACTIVITY	89	89		
GOMF_PHOSPHORIC_ESTER_HYDROLASE_ACTIVITY	368	341		
GOMF_PHOSPHORUS_OXYGEN_LYASE_ACTIVITY	23	20		
GOMF_PHOSPHORYLATION_DEPENDENT_PROTEIN_BINDING	9		Rejected!	
GOMF_PHOSPHOSERINE_RESIDUE_BINDING	10		Rejected!	
GOMF_PHOSPHOTRANSFERASE_ACTIVITY_FOR_OTHER_SUBSTITUTED_PHOSPHATE_GROUPS	22	21		
GOMF_PHOSPHOTRANSFERASE_ACTIVITY_NITROGENOUS_GROUP_AS_ACCEPTOR	7		Rejected!	
GOMF_PHOSPHOTRANSFERASE_ACTIVITY_PHOSPHATE_GROUP_AS_ACCEPTOR	37	35		
GOMF_PHOSPHOTYROSINE_RESIDUE_BINDING	47	47		
GOMF_PHOTORECEPTOR_ACTIVITY	17	15		
GOMF_PH_DOMAIN_BINDING	8		Rejected!	
GOMF_PIRNA_BINDING	5		Rejected!	
GOMF_PLATELET_DERIVED_GROWTH_FACTOR_BINDING	11		Rejected!	
GOMF_PLATELET_DERIVED_GROWTH_FACTOR_RECEPTOR_BINDING	14		Rejected!	
GOMF_PLUS_END_DIRECTED_MICROTUBULE_MOTOR_ACTIVITY	17	16		
GOMF_POLYAMINE_TRANSMEMBRANE_TRANSPORTER_ACTIVITY	10		Rejected!	
GOMF_POLYOL_TRANSMEMBRANE_TRANSPORTER_ACTIVITY	13		Rejected!	
GOMF_POLYPEPTIDE_N_ACETYLGALACTOSAMINYLTRANSFERASE_ACTIVITY	19	18		
GOMF_POLYSACCHARIDE_BINDING	25	23		
GOMF_POLYUBIQUITIN_MODIFICATION_DEPENDENT_PROTEIN_BINDING	57	49		
GOMF_POLY_ADP_D_RIBOSE_BINDING	7		Rejected!	
GOMF_POLY_ADP_D_RIBOSE_MODIFICATION_DEPENDENT_PROTEIN_BINDING	5		Rejected!	
GOMF_POLY_A_BINDING	26	24		
GOMF_POLY_A_RNA_POLYMERASE_ACTIVITY	12		Rejected!	
GOMF_POLY_A_SPECIFIC_RIBONUCLEASE_ACTIVITY	13		Rejected!	
GOMF_POLY_G_BINDING	8		Rejected!	
GOMF_POLY_PURINE_TRACT_BINDING	32	30		
GOMF_POLY_PYRIMIDINE_TRACT_BINDING	30	27		
GOMF_PORIN_ACTIVITY	6		Rejected!	
GOMF_POSTSYNAPTIC_NEUROTRANSMITTER_RECEPTOR_ACTIVITY	70	68		
GOMF_POTASSIUM_CHANNEL_ACTIVATOR_ACTIVITY	5		Rejected!	
GOMF_POTASSIUM_CHANNEL_ACTIVITY	125	122		
GOMF_POTASSIUM_CHANNEL_INHIBITOR_ACTIVITY	5		Rejected!	
GOMF_POTASSIUM_CHANNEL_REGULATOR_ACTIVITY	48	47		
GOMF_POTASSIUM_CHLORIDE_SYMPORTER_ACTIVITY	9		Rejected!	
GOMF_POTASSIUM_ION_BINDING	13		Rejected!	
GOMF_POTASSIUM_ION_LEAK_CHANNEL_ACTIVITY	16	16		
GOMF_POTASSIUM_ION_TRANSMEMBRANE_TRANSPORTER_ACTIVITY	161	158		
GOMF_POTASSIUM_PROTON_ANTIPORTER_ACTIVITY	14		Rejected!	
GOMF_POU_DOMAIN_BINDING	5		Rejected!	
GOMF_PRENYLTRANSFERASE_ACTIVITY	17	15		
GOMF_PRERIBOSOME_BINDING	8		Rejected!	
GOMF_PRE_MIRNA_BINDING	9		Rejected!	
GOMF_PRE_MRNA_3_SPLICE_SITE_BINDING	6		Rejected!	
GOMF_PRE_MRNA_5_SPLICE_SITE_BINDING	19		Rejected!	
GOMF_PRE_MRNA_BINDING	58	41		
GOMF_PRE_MRNA_INTRONIC_BINDING	14		Rejected!	
GOMF_PRIMARY_ACTIVE_TRANSMEMBRANE_TRANSPORTER_ACTIVITY	166	143		
GOMF_PRIMARY_AMINE_OXIDASE_ACTIVITY	9		Rejected!	
GOMF_PRIMARY_MIRNA_BINDING	9		Rejected!	
GOMF_PROCOLLAGEN_PROLINE_4_DIOXYGENASE_ACTIVITY	5		Rejected!	
GOMF_PROCOLLAGEN_PROLINE_DIOXYGENASE_ACTIVITY	8		Rejected!	
GOMF_PROFILIN_BINDING	10		Rejected!	
GOMF_PROLINE_RICH_REGION_BINDING	17	17		
GOMF_PROLINE_SODIUM_SYMPORTER_ACTIVITY	5		Rejected!	
GOMF_PROMOTER_ENHANCER_LOOP_ANCHORING_ACTIVITY	6		Rejected!	
GOMF_PROMOTER_SPECIFIC_CHROMATIN_BINDING	67	66		
GOMF_PROSTAGLANDIN_E_RECEPTOR_ACTIVITY	5		Rejected!	
GOMF_PROSTANOID_RECEPTOR_ACTIVITY	11		Rejected!	
GOMF_PROTEASE_BINDING	138	131		
GOMF_PROTEASOME_ACTIVATING_ACTIVITY	6		Rejected!	
GOMF_PROTEASOME_BINDING	17	16		
GOMF_PROTEINASE_ACTIVATED_RECEPTOR_ACTIVITY	5		Rejected!	
GOMF_PROTEIN_ANTIGEN_BINDING	8		Rejected!	
GOMF_PROTEIN_ARGININE_DEIMINASE_ACTIVITY	5		Rejected!	
GOMF_PROTEIN_ARGININE_N_METHYLTRANSFERASE_ACTIVITY	12		Rejected!	
GOMF_PROTEIN_ARGININE_OMEGA_N_ASYMMETRIC_METHYLTRANSFERASE_ACTIVITY	7		Rejected!	
GOMF_PROTEIN_ARGININE_OMEGA_N_MONOMETHYLTRANSFERASE_ACTIVITY	5		Rejected!	
GOMF_PROTEIN_BINDING_INVOLVED_IN_HETEROTYPIC_CELL_CELL_ADHESION	12		Rejected!	
GOMF_PROTEIN_CARBOXYL_O_METHYLTRANSFERASE_ACTIVITY	6		Rejected!	
GOMF_PROTEIN_CARRIER_CHAPERONE	35	33		
GOMF_PROTEIN_CONTAINING_COMPLEX_BINDING	1777		Rejected!	
GOMF_PROTEIN_CONTAINING_COMPLEX_DESTABILIZING_ACTIVITY	15		Rejected!	
GOMF_PROTEIN_CYSTEINE_S_STEAROYLTRANSFERASE_ACTIVITY	7		Rejected!	
GOMF_PROTEIN_DEMETHYLASE_ACTIVITY	32	24		
GOMF_PROTEIN_DIMERIZATION_ACTIVITY	1101		Rejected!	
GOMF_PROTEIN_DISULFIDE_ISOMERASE_ACTIVITY	21	21		
GOMF_PROTEIN_DISULFIDE_REDUCTASE_NAD_P_H_ACTIVITY	9		Rejected!	
GOMF_PROTEIN_DOMAIN_SPECIFIC_BINDING	654		Rejected!	
GOMF_PROTEIN_FOLDING_CHAPERONE	72	63		
GOMF_PROTEIN_FOLDING_CHAPERONE_BINDING	133	126		
GOMF_PROTEIN_GERANYLGERANYLTRANSFERASE_ACTIVITY	5		Rejected!	
GOMF_PROTEIN_GLUTAMIC_ACID_LIGASE_ACTIVITY	10		Rejected!	
GOMF_PROTEIN_GLUTAMINE_GAMMA_GLUTAMYLTRANSFERASE_ACTIVITY	9		Rejected!	
GOMF_PROTEIN_HETERODIMERIZATION_ACTIVITY	350	244		
GOMF_PROTEIN_HOMODIMERIZATION_ACTIVITY	719		Rejected!	
GOMF_PROTEIN_HORMONE_RECEPTOR_ACTIVITY	21	20		
GOMF_PROTEIN_KINASE_ACTIVITY	578		Rejected!	
GOMF_PROTEIN_KINASE_A_BINDING	53	53		
GOMF_PROTEIN_KINASE_A_CATALYTIC_SUBUNIT_BINDING	14		Rejected!	
GOMF_PROTEIN_KINASE_A_REGULATORY_SUBUNIT_BINDING	25	25		
GOMF_PROTEIN_KINASE_B_BINDING	10		Rejected!	
GOMF_PROTEIN_KINASE_C_BINDING	52	50		
GOMF_PROTEIN_LIPID_COMPLEX_BINDING	31	29		
GOMF_PROTEIN_LYSINE_6_OXIDASE_ACTIVITY	5		Rejected!	
GOMF_PROTEIN_LYSINE_DEACETYLASE_ACTIVITY	23	23		
GOMF_PROTEIN_MEMBRANE_ADAPTOR_ACTIVITY	42	34		
GOMF_PROTEIN_METHYLTRANSFERASE_ACTIVITY	99	83		
GOMF_PROTEIN_PHOSPHATASE_1_BINDING	26	20		
GOMF_PROTEIN_PHOSPHATASE_2A_BINDING	29	27		
GOMF_PROTEIN_PHOSPHATASE_2B_BINDING	6		Rejected!	
GOMF_PROTEIN_PHOSPHATASE_BINDING	143	133		
GOMF_PROTEIN_PHOSPHORYLATED_AMINO_ACID_BINDING	59	59		
GOMF_PROTEIN_PRENYLTRANSFERASE_ACTIVITY	7		Rejected!	
GOMF_PROTEIN_RNA_ADAPTOR_ACTIVITY	21	21		
GOMF_PROTEIN_SEQUESTERING_ACTIVITY	29	26		
GOMF_PROTEIN_SERINE_KINASE_ACTIVITY	363	346		
GOMF_PROTEIN_SERINE_THREONINE_KINASE_ACTIVATOR_ACTIVITY	71	65		
GOMF_PROTEIN_SERINE_THREONINE_KINASE_ACTIVITY	429	410		
GOMF_PROTEIN_SERINE_THREONINE_KINASE_BINDING	11		Rejected!	
GOMF_PROTEIN_SERINE_THREONINE_KINASE_INHIBITOR_ACTIVITY	39	36		
GOMF_PROTEIN_SERINE_THREONINE_PHOSPHATASE_ACTIVITY	104	90		
GOMF_PROTEIN_SERINE_THREONINE_PHOSPHATASE_INHIBITOR_ACTIVITY	14		Rejected!	
GOMF_PROTEIN_SERINE_THREONINE_TYROSINE_KINASE_ACTIVITY	43	41		
GOMF_PROTEIN_TRANSMEMBRANE_TRANSPORTER_ACTIVITY	27	26		
GOMF_PROTEIN_TRANSPORTER_ACTIVITY	41	39		
GOMF_PROTEIN_TYROSINE_KINASE_ACTIVATOR_ACTIVITY	32	29		
GOMF_PROTEIN_TYROSINE_KINASE_ACTIVITY	142	137		
GOMF_PROTEIN_TYROSINE_KINASE_BINDING	125	119		
GOMF_PROTEIN_TYROSINE_KINASE_INHIBITOR_ACTIVITY	7		Rejected!	
GOMF_PROTEIN_TYROSINE_PHOSPHATASE_ACTIVITY	101	94		
GOMF_PROTEIN_TYROSINE_SERINE_THREONINE_PHOSPHATASE_ACTIVITY	29	25		
GOMF_PROTEIN_TYROSINE_THREONINE_PHOSPHATASE_ACTIVITY	10		Rejected!	
GOMF_PROTEOGLYCAN_BINDING	36	35		
GOMF_PROTON_CHANNEL_ACTIVITY	27		Rejected!	
GOMF_PROTON_TRANSMEMBRANE_TRANSPORTER_ACTIVITY	186	146		
GOMF_PROTON_TRANSPORTING_ATP_SYNTHASE_ACTIVITY_ROTATIONAL_MECHANISM	18		Rejected!	
GOMF_PSEUDOURIDINE_SYNTHASE_ACTIVITY	13		Rejected!	
GOMF_PURINE_NUCLEOTIDE_BINDING	1987		Rejected!	
GOMF_PURINE_NUCLEOTIDE_TRANSMEMBRANE_TRANSPORTER_ACTIVITY	29	27		
GOMF_PURINE_RIBONUCLEOTIDE_TRANSMEMBRANE_TRANSPORTER_ACTIVITY	23	21		
GOMF_PYRIMIDINE_NUCLEOBASE_TRANSMEMBRANE_TRANSPORTER_ACTIVITY	7		Rejected!	
GOMF_PYRIMIDINE_NUCLEOSIDE_TRANSMEMBRANE_TRANSPORTER_ACTIVITY	8		Rejected!	
GOMF_PYRIMIDINE_NUCLEOTIDE_BINDING	5		Rejected!	
GOMF_PYRIMIDINE_NUCLEOTIDE_SUGAR_TRANSMEMBRANE_TRANSPORTER_ACTIVITY	11		Rejected!	
GOMF_PYRUVATE_DEHYDROGENASE_ACETYL_TRANSFERRING_KINASE_ACTIVITY	5		Rejected!	
GOMF_PYRUVATE_DEHYDROGENASE_ACETYL_TRANSFERRING_PHOSPHATASE_ACTIVITY	5		Rejected!	
GOMF_PYRUVATE_DEHYDROGENASE_ACTIVITY	6		Rejected!	
GOMF_PYRUVATE_TRANSMEMBRANE_TRANSPORTER_ACTIVITY	6		Rejected!	
GOMF_P_TYPE_CALCIUM_TRANSPORTER_ACTIVITY	9		Rejected!	
GOMF_P_TYPE_POTASSIUM_TRANSMEMBRANE_TRANSPORTER_ACTIVITY	8		Rejected!	
GOMF_P_TYPE_TRANSMEMBRANE_TRANSPORTER_ACTIVITY	25	25		
GOMF_QUATERNARY_AMMONIUM_GROUP_BINDING	41	40		
GOMF_QUATERNARY_AMMONIUM_GROUP_TRANSMEMBRANE_TRANSPORTER_ACTIVITY	14		Rejected!	
GOMF_QUINONE_BINDING	16		Rejected!	
GOMF_RACEMASE_AND_EPIMERASE_ACTIVITY	18	16		
GOMF_RACEMASE_AND_EPIMERASE_ACTIVITY_ACTING_ON_CARBOHYDRATES_AND_DERIVATIVES	11		Rejected!	
GOMF_RAGE_RECEPTOR_BINDING	10		Rejected!	
GOMF_RDNA_BINDING	10		Rejected!	
GOMF_RECEPTOR_ANTAGONIST_ACTIVITY	18	18		
GOMF_RECEPTOR_SERINE_THREONINE_KINASE_BINDING	30	27		
GOMF_RECEPTOR_SIGNALING_PROTEIN_TYROSINE_KINASE_ACTIVATOR_ACTIVITY	5		Rejected!	
GOMF_RECEPTOR_TYROSINE_KINASE_BINDING	82	77		
GOMF_REGULATORY_RNA_BINDING	55	46		
GOMF_RETINAL_BINDING	19	19		
GOMF_RETINAL_DEHYDROGENASE_ACTIVITY	9		Rejected!	
GOMF_RETINOIC_ACID_4_HYDROXYLASE_ACTIVITY	10		Rejected!	
GOMF_RETINOIC_ACID_BINDING	27	27		
GOMF_RETINOIC_ACID_RESPONSIVE_ELEMENT_BINDING	6		Rejected!	
GOMF_RETINOL_BINDING	16	16		
GOMF_RETINYL_PALMITATE_ESTERASE_ACTIVITY	7		Rejected!	
GOMF_RETROMER_COMPLEX_BINDING	9		Rejected!	
GOMF_RIBOFLAVIN_TRANSMEMBRANE_TRANSPORTER_ACTIVITY	6		Rejected!	
GOMF_RIBONUCLEASE_P_ACTIVITY	12		Rejected!	
GOMF_RIBONUCLEASE_P_RNA_BINDING	10		Rejected!	
GOMF_RIBONUCLEOPROTEIN_COMPLEX_BINDING	166	154		
GOMF_RIBOSE_PHOSPHATE_DIPHOSPHOKINASE_ACTIVITY	5		Rejected!	
GOMF_RIBOSOMAL_LARGE_SUBUNIT_BINDING	15		Rejected!	
GOMF_RIBOSOMAL_PROTEIN_S6_KINASE_ACTIVITY	7		Rejected!	
GOMF_RIBOSOMAL_SMALL_SUBUNIT_BINDING	17	17		
GOMF_RIBOSOME_BINDING	104	96		
GOMF_RISC_COMPLEX_BINDING	5		Rejected!	
GOMF_RNA_2_O_METHYLTRANSFERASE_ACTIVITY	9		Rejected!	
GOMF_RNA_7_METHYLGUANOSINE_CAP_BINDING	13		Rejected!	
GOMF_RNA_CAP_BINDING	20	18		
GOMF_RNA_DIRECTED_DNA_POLYMERASE_ACTIVITY	8		Rejected!	
GOMF_RNA_DNA_HYBRID_RIBONUCLEASE_ACTIVITY	6		Rejected!	
GOMF_RNA_ENDONUCLEASE_ACTIVITY	71	65		
GOMF_RNA_ENDONUCLEASE_ACTIVITY_PRODUCING_3_PHOSPHOMONOESTERS	7		Rejected!	
GOMF_RNA_ENDONUCLEASE_ACTIVITY_PRODUCING_5_PHOSPHOMONOESTERS	31	29		
GOMF_RNA_EXONUCLEASE_ACTIVITY	45	43		
GOMF_RNA_EXONUCLEASE_ACTIVITY_PRODUCING_5_PHOSPHOMONOESTERS	40	38		
GOMF_RNA_METHYLTRANSFERASE_ACTIVITY	67	58		
GOMF_RNA_NUCLEASE_ACTIVITY	128	119		
GOMF_RNA_POLYMERASE_ACTIVITY	32	28		
GOMF_RNA_POLYMERASE_BINDING	58	54		
GOMF_RNA_POLYMERASE_CORE_ENZYME_BINDING	42	38		
GOMF_RNA_POLYMERASE_III_ACTIVITY	10		Rejected!	
GOMF_RNA_POLYMERASE_III_GENERAL_TRANSCRIPTION_INITIATION_FACTOR_ACTIVITY	12		Rejected!	
GOMF_RNA_POLYMERASE_III_TRANSCRIPTION_REGULATORY_REGION_SEQUENCE_SPECIFIC_DNA_BINDING	8		Rejected!	
GOMF_RNA_POLYMERASE_III_TYPE_3_PROMOTER_SEQUENCE_SPECIFIC_DNA_BINDING	6		Rejected!	
GOMF_RNA_POLYMERASE_II_ACTIVITY	11		Rejected!	
GOMF_RNA_POLYMERASE_II_CORE_PROMOTER_SEQUENCE_SPECIFIC_DNA_BINDING	20	17		
GOMF_RNA_POLYMERASE_II_CTD_HEPTAPEPTIDE_REPEAT_KINASE_ACTIVITY	10		Rejected!	
GOMF_RNA_POLYMERASE_II_CTD_HEPTAPEPTIDE_REPEAT_MODIFYING_ACTIVITY	23	16		
GOMF_RNA_POLYMERASE_II_CTD_HEPTAPEPTIDE_REPEAT_PHOSPHATASE_ACTIVITY	13		Rejected!	
GOMF_RNA_POLYMERASE_II_C_TERMINAL_DOMAIN_BINDING	10		Rejected!	
GOMF_RNA_POLYMERASE_II_GENERAL_TRANSCRIPTION_INITIATION_FACTOR_ACTIVITY	49	39		
GOMF_RNA_POLYMERASE_II_GENERAL_TRANSCRIPTION_INITIATION_FACTOR_BINDING	24	24		
GOMF_RNA_POLYMERASE_II_INTRONIC_TRANSCRIPTION_REGULATORY_REGION_SEQUENCE_SPECIFIC_DNA_BINDING	8		Rejected!	
GOMF_RNA_POLYMERASE_II_SPECIFIC_DNA_BINDING_TRANSCRIPTION_FACTOR_BINDING	343	334		
GOMF_RNA_POLYMERASE_I_ACTIVITY	10		Rejected!	
GOMF_RNA_POLYMERASE_I_GENERAL_TRANSCRIPTION_INITIATION_FACTOR_ACTIVITY	8		Rejected!	
GOMF_RNA_POLYMERASE_I_TRANSCRIPTION_REGULATORY_REGION_SEQUENCE_SPECIFIC_DNA_BINDING	11		Rejected!	
GOMF_RNA_STEM_LOOP_BINDING	16	15		
GOMF_ROUNDABOUT_BINDING	8		Rejected!	
GOMF_RRNA_ADENINE_METHYLTRANSFERASE_ACTIVITY	8		Rejected!	
GOMF_RRNA_BINDING	67	60		
GOMF_RRNA_CYTOSINE_METHYLTRANSFERASE_ACTIVITY	5		Rejected!	
GOMF_RS_DOMAIN_BINDING	5		Rejected!	
GOMF_R_SMAD_BINDING	25	24		
GOMF_S100_PROTEIN_BINDING	14		Rejected!	
GOMF_SALT_TRANSMEMBRANE_TRANSPORTER_ACTIVITY	9		Rejected!	
GOMF_SCAFFOLD_PROTEIN_BINDING	70	69		
GOMF_SCAVENGER_RECEPTOR_ACTIVITY	27	26		
GOMF_SECONDARY_ACTIVE_MONOCARBOXYLATE_TRANSMEMBRANE_TRANSPORTER_ACTIVITY	19	19		
GOMF_SECONDARY_ACTIVE_SULFATE_TRANSMEMBRANE_TRANSPORTER_ACTIVITY	11		Rejected!	
GOMF_SECONDARY_ACTIVE_TRANSMEMBRANE_TRANSPORTER_ACTIVITY	291	283		
GOMF_SELENIUM_BINDING	9		Rejected!	
GOMF_SEMAPHORIN_RECEPTOR_ACTIVITY	12		Rejected!	
GOMF_SEMAPHORIN_RECEPTOR_BINDING	23	23		
GOMF_SEQUENCE_SPECIFIC_DNA_BINDING	1675		Rejected!	
GOMF_SEQUENCE_SPECIFIC_MRNA_BINDING	14		Rejected!	
GOMF_SEQUENCE_SPECIFIC_SINGLE_STRANDED_DNA_BINDING	14		Rejected!	
GOMF_SERINE_HYDROLASE_ACTIVITY	198	184		
GOMF_SERINE_TYPE_CARBOXYPEPTIDASE_ACTIVITY	5		Rejected!	
GOMF_SERINE_TYPE_ENDOPEPTIDASE_INHIBITOR_ACTIVITY	100	93		
GOMF_SERINE_TYPE_EXOPEPTIDASE_ACTIVITY	12		Rejected!	
GOMF_SEROTONIN_BINDING	11		Rejected!	
GOMF_SEROTONIN_GATED_MONOATOMIC_CATION_CHANNEL_ACTIVITY	5		Rejected!	
GOMF_SEROTONIN_RECEPTOR_ACTIVITY	6		Rejected!	
GOMF_SH2_DOMAIN_BINDING	42	42		
GOMF_SH3_DOMAIN_BINDING	122	118		
GOMF_SHORT_CHAIN_CARBOXYLESTERASE_ACTIVITY	6		Rejected!	
GOMF_SHORT_CHAIN_FATTY_ACYL_COA_DEHYDROGENASE_ACTIVITY	5		Rejected!	
GOMF_SIALIC_ACID_BINDING	22	21		
GOMF_SIALYLTRANSFERASE_ACTIVITY	21	20		
GOMF_SIGNALING_ADAPTOR_ACTIVITY	117	114		
GOMF_SIGNALING_RECEPTOR_BINDING	1506		Rejected!	
GOMF_SIGNALING_RECEPTOR_COMPLEX_ADAPTOR_ACTIVITY	51	50		
GOMF_SIGNALING_RECEPTOR_INHIBITOR_ACTIVITY	29	28		
GOMF_SIGNALING_RECEPTOR_REGULATOR_ACTIVITY	554		Rejected!	
GOMF_SIGNAL_RECOGNITION_PARTICLE_BINDING	8		Rejected!	
GOMF_SIGNAL_SEQUENCE_BINDING	48	43		
GOMF_SINGLE_STRANDED_DNA_3_5_DNA_EXONUCLEASE_ACTIVITY	6		Rejected!	
GOMF_SINGLE_STRANDED_DNA_5_3_DNA_EXONUCLEASE_ACTIVITY	5		Rejected!	
GOMF_SINGLE_STRANDED_DNA_BINDING	120	110		
GOMF_SINGLE_STRANDED_DNA_ENDODEOXYRIBONUCLEASE_ACTIVITY	11		Rejected!	
GOMF_SINGLE_STRANDED_DNA_EXODEOXYRIBONUCLEASE_ACTIVITY	10		Rejected!	
GOMF_SINGLE_STRANDED_DNA_HELICASE_ACTIVITY	23	22		
GOMF_SINGLE_STRANDED_RNA_BINDING	87	79		
GOMF_SIRNA_BINDING	12		Rejected!	
GOMF_SMAD_BINDING	78	75		
GOMF_SMALL_MOLECULE_SENSOR_ACTIVITY	49	44		
GOMF_SMALL_PROTEIN_ACTIVATING_ENZYME_BINDING	5		Rejected!	
GOMF_SMALL_RIBOSOMAL_SUBUNIT_RRNA_BINDING	8		Rejected!	
GOMF_SNAP_RECEPTOR_ACTIVITY	37	37		
GOMF_SNARE_BINDING	107	106		
GOMF_SNORNA_BINDING	32	30		
GOMF_SNRNA_BINDING	55	47		
GOMF_SNRNP_BINDING	9		Rejected!	
GOMF_SODIUM_BICARBONATE_SYMPORTER_ACTIVITY	6		Rejected!	
GOMF_SODIUM_CHANNEL_ACTIVITY	48	45		
GOMF_SODIUM_CHANNEL_INHIBITOR_ACTIVITY	8		Rejected!	
GOMF_SODIUM_CHANNEL_REGULATOR_ACTIVITY	40	38		
GOMF_SODIUM_INDEPENDENT_ORGANIC_ANION_TRANSMEMBRANE_TRANSPORTER_ACTIVITY	16	16		
GOMF_SODIUM_ION_BINDING	8		Rejected!	
GOMF_SODIUM_ION_TRANSMEMBRANE_TRANSPORTER_ACTIVITY	163	160		
GOMF_SODIUM_PHOSPHATE_SYMPORTER_ACTIVITY	13		Rejected!	
GOMF_SODIUM_PROTON_ANTIPORTER_ACTIVITY	16	16		
GOMF_SOLUTE_INORGANIC_ANION_ANTIPORTER_ACTIVITY	32	31		
GOMF_SOLUTE_MONOATOMIC_CATION_SYMPORTER_ACTIVITY	117	117		
GOMF_SOLUTE_POTASSIUM_ANTIPORTER_ACTIVITY	19	19		
GOMF_SOLUTE_PROTON_SYMPORTER_ACTIVITY	24	24		
GOMF_SOLUTE_SODIUM_SYMPORTER_ACTIVITY	80	80		
GOMF_SOMATOSTATIN_RECEPTOR_ACTIVITY	5		Rejected!	
GOMF_SPECTRIN_BINDING	26	26		
GOMF_SPHINGOLIPID_BINDING	28	26		
GOMF_SPHINGOLIPID_TRANSFER_ACTIVITY	9		Rejected!	
GOMF_SPHINGOLIPID_TRANSPORTER_ACTIVITY	20	16		
GOMF_SPHINGOMYELIN_PHOSPHODIESTERASE_ACTIVITY	7		Rejected!	
GOMF_SPHINGOSINE_1_PHOSPHATE_PHOSPHATASE_ACTIVITY	7		Rejected!	
GOMF_SPHINGOSINE_1_PHOSPHATE_RECEPTOR_ACTIVITY	8		Rejected!	
GOMF_SPHINGOSINE_N_ACYLTRANSFERASE_ACTIVITY	7		Rejected!	
GOMF_SPLICING_FACTOR_BINDING	6		Rejected!	
GOMF_STAT_FAMILY_PROTEIN_BINDING	12		Rejected!	
GOMF_STEROID_BINDING	107	104		
GOMF_STEROID_DEHYDROGENASE_ACTIVITY	38	37		
GOMF_STEROID_DEHYDROGENASE_ACTIVITY_ACTING_ON_THE_CH_OH_GROUP_OF_DONORS_NAD_OR_NADP_AS_ACCEPTOR	32	31		
GOMF_STEROID_HORMONE_BINDING	6		Rejected!	
GOMF_STEROID_HYDROXYLASE_ACTIVITY	26	26		
GOMF_STEROL_BINDING	67	65		
GOMF_STEROL_ESTERASE_ACTIVITY	7		Rejected!	
GOMF_STEROL_TRANSFER_ACTIVITY	24	23		
GOMF_STORE_OPERATED_CALCIUM_CHANNEL_ACTIVITY	10		Rejected!	
GOMF_STRUCTURAL_CONSTITUENT_OF_CHROMATIN	97		Rejected!	
GOMF_STRUCTURAL_CONSTITUENT_OF_CYTOSKELETON	112	104		
GOMF_STRUCTURAL_CONSTITUENT_OF_EYE_LENS	23	22		
GOMF_STRUCTURAL_CONSTITUENT_OF_MUSCLE	42	41		
GOMF_STRUCTURAL_CONSTITUENT_OF_MYELIN_SHEATH	11		Rejected!	
GOMF_STRUCTURAL_CONSTITUENT_OF_NUCLEAR_PORE	25	22		
GOMF_STRUCTURAL_CONSTITUENT_OF_POSTSYNAPSE	21	17		
GOMF_STRUCTURAL_CONSTITUENT_OF_POSTSYNAPTIC_ACTIN_CYTOSKELETON	10		Rejected!	
GOMF_STRUCTURAL_CONSTITUENT_OF_RIBOSOME	169	156		
GOMF_STRUCTURAL_CONSTITUENT_OF_SKIN_EPIDERMIS	37	35		
GOMF_STRUCTURAL_CONSTITUENT_OF_SYNAPSE	26	21		
GOMF_STRUCTURAL_CONSTITUENT_OF_TOOTH_ENAMEL	6		Rejected!	
GOMF_STRUCTURAL_MOLECULE_ACTIVITY	810		Rejected!	
GOMF_STRUCTURAL_MOLECULE_ACTIVITY_CONFERRING_ELASTICITY	12		Rejected!	
GOMF_SUCCINATE_TRANSMEMBRANE_TRANSPORTER_ACTIVITY	6		Rejected!	
GOMF_SUGAR_TRANSMEMBRANE_TRANSPORTER_ACTIVITY	29	29		
GOMF_SULFATE_BINDING	6		Rejected!	
GOMF_SULFATE_TRANSMEMBRANE_TRANSPORTER_ACTIVITY	16	15		
GOMF_SULFATIDE_BINDING	6		Rejected!	
GOMF_SULFOTRANSFERASE_ACTIVITY	53	51		
GOMF_SULFURIC_ESTER_HYDROLASE_ACTIVITY	17	16		
GOMF_SULFURTRANSFERASE_ACTIVITY	11		Rejected!	
GOMF_SULFUR_AMINO_ACID_TRANSMEMBRANE_TRANSPORTER_ACTIVITY	11		Rejected!	
GOMF_SULFUR_COMPOUND_BINDING	273	251		
GOMF_SULFUR_COMPOUND_TRANSMEMBRANE_TRANSPORTER_ACTIVITY	61	58		
GOMF_SUMO_BINDING	17	16		
GOMF_SUMO_LIGASE_ACTIVITY	14		Rejected!	
GOMF_SUMO_POLYMER_BINDING	6		Rejected!	
GOMF_SUMO_TRANSFERASE_ACTIVITY	26	24		
GOMF_SUPERCOILED_DNA_BINDING	6		Rejected!	
GOMF_SUPEROXIDE_DISMUTASE_ACTIVITY	5		Rejected!	
GOMF_SUPEROXIDE_GENERATING_NADPH_OXIDASE_ACTIVATOR_ACTIVITY	10		Rejected!	
GOMF_SUPEROXIDE_GENERATING_NAD_P_H_OXIDASE_ACTIVITY	10		Rejected!	
GOMF_SYMPORTER_ACTIVITY	148	147		
GOMF_SYNDECAN_BINDING	5		Rejected!	
GOMF_SYNTAXIN_1_BINDING	19	19		
GOMF_SYNTAXIN_BINDING	61	60		
GOMF_S_ACYLTRANSFERASE_ACTIVITY	30	29		
GOMF_S_ADENOSYLMETHIONINE_DEPENDENT_METHYLTRANSFERASE_ACTIVITY	167	142		
GOMF_S_ADENOSYL_L_METHIONINE_BINDING	22	19		
GOMF_S_METHYLTRANSFERASE_ACTIVITY	11		Rejected!	
GOMF_TAP_BINDING	7		Rejected!	
GOMF_TASTE_RECEPTOR_ACTIVITY	31	30		
GOMF_TAT_PROTEIN_BINDING	10		Rejected!	
GOMF_TAURINE_TRANSMEMBRANE_TRANSPORTER_ACTIVITY	5		Rejected!	
GOMF_TAU_PROTEIN_BINDING	43	42		
GOMF_TAU_PROTEIN_KINASE_ACTIVITY	22	22		
GOMF_TBP_CLASS_PROTEIN_BINDING	25	25		
GOMF_TELETHONIN_BINDING	7		Rejected!	
GOMF_TELOMERASE_ACTIVITY	7		Rejected!	
GOMF_TELOMERASE_INHIBITOR_ACTIVITY	5		Rejected!	
GOMF_TELOMERASE_RNA_BINDING	22	21		
GOMF_TELOMERIC_DNA_BINDING	39	37		
GOMF_TESTOSTERONE_17_BETA_DEHYDROGENASE_NADPPLUS_ACTIVITY	9		Rejected!	
GOMF_TESTOSTERONE_DEHYDROGENASE_NADPLUS_ACTIVITY	8		Rejected!	
GOMF_TESTOSTERONE_DEHYDROGENASE_NAD_P_ACTIVITY	11		Rejected!	
GOMF_TETRAPYRROLE_BINDING	152	143		
GOMF_TFIID_CLASS_TRANSCRIPTION_FACTOR_COMPLEX_BINDING	10		Rejected!	
GOMF_THIAMINE_PYROPHOSPHATE_BINDING	8		Rejected!	
GOMF_THIAMINE_TRANSMEMBRANE_TRANSPORTER_ACTIVITY	7		Rejected!	
GOMF_THIOESTERASE_BINDING	10		Rejected!	
GOMF_THIOLESTER_HYDROLASE_ACTIVITY	43	41		
GOMF_THIOL_OXIDASE_ACTIVITY	6		Rejected!	
GOMF_THIOREDOXIN_DEPENDENT_PEROXIREDOXIN_ACTIVITY	6		Rejected!	
GOMF_THIOREDOXIN_DISULFIDE_REDUCTASE_NADPH_ACTIVITY	7		Rejected!	
GOMF_THREONINE_TYPE_ENDOPEPTIDASE_ACTIVITY	9		Rejected!	
GOMF_THREONINE_TYPE_PEPTIDASE_ACTIVITY	20	18		
GOMF_THYROID_HORMONE_BINDING	6		Rejected!	
GOMF_THYROID_HORMONE_TRANSMEMBRANE_TRANSPORTER_ACTIVITY	8		Rejected!	
GOMF_TITIN_BINDING	13		Rejected!	
GOMF_TOLL_LIKE_RECEPTOR_4_BINDING	5		Rejected!	
GOMF_TOLL_LIKE_RECEPTOR_BINDING	14		Rejected!	
GOMF_TORC2_COMPLEX_BINDING	5		Rejected!	
GOMF_TOXIC_SUBSTANCE_BINDING	10		Rejected!	
GOMF_TOXIN_TRANSMEMBRANE_TRANSPORTER_ACTIVITY	9		Rejected!	
GOMF_TPR_DOMAIN_BINDING	7		Rejected!	
GOMF_TRACE_AMINE_RECEPTOR_ACTIVITY	7		Rejected!	
GOMF_TRAIL_BINDING	5		Rejected!	
GOMF_TRANSCRIPTION_COACTIVATOR_ACTIVITY	272	258		
GOMF_TRANSCRIPTION_COACTIVATOR_BINDING	44	44		
GOMF_TRANSCRIPTION_COREGULATOR_ACTIVITY	505	470		
GOMF_TRANSCRIPTION_COREGULATOR_BINDING	114	111		
GOMF_TRANSCRIPTION_COREPRESSOR_ACTIVITY	199	186		
GOMF_TRANSCRIPTION_COREPRESSOR_BINDING	47	44		
GOMF_TRANSCRIPTION_ELONGATION_FACTOR_ACTIVITY	7		Rejected!	
GOMF_TRANSCRIPTION_FACTOR_BINDING	600		Rejected!	
GOMF_TRANSCRIPTION_REGULATOR_ACTIVATOR_ACTIVITY	8		Rejected!	
GOMF_TRANSCRIPTION_REGULATOR_ACTIVITY	1963		Rejected!	
GOMF_TRANSCRIPTION_REGULATOR_INHIBITOR_ACTIVITY	30	30		
GOMF_TRANSFERASE_ACTIVITY_TRANSFERRING_ALKYL_OR_ARYL_OTHER_THAN_METHYL_GROUPS	62	59		
GOMF_TRANSFERASE_ACTIVITY_TRANSFERRING_NITROGENOUS_GROUPS	27	27		
GOMF_TRANSFERASE_ACTIVITY_TRANSFERRING_ONE_CARBON_GROUPS	221	190		
GOMF_TRANSFERASE_ACTIVITY_TRANSFERRING_PHOSPHORUS_CONTAINING_GROUPS	907		Rejected!	
GOMF_TRANSFERASE_ACTIVITY_TRANSFERRING_SULPHUR_CONTAINING_GROUPS	71	67		
GOMF_TRANSFERRIN_RECEPTOR_BINDING	11		Rejected!	
GOMF_TRANSFORMING_GROWTH_FACTOR_BETA_BINDING	24	24		
GOMF_TRANSFORMING_GROWTH_FACTOR_BETA_RECEPTOR_ACTIVITY	13		Rejected!	
GOMF_TRANSFORMING_GROWTH_FACTOR_BETA_RECEPTOR_ACTIVITY_TYPE_I	5		Rejected!	
GOMF_TRANSFORMING_GROWTH_FACTOR_BETA_RECEPTOR_BINDING	26	26		
GOMF_TRANSITION_METAL_ION_BINDING	1115		Rejected!	
GOMF_TRANSITION_METAL_ION_TRANSMEMBRANE_TRANSPORTER_ACTIVITY	43	42		
GOMF_TRANSKETOLASE_OR_TRANSALDOLASE_ACTIVITY	5		Rejected!	
GOMF_TRANSLATION_ACTIVATOR_ACTIVITY	13		Rejected!	
GOMF_TRANSLATION_ELONGATION_FACTOR_ACTIVITY	20	19		
GOMF_TRANSLATION_FACTOR_ACTIVITY_RNA_BINDING	85	80		
GOMF_TRANSLATION_INITIATION_FACTOR_ACTIVITY	51	48		
GOMF_TRANSLATION_INITIATION_FACTOR_BINDING	32	29		
GOMF_TRANSLATION_REGULATOR_ACTIVITY	436	132		
GOMF_TRANSLATION_REGULATOR_ACTIVITY_NUCLEIC_ACID_BINDING	110	103		
GOMF_TRANSLATION_REPRESSOR_ACTIVITY	330	31		
GOMF_TRANSLATION_TERMINATION_FACTOR_ACTIVITY	7		Rejected!	
GOMF_TRANSMEMBRANE_EPHRIN_RECEPTOR_ACTIVITY	15	15		
GOMF_TRANSMEMBRANE_RECEPTOR_PROTEIN_KINASE_ACTIVITY	81	79		
GOMF_TRANSMEMBRANE_RECEPTOR_PROTEIN_PHOSPHATASE_ACTIVITY	17	17		
GOMF_TRANSMEMBRANE_RECEPTOR_PROTEIN_SERINE_THREONINE_KINASE_ACTIVITY	19	18		
GOMF_TRANSMEMBRANE_RECEPTOR_PROTEIN_SERINE_THREONINE_KINASE_BINDING	24	21		
GOMF_TRANSMEMBRANE_RECEPTOR_PROTEIN_TYROSINE_KINASE_ACTIVATOR_ACTIVITY	18	15		
GOMF_TRANSMEMBRANE_RECEPTOR_PROTEIN_TYROSINE_KINASE_ACTIVITY	62	61		
GOMF_TRANSMEMBRANE_RECEPTOR_PROTEIN_TYROSINE_KINASE_ADAPTOR_ACTIVITY	17	17		
GOMF_TRANSMEMBRANE_TRANSPORTER_BINDING	136	130		
GOMF_TRANSPORTER_ACTIVATOR_ACTIVITY	9		Rejected!	
GOMF_TRANSPORTER_ACTIVITY	1240		Rejected!	
GOMF_TRANSPORTER_INHIBITOR_ACTIVITY	42	40		
GOMF_TRANSPORTER_REGULATOR_ACTIVITY	152	146		
GOMF_TRIGLYCERIDE_LIPASE_ACTIVITY	25	25		
GOMF_TRIPEPTIDE_TRANSMEMBRANE_TRANSPORTER_ACTIVITY	9		Rejected!	
GOMF_TRIPLET_CODON_AMINO_ACID_ADAPTOR_ACTIVITY	6		Rejected!	
GOMF_TRNA_BINDING	81	64		
GOMF_TRNA_CYTIDINE_5_METHYLTRANSFERASE_ACTIVITY	5		Rejected!	
GOMF_TRNA_CYTIDINE_METHYLTRANSFERASE_ACTIVITY	10		Rejected!	
GOMF_TRNA_GUANINE_METHYLTRANSFERASE_ACTIVITY	12		Rejected!	
GOMF_TRNA_METHYLTRANSFERASE_ACTIVITY	34	32		
GOMF_TRNA_PSEUDOURIDINE_SYNTHASE_ACTIVITY	8		Rejected!	
GOMF_TRNA_SPECIFIC_ADENOSINE_DEAMINASE_ACTIVITY	8		Rejected!	
GOMF_TRNA_SPECIFIC_RIBONUCLEASE_ACTIVITY	16	15		
GOMF_TRNA_URIDINE_METHYLTRANSFERASE_ACTIVITY	5		Rejected!	
GOMF_TROPOMYOSIN_BINDING	15		Rejected!	
GOMF_TUBULIN_BINDING	387	352		
GOMF_TUMOR_NECROSIS_FACTOR_BINDING	7		Rejected!	
GOMF_TUMOR_NECROSIS_FACTOR_RECEPTOR_ACTIVITY	10		Rejected!	
GOMF_TUMOR_NECROSIS_FACTOR_RECEPTOR_BINDING	31	30		
GOMF_TUMOR_NECROSIS_FACTOR_RECEPTOR_SUPERFAMILY_BINDING	50	49		
GOMF_TYPE_1_ANGIOTENSIN_RECEPTOR_BINDING	6		Rejected!	
GOMF_TYPE_1_FIBROBLAST_GROWTH_FACTOR_RECEPTOR_BINDING	5		Rejected!	
GOMF_TYPE_2_FIBROBLAST_GROWTH_FACTOR_RECEPTOR_BINDING	5		Rejected!	
GOMF_TYPE_5_METABOTROPIC_GLUTAMATE_RECEPTOR_BINDING	6		Rejected!	
GOMF_TYPE_II_TRANSFORMING_GROWTH_FACTOR_BETA_RECEPTOR_BINDING	11		Rejected!	
GOMF_TYPE_I_INTERFERON_RECEPTOR_BINDING	17	17		
GOMF_TYPE_I_TRANSFORMING_GROWTH_FACTOR_BETA_RECEPTOR_BINDING	11		Rejected!	
GOMF_T_CELL_RECEPTOR_BINDING	11		Rejected!	
GOMF_U1_SNRNA_BINDING	8		Rejected!	
GOMF_U1_SNRNP_BINDING	6		Rejected!	
GOMF_U2_SNRNA_BINDING	6		Rejected!	
GOMF_U3_SNORNA_BINDING	10		Rejected!	
GOMF_U4_SNRNA_BINDING	9		Rejected!	
GOMF_U6_SNRNA_BINDING	16		Rejected!	
GOMF_UBIQUINOL_CYTOCHROME_C_REDUCTASE_ACTIVITY	7		Rejected!	
GOMF_UBIQUINONE_BINDING	6		Rejected!	
GOMF_UBIQUITIN_BINDING	104	97		
GOMF_UBIQUITIN_CONJUGATING_ENZYME_BINDING	31	27		
GOMF_UBIQUITIN_LIGASE_ACTIVATOR_ACTIVITY	10		Rejected!	
GOMF_UBIQUITIN_LIGASE_COMPLEX_SCAFFOLD_ACTIVITY	6		Rejected!	
GOMF_UBIQUITIN_LIGASE_INHIBITOR_ACTIVITY	9		Rejected!	
GOMF_UBIQUITIN_LIKE_LIGASE_SUBSTRATE_ADAPTOR_ACTIVITY	60	58		
GOMF_UBIQUITIN_LIKE_MODIFIER_ACTIVATING_ENZYME_ACTIVITY	10		Rejected!	
GOMF_UBIQUITIN_LIKE_PROTEIN_BINDING	123	115		
GOMF_UBIQUITIN_LIKE_PROTEIN_CONJUGATING_ENZYME_ACTIVITY	40	38		
GOMF_UBIQUITIN_LIKE_PROTEIN_CONJUGATING_ENZYME_BINDING	37	33		
GOMF_UBIQUITIN_LIKE_PROTEIN_LIGASE_ACTIVITY	371	338		
GOMF_UBIQUITIN_LIKE_PROTEIN_LIGASE_BINDING	324	311		
GOMF_UBIQUITIN_LIKE_PROTEIN_PEPTIDASE_ACTIVITY	134	101		
GOMF_UBIQUITIN_LIKE_PROTEIN_READER_ACTIVITY	20	20		
GOMF_UBIQUITIN_LIKE_PROTEIN_SPECIFIC_ENDOPEPTIDASE_ACTIVITY	5		Rejected!	
GOMF_UBIQUITIN_MODIFIED_HISTONE_READER_ACTIVITY	7		Rejected!	
GOMF_UBIQUITIN_PROTEIN_TRANSFERASE_ACTIVATOR_ACTIVITY	16	15		
GOMF_UBIQUITIN_PROTEIN_TRANSFERASE_INHIBITOR_ACTIVITY	12		Rejected!	
GOMF_UBIQUITIN_PROTEIN_TRANSFERASE_REGULATOR_ACTIVITY	31	30		
GOMF_UBIQUITIN_SPECIFIC_PROTEASE_BINDING	18		Rejected!	
GOMF_UBIQUITIN_UBIQUITIN_LIGASE_ACTIVITY	14		Rejected!	
GOMF_UDP_GALACTOSE_BETA_N_ACETYLGLUCOSAMINE_BETA_1_3_GALACTOSYLTRANSFERASE_ACTIVITY	12		Rejected!	
GOMF_UDP_GLUCOSYLTRANSFERASE_ACTIVITY	11		Rejected!	
GOMF_UDP_GLYCOSYLTRANSFERASE_ACTIVITY	147	138		
GOMF_UDP_N_ACETYLGLUCOSAMINE_TRANSMEMBRANE_TRANSPORTER_ACTIVITY	5		Rejected!	
GOMF_UDP_XYLOSYLTRANSFERASE_ACTIVITY	11		Rejected!	
GOMF_UNFOLDED_PROTEIN_BINDING	122	110		
GOMF_UNIPORTER_ACTIVITY	9		Rejected!	
GOMF_UNMETHYLATED_CPG_BINDING	10		Rejected!	
GOMF_UREA_TRANSMEMBRANE_TRANSPORTER_ACTIVITY	9		Rejected!	
GOMF_URIDYLYLTRANSFERASE_ACTIVITY	7		Rejected!	
GOMF_VASCULAR_ENDOTHELIAL_GROWTH_FACTOR_BINDING	5		Rejected!	
GOMF_VASCULAR_ENDOTHELIAL_GROWTH_FACTOR_RECEPTOR_2_BINDING	9		Rejected!	
GOMF_VASCULAR_ENDOTHELIAL_GROWTH_FACTOR_RECEPTOR_ACTIVITY	7		Rejected!	
GOMF_VASCULAR_ENDOTHELIAL_GROWTH_FACTOR_RECEPTOR_BINDING	13		Rejected!	
GOMF_VASOPRESSIN_RECEPTOR_ACTIVITY	7		Rejected!	
GOMF_VERY_LONG_CHAIN_FATTY_ACID_COA_LIGASE_ACTIVITY	10		Rejected!	
GOMF_VINCULIN_BINDING	12		Rejected!	
GOMF_VIRION_BINDING	10		Rejected!	
GOMF_VITAMIN_B6_BINDING	57	52		
GOMF_VITAMIN_BINDING	151	139		
GOMF_VITAMIN_D_BINDING	7		Rejected!	
GOMF_VITAMIN_TRANSMEMBRANE_TRANSPORTER_ACTIVITY	35	33		
GOMF_VOLTAGE_GATED_CALCIUM_CHANNEL_ACTIVITY	43	43		
GOMF_VOLTAGE_GATED_CALCIUM_CHANNEL_ACTIVITY_INVOLVED_IN_CARDIAC_MUSCLE_CELL_ACTION_POTENTIAL	5		Rejected!	
GOMF_VOLTAGE_GATED_CHANNEL_ACTIVITY	174	171		
GOMF_VOLTAGE_GATED_CHLORIDE_CHANNEL_ACTIVITY	11		Rejected!	
GOMF_VOLTAGE_GATED_MONOATOMIC_ANION_CHANNEL_ACTIVITY	17	17		
GOMF_VOLTAGE_GATED_MONOATOMIC_CATION_CHANNEL_ACTIVITY	144	142		
GOMF_VOLTAGE_GATED_MONOATOMIC_ION_CHANNEL_ACTIVITY_INVOLVED_IN_REGULATION_OF_PRESYNAPTIC_MEMBRANE_POTENTIAL	11		Rejected!	
GOMF_VOLTAGE_GATED_POTASSIUM_CHANNEL_ACTIVITY	99	97		
GOMF_VOLTAGE_GATED_POTASSIUM_CHANNEL_ACTIVITY_INVOLVED_IN_CARDIAC_MUSCLE_CELL_ACTION_POTENTIAL_REPOLARIZATION	15	15		
GOMF_VOLTAGE_GATED_POTASSIUM_CHANNEL_ACTIVITY_INVOLVED_IN_VENTRICULAR_CARDIAC_MUSCLE_CELL_ACTION_POTENTIAL_REPOLARIZATION	12		Rejected!	
GOMF_VOLTAGE_GATED_SODIUM_CHANNEL_ACTIVITY	23	23		
GOMF_VOLTAGE_GATED_SODIUM_CHANNEL_ACTIVITY_INVOLVED_IN_CARDIAC_MUSCLE_CELL_ACTION_POTENTIAL	5		Rejected!	
GOMF_VOLUME_SENSITIVE_ANION_CHANNEL_ACTIVITY	9		Rejected!	
GOMF_WATER_TRANSMEMBRANE_TRANSPORTER_ACTIVITY	20	18		
GOMF_WD40_REPEAT_DOMAIN_BINDING	5		Rejected!	
GOMF_WIDE_PORE_CHANNEL_ACTIVITY	35	33		
GOMF_WNT_PROTEIN_BINDING	32	31		
GOMF_WNT_RECEPTOR_ACTIVITY	17	17		
GOMF_WW_DOMAIN_BINDING	22	20		
GOMF_XENOBIOTIC_TRANSMEMBRANE_TRANSPORTER_ACTIVITY	32	29		
GOMF_XMP_5_NUCLEOSIDASE_ACTIVITY	6		Rejected!	
GOMF_ZINC_ION_BINDING	840		Rejected!	
GOMF_ZINC_ION_TRANSMEMBRANE_TRANSPORTER_ACTIVITY	24	24		
