NAME	GS<br> follow link to MSigDB	GS DETAILS	SIZE	ES	NES	NOM p-val	FDR q-val	FWER p-val	RANK AT MAX	LEADING EDGE	
GOMF_STRUCTURAL_CONSTITUENT_OF_EYE_LENS	GOMF_STRUCTURAL_CONSTITUENT_OF_EYE_LENS	Details ...	22	0.69267637	1.8555171	0.0022779044	1.0	0.715	725	tags=23%, list=4%, signal=24%	
GOCC_CILIARY_TIP	GOCC_CILIARY_TIP	Details ...	41	0.5651388	1.769057	0.002631579	1.0	0.985	4733	tags=54%, list=24%, signal=71%	
GOBP_CELL_JUNCTION_DISASSEMBLY	GOBP_CELL_JUNCTION_DISASSEMBLY	Details ...	27	0.5925666	1.6935599	0.012048192	1.0	1.0	672	tags=26%, list=3%, signal=27%	
GOBP_MITOCHONDRIAL_TRANSLATION	GOBP_MITOCHONDRIAL_TRANSLATION	Details ...	126	0.45444894	1.6737889	0.0	1.0	1.0	6109	tags=52%, list=31%, signal=75%	
GOMF_ACIDIC_AMINO_ACID_TRANSMEMBRANE_TRANSPORTER_ACTIVITY	GOMF_ACIDIC_AMINO_ACID_TRANSMEMBRANE_TRANSPORTER_ACTIVITY	Details ...	18	0.64151454	1.6633852	0.020547945	1.0	1.0	2355	tags=39%, list=12%, signal=44%	
GOBP_POSITIVE_REGULATION_OF_SUBSTRATE_ADHESION_DEPENDENT_CELL_SPREADING	GOBP_POSITIVE_REGULATION_OF_SUBSTRATE_ADHESION_DEPENDENT_CELL_SPREADING	Details ...	43	0.5352785	1.6560222	0.002570694	1.0	1.0	2167	tags=26%, list=11%, signal=29%	
GOBP_REGULATION_OF_ICOSANOID_SECRETION	GOBP_REGULATION_OF_ICOSANOID_SECRETION	Details ...	20	0.6286595	1.6505855	0.011261261	1.0	1.0	1728	tags=30%, list=9%, signal=33%	
GOBP_GLUTAMATE_RECEPTOR_SIGNALING_PATHWAY	GOBP_GLUTAMATE_RECEPTOR_SIGNALING_PATHWAY	Details ...	50	0.5174225	1.6497941	0.0	1.0	1.0	2508	tags=22%, list=13%, signal=25%	
GOBP_REGULATION_OF_VOLTAGE_GATED_CALCIUM_CHANNEL_ACTIVITY	GOBP_REGULATION_OF_VOLTAGE_GATED_CALCIUM_CHANNEL_ACTIVITY	Details ...	24	0.60175127	1.6487138	0.012106538	1.0	1.0	4972	tags=50%, list=26%, signal=67%	
GOBP_POSITIVE_REGULATION_OF_FATTY_ACID_TRANSPORT	GOBP_POSITIVE_REGULATION_OF_FATTY_ACID_TRANSPORT	Details ...	22	0.6071169	1.6456329	0.0070921984	1.0	1.0	1728	tags=27%, list=9%, signal=30%	
GOMF_CALMODULIN_DEPENDENT_PROTEIN_KINASE_ACTIVITY	GOMF_CALMODULIN_DEPENDENT_PROTEIN_KINASE_ACTIVITY	Details ...	26	0.5888989	1.6438271	0.011415525	1.0	1.0	1993	tags=35%, list=10%, signal=39%	
GOMF_AROMATASE_ACTIVITY	GOMF_AROMATASE_ACTIVITY	Details ...	26	0.58056396	1.6369699	0.016746411	1.0	1.0	1728	tags=31%, list=9%, signal=34%	
GOBP_TOXIN_METABOLIC_PROCESS	GOBP_TOXIN_METABOLIC_PROCESS	Details ...	15	0.66050154	1.6233287	0.027088037	1.0	1.0	1907	tags=33%, list=10%, signal=37%	
GOMF_INWARD_RECTIFIER_POTASSIUM_CHANNEL_ACTIVITY	GOMF_INWARD_RECTIFIER_POTASSIUM_CHANNEL_ACTIVITY	Details ...	26	0.5890552	1.6227877	0.0051282053	1.0	1.0	3999	tags=38%, list=21%, signal=48%	
GOBP_NADPH_REGENERATION	GOBP_NADPH_REGENERATION	Details ...	22	0.60402685	1.6179075	0.025	1.0	1.0	2384	tags=41%, list=12%, signal=47%	
GOBP_PROTEIN_LIPID_COMPLEX_ASSEMBLY	GOBP_PROTEIN_LIPID_COMPLEX_ASSEMBLY	Details ...	29	0.56153107	1.6145545	0.016990291	1.0	1.0	1262	tags=24%, list=6%, signal=26%	
GOBP_ANTERIOR_POSTERIOR_AXIS_SPECIFICATION	GOBP_ANTERIOR_POSTERIOR_AXIS_SPECIFICATION	Details ...	55	0.49624902	1.6075392	0.0	1.0	1.0	1719	tags=22%, list=9%, signal=24%	
GOMF_C4_DICARBOXYLATE_TRANSMEMBRANE_TRANSPORTER_ACTIVITY	GOMF_C4_DICARBOXYLATE_TRANSMEMBRANE_TRANSPORTER_ACTIVITY	Details ...	15	0.66006976	1.6059191	0.015625	1.0	1.0	1984	tags=33%, list=10%, signal=37%	
GOBP_INTRACILIARY_TRANSPORT	GOBP_INTRACILIARY_TRANSPORT	Details ...	41	0.5346385	1.6056137	0.0026737968	1.0	1.0	4470	tags=56%, list=23%, signal=73%	
GOCC_PARALLEL_FIBER_TO_PURKINJE_CELL_SYNAPSE	GOCC_PARALLEL_FIBER_TO_PURKINJE_CELL_SYNAPSE	Details ...	19	0.6193758	1.6018713	0.015452539	1.0	1.0	1269	tags=21%, list=7%, signal=23%	
GOMF_CARBOXYPEPTIDASE_ACTIVITY	GOMF_CARBOXYPEPTIDASE_ACTIVITY		43	0.51138335	1.597723	0.012953368	1.0	1.0	661	tags=16%, list=3%, signal=17%	
GOBP_MITOCHONDRIAL_GENE_EXPRESSION	GOBP_MITOCHONDRIAL_GENE_EXPRESSION		159	0.41582826	1.5916134	0.0	1.0	1.0	6109	tags=47%, list=31%, signal=67%	
GOBP_NEURON_CELL_CELL_ADHESION	GOBP_NEURON_CELL_CELL_ADHESION		16	0.62835765	1.5912477	0.023094688	0.972599	1.0	1299	tags=38%, list=7%, signal=40%	
GOBP_ENDOPLASMIC_RETICULUM_ORGANIZATION	GOBP_ENDOPLASMIC_RETICULUM_ORGANIZATION		85	0.4565867	1.5909973	0.0028011205	0.9342474	1.0	2138	tags=22%, list=11%, signal=25%	
GOCC_INTRACILIARY_TRANSPORT_PARTICLE_B	GOCC_INTRACILIARY_TRANSPORT_PARTICLE_B		15	0.653635	1.5863777	0.022573363	0.9350567	1.0	4201	tags=60%, list=22%, signal=76%	
GOBP_MOTOR_NEURON_APOPTOTIC_PROCESS	GOBP_MOTOR_NEURON_APOPTOTIC_PROCESS		21	0.59422797	1.585036	0.027906977	0.90993357	1.0	2466	tags=43%, list=13%, signal=49%	
GOBP_NADP_METABOLIC_PROCESS	GOBP_NADP_METABOLIC_PROCESS		44	0.5063527	1.5810775	0.0056179776	0.90833503	1.0	3564	tags=39%, list=18%, signal=47%	
GOBP_CALCIUM_ION_TRANSMEMBRANE_TRANSPORT_VIA_HIGH_VOLTAGE_GATED_CALCIUM_CHANNEL	GOBP_CALCIUM_ION_TRANSMEMBRANE_TRANSPORT_VIA_HIGH_VOLTAGE_GATED_CALCIUM_CHANNEL		18	0.6120076	1.5784584	0.02232143	0.89511734	1.0	3959	tags=61%, list=20%, signal=77%	
GOBP_DETECTION_OF_LIGHT_STIMULUS_INVOLVED_IN_SENSORY_PERCEPTION	GOBP_DETECTION_OF_LIGHT_STIMULUS_INVOLVED_IN_SENSORY_PERCEPTION		21	0.6012755	1.5776379	0.013888889	0.86964947	1.0	1062	tags=24%, list=5%, signal=25%	
GOBP_NEGATIVE_REGULATION_OF_SIGNAL_TRANSDUCTION_IN_ABSENCE_OF_LIGAND	GOBP_NEGATIVE_REGULATION_OF_SIGNAL_TRANSDUCTION_IN_ABSENCE_OF_LIGAND		33	0.5361411	1.5751069	0.0050251256	0.8601742	1.0	2104	tags=24%, list=11%, signal=27%	
GOBP_INTRACILIARY_ANTEROGRADE_TRANSPORT	GOBP_INTRACILIARY_ANTEROGRADE_TRANSPORT		15	0.6332611	1.5665482	0.024154589	0.8949086	1.0	4201	tags=53%, list=22%, signal=68%	
GOMF_RIBOSOME_BINDING	GOMF_RIBOSOME_BINDING		96	0.43404686	1.5663018	0.0028571428	0.86842567	1.0	4900	tags=41%, list=25%, signal=54%	
GOMF_METALLOCARBOXYPEPTIDASE_ACTIVITY	GOMF_METALLOCARBOXYPEPTIDASE_ACTIVITY		30	0.5435325	1.5633563	0.020304568	0.8631389	1.0	619	tags=17%, list=3%, signal=17%	
GOCC_LARGE_RIBOSOMAL_SUBUNIT	GOCC_LARGE_RIBOSOMAL_SUBUNIT		110	0.42120504	1.555791	0.0057142857	0.8923482	1.0	6278	tags=48%, list=32%, signal=71%	
GOBP_PSEUDOURIDINE_SYNTHESIS	GOBP_PSEUDOURIDINE_SYNTHESIS		18	0.6121923	1.5508708	0.025171624	0.9024287	1.0	4583	tags=50%, list=24%, signal=65%	
GOBP_REGULATION_OF_LOW_DENSITY_LIPOPROTEIN_PARTICLE_CLEARANCE	GOBP_REGULATION_OF_LOW_DENSITY_LIPOPROTEIN_PARTICLE_CLEARANCE		15	0.6390584	1.5488309	0.038288288	0.8917186	1.0	1293	tags=27%, list=7%, signal=29%	
GOBP_GROOMING_BEHAVIOR	GOBP_GROOMING_BEHAVIOR		19	0.59611386	1.5479553	0.02	0.8735944	1.0	617	tags=21%, list=3%, signal=22%	
GOBP_NEGATIVE_REGULATION_OF_ACTIN_FILAMENT_DEPOLYMERIZATION	GOBP_NEGATIVE_REGULATION_OF_ACTIN_FILAMENT_DEPOLYMERIZATION		42	0.48818108	1.5461878	0.01511335	0.8622367	1.0	4018	tags=40%, list=21%, signal=51%	
GOMF_S_ACYLTRANSFERASE_ACTIVITY	GOMF_S_ACYLTRANSFERASE_ACTIVITY		29	0.54011303	1.5428767	0.02173913	0.8629169	1.0	5094	tags=59%, list=26%, signal=79%	
GOMF_TRANSFERASE_ACTIVITY_TRANSFERRING_NITROGENOUS_GROUPS	GOMF_TRANSFERASE_ACTIVITY_TRANSFERRING_NITROGENOUS_GROUPS		27	0.547274	1.5422782	0.026699029	0.8455779	1.0	2116	tags=33%, list=11%, signal=37%	
GOCC_ORGANELLAR_RIBOSOME	GOCC_ORGANELLAR_RIBOSOME		89	0.42781216	1.5408003	0.0029761905	0.83471465	1.0	6278	tags=52%, list=32%, signal=76%	
GOBP_BRANCHED_CHAIN_AMINO_ACID_CATABOLIC_PROCESS	GOBP_BRANCHED_CHAIN_AMINO_ACID_CATABOLIC_PROCESS		22	0.57651985	1.5352718	0.0315534	0.8523074	1.0	5692	tags=59%, list=29%, signal=83%	
GOCC_MOTILE_CILIUM	GOCC_MOTILE_CILIUM		238	0.37737405	1.5324248	0.0	0.8523165	1.0	2897	tags=23%, list=15%, signal=27%	
GOMF_STEROID_HYDROXYLASE_ACTIVITY	GOMF_STEROID_HYDROXYLASE_ACTIVITY		26	0.54891306	1.5302719	0.029339854	0.84765303	1.0	1017	tags=31%, list=5%, signal=32%	
GOCC_MITOCHONDRIAL_MATRIX	GOCC_MITOCHONDRIAL_MATRIX		473	0.35551032	1.528188	0.0	0.84290206	1.0	4991	tags=41%, list=26%, signal=54%	
GOBP_REGULATION_OF_SYSTEMIC_ARTERIAL_BLOOD_PRESSURE_BY_RENIN_ANGIOTENSIN	GOBP_REGULATION_OF_SYSTEMIC_ARTERIAL_BLOOD_PRESSURE_BY_RENIN_ANGIOTENSIN		24	0.5511163	1.5260192	0.0479798	0.8389936	1.0	1502	tags=25%, list=8%, signal=27%	
GOMF_DICARBOXYLIC_ACID_TRANSMEMBRANE_TRANSPORTER_ACTIVITY	GOMF_DICARBOXYLIC_ACID_TRANSMEMBRANE_TRANSPORTER_ACTIVITY		29	0.5255842	1.5257496	0.03153153	0.8231521	1.0	839	tags=17%, list=4%, signal=18%	
GOBP_GANGLIOSIDE_BIOSYNTHETIC_PROCESS	GOBP_GANGLIOSIDE_BIOSYNTHETIC_PROCESS		16	0.6160208	1.5202807	0.034642033	0.8407442	1.0	2632	tags=38%, list=14%, signal=43%	
GOBP_POSITIVE_REGULATION_OF_ERAD_PATHWAY	GOBP_POSITIVE_REGULATION_OF_ERAD_PATHWAY		16	0.59693754	1.5197642	0.04347826	0.82724565	1.0	6422	tags=69%, list=33%, signal=103%	
GOBP_TRANSLATIONAL_TERMINATION	GOBP_TRANSLATIONAL_TERMINATION		15	0.61361784	1.514804	0.06094808	0.8442725	1.0	3098	tags=40%, list=16%, signal=48%	
GOCC_PHOTORECEPTOR_CONNECTING_CILIUM	GOCC_PHOTORECEPTOR_CONNECTING_CILIUM		38	0.49758968	1.5141392	0.015306123	0.83199304	1.0	3958	tags=45%, list=20%, signal=56%	
GOCC_CILIARY_TRANSITION_ZONE	GOCC_CILIARY_TRANSITION_ZONE		65	0.44181782	1.5140646	0.017441861	0.81648767	1.0	3958	tags=40%, list=20%, signal=50%	
GOCC_AXONEMAL_MICROTUBULE	GOCC_AXONEMAL_MICROTUBULE		33	0.52300817	1.5104885	0.016908212	0.8241483	1.0	5265	tags=42%, list=27%, signal=58%	
GOBP_N_ACETYLGLUCOSAMINE_METABOLIC_PROCESS	GOBP_N_ACETYLGLUCOSAMINE_METABOLIC_PROCESS		17	0.5922833	1.505328	0.04761905	0.8413751	1.0	2108	tags=41%, list=11%, signal=46%	
GOBP_SIGNAL_TRANSDUCTION_IN_ABSENCE_OF_LIGAND	GOBP_SIGNAL_TRANSDUCTION_IN_ABSENCE_OF_LIGAND		66	0.45012572	1.5026433	0.011363637	0.8424905	1.0	2104	tags=23%, list=11%, signal=25%	
GOBP_PEROXISOME_ORGANIZATION	GOBP_PEROXISOME_ORGANIZATION		33	0.51546156	1.5017519	0.026829269	0.8330956	1.0	5172	tags=48%, list=27%, signal=66%	
GOMF_PEPTIDE_HORMONE_BINDING	GOMF_PEPTIDE_HORMONE_BINDING		48	0.47284544	1.5003642	0.027848102	0.8272593	1.0	2458	tags=25%, list=13%, signal=29%	
GOCC_HIGH_DENSITY_LIPOPROTEIN_PARTICLE	GOCC_HIGH_DENSITY_LIPOPROTEIN_PARTICLE		26	0.5474348	1.5003489	0.016166281	0.81309044	1.0	1810	tags=27%, list=9%, signal=30%	
GOBP_ARGININE_METABOLIC_PROCESS	GOBP_ARGININE_METABOLIC_PROCESS		17	0.6012041	1.4984314	0.04347826	0.811137	1.0	1275	tags=35%, list=7%, signal=38%	
GOBP_DNA_DOUBLE_STRAND_BREAK_PROCESSING	GOBP_DNA_DOUBLE_STRAND_BREAK_PROCESSING		20	0.5611148	1.4962572	0.049773756	0.81066215	1.0	2747	tags=35%, list=14%, signal=41%	
GOBP_POST_TRANSLATIONAL_PROTEIN_TARGETING_TO_ENDOPLASMIC_RETICULUM_MEMBRANE	GOBP_POST_TRANSLATIONAL_PROTEIN_TARGETING_TO_ENDOPLASMIC_RETICULUM_MEMBRANE		15	0.6186064	1.4944403	0.054421768	0.8078531	1.0	6392	tags=80%, list=33%, signal=119%	
GOMF_HORMONE_BINDING	GOMF_HORMONE_BINDING		90	0.40975037	1.4911988	0.008797654	0.81547874	1.0	3329	tags=29%, list=17%, signal=35%	
GOBP_SPERM_FLAGELLUM_ASSEMBLY	GOBP_SPERM_FLAGELLUM_ASSEMBLY		45	0.47158003	1.4902862	0.0362117	0.8075575	1.0	5199	tags=44%, list=27%, signal=61%	
GOBP_RIBOSOMAL_SUBUNIT_EXPORT_FROM_NUCLEUS	GOBP_RIBOSOMAL_SUBUNIT_EXPORT_FROM_NUCLEUS		15	0.61359215	1.4900191	0.062937066	0.7962389	1.0	256	tags=13%, list=1%, signal=14%	
GOBP_RESPONSE_TO_GONADOTROPIN	GOBP_RESPONSE_TO_GONADOTROPIN		27	0.5229512	1.4815164	0.032581452	0.8355924	1.0	2030	tags=30%, list=10%, signal=33%	
GOBP_PROTEIN_TARGETING_TO_MITOCHONDRION	GOBP_PROTEIN_TARGETING_TO_MITOCHONDRION		98	0.40623805	1.4807066	0.0	0.8286285	1.0	3855	tags=34%, list=20%, signal=42%	
GOBP_MICROTUBULE_BASED_TRANSPORT	GOBP_MICROTUBULE_BASED_TRANSPORT		193	0.3732185	1.477777	0.0	0.83337986	1.0	3531	tags=31%, list=18%, signal=38%	
GOCC_DENDRITIC_SHAFT	GOCC_DENDRITIC_SHAFT		39	0.4879663	1.4774587	0.02962963	0.8226761	1.0	1825	tags=23%, list=9%, signal=25%	
GOBP_ESTABLISHMENT_OF_PROTEIN_LOCALIZATION_TO_ENDOPLASMIC_RETICULUM	GOBP_ESTABLISHMENT_OF_PROTEIN_LOCALIZATION_TO_ENDOPLASMIC_RETICULUM		39	0.4871818	1.4773153	0.031007752	0.8115894	1.0	6392	tags=62%, list=33%, signal=92%	
GOBP_REGULATION_OF_SUBSTRATE_ADHESION_DEPENDENT_CELL_SPREADING	GOBP_REGULATION_OF_SUBSTRATE_ADHESION_DEPENDENT_CELL_SPREADING		61	0.44586504	1.4771745	0.020942409	0.8007531	1.0	758	tags=15%, list=4%, signal=15%	
GOCC_MITOCHONDRIAL_LARGE_RIBOSOMAL_SUBUNIT	GOCC_MITOCHONDRIAL_LARGE_RIBOSOMAL_SUBUNIT		56	0.45137796	1.4705179	0.011080332	0.82860434	1.0	6104	tags=55%, list=31%, signal=80%	
GOBP_FIBRINOLYSIS	GOBP_FIBRINOLYSIS		26	0.5245733	1.4698609	0.04761905	0.82103425	1.0	1360	tags=38%, list=7%, signal=41%	
GOBP_NEGATIVE_REGULATION_OF_LIPID_TRANSPORT	GOBP_NEGATIVE_REGULATION_OF_LIPID_TRANSPORT		26	0.5205083	1.4678152	0.04608295	0.8218184	1.0	2222	tags=35%, list=11%, signal=39%	
GOCC_INTRACILIARY_TRANSPORT_PARTICLE	GOCC_INTRACILIARY_TRANSPORT_PARTICLE		22	0.555048	1.466164	0.05909091	0.82045686	1.0	4201	tags=55%, list=22%, signal=70%	
GOBP_REGULATION_OF_FATTY_ACID_TRANSPORT	GOBP_REGULATION_OF_FATTY_ACID_TRANSPORT		30	0.49785292	1.465265	0.025056947	0.8150159	1.0	2222	tags=27%, list=11%, signal=30%	
GOMF_LIPOPROTEIN_PARTICLE_RECEPTOR_BINDING	GOMF_LIPOPROTEIN_PARTICLE_RECEPTOR_BINDING		28	0.5158296	1.4649527	0.047263682	0.80601496	1.0	1396	tags=14%, list=7%, signal=15%	
GOMF_CATALYTIC_ACTIVITY_ACTING_ON_A_TRNA	GOMF_CATALYTIC_ACTIVITY_ACTING_ON_A_TRNA		110	0.39821622	1.4639572	0.003215434	0.80108553	1.0	5257	tags=44%, list=27%, signal=59%	
GOBP_INTRACELLULAR_PROTEIN_TRANSMEMBRANE_TRANSPORT	GOBP_INTRACELLULAR_PROTEIN_TRANSMEMBRANE_TRANSPORT		31	0.49341026	1.4612011	0.034146342	0.80727047	1.0	5856	tags=61%, list=30%, signal=88%	
GOBP_REGULATION_OF_PROTEIN_TARGETING	GOBP_REGULATION_OF_PROTEIN_TARGETING		75	0.4174954	1.4596298	0.014409222	0.8061905	1.0	3768	tags=35%, list=19%, signal=43%	
GOBP_AMIDE_BIOSYNTHETIC_PROCESS	GOBP_AMIDE_BIOSYNTHETIC_PROCESS		150	0.37809518	1.4583857	0.0	0.8029083	1.0	3130	tags=31%, list=16%, signal=36%	
GOBP_REGULATION_OF_HETEROTYPIC_CELL_CELL_ADHESION	GOBP_REGULATION_OF_HETEROTYPIC_CELL_CELL_ADHESION		24	0.5255636	1.4566503	0.054761905	0.80331564	1.0	768	tags=21%, list=4%, signal=22%	
GOMF_OXIDOREDUCTASE_ACTIVITY_ACTING_ON_PAIRED_DONORS_WITH_INCORPORATION_OR_REDUCTION_OF_MOLECULAR_OXYGEN_REDUCED_FLAVIN_OR_FLAVOPROTEIN_AS_ONE_DONOR_AND_INCORPORATION_OF_ONE_ATOM_OF_OXYGEN	GOMF_OXIDOREDUCTASE_ACTIVITY_ACTING_ON_PAIRED_DONORS_WITH_INCORPORATION_OR_REDUCTION_OF_MOLECULAR_OXYGEN_REDUCED_FLAVIN_OR_FLAVOPROTEIN_AS_ONE_DONOR_AND_INCORPORATION_OF_ONE_ATOM_OF_OXYGEN		43	0.47059482	1.4551682	0.03406326	0.8023391	1.0	1017	tags=23%, list=5%, signal=24%	
GOMF_G_PROTEIN_ACTIVITY	GOMF_G_PROTEIN_ACTIVITY		45	0.46158573	1.4536926	0.032994922	0.8011644	1.0	4079	tags=36%, list=21%, signal=45%	
GOBP_POSITIVE_REGULATION_OF_CELL_MORPHOGENESIS	GOBP_POSITIVE_REGULATION_OF_CELL_MORPHOGENESIS		35	0.49415728	1.4533963	0.041763343	0.7932617	1.0	4169	tags=43%, list=21%, signal=54%	
GOBP_ACID_SECRETION	GOBP_ACID_SECRETION		43	0.47534287	1.4510602	0.044386424	0.7975064	1.0	3130	tags=30%, list=16%, signal=36%	
GOBP_REGULATION_OF_RECEPTOR_RECYCLING	GOBP_REGULATION_OF_RECEPTOR_RECYCLING		25	0.52104133	1.4507108	0.055555556	0.79024553	1.0	3203	tags=44%, list=16%, signal=53%	
GOMF_PHOSPHATE_TRANSMEMBRANE_TRANSPORTER_ACTIVITY	GOMF_PHOSPHATE_TRANSMEMBRANE_TRANSPORTER_ACTIVITY		16	0.58353275	1.4503621	0.08045977	0.7829306	1.0	1237	tags=25%, list=6%, signal=27%	
GOBP_GLUTAMINE_FAMILY_AMINO_ACID_CATABOLIC_PROCESS	GOBP_GLUTAMINE_FAMILY_AMINO_ACID_CATABOLIC_PROCESS		25	0.5308836	1.4486204	0.042154565	0.7833984	1.0	1275	tags=24%, list=7%, signal=26%	
GOBP_POSITIVE_REGULATION_OF_MITOCHONDRIAL_TRANSLATION	GOBP_POSITIVE_REGULATION_OF_MITOCHONDRIAL_TRANSLATION		15	0.59772086	1.4463124	0.06960557	0.7866804	1.0	2625	tags=47%, list=14%, signal=54%	
GOBP_GLUCOSAMINE_CONTAINING_COMPOUND_METABOLIC_PROCESS	GOBP_GLUCOSAMINE_CONTAINING_COMPOUND_METABOLIC_PROCESS		23	0.5266062	1.4459925	0.051643193	0.77960545	1.0	2108	tags=35%, list=11%, signal=39%	
GOBP_BLOOD_COAGULATION_FIBRIN_CLOT_FORMATION	GOBP_BLOOD_COAGULATION_FIBRIN_CLOT_FORMATION		16	0.5827165	1.4453657	0.058558557	0.7742165	1.0	2745	tags=50%, list=14%, signal=58%	
GOBP_RETINOL_METABOLIC_PROCESS	GOBP_RETINOL_METABOLIC_PROCESS		52	0.44588265	1.4452816	0.028089888	0.76631963	1.0	4522	tags=42%, list=23%, signal=55%	
GOCC_9PLUS2_MOTILE_CILIUM	GOCC_9PLUS2_MOTILE_CILIUM		163	0.37412527	1.4452567	0.0102739725	0.75821704	1.0	2570	tags=18%, list=13%, signal=21%	
GOBP_GLUTAMINE_FAMILY_AMINO_ACID_BIOSYNTHETIC_PROCESS	GOBP_GLUTAMINE_FAMILY_AMINO_ACID_BIOSYNTHETIC_PROCESS		15	0.6029085	1.4440876	0.072527476	0.75627226	1.0	4392	tags=53%, list=23%, signal=69%	
GOBP_PROTEIN_ACTIVATION_CASCADE	GOBP_PROTEIN_ACTIVATION_CASCADE		20	0.5529565	1.4440824	0.06398104	0.7483211	1.0	2745	tags=40%, list=14%, signal=47%	
GOBP_3_PHOSPHOADENOSINE_5_PHOSPHOSULFATE_METABOLIC_PROCESS	GOBP_3_PHOSPHOADENOSINE_5_PHOSPHOSULFATE_METABOLIC_PROCESS		16	0.5893818	1.4436812	0.061810154	0.7425368	1.0	5592	tags=75%, list=29%, signal=105%	
GOBP_NEGATIVE_REGULATION_OF_CANONICAL_NF_KAPPAB_SIGNAL_TRANSDUCTION	GOBP_NEGATIVE_REGULATION_OF_CANONICAL_NF_KAPPAB_SIGNAL_TRANSDUCTION		53	0.4361541	1.442567	0.037220843	0.74046284	1.0	3545	tags=30%, list=18%, signal=37%	
GOBP_AGGREPHAGY	GOBP_AGGREPHAGY		17	0.5686928	1.4404306	0.057522126	0.7438026	1.0	1663	tags=29%, list=9%, signal=32%	
GOBP_RESPONSE_TO_AXON_INJURY	GOBP_RESPONSE_TO_AXON_INJURY		80	0.41717646	1.440405	0.011976048	0.73638135	1.0	1965	tags=30%, list=10%, signal=33%	
GOBP_GLYCEROL_ETHER_METABOLIC_PROCESS	GOBP_GLYCEROL_ETHER_METABOLIC_PROCESS		19	0.56192225	1.4397444	0.056737587	0.73242074	1.0	4336	tags=58%, list=22%, signal=74%	
GOBP_PROTEIN_TRANSMEMBRANE_IMPORT_INTO_INTRACELLULAR_ORGANELLE	GOBP_PROTEIN_TRANSMEMBRANE_IMPORT_INTO_INTRACELLULAR_ORGANELLE		38	0.4742779	1.4369482	0.035629455	0.73935866	1.0	6044	tags=50%, list=31%, signal=72%	
GOBP_ADRENAL_GLAND_DEVELOPMENT	GOBP_ADRENAL_GLAND_DEVELOPMENT		27	0.5136118	1.4355233	0.03794643	0.7386884	1.0	3254	tags=44%, list=17%, signal=53%	
GOCC_APICAL_DENDRITE	GOCC_APICAL_DENDRITE		17	0.56942266	1.4349858	0.06481481	0.7342346	1.0	1396	tags=24%, list=7%, signal=25%	
GOMF_C_ACYLTRANSFERASE_ACTIVITY	GOMF_C_ACYLTRANSFERASE_ACTIVITY		19	0.5541623	1.4333695	0.057416268	0.7352882	1.0	1897	tags=42%, list=10%, signal=47%	
GOCC_AXONEMAL_OUTER_DOUBLET	GOCC_AXONEMAL_OUTER_DOUBLET		21	0.5383025	1.4290602	0.06451613	0.7503101	1.0	5110	tags=43%, list=26%, signal=58%	
GOBP_ACYLGLYCEROL_HOMEOSTASIS	GOBP_ACYLGLYCEROL_HOMEOSTASIS		40	0.47530514	1.4289399	0.052505966	0.7438012	1.0	1816	tags=25%, list=9%, signal=28%	
GOCC_GLIAL_CELL_PROJECTION	GOCC_GLIAL_CELL_PROJECTION		39	0.4782937	1.4280831	0.045673076	0.74133664	1.0	3322	tags=31%, list=17%, signal=37%	
GOMF_LIGASE_ACTIVITY_FORMING_CARBON_OXYGEN_BONDS	GOMF_LIGASE_ACTIVITY_FORMING_CARBON_OXYGEN_BONDS		20	0.54046637	1.4272183	0.06094808	0.73872244	1.0	3204	tags=30%, list=16%, signal=36%	
GOBP_GTP_METABOLIC_PROCESS	GOBP_GTP_METABOLIC_PROCESS		23	0.5225633	1.426534	0.06544503	0.7352427	1.0	2523	tags=30%, list=13%, signal=35%	
GOBP_BARBED_END_ACTIN_FILAMENT_CAPPING	GOBP_BARBED_END_ACTIN_FILAMENT_CAPPING		23	0.5205765	1.4264592	0.05361305	0.72897226	1.0	4018	tags=43%, list=21%, signal=55%	
GOMF_OXIDOREDUCTASE_ACTIVITY_ACTING_ON_NAD_P_H_QUINONE_OR_SIMILAR_COMPOUND_AS_ACCEPTOR	GOMF_OXIDOREDUCTASE_ACTIVITY_ACTING_ON_NAD_P_H_QUINONE_OR_SIMILAR_COMPOUND_AS_ACCEPTOR		48	0.4424121	1.4262311	0.032432433	0.7235265	1.0	6571	tags=52%, list=34%, signal=79%	
GOBP_SPERM_MOTILITY	GOBP_SPERM_MOTILITY		121	0.38313642	1.4248123	0.0030864198	0.7240939	1.0	4356	tags=30%, list=22%, signal=38%	
GOBP_SECONDARY_METABOLIC_PROCESS	GOBP_SECONDARY_METABOLIC_PROCESS		56	0.43709528	1.4242065	0.0265252	0.72086936	1.0	1907	tags=20%, list=10%, signal=22%	
GOMF_RIBOSOMAL_SMALL_SUBUNIT_BINDING	GOMF_RIBOSOMAL_SMALL_SUBUNIT_BINDING		17	0.5594326	1.4241158	0.05882353	0.7149803	1.0	1141	tags=18%, list=6%, signal=19%	
GOBP_NEGATIVE_REGULATION_OF_CELL_JUNCTION_ASSEMBLY	GOBP_NEGATIVE_REGULATION_OF_CELL_JUNCTION_ASSEMBLY		30	0.49942484	1.423752	0.057831325	0.7106089	1.0	505	tags=20%, list=3%, signal=21%	
GOBP_PROTEIN_REFOLDING	GOBP_PROTEIN_REFOLDING		26	0.51455396	1.4232708	0.070217915	0.7068373	1.0	2533	tags=27%, list=13%, signal=31%	
GOBP_POSITIVE_REGULATION_OF_ORGANIC_ACID_TRANSPORT	GOBP_POSITIVE_REGULATION_OF_ORGANIC_ACID_TRANSPORT		44	0.4559429	1.4222062	0.040871933	0.7059598	1.0	1728	tags=27%, list=9%, signal=30%	
GOBP_C4_DICARBOXYLATE_TRANSPORT	GOBP_C4_DICARBOXYLATE_TRANSPORT		28	0.49786916	1.4218111	0.05	0.70181394	1.0	2272	tags=29%, list=12%, signal=32%	
GOBP_LAMELLIPODIUM_MORPHOGENESIS	GOBP_LAMELLIPODIUM_MORPHOGENESIS		18	0.5586704	1.42011	0.07305936	0.7041224	1.0	6421	tags=61%, list=33%, signal=91%	
GOBP_PROTEIN_TARGETING	GOBP_PROTEIN_TARGETING		307	0.33967134	1.4166493	0.0	0.71480864	1.0	5534	tags=41%, list=28%, signal=56%	
GOMF_CULLIN_FAMILY_PROTEIN_BINDING	GOMF_CULLIN_FAMILY_PROTEIN_BINDING		24	0.51767975	1.4164033	0.065375306	0.70987666	1.0	1835	tags=33%, list=9%, signal=37%	
GOBP_CILIUM_MOVEMENT	GOBP_CILIUM_MOVEMENT		172	0.36388132	1.4154323	0.0	0.70897025	1.0	2897	tags=21%, list=15%, signal=24%	
GOCC_TRIGLYCERIDE_RICH_PLASMA_LIPOPROTEIN_PARTICLE	GOCC_TRIGLYCERIDE_RICH_PLASMA_LIPOPROTEIN_PARTICLE		19	0.5508098	1.4136246	0.08571429	0.7122286	1.0	756	tags=21%, list=4%, signal=22%	
GOBP_TRNA_WOBBLE_BASE_MODIFICATION	GOBP_TRNA_WOBBLE_BASE_MODIFICATION		17	0.5576372	1.4124604	0.080091536	0.71182877	1.0	4489	tags=47%, list=23%, signal=61%	
GOMF_LIPID_PHOSPHATASE_ACTIVITY	GOMF_LIPID_PHOSPHATASE_ACTIVITY		18	0.5553825	1.4119966	0.084337346	0.7082931	1.0	1227	tags=28%, list=6%, signal=30%	
GOCC_CILIARY_PLASM	GOCC_CILIARY_PLASM		138	0.36460385	1.4102261	0.006451613	0.7112617	1.0	3958	tags=32%, list=20%, signal=40%	
GOBP_CILIUM_OR_FLAGELLUM_DEPENDENT_CELL_MOTILITY	GOBP_CILIUM_OR_FLAGELLUM_DEPENDENT_CELL_MOTILITY		146	0.3717178	1.4097939	0.010169491	0.70766777	1.0	4356	tags=29%, list=22%, signal=37%	
GOBP_DETECTION_OF_VISIBLE_LIGHT	GOBP_DETECTION_OF_VISIBLE_LIGHT		48	0.44778514	1.408893	0.04221636	0.7061332	1.0	3639	tags=27%, list=19%, signal=33%	
GOBP_REGULATION_OF_SYSTEMIC_ARTERIAL_BLOOD_PRESSURE_BY_CIRCULATORY_RENIN_ANGIOTENSIN	GOBP_REGULATION_OF_SYSTEMIC_ARTERIAL_BLOOD_PRESSURE_BY_CIRCULATORY_RENIN_ANGIOTENSIN		18	0.5573198	1.4087008	0.08674699	0.70164496	1.0	1502	tags=28%, list=8%, signal=30%	
GOBP_POSITIVE_REGULATION_OF_FATTY_ACID_BIOSYNTHETIC_PROCESS	GOBP_POSITIVE_REGULATION_OF_FATTY_ACID_BIOSYNTHETIC_PROCESS		21	0.5230754	1.4022591	0.08685969	0.7270309	1.0	1094	tags=24%, list=6%, signal=25%	
GOBP_CHAPERONE_MEDIATED_PROTEIN_COMPLEX_ASSEMBLY	GOBP_CHAPERONE_MEDIATED_PROTEIN_COMPLEX_ASSEMBLY		22	0.5227236	1.4016948	0.07534247	0.7240147	1.0	1695	tags=32%, list=9%, signal=35%	
GOBP_NEGATIVE_REGULATION_OF_ACTIN_FILAMENT_POLYMERIZATION	GOBP_NEGATIVE_REGULATION_OF_ACTIN_FILAMENT_POLYMERIZATION		60	0.42106318	1.4004974	0.034210525	0.7243449	1.0	3718	tags=37%, list=19%, signal=45%	
GOBP_CILIUM_ORGANIZATION	GOBP_CILIUM_ORGANIZATION		376	0.33066797	1.3998077	0.0	0.72218305	1.0	4231	tags=32%, list=22%, signal=40%	
GOBP_DIACYLGLYCEROL_METABOLIC_PROCESS	GOBP_DIACYLGLYCEROL_METABOLIC_PROCESS		27	0.50300336	1.3988494	0.08997429	0.7212012	1.0	2362	tags=26%, list=12%, signal=29%	
GOCC_CYTOSOLIC_LARGE_RIBOSOMAL_SUBUNIT	GOCC_CYTOSOLIC_LARGE_RIBOSOMAL_SUBUNIT		54	0.42625478	1.398228	0.04178273	0.7186303	1.0	7183	tags=56%, list=37%, signal=88%	
GOBP_REGULATION_OF_PROTEIN_EXPORT_FROM_NUCLEUS	GOBP_REGULATION_OF_PROTEIN_EXPORT_FROM_NUCLEUS		35	0.46627337	1.3954164	0.054054055	0.7266593	1.0	3637	tags=34%, list=19%, signal=42%	
GOBP_MESODERMAL_CELL_FATE_COMMITMENT	GOBP_MESODERMAL_CELL_FATE_COMMITMENT		18	0.5480838	1.3945222	0.09628009	0.7256225	1.0	1527	tags=22%, list=8%, signal=24%	
GOCC_CELL_BODY_MEMBRANE	GOCC_CELL_BODY_MEMBRANE		32	0.47731382	1.3940623	0.06030151	0.722665	1.0	3542	tags=28%, list=18%, signal=34%	
GOBP_ASPARTATE_TRANSMEMBRANE_TRANSPORT	GOBP_ASPARTATE_TRANSMEMBRANE_TRANSPORT		20	0.5336656	1.3936567	0.06912442	0.7195192	1.0	2272	tags=35%, list=12%, signal=40%	
GOBP_PROTEIN_LOCALIZATION_TO_CILIUM	GOBP_PROTEIN_LOCALIZATION_TO_CILIUM		65	0.40811756	1.3922746	0.029649595	0.7207478	1.0	4286	tags=43%, list=22%, signal=55%	
GOBP_POSITIVE_REGULATION_OF_ATP_METABOLIC_PROCESS	GOBP_POSITIVE_REGULATION_OF_ATP_METABOLIC_PROCESS		30	0.4841408	1.3912213	0.08163265	0.7205163	1.0	3322	tags=33%, list=17%, signal=40%	
GOBP_NEUTRAL_LIPID_BIOSYNTHETIC_PROCESS	GOBP_NEUTRAL_LIPID_BIOSYNTHETIC_PROCESS		51	0.42997766	1.3906459	0.057692308	0.7183077	1.0	2362	tags=27%, list=12%, signal=31%	
GOBP_NEGATIVE_REGULATION_OF_INTRINSIC_APOPTOTIC_SIGNALING_PATHWAY_IN_RESPONSE_TO_DNA_DAMAGE	GOBP_NEGATIVE_REGULATION_OF_INTRINSIC_APOPTOTIC_SIGNALING_PATHWAY_IN_RESPONSE_TO_DNA_DAMAGE		28	0.48803434	1.3857893	0.07801419	0.73609847	1.0	1466	tags=21%, list=8%, signal=23%	
GOBP_POSITIVE_REGULATION_OF_VASOCONSTRICTION	GOBP_POSITIVE_REGULATION_OF_VASOCONSTRICTION		31	0.46485147	1.3848269	0.073891625	0.73559654	1.0	2685	tags=23%, list=14%, signal=26%	
GOBP_PROTEIN_LOCALIZATION_TO_MITOCHONDRION	GOBP_PROTEIN_LOCALIZATION_TO_MITOCHONDRION		118	0.3684346	1.3798983	0.01607717	0.753371	1.0	4346	tags=35%, list=22%, signal=44%	
GOBP_PROTEIN_IMPORT_INTO_PEROXISOME_MATRIX	GOBP_PROTEIN_IMPORT_INTO_PEROXISOME_MATRIX		15	0.55646664	1.3796903	0.10085837	0.74911594	1.0	5821	tags=60%, list=30%, signal=86%	
GOCC_PERIKARYON	GOCC_PERIKARYON		145	0.35962167	1.3791518	0.026666667	0.74648494	1.0	3194	tags=28%, list=16%, signal=33%	
GOMF_ACYLTRANSFERASE_ACTIVITY_TRANSFERRING_GROUPS_OTHER_THAN_AMINO_ACYL_GROUPS	GOMF_ACYLTRANSFERASE_ACTIVITY_TRANSFERRING_GROUPS_OTHER_THAN_AMINO_ACYL_GROUPS		209	0.34228408	1.3787042	0.0034843206	0.7434153	1.0	4225	tags=32%, list=22%, signal=41%	
GOBP_CDC42_PROTEIN_SIGNAL_TRANSDUCTION	GOBP_CDC42_PROTEIN_SIGNAL_TRANSDUCTION		16	0.54828167	1.3783505	0.08764045	0.7400267	1.0	39	tags=13%, list=0%, signal=13%	
GOBP_MODIFICATION_OF_POSTSYNAPTIC_STRUCTURE	GOBP_MODIFICATION_OF_POSTSYNAPTIC_STRUCTURE		22	0.5132511	1.3781142	0.07823961	0.7361407	1.0	4965	tags=50%, list=26%, signal=67%	
GOBP_PLASMA_LIPOPROTEIN_PARTICLE_CLEARANCE	GOBP_PLASMA_LIPOPROTEIN_PARTICLE_CLEARANCE		40	0.44900054	1.3776935	0.069587626	0.73329103	1.0	756	tags=18%, list=4%, signal=18%	
GOMF_METALLOEXOPEPTIDASE_ACTIVITY	GOMF_METALLOEXOPEPTIDASE_ACTIVITY		65	0.4072315	1.3774942	0.042895444	0.72928196	1.0	2972	tags=26%, list=15%, signal=31%	
GOMF_RIBONUCLEOPROTEIN_COMPLEX_BINDING	GOMF_RIBONUCLEOPROTEIN_COMPLEX_BINDING		154	0.3552019	1.3763869	0.017857144	0.7294939	1.0	4900	tags=34%, list=25%, signal=45%	
GOBP_URONIC_ACID_METABOLIC_PROCESS	GOBP_URONIC_ACID_METABOLIC_PROCESS		25	0.49908966	1.3763684	0.066508316	0.7248458	1.0	6570	tags=44%, list=34%, signal=66%	
GOBP_ESTABLISHMENT_OF_MITOCHONDRION_LOCALIZATION	GOBP_ESTABLISHMENT_OF_MITOCHONDRION_LOCALIZATION		32	0.46168184	1.3754236	0.07631579	0.7244076	1.0	3531	tags=38%, list=18%, signal=46%	
GOBP_REGULATION_OF_OXIDATIVE_STRESS_INDUCED_INTRINSIC_APOPTOTIC_SIGNALING_PATHWAY	GOBP_REGULATION_OF_OXIDATIVE_STRESS_INDUCED_INTRINSIC_APOPTOTIC_SIGNALING_PATHWAY		40	0.44684523	1.3741097	0.0479798	0.72594434	1.0	2057	tags=25%, list=11%, signal=28%	
GOMF_PEPTIDOGLYCAN_BINDING	GOMF_PEPTIDOGLYCAN_BINDING		18	0.53675205	1.3736628	0.09684685	0.7232725	1.0	1413	tags=22%, list=7%, signal=24%	
GOBP_REGULATION_OF_AMYLOID_FIBRIL_FORMATION	GOBP_REGULATION_OF_AMYLOID_FIBRIL_FORMATION		16	0.5581161	1.3709414	0.09756097	0.7318423	1.0	5278	tags=50%, list=27%, signal=69%	
GOMF_ACYL_COA_HYDROLASE_ACTIVITY	GOMF_ACYL_COA_HYDROLASE_ACTIVITY		23	0.5070732	1.3703469	0.09547739	0.7297523	1.0	4376	tags=35%, list=23%, signal=45%	
GOBP_REGULATION_OF_EXTRINSIC_APOPTOTIC_SIGNALING_PATHWAY_IN_ABSENCE_OF_LIGAND	GOBP_REGULATION_OF_EXTRINSIC_APOPTOTIC_SIGNALING_PATHWAY_IN_ABSENCE_OF_LIGAND		43	0.4409229	1.3682317	0.06582279	0.7348158	1.0	2104	tags=23%, list=11%, signal=26%	
GOCC_AMPA_GLUTAMATE_RECEPTOR_COMPLEX	GOCC_AMPA_GLUTAMATE_RECEPTOR_COMPLEX		23	0.50098646	1.367482	0.095011875	0.73353976	1.0	864	tags=13%, list=4%, signal=14%	
GOBP_NUCLEOTIDE_SUGAR_BIOSYNTHETIC_PROCESS	GOBP_NUCLEOTIDE_SUGAR_BIOSYNTHETIC_PROCESS		17	0.51923	1.3672009	0.08685969	0.7303402	1.0	3498	tags=47%, list=18%, signal=57%	
GOBP_REGULATION_OF_SYSTEMIC_ARTERIAL_BLOOD_PRESSURE_BY_HORMONE	GOBP_REGULATION_OF_SYSTEMIC_ARTERIAL_BLOOD_PRESSURE_BY_HORMONE		38	0.44669214	1.3653282	0.06823529	0.7342934	1.0	1502	tags=26%, list=8%, signal=28%	
GOBP_POSITIVE_REGULATION_OF_PROTEIN_EXPORT_FROM_NUCLEUS	GOBP_POSITIVE_REGULATION_OF_PROTEIN_EXPORT_FROM_NUCLEUS		20	0.52887094	1.3644942	0.09447005	0.7335852	1.0	2298	tags=30%, list=12%, signal=34%	
GOBP_ACTIN_FILAMENT_DEPOLYMERIZATION	GOBP_ACTIN_FILAMENT_DEPOLYMERIZATION		56	0.41274953	1.3642807	0.05882353	0.7300602	1.0	3718	tags=36%, list=19%, signal=44%	
GOBP_ETHER_METABOLIC_PROCESS	GOBP_ETHER_METABOLIC_PROCESS		24	0.49449554	1.3635156	0.09318182	0.729085	1.0	4336	tags=54%, list=22%, signal=70%	
GOBP_SERTOLI_CELL_DEVELOPMENT	GOBP_SERTOLI_CELL_DEVELOPMENT		15	0.5532622	1.363326	0.07964602	0.725734	1.0	4311	tags=67%, list=22%, signal=86%	
GOBP_ICOSANOID_SECRETION	GOBP_ICOSANOID_SECRETION		45	0.43675962	1.3626982	0.060759492	0.7242473	1.0	1728	tags=20%, list=9%, signal=22%	
GOMF_MITOGEN_ACTIVATED_PROTEIN_KINASE_BINDING	GOMF_MITOGEN_ACTIVATED_PROTEIN_KINASE_BINDING		29	0.47216856	1.3618432	0.08695652	0.7235511	1.0	1456	tags=24%, list=7%, signal=26%	
GOBP_CELL_FATE_COMMITMENT_INVOLVED_IN_FORMATION_OF_PRIMARY_GERM_LAYER	GOBP_CELL_FATE_COMMITMENT_INVOLVED_IN_FORMATION_OF_PRIMARY_GERM_LAYER		33	0.4533368	1.3592377	0.06775701	0.73128164	1.0	2053	tags=21%, list=11%, signal=24%	
GOBP_REGULATION_OF_RYANODINE_SENSITIVE_CALCIUM_RELEASE_CHANNEL_ACTIVITY	GOBP_REGULATION_OF_RYANODINE_SENSITIVE_CALCIUM_RELEASE_CHANNEL_ACTIVITY		22	0.4960475	1.3574586	0.10381356	0.7353314	1.0	2193	tags=27%, list=11%, signal=31%	
GOBP_PROTEIN_HOMOTETRAMERIZATION	GOBP_PROTEIN_HOMOTETRAMERIZATION		61	0.40685308	1.3555138	0.057692308	0.7400122	1.0	4446	tags=43%, list=23%, signal=55%	
GOBP_OLIGODENDROCYTE_DEVELOPMENT	GOBP_OLIGODENDROCYTE_DEVELOPMENT		45	0.42999223	1.3549193	0.052896727	0.73871994	1.0	2642	tags=29%, list=14%, signal=33%	
GOBP_RIBOSOMAL_LARGE_SUBUNIT_ASSEMBLY	GOBP_RIBOSOMAL_LARGE_SUBUNIT_ASSEMBLY		21	0.504516	1.3543578	0.089108914	0.73721343	1.0	3015	tags=24%, list=16%, signal=28%	
GOBP_POSITIVE_REGULATION_OF_LIPID_CATABOLIC_PROCESS	GOBP_POSITIVE_REGULATION_OF_LIPID_CATABOLIC_PROCESS		26	0.48922402	1.3514894	0.09389672	0.7460698	1.0	2222	tags=23%, list=11%, signal=26%	
GOBP_REGULATION_OF_GLYCOGEN_METABOLIC_PROCESS	GOBP_REGULATION_OF_GLYCOGEN_METABOLIC_PROCESS		31	0.46934074	1.35114	0.09761905	0.74346566	1.0	3181	tags=29%, list=16%, signal=35%	
GOBP_CHOLESTEROL_EFFLUX	GOBP_CHOLESTEROL_EFFLUX		57	0.40875322	1.3480003	0.05511811	0.7541216	1.0	2202	tags=21%, list=11%, signal=24%	
GOBP_REGULATION_OF_CYTOPLASMIC_TRANSLATION	GOBP_REGULATION_OF_CYTOPLASMIC_TRANSLATION		35	0.4573185	1.3471526	0.066831686	0.7539908	1.0	5277	tags=43%, list=27%, signal=59%	
GOBP_MICROTUBULE_BASED_MOVEMENT	GOBP_MICROTUBULE_BASED_MOVEMENT		375	0.32063076	1.3471303	0.0	0.74988055	1.0	4258	tags=29%, list=22%, signal=37%	
GOBP_L_AMINO_ACID_BIOSYNTHETIC_PROCESS	GOBP_L_AMINO_ACID_BIOSYNTHETIC_PROCESS		56	0.40754288	1.3462256	0.07631579	0.75006455	1.0	3895	tags=39%, list=20%, signal=49%	
GOMF_NADPH_BINDING	GOMF_NADPH_BINDING		16	0.55095	1.3456954	0.114224136	0.7485703	1.0	3597	tags=63%, list=19%, signal=77%	
GOBP_SPHINGOLIPID_BIOSYNTHETIC_PROCESS	GOBP_SPHINGOLIPID_BIOSYNTHETIC_PROCESS		104	0.37036425	1.3456653	0.020547945	0.744598	1.0	2682	tags=28%, list=14%, signal=32%	
GOBP_PEPTIDYL_L_CYSTEINE_S_PALMITOYLATION	GOBP_PEPTIDYL_L_CYSTEINE_S_PALMITOYLATION		22	0.50067365	1.3451109	0.088607594	0.7430695	1.0	5094	tags=59%, list=26%, signal=80%	
GOBP_NEGATIVE_REGULATION_OF_CALCIUM_MEDIATED_SIGNALING	GOBP_NEGATIVE_REGULATION_OF_CALCIUM_MEDIATED_SIGNALING		21	0.5032904	1.3444098	0.12064965	0.7423036	1.0	2687	tags=38%, list=14%, signal=44%	
GOBP_NEGATIVE_REGULATION_OF_ENDOPLASMIC_RETICULUM_STRESS_INDUCED_INTRINSIC_APOPTOTIC_SIGNALING_PATHWAY	GOBP_NEGATIVE_REGULATION_OF_ENDOPLASMIC_RETICULUM_STRESS_INDUCED_INTRINSIC_APOPTOTIC_SIGNALING_PATHWAY		17	0.55487263	1.343839	0.109619685	0.7408253	1.0	5507	tags=53%, list=28%, signal=74%	
GOBP_POSITIVE_REGULATION_OF_STRIATED_MUSCLE_CELL_DIFFERENTIATION	GOBP_POSITIVE_REGULATION_OF_STRIATED_MUSCLE_CELL_DIFFERENTIATION		41	0.4413409	1.3436184	0.055837564	0.73789024	1.0	1401	tags=22%, list=7%, signal=24%	
GOBP_PLATELET_DENSE_GRANULE_ORGANIZATION	GOBP_PLATELET_DENSE_GRANULE_ORGANIZATION		24	0.48988748	1.3425714	0.09352518	0.7386389	1.0	5368	tags=42%, list=28%, signal=58%	
GOCC_ASYMMETRIC_GLUTAMATERGIC_EXCITATORY_SYNAPSE	GOCC_ASYMMETRIC_GLUTAMATERGIC_EXCITATORY_SYNAPSE		15	0.55762124	1.3417596	0.13163972	0.73827237	1.0	831	tags=20%, list=4%, signal=21%	
GOBP_MODIFICATION_OF_SYNAPTIC_STRUCTURE	GOBP_MODIFICATION_OF_SYNAPTIC_STRUCTURE		27	0.47090286	1.341748	0.114713214	0.73441947	1.0	4965	tags=52%, list=26%, signal=70%	
GOBP_PROTEIN_TRANSMEMBRANE_TRANSPORT	GOBP_PROTEIN_TRANSMEMBRANE_TRANSPORT		73	0.3856937	1.3398641	0.048158642	0.73928744	1.0	6044	tags=52%, list=31%, signal=75%	
GOBP_REGULATION_OF_COMPLEMENT_ACTIVATION	GOBP_REGULATION_OF_COMPLEMENT_ACTIVATION		18	0.51379335	1.3393339	0.10874704	0.7380926	1.0	1859	tags=33%, list=10%, signal=37%	
GOMF_VOLTAGE_GATED_CALCIUM_CHANNEL_ACTIVITY	GOMF_VOLTAGE_GATED_CALCIUM_CHANNEL_ACTIVITY		43	0.4374369	1.3390195	0.07177033	0.73565775	1.0	3048	tags=23%, list=16%, signal=28%	
GOBP_S_ADENOSYLMETHIONINE_METABOLIC_PROCESS	GOBP_S_ADENOSYLMETHIONINE_METABOLIC_PROCESS		16	0.5267255	1.3366174	0.11238532	0.742632	1.0	2708	tags=38%, list=14%, signal=44%	
GOBP_REGULATION_OF_MITOCHONDRIAL_TRANSLATION	GOBP_REGULATION_OF_MITOCHONDRIAL_TRANSLATION		24	0.4967746	1.3365356	0.11893204	0.73924243	1.0	3105	tags=38%, list=16%, signal=45%	
GOBP_RIBOSOMAL_LARGE_SUBUNIT_BIOGENESIS	GOBP_RIBOSOMAL_LARGE_SUBUNIT_BIOGENESIS		62	0.39658847	1.335441	0.055555556	0.7402	1.0	5342	tags=35%, list=28%, signal=49%	
GOMF_VOLTAGE_GATED_MONOATOMIC_CATION_CHANNEL_ACTIVITY	GOMF_VOLTAGE_GATED_MONOATOMIC_CATION_CHANNEL_ACTIVITY		142	0.3487883	1.3331187	0.0	0.74701107	1.0	2714	tags=18%, list=14%, signal=21%	
GOBP_SEX_CHROMOSOME_DOSAGE_COMPENSATION	GOBP_SEX_CHROMOSOME_DOSAGE_COMPENSATION		15	0.53988725	1.3301058	0.13686535	0.7571016	1.0	1503	tags=27%, list=8%, signal=29%	
GOBP_REGULATION_OF_LIPOPROTEIN_PARTICLE_CLEARANCE	GOBP_REGULATION_OF_LIPOPROTEIN_PARTICLE_CLEARANCE		21	0.50542533	1.3294816	0.1076555	0.75608	1.0	2852	tags=33%, list=15%, signal=39%	
GOBP_PROSTAGLANDIN_SECRETION	GOBP_PROSTAGLANDIN_SECRETION		17	0.52522796	1.3275199	0.15207373	0.7613324	1.0	1401	tags=29%, list=7%, signal=32%	
GOBP_REGULATION_OF_LIPID_TRANSPORT	GOBP_REGULATION_OF_LIPID_TRANSPORT		126	0.3526451	1.3274866	0.020066889	0.7576675	1.0	2318	tags=21%, list=12%, signal=24%	
GOCC_NEURON_PROJECTION_CYTOPLASM	GOCC_NEURON_PROJECTION_CYTOPLASM		89	0.36832467	1.327403	0.039215688	0.75427634	1.0	4545	tags=36%, list=23%, signal=47%	
GOBP_POSITIVE_REGULATION_OF_MACROPHAGE_DIFFERENTIATION	GOBP_POSITIVE_REGULATION_OF_MACROPHAGE_DIFFERENTIATION		15	0.54545313	1.3272742	0.1554054	0.75112975	1.0	1574	tags=33%, list=8%, signal=36%	
GOBP_NEGATIVE_REGULATION_OF_NERVOUS_SYSTEM_PROCESS	GOBP_NEGATIVE_REGULATION_OF_NERVOUS_SYSTEM_PROCESS		15	0.5360168	1.3244194	0.13583139	0.76074517	1.0	2342	tags=47%, list=12%, signal=53%	
GOBP_REGULATION_OF_INTEGRIN_MEDIATED_SIGNALING_PATHWAY	GOBP_REGULATION_OF_INTEGRIN_MEDIATED_SIGNALING_PATHWAY		20	0.49903017	1.323631	0.12348668	0.76046044	1.0	2380	tags=40%, list=12%, signal=46%	
GOBP_AXO_DENDRITIC_TRANSPORT	GOBP_AXO_DENDRITIC_TRANSPORT		79	0.38132167	1.3217766	0.03560831	0.76467353	1.0	3531	tags=32%, list=18%, signal=39%	
GOBP_MOTILE_CILIUM_ASSEMBLY	GOBP_MOTILE_CILIUM_ASSEMBLY		63	0.38962317	1.320983	0.06896552	0.7645422	1.0	5011	tags=38%, list=26%, signal=51%	
GOBP_POSITIVE_REGULATION_OF_NUCLEOTIDE_CATABOLIC_PROCESS	GOBP_POSITIVE_REGULATION_OF_NUCLEOTIDE_CATABOLIC_PROCESS		20	0.491083	1.3209313	0.0913242	0.7610828	1.0	3130	tags=35%, list=16%, signal=42%	
GOBP_INTRINSIC_APOPTOTIC_SIGNALING_PATHWAY_IN_RESPONSE_TO_OXIDATIVE_STRESS	GOBP_INTRINSIC_APOPTOTIC_SIGNALING_PATHWAY_IN_RESPONSE_TO_OXIDATIVE_STRESS		57	0.40369675	1.3209295	0.055851065	0.7574238	1.0	3827	tags=32%, list=20%, signal=39%	
GOCC_DYNEIN_COMPLEX	GOCC_DYNEIN_COMPLEX		43	0.42512277	1.3200006	0.08695652	0.75805855	1.0	2354	tags=26%, list=12%, signal=29%	
GOBP_REGULATION_OF_MOTOR_NEURON_APOPTOTIC_PROCESS	GOBP_REGULATION_OF_MOTOR_NEURON_APOPTOTIC_PROCESS		15	0.5469324	1.319823	0.12585813	0.7553994	1.0	2466	tags=40%, list=13%, signal=46%	
GOBP_CELL_CELL_ADHESION_MEDIATED_BY_INTEGRIN	GOBP_CELL_CELL_ADHESION_MEDIATED_BY_INTEGRIN		18	0.5138648	1.3190007	0.12293144	0.7552621	1.0	882	tags=28%, list=5%, signal=29%	
GOMF_MANNOSYLTRANSFERASE_ACTIVITY	GOMF_MANNOSYLTRANSFERASE_ACTIVITY		22	0.49566787	1.3188232	0.12698413	0.75250256	1.0	4331	tags=45%, list=22%, signal=58%	
GOBP_CEREBELLAR_PURKINJE_CELL_LAYER_DEVELOPMENT	GOBP_CEREBELLAR_PURKINJE_CELL_LAYER_DEVELOPMENT		25	0.4765002	1.3184211	0.09662921	0.75072604	1.0	6327	tags=64%, list=33%, signal=95%	
GOCC_FILOPODIUM_TIP	GOCC_FILOPODIUM_TIP		18	0.50962335	1.3153691	0.12009238	0.7604812	1.0	2973	tags=44%, list=15%, signal=52%	
GOCC_MICROBODY_MEMBRANE	GOCC_MICROBODY_MEMBRANE		62	0.39344755	1.3135273	0.06318682	0.7653573	1.0	4429	tags=40%, list=23%, signal=52%	
GOBP_REGULATION_OF_POLYSACCHARIDE_METABOLIC_PROCESS	GOBP_REGULATION_OF_POLYSACCHARIDE_METABOLIC_PROCESS		39	0.4260556	1.3127806	0.10025707	0.7651851	1.0	3181	tags=28%, list=16%, signal=34%	
GOBP_GLUCOSE_6_PHOSPHATE_METABOLIC_PROCESS	GOBP_GLUCOSE_6_PHOSPHATE_METABOLIC_PROCESS		27	0.46612287	1.3104746	0.125	0.77197534	1.0	2384	tags=33%, list=12%, signal=38%	
GOMF_THREONINE_TYPE_PEPTIDASE_ACTIVITY	GOMF_THREONINE_TYPE_PEPTIDASE_ACTIVITY		18	0.5195834	1.3097535	0.14772727	0.77169436	1.0	5775	tags=44%, list=30%, signal=63%	
GOBP_REGULATION_OF_SYNAPTIC_VESICLE_ENDOCYTOSIS	GOBP_REGULATION_OF_SYNAPTIC_VESICLE_ENDOCYTOSIS		18	0.50973797	1.3087603	0.14583333	0.7728421	1.0	4322	tags=50%, list=22%, signal=64%	
GOBP_REGULATION_OF_PROTEIN_TARGETING_TO_MEMBRANE	GOBP_REGULATION_OF_PROTEIN_TARGETING_TO_MEMBRANE		34	0.4411632	1.3085539	0.089411765	0.77031565	1.0	892	tags=18%, list=5%, signal=18%	
GOBP_CEREBELLAR_PURKINJE_CELL_LAYER_MORPHOGENESIS	GOBP_CEREBELLAR_PURKINJE_CELL_LAYER_MORPHOGENESIS		17	0.5168698	1.308093	0.114832535	0.76895386	1.0	1745	tags=29%, list=9%, signal=32%	
GOBP_POSITIVE_REGULATION_OF_OLIGODENDROCYTE_DIFFERENTIATION	GOBP_POSITIVE_REGULATION_OF_OLIGODENDROCYTE_DIFFERENTIATION		26	0.4632817	1.3075002	0.12064965	0.76829684	1.0	2581	tags=23%, list=13%, signal=27%	
GOCC_AUTOPHAGOSOME_MEMBRANE	GOCC_AUTOPHAGOSOME_MEMBRANE		50	0.41023365	1.306975	0.088709675	0.76717216	1.0	5156	tags=42%, list=27%, signal=57%	
GOBP_MITOCHONDRIAL_FUSION	GOBP_MITOCHONDRIAL_FUSION		33	0.438354	1.3067302	0.110539846	0.76494217	1.0	3883	tags=39%, list=20%, signal=49%	
GOBP_VIRAL_PROTEIN_PROCESSING	GOBP_VIRAL_PROTEIN_PROCESSING		31	0.4473664	1.3065021	0.104218364	0.7625647	1.0	2718	tags=35%, list=14%, signal=41%	
GOBP_SPERM_AXONEME_ASSEMBLY	GOBP_SPERM_AXONEME_ASSEMBLY		30	0.4544273	1.3046559	0.14285715	0.7673499	1.0	2027	tags=23%, list=10%, signal=26%	
GOBP_REGULATION_OF_FATTY_ACID_BIOSYNTHETIC_PROCESS	GOBP_REGULATION_OF_FATTY_ACID_BIOSYNTHETIC_PROCESS		44	0.4148482	1.3011497	0.12437811	0.77922827	1.0	2293	tags=23%, list=12%, signal=26%	
GOCC_MITOCHONDRIAL_SMALL_RIBOSOMAL_SUBUNIT	GOCC_MITOCHONDRIAL_SMALL_RIBOSOMAL_SUBUNIT		32	0.4520337	1.3000973	0.10294118	0.7804448	1.0	6842	tags=56%, list=35%, signal=87%	
GOBP_POSITIVE_REGULATION_OF_MUSCLE_CELL_DIFFERENTIATION	GOBP_POSITIVE_REGULATION_OF_MUSCLE_CELL_DIFFERENTIATION		66	0.38117543	1.2993262	0.07121662	0.78058565	1.0	1401	tags=20%, list=7%, signal=21%	
GOBP_GLUTATHIONE_METABOLIC_PROCESS	GOBP_GLUTATHIONE_METABOLIC_PROCESS		54	0.39451146	1.2983592	0.06793478	0.78170776	1.0	4385	tags=41%, list=23%, signal=52%	
GOMF_CHOLESTEROL_BINDING	GOMF_CHOLESTEROL_BINDING		51	0.39992288	1.2970268	0.088709675	0.78423387	1.0	1981	tags=27%, list=10%, signal=30%	
GOBP_AXIS_SPECIFICATION	GOBP_AXIS_SPECIFICATION		94	0.3600612	1.2959816	0.061971832	0.78558755	1.0	1849	tags=19%, list=10%, signal=21%	
GOBP_CRISTAE_FORMATION	GOBP_CRISTAE_FORMATION		16	0.52984315	1.2958403	0.16885965	0.7828843	1.0	3737	tags=44%, list=19%, signal=54%	
GOMF_SIALYLTRANSFERASE_ACTIVITY	GOMF_SIALYLTRANSFERASE_ACTIVITY		20	0.49354622	1.2945266	0.13636364	0.78562844	1.0	2632	tags=40%, list=14%, signal=46%	
GOBP_RETROGRADE_AXONAL_TRANSPORT	GOBP_RETROGRADE_AXONAL_TRANSPORT		22	0.48842612	1.2943724	0.12240185	0.78299236	1.0	3531	tags=36%, list=18%, signal=44%	
GOBP_NEGATIVE_REGULATION_OF_PROTEASOMAL_UBIQUITIN_DEPENDENT_PROTEIN_CATABOLIC_PROCESS	GOBP_NEGATIVE_REGULATION_OF_PROTEASOMAL_UBIQUITIN_DEPENDENT_PROTEIN_CATABOLIC_PROCESS		36	0.43513778	1.2937024	0.104116224	0.782731	1.0	3205	tags=22%, list=17%, signal=27%	
GOMF_NUCLEOSIDE_DIPHOSPHATE_PHOSPHATASE_ACTIVITY	GOMF_NUCLEOSIDE_DIPHOSPHATE_PHOSPHATASE_ACTIVITY		17	0.51264256	1.2935822	0.17078651	0.78000796	1.0	432	tags=24%, list=2%, signal=24%	
GOBP_NEGATIVE_REGULATION_OF_EXTRINSIC_APOPTOTIC_SIGNALING_PATHWAY	GOBP_NEGATIVE_REGULATION_OF_EXTRINSIC_APOPTOTIC_SIGNALING_PATHWAY		93	0.35769016	1.2918311	0.036923077	0.78431416	1.0	2332	tags=23%, list=12%, signal=26%	
GOBP_REGULATION_OF_PHOSPHOLIPID_TRANSPORT	GOBP_REGULATION_OF_PHOSPHOLIPID_TRANSPORT		15	0.531229	1.2917724	0.14893617	0.7813466	1.0	1101	tags=20%, list=6%, signal=21%	
GOBP_NEUTRAL_LIPID_METABOLIC_PROCESS	GOBP_NEUTRAL_LIPID_METABOLIC_PROCESS		130	0.33936575	1.2912724	0.045602605	0.78032595	1.0	2505	tags=22%, list=13%, signal=25%	
GOBP_GLUTAMATE_METABOLIC_PROCESS	GOBP_GLUTAMATE_METABOLIC_PROCESS		33	0.4365931	1.2908442	0.12244898	0.7789348	1.0	3494	tags=36%, list=18%, signal=44%	
GOBP_REGULATION_OF_GLYCOGEN_BIOSYNTHETIC_PROCESS	GOBP_REGULATION_OF_GLYCOGEN_BIOSYNTHETIC_PROCESS		24	0.46764138	1.290725	0.14691943	0.776186	1.0	3181	tags=29%, list=16%, signal=35%	
GOMF_PHOSPHOTRANSFERASE_ACTIVITY_PHOSPHATE_GROUP_AS_ACCEPTOR	GOMF_PHOSPHOTRANSFERASE_ACTIVITY_PHOSPHATE_GROUP_AS_ACCEPTOR		35	0.42428875	1.2904007	0.11448598	0.7744513	1.0	4205	tags=34%, list=22%, signal=44%	
GOBP_REGULATION_OF_GLUCOSE_METABOLIC_PROCESS	GOBP_REGULATION_OF_GLUCOSE_METABOLIC_PROCESS		91	0.35850507	1.2870911	0.05730659	0.7862438	1.0	3940	tags=32%, list=20%, signal=40%	
GOMF_MISFOLDED_PROTEIN_BINDING	GOMF_MISFOLDED_PROTEIN_BINDING		16	0.5194718	1.2862248	0.1556064	0.78701925	1.0	4640	tags=38%, list=24%, signal=49%	
GOBP_PROTEIN_FOLDING	GOBP_PROTEIN_FOLDING		207	0.32071206	1.2854013	0.016877636	0.7875738	1.0	3732	tags=26%, list=19%, signal=31%	
GOBP_OLIGODENDROCYTE_DIFFERENTIATION	GOBP_OLIGODENDROCYTE_DIFFERENTIATION		105	0.3483577	1.2852461	0.060869563	0.7850824	1.0	2684	tags=24%, list=14%, signal=27%	
GOMF_INTRAMOLECULAR_TRANSFERASE_ACTIVITY	GOMF_INTRAMOLECULAR_TRANSFERASE_ACTIVITY		28	0.44254005	1.284972	0.13253012	0.7831149	1.0	3470	tags=46%, list=18%, signal=56%	
GOCC_BLOOD_MICROPARTICLE	GOCC_BLOOD_MICROPARTICLE		108	0.35238037	1.2847853	0.047761194	0.7808665	1.0	2081	tags=23%, list=11%, signal=26%	
GOBP_REGULATION_OF_INTRINSIC_APOPTOTIC_SIGNALING_PATHWAY_IN_RESPONSE_TO_DNA_DAMAGE	GOBP_REGULATION_OF_INTRINSIC_APOPTOTIC_SIGNALING_PATHWAY_IN_RESPONSE_TO_DNA_DAMAGE		35	0.4243342	1.2839199	0.11868687	0.7817028	1.0	1717	tags=20%, list=9%, signal=22%	
GOBP_DEOXYRIBONUCLEOTIDE_CATABOLIC_PROCESS	GOBP_DEOXYRIBONUCLEOTIDE_CATABOLIC_PROCESS		28	0.45000705	1.2823472	0.11951219	0.78572583	1.0	1321	tags=25%, list=7%, signal=27%	
GOBP_RESPONSE_TO_VITAMIN_A	GOBP_RESPONSE_TO_VITAMIN_A		15	0.52677745	1.2821338	0.15238096	0.7835944	1.0	2505	tags=27%, list=13%, signal=31%	
GOMF_CIS_TRANS_ISOMERASE_ACTIVITY	GOMF_CIS_TRANS_ISOMERASE_ACTIVITY		40	0.4153795	1.2816474	0.12060302	0.7826264	1.0	3655	tags=30%, list=19%, signal=37%	
GOBP_NEGATIVE_REGULATION_OF_INTERLEUKIN_1_PRODUCTION	GOBP_NEGATIVE_REGULATION_OF_INTERLEUKIN_1_PRODUCTION		34	0.43381175	1.2812067	0.11111111	0.7814659	1.0	1577	tags=15%, list=8%, signal=16%	
GOMF_1_PHOSPHATIDYLINOSITOL_BINDING	GOMF_1_PHOSPHATIDYLINOSITOL_BINDING		15	0.5276154	1.2800839	0.152809	0.78340375	1.0	3757	tags=47%, list=19%, signal=58%	
GOBP_LONG_CHAIN_FATTY_ACYL_COA_BIOSYNTHETIC_PROCESS	GOBP_LONG_CHAIN_FATTY_ACYL_COA_BIOSYNTHETIC_PROCESS		19	0.4872944	1.2797226	0.17977528	0.78181	1.0	2682	tags=42%, list=14%, signal=49%	
GOMF_RNA_STEM_LOOP_BINDING	GOMF_RNA_STEM_LOOP_BINDING		15	0.5219972	1.2787496	0.18376069	0.7830485	1.0	3487	tags=40%, list=18%, signal=49%	
GOBP_ENDONUCLEOLYTIC_CLEAVAGE_OF_TRICISTRONIC_RRNA_TRANSCRIPT_SSU_RRNA_5_8S_RRNA_LSU_RRNA	GOBP_ENDONUCLEOLYTIC_CLEAVAGE_OF_TRICISTRONIC_RRNA_TRANSCRIPT_SSU_RRNA_5_8S_RRNA_LSU_RRNA		16	0.51986086	1.2786127	0.15367483	0.7806448	1.0	5070	tags=44%, list=26%, signal=59%	
GOBP_ESTABLISHMENT_OF_MITOCHONDRION_LOCALIZATION_MICROTUBULE_MEDIATED	GOBP_ESTABLISHMENT_OF_MITOCHONDRION_LOCALIZATION_MICROTUBULE_MEDIATED		26	0.4598803	1.2773999	0.1536643	0.7827122	1.0	3531	tags=38%, list=18%, signal=47%	
GOMF_MONOOXYGENASE_ACTIVITY	GOMF_MONOOXYGENASE_ACTIVITY		102	0.35185215	1.2766949	0.058309037	0.78298867	1.0	1958	tags=20%, list=10%, signal=22%	
GOBP_REGULATION_OF_CALCIUM_ION_TRANSMEMBRANE_TRANSPORTER_ACTIVITY	GOBP_REGULATION_OF_CALCIUM_ION_TRANSMEMBRANE_TRANSPORTER_ACTIVITY		60	0.38539764	1.2761987	0.08022922	0.7821338	1.0	4036	tags=33%, list=21%, signal=42%	
GOBP_MITOCHONDRIAL_TRANSPORT	GOBP_MITOCHONDRIAL_TRANSPORT		168	0.32418048	1.2760576	0.029508196	0.77981776	1.0	4774	tags=38%, list=25%, signal=49%	
GOBP_UBIQUINONE_METABOLIC_PROCESS	GOBP_UBIQUINONE_METABOLIC_PROCESS		17	0.50081193	1.2752929	0.14988814	0.7801789	1.0	4575	tags=47%, list=24%, signal=62%	
GOCC_CILIARY_BASAL_BODY	GOCC_CILIARY_BASAL_BODY		152	0.3287516	1.27501	0.033444814	0.77854484	1.0	4231	tags=34%, list=22%, signal=43%	
GOBP_SPHINGOLIPID_MEDIATED_SIGNALING_PATHWAY	GOBP_SPHINGOLIPID_MEDIATED_SIGNALING_PATHWAY		17	0.5101686	1.2741013	0.16475973	0.7795882	1.0	535	tags=18%, list=3%, signal=18%	
GOBP_ERYTHROSE_4_PHOSPHATE_PHOSPHOENOLPYRUVATE_FAMILY_AMINO_ACID_METABOLIC_PROCESS	GOBP_ERYTHROSE_4_PHOSPHATE_PHOSPHOENOLPYRUVATE_FAMILY_AMINO_ACID_METABOLIC_PROCESS		18	0.49301142	1.273517	0.16507177	0.77930814	1.0	3584	tags=50%, list=18%, signal=61%	
GOBP_AMIDE_METABOLIC_PROCESS	GOBP_AMIDE_METABOLIC_PROCESS		421	0.29594973	1.2729671	0.0	0.7787547	1.0	3130	tags=24%, list=16%, signal=28%	
GOBP_ANTEROGRADE_AXONAL_TRANSPORT	GOBP_ANTEROGRADE_AXONAL_TRANSPORT		51	0.39267993	1.2724913	0.10569106	0.77781576	1.0	4258	tags=37%, list=22%, signal=48%	
GOBP_NEGATIVE_REGULATION_OF_TYPE_2_IMMUNE_RESPONSE	GOBP_NEGATIVE_REGULATION_OF_TYPE_2_IMMUNE_RESPONSE		15	0.5125185	1.2717373	0.17724289	0.7781323	1.0	3900	tags=40%, list=20%, signal=50%	
GOBP_REGULATION_OF_LIPID_BIOSYNTHETIC_PROCESS	GOBP_REGULATION_OF_LIPID_BIOSYNTHETIC_PROCESS		171	0.3252239	1.269405	0.038869258	0.7855759	1.0	3288	tags=28%, list=17%, signal=33%	
GOBP_POSITIVE_REGULATION_OF_REPRODUCTIVE_PROCESS	GOBP_POSITIVE_REGULATION_OF_REPRODUCTIVE_PROCESS		83	0.36053112	1.2687165	0.07670455	0.7858373	1.0	2704	tags=20%, list=14%, signal=24%	
GOCC_BLOC_COMPLEX	GOCC_BLOC_COMPLEX		19	0.4891616	1.2683486	0.14352942	0.7845964	1.0	4905	tags=42%, list=25%, signal=56%	
GOBP_MAINTENANCE_OF_PROTEIN_LOCATION	GOBP_MAINTENANCE_OF_PROTEIN_LOCATION		88	0.3554859	1.2676098	0.05382436	0.7849626	1.0	4092	tags=35%, list=21%, signal=44%	
GOCC_CYTOPLASMIC_REGION	GOCC_CYTOPLASMIC_REGION		259	0.31105146	1.2675252	0.01793722	0.7824593	1.0	3958	tags=30%, list=20%, signal=37%	
GOCC_PRERIBOSOME_LARGE_SUBUNIT_PRECURSOR	GOCC_PRERIBOSOME_LARGE_SUBUNIT_PRECURSOR		19	0.49192613	1.2671276	0.17873304	0.7813744	1.0	5023	tags=32%, list=26%, signal=43%	
GOBP_STEROL_TRANSPORT	GOBP_STEROL_TRANSPORT		106	0.35026821	1.2670934	0.05059524	0.77867335	1.0	2466	tags=24%, list=13%, signal=27%	
GOBP_CHAPERONE_MEDIATED_PROTEIN_FOLDING	GOBP_CHAPERONE_MEDIATED_PROTEIN_FOLDING		75	0.36879596	1.2647166	0.10164835	0.7862363	1.0	5278	tags=39%, list=27%, signal=53%	
GOBP_CYTOSKELETON_DEPENDENT_INTRACELLULAR_TRANSPORT	GOBP_CYTOSKELETON_DEPENDENT_INTRACELLULAR_TRANSPORT		190	0.31653512	1.2635795	0.045614034	0.78833586	1.0	3531	tags=29%, list=18%, signal=36%	
GOBP_NEGATIVE_REGULATION_OF_ANOIKIS	GOBP_NEGATIVE_REGULATION_OF_ANOIKIS		18	0.4941039	1.2629037	0.16241299	0.7884591	1.0	723	tags=17%, list=4%, signal=17%	
GOBP_MAINTENANCE_OF_PROTEIN_LOCATION_IN_CELL	GOBP_MAINTENANCE_OF_PROTEIN_LOCATION_IN_CELL		66	0.3711615	1.2626184	0.0997151	0.7870961	1.0	3637	tags=35%, list=19%, signal=43%	
GOBP_GAMMA_AMINOBUTYRIC_ACID_TRANSPORT	GOBP_GAMMA_AMINOBUTYRIC_ACID_TRANSPORT		20	0.48670584	1.2623085	0.15384616	0.7857123	1.0	972	tags=20%, list=5%, signal=21%	
GOBP_POSITIVE_REGULATION_OF_CATION_CHANNEL_ACTIVITY	GOBP_POSITIVE_REGULATION_OF_CATION_CHANNEL_ACTIVITY		41	0.41550508	1.2620468	0.12383178	0.7840263	1.0	3123	tags=29%, list=16%, signal=35%	
GOBP_CHONDROITIN_SULFATE_BIOSYNTHETIC_PROCESS	GOBP_CHONDROITIN_SULFATE_BIOSYNTHETIC_PROCESS		19	0.48318115	1.2614474	0.17169374	0.7839051	1.0	4299	tags=53%, list=22%, signal=68%	
GOCC_PRC1_COMPLEX	GOCC_PRC1_COMPLEX		18	0.5008069	1.2608328	0.17767654	0.783756	1.0	4150	tags=44%, list=21%, signal=56%	
GOBP_NUCLEOSIDE_PHOSPHATE_CATABOLIC_PROCESS	GOBP_NUCLEOSIDE_PHOSPHATE_CATABOLIC_PROCESS		175	0.31921792	1.2605076	0.046979867	0.7824562	1.0	3248	tags=23%, list=17%, signal=28%	
GOBP_PROTEIN_PROCESSING	GOBP_PROTEIN_PROCESSING		233	0.3094052	1.2598327	0.025641026	0.7826092	1.0	2741	tags=24%, list=14%, signal=28%	
GOBP_CYTOPLASMIC_SEQUESTERING_OF_PROTEIN	GOBP_CYTOPLASMIC_SEQUESTERING_OF_PROTEIN		16	0.5079568	1.2589473	0.2087156	0.7837688	1.0	4244	tags=50%, list=22%, signal=64%	
GOBP_LONG_TERM_SYNAPTIC_DEPRESSION	GOBP_LONG_TERM_SYNAPTIC_DEPRESSION		31	0.4329851	1.2585918	0.14588235	0.78260905	1.0	1269	tags=16%, list=7%, signal=17%	
GOCC_OUTER_MEMBRANE	GOCC_OUTER_MEMBRANE		228	0.31131813	1.2585803	0.024896266	0.77993923	1.0	4444	tags=32%, list=23%, signal=42%	
GOBP_PROTEIN_LOCALIZATION_TO_NUCLEOLUS	GOBP_PROTEIN_LOCALIZATION_TO_NUCLEOLUS		15	0.51064694	1.2579131	0.19093078	0.7801039	1.0	4432	tags=33%, list=23%, signal=43%	
GOBP_AMINO_ACID_ACTIVATION	GOBP_AMINO_ACID_ACTIVATION		24	0.45477745	1.2577456	0.1826923	0.7781246	1.0	4739	tags=38%, list=24%, signal=50%	
GOBP_ICOSANOID_TRANSPORT	GOBP_ICOSANOID_TRANSPORT		60	0.38119486	1.2577409	0.10382514	0.7754883	1.0	149	tags=10%, list=1%, signal=10%	
GOBP_POSITIVE_REGULATION_OF_SMALL_MOLECULE_METABOLIC_PROCESS	GOBP_POSITIVE_REGULATION_OF_SMALL_MOLECULE_METABOLIC_PROCESS		133	0.34067956	1.2576725	0.061290324	0.77315104	1.0	3322	tags=28%, list=17%, signal=33%	
GOMF_STEROL_BINDING	GOMF_STEROL_BINDING		65	0.36778456	1.2575321	0.11666667	0.77109385	1.0	1981	tags=25%, list=10%, signal=27%	
GOCC_RIBOSOME	GOCC_RIBOSOME		226	0.31085494	1.2569555	0.03515625	0.7707539	1.0	6278	tags=41%, list=32%, signal=60%	
GOBP_PEPTIDYL_LYSINE_METHYLATION	GOBP_PEPTIDYL_LYSINE_METHYLATION		16	0.5049355	1.2560586	0.19764706	0.7719108	1.0	3506	tags=38%, list=18%, signal=46%	
GOMF_STEROL_TRANSFER_ACTIVITY	GOMF_STEROL_TRANSFER_ACTIVITY		23	0.47329894	1.2560422	0.1718377	0.7693763	1.0	1815	tags=22%, list=9%, signal=24%	
GOBP_AXONAL_TRANSPORT	GOBP_AXONAL_TRANSPORT		67	0.3705377	1.2554566	0.09798271	0.7693397	1.0	4258	tags=37%, list=22%, signal=48%	
GOBP_RESPONSE_TO_MISFOLDED_PROTEIN	GOBP_RESPONSE_TO_MISFOLDED_PROTEIN		19	0.476842	1.2547148	0.17511521	0.7698384	1.0	4640	tags=47%, list=24%, signal=62%	
GOMF_LIGAND_GATED_CALCIUM_CHANNEL_ACTIVITY	GOMF_LIGAND_GATED_CALCIUM_CHANNEL_ACTIVITY		29	0.43253666	1.2547015	0.15345268	0.76732427	1.0	951	tags=14%, list=5%, signal=14%	
GOBP_REGULATION_OF_EXECUTION_PHASE_OF_APOPTOSIS	GOBP_REGULATION_OF_EXECUTION_PHASE_OF_APOPTOSIS		21	0.47267136	1.2545437	0.17359413	0.76542324	1.0	5196	tags=52%, list=27%, signal=71%	
GOBP_SPHINGOLIPID_METABOLIC_PROCESS	GOBP_SPHINGOLIPID_METABOLIC_PROCESS		159	0.3277451	1.2545391	0.061594203	0.7629189	1.0	2682	tags=24%, list=14%, signal=28%	
GOMF_ASPARTIC_TYPE_PEPTIDASE_ACTIVITY	GOMF_ASPARTIC_TYPE_PEPTIDASE_ACTIVITY		27	0.44589448	1.2517885	0.1392405	0.77181494	1.0	3286	tags=26%, list=17%, signal=31%	
GOBP_SYNAPTIC_VESICLE_LOCALIZATION	GOBP_SYNAPTIC_VESICLE_LOCALIZATION		53	0.39451692	1.2517341	0.11640212	0.76949894	1.0	3322	tags=32%, list=17%, signal=39%	
GOBP_AMINO_ACID_METABOLIC_PROCESS	GOBP_AMINO_ACID_METABOLIC_PROCESS		265	0.30458125	1.2511216	0.008658009	0.7694781	1.0	3364	tags=29%, list=17%, signal=35%	
GOBP_ENDOPLASMIC_RETICULUM_TUBULAR_NETWORK_ORGANIZATION	GOBP_ENDOPLASMIC_RETICULUM_TUBULAR_NETWORK_ORGANIZATION		19	0.4770954	1.2510756	0.2013889	0.76715744	1.0	2138	tags=32%, list=11%, signal=35%	
GOBP_MAINTENANCE_OF_PROTEIN_LOCATION_IN_NUCLEUS	GOBP_MAINTENANCE_OF_PROTEIN_LOCATION_IN_NUCLEUS		24	0.4638558	1.2510171	0.16976744	0.7648496	1.0	4062	tags=38%, list=21%, signal=47%	
GOMF_CATALYTIC_ACTIVITY_ACTING_ON_RNA	GOMF_CATALYTIC_ACTIVITY_ACTING_ON_RNA		344	0.2969619	1.2507197	0.011049724	0.763594	1.0	3598	tags=23%, list=19%, signal=28%	
GOBP_REGULATION_OF_MITOCHONDRIAL_GENE_EXPRESSION	GOBP_REGULATION_OF_MITOCHONDRIAL_GENE_EXPRESSION		30	0.42693537	1.2496595	0.15111111	0.7655795	1.0	3130	tags=33%, list=16%, signal=40%	
GOBP_MITOCHONDRION_ORGANIZATION	GOBP_MITOCHONDRION_ORGANIZATION		457	0.28925973	1.2495549	0.0	0.763512	1.0	4444	tags=32%, list=23%, signal=40%	
GOBP_POSITIVE_REGULATION_OF_MYELOID_LEUKOCYTE_MEDIATED_IMMUNITY	GOBP_POSITIVE_REGULATION_OF_MYELOID_LEUKOCYTE_MEDIATED_IMMUNITY		20	0.47281152	1.2478335	0.17052631	0.7684974	1.0	2089	tags=25%, list=11%, signal=28%	
GOBP_L_GLUTAMATE_TRANSMEMBRANE_TRANSPORT	GOBP_L_GLUTAMATE_TRANSMEMBRANE_TRANSPORT		29	0.43870103	1.2475004	0.15517241	0.7675467	1.0	3299	tags=34%, list=17%, signal=41%	
GOBP_LOW_DENSITY_LIPOPROTEIN_PARTICLE_CLEARANCE	GOBP_LOW_DENSITY_LIPOPROTEIN_PARTICLE_CLEARANCE		27	0.4445042	1.2474245	0.15880893	0.7654664	1.0	1293	tags=22%, list=7%, signal=24%	
GOBP_MEMBRANE_LIPID_BIOSYNTHETIC_PROCESS	GOBP_MEMBRANE_LIPID_BIOSYNTHETIC_PROCESS		141	0.32577845	1.2473292	0.04391892	0.76340705	1.0	2971	tags=27%, list=15%, signal=32%	
GOBP_LIPOPROTEIN_BIOSYNTHETIC_PROCESS	GOBP_LIPOPROTEIN_BIOSYNTHETIC_PROCESS		93	0.35146394	1.2472075	0.08522727	0.7614262	1.0	5387	tags=44%, list=28%, signal=61%	
GOMF_EXOPEPTIDASE_ACTIVITY	GOMF_EXOPEPTIDASE_ACTIVITY		96	0.34559038	1.2466905	0.08083832	0.761247	1.0	2614	tags=23%, list=13%, signal=26%	
GOBP_SUBSTRATE_ADHESION_DEPENDENT_CELL_SPREADING	GOBP_SUBSTRATE_ADHESION_DEPENDENT_CELL_SPREADING		99	0.34743667	1.2459543	0.08383234	0.7620475	1.0	758	tags=12%, list=4%, signal=13%	
GOBP_GLUCAN_BIOSYNTHETIC_PROCESS	GOBP_GLUCAN_BIOSYNTHETIC_PROCESS		40	0.41102445	1.24568	0.13451776	0.76074064	1.0	5041	tags=38%, list=26%, signal=51%	
GOMF_CARBON_CARBON_LYASE_ACTIVITY	GOMF_CARBON_CARBON_LYASE_ACTIVITY		49	0.38960603	1.2455221	0.1264045	0.75899565	1.0	2539	tags=24%, list=13%, signal=28%	
GOBP_NEGATIVE_REGULATION_OF_PEPTIDE_SECRETION	GOBP_NEGATIVE_REGULATION_OF_PEPTIDE_SECRETION		44	0.39992097	1.2447554	0.14025974	0.75975233	1.0	803	tags=18%, list=4%, signal=19%	
GOBP_REGULATION_OF_MITOCHONDRIAL_MEMBRANE_PERMEABILITY_INVOLVED_IN_APOPTOTIC_PROCESS	GOBP_REGULATION_OF_MITOCHONDRIAL_MEMBRANE_PERMEABILITY_INVOLVED_IN_APOPTOTIC_PROCESS		37	0.4121281	1.2441499	0.14321607	0.75991106	1.0	4690	tags=38%, list=24%, signal=50%	
GOBP_RIBOSOME_ASSEMBLY	GOBP_RIBOSOME_ASSEMBLY		58	0.38203788	1.2430907	0.13296399	0.7619748	1.0	3015	tags=16%, list=16%, signal=18%	
GOBP_POSITIVE_REGULATION_OF_STEROID_METABOLIC_PROCESS	GOBP_POSITIVE_REGULATION_OF_STEROID_METABOLIC_PROCESS		25	0.450792	1.242654	0.1559633	0.76153475	1.0	2028	tags=28%, list=10%, signal=31%	
GOBP_CELLULAR_RESPONSE_TO_GLUCOCORTICOID_STIMULUS	GOBP_CELLULAR_RESPONSE_TO_GLUCOCORTICOID_STIMULUS		53	0.3847333	1.2418232	0.1369863	0.7627643	1.0	2161	tags=23%, list=11%, signal=25%	
GOBP_PROTEIN_PALMITOYLATION	GOBP_PROTEIN_PALMITOYLATION		30	0.43631116	1.2414976	0.1773779	0.76170194	1.0	5094	tags=47%, list=26%, signal=63%	
GOBP_REGULATION_OF_CARBOHYDRATE_METABOLIC_PROCESS	GOBP_REGULATION_OF_CARBOHYDRATE_METABOLIC_PROCESS		167	0.32065868	1.2409539	0.07089552	0.76157284	1.0	4057	tags=29%, list=21%, signal=36%	
GOBP_REGULATION_OF_T_CELL_DIFFERENTIATION_IN_THYMUS	GOBP_REGULATION_OF_T_CELL_DIFFERENTIATION_IN_THYMUS		25	0.4529971	1.2407296	0.18230563	0.7601347	1.0	451	tags=20%, list=2%, signal=20%	
GOBP_NEGATIVE_REGULATION_OF_INTRINSIC_APOPTOTIC_SIGNALING_PATHWAY	GOBP_NEGATIVE_REGULATION_OF_INTRINSIC_APOPTOTIC_SIGNALING_PATHWAY		98	0.34435794	1.2400132	0.09726444	0.76087236	1.0	1929	tags=18%, list=10%, signal=20%	
GOBP_PROTEIN_IMPORT_INTO_MITOCHONDRIAL_MATRIX	GOBP_PROTEIN_IMPORT_INTO_MITOCHONDRIAL_MATRIX		19	0.47467953	1.2398351	0.1891892	0.7593679	1.0	4301	tags=37%, list=22%, signal=47%	
GOBP_CELLULAR_GLUCURONIDATION	GOBP_CELLULAR_GLUCURONIDATION		20	0.47885883	1.2390113	0.19693655	0.76048064	1.0	6570	tags=40%, list=34%, signal=60%	
GOBP_NEGATIVE_REGULATION_OF_PROTEIN_SECRETION	GOBP_NEGATIVE_REGULATION_OF_PROTEIN_SECRETION		64	0.3678803	1.2383505	0.11171662	0.7607805	1.0	2203	tags=23%, list=11%, signal=26%	
GOBP_REGULATION_OF_TRIGLYCERIDE_METABOLIC_PROCESS	GOBP_REGULATION_OF_TRIGLYCERIDE_METABOLIC_PROCESS		42	0.40180215	1.2378889	0.14467005	0.7603321	1.0	798	tags=14%, list=4%, signal=15%	
GOBP_CYTOPLASMIC_TRANSLATION	GOBP_CYTOPLASMIC_TRANSLATION		154	0.32509786	1.2377415	0.0528169	0.7586376	1.0	6554	tags=38%, list=34%, signal=56%	
GOBP_CELLULAR_RESPONSE_TO_ANGIOTENSIN	GOBP_CELLULAR_RESPONSE_TO_ANGIOTENSIN		33	0.4251741	1.2375152	0.18378378	0.75725687	1.0	3595	tags=39%, list=19%, signal=48%	
GOBP_REGULATION_OF_INSULIN_SECRETION	GOBP_REGULATION_OF_INSULIN_SECRETION		158	0.31719583	1.2375052	0.06896552	0.7550373	1.0	1419	tags=16%, list=7%, signal=18%	
GOCC_ENDOPLASMIC_RETICULUM_TUBULAR_NETWORK	GOCC_ENDOPLASMIC_RETICULUM_TUBULAR_NETWORK		26	0.4375972	1.2373834	0.16455697	0.75330204	1.0	3434	tags=38%, list=18%, signal=47%	
GOBP_POSITIVE_REGULATION_OF_MUSCLE_HYPERTROPHY	GOBP_POSITIVE_REGULATION_OF_MUSCLE_HYPERTROPHY		26	0.44470984	1.236411	0.18320611	0.7551248	1.0	4883	tags=46%, list=25%, signal=62%	
GOBP_MEMBRANE_REPOLARIZATION	GOBP_MEMBRANE_REPOLARIZATION		50	0.38515913	1.236405	0.12222222	0.75291777	1.0	4271	tags=40%, list=22%, signal=51%	
GOBP_GANGLIOSIDE_METABOLIC_PROCESS	GOBP_GANGLIOSIDE_METABOLIC_PROCESS		27	0.4391851	1.235634	0.1740196	0.7537584	1.0	2632	tags=26%, list=14%, signal=30%	
GOBP_PEPTIDYL_PROLINE_MODIFICATION	GOBP_PEPTIDYL_PROLINE_MODIFICATION		31	0.432922	1.235563	0.15048544	0.75184613	1.0	3655	tags=42%, list=19%, signal=52%	
GOBP_NEURON_REMODELING	GOBP_NEURON_REMODELING		15	0.500798	1.2352844	0.20042644	0.75076187	1.0	133	tags=13%, list=1%, signal=13%	
GOBP_LIPID_OXIDATION	GOBP_LIPID_OXIDATION		110	0.3313914	1.2346827	0.08832808	0.7511372	1.0	3903	tags=35%, list=20%, signal=43%	
GOBP_DORSAL_VENTRAL_NEURAL_TUBE_PATTERNING	GOBP_DORSAL_VENTRAL_NEURAL_TUBE_PATTERNING		16	0.49883965	1.2335137	0.21300448	0.75388426	1.0	1665	tags=38%, list=9%, signal=41%	
GOBP_EATING_BEHAVIOR	GOBP_EATING_BEHAVIOR		38	0.40771595	1.2322313	0.15183246	0.7569093	1.0	742	tags=18%, list=4%, signal=19%	
GOMF_MAP_KINASE_KINASE_ACTIVITY	GOMF_MAP_KINASE_KINASE_ACTIVITY		15	0.5124056	1.2312059	0.20562771	0.7589448	1.0	347	tags=20%, list=2%, signal=20%	
GOBP_MITOCHONDRION_LOCALIZATION	GOBP_MITOCHONDRION_LOCALIZATION		51	0.3875196	1.2311484	0.13368984	0.7570102	1.0	3531	tags=31%, list=18%, signal=38%	
GOMF_OXIDOREDUCTASE_ACTIVITY_ACTING_ON_THE_CH_NH_GROUP_OF_DONORS	GOMF_OXIDOREDUCTASE_ACTIVITY_ACTING_ON_THE_CH_NH_GROUP_OF_DONORS		24	0.44412228	1.2310609	0.16985646	0.75515836	1.0	250	tags=13%, list=1%, signal=13%	
GOMF_ALCOHOL_BINDING	GOMF_ALCOHOL_BINDING		88	0.34756973	1.2310404	0.098870054	0.7530702	1.0	2358	tags=24%, list=12%, signal=27%	
GOMF_ACETYLGLUCOSAMINYLTRANSFERASE_ACTIVITY	GOMF_ACETYLGLUCOSAMINYLTRANSFERASE_ACTIVITY		41	0.40900934	1.2310089	0.14841849	0.75103843	1.0	3611	tags=39%, list=19%, signal=48%	
GOCC_MANCHETTE	GOCC_MANCHETTE		21	0.45583308	1.2309909	0.19134396	0.74896294	1.0	1708	tags=14%, list=9%, signal=16%	
GOBP_REGULATION_OF_CILIUM_MOVEMENT	GOBP_REGULATION_OF_CILIUM_MOVEMENT		34	0.42102996	1.2308689	0.16071428	0.7473902	1.0	2584	tags=26%, list=13%, signal=30%	
GOBP_SIGNALING_RECEPTOR_LIGAND_PRECURSOR_PROCESSING	GOBP_SIGNALING_RECEPTOR_LIGAND_PRECURSOR_PROCESSING		39	0.39801875	1.2306124	0.14640199	0.7463277	1.0	1675	tags=23%, list=9%, signal=25%	
GOBP_REGULATION_OF_CILIUM_DEPENDENT_CELL_MOTILITY	GOBP_REGULATION_OF_CILIUM_DEPENDENT_CELL_MOTILITY		27	0.44013232	1.2303616	0.19753087	0.7452393	1.0	2584	tags=26%, list=13%, signal=30%	
GOBP_REGULATION_OF_PRESYNAPTIC_MEMBRANE_POTENTIAL	GOBP_REGULATION_OF_PRESYNAPTIC_MEMBRANE_POTENTIAL		29	0.42760816	1.2298185	0.15201901	0.7453014	1.0	2869	tags=21%, list=15%, signal=24%	
GOBP_NEGATIVE_REGULATION_OF_CALCINEURIN_MEDIATED_SIGNALING	GOBP_NEGATIVE_REGULATION_OF_CALCINEURIN_MEDIATED_SIGNALING		15	0.49648374	1.2292155	0.21311475	0.74563	1.0	2443	tags=33%, list=13%, signal=38%	
GOBP_PURINE_NUCLEOBASE_METABOLIC_PROCESS	GOBP_PURINE_NUCLEOBASE_METABOLIC_PROCESS		19	0.4750992	1.2272526	0.2	0.7515947	1.0	1321	tags=21%, list=7%, signal=23%	
GOBP_RESCUE_OF_STALLED_RIBOSOME	GOBP_RESCUE_OF_STALLED_RIBOSOME		28	0.42671925	1.2268924	0.1891892	0.7508965	1.0	5025	tags=46%, list=26%, signal=63%	
GOMF_CYCLASE_REGULATOR_ACTIVITY	GOMF_CYCLASE_REGULATOR_ACTIVITY		15	0.51465094	1.2266619	0.21333334	0.7497905	1.0	2634	tags=40%, list=14%, signal=46%	
GOMF_INTERLEUKIN_1_RECEPTOR_BINDING	GOMF_INTERLEUKIN_1_RECEPTOR_BINDING		17	0.49299258	1.2263217	0.22	0.74907315	1.0	423	tags=18%, list=2%, signal=18%	
GOBP_POST_GOLGI_VESICLE_MEDIATED_TRANSPORT	GOBP_POST_GOLGI_VESICLE_MEDIATED_TRANSPORT		106	0.3364232	1.2256424	0.09246575	0.7498686	1.0	2545	tags=23%, list=13%, signal=26%	
GOCC_GLYCOPROTEIN_COMPLEX	GOCC_GLYCOPROTEIN_COMPLEX		23	0.44327763	1.225203	0.18888889	0.7495587	1.0	2745	tags=39%, list=14%, signal=46%	
GOBP_COMPLEMENT_ACTIVATION_CLASSICAL_PATHWAY	GOBP_COMPLEMENT_ACTIVATION_CLASSICAL_PATHWAY		31	0.41510642	1.2249664	0.17456359	0.7484265	1.0	1691	tags=32%, list=9%, signal=35%	
GOCC_SYNAPTIC_CLEFT	GOCC_SYNAPTIC_CLEFT		22	0.4479719	1.2239493	0.19899245	0.7503807	1.0	831	tags=23%, list=4%, signal=24%	
GOBP_EPOXYGENASE_P450_PATHWAY	GOBP_EPOXYGENASE_P450_PATHWAY		18	0.47625795	1.2235218	0.18289787	0.7500784	1.0	1728	tags=28%, list=9%, signal=30%	
GOBP_DEMETHYLATION	GOBP_DEMETHYLATION		37	0.40117875	1.2208067	0.17105263	0.7592995	1.0	3452	tags=30%, list=18%, signal=36%	
GOBP_NON_PROTEINOGENIC_AMINO_ACID_CATABOLIC_PROCESS	GOBP_NON_PROTEINOGENIC_AMINO_ACID_CATABOLIC_PROCESS		18	0.48473254	1.219287	0.2199074	0.76334214	1.0	1739	tags=33%, list=9%, signal=37%	
GOMF_PHOSPHATIDYLINOSITOL_3_KINASE_BINDING	GOMF_PHOSPHATIDYLINOSITOL_3_KINASE_BINDING		25	0.443519	1.219282	0.19354838	0.7612749	1.0	2400	tags=36%, list=12%, signal=41%	
GOCC_STEREOCILIUM_TIP	GOCC_STEREOCILIUM_TIP		19	0.4720444	1.2186842	0.18834081	0.76183075	1.0	1834	tags=26%, list=9%, signal=29%	
GOBP_CELLULAR_RESPONSE_TO_CORTICOSTEROID_STIMULUS	GOBP_CELLULAR_RESPONSE_TO_CORTICOSTEROID_STIMULUS		62	0.36669603	1.218684	0.13527851	0.75976616	1.0	1424	tags=18%, list=7%, signal=19%	
GOMF_PALMITOYLTRANSFERASE_ACTIVITY	GOMF_PALMITOYLTRANSFERASE_ACTIVITY		35	0.41370878	1.2181721	0.19117647	0.7597986	1.0	3052	tags=31%, list=16%, signal=37%	
GOBP_REGULATION_OF_STEROL_TRANSPORT	GOBP_REGULATION_OF_STEROL_TRANSPORT		57	0.36974177	1.2174389	0.14594595	0.7607665	1.0	2202	tags=21%, list=11%, signal=24%	
GOBP_POSITIVE_REGULATION_OF_TELOMERASE_RNA_LOCALIZATION_TO_CAJAL_BODY	GOBP_POSITIVE_REGULATION_OF_TELOMERASE_RNA_LOCALIZATION_TO_CAJAL_BODY		15	0.4929553	1.217216	0.18764302	0.75958645	1.0	5350	tags=47%, list=28%, signal=64%	
GOMF_OXIDOREDUCTASE_ACTIVITY_ACTING_ON_THE_ALDEHYDE_OR_OXO_GROUP_OF_DONORS	GOMF_OXIDOREDUCTASE_ACTIVITY_ACTING_ON_THE_ALDEHYDE_OR_OXO_GROUP_OF_DONORS		49	0.37856725	1.2167948	0.17191283	0.7592652	1.0	2314	tags=20%, list=12%, signal=23%	
GOBP_RESPONSE_TO_ATP	GOBP_RESPONSE_TO_ATP		31	0.42176402	1.2164491	0.15696202	0.75850624	1.0	4541	tags=35%, list=23%, signal=46%	
GOBP_RESPONSE_TO_ELECTRICAL_STIMULUS	GOBP_RESPONSE_TO_ELECTRICAL_STIMULUS		40	0.39725485	1.2159529	0.16879795	0.7586618	1.0	2690	tags=20%, list=14%, signal=23%	
GOCC_AUTOPHAGOSOME	GOCC_AUTOPHAGOSOME		108	0.32917792	1.2155675	0.10144927	0.75828147	1.0	4598	tags=36%, list=24%, signal=47%	
GOBP_RETINOIC_ACID_METABOLIC_PROCESS	GOBP_RETINOIC_ACID_METABOLIC_PROCESS		33	0.4190999	1.2151521	0.17567568	0.7580806	1.0	3456	tags=30%, list=18%, signal=37%	
GOBP_AMINE_CATABOLIC_PROCESS	GOBP_AMINE_CATABOLIC_PROCESS		18	0.4733786	1.2148757	0.21809745	0.7571281	1.0	5544	tags=61%, list=29%, signal=85%	
GOMF_ALDEHYDE_DEHYDROGENASE_NAD_P_PLUS_ACTIVITY	GOMF_ALDEHYDE_DEHYDROGENASE_NAD_P_PLUS_ACTIVITY		17	0.48470205	1.2134622	0.22757111	0.7609132	1.0	794	tags=24%, list=4%, signal=25%	
GOBP_POSITIVE_REGULATION_OF_PROTEIN_TARGETING_TO_MEMBRANE	GOBP_POSITIVE_REGULATION_OF_PROTEIN_TARGETING_TO_MEMBRANE		28	0.42865348	1.2126833	0.18764846	0.76203644	1.0	2684	tags=29%, list=14%, signal=33%	
GOBP_ANTIGEN_PROCESSING_AND_PRESENTATION_OF_PEPTIDE_ANTIGEN_VIA_MHC_CLASS_I	GOBP_ANTIGEN_PROCESSING_AND_PRESENTATION_OF_PEPTIDE_ANTIGEN_VIA_MHC_CLASS_I		37	0.4000303	1.2119935	0.15270936	0.7627351	1.0	2069	tags=30%, list=11%, signal=33%	
GOBP_INSULIN_METABOLIC_PROCESS	GOBP_INSULIN_METABOLIC_PROCESS		15	0.49551162	1.2104688	0.22245763	0.7671206	1.0	2568	tags=33%, list=13%, signal=38%	
GOBP_ORGANIC_ACID_CATABOLIC_PROCESS	GOBP_ORGANIC_ACID_CATABOLIC_PROCESS		242	0.30027714	1.2092252	0.057692308	0.7704007	1.0	3364	tags=30%, list=17%, signal=36%	
GOBP_REGULATION_OF_CHONDROCYTE_DIFFERENTIATION	GOBP_REGULATION_OF_CHONDROCYTE_DIFFERENTIATION		47	0.38302973	1.2086893	0.15384616	0.770449	1.0	3138	tags=36%, list=16%, signal=43%	
GOMF_O_ACYLTRANSFERASE_ACTIVITY	GOMF_O_ACYLTRANSFERASE_ACTIVITY		52	0.37146237	1.2085437	0.15113351	0.76898766	1.0	1254	tags=17%, list=6%, signal=18%	
GOBP_MITOCHONDRIAL_RNA_METABOLIC_PROCESS	GOBP_MITOCHONDRIAL_RNA_METABOLIC_PROCESS		50	0.37037948	1.2079057	0.15526316	0.7694545	1.0	3344	tags=16%, list=17%, signal=19%	
GOBP_RIBOSOME_BIOGENESIS	GOBP_RIBOSOME_BIOGENESIS		292	0.29192054	1.2078751	0.04524887	0.7675893	1.0	5350	tags=29%, list=28%, signal=40%	
GOBP_REGULATION_OF_INTRINSIC_APOPTOTIC_SIGNALING_PATHWAY	GOBP_REGULATION_OF_INTRINSIC_APOPTOTIC_SIGNALING_PATHWAY		165	0.311754	1.2076069	0.06333333	0.7667485	1.0	2057	tags=18%, list=11%, signal=20%	
GOBP_POSITIVE_REGULATION_OF_LIPID_LOCALIZATION	GOBP_POSITIVE_REGULATION_OF_LIPID_LOCALIZATION		103	0.3372625	1.2070298	0.10333333	0.76709527	1.0	1401	tags=17%, list=7%, signal=18%	
GOBP_POSITIVE_REGULATION_OF_HEART_GROWTH	GOBP_POSITIVE_REGULATION_OF_HEART_GROWTH		30	0.4191856	1.2062756	0.17676768	0.76824164	1.0	1611	tags=33%, list=8%, signal=36%	
GOBP_PROTEIN_LOCALIZATION_TO_ENDOPLASMIC_RETICULUM	GOBP_PROTEIN_LOCALIZATION_TO_ENDOPLASMIC_RETICULUM		67	0.35079372	1.2062706	0.15089513	0.76630014	1.0	5919	tags=48%, list=30%, signal=68%	
GOBP_RESPONSE_TO_FOLLICLE_STIMULATING_HORMONE	GOBP_RESPONSE_TO_FOLLICLE_STIMULATING_HORMONE		16	0.48762807	1.2056515	0.22790697	0.7669663	1.0	2030	tags=31%, list=10%, signal=35%	
GOBP_CELLULAR_MODIFIED_AMINO_ACID_CATABOLIC_PROCESS	GOBP_CELLULAR_MODIFIED_AMINO_ACID_CATABOLIC_PROCESS		30	0.41852042	1.2048545	0.18886198	0.7681528	1.0	3079	tags=33%, list=16%, signal=40%	
GOBP_PYRIMIDINE_NUCLEOTIDE_CATABOLIC_PROCESS	GOBP_PYRIMIDINE_NUCLEOTIDE_CATABOLIC_PROCESS		21	0.4470302	1.2047398	0.20338982	0.7666938	1.0	1321	tags=24%, list=7%, signal=26%	
GOBP_GLUTAMINE_FAMILY_AMINO_ACID_METABOLIC_PROCESS	GOBP_GLUTAMINE_FAMILY_AMINO_ACID_METABOLIC_PROCESS		70	0.36005616	1.204312	0.15128206	0.7665183	1.0	1293	tags=19%, list=7%, signal=20%	
GOBP_NEGATIVE_REGULATION_OF_HORMONE_SECRETION	GOBP_NEGATIVE_REGULATION_OF_HORMONE_SECRETION		65	0.35291296	1.2040565	0.14245014	0.76562333	1.0	2203	tags=25%, list=11%, signal=28%	
GOBP_POSITIVE_REGULATION_OF_NUCLEOCYTOPLASMIC_TRANSPORT	GOBP_POSITIVE_REGULATION_OF_NUCLEOCYTOPLASMIC_TRANSPORT		63	0.3599469	1.2034723	0.13709678	0.7660269	1.0	1347	tags=19%, list=7%, signal=20%	
GOBP_ACUTE_PHASE_RESPONSE	GOBP_ACUTE_PHASE_RESPONSE		46	0.37840515	1.203194	0.17402597	0.76527756	1.0	1620	tags=24%, list=8%, signal=26%	
GOMF_NADH_DEHYDROGENASE_UBIQUINONE_ACTIVITY	GOMF_NADH_DEHYDROGENASE_UBIQUINONE_ACTIVITY		31	0.4115699	1.2027802	0.1853547	0.76499254	1.0	6545	tags=52%, list=34%, signal=78%	
GOBP_PURINE_CONTAINING_COMPOUND_CATABOLIC_PROCESS	GOBP_PURINE_CONTAINING_COMPOUND_CATABOLIC_PROCESS		148	0.31210876	1.2021098	0.07829182	0.7656944	1.0	3248	tags=24%, list=17%, signal=28%	
GOBP_PROTEIN_ACYLATION	GOBP_PROTEIN_ACYLATION		87	0.33751282	1.2015702	0.12012012	0.7659092	1.0	3130	tags=24%, list=16%, signal=29%	
GOMF_OXIDOREDUCTASE_ACTIVITY_ACTING_ON_METAL_IONS	GOMF_OXIDOREDUCTASE_ACTIVITY_ACTING_ON_METAL_IONS		15	0.49799868	1.2014582	0.25342464	0.7645167	1.0	2563	tags=40%, list=13%, signal=46%	
GOBP_RETROGRADE_VESICLE_MEDIATED_TRANSPORT_GOLGI_TO_ENDOPLASMIC_RETICULUM	GOBP_RETROGRADE_VESICLE_MEDIATED_TRANSPORT_GOLGI_TO_ENDOPLASMIC_RETICULUM		50	0.37370625	1.200468	0.1813602	0.7664833	1.0	5933	tags=44%, list=31%, signal=63%	
GOBP_LIPOPROTEIN_METABOLIC_PROCESS	GOBP_LIPOPROTEIN_METABOLIC_PROCESS		131	0.32140538	1.2004197	0.086687304	0.7647994	1.0	3052	tags=24%, list=16%, signal=28%	
GOMF_DELAYED_RECTIFIER_POTASSIUM_CHANNEL_ACTIVITY	GOMF_DELAYED_RECTIFIER_POTASSIUM_CHANNEL_ACTIVITY		28	0.42262286	1.2003764	0.19124424	0.7630699	1.0	731	tags=14%, list=4%, signal=15%	
GOBP_REGULATION_OF_CHOLESTEROL_BIOSYNTHETIC_PROCESS	GOBP_REGULATION_OF_CHOLESTEROL_BIOSYNTHETIC_PROCESS		19	0.4540325	1.199173	0.22541967	0.76589787	1.0	4963	tags=42%, list=26%, signal=57%	
GOBP_REGULATION_OF_SYSTEMIC_ARTERIAL_BLOOD_PRESSURE_MEDIATED_BY_A_CHEMICAL_SIGNAL	GOBP_REGULATION_OF_SYSTEMIC_ARTERIAL_BLOOD_PRESSURE_MEDIATED_BY_A_CHEMICAL_SIGNAL		45	0.38302866	1.1988175	0.18518518	0.7655561	1.0	1865	tags=27%, list=10%, signal=29%	
GOBP_POSITIVE_REGULATION_OF_DENDRITIC_SPINE_DEVELOPMENT	GOBP_POSITIVE_REGULATION_OF_DENDRITIC_SPINE_DEVELOPMENT		38	0.39176503	1.1986922	0.17955112	0.7641869	1.0	4114	tags=39%, list=21%, signal=50%	
GOBP_TRIGLYCERIDE_METABOLIC_PROCESS	GOBP_TRIGLYCERIDE_METABOLIC_PROCESS		101	0.32550797	1.1982169	0.12179487	0.7642926	1.0	2310	tags=21%, list=12%, signal=23%	
GOBP_REGULATION_OF_MACROPHAGE_DIFFERENTIATION	GOBP_REGULATION_OF_MACROPHAGE_DIFFERENTIATION		23	0.43719316	1.1969917	0.18949772	0.76738006	1.0	1574	tags=22%, list=8%, signal=24%	
GOBP_SINGLE_FERTILIZATION	GOBP_SINGLE_FERTILIZATION		153	0.3109848	1.1969701	0.07094595	0.7656204	1.0	2645	tags=16%, list=14%, signal=19%	
GOBP_BEHAVIORAL_RESPONSE_TO_PAIN	GOBP_BEHAVIORAL_RESPONSE_TO_PAIN		17	0.46712363	1.196738	0.22869955	0.76461005	1.0	1815	tags=18%, list=9%, signal=19%	
GOBP_SENSORY_PERCEPTION_OF_LIGHT_STIMULUS	GOBP_SENSORY_PERCEPTION_OF_LIGHT_STIMULUS		215	0.29649916	1.196559	0.067669176	0.7634437	1.0	3642	tags=21%, list=19%, signal=26%	
GOBP_REGULATION_OF_LIPID_LOCALIZATION	GOBP_REGULATION_OF_LIPID_LOCALIZATION		154	0.3114719	1.1958907	0.074193545	0.76426464	1.0	2318	tags=21%, list=12%, signal=24%	
GOCC_ORGANELLE_MEMBRANE_CONTACT_SITE	GOCC_ORGANELLE_MEMBRANE_CONTACT_SITE		45	0.385616	1.195387	0.16358839	0.76450807	1.0	3581	tags=29%, list=18%, signal=35%	
GOBP_ECTOPIC_GERM_CELL_PROGRAMMED_CELL_DEATH	GOBP_ECTOPIC_GERM_CELL_PROGRAMMED_CELL_DEATH		17	0.47501817	1.1953017	0.22014052	0.7630089	1.0	1466	tags=24%, list=8%, signal=25%	
GOBP_NEGATIVE_REGULATION_OF_ESTABLISHMENT_OF_PROTEIN_LOCALIZATION	GOBP_NEGATIVE_REGULATION_OF_ESTABLISHMENT_OF_PROTEIN_LOCALIZATION		119	0.3201296	1.1949503	0.111455105	0.7626395	1.0	3312	tags=29%, list=17%, signal=34%	
GOBP_POSITIVE_REGULATION_OF_CALCIUM_ION_TRANSMEMBRANE_TRANSPORTER_ACTIVITY	GOBP_POSITIVE_REGULATION_OF_CALCIUM_ION_TRANSMEMBRANE_TRANSPORTER_ACTIVITY		27	0.42772296	1.1947138	0.2025	0.7617458	1.0	1182	tags=19%, list=6%, signal=20%	
GOBP_CERAMIDE_BIOSYNTHETIC_PROCESS	GOBP_CERAMIDE_BIOSYNTHETIC_PROCESS		64	0.3595887	1.1943957	0.1491228	0.7611536	1.0	3280	tags=31%, list=17%, signal=37%	
GOBP_SUPPRESSION_OF_VIRAL_RELEASE_BY_HOST	GOBP_SUPPRESSION_OF_VIRAL_RELEASE_BY_HOST		15	0.49118572	1.1937553	0.23489933	0.7618726	1.0	4023	tags=47%, list=21%, signal=59%	
GOMF_RNA_POLYMERASE_II_GENERAL_TRANSCRIPTION_INITIATION_FACTOR_ACTIVITY	GOMF_RNA_POLYMERASE_II_GENERAL_TRANSCRIPTION_INITIATION_FACTOR_ACTIVITY		39	0.39254576	1.1937264	0.18899521	0.760163	1.0	6037	tags=49%, list=31%, signal=71%	
GOCC_AP_TYPE_MEMBRANE_COAT_ADAPTOR_COMPLEX	GOCC_AP_TYPE_MEMBRANE_COAT_ADAPTOR_COMPLEX		39	0.3855962	1.1928955	0.19160105	0.76180404	1.0	5368	tags=41%, list=28%, signal=57%	
GOBP_REPLICATIVE_SENESCENCE	GOBP_REPLICATIVE_SENESCENCE		16	0.47758237	1.19266	0.21786493	0.76095533	1.0	1531	tags=19%, list=8%, signal=20%	
GOBP_RESPONSE_TO_ACETYLCHOLINE	GOBP_RESPONSE_TO_ACETYLCHOLINE		45	0.37775785	1.1921461	0.19582245	0.7612143	1.0	4049	tags=29%, list=21%, signal=36%	
GOBP_ORGANIC_ACID_BIOSYNTHETIC_PROCESS	GOBP_ORGANIC_ACID_BIOSYNTHETIC_PROCESS		310	0.28529716	1.1919085	0.03652968	0.76032895	1.0	3329	tags=30%, list=17%, signal=35%	
GOMF_LIGAND_GATED_MONOATOMIC_ION_CHANNEL_ACTIVITY_INVOLVED_IN_REGULATION_OF_PRESYNAPTIC_MEMBRANE_POTENTIAL	GOMF_LIGAND_GATED_MONOATOMIC_ION_CHANNEL_ACTIVITY_INVOLVED_IN_REGULATION_OF_PRESYNAPTIC_MEMBRANE_POTENTIAL		16	0.49508184	1.1917613	0.2590909	0.7591038	1.0	2869	tags=25%, list=15%, signal=29%	
GOBP_NEGATIVE_REGULATION_OF_APOPTOTIC_SIGNALING_PATHWAY	GOBP_NEGATIVE_REGULATION_OF_APOPTOTIC_SIGNALING_PATHWAY		217	0.2962909	1.1912354	0.034749035	0.7594303	1.0	2104	tags=17%, list=11%, signal=19%	
GOBP_AXONEME_ASSEMBLY	GOBP_AXONEME_ASSEMBLY		73	0.3452351	1.1908914	0.14697406	0.75903565	1.0	1464	tags=16%, list=8%, signal=18%	
GOBP_FATTY_ACYL_COA_METABOLIC_PROCESS	GOBP_FATTY_ACYL_COA_METABOLIC_PROCESS		38	0.38817984	1.1906798	0.15308642	0.75816125	1.0	2682	tags=34%, list=14%, signal=40%	
GOBP_POSITIVE_REGULATION_OF_NITRIC_OXIDE_METABOLIC_PROCESS	GOBP_POSITIVE_REGULATION_OF_NITRIC_OXIDE_METABOLIC_PROCESS		35	0.39315584	1.1903422	0.19387755	0.757796	1.0	2932	tags=31%, list=15%, signal=37%	
GOBP_GAP_JUNCTION_ASSEMBLY	GOBP_GAP_JUNCTION_ASSEMBLY		18	0.4538952	1.1892464	0.22921348	0.7602604	1.0	223	tags=22%, list=1%, signal=22%	
GOBP_GLYCOSPHINGOLIPID_BIOSYNTHETIC_PROCESS	GOBP_GLYCOSPHINGOLIPID_BIOSYNTHETIC_PROCESS		38	0.38751784	1.1890674	0.2141058	0.75913346	1.0	3490	tags=29%, list=18%, signal=35%	
GOMF_NADP_BINDING	GOMF_NADP_BINDING		53	0.3684685	1.1888822	0.15989847	0.75809324	1.0	3762	tags=47%, list=19%, signal=58%	
GOBP_ESTABLISHMENT_OF_PROTEIN_LOCALIZATION_TO_PEROXISOME	GOBP_ESTABLISHMENT_OF_PROTEIN_LOCALIZATION_TO_PEROXISOME		20	0.4514147	1.1887776	0.23556583	0.75676566	1.0	5172	tags=50%, list=27%, signal=68%	
GOCC_PROTEIN_LIPID_COMPLEX	GOCC_PROTEIN_LIPID_COMPLEX		38	0.39202642	1.1885842	0.20408164	0.7557625	1.0	1810	tags=18%, list=9%, signal=20%	
GOBP_PROTEIN_HOMOOLIGOMERIZATION	GOBP_PROTEIN_HOMOOLIGOMERIZATION		195	0.2981717	1.1885633	0.08045977	0.7541068	1.0	2218	tags=19%, list=11%, signal=21%	
GOBP_MELANOCYTE_DIFFERENTIATION	GOBP_MELANOCYTE_DIFFERENTIATION		24	0.42810133	1.1865805	0.23114355	0.7601388	1.0	1316	tags=21%, list=7%, signal=22%	
GOBP_MEMBRANE_LIPID_METABOLIC_PROCESS	GOBP_MEMBRANE_LIPID_METABOLIC_PROCESS		205	0.2966759	1.1861712	0.060283687	0.7600423	1.0	2466	tags=21%, list=13%, signal=24%	
GOBP_AUTOPHAGOSOME_MATURATION	GOBP_AUTOPHAGOSOME_MATURATION		64	0.35328168	1.1859477	0.16625917	0.7591823	1.0	4598	tags=38%, list=24%, signal=49%	
GOBP_CELLULAR_RESPONSE_TO_DEXAMETHASONE_STIMULUS	GOBP_CELLULAR_RESPONSE_TO_DEXAMETHASONE_STIMULUS		27	0.415901	1.1858691	0.21342926	0.7577715	1.0	2161	tags=22%, list=11%, signal=25%	
GOBP_ENDOPLASMIC_RETICULUM_TO_CYTOSOL_TRANSPORT	GOBP_ENDOPLASMIC_RETICULUM_TO_CYTOSOL_TRANSPORT		24	0.4334607	1.185665	0.2271605	0.75689614	1.0	5182	tags=42%, list=27%, signal=57%	
GOBP_SYNAPTIC_VESICLE_TRANSPORT	GOBP_SYNAPTIC_VESICLE_TRANSPORT		41	0.38241068	1.1855593	0.18421052	0.7556165	1.0	3322	tags=32%, list=17%, signal=38%	
GOBP_POSITIVE_REGULATION_OF_ORGAN_GROWTH	GOBP_POSITIVE_REGULATION_OF_ORGAN_GROWTH		42	0.37777048	1.1855268	0.15270936	0.7540229	1.0	1611	tags=26%, list=8%, signal=28%	
GOBP_HOMEOSTASIS_OF_NUMBER_OF_CELLS_WITHIN_A_TISSUE	GOBP_HOMEOSTASIS_OF_NUMBER_OF_CELLS_WITHIN_A_TISSUE		36	0.39755705	1.1853665	0.20565553	0.7529421	1.0	2472	tags=25%, list=13%, signal=29%	
GOMF_BILE_ACID_TRANSMEMBRANE_TRANSPORTER_ACTIVITY	GOMF_BILE_ACID_TRANSMEMBRANE_TRANSPORTER_ACTIVITY		20	0.44223952	1.1853302	0.21904762	0.7513795	1.0	3004	tags=15%, list=15%, signal=18%	
GOCC_EXCITATORY_SYNAPSE	GOCC_EXCITATORY_SYNAPSE		62	0.3598456	1.1848136	0.18324608	0.7516351	1.0	1299	tags=13%, list=7%, signal=14%	
GOMF_STEROID_BINDING	GOMF_STEROID_BINDING		104	0.32327417	1.1843284	0.12386707	0.75183755	1.0	1981	tags=20%, list=10%, signal=22%	
GOBP_MUSCLE_CELL_MIGRATION	GOBP_MUSCLE_CELL_MIGRATION		83	0.33363712	1.1838926	0.14640884	0.751888	1.0	2059	tags=25%, list=11%, signal=28%	
GOMF_NEUREXIN_FAMILY_PROTEIN_BINDING	GOMF_NEUREXIN_FAMILY_PROTEIN_BINDING		15	0.4900208	1.1834971	0.25869566	0.7517598	1.0	2113	tags=33%, list=11%, signal=37%	
GOMF_LIPID_TRANSFER_ACTIVITY	GOMF_LIPID_TRANSFER_ACTIVITY		50	0.36735258	1.1833305	0.18020305	0.7507323	1.0	2828	tags=22%, list=15%, signal=26%	
GOBP_RESPONSE_TO_DEXAMETHASONE	GOBP_RESPONSE_TO_DEXAMETHASONE		43	0.38091582	1.1829754	0.1948718	0.750381	1.0	2161	tags=23%, list=11%, signal=26%	
GOCC_AXON_CYTOPLASM	GOCC_AXON_CYTOPLASM		64	0.3556064	1.1824697	0.16369048	0.75068724	1.0	4470	tags=36%, list=23%, signal=47%	
GOBP_CELLULAR_RESPONSE_TO_CAMP	GOBP_CELLULAR_RESPONSE_TO_CAMP		48	0.37769303	1.1821918	0.1875	0.7500417	1.0	1424	tags=23%, list=7%, signal=25%	
GOMF_ENDOPEPTIDASE_ACTIVATOR_ACTIVITY	GOMF_ENDOPEPTIDASE_ACTIVATOR_ACTIVITY		18	0.46961656	1.1820914	0.2716895	0.7487574	1.0	1251	tags=17%, list=6%, signal=18%	
GOCC_VOLTAGE_GATED_CALCIUM_CHANNEL_COMPLEX	GOCC_VOLTAGE_GATED_CALCIUM_CHANNEL_COMPLEX		40	0.38307703	1.1819621	0.19623657	0.7475744	1.0	1534	tags=18%, list=8%, signal=19%	
GOMF_RNA_NUCLEASE_ACTIVITY	GOMF_RNA_NUCLEASE_ACTIVITY		119	0.31780055	1.1819409	0.10526316	0.7460073	1.0	4270	tags=30%, list=22%, signal=39%	
GOBP_MITOCHONDRIAL_TRANSMEMBRANE_TRANSPORT	GOBP_MITOCHONDRIAL_TRANSMEMBRANE_TRANSPORT		95	0.32972386	1.1811644	0.14670658	0.7474159	1.0	4774	tags=36%, list=25%, signal=47%	
GOMF_INSULIN_RECEPTOR_BINDING	GOMF_INSULIN_RECEPTOR_BINDING		22	0.45475388	1.1808429	0.23002422	0.7470228	1.0	5121	tags=50%, list=26%, signal=68%	
GOBP_ANTIGEN_PROCESSING_AND_PRESENTATION_OF_PEPTIDE_ANTIGEN_VIA_MHC_CLASS_IB	GOBP_ANTIGEN_PROCESSING_AND_PRESENTATION_OF_PEPTIDE_ANTIGEN_VIA_MHC_CLASS_IB		17	0.46273664	1.1802872	0.25339368	0.7474756	1.0	1781	tags=29%, list=9%, signal=32%	
GOBP_REGULATION_OF_ACTIN_NUCLEATION	GOBP_REGULATION_OF_ACTIN_NUCLEATION		30	0.41308787	1.1802739	0.21361503	0.7459106	1.0	5848	tags=60%, list=30%, signal=86%	
GOMF_VOLTAGE_GATED_CHANNEL_ACTIVITY	GOMF_VOLTAGE_GATED_CHANNEL_ACTIVITY		171	0.30271453	1.1800811	0.074324325	0.7450776	1.0	2006	tags=15%, list=10%, signal=16%	
GOBP_REGULATION_OF_POLYSACCHARIDE_BIOSYNTHETIC_PROCESS	GOBP_REGULATION_OF_POLYSACCHARIDE_BIOSYNTHETIC_PROCESS		32	0.41069156	1.180054	0.245	0.74357194	1.0	3181	tags=28%, list=16%, signal=34%	
GOBP_ACIDIC_AMINO_ACID_TRANSPORT	GOBP_ACIDIC_AMINO_ACID_TRANSPORT		65	0.352465	1.1785934	0.18126889	0.74776906	1.0	2466	tags=23%, list=13%, signal=26%	
GOBP_NEGATIVE_REGULATION_OF_PROTEIN_LOCALIZATION	GOBP_NEGATIVE_REGULATION_OF_PROTEIN_LOCALIZATION		196	0.29662812	1.1769639	0.10069445	0.7525056	1.0	3312	tags=28%, list=17%, signal=33%	
GOBP_REGULATION_OF_ANOIKIS	GOBP_REGULATION_OF_ANOIKIS		23	0.4271877	1.1769221	0.21800947	0.7510405	1.0	2690	tags=22%, list=14%, signal=25%	
GOBP_NEGATIVE_REGULATION_OF_CALCIUM_ION_TRANSMEMBRANE_TRANSPORT	GOBP_NEGATIVE_REGULATION_OF_CALCIUM_ION_TRANSMEMBRANE_TRANSPORT		44	0.3798461	1.1766672	0.20616114	0.7504161	1.0	4972	tags=41%, list=26%, signal=55%	
GOBP_PROTEIN_PEPTIDYL_PROLYL_ISOMERIZATION	GOBP_PROTEIN_PEPTIDYL_PROLYL_ISOMERIZATION		19	0.45215192	1.1756679	0.24186046	0.7526263	1.0	3655	tags=42%, list=19%, signal=52%	
GOMF_MHC_PROTEIN_BINDING	GOMF_MHC_PROTEIN_BINDING		28	0.41181242	1.1755509	0.22891566	0.7515461	1.0	4024	tags=32%, list=21%, signal=40%	
GOMF_PROTEIN_TRANSMEMBRANE_TRANSPORTER_ACTIVITY	GOMF_PROTEIN_TRANSMEMBRANE_TRANSPORTER_ACTIVITY		26	0.42288136	1.175407	0.23786408	0.7504941	1.0	6416	tags=58%, list=33%, signal=86%	
GOMF_UBIQUITIN_LIKE_PROTEIN_BINDING	GOMF_UBIQUITIN_LIKE_PROTEIN_BINDING		115	0.31333002	1.1732358	0.14330219	0.75728244	1.0	4285	tags=30%, list=22%, signal=38%	
GOBP_CD4_POSITIVE_ALPHA_BETA_T_CELL_PROLIFERATION	GOBP_CD4_POSITIVE_ALPHA_BETA_T_CELL_PROLIFERATION		21	0.44874236	1.1726232	0.24708624	0.7579983	1.0	1139	tags=24%, list=6%, signal=25%	
GOBP_POSITIVE_REGULATION_OF_LIPID_TRANSPORT	GOBP_POSITIVE_REGULATION_OF_LIPID_TRANSPORT		82	0.33839354	1.17221	0.17378049	0.75805	1.0	1101	tags=13%, list=6%, signal=14%	
GOBP_RECEPTOR_RECYCLING	GOBP_RECEPTOR_RECYCLING		45	0.37505716	1.1720423	0.18090452	0.75709325	1.0	3368	tags=36%, list=17%, signal=43%	
GOMF_PROTEIN_DISULFIDE_ISOMERASE_ACTIVITY	GOMF_PROTEIN_DISULFIDE_ISOMERASE_ACTIVITY		21	0.44347242	1.1718984	0.25342464	0.75608677	1.0	4874	tags=48%, list=25%, signal=64%	
GOBP_NEGATIVE_REGULATION_OF_ORGANELLE_ASSEMBLY	GOBP_NEGATIVE_REGULATION_OF_ORGANELLE_ASSEMBLY		43	0.37795845	1.1716805	0.21038961	0.75533706	1.0	4444	tags=40%, list=23%, signal=51%	
GOMF_TRNA_SPECIFIC_RIBONUCLEASE_ACTIVITY	GOMF_TRNA_SPECIFIC_RIBONUCLEASE_ACTIVITY		15	0.49044532	1.1711568	0.26107225	0.7558418	1.0	4086	tags=40%, list=21%, signal=51%	
GOMF_CALCIUM_ION_TRANSMEMBRANE_TRANSPORTER_ACTIVITY	GOMF_CALCIUM_ION_TRANSMEMBRANE_TRANSPORTER_ACTIVITY		138	0.3131187	1.1708419	0.12413793	0.755446	1.0	2084	tags=17%, list=11%, signal=19%	
GOBP_POLYSACCHARIDE_METABOLIC_PROCESS	GOBP_POLYSACCHARIDE_METABOLIC_PROCESS		100	0.31800613	1.1700766	0.16451614	0.75694513	1.0	4452	tags=33%, list=23%, signal=43%	
GOBP_PROGRAMMED_CELL_DEATH_INVOLVED_IN_CELL_DEVELOPMENT	GOBP_PROGRAMMED_CELL_DEATH_INVOLVED_IN_CELL_DEVELOPMENT		24	0.43361014	1.1696297	0.21119593	0.757115	1.0	1466	tags=25%, list=8%, signal=27%	
GOBP_MEGAKARYOCYTE_DIFFERENTIATION	GOBP_MEGAKARYOCYTE_DIFFERENTIATION		50	0.36071822	1.1696086	0.18599033	0.75562733	1.0	1385	tags=16%, list=7%, signal=17%	
GOBP_GLUCAN_METABOLIC_PROCESS	GOBP_GLUCAN_METABOLIC_PROCESS		77	0.33930907	1.1695294	0.12765957	0.75437427	1.0	4717	tags=35%, list=24%, signal=46%	
GOBP_REGULATION_OF_CYTOSOLIC_CALCIUM_ION_CONCENTRATION	GOBP_REGULATION_OF_CYTOSOLIC_CALCIUM_ION_CONCENTRATION		56	0.36371514	1.1692768	0.17827298	0.7538	1.0	1419	tags=20%, list=7%, signal=21%	
GOBP_PEPTIDE_METABOLIC_PROCESS	GOBP_PEPTIDE_METABOLIC_PROCESS		75	0.3403844	1.1692208	0.16713092	0.7524384	1.0	3079	tags=27%, list=16%, signal=32%	
GOBP_NONRIBOSOMAL_PEPTIDE_BIOSYNTHETIC_PROCESS	GOBP_NONRIBOSOMAL_PEPTIDE_BIOSYNTHETIC_PROCESS		18	0.4678048	1.1686631	0.26530612	0.7530845	1.0	3079	tags=33%, list=16%, signal=40%	
GOBP_FATTY_ACID_METABOLIC_PROCESS	GOBP_FATTY_ACID_METABOLIC_PROCESS		375	0.27750704	1.168544	0.028708134	0.75201815	1.0	3299	tags=26%, list=17%, signal=31%	
GOMF_OPSONIN_BINDING	GOMF_OPSONIN_BINDING		20	0.4382701	1.1683698	0.22121896	0.7511509	1.0	1859	tags=20%, list=10%, signal=22%	
GOBP_INSULIN_SECRETION	GOBP_INSULIN_SECRETION		188	0.29328156	1.1678982	0.09818182	0.7515045	1.0	1419	tags=16%, list=7%, signal=17%	
GOMF_RECEPTOR_ANTAGONIST_ACTIVITY	GOMF_RECEPTOR_ANTAGONIST_ACTIVITY		18	0.45251447	1.1678126	0.24940048	0.7502512	1.0	543	tags=17%, list=3%, signal=17%	
GOBP_FEEDING_BEHAVIOR	GOBP_FEEDING_BEHAVIOR		104	0.3191653	1.1676351	0.14589666	0.7494131	1.0	2001	tags=16%, list=10%, signal=18%	
GOMF_METALLOPEPTIDASE_ACTIVITY	GOMF_METALLOPEPTIDASE_ACTIVITY		179	0.2983402	1.167349	0.093023255	0.74892867	1.0	2606	tags=23%, list=13%, signal=26%	
GOBP_REGULATION_OF_ESTABLISHMENT_OF_PROTEIN_LOCALIZATION_TO_MITOCHONDRION	GOBP_REGULATION_OF_ESTABLISHMENT_OF_PROTEIN_LOCALIZATION_TO_MITOCHONDRION		43	0.37701946	1.1667062	0.195	0.7498362	1.0	3768	tags=35%, list=19%, signal=43%	
GOMF_4_IRON_4_SULFUR_CLUSTER_BINDING	GOMF_4_IRON_4_SULFUR_CLUSTER_BINDING		43	0.37613365	1.1665577	0.21707317	0.74888045	1.0	4361	tags=33%, list=22%, signal=42%	
GOMF_VOLTAGE_GATED_POTASSIUM_CHANNEL_ACTIVITY	GOMF_VOLTAGE_GATED_POTASSIUM_CHANNEL_ACTIVITY		97	0.32144246	1.1654402	0.16307692	0.7516156	1.0	2702	tags=18%, list=14%, signal=20%	
GOBP_L_AMINO_ACID_METABOLIC_PROCESS	GOBP_L_AMINO_ACID_METABOLIC_PROCESS		169	0.3019811	1.164895	0.123595506	0.75216913	1.0	3494	tags=33%, list=18%, signal=40%	
GOMF_S_ADENOSYL_L_METHIONINE_BINDING	GOMF_S_ADENOSYL_L_METHIONINE_BINDING		19	0.45410186	1.1644266	0.2590799	0.7523755	1.0	3461	tags=32%, list=18%, signal=38%	
GOBP_NEGATIVE_REGULATION_OF_AMIDE_METABOLIC_PROCESS	GOBP_NEGATIVE_REGULATION_OF_AMIDE_METABOLIC_PROCESS		23	0.42169204	1.1629556	0.25221238	0.75633144	1.0	5879	tags=52%, list=30%, signal=75%	
GOMF_OUTWARD_RECTIFIER_POTASSIUM_CHANNEL_ACTIVITY	GOMF_OUTWARD_RECTIFIER_POTASSIUM_CHANNEL_ACTIVITY		27	0.41973987	1.1618949	0.24019608	0.7590919	1.0	1736	tags=15%, list=9%, signal=16%	
GOBP_LIPID_STORAGE	GOBP_LIPID_STORAGE		86	0.33190876	1.1618618	0.18769231	0.7577126	1.0	1282	tags=20%, list=7%, signal=21%	
GOBP_POLYSACCHARIDE_CATABOLIC_PROCESS	GOBP_POLYSACCHARIDE_CATABOLIC_PROCESS		27	0.4156597	1.161249	0.26485148	0.75856453	1.0	2889	tags=26%, list=15%, signal=30%	
GOBP_ORGANOPHOSPHATE_CATABOLIC_PROCESS	GOBP_ORGANOPHOSPHATE_CATABOLIC_PROCESS		231	0.2876486	1.1612043	0.073469386	0.7572138	1.0	3248	tags=23%, list=17%, signal=27%	
GOBP_PROTEIN_LOCALIZATION_TO_GOLGI_APPARATUS	GOBP_PROTEIN_LOCALIZATION_TO_GOLGI_APPARATUS		28	0.40363654	1.161127	0.24415584	0.75598186	1.0	4278	tags=43%, list=22%, signal=55%	
GOBP_PEPTIDE_CATABOLIC_PROCESS	GOBP_PEPTIDE_CATABOLIC_PROCESS		19	0.44367304	1.1609657	0.26153848	0.7550546	1.0	1032	tags=21%, list=5%, signal=22%	
GOBP_EMBRYONIC_DIGIT_MORPHOGENESIS	GOBP_EMBRYONIC_DIGIT_MORPHOGENESIS		56	0.35147858	1.1606935	0.19900498	0.7546133	1.0	1773	tags=21%, list=9%, signal=24%	
GOMF_STRUCTURAL_CONSTITUENT_OF_RIBOSOME	GOMF_STRUCTURAL_CONSTITUENT_OF_RIBOSOME		156	0.2992546	1.16046	0.110032365	0.75397134	1.0	6278	tags=43%, list=32%, signal=63%	
GOBP_ANGIOTENSIN_ACTIVATED_SIGNALING_PATHWAY	GOBP_ANGIOTENSIN_ACTIVATED_SIGNALING_PATHWAY		18	0.44983825	1.1604342	0.26046512	0.7525577	1.0	2690	tags=33%, list=14%, signal=39%	
GOBP_LONG_CHAIN_FATTY_ACYL_COA_METABOLIC_PROCESS	GOBP_LONG_CHAIN_FATTY_ACYL_COA_METABOLIC_PROCESS		25	0.41927746	1.1600662	0.23855421	0.75246257	1.0	2682	tags=36%, list=14%, signal=42%	
GOBP_POSITIVE_REGULATION_OF_SYNAPSE_ASSEMBLY	GOBP_POSITIVE_REGULATION_OF_SYNAPSE_ASSEMBLY		63	0.34543636	1.1599681	0.17983651	0.7513085	1.0	2493	tags=25%, list=13%, signal=29%	
GOBP_POSITIVE_REGULATION_OF_CARBOHYDRATE_METABOLIC_PROCESS	GOBP_POSITIVE_REGULATION_OF_CARBOHYDRATE_METABOLIC_PROCESS		73	0.33411127	1.1595002	0.17039107	0.7515599	1.0	3236	tags=29%, list=17%, signal=34%	
GOMF_PHOSPHATIDYLETHANOLAMINE_BINDING	GOMF_PHOSPHATIDYLETHANOLAMINE_BINDING		16	0.4621252	1.1593426	0.28	0.7506573	1.0	141	tags=13%, list=1%, signal=13%	
GOBP_ACTIN_FILAMENT_SEVERING	GOBP_ACTIN_FILAMENT_SEVERING		16	0.46007434	1.1588354	0.29223743	0.75113595	1.0	2656	tags=31%, list=14%, signal=36%	
GOCC_MITOCHONDRIAL_PROTEIN_CONTAINING_COMPLEX	GOCC_MITOCHONDRIAL_PROTEIN_CONTAINING_COMPLEX		236	0.28910494	1.1583107	0.093877554	0.7516206	1.0	6545	tags=44%, list=34%, signal=65%	
GOBP_LIPID_MODIFICATION	GOBP_LIPID_MODIFICATION		186	0.2919909	1.1579484	0.09056604	0.7514714	1.0	2403	tags=19%, list=12%, signal=22%	
GOBP_POSTSYNAPTIC_NEUROTRANSMITTER_RECEPTOR_INTERNALIZATION	GOBP_POSTSYNAPTIC_NEUROTRANSMITTER_RECEPTOR_INTERNALIZATION		27	0.40977162	1.1577659	0.2777778	0.7506474	1.0	4333	tags=33%, list=22%, signal=43%	
GOBP_POSITIVE_REGULATION_OF_FATTY_ACID_METABOLIC_PROCESS	GOBP_POSITIVE_REGULATION_OF_FATTY_ACID_METABOLIC_PROCESS		37	0.38658813	1.1576964	0.23589744	0.7494228	1.0	2293	tags=27%, list=12%, signal=31%	
GOCC_DENDRITE_CYTOPLASM	GOCC_DENDRITE_CYTOPLASM		27	0.41251495	1.1575363	0.2147651	0.7485746	1.0	4545	tags=37%, list=23%, signal=48%	
GOMF_UBIQUITIN_BINDING	GOMF_UBIQUITIN_BINDING		97	0.32076466	1.1557648	0.17607974	0.75402325	1.0	3327	tags=24%, list=17%, signal=28%	
GOBP_POTASSIUM_ION_EXPORT_ACROSS_PLASMA_MEMBRANE	GOBP_POTASSIUM_ION_EXPORT_ACROSS_PLASMA_MEMBRANE		19	0.44526067	1.1551936	0.27051	0.7548192	1.0	731	tags=16%, list=4%, signal=16%	
GOBP_AMINO_ACID_BETAINE_METABOLIC_PROCESS	GOBP_AMINO_ACID_BETAINE_METABOLIC_PROCESS		17	0.45949	1.1551892	0.27002287	0.7533816	1.0	2708	tags=41%, list=14%, signal=48%	
GOMF_NUCLEOSIDE_DIPHOSPHATE_KINASE_ACTIVITY	GOMF_NUCLEOSIDE_DIPHOSPHATE_KINASE_ACTIVITY		17	0.4563806	1.1549101	0.28270042	0.7530586	1.0	5116	tags=41%, list=26%, signal=56%	
GOBP_MONOCARBOXYLIC_ACID_BIOSYNTHETIC_PROCESS	GOBP_MONOCARBOXYLIC_ACID_BIOSYNTHETIC_PROCESS		207	0.28502053	1.1545608	0.08550186	0.752951	1.0	3038	tags=27%, list=16%, signal=31%	
GOBP_AUTOPHAGY_OF_PEROXISOME	GOBP_AUTOPHAGY_OF_PEROXISOME		15	0.4748494	1.153095	0.2673913	0.7570231	1.0	5156	tags=47%, list=27%, signal=63%	
GOBP_REGULATION_OF_HEART_CONTRACTION	GOBP_REGULATION_OF_HEART_CONTRACTION		199	0.28892186	1.1530842	0.09543569	0.7556183	1.0	2100	tags=19%, list=11%, signal=21%	
GOBP_MITOCHONDRIAL_RESPIRATORY_CHAIN_COMPLEX_ASSEMBLY	GOBP_MITOCHONDRIAL_RESPIRATORY_CHAIN_COMPLEX_ASSEMBLY		79	0.3306671	1.1525546	0.1615599	0.75611967	1.0	6126	tags=44%, list=32%, signal=64%	
GOMF_BITTER_TASTE_RECEPTOR_ACTIVITY	GOMF_BITTER_TASTE_RECEPTOR_ACTIVITY		24	0.4113349	1.1520551	0.23113208	0.75653803	1.0	3605	tags=17%, list=19%, signal=20%	
GOBP_RESPONSE_TO_SALT	GOBP_RESPONSE_TO_SALT		22	0.43387842	1.1520325	0.25970873	0.7552001	1.0	2510	tags=36%, list=13%, signal=42%	
GOBP_FATTY_ACID_DERIVATIVE_METABOLIC_PROCESS	GOBP_FATTY_ACID_DERIVATIVE_METABOLIC_PROCESS		73	0.33694285	1.1519752	0.1961326	0.75397015	1.0	3079	tags=33%, list=16%, signal=39%	
GOMF_ENDONUCLEASE_ACTIVITY	GOMF_ENDONUCLEASE_ACTIVITY		114	0.31259033	1.1519303	0.1553398	0.75268173	1.0	2785	tags=22%, list=14%, signal=25%	
GOBP_BRANCHING_INVOLVED_IN_BLOOD_VESSEL_MORPHOGENESIS	GOBP_BRANCHING_INVOLVED_IN_BLOOD_VESSEL_MORPHOGENESIS		33	0.39357358	1.151305	0.21867321	0.75361866	1.0	2030	tags=21%, list=10%, signal=24%	
GOBP_COMPLEMENT_ACTIVATION	GOBP_COMPLEMENT_ACTIVATION		54	0.3492546	1.1512573	0.21832883	0.75240004	1.0	1859	tags=28%, list=10%, signal=31%	
GOBP_RESPONSE_TO_L_GLUTAMATE	GOBP_RESPONSE_TO_L_GLUTAMATE		15	0.47419238	1.1507823	0.2817552	0.7527698	1.0	1945	tags=20%, list=10%, signal=22%	
GOMF_TRANSFERASE_ACTIVITY_TRANSFERRING_SULPHUR_CONTAINING_GROUPS	GOMF_TRANSFERASE_ACTIVITY_TRANSFERRING_SULPHUR_CONTAINING_GROUPS		67	0.34103602	1.1506033	0.1923077	0.75197875	1.0	2546	tags=27%, list=13%, signal=31%	
GOBP_REGULATION_OF_PEPTIDE_TRANSPORT	GOBP_REGULATION_OF_PEPTIDE_TRANSPORT		190	0.29125485	1.1502706	0.09854015	0.7517443	1.0	1419	tags=16%, list=7%, signal=17%	
GOBP_NEGATIVE_REGULATION_OF_CARBOHYDRATE_METABOLIC_PROCESS	GOBP_NEGATIVE_REGULATION_OF_CARBOHYDRATE_METABOLIC_PROCESS		47	0.3599779	1.1498802	0.18888889	0.7518603	1.0	3112	tags=23%, list=16%, signal=28%	
GOBP_PROSTAGLANDIN_TRANSPORT	GOBP_PROSTAGLANDIN_TRANSPORT		28	0.3992361	1.1494855	0.25187033	0.75196177	1.0	1401	tags=18%, list=7%, signal=19%	
GOBP_REGULATION_OF_FIBRINOLYSIS	GOBP_REGULATION_OF_FIBRINOLYSIS		17	0.45785198	1.1490617	0.2719101	0.75212055	1.0	1146	tags=29%, list=6%, signal=31%	
GOBP_AMINO_ACID_BIOSYNTHETIC_PROCESS	GOBP_AMINO_ACID_BIOSYNTHETIC_PROCESS		72	0.33905098	1.1488572	0.21965317	0.75155395	1.0	3032	tags=33%, list=16%, signal=39%	
GOCC_CILIARY_BASE	GOCC_CILIARY_BASE		37	0.3782412	1.1482735	0.24120604	0.75244033	1.0	3902	tags=43%, list=20%, signal=54%	
GOBP_CELLULAR_RESPONSE_TO_GONADOTROPIN_STIMULUS	GOBP_CELLULAR_RESPONSE_TO_GONADOTROPIN_STIMULUS		18	0.4505437	1.1481438	0.28446388	0.751484	1.0	2030	tags=28%, list=10%, signal=31%	
GOMF_CARBOHYDRATE_MONOATOMIC_CATION_SYMPORTER_ACTIVITY	GOMF_CARBOHYDRATE_MONOATOMIC_CATION_SYMPORTER_ACTIVITY		16	0.4574906	1.1480201	0.2780269	0.7505247	1.0	719	tags=19%, list=4%, signal=19%	
GOBP_TRNA_METABOLIC_PROCESS	GOBP_TRNA_METABOLIC_PROCESS		171	0.29396483	1.1469058	0.1388889	0.75329244	1.0	4558	tags=28%, list=23%, signal=36%	
GOBP_LATE_ENDOSOME_TO_LYSOSOME_TRANSPORT	GOBP_LATE_ENDOSOME_TO_LYSOSOME_TRANSPORT		21	0.43191388	1.1468021	0.24305555	0.75228053	1.0	5017	tags=38%, list=26%, signal=51%	
GOBP_L_GLUTAMATE_IMPORT	GOBP_L_GLUTAMATE_IMPORT		39	0.37401095	1.1464806	0.22302158	0.7521259	1.0	2466	tags=28%, list=13%, signal=32%	
GOBP_PROTEIN_CONTAINING_COMPLEX_LOCALIZATION	GOBP_PROTEIN_CONTAINING_COMPLEX_LOCALIZATION		183	0.28932202	1.144603	0.16254418	0.75783	1.0	4235	tags=31%, list=22%, signal=39%	
GOCC_EXORIBONUCLEASE_COMPLEX	GOCC_EXORIBONUCLEASE_COMPLEX		24	0.4166041	1.1445435	0.25	0.756685	1.0	5023	tags=42%, list=26%, signal=56%	
GOBP_MEMBRANE_REPOLARIZATION_DURING_ACTION_POTENTIAL	GOBP_MEMBRANE_REPOLARIZATION_DURING_ACTION_POTENTIAL		28	0.41054013	1.1443704	0.25111112	0.7559632	1.0	4137	tags=43%, list=21%, signal=54%	
GOBP_NEGATIVE_REGULATION_OF_UBIQUITIN_DEPENDENT_PROTEIN_CATABOLIC_PROCESS	GOBP_NEGATIVE_REGULATION_OF_UBIQUITIN_DEPENDENT_PROTEIN_CATABOLIC_PROCESS		51	0.3531541	1.1443299	0.22513089	0.7547126	1.0	1663	tags=14%, list=9%, signal=15%	
GOBP_ARACHIDONIC_ACID_SECRETION	GOBP_ARACHIDONIC_ACID_SECRETION		30	0.3951319	1.143458	0.27865168	0.7565912	1.0	149	tags=10%, list=1%, signal=10%	
GOMF_SIGNALING_RECEPTOR_INHIBITOR_ACTIVITY	GOMF_SIGNALING_RECEPTOR_INHIBITOR_ACTIVITY		28	0.39619187	1.1428725	0.25681818	0.757327	1.0	1701	tags=18%, list=9%, signal=20%	
GOBP_POSITIVE_REGULATION_OF_LIPID_METABOLIC_PROCESS	GOBP_POSITIVE_REGULATION_OF_LIPID_METABOLIC_PROCESS		117	0.3084837	1.1423099	0.15915915	0.7580994	1.0	2426	tags=22%, list=12%, signal=25%	
GOBP_REGULATION_OF_CHOLESTEROL_EFFLUX	GOBP_REGULATION_OF_CHOLESTEROL_EFFLUX		37	0.3815736	1.142281	0.21782178	0.75682294	1.0	2202	tags=19%, list=11%, signal=21%	
GOMF_GLUTAMATE_GATED_RECEPTOR_ACTIVITY	GOMF_GLUTAMATE_GATED_RECEPTOR_ACTIVITY		16	0.46087155	1.1419982	0.27901787	0.7565096	1.0	1969	tags=13%, list=10%, signal=14%	
GOMF_LYSINE_N_METHYLTRANSFERASE_ACTIVITY	GOMF_LYSINE_N_METHYLTRANSFERASE_ACTIVITY		51	0.3595673	1.1417327	0.23544973	0.75615525	1.0	3005	tags=27%, list=15%, signal=32%	
GOBP_REGULATION_OF_ATP_METABOLIC_PROCESS	GOBP_REGULATION_OF_ATP_METABOLIC_PROCESS		65	0.34259486	1.141303	0.20661157	0.75646245	1.0	3322	tags=25%, list=17%, signal=30%	
GOBP_NEGATIVE_REGULATION_OF_COAGULATION	GOBP_NEGATIVE_REGULATION_OF_COAGULATION		51	0.34844998	1.1409035	0.2248062	0.7566354	1.0	1401	tags=24%, list=7%, signal=25%	
GOBP_O_GLYCAN_PROCESSING	GOBP_O_GLYCAN_PROCESSING		41	0.36412436	1.1402749	0.22222222	0.7575962	1.0	643	tags=12%, list=3%, signal=13%	
GOCC_ORGANELLE_INNER_MEMBRANE	GOCC_ORGANELLE_INNER_MEMBRANE		483	0.2655679	1.1402141	0.060606062	0.7564839	1.0	5030	tags=34%, list=26%, signal=45%	
GOBP_ALCOHOL_METABOLIC_PROCESS	GOBP_ALCOHOL_METABOLIC_PROCESS		354	0.2741664	1.1400238	0.08947369	0.75586087	1.0	2829	tags=23%, list=15%, signal=26%	
GOBP_NEGATIVE_REGULATION_OF_SECRETION	GOBP_NEGATIVE_REGULATION_OF_SECRETION		160	0.2991821	1.1398196	0.14473684	0.7552624	1.0	2219	tags=20%, list=11%, signal=22%	
GOMF_TRANSFORMING_GROWTH_FACTOR_BETA_RECEPTOR_BINDING	GOMF_TRANSFORMING_GROWTH_FACTOR_BETA_RECEPTOR_BINDING		26	0.41362706	1.1397586	0.26401868	0.7541405	1.0	2309	tags=31%, list=12%, signal=35%	
GOBP_REGULATION_OF_MEGAKARYOCYTE_DIFFERENTIATION	GOBP_REGULATION_OF_MEGAKARYOCYTE_DIFFERENTIATION		22	0.4347034	1.1390554	0.2823219	0.7553837	1.0	690	tags=14%, list=4%, signal=14%	
GOBP_POSITIVE_REGULATION_OF_CELLULAR_CATABOLIC_PROCESS	GOBP_POSITIVE_REGULATION_OF_CELLULAR_CATABOLIC_PROCESS		211	0.28819412	1.1386023	0.11851852	0.75579035	1.0	3523	tags=25%, list=18%, signal=30%	
GOMF_GTP_DEPENDENT_PROTEIN_BINDING	GOMF_GTP_DEPENDENT_PROTEIN_BINDING		19	0.44676858	1.1383984	0.27073172	0.7552013	1.0	3408	tags=37%, list=18%, signal=45%	
GOBP_ALPHA_AMINO_ACID_METABOLIC_PROCESS	GOBP_ALPHA_AMINO_ACID_METABOLIC_PROCESS		203	0.28729218	1.1381062	0.15503876	0.75495744	1.0	3903	tags=36%, list=20%, signal=45%	
GOBP_MATERNAL_PROCESS_INVOLVED_IN_FEMALE_PREGNANCY	GOBP_MATERNAL_PROCESS_INVOLVED_IN_FEMALE_PREGNANCY		58	0.3489495	1.1379313	0.24875621	0.7542227	1.0	1564	tags=22%, list=8%, signal=24%	
GOBP_POSITIVE_REGULATION_OF_AMINE_TRANSPORT	GOBP_POSITIVE_REGULATION_OF_AMINE_TRANSPORT		40	0.36488575	1.1374887	0.23558897	0.7545764	1.0	1269	tags=20%, list=7%, signal=21%	
GOCC_RIBOSOMAL_SUBUNIT	GOCC_RIBOSOMAL_SUBUNIT		181	0.2936198	1.1374624	0.14333333	0.7533437	1.0	6278	tags=42%, list=32%, signal=61%	
GOBP_SULFATION	GOBP_SULFATION		20	0.43881416	1.1355741	0.2850575	0.759028	1.0	5592	tags=55%, list=29%, signal=77%	
GOMF_ACETYLGALACTOSAMINYLTRANSFERASE_ACTIVITY	GOMF_ACETYLGALACTOSAMINYLTRANSFERASE_ACTIVITY		33	0.38459343	1.1353261	0.24873096	0.7586527	1.0	4215	tags=33%, list=22%, signal=42%	
GOCC_POTASSIUM_CHANNEL_COMPLEX	GOCC_POTASSIUM_CHANNEL_COMPLEX		100	0.31075937	1.1344421	0.19496855	0.76061386	1.0	2696	tags=20%, list=14%, signal=23%	
GOBP_THIOESTER_BIOSYNTHETIC_PROCESS	GOBP_THIOESTER_BIOSYNTHETIC_PROCESS		45	0.3614678	1.1337512	0.25615764	0.7618002	1.0	2682	tags=29%, list=14%, signal=33%	
GOCC_DENDRITE_MEMBRANE	GOCC_DENDRITE_MEMBRANE		37	0.37238175	1.1336529	0.24444444	0.76084244	1.0	3147	tags=24%, list=16%, signal=29%	
GOBP_PIGMENT_CELL_DIFFERENTIATION	GOBP_PIGMENT_CELL_DIFFERENTIATION		35	0.3735206	1.1329792	0.2475	0.76210696	1.0	1364	tags=17%, list=7%, signal=18%	
GOBP_REGULATION_OF_GLUCOSE_TRANSMEMBRANE_TRANSPORT	GOBP_REGULATION_OF_GLUCOSE_TRANSMEMBRANE_TRANSPORT		71	0.32629874	1.1328684	0.2264151	0.761191	1.0	2448	tags=28%, list=13%, signal=32%	
GOBP_ADENYLATE_CYCLASE_MODULATING_G_PROTEIN_COUPLED_RECEPTOR_SIGNALING_PATHWAY	GOBP_ADENYLATE_CYCLASE_MODULATING_G_PROTEIN_COUPLED_RECEPTOR_SIGNALING_PATHWAY		248	0.27579576	1.1321653	0.094827585	0.7624852	1.0	3407	tags=22%, list=18%, signal=26%	
GOBP_REGULATION_OF_SKELETAL_MUSCLE_CONTRACTION	GOBP_REGULATION_OF_SKELETAL_MUSCLE_CONTRACTION		18	0.44017267	1.1314613	0.297561	0.7638603	1.0	1943	tags=33%, list=10%, signal=37%	
GOMF_METAL_CLUSTER_BINDING	GOMF_METAL_CLUSTER_BINDING		68	0.33723682	1.1310818	0.20882353	0.76389	1.0	4100	tags=32%, list=21%, signal=41%	
GOBP_POSITIVE_REGULATION_OF_PROTEIN_LOCALIZATION_TO_NUCLEUS	GOBP_POSITIVE_REGULATION_OF_PROTEIN_LOCALIZATION_TO_NUCLEUS		92	0.31977323	1.1305156	0.2	0.76471424	1.0	3833	tags=30%, list=20%, signal=38%	
GOCC_ATPASE_DEPENDENT_TRANSMEMBRANE_TRANSPORT_COMPLEX	GOCC_ATPASE_DEPENDENT_TRANSMEMBRANE_TRANSPORT_COMPLEX		25	0.41497073	1.13043	0.29268292	0.7637136	1.0	3776	tags=32%, list=19%, signal=40%	
GOBP_ADENYLATE_CYCLASE_ACTIVATING_G_PROTEIN_COUPLED_RECEPTOR_SIGNALING_PATHWAY	GOBP_ADENYLATE_CYCLASE_ACTIVATING_G_PROTEIN_COUPLED_RECEPTOR_SIGNALING_PATHWAY		162	0.29176491	1.1303267	0.13868614	0.76278526	1.0	1419	tags=14%, list=7%, signal=15%	
GOCC_GABA_ERGIC_SYNAPSE	GOCC_GABA_ERGIC_SYNAPSE		75	0.32527846	1.1295961	0.22881356	0.764196	1.0	2426	tags=21%, list=12%, signal=24%	
GOBP_POST_EMBRYONIC_DEVELOPMENT	GOBP_POST_EMBRYONIC_DEVELOPMENT		84	0.32185742	1.1291813	0.2090909	0.76447195	1.0	2932	tags=30%, list=15%, signal=35%	
GOBP_REGULATION_OF_CHOLESTEROL_METABOLIC_PROCESS	GOBP_REGULATION_OF_CHOLESTEROL_METABOLIC_PROCESS		35	0.38668633	1.1282	0.26419753	0.7668267	1.0	2028	tags=20%, list=10%, signal=22%	
GOBP_AMINO_ACID_CATABOLIC_PROCESS	GOBP_AMINO_ACID_CATABOLIC_PROCESS		101	0.31160384	1.1277751	0.19076923	0.76716864	1.0	3364	tags=34%, list=17%, signal=41%	
GOBP_MICROTUBULE_BUNDLE_FORMATION	GOBP_MICROTUBULE_BUNDLE_FORMATION		101	0.30774185	1.127614	0.2	0.76647127	1.0	1655	tags=15%, list=9%, signal=16%	
GOBP_POSITIVE_REGULATION_OF_GLUCOSE_METABOLIC_PROCESS	GOBP_POSITIVE_REGULATION_OF_GLUCOSE_METABOLIC_PROCESS		40	0.36441442	1.1273266	0.26142132	0.76621926	1.0	3236	tags=33%, list=17%, signal=39%	
GOBP_SMALL_MOLECULE_CATABOLIC_PROCESS	GOBP_SMALL_MOLECULE_CATABOLIC_PROCESS		366	0.2682613	1.1268991	0.11111111	0.7666123	1.0	3318	tags=25%, list=17%, signal=30%	
GOBP_FATTY_ACYL_COA_BIOSYNTHETIC_PROCESS	GOBP_FATTY_ACYL_COA_BIOSYNTHETIC_PROCESS		26	0.4027971	1.1259085	0.2914692	0.7689893	1.0	2682	tags=38%, list=14%, signal=45%	
GOBP_GENERATION_OF_PRECURSOR_METABOLITES_AND_ENERGY	GOBP_GENERATION_OF_PRECURSOR_METABOLITES_AND_ENERGY		407	0.26542452	1.1256651	0.098130845	0.76862234	1.0	3394	tags=22%, list=17%, signal=27%	
GOBP_ENDOPLASMIC_RETICULUM_CALCIUM_ION_HOMEOSTASIS	GOBP_ENDOPLASMIC_RETICULUM_CALCIUM_ION_HOMEOSTASIS		22	0.42514303	1.1250021	0.30045873	0.7698767	1.0	3899	tags=36%, list=20%, signal=45%	
GOBP_EXPORT_ACROSS_PLASMA_MEMBRANE	GOBP_EXPORT_ACROSS_PLASMA_MEMBRANE		68	0.33205655	1.1241336	0.23743017	0.7719237	1.0	1229	tags=15%, list=6%, signal=16%	
GOBP_POSITIVE_REGULATION_OF_VASCULAR_ENDOTHELIAL_GROWTH_FACTOR_PRODUCTION	GOBP_POSITIVE_REGULATION_OF_VASCULAR_ENDOTHELIAL_GROWTH_FACTOR_PRODUCTION		30	0.38697752	1.1231822	0.28733033	0.7741634	1.0	1503	tags=23%, list=8%, signal=25%	
GOCC_POSTSYNAPTIC_SPECIALIZATION_MEMBRANE	GOCC_POSTSYNAPTIC_SPECIALIZATION_MEMBRANE		126	0.29783562	1.123095	0.2	0.7731725	1.0	2101	tags=13%, list=11%, signal=15%	
GOBP_FATTY_ACID_BIOSYNTHETIC_PROCESS	GOBP_FATTY_ACID_BIOSYNTHETIC_PROCESS		151	0.29171526	1.1227831	0.18213059	0.7730748	1.0	3194	tags=26%, list=16%, signal=31%	
GOBP_REGULATION_OF_PROTEIN_LOCALIZATION_TO_NUCLEUS	GOBP_REGULATION_OF_PROTEIN_LOCALIZATION_TO_NUCLEUS		138	0.29372245	1.1220948	0.19626169	0.7743616	1.0	3833	tags=30%, list=20%, signal=37%	
GOMF_TRIGLYCERIDE_LIPASE_ACTIVITY	GOMF_TRIGLYCERIDE_LIPASE_ACTIVITY		25	0.4080183	1.1219873	0.24470589	0.7735051	1.0	1916	tags=20%, list=10%, signal=22%	
GOBP_MODULATION_BY_HOST_OF_VIRAL_PROCESS	GOBP_MODULATION_BY_HOST_OF_VIRAL_PROCESS		45	0.35228845	1.1217682	0.24338624	0.77310115	1.0	3303	tags=31%, list=17%, signal=37%	
GOBP_EXTRACELLULAR_VESICLE_BIOGENESIS	GOBP_EXTRACELLULAR_VESICLE_BIOGENESIS		24	0.4118917	1.1216428	0.28873238	0.7722536	1.0	3666	tags=33%, list=19%, signal=41%	
GOMF_AMIDE_BINDING	GOMF_AMIDE_BINDING		237	0.27257657	1.1208149	0.13703704	0.7739798	1.0	2638	tags=20%, list=14%, signal=23%	
GOMF_ALCOHOL_DEHYDROGENASE_NAD_P_PLUS_ACTIVITY	GOMF_ALCOHOL_DEHYDROGENASE_NAD_P_PLUS_ACTIVITY		24	0.40434062	1.1207124	0.2806604	0.7730639	1.0	1667	tags=25%, list=9%, signal=27%	
GOBP_PLATELET_DERIVED_GROWTH_FACTOR_RECEPTOR_SIGNALING_PATHWAY	GOBP_PLATELET_DERIVED_GROWTH_FACTOR_RECEPTOR_SIGNALING_PATHWAY		54	0.3394507	1.1205292	0.24166666	0.7724615	1.0	3112	tags=30%, list=16%, signal=35%	
GOBP_NEGATIVE_REGULATION_OF_ALPHA_BETA_T_CELL_PROLIFERATION	GOBP_NEGATIVE_REGULATION_OF_ALPHA_BETA_T_CELL_PROLIFERATION		15	0.4488542	1.1205267	0.31136364	0.7711808	1.0	1139	tags=27%, list=6%, signal=28%	
GOBP_SPHINGOMYELIN_METABOLIC_PROCESS	GOBP_SPHINGOMYELIN_METABOLIC_PROCESS		20	0.42711338	1.1202197	0.3053613	0.7710829	1.0	3736	tags=45%, list=19%, signal=56%	
GOBP_REGULATION_OF_CALCIUM_MEDIATED_SIGNALING	GOBP_REGULATION_OF_CALCIUM_MEDIATED_SIGNALING		90	0.3175192	1.1202087	0.20180723	0.76983607	1.0	2765	tags=26%, list=14%, signal=30%	
GOBP_PROTEIN_METHYLATION	GOBP_PROTEIN_METHYLATION		42	0.3583104	1.1199387	0.25480768	0.76955247	1.0	3506	tags=21%, list=18%, signal=26%	
GOBP_REGULATION_OF_POSTSYNAPTIC_NEUROTRANSMITTER_RECEPTOR_INTERNALIZATION	GOBP_REGULATION_OF_POSTSYNAPTIC_NEUROTRANSMITTER_RECEPTOR_INTERNALIZATION		19	0.42608473	1.1195691	0.323185	0.76969826	1.0	1294	tags=16%, list=7%, signal=17%	
GOMF_ISOMERASE_ACTIVITY	GOMF_ISOMERASE_ACTIVITY		165	0.28877607	1.1194719	0.14675768	0.76876634	1.0	3655	tags=27%, list=19%, signal=33%	
GOBP_POSITIVE_REGULATION_OF_NUCLEOTIDE_METABOLIC_PROCESS	GOBP_POSITIVE_REGULATION_OF_NUCLEOTIDE_METABOLIC_PROCESS		35	0.36942586	1.1190629	0.28501227	0.7689831	1.0	3322	tags=29%, list=17%, signal=34%	
GOBP_INNER_MITOCHONDRIAL_MEMBRANE_ORGANIZATION	GOBP_INNER_MITOCHONDRIAL_MEMBRANE_ORGANIZATION		38	0.36062837	1.1188262	0.26737967	0.7687147	1.0	6510	tags=50%, list=34%, signal=75%	
GOCC_ENDOCYTIC_VESICLE_LUMEN	GOCC_ENDOCYTIC_VESICLE_LUMEN		23	0.41025007	1.1185238	0.29904306	0.76856494	1.0	835	tags=13%, list=4%, signal=14%	
GOBP_REGULATION_OF_SMALL_MOLECULE_METABOLIC_PROCESS	GOBP_REGULATION_OF_SMALL_MOLECULE_METABOLIC_PROCESS		298	0.26973313	1.11724	0.122171946	0.7723254	1.0	3322	tags=22%, list=17%, signal=27%	
GOBP_REGULATION_OF_ARP2_3_COMPLEX_MEDIATED_ACTIN_NUCLEATION	GOBP_REGULATION_OF_ARP2_3_COMPLEX_MEDIATED_ACTIN_NUCLEATION		22	0.41866794	1.1168675	0.31666666	0.77241904	1.0	5478	tags=55%, list=28%, signal=76%	
GOBP_SPHINGOID_METABOLIC_PROCESS	GOBP_SPHINGOID_METABOLIC_PROCESS		20	0.43437856	1.1163707	0.29933482	0.77307296	1.0	1403	tags=25%, list=7%, signal=27%	
GOBP_CARDIAC_CONDUCTION	GOBP_CARDIAC_CONDUCTION		95	0.31011915	1.116088	0.22044729	0.77282166	1.0	3379	tags=25%, list=17%, signal=30%	
GOCC_CATION_TRANSPORTING_ATPASE_COMPLEX	GOCC_CATION_TRANSPORTING_ATPASE_COMPLEX		19	0.42462364	1.115875	0.3110048	0.7723306	1.0	3776	tags=32%, list=19%, signal=39%	
GOBP_ASPARTATE_FAMILY_AMINO_ACID_BIOSYNTHETIC_PROCESS	GOBP_ASPARTATE_FAMILY_AMINO_ACID_BIOSYNTHETIC_PROCESS		20	0.42525125	1.1158185	0.3187348	0.77130777	1.0	1078	tags=20%, list=6%, signal=21%	
GOBP_POSITIVE_REGULATION_OF_CELL_DIVISION	GOBP_POSITIVE_REGULATION_OF_CELL_DIVISION		94	0.30657142	1.1156565	0.20376176	0.7706527	1.0	2885	tags=23%, list=15%, signal=27%	
GOBP_RESPONSE_TO_OXIDATIVE_STRESS	GOBP_RESPONSE_TO_OXIDATIVE_STRESS		367	0.26379994	1.1154505	0.12429378	0.770163	1.0	3333	tags=26%, list=17%, signal=31%	
GOBP_XENOBIOTIC_METABOLIC_PROCESS	GOBP_XENOBIOTIC_METABOLIC_PROCESS		123	0.29910824	1.1154141	0.18867925	0.7690278	1.0	1310	tags=13%, list=7%, signal=14%	
GOBP_REGULATION_OF_FATTY_ACID_METABOLIC_PROCESS	GOBP_REGULATION_OF_FATTY_ACID_METABOLIC_PROCESS		87	0.31544223	1.1153541	0.24590164	0.7680294	1.0	2293	tags=20%, list=12%, signal=22%	
GOBP_POSITIVE_REGULATION_OF_PROTEIN_LOCALIZATION_TO_MEMBRANE	GOBP_POSITIVE_REGULATION_OF_PROTEIN_LOCALIZATION_TO_MEMBRANE		102	0.30516994	1.1144875	0.20972644	0.7700507	1.0	3577	tags=28%, list=18%, signal=35%	
GOMF_ACYLGLYCEROL_O_ACYLTRANSFERASE_ACTIVITY	GOMF_ACYLGLYCEROL_O_ACYLTRANSFERASE_ACTIVITY		29	0.38922894	1.1142312	0.2761905	0.7697502	1.0	4089	tags=31%, list=21%, signal=39%	
GOBP_REGULATION_OF_BLOOD_CIRCULATION	GOBP_REGULATION_OF_BLOOD_CIRCULATION		249	0.27451974	1.1141813	0.14901961	0.76869786	1.0	2100	tags=18%, list=11%, signal=20%	
GOBP_NEGATIVE_REGULATION_OF_RECEPTOR_MEDIATED_ENDOCYTOSIS	GOBP_NEGATIVE_REGULATION_OF_RECEPTOR_MEDIATED_ENDOCYTOSIS		31	0.38208687	1.1141151	0.27631578	0.76773304	1.0	3104	tags=19%, list=16%, signal=23%	
GOBP_GOLGI_TO_ENDOSOME_TRANSPORT	GOBP_GOLGI_TO_ENDOSOME_TRANSPORT		15	0.45944196	1.1139221	0.3026906	0.767199	1.0	2897	tags=47%, list=15%, signal=55%	
GOBP_NUCLEOSIDE_BISPHOSPHATE_METABOLIC_PROCESS	GOBP_NUCLEOSIDE_BISPHOSPHATE_METABOLIC_PROCESS		118	0.30384994	1.1137588	0.20952381	0.76656467	1.0	3923	tags=32%, list=20%, signal=40%	
GOBP_REGULATION_OF_PRESYNAPTIC_CYTOSOLIC_CALCIUM_ION_CONCENTRATION	GOBP_REGULATION_OF_PRESYNAPTIC_CYTOSOLIC_CALCIUM_ION_CONCENTRATION		15	0.4472803	1.1134984	0.30769232	0.76629144	1.0	1419	tags=27%, list=7%, signal=29%	
GOBP_NEGATIVE_REGULATION_OF_RESPONSE_TO_CYTOKINE_STIMULUS	GOBP_NEGATIVE_REGULATION_OF_RESPONSE_TO_CYTOKINE_STIMULUS		80	0.3167531	1.1133512	0.24722221	0.7655933	1.0	1293	tags=11%, list=7%, signal=12%	
GOBP_DICARBOXYLIC_ACID_TRANSPORT	GOBP_DICARBOXYLIC_ACID_TRANSPORT		98	0.31166086	1.1131316	0.20402299	0.7651734	1.0	2466	tags=20%, list=13%, signal=23%	
GOBP_POSITIVE_REGULATION_OF_PROTEIN_MATURATION	GOBP_POSITIVE_REGULATION_OF_PROTEIN_MATURATION		25	0.39763615	1.1113267	0.28365386	0.77072185	1.0	2852	tags=36%, list=15%, signal=42%	
GOBP_REGULATION_OF_NITRIC_OXIDE_SYNTHASE_ACTIVITY	GOBP_REGULATION_OF_NITRIC_OXIDE_SYNTHASE_ACTIVITY		21	0.42044923	1.1108315	0.28705883	0.77135587	1.0	1100	tags=24%, list=6%, signal=25%	
GOBP_ESTABLISHMENT_OF_PROTEIN_LOCALIZATION_TO_ORGANELLE	GOBP_ESTABLISHMENT_OF_PROTEIN_LOCALIZATION_TO_ORGANELLE		423	0.26118928	1.1107613	0.0867052	0.77039796	1.0	4346	tags=29%, list=22%, signal=37%	
GOBP_DEFINITIVE_HEMOPOIESIS	GOBP_DEFINITIVE_HEMOPOIESIS		20	0.4237333	1.1106299	0.30238095	0.76966137	1.0	1385	tags=25%, list=7%, signal=27%	
GOCC_FILAMENTOUS_ACTIN	GOCC_FILAMENTOUS_ACTIN		31	0.38191736	1.1104803	0.27293578	0.7690308	1.0	5355	tags=39%, list=28%, signal=53%	
GOBP_PROTEIN_TARGETING_TO_MEMBRANE	GOBP_PROTEIN_TARGETING_TO_MEMBRANE		117	0.30498278	1.1098876	0.19503546	0.77007544	1.0	3351	tags=22%, list=17%, signal=27%	
GOBP_SULFUR_COMPOUND_BIOSYNTHETIC_PROCESS	GOBP_SULFUR_COMPOUND_BIOSYNTHETIC_PROCESS		164	0.28698	1.1095754	0.18181819	0.7699804	1.0	3161	tags=29%, list=16%, signal=34%	
GOBP_POSITIVE_REGULATION_OF_MYELOID_CELL_DIFFERENTIATION	GOBP_POSITIVE_REGULATION_OF_MYELOID_CELL_DIFFERENTIATION		97	0.31041697	1.1095636	0.2464986	0.7688244	1.0	2489	tags=20%, list=13%, signal=22%	
GOBP_REGULATION_OF_NUCLEAR_TRANSCRIBED_MRNA_CATABOLIC_PROCESS_DEADENYLATION_DEPENDENT_DECAY	GOBP_REGULATION_OF_NUCLEAR_TRANSCRIBED_MRNA_CATABOLIC_PROCESS_DEADENYLATION_DEPENDENT_DECAY		21	0.42641523	1.1087852	0.29441625	0.77054435	1.0	5277	tags=43%, list=27%, signal=59%	
GOCC_ENDOPLASMIC_RETICULUM_PROTEIN_CONTAINING_COMPLEX	GOCC_ENDOPLASMIC_RETICULUM_PROTEIN_CONTAINING_COMPLEX		112	0.30275345	1.1087471	0.23734178	0.76946306	1.0	4898	tags=38%, list=25%, signal=50%	
GOBP_MONOCYTE_CHEMOTACTIC_PROTEIN_1_PRODUCTION	GOBP_MONOCYTE_CHEMOTACTIC_PROTEIN_1_PRODUCTION		19	0.43262416	1.1084018	0.3126551	0.769488	1.0	1293	tags=21%, list=7%, signal=23%	
GOBP_POSITIVE_REGULATION_OF_MYOBLAST_DIFFERENTIATION	GOBP_POSITIVE_REGULATION_OF_MYOBLAST_DIFFERENTIATION		41	0.35274386	1.1083069	0.295	0.7686691	1.0	4754	tags=34%, list=24%, signal=45%	
GOCC_OUTER_MITOCHONDRIAL_MEMBRANE_PROTEIN_COMPLEX	GOCC_OUTER_MITOCHONDRIAL_MEMBRANE_PROTEIN_COMPLEX		19	0.4239518	1.1065528	0.30184332	0.7740462	1.0	3855	tags=21%, list=20%, signal=26%	
GOMF_ABC_TYPE_TRANSPORTER_ACTIVITY	GOMF_ABC_TYPE_TRANSPORTER_ACTIVITY		45	0.3524414	1.1061851	0.28686327	0.774229	1.0	2489	tags=22%, list=13%, signal=25%	
GOBP_POLYPRENOL_METABOLIC_PROCESS	GOBP_POLYPRENOL_METABOLIC_PROCESS		25	0.39893436	1.1060274	0.31909546	0.77362716	1.0	2795	tags=24%, list=14%, signal=28%	
GOMF_SNARE_BINDING	GOMF_SNARE_BINDING		106	0.30382678	1.1059197	0.24260356	0.77282166	1.0	4278	tags=30%, list=22%, signal=39%	
GOBP_SKELETAL_MUSCLE_CELL_PROLIFERATION	GOBP_SKELETAL_MUSCLE_CELL_PROLIFERATION		23	0.40623385	1.1057357	0.31363636	0.77237153	1.0	2908	tags=26%, list=15%, signal=31%	
GOMF_GLYCOSYLTRANSFERASE_ACTIVITY	GOMF_GLYCOSYLTRANSFERASE_ACTIVITY		259	0.27013424	1.1056966	0.196	0.7713216	1.0	3377	tags=21%, list=17%, signal=25%	
GOMF_CARBOXY_LYASE_ACTIVITY	GOMF_CARBOXY_LYASE_ACTIVITY		32	0.38586769	1.105692	0.27628362	0.770148	1.0	2539	tags=22%, list=13%, signal=25%	
GOMF_G_PROTEIN_BETA_GAMMA_SUBUNIT_COMPLEX_BINDING	GOMF_G_PROTEIN_BETA_GAMMA_SUBUNIT_COMPLEX_BINDING		21	0.41439462	1.1055734	0.31615925	0.7694051	1.0	3905	tags=33%, list=20%, signal=42%	
GOMF_OXIDOREDUCTASE_ACTIVITY_ACTING_ON_THE_CH_CH_GROUP_OF_DONORS	GOMF_OXIDOREDUCTASE_ACTIVITY_ACTING_ON_THE_CH_CH_GROUP_OF_DONORS		57	0.33658624	1.1055045	0.26740947	0.76847196	1.0	4419	tags=44%, list=23%, signal=57%	
GOBP_EXTRACELLULAR_TRANSPORT	GOBP_EXTRACELLULAR_TRANSPORT		34	0.37544423	1.1052296	0.2745592	0.7683234	1.0	1353	tags=18%, list=7%, signal=19%	
GOBP_NEUROTRANSMITTER_RECEPTOR_INTERNALIZATION	GOBP_NEUROTRANSMITTER_RECEPTOR_INTERNALIZATION		34	0.36851493	1.1041856	0.2958435	0.7710366	1.0	4333	tags=26%, list=22%, signal=34%	
GOBP_CELLULAR_LIPID_CATABOLIC_PROCESS	GOBP_CELLULAR_LIPID_CATABOLIC_PROCESS		226	0.27450463	1.1040807	0.16470589	0.7702427	1.0	3289	tags=24%, list=17%, signal=29%	
GOBP_METHIONINE_METABOLIC_PROCESS	GOBP_METHIONINE_METABOLIC_PROCESS		15	0.45338637	1.1035035	0.33576643	0.77126175	1.0	1078	tags=27%, list=6%, signal=28%	
GOBP_REGULATION_OF_NUCLEOCYTOPLASMIC_TRANSPORT	GOBP_REGULATION_OF_NUCLEOCYTOPLASMIC_TRANSPORT		109	0.30083588	1.1031753	0.2234957	0.7713902	1.0	3753	tags=30%, list=19%, signal=37%	
GOBP_PHOTOTRANSDUCTION_VISIBLE_LIGHT	GOBP_PHOTOTRANSDUCTION_VISIBLE_LIGHT		18	0.4313068	1.102812	0.35198134	0.7715832	1.0	3307	tags=22%, list=17%, signal=27%	
GOBP_DENDRITIC_SPINE_MAINTENANCE	GOBP_DENDRITIC_SPINE_MAINTENANCE		21	0.41499916	1.1025815	0.31336406	0.7712558	1.0	2443	tags=38%, list=13%, signal=44%	
GOBP_DEVELOPMENTAL_PIGMENTATION	GOBP_DEVELOPMENTAL_PIGMENTATION		47	0.34405646	1.1024044	0.29471034	0.77074397	1.0	2772	tags=19%, list=14%, signal=22%	
GOBP_CHONDROITIN_SULFATE_PROTEOGLYCAN_BIOSYNTHETIC_PROCESS	GOBP_CHONDROITIN_SULFATE_PROTEOGLYCAN_BIOSYNTHETIC_PROCESS		24	0.40440634	1.101949	0.3087886	0.77126837	1.0	3161	tags=38%, list=16%, signal=45%	
GOBP_REGULATION_OF_NUCLEOTIDE_METABOLIC_PROCESS	GOBP_REGULATION_OF_NUCLEOTIDE_METABOLIC_PROCESS		83	0.31316137	1.1018828	0.2303207	0.77034587	1.0	3322	tags=23%, list=17%, signal=27%	
GOBP_REGULATION_OF_PROTEIN_IMPORT_INTO_NUCLEUS	GOBP_REGULATION_OF_PROTEIN_IMPORT_INTO_NUCLEUS		58	0.33086655	1.1018265	0.29069766	0.769387	1.0	2523	tags=29%, list=13%, signal=34%	
GOCC_9PLUS0_NON_MOTILE_CILIUM	GOCC_9PLUS0_NON_MOTILE_CILIUM		119	0.2988506	1.1009387	0.22289157	0.77149117	1.0	4250	tags=34%, list=22%, signal=44%	
GOBP_CALCIUM_MEDIATED_SIGNALING	GOBP_CALCIUM_MEDIATED_SIGNALING		215	0.274949	1.1009005	0.17269076	0.77046794	1.0	1693	tags=15%, list=9%, signal=16%	
GOBP_CERAMIDE_METABOLIC_PROCESS	GOBP_CERAMIDE_METABOLIC_PROCESS		101	0.30637378	1.1006098	0.26592797	0.77039295	1.0	3736	tags=29%, list=19%, signal=35%	
GOBP_GLUCOSE_METABOLIC_PROCESS	GOBP_GLUCOSE_METABOLIC_PROCESS		179	0.27904958	1.10025	0.18518518	0.77050686	1.0	2400	tags=20%, list=12%, signal=22%	
GOBP_CELL_CELL_SIGNALING_INVOLVED_IN_CARDIAC_CONDUCTION	GOBP_CELL_CELL_SIGNALING_INVOLVED_IN_CARDIAC_CONDUCTION		32	0.37798887	1.1001085	0.3126551	0.7698549	1.0	623	tags=13%, list=3%, signal=13%	
GOBP_REGULATION_OF_RELEASE_OF_SEQUESTERED_CALCIUM_ION_INTO_CYTOSOL_BY_SARCOPLASMIC_RETICULUM	GOBP_REGULATION_OF_RELEASE_OF_SEQUESTERED_CALCIUM_ION_INTO_CYTOSOL_BY_SARCOPLASMIC_RETICULUM		29	0.3907807	1.0998983	0.31615925	0.76946867	1.0	2064	tags=21%, list=11%, signal=23%	
GOBP_REGULATION_OF_INSULIN_SECRETION_INVOLVED_IN_CELLULAR_RESPONSE_TO_GLUCOSE_STIMULUS	GOBP_REGULATION_OF_INSULIN_SECRETION_INVOLVED_IN_CELLULAR_RESPONSE_TO_GLUCOSE_STIMULUS		51	0.33432087	1.0985097	0.27034122	0.7735696	1.0	1386	tags=20%, list=7%, signal=21%	
GOBP_REGULATION_OF_LIPID_METABOLIC_PROCESS	GOBP_REGULATION_OF_LIPID_METABOLIC_PROCESS		296	0.267867	1.0974658	0.17351598	0.7762168	1.0	2464	tags=19%, list=13%, signal=21%	
GOBP_MONOSACCHARIDE_TRANSMEMBRANE_TRANSPORT	GOBP_MONOSACCHARIDE_TRANSMEMBRANE_TRANSPORT		115	0.29838488	1.096815	0.25903615	0.77747643	1.0	2448	tags=23%, list=13%, signal=26%	
GOBP_AUTOPHAGY_OF_MITOCHONDRION	GOBP_AUTOPHAGY_OF_MITOCHONDRION		96	0.2997721	1.0967495	0.24858756	0.7765562	1.0	4009	tags=30%, list=21%, signal=38%	
GOBP_DITERPENOID_METABOLIC_PROCESS	GOBP_DITERPENOID_METABOLIC_PROCESS		88	0.30757728	1.0965047	0.244713	0.7762974	1.0	3456	tags=28%, list=18%, signal=34%	
GOBP_REGULATION_OF_FLAGELLATED_SPERM_MOTILITY	GOBP_REGULATION_OF_FLAGELLATED_SPERM_MOTILITY		19	0.4183966	1.0963836	0.32470587	0.77559704	1.0	2454	tags=21%, list=13%, signal=24%	
GOBP_LIPID_CATABOLIC_PROCESS	GOBP_LIPID_CATABOLIC_PROCESS		327	0.26534954	1.0963253	0.155	0.77467847	1.0	3289	tags=24%, list=17%, signal=29%	
GOBP_REGULATION_OF_MEMBRANE_REPOLARIZATION	GOBP_REGULATION_OF_MEMBRANE_REPOLARIZATION		35	0.36932412	1.095349	0.32258064	0.77709955	1.0	4271	tags=43%, list=22%, signal=55%	
GOMF_PURINE_NUCLEOTIDE_TRANSMEMBRANE_TRANSPORTER_ACTIVITY	GOMF_PURINE_NUCLEOTIDE_TRANSMEMBRANE_TRANSPORTER_ACTIVITY		27	0.403451	1.0953188	0.31617647	0.7760622	1.0	5192	tags=44%, list=27%, signal=61%	
GOMF_OXIDOREDUCTASE_ACTIVITY_ACTING_ON_PAIRED_DONORS_WITH_INCORPORATION_OR_REDUCTION_OF_MOLECULAR_OXYGEN	GOMF_OXIDOREDUCTASE_ACTIVITY_ACTING_ON_PAIRED_DONORS_WITH_INCORPORATION_OR_REDUCTION_OF_MOLECULAR_OXYGEN		166	0.28350464	1.0949906	0.21355931	0.77614975	1.0	2900	tags=24%, list=15%, signal=28%	
GOBP_PHOSPHATIDYLINOSITOL_PHOSPHATE_BIOSYNTHETIC_PROCESS	GOBP_PHOSPHATIDYLINOSITOL_PHOSPHATE_BIOSYNTHETIC_PROCESS		61	0.329586	1.0942749	0.24157304	0.77760404	1.0	2244	tags=21%, list=12%, signal=24%	
GOBP_MRNA_MODIFICATION	GOBP_MRNA_MODIFICATION		19	0.4181211	1.0942677	0.33410138	0.77648	1.0	2295	tags=21%, list=12%, signal=24%	
GOBP_REGULATION_OF_PROTEIN_CONTAINING_COMPLEX_DISASSEMBLY	GOBP_REGULATION_OF_PROTEIN_CONTAINING_COMPLEX_DISASSEMBLY		117	0.29380155	1.094106	0.24269006	0.7759462	1.0	3013	tags=26%, list=16%, signal=30%	
GOMF_TRANSCRIPTION_COACTIVATOR_BINDING	GOMF_TRANSCRIPTION_COACTIVATOR_BINDING		44	0.3456642	1.0934169	0.28791773	0.7774035	1.0	3623	tags=25%, list=19%, signal=31%	
GOBP_REGULATION_OF_CARBOHYDRATE_CATABOLIC_PROCESS	GOBP_REGULATION_OF_CARBOHYDRATE_CATABOLIC_PROCESS		60	0.33662957	1.0924344	0.27012986	0.7800018	1.0	3130	tags=22%, list=16%, signal=26%	
GOBP_SULFUR_COMPOUND_METABOLIC_PROCESS	GOBP_SULFUR_COMPOUND_METABOLIC_PROCESS		309	0.26166776	1.0911777	0.19409283	0.7836182	1.0	2793	tags=23%, list=14%, signal=27%	
GOBP_COTRANSLATIONAL_PROTEIN_TARGETING_TO_MEMBRANE	GOBP_COTRANSLATIONAL_PROTEIN_TARGETING_TO_MEMBRANE		23	0.41012087	1.0910083	0.3080357	0.7831214	1.0	6080	tags=57%, list=31%, signal=82%	
GOBP_SENSORY_PERCEPTION_OF_BITTER_TASTE	GOBP_SENSORY_PERCEPTION_OF_BITTER_TASTE		43	0.34360936	1.09046	0.29974812	0.78401774	1.0	65	tags=5%, list=0%, signal=5%	
GOBP_NEGATIVE_REGULATION_OF_PROTEIN_CONTAINING_COMPLEX_DISASSEMBLY	GOBP_NEGATIVE_REGULATION_OF_PROTEIN_CONTAINING_COMPLEX_DISASSEMBLY		77	0.3135396	1.0904142	0.28660437	0.7830392	1.0	3013	tags=25%, list=16%, signal=29%	
GOCC_RNA_POLYMERASE_II_HOLOENZYME	GOCC_RNA_POLYMERASE_II_HOLOENZYME		68	0.32069275	1.0902729	0.30053192	0.7824348	1.0	4869	tags=35%, list=25%, signal=47%	
GOBP_NEGATIVE_REGULATION_OF_HYDROLASE_ACTIVITY	GOBP_NEGATIVE_REGULATION_OF_HYDROLASE_ACTIVITY		181	0.27677503	1.0892764	0.22261484	0.7849577	1.0	1911	tags=15%, list=10%, signal=17%	
GOCC_NEURON_SPINE	GOCC_NEURON_SPINE		167	0.27736348	1.0890551	0.2615894	0.78463024	1.0	3184	tags=19%, list=16%, signal=23%	
GOBP_L_AMINO_ACID_CATABOLIC_PROCESS	GOBP_L_AMINO_ACID_CATABOLIC_PROCESS		65	0.32351056	1.0871032	0.3133515	0.7908393	1.0	2116	tags=25%, list=11%, signal=28%	
GOBP_REGULATION_OF_G_PROTEIN_COUPLED_RECEPTOR_SIGNALING_PATHWAY	GOBP_REGULATION_OF_G_PROTEIN_COUPLED_RECEPTOR_SIGNALING_PATHWAY		143	0.28378987	1.0862063	0.24262296	0.7930825	1.0	3317	tags=27%, list=17%, signal=33%	
GOBP_PROTEIN_CONTAINING_COMPLEX_DISASSEMBLY	GOBP_PROTEIN_CONTAINING_COMPLEX_DISASSEMBLY		240	0.26466596	1.0861543	0.21789883	0.7921334	1.0	3196	tags=23%, list=16%, signal=27%	
GOBP_GLYCEROLIPID_METABOLIC_PROCESS	GOBP_GLYCEROLIPID_METABOLIC_PROCESS		370	0.25621447	1.0858959	0.17156863	0.79197586	1.0	2971	tags=20%, list=15%, signal=23%	
GOBP_REGULATION_OF_CALCIUM_ION_DEPENDENT_EXOCYTOSIS	GOBP_REGULATION_OF_CALCIUM_ION_DEPENDENT_EXOCYTOSIS		30	0.37312123	1.0855304	0.31428573	0.79218227	1.0	4050	tags=37%, list=21%, signal=46%	
GOBP_POSITIVE_REGULATION_OF_ESTABLISHMENT_OF_PROTEIN_LOCALIZATION_TO_MITOCHONDRION	GOBP_POSITIVE_REGULATION_OF_ESTABLISHMENT_OF_PROTEIN_LOCALIZATION_TO_MITOCHONDRION		32	0.3717302	1.0855061	0.31435645	0.7911321	1.0	3768	tags=34%, list=19%, signal=43%	
GOMF_TRANSFERASE_ACTIVITY_TRANSFERRING_ALKYL_OR_ARYL_OTHER_THAN_METHYL_GROUPS	GOMF_TRANSFERASE_ACTIVITY_TRANSFERRING_ALKYL_OR_ARYL_OTHER_THAN_METHYL_GROUPS		59	0.32747483	1.0855047	0.27513227	0.7899964	1.0	2064	tags=19%, list=11%, signal=21%	
GOBP_REGULATION_OF_CATION_CHANNEL_ACTIVITY	GOBP_REGULATION_OF_CATION_CHANNEL_ACTIVITY		91	0.30416405	1.0851489	0.28395063	0.79026425	1.0	3123	tags=26%, list=16%, signal=31%	
GOBP_ISOPRENOID_METABOLIC_PROCESS	GOBP_ISOPRENOID_METABOLIC_PROCESS		133	0.28359184	1.0845832	0.25249168	0.7911757	1.0	3502	tags=27%, list=18%, signal=33%	
GOCC_SARCOLEMMA	GOCC_SARCOLEMMA		139	0.28596961	1.0845727	0.26045015	0.79007894	1.0	3088	tags=24%, list=16%, signal=28%	
GOBP_NON_PROTEINOGENIC_AMINO_ACID_METABOLIC_PROCESS	GOBP_NON_PROTEINOGENIC_AMINO_ACID_METABOLIC_PROCESS		72	0.31286293	1.0835958	0.28742516	0.79267406	1.0	1887	tags=25%, list=10%, signal=28%	
GOBP_INTRACELLULAR_GLUCOSE_HOMEOSTASIS	GOBP_INTRACELLULAR_GLUCOSE_HOMEOSTASIS		144	0.28221214	1.0834962	0.2173913	0.791929	1.0	2337	tags=19%, list=12%, signal=21%	
GOBP_SKELETAL_MUSCLE_SATELLITE_CELL_PROLIFERATION	GOBP_SKELETAL_MUSCLE_SATELLITE_CELL_PROLIFERATION		17	0.42906824	1.0832459	0.35280374	0.79175806	1.0	3539	tags=29%, list=18%, signal=36%	
GOBP_TETRAHYDROFOLATE_METABOLIC_PROCESS	GOBP_TETRAHYDROFOLATE_METABOLIC_PROCESS		17	0.43162698	1.0825365	0.35827664	0.7931876	1.0	889	tags=18%, list=5%, signal=18%	
GOBP_INSULIN_SECRETION_INVOLVED_IN_CELLULAR_RESPONSE_TO_GLUCOSE_STIMULUS	GOBP_INSULIN_SECRETION_INVOLVED_IN_CELLULAR_RESPONSE_TO_GLUCOSE_STIMULUS		59	0.32025623	1.082408	0.32520324	0.79254687	1.0	1418	tags=20%, list=7%, signal=22%	
GOMF_POLYUBIQUITIN_MODIFICATION_DEPENDENT_PROTEIN_BINDING	GOMF_POLYUBIQUITIN_MODIFICATION_DEPENDENT_PROTEIN_BINDING		49	0.34115115	1.0822647	0.29048842	0.79194474	1.0	3430	tags=27%, list=18%, signal=32%	
GOBP_INOSITOL_PHOSPHATE_BIOSYNTHETIC_PROCESS	GOBP_INOSITOL_PHOSPHATE_BIOSYNTHETIC_PROCESS		26	0.38107607	1.0821263	0.32400933	0.7913489	1.0	3136	tags=27%, list=16%, signal=32%	
GOBP_C_TERMINAL_PROTEIN_AMINO_ACID_MODIFICATION	GOBP_C_TERMINAL_PROTEIN_AMINO_ACID_MODIFICATION		16	0.4411591	1.0820141	0.36363637	0.7906274	1.0	5387	tags=50%, list=28%, signal=69%	
GOBP_REGULATION_OF_PIGMENTATION	GOBP_REGULATION_OF_PIGMENTATION		16	0.43536642	1.0817108	0.32687652	0.79062504	1.0	761	tags=13%, list=4%, signal=13%	
GOMF_INTEGRIN_BINDING	GOMF_INTEGRIN_BINDING		150	0.28210953	1.0815208	0.24210526	0.790196	1.0	2392	tags=21%, list=12%, signal=24%	
GOMF_LYASE_ACTIVITY	GOMF_LYASE_ACTIVITY		186	0.27809486	1.0810697	0.24150944	0.79076356	1.0	3105	tags=26%, list=16%, signal=31%	
GOMF_THIOLESTER_HYDROLASE_ACTIVITY	GOMF_THIOLESTER_HYDROLASE_ACTIVITY		41	0.35241872	1.0809798	0.30710658	0.7900279	1.0	4376	tags=41%, list=23%, signal=53%	
GOBP_POSITIVE_REGULATION_OF_CELL_ADHESION_MEDIATED_BY_INTEGRIN	GOBP_POSITIVE_REGULATION_OF_CELL_ADHESION_MEDIATED_BY_INTEGRIN		22	0.40402672	1.0806926	0.36144578	0.78995067	1.0	882	tags=18%, list=5%, signal=19%	
GOMF_FIBRONECTIN_BINDING	GOMF_FIBRONECTIN_BINDING		29	0.37895697	1.0804623	0.33248731	0.7897065	1.0	2681	tags=31%, list=14%, signal=36%	
GOBP_POSITIVE_REGULATION_OF_GLYCOGEN_METABOLIC_PROCESS	GOBP_POSITIVE_REGULATION_OF_GLYCOGEN_METABOLIC_PROCESS		16	0.42954764	1.0804528	0.35240275	0.78863114	1.0	3181	tags=31%, list=16%, signal=37%	
GOMF_NUCLEASE_ACTIVITY	GOMF_NUCLEASE_ACTIVITY		200	0.2743666	1.0799906	0.22382672	0.78922653	1.0	3424	tags=22%, list=18%, signal=26%	
GOBP_CARDIAC_CELL_DEVELOPMENT	GOBP_CARDIAC_CELL_DEVELOPMENT		85	0.30597174	1.0797162	0.27439025	0.78916556	1.0	1447	tags=15%, list=7%, signal=16%	
GOBP_REGULATION_OF_FATTY_ACID_BETA_OXIDATION	GOBP_REGULATION_OF_FATTY_ACID_BETA_OXIDATION		19	0.4197898	1.0796489	0.33333334	0.78831965	1.0	2222	tags=26%, list=11%, signal=30%	
GOBP_REGULATION_OF_PROTEIN_MATURATION	GOBP_REGULATION_OF_PROTEIN_MATURATION		67	0.31282252	1.0788898	0.2638889	0.7900718	1.0	3288	tags=31%, list=17%, signal=38%	
GOBP_REGULATION_OF_SYNAPTIC_PLASTICITY	GOBP_REGULATION_OF_SYNAPTIC_PLASTICITY		198	0.27092946	1.0786071	0.22580644	0.7900111	1.0	781	tags=10%, list=4%, signal=10%	
GOBP_NEGATIVE_REGULATION_OF_EXTRINSIC_APOPTOTIC_SIGNALING_PATHWAY_VIA_DEATH_DOMAIN_RECEPTORS	GOBP_NEGATIVE_REGULATION_OF_EXTRINSIC_APOPTOTIC_SIGNALING_PATHWAY_VIA_DEATH_DOMAIN_RECEPTORS		29	0.38056338	1.0783356	0.34688994	0.78994805	1.0	2008	tags=31%, list=10%, signal=35%	
GOBP_REGULATION_OF_SYNAPTIC_VESICLE_RECYCLING	GOBP_REGULATION_OF_SYNAPTIC_VESICLE_RECYCLING		25	0.38349792	1.0765852	0.31909546	0.7954721	1.0	4322	tags=44%, list=22%, signal=57%	
GOBP_DICARBOXYLIC_ACID_CATABOLIC_PROCESS	GOBP_DICARBOXYLIC_ACID_CATABOLIC_PROCESS		17	0.41699022	1.0751302	0.3735763	0.79975635	1.0	889	tags=18%, list=5%, signal=18%	
GOCC_MICROBODY	GOCC_MICROBODY		135	0.28334573	1.07506	0.2777778	0.79894376	1.0	4491	tags=35%, list=23%, signal=45%	
GOBP_POLYOL_METABOLIC_PROCESS	GOBP_POLYOL_METABOLIC_PROCESS		101	0.29472494	1.0748496	0.271875	0.7986885	1.0	2642	tags=23%, list=14%, signal=26%	
GOBP_MAINTENANCE_OF_PROTEIN_LOCALIZATION_IN_ORGANELLE	GOBP_MAINTENANCE_OF_PROTEIN_LOCALIZATION_IN_ORGANELLE		42	0.35057276	1.074524	0.30597016	0.7988213	1.0	5434	tags=48%, list=28%, signal=66%	
GOMF_PURINE_RIBONUCLEOTIDE_TRANSMEMBRANE_TRANSPORTER_ACTIVITY	GOMF_PURINE_RIBONUCLEOTIDE_TRANSMEMBRANE_TRANSPORTER_ACTIVITY		21	0.4041245	1.074506	0.35555556	0.79777914	1.0	4565	tags=43%, list=24%, signal=56%	
GOBP_POSITIVE_REGULATION_OF_DENDRITIC_SPINE_MORPHOGENESIS	GOBP_POSITIVE_REGULATION_OF_DENDRITIC_SPINE_MORPHOGENESIS		18	0.42225298	1.0737889	0.36805555	0.7993487	1.0	4114	tags=44%, list=21%, signal=56%	
GOBP_CORTICOSTEROID_HORMONE_SECRETION	GOBP_CORTICOSTEROID_HORMONE_SECRETION		18	0.41612613	1.073093	0.33726415	0.8008544	1.0	3086	tags=33%, list=16%, signal=40%	
GOBP_CELLULAR_RESPONSE_TO_REACTIVE_NITROGEN_SPECIES	GOBP_CELLULAR_RESPONSE_TO_REACTIVE_NITROGEN_SPECIES		15	0.4259703	1.073039	0.3482143	0.7999681	1.0	1056	tags=27%, list=5%, signal=28%	
GOBP_DETECTION_OF_LIGHT_STIMULUS	GOBP_DETECTION_OF_LIGHT_STIMULUS		63	0.3171048	1.0728582	0.32020998	0.7995609	1.0	1270	tags=13%, list=7%, signal=14%	
GOMF_NEUROPEPTIDE_ACTIVITY	GOMF_NEUROPEPTIDE_ACTIVITY		28	0.38233817	1.0727348	0.36097562	0.79894197	1.0	1336	tags=14%, list=7%, signal=15%	
GOBP_LIPID_HOMEOSTASIS	GOBP_LIPID_HOMEOSTASIS		154	0.28115958	1.0725559	0.2260274	0.7985364	1.0	2222	tags=19%, list=11%, signal=22%	
GOBP_AMYLOID_BETA_METABOLIC_PROCESS	GOBP_AMYLOID_BETA_METABOLIC_PROCESS		53	0.32982284	1.0722605	0.31486145	0.7984755	1.0	4444	tags=36%, list=23%, signal=46%	
GOBP_MONOCARBOXYLIC_ACID_CATABOLIC_PROCESS	GOBP_MONOCARBOXYLIC_ACID_CATABOLIC_PROCESS		125	0.28695244	1.0722479	0.26959246	0.79743844	1.0	3289	tags=27%, list=17%, signal=33%	
GOBP_NUCLEOTIDE_SUGAR_METABOLIC_PROCESS	GOBP_NUCLEOTIDE_SUGAR_METABOLIC_PROCESS		36	0.357716	1.0720066	0.32581455	0.79722583	1.0	3498	tags=36%, list=18%, signal=44%	
GOBP_REGULATION_OF_EARLY_ENDOSOME_TO_LATE_ENDOSOME_TRANSPORT	GOBP_REGULATION_OF_EARLY_ENDOSOME_TO_LATE_ENDOSOME_TRANSPORT		17	0.42340645	1.0715783	0.37078652	0.7977492	1.0	3524	tags=47%, list=18%, signal=57%	
GOBP_PROTEIN_HYDROXYLATION	GOBP_PROTEIN_HYDROXYLATION		22	0.39072898	1.0715748	0.35600907	0.79668015	1.0	3579	tags=45%, list=18%, signal=56%	
GOBP_PRIMARY_ALCOHOL_METABOLIC_PROCESS	GOBP_PRIMARY_ALCOHOL_METABOLIC_PROCESS		99	0.2955412	1.0713011	0.25	0.7966868	1.0	2384	tags=21%, list=12%, signal=24%	
GOBP_N_TERMINAL_PROTEIN_AMINO_ACID_MODIFICATION	GOBP_N_TERMINAL_PROTEIN_AMINO_ACID_MODIFICATION		25	0.38569358	1.071276	0.35194173	0.79570746	1.0	2924	tags=24%, list=15%, signal=28%	
GOMF_MANNOSE_BINDING	GOMF_MANNOSE_BINDING		25	0.38421366	1.0707865	0.3556582	0.7964045	1.0	3278	tags=28%, list=17%, signal=34%	
GOBP_TRANSEPITHELIAL_TRANSPORT	GOBP_TRANSEPITHELIAL_TRANSPORT		35	0.36112928	1.0704488	0.34834123	0.79655725	1.0	2310	tags=26%, list=12%, signal=29%	
GOBP_NEGATIVE_REGULATION_OF_MUSCLE_CELL_APOPTOTIC_PROCESS	GOBP_NEGATIVE_REGULATION_OF_MUSCLE_CELL_APOPTOTIC_PROCESS		42	0.34296876	1.0696368	0.34586465	0.79849535	1.0	1443	tags=21%, list=7%, signal=23%	
GOBP_REGULATION_OF_MUSCLE_CELL_DIFFERENTIATION	GOBP_REGULATION_OF_MUSCLE_CELL_DIFFERENTIATION		135	0.27896762	1.0695292	0.2724138	0.7977797	1.0	1447	tags=15%, list=7%, signal=16%	
GOBP_QUINONE_METABOLIC_PROCESS	GOBP_QUINONE_METABOLIC_PROCESS		22	0.39341593	1.0689802	0.38189846	0.79871666	1.0	4575	tags=36%, list=24%, signal=48%	
GOBP_BILE_ACID_BIOSYNTHETIC_PROCESS	GOBP_BILE_ACID_BIOSYNTHETIC_PROCESS		35	0.35762453	1.068898	0.3253012	0.79796296	1.0	3038	tags=31%, list=16%, signal=37%	
GOBP_PURINERGIC_NUCLEOTIDE_RECEPTOR_SIGNALING_PATHWAY	GOBP_PURINERGIC_NUCLEOTIDE_RECEPTOR_SIGNALING_PATHWAY		28	0.3783394	1.0687686	0.33495146	0.79739195	1.0	1954	tags=21%, list=10%, signal=24%	
GOBP_NEUROMUSCULAR_SYNAPTIC_TRANSMISSION	GOBP_NEUROMUSCULAR_SYNAPTIC_TRANSMISSION		29	0.3693587	1.0683459	0.31980908	0.7979033	1.0	2466	tags=21%, list=13%, signal=24%	
GOBP_HEMATOPOIETIC_STEM_CELL_PROLIFERATION	GOBP_HEMATOPOIETIC_STEM_CELL_PROLIFERATION		32	0.3612089	1.0672667	0.32587063	0.8008755	1.0	334	tags=13%, list=2%, signal=13%	
GOMF_MACROMOLECULE_TRANSMEMBRANE_TRANSPORTER_ACTIVITY	GOMF_MACROMOLECULE_TRANSMEMBRANE_TRANSPORTER_ACTIVITY		30	0.3756515	1.0669339	0.35308057	0.8010825	1.0	6416	tags=53%, list=33%, signal=80%	
GOBP_NEURON_PROJECTION_REGENERATION	GOBP_NEURON_PROJECTION_REGENERATION		57	0.32548463	1.0668	0.30927834	0.800491	1.0	1965	tags=25%, list=10%, signal=27%	
GOCC_SARCOPLASMIC_RETICULUM_MEMBRANE	GOCC_SARCOPLASMIC_RETICULUM_MEMBRANE		40	0.34570953	1.0665549	0.33068782	0.80030555	1.0	4937	tags=43%, list=25%, signal=57%	
GOBP_PURINE_DEOXYRIBONUCLEOTIDE_METABOLIC_PROCESS	GOBP_PURINE_DEOXYRIBONUCLEOTIDE_METABOLIC_PROCESS		16	0.43411446	1.0663738	0.37587008	0.7999342	1.0	451	tags=19%, list=2%, signal=19%	
GOCC_NEUROTRANSMITTER_RECEPTOR_COMPLEX	GOCC_NEUROTRANSMITTER_RECEPTOR_COMPLEX		43	0.33990768	1.0663201	0.33333334	0.7991052	1.0	2869	tags=14%, list=15%, signal=16%	
GOCC_RNA_POLYMERASE_COMPLEX	GOCC_RNA_POLYMERASE_COMPLEX		93	0.2982608	1.0663168	0.30813953	0.79805756	1.0	5001	tags=32%, list=26%, signal=43%	
GOBP_OLIGOSACCHARIDE_LIPID_INTERMEDIATE_BIOSYNTHETIC_PROCESS	GOBP_OLIGOSACCHARIDE_LIPID_INTERMEDIATE_BIOSYNTHETIC_PROCESS		21	0.3979961	1.0661863	0.34588236	0.7974403	1.0	2795	tags=24%, list=14%, signal=28%	
GOBP_HEAT_GENERATION	GOBP_HEAT_GENERATION		18	0.41785222	1.0658107	0.36465323	0.79778886	1.0	1865	tags=33%, list=10%, signal=37%	
GOCC_MEMBRANE_COAT	GOCC_MEMBRANE_COAT		92	0.2980999	1.065565	0.3	0.7976397	1.0	5190	tags=35%, list=27%, signal=47%	
GOMF_PROTEIN_FOLDING_CHAPERONE	GOMF_PROTEIN_FOLDING_CHAPERONE		63	0.31907776	1.0654978	0.33333334	0.79682153	1.0	3197	tags=19%, list=16%, signal=23%	
GOBP_PHYSIOLOGICAL_CARDIAC_MUSCLE_HYPERTROPHY	GOBP_PHYSIOLOGICAL_CARDIAC_MUSCLE_HYPERTROPHY		23	0.39329007	1.0653464	0.35058823	0.79635715	1.0	1447	tags=26%, list=7%, signal=28%	
GOBP_MALE_GENITALIA_DEVELOPMENT	GOBP_MALE_GENITALIA_DEVELOPMENT		22	0.39956212	1.065294	0.37135923	0.7955137	1.0	2472	tags=41%, list=13%, signal=47%	
GOBP_SRP_DEPENDENT_COTRANSLATIONAL_PROTEIN_TARGETING_TO_MEMBRANE	GOBP_SRP_DEPENDENT_COTRANSLATIONAL_PROTEIN_TARGETING_TO_MEMBRANE		18	0.41906887	1.0649734	0.40262583	0.7956912	1.0	6080	tags=61%, list=31%, signal=89%	
GOBP_SYNAPSE_MATURATION	GOBP_SYNAPSE_MATURATION		34	0.3608133	1.064013	0.35747662	0.7980463	1.0	2211	tags=21%, list=11%, signal=23%	
GOBP_TRIGLYCERIDE_BIOSYNTHETIC_PROCESS	GOBP_TRIGLYCERIDE_BIOSYNTHETIC_PROCESS		41	0.34556106	1.0638673	0.33427763	0.7975271	1.0	2310	tags=22%, list=12%, signal=25%	
GOBP_NEGATIVE_REGULATION_OF_RELEASE_OF_CYTOCHROME_C_FROM_MITOCHONDRIA	GOBP_NEGATIVE_REGULATION_OF_RELEASE_OF_CYTOCHROME_C_FROM_MITOCHONDRIA		19	0.4075018	1.0636448	0.37046006	0.79732805	1.0	3827	tags=42%, list=20%, signal=52%	
GOMF_NUCLEOTIDE_TRANSMEMBRANE_TRANSPORTER_ACTIVITY	GOMF_NUCLEOTIDE_TRANSMEMBRANE_TRANSPORTER_ACTIVITY		31	0.3728266	1.0635911	0.35679612	0.79646397	1.0	5192	tags=39%, list=27%, signal=53%	
GOMF_LIPOPOLYSACCHARIDE_BINDING	GOMF_LIPOPOLYSACCHARIDE_BINDING		39	0.34785938	1.0631808	0.34712642	0.7969625	1.0	2683	tags=18%, list=14%, signal=21%	
GOBP_CELLULAR_RESPONSE_TO_ARSENIC_CONTAINING_SUBSTANCE	GOBP_CELLULAR_RESPONSE_TO_ARSENIC_CONTAINING_SUBSTANCE		17	0.4245648	1.0618925	0.3736018	0.80064315	1.0	3604	tags=47%, list=19%, signal=58%	
GOBP_POSITIVE_REGULATION_OF_INTRACELLULAR_PROTEIN_TRANSPORT	GOBP_POSITIVE_REGULATION_OF_INTRACELLULAR_PROTEIN_TRANSPORT		92	0.2942321	1.0616081	0.33027524	0.8006739	1.0	3172	tags=24%, list=16%, signal=28%	
GOBP_CELLULAR_RESPONSE_TO_CALCIUM_ION	GOBP_CELLULAR_RESPONSE_TO_CALCIUM_ION		68	0.3091163	1.0608186	0.31284916	0.8025546	1.0	2706	tags=21%, list=14%, signal=24%	
GOBP_REGULATION_OF_VASOCONSTRICTION	GOBP_REGULATION_OF_VASOCONSTRICTION		65	0.315946	1.0608184	0.3295129	0.80151093	1.0	1551	tags=17%, list=8%, signal=18%	
GOBP_VESICLE_LOCALIZATION	GOBP_VESICLE_LOCALIZATION		210	0.26377437	1.0608046	0.28125	0.80051404	1.0	4509	tags=32%, list=23%, signal=42%	
GOBP_PROTEIN_EXPORT_FROM_NUCLEUS	GOBP_PROTEIN_EXPORT_FROM_NUCLEUS		59	0.31771672	1.0603198	0.3368984	0.8013787	1.0	4163	tags=29%, list=21%, signal=37%	
GOBP_RIBOSOME_DISASSEMBLY	GOBP_RIBOSOME_DISASSEMBLY		36	0.3520005	1.0598785	0.3785166	0.80193996	1.0	5025	tags=42%, list=26%, signal=56%	
GOBP_TRANSCRIPTION_PREINITIATION_COMPLEX_ASSEMBLY	GOBP_TRANSCRIPTION_PREINITIATION_COMPLEX_ASSEMBLY		67	0.31033525	1.0598779	0.3251366	0.8009038	1.0	3183	tags=21%, list=16%, signal=25%	
GOBP_REVERSE_CHOLESTEROL_TRANSPORT	GOBP_REVERSE_CHOLESTEROL_TRANSPORT		17	0.4231899	1.0597898	0.38189846	0.800199	1.0	2028	tags=29%, list=10%, signal=33%	
GOBP_REGULATION_OF_ODONTOGENESIS	GOBP_REGULATION_OF_ODONTOGENESIS		19	0.40011477	1.0592449	0.3578199	0.8011813	1.0	1574	tags=21%, list=8%, signal=23%	
GOBP_RESPONSE_TO_ANGIOTENSIN	GOBP_RESPONSE_TO_ANGIOTENSIN		39	0.34662017	1.0580058	0.33656174	0.80468297	1.0	3595	tags=36%, list=19%, signal=44%	
GOBP_LIPID_DIGESTION	GOBP_LIPID_DIGESTION		22	0.39036983	1.0576252	0.3980344	0.8050487	1.0	1416	tags=14%, list=7%, signal=15%	
GOMF_MHC_CLASS_I_PROTEIN_BINDING	GOMF_MHC_CLASS_I_PROTEIN_BINDING		16	0.4362022	1.0574317	0.37915742	0.80473834	1.0	3691	tags=31%, list=19%, signal=39%	
GOMF_GATED_CHANNEL_ACTIVITY	GOMF_GATED_CHANNEL_ACTIVITY		307	0.2546791	1.0572026	0.26637554	0.8045819	1.0	2042	tags=13%, list=11%, signal=14%	
GOBP_NOREPINEPHRINE_TRANSPORT	GOBP_NOREPINEPHRINE_TRANSPORT		23	0.39121452	1.0568457	0.3611111	0.8048409	1.0	294	tags=13%, list=2%, signal=13%	
GOBP_REGULATION_OF_ESTABLISHMENT_OF_PROTEIN_LOCALIZATION	GOBP_REGULATION_OF_ESTABLISHMENT_OF_PROTEIN_LOCALIZATION		498	0.24692336	1.0564654	0.17391305	0.80525887	1.0	3322	tags=23%, list=17%, signal=28%	
GOBP_EMBRYONIC_SKELETAL_JOINT_DEVELOPMENT	GOBP_EMBRYONIC_SKELETAL_JOINT_DEVELOPMENT		15	0.43095428	1.0564405	0.4082569	0.8043149	1.0	1265	tags=33%, list=7%, signal=36%	
GOMF_GLUTATHIONE_PEROXIDASE_ACTIVITY	GOMF_GLUTATHIONE_PEROXIDASE_ACTIVITY		23	0.39233264	1.0563303	0.35664335	0.8037133	1.0	3626	tags=39%, list=19%, signal=48%	
GOBP_POSITIVE_REGULATION_OF_LIPID_BIOSYNTHETIC_PROCESS	GOBP_POSITIVE_REGULATION_OF_LIPID_BIOSYNTHETIC_PROCESS		85	0.30140647	1.0562389	0.3277311	0.8030371	1.0	3288	tags=28%, list=17%, signal=34%	
GOBP_GLUTAMATE_SECRETION	GOBP_GLUTAMATE_SECRETION		28	0.36581108	1.0553551	0.36910996	0.8052177	1.0	1269	tags=18%, list=7%, signal=19%	
GOBP_LOCOMOTOR_RHYTHM	GOBP_LOCOMOTOR_RHYTHM		16	0.42457467	1.0551435	0.37757438	0.80503154	1.0	636	tags=13%, list=3%, signal=13%	
GOBP_REGULATION_OF_PROGRAMMED_NECROTIC_CELL_DEATH	GOBP_REGULATION_OF_PROGRAMMED_NECROTIC_CELL_DEATH		30	0.3711343	1.0548946	0.38709676	0.80496824	1.0	5196	tags=40%, list=27%, signal=55%	
GOBP_FATTY_ACID_DERIVATIVE_BIOSYNTHETIC_PROCESS	GOBP_FATTY_ACID_DERIVATIVE_BIOSYNTHETIC_PROCESS		48	0.33244824	1.0547689	0.3227513	0.8043884	1.0	4586	tags=48%, list=24%, signal=63%	
GOBP_ARACHIDONIC_ACID_METABOLIC_PROCESS	GOBP_ARACHIDONIC_ACID_METABOLIC_PROCESS		57	0.3166359	1.0545781	0.35910225	0.80408627	1.0	2426	tags=19%, list=12%, signal=22%	
GOBP_FATTY_ACID_DERIVATIVE_CATABOLIC_PROCESS	GOBP_FATTY_ACID_DERIVATIVE_CATABOLIC_PROCESS		17	0.40971816	1.0545316	0.3638444	0.8032334	1.0	2331	tags=35%, list=12%, signal=40%	
GOBP_HEPATOCYTE_APOPTOTIC_PROCESS	GOBP_HEPATOCYTE_APOPTOTIC_PROCESS		19	0.40740487	1.0537549	0.3860045	0.80517954	1.0	3130	tags=32%, list=16%, signal=38%	
GOBP_NEGATIVE_REGULATION_OF_SYNAPTIC_TRANSMISSION	GOBP_NEGATIVE_REGULATION_OF_SYNAPTIC_TRANSMISSION		52	0.32667786	1.0534964	0.33665836	0.80516475	1.0	1269	tags=12%, list=7%, signal=12%	
GOBP_RESPONSE_TO_CAMP	GOBP_RESPONSE_TO_CAMP		84	0.2985195	1.0530354	0.3653846	0.80587023	1.0	1488	tags=18%, list=8%, signal=19%	
GOBP_POSITIVE_REGULATION_OF_PROTEIN_LOCALIZATION	GOBP_POSITIVE_REGULATION_OF_PROTEIN_LOCALIZATION		464	0.24436745	1.0527014	0.21637426	0.80605114	1.0	3849	tags=27%, list=20%, signal=33%	
GOBP_NEURON_CELLULAR_HOMEOSTASIS	GOBP_NEURON_CELLULAR_HOMEOSTASIS		63	0.31434265	1.0520566	0.37127373	0.8074439	1.0	1686	tags=21%, list=9%, signal=23%	
GOBP_NEURON_MIGRATION	GOBP_NEURON_MIGRATION		174	0.2714047	1.0516347	0.3161512	0.808014	1.0	3452	tags=25%, list=18%, signal=30%	
GOBP_STRESS_ACTIVATED_PROTEIN_KINASE_SIGNALING_CASCADE	GOBP_STRESS_ACTIVATED_PROTEIN_KINASE_SIGNALING_CASCADE		54	0.31965756	1.0514902	0.32972974	0.8075101	1.0	2086	tags=24%, list=11%, signal=27%	
GOBP_LATE_ENDOSOME_TO_VACUOLE_TRANSPORT	GOBP_LATE_ENDOSOME_TO_VACUOLE_TRANSPORT		35	0.34660697	1.051295	0.3627204	0.8072452	1.0	5017	tags=40%, list=26%, signal=54%	
GOBP_REGULATION_OF_HEART_GROWTH	GOBP_REGULATION_OF_HEART_GROWTH		57	0.3233148	1.051125	0.33933935	0.80687994	1.0	1611	tags=23%, list=8%, signal=25%	
GOBP_TRNA_MODIFICATION	GOBP_TRNA_MODIFICATION		84	0.2961016	1.050582	0.32664755	0.8078963	1.0	5512	tags=39%, list=28%, signal=55%	
GOCC_NADH_DEHYDROGENASE_COMPLEX	GOCC_NADH_DEHYDROGENASE_COMPLEX		38	0.35110995	1.0505317	0.34688994	0.8070636	1.0	6545	tags=42%, list=34%, signal=63%	
GOBP_REGULATION_OF_CELLULAR_KETONE_METABOLIC_PROCESS	GOBP_REGULATION_OF_CELLULAR_KETONE_METABOLIC_PROCESS		128	0.28003967	1.050388	0.3256579	0.80658096	1.0	2384	tags=20%, list=12%, signal=22%	
GOCC_EXOCYTIC_VESICLE	GOCC_EXOCYTIC_VESICLE		231	0.2607648	1.0501597	0.29056603	0.80646133	1.0	2753	tags=18%, list=14%, signal=21%	
GOMF_PDZ_DOMAIN_BINDING	GOMF_PDZ_DOMAIN_BINDING		78	0.29721004	1.0497484	0.3409742	0.80697715	1.0	3447	tags=29%, list=18%, signal=36%	
GOBP_FERTILIZATION	GOBP_FERTILIZATION		190	0.2687001	1.0495842	0.30451128	0.8065659	1.0	2500	tags=15%, list=13%, signal=17%	
GOBP_RESPONSE_TO_ORGANOPHOSPHORUS	GOBP_RESPONSE_TO_ORGANOPHOSPHORUS		124	0.28046235	1.0494323	0.29268292	0.8061435	1.0	1488	tags=15%, list=8%, signal=16%	
GOBP_REGULATION_OF_SMOOTHENED_SIGNALING_PATHWAY	GOBP_REGULATION_OF_SMOOTHENED_SIGNALING_PATHWAY		78	0.30132267	1.048719	0.34210527	0.8078612	1.0	2831	tags=28%, list=15%, signal=33%	
GOBP_NEUTRAL_LIPID_CATABOLIC_PROCESS	GOBP_NEUTRAL_LIPID_CATABOLIC_PROCESS		38	0.3448911	1.0483528	0.3740458	0.8081554	1.0	2426	tags=21%, list=12%, signal=24%	
GOBP_GLYCOSYLATION	GOBP_GLYCOSYLATION		226	0.2641128	1.0482128	0.28085107	0.8076278	1.0	2795	tags=18%, list=14%, signal=21%	
GOBP_POSITIVE_REGULATION_OF_CARTILAGE_DEVELOPMENT	GOBP_POSITIVE_REGULATION_OF_CARTILAGE_DEVELOPMENT		29	0.36780357	1.0478959	0.37349397	0.80784416	1.0	976	tags=17%, list=5%, signal=18%	
GOMF_HEXOSYLTRANSFERASE_ACTIVITY	GOMF_HEXOSYLTRANSFERASE_ACTIVITY		188	0.26643223	1.047799	0.3218391	0.807177	1.0	4395	tags=26%, list=23%, signal=33%	
GOBP_SYNAPTIC_VESICLE_CYTOSKELETAL_TRANSPORT	GOBP_SYNAPTIC_VESICLE_CYTOSKELETAL_TRANSPORT		19	0.4016405	1.047792	0.390625	0.8062086	1.0	5368	tags=53%, list=28%, signal=73%	
GOBP_ANTIGEN_PROCESSING_AND_PRESENTATION_VIA_MHC_CLASS_IB	GOBP_ANTIGEN_PROCESSING_AND_PRESENTATION_VIA_MHC_CLASS_IB		24	0.3812284	1.0477003	0.39225182	0.8055749	1.0	695	tags=17%, list=4%, signal=17%	
GOBP_PROTEIN_LOCALIZATION_TO_CHROMOSOME_TELOMERIC_REGION	GOBP_PROTEIN_LOCALIZATION_TO_CHROMOSOME_TELOMERIC_REGION		30	0.36431405	1.0469822	0.37037036	0.8071976	1.0	4665	tags=43%, list=24%, signal=57%	
GOCC_TRANSCRIPTION_REPRESSOR_COMPLEX	GOCC_TRANSCRIPTION_REPRESSOR_COMPLEX		78	0.30576292	1.0468383	0.36363637	0.8067583	1.0	4794	tags=37%, list=25%, signal=49%	
GOBP_SMOOTH_MUSCLE_CELL_MIGRATION	GOBP_SMOOTH_MUSCLE_CELL_MIGRATION		69	0.30752608	1.0463203	0.35714287	0.80777156	1.0	1977	tags=25%, list=10%, signal=27%	
GOCC_MICROBODY_LUMEN	GOCC_MICROBODY_LUMEN		48	0.33317682	1.0457455	0.375	0.80893534	1.0	4386	tags=35%, list=23%, signal=46%	
GOBP_POSITIVE_REGULATION_OF_SMOOTH_MUSCLE_CELL_MIGRATION	GOBP_POSITIVE_REGULATION_OF_SMOOTH_MUSCLE_CELL_MIGRATION		38	0.34611532	1.0449712	0.34285715	0.810737	1.0	1977	tags=26%, list=10%, signal=29%	
GOMF_ADENYLYLTRANSFERASE_ACTIVITY	GOMF_ADENYLYLTRANSFERASE_ACTIVITY		21	0.38964194	1.0446901	0.40193704	0.81079024	1.0	5392	tags=52%, list=28%, signal=72%	
GOMF_ENDONUCLEASE_ACTIVITY_ACTIVE_WITH_EITHER_RIBO_OR_DEOXYRIBONUCLEIC_ACIDS_AND_PRODUCING_5_PHOSPHOMONOESTERS	GOMF_ENDONUCLEASE_ACTIVITY_ACTIVE_WITH_EITHER_RIBO_OR_DEOXYRIBONUCLEIC_ACIDS_AND_PRODUCING_5_PHOSPHOMONOESTERS		38	0.34458092	1.0446556	0.3898305	0.8099189	1.0	4240	tags=32%, list=22%, signal=40%	
GOCC_PRERIBOSOME	GOCC_PRERIBOSOME		102	0.28744417	1.0443994	0.32238805	0.809847	1.0	5070	tags=25%, list=26%, signal=34%	
GOBP_CELL_REDOX_HOMEOSTASIS	GOBP_CELL_REDOX_HOMEOSTASIS		36	0.33923936	1.0440508	0.37027708	0.81012046	1.0	4925	tags=42%, list=25%, signal=56%	
GOBP_MONOACYLGLYCEROL_METABOLIC_PROCESS	GOBP_MONOACYLGLYCEROL_METABOLIC_PROCESS		16	0.42060718	1.0435138	0.3986175	0.8110293	1.0	2426	tags=19%, list=12%, signal=21%	
GOBP_REGULATION_OF_RESPIRATORY_SYSTEM_PROCESS	GOBP_REGULATION_OF_RESPIRATORY_SYSTEM_PROCESS		16	0.4163199	1.0429525	0.41007194	0.81205404	1.0	2642	tags=25%, list=14%, signal=29%	
GOCC_CYTOPLASMIC_EXOSOME_RNASE_COMPLEX	GOCC_CYTOPLASMIC_EXOSOME_RNASE_COMPLEX		16	0.4192471	1.0426612	0.41387025	0.8121921	1.0	4990	tags=44%, list=26%, signal=59%	
GOMF_PASSIVE_TRANSMEMBRANE_TRANSPORTER_ACTIVITY	GOMF_PASSIVE_TRANSMEMBRANE_TRANSPORTER_ACTIVITY		469	0.24370569	1.0418907	0.26143792	0.81421584	1.0	2084	tags=13%, list=11%, signal=14%	
GOBP_REGULATION_OF_POSTSYNAPTIC_SPECIALIZATION_ASSEMBLY	GOBP_REGULATION_OF_POSTSYNAPTIC_SPECIALIZATION_ASSEMBLY		15	0.4375452	1.0412226	0.42067307	0.815674	1.0	2266	tags=20%, list=12%, signal=23%	
GOMF_GLUTATHIONE_TRANSFERASE_ACTIVITY	GOMF_GLUTATHIONE_TRANSFERASE_ACTIVITY		28	0.36171743	1.0411706	0.36097562	0.8148917	1.0	2064	tags=25%, list=11%, signal=28%	
GOBP_CALCIUM_ION_REGULATED_EXOCYTOSIS	GOBP_CALCIUM_ION_REGULATED_EXOCYTOSIS		65	0.3095381	1.0410719	0.35555556	0.8142823	1.0	4322	tags=29%, list=22%, signal=37%	
GOBP_INTRINSIC_APOPTOTIC_SIGNALING_PATHWAY	GOBP_INTRINSIC_APOPTOTIC_SIGNALING_PATHWAY		290	0.25185952	1.040966	0.32735425	0.813697	1.0	2057	tags=17%, list=11%, signal=18%	
GOBP_FATTY_ACID_BETA_OXIDATION	GOBP_FATTY_ACID_BETA_OXIDATION		72	0.30162415	1.0408852	0.37758112	0.81299615	1.0	4419	tags=40%, list=23%, signal=52%	
GOBP_ENERGY_DERIVATION_BY_OXIDATION_OF_ORGANIC_COMPOUNDS	GOBP_ENERGY_DERIVATION_BY_OXIDATION_OF_ORGANIC_COMPOUNDS		281	0.25140208	1.0406784	0.31603774	0.8127791	1.0	4479	tags=28%, list=23%, signal=36%	
GOMF_ENDOPEPTIDASE_ACTIVITY	GOMF_ENDOPEPTIDASE_ACTIVITY		369	0.24842969	1.0398127	0.28648648	0.8149999	1.0	2703	tags=21%, list=14%, signal=24%	
GOMF_LIGASE_ACTIVITY	GOMF_LIGASE_ACTIVITY		125	0.28445917	1.0395833	0.35254237	0.8148925	1.0	2252	tags=19%, list=12%, signal=22%	
GOBP_REGULATION_OF_PROTEIN_DEPOLYMERIZATION	GOBP_REGULATION_OF_PROTEIN_DEPOLYMERIZATION		83	0.29554412	1.0390755	0.35403726	0.8157904	1.0	3164	tags=27%, list=16%, signal=32%	
GOBP_MATURATION_OF_5_8S_RRNA	GOBP_MATURATION_OF_5_8S_RRNA		33	0.35292545	1.0389836	0.37352246	0.81518674	1.0	5023	tags=36%, list=26%, signal=49%	
GOBP_POSITIVE_REGULATION_OF_CYTOPLASMIC_TRANSLATION	GOBP_POSITIVE_REGULATION_OF_CYTOPLASMIC_TRANSLATION		16	0.42674732	1.0386792	0.40983605	0.8153278	1.0	6495	tags=56%, list=33%, signal=84%	
GOBP_NEGATIVE_REGULATION_OF_GLUCOSE_TRANSMEMBRANE_TRANSPORT	GOBP_NEGATIVE_REGULATION_OF_GLUCOSE_TRANSMEMBRANE_TRANSPORT		17	0.42030185	1.0386218	0.43589744	0.8145834	1.0	190	tags=18%, list=1%, signal=18%	
GOBP_APOPTOTIC_MITOCHONDRIAL_CHANGES	GOBP_APOPTOTIC_MITOCHONDRIAL_CHANGES		98	0.2879944	1.0378398	0.33027524	0.81650203	1.0	3507	tags=30%, list=18%, signal=36%	
GOBP_CELLULAR_RESPONSE_TO_GAMMA_RADIATION	GOBP_CELLULAR_RESPONSE_TO_GAMMA_RADIATION		24	0.37935606	1.0375788	0.3976744	0.81653357	1.0	2086	tags=21%, list=11%, signal=23%	
GOMF_FIBROBLAST_GROWTH_FACTOR_RECEPTOR_BINDING	GOMF_FIBROBLAST_GROWTH_FACTOR_RECEPTOR_BINDING		24	0.37814948	1.0370085	0.39473686	0.8177207	1.0	2711	tags=25%, list=14%, signal=29%	
GOMF_SPHINGOLIPID_TRANSPORTER_ACTIVITY	GOMF_SPHINGOLIPID_TRANSPORTER_ACTIVITY		16	0.41739985	1.0365367	0.41538462	0.818471	1.0	2516	tags=19%, list=13%, signal=22%	
GOBP_PLASMINOGEN_ACTIVATION	GOBP_PLASMINOGEN_ACTIVATION		26	0.36713982	1.0362216	0.38709676	0.8186856	1.0	2852	tags=38%, list=15%, signal=45%	
GOBP_MITOCHONDRIAL_MEMBRANE_ORGANIZATION	GOBP_MITOCHONDRIAL_MEMBRANE_ORGANIZATION		102	0.28535226	1.0358942	0.35031846	0.81884176	1.0	4398	tags=32%, list=23%, signal=42%	
GOBP_ATP_BIOSYNTHETIC_PROCESS	GOBP_ATP_BIOSYNTHETIC_PROCESS		62	0.31599864	1.0354097	0.38251367	0.81962574	1.0	6545	tags=42%, list=34%, signal=63%	
GOMF_CLATHRIN_BINDING	GOMF_CLATHRIN_BINDING		55	0.31808513	1.0353575	0.3739612	0.8188421	1.0	2762	tags=20%, list=14%, signal=23%	
GOBP_GLUCOCORTICOID_METABOLIC_PROCESS	GOBP_GLUCOCORTICOID_METABOLIC_PROCESS		25	0.37547037	1.0352374	0.37333333	0.8182939	1.0	495	tags=12%, list=3%, signal=12%	
GOBP_LIPID_EXPORT_FROM_CELL	GOBP_LIPID_EXPORT_FROM_CELL		47	0.3250435	1.0350859	0.3816794	0.81786615	1.0	2318	tags=23%, list=12%, signal=27%	
GOBP_REGULATION_OF_PROTEIN_AUTOPHOSPHORYLATION	GOBP_REGULATION_OF_PROTEIN_AUTOPHOSPHORYLATION		36	0.34799063	1.0350347	0.35869566	0.81710076	1.0	1655	tags=19%, list=9%, signal=21%	
GOBP_REGULATION_OF_CORTICOSTEROID_HORMONE_SECRETION	GOBP_REGULATION_OF_CORTICOSTEROID_HORMONE_SECRETION		16	0.4174622	1.0348207	0.40191388	0.8169604	1.0	3086	tags=38%, list=16%, signal=45%	
GOCC_PML_BODY	GOCC_PML_BODY		106	0.2824288	1.034754	0.37091988	0.81626946	1.0	3944	tags=27%, list=20%, signal=34%	
GOMF_N_METHYLTRANSFERASE_ACTIVITY	GOMF_N_METHYLTRANSFERASE_ACTIVITY		83	0.2968208	1.0346518	0.3791209	0.81566745	1.0	3005	tags=22%, list=15%, signal=26%	
GOBP_GLYCEROLIPID_CATABOLIC_PROCESS	GOBP_GLYCEROLIPID_CATABOLIC_PROCESS		63	0.30649695	1.0345647	0.36842105	0.8150251	1.0	544	tags=11%, list=3%, signal=11%	
GOMF_KINESIN_BINDING	GOMF_KINESIN_BINDING		39	0.33385435	1.0338227	0.39320388	0.8167616	1.0	3216	tags=31%, list=17%, signal=37%	
GOBP_NEGATIVE_REGULATION_OF_PROTEIN_POLYMERIZATION	GOBP_NEGATIVE_REGULATION_OF_PROTEIN_POLYMERIZATION		73	0.30413428	1.0337012	0.39722222	0.81621385	1.0	3718	tags=32%, list=19%, signal=39%	
GOBP_CEREBELLAR_CORTEX_FORMATION	GOBP_CEREBELLAR_CORTEX_FORMATION		24	0.3751686	1.0336021	0.39175257	0.8156515	1.0	4041	tags=46%, list=21%, signal=58%	
GOBP_NUCLEAR_MEMBRANE_REASSEMBLY	GOBP_NUCLEAR_MEMBRANE_REASSEMBLY		23	0.38625216	1.0335099	0.38189846	0.8150321	1.0	3281	tags=35%, list=17%, signal=42%	
GOBP_CELLULAR_COMPONENT_DISASSEMBLY	GOBP_CELLULAR_COMPONENT_DISASSEMBLY		497	0.23793441	1.0330737	0.2857143	0.8156943	1.0	3281	tags=22%, list=17%, signal=26%	
GOBP_NADH_DEHYDROGENASE_COMPLEX_ASSEMBLY	GOBP_NADH_DEHYDROGENASE_COMPLEX_ASSEMBLY		48	0.32716995	1.0327803	0.4	0.81578976	1.0	5949	tags=40%, list=31%, signal=57%	
GOBP_NEGATIVE_REGULATION_OF_LIPID_LOCALIZATION	GOBP_NEGATIVE_REGULATION_OF_LIPID_LOCALIZATION		43	0.33700714	1.0326093	0.38933334	0.8155097	1.0	2222	tags=28%, list=11%, signal=31%	
GOBP_POLYSACCHARIDE_BIOSYNTHETIC_PROCESS	GOBP_POLYSACCHARIDE_BIOSYNTHETIC_PROCESS		60	0.30820516	1.0326052	0.3746479	0.81457525	1.0	4717	tags=33%, list=24%, signal=44%	
GOBP_MULTIVESICULAR_BODY_ORGANIZATION	GOBP_MULTIVESICULAR_BODY_ORGANIZATION		32	0.35421067	1.0325916	0.39849624	0.813671	1.0	5017	tags=41%, list=26%, signal=55%	
GOBP_AXONAL_TRANSPORT_OF_MITOCHONDRION	GOBP_AXONAL_TRANSPORT_OF_MITOCHONDRION		18	0.4121075	1.031911	0.42727274	0.8152529	1.0	3531	tags=44%, list=18%, signal=54%	
GOBP_MYELIN_ASSEMBLY	GOBP_MYELIN_ASSEMBLY		21	0.39427134	1.0318036	0.39205956	0.8146904	1.0	3152	tags=33%, list=16%, signal=40%	
GOBP_POSITIVE_REGULATION_OF_CHOLESTEROL_EFFLUX	GOBP_POSITIVE_REGULATION_OF_CHOLESTEROL_EFFLUX		26	0.367786	1.0316213	0.40191388	0.81442404	1.0	2202	tags=15%, list=11%, signal=17%	
GOBP_RETINAL_ROD_CELL_DIFFERENTIATION	GOBP_RETINAL_ROD_CELL_DIFFERENTIATION		17	0.41261372	1.0313845	0.41348314	0.8143689	1.0	5308	tags=47%, list=27%, signal=65%	
GOBP_BRANCHED_CHAIN_AMINO_ACID_METABOLIC_PROCESS	GOBP_BRANCHED_CHAIN_AMINO_ACID_METABOLIC_PROCESS		28	0.36256763	1.0313698	0.375	0.81348133	1.0	3145	tags=32%, list=16%, signal=38%	
GOBP_REGULATION_OF_STEROID_METABOLIC_PROCESS	GOBP_REGULATION_OF_STEROID_METABOLIC_PROCESS		95	0.2917682	1.0312488	0.34365326	0.81298035	1.0	2028	tags=18%, list=10%, signal=20%	
GOBP_URETER_DEVELOPMENT	GOBP_URETER_DEVELOPMENT		18	0.40536335	1.0308199	0.40133038	0.8136538	1.0	1312	tags=28%, list=7%, signal=30%	
GOBP_MEMBRANE_PROTEIN_PROTEOLYSIS	GOBP_MEMBRANE_PROTEIN_PROTEOLYSIS		62	0.3154509	1.0306275	0.40106952	0.8134482	1.0	955	tags=16%, list=5%, signal=17%	
GOBP_REGULATION_OF_NUCLEOTIDE_CATABOLIC_PROCESS	GOBP_REGULATION_OF_NUCLEOTIDE_CATABOLIC_PROCESS		50	0.32234648	1.0304621	0.4009901	0.8130733	1.0	3130	tags=22%, list=16%, signal=26%	
GOMF_3_5_CYCLIC_AMP_PHOSPHODIESTERASE_ACTIVITY	GOMF_3_5_CYCLIC_AMP_PHOSPHODIESTERASE_ACTIVITY		22	0.37681437	1.0302973	0.41189933	0.81280696	1.0	190	tags=9%, list=1%, signal=9%	
GOBP_PROTEIN_STABILIZATION	GOBP_PROTEIN_STABILIZATION		193	0.26217878	1.0302382	0.356	0.8121005	1.0	2587	tags=19%, list=13%, signal=21%	
GOBP_MEMBRANE_LIPID_CATABOLIC_PROCESS	GOBP_MEMBRANE_LIPID_CATABOLIC_PROCESS		49	0.31742802	1.0301031	0.38	0.8116765	1.0	3280	tags=24%, list=17%, signal=29%	
GOBP_GLYCEROLIPID_BIOSYNTHETIC_PROCESS	GOBP_GLYCEROLIPID_BIOSYNTHETIC_PROCESS		239	0.2543704	1.0299705	0.32244897	0.8112001	1.0	2971	tags=20%, list=15%, signal=23%	
GOBP_CEREBELLAR_CORTEX_DEVELOPMENT	GOBP_CEREBELLAR_CORTEX_DEVELOPMENT		49	0.32044086	1.029903	0.41504177	0.81053823	1.0	4182	tags=39%, list=22%, signal=49%	
GOBP_MALE_SEX_DIFFERENTIATION	GOBP_MALE_SEX_DIFFERENTIATION		168	0.26324648	1.0295576	0.34653464	0.81086016	1.0	2556	tags=20%, list=13%, signal=22%	
GOCC_PLATELET_DENSE_GRANULE	GOCC_PLATELET_DENSE_GRANULE		20	0.38827497	1.0291058	0.3962704	0.81158864	1.0	3441	tags=30%, list=18%, signal=36%	
GOBP_REGULATION_OF_STRIATED_MUSCLE_CELL_DIFFERENTIATION	GOBP_REGULATION_OF_STRIATED_MUSCLE_CELL_DIFFERENTIATION		82	0.2917876	1.0287323	0.38526914	0.81209534	1.0	1447	tags=16%, list=7%, signal=17%	
GOBP_VENTRICULAR_SYSTEM_DEVELOPMENT	GOBP_VENTRICULAR_SYSTEM_DEVELOPMENT		31	0.3523058	1.028731	0.40875912	0.81117666	1.0	3467	tags=32%, list=18%, signal=39%	
GOBP_VIRAL_GENE_EXPRESSION	GOBP_VIRAL_GENE_EXPRESSION		99	0.28302297	1.0285171	0.38064516	0.8110134	1.0	3623	tags=26%, list=19%, signal=32%	
GOBP_PROTON_MOTIVE_FORCE_DRIVEN_ATP_SYNTHESIS	GOBP_PROTON_MOTIVE_FORCE_DRIVEN_ATP_SYNTHESIS		43	0.32884905	1.0283945	0.3956044	0.810532	1.0	6545	tags=42%, list=34%, signal=63%	
GOBP_SEQUESTERING_OF_TRIGLYCERIDE	GOBP_SEQUESTERING_OF_TRIGLYCERIDE		17	0.40146932	1.028159	0.416122	0.81043285	1.0	798	tags=24%, list=4%, signal=25%	
GOCC_SPERM_PRINCIPAL_PIECE	GOCC_SPERM_PRINCIPAL_PIECE		30	0.35438693	1.0280678	0.3938619	0.8098656	1.0	2048	tags=17%, list=11%, signal=19%	
GOMF_ACETYLCHOLINE_GATED_MONOATOMIC_CATION_SELECTIVE_CHANNEL_ACTIVITY	GOMF_ACETYLCHOLINE_GATED_MONOATOMIC_CATION_SELECTIVE_CHANNEL_ACTIVITY		16	0.41524038	1.0280411	0.4144144	0.80905473	1.0	5558	tags=38%, list=29%, signal=52%	
GOBP_RIBONUCLEOPROTEIN_COMPLEX_BIOGENESIS	GOBP_RIBONUCLEOPROTEIN_COMPLEX_BIOGENESIS		431	0.24150442	1.0272759	0.3169399	0.8109919	1.0	5117	tags=26%, list=26%, signal=34%	
GOBP_CELLULAR_RESPONSE_TO_ALDEHYDE	GOBP_CELLULAR_RESPONSE_TO_ALDEHYDE		16	0.40406108	1.0268195	0.43632075	0.81172717	1.0	1945	tags=25%, list=10%, signal=28%	
GOBP_POSITIVE_REGULATION_OF_PROTEIN_IMPORT_INTO_NUCLEUS	GOBP_POSITIVE_REGULATION_OF_PROTEIN_IMPORT_INTO_NUCLEUS		40	0.3361451	1.0267308	0.3888889	0.81112564	1.0	2197	tags=25%, list=11%, signal=28%	
GOBP_ICOSANOID_METABOLIC_PROCESS	GOBP_ICOSANOID_METABOLIC_PROCESS		115	0.27520865	1.0266086	0.38801262	0.81064516	1.0	1840	tags=17%, list=9%, signal=19%	
GOBP_RESPONSE_TO_INSULIN	GOBP_RESPONSE_TO_INSULIN		262	0.2479883	1.0265179	0.33482143	0.8100764	1.0	3256	tags=22%, list=17%, signal=26%	
GOBP_REPRODUCTIVE_BEHAVIOR	GOBP_REPRODUCTIVE_BEHAVIOR		45	0.32027185	1.0263135	0.38582677	0.80988306	1.0	2640	tags=29%, list=14%, signal=33%	
GOBP_NEGATIVE_REGULATION_OF_REPRODUCTIVE_PROCESS	GOBP_NEGATIVE_REGULATION_OF_REPRODUCTIVE_PROCESS		69	0.30231237	1.0259382	0.40443215	0.8103556	1.0	626	tags=12%, list=3%, signal=12%	
GOCC_PERICENTRIOLAR_MATERIAL	GOCC_PERICENTRIOLAR_MATERIAL		21	0.39102575	1.0250818	0.4170616	0.81255907	1.0	4286	tags=43%, list=22%, signal=55%	
GOBP_NEGATIVE_REGULATION_OF_INNATE_IMMUNE_RESPONSE	GOBP_NEGATIVE_REGULATION_OF_INNATE_IMMUNE_RESPONSE		86	0.29418248	1.024878	0.41040462	0.81236833	1.0	2089	tags=14%, list=11%, signal=16%	
GOBP_XENOBIOTIC_CATABOLIC_PROCESS	GOBP_XENOBIOTIC_CATABOLIC_PROCESS		25	0.37111926	1.0245035	0.4155251	0.81277466	1.0	1017	tags=12%, list=5%, signal=13%	
GOMF_AMINO_ACID_MONOATOMIC_CATION_SYMPORTER_ACTIVITY	GOMF_AMINO_ACID_MONOATOMIC_CATION_SYMPORTER_ACTIVITY		29	0.36080137	1.0244894	0.41149426	0.8119107	1.0	217	tags=7%, list=1%, signal=7%	
GOBP_NEGATIVE_REGULATION_OF_LIPID_CATABOLIC_PROCESS	GOBP_NEGATIVE_REGULATION_OF_LIPID_CATABOLIC_PROCESS		26	0.36080903	1.024376	0.38957816	0.8114174	1.0	3130	tags=35%, list=16%, signal=41%	
GOBP_REGULATION_OF_FATTY_ACID_OXIDATION	GOBP_REGULATION_OF_FATTY_ACID_OXIDATION		33	0.35740295	1.0243131	0.38724375	0.8107534	1.0	2222	tags=24%, list=11%, signal=27%	
GOBP_TERPENOID_METABOLIC_PROCESS	GOBP_TERPENOID_METABOLIC_PROCESS		98	0.2831748	1.0241294	0.3897281	0.8105692	1.0	3464	tags=29%, list=18%, signal=35%	
GOCC_AXONEMAL_DYNEIN_COMPLEX	GOCC_AXONEMAL_DYNEIN_COMPLEX		17	0.40132853	1.0239644	0.43296704	0.8102281	1.0	3687	tags=35%, list=19%, signal=44%	
GOBP_MEGAKARYOCYTE_DEVELOPMENT	GOBP_MEGAKARYOCYTE_DEVELOPMENT		21	0.3863314	1.0236017	0.41013825	0.810648	1.0	2745	tags=33%, list=14%, signal=39%	
GOBP_MONOSACCHARIDE_METABOLIC_PROCESS	GOBP_MONOSACCHARIDE_METABOLIC_PROCESS		240	0.2533349	1.0234329	0.37121212	0.81039435	1.0	2460	tags=18%, list=13%, signal=21%	
GOBP_REGULATION_OF_CARDIAC_CONDUCTION	GOBP_REGULATION_OF_CARDIAC_CONDUCTION		25	0.37294838	1.0232054	0.3994911	0.81027967	1.0	1833	tags=20%, list=9%, signal=22%	
GOBP_MUSCLE_HYPERTROPHY	GOBP_MUSCLE_HYPERTROPHY		86	0.29085514	1.022802	0.38297874	0.8107848	1.0	3203	tags=27%, list=16%, signal=32%	
GOBP_UBIQUITIN_DEPENDENT_PROTEIN_CATABOLIC_PROCESS_VIA_THE_MULTIVESICULAR_BODY_SORTING_PATHWAY	GOBP_UBIQUITIN_DEPENDENT_PROTEIN_CATABOLIC_PROCESS_VIA_THE_MULTIVESICULAR_BODY_SORTING_PATHWAY		36	0.3387754	1.0227549	0.39215687	0.8100424	1.0	5017	tags=39%, list=26%, signal=52%	
GOMF_RNA_ENDONUCLEASE_ACTIVITY	GOMF_RNA_ENDONUCLEASE_ACTIVITY		65	0.29951587	1.0227529	0.38736263	0.8091543	1.0	4240	tags=31%, list=22%, signal=39%	
GOCC_AZUROPHIL_GRANULE_MEMBRANE	GOCC_AZUROPHIL_GRANULE_MEMBRANE		56	0.3088391	1.0227399	0.38586956	0.8083065	1.0	4393	tags=34%, list=23%, signal=44%	
GOBP_CERAMIDE_TRANSPORT	GOBP_CERAMIDE_TRANSPORT		15	0.4175692	1.0220556	0.4116331	0.8098275	1.0	2516	tags=27%, list=13%, signal=31%	
GOBP_POSITIVE_REGULATION_OF_AUTOPHAGY	GOBP_POSITIVE_REGULATION_OF_AUTOPHAGY		148	0.2683107	1.0217413	0.4063492	0.8101095	1.0	3849	tags=26%, list=20%, signal=32%	
GOBP_PROTEIN_HETEROOLIGOMERIZATION	GOBP_PROTEIN_HETEROOLIGOMERIZATION		29	0.3589355	1.0210847	0.38709676	0.8116324	1.0	4070	tags=34%, list=21%, signal=44%	
GOMF_LIGASE_ACTIVITY_FORMING_CARBON_NITROGEN_BONDS	GOMF_LIGASE_ACTIVITY_FORMING_CARBON_NITROGEN_BONDS		46	0.31898853	1.0198356	0.39097744	0.8152795	1.0	1464	tags=20%, list=8%, signal=21%	
GOBP_REGULATION_OF_MITOCHONDRION_ORGANIZATION	GOBP_REGULATION_OF_MITOCHONDRION_ORGANIZATION		138	0.26973665	1.0197618	0.37676057	0.8146369	1.0	4015	tags=32%, list=21%, signal=40%	
GOBP_REGULATION_OF_DENDRITIC_SPINE_DEVELOPMENT	GOBP_REGULATION_OF_DENDRITIC_SPINE_DEVELOPMENT		54	0.30989268	1.0190032	0.4043716	0.8164321	1.0	2742	tags=24%, list=14%, signal=28%	
GOBP_REGULATION_OF_INTRACELLULAR_PROTEIN_TRANSPORT	GOBP_REGULATION_OF_INTRACELLULAR_PROTEIN_TRANSPORT		143	0.26900396	1.018968	0.39661017	0.8156424	1.0	3386	tags=26%, list=17%, signal=31%	
GOCC_CYTOPLASMIC_SIDE_OF_ENDOPLASMIC_RETICULUM_MEMBRANE	GOCC_CYTOPLASMIC_SIDE_OF_ENDOPLASMIC_RETICULUM_MEMBRANE		19	0.40621984	1.0182718	0.43127963	0.8172213	1.0	2603	tags=21%, list=13%, signal=24%	
GOBP_REGULATION_OF_PROTEIN_NEDDYLATION	GOBP_REGULATION_OF_PROTEIN_NEDDYLATION		19	0.40336758	1.0180349	0.43540668	0.81718004	1.0	4687	tags=42%, list=24%, signal=55%	
GOBP_RESPONSE_TO_CARBOHYDRATE	GOBP_RESPONSE_TO_CARBOHYDRATE		215	0.25610027	1.0174313	0.4021739	0.818467	1.0	2337	tags=17%, list=12%, signal=19%	
GOBP_CARBOHYDRATE_PHOSPHORYLATION	GOBP_CARBOHYDRATE_PHOSPHORYLATION		22	0.38789108	1.0173795	0.43382353	0.81774443	1.0	2695	tags=32%, list=14%, signal=37%	
GOMF_TRANSMEMBRANE_TRANSPORTER_BINDING	GOMF_TRANSMEMBRANE_TRANSPORTER_BINDING		130	0.27115247	1.0164753	0.38317758	0.8201091	1.0	4137	tags=30%, list=21%, signal=38%	
GOBP_MULTIVESICULAR_BODY_SORTING_PATHWAY	GOBP_MULTIVESICULAR_BODY_SORTING_PATHWAY		47	0.31284192	1.0164098	0.41298702	0.819476	1.0	5017	tags=40%, list=26%, signal=54%	
GOBP_NEGATIVE_REGULATION_OF_STRIATED_MUSCLE_CELL_APOPTOTIC_PROCESS	GOBP_NEGATIVE_REGULATION_OF_STRIATED_MUSCLE_CELL_APOPTOTIC_PROCESS		26	0.37287122	1.0161396	0.43309003	0.81957465	1.0	1443	tags=19%, list=7%, signal=21%	
GOBP_CARDIAC_MUSCLE_CELL_MEMBRANE_REPOLARIZATION	GOBP_CARDIAC_MUSCLE_CELL_MEMBRANE_REPOLARIZATION		38	0.33486813	1.0159786	0.42548078	0.8192616	1.0	4271	tags=39%, list=22%, signal=51%	
GOCC_CYTOPLASMIC_DYNEIN_COMPLEX	GOCC_CYTOPLASMIC_DYNEIN_COMPLEX		17	0.4069726	1.0158726	0.42067307	0.8187598	1.0	1782	tags=24%, list=9%, signal=26%	
GOBP_REGULATION_OF_DENDRITE_MORPHOGENESIS	GOBP_REGULATION_OF_DENDRITE_MORPHOGENESIS		61	0.30563125	1.0158719	0.4244032	0.81787467	1.0	4234	tags=34%, list=22%, signal=44%	
GOCC_GOLGI_STACK	GOCC_GOLGI_STACK		130	0.26763836	1.0156009	0.39318886	0.81793594	1.0	3303	tags=25%, list=17%, signal=30%	
GOBP_NEURAL_NUCLEUS_DEVELOPMENT	GOBP_NEURAL_NUCLEUS_DEVELOPMENT		61	0.3014135	1.0152718	0.44198895	0.8182333	1.0	5280	tags=43%, list=27%, signal=58%	
GOBP_DICARBOXYLIC_ACID_METABOLIC_PROCESS	GOBP_DICARBOXYLIC_ACID_METABOLIC_PROCESS		88	0.29052567	1.0146937	0.41017964	0.8193793	1.0	3564	tags=31%, list=18%, signal=37%	
GOCC_NON_MOTILE_CILIUM	GOCC_NON_MOTILE_CILIUM		150	0.2667525	1.014331	0.3785489	0.819845	1.0	3958	tags=27%, list=20%, signal=33%	
GOCC_LIPID_DROPLET	GOCC_LIPID_DROPLET		98	0.27983677	1.0142851	0.415625	0.8191209	1.0	2969	tags=27%, list=15%, signal=31%	
GOBP_CYTOCHROME_COMPLEX_ASSEMBLY	GOBP_CYTOCHROME_COMPLEX_ASSEMBLY		30	0.35479704	1.0142305	0.41445783	0.818422	1.0	7008	tags=60%, list=36%, signal=94%	
GOBP_PIGMENT_GRANULE_ORGANIZATION	GOBP_PIGMENT_GRANULE_ORGANIZATION		39	0.33200863	1.0139433	0.41219512	0.81863654	1.0	3172	tags=18%, list=16%, signal=21%	
GOBP_MAINTENANCE_OF_SYNAPSE_STRUCTURE	GOBP_MAINTENANCE_OF_SYNAPSE_STRUCTURE		24	0.3648197	1.0135932	0.43414634	0.81904054	1.0	228	tags=8%, list=1%, signal=8%	
GOMF_MAP_KINASE_ACTIVITY	GOMF_MAP_KINASE_ACTIVITY		16	0.39970595	1.0131975	0.4091954	0.81950754	1.0	1904	tags=31%, list=10%, signal=35%	
GOCC_PLATELET_ALPHA_GRANULE_LUMEN	GOCC_PLATELET_ALPHA_GRANULE_LUMEN		65	0.30268046	1.0131311	0.397878	0.8188703	1.0	1396	tags=15%, list=7%, signal=17%	
GOBP_REGULATION_OF_MITOCHONDRIAL_MEMBRANE_PERMEABILITY	GOBP_REGULATION_OF_MITOCHONDRIAL_MEMBRANE_PERMEABILITY		49	0.31307322	1.0127668	0.41984734	0.8192852	1.0	4690	tags=39%, list=24%, signal=51%	
GOBP_VESICLE_TRANSPORT_ALONG_MICROTUBULE	GOBP_VESICLE_TRANSPORT_ALONG_MICROTUBULE		46	0.3187582	1.0119191	0.43236074	0.8215183	1.0	4363	tags=41%, list=22%, signal=53%	
GOMF_UNFOLDED_PROTEIN_BINDING	GOMF_UNFOLDED_PROTEIN_BINDING		110	0.26850563	1.0118983	0.41463414	0.82071936	1.0	2568	tags=18%, list=13%, signal=21%	
GOBP_INOSITOL_PHOSPHATE_METABOLIC_PROCESS	GOBP_INOSITOL_PHOSPHATE_METABOLIC_PROCESS		40	0.33526582	1.0118974	0.44634145	0.81984836	1.0	2640	tags=20%, list=14%, signal=23%	
GOBP_INTESTINAL_CHOLESTEROL_ABSORPTION	GOBP_INTESTINAL_CHOLESTEROL_ABSORPTION		18	0.40116706	1.0115148	0.4556355	0.820327	1.0	1416	tags=17%, list=7%, signal=18%	
GOBP_CARBOHYDRATE_HOMEOSTASIS	GOBP_CARBOHYDRATE_HOMEOSTASIS		230	0.25081143	1.0113336	0.42023346	0.82008696	1.0	2400	tags=18%, list=12%, signal=21%	
GOBP_ASSOCIATIVE_LEARNING	GOBP_ASSOCIATIVE_LEARNING		85	0.28980565	1.0113162	0.4281525	0.81928104	1.0	706	tags=8%, list=4%, signal=9%	
GOBP_TRNA_PROCESSING	GOBP_TRNA_PROCESSING		124	0.27356654	1.0110972	0.37666667	0.81920743	1.0	5512	tags=37%, list=28%, signal=51%	
GOMF_VOLTAGE_GATED_POTASSIUM_CHANNEL_ACTIVITY_INVOLVED_IN_CARDIAC_MUSCLE_CELL_ACTION_POTENTIAL_REPOLARIZATION	GOMF_VOLTAGE_GATED_POTASSIUM_CHANNEL_ACTIVITY_INVOLVED_IN_CARDIAC_MUSCLE_CELL_ACTION_POTENTIAL_REPOLARIZATION		15	0.41692752	1.011007	0.4620853	0.8186208	1.0	4137	tags=40%, list=21%, signal=51%	
GOBP_RESPONSE_TO_PURINE_CONTAINING_COMPOUND	GOBP_RESPONSE_TO_PURINE_CONTAINING_COMPOUND		136	0.2678466	1.0108056	0.39041096	0.81844056	1.0	1488	tags=14%, list=8%, signal=15%	
GOBP_ENERGY_RESERVE_METABOLIC_PROCESS	GOBP_ENERGY_RESERVE_METABOLIC_PROCESS		88	0.2836386	1.0104685	0.44375	0.818788	1.0	3377	tags=26%, list=17%, signal=31%	
GOMF_FATTY_ACID_DERIVATIVE_BINDING	GOMF_FATTY_ACID_DERIVATIVE_BINDING		18	0.39465734	1.010235	0.43155453	0.8188085	1.0	1037	tags=17%, list=5%, signal=18%	
GOMF_UDP_GLYCOSYLTRANSFERASE_ACTIVITY	GOMF_UDP_GLYCOSYLTRANSFERASE_ACTIVITY		138	0.2714582	1.0101188	0.38194445	0.8183315	1.0	4395	tags=27%, list=23%, signal=34%	
GOBP_GLYCOLIPID_BIOSYNTHETIC_PROCESS	GOBP_GLYCOLIPID_BIOSYNTHETIC_PROCESS		75	0.2893344	1.0097715	0.45070422	0.81876844	1.0	3130	tags=24%, list=16%, signal=29%	
GOBP_CEREBELLAR_CORTEX_MORPHOGENESIS	GOBP_CEREBELLAR_CORTEX_MORPHOGENESIS		35	0.33270058	1.0088941	0.44505495	0.82108456	1.0	2203	tags=29%, list=11%, signal=32%	
GOBP_NON_MOTILE_CILIUM_ASSEMBLY	GOBP_NON_MOTILE_CILIUM_ASSEMBLY		62	0.30193532	1.0084258	0.4265928	0.82189727	1.0	2724	tags=21%, list=14%, signal=24%	
GOBP_REGULATION_OF_VIRAL_TRANSCRIPTION	GOBP_REGULATION_OF_VIRAL_TRANSCRIPTION		19	0.3908395	1.0077316	0.43103448	0.823497	1.0	3588	tags=37%, list=18%, signal=45%	
GOBP_NEUROTRANSMITTER_GATED_ION_CHANNEL_CLUSTERING	GOBP_NEUROTRANSMITTER_GATED_ION_CHANNEL_CLUSTERING		15	0.41161874	1.0077153	0.46813726	0.82268566	1.0	1299	tags=20%, list=7%, signal=21%	
GOBP_REGULATION_OF_TUMOR_NECROSIS_FACTOR_MEDIATED_SIGNALING_PATHWAY	GOBP_REGULATION_OF_TUMOR_NECROSIS_FACTOR_MEDIATED_SIGNALING_PATHWAY		59	0.29465657	1.0073112	0.43227667	0.8232713	1.0	1456	tags=10%, list=7%, signal=11%	
GOBP_REGULATION_OF_CENTRIOLE_REPLICATION	GOBP_REGULATION_OF_CENTRIOLE_REPLICATION		21	0.36962962	1.006895	0.450116	0.8239434	1.0	2043	tags=29%, list=11%, signal=32%	
GOBP_AUDITORY_RECEPTOR_CELL_DEVELOPMENT	GOBP_AUDITORY_RECEPTOR_CELL_DEVELOPMENT		24	0.36526337	1.0065883	0.4479419	0.8241127	1.0	3642	tags=29%, list=19%, signal=36%	
GOMF_GLUTAMATE_RECEPTOR_ACTIVITY	GOMF_GLUTAMATE_RECEPTOR_ACTIVITY		25	0.3564442	1.0063595	0.4268868	0.8240926	1.0	1969	tags=8%, list=10%, signal=9%	
GOBP_POSITIVE_REGULATION_OF_MITOCHONDRIAL_FISSION	GOBP_POSITIVE_REGULATION_OF_MITOCHONDRIAL_FISSION		19	0.39377397	1.0062531	0.44345897	0.82362384	1.0	4290	tags=37%, list=22%, signal=47%	
GOBP_AXIS_ELONGATION	GOBP_AXIS_ELONGATION		29	0.353748	1.0061749	0.43828714	0.8230729	1.0	383	tags=17%, list=2%, signal=18%	
GOMF_PROTEIN_METHYLTRANSFERASE_ACTIVITY	GOMF_PROTEIN_METHYLTRANSFERASE_ACTIVITY		83	0.28311393	1.0053959	0.43695015	0.82500964	1.0	3236	tags=20%, list=17%, signal=24%	
GOBP_REGULATION_OF_NUCLEOTIDE_BIOSYNTHETIC_PROCESS	GOBP_REGULATION_OF_NUCLEOTIDE_BIOSYNTHETIC_PROCESS		24	0.36514112	1.0053585	0.42081448	0.8242802	1.0	557	tags=13%, list=3%, signal=13%	
GOBP_REGULATION_OF_MUSCLE_ORGAN_DEVELOPMENT	GOBP_REGULATION_OF_MUSCLE_ORGAN_DEVELOPMENT		22	0.3756826	1.0052423	0.456621	0.8238355	1.0	1680	tags=18%, list=9%, signal=20%	
GOBP_HEAD_MORPHOGENESIS	GOBP_HEAD_MORPHOGENESIS		37	0.33329585	1.004637	0.44059405	0.8251513	1.0	2668	tags=27%, list=14%, signal=31%	
GOBP_GLYCOPROTEIN_BIOSYNTHETIC_PROCESS	GOBP_GLYCOPROTEIN_BIOSYNTHETIC_PROCESS		296	0.243876	1.0043545	0.4229075	0.8253331	1.0	2795	tags=19%, list=14%, signal=22%	
GOBP_MITOCHONDRIAL_FISSION	GOBP_MITOCHONDRIAL_FISSION		36	0.33558488	1.0043449	0.43961352	0.8245017	1.0	4947	tags=42%, list=25%, signal=56%	
GOBP_NEGATIVE_REGULATION_OF_INTERLEUKIN_1_BETA_PRODUCTION	GOBP_NEGATIVE_REGULATION_OF_INTERLEUKIN_1_BETA_PRODUCTION		28	0.3507956	1.0039805	0.44498777	0.824943	1.0	2	tags=4%, list=0%, signal=4%	
GOBP_ORGANELLE_DISASSEMBLY	GOBP_ORGANELLE_DISASSEMBLY		161	0.2556918	1.0038292	0.44067797	0.8246721	1.0	4910	tags=34%, list=25%, signal=45%	
GOBP_POSITIVE_REGULATION_OF_COAGULATION	GOBP_POSITIVE_REGULATION_OF_COAGULATION		28	0.36070007	1.003625	0.4386423	0.8245122	1.0	1499	tags=29%, list=8%, signal=31%	
GOBP_REGULATION_OF_GENERATION_OF_PRECURSOR_METABOLITES_AND_ENERGY	GOBP_REGULATION_OF_GENERATION_OF_PRECURSOR_METABOLITES_AND_ENERGY		124	0.2717725	1.0034996	0.4271523	0.8240886	1.0	3394	tags=22%, list=17%, signal=26%	
GOBP_POSITIVE_REGULATION_OF_INTERFERON_BETA_PRODUCTION	GOBP_POSITIVE_REGULATION_OF_INTERFERON_BETA_PRODUCTION		38	0.32868806	1.0033647	0.44665012	0.8237328	1.0	3768	tags=29%, list=19%, signal=36%	
GOBP_TRICARBOXYLIC_ACID_METABOLIC_PROCESS	GOBP_TRICARBOXYLIC_ACID_METABOLIC_PROCESS		16	0.4102605	1.00314	0.469163	0.82368255	1.0	3347	tags=25%, list=17%, signal=30%	
GOCC_NUCLEAR_EXOSOME_RNASE_COMPLEX	GOCC_NUCLEAR_EXOSOME_RNASE_COMPLEX		15	0.41298318	1.0030822	0.43636364	0.823039	1.0	3920	tags=33%, list=20%, signal=42%	
GOBP_PHOSPHOLIPID_HOMEOSTASIS	GOBP_PHOSPHOLIPID_HOMEOSTASIS		17	0.3933188	1.0030764	0.4323725	0.82221776	1.0	1101	tags=12%, list=6%, signal=12%	
GOBP_REGULATION_OF_MUSCLE_HYPERTROPHY	GOBP_REGULATION_OF_MUSCLE_HYPERTROPHY		55	0.30442756	1.002645	0.43835616	0.8229215	1.0	2059	tags=20%, list=11%, signal=22%	
GOBP_ORGANELLE_TRANSPORT_ALONG_MICROTUBULE	GOBP_ORGANELLE_TRANSPORT_ALONG_MICROTUBULE		87	0.28228298	1.0025228	0.43131867	0.82253563	1.0	4363	tags=34%, list=22%, signal=44%	
GOBP_PEROXISOMAL_TRANSPORT	GOBP_PEROXISOMAL_TRANSPORT		22	0.3786641	1.0024934	0.44493392	0.82180935	1.0	6253	tags=50%, list=32%, signal=74%	
GOBP_FATTY_ACID_CATABOLIC_PROCESS	GOBP_FATTY_ACID_CATABOLIC_PROCESS		100	0.277639	1.0024031	0.45016077	0.8212659	1.0	4419	tags=36%, list=23%, signal=46%	
GOBP_RESPONSE_TO_ARSENIC_CONTAINING_SUBSTANCE	GOBP_RESPONSE_TO_ARSENIC_CONTAINING_SUBSTANCE		31	0.33900675	1.0022024	0.4397759	0.8211355	1.0	3604	tags=32%, list=19%, signal=40%	
GOCC_ASTROCYTE_PROJECTION	GOCC_ASTROCYTE_PROJECTION		21	0.37026903	1.0021152	0.4168565	0.8206138	1.0	3322	tags=29%, list=17%, signal=34%	
GOCC_MICROTUBULE	GOCC_MICROTUBULE		426	0.23593192	1.0020454	0.44680852	0.8200276	1.0	3298	tags=23%, list=17%, signal=27%	
GOBP_REGULATION_OF_STEROID_BIOSYNTHETIC_PROCESS	GOBP_REGULATION_OF_STEROID_BIOSYNTHETIC_PROCESS		73	0.28936166	1.0014054	0.42613637	0.82141995	1.0	2028	tags=21%, list=10%, signal=23%	
GOBP_REGULATION_OF_CARDIAC_MUSCLE_CONTRACTION_BY_REGULATION_OF_THE_RELEASE_OF_SEQUESTERED_CALCIUM_ION	GOBP_REGULATION_OF_CARDIAC_MUSCLE_CONTRACTION_BY_REGULATION_OF_THE_RELEASE_OF_SEQUESTERED_CALCIUM_ION		20	0.37574854	1.001115	0.45238096	0.82163185	1.0	3048	tags=20%, list=16%, signal=24%	
GOBP_REACTIVE_NITROGEN_SPECIES_METABOLIC_PROCESS	GOBP_REACTIVE_NITROGEN_SPECIES_METABOLIC_PROCESS		74	0.28788364	1.000844	0.4289855	0.82175213	1.0	2932	tags=28%, list=15%, signal=33%	
GOBP_POSITIVE_REGULATION_OF_MUSCLE_CONTRACTION	GOBP_POSITIVE_REGULATION_OF_MUSCLE_CONTRACTION		48	0.31942287	1.0008035	0.44529262	0.8210558	1.0	3136	tags=25%, list=16%, signal=30%	
GOBP_GOLGI_VESICLE_TRANSPORT	GOBP_GOLGI_VESICLE_TRANSPORT		291	0.24069418	1.0005202	0.4801762	0.8212169	1.0	4556	tags=29%, list=23%, signal=37%	
GOMF_PHOSPHOLIPID_BINDING	GOMF_PHOSPHOLIPID_BINDING		457	0.23312545	1.000245	0.43589744	0.8213726	1.0	3580	tags=23%, list=18%, signal=28%	
GOBP_NEGATIVE_REGULATION_OF_TUMOR_NECROSIS_FACTOR_MEDIATED_SIGNALING_PATHWAY	GOBP_NEGATIVE_REGULATION_OF_TUMOR_NECROSIS_FACTOR_MEDIATED_SIGNALING_PATHWAY		26	0.3642169	1.0001699	0.45496535	0.8208002	1.0	4516	tags=35%, list=23%, signal=45%	
GOMF_HISTONE_H4_METHYLTRANSFERASE_ACTIVITY	GOMF_HISTONE_H4_METHYLTRANSFERASE_ACTIVITY		15	0.4213922	0.9998448	0.48081264	0.82113165	1.0	1907	tags=20%, list=10%, signal=22%	
GOMF_ACID_AMINO_ACID_LIGASE_ACTIVITY	GOMF_ACID_AMINO_ACID_LIGASE_ACTIVITY		21	0.3758563	0.9998254	0.47982064	0.82037485	1.0	1464	tags=24%, list=8%, signal=26%	
GOBP_LONG_CHAIN_FATTY_ACID_METABOLIC_PROCESS	GOBP_LONG_CHAIN_FATTY_ACID_METABOLIC_PROCESS		107	0.27284232	0.9994955	0.44047618	0.8207261	1.0	2426	tags=20%, list=12%, signal=22%	
GOMF_SOLUTE_PROTON_SYMPORTER_ACTIVITY	GOMF_SOLUTE_PROTON_SYMPORTER_ACTIVITY		24	0.36421815	0.99849015	0.45454547	0.8234376	1.0	719	tags=13%, list=4%, signal=13%	
GOBP_PHOSPHATIDYLCHOLINE_CATABOLIC_PROCESS	GOBP_PHOSPHATIDYLCHOLINE_CATABOLIC_PROCESS		16	0.405379	0.9980138	0.47165534	0.8242972	1.0	544	tags=19%, list=3%, signal=19%	
GOBP_RESPONSE_TO_THYROID_HORMONE	GOBP_RESPONSE_TO_THYROID_HORMONE		23	0.35889506	0.99766475	0.46330276	0.82468915	1.0	1050	tags=13%, list=5%, signal=14%	
GOBP_NEGATIVE_REGULATION_OF_FATTY_ACID_METABOLIC_PROCESS	GOBP_NEGATIVE_REGULATION_OF_FATTY_ACID_METABOLIC_PROCESS		34	0.3306965	0.9976411	0.43317974	0.8239488	1.0	1981	tags=18%, list=10%, signal=20%	
GOBP_VESICLE_MEDIATED_TRANSPORT_BETWEEN_ENDOSOMAL_COMPARTMENTS	GOBP_VESICLE_MEDIATED_TRANSPORT_BETWEEN_ENDOSOMAL_COMPARTMENTS		46	0.31663796	0.9972434	0.44615385	0.82450694	1.0	3524	tags=39%, list=18%, signal=48%	
GOBP_RECEPTOR_METABOLIC_PROCESS	GOBP_RECEPTOR_METABOLIC_PROCESS		67	0.2907339	0.996856	0.46666667	0.82495606	1.0	3368	tags=30%, list=17%, signal=36%	
GOBP_REGULATION_OF_REPRODUCTIVE_PROCESS	GOBP_REGULATION_OF_REPRODUCTIVE_PROCESS		188	0.2527024	0.99674517	0.44285715	0.8245137	1.0	1466	tags=12%, list=8%, signal=13%	
GOMF_MONOATOMIC_CATION_CHANNEL_ACTIVITY	GOMF_MONOATOMIC_CATION_CHANNEL_ACTIVITY		303	0.24048443	0.996479	0.48076922	0.82460845	1.0	2084	tags=12%, list=11%, signal=13%	
GOBP_REGULATION_OF_PROTEIN_ACETYLATION	GOBP_REGULATION_OF_PROTEIN_ACETYLATION		20	0.3752542	0.99532306	0.45330295	0.8277662	1.0	3130	tags=30%, list=16%, signal=36%	
GOBP_HIGH_DENSITY_LIPOPROTEIN_PARTICLE_REMODELING	GOBP_HIGH_DENSITY_LIPOPROTEIN_PARTICLE_REMODELING		17	0.3988474	0.9945871	0.476082	0.8294542	1.0	756	tags=18%, list=4%, signal=18%	
GOBP_VITAMIN_CATABOLIC_PROCESS	GOBP_VITAMIN_CATABOLIC_PROCESS		15	0.3999113	0.9943589	0.4642857	0.82944226	1.0	1310	tags=20%, list=7%, signal=21%	
GOBP_GOLGI_TO_PLASMA_MEMBRANE_TRANSPORT	GOBP_GOLGI_TO_PLASMA_MEMBRANE_TRANSPORT		63	0.29508522	0.99407613	0.45027626	0.82963115	1.0	3495	tags=27%, list=18%, signal=33%	
GOBP_MIRNA_MEDIATED_GENE_SILENCING_BY_INHIBITION_OF_TRANSLATION	GOBP_MIRNA_MEDIATED_GENE_SILENCING_BY_INHIBITION_OF_TRANSLATION		18	0.3924685	0.9936504	0.46489105	0.83029574	1.0	4829	tags=39%, list=25%, signal=52%	
GOBP_EPITHELIAL_CELL_CELL_ADHESION	GOBP_EPITHELIAL_CELL_CELL_ADHESION		16	0.40700635	0.993618	0.4857143	0.82958055	1.0	199	tags=13%, list=1%, signal=13%	
GOBP_CELLULAR_HYPEROSMOTIC_RESPONSE	GOBP_CELLULAR_HYPEROSMOTIC_RESPONSE		20	0.3720207	0.99300015	0.43348625	0.8309203	1.0	3558	tags=35%, list=18%, signal=43%	
GOMF_TRANSFERASE_ACTIVITY_TRANSFERRING_ONE_CARBON_GROUPS	GOMF_TRANSFERASE_ACTIVITY_TRANSFERRING_ONE_CARBON_GROUPS		190	0.25051567	0.9922381	0.47011954	0.83279455	1.0	3598	tags=22%, list=19%, signal=27%	
GOBP_NEGATIVE_REGULATION_OF_SUPRAMOLECULAR_FIBER_ORGANIZATION	GOBP_NEGATIVE_REGULATION_OF_SUPRAMOLECULAR_FIBER_ORGANIZATION		148	0.2610556	0.9919848	0.4710145	0.8328546	1.0	2584	tags=20%, list=13%, signal=22%	
GOBP_IRE1_MEDIATED_UNFOLDED_PROTEIN_RESPONSE	GOBP_IRE1_MEDIATED_UNFOLDED_PROTEIN_RESPONSE		19	0.38960627	0.991608	0.44941175	0.83329314	1.0	4671	tags=32%, list=24%, signal=42%	
GOBP_NUCLEOSIDE_BISPHOSPHATE_BIOSYNTHETIC_PROCESS	GOBP_NUCLEOSIDE_BISPHOSPHATE_BIOSYNTHETIC_PROCESS		55	0.30571747	0.99156356	0.45103094	0.83262765	1.0	2682	tags=24%, list=14%, signal=27%	
GOMF_PHOSPHATIDYLINOSITOL_BISPHOSPHATE_BINDING	GOMF_PHOSPHATIDYLINOSITOL_BISPHOSPHATE_BINDING		100	0.2702547	0.99131703	0.4633431	0.8326746	1.0	3013	tags=21%, list=16%, signal=25%	
GOBP_PEPTIDYL_GLUTAMIC_ACID_MODIFICATION	GOBP_PEPTIDYL_GLUTAMIC_ACID_MODIFICATION		24	0.37378848	0.99120444	0.4595843	0.8322587	1.0	3132	tags=33%, list=16%, signal=40%	
GOBP_ACTIVATED_T_CELL_PROLIFERATION	GOBP_ACTIVATED_T_CELL_PROLIFERATION		45	0.3137172	0.9910786	0.49122807	0.83190316	1.0	1145	tags=13%, list=6%, signal=14%	
GOBP_POSITIVE_REGULATION_OF_GLUCOSE_IMPORT	GOBP_POSITIVE_REGULATION_OF_GLUCOSE_IMPORT		34	0.3371519	0.99090445	0.45365855	0.83169174	1.0	3434	tags=38%, list=18%, signal=46%	
GOBP_REGULATION_OF_STRESS_ACTIVATED_PROTEIN_KINASE_SIGNALING_CASCADE	GOBP_REGULATION_OF_STRESS_ACTIVATED_PROTEIN_KINASE_SIGNALING_CASCADE		38	0.32590514	0.99082816	0.4716981	0.83115923	1.0	1977	tags=24%, list=10%, signal=26%	
GOBP_REGULATION_OF_NEURON_MIGRATION	GOBP_REGULATION_OF_NEURON_MIGRATION		43	0.3145177	0.99082804	0.4512195	0.83033955	1.0	1852	tags=16%, list=10%, signal=18%	
GOBP_RESPONSE_TO_HYDROGEN_PEROXIDE	GOBP_RESPONSE_TO_HYDROGEN_PEROXIDE		92	0.27801865	0.99050653	0.47875354	0.83068246	1.0	3130	tags=30%, list=16%, signal=36%	
GOBP_REGULATION_OF_CELL_DIVISION	GOBP_REGULATION_OF_CELL_DIVISION		177	0.2526609	0.9901594	0.48339483	0.83116114	1.0	2721	tags=18%, list=14%, signal=21%	
GOBP_POSITIVE_REGULATION_OF_NEURON_DIFFERENTIATION	GOBP_POSITIVE_REGULATION_OF_NEURON_DIFFERENTIATION		90	0.27748802	0.9897526	0.45697328	0.83176994	1.0	3239	tags=23%, list=17%, signal=28%	
GOBP_NEURON_PROJECTION_ORGANIZATION	GOBP_NEURON_PROJECTION_ORGANIZATION		88	0.2781816	0.9895928	0.47191012	0.83155024	1.0	2742	tags=25%, list=14%, signal=29%	
GOBP_POSITIVE_REGULATION_OF_VACUOLE_ORGANIZATION	GOBP_POSITIVE_REGULATION_OF_VACUOLE_ORGANIZATION		21	0.3733866	0.9893967	0.48826292	0.8314336	1.0	5021	tags=43%, list=26%, signal=58%	
GOBP_ANOIKIS	GOBP_ANOIKIS		33	0.33568868	0.9882724	0.44473684	0.83457184	1.0	6583	tags=55%, list=34%, signal=82%	
GOBP_REGULATION_OF_CALCIUM_ION_TRANSMEMBRANE_TRANSPORT	GOBP_REGULATION_OF_CALCIUM_ION_TRANSMEMBRANE_TRANSPORT		157	0.25487965	0.9876489	0.48453608	0.8360266	1.0	4972	tags=35%, list=26%, signal=47%	
GOBP_MUSCLE_CELL_CELLULAR_HOMEOSTASIS	GOBP_MUSCLE_CELL_CELLULAR_HOMEOSTASIS		26	0.3585663	0.9869967	0.47654322	0.83751714	1.0	2048	tags=19%, list=11%, signal=21%	
GOMF_BIOACTIVE_LIPID_RECEPTOR_ACTIVITY	GOMF_BIOACTIVE_LIPID_RECEPTOR_ACTIVITY		16	0.39314577	0.98696524	0.4695652	0.8368209	1.0	909	tags=13%, list=5%, signal=13%	
GOBP_NEGATIVE_REGULATION_OF_PROTEASOMAL_PROTEIN_CATABOLIC_PROCESS	GOBP_NEGATIVE_REGULATION_OF_PROTEASOMAL_PROTEIN_CATABOLIC_PROCESS		49	0.30935076	0.9868056	0.46233767	0.8365563	1.0	3205	tags=20%, list=17%, signal=24%	
GOBP_PYRIDINE_CONTAINING_COMPOUND_METABOLIC_PROCESS	GOBP_PYRIDINE_CONTAINING_COMPOUND_METABOLIC_PROCESS		169	0.25158617	0.9867709	0.4680851	0.83586496	1.0	3133	tags=23%, list=16%, signal=27%	
GOBP_REGULATION_OF_HEART_RATE_BY_CARDIAC_CONDUCTION	GOBP_REGULATION_OF_HEART_RATE_BY_CARDIAC_CONDUCTION		40	0.31528628	0.9864128	0.45584726	0.83627355	1.0	3048	tags=28%, list=16%, signal=33%	
GOBP_MEMORY	GOBP_MEMORY		121	0.262096	0.98598903	0.475	0.8369153	1.0	2772	tags=20%, list=14%, signal=23%	
GOCC_SITE_OF_POLARIZED_GROWTH	GOCC_SITE_OF_POLARIZED_GROWTH		167	0.25557145	0.985083	0.47826087	0.8393778	1.0	3432	tags=23%, list=18%, signal=28%	
GOMF_SCAFFOLD_PROTEIN_BINDING	GOMF_SCAFFOLD_PROTEIN_BINDING		69	0.2897271	0.98477674	0.45584047	0.8396214	1.0	4498	tags=35%, list=23%, signal=45%	
GOCC_CYTOPLASMIC_MICROTUBULE	GOCC_CYTOPLASMIC_MICROTUBULE		88	0.278978	0.98472005	0.46865672	0.8390218	1.0	4662	tags=34%, list=24%, signal=45%	
GOBP_PURINE_CONTAINING_COMPOUND_SALVAGE	GOBP_PURINE_CONTAINING_COMPOUND_SALVAGE		15	0.40257666	0.9842911	0.49388754	0.8396881	1.0	575	tags=13%, list=3%, signal=14%	
GOMF_OXIDOREDUCTASE_ACTIVITY_ACTING_ON_THE_CH_NH2_GROUP_OF_DONORS_OXYGEN_AS_ACCEPTOR	GOMF_OXIDOREDUCTASE_ACTIVITY_ACTING_ON_THE_CH_NH2_GROUP_OF_DONORS_OXYGEN_AS_ACCEPTOR		16	0.3894044	0.98403776	0.486747	0.8397689	1.0	2989	tags=44%, list=15%, signal=52%	
GOCC_CALCIUM_CHANNEL_COMPLEX	GOCC_CALCIUM_CHANNEL_COMPLEX		65	0.2876619	0.98388207	0.5013477	0.83949375	1.0	1534	tags=15%, list=8%, signal=17%	
GOMF_PROTEIN_LYSINE_DEACETYLASE_ACTIVITY	GOMF_PROTEIN_LYSINE_DEACETYLASE_ACTIVITY		23	0.3649839	0.98361105	0.49774775	0.8395711	1.0	4850	tags=39%, list=25%, signal=52%	
GOMF_CHEMOREPELLENT_ACTIVITY	GOMF_CHEMOREPELLENT_ACTIVITY		28	0.34515154	0.9833529	0.49109414	0.8396522	1.0	854	tags=11%, list=4%, signal=11%	
GOBP_NEURAL_RETINA_DEVELOPMENT	GOBP_NEURAL_RETINA_DEVELOPMENT		80	0.27502108	0.98294234	0.5029586	0.84022707	1.0	3193	tags=26%, list=16%, signal=31%	
GOBP_DIOL_METABOLIC_PROCESS	GOBP_DIOL_METABOLIC_PROCESS		28	0.3548894	0.9828625	0.48062015	0.83969885	1.0	1819	tags=29%, list=9%, signal=31%	
GOMF_PHOSPHATIDYLINOSITOL_BINDING	GOMF_PHOSPHATIDYLINOSITOL_BINDING		261	0.24221937	0.9827612	0.517094	0.8392018	1.0	3158	tags=23%, list=16%, signal=27%	
GOBP_MACROPHAGE_DIFFERENTIATION	GOBP_MACROPHAGE_DIFFERENTIATION		61	0.2904063	0.98259914	0.4827586	0.8389569	1.0	2996	tags=31%, list=15%, signal=37%	
GOBP_PLASMA_MEMBRANE_REPAIR	GOBP_PLASMA_MEMBRANE_REPAIR		28	0.3412939	0.98225284	0.4582339	0.83935887	1.0	5017	tags=36%, list=26%, signal=48%	
GOBP_RESPONSE_TO_AMINO_ACID_STARVATION	GOBP_RESPONSE_TO_AMINO_ACID_STARVATION		52	0.30420113	0.9809697	0.48618785	0.84303457	1.0	1866	tags=17%, list=10%, signal=19%	
GOBP_INSULIN_RECEPTOR_SIGNALING_PATHWAY	GOBP_INSULIN_RECEPTOR_SIGNALING_PATHWAY		123	0.26452848	0.9808386	0.49675325	0.8427002	1.0	3256	tags=24%, list=17%, signal=28%	
GOBP_SMOOTHENED_SIGNALING_PATHWAY	GOBP_SMOOTHENED_SIGNALING_PATHWAY		134	0.26223725	0.98071927	0.49488056	0.8423203	1.0	3083	tags=28%, list=16%, signal=33%	
GOMF_TRANSLATION_INITIATION_FACTOR_BINDING	GOMF_TRANSLATION_INITIATION_FACTOR_BINDING		29	0.33484712	0.9804554	0.48195878	0.8424464	1.0	4353	tags=31%, list=22%, signal=40%	
GOBP_STEROL_BIOSYNTHETIC_PROCESS	GOBP_STEROL_BIOSYNTHETIC_PROCESS		60	0.29738924	0.9801405	0.4783784	0.8427825	1.0	2215	tags=17%, list=11%, signal=19%	
GOBP_AMINO_SUGAR_METABOLIC_PROCESS	GOBP_AMINO_SUGAR_METABOLIC_PROCESS		40	0.31413367	0.9800883	0.48346055	0.8421572	1.0	2108	tags=23%, list=11%, signal=25%	
GOBP_VESICLE_BUDDING_FROM_MEMBRANE	GOBP_VESICLE_BUDDING_FROM_MEMBRANE		81	0.28211042	0.9798375	0.5100865	0.84224325	1.0	5743	tags=40%, list=30%, signal=56%	
GOMF_CARBON_OXYGEN_LYASE_ACTIVITY	GOMF_CARBON_OXYGEN_LYASE_ACTIVITY		74	0.28454554	0.9787511	0.46991405	0.8452743	1.0	2444	tags=24%, list=13%, signal=28%	
GOBP_REGULATION_OF_AUTOPHAGOSOME_ASSEMBLY	GOBP_REGULATION_OF_AUTOPHAGOSOME_ASSEMBLY		46	0.31023356	0.9786642	0.4825	0.8447632	1.0	4444	tags=30%, list=23%, signal=39%	
GOBP_NEGATIVE_REGULATION_OF_OXIDATIVE_STRESS_INDUCED_INTRINSIC_APOPTOTIC_SIGNALING_PATHWAY	GOBP_NEGATIVE_REGULATION_OF_OXIDATIVE_STRESS_INDUCED_INTRINSIC_APOPTOTIC_SIGNALING_PATHWAY		27	0.34642377	0.978639	0.45990565	0.84405464	1.0	1929	tags=22%, list=10%, signal=25%	
GOBP_NEGATIVE_REGULATION_OF_TOLL_LIKE_RECEPTOR_SIGNALING_PATHWAY	GOBP_NEGATIVE_REGULATION_OF_TOLL_LIKE_RECEPTOR_SIGNALING_PATHWAY		19	0.3814839	0.9786144	0.48873875	0.84332997	1.0	1229	tags=21%, list=6%, signal=22%	
GOBP_MITOCHONDRIAL_ELECTRON_TRANSPORT_NADH_TO_UBIQUINONE	GOBP_MITOCHONDRIAL_ELECTRON_TRANSPORT_NADH_TO_UBIQUINONE		39	0.32284188	0.9785199	0.49019608	0.84285605	1.0	5949	tags=49%, list=31%, signal=70%	
GOBP_POSITIVE_REGULATION_OF_INSULIN_SECRETION	GOBP_POSITIVE_REGULATION_OF_INSULIN_SECRETION		83	0.27329287	0.97830206	0.48656717	0.842814	1.0	1299	tags=13%, list=7%, signal=14%	
GOBP_CALCIUM_ION_TRANSMEMBRANE_TRANSPORT	GOBP_CALCIUM_ION_TRANSMEMBRANE_TRANSPORT		319	0.23209289	0.9780297	0.50416666	0.8429824	1.0	2084	tags=15%, list=11%, signal=17%	
GOBP_INTRA_GOLGI_VESICLE_MEDIATED_TRANSPORT	GOBP_INTRA_GOLGI_VESICLE_MEDIATED_TRANSPORT		32	0.3336506	0.9779717	0.48292682	0.84237653	1.0	5073	tags=34%, list=26%, signal=46%	
GOBP_POSITIVE_REGULATION_OF_VASCULAR_ENDOTHELIAL_CELL_PROLIFERATION	GOBP_POSITIVE_REGULATION_OF_VASCULAR_ENDOTHELIAL_CELL_PROLIFERATION		18	0.3829186	0.9777823	0.4764151	0.8422041	1.0	3039	tags=28%, list=16%, signal=33%	
GOBP_COENZYME_A_METABOLIC_PROCESS	GOBP_COENZYME_A_METABOLIC_PROCESS		17	0.3936443	0.9774001	0.47916666	0.8426914	1.0	779	tags=18%, list=4%, signal=18%	
GOBP_ACYL_COA_METABOLIC_PROCESS	GOBP_ACYL_COA_METABOLIC_PROCESS		91	0.26985896	0.97716564	0.5015015	0.84271467	1.0	4646	tags=38%, list=24%, signal=50%	
GOBP_BINDING_OF_SPERM_TO_ZONA_PELLUCIDA	GOBP_BINDING_OF_SPERM_TO_ZONA_PELLUCIDA		38	0.32751873	0.97703534	0.485	0.8423748	1.0	4847	tags=32%, list=25%, signal=42%	
GOMF_INTRACELLULARLY_GATED_CALCIUM_CHANNEL_ACTIVITY	GOMF_INTRACELLULARLY_GATED_CALCIUM_CHANNEL_ACTIVITY		17	0.39309645	0.9770318	0.47272727	0.8415922	1.0	951	tags=18%, list=5%, signal=19%	
GOBP_ANTIGEN_PROCESSING_AND_PRESENTATION_OF_ENDOGENOUS_PEPTIDE_ANTIGEN	GOBP_ANTIGEN_PROCESSING_AND_PRESENTATION_OF_ENDOGENOUS_PEPTIDE_ANTIGEN		24	0.3622526	0.97691935	0.47972974	0.8411989	1.0	2069	tags=29%, list=11%, signal=33%	
GOBP_IONOTROPIC_GLUTAMATE_RECEPTOR_SIGNALING_PATHWAY	GOBP_IONOTROPIC_GLUTAMATE_RECEPTOR_SIGNALING_PATHWAY		23	0.3545118	0.9763882	0.4651163	0.8422687	1.0	2508	tags=17%, list=13%, signal=20%	
GOBP_VIRION_ASSEMBLY	GOBP_VIRION_ASSEMBLY		34	0.34149835	0.9757374	0.47582698	0.84373415	1.0	5017	tags=41%, list=26%, signal=55%	
GOBP_CELLULAR_RESPONSE_TO_INSULIN_STIMULUS	GOBP_CELLULAR_RESPONSE_TO_INSULIN_STIMULUS		202	0.2468189	0.9757342	0.515748	0.8429515	1.0	3256	tags=22%, list=17%, signal=26%	
GOMF_METAL_CATION_MONOATOMIC_CATION_ANTIPORTER_ACTIVITY	GOMF_METAL_CATION_MONOATOMIC_CATION_ANTIPORTER_ACTIVITY		42	0.3146243	0.9753332	0.495	0.84351945	1.0	2946	tags=19%, list=15%, signal=22%	
GOBP_INCLUSION_BODY_ASSEMBLY	GOBP_INCLUSION_BODY_ASSEMBLY		23	0.36211315	0.9750893	0.4964539	0.84354943	1.0	1957	tags=17%, list=10%, signal=19%	
GOBP_REGULATION_OF_TRANSLATION_IN_RESPONSE_TO_STRESS	GOBP_REGULATION_OF_TRANSLATION_IN_RESPONSE_TO_STRESS		22	0.36819157	0.9747256	0.48899755	0.84399897	1.0	1866	tags=18%, list=10%, signal=20%	
GOBP_LATERAL_MESODERM_DEVELOPMENT	GOBP_LATERAL_MESODERM_DEVELOPMENT		17	0.38573578	0.97462684	0.5021834	0.84353536	1.0	2898	tags=29%, list=15%, signal=35%	
GOMF_CARGO_ADAPTOR_ACTIVITY	GOMF_CARGO_ADAPTOR_ACTIVITY		20	0.36607605	0.9744491	0.47880298	0.8433626	1.0	2553	tags=25%, list=13%, signal=29%	
GOMF_NUCLEOTIDE_RECEPTOR_ACTIVITY	GOMF_NUCLEOTIDE_RECEPTOR_ACTIVITY		18	0.379323	0.974018	0.49308756	0.84402215	1.0	338	tags=11%, list=2%, signal=11%	
GOBP_NEURON_INTRINSIC_APOPTOTIC_SIGNALING_PATHWAY_IN_RESPONSE_TO_OXIDATIVE_STRESS	GOBP_NEURON_INTRINSIC_APOPTOTIC_SIGNALING_PATHWAY_IN_RESPONSE_TO_OXIDATIVE_STRESS		20	0.37361145	0.97369957	0.49187934	0.8443268	1.0	2510	tags=30%, list=13%, signal=34%	
GOBP_L_GLUTAMATE_IMPORT_ACROSS_PLASMA_MEMBRANE	GOBP_L_GLUTAMATE_IMPORT_ACROSS_PLASMA_MEMBRANE		16	0.39301822	0.97331184	0.50438595	0.8449295	1.0	3299	tags=38%, list=17%, signal=45%	
GOMF_PHOSPHATIDYLINOSITOL_PHOSPHATE_BINDING	GOMF_PHOSPHATIDYLINOSITOL_PHOSPHATE_BINDING		169	0.24942839	0.9728209	0.51929826	0.84581673	1.0	3143	tags=23%, list=16%, signal=27%	
GOBP_POSITIVE_REGULATION_OF_SYNCYTIUM_FORMATION_BY_PLASMA_MEMBRANE_FUSION	GOBP_POSITIVE_REGULATION_OF_SYNCYTIUM_FORMATION_BY_PLASMA_MEMBRANE_FUSION		22	0.3597077	0.9721009	0.47191012	0.8474468	1.0	882	tags=18%, list=5%, signal=19%	
GOMF_ACYL_COA_BINDING	GOMF_ACYL_COA_BINDING		19	0.3702905	0.9714677	0.49403343	0.84893364	1.0	4541	tags=42%, list=23%, signal=55%	
GOBP_DE_NOVO_PROTEIN_FOLDING	GOBP_DE_NOVO_PROTEIN_FOLDING		40	0.31467047	0.9713526	0.49004975	0.8485111	1.0	5162	tags=38%, list=27%, signal=51%	
GOBP_AUTOPHAGOSOME_ORGANIZATION	GOBP_AUTOPHAGOSOME_ORGANIZATION		115	0.26617563	0.9711839	0.5504886	0.84828323	1.0	4287	tags=30%, list=22%, signal=38%	
GOBP_PROTEIN_LOCALIZATION_TO_NUCLEUS	GOBP_PROTEIN_LOCALIZATION_TO_NUCLEUS		298	0.23725982	0.9711631	0.53974897	0.8475523	1.0	4383	tags=29%, list=23%, signal=36%	
GOBP_REGULATION_OF_GLUCOSE_IMPORT	GOBP_REGULATION_OF_GLUCOSE_IMPORT		53	0.30291918	0.97093576	0.5131579	0.84755266	1.0	3181	tags=30%, list=16%, signal=36%	
GOMF_NAD_BINDING	GOMF_NAD_BINDING		56	0.29574978	0.9708407	0.5068493	0.84705716	1.0	3654	tags=39%, list=19%, signal=48%	
GOMF_RNA_POLYMERASE_CORE_ENZYME_BINDING	GOMF_RNA_POLYMERASE_CORE_ENZYME_BINDING		38	0.31913123	0.97055113	0.4950249	0.847286	1.0	3487	tags=29%, list=18%, signal=35%	
GOMF_PHOSPHOLIPASE_C_ACTIVITY	GOMF_PHOSPHOLIPASE_C_ACTIVITY		29	0.3413033	0.97034955	0.5034965	0.84719545	1.0	2550	tags=28%, list=13%, signal=32%	
GOBP_REGULATION_OF_OLIGODENDROCYTE_DIFFERENTIATION	GOBP_REGULATION_OF_OLIGODENDROCYTE_DIFFERENTIATION		44	0.30862048	0.9698873	0.47630924	0.84797853	1.0	2581	tags=20%, list=13%, signal=24%	
GOBP_ADRENERGIC_RECEPTOR_SIGNALING_PATHWAY	GOBP_ADRENERGIC_RECEPTOR_SIGNALING_PATHWAY		29	0.33922392	0.9694926	0.51941746	0.8485378	1.0	4036	tags=34%, list=21%, signal=43%	
GOBP_RESPONSE_TO_CALCIUM_ION	GOBP_RESPONSE_TO_CALCIUM_ION		124	0.26025155	0.96944684	0.5245399	0.8479137	1.0	3130	tags=21%, list=16%, signal=25%	
GOBP_AMINO_ACID_IMPORT_ACROSS_PLASMA_MEMBRANE	GOBP_AMINO_ACID_IMPORT_ACROSS_PLASMA_MEMBRANE		49	0.30576548	0.969092	0.5207756	0.84834445	1.0	2272	tags=27%, list=12%, signal=30%	
GOBP_PHOTORECEPTOR_CELL_MAINTENANCE	GOBP_PHOTORECEPTOR_CELL_MAINTENANCE		43	0.31783593	0.96907896	0.50259066	0.8476121	1.0	3958	tags=42%, list=20%, signal=52%	
GOBP_REGULATION_OF_HEPATOCYTE_PROLIFERATION	GOBP_REGULATION_OF_HEPATOCYTE_PROLIFERATION		16	0.38771895	0.9690247	0.4988345	0.84702617	1.0	2504	tags=44%, list=13%, signal=50%	
GOBP_SPLICEOSOMAL_TRI_SNRNP_COMPLEX_ASSEMBLY	GOBP_SPLICEOSOMAL_TRI_SNRNP_COMPLEX_ASSEMBLY		16	0.38986057	0.9685647	0.47072598	0.8479135	1.0	3056	tags=31%, list=16%, signal=37%	
GOCC_INCLUSION_BODY	GOCC_INCLUSION_BODY		69	0.28019747	0.9682537	0.51420456	0.8482349	1.0	3481	tags=28%, list=18%, signal=33%	
GOBP_BRANCH_ELONGATION_OF_AN_EPITHELIUM	GOBP_BRANCH_ELONGATION_OF_AN_EPITHELIUM		19	0.37934846	0.9680158	0.5233853	0.8483152	1.0	383	tags=16%, list=2%, signal=16%	
GOCC_COPI_COATED_VESICLE	GOCC_COPI_COATED_VESICLE		24	0.36161005	0.96618223	0.51331717	0.8538407	1.0	5434	tags=42%, list=28%, signal=58%	
GOBP_VESICLE_COATING	GOBP_VESICLE_COATING		39	0.3167268	0.96322536	0.5199005	0.8631472	1.0	5743	tags=41%, list=30%, signal=58%	
GOCC_CLATHRIN_ADAPTOR_COMPLEX	GOCC_CLATHRIN_ADAPTOR_COMPLEX		25	0.3482932	0.9631294	0.5075	0.8626614	1.0	1115	tags=12%, list=6%, signal=13%	
GOBP_CALCINEURIN_MEDIATED_SIGNALING	GOBP_CALCINEURIN_MEDIATED_SIGNALING		44	0.31095585	0.9626422	0.484375	0.86352	1.0	2765	tags=25%, list=14%, signal=29%	
GOBP_POSITIVE_REGULATION_OF_NEURON_MIGRATION	GOBP_POSITIVE_REGULATION_OF_NEURON_MIGRATION		16	0.39231405	0.9623599	0.51106197	0.8636703	1.0	1852	tags=25%, list=10%, signal=28%	
GOBP_DOPAMINE_RECEPTOR_SIGNALING_PATHWAY	GOBP_DOPAMINE_RECEPTOR_SIGNALING_PATHWAY		38	0.31684563	0.96198756	0.5331695	0.8641734	1.0	1106	tags=13%, list=6%, signal=14%	
GOBP_EPITHELIAL_STRUCTURE_MAINTENANCE	GOBP_EPITHELIAL_STRUCTURE_MAINTENANCE		33	0.32553944	0.9613836	0.5069767	0.86541307	1.0	2417	tags=24%, list=12%, signal=28%	
GOMF_G_PROTEIN_COUPLED_SEROTONIN_RECEPTOR_ACTIVITY	GOMF_G_PROTEIN_COUPLED_SEROTONIN_RECEPTOR_ACTIVITY		22	0.36192444	0.96080655	0.5103926	0.8666236	1.0	5769	tags=32%, list=30%, signal=45%	
GOBP_AXON_ENSHEATHMENT_IN_CENTRAL_NERVOUS_SYSTEM	GOBP_AXON_ENSHEATHMENT_IN_CENTRAL_NERVOUS_SYSTEM		24	0.3433347	0.9602433	0.5151515	0.8677694	1.0	2581	tags=25%, list=13%, signal=29%	
GOBP_NEGATIVE_REGULATION_OF_TELOMERE_MAINTENANCE	GOBP_NEGATIVE_REGULATION_OF_TELOMERE_MAINTENANCE		33	0.32478905	0.9595046	0.51758796	0.8695002	1.0	3926	tags=30%, list=20%, signal=38%	
GOBP_NEGATIVE_REGULATION_OF_CYTOSKELETON_ORGANIZATION	GOBP_NEGATIVE_REGULATION_OF_CYTOSKELETON_ORGANIZATION		145	0.25017685	0.9593588	0.59006214	0.8692068	1.0	2845	tags=21%, list=15%, signal=24%	
GOMF_MONOSACCHARIDE_BINDING	GOMF_MONOSACCHARIDE_BINDING		74	0.27751616	0.95929897	0.5472779	0.8686104	1.0	2277	tags=20%, list=12%, signal=23%	
GOBP_ENGULFMENT_OF_APOPTOTIC_CELL	GOBP_ENGULFMENT_OF_APOPTOTIC_CELL		15	0.39915586	0.9592195	0.54120266	0.868085	1.0	1315	tags=13%, list=7%, signal=14%	
GOMF_GENERAL_TRANSCRIPTION_INITIATION_FACTOR_ACTIVITY	GOMF_GENERAL_TRANSCRIPTION_INITIATION_FACTOR_ACTIVITY		52	0.29915038	0.9588548	0.5093834	0.8685357	1.0	4869	tags=33%, list=25%, signal=44%	
GOBP_RESPONSE_TO_TOPOLOGICALLY_INCORRECT_PROTEIN	GOBP_RESPONSE_TO_TOPOLOGICALLY_INCORRECT_PROTEIN		145	0.25340617	0.958486	0.56962025	0.8689346	1.0	4243	tags=30%, list=22%, signal=38%	
GOBP_PYRUVATE_METABOLIC_PROCESS	GOBP_PYRUVATE_METABOLIC_PROCESS		118	0.2550951	0.95767033	0.5770393	0.87101007	1.0	2508	tags=18%, list=13%, signal=20%	
GOBP_PEPTIDYL_CYSTEINE_MODIFICATION	GOBP_PEPTIDYL_CYSTEINE_MODIFICATION		41	0.30608988	0.95750844	0.48883376	0.8707659	1.0	5361	tags=51%, list=28%, signal=71%	
GOMF_14_3_3_PROTEIN_BINDING	GOMF_14_3_3_PROTEIN_BINDING		30	0.3376813	0.95738125	0.52380955	0.87042993	1.0	2226	tags=20%, list=11%, signal=23%	
GOBP_MESODERMAL_CELL_DIFFERENTIATION	GOBP_MESODERMAL_CELL_DIFFERENTIATION		31	0.3237608	0.9572191	0.51758796	0.8702519	1.0	383	tags=10%, list=2%, signal=10%	
GOBP_TRACHEA_DEVELOPMENT	GOBP_TRACHEA_DEVELOPMENT		19	0.37666607	0.9567538	0.5263158	0.8710309	1.0	2021	tags=21%, list=10%, signal=23%	
GOBP_SYNAPTIC_TRANSMISSION_GLUTAMATERGIC	GOBP_SYNAPTIC_TRANSMISSION_GLUTAMATERGIC		103	0.2634837	0.95660686	0.5764331	0.8707212	1.0	2148	tags=16%, list=11%, signal=17%	
GOBP_SERTOLI_CELL_DIFFERENTIATION	GOBP_SERTOLI_CELL_DIFFERENTIATION		21	0.3568331	0.9565447	0.5280899	0.8701806	1.0	4311	tags=52%, list=22%, signal=67%	
GOMF_CYTOSKELETAL_ANCHOR_ACTIVITY	GOMF_CYTOSKELETAL_ANCHOR_ACTIVITY		24	0.34878176	0.95650417	0.5392157	0.8695424	1.0	3240	tags=25%, list=17%, signal=30%	
GOBP_VASCULAR_ENDOTHELIAL_GROWTH_FACTOR_PRODUCTION	GOBP_VASCULAR_ENDOTHELIAL_GROWTH_FACTOR_PRODUCTION		36	0.3216937	0.9562931	0.5103926	0.86947376	1.0	1503	tags=19%, list=8%, signal=21%	
GOMF_PHOSPHATIDYLINOSITOL_4_5_BISPHOSPHATE_BINDING	GOMF_PHOSPHATIDYLINOSITOL_4_5_BISPHOSPHATE_BINDING		78	0.27179387	0.9556952	0.5718475	0.87074465	1.0	2174	tags=17%, list=11%, signal=19%	
GOBP_CLATHRIN_DEPENDENT_ENDOCYTOSIS	GOBP_CLATHRIN_DEPENDENT_ENDOCYTOSIS		48	0.30167654	0.95500916	0.55284554	0.8722643	1.0	4333	tags=31%, list=22%, signal=40%	
GOCC_AGGRESOME	GOCC_AGGRESOME		34	0.3201423	0.9549223	0.5382716	0.8717918	1.0	631	tags=12%, list=3%, signal=12%	
GOBP_NEGATIVE_REGULATION_OF_COLD_INDUCED_THERMOGENESIS	GOBP_NEGATIVE_REGULATION_OF_COLD_INDUCED_THERMOGENESIS		46	0.30676302	0.9547053	0.529563	0.871726	1.0	2461	tags=22%, list=13%, signal=25%	
GOBP_NATURAL_KILLER_CELL_DIFFERENTIATION	GOBP_NATURAL_KILLER_CELL_DIFFERENTIATION		24	0.3463818	0.9546873	0.5349887	0.8710137	1.0	1738	tags=25%, list=9%, signal=27%	
GOMF_NADPLUS_PROTEIN_ADP_RIBOSYLTRANSFERASE_ACTIVITY	GOMF_NADPLUS_PROTEIN_ADP_RIBOSYLTRANSFERASE_ACTIVITY		28	0.3346947	0.954497	0.53333336	0.8708724	1.0	3711	tags=29%, list=19%, signal=35%	
GOBP_UNSATURATED_FATTY_ACID_METABOLIC_PROCESS	GOBP_UNSATURATED_FATTY_ACID_METABOLIC_PROCESS		107	0.26263985	0.9540274	0.5759717	0.8717655	1.0	1840	tags=18%, list=9%, signal=20%	
GOBP_REGULATION_OF_CARDIAC_MUSCLE_CELL_MEMBRANE_REPOLARIZATION	GOBP_REGULATION_OF_CARDIAC_MUSCLE_CELL_MEMBRANE_REPOLARIZATION		27	0.34572917	0.9536299	0.51860464	0.8722745	1.0	4271	tags=41%, list=22%, signal=52%	
GOMF_POLYSACCHARIDE_BINDING	GOMF_POLYSACCHARIDE_BINDING		23	0.3545036	0.9532576	0.5169903	0.87269664	1.0	544	tags=17%, list=3%, signal=18%	
GOBP_POSITIVE_REGULATION_OF_STEROL_TRANSPORT	GOBP_POSITIVE_REGULATION_OF_STEROL_TRANSPORT		34	0.3215683	0.95277464	0.5147783	0.87353235	1.0	1101	tags=12%, list=6%, signal=12%	
GOMF_ARACHIDONIC_ACID_MONOOXYGENASE_ACTIVITY	GOMF_ARACHIDONIC_ACID_MONOOXYGENASE_ACTIVITY		18	0.3810227	0.9525073	0.5259434	0.87364864	1.0	1728	tags=22%, list=9%, signal=24%	
GOBP_POSITIVE_REGULATION_OF_PROTEIN_LOCALIZATION_TO_CELL_SURFACE	GOBP_POSITIVE_REGULATION_OF_PROTEIN_LOCALIZATION_TO_CELL_SURFACE		19	0.3694918	0.95224667	0.5359629	0.8737557	1.0	1051	tags=16%, list=5%, signal=17%	
GOBP_NEGATIVE_REGULATION_OF_INTERLEUKIN_2_PRODUCTION	GOBP_NEGATIVE_REGULATION_OF_INTERLEUKIN_2_PRODUCTION		28	0.33834326	0.9518528	0.5159705	0.8743177	1.0	3617	tags=36%, list=19%, signal=44%	
GOBP_MESODERM_MORPHOGENESIS	GOBP_MESODERM_MORPHOGENESIS		69	0.28418466	0.9517924	0.5744681	0.8737276	1.0	1883	tags=16%, list=10%, signal=18%	
GOBP_CELLULAR_RESPONSE_TO_XENOBIOTIC_STIMULUS	GOBP_CELLULAR_RESPONSE_TO_XENOBIOTIC_STIMULUS		191	0.2411717	0.95130396	0.56439394	0.8746107	1.0	1401	tags=11%, list=7%, signal=12%	
GOMF_MODIFIED_AMINO_ACID_TRANSMEMBRANE_TRANSPORTER_ACTIVITY	GOMF_MODIFIED_AMINO_ACID_TRANSMEMBRANE_TRANSPORTER_ACTIVITY		30	0.33162063	0.95072055	0.52839506	0.8757936	1.0	2999	tags=30%, list=15%, signal=35%	
GOBP_REGULATION_OF_LIPID_CATABOLIC_PROCESS	GOBP_REGULATION_OF_LIPID_CATABOLIC_PROCESS		60	0.29247254	0.9506682	0.5342105	0.87517935	1.0	827	tags=12%, list=4%, signal=12%	
GOBP_RESPONSE_TO_GAMMA_RADIATION	GOBP_RESPONSE_TO_GAMMA_RADIATION		49	0.2935118	0.95025045	0.5524862	0.87581044	1.0	2086	tags=16%, list=11%, signal=18%	
GOBP_SPERMATID_DIFFERENTIATION	GOBP_SPERMATID_DIFFERENTIATION		200	0.23910663	0.9500104	0.62393165	0.87586445	1.0	5015	tags=29%, list=26%, signal=39%	
GOBP_ALCOHOL_BIOSYNTHETIC_PROCESS	GOBP_ALCOHOL_BIOSYNTHETIC_PROCESS		131	0.25234684	0.9497417	0.611276	0.87602776	1.0	3136	tags=23%, list=16%, signal=27%	
GOMF_RNA_ENDONUCLEASE_ACTIVITY_PRODUCING_5_PHOSPHOMONOESTERS	GOMF_RNA_ENDONUCLEASE_ACTIVITY_PRODUCING_5_PHOSPHOMONOESTERS		29	0.33338034	0.9496909	0.5225653	0.87542456	1.0	4743	tags=31%, list=24%, signal=41%	
GOBP_ESTROUS_CYCLE	GOBP_ESTROUS_CYCLE		16	0.3859682	0.94963187	0.50577366	0.87484956	1.0	1965	tags=31%, list=10%, signal=35%	
GOBP_DETECTION_OF_CHEMICAL_STIMULUS_INVOLVED_IN_SENSORY_PERCEPTION_OF_TASTE	GOBP_DETECTION_OF_CHEMICAL_STIMULUS_INVOLVED_IN_SENSORY_PERCEPTION_OF_TASTE		46	0.2959206	0.9496174	0.54068244	0.8741241	1.0	65	tags=4%, list=0%, signal=4%	
GOBP_PIGMENTATION	GOBP_PIGMENTATION		111	0.2594933	0.94951826	0.57225436	0.8736974	1.0	2337	tags=17%, list=12%, signal=19%	
GOBP_CELLULAR_RESPONSE_TO_NUTRIENT_LEVELS	GOBP_CELLULAR_RESPONSE_TO_NUTRIENT_LEVELS		227	0.2360326	0.94899505	0.5875	0.8746694	1.0	3008	tags=19%, list=15%, signal=23%	
GOBP_NEGATIVE_REGULATION_OF_INTRACELLULAR_TRANSPORT	GOBP_NEGATIVE_REGULATION_OF_INTRACELLULAR_TRANSPORT		45	0.30795816	0.9484845	0.5964912	0.8756052	1.0	3805	tags=36%, list=20%, signal=44%	
GOMF_TAU_PROTEIN_KINASE_ACTIVITY	GOMF_TAU_PROTEIN_KINASE_ACTIVITY		22	0.36373186	0.9483022	0.52112675	0.87544966	1.0	6022	tags=41%, list=31%, signal=59%	
GOBP_RESPONSE_TO_CATECHOLAMINE	GOBP_RESPONSE_TO_CATECHOLAMINE		58	0.29005307	0.94818634	0.5801749	0.87507963	1.0	3166	tags=21%, list=16%, signal=25%	
GOCC_EARLY_ENDOSOME	GOCC_EARLY_ENDOSOME		408	0.22383197	0.9481559	0.73743016	0.87442803	1.0	3368	tags=22%, list=17%, signal=26%	
GOMF_LYSOPHOSPHOLIPID_ACYLTRANSFERASE_ACTIVITY	GOMF_LYSOPHOSPHOLIPID_ACYLTRANSFERASE_ACTIVITY		20	0.36071035	0.9480821	0.53810626	0.8739133	1.0	4089	tags=35%, list=21%, signal=44%	
GOBP_ERAD_PATHWAY	GOBP_ERAD_PATHWAY		103	0.2608731	0.9473655	0.57419354	0.87559944	1.0	5182	tags=35%, list=27%, signal=47%	
GOBP_NEGATIVE_REGULATION_OF_NUCLEOTIDE_METABOLIC_PROCESS	GOBP_NEGATIVE_REGULATION_OF_NUCLEOTIDE_METABOLIC_PROCESS		26	0.33577478	0.94716316	0.5443925	0.87551403	1.0	4327	tags=35%, list=22%, signal=44%	
GOMF_S_ADENOSYLMETHIONINE_DEPENDENT_METHYLTRANSFERASE_ACTIVITY	GOMF_S_ADENOSYLMETHIONINE_DEPENDENT_METHYLTRANSFERASE_ACTIVITY		142	0.24679266	0.9468392	0.5928571	0.8758521	1.0	3853	tags=23%, list=20%, signal=29%	
GOBP_TETRAPYRROLE_METABOLIC_PROCESS	GOBP_TETRAPYRROLE_METABOLIC_PROCESS		58	0.28814113	0.94683737	0.5510753	0.87509775	1.0	4631	tags=38%, list=24%, signal=50%	
GOBP_CELLULAR_RESPIRATION	GOBP_CELLULAR_RESPIRATION		190	0.23711137	0.9466377	0.7026022	0.87499434	1.0	4479	tags=27%, list=23%, signal=35%	
GOBP_VESICLE_MEDIATED_TRANSPORT_IN_SYNAPSE	GOBP_VESICLE_MEDIATED_TRANSPORT_IN_SYNAPSE		220	0.23509088	0.9463649	0.67021275	0.875169	1.0	4142	tags=28%, list=21%, signal=35%	
GOBP_NEGATIVE_REGULATION_OF_ACTIVIN_RECEPTOR_SIGNALING_PATHWAY	GOBP_NEGATIVE_REGULATION_OF_ACTIVIN_RECEPTOR_SIGNALING_PATHWAY		16	0.38322765	0.94615316	0.52643174	0.8751129	1.0	1849	tags=25%, list=10%, signal=28%	
GOBP_SNO_S_RNA_METABOLIC_PROCESS	GOBP_SNO_S_RNA_METABOLIC_PROCESS		16	0.38339308	0.94590884	0.5189573	0.8751656	1.0	153	tags=6%, list=1%, signal=6%	
GOBP_MEMBRANE_DOCKING	GOBP_MEMBRANE_DOCKING		83	0.26647982	0.9458779	0.5816024	0.87450314	1.0	3408	tags=20%, list=18%, signal=25%	
GOBP_INTRACELLULAR_MRNA_LOCALIZATION	GOBP_INTRACELLULAR_MRNA_LOCALIZATION		15	0.37645113	0.9451713	0.54022986	0.8761085	1.0	4545	tags=40%, list=23%, signal=52%	
GOCC_PROTEASOME_ACCESSORY_COMPLEX	GOCC_PROTEASOME_ACCESSORY_COMPLEX		24	0.34847927	0.9442525	0.51954025	0.87840277	1.0	5208	tags=29%, list=27%, signal=40%	
GOBP_REGULATION_OF_PROTEIN_STABILITY	GOBP_REGULATION_OF_PROTEIN_STABILITY		298	0.22895916	0.9437695	0.71028036	0.8792945	1.0	2612	tags=18%, list=13%, signal=20%	
GOMF_COMPLEMENT_BINDING	GOMF_COMPLEMENT_BINDING		25	0.33763203	0.94353116	0.5507246	0.87930644	1.0	1859	tags=20%, list=10%, signal=22%	
GOBP_NUCLEOSIDE_TRIPHOSPHATE_METABOLIC_PROCESS	GOBP_NUCLEOSIDE_TRIPHOSPHATE_METABOLIC_PROCESS		228	0.23458393	0.9432838	0.64	0.8794066	1.0	3507	tags=21%, list=18%, signal=25%	
GOMF_TRANSMEMBRANE_RECEPTOR_PROTEIN_PHOSPHATASE_ACTIVITY	GOMF_TRANSMEMBRANE_RECEPTOR_PROTEIN_PHOSPHATASE_ACTIVITY		17	0.372416	0.9427307	0.53286386	0.880449	1.0	4303	tags=59%, list=22%, signal=75%	
GOMF_2_IRON_2_SULFUR_CLUSTER_BINDING	GOMF_2_IRON_2_SULFUR_CLUSTER_BINDING		23	0.3497844	0.94210935	0.5463415	0.8817197	1.0	4361	tags=48%, list=22%, signal=62%	
GOMF_GUANYL_RIBONUCLEOTIDE_BINDING	GOMF_GUANYL_RIBONUCLEOTIDE_BINDING		357	0.22433984	0.9419583	0.71497583	0.88146234	1.0	3034	tags=20%, list=16%, signal=23%	
GOCC_CLATHRIN_COAT	GOCC_CLATHRIN_COAT		49	0.29597884	0.94183344	0.5824176	0.8811331	1.0	2529	tags=16%, list=13%, signal=19%	
GOBP_METHYLATION	GOBP_METHYLATION		192	0.24182542	0.94174975	0.67896676	0.88064677	1.0	3598	tags=21%, list=19%, signal=25%	
GOBP_PEPTIDE_BIOSYNTHETIC_PROCESS	GOBP_PEPTIDE_BIOSYNTHETIC_PROCESS		27	0.33279154	0.94173634	0.5313283	0.8799388	1.0	3565	tags=33%, list=18%, signal=41%	
GOMF_INSULIN_LIKE_GROWTH_FACTOR_BINDING	GOMF_INSULIN_LIKE_GROWTH_FACTOR_BINDING		18	0.36219504	0.9412122	0.5235849	0.8808803	1.0	2400	tags=33%, list=12%, signal=38%	
GOBP_POSITIVE_REGULATION_BY_HOST_OF_VIRAL_PROCESS	GOBP_POSITIVE_REGULATION_BY_HOST_OF_VIRAL_PROCESS		21	0.35157013	0.94026023	0.5322196	0.883178	1.0	4337	tags=38%, list=22%, signal=49%	
GOMF_ANTIPORTER_ACTIVITY	GOMF_ANTIPORTER_ACTIVITY		131	0.25007614	0.9399801	0.6268657	0.8833121	1.0	2946	tags=20%, list=15%, signal=23%	
GOBP_RNA_POLYMERASE_II_PREINITIATION_COMPLEX_ASSEMBLY	GOBP_RNA_POLYMERASE_II_PREINITIATION_COMPLEX_ASSEMBLY		54	0.2904378	0.93995637	0.58426964	0.88263327	1.0	3183	tags=20%, list=16%, signal=24%	
GOBP_GLYCOSYL_COMPOUND_BIOSYNTHETIC_PROCESS	GOBP_GLYCOSYL_COMPOUND_BIOSYNTHETIC_PROCESS		21	0.35336515	0.93914956	0.55256724	0.8846252	1.0	5141	tags=48%, list=26%, signal=65%	
GOBP_PROTEIN_N_LINKED_GLYCOSYLATION	GOBP_PROTEIN_N_LINKED_GLYCOSYLATION		69	0.27572316	0.93901896	0.56373936	0.8843179	1.0	2795	tags=22%, list=14%, signal=25%	
GOMF_DIPEPTIDASE_ACTIVITY	GOMF_DIPEPTIDASE_ACTIVITY		17	0.3633107	0.9388319	0.5467626	0.88420445	1.0	2614	tags=29%, list=13%, signal=34%	
GOBP_REGULATION_OF_TRIGLYCERIDE_BIOSYNTHETIC_PROCESS	GOBP_REGULATION_OF_TRIGLYCERIDE_BIOSYNTHETIC_PROCESS		20	0.36467254	0.93863666	0.55133927	0.88408345	1.0	2310	tags=25%, list=12%, signal=28%	
GOMF_INTRAMOLECULAR_OXIDOREDUCTASE_ACTIVITY_TRANSPOSING_C_C_BONDS	GOMF_INTRAMOLECULAR_OXIDOREDUCTASE_ACTIVITY_TRANSPOSING_C_C_BONDS		16	0.3705334	0.9382836	0.54357797	0.8844564	1.0	1627	tags=19%, list=8%, signal=20%	
GOCC_SARCOPLASM	GOCC_SARCOPLASM		89	0.26301908	0.93785286	0.5907781	0.8851071	1.0	3179	tags=24%, list=16%, signal=28%	
GOBP_RESPONSE_TO_STEROL_DEPLETION	GOBP_RESPONSE_TO_STEROL_DEPLETION		15	0.38438612	0.93766314	0.5446224	0.88498056	1.0	2057	tags=27%, list=11%, signal=30%	
GOMF_ORGANOPHOSPHATE_ESTER_TRANSMEMBRANE_TRANSPORTER_ACTIVITY	GOMF_ORGANOPHOSPHATE_ESTER_TRANSMEMBRANE_TRANSPORTER_ACTIVITY		37	0.31263492	0.9376242	0.52517986	0.88435686	1.0	1237	tags=14%, list=6%, signal=14%	
GOBP_NEURAL_TUBE_PATTERNING	GOBP_NEURAL_TUBE_PATTERNING		32	0.32276902	0.9375555	0.5518868	0.88383675	1.0	1665	tags=22%, list=9%, signal=24%	
GOBP_GOLGI_TO_PLASMA_MEMBRANE_PROTEIN_TRANSPORT	GOBP_GOLGI_TO_PLASMA_MEMBRANE_PROTEIN_TRANSPORT		41	0.30991134	0.9374547	0.54452926	0.8834017	1.0	4134	tags=32%, list=21%, signal=40%	
GOBP_DEOXYRIBONUCLEOTIDE_METABOLIC_PROCESS	GOBP_DEOXYRIBONUCLEOTIDE_METABOLIC_PROCESS		42	0.29822925	0.93680346	0.548926	0.88469857	1.0	1321	tags=17%, list=7%, signal=18%	
GOBP_PROTEIN_O_LINKED_GLYCOSYLATION	GOBP_PROTEIN_O_LINKED_GLYCOSYLATION		92	0.25974578	0.9361495	0.5850746	0.8860198	1.0	4349	tags=27%, list=22%, signal=35%	
GOBP_POSITIVE_REGULATION_OF_LAMELLIPODIUM_ORGANIZATION	GOBP_POSITIVE_REGULATION_OF_LAMELLIPODIUM_ORGANIZATION		36	0.31511164	0.93579805	0.56958765	0.88640124	1.0	2908	tags=28%, list=15%, signal=33%	
GOBP_MRNA_3_END_PROCESSING	GOBP_MRNA_3_END_PROCESSING		37	0.30585694	0.93546563	0.5660848	0.8867263	1.0	4828	tags=30%, list=25%, signal=39%	
GOCC_NUCLEAR_UBIQUITIN_LIGASE_COMPLEX	GOCC_NUCLEAR_UBIQUITIN_LIGASE_COMPLEX		46	0.29274663	0.93508655	0.5869565	0.8871794	1.0	4150	tags=28%, list=21%, signal=36%	
GOMF_CARBOHYDRATE_KINASE_ACTIVITY	GOMF_CARBOHYDRATE_KINASE_ACTIVITY		21	0.35587886	0.93505013	0.5487805	0.8865529	1.0	2695	tags=29%, list=14%, signal=33%	
GOBP_INTRACELLULAR_LIPID_TRANSPORT	GOBP_INTRACELLULAR_LIPID_TRANSPORT		44	0.29993293	0.93486404	0.5686275	0.8864137	1.0	1440	tags=16%, list=7%, signal=17%	
GOBP_RECEPTOR_CLUSTERING	GOBP_RECEPTOR_CLUSTERING		58	0.28475952	0.9347079	0.6	0.8861431	1.0	5425	tags=47%, list=28%, signal=64%	
GOCC_CYTOSOLIC_RIBOSOME	GOCC_CYTOSOLIC_RIBOSOME		114	0.24822807	0.93469024	0.62025315	0.88545114	1.0	5959	tags=35%, list=31%, signal=50%	
GOBP_REGULATION_OF_SECONDARY_METABOLIC_PROCESS	GOBP_REGULATION_OF_SECONDARY_METABOLIC_PROCESS		15	0.38611734	0.93427974	0.5466667	0.88605976	1.0	19	tags=7%, list=0%, signal=7%	
GOBP_REGULATION_OF_CARBOHYDRATE_BIOSYNTHETIC_PROCESS	GOBP_REGULATION_OF_CARBOHYDRATE_BIOSYNTHETIC_PROCESS		89	0.26315397	0.934216	0.63746226	0.8855297	1.0	4057	tags=28%, list=21%, signal=35%	
GOBP_MITOCHONDRIAL_CALCIUM_ION_TRANSMEMBRANE_TRANSPORT	GOBP_MITOCHONDRIAL_CALCIUM_ION_TRANSMEMBRANE_TRANSPORT		20	0.35619453	0.93349326	0.5681818	0.8870552	1.0	1237	tags=15%, list=6%, signal=16%	
GOBP_SPINAL_CORD_MOTOR_NEURON_DIFFERENTIATION	GOBP_SPINAL_CORD_MOTOR_NEURON_DIFFERENTIATION		28	0.32365072	0.93307257	0.57575756	0.88761884	1.0	1782	tags=18%, list=9%, signal=20%	
GOBP_CATECHOLAMINE_SECRETION	GOBP_CATECHOLAMINE_SECRETION		48	0.29143152	0.93296146	0.5860215	0.8872335	1.0	3322	tags=23%, list=17%, signal=28%	
GOCC_POSTSYNAPTIC_SPECIALIZATION	GOCC_POSTSYNAPTIC_SPECIALIZATION		334	0.22236776	0.9325797	0.75124377	0.88770354	1.0	2697	tags=15%, list=14%, signal=17%	
GOCC_SARCOPLASMIC_RETICULUM	GOCC_SARCOPLASMIC_RETICULUM		70	0.2736082	0.9319043	0.6166667	0.88921356	1.0	3179	tags=24%, list=16%, signal=29%	
GOBP_NUCLEAR_MEMBRANE_ORGANIZATION	GOBP_NUCLEAR_MEMBRANE_ORGANIZATION		44	0.30030876	0.9315331	0.57622737	0.88964856	1.0	4655	tags=36%, list=24%, signal=48%	
GOBP_PROTEIN_AUTOPROCESSING	GOBP_PROTEIN_AUTOPROCESSING		26	0.34269124	0.9303901	0.5920746	0.8925491	1.0	3464	tags=27%, list=18%, signal=33%	
GOBP_CELLULAR_COMPONENT_MAINTENANCE	GOBP_CELLULAR_COMPONENT_MAINTENANCE		66	0.27444118	0.93037134	0.5810056	0.89187044	1.0	2443	tags=21%, list=13%, signal=24%	
GOBP_NEGATIVE_REGULATION_OF_MAP_KINASE_ACTIVITY	GOBP_NEGATIVE_REGULATION_OF_MAP_KINASE_ACTIVITY		43	0.30091974	0.92979103	0.57102275	0.89300543	1.0	742	tags=14%, list=4%, signal=14%	
GOMF_OXIDOREDUCTASE_ACTIVITY_ACTING_ON_THE_CH_CH_GROUP_OF_DONORS_NAD_OR_NADP_AS_ACCEPTOR	GOMF_OXIDOREDUCTASE_ACTIVITY_ACTING_ON_THE_CH_CH_GROUP_OF_DONORS_NAD_OR_NADP_AS_ACCEPTOR		31	0.31881922	0.929554	0.58117646	0.8930125	1.0	2981	tags=35%, list=15%, signal=42%	
GOBP_ODONTOBLAST_DIFFERENTIATION	GOBP_ODONTOBLAST_DIFFERENTIATION		16	0.37876362	0.9295399	0.54444444	0.8923135	1.0	383	tags=13%, list=2%, signal=13%	
GOBP_XENOBIOTIC_TRANSMEMBRANE_TRANSPORT	GOBP_XENOBIOTIC_TRANSMEMBRANE_TRANSPORT		15	0.37633672	0.92943007	0.56278026	0.8919397	1.0	1101	tags=20%, list=6%, signal=21%	
GOBP_REGULATION_OF_VACUOLE_ORGANIZATION	GOBP_REGULATION_OF_VACUOLE_ORGANIZATION		56	0.28219336	0.9287104	0.59791124	0.8934905	1.0	4444	tags=29%, list=23%, signal=37%	
GOCC_ACROSOMAL_MEMBRANE	GOCC_ACROSOMAL_MEMBRANE		30	0.32379434	0.9286165	0.5646438	0.8930346	1.0	3812	tags=27%, list=20%, signal=33%	
GOBP_THYMUS_DEVELOPMENT	GOBP_THYMUS_DEVELOPMENT		47	0.28891763	0.92841744	0.59949625	0.89290905	1.0	3452	tags=26%, list=18%, signal=31%	
GOBP_REGULATION_OF_CALCINEURIN_MEDIATED_SIGNALING	GOBP_REGULATION_OF_CALCINEURIN_MEDIATED_SIGNALING		38	0.30969602	0.92722154	0.5748792	0.8959467	1.0	2765	tags=26%, list=14%, signal=31%	
GOBP_LONG_CHAIN_FATTY_ACID_BIOSYNTHETIC_PROCESS	GOBP_LONG_CHAIN_FATTY_ACID_BIOSYNTHETIC_PROCESS		27	0.33235532	0.92643315	0.5894988	0.89767796	1.0	2294	tags=22%, list=12%, signal=25%	
GOMF_OXIDOREDUCTION_DRIVEN_ACTIVE_TRANSMEMBRANE_TRANSPORTER_ACTIVITY	GOMF_OXIDOREDUCTION_DRIVEN_ACTIVE_TRANSMEMBRANE_TRANSPORTER_ACTIVITY		50	0.2893613	0.9261821	0.6177215	0.89770013	1.0	6337	tags=46%, list=33%, signal=68%	
GOBP_RESPONSE_TO_PAIN	GOBP_RESPONSE_TO_PAIN		34	0.31124976	0.9256615	0.56416464	0.89861137	1.0	973	tags=12%, list=5%, signal=12%	
GOCC_PHAGOPHORE_ASSEMBLY_SITE	GOCC_PHAGOPHORE_ASSEMBLY_SITE		34	0.31314713	0.9248398	0.5671642	0.9004407	1.0	5387	tags=41%, list=28%, signal=57%	
GOBP_NUCLEOPHAGY	GOBP_NUCLEOPHAGY		22	0.34516817	0.92381847	0.54390246	0.9029091	1.0	5387	tags=50%, list=28%, signal=69%	
GOBP_SUBSTANTIA_NIGRA_DEVELOPMENT	GOBP_SUBSTANTIA_NIGRA_DEVELOPMENT		38	0.30731103	0.9237767	0.5755208	0.90228134	1.0	5280	tags=50%, list=27%, signal=69%	
GOBP_POSITIVE_REGULATION_OF_G_PROTEIN_COUPLED_RECEPTOR_SIGNALING_PATHWAY	GOBP_POSITIVE_REGULATION_OF_G_PROTEIN_COUPLED_RECEPTOR_SIGNALING_PATHWAY		29	0.32576787	0.9236371	0.5519802	0.90199447	1.0	3219	tags=31%, list=17%, signal=37%	
GOBP_VERY_LONG_CHAIN_FATTY_ACID_METABOLIC_PROCESS	GOBP_VERY_LONG_CHAIN_FATTY_ACID_METABOLIC_PROCESS		35	0.30614945	0.92329586	0.5717822	0.90235656	1.0	4431	tags=46%, list=23%, signal=59%	
GOBP_ACETYL_COA_BIOSYNTHETIC_PROCESS	GOBP_ACETYL_COA_BIOSYNTHETIC_PROCESS		18	0.36007228	0.92321426	0.5687204	0.9018813	1.0	755	tags=11%, list=4%, signal=12%	
GOBP_REGULATION_OF_AUTOPHAGY_OF_MITOCHONDRION	GOBP_REGULATION_OF_AUTOPHAGY_OF_MITOCHONDRION		39	0.30138397	0.9227783	0.58933336	0.90248185	1.0	3883	tags=31%, list=20%, signal=38%	
GOBP_AMYLOID_FIBRIL_FORMATION	GOBP_AMYLOID_FIBRIL_FORMATION		40	0.30533898	0.922642	0.57033247	0.9021757	1.0	2508	tags=28%, list=13%, signal=32%	
GOBP_NEUROEPITHELIAL_CELL_DIFFERENTIATION	GOBP_NEUROEPITHELIAL_CELL_DIFFERENTIATION		42	0.30049482	0.9220895	0.58752996	0.90320176	1.0	716	tags=12%, list=4%, signal=12%	
GOMF_LRR_DOMAIN_BINDING	GOMF_LRR_DOMAIN_BINDING		15	0.37448832	0.92179483	0.54464287	0.9033624	1.0	1530	tags=20%, list=8%, signal=22%	
GOBP_ESTABLISHMENT_OF_PROTEIN_LOCALIZATION_TO_VACUOLE	GOBP_ESTABLISHMENT_OF_PROTEIN_LOCALIZATION_TO_VACUOLE		63	0.27872863	0.9208923	0.6256983	0.90542454	1.0	5368	tags=38%, list=28%, signal=52%	
GOCC_SCF_UBIQUITIN_LIGASE_COMPLEX	GOCC_SCF_UBIQUITIN_LIGASE_COMPLEX		57	0.28219837	0.92064637	0.604336	0.90541947	1.0	3782	tags=37%, list=19%, signal=46%	
GOBP_MIDDLE_EAR_MORPHOGENESIS	GOBP_MIDDLE_EAR_MORPHOGENESIS		21	0.34165916	0.9197882	0.59134614	0.9073301	1.0	2030	tags=24%, list=10%, signal=27%	
GOCC_GAMMA_TUBULIN_COMPLEX	GOCC_GAMMA_TUBULIN_COMPLEX		17	0.3560278	0.9194566	0.5595238	0.90762335	1.0	4168	tags=35%, list=21%, signal=45%	
GOCC_CORE_MEDIATOR_COMPLEX	GOCC_CORE_MEDIATOR_COMPLEX		26	0.32722935	0.9186093	0.58373207	0.90951395	1.0	2699	tags=19%, list=14%, signal=22%	
GOBP_RETINAL_METABOLIC_PROCESS	GOBP_RETINAL_METABOLIC_PROCESS		17	0.36529812	0.918008	0.5620915	0.91068333	1.0	4456	tags=41%, list=23%, signal=53%	
GOBP_LIGAND_GATED_ION_CHANNEL_SIGNALING_PATHWAY	GOBP_LIGAND_GATED_ION_CHANNEL_SIGNALING_PATHWAY		31	0.31560183	0.91795295	0.601467	0.910108	1.0	2508	tags=19%, list=13%, signal=22%	
GOMF_SECONDARY_ACTIVE_TRANSMEMBRANE_TRANSPORTER_ACTIVITY	GOMF_SECONDARY_ACTIVE_TRANSMEMBRANE_TRANSPORTER_ACTIVITY		283	0.22021936	0.917648	0.81707317	0.91032	1.0	2999	tags=17%, list=15%, signal=19%	
GOBP_NUCLEOSIDE_DIPHOSPHATE_CATABOLIC_PROCESS	GOBP_NUCLEOSIDE_DIPHOSPHATE_CATABOLIC_PROCESS		102	0.25209868	0.91748714	0.6686047	0.91007096	1.0	3174	tags=21%, list=16%, signal=24%	
GOBP_METENCEPHALON_DEVELOPMENT	GOBP_METENCEPHALON_DEVELOPMENT		110	0.24897006	0.91711175	0.67781156	0.91048086	1.0	2696	tags=19%, list=14%, signal=22%	
GOBP_AMMONIUM_ION_METABOLIC_PROCESS	GOBP_AMMONIUM_ION_METABOLIC_PROCESS		23	0.3387968	0.91659856	0.5589623	0.91126645	1.0	2288	tags=17%, list=12%, signal=20%	
GOBP_POSITIVE_REGULATION_OF_CHONDROCYTE_DIFFERENTIATION	GOBP_POSITIVE_REGULATION_OF_CHONDROCYTE_DIFFERENTIATION		20	0.3496747	0.9163782	0.55583125	0.9111962	1.0	3138	tags=30%, list=16%, signal=36%	
GOBP_PROTEIN_LOCALIZATION_TO_VACUOLE	GOBP_PROTEIN_LOCALIZATION_TO_VACUOLE		84	0.26100072	0.9162292	0.66855526	0.9109344	1.0	5368	tags=35%, list=28%, signal=48%	
GOBP_PROTEIN_DEUBIQUITINATION	GOBP_PROTEIN_DEUBIQUITINATION		78	0.26518854	0.9161531	0.6816976	0.9104374	1.0	4017	tags=26%, list=21%, signal=32%	
GOMF_TRANSCRIPTION_COREPRESSOR_BINDING	GOMF_TRANSCRIPTION_COREPRESSOR_BINDING		44	0.2901286	0.9157018	0.6115288	0.9110504	1.0	2438	tags=25%, list=13%, signal=29%	
GOBP_GAMMA_AMINOBUTYRIC_ACID_SIGNALING_PATHWAY	GOBP_GAMMA_AMINOBUTYRIC_ACID_SIGNALING_PATHWAY		27	0.3232533	0.915326	0.5961995	0.9114479	1.0	2042	tags=15%, list=11%, signal=17%	
GOBP_PROTEIN_K6_LINKED_UBIQUITINATION	GOBP_PROTEIN_K6_LINKED_UBIQUITINATION		15	0.3756768	0.91512835	0.59325844	0.9113022	1.0	3016	tags=33%, list=16%, signal=39%	
GOCC_EUCHROMATIN	GOCC_EUCHROMATIN		48	0.2888936	0.91505694	0.59366757	0.91080314	1.0	3267	tags=21%, list=17%, signal=25%	
GOBP_RELEASE_OF_SEQUESTERED_CALCIUM_ION_INTO_CYTOSOL_BY_ENDOPLASMIC_RETICULUM	GOBP_RELEASE_OF_SEQUESTERED_CALCIUM_ION_INTO_CYTOSOL_BY_ENDOPLASMIC_RETICULUM		36	0.30211484	0.9148406	0.5767196	0.91074854	1.0	2064	tags=19%, list=11%, signal=22%	
GOMF_HYDROLASE_ACTIVITY_ACTING_ON_CARBON_NITROGEN_BUT_NOT_PEPTIDE_BONDS	GOMF_HYDROLASE_ACTIVITY_ACTING_ON_CARBON_NITROGEN_BUT_NOT_PEPTIDE_BONDS		132	0.23891298	0.9148394	0.74161077	0.9100186	1.0	3987	tags=24%, list=21%, signal=30%	
GOBP_DNA_TEMPLATED_TRANSCRIPTION_INITIATION	GOBP_DNA_TEMPLATED_TRANSCRIPTION_INITIATION		182	0.23232913	0.9146098	0.7508772	0.9099286	1.0	2055	tags=13%, list=11%, signal=15%	
GOBP_NEGATIVE_REGULATION_OF_DNA_BINDING	GOBP_NEGATIVE_REGULATION_OF_DNA_BINDING		29	0.3149559	0.9145232	0.57598037	0.9094663	1.0	4710	tags=48%, list=24%, signal=64%	
GOBP_IMPORT_INTO_THE_MITOCHONDRION	GOBP_IMPORT_INTO_THE_MITOCHONDRION		47	0.28525263	0.9134467	0.6076294	0.91199654	1.0	3820	tags=30%, list=20%, signal=37%	
GOMF_DYNEIN_INTERMEDIATE_CHAIN_BINDING	GOMF_DYNEIN_INTERMEDIATE_CHAIN_BINDING		30	0.31794557	0.9130725	0.58215964	0.91241676	1.0	4733	tags=37%, list=24%, signal=48%	
GOBP_POSITIVE_REGULATION_OF_AUTOPHAGOSOME_ASSEMBLY	GOBP_POSITIVE_REGULATION_OF_AUTOPHAGOSOME_ASSEMBLY		17	0.35749245	0.9129942	0.55140185	0.9119006	1.0	5021	tags=41%, list=26%, signal=55%	
GOBP_TRIGLYCERIDE_CATABOLIC_PROCESS	GOBP_TRIGLYCERIDE_CATABOLIC_PROCESS		28	0.31667304	0.911914	0.59375	0.91448665	1.0	373	tags=11%, list=2%, signal=11%	
GOBP_NEUROMUSCULAR_JUNCTION_DEVELOPMENT	GOBP_NEUROMUSCULAR_JUNCTION_DEVELOPMENT		52	0.27789116	0.91069084	0.6264045	0.91756976	1.0	3577	tags=31%, list=18%, signal=38%	
GOBP_TETRAPYRROLE_BIOSYNTHETIC_PROCESS	GOBP_TETRAPYRROLE_BIOSYNTHETIC_PROCESS		31	0.31499872	0.91050315	0.5964467	0.9173531	1.0	5104	tags=55%, list=26%, signal=74%	
GOBP_MEMBRANE_DEPOLARIZATION_DURING_CARDIAC_MUSCLE_CELL_ACTION_POTENTIAL	GOBP_MEMBRANE_DEPOLARIZATION_DURING_CARDIAC_MUSCLE_CELL_ACTION_POTENTIAL		21	0.34361777	0.9098494	0.60898876	0.91854113	1.0	3048	tags=29%, list=16%, signal=34%	
GOBP_ANTIGEN_PROCESSING_AND_PRESENTATION_OF_ENDOGENOUS_ANTIGEN	GOBP_ANTIGEN_PROCESSING_AND_PRESENTATION_OF_ENDOGENOUS_ANTIGEN		31	0.3162078	0.90970653	0.6211031	0.9182231	1.0	2069	tags=23%, list=11%, signal=25%	
GOBP_PURINE_RIBONUCLEOSIDE_METABOLIC_PROCESS	GOBP_PURINE_RIBONUCLEOSIDE_METABOLIC_PROCESS		20	0.3457262	0.90855217	0.6045977	0.92094874	1.0	575	tags=15%, list=3%, signal=15%	
GOBP_POSITIVE_REGULATION_OF_RAS_PROTEIN_SIGNAL_TRANSDUCTION	GOBP_POSITIVE_REGULATION_OF_RAS_PROTEIN_SIGNAL_TRANSDUCTION		18	0.35208687	0.9083409	0.5785877	0.92079693	1.0	3794	tags=39%, list=20%, signal=48%	
GOBP_REGULATION_OF_ADENYLATE_CYCLASE_ACTIVATING_G_PROTEIN_COUPLED_RECEPTOR_SIGNALING_PATHWAY	GOBP_REGULATION_OF_ADENYLATE_CYCLASE_ACTIVATING_G_PROTEIN_COUPLED_RECEPTOR_SIGNALING_PATHWAY		19	0.34916583	0.9078799	0.5790698	0.9214361	1.0	3219	tags=32%, list=17%, signal=38%	
GOMF_PROTEIN_CARRIER_CHAPERONE	GOMF_PROTEIN_CARRIER_CHAPERONE		33	0.31280065	0.9077779	0.60655737	0.92098546	1.0	3082	tags=24%, list=16%, signal=29%	
GOCC_CLATHRIN_COAT_OF_COATED_PIT	GOCC_CLATHRIN_COAT_OF_COATED_PIT		18	0.35346472	0.9077657	0.6126126	0.9202802	1.0	2236	tags=17%, list=12%, signal=19%	
GOCC_EXTRINSIC_COMPONENT_OF_CYTOPLASMIC_SIDE_OF_PLASMA_MEMBRANE	GOCC_EXTRINSIC_COMPONENT_OF_CYTOPLASMIC_SIDE_OF_PLASMA_MEMBRANE		47	0.28886622	0.9076908	0.6240409	0.91979045	1.0	3442	tags=28%, list=18%, signal=34%	
GOCC_MICROTUBULE_ASSOCIATED_COMPLEX	GOCC_MICROTUBULE_ASSOCIATED_COMPLEX		140	0.23808216	0.9066886	0.75415283	0.9219774	1.0	3825	tags=24%, list=20%, signal=30%	
GOBP_REGULATION_OF_AMPA_RECEPTOR_ACTIVITY	GOBP_REGULATION_OF_AMPA_RECEPTOR_ACTIVITY		16	0.36519495	0.90656453	0.59866965	0.9216278	1.0	2697	tags=19%, list=14%, signal=22%	
GOBP_LEUKOTRIENE_METABOLIC_PROCESS	GOBP_LEUKOTRIENE_METABOLIC_PROCESS		30	0.31091	0.90626895	0.59313726	0.9217969	1.0	3079	tags=30%, list=16%, signal=36%	
GOBP_REGULATION_OF_MYELINATION	GOBP_REGULATION_OF_MYELINATION		43	0.29027206	0.90580803	0.6333333	0.92242485	1.0	2392	tags=28%, list=12%, signal=32%	
GOBP_LINOLEIC_ACID_METABOLIC_PROCESS	GOBP_LINOLEIC_ACID_METABOLIC_PROCESS		20	0.34275427	0.9056623	0.5986394	0.9221203	1.0	2356	tags=25%, list=12%, signal=28%	
GOBP_POSITIVE_REGULATION_OF_LIPID_STORAGE	GOBP_POSITIVE_REGULATION_OF_LIPID_STORAGE		23	0.3316168	0.90545034	0.6004619	0.922043	1.0	1282	tags=22%, list=7%, signal=23%	
GOCC_ACROSOMAL_VESICLE	GOCC_ACROSOMAL_VESICLE		135	0.24331631	0.90483606	0.71428573	0.9231378	1.0	2685	tags=14%, list=14%, signal=16%	
GOCC_FAR_SIN_STRIPAK_COMPLEX	GOCC_FAR_SIN_STRIPAK_COMPLEX		17	0.36750188	0.9046008	0.6146993	0.923068	1.0	3458	tags=29%, list=18%, signal=36%	
GOCC_NUCLEAR_INNER_MEMBRANE	GOCC_NUCLEAR_INNER_MEMBRANE		52	0.28297034	0.90419173	0.63010204	0.9235167	1.0	3636	tags=29%, list=19%, signal=35%	
GOBP_CARDIAC_MYOFIBRIL_ASSEMBLY	GOBP_CARDIAC_MYOFIBRIL_ASSEMBLY		19	0.35255122	0.9039084	0.6107226	0.92365015	1.0	235	tags=11%, list=1%, signal=11%	
GOMF_PROTEASOME_BINDING	GOMF_PROTEASOME_BINDING		16	0.36585802	0.90322167	0.5902004	0.9249725	1.0	1211	tags=13%, list=6%, signal=13%	
GOMF_OXIDOREDUCTASE_ACTIVITY_ACTING_ON_PAIRED_DONORS_WITH_INCORPORATION_OR_REDUCTION_OF_MOLECULAR_OXYGEN_NAD_P_H_AS_ONE_DONOR_AND_INCORPORATION_OF_ONE_ATOM_OF_OXYGEN	GOMF_OXIDOREDUCTASE_ACTIVITY_ACTING_ON_PAIRED_DONORS_WITH_INCORPORATION_OR_REDUCTION_OF_MOLECULAR_OXYGEN_NAD_P_H_AS_ONE_DONOR_AND_INCORPORATION_OF_ONE_ATOM_OF_OXYGEN		38	0.29615375	0.9029188	0.60794044	0.9251816	1.0	1958	tags=18%, list=10%, signal=20%	
GOBP_CALCIUM_ION_TRANSPORT_INTO_CYTOSOL	GOBP_CALCIUM_ION_TRANSPORT_INTO_CYTOSOL		26	0.32581186	0.9026311	0.5928753	0.9252859	1.0	3048	tags=15%, list=16%, signal=18%	
GOBP_PYRIMIDINE_CONTAINING_COMPOUND_CATABOLIC_PROCESS	GOBP_PYRIMIDINE_CONTAINING_COMPOUND_CATABOLIC_PROCESS		42	0.2937837	0.90226525	0.62982005	0.92564166	1.0	2444	tags=24%, list=13%, signal=27%	
GOBP_CELLULAR_RESPONSE_TO_TOPOLOGICALLY_INCORRECT_PROTEIN	GOBP_CELLULAR_RESPONSE_TO_TOPOLOGICALLY_INCORRECT_PROTEIN		96	0.25299713	0.9020581	0.6873239	0.925514	1.0	4243	tags=31%, list=22%, signal=40%	
GOBP_REGULATION_OF_INTEGRIN_ACTIVATION	GOBP_REGULATION_OF_INTEGRIN_ACTIVATION		17	0.36374938	0.9018264	0.6018519	0.9254855	1.0	338	tags=12%, list=2%, signal=12%	
GOMF_NUCLEOBASE_CONTAINING_COMPOUND_TRANSMEMBRANE_TRANSPORTER_ACTIVITY	GOMF_NUCLEOBASE_CONTAINING_COMPOUND_TRANSMEMBRANE_TRANSPORTER_ACTIVITY		54	0.27534354	0.90172815	0.65346533	0.9250496	1.0	2865	tags=19%, list=15%, signal=22%	
GOBP_INTERMEMBRANE_LIPID_TRANSFER	GOBP_INTERMEMBRANE_LIPID_TRANSFER		29	0.32064623	0.9008357	0.6064815	0.9267973	1.0	3821	tags=28%, list=20%, signal=34%	
GOBP_SYNAPTIC_VESICLE_RECYCLING	GOBP_SYNAPTIC_VESICLE_RECYCLING		81	0.2584588	0.9008262	0.71349865	0.9260935	1.0	4333	tags=32%, list=22%, signal=41%	
GOBP_REGULATION_OF_DENDRITIC_SPINE_MORPHOGENESIS	GOBP_REGULATION_OF_DENDRITIC_SPINE_MORPHOGENESIS		40	0.28755894	0.90078145	0.63538873	0.92548406	1.0	2742	tags=25%, list=14%, signal=29%	
GOBP_CAMERA_TYPE_EYE_PHOTORECEPTOR_CELL_DIFFERENTIATION	GOBP_CAMERA_TYPE_EYE_PHOTORECEPTOR_CELL_DIFFERENTIATION		31	0.3086746	0.9001429	0.6407767	0.9266541	1.0	3083	tags=32%, list=16%, signal=38%	
GOBP_NEGATIVE_REGULATION_OF_GTPASE_ACTIVITY	GOBP_NEGATIVE_REGULATION_OF_GTPASE_ACTIVITY		19	0.34214804	0.8996509	0.60092807	0.9274	1.0	1427	tags=16%, list=7%, signal=17%	
GOBP_POSITIVE_REGULATION_OF_B_CELL_MEDIATED_IMMUNITY	GOBP_POSITIVE_REGULATION_OF_B_CELL_MEDIATED_IMMUNITY		39	0.2962956	0.89929605	0.6182266	0.9276715	1.0	2056	tags=23%, list=11%, signal=26%	
GOBP_CYTOSOLIC_TRANSPORT	GOBP_CYTOSOLIC_TRANSPORT		127	0.23828079	0.89878076	0.7525773	0.9284344	1.0	4258	tags=28%, list=22%, signal=35%	
GOMF_DEAMINASE_ACTIVITY	GOMF_DEAMINASE_ACTIVITY		32	0.31058893	0.89806175	0.6212121	0.9297842	1.0	2376	tags=22%, list=12%, signal=25%	
GOBP_ACTIVATION_OF_ADENYLATE_CYCLASE_ACTIVITY	GOBP_ACTIVATION_OF_ADENYLATE_CYCLASE_ACTIVITY		24	0.3313557	0.8973773	0.61813843	0.9310212	1.0	2030	tags=21%, list=10%, signal=23%	
GOBP_NEGATIVE_REGULATION_OF_AMYLOID_PRECURSOR_PROTEIN_CATABOLIC_PROCESS	GOBP_NEGATIVE_REGULATION_OF_AMYLOID_PRECURSOR_PROTEIN_CATABOLIC_PROCESS		19	0.34306774	0.89732534	0.62586606	0.930442	1.0	4937	tags=37%, list=25%, signal=49%	
GOBP_PTERIDINE_CONTAINING_COMPOUND_METABOLIC_PROCESS	GOBP_PTERIDINE_CONTAINING_COMPOUND_METABOLIC_PROCESS		32	0.30274427	0.8958316	0.617866	0.9339412	1.0	1819	tags=22%, list=9%, signal=24%	
GOBP_CHONDROITIN_SULFATE_METABOLIC_PROCESS	GOBP_CHONDROITIN_SULFATE_METABOLIC_PROCESS		25	0.32301304	0.89466757	0.64492756	0.9365039	1.0	2546	tags=28%, list=13%, signal=32%	
GOBP_RIBOSE_PHOSPHATE_METABOLIC_PROCESS	GOBP_RIBOSE_PHOSPHATE_METABOLIC_PROCESS		428	0.21068335	0.89459604	0.8994083	0.9359688	1.0	4376	tags=27%, list=23%, signal=34%	
GOBP_VISUAL_BEHAVIOR	GOBP_VISUAL_BEHAVIOR		55	0.2746665	0.8944599	0.64735514	0.9356171	1.0	5742	tags=36%, list=30%, signal=51%	
GOBP_3_UTR_MEDIATED_MRNA_STABILIZATION	GOBP_3_UTR_MEDIATED_MRNA_STABILIZATION		24	0.32971498	0.8942471	0.6359338	0.9354941	1.0	2174	tags=21%, list=11%, signal=23%	
GOBP_POSITIVE_REGULATION_OF_CARDIAC_MUSCLE_CELL_PROLIFERATION	GOBP_POSITIVE_REGULATION_OF_CARDIAC_MUSCLE_CELL_PROLIFERATION		22	0.33451015	0.89418226	0.60046726	0.9349717	1.0	1611	tags=27%, list=8%, signal=30%	
GOBP_POLYOL_BIOSYNTHETIC_PROCESS	GOBP_POLYOL_BIOSYNTHETIC_PROCESS		57	0.2731642	0.893934	0.6676218	0.9349142	1.0	3280	tags=28%, list=17%, signal=34%	
GOBP_POSTSYNAPTIC_DENSITY_ASSEMBLY	GOBP_POSTSYNAPTIC_DENSITY_ASSEMBLY		22	0.3313052	0.89360636	0.60470587	0.935146	1.0	2266	tags=18%, list=12%, signal=21%	
GOCC_RETROMER_COMPLEX	GOCC_RETROMER_COMPLEX		19	0.3464528	0.8928446	0.60697675	0.9365373	1.0	8320	tags=74%, list=43%, signal=129%	
GOMF_TRANSMEMBRANE_RECEPTOR_PROTEIN_SERINE_THREONINE_KINASE_ACTIVITY	GOMF_TRANSMEMBRANE_RECEPTOR_PROTEIN_SERINE_THREONINE_KINASE_ACTIVITY		18	0.3534978	0.8923271	0.62682927	0.9373123	1.0	3014	tags=28%, list=16%, signal=33%	
GOBP_REGULATION_OF_AMINE_METABOLIC_PROCESS	GOBP_REGULATION_OF_AMINE_METABOLIC_PROCESS		28	0.3059139	0.8916029	0.66019416	0.93858886	1.0	3288	tags=29%, list=17%, signal=34%	
GOBP_REGULATION_OF_MUSCLE_TISSUE_DEVELOPMENT	GOBP_REGULATION_OF_MUSCLE_TISSUE_DEVELOPMENT		43	0.27942762	0.89047	0.691689	0.9411044	1.0	901	tags=12%, list=5%, signal=12%	
GOMF_MEMBRANE_INSERTASE_ACTIVITY	GOMF_MEMBRANE_INSERTASE_ACTIVITY		15	0.37095043	0.890418	0.6321586	0.9405289	1.0	6126	tags=53%, list=32%, signal=78%	
GOBP_GLYCOSPHINGOLIPID_METABOLIC_PROCESS	GOBP_GLYCOSPHINGOLIPID_METABOLIC_PROCESS		64	0.26734927	0.8903632	0.68079096	0.9399707	1.0	2632	tags=17%, list=14%, signal=20%	
GOMF_GDP_BINDING	GOMF_GDP_BINDING		74	0.26025802	0.8900908	0.6909621	0.93996376	1.0	2587	tags=22%, list=13%, signal=25%	
GOCC_PHOTORECEPTOR_OUTER_SEGMENT	GOCC_PHOTORECEPTOR_OUTER_SEGMENT		86	0.25412747	0.88958156	0.7223796	0.94066733	1.0	3440	tags=26%, list=18%, signal=31%	
GOBP_PROTEIN_NEDDYLATION	GOBP_PROTEIN_NEDDYLATION		28	0.30878	0.8888729	0.6745283	0.94197357	1.0	4687	tags=32%, list=24%, signal=42%	
GOMF_ACETYLTRANSFERASE_ACTIVITY	GOMF_ACETYLTRANSFERASE_ACTIVITY		93	0.25062785	0.8884491	0.73714286	0.9424449	1.0	4749	tags=31%, list=24%, signal=41%	
GOCC_CORTICAL_CYTOSKELETON	GOCC_CORTICAL_CYTOSKELETON		105	0.24326865	0.8884133	0.73731345	0.9418305	1.0	3795	tags=28%, list=20%, signal=34%	
GOBP_RNA_SURVEILLANCE	GOBP_RNA_SURVEILLANCE		18	0.3413859	0.8879581	0.6193694	0.9423996	1.0	5383	tags=39%, list=28%, signal=54%	
GOBP_NEGATIVE_REGULATION_OF_PROGRAMMED_NECROTIC_CELL_DEATH	GOBP_NEGATIVE_REGULATION_OF_PROGRAMMED_NECROTIC_CELL_DEATH		17	0.35549542	0.88693076	0.6423841	0.94447625	1.0	6450	tags=53%, list=33%, signal=79%	
GOBP_ZINC_ION_TRANSPORT	GOBP_ZINC_ION_TRANSPORT		28	0.31390375	0.8868675	0.64	0.94390786	1.0	3592	tags=21%, list=18%, signal=26%	
GOBP_NEGATIVE_REGULATION_OF_CILIUM_ASSEMBLY	GOBP_NEGATIVE_REGULATION_OF_CILIUM_ASSEMBLY		19	0.34714285	0.8862519	0.60633487	0.94484437	1.0	5084	tags=42%, list=26%, signal=57%	
GOCC_ORGANELLE_ENVELOPE_LUMEN	GOCC_ORGANELLE_ENVELOPE_LUMEN		86	0.24615331	0.8861225	0.76420456	0.94446796	1.0	3820	tags=28%, list=20%, signal=35%	
GOBP_RESPONSE_TO_INCREASED_OXYGEN_LEVELS	GOBP_RESPONSE_TO_INCREASED_OXYGEN_LEVELS		25	0.31827	0.8860216	0.6253521	0.94402725	1.0	2505	tags=24%, list=13%, signal=28%	
GOBP_RESPONSE_TO_MURAMYL_DIPEPTIDE	GOBP_RESPONSE_TO_MURAMYL_DIPEPTIDE		20	0.33843055	0.8857151	0.63448274	0.9442053	1.0	361	tags=10%, list=2%, signal=10%	
GOBP_PROTEIN_LOCALIZATION_TO_MICROTUBULE	GOBP_PROTEIN_LOCALIZATION_TO_MICROTUBULE		19	0.3476061	0.88552505	0.61210763	0.9439805	1.0	1468	tags=16%, list=8%, signal=17%	
GOBP_NADH_METABOLIC_PROCESS	GOBP_NADH_METABOLIC_PROCESS		32	0.30120236	0.8847706	0.66	0.94537675	1.0	2672	tags=25%, list=14%, signal=29%	
GOBP_POSITIVE_REGULATION_OF_VASCULAR_ASSOCIATED_SMOOTH_MUSCLE_CELL_MIGRATION	GOBP_POSITIVE_REGULATION_OF_VASCULAR_ASSOCIATED_SMOOTH_MUSCLE_CELL_MIGRATION		15	0.36307752	0.88456863	0.616408	0.9452319	1.0	1737	tags=27%, list=9%, signal=29%	
GOBP_DENDRITIC_SPINE_DEVELOPMENT	GOBP_DENDRITIC_SPINE_DEVELOPMENT		92	0.2475133	0.88437724	0.7408451	0.9450665	1.0	2790	tags=22%, list=14%, signal=25%	
GOBP_FOREBRAIN_CELL_MIGRATION	GOBP_FOREBRAIN_CELL_MIGRATION		63	0.26457927	0.8843346	0.7015707	0.9444704	1.0	2742	tags=21%, list=14%, signal=24%	
GOBP_REGULATION_OF_CYTOKINESIS	GOBP_REGULATION_OF_CYTOKINESIS		89	0.2482245	0.8842281	0.71349865	0.9440528	1.0	2885	tags=19%, list=15%, signal=22%	
GOCC_TRANSCRIPTION_FACTOR_TFIID_COMPLEX	GOCC_TRANSCRIPTION_FACTOR_TFIID_COMPLEX		33	0.29849094	0.88355505	0.6666667	0.94517946	1.0	6037	tags=39%, list=31%, signal=57%	
GOBP_CELLULAR_RESPONSE_TO_STARVATION	GOBP_CELLULAR_RESPONSE_TO_STARVATION		161	0.22943148	0.8829332	0.8451613	0.9461284	1.0	2941	tags=19%, list=15%, signal=23%	
GOBP_REGULATION_OF_MYOTUBE_DIFFERENTIATION	GOBP_REGULATION_OF_MYOTUBE_DIFFERENTIATION		42	0.28316778	0.8828795	0.6506329	0.9455597	1.0	828	tags=10%, list=4%, signal=10%	
GOBP_POSITIVE_REGULATION_OF_GLYCOPROTEIN_METABOLIC_PROCESS	GOBP_POSITIVE_REGULATION_OF_GLYCOPROTEIN_METABOLIC_PROCESS		24	0.3260594	0.88256806	0.6363636	0.94571954	1.0	3138	tags=33%, list=16%, signal=40%	
GOBP_NEUROMUSCULAR_PROCESS_CONTROLLING_POSTURE	GOBP_NEUROMUSCULAR_PROCESS_CONTROLLING_POSTURE		18	0.35491404	0.88215476	0.634434	0.9461182	1.0	638	tags=17%, list=3%, signal=17%	
GOMF_ATPASE_BINDING	GOMF_ATPASE_BINDING		79	0.25019264	0.88172686	0.73177844	0.94654727	1.0	3641	tags=25%, list=19%, signal=31%	
GOBP_METANEPHRIC_EPITHELIUM_DEVELOPMENT	GOBP_METANEPHRIC_EPITHELIUM_DEVELOPMENT		28	0.3089798	0.88134456	0.64047617	0.9468681	1.0	755	tags=14%, list=4%, signal=15%	
GOBP_POSITIVE_REGULATION_OF_TELOMERE_MAINTENANCE	GOBP_POSITIVE_REGULATION_OF_TELOMERE_MAINTENANCE		70	0.25518113	0.88133687	0.71428573	0.9461754	1.0	3380	tags=27%, list=17%, signal=33%	
GOMF_CHROMATIN_PROTEIN_ADAPTOR_ACTIVITY	GOMF_CHROMATIN_PROTEIN_ADAPTOR_ACTIVITY		27	0.3117827	0.88105494	0.6642686	0.9462469	1.0	2642	tags=19%, list=14%, signal=21%	
GOBP_MEMBRANE_DEPOLARIZATION_DURING_ACTION_POTENTIAL	GOBP_MEMBRANE_DEPOLARIZATION_DURING_ACTION_POTENTIAL		27	0.31049898	0.880343	0.64746547	0.94742185	1.0	3048	tags=26%, list=16%, signal=31%	
GOBP_RESPONSE_TO_ISCHEMIA	GOBP_RESPONSE_TO_ISCHEMIA		63	0.26017937	0.8801862	0.6912929	0.9471181	1.0	3827	tags=29%, list=20%, signal=35%	
GOBP_RESPONSE_TO_NICOTINE	GOBP_RESPONSE_TO_NICOTINE		48	0.27659813	0.87970555	0.70460707	0.9476901	1.0	4049	tags=31%, list=21%, signal=39%	
GOBP_SCF_DEPENDENT_PROTEASOMAL_UBIQUITIN_DEPENDENT_PROTEIN_CATABOLIC_PROCESS	GOBP_SCF_DEPENDENT_PROTEASOMAL_UBIQUITIN_DEPENDENT_PROTEIN_CATABOLIC_PROCESS		41	0.28732648	0.87966514	0.6860759	0.9470869	1.0	4062	tags=44%, list=21%, signal=55%	
GOBP_RESPIRATORY_CHAIN_COMPLEX_IV_ASSEMBLY	GOBP_RESPIRATORY_CHAIN_COMPLEX_IV_ASSEMBLY		21	0.3330122	0.8796586	0.6666667	0.9463901	1.0	7008	tags=62%, list=36%, signal=97%	
GOBP_PROTEIN_TARGETING_TO_VACUOLE	GOBP_PROTEIN_TARGETING_TO_VACUOLE		46	0.281273	0.879191	0.69825435	0.9469357	1.0	5368	tags=41%, list=28%, signal=57%	
GOBP_LYSOSOMAL_MEMBRANE_ORGANIZATION	GOBP_LYSOSOMAL_MEMBRANE_ORGANIZATION		15	0.3574486	0.8790087	0.6332574	0.9467051	1.0	5017	tags=40%, list=26%, signal=54%	
GOBP_RRNA_MODIFICATION	GOBP_RRNA_MODIFICATION		30	0.30617234	0.8788851	0.635468	0.94632024	1.0	2439	tags=17%, list=13%, signal=19%	
GOBP_NEGATIVE_REGULATION_OF_PHOSPHATASE_ACTIVITY	GOBP_NEGATIVE_REGULATION_OF_PHOSPHATASE_ACTIVITY		19	0.3412981	0.878459	0.6397229	0.94677	1.0	2059	tags=21%, list=11%, signal=24%	
GOBP_PROTEASOMAL_PROTEIN_CATABOLIC_PROCESS	GOBP_PROTEASOMAL_PROTEIN_CATABOLIC_PROCESS		498	0.20320982	0.87801075	0.9574468	0.94725215	1.0	4260	tags=26%, list=22%, signal=33%	
GOCC_PHOTORECEPTOR_INNER_SEGMENT	GOCC_PHOTORECEPTOR_INNER_SEGMENT		66	0.25659373	0.87700427	0.70229006	0.9491974	1.0	3642	tags=29%, list=19%, signal=35%	
GOBP_POSITIVE_REGULATION_OF_STRESS_ACTIVATED_PROTEIN_KINASE_SIGNALING_CASCADE	GOBP_POSITIVE_REGULATION_OF_STRESS_ACTIVATED_PROTEIN_KINASE_SIGNALING_CASCADE		21	0.32874408	0.87692213	0.6567164	0.94870764	1.0	1977	tags=19%, list=10%, signal=21%	
GOBP_NEGATIVE_REGULATION_OF_SMALL_MOLECULE_METABOLIC_PROCESS	GOBP_NEGATIVE_REGULATION_OF_SMALL_MOLECULE_METABOLIC_PROCESS		97	0.24328433	0.8764183	0.7595308	0.94926214	1.0	3288	tags=22%, list=17%, signal=26%	
GOBP_MACROMOLECULE_METHYLATION	GOBP_MACROMOLECULE_METHYLATION		112	0.23477343	0.87548953	0.7734139	0.95098275	1.0	3853	tags=21%, list=20%, signal=25%	
GOBP_CARBOHYDRATE_BIOSYNTHETIC_PROCESS	GOBP_CARBOHYDRATE_BIOSYNTHETIC_PROCESS		195	0.22078183	0.8754816	0.9031008	0.95029545	1.0	3377	tags=22%, list=17%, signal=26%	
GOBP_REGULATION_OF_EXOSOMAL_SECRETION	GOBP_REGULATION_OF_EXOSOMAL_SECRETION		18	0.33599523	0.8754008	0.6301075	0.9497851	1.0	4503	tags=39%, list=23%, signal=51%	
GOBP_PIECEMEAL_MICROAUTOPHAGY_OF_THE_NUCLEUS	GOBP_PIECEMEAL_MICROAUTOPHAGY_OF_THE_NUCLEUS		17	0.3502092	0.8750619	0.6511111	0.9499241	1.0	5387	tags=53%, list=28%, signal=73%	
GOBP_REGULATION_OF_MICROTUBULE_BASED_MOVEMENT	GOBP_REGULATION_OF_MICROTUBULE_BASED_MOVEMENT		49	0.2809703	0.8749753	0.72043014	0.94945204	1.0	2642	tags=20%, list=14%, signal=24%	
GOBP_REFLEX	GOBP_REFLEX		22	0.33146155	0.8749156	0.65909094	0.9488835	1.0	3329	tags=27%, list=17%, signal=33%	
GOBP_RESPONSE_TO_PLATELET_DERIVED_GROWTH_FACTOR	GOBP_RESPONSE_TO_PLATELET_DERIVED_GROWTH_FACTOR		21	0.33479676	0.8749108	0.6112412	0.94818926	1.0	4591	tags=48%, list=24%, signal=62%	
GOBP_POSITIVE_REGULATION_OF_ACTIN_FILAMENT_POLYMERIZATION	GOBP_POSITIVE_REGULATION_OF_ACTIN_FILAMENT_POLYMERIZATION		47	0.27108428	0.8742221	0.7135135	0.9492934	1.0	1710	tags=15%, list=9%, signal=16%	
GOBP_NEGATIVE_REGULATION_OF_T_CELL_DIFFERENTIATION	GOBP_NEGATIVE_REGULATION_OF_T_CELL_DIFFERENTIATION		44	0.27832752	0.8733825	0.6966292	0.9507185	1.0	3750	tags=25%, list=19%, signal=31%	
GOMF_SULFOTRANSFERASE_ACTIVITY	GOMF_SULFOTRANSFERASE_ACTIVITY		51	0.2709388	0.87327766	0.7311828	0.9502898	1.0	1796	tags=18%, list=9%, signal=19%	
GOBP_ECTODERM_DEVELOPMENT	GOBP_ECTODERM_DEVELOPMENT		20	0.33530048	0.87259114	0.6418919	0.9513759	1.0	3455	tags=25%, list=18%, signal=30%	
GOBP_ORGANIC_HYDROXY_COMPOUND_CATABOLIC_PROCESS	GOBP_ORGANIC_HYDROXY_COMPOUND_CATABOLIC_PROCESS		55	0.26643485	0.8725508	0.71611255	0.95077765	1.0	1886	tags=16%, list=10%, signal=18%	
GOBP_FAT_SOLUBLE_VITAMIN_METABOLIC_PROCESS	GOBP_FAT_SOLUBLE_VITAMIN_METABOLIC_PROCESS		47	0.26909643	0.87247145	0.7181572	0.95028335	1.0	1681	tags=13%, list=9%, signal=14%	
GOCC_ENDOPLASMIC_RETICULUM_EXIT_SITE	GOCC_ENDOPLASMIC_RETICULUM_EXIT_SITE		30	0.30043885	0.8723508	0.675	0.9498842	1.0	4537	tags=43%, list=23%, signal=56%	
GOBP_PROTEIN_DESTABILIZATION	GOBP_PROTEIN_DESTABILIZATION		45	0.27509475	0.87189716	0.684466	0.9503409	1.0	4655	tags=33%, list=24%, signal=44%	
GOCC_CONNEXIN_COMPLEX	GOCC_CONNEXIN_COMPLEX		20	0.32665357	0.87180245	0.63990825	0.9498803	1.0	42	tags=5%, list=0%, signal=5%	
GOBP_ADENYLATE_CYCLASE_ACTIVATING_ADRENERGIC_RECEPTOR_SIGNALING_PATHWAY	GOBP_ADENYLATE_CYCLASE_ACTIVATING_ADRENERGIC_RECEPTOR_SIGNALING_PATHWAY		22	0.3267188	0.8717032	0.6651584	0.9494321	1.0	4036	tags=36%, list=21%, signal=46%	
GOCC_ESCRT_COMPLEX	GOCC_ESCRT_COMPLEX		29	0.31010535	0.87086594	0.68613136	0.95078224	1.0	5017	tags=41%, list=26%, signal=56%	
GOBP_MANNOSYLATION	GOBP_MANNOSYLATION		23	0.32255915	0.8707393	0.627451	0.95039254	1.0	4331	tags=39%, list=22%, signal=50%	
GOBP_POSITIVE_REGULATION_OF_UBIQUITIN_PROTEIN_TRANSFERASE_ACTIVITY	GOBP_POSITIVE_REGULATION_OF_UBIQUITIN_PROTEIN_TRANSFERASE_ACTIVITY		21	0.3267366	0.8687682	0.6636156	0.95473087	1.0	4655	tags=38%, list=24%, signal=50%	
GOBP_BLASTOCYST_GROWTH	GOBP_BLASTOCYST_GROWTH		22	0.32619554	0.8680804	0.65	0.95574296	1.0	2053	tags=18%, list=11%, signal=20%	
GOBP_SODIUM_INDEPENDENT_ORGANIC_ANION_TRANSPORT	GOBP_SODIUM_INDEPENDENT_ORGANIC_ANION_TRANSPORT		15	0.36295184	0.86725134	0.6792035	0.95721287	1.0	3939	tags=20%, list=20%, signal=25%	
GOBP_CELL_AGGREGATION	GOBP_CELL_AGGREGATION		22	0.31974518	0.8671826	0.6738095	0.9566821	1.0	3024	tags=23%, list=16%, signal=27%	
GOCC_ACETYLCHOLINE_GATED_CHANNEL_COMPLEX	GOCC_ACETYLCHOLINE_GATED_CHANNEL_COMPLEX		16	0.34878746	0.8656532	0.6419214	0.95984393	1.0	5558	tags=31%, list=29%, signal=44%	
GOCC_PHAGOCYTIC_CUP	GOCC_PHAGOCYTIC_CUP		27	0.30332276	0.86489236	0.6736597	0.9610844	1.0	2545	tags=30%, list=13%, signal=34%	
GOBP_REGULATION_OF_MICROTUBULE_DEPOLYMERIZATION	GOBP_REGULATION_OF_MICROTUBULE_DEPOLYMERIZATION		29	0.29620123	0.8640421	0.669746	0.96252275	1.0	466	tags=10%, list=2%, signal=11%	
GOCC_SPINDLE_MIDZONE	GOCC_SPINDLE_MIDZONE		33	0.295634	0.8638796	0.6761905	0.9622175	1.0	2918	tags=27%, list=15%, signal=32%	
GOBP_RNA_DECAPPING	GOBP_RNA_DECAPPING		18	0.33155906	0.86385685	0.6785714	0.9615713	1.0	4500	tags=33%, list=23%, signal=43%	
GOBP_PHOSPHATIDYLINOSITOL_3_PHOSPHATE_BIOSYNTHETIC_PROCESS	GOBP_PHOSPHATIDYLINOSITOL_3_PHOSPHATE_BIOSYNTHETIC_PROCESS		22	0.32275108	0.8638214	0.68585134	0.960954	1.0	908	tags=18%, list=5%, signal=19%	
GOBP_POST_TRANSCRIPTIONAL_REGULATION_OF_GENE_EXPRESSION	GOBP_POST_TRANSCRIPTIONAL_REGULATION_OF_GENE_EXPRESSION		493	0.20153809	0.86331004	0.9735099	0.96153486	1.0	3679	tags=20%, list=19%, signal=25%	
GOBP_NEGATIVE_REGULATION_OF_CD4_POSITIVE_ALPHA_BETA_T_CELL_ACTIVATION	GOBP_NEGATIVE_REGULATION_OF_CD4_POSITIVE_ALPHA_BETA_T_CELL_ACTIVATION		32	0.29189983	0.863185	0.7063291	0.9611177	1.0	1282	tags=16%, list=7%, signal=17%	
GOBP_VESICLE_FUSION_TO_PLASMA_MEMBRANE	GOBP_VESICLE_FUSION_TO_PLASMA_MEMBRANE		23	0.31685135	0.8623228	0.6682135	0.9625797	1.0	1723	tags=22%, list=9%, signal=24%	
GOBP_PROTEIN_O_LINKED_MANNOSYLATION	GOBP_PROTEIN_O_LINKED_MANNOSYLATION		17	0.33414012	0.8621194	0.6550869	0.9623783	1.0	3899	tags=41%, list=20%, signal=51%	
GOBP_POSTSYNAPTIC_SPECIALIZATION_ASSEMBLY	GOBP_POSTSYNAPTIC_SPECIALIZATION_ASSEMBLY		28	0.30296314	0.86190295	0.6825	0.9622353	1.0	5197	tags=36%, list=27%, signal=49%	
GOBP_VASCULAR_ASSOCIATED_SMOOTH_MUSCLE_CELL_MIGRATION	GOBP_VASCULAR_ASSOCIATED_SMOOTH_MUSCLE_CELL_MIGRATION		27	0.30799508	0.86155784	0.67	0.96239847	1.0	1737	tags=22%, list=9%, signal=24%	
GOBP_CELLULAR_RESPONSE_TO_LIGHT_STIMULUS	GOBP_CELLULAR_RESPONSE_TO_LIGHT_STIMULUS		116	0.23356323	0.8614823	0.8	0.9618829	1.0	2136	tags=14%, list=11%, signal=15%	
GOMF_ODORANT_BINDING	GOMF_ODORANT_BINDING		105	0.23682597	0.8610863	0.8095238	0.96213716	1.0	14847	tags=100%, list=76%, signal=422%	
GOBP_REGULATION_OF_AEROBIC_RESPIRATION	GOBP_REGULATION_OF_AEROBIC_RESPIRATION		28	0.30071086	0.8610229	0.68613136	0.9615925	1.0	3394	tags=29%, list=17%, signal=35%	
GOBP_TRANSCRIPTION_INITIATION_AT_RNA_POLYMERASE_II_PROMOTER	GOBP_TRANSCRIPTION_INITIATION_AT_RNA_POLYMERASE_II_PROMOTER		146	0.22516745	0.8602324	0.8668831	0.9628419	1.0	3328	tags=18%, list=17%, signal=22%	
GOMF_ENDONUCLEASE_ACTIVITY_ACTIVE_WITH_EITHER_RIBO_OR_DEOXYRIBONUCLEIC_ACIDS_AND_PRODUCING_3_PHOSPHOMONOESTERS	GOMF_ENDONUCLEASE_ACTIVITY_ACTIVE_WITH_EITHER_RIBO_OR_DEOXYRIBONUCLEIC_ACIDS_AND_PRODUCING_3_PHOSPHOMONOESTERS		18	0.33790687	0.8598633	0.6764706	0.9630601	1.0	2785	tags=28%, list=14%, signal=32%	
GOBP_RRNA_PROCESSING	GOBP_RRNA_PROCESSING		207	0.2145458	0.85973173	0.9115385	0.96268255	1.0	5117	tags=27%, list=26%, signal=36%	
GOBP_QUATERNARY_AMMONIUM_GROUP_TRANSPORT	GOBP_QUATERNARY_AMMONIUM_GROUP_TRANSPORT		18	0.34600142	0.8581143	0.6610577	0.9658774	1.0	1439	tags=22%, list=7%, signal=24%	
GOBP_REGULATION_OF_RESPIRATORY_BURST	GOBP_REGULATION_OF_RESPIRATORY_BURST		17	0.3442721	0.8575403	0.66042155	0.96651244	1.0	2728	tags=29%, list=14%, signal=34%	
GOCC_GOLGI_CISTERNA_MEMBRANE	GOCC_GOLGI_CISTERNA_MEMBRANE		78	0.23839809	0.85736114	0.8255814	0.96628004	1.0	3067	tags=22%, list=16%, signal=26%	
GOBP_NEGATIVE_REGULATION_OF_NUCLEOTIDE_CATABOLIC_PROCESS	GOBP_NEGATIVE_REGULATION_OF_NUCLEOTIDE_CATABOLIC_PROCESS		18	0.33665407	0.85732377	0.6666667	0.9656794	1.0	4327	tags=33%, list=22%, signal=43%	
GOCC_SPERM_MIDPIECE	GOCC_SPERM_MIDPIECE		50	0.26394233	0.8565298	0.7659575	0.9669464	1.0	4201	tags=20%, list=22%, signal=25%	
GOBP_INTRACELLULAR_POTASSIUM_ION_HOMEOSTASIS	GOBP_INTRACELLULAR_POTASSIUM_ION_HOMEOSTASIS		15	0.34775773	0.8564131	0.6751152	0.96650606	1.0	3776	tags=33%, list=19%, signal=41%	
GOBP_CALCIUM_ION_IMPORT_ACROSS_PLASMA_MEMBRANE	GOBP_CALCIUM_ION_IMPORT_ACROSS_PLASMA_MEMBRANE		36	0.28701097	0.85633844	0.7095238	0.9659689	1.0	4322	tags=36%, list=22%, signal=46%	
GOBP_NEGATIVE_REGULATION_OF_FATTY_ACID_BIOSYNTHETIC_PROCESS	GOBP_NEGATIVE_REGULATION_OF_FATTY_ACID_BIOSYNTHETIC_PROCESS		18	0.33749038	0.8557305	0.6898048	0.96673054	1.0	2829	tags=22%, list=15%, signal=26%	
GOBP_ENDOSOME_TRANSPORT_VIA_MULTIVESICULAR_BODY_SORTING_PATHWAY	GOBP_ENDOSOME_TRANSPORT_VIA_MULTIVESICULAR_BODY_SORTING_PATHWAY		39	0.28260586	0.8554419	0.7098446	0.9667112	1.0	5017	tags=36%, list=26%, signal=48%	
GOBP_RIBONUCLEOSIDE_MONOPHOSPHATE_CATABOLIC_PROCESS	GOBP_RIBONUCLEOSIDE_MONOPHOSPHATE_CATABOLIC_PROCESS		15	0.34590897	0.85537547	0.656682	0.9661848	1.0	1321	tags=20%, list=7%, signal=21%	
GOBP_EXECUTION_PHASE_OF_APOPTOSIS	GOBP_EXECUTION_PHASE_OF_APOPTOSIS		74	0.24648437	0.85494214	0.74425286	0.9664896	1.0	3194	tags=22%, list=16%, signal=26%	
GOBP_RESPONSE_TO_HYPEROXIA	GOBP_RESPONSE_TO_HYPEROXIA		18	0.33196682	0.8544607	0.69336385	0.96697325	1.0	1451	tags=22%, list=7%, signal=24%	
GOBP_REGULATION_OF_HYDROGEN_PEROXIDE_METABOLIC_PROCESS	GOBP_REGULATION_OF_HYDROGEN_PEROXIDE_METABOLIC_PROCESS		17	0.34434384	0.85402715	0.66079295	0.9673123	1.0	2093	tags=29%, list=11%, signal=33%	
GOBP_MAINTENANCE_OF_GASTROINTESTINAL_EPITHELIUM	GOBP_MAINTENANCE_OF_GASTROINTESTINAL_EPITHELIUM		22	0.3225877	0.85349375	0.67832166	0.96785736	1.0	3621	tags=32%, list=19%, signal=39%	
GOBP_RESPONSE_TO_ENDOPLASMIC_RETICULUM_STRESS	GOBP_RESPONSE_TO_ENDOPLASMIC_RETICULUM_STRESS		249	0.20964137	0.85299003	0.953125	0.9683464	1.0	3899	tags=24%, list=20%, signal=29%	
GOBP_NUCLEOBASE_CONTAINING_SMALL_MOLECULE_BIOSYNTHETIC_PROCESS	GOBP_NUCLEOBASE_CONTAINING_SMALL_MOLECULE_BIOSYNTHETIC_PROCESS		17	0.33143938	0.852877	0.67469877	0.96790594	1.0	5141	tags=47%, list=26%, signal=64%	
GOBP_VIRAL_RELEASE_FROM_HOST_CELL	GOBP_VIRAL_RELEASE_FROM_HOST_CELL		27	0.30261979	0.8525182	0.69285715	0.968018	1.0	3616	tags=26%, list=19%, signal=32%	
GOCC_T_TUBULE	GOCC_T_TUBULE		52	0.26350194	0.85169786	0.75766015	0.96925485	1.0	4427	tags=35%, list=23%, signal=45%	
GOBP_NEUTROPHIL_HOMEOSTASIS	GOBP_NEUTROPHIL_HOMEOSTASIS		19	0.33054218	0.85118735	0.68028843	0.96978384	1.0	1738	tags=26%, list=9%, signal=29%	
GOBP_REGULATION_OF_SMOOTH_MUSCLE_CELL_DIFFERENTIATION	GOBP_REGULATION_OF_SMOOTH_MUSCLE_CELL_DIFFERENTIATION		35	0.28701	0.85100144	0.7178841	0.96951085	1.0	1443	tags=14%, list=7%, signal=15%	
GOCC_AXONAL_GROWTH_CONE	GOCC_AXONAL_GROWTH_CONE		27	0.29917088	0.8509766	0.6952141	0.96887916	1.0	1479	tags=15%, list=8%, signal=16%	
GOMF_OXIDOREDUCTASE_ACTIVITY_ACTING_ON_NAD_P_H	GOMF_OXIDOREDUCTASE_ACTIVITY_ACTING_ON_NAD_P_H		77	0.24680682	0.8503469	0.78932583	0.9695992	1.0	4176	tags=31%, list=22%, signal=40%	
GOMF_K63_LINKED_POLYUBIQUITIN_MODIFICATION_DEPENDENT_PROTEIN_BINDING	GOMF_K63_LINKED_POLYUBIQUITIN_MODIFICATION_DEPENDENT_PROTEIN_BINDING		23	0.31634533	0.8503213	0.66416043	0.96896106	1.0	5621	tags=43%, list=29%, signal=61%	
GOBP_NEGATIVE_REGULATION_OF_MUSCLE_CONTRACTION	GOBP_NEGATIVE_REGULATION_OF_MUSCLE_CONTRACTION		19	0.32132936	0.85022765	0.68505746	0.96849597	1.0	1282	tags=16%, list=7%, signal=17%	
GOBP_REGULATION_OF_CILIUM_ASSEMBLY	GOBP_REGULATION_OF_CILIUM_ASSEMBLY		88	0.23716366	0.8501099	0.8227147	0.9680736	1.0	2964	tags=17%, list=15%, signal=20%	
GOBP_PYRIMIDINE_DEOXYRIBONUCLEOTIDE_METABOLIC_PROCESS	GOBP_PYRIMIDINE_DEOXYRIBONUCLEOTIDE_METABOLIC_PROCESS		23	0.31364658	0.8500439	0.7004405	0.9675174	1.0	5473	tags=52%, list=28%, signal=73%	
GOCC_DYSTROPHIN_ASSOCIATED_GLYCOPROTEIN_COMPLEX	GOCC_DYSTROPHIN_ASSOCIATED_GLYCOPROTEIN_COMPLEX		18	0.33372942	0.8494438	0.6797235	0.9682112	1.0	2540	tags=28%, list=13%, signal=32%	
GOBP_POSITIVE_REGULATION_OF_PROTEOLYSIS_INVOLVED_IN_PROTEIN_CATABOLIC_PROCESS	GOBP_POSITIVE_REGULATION_OF_PROTEOLYSIS_INVOLVED_IN_PROTEIN_CATABOLIC_PROCESS		123	0.2282345	0.8493031	0.8642384	0.9678365	1.0	3700	tags=23%, list=19%, signal=28%	
GOBP_ORGANELLE_FUSION	GOBP_ORGANELLE_FUSION		157	0.21971153	0.84928447	0.88191885	0.9671916	1.0	3925	tags=27%, list=20%, signal=33%	
GOCC_CELL_TRAILING_EDGE	GOCC_CELL_TRAILING_EDGE		15	0.34518436	0.8487103	0.6792873	0.96774584	1.0	2244	tags=27%, list=12%, signal=30%	
GOBP_MATURATION_OF_5_8S_RRNA_FROM_TRICISTRONIC_RRNA_TRANSCRIPT_SSU_RRNA_5_8S_RRNA_LSU_RRNA	GOBP_MATURATION_OF_5_8S_RRNA_FROM_TRICISTRONIC_RRNA_TRANSCRIPT_SSU_RRNA_5_8S_RRNA_LSU_RRNA		23	0.31221357	0.8486356	0.7132701	0.96722406	1.0	4703	tags=30%, list=24%, signal=40%	
GOMF_POLY_PYRIMIDINE_TRACT_BINDING	GOMF_POLY_PYRIMIDINE_TRACT_BINDING		27	0.3034445	0.8485599	0.70159453	0.96671915	1.0	4432	tags=30%, list=23%, signal=38%	
GOBP_PROTEIN_EXIT_FROM_ENDOPLASMIC_RETICULUM	GOBP_PROTEIN_EXIT_FROM_ENDOPLASMIC_RETICULUM		43	0.27602914	0.84839296	0.7350649	0.96640825	1.0	4025	tags=26%, list=21%, signal=32%	
GOBP_PROTEIN_LOCALIZATION_TO_CYTOSKELETON	GOBP_PROTEIN_LOCALIZATION_TO_CYTOSKELETON		60	0.25819615	0.84742	0.78698224	0.9679337	1.0	1911	tags=13%, list=10%, signal=15%	
GOCC_GOLGI_ASSOCIATED_VESICLE	GOCC_GOLGI_ASSOCIATED_VESICLE		90	0.2388566	0.8469929	0.78963417	0.96821576	1.0	2508	tags=18%, list=13%, signal=20%	
GOBP_REGULATION_OF_ERAD_PATHWAY	GOBP_REGULATION_OF_ERAD_PATHWAY		22	0.3102344	0.84694755	0.6968326	0.96763617	1.0	6422	tags=59%, list=33%, signal=88%	
GOMF_BETA_TUBULIN_BINDING	GOMF_BETA_TUBULIN_BINDING		38	0.28241214	0.8468397	0.7260982	0.9671982	1.0	3386	tags=24%, list=17%, signal=29%	
GOMF_CYCLIC_NUCLEOTIDE_PHOSPHODIESTERASE_ACTIVITY	GOMF_CYCLIC_NUCLEOTIDE_PHOSPHODIESTERASE_ACTIVITY		26	0.29824838	0.8467769	0.73218673	0.9666605	1.0	190	tags=8%, list=1%, signal=8%	
GOBP_REGULATION_OF_CELL_PROLIFERATION_INVOLVED_IN_KIDNEY_DEVELOPMENT	GOBP_REGULATION_OF_CELL_PROLIFERATION_INVOLVED_IN_KIDNEY_DEVELOPMENT		15	0.3493538	0.84633803	0.6568182	0.9669502	1.0	633	tags=20%, list=3%, signal=21%	
GOCC_HIPPOCAMPAL_MOSSY_FIBER_TO_CA3_SYNAPSE	GOCC_HIPPOCAMPAL_MOSSY_FIBER_TO_CA3_SYNAPSE		43	0.2762329	0.84626395	0.75596815	0.9664465	1.0	4752	tags=30%, list=24%, signal=40%	
GOBP_REGULATION_OF_ISOTYPE_SWITCHING	GOBP_REGULATION_OF_ISOTYPE_SWITCHING		34	0.28215748	0.8460542	0.7415459	0.9662551	1.0	3617	tags=29%, list=19%, signal=36%	
GOBP_VESICLE_DOCKING_INVOLVED_IN_EXOCYTOSIS	GOBP_VESICLE_DOCKING_INVOLVED_IN_EXOCYTOSIS		35	0.2822379	0.845994	0.7506297	0.9656971	1.0	2772	tags=14%, list=14%, signal=17%	
GOMF_TBP_CLASS_PROTEIN_BINDING	GOMF_TBP_CLASS_PROTEIN_BINDING		25	0.30518323	0.8456076	0.6974359	0.9659048	1.0	3183	tags=20%, list=16%, signal=24%	
GOCC_NEUROMUSCULAR_JUNCTION	GOCC_NEUROMUSCULAR_JUNCTION		73	0.24376553	0.8453714	0.81615597	0.9657602	1.0	3447	tags=25%, list=18%, signal=30%	
GOBP_SYNAPTIC_TRANSMISSION_CHOLINERGIC	GOBP_SYNAPTIC_TRANSMISSION_CHOLINERGIC		31	0.29301098	0.8439496	0.7248804	0.96815723	1.0	5229	tags=35%, list=27%, signal=48%	
GOBP_HYDROGEN_PEROXIDE_BIOSYNTHETIC_PROCESS	GOBP_HYDROGEN_PEROXIDE_BIOSYNTHETIC_PROCESS		16	0.33651045	0.84351975	0.69138753	0.9684192	1.0	1364	tags=19%, list=7%, signal=20%	
GOCC_CORTICAL_ACTIN_CYTOSKELETON	GOCC_CORTICAL_ACTIN_CYTOSKELETON		73	0.24995849	0.84282845	0.82051283	0.9692721	1.0	3795	tags=26%, list=20%, signal=32%	
GOBP_OVARIAN_FOLLICLE_DEVELOPMENT	GOBP_OVARIAN_FOLLICLE_DEVELOPMENT		56	0.25856248	0.84242696	0.7668394	0.96949273	1.0	3014	tags=20%, list=16%, signal=23%	
GOBP_PROTEIN_RNA_COMPLEX_ORGANIZATION	GOBP_PROTEIN_RNA_COMPLEX_ORGANIZATION		200	0.21096659	0.8420021	0.92395437	0.96972626	1.0	4102	tags=19%, list=21%, signal=24%	
GOCC_GUANYL_NUCLEOTIDE_EXCHANGE_FACTOR_COMPLEX	GOCC_GUANYL_NUCLEOTIDE_EXCHANGE_FACTOR_COMPLEX		21	0.32216722	0.84066087	0.7354369	0.9720002	1.0	5324	tags=52%, list=27%, signal=72%	
GOMF_POLYPEPTIDE_N_ACETYLGALACTOSAMINYLTRANSFERASE_ACTIVITY	GOMF_POLYPEPTIDE_N_ACETYLGALACTOSAMINYLTRANSFERASE_ACTIVITY		18	0.3241861	0.84042877	0.70454544	0.97182703	1.0	52	tags=6%, list=0%, signal=6%	
GOBP_REGULATION_OF_INTRINSIC_APOPTOTIC_SIGNALING_PATHWAY_BY_P53_CLASS_MEDIATOR	GOBP_REGULATION_OF_INTRINSIC_APOPTOTIC_SIGNALING_PATHWAY_BY_P53_CLASS_MEDIATOR		29	0.28969014	0.8397993	0.72727275	0.9724845	1.0	2029	tags=14%, list=10%, signal=15%	
GOCC_GOLGI_CISTERNA	GOCC_GOLGI_CISTERNA		101	0.23411357	0.8396825	0.8685714	0.97202444	1.0	3283	tags=24%, list=17%, signal=28%	
GOBP_MRNA_TRANSCRIPTION	GOBP_MRNA_TRANSCRIPTION		48	0.2659221	0.83958995	0.8051948	0.97155017	1.0	3039	tags=21%, list=16%, signal=25%	
GOBP_NEURONAL_ACTION_POTENTIAL	GOBP_NEURONAL_ACTION_POTENTIAL		31	0.29133362	0.83954173	0.723301	0.970961	1.0	17	tags=3%, list=0%, signal=3%	
GOBP_RESPONSE_TO_POTASSIUM_ION	GOBP_RESPONSE_TO_POTASSIUM_ION		19	0.32998613	0.8393835	0.71014494	0.9706001	1.0	2696	tags=26%, list=14%, signal=31%	
GOBP_ADENYLATE_CYCLASE_INHIBITING_G_PROTEIN_COUPLED_RECEPTOR_SIGNALING_PATHWAY	GOBP_ADENYLATE_CYCLASE_INHIBITING_G_PROTEIN_COUPLED_RECEPTOR_SIGNALING_PATHWAY		76	0.24048606	0.83901536	0.8404908	0.9707259	1.0	1401	tags=9%, list=7%, signal=10%	
GOMF_PROTEIN_PHOSPHATASE_1_BINDING	GOMF_PROTEIN_PHOSPHATASE_1_BINDING		20	0.32023367	0.83871144	0.7382075	0.9706827	1.0	5167	tags=35%, list=27%, signal=48%	
GOBP_MACROAUTOPHAGY	GOBP_MACROAUTOPHAGY		340	0.19928847	0.8385547	0.98636365	0.970348	1.0	3625	tags=23%, list=19%, signal=27%	
GOBP_REGULATION_OF_MYOBLAST_DIFFERENTIATION	GOBP_REGULATION_OF_MYOBLAST_DIFFERENTIATION		71	0.24209376	0.83751494	0.82719547	0.9718779	1.0	1660	tags=13%, list=9%, signal=14%	
GOBP_PROTEIN_MODIFICATION_BY_SMALL_PROTEIN_REMOVAL	GOBP_PROTEIN_MODIFICATION_BY_SMALL_PROTEIN_REMOVAL		97	0.23601337	0.83726776	0.8240741	0.97177094	1.0	4316	tags=26%, list=22%, signal=33%	
GOBP_NUCLEOLUS_ORGANIZATION	GOBP_NUCLEOLUS_ORGANIZATION		16	0.33647847	0.8371482	0.68636364	0.97135514	1.0	3194	tags=25%, list=16%, signal=30%	
GOBP_STRIATED_MUSCLE_CELL_APOPTOTIC_PROCESS	GOBP_STRIATED_MUSCLE_CELL_APOPTOTIC_PROCESS		43	0.2687482	0.83631724	0.8056266	0.97247946	1.0	3448	tags=30%, list=18%, signal=37%	
GOMF_PRENYLTRANSFERASE_ACTIVITY	GOMF_PRENYLTRANSFERASE_ACTIVITY		15	0.3334739	0.8356085	0.68171555	0.9732835	1.0	1523	tags=13%, list=8%, signal=14%	
GOBP_REGULATION_OF_GLUCONEOGENESIS	GOBP_REGULATION_OF_GLUCONEOGENESIS		45	0.26480636	0.8348526	0.75405407	0.97420675	1.0	3940	tags=29%, list=20%, signal=36%	
GOBP_NEGATIVE_REGULATION_OF_PROTEOLYSIS_INVOLVED_IN_PROTEIN_CATABOLIC_PROCESS	GOBP_NEGATIVE_REGULATION_OF_PROTEOLYSIS_INVOLVED_IN_PROTEIN_CATABOLIC_PROCESS		64	0.25033054	0.8345088	0.80225986	0.9742741	1.0	3205	tags=19%, list=17%, signal=22%	
GOCC_ENDOPLASMIC_RETICULUM_GOLGI_INTERMEDIATE_COMPARTMENT	GOCC_ENDOPLASMIC_RETICULUM_GOLGI_INTERMEDIATE_COMPARTMENT		130	0.2233488	0.8343347	0.8737864	0.973972	1.0	4388	tags=28%, list=23%, signal=37%	
GOCC_PROTEIN_PHOSPHATASE_TYPE_2A_COMPLEX	GOCC_PROTEIN_PHOSPHATASE_TYPE_2A_COMPLEX		18	0.32789928	0.8336787	0.6805897	0.9747417	1.0	3111	tags=28%, list=16%, signal=33%	
GOBP_VACUOLAR_TRANSPORT	GOBP_VACUOLAR_TRANSPORT		165	0.21822871	0.83350176	0.9358108	0.97442997	1.0	3322	tags=20%, list=17%, signal=24%	
GOBP_RESPONSE_TO_LIGHT_INTENSITY	GOBP_RESPONSE_TO_LIGHT_INTENSITY		15	0.34227532	0.8329132	0.7219731	0.9750016	1.0	2696	tags=33%, list=14%, signal=39%	
GOBP_MEMBRANE_BIOGENESIS	GOBP_MEMBRANE_BIOGENESIS		62	0.24931408	0.8328731	0.79946524	0.9744167	1.0	3342	tags=31%, list=17%, signal=37%	
GOBP_NEGATIVE_REGULATION_OF_VIRAL_TRANSCRIPTION	GOBP_NEGATIVE_REGULATION_OF_VIRAL_TRANSCRIPTION		15	0.34361243	0.8320843	0.71300447	0.9753894	1.0	3588	tags=33%, list=18%, signal=41%	
GOBP_SPINAL_CORD_PATTERNING	GOBP_SPINAL_CORD_PATTERNING		17	0.33467028	0.8316572	0.73186815	0.9755823	1.0	1571	tags=12%, list=8%, signal=13%	
GOMF_CALCIUM_CHANNEL_REGULATOR_ACTIVITY	GOMF_CALCIUM_CHANNEL_REGULATOR_ACTIVITY		47	0.26204312	0.83133733	0.77837837	0.97558135	1.0	3728	tags=21%, list=19%, signal=26%	
GOBP_POSITIVE_REGULATION_OF_PROTEIN_BINDING	GOBP_POSITIVE_REGULATION_OF_PROTEIN_BINDING		48	0.2622026	0.83098745	0.76842105	0.9756095	1.0	3477	tags=29%, list=18%, signal=35%	
GOMF_TYPE_I_INTERFERON_RECEPTOR_BINDING	GOMF_TYPE_I_INTERFERON_RECEPTOR_BINDING		17	0.32739294	0.8301505	0.7248157	0.9766497	1.0	7669	tags=41%, list=39%, signal=68%	
GOBP_RIBOSE_PHOSPHATE_BIOSYNTHETIC_PROCESS	GOBP_RIBOSE_PHOSPHATE_BIOSYNTHETIC_PROCESS		187	0.21125531	0.83005685	0.9444444	0.9761677	1.0	4474	tags=26%, list=23%, signal=34%	
GOBP_RELAXATION_OF_CARDIAC_MUSCLE	GOBP_RELAXATION_OF_CARDIAC_MUSCLE		16	0.3419079	0.82826334	0.70469797	0.9790737	1.0	1993	tags=25%, list=10%, signal=28%	
GOBP_RNA_MODIFICATION	GOBP_RNA_MODIFICATION		153	0.21988544	0.8282145	0.91780823	0.9784956	1.0	5014	tags=29%, list=26%, signal=39%	
GOBP_ASPARTATE_FAMILY_AMINO_ACID_METABOLIC_PROCESS	GOBP_ASPARTATE_FAMILY_AMINO_ACID_METABOLIC_PROCESS		40	0.2739469	0.8280892	0.72	0.97809356	1.0	2079	tags=23%, list=11%, signal=25%	
GOMF_1_PHOSPHATIDYLINOSITOL_3_KINASE_REGULATOR_ACTIVITY	GOMF_1_PHOSPHATIDYLINOSITOL_3_KINASE_REGULATOR_ACTIVITY		15	0.34443086	0.8278907	0.7123894	0.9778136	1.0	1460	tags=20%, list=8%, signal=22%	
GOBP_SYNAPTIC_VESICLE_MEMBRANE_ORGANIZATION	GOBP_SYNAPTIC_VESICLE_MEMBRANE_ORGANIZATION		28	0.2924329	0.8276177	0.7301205	0.9777167	1.0	1723	tags=18%, list=9%, signal=20%	
GOBP_VESICLE_TARGETING	GOBP_VESICLE_TARGETING		64	0.24404718	0.82721984	0.86538464	0.97782093	1.0	5743	tags=36%, list=30%, signal=51%	
GOBP_MONOSACCHARIDE_BIOSYNTHETIC_PROCESS	GOBP_MONOSACCHARIDE_BIOSYNTHETIC_PROCESS		88	0.23213784	0.82683814	0.85588235	0.977916	1.0	3940	tags=28%, list=20%, signal=35%	
GOBP_CARBOHYDRATE_CATABOLIC_PROCESS	GOBP_CARBOHYDRATE_CATABOLIC_PROCESS		166	0.21080337	0.8258221	0.9477612	0.9793113	1.0	3130	tags=18%, list=16%, signal=21%	
GOCC_PROTEASOME_COMPLEX	GOCC_PROTEASOME_COMPLEX		60	0.24572812	0.82541984	0.81329924	0.9794682	1.0	5208	tags=25%, list=27%, signal=34%	
GOBP_MEMBRANE_REPOLARIZATION_DURING_VENTRICULAR_CARDIAC_MUSCLE_CELL_ACTION_POTENTIAL	GOBP_MEMBRANE_REPOLARIZATION_DURING_VENTRICULAR_CARDIAC_MUSCLE_CELL_ACTION_POTENTIAL		15	0.33872598	0.8248733	0.7011494	0.9798552	1.0	731	tags=13%, list=4%, signal=14%	
GOBP_POSITIVE_REGULATION_OF_POST_TRANSLATIONAL_PROTEIN_MODIFICATION	GOBP_POSITIVE_REGULATION_OF_POST_TRANSLATIONAL_PROTEIN_MODIFICATION		122	0.22141244	0.82485485	0.87741935	0.9792283	1.0	4346	tags=27%, list=22%, signal=35%	
GOBP_BONE_CELL_DEVELOPMENT	GOBP_BONE_CELL_DEVELOPMENT		18	0.3193758	0.8242294	0.7043269	0.9797981	1.0	3561	tags=44%, list=18%, signal=54%	
GOBP_PROTEASOME_MEDIATED_UBIQUITIN_DEPENDENT_PROTEIN_CATABOLIC_PROCESS	GOBP_PROTEASOME_MEDIATED_UBIQUITIN_DEPENDENT_PROTEIN_CATABOLIC_PROCESS		379	0.19676246	0.82278407	1.0	0.9819765	1.0	4166	tags=26%, list=21%, signal=32%	
GOBP_3_UTR_MEDIATED_MRNA_DESTABILIZATION	GOBP_3_UTR_MEDIATED_MRNA_DESTABILIZATION		18	0.31958193	0.8219448	0.7378641	0.9829548	1.0	1730	tags=17%, list=9%, signal=18%	
GOBP_DENTATE_GYRUS_DEVELOPMENT	GOBP_DENTATE_GYRUS_DEVELOPMENT		24	0.30358365	0.82129836	0.74311924	0.9835026	1.0	814	tags=13%, list=4%, signal=13%	
GOBP_EXOCYTIC_PROCESS	GOBP_EXOCYTIC_PROCESS		76	0.24049935	0.8211718	0.8596491	0.98308	1.0	2772	tags=17%, list=14%, signal=20%	
GOBP_ARP2_3_COMPLEX_MEDIATED_ACTIN_NUCLEATION	GOBP_ARP2_3_COMPLEX_MEDIATED_ACTIN_NUCLEATION		37	0.27276435	0.82106996	0.747549	0.98258454	1.0	5703	tags=49%, list=29%, signal=69%	
GOBP_G_PROTEIN_COUPLED_SEROTONIN_RECEPTOR_SIGNALING_PATHWAY	GOBP_G_PROTEIN_COUPLED_SEROTONIN_RECEPTOR_SIGNALING_PATHWAY		23	0.30665433	0.82038844	0.7540603	0.98324597	1.0	5769	tags=30%, list=30%, signal=43%	
GOMF_CARBOHYDRATE_DERIVATIVE_TRANSMEMBRANE_TRANSPORTER_ACTIVITY	GOMF_CARBOHYDRATE_DERIVATIVE_TRANSMEMBRANE_TRANSPORTER_ACTIVITY		55	0.25494298	0.820107	0.8215223	0.983127	1.0	1280	tags=11%, list=7%, signal=12%	
GOBP_MICROAUTOPHAGY	GOBP_MICROAUTOPHAGY		22	0.29861122	0.8197854	0.77389276	0.9830719	1.0	5387	tags=41%, list=28%, signal=57%	
GOMF_MOLECULAR_CONDENSATE_SCAFFOLD_ACTIVITY	GOMF_MOLECULAR_CONDENSATE_SCAFFOLD_ACTIVITY		37	0.2715179	0.8191402	0.7777778	0.98361695	1.0	4114	tags=27%, list=21%, signal=34%	
GOBP_MITOCHONDRIAL_DEPOLARIZATION	GOBP_MITOCHONDRIAL_DEPOLARIZATION		24	0.29308113	0.8189977	0.7415459	0.9832441	1.0	2690	tags=25%, list=14%, signal=29%	
GOCC_NUCLEAR_OUTER_MEMBRANE	GOCC_NUCLEAR_OUTER_MEMBRANE		29	0.2916069	0.81897557	0.7629108	0.9826216	1.0	5236	tags=45%, list=27%, signal=61%	
GOBP_NUCLEAR_RNA_SURVEILLANCE	GOBP_NUCLEAR_RNA_SURVEILLANCE		15	0.32991886	0.81845117	0.734375	0.9829613	1.0	3920	tags=27%, list=20%, signal=33%	
GOBP_REGULATION_OF_MEMBRANE_PERMEABILITY	GOBP_REGULATION_OF_MEMBRANE_PERMEABILITY		62	0.24952331	0.81831646	0.8388889	0.9825628	1.0	4690	tags=35%, list=24%, signal=47%	
GOCC_LAMELLIPODIUM_MEMBRANE	GOCC_LAMELLIPODIUM_MEMBRANE		22	0.3002947	0.81794375	0.72749394	0.98263365	1.0	4837	tags=50%, list=25%, signal=67%	
GOBP_ER_NUCLEUS_SIGNALING_PATHWAY	GOBP_ER_NUCLEUS_SIGNALING_PATHWAY		44	0.25823066	0.81792337	0.8262032	0.9820099	1.0	4690	tags=32%, list=24%, signal=42%	
GOBP_NEGATIVE_REGULATION_OF_CELLULAR_RESPONSE_TO_INSULIN_STIMULUS	GOBP_NEGATIVE_REGULATION_OF_CELLULAR_RESPONSE_TO_INSULIN_STIMULUS		41	0.25779977	0.8173883	0.7973684	0.98234445	1.0	3595	tags=22%, list=19%, signal=27%	
GOBP_REGULATION_OF_CLATHRIN_DEPENDENT_ENDOCYTOSIS	GOBP_REGULATION_OF_CLATHRIN_DEPENDENT_ENDOCYTOSIS		17	0.31714776	0.8173429	0.71728975	0.98175454	1.0	800	tags=12%, list=4%, signal=12%	
GOMF_UBIQUITIN_LIKE_PROTEIN_CONJUGATING_ENZYME_ACTIVITY	GOMF_UBIQUITIN_LIKE_PROTEIN_CONJUGATING_ENZYME_ACTIVITY		38	0.27266788	0.81727225	0.7883721	0.9812349	1.0	6961	tags=53%, list=36%, signal=82%	
GOBP_POSITIVE_REGULATION_OF_ERYTHROCYTE_DIFFERENTIATION	GOBP_POSITIVE_REGULATION_OF_ERYTHROCYTE_DIFFERENTIATION		29	0.2808763	0.81721425	0.75434244	0.98068154	1.0	4969	tags=38%, list=26%, signal=51%	
GOBP_POSITIVE_REGULATION_OF_MITOCHONDRIAL_MEMBRANE_PERMEABILITY	GOBP_POSITIVE_REGULATION_OF_MITOCHONDRIAL_MEMBRANE_PERMEABILITY		35	0.26935184	0.8163455	0.7746114	0.9816245	1.0	4690	tags=29%, list=24%, signal=38%	
GOBP_POSITIVE_REGULATION_OF_GENE_EXPRESSION_EPIGENETIC	GOBP_POSITIVE_REGULATION_OF_GENE_EXPRESSION_EPIGENETIC		49	0.25690314	0.8162494	0.7903226	0.9811381	1.0	3236	tags=20%, list=17%, signal=24%	
GOBP_REGULATION_OF_RESPONSE_TO_ENDOPLASMIC_RETICULUM_STRESS	GOBP_REGULATION_OF_RESPONSE_TO_ENDOPLASMIC_RETICULUM_STRESS		77	0.23705351	0.81569326	0.8433049	0.9815015	1.0	3507	tags=23%, list=18%, signal=28%	
GOBP_PHOTOPERIODISM	GOBP_PHOTOPERIODISM		26	0.29158914	0.8156589	0.76155716	0.98090637	1.0	2229	tags=19%, list=11%, signal=22%	
GOBP_LIPOSACCHARIDE_METABOLIC_PROCESS	GOBP_LIPOSACCHARIDE_METABOLIC_PROCESS		106	0.22160928	0.8151288	0.91961414	0.98119444	1.0	3130	tags=20%, list=16%, signal=23%	
GOBP_GLYCOSYLCERAMIDE_METABOLIC_PROCESS	GOBP_GLYCOSYLCERAMIDE_METABOLIC_PROCESS		17	0.32869208	0.81408525	0.72808987	0.98250246	1.0	3130	tags=24%, list=16%, signal=28%	
GOBP_LONG_TERM_MEMORY	GOBP_LONG_TERM_MEMORY		39	0.26234016	0.8138898	0.80697054	0.9822021	1.0	2642	tags=18%, list=14%, signal=21%	
GOMF_SOLUTE_INORGANIC_ANION_ANTIPORTER_ACTIVITY	GOMF_SOLUTE_INORGANIC_ANION_ANTIPORTER_ACTIVITY		31	0.27889222	0.8133922	0.77	0.9824429	1.0	1869	tags=16%, list=10%, signal=18%	
GOBP_PROTEIN_K63_LINKED_UBIQUITINATION	GOBP_PROTEIN_K63_LINKED_UBIQUITINATION		68	0.23684551	0.8133439	0.8668478	0.98187244	1.0	4324	tags=28%, list=22%, signal=36%	
GOBP_LIPID_DROPLET_ORGANIZATION	GOBP_LIPID_DROPLET_ORGANIZATION		31	0.28017688	0.81313086	0.76744187	0.98160493	1.0	3616	tags=39%, list=19%, signal=47%	
GOBP_ACTIVIN_RECEPTOR_SIGNALING_PATHWAY	GOBP_ACTIVIN_RECEPTOR_SIGNALING_PATHWAY		47	0.25669646	0.8128348	0.81648934	0.9815	1.0	2704	tags=21%, list=14%, signal=25%	
GOBP_NUCLEOTIDE_EXCISION_REPAIR	GOBP_NUCLEOTIDE_EXCISION_REPAIR		82	0.23303923	0.81239825	0.89325845	0.9816463	1.0	5108	tags=32%, list=26%, signal=43%	
GOMF_NUCLEAR_STEROID_RECEPTOR_ACTIVITY	GOMF_NUCLEAR_STEROID_RECEPTOR_ACTIVITY		25	0.29616863	0.81207895	0.7800926	0.98158985	1.0	1916	tags=16%, list=10%, signal=18%	
GOBP_RUFFLE_ASSEMBLY	GOBP_RUFFLE_ASSEMBLY		44	0.2614994	0.8119802	0.824147	0.9811212	1.0	1710	tags=16%, list=9%, signal=17%	
GOBP_NEGATIVE_REGULATION_OF_GLUCONEOGENESIS	GOBP_NEGATIVE_REGULATION_OF_GLUCONEOGENESIS		15	0.32751125	0.81128854	0.72866523	0.9816943	1.0	3073	tags=20%, list=16%, signal=24%	
GOBP_REGULATION_OF_INCLUSION_BODY_ASSEMBLY	GOBP_REGULATION_OF_INCLUSION_BODY_ASSEMBLY		17	0.31856325	0.81110704	0.7567568	0.98138815	1.0	1957	tags=18%, list=10%, signal=20%	
GOBP_PYRIMIDINE_NUCLEOTIDE_METABOLIC_PROCESS	GOBP_PYRIMIDINE_NUCLEOTIDE_METABOLIC_PROCESS		52	0.24829851	0.8103424	0.8207283	0.98211986	1.0	2539	tags=19%, list=13%, signal=22%	
GOMF_GENERAL_TRANSCRIPTION_INITIATION_FACTOR_BINDING	GOMF_GENERAL_TRANSCRIPTION_INITIATION_FACTOR_BINDING		53	0.2531844	0.810233	0.85026735	0.98167247	1.0	4620	tags=32%, list=24%, signal=42%	
GOBP_RRNA_METABOLIC_PROCESS	GOBP_RRNA_METABOLIC_PROCESS		240	0.20171134	0.8097983	0.9835391	0.9818002	1.0	5117	tags=26%, list=26%, signal=35%	
GOBP_REGULATION_OF_OXIDATIVE_PHOSPHORYLATION	GOBP_REGULATION_OF_OXIDATIVE_PHOSPHORYLATION		20	0.30988312	0.8091331	0.7372093	0.98237777	1.0	3322	tags=30%, list=17%, signal=36%	
GOBP_SULFUR_COMPOUND_CATABOLIC_PROCESS	GOBP_SULFUR_COMPOUND_CATABOLIC_PROCESS		44	0.2626838	0.8091103	0.7912371	0.98176664	1.0	3248	tags=27%, list=17%, signal=33%	
GOBP_TRICARBOXYLIC_ACID_CYCLE	GOBP_TRICARBOXYLIC_ACID_CYCLE		30	0.27984414	0.80808836	0.78643215	0.9829228	1.0	4466	tags=33%, list=23%, signal=43%	
GOBP_PROTEIN_TRANSPORT_TO_VACUOLE_INVOLVED_IN_UBIQUITIN_DEPENDENT_PROTEIN_CATABOLIC_PROCESS_VIA_THE_MULTIVESICULAR_BODY_SORTING_PATHWAY	GOBP_PROTEIN_TRANSPORT_TO_VACUOLE_INVOLVED_IN_UBIQUITIN_DEPENDENT_PROTEIN_CATABOLIC_PROCESS_VIA_THE_MULTIVESICULAR_BODY_SORTING_PATHWAY		15	0.32949102	0.8067927	0.7380952	0.98451495	1.0	4854	tags=40%, list=25%, signal=53%	
GOBP_VESICLE_CYTOSKELETAL_TRAFFICKING	GOBP_VESICLE_CYTOSKELETAL_TRAFFICKING		59	0.24150062	0.80659175	0.85365856	0.9842271	1.0	4363	tags=36%, list=22%, signal=46%	
GOBP_PROTEIN_ACETYLATION	GOBP_PROTEIN_ACETYLATION		52	0.24871615	0.8063528	0.85978836	0.9840007	1.0	3130	tags=21%, list=16%, signal=25%	
GOBP_PHOSPHATE_ION_TRANSPORT	GOBP_PHOSPHATE_ION_TRANSPORT		27	0.29526398	0.8062427	0.765625	0.9835438	1.0	616	tags=7%, list=3%, signal=8%	
GOBP_PROTEIN_K11_LINKED_UBIQUITINATION	GOBP_PROTEIN_K11_LINKED_UBIQUITINATION		33	0.27973354	0.8060687	0.76555026	0.98318887	1.0	3556	tags=30%, list=18%, signal=37%	
GOBP_ATRIAL_CARDIAC_MUSCLE_CELL_TO_AV_NODE_CELL_COMMUNICATION	GOBP_ATRIAL_CARDIAC_MUSCLE_CELL_TO_AV_NODE_CELL_COMMUNICATION		18	0.31595016	0.8051352	0.7640187	0.98414373	1.0	623	tags=11%, list=3%, signal=11%	
GOMF_MECHANOSENSITIVE_MONOATOMIC_ION_CHANNEL_ACTIVITY	GOMF_MECHANOSENSITIVE_MONOATOMIC_ION_CHANNEL_ACTIVITY		16	0.32757735	0.8036454	0.7471526	0.9860742	1.0	1736	tags=19%, list=9%, signal=21%	
GOBP_MITOPHAGY	GOBP_MITOPHAGY		61	0.24125798	0.80364126	0.8475936	0.9854324	1.0	4009	tags=28%, list=21%, signal=35%	
GOCC_TRAPP_COMPLEX	GOCC_TRAPP_COMPLEX		15	0.3274227	0.80306524	0.72869956	0.9857609	1.0	6261	tags=53%, list=32%, signal=79%	
GOBP_RETROGRADE_TRANSPORT_ENDOSOME_TO_GOLGI	GOBP_RETROGRADE_TRANSPORT_ENDOSOME_TO_GOLGI		92	0.22682597	0.8027956	0.9150685	0.9855634	1.0	4178	tags=26%, list=22%, signal=33%	
GOMF_NEUROTRANSMITTER_RECEPTOR_ACTIVITY_INVOLVED_IN_REGULATION_OF_POSTSYNAPTIC_MEMBRANE_POTENTIAL	GOMF_NEUROTRANSMITTER_RECEPTOR_ACTIVITY_INVOLVED_IN_REGULATION_OF_POSTSYNAPTIC_MEMBRANE_POTENTIAL		54	0.24704514	0.8027161	0.85974026	0.9850531	1.0	4070	tags=20%, list=21%, signal=26%	
GOBP_RESPONSE_TO_MUSCLE_STRETCH	GOBP_RESPONSE_TO_MUSCLE_STRETCH		25	0.2959083	0.8025702	0.7651163	0.9846401	1.0	1401	tags=16%, list=7%, signal=17%	
GOMF_PHOSPHATIDYLINOSITOL_3_PHOSPHATE_BINDING	GOMF_PHOSPHATIDYLINOSITOL_3_PHOSPHATE_BINDING		41	0.2605979	0.80256885	0.8134328	0.98399353	1.0	3948	tags=37%, list=20%, signal=46%	
GOBP_LATE_ENDOSOME_TO_VACUOLE_TRANSPORT_VIA_MULTIVESICULAR_BODY_SORTING_PATHWAY	GOBP_LATE_ENDOSOME_TO_VACUOLE_TRANSPORT_VIA_MULTIVESICULAR_BODY_SORTING_PATHWAY		26	0.28366613	0.802537	0.7878788	0.9833958	1.0	5017	tags=38%, list=26%, signal=52%	
GOCC_ROUGH_ENDOPLASMIC_RETICULUM	GOCC_ROUGH_ENDOPLASMIC_RETICULUM		57	0.2445714	0.8025118	0.87027025	0.98278874	1.0	4816	tags=37%, list=25%, signal=49%	
GOBP_RESPONSE_TO_MANGANESE_ION	GOBP_RESPONSE_TO_MANGANESE_ION		17	0.31783485	0.8022935	0.7384259	0.9825151	1.0	1815	tags=24%, list=9%, signal=26%	
GOBP_MITOCHONDRIAL_CALCIUM_ION_HOMEOSTASIS	GOBP_MITOCHONDRIAL_CALCIUM_ION_HOMEOSTASIS		22	0.29821372	0.80198777	0.75555557	0.98239136	1.0	1581	tags=18%, list=8%, signal=20%	
GOBP_COPII_COATED_VESICLE_BUDDING	GOBP_COPII_COATED_VESICLE_BUDDING		42	0.2582055	0.80173296	0.8165829	0.98217505	1.0	5743	tags=45%, list=30%, signal=64%	
GOMF_PEPTIDASE_ACTIVATOR_ACTIVITY	GOMF_PEPTIDASE_ACTIVATOR_ACTIVITY		56	0.24402834	0.801165	0.86340207	0.98251665	1.0	2569	tags=16%, list=13%, signal=18%	
GOBP_REGULATION_OF_VENTRICULAR_CARDIAC_MUSCLE_CELL_MEMBRANE_REPOLARIZATION	GOBP_REGULATION_OF_VENTRICULAR_CARDIAC_MUSCLE_CELL_MEMBRANE_REPOLARIZATION		23	0.29756624	0.8011484	0.8009592	0.98190206	1.0	4271	tags=39%, list=22%, signal=50%	
GOBP_PROTEIN_KINASE_C_ACTIVATING_G_PROTEIN_COUPLED_RECEPTOR_SIGNALING_PATHWAY	GOBP_PROTEIN_KINASE_C_ACTIVATING_G_PROTEIN_COUPLED_RECEPTOR_SIGNALING_PATHWAY		27	0.28732276	0.80008864	0.78506786	0.9830143	1.0	2671	tags=22%, list=14%, signal=26%	
GOBP_CELLULAR_PIGMENTATION	GOBP_CELLULAR_PIGMENTATION		62	0.24376842	0.79962105	0.84195405	0.983154	1.0	4168	tags=31%, list=21%, signal=39%	
GOBP_PHOSPHATE_ION_HOMEOSTASIS	GOBP_PHOSPHATE_ION_HOMEOSTASIS		19	0.30865958	0.7994647	0.74654377	0.98276645	1.0	3193	tags=16%, list=16%, signal=19%	
GOMF_ACETYLCHOLINE_RECEPTOR_ACTIVITY	GOMF_ACETYLCHOLINE_RECEPTOR_ACTIVITY		21	0.30030587	0.7988902	0.7433036	0.9830915	1.0	5426	tags=29%, list=28%, signal=40%	
GOBP_POSITIVE_REGULATION_OF_PROTEIN_UBIQUITINATION	GOBP_POSITIVE_REGULATION_OF_PROTEIN_UBIQUITINATION		100	0.22041658	0.7987414	0.90123457	0.98271143	1.0	4346	tags=27%, list=22%, signal=35%	
GOBP_LYMPHOID_PROGENITOR_CELL_DIFFERENTIATION	GOBP_LYMPHOID_PROGENITOR_CELL_DIFFERENTIATION		24	0.29210186	0.7985143	0.7821782	0.98246044	1.0	383	tags=8%, list=2%, signal=8%	
GOBP_DNA_TEMPLATED_TRANSCRIPTION_ELONGATION	GOBP_DNA_TEMPLATED_TRANSCRIPTION_ELONGATION		119	0.2148419	0.7973338	0.9419355	0.98375726	1.0	2699	tags=13%, list=14%, signal=16%	
GOBP_DNA_TEMPLATED_TRANSCRIPTION_TERMINATION	GOBP_DNA_TEMPLATED_TRANSCRIPTION_TERMINATION		22	0.3013135	0.79732054	0.78654295	0.98314136	1.0	5782	tags=41%, list=30%, signal=58%	
GOBP_PROTEIN_AUTOUBIQUITINATION	GOBP_PROTEIN_AUTOUBIQUITINATION		67	0.23177928	0.7960398	0.88642657	0.9845836	1.0	5444	tags=42%, list=28%, signal=58%	
GOMF_ATP_DEPENDENT_PROTEIN_FOLDING_CHAPERONE	GOMF_ATP_DEPENDENT_PROTEIN_FOLDING_CHAPERONE		31	0.2781244	0.79585266	0.7964824	0.98423153	1.0	4912	tags=29%, list=25%, signal=39%	
GOBP_REGULATION_OF_MITOCHONDRIAL_OUTER_MEMBRANE_PERMEABILIZATION_INVOLVED_IN_APOPTOTIC_SIGNALING_PATHWAY	GOBP_REGULATION_OF_MITOCHONDRIAL_OUTER_MEMBRANE_PERMEABILIZATION_INVOLVED_IN_APOPTOTIC_SIGNALING_PATHWAY		19	0.31071156	0.7953968	0.75283444	0.984346	1.0	4690	tags=37%, list=24%, signal=49%	
GOBP_STRESS_GRANULE_ASSEMBLY	GOBP_STRESS_GRANULE_ASSEMBLY		34	0.26948604	0.7950787	0.7894737	0.98426825	1.0	4444	tags=35%, list=23%, signal=46%	
GOBP_DIOL_BIOSYNTHETIC_PROCESS	GOBP_DIOL_BIOSYNTHETIC_PROCESS		19	0.30127454	0.79493153	0.77803737	0.98386073	1.0	2424	tags=32%, list=12%, signal=36%	
GOBP_ATP_METABOLIC_PROCESS	GOBP_ATP_METABOLIC_PROCESS		182	0.20250168	0.7947959	0.9766667	0.98344266	1.0	3484	tags=19%, list=18%, signal=23%	
GOBP_REGULATION_OF_ORGANELLE_ASSEMBLY	GOBP_REGULATION_OF_ORGANELLE_ASSEMBLY		229	0.19702274	0.79446965	0.984252	0.9833309	1.0	4555	tags=26%, list=23%, signal=33%	
GOBP_MACROMOLECULE_DEACYLATION	GOBP_MACROMOLECULE_DEACYLATION		58	0.23992679	0.79388934	0.8567839	0.98359716	1.0	4253	tags=31%, list=22%, signal=40%	
GOBP_POSITIVE_REGULATION_OF_SMOOTH_MUSCLE_CELL_DIFFERENTIATION	GOBP_POSITIVE_REGULATION_OF_SMOOTH_MUSCLE_CELL_DIFFERENTIATION		16	0.3195127	0.7938114	0.76053214	0.9830734	1.0	4366	tags=38%, list=22%, signal=48%	
GOBP_MUSCLE_HYPERTROPHY_IN_RESPONSE_TO_STRESS	GOBP_MUSCLE_HYPERTROPHY_IN_RESPONSE_TO_STRESS		24	0.2827956	0.79287225	0.78281623	0.98390555	1.0	3203	tags=33%, list=16%, signal=40%	
GOBP_POSITIVE_REGULATION_OF_MEMBRANE_PERMEABILITY	GOBP_POSITIVE_REGULATION_OF_MEMBRANE_PERMEABILITY		39	0.25901878	0.79280984	0.8316583	0.98337847	1.0	4690	tags=28%, list=24%, signal=37%	
GOBP_GASTRULATION_WITH_MOUTH_FORMING_SECOND	GOBP_GASTRULATION_WITH_MOUTH_FORMING_SECOND		26	0.28848916	0.792794	0.79012346	0.9827717	1.0	3161	tags=27%, list=16%, signal=32%	
GOBP_VENTRICULAR_CARDIAC_MUSCLE_CELL_MEMBRANE_REPOLARIZATION	GOBP_VENTRICULAR_CARDIAC_MUSCLE_CELL_MEMBRANE_REPOLARIZATION		28	0.27647477	0.78969306	0.77506113	0.9870202	1.0	4271	tags=36%, list=22%, signal=46%	
GOBP_REGULATION_OF_LYSOSOMAL_LUMEN_PH	GOBP_REGULATION_OF_LYSOSOMAL_LUMEN_PH		31	0.2694663	0.7889664	0.8	0.9874661	1.0	4971	tags=32%, list=26%, signal=43%	
GOMF_MANNOSIDASE_ACTIVITY	GOMF_MANNOSIDASE_ACTIVITY		15	0.31980944	0.78797287	0.7351598	0.9883313	1.0	930	tags=13%, list=5%, signal=14%	
GOBP_NUCLEAR_TRANSCRIBED_MRNA_CATABOLIC_PROCESS_DEADENYLATION_DEPENDENT_DECAY	GOBP_NUCLEAR_TRANSCRIBED_MRNA_CATABOLIC_PROCESS_DEADENYLATION_DEPENDENT_DECAY		57	0.24109095	0.78590906	0.8684211	0.99092275	1.0	3588	tags=21%, list=18%, signal=26%	
GOMF_RNA_POLYMERASE_BINDING	GOMF_RNA_POLYMERASE_BINDING		54	0.24380858	0.78517455	0.8484849	0.9914289	1.0	3623	tags=28%, list=19%, signal=34%	
GOMF_EXCITATORY_EXTRACELLULAR_LIGAND_GATED_MONOATOMIC_ION_CHANNEL_ACTIVITY	GOMF_EXCITATORY_EXTRACELLULAR_LIGAND_GATED_MONOATOMIC_ION_CHANNEL_ACTIVITY		33	0.26509568	0.7849968	0.8425	0.9910553	1.0	4049	tags=24%, list=21%, signal=31%	
GOBP_RNA_CATABOLIC_PROCESS	GOBP_RNA_CATABOLIC_PROCESS		276	0.18841211	0.78487957	0.99559474	0.99059343	1.0	3588	tags=18%, list=18%, signal=22%	
GOBP_NEGATIVE_REGULATION_OF_TELOMERE_MAINTENANCE_VIA_TELOMERE_LENGTHENING	GOBP_NEGATIVE_REGULATION_OF_TELOMERE_MAINTENANCE_VIA_TELOMERE_LENGTHENING		25	0.27593175	0.7835184	0.8183908	0.99202985	1.0	4455	tags=32%, list=23%, signal=41%	
GOBP_NEGATIVE_REGULATION_OF_PROTEIN_LOCALIZATION_TO_CELL_PERIPHERY	GOBP_NEGATIVE_REGULATION_OF_PROTEIN_LOCALIZATION_TO_CELL_PERIPHERY		30	0.27118936	0.78312534	0.8250591	0.9919881	1.0	4078	tags=37%, list=21%, signal=46%	
GOBP_GOLGI_ORGANIZATION	GOBP_GOLGI_ORGANIZATION		139	0.20245486	0.78199214	0.9665552	0.9930214	1.0	4894	tags=30%, list=25%, signal=40%	
GOBP_REGULATION_OF_PHOSPHOLIPID_BIOSYNTHETIC_PROCESS	GOBP_REGULATION_OF_PHOSPHOLIPID_BIOSYNTHETIC_PROCESS		15	0.3199739	0.78091794	0.78281623	0.993996	1.0	4589	tags=33%, list=24%, signal=44%	
GOMF_ATPASE_ACTIVATOR_ACTIVITY	GOMF_ATPASE_ACTIVATOR_ACTIVITY		26	0.27622268	0.78055173	0.8074074	0.9938948	1.0	3874	tags=31%, list=20%, signal=38%	
GOBP_POSITIVE_REGULATION_OF_ISOTYPE_SWITCHING	GOBP_POSITIVE_REGULATION_OF_ISOTYPE_SWITCHING		25	0.2818271	0.78026587	0.8066826	0.9936807	1.0	2056	tags=20%, list=11%, signal=22%	
GOBP_NUCLEOSIDE_MONOPHOSPHATE_CATABOLIC_PROCESS	GOBP_NUCLEOSIDE_MONOPHOSPHATE_CATABOLIC_PROCESS		19	0.29962584	0.7798981	0.7858672	0.9935807	1.0	1321	tags=16%, list=7%, signal=17%	
GOBP_NEGATIVE_REGULATION_OF_PROTEIN_LOCALIZATION_TO_MEMBRANE	GOBP_NEGATIVE_REGULATION_OF_PROTEIN_LOCALIZATION_TO_MEMBRANE		37	0.2596657	0.7791238	0.8636364	0.99406254	1.0	4293	tags=35%, list=22%, signal=45%	
GOBP_REGULATION_OF_POSTSYNAPTIC_DENSITY_ORGANIZATION	GOBP_REGULATION_OF_POSTSYNAPTIC_DENSITY_ORGANIZATION		16	0.3049271	0.7785817	0.7809111	0.99421227	1.0	501	tags=13%, list=3%, signal=13%	
GOCC_TRANSLATION_PREINITIATION_COMPLEX	GOCC_TRANSLATION_PREINITIATION_COMPLEX		18	0.30012769	0.7779997	0.79818594	0.9944535	1.0	4006	tags=17%, list=21%, signal=21%	
GOBP_ESTABLISHMENT_OF_PROTEIN_LOCALIZATION_TO_MEMBRANE	GOBP_ESTABLISHMENT_OF_PROTEIN_LOCALIZATION_TO_MEMBRANE		256	0.19263862	0.7776522	0.9958678	0.99433005	1.0	4337	tags=25%, list=22%, signal=32%	
GOBP_REGULATION_OF_MITOPHAGY	GOBP_REGULATION_OF_MITOPHAGY		32	0.26613215	0.77741164	0.8217822	0.9940468	1.0	3883	tags=28%, list=20%, signal=35%	
GOBP_NUCLEAR_EXPORT	GOBP_NUCLEAR_EXPORT		157	0.20015281	0.7771686	0.98381877	0.99376446	1.0	4703	tags=24%, list=24%, signal=32%	
GOBP_TRNA_DECAY	GOBP_TRNA_DECAY		15	0.31425682	0.7769784	0.7657658	0.99338776	1.0	3555	tags=27%, list=18%, signal=33%	
GOBP_REGULATION_OF_DEFENSE_RESPONSE_TO_VIRUS	GOBP_REGULATION_OF_DEFENSE_RESPONSE_TO_VIRUS		56	0.23830391	0.77569664	0.8965517	0.99454945	1.0	2089	tags=14%, list=11%, signal=16%	
GOBP_PEPTIDYL_THREONINE_MODIFICATION	GOBP_PEPTIDYL_THREONINE_MODIFICATION		101	0.21538192	0.77529544	0.95583594	0.9944389	1.0	5032	tags=37%, list=26%, signal=49%	
GOBP_POSITIVE_REGULATION_OF_SPROUTING_ANGIOGENESIS	GOBP_POSITIVE_REGULATION_OF_SPROUTING_ANGIOGENESIS		22	0.2881889	0.7738105	0.8045977	0.99585813	1.0	2803	tags=23%, list=14%, signal=27%	
GOBP_RESPONSE_TO_MITOCHONDRIAL_DEPOLARISATION	GOBP_RESPONSE_TO_MITOCHONDRIAL_DEPOLARISATION		18	0.30855286	0.77323437	0.7943723	0.99606067	1.0	4444	tags=39%, list=23%, signal=50%	
GOMF_EXONUCLEASE_ACTIVITY	GOMF_EXONUCLEASE_ACTIVITY		83	0.2206574	0.7731415	0.933518	0.99555516	1.0	3363	tags=18%, list=17%, signal=22%	
GOMF_NADPLUS_BINDING	GOMF_NADPLUS_BINDING		18	0.30336037	0.7731099	0.7847826	0.99497366	1.0	3329	tags=44%, list=17%, signal=54%	
GOMF_GAP_JUNCTION_CHANNEL_ACTIVITY	GOMF_GAP_JUNCTION_CHANNEL_ACTIVITY		23	0.2844161	0.77307683	0.8210784	0.99438465	1.0	42	tags=4%, list=0%, signal=4%	
GOBP_NEGATIVE_REGULATION_OF_DEFENSE_RESPONSE_TO_VIRUS	GOBP_NEGATIVE_REGULATION_OF_DEFENSE_RESPONSE_TO_VIRUS		15	0.3146702	0.7728353	0.7818182	0.9940839	1.0	5902	tags=47%, list=30%, signal=67%	
GOBP_CD4_POSITIVE_OR_CD8_POSITIVE_ALPHA_BETA_T_CELL_LINEAGE_COMMITMENT	GOBP_CD4_POSITIVE_OR_CD8_POSITIVE_ALPHA_BETA_T_CELL_LINEAGE_COMMITMENT		30	0.26935706	0.77228206	0.8629808	0.99421716	1.0	3507	tags=27%, list=18%, signal=32%	
GOMF_UBIQUITIN_CONJUGATING_ENZYME_BINDING	GOMF_UBIQUITIN_CONJUGATING_ENZYME_BINDING		27	0.27722582	0.7715523	0.81527096	0.99456954	1.0	4687	tags=37%, list=24%, signal=49%	
GOBP_NEGATIVE_REGULATION_OF_LIPID_BIOSYNTHETIC_PROCESS	GOBP_NEGATIVE_REGULATION_OF_LIPID_BIOSYNTHETIC_PROCESS		54	0.23882622	0.7712615	0.8911917	0.9943274	1.0	3136	tags=19%, list=16%, signal=22%	
GOBP_REGULATION_OF_SYNAPSE_MATURATION	GOBP_REGULATION_OF_SYNAPSE_MATURATION		21	0.28643975	0.77069527	0.8198614	0.994499	1.0	2211	tags=19%, list=11%, signal=21%	
GOBP_HEART_TRABECULA_FORMATION	GOBP_HEART_TRABECULA_FORMATION		15	0.31349796	0.77064985	0.7971698	0.9939288	1.0	1737	tags=27%, list=9%, signal=29%	
GOBP_FORMATION_OF_EXTRACHROMOSOMAL_CIRCULAR_DNA	GOBP_FORMATION_OF_EXTRACHROMOSOMAL_CIRCULAR_DNA		15	0.3211438	0.77048635	0.8032787	0.9935194	1.0	5047	tags=40%, list=26%, signal=54%	
GOBP_G1_TO_G0_TRANSITION	GOBP_G1_TO_G0_TRANSITION		18	0.3026138	0.7700967	0.7740492	0.99342215	1.0	662	tags=11%, list=3%, signal=11%	
GOBP_LYSOSOMAL_TRANSPORT	GOBP_LYSOSOMAL_TRANSPORT		131	0.20624977	0.7696236	0.9671533	0.99347246	1.0	2790	tags=18%, list=14%, signal=20%	
GOBP_PRESYNAPTIC_MODULATION_OF_CHEMICAL_SYNAPTIC_TRANSMISSION	GOBP_PRESYNAPTIC_MODULATION_OF_CHEMICAL_SYNAPTIC_TRANSMISSION		35	0.25627574	0.76894104	0.858156	0.99377537	1.0	4280	tags=26%, list=22%, signal=33%	
GOBP_REGULATION_OF_ENDOPLASMIC_RETICULUM_UNFOLDED_PROTEIN_RESPONSE	GOBP_REGULATION_OF_ENDOPLASMIC_RETICULUM_UNFOLDED_PROTEIN_RESPONSE		27	0.27101645	0.76779073	0.8395349	0.99473476	1.0	5484	tags=37%, list=28%, signal=52%	
GOBP_ENDOSOME_TO_LYSOSOME_TRANSPORT	GOBP_ENDOSOME_TO_LYSOSOME_TRANSPORT		71	0.22235155	0.76770693	0.9293785	0.99422497	1.0	2631	tags=18%, list=14%, signal=21%	
GOBP_VESICLE_TARGETING_ROUGH_ER_TO_CIS_GOLGI	GOBP_VESICLE_TARGETING_ROUGH_ER_TO_CIS_GOLGI		26	0.27878267	0.76731884	0.8402626	0.99412256	1.0	5743	tags=42%, list=30%, signal=60%	
GOBP_VACUOLE_ORGANIZATION	GOBP_VACUOLE_ORGANIZATION		222	0.19232774	0.76723576	0.99610895	0.9935968	1.0	5176	tags=33%, list=27%, signal=45%	
GOMF_MRNA_5_UTR_BINDING	GOMF_MRNA_5_UTR_BINDING		24	0.2799409	0.7669488	0.8088235	0.99334747	1.0	5242	tags=46%, list=27%, signal=63%	
GOBP_DNA_MODIFICATION	GOBP_DNA_MODIFICATION		41	0.24889557	0.7666718	0.8607595	0.9930986	1.0	4099	tags=27%, list=21%, signal=34%	
GOBP_NEGATIVE_REGULATION_OF_TYPE_I_INTERFERON_MEDIATED_SIGNALING_PATHWAY	GOBP_NEGATIVE_REGULATION_OF_TYPE_I_INTERFERON_MEDIATED_SIGNALING_PATHWAY		22	0.28527355	0.7665379	0.83653843	0.9926621	1.0	2089	tags=14%, list=11%, signal=15%	
GOCC_ENDOPLASMIC_RETICULUM_GOLGI_INTERMEDIATE_COMPARTMENT_MEMBRANE	GOCC_ENDOPLASMIC_RETICULUM_GOLGI_INTERMEDIATE_COMPARTMENT_MEMBRANE		79	0.2203344	0.7658835	0.9430199	0.99291503	1.0	4388	tags=32%, list=23%, signal=41%	
GOCC_VESICLE_TETHERING_COMPLEX	GOCC_VESICLE_TETHERING_COMPLEX		63	0.22888869	0.7656352	0.9132653	0.9926066	1.0	5807	tags=43%, list=30%, signal=61%	
GOMF_HISTONE_H4_ACETYLTRANSFERASE_ACTIVITY	GOMF_HISTONE_H4_ACETYLTRANSFERASE_ACTIVITY		19	0.29141596	0.76563406	0.7832168	0.99198604	1.0	1526	tags=16%, list=8%, signal=17%	
GOBP_REGULATION_OF_CARDIAC_MUSCLE_CONTRACTION_BY_CALCIUM_ION_SIGNALING	GOBP_REGULATION_OF_CARDIAC_MUSCLE_CONTRACTION_BY_CALCIUM_ION_SIGNALING		25	0.2767569	0.7653641	0.85131896	0.991729	1.0	3179	tags=20%, list=16%, signal=24%	
GOBP_AEROBIC_RESPIRATION	GOBP_AEROBIC_RESPIRATION		148	0.20035098	0.76517355	0.992674	0.9913508	1.0	5604	tags=36%, list=29%, signal=50%	
GOBP_PYRIMIDINE_RIBONUCLEOTIDE_METABOLIC_PROCESS	GOBP_PYRIMIDINE_RIBONUCLEOTIDE_METABOLIC_PROCESS		31	0.2644617	0.7649349	0.86341465	0.99104357	1.0	2539	tags=19%, list=13%, signal=22%	
GOCC_SNARE_COMPLEX	GOCC_SNARE_COMPLEX		50	0.23600017	0.7646652	0.89058524	0.9908049	1.0	4228	tags=26%, list=22%, signal=33%	
GOBP_REGULATION_OF_STRIATED_MUSCLE_TISSUE_DEVELOPMENT	GOBP_REGULATION_OF_STRIATED_MUSCLE_TISSUE_DEVELOPMENT		18	0.29806867	0.763502	0.7819383	0.99168825	1.0	1680	tags=17%, list=9%, signal=18%	
GOMF_L_ASCORBIC_ACID_BINDING	GOMF_L_ASCORBIC_ACID_BINDING		20	0.29067177	0.7630043	0.79812205	0.9917218	1.0	2277	tags=25%, list=12%, signal=28%	
GOBP_NUCLEAR_ENVELOPE_ORGANIZATION	GOBP_NUCLEAR_ENVELOPE_ORGANIZATION		54	0.23387985	0.7628099	0.9042821	0.99134666	1.0	4655	tags=33%, list=24%, signal=44%	
GOBP_PORPHYRIN_CONTAINING_COMPOUND_METABOLIC_PROCESS	GOBP_PORPHYRIN_CONTAINING_COMPOUND_METABOLIC_PROCESS		49	0.23775679	0.76228124	0.90514904	0.9913855	1.0	4631	tags=37%, list=24%, signal=48%	
GOBP_ALCOHOL_CATABOLIC_PROCESS	GOBP_ALCOHOL_CATABOLIC_PROCESS		34	0.2547727	0.7620436	0.8618926	0.99106556	1.0	2404	tags=15%, list=12%, signal=17%	
GOBP_RESPONSE_TO_LEAD_ION	GOBP_RESPONSE_TO_LEAD_ION		21	0.2873176	0.76187587	0.8207547	0.9906767	1.0	2642	tags=24%, list=14%, signal=28%	
GOBP_REGULATION_OF_RESPIRATORY_GASEOUS_EXCHANGE	GOBP_REGULATION_OF_RESPIRATORY_GASEOUS_EXCHANGE		25	0.284282	0.76028216	0.8221709	0.9920616	1.0	2642	tags=20%, list=14%, signal=23%	
GOBP_SPERM_EGG_RECOGNITION	GOBP_SPERM_EGG_RECOGNITION		49	0.23813601	0.759448	0.9130435	0.9924806	1.0	4847	tags=29%, list=25%, signal=38%	
GOBP_AUDITORY_RECEPTOR_CELL_MORPHOGENESIS	GOBP_AUDITORY_RECEPTOR_CELL_MORPHOGENESIS		19	0.29182363	0.75824565	0.83370787	0.99331486	1.0	3642	tags=26%, list=19%, signal=32%	
GOCC_PEPTIDASE_COMPLEX	GOCC_PEPTIDASE_COMPLEX		114	0.20678759	0.7579609	0.9741936	0.9930461	1.0	2982	tags=18%, list=15%, signal=21%	
GOBP_PRIMARY_AMINO_COMPOUND_METABOLIC_PROCESS	GOBP_PRIMARY_AMINO_COMPOUND_METABOLIC_PROCESS		15	0.3091685	0.75707364	0.7927928	0.99351686	1.0	4061	tags=27%, list=21%, signal=34%	
GOMF_SNORNA_BINDING	GOMF_SNORNA_BINDING		30	0.26470026	0.7568005	0.9019608	0.9932314	1.0	4583	tags=23%, list=24%, signal=30%	
GOCC_RESPIRASOME	GOCC_RESPIRASOME		79	0.21462029	0.7555391	0.9548023	0.9941399	1.0	6668	tags=44%, list=34%, signal=67%	
GOCC_CYTOSOLIC_REGION	GOCC_CYTOSOLIC_REGION		19	0.2926591	0.75514793	0.8202765	0.9939811	1.0	5574	tags=42%, list=29%, signal=59%	
GOBP_MELANOSOME_ASSEMBLY	GOBP_MELANOSOME_ASSEMBLY		18	0.29233634	0.7549254	0.81152993	0.9936445	1.0	5368	tags=28%, list=28%, signal=38%	
GOBP_ENDOSOME_TO_LYSOSOME_TRANSPORT_VIA_MULTIVESICULAR_BODY_SORTING_PATHWAY	GOBP_ENDOSOME_TO_LYSOSOME_TRANSPORT_VIA_MULTIVESICULAR_BODY_SORTING_PATHWAY		17	0.29526225	0.75445724	0.84474885	0.9935905	1.0	5017	tags=35%, list=26%, signal=48%	
GOBP_RESPONSE_TO_INTERLEUKIN_7	GOBP_RESPONSE_TO_INTERLEUKIN_7		16	0.30017018	0.7534591	0.8348214	0.9941549	1.0	1211	tags=13%, list=6%, signal=13%	
GOBP_RESPONSE_TO_UV_B	GOBP_RESPONSE_TO_UV_B		20	0.28587174	0.75309145	0.8313539	0.9939635	1.0	1208	tags=10%, list=6%, signal=11%	
GOBP_REGULATION_OF_RETINOIC_ACID_RECEPTOR_SIGNALING_PATHWAY	GOBP_REGULATION_OF_RETINOIC_ACID_RECEPTOR_SIGNALING_PATHWAY		16	0.30848092	0.75291306	0.80266076	0.9935527	1.0	2378	tags=19%, list=12%, signal=21%	
GOBP_REGULATION_OF_DEFENSE_RESPONSE_TO_VIRUS_BY_HOST	GOBP_REGULATION_OF_DEFENSE_RESPONSE_TO_VIRUS_BY_HOST		38	0.2523201	0.7518869	0.8932292	0.99411696	1.0	2089	tags=16%, list=11%, signal=18%	
GOMF_NOTCH_BINDING	GOMF_NOTCH_BINDING		22	0.28078547	0.7511811	0.8465116	0.9943389	1.0	2256	tags=14%, list=12%, signal=15%	
GOBP_CYTOPLASM_ORGANIZATION	GOBP_CYTOPLASM_ORGANIZATION		15	0.31169182	0.7503305	0.8351893	0.9946358	1.0	2126	tags=20%, list=11%, signal=22%	
GOBP_VESICLE_TARGETING_TO_FROM_OR_WITHIN_GOLGI	GOBP_VESICLE_TARGETING_TO_FROM_OR_WITHIN_GOLGI		33	0.25693175	0.7491407	0.8648649	0.9953843	1.0	5743	tags=36%, list=30%, signal=52%	
GOBP_ACETYL_COA_METABOLIC_PROCESS	GOBP_ACETYL_COA_METABOLIC_PROCESS		32	0.2580561	0.7483123	0.86797065	0.9957106	1.0	755	tags=9%, list=4%, signal=10%	
GOBP_RRNA_METHYLATION	GOBP_RRNA_METHYLATION		21	0.27906257	0.7478373	0.85209715	0.99560344	1.0	2173	tags=14%, list=11%, signal=16%	
GOMF_TAU_PROTEIN_BINDING	GOMF_TAU_PROTEIN_BINDING		42	0.2438488	0.7468996	0.89719623	0.9960806	1.0	3130	tags=17%, list=16%, signal=20%	
GOBP_PURINE_NUCLEOSIDE_METABOLIC_PROCESS	GOBP_PURINE_NUCLEOSIDE_METABOLIC_PROCESS		25	0.27441207	0.7457303	0.84184915	0.99675554	1.0	575	tags=12%, list=3%, signal=12%	
GOCC_PROTEASOME_CORE_COMPLEX	GOCC_PROTEASOME_CORE_COMPLEX		19	0.28834265	0.74477893	0.82954544	0.9971858	1.0	13827	tags=100%, list=71%, signal=347%	
GOMF_DEUBIQUITINASE_ACTIVITY	GOMF_DEUBIQUITINASE_ACTIVITY		90	0.20943415	0.7446455	0.9657143	0.9967121	1.0	4017	tags=24%, list=21%, signal=31%	
GOBP_REGULATION_OF_MRNA_METABOLIC_PROCESS	GOBP_REGULATION_OF_MRNA_METABOLIC_PROCESS		284	0.18049905	0.7439337	0.99545455	0.99687237	1.0	3487	tags=16%, list=18%, signal=19%	
GOBP_MYELIN_MAINTENANCE	GOBP_MYELIN_MAINTENANCE		16	0.30395737	0.7431255	0.812362	0.99717385	1.0	1396	tags=13%, list=7%, signal=13%	
GOMF_ATPASE_REGULATOR_ACTIVITY	GOMF_ATPASE_REGULATOR_ACTIVITY		46	0.2351498	0.74259883	0.94132656	0.9971414	1.0	4301	tags=28%, list=22%, signal=36%	
GOMF_METHYL_CPG_BINDING	GOMF_METHYL_CPG_BINDING		27	0.25985768	0.74257565	0.8708861	0.99655235	1.0	1444	tags=11%, list=7%, signal=12%	
GOCC_FLEMMING_BODY	GOCC_FLEMMING_BODY		34	0.25218353	0.7425288	0.8852041	0.99600303	1.0	3548	tags=18%, list=18%, signal=22%	
GOMF_CYCLOSPORIN_A_BINDING	GOMF_CYCLOSPORIN_A_BINDING		19	0.2851532	0.7418323	0.81860465	0.99614656	1.0	4234	tags=37%, list=22%, signal=47%	
GOCC_MITOCHONDRIA_ASSOCIATED_ENDOPLASMIC_RETICULUM_MEMBRANE_CONTACT_SITE	GOCC_MITOCHONDRIA_ASSOCIATED_ENDOPLASMIC_RETICULUM_MEMBRANE_CONTACT_SITE		22	0.2844954	0.74094474	0.85523385	0.99650306	1.0	6262	tags=45%, list=32%, signal=67%	
GOBP_RESPONSE_TO_PEPTIDE	GOBP_RESPONSE_TO_PEPTIDE		19	0.28625306	0.7403475	0.819222	0.9965445	1.0	3112	tags=32%, list=16%, signal=38%	
GOBP_NEGATIVE_REGULATION_OF_NATURAL_KILLER_CELL_MEDIATED_IMMUNITY	GOBP_NEGATIVE_REGULATION_OF_NATURAL_KILLER_CELL_MEDIATED_IMMUNITY		21	0.2799436	0.7402374	0.8366337	0.996056	1.0	1781	tags=14%, list=9%, signal=16%	
GOBP_REGULATION_OF_DNA_TEMPLATED_TRANSCRIPTION_INITIATION	GOBP_REGULATION_OF_DNA_TEMPLATED_TRANSCRIPTION_INITIATION		81	0.21062353	0.7392292	0.96590906	0.99651575	1.0	2699	tags=15%, list=14%, signal=17%	
GOBP_MAINTENANCE_OF_CELL_POLARITY	GOBP_MAINTENANCE_OF_CELL_POLARITY		17	0.29712343	0.7379055	0.8406466	0.997337	1.0	4771	tags=53%, list=25%, signal=70%	
GOBP_REGULATION_OF_ERYTHROCYTE_DIFFERENTIATION	GOBP_REGULATION_OF_ERYTHROCYTE_DIFFERENTIATION		42	0.23880294	0.7369451	0.91871923	0.99767923	1.0	3039	tags=21%, list=16%, signal=25%	
GOMF_INOSITOL_PHOSPHATE_PHOSPHATASE_ACTIVITY	GOMF_INOSITOL_PHOSPHATE_PHOSPHATASE_ACTIVITY		18	0.28353652	0.73590505	0.85046726	0.9981323	1.0	610	tags=11%, list=3%, signal=11%	
GOBP_OPTIC_NERVE_DEVELOPMENT	GOBP_OPTIC_NERVE_DEVELOPMENT		21	0.2751334	0.7358986	0.85211265	0.9975334	1.0	3737	tags=29%, list=19%, signal=35%	
GOBP_CELLULAR_METABOLIC_COMPOUND_SALVAGE	GOBP_CELLULAR_METABOLIC_COMPOUND_SALVAGE		31	0.25194377	0.73533773	0.8860465	0.99747384	1.0	575	tags=10%, list=3%, signal=10%	
GOBP_REGULATION_OF_MITOCHONDRIAL_MEMBRANE_POTENTIAL	GOBP_REGULATION_OF_MITOCHONDRIAL_MEMBRANE_POTENTIAL		66	0.2158399	0.73506653	0.9705882	0.9971622	1.0	2690	tags=18%, list=14%, signal=21%	
GOMF_TRANSPORTER_INHIBITOR_ACTIVITY	GOMF_TRANSPORTER_INHIBITOR_ACTIVITY		40	0.24317001	0.7349222	0.9156327	0.99668974	1.0	3257	tags=20%, list=17%, signal=24%	
GOMF_ZINC_ION_TRANSMEMBRANE_TRANSPORTER_ACTIVITY	GOMF_ZINC_ION_TRANSMEMBRANE_TRANSPORTER_ACTIVITY		24	0.2680322	0.7349161	0.8695652	0.99609035	1.0	3592	tags=21%, list=18%, signal=26%	
GOCC_SMN_SM_PROTEIN_COMPLEX	GOCC_SMN_SM_PROTEIN_COMPLEX		18	0.29098067	0.73411876	0.83715594	0.99627084	1.0	2909	tags=22%, list=15%, signal=26%	
GOBP_PROTEIN_TARGETING_TO_LYSOSOME	GOBP_PROTEIN_TARGETING_TO_LYSOSOME		32	0.25887036	0.73375607	0.8640777	0.9960211	1.0	2790	tags=22%, list=14%, signal=26%	
GOMF_FLOPPASE_ACTIVITY	GOMF_FLOPPASE_ACTIVITY		16	0.29791078	0.7337189	0.83035713	0.9954597	1.0	185	tags=6%, list=1%, signal=6%	
GOCC_INNER_MITOCHONDRIAL_MEMBRANE_PROTEIN_COMPLEX	GOCC_INNER_MITOCHONDRIAL_MEMBRANE_PROTEIN_COMPLEX		114	0.20060202	0.73363674	0.9874214	0.99493796	1.0	4991	tags=27%, list=26%, signal=36%	
GOBP_NUCLEOTIDE_TRANSMEMBRANE_TRANSPORT	GOBP_NUCLEOTIDE_TRANSMEMBRANE_TRANSPORT		29	0.25499576	0.7331317	0.90024936	0.9948575	1.0	3215	tags=24%, list=17%, signal=29%	
GOBP_PROGRAMMED_NECROTIC_CELL_DEATH	GOBP_PROGRAMMED_NECROTIC_CELL_DEATH		50	0.22976966	0.73240656	0.9363395	0.9949894	1.0	3462	tags=24%, list=18%, signal=29%	
GOMF_SODIUM_PROTON_ANTIPORTER_ACTIVITY	GOMF_SODIUM_PROTON_ANTIPORTER_ACTIVITY		16	0.2961649	0.73218375	0.84615386	0.9946139	1.0	2946	tags=19%, list=15%, signal=22%	
GOBP_ALTERNATIVE_MRNA_SPLICING_VIA_SPLICEOSOME	GOBP_ALTERNATIVE_MRNA_SPLICING_VIA_SPLICEOSOME		70	0.21246195	0.73033357	0.96703297	0.99582475	1.0	4828	tags=27%, list=25%, signal=36%	
GOMF_TRNA_METHYLTRANSFERASE_ACTIVITY	GOMF_TRNA_METHYLTRANSFERASE_ACTIVITY		32	0.24328105	0.72944754	0.9044289	0.9960993	1.0	4558	tags=38%, list=23%, signal=49%	
GOMF_N_ACYLTRANSFERASE_ACTIVITY	GOMF_N_ACYLTRANSFERASE_ACTIVITY		84	0.20724338	0.7288763	0.9773371	0.99604315	1.0	3702	tags=20%, list=19%, signal=25%	
GOBP_CORPUS_CALLOSUM_DEVELOPMENT	GOBP_CORPUS_CALLOSUM_DEVELOPMENT		26	0.26031953	0.7288099	0.9116279	0.9955058	1.0	3467	tags=27%, list=18%, signal=33%	
GOBP_NUCLEAR_TRANSCRIBED_MRNA_CATABOLIC_PROCESS	GOBP_NUCLEAR_TRANSCRIBED_MRNA_CATABOLIC_PROCESS		114	0.19996572	0.728676	0.98802394	0.9950508	1.0	4996	tags=26%, list=26%, signal=35%	
GOBP_RIBOSOMAL_SMALL_SUBUNIT_BIOGENESIS	GOBP_RIBOSOMAL_SMALL_SUBUNIT_BIOGENESIS		100	0.19918174	0.7282917	0.97947216	0.994838	1.0	5290	tags=25%, list=27%, signal=34%	
GOBP_REGULATION_OF_MITOCHONDRIAL_DEPOLARIZATION	GOBP_REGULATION_OF_MITOCHONDRIAL_DEPOLARIZATION		20	0.27580744	0.72822225	0.8820755	0.99431044	1.0	2690	tags=25%, list=14%, signal=29%	
GOBP_SPLICEOSOMAL_SNRNP_ASSEMBLY	GOBP_SPLICEOSOMAL_SNRNP_ASSEMBLY		41	0.24029432	0.72608024	0.93333334	0.9957969	1.0	3056	tags=20%, list=16%, signal=23%	
GOCC_CLATHRIN_VESICLE_COAT	GOCC_CLATHRIN_VESICLE_COAT		33	0.24615955	0.7250867	0.8830549	0.99610907	1.0	2529	tags=15%, list=13%, signal=17%	
GOBP_NEUROTROPHIN_TRK_RECEPTOR_SIGNALING_PATHWAY	GOBP_NEUROTROPHIN_TRK_RECEPTOR_SIGNALING_PATHWAY		26	0.2627186	0.7249573	0.89382714	0.99562097	1.0	3264	tags=23%, list=17%, signal=28%	
GOMF_LIPID_KINASE_ACTIVITY	GOMF_LIPID_KINASE_ACTIVITY		40	0.23480904	0.72278315	0.9232673	0.9970413	1.0	2244	tags=15%, list=12%, signal=17%	
GOBP_ENDOPLASMIC_RETICULUM_TO_GOLGI_VESICLE_MEDIATED_TRANSPORT	GOBP_ENDOPLASMIC_RETICULUM_TO_GOLGI_VESICLE_MEDIATED_TRANSPORT		131	0.19193137	0.72246814	1.0	0.99674755	1.0	5743	tags=40%, list=30%, signal=56%	
GOMF_OXYSTEROL_BINDING	GOMF_OXYSTEROL_BINDING		16	0.28826612	0.7218167	0.8394495	0.9967406	1.0	4092	tags=38%, list=21%, signal=47%	
GOBP_METALLO_SULFUR_CLUSTER_ASSEMBLY	GOBP_METALLO_SULFUR_CLUSTER_ASSEMBLY		24	0.26485133	0.72177434	0.8818182	0.9961802	1.0	4925	tags=42%, list=25%, signal=56%	
GOBP_POSTSYNAPTIC_SIGNAL_TRANSDUCTION	GOBP_POSTSYNAPTIC_SIGNAL_TRANSDUCTION		47	0.22559237	0.71872276	0.9512894	0.99836653	1.0	4049	tags=23%, list=21%, signal=29%	
GOMF_SULFURIC_ESTER_HYDROLASE_ACTIVITY	GOMF_SULFURIC_ESTER_HYDROLASE_ACTIVITY		16	0.28978023	0.71827775	0.8652482	0.99818426	1.0	5509	tags=56%, list=28%, signal=78%	
GOBP_T_CELL_LINEAGE_COMMITMENT	GOBP_T_CELL_LINEAGE_COMMITMENT		36	0.23952433	0.7176133	0.9305211	0.99817735	1.0	3507	tags=22%, list=18%, signal=27%	
GOBP_PROTEIN_LOCALIZATION_TO_LYSOSOME	GOBP_PROTEIN_LOCALIZATION_TO_LYSOSOME		57	0.21730667	0.71730846	0.96216214	0.9978531	1.0	2790	tags=16%, list=14%, signal=18%	
GOBP_TRANSLATIONAL_ELONGATION	GOBP_TRANSLATIONAL_ELONGATION		63	0.21576214	0.7163811	0.95555556	0.9980557	1.0	5136	tags=33%, list=26%, signal=45%	
GOBP_MITOCHONDRIAL_OUTER_MEMBRANE_PERMEABILIZATION	GOBP_MITOCHONDRIAL_OUTER_MEMBRANE_PERMEABILIZATION		27	0.25165617	0.7156018	0.891358	0.9981095	1.0	4690	tags=30%, list=24%, signal=39%	
GOMF_GLUTAMATE_RECEPTOR_BINDING	GOMF_GLUTAMATE_RECEPTOR_BINDING		43	0.22980747	0.7155642	0.944	0.99754226	1.0	2443	tags=14%, list=13%, signal=16%	
GOBP_NEGATIVE_REGULATION_OF_CYTOPLASMIC_PATTERN_RECOGNITION_RECEPTOR_SIGNALING_PATHWAY	GOBP_NEGATIVE_REGULATION_OF_CYTOPLASMIC_PATTERN_RECOGNITION_RECEPTOR_SIGNALING_PATHWAY		49	0.22786175	0.7155452	0.9366755	0.9969661	1.0	4237	tags=31%, list=22%, signal=39%	
GOMF_HYDROLASE_ACTIVITY_ACTING_ON_CARBON_NITROGEN_BUT_NOT_PEPTIDE_BONDS_IN_LINEAR_AMIDES	GOMF_HYDROLASE_ACTIVITY_ACTING_ON_CARBON_NITROGEN_BUT_NOT_PEPTIDE_BONDS_IN_LINEAR_AMIDES		71	0.21065144	0.7150714	0.9748603	0.9968171	1.0	3987	tags=25%, list=21%, signal=32%	
GOBP_POTASSIUM_ION_IMPORT_ACROSS_PLASMA_MEMBRANE	GOBP_POTASSIUM_ION_IMPORT_ACROSS_PLASMA_MEMBRANE		44	0.22839549	0.7138416	0.92689294	0.997288	1.0	3999	tags=23%, list=21%, signal=29%	
GOBP_REGULATION_OF_ALTERNATIVE_MRNA_SPLICING_VIA_SPLICEOSOME	GOBP_REGULATION_OF_ALTERNATIVE_MRNA_SPLICING_VIA_SPLICEOSOME		52	0.21631818	0.71337813	0.96103895	0.9970769	1.0	4794	tags=29%, list=25%, signal=38%	
GOBP_NEGATIVE_REGULATION_OF_RESPONSE_TO_ENDOPLASMIC_RETICULUM_STRESS	GOBP_NEGATIVE_REGULATION_OF_RESPONSE_TO_ENDOPLASMIC_RETICULUM_STRESS		40	0.23239589	0.7130461	0.9420655	0.996755	1.0	5507	tags=43%, list=28%, signal=59%	
GOBP_NEGATIVE_REGULATION_OF_CALCIUM_ION_TRANSMEMBRANE_TRANSPORTER_ACTIVITY	GOBP_NEGATIVE_REGULATION_OF_CALCIUM_ION_TRANSMEMBRANE_TRANSPORTER_ACTIVITY		24	0.2626376	0.71196806	0.90656567	0.99706376	1.0	5708	tags=46%, list=29%, signal=65%	
GOMF_DOUBLE_STRANDED_RNA_BINDING	GOMF_DOUBLE_STRANDED_RNA_BINDING		70	0.21206777	0.71160126	0.9661972	0.9967815	1.0	1730	tags=10%, list=9%, signal=11%	
GOMF_WIDE_PORE_CHANNEL_ACTIVITY	GOMF_WIDE_PORE_CHANNEL_ACTIVITY		33	0.24104756	0.7108583	0.9236111	0.9968038	1.0	2182	tags=12%, list=11%, signal=14%	
GOBP_TYPE_B_PANCREATIC_CELL_PROLIFERATION	GOBP_TYPE_B_PANCREATIC_CELL_PROLIFERATION		26	0.2545574	0.70890665	0.89761907	0.9977895	1.0	4040	tags=38%, list=21%, signal=48%	
GOMF_SNAP_RECEPTOR_ACTIVITY	GOMF_SNAP_RECEPTOR_ACTIVITY		37	0.23435606	0.7078997	0.93643034	0.9979846	1.0	5696	tags=35%, list=29%, signal=50%	
GOCC_NUCLEOID	GOCC_NUCLEOID		43	0.22896305	0.7072593	0.94554454	0.9979041	1.0	6012	tags=44%, list=31%, signal=64%	
GOBP_POSITIVE_THYMIC_T_CELL_SELECTION	GOBP_POSITIVE_THYMIC_T_CELL_SELECTION		15	0.28711224	0.7067673	0.8554502	0.9977005	1.0	108	tags=7%, list=1%, signal=7%	
GOBP_POSITIVE_REGULATION_OF_MRNA_CATABOLIC_PROCESS	GOBP_POSITIVE_REGULATION_OF_MRNA_CATABOLIC_PROCESS		97	0.19515029	0.70636904	0.9885057	0.9974237	1.0	3588	tags=19%, list=18%, signal=23%	
GOBP_POSITIVE_REGULATION_OF_TRANSCRIPTION_ELONGATION_BY_RNA_POLYMERASE_II	GOBP_POSITIVE_REGULATION_OF_TRANSCRIPTION_ELONGATION_BY_RNA_POLYMERASE_II		47	0.21872751	0.70557946	0.95478725	0.99745333	1.0	4833	tags=30%, list=25%, signal=40%	
GOBP_COLLECTING_DUCT_DEVELOPMENT	GOBP_COLLECTING_DUCT_DEVELOPMENT		15	0.29331315	0.7051976	0.85491073	0.99716663	1.0	108	tags=7%, list=1%, signal=7%	
GOBP_POSITIVE_REGULATION_OF_T_HELPER_1_TYPE_IMMUNE_RESPONSE	GOBP_POSITIVE_REGULATION_OF_T_HELPER_1_TYPE_IMMUNE_RESPONSE		18	0.27477297	0.7044186	0.8832599	0.9972011	1.0	96	tags=6%, list=0%, signal=6%	
GOMF_RNA_EXONUCLEASE_ACTIVITY	GOMF_RNA_EXONUCLEASE_ACTIVITY		43	0.22292632	0.7044018	0.95384616	0.9966277	1.0	4270	tags=28%, list=22%, signal=36%	
GOMF_G_PROTEIN_COUPLED_AMINE_RECEPTOR_ACTIVITY	GOMF_G_PROTEIN_COUPLED_AMINE_RECEPTOR_ACTIVITY		39	0.22823045	0.7039387	0.95348835	0.99642104	1.0	4104	tags=21%, list=21%, signal=26%	
GOBP_POSITIVE_REGULATION_OF_METAPHASE_ANAPHASE_TRANSITION_OF_CELL_CYCLE	GOBP_POSITIVE_REGULATION_OF_METAPHASE_ANAPHASE_TRANSITION_OF_CELL_CYCLE		15	0.28840202	0.7030919	0.8565217	0.9965083	1.0	1637	tags=13%, list=8%, signal=15%	
GOMF_UBIQUITIN_LIKE_PROTEIN_PEPTIDASE_ACTIVITY	GOMF_UBIQUITIN_LIKE_PROTEIN_PEPTIDASE_ACTIVITY		101	0.19504322	0.7019659	0.9938838	0.99675	1.0	4163	tags=25%, list=21%, signal=31%	
GOCC_TRICARBOXYLIC_ACID_CYCLE_HETEROMERIC_ENZYME_COMPLEX	GOCC_TRICARBOXYLIC_ACID_CYCLE_HETEROMERIC_ENZYME_COMPLEX		18	0.27117518	0.69949615	0.8852459	0.99803483	1.0	5692	tags=50%, list=29%, signal=71%	
GOBP_NEGATIVE_REGULATION_OF_BLOOD_CIRCULATION	GOBP_NEGATIVE_REGULATION_OF_BLOOD_CIRCULATION		22	0.2577049	0.6972496	0.89805824	0.99911433	1.0	3728	tags=23%, list=19%, signal=28%	
GOBP_REGULATION_OF_INFLAMMASOME_MEDIATED_SIGNALING_PATHWAY	GOBP_REGULATION_OF_INFLAMMASOME_MEDIATED_SIGNALING_PATHWAY		36	0.22677606	0.69687337	0.9593909	0.9988247	1.0	3622	tags=25%, list=19%, signal=31%	
GOMF_PEPTIDE_N_ACETYLTRANSFERASE_ACTIVITY	GOMF_PEPTIDE_N_ACETYLTRANSFERASE_ACTIVITY		50	0.21461077	0.6943105	0.96482414	1.0	1.0	2099	tags=12%, list=11%, signal=13%	
GOBP_PROTEIN_HETEROTETRAMERIZATION	GOBP_PROTEIN_HETEROTETRAMERIZATION		16	0.2855637	0.6930325	0.8692494	1.0	1.0	4070	tags=31%, list=21%, signal=40%	
GOBP_REGULATION_OF_TRANSCRIPTION_BY_RNA_POLYMERASE_III	GOBP_REGULATION_OF_TRANSCRIPTION_BY_RNA_POLYMERASE_III		28	0.24020237	0.6927819	0.9285714	0.9999297	1.0	6434	tags=39%, list=33%, signal=59%	
GOBP_SODIUM_ION_EXPORT_ACROSS_PLASMA_MEMBRANE	GOBP_SODIUM_ION_EXPORT_ACROSS_PLASMA_MEMBRANE		15	0.2847377	0.6923719	0.88018435	0.99962777	1.0	3776	tags=27%, list=19%, signal=33%	
GOBP_POSITIVE_REGULATION_OF_T_HELPER_17_TYPE_IMMUNE_RESPONSE	GOBP_POSITIVE_REGULATION_OF_T_HELPER_17_TYPE_IMMUNE_RESPONSE		19	0.26107952	0.69092983	0.9025522	1.0	1.0	4145	tags=21%, list=21%, signal=27%	
GOBP_NUCLEUS_ORGANIZATION	GOBP_NUCLEUS_ORGANIZATION		137	0.18462102	0.6895674	0.99681526	1.0	1.0	5017	tags=29%, list=26%, signal=39%	
GOCC_RNA_POLYMERASE_III_COMPLEX	GOCC_RNA_POLYMERASE_III_COMPLEX		16	0.27374855	0.68913174	0.8764302	1.0	1.0	2352	tags=13%, list=12%, signal=14%	
GOCC_MULTIVESICULAR_BODY_MEMBRANE	GOCC_MULTIVESICULAR_BODY_MEMBRANE		27	0.24377958	0.68676215	0.90640396	1.0	1.0	3441	tags=26%, list=18%, signal=31%	
GOCC_NBAF_COMPLEX	GOCC_NBAF_COMPLEX		16	0.27368277	0.68613726	0.9031532	1.0	1.0	5108	tags=44%, list=26%, signal=59%	
GOBP_ACTIVATION_OF_PROTEIN_KINASE_B_ACTIVITY	GOBP_ACTIVATION_OF_PROTEIN_KINASE_B_ACTIVITY		20	0.25790337	0.6860246	0.9036697	1.0	1.0	6103	tags=55%, list=31%, signal=80%	
GOMF_MIRNA_BINDING	GOMF_MIRNA_BINDING		34	0.23425269	0.6849918	0.94164455	1.0	1.0	2825	tags=18%, list=15%, signal=21%	
GOCC_VESICLE_COAT	GOCC_VESICLE_COAT		58	0.20765476	0.68257064	0.97527474	1.0	1.0	5190	tags=29%, list=27%, signal=40%	
GOCC_COPI_COATED_VESICLE_MEMBRANE	GOCC_COPI_COATED_VESICLE_MEMBRANE		17	0.274541	0.6817754	0.89285713	1.0	1.0	6368	tags=41%, list=33%, signal=61%	
GOBP_POSITIVE_REGULATION_OF_GLUCONEOGENESIS	GOBP_POSITIVE_REGULATION_OF_GLUCONEOGENESIS		18	0.27022845	0.68065476	0.9052133	1.0	1.0	1850	tags=17%, list=10%, signal=18%	
GOBP_MICROTUBULE_ANCHORING	GOBP_MICROTUBULE_ANCHORING		23	0.2547504	0.68050057	0.9367682	1.0	1.0	2584	tags=17%, list=13%, signal=20%	
GOBP_STRIATUM_DEVELOPMENT	GOBP_STRIATUM_DEVELOPMENT		21	0.2553156	0.68043756	0.9216152	1.0	1.0	3329	tags=29%, list=17%, signal=34%	
GOCC_DNA_REPAIR_COMPLEX	GOCC_DNA_REPAIR_COMPLEX		20	0.2608592	0.680207	0.919708	1.0	1.0	3151	tags=20%, list=16%, signal=24%	
GOBP_SHORT_CHAIN_FATTY_ACID_METABOLIC_PROCESS	GOBP_SHORT_CHAIN_FATTY_ACID_METABOLIC_PROCESS		15	0.27303082	0.67974925	0.86092716	0.9998816	1.0	4646	tags=40%, list=24%, signal=53%	
GOMF_MRNA_3_UTR_AU_RICH_REGION_BINDING	GOMF_MRNA_3_UTR_AU_RICH_REGION_BINDING		29	0.24010098	0.67830527	0.94172496	1.0	1.0	1730	tags=14%, list=9%, signal=15%	
GOBP_REGULATION_OF_MITOCHONDRIAL_FISSION	GOBP_REGULATION_OF_MITOCHONDRIAL_FISSION		27	0.23866294	0.6779986	0.9363208	0.99976647	1.0	4290	tags=30%, list=22%, signal=38%	
GOBP_REGULATION_OF_RECEPTOR_CLUSTERING	GOBP_REGULATION_OF_RECEPTOR_CLUSTERING		15	0.27827498	0.677302	0.89285713	0.99959296	1.0	281	tags=7%, list=1%, signal=7%	
GOBP_PROTEIN_DEACETYLATION	GOBP_PROTEIN_DEACETYLATION		42	0.21648303	0.67691654	0.96482414	0.99923027	1.0	4253	tags=29%, list=22%, signal=37%	
GOBP_POSITIVE_REGULATION_OF_DEFENSE_RESPONSE_TO_VIRUS_BY_HOST	GOBP_POSITIVE_REGULATION_OF_DEFENSE_RESPONSE_TO_VIRUS_BY_HOST		26	0.2442221	0.67639726	0.92086333	0.9989862	1.0	4127	tags=27%, list=21%, signal=34%	
GOBP_VESICLE_TETHERING	GOBP_VESICLE_TETHERING		32	0.23205248	0.6750633	0.95717883	0.99920267	1.0	5688	tags=41%, list=29%, signal=57%	
GOBP_VESICLE_DOCKING	GOBP_VESICLE_DOCKING		57	0.20656301	0.6739353	0.976	0.99927527	1.0	5742	tags=35%, list=30%, signal=50%	
GOBP_CELLULAR_RESPONSE_TO_ATP	GOBP_CELLULAR_RESPONSE_TO_ATP		17	0.2636674	0.67385817	0.90401787	0.9987435	1.0	4541	tags=35%, list=23%, signal=46%	
GOBP_TRANSCRIPTION_BY_RNA_POLYMERASE_I	GOBP_TRANSCRIPTION_BY_RNA_POLYMERASE_I		60	0.20171285	0.672219	0.9806094	0.99906105	1.0	3236	tags=18%, list=17%, signal=22%	
GOMF_HISTONE_READER_ACTIVITY	GOMF_HISTONE_READER_ACTIVITY		17	0.27362505	0.6720775	0.91314554	0.998553	1.0	2642	tags=18%, list=14%, signal=20%	
GOMF_3_5_EXONUCLEASE_ACTIVITY	GOMF_3_5_EXONUCLEASE_ACTIVITY		56	0.2046192	0.67203546	0.97402596	0.9979972	1.0	3344	tags=16%, list=17%, signal=19%	
GOMF_DEACETYLASE_ACTIVITY	GOMF_DEACETYLASE_ACTIVITY		37	0.21796502	0.6719335	0.965	0.9974775	1.0	6856	tags=54%, list=35%, signal=83%	
GOBP_GPI_ANCHOR_METABOLIC_PROCESS	GOBP_GPI_ANCHOR_METABOLIC_PROCESS		31	0.23348416	0.6709412	0.9383378	0.9975043	1.0	4331	tags=32%, list=22%, signal=41%	
GOCC_PROTEIN_PHOSPHATASE_TYPE_1_COMPLEX	GOCC_PROTEIN_PHOSPHATASE_TYPE_1_COMPLEX		17	0.26930565	0.67017096	0.9013761	0.99735814	1.0	3240	tags=24%, list=17%, signal=28%	
GOBP_DNA_REPAIR_DEPENDENT_CHROMATIN_REMODELING	GOBP_DNA_REPAIR_DEPENDENT_CHROMATIN_REMODELING		21	0.250126	0.66716594	0.9164678	0.9984193	1.0	4946	tags=33%, list=25%, signal=45%	
GOBP_TUBULIN_DEACETYLATION	GOBP_TUBULIN_DEACETYLATION		23	0.24901414	0.66689277	0.92718446	0.9979722	1.0	3843	tags=30%, list=20%, signal=38%	
GOBP_MALE_MEIOSIS_I	GOBP_MALE_MEIOSIS_I		24	0.24056882	0.66385585	0.92938495	0.99899566	1.0	1104	tags=8%, list=6%, signal=9%	
GOBP_PROTEIN_QUALITY_CONTROL_FOR_MISFOLDED_OR_INCOMPLETELY_SYNTHESIZED_PROTEINS	GOBP_PROTEIN_QUALITY_CONTROL_FOR_MISFOLDED_OR_INCOMPLETELY_SYNTHESIZED_PROTEINS		23	0.24360447	0.66327953	0.95454544	0.99874616	1.0	4345	tags=30%, list=22%, signal=39%	
GOMF_RNA_POLYMERASE_ACTIVITY	GOMF_RNA_POLYMERASE_ACTIVITY		28	0.23792359	0.661655	0.95533496	0.99904925	1.0	6206	tags=39%, list=32%, signal=58%	
GOMF_N_ACETYLTRANSFERASE_ACTIVITY	GOMF_N_ACETYLTRANSFERASE_ACTIVITY		66	0.1940095	0.6595293	0.9890411	0.99957126	1.0	3702	tags=20%, list=19%, signal=24%	
GOBP_B_CELL_APOPTOTIC_PROCESS	GOBP_B_CELL_APOPTOTIC_PROCESS		25	0.23739433	0.65823764	0.9390244	0.99959964	1.0	3736	tags=24%, list=19%, signal=30%	
GOBP_PURINE_NUCLEOSIDE_MONOPHOSPHATE_BIOSYNTHETIC_PROCESS	GOBP_PURINE_NUCLEOSIDE_MONOPHOSPHATE_BIOSYNTHETIC_PROCESS		19	0.25606185	0.65662324	0.9343545	0.99984103	1.0	1192	tags=11%, list=6%, signal=11%	
GOBP_NUCLEOSIDE_TRIPHOSPHATE_BIOSYNTHETIC_PROCESS	GOBP_NUCLEOSIDE_TRIPHOSPHATE_BIOSYNTHETIC_PROCESS		86	0.18588781	0.6563245	0.99352753	0.9994064	1.0	5116	tags=28%, list=26%, signal=38%	
GOBP_FATTY_ACID_HOMEOSTASIS	GOBP_FATTY_ACID_HOMEOSTASIS		16	0.26760197	0.6557045	0.9101655	0.9991294	1.0	4973	tags=38%, list=26%, signal=50%	
GOMF_ATP_DEPENDENT_ACTIVITY_ACTING_ON_RNA	GOMF_ATP_DEPENDENT_ACTIVITY_ACTING_ON_RNA		70	0.19090895	0.65333956	0.9919571	0.9997133	1.0	3487	tags=16%, list=18%, signal=19%	
GOMF_BASAL_TRANSCRIPTION_MACHINERY_BINDING	GOMF_BASAL_TRANSCRIPTION_MACHINERY_BINDING		57	0.20041756	0.65333474	0.9973684	0.99914014	1.0	5786	tags=37%, list=30%, signal=52%	
GOMF_RNA_METHYLTRANSFERASE_ACTIVITY	GOMF_RNA_METHYLTRANSFERASE_ACTIVITY		58	0.20044293	0.6533229	0.9790576	0.99857277	1.0	4983	tags=31%, list=26%, signal=42%	
GOBP_POSITIVE_REGULATION_OF_MRNA_METABOLIC_PROCESS	GOBP_POSITIVE_REGULATION_OF_MRNA_METABOLIC_PROCESS		133	0.17242587	0.652833	1.0	0.998243	1.0	4887	tags=23%, list=25%, signal=30%	
GOMF_PEPTIDE_LYSINE_N_ACETYLTRANSFERASE_ACTIVITY	GOMF_PEPTIDE_LYSINE_N_ACETYLTRANSFERASE_ACTIVITY		46	0.20409387	0.6517654	0.9866667	0.99814814	1.0	2099	tags=11%, list=11%, signal=12%	
GOBP_PROTEIN_LOCALIZATION_TO_MICROTUBULE_ORGANIZING_CENTER	GOBP_PROTEIN_LOCALIZATION_TO_MICROTUBULE_ORGANIZING_CENTER		36	0.21756265	0.65170234	0.97512436	0.99760383	1.0	5177	tags=31%, list=27%, signal=42%	
GOMF_SIGNAL_SEQUENCE_BINDING	GOMF_SIGNAL_SEQUENCE_BINDING		43	0.20650648	0.6513584	0.9622642	0.99717814	1.0	4333	tags=26%, list=22%, signal=33%	
GOCC_CARBOXY_TERMINAL_DOMAIN_PROTEIN_KINASE_COMPLEX	GOCC_CARBOXY_TERMINAL_DOMAIN_PROTEIN_KINASE_COMPLEX		19	0.24785048	0.6488389	0.93533486	0.99778855	1.0	4512	tags=26%, list=23%, signal=34%	
GOBP_CELLULAR_RESPONSE_TO_ALKALOID	GOBP_CELLULAR_RESPONSE_TO_ALKALOID		36	0.21420363	0.6464866	0.97761196	0.99822325	1.0	4452	tags=25%, list=23%, signal=32%	
GOBP_POSITIVE_REGULATION_OF_DNA_TEMPLATED_TRANSCRIPTION_ELONGATION	GOBP_POSITIVE_REGULATION_OF_DNA_TEMPLATED_TRANSCRIPTION_ELONGATION		56	0.19882785	0.6446626	0.9808219	0.99841654	1.0	4833	tags=27%, list=25%, signal=36%	
GOCC_U5_SNRNP	GOCC_U5_SNRNP		19	0.24785931	0.63972044	0.93607306	0.99989843	1.0	3056	tags=21%, list=16%, signal=25%	
GOBP_ERBB2_SIGNALING_PATHWAY	GOBP_ERBB2_SIGNALING_PATHWAY		23	0.23220062	0.63702	0.95566505	1.0	1.0	4819	tags=35%, list=25%, signal=46%	
GOBP_MITOCHONDRIAL_RNA_PROCESSING	GOBP_MITOCHONDRIAL_RNA_PROCESSING		21	0.24383458	0.63400084	0.95555556	1.0	1.0	5709	tags=33%, list=29%, signal=47%	
GOBP_ESTABLISHMENT_OF_PROTEIN_LOCALIZATION_TO_MITOCHONDRIAL_MEMBRANE	GOBP_ESTABLISHMENT_OF_PROTEIN_LOCALIZATION_TO_MITOCHONDRIAL_MEMBRANE		31	0.22276865	0.6338688	0.9633508	1.0	1.0	6126	tags=42%, list=32%, signal=61%	
GOBP_SYNAPTONEMAL_COMPLEX_ORGANIZATION	GOBP_SYNAPTONEMAL_COMPLEX_ORGANIZATION		23	0.23672296	0.63241833	0.95153064	1.0	1.0	4655	tags=35%, list=24%, signal=46%	
GOCC_MEDIATOR_COMPLEX	GOCC_MEDIATOR_COMPLEX		36	0.20729843	0.62641317	0.9757869	1.0	1.0	2699	tags=14%, list=14%, signal=16%	
GOBP_NEGATIVE_REGULATION_OF_RECEPTOR_INTERNALIZATION	GOBP_NEGATIVE_REGULATION_OF_RECEPTOR_INTERNALIZATION		16	0.25272486	0.62420875	0.9319249	1.0	1.0	3104	tags=19%, list=16%, signal=22%	
GOMF_METAL_CATION_PROTON_ANTIPORTER_ACTIVITY	GOMF_METAL_CATION_PROTON_ANTIPORTER_ACTIVITY		26	0.22156182	0.62350935	0.97715735	1.0	1.0	1753	tags=12%, list=9%, signal=13%	
GOMF_UBIQUITIN_LIKE_PROTEIN_READER_ACTIVITY	GOMF_UBIQUITIN_LIKE_PROTEIN_READER_ACTIVITY		20	0.23666635	0.62343514	0.94949496	1.0	1.0	3104	tags=20%, list=16%, signal=24%	
GOCC_CCR4_NOT_COMPLEX	GOCC_CCR4_NOT_COMPLEX		15	0.25537294	0.62138426	0.93986636	1.0	1.0	3588	tags=20%, list=18%, signal=25%	
GOBP_REGULATION_OF_TRANSLATIONAL_INITIATION_IN_RESPONSE_TO_STRESS	GOBP_REGULATION_OF_TRANSLATIONAL_INITIATION_IN_RESPONSE_TO_STRESS		15	0.26305535	0.6207024	0.9343891	1.0	1.0	3240	tags=20%, list=17%, signal=24%	
GOBP_ISOTYPE_SWITCHING_TO_IGG_ISOTYPES	GOBP_ISOTYPE_SWITCHING_TO_IGG_ISOTYPES		16	0.2510059	0.6178132	0.93333334	1.0	1.0	3617	tags=31%, list=19%, signal=38%	
GOBP_TRANSCRIPTION_BY_RNA_POLYMERASE_III	GOBP_TRANSCRIPTION_BY_RNA_POLYMERASE_III		56	0.19171874	0.61731493	1.0	1.0	1.0	6206	tags=34%, list=32%, signal=50%	
GOCC_PRESYNAPTIC_ACTIVE_ZONE_CYTOPLASMIC_COMPONENT	GOCC_PRESYNAPTIC_ACTIVE_ZONE_CYTOPLASMIC_COMPONENT		15	0.25194687	0.6160317	0.954955	1.0	1.0	3408	tags=27%, list=18%, signal=32%	
GOBP_TELOMERASE_RNA_LOCALIZATION	GOBP_TELOMERASE_RNA_LOCALIZATION		19	0.23388839	0.61581296	0.95348835	1.0	1.0	5350	tags=37%, list=28%, signal=51%	
GOMF_RACEMASE_AND_EPIMERASE_ACTIVITY	GOMF_RACEMASE_AND_EPIMERASE_ACTIVITY		16	0.25358504	0.6136239	0.93153524	1.0	1.0	1751	tags=19%, list=9%, signal=21%	
GOBP_REGULATION_OF_EPIDERMAL_GROWTH_FACTOR_ACTIVATED_RECEPTOR_ACTIVITY	GOBP_REGULATION_OF_EPIDERMAL_GROWTH_FACTOR_ACTIVATED_RECEPTOR_ACTIVITY		17	0.23948759	0.61099374	0.9474886	1.0	1.0	3392	tags=24%, list=17%, signal=28%	
GOBP_ESTABLISHMENT_OF_PROTEIN_LOCALIZATION_TO_CHROMOSOME	GOBP_ESTABLISHMENT_OF_PROTEIN_LOCALIZATION_TO_CHROMOSOME		24	0.22230735	0.6097576	0.9835294	1.0	1.0	7185	tags=58%, list=37%, signal=92%	
GOBP_EXPLORATION_BEHAVIOR	GOBP_EXPLORATION_BEHAVIOR		31	0.20565127	0.6060017	0.97680414	1.0	1.0	3086	tags=19%, list=16%, signal=23%	
GOMF_PHOSPHATIDIC_ACID_BINDING	GOMF_PHOSPHATIDIC_ACID_BINDING		19	0.23282462	0.6032188	0.96181387	1.0	1.0	632	tags=11%, list=3%, signal=11%	
GOMF_GABA_RECEPTOR_BINDING	GOMF_GABA_RECEPTOR_BINDING		16	0.23902935	0.6026808	0.9660633	1.0	1.0	3196	tags=19%, list=16%, signal=22%	
GOBP_REGULATION_OF_TELOMERE_MAINTENANCE_IN_RESPONSE_TO_DNA_DAMAGE	GOBP_REGULATION_OF_TELOMERE_MAINTENANCE_IN_RESPONSE_TO_DNA_DAMAGE		19	0.22910413	0.6020745	0.970852	1.0	1.0	2317	tags=16%, list=12%, signal=18%	
GOBP_POSITIVE_REGULATION_OF_EXOSOMAL_SECRETION	GOBP_POSITIVE_REGULATION_OF_EXOSOMAL_SECRETION		15	0.24978164	0.60169023	0.9590517	1.0	1.0	3112	tags=27%, list=16%, signal=32%	
GOMF_OLFACTORY_RECEPTOR_ACTIVITY	GOMF_OLFACTORY_RECEPTOR_ACTIVITY		368	0.14276598	0.5994166	1.0	1.0	1.0	15155	tags=98%, list=78%, signal=438%	
GOCC_RNA_CAP_BINDING_COMPLEX	GOCC_RNA_CAP_BINDING_COMPLEX		15	0.24597424	0.5973563	0.963964	1.0	1.0	3119	tags=20%, list=16%, signal=24%	
GOBP_MHC_CLASS_II_BIOSYNTHETIC_PROCESS	GOBP_MHC_CLASS_II_BIOSYNTHETIC_PROCESS		19	0.23501629	0.59322757	0.9696262	1.0	1.0	2671	tags=16%, list=14%, signal=18%	
GOBP_CYTOPLASMIC_TRANSLATIONAL_INITIATION	GOBP_CYTOPLASMIC_TRANSLATIONAL_INITIATION		40	0.19257966	0.59268165	0.99182564	1.0	1.0	4034	tags=20%, list=21%, signal=25%	
GOBP_NEGATIVE_REGULATION_OF_TELOMERE_MAINTENANCE_VIA_TELOMERASE	GOBP_NEGATIVE_REGULATION_OF_TELOMERE_MAINTENANCE_VIA_TELOMERASE		18	0.22683719	0.5906863	0.9712389	1.0	1.0	4455	tags=33%, list=23%, signal=43%	
GOBP_CHAPERONE_COFACTOR_DEPENDENT_PROTEIN_REFOLDING	GOBP_CHAPERONE_COFACTOR_DEPENDENT_PROTEIN_REFOLDING		31	0.20752355	0.59057844	0.9878049	0.99953276	1.0	5162	tags=35%, list=27%, signal=48%	
GOBP_POSITIVE_REGULATION_OF_MRNA_PROCESSING	GOBP_POSITIVE_REGULATION_OF_MRNA_PROCESSING		38	0.19227077	0.5822368	0.9897436	1.0	1.0	5338	tags=24%, list=27%, signal=33%	
GOBP_ENDODERMAL_CELL_FATE_COMMITMENT	GOBP_ENDODERMAL_CELL_FATE_COMMITMENT		15	0.2326203	0.580594	0.9605263	1.0	1.0	2053	tags=13%, list=11%, signal=15%	
GOBP_MEMBRANE_FISSION	GOBP_MEMBRANE_FISSION		44	0.1861173	0.57852274	0.9894737	1.0	1.0	5017	tags=30%, list=26%, signal=40%	
GOBP_TRNA_METHYLATION	GOBP_TRNA_METHYLATION		38	0.19005407	0.5770824	0.9948718	1.0	1.0	5512	tags=37%, list=28%, signal=51%	
GOCC_90S_PRERIBOSOME	GOCC_90S_PRERIBOSOME		26	0.20394404	0.5674119	0.9816273	1.0	1.0	4758	tags=27%, list=24%, signal=36%	
GOBP_LYSOSOMAL_LUMEN_ACIDIFICATION	GOBP_LYSOSOMAL_LUMEN_ACIDIFICATION		24	0.20271781	0.5591321	0.9895013	1.0	1.0	4562	tags=25%, list=23%, signal=33%	
GOCC_SMALL_SUBUNIT_PROCESSOME	GOCC_SMALL_SUBUNIT_PROCESSOME		69	0.1644768	0.5576229	1.0	1.0	1.0	4217	tags=16%, list=22%, signal=20%	
GOBP_REGULATION_OF_NUCLEOTIDE_EXCISION_REPAIR	GOBP_REGULATION_OF_NUCLEOTIDE_EXCISION_REPAIR		26	0.19569579	0.55757964	0.9898734	1.0	1.0	5108	tags=31%, list=26%, signal=42%	
GOBP_DETECTION_OF_STIMULUS_INVOLVED_IN_SENSORY_PERCEPTION	GOBP_DETECTION_OF_STIMULUS_INVOLVED_IN_SENSORY_PERCEPTION		485	0.124480285	0.5431821	1.0	1.0	1.0	1174	tags=3%, list=6%, signal=3%	
GOCC_ACETYLTRANSFERASE_COMPLEX	GOCC_ACETYLTRANSFERASE_COMPLEX		92	0.15257289	0.54047793	1.0	1.0	1.0	5371	tags=27%, list=28%, signal=37%	
GOBP_ESTABLISHMENT_OF_PROTEIN_LOCALIZATION_TO_TELOMERE	GOBP_ESTABLISHMENT_OF_PROTEIN_LOCALIZATION_TO_TELOMERE		18	0.21081571	0.5362746	0.96803653	1.0	1.0	5795	tags=44%, list=30%, signal=63%	
GOBP_LACTATE_METABOLIC_PROCESS	GOBP_LACTATE_METABOLIC_PROCESS		16	0.21774542	0.5352382	0.9827214	1.0	1.0	3299	tags=25%, list=17%, signal=30%	
GOMF_VOLTAGE_GATED_SODIUM_CHANNEL_ACTIVITY	GOMF_VOLTAGE_GATED_SODIUM_CHANNEL_ACTIVITY		23	0.1940206	0.5311519	0.992629	1.0	1.0	15658	tags=100%, list=81%, signal=515%	
GOCC_EUKARYOTIC_48S_PREINITIATION_COMPLEX	GOCC_EUKARYOTIC_48S_PREINITIATION_COMPLEX		16	0.21337652	0.5233678	0.99101126	1.0	1.0	15281	tags=100%, list=79%, signal=469%	
GOMF_O_METHYLTRANSFERASE_ACTIVITY	GOMF_O_METHYLTRANSFERASE_ACTIVITY		23	0.19473237	0.5229035	0.9954751	1.0	1.0	4793	tags=26%, list=25%, signal=35%	
GOBP_MITOCHONDRIAL_TRANSCRIPTION	GOBP_MITOCHONDRIAL_TRANSCRIPTION		19	0.20080112	0.5184274	0.98834497	1.0	1.0	4132	tags=16%, list=21%, signal=20%	
GOCC_PROTEIN_FOLDING_CHAPERONE_COMPLEX	GOCC_PROTEIN_FOLDING_CHAPERONE_COMPLEX		39	0.17318021	0.5180205	0.997416	1.0	1.0	1529	tags=8%, list=8%, signal=8%	
GOCC_EUKARYOTIC_TRANSLATION_INITIATION_FACTOR_3_COMPLEX	GOCC_EUKARYOTIC_TRANSLATION_INITIATION_FACTOR_3_COMPLEX		15	0.21336557	0.51540667	0.98013246	1.0	1.0	15281	tags=100%, list=79%, signal=469%	
GOBP_MIDBODY_ABSCISSION	GOBP_MIDBODY_ABSCISSION		17	0.20520952	0.5076787	0.9883177	1.0	1.0	5017	tags=35%, list=26%, signal=48%	
GOCC_KINETOCHORE_MICROTUBULE	GOCC_KINETOCHORE_MICROTUBULE		19	0.19362822	0.5041301	0.9881797	1.0	1.0	5647	tags=37%, list=29%, signal=52%	
GOMF_SOLUTE_POTASSIUM_ANTIPORTER_ACTIVITY	GOMF_SOLUTE_POTASSIUM_ANTIPORTER_ACTIVITY		19	0.19128715	0.5019846	0.993228	1.0	1.0	1753	tags=11%, list=9%, signal=12%	
GOBP_SENSORY_PERCEPTION_OF_SMELL	GOBP_SENSORY_PERCEPTION_OF_SMELL		394	0.116090104	0.49447545	1.0	1.0	1.0	15020	tags=97%, list=77%, signal=420%	
GOCC_U2_SNRNP	GOCC_U2_SNRNP		26	0.16863424	0.47658446	1.0	1.0	1.0	16151	tags=100%, list=83%, signal=593%	
GOBP_RIBOSOMAL_SMALL_SUBUNIT_ASSEMBLY	GOBP_RIBOSOMAL_SMALL_SUBUNIT_ASSEMBLY		18	0.18597947	0.47484112	0.9909502	1.0	1.0	1109	tags=6%, list=6%, signal=6%	
GOBP_REGULATION_OF_CELLULAR_RESPONSE_TO_HYPOXIA	GOBP_REGULATION_OF_CELLULAR_RESPONSE_TO_HYPOXIA		17	0.18537726	0.46846545	0.98915404	0.99980503	1.0	4169	tags=24%, list=21%, signal=30%	
GOBP_TRNA_5_END_PROCESSING	GOBP_TRNA_5_END_PROCESSING		15	0.1699528	0.41072822	0.99770117	1.0	1.0	3555	tags=20%, list=18%, signal=24%	
GOBP_MATURATION_OF_LSU_RRNA	GOBP_MATURATION_OF_LSU_RRNA		23	0.15170108	0.40158612	1.0	1.0	1.0	16479	tags=100%, list=85%, signal=659%	
GOBP_MITOCHONDRIAL_GENOME_MAINTENANCE	GOBP_MITOCHONDRIAL_GENOME_MAINTENANCE		29	0.1401144	0.39770612	1.0	0.9997588	1.0	7365	tags=45%, list=38%, signal=72%	
