NAME	GS<br> follow link to MSigDB	GS DETAILS	SIZE	ES	NES	NOM p-val	FDR q-val	FWER p-val	RANK AT MAX	LEADING EDGE	
GOMF_HORMONE_RECEPTOR_BINDING	GOMF_HORMONE_RECEPTOR_BINDING	Details ...	33	-0.76527697	-2.1149864	0.0	0.0020967983	0.002	1039	tags=33%, list=5%, signal=35%	
GOBP_PARASYMPATHETIC_NERVOUS_SYSTEM_DEVELOPMENT	GOBP_PARASYMPATHETIC_NERVOUS_SYSTEM_DEVELOPMENT	Details ...	19	-0.8088311	-2.0366144	0.0	0.008358204	0.016	2011	tags=47%, list=10%, signal=53%	
GOBP_GAS_TRANSPORT	GOBP_GAS_TRANSPORT	Details ...	22	-0.80173314	-2.0355673	0.0	0.005930405	0.017	2164	tags=59%, list=11%, signal=66%	
GOMF_LONG_CHAIN_FATTY_ACID_TRANSMEMBRANE_TRANSPORTER_ACTIVITY	GOMF_LONG_CHAIN_FATTY_ACID_TRANSMEMBRANE_TRANSPORTER_ACTIVITY	Details ...	16	-0.85236347	-2.0161095	0.0	0.008633028	0.033	1305	tags=44%, list=7%, signal=47%	
GOBP_POSITIVE_REGULATION_OF_RECEPTOR_SIGNALING_PATHWAY_VIA_STAT	GOBP_POSITIVE_REGULATION_OF_RECEPTOR_SIGNALING_PATHWAY_VIA_STAT	Details ...	53	-0.6682901	-2.0059025	0.0	0.008591935	0.04	2287	tags=36%, list=12%, signal=41%	
GOBP_OXYGEN_TRANSPORT	GOBP_OXYGEN_TRANSPORT	Details ...	15	-0.8512086	-1.9789064	0.0	0.012239049	0.068	2164	tags=80%, list=11%, signal=90%	
GOMF_LIPID_TRANSMEMBRANE_TRANSPORTER_ACTIVITY	GOMF_LIPID_TRANSMEMBRANE_TRANSPORTER_ACTIVITY	Details ...	54	-0.6530427	-1.9738199	0.0	0.011687719	0.074	1348	tags=20%, list=7%, signal=22%	
GOBP_POSITIVE_REGULATION_OF_TYROSINE_PHOSPHORYLATION_OF_STAT_PROTEIN	GOBP_POSITIVE_REGULATION_OF_TYROSINE_PHOSPHORYLATION_OF_STAT_PROTEIN	Details ...	62	-0.6402065	-1.956714	0.0	0.015227572	0.109	2452	tags=34%, list=13%, signal=39%	
GOCC_TERTIARY_GRANULE_MEMBRANE	GOCC_TERTIARY_GRANULE_MEMBRANE	Details ...	69	-0.629657	-1.9556522	0.0	0.014003552	0.113	2553	tags=41%, list=13%, signal=47%	
GOBP_MESENCHYME_MORPHOGENESIS	GOBP_MESENCHYME_MORPHOGENESIS	Details ...	60	-0.6491087	-1.9534032	0.0	0.01354842	0.121	1928	tags=37%, list=10%, signal=41%	
GOMF_FATTY_ACID_TRANSMEMBRANE_TRANSPORTER_ACTIVITY	GOMF_FATTY_ACID_TRANSMEMBRANE_TRANSPORTER_ACTIVITY	Details ...	19	-0.799161	-1.9517289	0.0	0.01260411	0.124	1305	tags=37%, list=7%, signal=39%	
GOBP_CELLULAR_RESPONSE_TO_GROWTH_HORMONE_STIMULUS	GOBP_CELLULAR_RESPONSE_TO_GROWTH_HORMONE_STIMULUS	Details ...	26	-0.7392038	-1.9460694	0.0	0.012955391	0.136	265	tags=23%, list=1%, signal=23%	
GOBP_ESTABLISHMENT_OF_SKIN_BARRIER	GOBP_ESTABLISHMENT_OF_SKIN_BARRIER	Details ...	33	-0.6958741	-1.9198148	0.0	0.019875051	0.215	3911	tags=55%, list=20%, signal=68%	
GOBP_MYELOID_CELL_ACTIVATION_INVOLVED_IN_IMMUNE_RESPONSE	GOBP_MYELOID_CELL_ACTIVATION_INVOLVED_IN_IMMUNE_RESPONSE	Details ...	94	-0.59056383	-1.9192103	0.0	0.018756546	0.219	2563	tags=40%, list=13%, signal=46%	
GOMF_HORMONE_ACTIVITY	GOMF_HORMONE_ACTIVITY	Details ...	119	-0.56939554	-1.9154845	0.0	0.01883444	0.229	1444	tags=23%, list=7%, signal=24%	
GOMF_APOLIPOPROTEIN_BINDING	GOMF_APOLIPOPROTEIN_BINDING	Details ...	16	-0.8012953	-1.9128302	0.0	0.01884011	0.244	1216	tags=38%, list=6%, signal=40%	
GOBP_CARBON_DIOXIDE_TRANSPORT	GOBP_CARBON_DIOXIDE_TRANSPORT	Details ...	15	-0.8237082	-1.9049342	0.0	0.020573048	0.276	1448	tags=53%, list=7%, signal=58%	
GOBP_POSITIVE_REGULATION_OF_EXTRINSIC_APOPTOTIC_SIGNALING_PATHWAY	GOBP_POSITIVE_REGULATION_OF_EXTRINSIC_APOPTOTIC_SIGNALING_PATHWAY	Details ...	50	-0.6463018	-1.9037328	0.0016447369	0.01972014	0.281	1059	tags=26%, list=5%, signal=27%	
GOMF_LIPOPROTEIN_PARTICLE_RECEPTOR_ACTIVITY	GOMF_LIPOPROTEIN_PARTICLE_RECEPTOR_ACTIVITY	Details ...	18	-0.7887687	-1.9022404	0.0	0.019012252	0.285	1474	tags=61%, list=8%, signal=66%	
GOBP_CARDIAC_MUSCLE_TISSUE_MORPHOGENESIS	GOBP_CARDIAC_MUSCLE_TISSUE_MORPHOGENESIS	Details ...	59	-0.6307614	-1.9001123	0.0	0.018741166	0.295	2540	tags=44%, list=13%, signal=51%	
GOBP_ANTIGEN_PROCESSING_AND_PRESENTATION_OF_PEPTIDE_OR_POLYSACCHARIDE_ANTIGEN_VIA_MHC_CLASS_II	GOBP_ANTIGEN_PROCESSING_AND_PRESENTATION_OF_PEPTIDE_OR_POLYSACCHARIDE_ANTIGEN_VIA_MHC_CLASS_II		33	-0.6929942	-1.8967005	0.0	0.018898975	0.307	3249	tags=45%, list=17%, signal=54%	
GOBP_LEUKOCYTE_CHEMOTAXIS	GOBP_LEUKOCYTE_CHEMOTAXIS		224	-0.5234009	-1.8879012	0.0	0.021336107	0.349	2553	tags=33%, list=13%, signal=37%	
GOBP_MUSCLE_ORGAN_MORPHOGENESIS	GOBP_MUSCLE_ORGAN_MORPHOGENESIS		76	-0.59415585	-1.8799045	0.0	0.024422828	0.401	2540	tags=42%, list=13%, signal=48%	
GOBP_HYDROGEN_PEROXIDE_CATABOLIC_PROCESS	GOBP_HYDROGEN_PEROXIDE_CATABOLIC_PROCESS		30	-0.6986814	-1.8717986	0.0017730496	0.02651248	0.439	2256	tags=43%, list=12%, signal=49%	
GOBP_NEGATIVE_REGULATION_OF_DEVELOPMENTAL_GROWTH	GOBP_NEGATIVE_REGULATION_OF_DEVELOPMENTAL_GROWTH		91	-0.56949574	-1.8700645	0.0	0.026333611	0.451	2590	tags=32%, list=13%, signal=37%	
GOBP_EMBRYONIC_PLACENTA_DEVELOPMENT	GOBP_EMBRYONIC_PLACENTA_DEVELOPMENT		85	-0.56846285	-1.8685969	0.0	0.025964448	0.459	3628	tags=44%, list=19%, signal=53%	
GOBP_INTERLEUKIN_10_PRODUCTION	GOBP_INTERLEUKIN_10_PRODUCTION		56	-0.61677307	-1.861578	0.0	0.02849743	0.508	2198	tags=36%, list=11%, signal=40%	
GOBP_TYROSINE_PHOSPHORYLATION_OF_STAT_PROTEIN	GOBP_TYROSINE_PHOSPHORYLATION_OF_STAT_PROTEIN		74	-0.59796387	-1.857491	0.0	0.030105041	0.543	2515	tags=30%, list=13%, signal=34%	
GOBP_CARDIAC_CHAMBER_MORPHOGENESIS	GOBP_CARDIAC_CHAMBER_MORPHOGENESIS		123	-0.55065227	-1.8567088	0.0	0.029572992	0.547	2558	tags=35%, list=13%, signal=40%	
GOBP_REGULATION_OF_ANTIGEN_PROCESSING_AND_PRESENTATION	GOBP_REGULATION_OF_ANTIGEN_PROCESSING_AND_PRESENTATION		20	-0.7353507	-1.8458021	0.0017667845	0.034705877	0.62	2469	tags=45%, list=13%, signal=52%	
GOBP_VASCULAR_ENDOTHELIAL_GROWTH_FACTOR_SIGNALING_PATHWAY	GOBP_VASCULAR_ENDOTHELIAL_GROWTH_FACTOR_SIGNALING_PATHWAY		40	-0.65101564	-1.8452837	0.0	0.033889446	0.624	2743	tags=48%, list=14%, signal=55%	
GOBP_EMBRYONIC_PLACENTA_MORPHOGENESIS	GOBP_EMBRYONIC_PLACENTA_MORPHOGENESIS		23	-0.725093	-1.8430198	0.0	0.034012187	0.636	1944	tags=43%, list=10%, signal=48%	
GOBP_LYMPHANGIOGENESIS	GOBP_LYMPHANGIOGENESIS		18	-0.7574912	-1.8350292	0.0034542314	0.038037047	0.68	2921	tags=56%, list=15%, signal=65%	
GOBP_ONE_CARBON_COMPOUND_TRANSPORT	GOBP_ONE_CARBON_COMPOUND_TRANSPORT		26	-0.700153	-1.8324852	0.0	0.038585704	0.698	885	tags=35%, list=5%, signal=36%	
GOBP_LYMPH_VESSEL_DEVELOPMENT	GOBP_LYMPH_VESSEL_DEVELOPMENT		29	-0.6943778	-1.8303205	0.0016835016	0.038837094	0.71	2198	tags=48%, list=11%, signal=54%	
GOBP_LYMPHOCYTE_COSTIMULATION	GOBP_LYMPHOCYTE_COSTIMULATION		47	-0.6383772	-1.8299067	0.0	0.03813611	0.713	3306	tags=49%, list=17%, signal=59%	
GOBP_CARDIAC_CHAMBER_DEVELOPMENT	GOBP_CARDIAC_CHAMBER_DEVELOPMENT		163	-0.5259171	-1.8297296	0.0	0.037190735	0.714	2599	tags=33%, list=13%, signal=37%	
GOBP_RESPONSE_TO_GROWTH_HORMONE	GOBP_RESPONSE_TO_GROWTH_HORMONE		38	-0.64962816	-1.8274345	0.0	0.037484325	0.728	385	tags=21%, list=2%, signal=21%	
GOBP_REGULATION_OF_RECEPTOR_SIGNALING_PATHWAY_VIA_STAT	GOBP_REGULATION_OF_RECEPTOR_SIGNALING_PATHWAY_VIA_STAT		107	-0.5478226	-1.8241124	0.0	0.03868325	0.742	2515	tags=23%, list=13%, signal=27%	
GOBP_NEGATIVE_REGULATION_OF_ENDOTHELIAL_CELL_PROLIFERATION	GOBP_NEGATIVE_REGULATION_OF_ENDOTHELIAL_CELL_PROLIFERATION		37	-0.6547588	-1.8203708	0.0	0.0401811	0.765	1689	tags=35%, list=9%, signal=38%	
GOBP_ANTIGEN_PROCESSING_AND_PRESENTATION_OF_EXOGENOUS_PEPTIDE_ANTIGEN_VIA_MHC_CLASS_II	GOBP_ANTIGEN_PROCESSING_AND_PRESENTATION_OF_EXOGENOUS_PEPTIDE_ANTIGEN_VIA_MHC_CLASS_II		29	-0.68853724	-1.8094739	0.0017391305	0.046989415	0.831	3249	tags=48%, list=17%, signal=58%	
GOBP_POSITIVE_REGULATION_OF_BEHAVIOR	GOBP_POSITIVE_REGULATION_OF_BEHAVIOR		23	-0.7170042	-1.8073076	0.0	0.047744524	0.847	1219	tags=35%, list=6%, signal=37%	
GOBP_LABYRINTHINE_LAYER_MORPHOGENESIS	GOBP_LABYRINTHINE_LAYER_MORPHOGENESIS		20	-0.73526776	-1.8051416	0.0	0.04824684	0.855	2515	tags=50%, list=13%, signal=57%	
GOBP_VENOUS_BLOOD_VESSEL_DEVELOPMENT	GOBP_VENOUS_BLOOD_VESSEL_DEVELOPMENT		16	-0.7624884	-1.804994	0.0	0.047317322	0.855	2212	tags=50%, list=11%, signal=56%	
GOBP_CELL_MIGRATION_INVOLVED_IN_SPROUTING_ANGIOGENESIS	GOBP_CELL_MIGRATION_INVOLVED_IN_SPROUTING_ANGIOGENESIS		53	-0.59299785	-1.8005627	0.0	0.04981087	0.872	2817	tags=36%, list=15%, signal=42%	
GOBP_GRANULOCYTE_ACTIVATION	GOBP_GRANULOCYTE_ACTIVATION		48	-0.6157044	-1.7998576	0.0015923567	0.049091306	0.874	2563	tags=48%, list=13%, signal=55%	
GOBP_EOSINOPHIL_MIGRATION	GOBP_EOSINOPHIL_MIGRATION		29	-0.6626831	-1.7981651	0.0	0.049406495	0.881	1077	tags=31%, list=6%, signal=33%	
GOBP_VITAMIN_TRANSMEMBRANE_TRANSPORT	GOBP_VITAMIN_TRANSMEMBRANE_TRANSPORT		19	-0.73965174	-1.7962087	0.0	0.049949165	0.892	2789	tags=42%, list=14%, signal=49%	
GOMF_VITAMIN_TRANSMEMBRANE_TRANSPORTER_ACTIVITY	GOMF_VITAMIN_TRANSMEMBRANE_TRANSPORTER_ACTIVITY		33	-0.6563921	-1.7929653	0.0	0.051288094	0.905	2140	tags=33%, list=11%, signal=37%	
GOBP_DNA_REPLICATION_INITIATION	GOBP_DNA_REPLICATION_INITIATION		36	-0.6373915	-1.7922323	0.0016806723	0.050850365	0.906	2554	tags=39%, list=13%, signal=45%	
GOBP_LEUKOCYTE_MIGRATION	GOBP_LEUKOCYTE_MIGRATION		376	-0.4718967	-1.7883736	0.0	0.053088963	0.921	2806	tags=31%, list=14%, signal=36%	
GOCC_IMMUNOLOGICAL_SYNAPSE	GOCC_IMMUNOLOGICAL_SYNAPSE		44	-0.6184482	-1.7866483	0.0	0.0534825	0.924	1356	tags=27%, list=7%, signal=29%	
GOMF_WW_DOMAIN_BINDING	GOMF_WW_DOMAIN_BINDING		20	-0.7266745	-1.7858231	0.0017064846	0.05314736	0.927	1294	tags=25%, list=7%, signal=27%	
GOBP_MORPHOGENESIS_OF_AN_EPITHELIAL_SHEET	GOBP_MORPHOGENESIS_OF_AN_EPITHELIAL_SHEET		62	-0.5756457	-1.7857254	0.0	0.05224077	0.927	2925	tags=34%, list=15%, signal=40%	
GOBP_NITRIC_OXIDE_MEDIATED_SIGNAL_TRANSDUCTION	GOBP_NITRIC_OXIDE_MEDIATED_SIGNAL_TRANSDUCTION		21	-0.7213401	-1.7828428	0.0	0.053465035	0.933	604	tags=29%, list=3%, signal=29%	
GOMF_LOW_DENSITY_LIPOPROTEIN_PARTICLE_RECEPTOR_ACTIVITY	GOMF_LOW_DENSITY_LIPOPROTEIN_PARTICLE_RECEPTOR_ACTIVITY		15	-0.7616648	-1.782806	0.0018018018	0.052585624	0.933	1399	tags=53%, list=7%, signal=57%	
GOMF_STRUCTURAL_CONSTITUENT_OF_SKIN_EPIDERMIS	GOMF_STRUCTURAL_CONSTITUENT_OF_SKIN_EPIDERMIS		35	-0.6469878	-1.7790488	0.0	0.05468269	0.943	1212	tags=20%, list=6%, signal=21%	
GOCC_KERATIN_FILAMENT	GOCC_KERATIN_FILAMENT		76	-0.5546136	-1.7781383	0.0	0.054537717	0.946	1212	tags=13%, list=6%, signal=14%	
GOBP_CELL_CHEMOTAXIS	GOBP_CELL_CHEMOTAXIS		299	-0.47760135	-1.7773731	0.0	0.054360744	0.949	2733	tags=30%, list=14%, signal=35%	
GOBP_HETEROPHILIC_CELL_CELL_ADHESION_VIA_PLASMA_MEMBRANE_CELL_ADHESION_MOLECULES	GOBP_HETEROPHILIC_CELL_CELL_ADHESION_VIA_PLASMA_MEMBRANE_CELL_ADHESION_MOLECULES		51	-0.5959812	-1.7772821	0.0015974441	0.05354182	0.95	1204	tags=29%, list=6%, signal=31%	
GOMF_LOW_DENSITY_LIPOPROTEIN_PARTICLE_BINDING	GOMF_LOW_DENSITY_LIPOPROTEIN_PARTICLE_BINDING		17	-0.7402098	-1.7755996	0.0036630037	0.053867403	0.951	1522	tags=41%, list=8%, signal=45%	
GOBP_HORMONE_BIOSYNTHETIC_PROCESS	GOBP_HORMONE_BIOSYNTHETIC_PROCESS		66	-0.5641521	-1.7734864	0.0	0.05484321	0.956	2582	tags=30%, list=13%, signal=35%	
GOBP_PROTEIN_KINASE_C_SIGNALING	GOBP_PROTEIN_KINASE_C_SIGNALING		34	-0.6451013	-1.7722602	0.0034013605	0.054819126	0.958	3569	tags=41%, list=18%, signal=50%	
GOMF_PROTEIN_TYROSINE_KINASE_BINDING	GOMF_PROTEIN_TYROSINE_KINASE_BINDING		119	-0.52149075	-1.7673486	0.0	0.058122966	0.966	3640	tags=33%, list=19%, signal=40%	
GOBP_MACROPHAGE_ACTIVATION_INVOLVED_IN_IMMUNE_RESPONSE	GOBP_MACROPHAGE_ACTIVATION_INVOLVED_IN_IMMUNE_RESPONSE		19	-0.7346476	-1.767214	0.0034542314	0.057277538	0.966	2563	tags=53%, list=13%, signal=61%	
GOBP_REGULATION_OF_POSITIVE_CHEMOTAXIS	GOBP_REGULATION_OF_POSITIVE_CHEMOTAXIS		25	-0.673384	-1.7639445	0.0033057851	0.059639208	0.974	1665	tags=32%, list=9%, signal=35%	
GOMF_OXYGEN_BINDING	GOMF_OXYGEN_BINDING		32	-0.64063495	-1.7616271	0.0016528926	0.060491752	0.979	2679	tags=50%, list=14%, signal=58%	
GOBP_WOUND_HEALING_SPREADING_OF_EPIDERMAL_CELLS	GOBP_WOUND_HEALING_SPREADING_OF_EPIDERMAL_CELLS		26	-0.67042357	-1.7598127	0.0032102729	0.061316665	0.981	1595	tags=31%, list=8%, signal=33%	
GOBP_BLOOD_VESSEL_ENDOTHELIAL_CELL_PROLIFERATION_INVOLVED_IN_SPROUTING_ANGIOGENESIS	GOBP_BLOOD_VESSEL_ENDOTHELIAL_CELL_PROLIFERATION_INVOLVED_IN_SPROUTING_ANGIOGENESIS		22	-0.69752014	-1.7591739	0.0032894737	0.061144844	0.983	1689	tags=41%, list=9%, signal=45%	
GOBP_VITAMIN_TRANSPORT	GOBP_VITAMIN_TRANSPORT		48	-0.5950198	-1.7590287	0.0033726813	0.060361482	0.984	2140	tags=33%, list=11%, signal=37%	
GOBP_MYELOID_LEUKOCYTE_ACTIVATION	GOBP_MYELOID_LEUKOCYTE_ACTIVATION		231	-0.4846732	-1.7581341	0.0	0.060369123	0.987	2765	tags=32%, list=14%, signal=37%	
GOBP_HYDROGEN_PEROXIDE_METABOLIC_PROCESS	GOBP_HYDROGEN_PEROXIDE_METABOLIC_PROCESS		54	-0.5799524	-1.7573602	0.0016666667	0.060305066	0.988	2289	tags=30%, list=12%, signal=33%	
GOBP_LYMPH_VESSEL_MORPHOGENESIS	GOBP_LYMPH_VESSEL_MORPHOGENESIS		22	-0.6870033	-1.7567359	0.0035906644	0.059895888	0.988	2145	tags=50%, list=11%, signal=56%	
GOMF_PATTERN_RECOGNITION_RECEPTOR_ACTIVITY	GOMF_PATTERN_RECOGNITION_RECEPTOR_ACTIVITY		33	-0.63697463	-1.7565855	0.0017152659	0.059185673	0.988	1549	tags=30%, list=8%, signal=33%	
GOBP_ANTIGEN_PROCESSING_AND_PRESENTATION_OF_EXOGENOUS_PEPTIDE_ANTIGEN	GOBP_ANTIGEN_PROCESSING_AND_PRESENTATION_OF_EXOGENOUS_PEPTIDE_ANTIGEN		39	-0.61247915	-1.7554048	0.0	0.059095494	0.988	3249	tags=46%, list=17%, signal=55%	
GOBP_MYELOID_LEUKOCYTE_MIGRATION	GOBP_MYELOID_LEUKOCYTE_MIGRATION		223	-0.4868752	-1.7505844	0.0	0.062226884	0.993	2722	tags=33%, list=14%, signal=38%	
GOCC_MICROVILLUS_MEMBRANE	GOCC_MICROVILLUS_MEMBRANE		28	-0.6601512	-1.749795	0.0017331023	0.062043805	0.993	1533	tags=25%, list=8%, signal=27%	
GOBP_LABYRINTHINE_LAYER_DEVELOPMENT	GOBP_LABYRINTHINE_LAYER_DEVELOPMENT		45	-0.600692	-1.7474926	0.0	0.06344467	0.993	2515	tags=33%, list=13%, signal=38%	
GOBP_KERATINOCYTE_DIFFERENTIATION	GOBP_KERATINOCYTE_DIFFERENTIATION		167	-0.49541155	-1.7472473	0.0	0.06291971	0.993	2558	tags=26%, list=13%, signal=29%	
GOBP_MACROPHAGE_ACTIVATION	GOBP_MACROPHAGE_ACTIVATION		103	-0.5254137	-1.7455581	0.0	0.06360541	0.995	2644	tags=33%, list=14%, signal=38%	
GOMF_MONOATOMIC_ION_GATED_CHANNEL_ACTIVITY	GOMF_MONOATOMIC_ION_GATED_CHANNEL_ACTIVITY		29	-0.66549796	-1.7442216	0.0016583748	0.06403668	0.995	492	tags=17%, list=3%, signal=18%	
GOBP_CELL_SURFACE_RECEPTOR_SIGNALING_PATHWAY_VIA_STAT	GOBP_CELL_SURFACE_RECEPTOR_SIGNALING_PATHWAY_VIA_STAT		171	-0.49453688	-1.73975	0.0	0.06764591	0.996	2585	tags=24%, list=13%, signal=27%	
GOBP_GRANULOCYTE_CHEMOTAXIS	GOBP_GRANULOCYTE_CHEMOTAXIS		121	-0.5188883	-1.7396615	0.0	0.066931635	0.996	2553	tags=35%, list=13%, signal=40%	
GOMF_LONG_CHAIN_FATTY_ACID_BINDING	GOMF_LONG_CHAIN_FATTY_ACID_BINDING		17	-0.7321947	-1.7374337	0.0036101083	0.068259545	0.998	2139	tags=41%, list=11%, signal=46%	
GOBP_VENTRICULAR_CARDIAC_MUSCLE_TISSUE_MORPHOGENESIS	GOBP_VENTRICULAR_CARDIAC_MUSCLE_TISSUE_MORPHOGENESIS		46	-0.6128665	-1.7371659	0.0015923567	0.067653544	0.998	2506	tags=46%, list=13%, signal=52%	
GOBP_LYMPHOCYTE_MIGRATION	GOBP_LYMPHOCYTE_MIGRATION		100	-0.5249403	-1.7350053	0.0	0.06914896	0.998	2529	tags=30%, list=13%, signal=34%	
GOBP_STEROID_HORMONE_BIOSYNTHETIC_PROCESS	GOBP_STEROID_HORMONE_BIOSYNTHETIC_PROCESS		44	-0.61258745	-1.7340196	0.0016583748	0.069317445	0.998	2582	tags=34%, list=13%, signal=39%	
GOMF_SINGLE_STRANDED_DNA_HELICASE_ACTIVITY	GOMF_SINGLE_STRANDED_DNA_HELICASE_ACTIVITY		22	-0.68500626	-1.7336094	0.0017064846	0.06904186	0.998	2520	tags=45%, list=13%, signal=52%	
GOBP_GRANULOCYTE_MIGRATION	GOBP_GRANULOCYTE_MIGRATION		145	-0.4990993	-1.7332433	0.0	0.06867848	0.998	2722	tags=34%, list=14%, signal=39%	
GOBP_B_CELL_RECEPTOR_SIGNALING_PATHWAY	GOBP_B_CELL_RECEPTOR_SIGNALING_PATHWAY		61	-0.57025415	-1.7332206	0.0032	0.06792692	0.998	3924	tags=48%, list=20%, signal=59%	
GOBP_DENDRITIC_CELL_ANTIGEN_PROCESSING_AND_PRESENTATION	GOBP_DENDRITIC_CELL_ANTIGEN_PROCESSING_AND_PRESENTATION		16	-0.739344	-1.7328805	0.012006861	0.06744581	0.998	2356	tags=50%, list=12%, signal=57%	
GOBP_POSITIVE_REGULATION_OF_RECEPTOR_INTERNALIZATION	GOBP_POSITIVE_REGULATION_OF_RECEPTOR_INTERNALIZATION		26	-0.6584214	-1.7323261	0.0032626428	0.067204624	0.998	2198	tags=27%, list=11%, signal=30%	
GOBP_ENDOCARDIAL_CUSHION_MORPHOGENESIS	GOBP_ENDOCARDIAL_CUSHION_MORPHOGENESIS		43	-0.5967408	-1.7321916	0.0	0.06660665	0.998	2460	tags=37%, list=13%, signal=43%	
GOBP_NEUTROPHIL_ACTIVATION_INVOLVED_IN_IMMUNE_RESPONSE	GOBP_NEUTROPHIL_ACTIVATION_INVOLVED_IN_IMMUNE_RESPONSE		21	-0.69635534	-1.7317148	0.0034129692	0.06646765	0.998	2563	tags=62%, list=13%, signal=71%	
GOBP_MORPHOGENESIS_OF_A_BRANCHING_STRUCTURE	GOBP_MORPHOGENESIS_OF_A_BRANCHING_STRUCTURE		200	-0.48405194	-1.73053	0.0	0.06666233	0.998	2603	tags=31%, list=13%, signal=35%	
GOBP_REGULATION_OF_DNA_TEMPLATED_DNA_REPLICATION	GOBP_REGULATION_OF_DNA_TEMPLATED_DNA_REPLICATION		46	-0.59598386	-1.72985	0.004918033	0.06650491	0.999	3435	tags=43%, list=18%, signal=53%	
GOMF_ORGANIC_ACID_BINDING	GOMF_ORGANIC_ACID_BINDING		195	-0.4824646	-1.729039	0.0	0.06646873	0.999	2235	tags=25%, list=12%, signal=28%	
GOBP_NEGATIVE_REGULATION_OF_CELL_MIGRATION_INVOLVED_IN_SPROUTING_ANGIOGENESIS	GOBP_NEGATIVE_REGULATION_OF_CELL_MIGRATION_INVOLVED_IN_SPROUTING_ANGIOGENESIS		15	-0.7497338	-1.7261016	0.0036429872	0.06832922	0.999	2817	tags=53%, list=15%, signal=62%	
GOBP_MONONUCLEAR_CELL_MIGRATION	GOBP_MONONUCLEAR_CELL_MIGRATION		210	-0.48098853	-1.7240238	0.0	0.069683574	0.999	2722	tags=29%, list=14%, signal=33%	
GOBP_CARDIAC_ATRIUM_DEVELOPMENT	GOBP_CARDIAC_ATRIUM_DEVELOPMENT		35	-0.61591655	-1.7239935	0.009025271	0.06900797	0.999	2460	tags=37%, list=13%, signal=42%	
GOBP_MORPHOGENESIS_OF_AN_EPITHELIUM	GOBP_MORPHOGENESIS_OF_AN_EPITHELIUM		486	-0.44849315	-1.7217822	0.0	0.07047503	0.999	3371	tags=31%, list=17%, signal=37%	
GOBP_NEGATIVE_REGULATION_OF_VASCULATURE_DEVELOPMENT	GOBP_NEGATIVE_REGULATION_OF_VASCULATURE_DEVELOPMENT		98	-0.52141	-1.7216005	0.0014306152	0.0699179	0.999	2387	tags=32%, list=12%, signal=36%	
GOBP_CARDIAC_VENTRICLE_DEVELOPMENT	GOBP_CARDIAC_VENTRICLE_DEVELOPMENT		122	-0.5048344	-1.7213233	0.0	0.06948404	0.999	2599	tags=32%, list=13%, signal=37%	
GOCC_TERTIARY_GRANULE	GOCC_TERTIARY_GRANULE		157	-0.49303472	-1.7206876	0.0	0.069441	1.0	2553	tags=28%, list=13%, signal=32%	
GOBP_OLEFINIC_COMPOUND_BIOSYNTHETIC_PROCESS	GOBP_OLEFINIC_COMPOUND_BIOSYNTHETIC_PROCESS		28	-0.6603251	-1.720246	0.0017452007	0.06913856	1.0	2387	tags=36%, list=12%, signal=41%	
GOBP_MONOCYTE_CHEMOTAXIS	GOBP_MONOCYTE_CHEMOTAXIS		50	-0.5798461	-1.7200603	0.0	0.06872415	1.0	2468	tags=32%, list=13%, signal=37%	
GOBP_REGULATION_OF_HUMORAL_IMMUNE_RESPONSE_MEDIATED_BY_CIRCULATING_IMMUNOGLOBULIN	GOBP_REGULATION_OF_HUMORAL_IMMUNE_RESPONSE_MEDIATED_BY_CIRCULATING_IMMUNOGLOBULIN		16	-0.73426133	-1.7197785	0.0053003533	0.06851332	1.0	889	tags=38%, list=5%, signal=39%	
GOBP_TYPE_II_INTERFERON_PRODUCTION	GOBP_TYPE_II_INTERFERON_PRODUCTION		113	-0.51364833	-1.7189809	0.0	0.06853157	1.0	1312	tags=24%, list=7%, signal=25%	
GOMF_FRIZZLED_BINDING	GOMF_FRIZZLED_BINDING		35	-0.6164981	-1.7179154	0.0016447369	0.06873006	1.0	603	tags=23%, list=3%, signal=24%	
GOBP_REGULATION_OF_MACROPHAGE_DERIVED_FOAM_CELL_DIFFERENTIATION	GOBP_REGULATION_OF_MACROPHAGE_DERIVED_FOAM_CELL_DIFFERENTIATION		31	-0.6220852	-1.7168009	0.0032733225	0.06905989	1.0	2830	tags=42%, list=15%, signal=49%	
GOBP_LEUKOCYTE_DEGRANULATION	GOBP_LEUKOCYTE_DEGRANULATION		76	-0.5455915	-1.716785	0.0015948963	0.06844717	1.0	3107	tags=41%, list=16%, signal=48%	
GOBP_NEGATIVE_REGULATION_OF_BLOOD_VESSEL_ENDOTHELIAL_CELL_MIGRATION	GOBP_NEGATIVE_REGULATION_OF_BLOOD_VESSEL_ENDOTHELIAL_CELL_MIGRATION		34	-0.608597	-1.7133763	0.0034662045	0.070945576	1.0	2239	tags=35%, list=12%, signal=40%	
GOBP_CARDIAC_SEPTUM_MORPHOGENESIS	GOBP_CARDIAC_SEPTUM_MORPHOGENESIS		68	-0.54049605	-1.7105355	0.004746835	0.07311526	1.0	2558	tags=31%, list=13%, signal=35%	
GOMF_DNA_BINDING_BENDING	GOMF_DNA_BINDING_BENDING		18	-0.70403373	-1.7095388	0.0035211267	0.07340425	1.0	1994	tags=39%, list=10%, signal=43%	
GOBP_POSITIVE_REGULATION_OF_ENDOTHELIAL_CELL_APOPTOTIC_PROCESS	GOBP_POSITIVE_REGULATION_OF_ENDOTHELIAL_CELL_APOPTOTIC_PROCESS		19	-0.69503963	-1.7094904	0.0068846815	0.07282077	1.0	4290	tags=68%, list=22%, signal=88%	
GOBP_ENDOCARDIAL_CUSHION_DEVELOPMENT	GOBP_ENDOCARDIAL_CUSHION_DEVELOPMENT		53	-0.5703238	-1.7085614	0.0031347962	0.07308061	1.0	2558	tags=34%, list=13%, signal=39%	
GOBP_POSITIVE_REGULATION_OF_PEPTIDYL_TYROSINE_PHOSPHORYLATION	GOBP_POSITIVE_REGULATION_OF_PEPTIDYL_TYROSINE_PHOSPHORYLATION		153	-0.4944721	-1.708187	0.0	0.0727256	1.0	2658	tags=28%, list=14%, signal=32%	
GOBP_ORGAN_OR_TISSUE_SPECIFIC_IMMUNE_RESPONSE	GOBP_ORGAN_OR_TISSUE_SPECIFIC_IMMUNE_RESPONSE		32	-0.64071697	-1.7070487	0.0016949152	0.07318636	1.0	889	tags=28%, list=5%, signal=29%	
GOBP_NEGATIVE_REGULATION_OF_GROWTH	GOBP_NEGATIVE_REGULATION_OF_GROWTH		214	-0.46452683	-1.7060075	0.0	0.073488295	1.0	2508	tags=23%, list=13%, signal=26%	
GOBP_CATECHOLAMINE_UPTAKE	GOBP_CATECHOLAMINE_UPTAKE		17	-0.72493845	-1.705514	0.0033840947	0.0733482	1.0	1147	tags=24%, list=6%, signal=25%	
GOBP_SPROUTING_ANGIOGENESIS	GOBP_SPROUTING_ANGIOGENESIS		129	-0.49965563	-1.7045275	0.0	0.0736361	1.0	2249	tags=25%, list=12%, signal=28%	
GOBP_T_CELL_MIGRATION	GOBP_T_CELL_MIGRATION		69	-0.54268205	-1.7013521	0.0	0.07617336	1.0	2189	tags=30%, list=11%, signal=34%	
GOBP_NEGATIVE_REGULATION_OF_BONE_REMODELING	GOBP_NEGATIVE_REGULATION_OF_BONE_REMODELING		18	-0.71838105	-1.7012829	0.0	0.07562248	1.0	98	tags=22%, list=1%, signal=22%	
GOMF_CYTOKINE_RECEPTOR_BINDING	GOMF_CYTOKINE_RECEPTOR_BINDING		260	-0.45611197	-1.7012317	0.0	0.075046614	1.0	2452	tags=23%, list=13%, signal=26%	
GOBP_EPIDERMIS_DEVELOPMENT	GOBP_EPIDERMIS_DEVELOPMENT		364	-0.44576332	-1.699846	0.0	0.07558971	1.0	4043	tags=34%, list=21%, signal=43%	
GOBP_POSITIVE_CHEMOTAXIS	GOBP_POSITIVE_CHEMOTAXIS		64	-0.5503935	-1.6992179	0.0	0.0756564	1.0	1665	tags=25%, list=9%, signal=27%	
GOBP_NEGATIVE_REGULATION_OF_RHO_PROTEIN_SIGNAL_TRANSDUCTION	GOBP_NEGATIVE_REGULATION_OF_RHO_PROTEIN_SIGNAL_TRANSDUCTION		19	-0.7037045	-1.6985615	0.008896797	0.075738	1.0	3697	tags=47%, list=19%, signal=58%	
GOBP_POSITIVE_REGULATION_OF_GLIAL_CELL_PROLIFERATION	GOBP_POSITIVE_REGULATION_OF_GLIAL_CELL_PROLIFERATION		21	-0.68058205	-1.6976111	0.0050847456	0.07607405	1.0	1287	tags=43%, list=7%, signal=46%	
GOBP_PLACENTA_DEVELOPMENT	GOBP_PLACENTA_DEVELOPMENT		146	-0.4887246	-1.6973908	0.0	0.07571239	1.0	2659	tags=31%, list=14%, signal=35%	
GOBP_REGULATION_OF_THE_FORCE_OF_HEART_CONTRACTION	GOBP_REGULATION_OF_THE_FORCE_OF_HEART_CONTRACTION		26	-0.6453195	-1.6963447	0.0051020407	0.07609887	1.0	2454	tags=38%, list=13%, signal=44%	
GOBP_INFLAMMATORY_CELL_APOPTOTIC_PROCESS	GOBP_INFLAMMATORY_CELL_APOPTOTIC_PROCESS		21	-0.6808556	-1.6960889	0.0068259384	0.07573426	1.0	3768	tags=43%, list=19%, signal=53%	
GOBP_CARDIAC_SEPTUM_DEVELOPMENT	GOBP_CARDIAC_SEPTUM_DEVELOPMENT		104	-0.5123533	-1.6946082	0.0	0.07654394	1.0	2558	tags=29%, list=13%, signal=33%	
GOBP_VENTRICULAR_CARDIAC_MUSCLE_TISSUE_DEVELOPMENT	GOBP_VENTRICULAR_CARDIAC_MUSCLE_TISSUE_DEVELOPMENT		61	-0.55957127	-1.6935769	0.0	0.07689885	1.0	2506	tags=43%, list=13%, signal=49%	
GOBP_REGULATION_OF_LEUKOCYTE_CHEMOTAXIS	GOBP_REGULATION_OF_LEUKOCYTE_CHEMOTAXIS		117	-0.50193	-1.6916629	0.0	0.07812684	1.0	2535	tags=32%, list=13%, signal=37%	
GOBP_POSITIVE_REGULATION_OF_EPITHELIAL_CELL_DIFFERENTIATION	GOBP_POSITIVE_REGULATION_OF_EPITHELIAL_CELL_DIFFERENTIATION		58	-0.54736286	-1.6911054	0.0032258064	0.07809836	1.0	2506	tags=33%, list=13%, signal=37%	
GOBP_REGULATION_OF_NEURON_PROJECTION_ARBORIZATION	GOBP_REGULATION_OF_NEURON_PROJECTION_ARBORIZATION		15	-0.73853296	-1.690413	0.010948905	0.07829554	1.0	4258	tags=67%, list=22%, signal=85%	
GOBP_CARDIAC_ATRIUM_MORPHOGENESIS	GOBP_CARDIAC_ATRIUM_MORPHOGENESIS		27	-0.63811606	-1.6883932	0.006849315	0.079932034	1.0	2455	tags=37%, list=13%, signal=42%	
GOBP_BUNDLE_OF_HIS_CELL_TO_PURKINJE_MYOCYTE_COMMUNICATION	GOBP_BUNDLE_OF_HIS_CELL_TO_PURKINJE_MYOCYTE_COMMUNICATION		15	-0.73575324	-1.685315	0.0034965035	0.08245634	1.0	1963	tags=40%, list=10%, signal=44%	
GOMF_PROTEIN_TYROSINE_SERINE_THREONINE_PHOSPHATASE_ACTIVITY	GOMF_PROTEIN_TYROSINE_SERINE_THREONINE_PHOSPHATASE_ACTIVITY		25	-0.6561756	-1.6849432	0.0053956835	0.082308345	1.0	1719	tags=32%, list=9%, signal=35%	
GOBP_NEGATIVE_REGULATION_OF_LEUKOCYTE_CHEMOTAXIS	GOBP_NEGATIVE_REGULATION_OF_LEUKOCYTE_CHEMOTAXIS		19	-0.6865234	-1.6844553	0.007352941	0.0822529	1.0	147	tags=21%, list=1%, signal=21%	
GOBP_DNA_UNWINDING_INVOLVED_IN_DNA_REPLICATION	GOBP_DNA_UNWINDING_INVOLVED_IN_DNA_REPLICATION		20	-0.6911129	-1.6830473	0.0	0.08301666	1.0	2086	tags=45%, list=11%, signal=50%	
GOBP_MITOTIC_DNA_REPLICATION	GOBP_MITOTIC_DNA_REPLICATION		16	-0.7074605	-1.6825006	0.0071301246	0.08286068	1.0	3185	tags=56%, list=16%, signal=67%	
GOBP_EPITHELIAL_TUBE_MORPHOGENESIS	GOBP_EPITHELIAL_TUBE_MORPHOGENESIS		324	-0.44920912	-1.6817213	0.0	0.0829642	1.0	3798	tags=35%, list=20%, signal=43%	
GOBP_EPITHELIAL_CELL_MORPHOGENESIS	GOBP_EPITHELIAL_CELL_MORPHOGENESIS		33	-0.61447257	-1.6812654	0.0033726813	0.082977876	1.0	2074	tags=42%, list=11%, signal=47%	
GOBP_SECONDARY_PALATE_DEVELOPMENT	GOBP_SECONDARY_PALATE_DEVELOPMENT		26	-0.6416169	-1.6791905	0.012237762	0.08444493	1.0	4043	tags=54%, list=21%, signal=68%	
GOBP_NEUTROPHIL_CHEMOTAXIS	GOBP_NEUTROPHIL_CHEMOTAXIS		81	-0.52678436	-1.6780312	0.0015313936	0.08496722	1.0	2553	tags=40%, list=13%, signal=45%	
GOBP_CARDIAC_VENTRICLE_MORPHOGENESIS	GOBP_CARDIAC_VENTRICLE_MORPHOGENESIS		70	-0.5290437	-1.6767949	0.00155521	0.085575566	1.0	2558	tags=39%, list=13%, signal=44%	
GOBP_GONADOTROPIN_SECRETION	GOBP_GONADOTROPIN_SECRETION		17	-0.70163935	-1.6764293	0.013913044	0.08546555	1.0	1182	tags=35%, list=6%, signal=38%	
GOBP_REGULATION_OF_CELL_MIGRATION_INVOLVED_IN_SPROUTING_ANGIOGENESIS	GOBP_REGULATION_OF_CELL_MIGRATION_INVOLVED_IN_SPROUTING_ANGIOGENESIS		38	-0.60095656	-1.6749291	0.0016420361	0.08642646	1.0	2817	tags=39%, list=15%, signal=46%	
GOBP_NEGATIVE_REGULATION_OF_PHAGOCYTOSIS	GOBP_NEGATIVE_REGULATION_OF_PHAGOCYTOSIS		19	-0.6955907	-1.674595	0.009041592	0.08625577	1.0	1077	tags=32%, list=6%, signal=33%	
GOBP_POSITIVE_REGULATION_OF_INFLAMMATORY_RESPONSE	GOBP_POSITIVE_REGULATION_OF_INFLAMMATORY_RESPONSE		138	-0.4894742	-1.6737293	0.0	0.086553395	1.0	2746	tags=32%, list=14%, signal=37%	
GOCC_CYCLIN_DEPENDENT_PROTEIN_KINASE_HOLOENZYME_COMPLEX	GOCC_CYCLIN_DEPENDENT_PROTEIN_KINASE_HOLOENZYME_COMPLEX		53	-0.55582684	-1.673645	0.0067001674	0.086025566	1.0	1823	tags=28%, list=9%, signal=31%	
GOMF_GROWTH_FACTOR_ACTIVITY	GOMF_GROWTH_FACTOR_ACTIVITY		149	-0.4810876	-1.673174	0.0	0.085978515	1.0	2558	tags=26%, list=13%, signal=29%	
GOBP_TRABECULA_MORPHOGENESIS	GOBP_TRABECULA_MORPHOGENESIS		47	-0.5790897	-1.6727839	0.0016778524	0.08579487	1.0	2527	tags=34%, list=13%, signal=39%	
GOBP_ACTIN_MYOSIN_FILAMENT_SLIDING	GOBP_ACTIN_MYOSIN_FILAMENT_SLIDING		15	-0.70737505	-1.6710738	0.011986301	0.08692934	1.0	2444	tags=67%, list=13%, signal=76%	
GOBP_REGULATION_OF_PEPTIDYL_TYROSINE_PHOSPHORYLATION	GOBP_REGULATION_OF_PEPTIDYL_TYROSINE_PHOSPHORYLATION		208	-0.461849	-1.670975	0.0	0.086499915	1.0	2561	tags=25%, list=13%, signal=28%	
GOCC_ENDOSOME_LUMEN	GOCC_ENDOSOME_LUMEN		40	-0.5838841	-1.6694441	0.008169935	0.08751936	1.0	1499	tags=20%, list=8%, signal=22%	
GOBP_NEGATIVE_REGULATION_OF_LEUKOCYTE_MIGRATION	GOBP_NEGATIVE_REGULATION_OF_LEUKOCYTE_MIGRATION		47	-0.5674648	-1.6636283	0.0	0.093117826	1.0	3146	tags=43%, list=16%, signal=51%	
GOBP_SKELETAL_MUSCLE_TISSUE_REGENERATION	GOBP_SKELETAL_MUSCLE_TISSUE_REGENERATION		37	-0.60222083	-1.663474	0.0050675673	0.092750356	1.0	2610	tags=38%, list=13%, signal=44%	
GOBP_TAXIS	GOBP_TAXIS		441	-0.43230748	-1.6627692	0.0	0.09296308	1.0	2553	tags=25%, list=13%, signal=29%	
GOMF_OXIDOREDUCTASE_ACTIVITY_ACTING_ON_PEROXIDE_AS_ACCEPTOR	GOMF_OXIDOREDUCTASE_ACTIVITY_ACTING_ON_PEROXIDE_AS_ACCEPTOR		57	-0.551542	-1.6607163	0.0	0.0946555	1.0	2164	tags=30%, list=11%, signal=33%	
GOBP_POSITIVE_REGULATION_OF_LEUKOCYTE_CELL_CELL_ADHESION	GOBP_POSITIVE_REGULATION_OF_LEUKOCYTE_CELL_CELL_ADHESION		266	-0.45084694	-1.6603138	0.0	0.0945773	1.0	2593	tags=27%, list=13%, signal=31%	
GOBP_SKIN_DEVELOPMENT	GOBP_SKIN_DEVELOPMENT		308	-0.44645655	-1.6600258	0.0	0.09428022	1.0	4043	tags=38%, list=21%, signal=47%	
GOBP_MESENCHYME_DEVELOPMENT	GOBP_MESENCHYME_DEVELOPMENT		304	-0.44578758	-1.6583769	0.0	0.09547777	1.0	2743	tags=26%, list=14%, signal=30%	
GOBP_ANATOMICAL_STRUCTURE_ARRANGEMENT	GOBP_ANATOMICAL_STRUCTURE_ARRANGEMENT		17	-0.6868548	-1.6580241	0.01084991	0.09528044	1.0	1189	tags=29%, list=6%, signal=31%	
GOBP_NEURON_PROJECTION_ARBORIZATION	GOBP_NEURON_PROJECTION_ARBORIZATION		32	-0.6002132	-1.6578852	0.008591065	0.09484534	1.0	766	tags=25%, list=4%, signal=26%	
GOBP_REGULATION_OF_CHEMOTAXIS	GOBP_REGULATION_OF_CHEMOTAXIS		198	-0.46208963	-1.6571213	0.0013661202	0.09523288	1.0	2535	tags=28%, list=13%, signal=32%	
GOMF_BHLH_TRANSCRIPTION_FACTOR_BINDING	GOMF_BHLH_TRANSCRIPTION_FACTOR_BINDING		31	-0.62547743	-1.6564502	0.0033003301	0.095446885	1.0	1630	tags=39%, list=8%, signal=42%	
GOBP_NEGATIVE_REGULATION_OF_INTERLEUKIN_10_PRODUCTION	GOBP_NEGATIVE_REGULATION_OF_INTERLEUKIN_10_PRODUCTION		18	-0.6850977	-1.656043	0.011009174	0.09531157	1.0	954	tags=28%, list=5%, signal=29%	
GOCC_MYOSIN_FILAMENT	GOCC_MYOSIN_FILAMENT		24	-0.63691294	-1.654979	0.007017544	0.096016236	1.0	1941	tags=46%, list=10%, signal=51%	
GOMF_PROTEOGLYCAN_BINDING	GOMF_PROTEOGLYCAN_BINDING		35	-0.59219366	-1.6544154	0.005357143	0.09606928	1.0	1977	tags=31%, list=10%, signal=35%	
GOBP_REGULATION_OF_KERATINOCYTE_DIFFERENTIATION	GOBP_REGULATION_OF_KERATINOCYTE_DIFFERENTIATION		34	-0.6003407	-1.6536682	0.008130081	0.0962061	1.0	2506	tags=41%, list=13%, signal=47%	
GOBP_ATRIOVENTRICULAR_VALVE_DEVELOPMENT	GOBP_ATRIOVENTRICULAR_VALVE_DEVELOPMENT		29	-0.62236947	-1.6531262	0.006633499	0.0962334	1.0	2460	tags=38%, list=13%, signal=43%	
GOBP_CELL_CYCLE_G2_M_PHASE_TRANSITION	GOBP_CELL_CYCLE_G2_M_PHASE_TRANSITION		141	-0.48233166	-1.6483431	0.0	0.10096337	1.0	1976	tags=23%, list=10%, signal=26%	
GOBP_IMMUNOLOGICAL_SYNAPSE_FORMATION	GOBP_IMMUNOLOGICAL_SYNAPSE_FORMATION		17	-0.6989727	-1.647459	0.008635579	0.10131077	1.0	4273	tags=71%, list=22%, signal=90%	
GOBP_INTERMEDIATE_FILAMENT_ORGANIZATION	GOBP_INTERMEDIATE_FILAMENT_ORGANIZATION		68	-0.5270822	-1.6473068	0.0015527951	0.100907356	1.0	2003	tags=22%, list=10%, signal=25%	
GOCC_MICROVILLUS	GOCC_MICROVILLUS		92	-0.50274426	-1.6441636	0.004702194	0.1041629	1.0	1902	tags=18%, list=10%, signal=20%	
GOBP_POLARIZED_EPITHELIAL_CELL_DIFFERENTIATION	GOBP_POLARIZED_EPITHELIAL_CELL_DIFFERENTIATION		25	-0.63314146	-1.6433021	0.010600707	0.10461523	1.0	3215	tags=48%, list=17%, signal=57%	
GOBP_RETINAL_GANGLION_CELL_AXON_GUIDANCE	GOBP_RETINAL_GANGLION_CELL_AXON_GUIDANCE		23	-0.63459045	-1.6414957	0.019130435	0.10631171	1.0	766	tags=17%, list=4%, signal=18%	
GOBP_NEGATIVE_REGULATION_OF_MONONUCLEAR_CELL_MIGRATION	GOBP_NEGATIVE_REGULATION_OF_MONONUCLEAR_CELL_MIGRATION		28	-0.62621695	-1.6389139	0.0117252935	0.10881133	1.0	995	tags=29%, list=5%, signal=30%	
GOBP_NEGATIVE_REGULATION_OF_TISSUE_REMODELING	GOBP_NEGATIVE_REGULATION_OF_TISSUE_REMODELING		21	-0.66124314	-1.6357788	0.008635579	0.11230385	1.0	651	tags=24%, list=3%, signal=25%	
GOBP_VASCULAR_WOUND_HEALING	GOBP_VASCULAR_WOUND_HEALING		18	-0.69032985	-1.6353105	0.0036101083	0.112244904	1.0	1959	tags=33%, list=10%, signal=37%	
GOBP_NEUTROPHIL_MIGRATION	GOBP_NEUTROPHIL_MIGRATION		101	-0.49831954	-1.6347202	0.0028901733	0.11238815	1.0	2722	tags=37%, list=14%, signal=42%	
GOBP_CELL_CYCLE_DNA_REPLICATION	GOBP_CELL_CYCLE_DNA_REPLICATION		44	-0.56369096	-1.6341889	0.0032626428	0.11246299	1.0	3435	tags=43%, list=18%, signal=52%	
GOBP_MULTI_MULTICELLULAR_ORGANISM_PROCESS	GOBP_MULTI_MULTICELLULAR_ORGANISM_PROCESS		206	-0.4542607	-1.6329823	0.0	0.113255695	1.0	2677	tags=30%, list=14%, signal=35%	
GOCC_DESMOSOME	GOCC_DESMOSOME		28	-0.61364657	-1.6325827	0.010416667	0.11315423	1.0	2648	tags=43%, list=14%, signal=50%	
GOBP_LYMPHOCYTE_CHEMOTAXIS	GOBP_LYMPHOCYTE_CHEMOTAXIS		43	-0.56495535	-1.6320919	0.008561644	0.11325539	1.0	2722	tags=40%, list=14%, signal=46%	
GOBP_LEUKOCYTE_CELL_CELL_ADHESION	GOBP_LEUKOCYTE_CELL_CELL_ADHESION		395	-0.4284862	-1.6319482	0.0	0.11279809	1.0	2665	tags=26%, list=14%, signal=30%	
GOBP_CELL_DIFFERENTIATION_INVOLVED_IN_EMBRYONIC_PLACENTA_DEVELOPMENT	GOBP_CELL_DIFFERENTIATION_INVOLVED_IN_EMBRYONIC_PLACENTA_DEVELOPMENT		24	-0.6450732	-1.630953	0.007104796	0.1134218	1.0	3349	tags=58%, list=17%, signal=70%	
GOBP_POSITIVE_REGULATION_OF_TYPE_2_IMMUNE_RESPONSE	GOBP_POSITIVE_REGULATION_OF_TYPE_2_IMMUNE_RESPONSE		18	-0.6801124	-1.6308486	0.012681159	0.11295229	1.0	2382	tags=39%, list=12%, signal=44%	
GOMF_MAP_KINASE_PHOSPHATASE_ACTIVITY	GOMF_MAP_KINASE_PHOSPHATASE_ACTIVITY		15	-0.70814395	-1.6299883	0.009398496	0.11348303	1.0	1719	tags=47%, list=9%, signal=51%	
GOBP_FILOPODIUM_ASSEMBLY	GOBP_FILOPODIUM_ASSEMBLY		65	-0.5222551	-1.6294487	0.0032	0.113586746	1.0	3436	tags=42%, list=18%, signal=50%	
GOBP_REGULATION_OF_MONONUCLEAR_CELL_MIGRATION	GOBP_REGULATION_OF_MONONUCLEAR_CELL_MIGRATION		131	-0.47424883	-1.6291572	0.0	0.11333628	1.0	2535	tags=27%, list=13%, signal=31%	
GOBP_AUTONOMIC_NERVOUS_SYSTEM_DEVELOPMENT	GOBP_AUTONOMIC_NERVOUS_SYSTEM_DEVELOPMENT		45	-0.5589025	-1.6273608	0.0015974441	0.11493179	1.0	2011	tags=29%, list=10%, signal=32%	
GOBP_RESPONSE_TO_ETHANOL	GOBP_RESPONSE_TO_ETHANOL		122	-0.4826246	-1.6273364	0.004411765	0.114374585	1.0	1510	tags=19%, list=8%, signal=20%	
GOBP_REGULATION_OF_EPIDERMIS_DEVELOPMENT	GOBP_REGULATION_OF_EPIDERMIS_DEVELOPMENT		59	-0.53355956	-1.6268886	0.00625	0.11436412	1.0	2506	tags=36%, list=13%, signal=41%	
GOBP_NEGATIVE_REGULATION_OF_SMAD_PROTEIN_SIGNAL_TRANSDUCTION	GOBP_NEGATIVE_REGULATION_OF_SMAD_PROTEIN_SIGNAL_TRANSDUCTION		20	-0.6614551	-1.6262879	0.011090573	0.114401594	1.0	1403	tags=35%, list=7%, signal=38%	
GOBP_REGULATION_OF_EPITHELIAL_TO_MESENCHYMAL_TRANSITION	GOBP_REGULATION_OF_EPITHELIAL_TO_MESENCHYMAL_TRANSITION		101	-0.49216112	-1.6261551	0.0014662757	0.114025794	1.0	2305	tags=28%, list=12%, signal=31%	
GOCC_NEURONAL_DENSE_CORE_VESICLE	GOCC_NEURONAL_DENSE_CORE_VESICLE		24	-0.64740515	-1.626155	0.005376344	0.1134528	1.0	2940	tags=42%, list=15%, signal=49%	
GOBP_POSITIVE_REGULATION_OF_EPITHELIAL_CELL_PROLIFERATION	GOBP_POSITIVE_REGULATION_OF_EPITHELIAL_CELL_PROLIFERATION		194	-0.45662156	-1.6221912	0.0	0.117802985	1.0	2731	tags=28%, list=14%, signal=32%	
GOBP_REGULATION_OF_CELL_CYCLE_G2_M_PHASE_TRANSITION	GOBP_REGULATION_OF_CELL_CYCLE_G2_M_PHASE_TRANSITION		104	-0.4916954	-1.6210216	0.0	0.11887243	1.0	3556	tags=34%, list=18%, signal=41%	
GOBP_POSITIVE_REGULATION_OF_MACROPHAGE_DERIVED_FOAM_CELL_DIFFERENTIATION	GOBP_POSITIVE_REGULATION_OF_MACROPHAGE_DERIVED_FOAM_CELL_DIFFERENTIATION		18	-0.66579473	-1.6205378	0.019713262	0.118870325	1.0	1735	tags=39%, list=9%, signal=43%	
GOBP_ARTERY_DEVELOPMENT	GOBP_ARTERY_DEVELOPMENT		104	-0.48838112	-1.6191075	0.0029411765	0.1200809	1.0	2644	tags=32%, list=14%, signal=37%	
GOBP_LEUKOCYTE_MIGRATION_INVOLVED_IN_INFLAMMATORY_RESPONSE	GOBP_LEUKOCYTE_MIGRATION_INVOLVED_IN_INFLAMMATORY_RESPONSE		19	-0.6769295	-1.6188595	0.012216405	0.11977012	1.0	2208	tags=42%, list=11%, signal=47%	
GOMF_MOLECULAR_CARRIER_ACTIVITY	GOMF_MOLECULAR_CARRIER_ACTIVITY		91	-0.5016634	-1.6187733	0.001472754	0.11933928	1.0	2708	tags=20%, list=14%, signal=23%	
GOBP_POSITIVE_REGULATION_OF_INTERLEUKIN_10_PRODUCTION	GOBP_POSITIVE_REGULATION_OF_INTERLEUKIN_10_PRODUCTION		39	-0.5701433	-1.6180015	0.0031847134	0.11976914	1.0	2198	tags=36%, list=11%, signal=40%	
GOBP_NEGATIVE_REGULATION_OF_CHEMOTAXIS	GOBP_NEGATIVE_REGULATION_OF_CHEMOTAXIS		43	-0.5651794	-1.6167867	0.010971786	0.12074258	1.0	766	tags=21%, list=4%, signal=22%	
GOBP_EPIBOLY	GOBP_EPIBOLY		41	-0.56882775	-1.615826	0.006908463	0.1215282	1.0	1595	tags=22%, list=8%, signal=24%	
GOMF_PHOSPHOTYROSINE_RESIDUE_BINDING	GOMF_PHOSPHOTYROSINE_RESIDUE_BINDING		47	-0.5482933	-1.6156181	0.008347246	0.12117308	1.0	3092	tags=47%, list=16%, signal=56%	
GOBP_DISRUPTION_OF_ANATOMICAL_STRUCTURE_IN_ANOTHER_ORGANISM	GOBP_DISRUPTION_OF_ANATOMICAL_STRUCTURE_IN_ANOTHER_ORGANISM		90	-0.4950542	-1.6152151	0.005952381	0.12116478	1.0	2690	tags=31%, list=14%, signal=36%	
GOBP_NEGATIVE_REGULATION_OF_ORGAN_GROWTH	GOBP_NEGATIVE_REGULATION_OF_ORGAN_GROWTH		30	-0.5965253	-1.6141249	0.008726004	0.12203422	1.0	331	tags=17%, list=2%, signal=17%	
GOBP_NEUROTRANSMITTER_UPTAKE	GOBP_NEUROTRANSMITTER_UPTAKE		44	-0.5588136	-1.6139522	0.0080515295	0.12171129	1.0	1396	tags=23%, list=7%, signal=24%	
GOBP_CELLULAR_OXIDANT_DETOXIFICATION	GOBP_CELLULAR_OXIDANT_DETOXIFICATION		90	-0.49702755	-1.6138371	0.0014836795	0.12125364	1.0	2256	tags=27%, list=12%, signal=30%	
GOBP_POSITIVE_REGULATION_OF_CELL_ACTIVATION	GOBP_POSITIVE_REGULATION_OF_CELL_ACTIVATION		359	-0.42398584	-1.6135633	0.0	0.12107873	1.0	3339	tags=32%, list=17%, signal=38%	
GOBP_REGULATION_OF_EPITHELIAL_CELL_DIFFERENTIATION_INVOLVED_IN_KIDNEY_DEVELOPMENT	GOBP_REGULATION_OF_EPITHELIAL_CELL_DIFFERENTIATION_INVOLVED_IN_KIDNEY_DEVELOPMENT		16	-0.68182456	-1.6134777	0.020654045	0.12063765	1.0	552	tags=25%, list=3%, signal=26%	
GOBP_EPIDERMAL_CELL_DIFFERENTIATION	GOBP_EPIDERMAL_CELL_DIFFERENTIATION		229	-0.44321948	-1.6124178	0.0	0.121372856	1.0	2558	tags=24%, list=13%, signal=27%	
GOBP_REGULATION_OF_RESPONSE_TO_TUMOR_CELL	GOBP_REGULATION_OF_RESPONSE_TO_TUMOR_CELL		24	-0.63425875	-1.6119819	0.0068728523	0.12138455	1.0	1438	tags=33%, list=7%, signal=36%	
GOBP_REGULATION_OF_LEUKOCYTE_MIGRATION	GOBP_REGULATION_OF_LEUKOCYTE_MIGRATION		218	-0.4430564	-1.6113948	0.0013315579	0.12169534	1.0	2733	tags=29%, list=14%, signal=33%	
GOBP_CELL_KILLING	GOBP_CELL_KILLING		221	-0.4429697	-1.6108679	0.0	0.1218966	1.0	2690	tags=28%, list=14%, signal=32%	
GOBP_ARTERY_MORPHOGENESIS	GOBP_ARTERY_MORPHOGENESIS		73	-0.5142892	-1.6097149	0.0015408321	0.12279343	1.0	1801	tags=29%, list=9%, signal=32%	
GOBP_ANTIGEN_PROCESSING_AND_PRESENTATION_OF_EXOGENOUS_ANTIGEN	GOBP_ANTIGEN_PROCESSING_AND_PRESENTATION_OF_EXOGENOUS_ANTIGEN		48	-0.5448184	-1.6076224	0.013157895	0.124874525	1.0	3704	tags=42%, list=19%, signal=51%	
GOBP_REGULATION_OF_BONE_REMODELING	GOBP_REGULATION_OF_BONE_REMODELING		51	-0.547549	-1.6072441	0.008169935	0.12482215	1.0	2804	tags=37%, list=14%, signal=43%	
GOBP_ENDOCARDIAL_CUSHION_FORMATION	GOBP_ENDOCARDIAL_CUSHION_FORMATION		31	-0.5903311	-1.6056684	0.016977929	0.12637497	1.0	2212	tags=35%, list=11%, signal=40%	
GOBP_PROTEIN_LOCALIZATION_TO_CHROMOSOME_CENTROMERIC_REGION	GOBP_PROTEIN_LOCALIZATION_TO_CHROMOSOME_CENTROMERIC_REGION		22	-0.6247673	-1.6056316	0.027538726	0.1258438	1.0	5044	tags=55%, list=26%, signal=74%	
GOBP_MORPHOGENESIS_OF_EMBRYONIC_EPITHELIUM	GOBP_MORPHOGENESIS_OF_EMBRYONIC_EPITHELIUM		146	-0.4676477	-1.6028303	0.0	0.1291473	1.0	1006	tags=18%, list=5%, signal=19%	
GOBP_REGULATION_OF_EPITHELIAL_CELL_PROLIFERATION	GOBP_REGULATION_OF_EPITHELIAL_CELL_PROLIFERATION		351	-0.42394015	-1.6026907	0.0	0.1287477	1.0	2743	tags=27%, list=14%, signal=31%	
GOBP_SKIN_EPIDERMIS_DEVELOPMENT	GOBP_SKIN_EPIDERMIS_DEVELOPMENT		128	-0.46624178	-1.6003145	0.0	0.13137436	1.0	4043	tags=41%, list=21%, signal=51%	
GOBP_BODY_FLUID_SECRETION	GOBP_BODY_FLUID_SECRETION		93	-0.4885045	-1.5970999	0.0030395137	0.1353936	1.0	3280	tags=30%, list=17%, signal=36%	
GOBP_HEART_MORPHOGENESIS	GOBP_HEART_MORPHOGENESIS		254	-0.43438184	-1.5943751	0.0	0.1388148	1.0	2558	tags=28%, list=13%, signal=31%	
GOMF_MHC_PROTEIN_COMPLEX_BINDING	GOMF_MHC_PROTEIN_COMPLEX_BINDING		34	-0.5867259	-1.5939474	0.018549748	0.13878551	1.0	1971	tags=29%, list=10%, signal=33%	
GOBP_IMMUNE_RESPONSE_REGULATING_CELL_SURFACE_RECEPTOR_SIGNALING_PATHWAY	GOBP_IMMUNE_RESPONSE_REGULATING_CELL_SURFACE_RECEPTOR_SIGNALING_PATHWAY		324	-0.42694744	-1.5931282	0.0	0.13937032	1.0	3804	tags=35%, list=20%, signal=43%	
GOBP_EPITHELIAL_TO_MESENCHYMAL_TRANSITION	GOBP_EPITHELIAL_TO_MESENCHYMAL_TRANSITION		166	-0.45092008	-1.5930878	0.0013888889	0.13881469	1.0	2387	tags=24%, list=12%, signal=27%	
GOBP_POSITIVE_REGULATION_OF_NEUROTRANSMITTER_TRANSPORT	GOBP_POSITIVE_REGULATION_OF_NEUROTRANSMITTER_TRANSPORT		23	-0.62603307	-1.5928209	0.02417962	0.13857059	1.0	1925	tags=30%, list=10%, signal=34%	
GOBP_PEPTIDYL_TYROSINE_MODIFICATION	GOBP_PEPTIDYL_TYROSINE_MODIFICATION		254	-0.4368539	-1.5927652	0.0	0.13802297	1.0	2665	tags=24%, list=14%, signal=28%	
GOMF_FATTY_ACID_BINDING	GOMF_FATTY_ACID_BINDING		47	-0.5387975	-1.5917253	0.006441224	0.13893737	1.0	2139	tags=28%, list=11%, signal=31%	
GOBP_EPITHELIAL_CELL_DEVELOPMENT	GOBP_EPITHELIAL_CELL_DEVELOPMENT		214	-0.44278038	-1.5907384	0.0	0.1396965	1.0	2739	tags=29%, list=14%, signal=33%	
GOMF_CARGO_RECEPTOR_ACTIVITY	GOMF_CARGO_RECEPTOR_ACTIVITY		72	-0.51091444	-1.5906247	0.009404388	0.1392579	1.0	2305	tags=36%, list=12%, signal=41%	
GOBP_ANTIGEN_RECEPTOR_MEDIATED_SIGNALING_PATHWAY	GOBP_ANTIGEN_RECEPTOR_MEDIATED_SIGNALING_PATHWAY		179	-0.45214576	-1.5879127	0.0014224751	0.1426744	1.0	3768	tags=34%, list=19%, signal=42%	
GOBP_DETOXIFICATION	GOBP_DETOXIFICATION		138	-0.46303847	-1.5872227	0.0028571428	0.14312257	1.0	2656	tags=28%, list=14%, signal=32%	
GOMF_CYTOKINE_ACTIVITY	GOMF_CYTOKINE_ACTIVITY		227	-0.43848047	-1.586907	0.0013089005	0.14301664	1.0	2472	tags=25%, list=13%, signal=28%	
GOBP_FC_RECEPTOR_SIGNALING_PATHWAY	GOBP_FC_RECEPTOR_SIGNALING_PATHWAY		56	-0.52275705	-1.5865731	0.0034542314	0.14287981	1.0	3924	tags=52%, list=20%, signal=65%	
GOCC_SPECIFIC_GRANULE_MEMBRANE	GOCC_SPECIFIC_GRANULE_MEMBRANE		88	-0.482657	-1.5863634	0.008888889	0.14263213	1.0	2678	tags=28%, list=14%, signal=33%	
GOBP_POSITIVE_REGULATION_OF_GLIOGENESIS	GOBP_POSITIVE_REGULATION_OF_GLIOGENESIS		68	-0.5104073	-1.5859332	0.004651163	0.14269349	1.0	2702	tags=32%, list=14%, signal=37%	
GOBP_TISSUE_MIGRATION	GOBP_TISSUE_MIGRATION		304	-0.42386445	-1.584991	0.0	0.14336061	1.0	1879	tags=23%, list=10%, signal=25%	
GOBP_NEGATIVE_REGULATION_OF_ADAPTIVE_IMMUNE_RESPONSE	GOBP_NEGATIVE_REGULATION_OF_ADAPTIVE_IMMUNE_RESPONSE		61	-0.5212287	-1.5847646	0.0031201248	0.14308397	1.0	2333	tags=33%, list=12%, signal=37%	
GOMF_MICROFILAMENT_MOTOR_ACTIVITY	GOMF_MICROFILAMENT_MOTOR_ACTIVITY		37	-0.55729985	-1.5846329	0.004846527	0.14271563	1.0	1941	tags=30%, list=10%, signal=33%	
GOBP_REGULATION_OF_VASCULATURE_DEVELOPMENT	GOBP_REGULATION_OF_VASCULATURE_DEVELOPMENT		281	-0.42920843	-1.584444	0.0	0.14238387	1.0	2387	tags=27%, list=12%, signal=30%	
GOBP_BLOOD_VESSEL_ENDOTHELIAL_CELL_MIGRATION	GOBP_BLOOD_VESSEL_ENDOTHELIAL_CELL_MIGRATION		114	-0.47521713	-1.5841466	0.0014880953	0.14225394	1.0	2249	tags=31%, list=12%, signal=35%	
GOBP_MESENCHYMAL_CELL_DIFFERENTIATION	GOBP_MESENCHYMAL_CELL_DIFFERENTIATION		245	-0.43431056	-1.583198	0.0	0.14303908	1.0	2558	tags=25%, list=13%, signal=28%	
GOBP_NERVE_DEVELOPMENT	GOBP_NERVE_DEVELOPMENT		94	-0.4832779	-1.5816648	0.0044182623	0.1446037	1.0	2159	tags=26%, list=11%, signal=29%	
GOBP_FOREBRAIN_GENERATION_OF_NEURONS	GOBP_FOREBRAIN_GENERATION_OF_NEURONS		51	-0.53482217	-1.5797244	0.01577287	0.14688419	1.0	2327	tags=24%, list=12%, signal=27%	
GOCC_INTERMEDIATE_FILAMENT_CYTOSKELETON	GOCC_INTERMEDIATE_FILAMENT_CYTOSKELETON		218	-0.4371986	-1.5796489	0.0	0.14638874	1.0	1973	tags=15%, list=10%, signal=16%	
GOBP_POSITIVE_REGULATION_OF_TYPE_II_INTERFERON_PRODUCTION	GOBP_POSITIVE_REGULATION_OF_TYPE_II_INTERFERON_PRODUCTION		75	-0.49492043	-1.5788864	0.00955414	0.14701867	1.0	1312	tags=21%, list=7%, signal=23%	
GOBP_DNA_STRAND_ELONGATION_INVOLVED_IN_DNA_REPLICATION	GOBP_DNA_STRAND_ELONGATION_INVOLVED_IN_DNA_REPLICATION		15	-0.68630064	-1.5781171	0.019064125	0.14743234	1.0	3240	tags=60%, list=17%, signal=72%	
GOBP_SYNAPTIC_TRANSMISSION_DOPAMINERGIC	GOBP_SYNAPTIC_TRANSMISSION_DOPAMINERGIC		27	-0.5896253	-1.5775483	0.01188455	0.14775993	1.0	1727	tags=22%, list=9%, signal=24%	
GOBP_REGULATION_OF_SUPEROXIDE_METABOLIC_PROCESS	GOBP_REGULATION_OF_SUPEROXIDE_METABOLIC_PROCESS		27	-0.5988297	-1.5774825	0.01362862	0.1472768	1.0	3436	tags=52%, list=18%, signal=63%	
GOBP_MULTICELLULAR_ORGANISM_GROWTH	GOBP_MULTICELLULAR_ORGANISM_GROWTH		142	-0.45885006	-1.5771123	0.0014619883	0.1472831	1.0	2129	tags=23%, list=11%, signal=25%	
GOBP_CARDIOBLAST_DIFFERENTIATION	GOBP_CARDIOBLAST_DIFFERENTIATION		16	-0.67361164	-1.5765404	0.025270758	0.14752278	1.0	376	tags=19%, list=2%, signal=19%	
GOBP_C21_STEROID_HORMONE_METABOLIC_PROCESS	GOBP_C21_STEROID_HORMONE_METABOLIC_PROCESS		37	-0.573911	-1.5758806	0.009868421	0.14796633	1.0	2387	tags=30%, list=12%, signal=34%	
GOCC_APICAL_JUNCTION_COMPLEX	GOCC_APICAL_JUNCTION_COMPLEX		139	-0.4512324	-1.5727861	0.0028776978	0.15219088	1.0	3215	tags=34%, list=17%, signal=40%	
GOBP_HEMOGLOBIN_METABOLIC_PROCESS	GOBP_HEMOGLOBIN_METABOLIC_PROCESS		18	-0.660751	-1.57271	0.026642984	0.15169209	1.0	374	tags=22%, list=2%, signal=23%	
GOBP_SARCOMERE_ORGANIZATION	GOBP_SARCOMERE_ORGANIZATION		50	-0.52802616	-1.5725713	0.019736841	0.15126912	1.0	2819	tags=44%, list=15%, signal=51%	
GOBP_NEGATIVE_REGULATION_OF_CELL_DIVISION	GOBP_NEGATIVE_REGULATION_OF_CELL_DIVISION		15	-0.6850612	-1.572068	0.028142588	0.15148112	1.0	3646	tags=67%, list=19%, signal=82%	
GOBP_MULTICELLULAR_ORGANISMAL_LEVEL_WATER_HOMEOSTASIS	GOBP_MULTICELLULAR_ORGANISMAL_LEVEL_WATER_HOMEOSTASIS		33	-0.5719409	-1.5712247	0.017391304	0.15212432	1.0	2856	tags=27%, list=15%, signal=32%	
GOBP_CELL_ACTIVATION_INVOLVED_IN_IMMUNE_RESPONSE	GOBP_CELL_ACTIVATION_INVOLVED_IN_IMMUNE_RESPONSE		298	-0.42475006	-1.5709418	0.0	0.15197375	1.0	3357	tags=31%, list=17%, signal=36%	
GOBP_MICROTUBULE_ORGANIZING_CENTER_LOCALIZATION	GOBP_MICROTUBULE_ORGANIZING_CENTER_LOCALIZATION		31	-0.57326394	-1.5708424	0.010362694	0.15151665	1.0	3690	tags=48%, list=19%, signal=60%	
GOBP_RESPONSE_TO_ALCOHOL	GOBP_RESPONSE_TO_ALCOHOL		252	-0.4288843	-1.5702375	0.0013071896	0.15174322	1.0	1743	tags=18%, list=9%, signal=19%	
GOBP_NEGATIVE_REGULATION_OF_INTERLEUKIN_8_PRODUCTION	GOBP_NEGATIVE_REGULATION_OF_INTERLEUKIN_8_PRODUCTION		15	-0.66537726	-1.5694182	0.027624309	0.15238036	1.0	4581	tags=47%, list=24%, signal=61%	
GOBP_PEPTIDE_ANTIGEN_ASSEMBLY_WITH_MHC_PROTEIN_COMPLEX	GOBP_PEPTIDE_ANTIGEN_ASSEMBLY_WITH_MHC_PROTEIN_COMPLEX		19	-0.6391941	-1.5689256	0.034188036	0.15242703	1.0	3056	tags=42%, list=16%, signal=50%	
GOBP_REGULATION_OF_EPITHELIAL_CELL_DIFFERENTIATION	GOBP_REGULATION_OF_EPITHELIAL_CELL_DIFFERENTIATION		148	-0.45338684	-1.5681504	0.0	0.15327363	1.0	2625	tags=28%, list=14%, signal=32%	
GOBP_KIDNEY_EPITHELIUM_DEVELOPMENT	GOBP_KIDNEY_EPITHELIUM_DEVELOPMENT		150	-0.45170593	-1.5679996	0.0	0.15293282	1.0	3768	tags=37%, list=19%, signal=46%	
GOCC_MHC_CLASS_II_PROTEIN_COMPLEX	GOCC_MHC_CLASS_II_PROTEIN_COMPLEX		15	-0.6836695	-1.5678097	0.022140222	0.15266407	1.0	3004	tags=47%, list=15%, signal=55%	
GOBP_NEGATIVE_REGULATION_OF_B_CELL_ACTIVATION	GOBP_NEGATIVE_REGULATION_OF_B_CELL_ACTIVATION		31	-0.5820936	-1.5645485	0.020618556	0.15690361	1.0	3287	tags=45%, list=17%, signal=54%	
GOBP_FC_GAMMA_RECEPTOR_SIGNALING_PATHWAY	GOBP_FC_GAMMA_RECEPTOR_SIGNALING_PATHWAY		33	-0.5720705	-1.563786	0.013961606	0.15750977	1.0	2951	tags=45%, list=15%, signal=54%	
GOCC_GOLGI_LUMEN	GOCC_GOLGI_LUMEN		97	-0.47354618	-1.5626409	0.001506024	0.15864602	1.0	2630	tags=28%, list=14%, signal=32%	
GOBP_MUSCLE_ORGAN_DEVELOPMENT	GOBP_MUSCLE_ORGAN_DEVELOPMENT		336	-0.4155806	-1.5613565	0.0	0.16007243	1.0	2707	tags=26%, list=14%, signal=30%	
GOCC_SPECIFIC_GRANULE	GOCC_SPECIFIC_GRANULE		156	-0.44296584	-1.5613189	0.0	0.15956241	1.0	2746	tags=28%, list=14%, signal=32%	
GOBP_INTERLEUKIN_8_PRODUCTION	GOBP_INTERLEUKIN_8_PRODUCTION		80	-0.49536717	-1.5612997	0.004538578	0.15901117	1.0	1522	tags=20%, list=8%, signal=22%	
GOCC_CORNIFIED_ENVELOPE	GOCC_CORNIFIED_ENVELOPE		57	-0.521746	-1.5610714	0.014634146	0.15880617	1.0	3596	tags=37%, list=19%, signal=45%	
GOBP_ENDOTHELIAL_CELL_PROLIFERATION	GOBP_ENDOTHELIAL_CELL_PROLIFERATION		150	-0.45095077	-1.5601101	0.0014064697	0.1597942	1.0	1837	tags=25%, list=9%, signal=28%	
GOBP_REGULATION_OF_INFLAMMATORY_RESPONSE	GOBP_REGULATION_OF_INFLAMMATORY_RESPONSE		365	-0.41340986	-1.5592903	0.0	0.16060011	1.0	2763	tags=27%, list=14%, signal=30%	
GOBP_REGULATION_OF_MULTICELLULAR_ORGANISM_GROWTH	GOBP_REGULATION_OF_MULTICELLULAR_ORGANISM_GROWTH		64	-0.5103484	-1.5587834	0.004769475	0.16075575	1.0	1934	tags=25%, list=10%, signal=28%	
GOBP_HYALURONAN_CATABOLIC_PROCESS	GOBP_HYALURONAN_CATABOLIC_PROCESS		15	-0.6626533	-1.5575035	0.030303031	0.16218601	1.0	1734	tags=33%, list=9%, signal=37%	
GOBP_POSITIVE_REGULATION_OF_CD4_POSITIVE_ALPHA_BETA_T_CELL_ACTIVATION	GOBP_POSITIVE_REGULATION_OF_CD4_POSITIVE_ALPHA_BETA_T_CELL_ACTIVATION		47	-0.53156966	-1.5565847	0.0117252935	0.16307516	1.0	4498	tags=45%, list=23%, signal=58%	
GOCC_MYOSIN_COMPLEX	GOCC_MYOSIN_COMPLEX		56	-0.51277274	-1.5561521	0.009787928	0.16320343	1.0	1941	tags=30%, list=10%, signal=34%	
GOBP_AORTA_DEVELOPMENT	GOBP_AORTA_DEVELOPMENT		61	-0.5042056	-1.5552835	0.012638231	0.16394411	1.0	1689	tags=23%, list=9%, signal=25%	
GOBP_POSITIVE_REGULATION_OF_MAPK_CASCADE	GOBP_POSITIVE_REGULATION_OF_MAPK_CASCADE		437	-0.40654147	-1.5547924	0.0	0.1641515	1.0	2479	tags=22%, list=13%, signal=25%	
GOBP_GLYCOPROTEIN_CATABOLIC_PROCESS	GOBP_GLYCOPROTEIN_CATABOLIC_PROCESS		33	-0.5543508	-1.5508338	0.013157895	0.17001125	1.0	388	tags=12%, list=2%, signal=12%	
GOBP_REGULATION_OF_NEUROTRANSMITTER_TRANSPORT	GOBP_REGULATION_OF_NEUROTRANSMITTER_TRANSPORT		96	-0.46799076	-1.5494851	0.00729927	0.17158478	1.0	1925	tags=19%, list=10%, signal=21%	
GOBP_CRANIAL_NERVE_DEVELOPMENT	GOBP_CRANIAL_NERVE_DEVELOPMENT		62	-0.4965837	-1.5493703	0.017295597	0.17115958	1.0	2124	tags=26%, list=11%, signal=29%	
GOBP_ANTIMICROBIAL_HUMORAL_IMMUNE_RESPONSE_MEDIATED_BY_ANTIMICROBIAL_PEPTIDE	GOBP_ANTIMICROBIAL_HUMORAL_IMMUNE_RESPONSE_MEDIATED_BY_ANTIMICROBIAL_PEPTIDE		99	-0.47319454	-1.549004	0.0029542097	0.17119156	1.0	2356	tags=24%, list=12%, signal=27%	
GOBP_RESPONSE_TO_BMP	GOBP_RESPONSE_TO_BMP		152	-0.44844568	-1.5489643	0.0028530671	0.17068447	1.0	2301	tags=24%, list=12%, signal=27%	
GOCC_CELL_CELL_JUNCTION	GOCC_CELL_CELL_JUNCTION		497	-0.40156776	-1.5488697	0.0	0.17024893	1.0	3555	tags=30%, list=18%, signal=36%	
GOBP_NEGATIVE_REGULATION_OF_SMALL_GTPASE_MEDIATED_SIGNAL_TRANSDUCTION	GOBP_NEGATIVE_REGULATION_OF_SMALL_GTPASE_MEDIATED_SIGNAL_TRANSDUCTION		49	-0.5294524	-1.5488676	0.016051365	0.1696734	1.0	4331	tags=49%, list=22%, signal=63%	
GOBP_RESPONSE_TO_STEROID_HORMONE	GOBP_RESPONSE_TO_STEROID_HORMONE		331	-0.4088007	-1.548203	0.0	0.17008011	1.0	1509	tags=16%, list=8%, signal=17%	
GOBP_PROTEIN_LOCALIZATION_TO_CONDENSED_CHROMOSOME	GOBP_PROTEIN_LOCALIZATION_TO_CONDENSED_CHROMOSOME		15	-0.67515266	-1.547658	0.02962963	0.17036352	1.0	5044	tags=67%, list=26%, signal=90%	
GOBP_REGULATION_OF_LEUKOCYTE_DEGRANULATION	GOBP_REGULATION_OF_LEUKOCYTE_DEGRANULATION		44	-0.52771795	-1.5472962	0.016806724	0.17031944	1.0	2763	tags=39%, list=14%, signal=45%	
GOBP_POSITIVE_REGULATION_OF_INTERLEUKIN_1_BETA_PRODUCTION	GOBP_POSITIVE_REGULATION_OF_INTERLEUKIN_1_BETA_PRODUCTION		58	-0.5095522	-1.5467535	0.00777605	0.17063557	1.0	2746	tags=33%, list=14%, signal=38%	
GOBP_DEFENSE_RESPONSE_TO_GRAM_POSITIVE_BACTERIUM	GOBP_DEFENSE_RESPONSE_TO_GRAM_POSITIVE_BACTERIUM		108	-0.46561855	-1.5461721	0.00433526	0.17096306	1.0	2763	tags=26%, list=14%, signal=30%	
GOBP_MAST_CELL_ACTIVATION	GOBP_MAST_CELL_ACTIVATION		68	-0.49654183	-1.5460494	0.0016129032	0.17064816	1.0	2420	tags=29%, list=12%, signal=33%	
GOBP_INTERMEDIATE_FILAMENT_BASED_PROCESS	GOBP_INTERMEDIATE_FILAMENT_BASED_PROCESS		89	-0.47847143	-1.5455766	0.0059701493	0.17091073	1.0	2003	tags=22%, list=10%, signal=25%	
GOCC_EXTERNAL_SIDE_OF_PLASMA_MEMBRANE	GOCC_EXTERNAL_SIDE_OF_PLASMA_MEMBRANE		382	-0.40658557	-1.5454965	0.0	0.17048106	1.0	2332	tags=24%, list=12%, signal=27%	
GOMF_IMMUNE_RECEPTOR_ACTIVITY	GOMF_IMMUNE_RECEPTOR_ACTIVITY		141	-0.44387057	-1.5454427	0.0042253523	0.16999465	1.0	2332	tags=28%, list=12%, signal=31%	
GOBP_FEMALE_MEIOTIC_NUCLEAR_DIVISION	GOBP_FEMALE_MEIOTIC_NUCLEAR_DIVISION		31	-0.5775457	-1.544972	0.0237691	0.17018682	1.0	2525	tags=26%, list=13%, signal=30%	
GOBP_REGULATION_OF_MONOCYTE_CHEMOTAXIS	GOBP_REGULATION_OF_MONOCYTE_CHEMOTAXIS		26	-0.58431345	-1.5447835	0.027118644	0.16988322	1.0	1185	tags=27%, list=6%, signal=29%	
GOMF_CELL_CELL_ADHESION_MEDIATOR_ACTIVITY	GOMF_CELL_CELL_ADHESION_MEDIATOR_ACTIVITY		52	-0.51073366	-1.5443968	0.015898252	0.16998473	1.0	1550	tags=27%, list=8%, signal=29%	
GOBP_PHAGOCYTOSIS	GOBP_PHAGOCYTOSIS		231	-0.42711854	-1.5439311	0.0	0.17011209	1.0	3255	tags=31%, list=17%, signal=37%	
GOBP_NEGATIVE_REGULATION_OF_CELLULAR_RESPONSE_TO_GROWTH_FACTOR_STIMULUS	GOBP_NEGATIVE_REGULATION_OF_CELLULAR_RESPONSE_TO_GROWTH_FACTOR_STIMULUS		98	-0.46784902	-1.5436766	0.009063444	0.16993786	1.0	3146	tags=34%, list=16%, signal=40%	
GOBP_CELLULAR_RESPONSE_TO_VASCULAR_ENDOTHELIAL_GROWTH_FACTOR_STIMULUS	GOBP_CELLULAR_RESPONSE_TO_VASCULAR_ENDOTHELIAL_GROWTH_FACTOR_STIMULUS		60	-0.5117933	-1.5436602	0.012903226	0.16941515	1.0	2902	tags=40%, list=15%, signal=47%	
GOBP_CELLULAR_RESPONSE_TO_RETINOIC_ACID	GOBP_CELLULAR_RESPONSE_TO_RETINOIC_ACID		65	-0.4912117	-1.5432894	0.009433962	0.16938405	1.0	1554	tags=22%, list=8%, signal=23%	
GOBP_CELLULAR_EXTRAVASATION	GOBP_CELLULAR_EXTRAVASATION		73	-0.48557645	-1.5432445	0.007575758	0.16891374	1.0	2806	tags=30%, list=14%, signal=35%	
GOMF_PROTEIN_LIPID_COMPLEX_BINDING	GOMF_PROTEIN_LIPID_COMPLEX_BINDING		29	-0.5763949	-1.5429176	0.019575857	0.16892144	1.0	1522	tags=38%, list=8%, signal=41%	
GOBP_POSITIVE_REGULATION_OF_GROWTH	GOBP_POSITIVE_REGULATION_OF_GROWTH		235	-0.42447823	-1.5428855	0.0	0.1684422	1.0	2281	tags=20%, list=12%, signal=22%	
GOBP_SLEEP	GOBP_SLEEP		22	-0.6075023	-1.5419859	0.03891709	0.16934302	1.0	4001	tags=41%, list=21%, signal=51%	
GOBP_IMP_METABOLIC_PROCESS	GOBP_IMP_METABOLIC_PROCESS		16	-0.65928775	-1.5409507	0.02946593	0.17044167	1.0	2607	tags=31%, list=13%, signal=36%	
GOBP_FC_RECEPTOR_MEDIATED_STIMULATORY_SIGNALING_PATHWAY	GOBP_FC_RECEPTOR_MEDIATED_STIMULATORY_SIGNALING_PATHWAY		31	-0.571037	-1.5404803	0.02417962	0.17058344	1.0	3436	tags=42%, list=18%, signal=51%	
GOCC_REPLICATION_FORK	GOCC_REPLICATION_FORK		69	-0.4893467	-1.5403	0.013867488	0.17029047	1.0	4153	tags=39%, list=21%, signal=50%	
GOBP_NEGATIVE_REGULATION_OF_INTERLEUKIN_12_PRODUCTION	GOBP_NEGATIVE_REGULATION_OF_INTERLEUKIN_12_PRODUCTION		18	-0.6370305	-1.5398856	0.03965517	0.17046121	1.0	1280	tags=28%, list=7%, signal=30%	
GOBP_MORPHOGENESIS_OF_AN_ENDOTHELIUM	GOBP_MORPHOGENESIS_OF_AN_ENDOTHELIUM		16	-0.657915	-1.5394626	0.033274956	0.1706111	1.0	1709	tags=31%, list=9%, signal=34%	
GOBP_POSITIVE_REGULATION_OF_INTERLEUKIN_8_PRODUCTION	GOBP_POSITIVE_REGULATION_OF_INTERLEUKIN_8_PRODUCTION		61	-0.5101709	-1.539308	0.019323671	0.1703634	1.0	1333	tags=21%, list=7%, signal=23%	
GOBP_IMMUNE_RESPONSE_REGULATING_CELL_SURFACE_RECEPTOR_SIGNALING_PATHWAY_INVOLVED_IN_PHAGOCYTOSIS	GOBP_IMMUNE_RESPONSE_REGULATING_CELL_SURFACE_RECEPTOR_SIGNALING_PATHWAY_INVOLVED_IN_PHAGOCYTOSIS		22	-0.6114483	-1.5391802	0.030981068	0.17006171	1.0	3804	tags=50%, list=20%, signal=62%	
GOBP_REGULATION_OF_DEVELOPMENTAL_GROWTH	GOBP_REGULATION_OF_DEVELOPMENTAL_GROWTH		293	-0.41482365	-1.5390697	0.0012970169	0.16972575	1.0	2590	tags=23%, list=13%, signal=26%	
GOBP_POSITIVE_REGULATION_OF_EPITHELIAL_CELL_APOPTOTIC_PROCESS	GOBP_POSITIVE_REGULATION_OF_EPITHELIAL_CELL_APOPTOTIC_PROCESS		35	-0.5536203	-1.5380851	0.0080515295	0.17065659	1.0	4414	tags=57%, list=23%, signal=74%	
GOBP_ATTACHMENT_OF_MITOTIC_SPINDLE_MICROTUBULES_TO_KINETOCHORE	GOBP_ATTACHMENT_OF_MITOTIC_SPINDLE_MICROTUBULES_TO_KINETOCHORE		25	-0.60791117	-1.5376747	0.031147541	0.1707294	1.0	2392	tags=36%, list=12%, signal=41%	
GOBP_KETONE_BIOSYNTHETIC_PROCESS	GOBP_KETONE_BIOSYNTHETIC_PROCESS		46	-0.528886	-1.5367026	0.009677419	0.1716985	1.0	2938	tags=28%, list=15%, signal=33%	
GOBP_REGULATION_OF_SMALL_GTPASE_MEDIATED_SIGNAL_TRANSDUCTION	GOBP_REGULATION_OF_SMALL_GTPASE_MEDIATED_SIGNAL_TRANSDUCTION		290	-0.4128744	-1.5366943	0.0012626263	0.17118792	1.0	3422	tags=32%, list=18%, signal=38%	
GOBP_ESTABLISHMENT_OF_BLOOD_BRAIN_BARRIER	GOBP_ESTABLISHMENT_OF_BLOOD_BRAIN_BARRIER		16	-0.64156914	-1.5356365	0.03214286	0.172292	1.0	1341	tags=38%, list=7%, signal=40%	
GOBP_IN_UTERO_EMBRYONIC_DEVELOPMENT	GOBP_IN_UTERO_EMBRYONIC_DEVELOPMENT		387	-0.4048381	-1.5345194	0.0	0.17355722	1.0	3685	tags=29%, list=19%, signal=35%	
GOBP_NON_CANONICAL_WNT_SIGNALING_PATHWAY	GOBP_NON_CANONICAL_WNT_SIGNALING_PATHWAY		69	-0.4880878	-1.5337726	0.0076804915	0.17434183	1.0	2940	tags=35%, list=15%, signal=41%	
GOBP_REGULATION_OF_FAT_CELL_DIFFERENTIATION	GOBP_REGULATION_OF_FAT_CELL_DIFFERENTIATION		128	-0.44679567	-1.5335488	0.0014430014	0.17419915	1.0	2137	tags=25%, list=11%, signal=28%	
GOBP_ENDOTHELIAL_CELL_MIGRATION	GOBP_ENDOTHELIAL_CELL_MIGRATION		213	-0.41988963	-1.5328699	0.0013661202	0.17478904	1.0	2743	tags=29%, list=14%, signal=34%	
GOBP_DIGESTIVE_SYSTEM_DEVELOPMENT	GOBP_DIGESTIVE_SYSTEM_DEVELOPMENT		139	-0.44574592	-1.5327172	0.0014534884	0.1745407	1.0	2212	tags=24%, list=11%, signal=27%	
GOBP_AMELOGENESIS	GOBP_AMELOGENESIS		26	-0.5722218	-1.5324243	0.025466893	0.17450227	1.0	2635	tags=27%, list=14%, signal=31%	
GOBP_TRABECULA_FORMATION	GOBP_TRABECULA_FORMATION		27	-0.5827183	-1.5323515	0.01590106	0.17411171	1.0	1444	tags=26%, list=7%, signal=28%	
GOMF_CELL_ADHESION_MEDIATOR_ACTIVITY	GOMF_CELL_ADHESION_MEDIATOR_ACTIVITY		66	-0.4932815	-1.5319641	0.0066225166	0.17421567	1.0	1550	tags=27%, list=8%, signal=30%	
GOBP_REGULATION_OF_MACROPHAGE_ACTIVATION	GOBP_REGULATION_OF_MACROPHAGE_ACTIVATION		55	-0.502418	-1.5318644	0.033175357	0.17390701	1.0	2644	tags=29%, list=14%, signal=34%	
GOCC_DENSE_CORE_GRANULE	GOCC_DENSE_CORE_GRANULE		37	-0.5497796	-1.5318412	0.022222223	0.17342217	1.0	2940	tags=35%, list=15%, signal=41%	
GOBP_EMBRYONIC_EYE_MORPHOGENESIS	GOBP_EMBRYONIC_EYE_MORPHOGENESIS		35	-0.55266196	-1.5316926	0.02152318	0.17314489	1.0	1944	tags=31%, list=10%, signal=35%	
GOBP_MUSCLE_TISSUE_DEVELOPMENT	GOBP_MUSCLE_TISSUE_DEVELOPMENT		409	-0.40260217	-1.5312786	0.0	0.17324457	1.0	2610	tags=23%, list=13%, signal=27%	
GOMF_CHEMOATTRACTANT_ACTIVITY	GOMF_CHEMOATTRACTANT_ACTIVITY		35	-0.5593146	-1.5310526	0.024630541	0.17310208	1.0	2468	tags=31%, list=13%, signal=36%	
GOBP_POSITIVE_REGULATION_OF_LEUKOCYTE_APOPTOTIC_PROCESS	GOBP_POSITIVE_REGULATION_OF_LEUKOCYTE_APOPTOTIC_PROCESS		26	-0.584779	-1.5308727	0.028960818	0.17291437	1.0	3768	tags=42%, list=19%, signal=52%	
GOBP_PHARYNGEAL_SYSTEM_DEVELOPMENT	GOBP_PHARYNGEAL_SYSTEM_DEVELOPMENT		30	-0.57034564	-1.5300144	0.030150754	0.17383035	1.0	1262	tags=27%, list=6%, signal=28%	
GOBP_SKELETAL_MUSCLE_ADAPTATION	GOBP_SKELETAL_MUSCLE_ADAPTATION		22	-0.60158575	-1.5296258	0.031894933	0.17392051	1.0	352	tags=14%, list=2%, signal=14%	
GOMF_ANTIOXIDANT_ACTIVITY	GOMF_ANTIOXIDANT_ACTIVITY		78	-0.48194417	-1.5295013	0.00591716	0.1736408	1.0	2256	tags=26%, list=12%, signal=29%	
GOMF_TUMOR_NECROSIS_FACTOR_RECEPTOR_SUPERFAMILY_BINDING	GOMF_TUMOR_NECROSIS_FACTOR_RECEPTOR_SUPERFAMILY_BINDING		49	-0.5169731	-1.5294775	0.020186335	0.17318918	1.0	2904	tags=27%, list=15%, signal=31%	
GOBP_BONE_REMODELING	GOBP_BONE_REMODELING		89	-0.46503103	-1.5290678	0.00433526	0.17328925	1.0	2804	tags=30%, list=14%, signal=35%	
GOBP_REGULATION_OF_LEUKOCYTE_MEDIATED_IMMUNITY	GOBP_REGULATION_OF_LEUKOCYTE_MEDIATED_IMMUNITY		240	-0.41995075	-1.5288831	0.0013245033	0.17309502	1.0	2638	tags=28%, list=14%, signal=32%	
GOBP_KERATINIZATION	GOBP_KERATINIZATION		78	-0.47970006	-1.5288477	0.017515924	0.17265183	1.0	1431	tags=15%, list=7%, signal=17%	
GOBP_PYRIMIDINE_CONTAINING_COMPOUND_TRANSMEMBRANE_TRANSPORT	GOBP_PYRIMIDINE_CONTAINING_COMPOUND_TRANSMEMBRANE_TRANSPORT		16	-0.64895636	-1.5286958	0.034545455	0.17241275	1.0	2140	tags=31%, list=11%, signal=35%	
GOBP_SEGMENT_SPECIFICATION	GOBP_SEGMENT_SPECIFICATION		16	-0.6450275	-1.5285091	0.033333335	0.17218702	1.0	552	tags=25%, list=3%, signal=26%	
GOBP_REGULATION_OF_GLIAL_CELL_PROLIFERATION	GOBP_REGULATION_OF_GLIAL_CELL_PROLIFERATION		38	-0.540371	-1.525245	0.01655629	0.17701817	1.0	1287	tags=32%, list=7%, signal=34%	
GOBP_REGULATION_OF_CELL_MATRIX_ADHESION	GOBP_REGULATION_OF_CELL_MATRIX_ADHESION		117	-0.45131963	-1.5248189	0.0014430014	0.1771626	1.0	3413	tags=32%, list=18%, signal=39%	
GOBP_GLAND_DEVELOPMENT	GOBP_GLAND_DEVELOPMENT		439	-0.3991592	-1.5247871	0.0	0.17671712	1.0	2506	tags=22%, list=13%, signal=25%	
GOBP_ANGIOGENESIS_INVOLVED_IN_WOUND_HEALING	GOBP_ANGIOGENESIS_INVOLVED_IN_WOUND_HEALING		27	-0.5735972	-1.524763	0.044293016	0.17624739	1.0	2159	tags=30%, list=11%, signal=33%	
GOBP_REGULATION_OF_HAIR_FOLLICLE_DEVELOPMENT	GOBP_REGULATION_OF_HAIR_FOLLICLE_DEVELOPMENT		20	-0.6191008	-1.5247142	0.03697479	0.17584859	1.0	831	tags=30%, list=4%, signal=31%	
GOBP_POSITIVE_REGULATION_OF_CHEMOTAXIS	GOBP_POSITIVE_REGULATION_OF_CHEMOTAXIS		139	-0.44169006	-1.5246559	0.004213483	0.17541647	1.0	2535	tags=30%, list=13%, signal=35%	
GOBP_POSITIVE_REGULATION_OF_LEUKOCYTE_CHEMOTAXIS	GOBP_POSITIVE_REGULATION_OF_LEUKOCYTE_CHEMOTAXIS		91	-0.46923503	-1.522954	0.0075075077	0.17761262	1.0	2535	tags=33%, list=13%, signal=38%	
GOBP_INNERVATION	GOBP_INNERVATION		25	-0.585137	-1.5229088	0.029565217	0.17718089	1.0	2011	tags=40%, list=10%, signal=45%	
GOBP_REGULATION_OF_SMAD_PROTEIN_SIGNAL_TRANSDUCTION	GOBP_REGULATION_OF_SMAD_PROTEIN_SIGNAL_TRANSDUCTION		59	-0.49303988	-1.5224391	0.010752688	0.17738615	1.0	1403	tags=22%, list=7%, signal=24%	
GOBP_LACTATION	GOBP_LACTATION		41	-0.53200173	-1.5220217	0.02138158	0.17754622	1.0	3280	tags=34%, list=17%, signal=41%	
GOBP_POSITIVE_REGULATION_OF_CHROMOSOME_SEGREGATION	GOBP_POSITIVE_REGULATION_OF_CHROMOSOME_SEGREGATION		27	-0.5753963	-1.5211205	0.03259005	0.1785147	1.0	2311	tags=30%, list=12%, signal=34%	
GOBP_REGULATION_OF_SODIUM_ION_TRANSPORT	GOBP_REGULATION_OF_SODIUM_ION_TRANSPORT		78	-0.47387332	-1.5196587	0.007751938	0.18033782	1.0	2430	tags=27%, list=13%, signal=31%	
GOMF_HEPARIN_BINDING	GOMF_HEPARIN_BINDING		159	-0.4340138	-1.5194677	0.002754821	0.18011302	1.0	2031	tags=25%, list=10%, signal=28%	
GOMF_RECEPTOR_SERINE_THREONINE_KINASE_BINDING	GOMF_RECEPTOR_SERINE_THREONINE_KINASE_BINDING		27	-0.5702443	-1.5194253	0.027118644	0.17969884	1.0	1092	tags=22%, list=6%, signal=24%	
GOBP_SUPEROXIDE_METABOLIC_PROCESS	GOBP_SUPEROXIDE_METABOLIC_PROCESS		68	-0.48168066	-1.5184045	0.01065449	0.18087906	1.0	3568	tags=43%, list=18%, signal=52%	
GOBP_C21_STEROID_HORMONE_BIOSYNTHETIC_PROCESS	GOBP_C21_STEROID_HORMONE_BIOSYNTHETIC_PROCESS		20	-0.61079276	-1.5183846	0.04159132	0.18040769	1.0	2387	tags=35%, list=12%, signal=40%	
GOMF_CALCIUM_DEPENDENT_PROTEIN_BINDING	GOMF_CALCIUM_DEPENDENT_PROTEIN_BINDING		77	-0.4855817	-1.5180243	0.010526316	0.18044819	1.0	1216	tags=16%, list=6%, signal=17%	
GOBP_PHAGOLYSOSOME_ASSEMBLY	GOBP_PHAGOLYSOSOME_ASSEMBLY		19	-0.6147014	-1.5176868	0.031365313	0.18052556	1.0	1640	tags=37%, list=8%, signal=40%	
GOBP_NEGATIVE_REGULATION_OF_EPITHELIAL_TO_MESENCHYMAL_TRANSITION	GOBP_NEGATIVE_REGULATION_OF_EPITHELIAL_TO_MESENCHYMAL_TRANSITION		35	-0.5531915	-1.5171881	0.019261638	0.18083858	1.0	1514	tags=26%, list=8%, signal=28%	
GOBP_NEGATIVE_REGULATION_OF_T_CELL_MEDIATED_IMMUNITY	GOBP_NEGATIVE_REGULATION_OF_T_CELL_MEDIATED_IMMUNITY		31	-0.55255735	-1.5168809	0.022260275	0.18088916	1.0	1971	tags=39%, list=10%, signal=43%	
GOCC_TIGHT_JUNCTION	GOCC_TIGHT_JUNCTION		122	-0.44805452	-1.5158974	0.0014492754	0.18196592	1.0	3685	tags=37%, list=19%, signal=45%	
GOBP_FIBROBLAST_APOPTOTIC_PROCESS	GOBP_FIBROBLAST_APOPTOTIC_PROCESS		24	-0.59056544	-1.5157045	0.036605656	0.18176466	1.0	3033	tags=29%, list=16%, signal=35%	
GOBP_POSITIVE_REGULATION_OF_COLD_INDUCED_THERMOGENESIS	GOBP_POSITIVE_REGULATION_OF_COLD_INDUCED_THERMOGENESIS		101	-0.46192956	-1.5156275	0.001506024	0.18137608	1.0	1498	tags=22%, list=8%, signal=23%	
GOBP_NEPHRON_TUBULE_FORMATION	GOBP_NEPHRON_TUBULE_FORMATION		20	-0.61168534	-1.5156173	0.033955857	0.18090513	1.0	552	tags=20%, list=3%, signal=21%	
GOBP_POSITIVE_REGULATION_OF_CELL_CYCLE_G2_M_PHASE_TRANSITION	GOBP_POSITIVE_REGULATION_OF_CELL_CYCLE_G2_M_PHASE_TRANSITION		31	-0.55693376	-1.5155317	0.027118644	0.18056786	1.0	1943	tags=29%, list=10%, signal=32%	
GOBP_NEGATIVE_REGULATION_OF_EPITHELIAL_CELL_DIFFERENTIATION	GOBP_NEGATIVE_REGULATION_OF_EPITHELIAL_CELL_DIFFERENTIATION		48	-0.52419966	-1.5142391	0.010954617	0.18222551	1.0	616	tags=19%, list=3%, signal=19%	
GOBP_ALDEHYDE_BIOSYNTHETIC_PROCESS	GOBP_ALDEHYDE_BIOSYNTHETIC_PROCESS		18	-0.6298748	-1.513892	0.041666668	0.18237388	1.0	2742	tags=44%, list=14%, signal=52%	
GOBP_DENDRITIC_CELL_MIGRATION	GOBP_DENDRITIC_CELL_MIGRATION		30	-0.55807936	-1.5138692	0.027914613	0.18191916	1.0	3992	tags=50%, list=21%, signal=63%	
GOMF_HEPARAN_SULFATE_SULFOTRANSFERASE_ACTIVITY	GOMF_HEPARAN_SULFATE_SULFOTRANSFERASE_ACTIVITY		15	-0.65597594	-1.5134828	0.02636204	0.18201554	1.0	1518	tags=20%, list=8%, signal=22%	
GOMF_CHEMOKINE_RECEPTOR_BINDING	GOMF_CHEMOKINE_RECEPTOR_BINDING		64	-0.48691064	-1.5133421	0.014827018	0.18173277	1.0	2071	tags=25%, list=11%, signal=28%	
GOMF_MONOCARBOXYLIC_ACID_TRANSMEMBRANE_TRANSPORTER_ACTIVITY	GOMF_MONOCARBOXYLIC_ACID_TRANSMEMBRANE_TRANSPORTER_ACTIVITY		71	-0.48606905	-1.5119776	0.018897638	0.18336885	1.0	3680	tags=30%, list=19%, signal=36%	
GOBP_CELLULAR_DEFENSE_RESPONSE	GOBP_CELLULAR_DEFENSE_RESPONSE		52	-0.5043026	-1.5113811	0.015748031	0.18393289	1.0	4267	tags=44%, list=22%, signal=57%	
GOBP_ENDOCRINE_HORMONE_SECRETION	GOBP_ENDOCRINE_HORMONE_SECRETION		54	-0.5008526	-1.5096473	0.014827018	0.18635866	1.0	1410	tags=22%, list=7%, signal=24%	
GOBP_REGULATION_OF_T_HELPER_CELL_DIFFERENTIATION	GOBP_REGULATION_OF_T_HELPER_CELL_DIFFERENTIATION		44	-0.52557504	-1.5094638	0.014263075	0.1861333	1.0	3676	tags=34%, list=19%, signal=42%	
GOBP_NEGATIVE_REGULATION_OF_MEIOTIC_CELL_CYCLE	GOBP_NEGATIVE_REGULATION_OF_MEIOTIC_CELL_CYCLE		16	-0.6320027	-1.5089887	0.043165468	0.18640257	1.0	4048	tags=44%, list=21%, signal=55%	
GOBP_NEGATIVE_REGULATION_OF_PLATELET_ACTIVATION	GOBP_NEGATIVE_REGULATION_OF_PLATELET_ACTIVATION		17	-0.64754736	-1.5088245	0.038800705	0.18616402	1.0	2468	tags=35%, list=13%, signal=40%	
GOBP_CRANIAL_SKELETAL_SYSTEM_DEVELOPMENT	GOBP_CRANIAL_SKELETAL_SYSTEM_DEVELOPMENT		70	-0.4784491	-1.5083686	0.014173228	0.18645057	1.0	2124	tags=21%, list=11%, signal=24%	
GOBP_RESPONSE_TO_PROSTAGLANDIN	GOBP_RESPONSE_TO_PROSTAGLANDIN		33	-0.54380155	-1.5081195	0.0330033	0.1863972	1.0	2356	tags=27%, list=12%, signal=31%	
GOBP_POSITIVE_REGULATION_OF_CELL_CELL_ADHESION	GOBP_POSITIVE_REGULATION_OF_CELL_CELL_ADHESION		314	-0.3998712	-1.5074	0.0012722646	0.18713805	1.0	2593	tags=25%, list=13%, signal=28%	
GOBP_RENAL_WATER_HOMEOSTASIS	GOBP_RENAL_WATER_HOMEOSTASIS		24	-0.58851016	-1.5073589	0.02977233	0.18674415	1.0	991	tags=17%, list=5%, signal=18%	
GOBP_PHOSPHATIDYLINOSITOL_3_KINASE_PROTEIN_KINASE_B_SIGNAL_TRANSDUCTION	GOBP_PHOSPHATIDYLINOSITOL_3_KINASE_PROTEIN_KINASE_B_SIGNAL_TRANSDUCTION		280	-0.40670753	-1.5070709	0.0012903226	0.18676041	1.0	2798	tags=27%, list=14%, signal=31%	
GOBP_REGULATION_OF_CELLULAR_RESPONSE_TO_GROWTH_FACTOR_STIMULUS	GOBP_REGULATION_OF_CELLULAR_RESPONSE_TO_GROWTH_FACTOR_STIMULUS		295	-0.4044186	-1.506777	0.0	0.18677644	1.0	2315	tags=22%, list=12%, signal=24%	
GOBP_RENAL_TUBULE_DEVELOPMENT	GOBP_RENAL_TUBULE_DEVELOPMENT		103	-0.45296395	-1.5064799	0.00927357	0.1867506	1.0	3768	tags=41%, list=19%, signal=50%	
GOBP_NEGATIVE_REGULATION_OF_FAT_CELL_DIFFERENTIATION	GOBP_NEGATIVE_REGULATION_OF_FAT_CELL_DIFFERENTIATION		49	-0.5038121	-1.5049118	0.029268293	0.18889926	1.0	1851	tags=29%, list=10%, signal=32%	
GOBP_REGULATION_OF_SUPEROXIDE_ANION_GENERATION	GOBP_REGULATION_OF_SUPEROXIDE_ANION_GENERATION		20	-0.60523367	-1.5042182	0.037366547	0.18951604	1.0	3436	tags=50%, list=18%, signal=61%	
GOBP_CIRCADIAN_SLEEP_WAKE_CYCLE_SLEEP	GOBP_CIRCADIAN_SLEEP_WAKE_CYCLE_SLEEP		16	-0.6390215	-1.5036364	0.03797468	0.1899278	1.0	4001	tags=50%, list=21%, signal=63%	
GOBP_DENDRITIC_CELL_CHEMOTAXIS	GOBP_DENDRITIC_CELL_CHEMOTAXIS		23	-0.592377	-1.5026759	0.032928944	0.19108273	1.0	3033	tags=39%, list=16%, signal=46%	
GOBP_TRANSCYTOSIS	GOBP_TRANSCYTOSIS		21	-0.5866694	-1.5012618	0.037102472	0.19304584	1.0	557	tags=14%, list=3%, signal=15%	
GOMF_PROTEIN_TYROSINE_KINASE_ACTIVATOR_ACTIVITY	GOMF_PROTEIN_TYROSINE_KINASE_ACTIVATOR_ACTIVITY		29	-0.5528579	-1.5007694	0.039451115	0.19340567	1.0	3604	tags=38%, list=19%, signal=47%	
GOBP_REGULATION_OF_SODIUM_ION_TRANSMEMBRANE_TRANSPORTER_ACTIVITY	GOBP_REGULATION_OF_SODIUM_ION_TRANSMEMBRANE_TRANSPORTER_ACTIVITY		45	-0.5165842	-1.5004183	0.016366612	0.19352295	1.0	2699	tags=36%, list=14%, signal=41%	
GOMF_CGMP_BINDING	GOMF_CGMP_BINDING		15	-0.64482045	-1.500134	0.057894737	0.19349076	1.0	2272	tags=27%, list=12%, signal=30%	
GOBP_REGULATION_OF_GTPASE_ACTIVITY	GOBP_REGULATION_OF_GTPASE_ACTIVITY		252	-0.40841144	-1.4999307	0.0013245033	0.19332819	1.0	3838	tags=33%, list=20%, signal=40%	
GOMF_ATPASE_COUPLED_ION_TRANSMEMBRANE_TRANSPORTER_ACTIVITY	GOMF_ATPASE_COUPLED_ION_TRANSMEMBRANE_TRANSPORTER_ACTIVITY		22	-0.58458185	-1.4998233	0.039106146	0.19301231	1.0	150	tags=9%, list=1%, signal=9%	
GOBP_INTRACELLULAR_ZINC_ION_HOMEOSTASIS	GOBP_INTRACELLULAR_ZINC_ION_HOMEOSTASIS		34	-0.5395978	-1.4996827	0.030560272	0.19278382	1.0	2458	tags=29%, list=13%, signal=34%	
GOBP_REGULATION_OF_T_CELL_ACTIVATION	GOBP_REGULATION_OF_T_CELL_ACTIVATION		367	-0.39315963	-1.4993685	0.0	0.192808	1.0	2593	tags=24%, list=13%, signal=27%	
GOBP_FC_EPSILON_RECEPTOR_SIGNALING_PATHWAY	GOBP_FC_EPSILON_RECEPTOR_SIGNALING_PATHWAY		25	-0.5757454	-1.4993267	0.04584041	0.19241045	1.0	3770	tags=56%, list=19%, signal=69%	
GOBP_RESPONSE_TO_FIBROBLAST_GROWTH_FACTOR	GOBP_RESPONSE_TO_FIBROBLAST_GROWTH_FACTOR		110	-0.44733432	-1.4979063	0.0045871558	0.19426343	1.0	2387	tags=24%, list=12%, signal=27%	
GOBP_REGULATION_OF_PROTEIN_KINASE_C_SIGNALING	GOBP_REGULATION_OF_PROTEIN_KINASE_C_SIGNALING		17	-0.63482004	-1.4977077	0.040780142	0.1940755	1.0	1125	tags=18%, list=6%, signal=19%	
GOBP_REGULATION_OF_IMMUNE_EFFECTOR_PROCESS	GOBP_REGULATION_OF_IMMUNE_EFFECTOR_PROCESS		379	-0.3935358	-1.4965138	0.0	0.19562915	1.0	3287	tags=29%, list=17%, signal=34%	
GOBP_ENDOSOME_TO_PLASMA_MEMBRANE_PROTEIN_TRANSPORT	GOBP_ENDOSOME_TO_PLASMA_MEMBRANE_PROTEIN_TRANSPORT		16	-0.6508128	-1.4964224	0.037567083	0.19532101	1.0	3826	tags=50%, list=20%, signal=62%	
GOBP_EPITHELIAL_CELL_PROLIFERATION	GOBP_EPITHELIAL_CELL_PROLIFERATION		425	-0.3925232	-1.4955162	0.0	0.1963345	1.0	2784	tags=26%, list=14%, signal=29%	
GOBP_DNA_TEMPLATED_DNA_REPLICATION	GOBP_DNA_TEMPLATED_DNA_REPLICATION		152	-0.43147537	-1.495327	0.0	0.1961917	1.0	3240	tags=31%, list=17%, signal=37%	
GOBP_RESPONSE_TO_ACIDIC_PH	GOBP_RESPONSE_TO_ACIDIC_PH		25	-0.57630396	-1.4945217	0.03931624	0.19711994	1.0	2268	tags=32%, list=12%, signal=36%	
GOBP_HUMORAL_IMMUNE_RESPONSE	GOBP_HUMORAL_IMMUNE_RESPONSE		257	-0.40924484	-1.4930868	0.0	0.1989953	1.0	2455	tags=22%, list=13%, signal=25%	
GOBP_REGULATION_OF_LYMPHOCYTE_MIGRATION	GOBP_REGULATION_OF_LYMPHOCYTE_MIGRATION		63	-0.4852705	-1.492572	0.018461538	0.19932847	1.0	2529	tags=29%, list=13%, signal=33%	
GOBP_POSITIVE_REGULATION_OF_DENDRITE_DEVELOPMENT	GOBP_POSITIVE_REGULATION_OF_DENDRITE_DEVELOPMENT		16	-0.627855	-1.4925075	0.045694202	0.19899286	1.0	3853	tags=63%, list=20%, signal=78%	
GOBP_REGULATION_OF_NEUROTRANSMITTER_UPTAKE	GOBP_REGULATION_OF_NEUROTRANSMITTER_UPTAKE		18	-0.61954373	-1.4923859	0.038800705	0.1987068	1.0	596	tags=17%, list=3%, signal=17%	
GOBP_REGULATION_OF_TRANSMEMBRANE_RECEPTOR_PROTEIN_SERINE_THREONINE_KINASE_SIGNALING_PATHWAY	GOBP_REGULATION_OF_TRANSMEMBRANE_RECEPTOR_PROTEIN_SERINE_THREONINE_KINASE_SIGNALING_PATHWAY		250	-0.406928	-1.4923611	0.0026954177	0.198264	1.0	2305	tags=21%, list=12%, signal=23%	
GOBP_CARDIAC_EPITHELIAL_TO_MESENCHYMAL_TRANSITION	GOBP_CARDIAC_EPITHELIAL_TO_MESENCHYMAL_TRANSITION		37	-0.5286522	-1.4919233	0.031034483	0.19854477	1.0	1092	tags=24%, list=6%, signal=26%	
GOBP_WOUND_HEALING	GOBP_WOUND_HEALING		414	-0.39402565	-1.4918237	0.0011961722	0.19824709	1.0	2677	tags=24%, list=14%, signal=27%	
GOBP_LIPID_IMPORT_INTO_CELL	GOBP_LIPID_IMPORT_INTO_CELL		20	-0.60919875	-1.4913352	0.041742288	0.1987162	1.0	1305	tags=30%, list=7%, signal=32%	
GOBP_RESPONSE_TO_OSMOTIC_STRESS	GOBP_RESPONSE_TO_OSMOTIC_STRESS		84	-0.45698142	-1.4910159	0.00608828	0.19878295	1.0	2325	tags=26%, list=12%, signal=30%	
GOBP_INTERLEUKIN_12_PRODUCTION	GOBP_INTERLEUKIN_12_PRODUCTION		63	-0.4871442	-1.4902706	0.015723271	0.19954374	1.0	2356	tags=27%, list=12%, signal=31%	
GOBP_STRIATED_MUSCLE_CELL_DEVELOPMENT	GOBP_STRIATED_MUSCLE_CELL_DEVELOPMENT		78	-0.4666124	-1.489713	0.00931677	0.2000438	1.0	2601	tags=36%, list=13%, signal=41%	
GOBP_CELLULAR_RESPONSE_TO_MOLECULE_OF_BACTERIAL_ORIGIN	GOBP_CELLULAR_RESPONSE_TO_MOLECULE_OF_BACTERIAL_ORIGIN		215	-0.41262254	-1.4894805	0.0027063598	0.19990979	1.0	3039	tags=29%, list=16%, signal=34%	
GOBP_NEGATIVE_REGULATION_OF_ANTIGEN_RECEPTOR_MEDIATED_SIGNALING_PATHWAY	GOBP_NEGATIVE_REGULATION_OF_ANTIGEN_RECEPTOR_MEDIATED_SIGNALING_PATHWAY		32	-0.5455162	-1.4888862	0.03	0.20041135	1.0	3289	tags=38%, list=17%, signal=45%	
GOBP_AMEBOIDAL_TYPE_CELL_MIGRATION	GOBP_AMEBOIDAL_TYPE_CELL_MIGRATION		417	-0.39093494	-1.4885758	0.0012121212	0.20044658	1.0	2249	tags=23%, list=12%, signal=25%	
GOMF_STEROID_DEHYDROGENASE_ACTIVITY_ACTING_ON_THE_CH_OH_GROUP_OF_DONORS_NAD_OR_NADP_AS_ACCEPTOR	GOMF_STEROID_DEHYDROGENASE_ACTIVITY_ACTING_ON_THE_CH_OH_GROUP_OF_DONORS_NAD_OR_NADP_AS_ACCEPTOR		31	-0.5411097	-1.4876045	0.029950082	0.2016266	1.0	237	tags=16%, list=1%, signal=16%	
GOCC_ACTIN_BASED_CELL_PROJECTION	GOCC_ACTIN_BASED_CELL_PROJECTION		214	-0.41125247	-1.4872919	0.0	0.20175822	1.0	3853	tags=32%, list=20%, signal=40%	
GOCC_BASAL_PART_OF_CELL	GOCC_BASAL_PART_OF_CELL		303	-0.39956418	-1.4870018	0.0	0.20178168	1.0	2925	tags=27%, list=15%, signal=31%	
GOBP_ROOF_OF_MOUTH_DEVELOPMENT	GOBP_ROOF_OF_MOUTH_DEVELOPMENT		91	-0.45296058	-1.4868522	0.006134969	0.20159408	1.0	2301	tags=26%, list=12%, signal=30%	
GOMF_NEUROTRANSMITTER_TRANSMEMBRANE_TRANSPORTER_ACTIVITY	GOMF_NEUROTRANSMITTER_TRANSMEMBRANE_TRANSPORTER_ACTIVITY		21	-0.59012395	-1.4868172	0.039007094	0.20116878	1.0	1271	tags=29%, list=7%, signal=31%	
GOBP_EPITHELIAL_TUBE_FORMATION	GOBP_EPITHELIAL_TUBE_FORMATION		132	-0.4398681	-1.4864601	0.008902078	0.20131955	1.0	2833	tags=27%, list=15%, signal=32%	
GOBP_POSITIVE_REGULATION_OF_JNK_CASCADE	GOBP_POSITIVE_REGULATION_OF_JNK_CASCADE		95	-0.45389724	-1.4864447	0.015128593	0.2008969	1.0	2904	tags=32%, list=15%, signal=37%	
GOBP_DEFENSE_RESPONSE_TO_BACTERIUM	GOBP_DEFENSE_RESPONSE_TO_BACTERIUM		294	-0.3994627	-1.485057	0.0	0.2028026	1.0	2797	tags=22%, list=14%, signal=26%	
GOBP_REGULATION_OF_DNA_REPLICATION	GOBP_REGULATION_OF_DNA_REPLICATION		120	-0.4327728	-1.4849646	0.0073206443	0.20251067	1.0	3556	tags=33%, list=18%, signal=40%	
GOBP_GLAND_MORPHOGENESIS	GOBP_GLAND_MORPHOGENESIS		125	-0.43920547	-1.4848694	0.00456621	0.20225574	1.0	2545	tags=29%, list=13%, signal=33%	
GOBP_POSITIVE_REGULATION_OF_CYTOKINE_PRODUCTION	GOBP_POSITIVE_REGULATION_OF_CYTOKINE_PRODUCTION		473	-0.38497558	-1.4845302	0.0	0.20234776	1.0	2763	tags=24%, list=14%, signal=27%	
GOBP_NEUROTRANSMITTER_REUPTAKE	GOBP_NEUROTRANSMITTER_REUPTAKE		34	-0.53477913	-1.4842798	0.036789298	0.20225486	1.0	1396	tags=21%, list=7%, signal=22%	
GOBP_BRANCHING_MORPHOGENESIS_OF_AN_EPITHELIAL_TUBE	GOBP_BRANCHING_MORPHOGENESIS_OF_AN_EPITHELIAL_TUBE		153	-0.42875132	-1.4830381	0.008608322	0.20390299	1.0	2603	tags=27%, list=13%, signal=31%	
GOBP_ENDOCRINE_PANCREAS_DEVELOPMENT	GOBP_ENDOCRINE_PANCREAS_DEVELOPMENT		41	-0.51868945	-1.4825165	0.026578072	0.20431735	1.0	819	tags=12%, list=4%, signal=13%	
GOBP_MORPHOGENESIS_OF_A_POLARIZED_EPITHELIUM	GOBP_MORPHOGENESIS_OF_A_POLARIZED_EPITHELIUM		60	-0.47873616	-1.4817642	0.01910828	0.20516193	1.0	3227	tags=40%, list=17%, signal=48%	
GOBP_CELL_RECOGNITION	GOBP_CELL_RECOGNITION		155	-0.42725044	-1.4806349	0.00979021	0.20663099	1.0	2901	tags=26%, list=15%, signal=30%	
GOBP_REGULATION_OF_ATTACHMENT_OF_SPINDLE_MICROTUBULES_TO_KINETOCHORE	GOBP_REGULATION_OF_ATTACHMENT_OF_SPINDLE_MICROTUBULES_TO_KINETOCHORE		22	-0.5813705	-1.4800953	0.04054054	0.20709512	1.0	4090	tags=59%, list=21%, signal=75%	
GOBP_HEPARAN_SULFATE_PROTEOGLYCAN_METABOLIC_PROCESS	GOBP_HEPARAN_SULFATE_PROTEOGLYCAN_METABOLIC_PROCESS		16	-0.6286701	-1.4800245	0.061567165	0.20675023	1.0	1518	tags=25%, list=8%, signal=27%	
GOBP_CELLULAR_RESPONSE_TO_BIOTIC_STIMULUS	GOBP_CELLULAR_RESPONSE_TO_BIOTIC_STIMULUS		241	-0.40472227	-1.4789734	0.0026007802	0.2080915	1.0	3065	tags=29%, list=16%, signal=34%	
GOBP_STRIATED_MUSCLE_TISSUE_DEVELOPMENT	GOBP_STRIATED_MUSCLE_TISSUE_DEVELOPMENT		245	-0.40690228	-1.4779361	0.0	0.20952539	1.0	2610	tags=25%, list=13%, signal=29%	
GOMF_DNA_BINDING_TRANSCRIPTION_REPRESSOR_ACTIVITY	GOMF_DNA_BINDING_TRANSCRIPTION_REPRESSOR_ACTIVITY		271	-0.39869538	-1.4766811	0.0026075619	0.21120821	1.0	3304	tags=27%, list=17%, signal=32%	
GOBP_FOAM_CELL_DIFFERENTIATION	GOBP_FOAM_CELL_DIFFERENTIATION		38	-0.5273852	-1.4763333	0.041935485	0.21134602	1.0	2975	tags=37%, list=15%, signal=43%	
GOBP_NEUROPEPTIDE_SIGNALING_PATHWAY	GOBP_NEUROPEPTIDE_SIGNALING_PATHWAY		104	-0.44623393	-1.4756871	0.0075642965	0.21205604	1.0	1784	tags=14%, list=9%, signal=16%	
GOBP_BROWN_FAT_CELL_DIFFERENTIATION	GOBP_BROWN_FAT_CELL_DIFFERENTIATION		52	-0.4963332	-1.4756751	0.017571885	0.21159518	1.0	1595	tags=21%, list=8%, signal=23%	
GOBP_INTERLEUKIN_4_PRODUCTION	GOBP_INTERLEUKIN_4_PRODUCTION		33	-0.5384318	-1.4751872	0.03770492	0.21194488	1.0	2333	tags=39%, list=12%, signal=45%	
GOBP_MESONEPHROS_DEVELOPMENT	GOBP_MESONEPHROS_DEVELOPMENT		102	-0.44462642	-1.4746084	0.009036144	0.21241577	1.0	1918	tags=23%, list=10%, signal=25%	
GOBP_CHRONIC_INFLAMMATORY_RESPONSE	GOBP_CHRONIC_INFLAMMATORY_RESPONSE		19	-0.6028668	-1.4741057	0.042201836	0.21279094	1.0	2071	tags=53%, list=11%, signal=59%	
GOBP_REGULATION_OF_MEMBRANE_LIPID_DISTRIBUTION	GOBP_REGULATION_OF_MEMBRANE_LIPID_DISTRIBUTION		59	-0.4890047	-1.4732634	0.027906977	0.21380423	1.0	3732	tags=39%, list=19%, signal=48%	
GOBP_REGULATION_OF_TISSUE_REMODELING	GOBP_REGULATION_OF_TISSUE_REMODELING		74	-0.4588751	-1.4731896	0.01088647	0.21348506	1.0	2804	tags=30%, list=14%, signal=35%	
GOBP_RESPONSE_TO_TOXIC_SUBSTANCE	GOBP_RESPONSE_TO_TOXIC_SUBSTANCE		237	-0.40429845	-1.4729946	0.0013568521	0.21334861	1.0	2656	tags=24%, list=14%, signal=28%	
GOMF_GLYCOSAMINOGLYCAN_BINDING	GOMF_GLYCOSAMINOGLYCAN_BINDING		224	-0.4040553	-1.4729337	0.0027322404	0.21298805	1.0	2043	tags=24%, list=11%, signal=27%	
GOBP_INTRACELLULAR_ESTROGEN_RECEPTOR_SIGNALING_PATHWAY	GOBP_INTRACELLULAR_ESTROGEN_RECEPTOR_SIGNALING_PATHWAY		51	-0.49350992	-1.4728727	0.031825796	0.212634	1.0	944	tags=14%, list=5%, signal=14%	
GOBP_SOMATIC_STEM_CELL_POPULATION_MAINTENANCE	GOBP_SOMATIC_STEM_CELL_POPULATION_MAINTENANCE		67	-0.4695043	-1.4721285	0.0127795525	0.21347423	1.0	1341	tags=15%, list=7%, signal=16%	
GOBP_MONOCYTE_DIFFERENTIATION	GOBP_MONOCYTE_DIFFERENTIATION		34	-0.5292447	-1.4710214	0.032478634	0.21503836	1.0	3177	tags=32%, list=16%, signal=39%	
GOBP_POSITIVE_REGULATION_OF_CALCIUM_ION_IMPORT	GOBP_POSITIVE_REGULATION_OF_CALCIUM_ION_IMPORT		25	-0.56798005	-1.4704337	0.03372681	0.21559332	1.0	3496	tags=40%, list=18%, signal=49%	
GOBP_NEGATIVE_REGULATION_OF_EPITHELIAL_CELL_PROLIFERATION	GOBP_NEGATIVE_REGULATION_OF_EPITHELIAL_CELL_PROLIFERATION		128	-0.43150425	-1.4698308	0.011527377	0.21627578	1.0	2506	tags=27%, list=13%, signal=30%	
GOBP_REGULATION_OF_OSTEOBLAST_DIFFERENTIATION	GOBP_REGULATION_OF_OSTEOBLAST_DIFFERENTIATION		120	-0.43318465	-1.4697707	0.007194245	0.21590693	1.0	2387	tags=26%, list=12%, signal=29%	
GOMF_MHC_CLASS_II_PROTEIN_COMPLEX_BINDING	GOMF_MHC_CLASS_II_PROTEIN_COMPLEX_BINDING		25	-0.57990307	-1.4694717	0.037102472	0.21601376	1.0	1584	tags=24%, list=8%, signal=26%	
GOBP_REGULATION_OF_GLIOGENESIS	GOBP_REGULATION_OF_GLIOGENESIS		102	-0.443046	-1.4694351	0.014641289	0.21560632	1.0	2702	tags=26%, list=14%, signal=31%	
GOBP_REGULATION_OF_NEUROTRANSMITTER_SECRETION	GOBP_REGULATION_OF_NEUROTRANSMITTER_SECRETION		79	-0.46521288	-1.4693519	0.02660407	0.21531105	1.0	1925	tags=20%, list=10%, signal=22%	
GOBP_POSITIVE_REGULATION_OF_GTPASE_ACTIVITY	GOBP_POSITIVE_REGULATION_OF_GTPASE_ACTIVITY		189	-0.4104951	-1.469295	0.0	0.21494716	1.0	3896	tags=32%, list=20%, signal=40%	
GOBP_CD4_POSITIVE_ALPHA_BETA_T_CELL_DIFFERENTIATION	GOBP_CD4_POSITIVE_ALPHA_BETA_T_CELL_DIFFERENTIATION		95	-0.45116264	-1.4689348	0.014705882	0.21511379	1.0	4637	tags=42%, list=24%, signal=55%	
GOBP_POSITIVE_REGULATION_OF_PHOSPHATIDYLINOSITOL_3_KINASE_PROTEIN_KINASE_B_SIGNAL_TRANSDUCTION	GOBP_POSITIVE_REGULATION_OF_PHOSPHATIDYLINOSITOL_3_KINASE_PROTEIN_KINASE_B_SIGNAL_TRANSDUCTION		173	-0.4179851	-1.4687793	0.004132231	0.21491086	1.0	2763	tags=27%, list=14%, signal=31%	
GOBP_MAMMARY_GLAND_DEVELOPMENT	GOBP_MAMMARY_GLAND_DEVELOPMENT		133	-0.43145308	-1.4670498	0.011363637	0.21765392	1.0	2545	tags=25%, list=13%, signal=28%	
GOBP_DNA_CONFORMATION_CHANGE	GOBP_DNA_CONFORMATION_CHANGE		83	-0.45089307	-1.4666921	0.01843318	0.21791773	1.0	4175	tags=33%, list=21%, signal=41%	
GOBP_T_CELL_CHEMOTAXIS	GOBP_T_CELL_CHEMOTAXIS		26	-0.55477726	-1.4666275	0.05840708	0.21755263	1.0	2189	tags=42%, list=11%, signal=48%	
GOBP_CELLULAR_RESPONSE_TO_PROSTAGLANDIN_STIMULUS	GOBP_CELLULAR_RESPONSE_TO_PROSTAGLANDIN_STIMULUS		21	-0.58192	-1.4665091	0.064124785	0.21733908	1.0	3800	tags=38%, list=20%, signal=47%	
GOBP_TONGUE_DEVELOPMENT	GOBP_TONGUE_DEVELOPMENT		21	-0.5788848	-1.4661733	0.057090238	0.21750101	1.0	4552	tags=52%, list=23%, signal=68%	
GOBP_POSITIVE_REGULATION_OF_LEUKOCYTE_DEGRANULATION	GOBP_POSITIVE_REGULATION_OF_LEUKOCYTE_DEGRANULATION		24	-0.5661072	-1.4658885	0.040472176	0.21750264	1.0	2763	tags=42%, list=14%, signal=49%	
GOBP_PEPTIDE_CROSS_LINKING	GOBP_PEPTIDE_CROSS_LINKING		26	-0.5668678	-1.4656663	0.04006678	0.21740298	1.0	1101	tags=23%, list=6%, signal=24%	
GOBP_POSITIVE_REGULATION_OF_NEUROTRANSMITTER_SECRETION	GOBP_POSITIVE_REGULATION_OF_NEUROTRANSMITTER_SECRETION		18	-0.60481733	-1.4649872	0.061946902	0.21824804	1.0	1925	tags=33%, list=10%, signal=37%	
GOBP_REGULATION_OF_BODY_FLUID_LEVELS	GOBP_REGULATION_OF_BODY_FLUID_LEVELS		369	-0.38458773	-1.4645534	0.0	0.21856432	1.0	2856	tags=24%, list=15%, signal=27%	
GOBP_REGULATION_OF_PROTEIN_LOCALIZATION_TO_SYNAPSE	GOBP_REGULATION_OF_PROTEIN_LOCALIZATION_TO_SYNAPSE		21	-0.5826054	-1.4637978	0.045694202	0.21946663	1.0	2189	tags=38%, list=11%, signal=43%	
GOBP_DEFENSE_RESPONSE_TO_FUNGUS	GOBP_DEFENSE_RESPONSE_TO_FUNGUS		55	-0.4865919	-1.463272	0.027070064	0.21995547	1.0	1161	tags=24%, list=6%, signal=25%	
GOBP_ANTIMICROBIAL_HUMORAL_RESPONSE	GOBP_ANTIMICROBIAL_HUMORAL_RESPONSE		137	-0.42597377	-1.4627736	0.004341534	0.2203461	1.0	2407	tags=23%, list=12%, signal=26%	
GOBP_POSITIVE_REGULATION_OF_NATURAL_KILLER_CELL_MEDIATED_CYTOTOXICITY	GOBP_POSITIVE_REGULATION_OF_NATURAL_KILLER_CELL_MEDIATED_CYTOTOXICITY		28	-0.5594846	-1.4625375	0.045608107	0.22028346	1.0	2624	tags=39%, list=14%, signal=45%	
GOBP_ANTIGEN_PROCESSING_AND_PRESENTATION	GOBP_ANTIGEN_PROCESSING_AND_PRESENTATION		111	-0.43417832	-1.4616202	0.0076687117	0.22141238	1.0	2593	tags=25%, list=13%, signal=29%	
GOBP_LEUKOCYTE_MEDIATED_IMMUNITY	GOBP_LEUKOCYTE_MEDIATED_IMMUNITY		385	-0.38633966	-1.4615322	0.0	0.22115533	1.0	3056	tags=29%, list=16%, signal=33%	
GOBP_MULTICELLULAR_ORGANISMAL_LEVEL_CHEMICAL_HOMEOSTASIS	GOBP_MULTICELLULAR_ORGANISMAL_LEVEL_CHEMICAL_HOMEOSTASIS		75	-0.45900396	-1.4608066	0.015479876	0.2219495	1.0	2856	tags=24%, list=15%, signal=28%	
GOCC_CATENIN_COMPLEX	GOCC_CATENIN_COMPLEX		31	-0.53157306	-1.4603884	0.060402684	0.2222726	1.0	4286	tags=42%, list=22%, signal=54%	
GOBP_REGULATION_OF_MORPHOGENESIS_OF_A_BRANCHING_STRUCTURE	GOBP_REGULATION_OF_MORPHOGENESIS_OF_A_BRANCHING_STRUCTURE		52	-0.48544285	-1.4603715	0.026898734	0.22184287	1.0	1616	tags=25%, list=8%, signal=27%	
GOBP_EMBRYONIC_CAMERA_TYPE_EYE_MORPHOGENESIS	GOBP_EMBRYONIC_CAMERA_TYPE_EYE_MORPHOGENESIS		26	-0.5570342	-1.4599242	0.046551723	0.22216469	1.0	1944	tags=31%, list=10%, signal=34%	
GOBP_REGULATION_OF_FILOPODIUM_ASSEMBLY	GOBP_REGULATION_OF_FILOPODIUM_ASSEMBLY		45	-0.50883186	-1.459487	0.028428094	0.22246099	1.0	1854	tags=27%, list=10%, signal=29%	
GOBP_POSITIVE_REGULATION_OF_CELL_MATRIX_ADHESION	GOBP_POSITIVE_REGULATION_OF_CELL_MATRIX_ADHESION		54	-0.4866012	-1.4593787	0.051779937	0.22218953	1.0	2636	tags=28%, list=14%, signal=32%	
GOBP_GLYCOSAMINOGLYCAN_CATABOLIC_PROCESS	GOBP_GLYCOSAMINOGLYCAN_CATABOLIC_PROCESS		27	-0.54570615	-1.4592519	0.037351444	0.2219728	1.0	1874	tags=26%, list=10%, signal=29%	
GOBP_EPITHELIAL_CELL_FATE_COMMITMENT	GOBP_EPITHELIAL_CELL_FATE_COMMITMENT		15	-0.62966126	-1.4581082	0.065099455	0.22368023	1.0	2212	tags=27%, list=11%, signal=30%	
GOBP_REGULATION_OF_ENDOTHELIAL_CELL_MIGRATION	GOBP_REGULATION_OF_ENDOTHELIAL_CELL_MIGRATION		161	-0.41747528	-1.457191	0.0014245014	0.22482143	1.0	2817	tags=28%, list=15%, signal=32%	
GOBP_REGULATION_OF_MORPHOGENESIS_OF_AN_EPITHELIUM	GOBP_REGULATION_OF_MORPHOGENESIS_OF_AN_EPITHELIUM		65	-0.4687473	-1.4571705	0.026101142	0.22441585	1.0	1709	tags=25%, list=9%, signal=27%	
GOBP_POSITIVE_REGULATION_OF_MONONUCLEAR_CELL_MIGRATION	GOBP_POSITIVE_REGULATION_OF_MONONUCLEAR_CELL_MIGRATION		90	-0.45111996	-1.4565989	0.016717326	0.22498104	1.0	2535	tags=29%, list=13%, signal=33%	
GOCC_NUCLEAR_REPLICATION_FORK	GOCC_NUCLEAR_REPLICATION_FORK		39	-0.5183891	-1.4565874	0.030508475	0.22455159	1.0	3487	tags=36%, list=18%, signal=44%	
GOBP_ATTACHMENT_OF_SPINDLE_MICROTUBULES_TO_KINETOCHORE	GOBP_ATTACHMENT_OF_SPINDLE_MICROTUBULES_TO_KINETOCHORE		51	-0.49946088	-1.4558612	0.022580646	0.22529373	1.0	4803	tags=49%, list=25%, signal=65%	
GOBP_NEGATIVE_REGULATION_OF_OSTEOBLAST_DIFFERENTIATION	GOBP_NEGATIVE_REGULATION_OF_OSTEOBLAST_DIFFERENTIATION		45	-0.5062052	-1.455752	0.025806451	0.22505057	1.0	2212	tags=27%, list=11%, signal=30%	
GOBP_LUNG_MORPHOGENESIS	GOBP_LUNG_MORPHOGENESIS		54	-0.48154807	-1.4551843	0.032258064	0.22562507	1.0	2457	tags=24%, list=13%, signal=27%	
GOBP_MAST_CELL_ACTIVATION_INVOLVED_IN_IMMUNE_RESPONSE	GOBP_MAST_CELL_ACTIVATION_INVOLVED_IN_IMMUNE_RESPONSE		54	-0.4834135	-1.4547018	0.04276316	0.226103	1.0	3033	tags=35%, list=16%, signal=42%	
GOBP_REGULATION_OF_BMP_SIGNALING_PATHWAY	GOBP_REGULATION_OF_BMP_SIGNALING_PATHWAY		96	-0.4484235	-1.4542379	0.016691957	0.2265563	1.0	1684	tags=20%, list=9%, signal=22%	
GOBP_ADHERENS_JUNCTION_ORGANIZATION	GOBP_ADHERENS_JUNCTION_ORGANIZATION		56	-0.48752555	-1.4542167	0.023847377	0.22614352	1.0	4082	tags=41%, list=21%, signal=52%	
GOBP_NEGATIVE_REGULATION_OF_LEUKOCYTE_MEDIATED_IMMUNITY	GOBP_NEGATIVE_REGULATION_OF_LEUKOCYTE_MEDIATED_IMMUNITY		68	-0.4708306	-1.4537004	0.010954617	0.22667752	1.0	1604	tags=26%, list=8%, signal=29%	
GOCC_BASOLATERAL_PLASMA_MEMBRANE	GOCC_BASOLATERAL_PLASMA_MEMBRANE		252	-0.39758927	-1.4530036	0.0053691277	0.22750254	1.0	2892	tags=26%, list=15%, signal=30%	
GOBP_V_D_J_RECOMBINATION	GOBP_V_D_J_RECOMBINATION		18	-0.6050582	-1.4529192	0.054054055	0.22717549	1.0	4780	tags=50%, list=25%, signal=66%	
GOBP_POSITIVE_REGULATION_OF_NATURAL_KILLER_CELL_MEDIATED_IMMUNITY	GOBP_POSITIVE_REGULATION_OF_NATURAL_KILLER_CELL_MEDIATED_IMMUNITY		34	-0.5284058	-1.4528841	0.04397394	0.22678134	1.0	2638	tags=38%, list=14%, signal=44%	
GOBP_PLACENTA_BLOOD_VESSEL_DEVELOPMENT	GOBP_PLACENTA_BLOOD_VESSEL_DEVELOPMENT		29	-0.53407866	-1.4521548	0.04222973	0.22771716	1.0	2515	tags=28%, list=13%, signal=32%	
GOBP_POSITIVE_REGULATION_OF_INTERLEUKIN_1_PRODUCTION	GOBP_POSITIVE_REGULATION_OF_INTERLEUKIN_1_PRODUCTION		69	-0.46021035	-1.4517785	0.02276176	0.22787689	1.0	2746	tags=29%, list=14%, signal=34%	
GOBP_T_CELL_MEDIATED_IMMUNITY	GOBP_T_CELL_MEDIATED_IMMUNITY		128	-0.42777324	-1.4517531	0.008559201	0.2274835	1.0	2558	tags=24%, list=13%, signal=28%	
GOBP_HEART_FORMATION	GOBP_HEART_FORMATION		33	-0.5367333	-1.45058	0.040650405	0.22919297	1.0	2212	tags=27%, list=11%, signal=31%	
GOCC_NADPH_OXIDASE_COMPLEX	GOCC_NADPH_OXIDASE_COMPLEX		18	-0.59266317	-1.4503394	0.046181172	0.2291515	1.0	1970	tags=33%, list=10%, signal=37%	
GOBP_POSITIVE_REGULATION_OF_CELL_ADHESION	GOBP_POSITIVE_REGULATION_OF_CELL_ADHESION		465	-0.37496114	-1.4501456	0.0012254902	0.22905278	1.0	2553	tags=24%, list=13%, signal=27%	
GOBP_POSITIVE_REGULATION_OF_CYTOKINE_PRODUCTION_INVOLVED_IN_INFLAMMATORY_RESPONSE	GOBP_POSITIVE_REGULATION_OF_CYTOKINE_PRODUCTION_INVOLVED_IN_INFLAMMATORY_RESPONSE		26	-0.5607922	-1.4492658	0.045150504	0.23027135	1.0	3101	tags=38%, list=16%, signal=46%	
GOBP_SYMBIONT_ENTRY_INTO_HOST	GOBP_SYMBIONT_ENTRY_INTO_HOST		159	-0.41530073	-1.4492041	0.0058565154	0.22996488	1.0	2856	tags=24%, list=15%, signal=28%	
GOBP_IMMUNE_RESPONSE_TO_TUMOR_CELL	GOBP_IMMUNE_RESPONSE_TO_TUMOR_CELL		28	-0.5503234	-1.4486244	0.05317324	0.23058942	1.0	1438	tags=29%, list=7%, signal=31%	
GOBP_REGULATION_OF_CD4_POSITIVE_ALPHA_BETA_T_CELL_DIFFERENTIATION	GOBP_REGULATION_OF_CD4_POSITIVE_ALPHA_BETA_T_CELL_DIFFERENTIATION		57	-0.48262745	-1.4481257	0.03291536	0.23096326	1.0	4604	tags=44%, list=24%, signal=57%	
GOBP_VENTRICULAR_SEPTUM_DEVELOPMENT	GOBP_VENTRICULAR_SEPTUM_DEVELOPMENT		70	-0.46648282	-1.4480981	0.02511774	0.2305741	1.0	2460	tags=24%, list=13%, signal=28%	
GOBP_ODONTOGENESIS	GOBP_ODONTOGENESIS		128	-0.42888418	-1.447814	0.013392857	0.2306583	1.0	2493	tags=24%, list=13%, signal=28%	
GOBP_SENSORY_PERCEPTION_OF_PAIN	GOBP_SENSORY_PERCEPTION_OF_PAIN		72	-0.46364397	-1.447125	0.027190333	0.23147818	1.0	1192	tags=17%, list=6%, signal=18%	
GOBP_NEGATIVE_REGULATION_OF_MONOATOMIC_ION_TRANSPORT	GOBP_NEGATIVE_REGULATION_OF_MONOATOMIC_ION_TRANSPORT		111	-0.43361798	-1.4465146	0.011627907	0.23214416	1.0	925	tags=14%, list=5%, signal=15%	
GOBP_NEGATIVE_REGULATION_OF_CELL_GROWTH	GOBP_NEGATIVE_REGULATION_OF_CELL_GROWTH		163	-0.4130556	-1.4456472	0.0041436465	0.23329428	1.0	2508	tags=20%, list=13%, signal=22%	
GOBP_JNK_CASCADE	GOBP_JNK_CASCADE		168	-0.40929654	-1.4451308	0.0027894003	0.23375788	1.0	2904	tags=28%, list=15%, signal=33%	
GOBP_NUCLEAR_CHROMOSOME_SEGREGATION	GOBP_NUCLEAR_CHROMOSOME_SEGREGATION		297	-0.3876006	-1.4451135	0.0037313432	0.23335174	1.0	3487	tags=28%, list=18%, signal=33%	
GOBP_MITOTIC_METAPHASE_CHROMOSOME_ALIGNMENT	GOBP_MITOTIC_METAPHASE_CHROMOSOME_ALIGNMENT		62	-0.46866474	-1.4449306	0.020249221	0.23324107	1.0	3353	tags=31%, list=17%, signal=37%	
GOBP_MEIOTIC_CELL_CYCLE_PHASE_TRANSITION	GOBP_MEIOTIC_CELL_CYCLE_PHASE_TRANSITION		15	-0.63100374	-1.4446769	0.067474045	0.23325667	1.0	4048	tags=53%, list=21%, signal=67%	
GOBP_REGULATION_OF_ANDROGEN_RECEPTOR_SIGNALING_PATHWAY	GOBP_REGULATION_OF_ANDROGEN_RECEPTOR_SIGNALING_PATHWAY		28	-0.54535466	-1.4446086	0.0685413	0.23292184	1.0	91	tags=11%, list=0%, signal=11%	
GOBP_MEIOTIC_CELL_CYCLE_PROCESS	GOBP_MEIOTIC_CELL_CYCLE_PROCESS		184	-0.405253	-1.4443523	0.0056338026	0.23289864	1.0	3170	tags=24%, list=16%, signal=28%	
GOBP_HAIR_FOLLICLE_MATURATION	GOBP_HAIR_FOLLICLE_MATURATION		15	-0.6304737	-1.4442149	0.067028984	0.23274176	1.0	724	tags=33%, list=4%, signal=35%	
GOBP_POSITIVE_REGULATION_OF_HYDROLASE_ACTIVITY	GOBP_POSITIVE_REGULATION_OF_HYDROLASE_ACTIVITY		424	-0.37737203	-1.4436145	0.0	0.23343392	1.0	3838	tags=31%, list=20%, signal=37%	
GOBP_NEPHRON_EPITHELIUM_DEVELOPMENT	GOBP_NEPHRON_EPITHELIUM_DEVELOPMENT		121	-0.42367846	-1.4434335	0.0075642965	0.23332651	1.0	3768	tags=38%, list=19%, signal=47%	
GOBP_OSTEOBLAST_DIFFERENTIATION	GOBP_OSTEOBLAST_DIFFERENTIATION		215	-0.39956963	-1.4433887	0.0054054055	0.23293525	1.0	2771	tags=26%, list=14%, signal=30%	
GOBP_RESPONSE_TO_VITAMIN_D	GOBP_RESPONSE_TO_VITAMIN_D		35	-0.5186257	-1.4433323	0.025252525	0.23259842	1.0	1334	tags=26%, list=7%, signal=28%	
GOBP_POSITIVE_REGULATION_OF_DEFENSE_RESPONSE	GOBP_POSITIVE_REGULATION_OF_DEFENSE_RESPONSE		476	-0.37351352	-1.4432498	0.0	0.23233366	1.0	2778	tags=22%, list=14%, signal=25%	
GOBP_PANCREAS_DEVELOPMENT	GOBP_PANCREAS_DEVELOPMENT		72	-0.45817897	-1.4425565	0.025396826	0.23316565	1.0	1095	tags=14%, list=6%, signal=15%	
GOBP_REGULATION_OF_B_CELL_RECEPTOR_SIGNALING_PATHWAY	GOBP_REGULATION_OF_B_CELL_RECEPTOR_SIGNALING_PATHWAY		20	-0.5859036	-1.4408915	0.06349207	0.23581956	1.0	4448	tags=55%, list=23%, signal=71%	
GOBP_EMBRYONIC_ORGAN_DEVELOPMENT	GOBP_EMBRYONIC_ORGAN_DEVELOPMENT		445	-0.3765943	-1.4408251	0.0	0.23550545	1.0	2540	tags=22%, list=13%, signal=24%	
GOBP_NEPHRON_DEVELOPMENT	GOBP_NEPHRON_DEVELOPMENT		158	-0.4072349	-1.4402509	0.008462624	0.23619242	1.0	3768	tags=38%, list=19%, signal=47%	
GOBP_ESTABLISHMENT_OF_EPITHELIAL_CELL_APICAL_BASAL_POLARITY	GOBP_ESTABLISHMENT_OF_EPITHELIAL_CELL_APICAL_BASAL_POLARITY		17	-0.5940877	-1.4395287	0.07092199	0.23708533	1.0	3215	tags=53%, list=17%, signal=63%	
GOBP_CELLULAR_RESPONSE_TO_TOXIC_SUBSTANCE	GOBP_CELLULAR_RESPONSE_TO_TOXIC_SUBSTANCE		123	-0.42368355	-1.4394197	0.0098730605	0.23683926	1.0	2256	tags=24%, list=12%, signal=27%	
GOMF_ANTIGEN_BINDING	GOMF_ANTIGEN_BINDING		67	-0.4580574	-1.4389457	0.024577573	0.23727666	1.0	1604	tags=22%, list=8%, signal=24%	
GOBP_NEGATIVE_ADAPTATION_OF_SIGNALING_PATHWAY	GOBP_NEGATIVE_ADAPTATION_OF_SIGNALING_PATHWAY		18	-0.6081801	-1.4386283	0.07388316	0.23745897	1.0	702	tags=11%, list=4%, signal=12%	
GOMF_CCR_CHEMOKINE_RECEPTOR_BINDING	GOMF_CCR_CHEMOKINE_RECEPTOR_BINDING		42	-0.49754742	-1.4379123	0.038590603	0.23832683	1.0	2356	tags=26%, list=12%, signal=30%	
GOBP_TIGHT_JUNCTION_ORGANIZATION	GOBP_TIGHT_JUNCTION_ORGANIZATION		78	-0.44854265	-1.4378356	0.026984127	0.23804896	1.0	2677	tags=31%, list=14%, signal=36%	
GOBP_REGULATION_OF_LYMPHOCYTE_ACTIVATION	GOBP_REGULATION_OF_LYMPHOCYTE_ACTIVATION		483	-0.37297702	-1.4374737	0.0	0.23829423	1.0	3814	tags=33%, list=20%, signal=39%	
GOBP_REGULATION_OF_APPETITE	GOBP_REGULATION_OF_APPETITE		22	-0.5718742	-1.4369072	0.06030151	0.23890367	1.0	916	tags=18%, list=5%, signal=19%	
GOBP_INDOLE_CONTAINING_COMPOUND_METABOLIC_PROCESS	GOBP_INDOLE_CONTAINING_COMPOUND_METABOLIC_PROCESS		24	-0.55781525	-1.4363194	0.040350877	0.23958613	1.0	682	tags=17%, list=4%, signal=17%	
GOBP_CELL_CYCLE_CHECKPOINT_SIGNALING	GOBP_CELL_CYCLE_CHECKPOINT_SIGNALING		181	-0.4067582	-1.4361715	0.012145749	0.23939216	1.0	3734	tags=33%, list=19%, signal=40%	
GOBP_NEPHRON_MORPHOGENESIS	GOBP_NEPHRON_MORPHOGENESIS		80	-0.4474963	-1.4359492	0.021875	0.2394191	1.0	3706	tags=40%, list=19%, signal=49%	
GOBP_POLY_A_PLUS_MRNA_EXPORT_FROM_NUCLEUS	GOBP_POLY_A_PLUS_MRNA_EXPORT_FROM_NUCLEUS		21	-0.57443076	-1.4343853	0.0665529	0.24186096	1.0	3739	tags=43%, list=19%, signal=53%	
GOBP_NEURAL_TUBE_DEVELOPMENT	GOBP_NEURAL_TUBE_DEVELOPMENT		155	-0.40798983	-1.4333643	0.009803922	0.24334551	1.0	3349	tags=29%, list=17%, signal=35%	
GOMF_TRANSMEMBRANE_RECEPTOR_PROTEIN_TYROSINE_KINASE_ACTIVATOR_ACTIVITY	GOMF_TRANSMEMBRANE_RECEPTOR_PROTEIN_TYROSINE_KINASE_ACTIVATOR_ACTIVITY		15	-0.61734354	-1.4327129	0.07581227	0.2441227	1.0	3604	tags=33%, list=19%, signal=41%	
GOBP_REGULATED_EXOCYTOSIS	GOBP_REGULATED_EXOCYTOSIS		217	-0.3910496	-1.4320357	0.0027894003	0.24491106	1.0	2832	tags=24%, list=15%, signal=28%	
GOBP_RESPONSE_TO_MOLECULE_OF_BACTERIAL_ORIGIN	GOBP_RESPONSE_TO_MOLECULE_OF_BACTERIAL_ORIGIN		341	-0.3802934	-1.4315958	0.0	0.24525104	1.0	3039	tags=27%, list=16%, signal=31%	
GOBP_REGULATION_OF_B_CELL_ACTIVATION	GOBP_REGULATION_OF_B_CELL_ACTIVATION		125	-0.4278485	-1.4308456	0.009859155	0.24621207	1.0	3814	tags=36%, list=20%, signal=45%	
GOBP_REGULATION_OF_CHOLESTEROL_STORAGE	GOBP_REGULATION_OF_CHOLESTEROL_STORAGE		17	-0.61068386	-1.430675	0.08007117	0.24612579	1.0	2830	tags=47%, list=15%, signal=55%	
GOBP_RESPONSE_TO_HEPATOCYTE_GROWTH_FACTOR	GOBP_RESPONSE_TO_HEPATOCYTE_GROWTH_FACTOR		17	-0.57983	-1.4295367	0.0754386	0.24781431	1.0	3287	tags=41%, list=17%, signal=50%	
GOBP_ANIMAL_ORGAN_FORMATION	GOBP_ANIMAL_ORGAN_FORMATION		67	-0.45531198	-1.4291644	0.04094488	0.24809591	1.0	2212	tags=22%, list=11%, signal=25%	
GOBP_REGULATION_OF_BONE_MINERALIZATION	GOBP_REGULATION_OF_BONE_MINERALIZATION		75	-0.44892374	-1.4278685	0.024429968	0.25002992	1.0	1498	tags=23%, list=8%, signal=24%	
GOBP_POSITIVE_REGULATION_OF_TRANSMEMBRANE_RECEPTOR_PROTEIN_SERINE_THREONINE_KINASE_SIGNALING_PATHWAY	GOBP_POSITIVE_REGULATION_OF_TRANSMEMBRANE_RECEPTOR_PROTEIN_SERINE_THREONINE_KINASE_SIGNALING_PATHWAY		97	-0.4333631	-1.4269588	0.026392963	0.25134742	1.0	2599	tags=24%, list=13%, signal=27%	
GOBP_REGULATION_OF_CYCLIN_DEPENDENT_PROTEIN_KINASE_ACTIVITY	GOBP_REGULATION_OF_CYCLIN_DEPENDENT_PROTEIN_KINASE_ACTIVITY		74	-0.45195743	-1.4262656	0.02764977	0.25226694	1.0	3556	tags=32%, list=18%, signal=40%	
GOBP_T_CELL_RECEPTOR_SIGNALING_PATHWAY	GOBP_T_CELL_RECEPTOR_SIGNALING_PATHWAY		134	-0.4145165	-1.4255563	0.018181818	0.253166	1.0	3704	tags=31%, list=19%, signal=38%	
GOBP_DNA_REPLICATION_CHECKPOINT_SIGNALING	GOBP_DNA_REPLICATION_CHECKPOINT_SIGNALING		20	-0.5859607	-1.4254133	0.08392857	0.25294748	1.0	3659	tags=50%, list=19%, signal=62%	
GOBP_NLS_BEARING_PROTEIN_IMPORT_INTO_NUCLEUS	GOBP_NLS_BEARING_PROTEIN_IMPORT_INTO_NUCLEUS		17	-0.60309094	-1.4249634	0.08261618	0.25333247	1.0	683	tags=18%, list=4%, signal=18%	
GOBP_REGULATION_OF_FIBROBLAST_APOPTOTIC_PROCESS	GOBP_REGULATION_OF_FIBROBLAST_APOPTOTIC_PROCESS		18	-0.5877367	-1.4248965	0.08243728	0.25301412	1.0	2213	tags=22%, list=11%, signal=25%	
GOMF_PROTEIN_PHOSPHORYLATED_AMINO_ACID_BINDING	GOMF_PROTEIN_PHOSPHORYLATED_AMINO_ACID_BINDING		59	-0.4721266	-1.424524	0.041990668	0.25327727	1.0	3092	tags=41%, list=16%, signal=48%	
GOBP_T_HELPER_1_TYPE_IMMUNE_RESPONSE	GOBP_T_HELPER_1_TYPE_IMMUNE_RESPONSE		48	-0.48975924	-1.4241639	0.03814262	0.25353566	1.0	2542	tags=29%, list=13%, signal=33%	
GOBP_ANIMAL_ORGAN_REGENERATION	GOBP_ANIMAL_ORGAN_REGENERATION		66	-0.460083	-1.4238677	0.028213166	0.25360847	1.0	1494	tags=23%, list=8%, signal=25%	
GOMF_TETRAPYRROLE_BINDING	GOMF_TETRAPYRROLE_BINDING		143	-0.409858	-1.4238567	0.007204611	0.25318852	1.0	2679	tags=22%, list=14%, signal=26%	
GOBP_SEROTONIN_TRANSPORT	GOBP_SEROTONIN_TRANSPORT		22	-0.5660502	-1.4233758	0.05923345	0.25370392	1.0	1147	tags=27%, list=6%, signal=29%	
GOBP_TUBE_FORMATION	GOBP_TUBE_FORMATION		146	-0.4147542	-1.4231701	0.018361581	0.25367522	1.0	2833	tags=26%, list=15%, signal=30%	
GOMF_SODIUM_CHANNEL_ACTIVITY	GOMF_SODIUM_CHANNEL_ACTIVITY		45	-0.49828526	-1.4231603	0.048780486	0.25325567	1.0	2065	tags=16%, list=11%, signal=17%	
GOBP_MITOTIC_CELL_CYCLE_CHECKPOINT_SIGNALING	GOBP_MITOTIC_CELL_CYCLE_CHECKPOINT_SIGNALING		135	-0.41091457	-1.4229645	0.016011644	0.25321698	1.0	3690	tags=32%, list=19%, signal=39%	
GOCC_APICOLATERAL_PLASMA_MEMBRANE	GOCC_APICOLATERAL_PLASMA_MEMBRANE		22	-0.56496984	-1.4225186	0.06440678	0.25365436	1.0	2699	tags=45%, list=14%, signal=53%	
GOBP_MEIOTIC_SPINDLE_ORGANIZATION	GOBP_MEIOTIC_SPINDLE_ORGANIZATION		17	-0.58956546	-1.4223354	0.04204753	0.2535442	1.0	2525	tags=35%, list=13%, signal=41%	
GOBP_MORPHOGENESIS_OF_AN_EPITHELIAL_FOLD	GOBP_MORPHOGENESIS_OF_AN_EPITHELIAL_FOLD		22	-0.57049346	-1.4222645	0.049910873	0.25325152	1.0	1403	tags=27%, list=7%, signal=29%	
GOBP_CELL_DIFFERENTIATION_INVOLVED_IN_KIDNEY_DEVELOPMENT	GOBP_CELL_DIFFERENTIATION_INVOLVED_IN_KIDNEY_DEVELOPMENT		58	-0.4686518	-1.4220788	0.03548387	0.25314575	1.0	3005	tags=36%, list=15%, signal=43%	
GOBP_ENDOTHELIAL_CELL_APOPTOTIC_PROCESS	GOBP_ENDOTHELIAL_CELL_APOPTOTIC_PROCESS		58	-0.47690484	-1.4220191	0.045161292	0.25284234	1.0	3330	tags=36%, list=17%, signal=44%	
GOBP_POSITIVE_REGULATION_OF_MULTICELLULAR_ORGANISM_GROWTH	GOBP_POSITIVE_REGULATION_OF_MULTICELLULAR_ORGANISM_GROWTH		31	-0.53831846	-1.4213008	0.055194806	0.2537701	1.0	1934	tags=26%, list=10%, signal=29%	
GOBP_ESTABLISHMENT_OF_EPITHELIAL_CELL_POLARITY	GOBP_ESTABLISHMENT_OF_EPITHELIAL_CELL_POLARITY		33	-0.52088404	-1.4209151	0.04769737	0.25410232	1.0	3304	tags=45%, list=17%, signal=55%	
GOBP_DIGESTIVE_TRACT_MORPHOGENESIS	GOBP_DIGESTIVE_TRACT_MORPHOGENESIS		46	-0.49122357	-1.4208553	0.04383117	0.25378412	1.0	2212	tags=26%, list=11%, signal=29%	
GOBP_POSITIVE_REGULATION_OF_EPIDERMIS_DEVELOPMENT	GOBP_POSITIVE_REGULATION_OF_EPIDERMIS_DEVELOPMENT		26	-0.5437322	-1.4207557	0.068561874	0.2535515	1.0	3996	tags=58%, list=21%, signal=73%	
GOBP_CELL_CELL_ADHESION_MEDIATED_BY_CADHERIN	GOBP_CELL_CELL_ADHESION_MEDIATED_BY_CADHERIN		48	-0.490438	-1.4202416	0.04375	0.25407994	1.0	4286	tags=40%, list=22%, signal=51%	
GOBP_NEUTRAL_AMINO_ACID_TRANSPORT	GOBP_NEUTRAL_AMINO_ACID_TRANSPORT		56	-0.4670931	-1.4199611	0.044025157	0.25417107	1.0	1830	tags=23%, list=9%, signal=26%	
GOMF_MODIFIED_AMINO_ACID_BINDING	GOMF_MODIFIED_AMINO_ACID_BINDING		94	-0.43388996	-1.4194738	0.01972686	0.2547294	1.0	2036	tags=21%, list=10%, signal=24%	
GOBP_REGULATION_OF_MONOCYTE_DIFFERENTIATION	GOBP_REGULATION_OF_MONOCYTE_DIFFERENTIATION		19	-0.5821418	-1.419012	0.081850536	0.25519076	1.0	345	tags=16%, list=2%, signal=16%	
GOBP_RENAL_SYSTEM_DEVELOPMENT	GOBP_RENAL_SYSTEM_DEVELOPMENT		324	-0.3776135	-1.4184873	0.0012562814	0.2557769	1.0	3041	tags=26%, list=16%, signal=31%	
GOBP_POSITIVE_REGULATION_OF_ENDOCYTOSIS	GOBP_POSITIVE_REGULATION_OF_ENDOCYTOSIS		150	-0.4107529	-1.4180467	0.014265335	0.2562262	1.0	2407	tags=23%, list=12%, signal=26%	
GOBP_BIOMINERAL_TISSUE_DEVELOPMENT	GOBP_BIOMINERAL_TISSUE_DEVELOPMENT		170	-0.40397763	-1.417931	0.009985735	0.2559982	1.0	1498	tags=19%, list=8%, signal=20%	
GOBP_RESPONSE_TO_LEUKEMIA_INHIBITORY_FACTOR	GOBP_RESPONSE_TO_LEUKEMIA_INHIBITORY_FACTOR		96	-0.42962047	-1.4178764	0.016975308	0.25568703	1.0	3925	tags=31%, list=20%, signal=39%	
GOBP_REGULATION_OF_HAIR_CYCLE	GOBP_REGULATION_OF_HAIR_CYCLE		28	-0.5323553	-1.4178746	0.058528427	0.25525612	1.0	831	tags=21%, list=4%, signal=22%	
GOBP_MEIOTIC_CHROMOSOME_SEGREGATION	GOBP_MEIOTIC_CHROMOSOME_SEGREGATION		80	-0.44496566	-1.4177086	0.025	0.25514042	1.0	3170	tags=28%, list=16%, signal=33%	
GOBP_SISTER_CHROMATID_SEGREGATION	GOBP_SISTER_CHROMATID_SEGREGATION		222	-0.39334208	-1.4174098	0.0053475937	0.255321	1.0	5130	tags=41%, list=26%, signal=55%	
GOBP_CARDIAC_CONDUCTION_SYSTEM_DEVELOPMENT	GOBP_CARDIAC_CONDUCTION_SYSTEM_DEVELOPMENT		37	-0.49687406	-1.4171908	0.057093427	0.25534862	1.0	3325	tags=35%, list=17%, signal=42%	
GOBP_SKELETAL_MUSCLE_ORGAN_DEVELOPMENT	GOBP_SKELETAL_MUSCLE_ORGAN_DEVELOPMENT		176	-0.39954337	-1.4170188	0.011034483	0.2552728	1.0	2707	tags=23%, list=14%, signal=26%	
GOBP_B_CELL_PROLIFERATION	GOBP_B_CELL_PROLIFERATION		103	-0.42750052	-1.4168811	0.016442452	0.2550894	1.0	3813	tags=34%, list=20%, signal=42%	
GOBP_REGULATION_OF_ERBB_SIGNALING_PATHWAY	GOBP_REGULATION_OF_ERBB_SIGNALING_PATHWAY		68	-0.45471114	-1.4165967	0.02992126	0.25518996	1.0	4331	tags=34%, list=22%, signal=43%	
GOBP_POSITIVE_REGULATION_OF_LEUKOCYTE_MIGRATION	GOBP_POSITIVE_REGULATION_OF_LEUKOCYTE_MIGRATION		146	-0.4096082	-1.4161769	0.0057306592	0.25560936	1.0	2535	tags=27%, list=13%, signal=31%	
GOBP_REGULATION_OF_EPITHELIAL_CELL_MIGRATION	GOBP_REGULATION_OF_EPITHELIAL_CELL_MIGRATION		220	-0.38859156	-1.414757	0.005540166	0.25785732	1.0	3280	tags=28%, list=17%, signal=33%	
GOBP_POSITIVE_REGULATION_OF_TRANSFERASE_ACTIVITY	GOBP_POSITIVE_REGULATION_OF_TRANSFERASE_ACTIVITY		346	-0.3761732	-1.4146099	0.0012642225	0.2576672	1.0	3033	tags=25%, list=16%, signal=29%	
GOBP_REGULATION_OF_CHROMOSOME_SEGREGATION	GOBP_REGULATION_OF_CHROMOSOME_SEGREGATION		126	-0.4160485	-1.4143417	0.014204546	0.25774845	1.0	4121	tags=34%, list=21%, signal=43%	
GOBP_SODIUM_ION_TRANSPORT	GOBP_SODIUM_ION_TRANSPORT		242	-0.38490462	-1.4135596	0.006535948	0.2588948	1.0	3057	tags=20%, list=16%, signal=23%	
GOBP_CRANIAL_NERVE_MORPHOGENESIS	GOBP_CRANIAL_NERVE_MORPHOGENESIS		31	-0.5329729	-1.4127905	0.063897766	0.25987202	1.0	3039	tags=32%, list=16%, signal=38%	
GOBP_POSITIVE_REGULATION_OF_NOTCH_SIGNALING_PATHWAY	GOBP_POSITIVE_REGULATION_OF_NOTCH_SIGNALING_PATHWAY		43	-0.49476314	-1.4116744	0.062801935	0.26153225	1.0	3325	tags=37%, list=17%, signal=45%	
GOBP_ESTABLISHMENT_OR_MAINTENANCE_OF_CELL_POLARITY	GOBP_ESTABLISHMENT_OR_MAINTENANCE_OF_CELL_POLARITY		218	-0.3900899	-1.4115018	0.005312085	0.26142457	1.0	4122	tags=33%, list=21%, signal=42%	
GOBP_POSITIVE_REGULATION_OF_DNA_BIOSYNTHETIC_PROCESS	GOBP_POSITIVE_REGULATION_OF_DNA_BIOSYNTHETIC_PROCESS		68	-0.45383877	-1.4110115	0.032863848	0.2619404	1.0	2895	tags=28%, list=15%, signal=33%	
GOBP_RESPONSE_TO_CHEMOKINE	GOBP_RESPONSE_TO_CHEMOKINE		94	-0.43111902	-1.4107178	0.020895522	0.26210707	1.0	2413	tags=23%, list=12%, signal=27%	
GOBP_WATER_SOLUBLE_VITAMIN_METABOLIC_PROCESS	GOBP_WATER_SOLUBLE_VITAMIN_METABOLIC_PROCESS		60	-0.4575461	-1.4097071	0.04568528	0.26375327	1.0	2040	tags=28%, list=11%, signal=32%	
GOBP_RESPONSE_TO_PROSTAGLANDIN_E	GOBP_RESPONSE_TO_PROSTAGLANDIN_E		25	-0.54244703	-1.4095174	0.06818182	0.2637365	1.0	2356	tags=28%, list=12%, signal=32%	
GOBP_NEGATIVE_REGULATION_OF_IMMUNE_SYSTEM_PROCESS	GOBP_NEGATIVE_REGULATION_OF_IMMUNE_SYSTEM_PROCESS		481	-0.3686571	-1.4094733	0.0012033695	0.2633833	1.0	3339	tags=28%, list=17%, signal=33%	
GOBP_CELLULAR_RESPONSE_TO_PROSTAGLANDIN_E_STIMULUS	GOBP_CELLULAR_RESPONSE_TO_PROSTAGLANDIN_E_STIMULUS		16	-0.59272665	-1.4092804	0.083333336	0.26329035	1.0	4878	tags=50%, list=25%, signal=67%	
GOBP_ENDOCYTIC_RECYCLING	GOBP_ENDOCYTIC_RECYCLING		76	-0.4432973	-1.4091532	0.038880248	0.26311556	1.0	3965	tags=36%, list=20%, signal=44%	
GOBP_ESTABLISHMENT_OF_CELL_POLARITY	GOBP_ESTABLISHMENT_OF_CELL_POLARITY		148	-0.41012257	-1.4090637	0.018413598	0.26283893	1.0	4095	tags=36%, list=21%, signal=46%	
GOBP_OPSONIZATION	GOBP_OPSONIZATION		17	-0.59148735	-1.4086198	0.08797128	0.2633105	1.0	2200	tags=35%, list=11%, signal=40%	
GOBP_PRODUCTION_OF_MOLECULAR_MEDIATOR_INVOLVED_IN_INFLAMMATORY_RESPONSE	GOBP_PRODUCTION_OF_MOLECULAR_MEDIATOR_INVOLVED_IN_INFLAMMATORY_RESPONSE		85	-0.4356951	-1.4083092	0.023076924	0.2635022	1.0	2200	tags=22%, list=11%, signal=25%	
GOBP_VITAMIN_D_METABOLIC_PROCESS	GOBP_VITAMIN_D_METABOLIC_PROCESS		21	-0.5693182	-1.4081209	0.07826087	0.26341718	1.0	2879	tags=33%, list=15%, signal=39%	
GOBP_ACTIVATION_OF_PROTEIN_KINASE_ACTIVITY	GOBP_ACTIVATION_OF_PROTEIN_KINASE_ACTIVITY		75	-0.4433277	-1.4077942	0.033690657	0.2636243	1.0	2256	tags=20%, list=12%, signal=23%	
GOCC_RECEPTOR_COMPLEX	GOCC_RECEPTOR_COMPLEX		397	-0.37253973	-1.4075876	0.0	0.2636289	1.0	2573	tags=22%, list=13%, signal=25%	
GOBP_HEPATICOBILIARY_SYSTEM_DEVELOPMENT	GOBP_HEPATICOBILIARY_SYSTEM_DEVELOPMENT		145	-0.4047344	-1.4070897	0.00862069	0.26416487	1.0	2506	tags=23%, list=13%, signal=27%	
GOMF_HISTONE_DEACETYLASE_BINDING	GOMF_HISTONE_DEACETYLASE_BINDING		121	-0.4175179	-1.4070066	0.03313253	0.26389453	1.0	3101	tags=26%, list=16%, signal=31%	
GOBP_EMBRYONIC_FORELIMB_MORPHOGENESIS	GOBP_EMBRYONIC_FORELIMB_MORPHOGENESIS		33	-0.51648587	-1.4067175	0.05210084	0.26401496	1.0	934	tags=24%, list=5%, signal=25%	
GOBP_NEGATIVE_REGULATION_OF_OSSIFICATION	GOBP_NEGATIVE_REGULATION_OF_OSSIFICATION		37	-0.5002276	-1.4067119	0.065436244	0.26360232	1.0	981	tags=16%, list=5%, signal=17%	
GOBP_RESPONSE_TO_MAGNESIUM_ION	GOBP_RESPONSE_TO_MAGNESIUM_ION		20	-0.5768627	-1.4062972	0.09507042	0.26393908	1.0	909	tags=20%, list=5%, signal=21%	
GOBP_REGULATION_OF_CELL_SHAPE	GOBP_REGULATION_OF_CELL_SHAPE		127	-0.4098414	-1.4055935	0.017416546	0.26483467	1.0	3602	tags=35%, list=19%, signal=42%	
GOBP_REGULATION_OF_SISTER_CHROMATID_SEGREGATION	GOBP_REGULATION_OF_SISTER_CHROMATID_SEGREGATION		102	-0.41695035	-1.4053448	0.02739726	0.2649248	1.0	4803	tags=41%, list=25%, signal=54%	
GOMF_STEROID_DEHYDROGENASE_ACTIVITY	GOMF_STEROID_DEHYDROGENASE_ACTIVITY		37	-0.5030692	-1.4050709	0.06188925	0.26500693	1.0	237	tags=14%, list=1%, signal=14%	
GOBP_POSITIVE_REGULATION_OF_PROTEIN_DEPOLYMERIZATION	GOBP_POSITIVE_REGULATION_OF_PROTEIN_DEPOLYMERIZATION		17	-0.5845653	-1.4047087	0.076642334	0.26525944	1.0	1870	tags=35%, list=10%, signal=39%	
GOBP_LEUKOCYTE_ADHESION_TO_VASCULAR_ENDOTHELIAL_CELL	GOBP_LEUKOCYTE_ADHESION_TO_VASCULAR_ENDOTHELIAL_CELL		48	-0.47864813	-1.4045885	0.05263158	0.26506466	1.0	2806	tags=29%, list=14%, signal=34%	
GOBP_PROSTATE_GLAND_MORPHOGENESIS	GOBP_PROSTATE_GLAND_MORPHOGENESIS		27	-0.5336892	-1.4045742	0.0625	0.2646649	1.0	914	tags=22%, list=5%, signal=23%	
GOBP_MICROTUBULE_POLYMERIZATION_OR_DEPOLYMERIZATION	GOBP_MICROTUBULE_POLYMERIZATION_OR_DEPOLYMERIZATION		127	-0.41318974	-1.4045079	0.012482663	0.26437792	1.0	3358	tags=30%, list=17%, signal=36%	
GOMF_SERINE_TYPE_ENDOPEPTIDASE_INHIBITOR_ACTIVITY	GOMF_SERINE_TYPE_ENDOPEPTIDASE_INHIBITOR_ACTIVITY		93	-0.4322985	-1.4044478	0.01925926	0.26407048	1.0	2009	tags=18%, list=10%, signal=20%	
GOBP_PULMONARY_VALVE_DEVELOPMENT	GOBP_PULMONARY_VALVE_DEVELOPMENT		24	-0.53611535	-1.4042053	0.081494056	0.26413915	1.0	2558	tags=42%, list=13%, signal=48%	
GOBP_CATECHOL_CONTAINING_COMPOUND_BIOSYNTHETIC_PROCESS	GOBP_CATECHOL_CONTAINING_COMPOUND_BIOSYNTHETIC_PROCESS		20	-0.57779264	-1.404034	0.06469501	0.2640535	1.0	2895	tags=45%, list=15%, signal=53%	
GOCC_TERTIARY_GRANULE_LUMEN	GOCC_TERTIARY_GRANULE_LUMEN		53	-0.46757045	-1.4038044	0.05511811	0.26412082	1.0	2488	tags=25%, list=13%, signal=28%	
GOMF_OXIDOREDUCTASE_ACTIVITY_ACTING_ON_NAD_P_H_OXYGEN_AS_ACCEPTOR	GOMF_OXIDOREDUCTASE_ACTIVITY_ACTING_ON_NAD_P_H_OXYGEN_AS_ACCEPTOR		16	-0.59462565	-1.4032784	0.07388316	0.264783	1.0	1970	tags=31%, list=10%, signal=35%	
GOBP_RENAL_SYSTEM_VASCULATURE_DEVELOPMENT	GOBP_RENAL_SYSTEM_VASCULATURE_DEVELOPMENT		32	-0.52803886	-1.4029975	0.07496013	0.26490632	1.0	2658	tags=44%, list=14%, signal=51%	
GOBP_VENTRICULAR_SEPTUM_MORPHOGENESIS	GOBP_VENTRICULAR_SEPTUM_MORPHOGENESIS		40	-0.5024015	-1.4029416	0.061990213	0.26460072	1.0	2301	tags=28%, list=12%, signal=31%	
GOBP_EMBRYONIC_CAMERA_TYPE_EYE_DEVELOPMENT	GOBP_EMBRYONIC_CAMERA_TYPE_EYE_DEVELOPMENT		37	-0.50578725	-1.4027413	0.065989845	0.26458246	1.0	1944	tags=27%, list=10%, signal=30%	
GOBP_MIDBRAIN_DOPAMINERGIC_NEURON_DIFFERENTIATION	GOBP_MIDBRAIN_DOPAMINERGIC_NEURON_DIFFERENTIATION		16	-0.6004406	-1.4012018	0.08377896	0.26730108	1.0	1144	tags=31%, list=6%, signal=33%	
GOMF_CYCLIN_DEPENDENT_PROTEIN_SERINE_THREONINE_KINASE_REGULATOR_ACTIVITY	GOMF_CYCLIN_DEPENDENT_PROTEIN_SERINE_THREONINE_KINASE_REGULATOR_ACTIVITY		45	-0.47588506	-1.4011164	0.068471335	0.26705068	1.0	1812	tags=22%, list=9%, signal=24%	
GOBP_NEGATIVE_REGULATION_OF_CELL_CYCLE_G2_M_PHASE_TRANSITION	GOBP_NEGATIVE_REGULATION_OF_CELL_CYCLE_G2_M_PHASE_TRANSITION		60	-0.45901737	-1.4009244	0.04552352	0.26698783	1.0	3435	tags=32%, list=18%, signal=38%	
GOBP_I_KAPPAB_PHOSPHORYLATION	GOBP_I_KAPPAB_PHOSPHORYLATION		15	-0.6114985	-1.4003798	0.092057765	0.2676673	1.0	2466	tags=40%, list=13%, signal=46%	
GOCC_CHLORIDE_CHANNEL_COMPLEX	GOCC_CHLORIDE_CHANNEL_COMPLEX		53	-0.4743003	-1.399996	0.04347826	0.26804063	1.0	960	tags=13%, list=5%, signal=14%	
GOBP_PHAGOCYTOSIS_RECOGNITION	GOBP_PHAGOCYTOSIS_RECOGNITION		29	-0.5333478	-1.3998444	0.05308219	0.2679181	1.0	2332	tags=34%, list=12%, signal=39%	
GOBP_SODIUM_ION_IMPORT_ACROSS_PLASMA_MEMBRANE	GOBP_SODIUM_ION_IMPORT_ACROSS_PLASMA_MEMBRANE		23	-0.550893	-1.399661	0.055652175	0.26786587	1.0	2566	tags=22%, list=13%, signal=25%	
GOBP_STABILIZATION_OF_MEMBRANE_POTENTIAL	GOBP_STABILIZATION_OF_MEMBRANE_POTENTIAL		17	-0.5783443	-1.3996552	0.10880829	0.26747066	1.0	1342	tags=24%, list=7%, signal=25%	
GOMF_TRANSMEMBRANE_RECEPTOR_PROTEIN_SERINE_THREONINE_KINASE_BINDING	GOMF_TRANSMEMBRANE_RECEPTOR_PROTEIN_SERINE_THREONINE_KINASE_BINDING		21	-0.56378734	-1.3992586	0.08233276	0.26785257	1.0	1092	tags=24%, list=6%, signal=25%	
GOBP_POSITIVE_REGULATION_OF_APOPTOTIC_SIGNALING_PATHWAY	GOBP_POSITIVE_REGULATION_OF_APOPTOTIC_SIGNALING_PATHWAY		131	-0.4149802	-1.3988895	0.019607844	0.2681973	1.0	1555	tags=16%, list=8%, signal=17%	
GOBP_REGULATION_OF_NOTCH_SIGNALING_PATHWAY	GOBP_REGULATION_OF_NOTCH_SIGNALING_PATHWAY		88	-0.4309038	-1.3988465	0.036363635	0.26785517	1.0	3392	tags=30%, list=17%, signal=36%	
GOBP_HORMONE_MEDIATED_SIGNALING_PATHWAY	GOBP_HORMONE_MEDIATED_SIGNALING_PATHWAY		191	-0.39185405	-1.3987788	0.0083916085	0.26757073	1.0	1410	tags=12%, list=7%, signal=13%	
GOBP_NEGATIVE_REGULATION_OF_LOCOMOTION	GOBP_NEGATIVE_REGULATION_OF_LOCOMOTION		306	-0.37322035	-1.3984128	0.0061652283	0.267932	1.0	3169	tags=27%, list=16%, signal=32%	
GOBP_POSITIVE_REGULATION_OF_KINASE_ACTIVITY	GOBP_POSITIVE_REGULATION_OF_KINASE_ACTIVITY		276	-0.38020572	-1.398004	0.0038659794	0.26837456	1.0	2362	tags=21%, list=12%, signal=24%	
GOBP_POSITIVE_REGULATION_OF_LYMPHOCYTE_MIGRATION	GOBP_POSITIVE_REGULATION_OF_LYMPHOCYTE_MIGRATION		41	-0.4911692	-1.3975635	0.050933786	0.26883003	1.0	2529	tags=32%, list=13%, signal=36%	
GOBP_STEM_CELL_DIFFERENTIATION	GOBP_STEM_CELL_DIFFERENTIATION		237	-0.38529825	-1.3971851	0.0040871934	0.26919597	1.0	2712	tags=24%, list=14%, signal=28%	
GOBP_REACTIVE_OXYGEN_SPECIES_METABOLIC_PROCESS	GOBP_REACTIVE_OXYGEN_SPECIES_METABOLIC_PROCESS		218	-0.38846624	-1.397184	0.00811908	0.268785	1.0	2643	tags=23%, list=14%, signal=27%	
GOBP_REGULATION_OF_ACTIN_FILAMENT_BASED_MOVEMENT	GOBP_REGULATION_OF_ACTIN_FILAMENT_BASED_MOVEMENT		40	-0.49327683	-1.3964957	0.072463766	0.26974472	1.0	2805	tags=35%, list=14%, signal=41%	
GOBP_SKELETAL_SYSTEM_MORPHOGENESIS	GOBP_SKELETAL_SYSTEM_MORPHOGENESIS		219	-0.38263425	-1.3961998	0.014705882	0.26987743	1.0	2827	tags=25%, list=15%, signal=29%	
GOBP_EXTERNAL_ENCAPSULATING_STRUCTURE_ORGANIZATION	GOBP_EXTERNAL_ENCAPSULATING_STRUCTURE_ORGANIZATION		318	-0.37100342	-1.39583	0.0088495575	0.27024436	1.0	2488	tags=25%, list=13%, signal=28%	
GOBP_LONG_CHAIN_FATTY_ACID_TRANSPORT	GOBP_LONG_CHAIN_FATTY_ACID_TRANSPORT		65	-0.44676948	-1.3954611	0.04290429	0.27058786	1.0	2542	tags=26%, list=13%, signal=30%	
GOBP_THYROID_HORMONE_GENERATION	GOBP_THYROID_HORMONE_GENERATION		23	-0.5550443	-1.3948263	0.07445008	0.27149132	1.0	2506	tags=30%, list=13%, signal=35%	
GOBP_POSITIVE_REGULATION_OF_IMMUNE_EFFECTOR_PROCESS	GOBP_POSITIVE_REGULATION_OF_IMMUNE_EFFECTOR_PROCESS		251	-0.38034216	-1.3946438	0.009247027	0.27143764	1.0	3339	tags=31%, list=17%, signal=37%	
GOBP_REGULATION_OF_EMBRYONIC_DEVELOPMENT	GOBP_REGULATION_OF_EMBRYONIC_DEVELOPMENT		87	-0.42653903	-1.3945465	0.023291925	0.2712257	1.0	3029	tags=29%, list=16%, signal=34%	
GOBP_CELL_DIFFERENTIATION_INVOLVED_IN_METANEPHROS_DEVELOPMENT	GOBP_CELL_DIFFERENTIATION_INVOLVED_IN_METANEPHROS_DEVELOPMENT		22	-0.56084174	-1.394448	0.0992647	0.27101153	1.0	2468	tags=32%, list=13%, signal=36%	
GOBP_REGULATION_OF_GRANULOCYTE_CHEMOTAXIS	GOBP_REGULATION_OF_GRANULOCYTE_CHEMOTAXIS		50	-0.47208214	-1.3938309	0.046875	0.2718809	1.0	2535	tags=34%, list=13%, signal=39%	
GOBP_MITOTIC_SISTER_CHROMATID_SEGREGATION	GOBP_MITOTIC_SISTER_CHROMATID_SEGREGATION		183	-0.39066777	-1.393321	0.011968086	0.2724541	1.0	3487	tags=28%, list=18%, signal=34%	
GOBP_ESTABLISHMENT_OR_MAINTENANCE_OF_BIPOLAR_CELL_POLARITY	GOBP_ESTABLISHMENT_OR_MAINTENANCE_OF_BIPOLAR_CELL_POLARITY		56	-0.46245027	-1.3932604	0.03291536	0.27214584	1.0	4026	tags=39%, list=21%, signal=49%	
GOBP_REGULATION_OF_BONE_RESORPTION	GOBP_REGULATION_OF_BONE_RESORPTION		43	-0.4854348	-1.3922762	0.070063695	0.27367324	1.0	3337	tags=37%, list=17%, signal=45%	
GOBP_MYOBLAST_FUSION	GOBP_MYOBLAST_FUSION		45	-0.4851325	-1.3922291	0.055737704	0.2733736	1.0	733	tags=16%, list=4%, signal=16%	
GOBP_SUPEROXIDE_ANION_GENERATION	GOBP_SUPEROXIDE_ANION_GENERATION		41	-0.4940246	-1.3920867	0.05509182	0.27323154	1.0	3436	tags=41%, list=18%, signal=50%	
GOBP_NOTOCHORD_DEVELOPMENT	GOBP_NOTOCHORD_DEVELOPMENT		19	-0.5742935	-1.3917985	0.08362369	0.2733658	1.0	1500	tags=21%, list=8%, signal=23%	
GOBP_RESPIRATORY_SYSTEM_DEVELOPMENT	GOBP_RESPIRATORY_SYSTEM_DEVELOPMENT		216	-0.3833003	-1.3915162	0.010899182	0.27349192	1.0	2493	tags=23%, list=13%, signal=26%	
GOBP_RESPONSE_TO_INTERFERON_BETA	GOBP_RESPONSE_TO_INTERFERON_BETA		29	-0.51020396	-1.391459	0.06844741	0.27318662	1.0	4315	tags=41%, list=22%, signal=53%	
GOMF_CHEMOKINE_ACTIVITY	GOMF_CHEMOKINE_ACTIVITY		46	-0.4770114	-1.3914578	0.052117262	0.27278382	1.0	2356	tags=30%, list=12%, signal=35%	
GOBP_KIDNEY_MORPHOGENESIS	GOBP_KIDNEY_MORPHOGENESIS		97	-0.42686987	-1.3906215	0.025039123	0.2740702	1.0	3706	tags=35%, list=19%, signal=43%	
GOBP_EMBRYONIC_HINDLIMB_MORPHOGENESIS	GOBP_EMBRYONIC_HINDLIMB_MORPHOGENESIS		28	-0.51871544	-1.3903755	0.07081174	0.27406403	1.0	1066	tags=29%, list=5%, signal=30%	
GOBP_REGULATION_OF_LEUKOCYTE_PROLIFERATION	GOBP_REGULATION_OF_LEUKOCYTE_PROLIFERATION		256	-0.37729988	-1.3898029	0.0012836971	0.2748135	1.0	2433	tags=26%, list=13%, signal=30%	
GOBP_REGULATION_OF_PEPTIDYL_SERINE_PHOSPHORYLATION	GOBP_REGULATION_OF_PEPTIDYL_SERINE_PHOSPHORYLATION		114	-0.41673183	-1.3897269	0.041420117	0.27453622	1.0	3813	tags=30%, list=20%, signal=37%	
GOBP_NEGATIVE_REGULATION_OF_CYSTEINE_TYPE_ENDOPEPTIDASE_ACTIVITY_INVOLVED_IN_APOPTOTIC_PROCESS	GOBP_NEGATIVE_REGULATION_OF_CYSTEINE_TYPE_ENDOPEPTIDASE_ACTIVITY_INVOLVED_IN_APOPTOTIC_PROCESS		47	-0.47188342	-1.3896285	0.052718285	0.2743199	1.0	831	tags=13%, list=4%, signal=13%	
GOBP_REGULATION_OF_B_CELL_DIFFERENTIATION	GOBP_REGULATION_OF_B_CELL_DIFFERENTIATION		34	-0.503398	-1.3889189	0.06840391	0.27528742	1.0	3814	tags=41%, list=20%, signal=51%	
GOMF_DNA_BINDING_TRANSCRIPTION_ACTIVATOR_ACTIVITY	GOMF_DNA_BINDING_TRANSCRIPTION_ACTIVATOR_ACTIVITY		463	-0.36020356	-1.388787	0.0	0.27514517	1.0	2712	tags=19%, list=14%, signal=22%	
GOBP_CELL_CELL_JUNCTION_ORGANIZATION	GOBP_CELL_CELL_JUNCTION_ORGANIZATION		206	-0.38464773	-1.3887323	0.0138696255	0.27483192	1.0	3727	tags=34%, list=19%, signal=42%	
GOBP_AMINOGLYCAN_CATABOLIC_PROCESS	GOBP_AMINOGLYCAN_CATABOLIC_PROCESS		32	-0.51659006	-1.3886324	0.06394316	0.2746414	1.0	1874	tags=25%, list=10%, signal=28%	
GOBP_REGULATION_OF_JNK_CASCADE	GOBP_REGULATION_OF_JNK_CASCADE		136	-0.405267	-1.3881786	0.022630835	0.27512464	1.0	2904	tags=26%, list=15%, signal=31%	
GOBP_FAT_CELL_DIFFERENTIATION	GOBP_FAT_CELL_DIFFERENTIATION		229	-0.38272116	-1.3880199	0.014705882	0.27507672	1.0	2755	tags=25%, list=14%, signal=29%	
GOBP_PYRIDINE_NUCLEOTIDE_BIOSYNTHETIC_PROCESS	GOBP_PYRIDINE_NUCLEOTIDE_BIOSYNTHETIC_PROCESS		28	-0.5179938	-1.3879027	0.071301244	0.27490792	1.0	2694	tags=32%, list=14%, signal=37%	
GOMF_EXOGENOUS_PROTEIN_BINDING	GOMF_EXOGENOUS_PROTEIN_BINDING		81	-0.43499827	-1.3875444	0.037037037	0.27522624	1.0	2777	tags=28%, list=14%, signal=33%	
GOBP_EAR_DEVELOPMENT	GOBP_EAR_DEVELOPMENT		217	-0.3831888	-1.3870881	0.012328767	0.27577358	1.0	2212	tags=20%, list=11%, signal=22%	
GOBP_NEGATIVE_REGULATION_OF_AUTOPHAGY	GOBP_NEGATIVE_REGULATION_OF_AUTOPHAGY		88	-0.4264268	-1.3868866	0.041925468	0.2757725	1.0	4405	tags=36%, list=23%, signal=47%	
GOBP_VASCULAR_ASSOCIATED_SMOOTH_MUSCLE_CELL_DIFFERENTIATION	GOBP_VASCULAR_ASSOCIATED_SMOOTH_MUSCLE_CELL_DIFFERENTIATION		29	-0.52691096	-1.3868693	0.06993007	0.2754148	1.0	2902	tags=38%, list=15%, signal=45%	
GOBP_NEGATIVE_REGULATION_OF_CHROMOSOME_SEGREGATION	GOBP_NEGATIVE_REGULATION_OF_CHROMOSOME_SEGREGATION		50	-0.4678399	-1.3863535	0.0601626	0.27603722	1.0	4336	tags=44%, list=22%, signal=56%	
GOBP_ASTROCYTE_DEVELOPMENT	GOBP_ASTROCYTE_DEVELOPMENT		41	-0.49664646	-1.3863081	0.06390328	0.27573514	1.0	1170	tags=22%, list=6%, signal=23%	
GOBP_APICAL_JUNCTION_ASSEMBLY	GOBP_APICAL_JUNCTION_ASSEMBLY		72	-0.44227389	-1.386257	0.05320814	0.27544746	1.0	2902	tags=32%, list=15%, signal=37%	
GOCC_COLLAGEN_CONTAINING_EXTRACELLULAR_MATRIX	GOCC_COLLAGEN_CONTAINING_EXTRACELLULAR_MATRIX		414	-0.3603779	-1.3850666	0.0012562814	0.27742827	1.0	2170	tags=20%, list=11%, signal=22%	
GOBP_DETECTION_OF_BACTERIUM	GOBP_DETECTION_OF_BACTERIUM		16	-0.5810746	-1.3845174	0.09090909	0.2781206	1.0	889	tags=25%, list=5%, signal=26%	
GOBP_PROTEIN_LOCALIZATION_TO_POSTSYNAPSE	GOBP_PROTEIN_LOCALIZATION_TO_POSTSYNAPSE		44	-0.48627993	-1.3842969	0.067398116	0.27815995	1.0	3640	tags=34%, list=19%, signal=42%	
GOBP_STRIATED_MUSCLE_CELL_DIFFERENTIATION	GOBP_STRIATED_MUSCLE_CELL_DIFFERENTIATION		288	-0.37582216	-1.3836776	0.009234829	0.27903727	1.0	2819	tags=24%, list=15%, signal=28%	
GOBP_NEGATIVE_REGULATION_OF_PHOSPHATIDYLINOSITOL_3_KINASE_PROTEIN_KINASE_B_SIGNAL_TRANSDUCTION	GOBP_NEGATIVE_REGULATION_OF_PHOSPHATIDYLINOSITOL_3_KINASE_PROTEIN_KINASE_B_SIGNAL_TRANSDUCTION		56	-0.46326023	-1.3835511	0.062200956	0.27887493	1.0	2958	tags=27%, list=15%, signal=32%	
GOMF_DNA_HELICASE_ACTIVITY	GOMF_DNA_HELICASE_ACTIVITY		55	-0.46471316	-1.3833039	0.0664557	0.27894458	1.0	2520	tags=22%, list=13%, signal=25%	
GOMF_STRUCTURAL_CONSTITUENT_OF_MUSCLE	GOMF_STRUCTURAL_CONSTITUENT_OF_MUSCLE		41	-0.4737823	-1.3832722	0.06020067	0.27861768	1.0	2601	tags=41%, list=13%, signal=48%	
GOBP_ATRIAL_SEPTUM_DEVELOPMENT	GOBP_ATRIAL_SEPTUM_DEVELOPMENT		21	-0.56865746	-1.3831941	0.09872029	0.27834392	1.0	2460	tags=29%, list=13%, signal=33%	
GOMF_STRUCTURAL_CONSTITUENT_OF_CYTOSKELETON	GOMF_STRUCTURAL_CONSTITUENT_OF_CYTOSKELETON		104	-0.41844288	-1.3830991	0.03549383	0.27811158	1.0	2444	tags=20%, list=13%, signal=23%	
GOBP_REGULATION_OF_CELLULAR_RESPONSE_TO_VASCULAR_ENDOTHELIAL_GROWTH_FACTOR_STIMULUS	GOBP_REGULATION_OF_CELLULAR_RESPONSE_TO_VASCULAR_ENDOTHELIAL_GROWTH_FACTOR_STIMULUS		24	-0.5404352	-1.3828684	0.08303249	0.27822366	1.0	2743	tags=38%, list=14%, signal=44%	
GOBP_POSITIVE_REGULATION_OF_MACROPHAGE_ACTIVATION	GOBP_POSITIVE_REGULATION_OF_MACROPHAGE_ACTIVATION		24	-0.537837	-1.3824191	0.08950086	0.2787328	1.0	604	tags=21%, list=3%, signal=21%	
GOBP_REGULATION_OF_NATURAL_KILLER_CELL_MEDIATED_IMMUNITY	GOBP_REGULATION_OF_NATURAL_KILLER_CELL_MEDIATED_IMMUNITY		53	-0.45777863	-1.3821406	0.051696286	0.27890494	1.0	2638	tags=30%, list=14%, signal=35%	
GOBP_XENOBIOTIC_TRANSPORT	GOBP_XENOBIOTIC_TRANSPORT		45	-0.47039613	-1.381788	0.06576729	0.27919263	1.0	1657	tags=22%, list=9%, signal=24%	
GOBP_EPIDERMIS_MORPHOGENESIS	GOBP_EPIDERMIS_MORPHOGENESIS		36	-0.4956145	-1.3815023	0.0855615	0.27936256	1.0	2212	tags=28%, list=11%, signal=31%	
GOCC_PHOTORECEPTOR_DISC_MEMBRANE	GOCC_PHOTORECEPTOR_DISC_MEMBRANE		22	-0.55801713	-1.3814669	0.09122203	0.27904442	1.0	3124	tags=23%, list=16%, signal=27%	
GOBP_FIBROBLAST_ACTIVATION	GOBP_FIBROBLAST_ACTIVATION		15	-0.6019441	-1.3814151	0.110516936	0.2787556	1.0	2040	tags=33%, list=11%, signal=37%	
GOBP_REGULATION_OF_MITOTIC_SISTER_CHROMATID_SEGREGATION	GOBP_REGULATION_OF_MITOTIC_SISTER_CHROMATID_SEGREGATION		54	-0.45747125	-1.3812321	0.04715447	0.278725	1.0	4803	tags=46%, list=25%, signal=61%	
GOMF_OXIDOREDUCTASE_ACTIVITY_ACTING_ON_SINGLE_DONORS_WITH_INCORPORATION_OF_MOLECULAR_OXYGEN	GOMF_OXIDOREDUCTASE_ACTIVITY_ACTING_ON_SINGLE_DONORS_WITH_INCORPORATION_OF_MOLECULAR_OXYGEN		25	-0.5310741	-1.3811296	0.07622504	0.27853656	1.0	2656	tags=28%, list=14%, signal=32%	
GOBP_ADAPTIVE_IMMUNE_RESPONSE	GOBP_ADAPTIVE_IMMUNE_RESPONSE		462	-0.35939437	-1.3807935	0.0011848342	0.27881306	1.0	3357	tags=29%, list=17%, signal=34%	
GOBP_RESPONSE_TO_FOOD	GOBP_RESPONSE_TO_FOOD		38	-0.4899154	-1.3806832	0.0625	0.27861598	1.0	385	tags=13%, list=2%, signal=13%	
GOBP_NEURAL_TUBE_FORMATION	GOBP_NEURAL_TUBE_FORMATION		100	-0.4167932	-1.3802627	0.027456647	0.27897096	1.0	1403	tags=17%, list=7%, signal=18%	
GOBP_REGULATION_OF_CELL_KILLING	GOBP_REGULATION_OF_CELL_KILLING		110	-0.40955177	-1.3790212	0.03628447	0.2810328	1.0	3287	tags=31%, list=17%, signal=37%	
GOBP_REGULATION_OF_CELL_CELL_ADHESION	GOBP_REGULATION_OF_CELL_CELL_ADHESION		473	-0.3563677	-1.3786924	0.0024390244	0.2812815	1.0	2593	tags=22%, list=13%, signal=25%	
GOBP_VASCULOGENESIS	GOBP_VASCULOGENESIS		78	-0.43478087	-1.3782521	0.04191617	0.2817126	1.0	2921	tags=31%, list=15%, signal=36%	
GOBP_REGULATION_OF_RECEPTOR_LOCALIZATION_TO_SYNAPSE	GOBP_REGULATION_OF_RECEPTOR_LOCALIZATION_TO_SYNAPSE		20	-0.5649518	-1.3777007	0.115523465	0.28242764	1.0	2563	tags=40%, list=13%, signal=46%	
GOBP_HEART_TRABECULA_MORPHOGENESIS	GOBP_HEART_TRABECULA_MORPHOGENESIS		32	-0.4985514	-1.3773403	0.067880794	0.28277132	1.0	2527	tags=34%, list=13%, signal=39%	
GOBP_DNA_REPLICATION	GOBP_DNA_REPLICATION		263	-0.37750196	-1.3767732	0.010376135	0.28351972	1.0	4098	tags=32%, list=21%, signal=40%	
GOBP_REGULATION_OF_LYMPHOCYTE_MEDIATED_IMMUNITY	GOBP_REGULATION_OF_LYMPHOCYTE_MEDIATED_IMMUNITY		182	-0.38980356	-1.3766676	0.012278308	0.28335327	1.0	2638	tags=26%, list=14%, signal=30%	
GOBP_ALANINE_TRANSPORT	GOBP_ALANINE_TRANSPORT		18	-0.5689826	-1.3766435	0.077057794	0.28300402	1.0	1608	tags=28%, list=8%, signal=30%	
GOBP_PULMONARY_VALVE_MORPHOGENESIS	GOBP_PULMONARY_VALVE_MORPHOGENESIS		20	-0.5749981	-1.3757823	0.06462585	0.28440094	1.0	2558	tags=50%, list=13%, signal=58%	
GOBP_INNATE_IMMUNE_RESPONSE_IN_MUCOSA	GOBP_INNATE_IMMUNE_RESPONSE_IN_MUCOSA		18	-0.56865877	-1.3756425	0.09243698	0.28426853	1.0	889	tags=22%, list=5%, signal=23%	
GOBP_MICROVILLUS_ASSEMBLY	GOBP_MICROVILLUS_ASSEMBLY		20	-0.55758274	-1.3755305	0.09557522	0.28408626	1.0	2719	tags=35%, list=14%, signal=41%	
GOBP_FOREBRAIN_NEURON_DIFFERENTIATION	GOBP_FOREBRAIN_NEURON_DIFFERENTIATION		41	-0.48183182	-1.3754354	0.06940063	0.28390992	1.0	2327	tags=20%, list=12%, signal=22%	
GOBP_RESPONSE_TO_CORTICOSTEROID	GOBP_RESPONSE_TO_CORTICOSTEROID		154	-0.394333	-1.375423	0.0125	0.2835436	1.0	1509	tags=19%, list=8%, signal=20%	
GOCC_CLATHRIN_COATED_ENDOCYTIC_VESICLE_MEMBRANE	GOCC_CLATHRIN_COATED_ENDOCYTIC_VESICLE_MEMBRANE		71	-0.43245938	-1.3754165	0.043956045	0.2831652	1.0	3042	tags=30%, list=16%, signal=35%	
GOBP_CHROMOSOME_SEGREGATION	GOBP_CHROMOSOME_SEGREGATION		391	-0.36215577	-1.3753313	0.0012239902	0.2829463	1.0	3736	tags=27%, list=19%, signal=33%	
GOMF_DNA_SECONDARY_STRUCTURE_BINDING	GOMF_DNA_SECONDARY_STRUCTURE_BINDING		38	-0.49707183	-1.3749344	0.06462585	0.2833556	1.0	4780	tags=42%, list=25%, signal=56%	
GOBP_CELL_CELL_JUNCTION_ASSEMBLY	GOBP_CELL_CELL_JUNCTION_ASSEMBLY		150	-0.39611813	-1.3746396	0.02991453	0.28354824	1.0	3727	tags=34%, list=19%, signal=42%	
GOBP_DORSAL_SPINAL_CORD_DEVELOPMENT	GOBP_DORSAL_SPINAL_CORD_DEVELOPMENT		19	-0.5563195	-1.374018	0.10873441	0.28445506	1.0	1854	tags=26%, list=10%, signal=29%	
GOBP_CD4_POSITIVE_ALPHA_BETA_T_CELL_ACTIVATION	GOBP_CD4_POSITIVE_ALPHA_BETA_T_CELL_ACTIVATION		120	-0.40357137	-1.3738757	0.035190616	0.28436926	1.0	3357	tags=29%, list=17%, signal=35%	
GOBP_ENDOTHELIUM_DEVELOPMENT	GOBP_ENDOTHELIUM_DEVELOPMENT		134	-0.40462974	-1.3736362	0.02259887	0.28445533	1.0	2706	tags=28%, list=14%, signal=32%	
GOBP_NEGATIVE_REGULATION_OF_INTRACELLULAR_STEROID_HORMONE_RECEPTOR_SIGNALING_PATHWAY	GOBP_NEGATIVE_REGULATION_OF_INTRACELLULAR_STEROID_HORMONE_RECEPTOR_SIGNALING_PATHWAY		35	-0.49657997	-1.3735658	0.073051944	0.28419927	1.0	180	tags=11%, list=1%, signal=12%	
GOMF_LONG_CHAIN_FATTY_ACID_COA_LIGASE_ACTIVITY	GOMF_LONG_CHAIN_FATTY_ACID_COA_LIGASE_ACTIVITY		15	-0.59327126	-1.3734213	0.08976661	0.28411987	1.0	764	tags=20%, list=4%, signal=21%	
GOBP_CHEMOSENSORY_BEHAVIOR	GOBP_CHEMOSENSORY_BEHAVIOR		18	-0.56591654	-1.373139	0.12230216	0.2843116	1.0	1066	tags=17%, list=5%, signal=18%	
GOBP_RESPONSE_TO_FUNGUS	GOBP_RESPONSE_TO_FUNGUS		66	-0.44661438	-1.372956	0.041731067	0.28432626	1.0	1161	tags=20%, list=6%, signal=21%	
GOCC_HISTONE_METHYLTRANSFERASE_COMPLEX	GOCC_HISTONE_METHYLTRANSFERASE_COMPLEX		67	-0.44163117	-1.3723625	0.03858521	0.2851326	1.0	4709	tags=40%, list=24%, signal=53%	
GOMF_HYALURONIC_ACID_BINDING	GOMF_HYALURONIC_ACID_BINDING		24	-0.5394917	-1.3723449	0.1	0.28479496	1.0	1734	tags=25%, list=9%, signal=27%	
GOBP_REGULATION_OF_SIGNALING_RECEPTOR_ACTIVITY	GOBP_REGULATION_OF_SIGNALING_RECEPTOR_ACTIVITY		88	-0.42290935	-1.3723444	0.040723983	0.28441158	1.0	1076	tags=14%, list=6%, signal=14%	
GOBP_NEGATIVE_REGULATION_OF_CYTOKINE_PRODUCTION	GOBP_NEGATIVE_REGULATION_OF_CYTOKINE_PRODUCTION		274	-0.37050024	-1.3721628	0.0065703024	0.28439918	1.0	3357	tags=28%, list=17%, signal=33%	
GOMF_SPHINGOLIPID_BINDING	GOMF_SPHINGOLIPID_BINDING		26	-0.5255926	-1.3721443	0.088652484	0.284047	1.0	1396	tags=23%, list=7%, signal=25%	
GOBP_REGULATION_OF_NUCLEAR_DIVISION	GOBP_REGULATION_OF_NUCLEAR_DIVISION		139	-0.39626816	-1.3719612	0.032258064	0.28405166	1.0	3690	tags=36%, list=19%, signal=44%	
GOCC_CYTOSOLIC_SMALL_RIBOSOMAL_SUBUNIT	GOCC_CYTOSOLIC_SMALL_RIBOSOMAL_SUBUNIT		42	-0.4818089	-1.3715745	0.07258064	0.2843833	1.0	425	tags=5%, list=2%, signal=5%	
GOMF_PEPTIDE_ANTIGEN_BINDING	GOMF_PEPTIDE_ANTIGEN_BINDING		35	-0.4859027	-1.3708646	0.07550336	0.28540266	1.0	1584	tags=26%, list=8%, signal=28%	
GOBP_MESENCHYMAL_CELL_PROLIFERATION	GOBP_MESENCHYMAL_CELL_PROLIFERATION		43	-0.47068903	-1.370316	0.065108515	0.28615367	1.0	1790	tags=26%, list=9%, signal=28%	
GOCC_SECONDARY_LYSOSOME	GOCC_SECONDARY_LYSOSOME		23	-0.5292493	-1.3698722	0.091065295	0.28664306	1.0	3285	tags=35%, list=17%, signal=42%	
GOBP_COCHLEA_DEVELOPMENT	GOBP_COCHLEA_DEVELOPMENT		48	-0.46696478	-1.3698157	0.07266983	0.2863511	1.0	3310	tags=27%, list=17%, signal=33%	
GOCC_CUL4_RING_E3_UBIQUITIN_LIGASE_COMPLEX	GOCC_CUL4_RING_E3_UBIQUITIN_LIGASE_COMPLEX		34	-0.5006478	-1.3690649	0.094076656	0.28743237	1.0	4670	tags=47%, list=24%, signal=62%	
GOBP_NEGATIVE_REGULATION_OF_BONE_MINERALIZATION	GOBP_NEGATIVE_REGULATION_OF_BONE_MINERALIZATION		17	-0.5716521	-1.3682134	0.09397163	0.28882053	1.0	981	tags=24%, list=5%, signal=25%	
GOMF_NUCLEAR_ANDROGEN_RECEPTOR_BINDING	GOMF_NUCLEAR_ANDROGEN_RECEPTOR_BINDING		26	-0.52246845	-1.368085	0.09228188	0.28864416	1.0	848	tags=12%, list=4%, signal=12%	
GOBP_REGULATION_OF_B_CELL_PROLIFERATION	GOBP_REGULATION_OF_B_CELL_PROLIFERATION		64	-0.43503207	-1.3672743	0.051359516	0.2898742	1.0	3813	tags=38%, list=20%, signal=47%	
GOBP_EMBRYO_IMPLANTATION	GOBP_EMBRYO_IMPLANTATION		54	-0.45513704	-1.3670278	0.03827751	0.2899803	1.0	2656	tags=26%, list=14%, signal=30%	
GOBP_REGULATION_OF_BIOMINERAL_TISSUE_DEVELOPMENT	GOBP_REGULATION_OF_BIOMINERAL_TISSUE_DEVELOPMENT		95	-0.42386806	-1.3667716	0.04054054	0.29015929	1.0	1498	tags=19%, list=8%, signal=20%	
GOBP_SYNCYTIUM_FORMATION	GOBP_SYNCYTIUM_FORMATION		61	-0.44892234	-1.3664056	0.059748426	0.29052877	1.0	733	tags=15%, list=4%, signal=15%	
GOBP_REGULATION_OF_WOUND_HEALING	GOBP_REGULATION_OF_WOUND_HEALING		125	-0.40280852	-1.366134	0.028735632	0.2906484	1.0	2677	tags=25%, list=14%, signal=29%	
GOBP_REGULATION_OF_FIBROBLAST_GROWTH_FACTOR_RECEPTOR_SIGNALING_PATHWAY	GOBP_REGULATION_OF_FIBROBLAST_GROWTH_FACTOR_RECEPTOR_SIGNALING_PATHWAY		33	-0.49601042	-1.3660271	0.074554294	0.2904669	1.0	2387	tags=27%, list=12%, signal=31%	
GOBP_OUTFLOW_TRACT_SEPTUM_MORPHOGENESIS	GOBP_OUTFLOW_TRACT_SEPTUM_MORPHOGENESIS		25	-0.5222689	-1.3654782	0.08135593	0.29120836	1.0	766	tags=20%, list=4%, signal=21%	
GOBP_POSITIVE_REGULATION_OF_OSTEOBLAST_DIFFERENTIATION	GOBP_POSITIVE_REGULATION_OF_OSTEOBLAST_DIFFERENTIATION		65	-0.44074228	-1.3650289	0.042386185	0.29168087	1.0	2558	tags=31%, list=13%, signal=35%	
GOBP_RESPONSE_TO_TRANSFORMING_GROWTH_FACTOR_BETA	GOBP_RESPONSE_TO_TRANSFORMING_GROWTH_FACTOR_BETA		257	-0.37205005	-1.3649079	0.009150327	0.29152247	1.0	2416	tags=21%, list=12%, signal=23%	
GOBP_NEURAL_CREST_CELL_DIFFERENTIATION	GOBP_NEURAL_CREST_CELL_DIFFERENTIATION		92	-0.4177977	-1.3648027	0.04585799	0.291371	1.0	2702	tags=28%, list=14%, signal=33%	
GOBP_OVULATION_CYCLE_PROCESS	GOBP_OVULATION_CYCLE_PROCESS		48	-0.4644177	-1.3642478	0.0640625	0.2921537	1.0	821	tags=17%, list=4%, signal=17%	
GOBP_POSITIVE_REGULATION_OF_INTERLEUKIN_12_PRODUCTION	GOBP_POSITIVE_REGULATION_OF_INTERLEUKIN_12_PRODUCTION		43	-0.48325875	-1.3640678	0.06677525	0.29212013	1.0	2356	tags=30%, list=12%, signal=34%	
GOBP_REGULATION_OF_RESPONSE_TO_FOOD	GOBP_REGULATION_OF_RESPONSE_TO_FOOD		16	-0.58234936	-1.3640616	0.109318994	0.29175022	1.0	265	tags=13%, list=1%, signal=13%	
GOBP_POSITIVE_REGULATION_OF_INTERLEUKIN_4_PRODUCTION	GOBP_POSITIVE_REGULATION_OF_INTERLEUKIN_4_PRODUCTION		26	-0.5210867	-1.3639743	0.07615894	0.29155684	1.0	2333	tags=38%, list=12%, signal=44%	
GOBP_EXOCRINE_SYSTEM_DEVELOPMENT	GOBP_EXOCRINE_SYSTEM_DEVELOPMENT		48	-0.45900244	-1.3638206	0.0752	0.29146677	1.0	1645	tags=25%, list=8%, signal=27%	
GOBP_REGULATION_OF_ANTIGEN_RECEPTOR_MEDIATED_SIGNALING_PATHWAY	GOBP_REGULATION_OF_ANTIGEN_RECEPTOR_MEDIATED_SIGNALING_PATHWAY		64	-0.44561434	-1.36374	0.057663128	0.29124948	1.0	3526	tags=30%, list=18%, signal=36%	
GOBP_PROTEIN_LOCALIZATION_TO_CELL_JUNCTION	GOBP_PROTEIN_LOCALIZATION_TO_CELL_JUNCTION		105	-0.40995753	-1.3630235	0.032258064	0.29233038	1.0	2887	tags=25%, list=15%, signal=29%	
GOMF_DNA_REPLICATION_ORIGIN_BINDING	GOMF_DNA_REPLICATION_ORIGIN_BINDING		16	-0.5697085	-1.3623817	0.113597244	0.29328626	1.0	3205	tags=38%, list=17%, signal=45%	
GOBP_REGULATION_OF_PHAGOCYTOSIS	GOBP_REGULATION_OF_PHAGOCYTOSIS		95	-0.41259113	-1.361909	0.059880238	0.2938342	1.0	2332	tags=24%, list=12%, signal=27%	
GOBP_REGULATION_OF_KETONE_BIOSYNTHETIC_PROCESS	GOBP_REGULATION_OF_KETONE_BIOSYNTHETIC_PROCESS		21	-0.5549583	-1.3614489	0.09982487	0.2943956	1.0	2387	tags=38%, list=12%, signal=43%	
GOBP_NEGATIVE_REGULATION_OF_BIOMINERAL_TISSUE_DEVELOPMENT	GOBP_NEGATIVE_REGULATION_OF_BIOMINERAL_TISSUE_DEVELOPMENT		26	-0.51472837	-1.360985	0.08163265	0.2950295	1.0	981	tags=19%, list=5%, signal=20%	
GOBP_RESPONSE_TO_LITHIUM_ION	GOBP_RESPONSE_TO_LITHIUM_ION		16	-0.5782593	-1.3604194	0.098148145	0.29583782	1.0	1510	tags=25%, list=8%, signal=27%	
GOBP_INFLAMMATORY_RESPONSE_TO_ANTIGENIC_STIMULUS	GOBP_INFLAMMATORY_RESPONSE_TO_ANTIGENIC_STIMULUS		72	-0.43407083	-1.3598125	0.042813454	0.2966328	1.0	2763	tags=35%, list=14%, signal=40%	
GOBP_MESONEPHRIC_TUBULE_MORPHOGENESIS	GOBP_MESONEPHRIC_TUBULE_MORPHOGENESIS		67	-0.4319245	-1.3595083	0.03894081	0.29689136	1.0	3706	tags=40%, list=19%, signal=50%	
GOBP_REGULATION_OF_INTRACELLULAR_STEROID_HORMONE_RECEPTOR_SIGNALING_PATHWAY	GOBP_REGULATION_OF_INTRACELLULAR_STEROID_HORMONE_RECEPTOR_SIGNALING_PATHWAY		68	-0.4321901	-1.3593665	0.05654281	0.29681608	1.0	944	tags=10%, list=5%, signal=11%	
GOBP_RESPONSE_TO_PH	GOBP_RESPONSE_TO_PH		38	-0.48613054	-1.3588504	0.06873977	0.29749784	1.0	1701	tags=21%, list=9%, signal=23%	
GOBP_REGULATION_OF_CELL_JUNCTION_ASSEMBLY	GOBP_REGULATION_OF_CELL_JUNCTION_ASSEMBLY		210	-0.37630764	-1.3584571	0.023160763	0.2979642	1.0	2387	tags=20%, list=12%, signal=23%	
GOBP_PEROXISOME_PROLIFERATOR_ACTIVATED_RECEPTOR_SIGNALING_PATHWAY	GOBP_PEROXISOME_PROLIFERATOR_ACTIVATED_RECEPTOR_SIGNALING_PATHWAY		23	-0.5310449	-1.3582985	0.11324042	0.29791436	1.0	3717	tags=48%, list=19%, signal=59%	
GOBP_ANATOMICAL_STRUCTURE_MATURATION	GOBP_ANATOMICAL_STRUCTURE_MATURATION		252	-0.36937773	-1.3582971	0.0065104165	0.29753375	1.0	3539	tags=27%, list=18%, signal=33%	
GOBP_REGULATION_OF_CALCIUM_ION_IMPORT	GOBP_REGULATION_OF_CALCIUM_ION_IMPORT		44	-0.467643	-1.3580261	0.067768596	0.29769203	1.0	3685	tags=36%, list=19%, signal=45%	
GOBP_MACROPHAGE_CYTOKINE_PRODUCTION	GOBP_MACROPHAGE_CYTOKINE_PRODUCTION		37	-0.482525	-1.357677	0.071428575	0.29797068	1.0	1534	tags=24%, list=8%, signal=26%	
GOBP_NEGATIVE_REGULATION_OF_CELL_SUBSTRATE_ADHESION	GOBP_NEGATIVE_REGULATION_OF_CELL_SUBSTRATE_ADHESION		58	-0.43802768	-1.357581	0.06765676	0.29778045	1.0	3330	tags=36%, list=17%, signal=44%	
GOBP_NEURON_PROJECTION_EXTENSION_INVOLVED_IN_NEURON_PROJECTION_GUIDANCE	GOBP_NEURON_PROJECTION_EXTENSION_INVOLVED_IN_NEURON_PROJECTION_GUIDANCE		21	-0.5429664	-1.3572298	0.11774744	0.29816228	1.0	766	tags=19%, list=4%, signal=20%	
GOBP_HEART_VALVE_DEVELOPMENT	GOBP_HEART_VALVE_DEVELOPMENT		72	-0.4321651	-1.357015	0.042584434	0.2982248	1.0	2558	tags=28%, list=13%, signal=32%	
GOBP_BONE_DEVELOPMENT	GOBP_BONE_DEVELOPMENT		203	-0.37637043	-1.3568437	0.01321004	0.29819787	1.0	2771	tags=28%, list=14%, signal=32%	
GOBP_POSITIVE_REGULATION_OF_EPITHELIAL_TO_MESENCHYMAL_TRANSITION	GOBP_POSITIVE_REGULATION_OF_EPITHELIAL_TO_MESENCHYMAL_TRANSITION		56	-0.44969895	-1.3567301	0.067292646	0.29806703	1.0	2558	tags=29%, list=13%, signal=33%	
GOCC_INTERCELLULAR_BRIDGE	GOCC_INTERCELLULAR_BRIDGE		86	-0.41894245	-1.35667	0.05231689	0.29780614	1.0	3474	tags=31%, list=18%, signal=38%	
GOBP_RESPONSE_TO_FATTY_ACID	GOBP_RESPONSE_TO_FATTY_ACID		55	-0.4550274	-1.3563426	0.05472637	0.2980897	1.0	1500	tags=24%, list=8%, signal=26%	
GOBP_REGULATION_OF_LYMPHOCYTE_CHEMOTAXIS	GOBP_REGULATION_OF_LYMPHOCYTE_CHEMOTAXIS		24	-0.5356691	-1.3562776	0.10971223	0.2978427	1.0	2529	tags=38%, list=13%, signal=43%	
GOBP_HEPARAN_SULFATE_PROTEOGLYCAN_BIOSYNTHETIC_PROCESS	GOBP_HEPARAN_SULFATE_PROTEOGLYCAN_BIOSYNTHETIC_PROCESS		33	-0.4879522	-1.3559858	0.09348915	0.29809645	1.0	3686	tags=36%, list=19%, signal=45%	
GOCC_OUTER_KINETOCHORE	GOCC_OUTER_KINETOCHORE		20	-0.55532986	-1.3556043	0.09773124	0.2984885	1.0	5302	tags=65%, list=27%, signal=89%	
GOBP_GLUCOCORTICOID_BIOSYNTHETIC_PROCESS	GOBP_GLUCOCORTICOID_BIOSYNTHETIC_PROCESS		16	-0.5817891	-1.3543903	0.1218638	0.30076393	1.0	2387	tags=31%, list=12%, signal=36%	
GOBP_REGULATION_OF_AMINO_ACID_TRANSPORT	GOBP_REGULATION_OF_AMINO_ACID_TRANSPORT		41	-0.47634384	-1.3542104	0.07345576	0.30076307	1.0	878	tags=22%, list=5%, signal=23%	
GOMF_TUMOR_NECROSIS_FACTOR_RECEPTOR_BINDING	GOMF_TUMOR_NECROSIS_FACTOR_RECEPTOR_BINDING		30	-0.50004625	-1.3540946	0.10051993	0.30060646	1.0	3309	tags=33%, list=17%, signal=40%	
GOBP_NEGATIVE_REGULATION_OF_NEURAL_PRECURSOR_CELL_PROLIFERATION	GOBP_NEGATIVE_REGULATION_OF_NEURAL_PRECURSOR_CELL_PROLIFERATION		25	-0.53383416	-1.3536483	0.121783875	0.3011462	1.0	1095	tags=20%, list=6%, signal=21%	
GOBP_BONE_RESORPTION	GOBP_BONE_RESORPTION		65	-0.43387017	-1.3532825	0.06782334	0.30149394	1.0	3337	tags=32%, list=17%, signal=39%	
GOBP_NEGATIVE_REGULATION_OF_G_PROTEIN_COUPLED_RECEPTOR_SIGNALING_PATHWAY	GOBP_NEGATIVE_REGULATION_OF_G_PROTEIN_COUPLED_RECEPTOR_SIGNALING_PATHWAY		61	-0.44802803	-1.3525667	0.061933536	0.30260637	1.0	2413	tags=23%, list=12%, signal=26%	
GOBP_REGULATION_OF_BEHAVIOR	GOBP_REGULATION_OF_BEHAVIOR		73	-0.42749745	-1.3525294	0.060995184	0.302288	1.0	1219	tags=14%, list=6%, signal=15%	
GOBP_LEUKOCYTE_PROLIFERATION	GOBP_LEUKOCYTE_PROLIFERATION		340	-0.36000758	-1.3521532	0.012468828	0.30268803	1.0	2448	tags=24%, list=13%, signal=27%	
GOBP_CD8_POSITIVE_ALPHA_BETA_T_CELL_ACTIVATION	GOBP_CD8_POSITIVE_ALPHA_BETA_T_CELL_ACTIVATION		25	-0.5151869	-1.3520516	0.087565675	0.30249757	1.0	4160	tags=52%, list=21%, signal=66%	
GOBP_CELL_CELL_ADHESION_VIA_PLASMA_MEMBRANE_ADHESION_MOLECULES	GOBP_CELL_CELL_ADHESION_VIA_PLASMA_MEMBRANE_ADHESION_MOLECULES		274	-0.3665743	-1.3517523	0.013888889	0.30272824	1.0	2044	tags=18%, list=11%, signal=20%	
GOBP_NEGATIVE_REGULATION_OF_SYSTEMIC_ARTERIAL_BLOOD_PRESSURE	GOBP_NEGATIVE_REGULATION_OF_SYSTEMIC_ARTERIAL_BLOOD_PRESSURE		19	-0.55767465	-1.351513	0.113274336	0.30287284	1.0	1498	tags=26%, list=8%, signal=28%	
GOMF_MONOCARBOXYLIC_ACID_BINDING	GOMF_MONOCARBOXYLIC_ACID_BINDING		86	-0.41148558	-1.351279	0.05287009	0.30299813	1.0	2139	tags=17%, list=11%, signal=20%	
GOBP_NEGATIVE_REGULATION_OF_PEPTIDYL_SERINE_PHOSPHORYLATION	GOBP_NEGATIVE_REGULATION_OF_PEPTIDYL_SERINE_PHOSPHORYLATION		23	-0.5292141	-1.3512062	0.09262436	0.3027755	1.0	3748	tags=35%, list=19%, signal=43%	
GOBP_OSTEOBLAST_DEVELOPMENT	GOBP_OSTEOBLAST_DEVELOPMENT		17	-0.57255423	-1.3511586	0.11343805	0.30249235	1.0	1341	tags=29%, list=7%, signal=32%	
GOBP_EYE_MORPHOGENESIS	GOBP_EYE_MORPHOGENESIS		160	-0.38713977	-1.3508112	0.018335683	0.30281365	1.0	2702	tags=24%, list=14%, signal=27%	
GOBP_LABYRINTHINE_LAYER_BLOOD_VESSEL_DEVELOPMENT	GOBP_LABYRINTHINE_LAYER_BLOOD_VESSEL_DEVELOPMENT		19	-0.55482876	-1.3501806	0.09944751	0.3037713	1.0	2448	tags=26%, list=13%, signal=30%	
GOBP_MYELOID_LEUKOCYTE_MEDIATED_IMMUNITY	GOBP_MYELOID_LEUKOCYTE_MEDIATED_IMMUNITY		105	-0.41027513	-1.3501196	0.05	0.3035218	1.0	2563	tags=30%, list=13%, signal=35%	
GOBP_REGULATION_OF_NEURAL_PRECURSOR_CELL_PROLIFERATION	GOBP_REGULATION_OF_NEURAL_PRECURSOR_CELL_PROLIFERATION		99	-0.4082954	-1.3499476	0.053701017	0.30351776	1.0	2903	tags=25%, list=15%, signal=30%	
GOBP_PHAGOSOME_MATURATION	GOBP_PHAGOSOME_MATURATION		30	-0.50682086	-1.3495412	0.08934708	0.30397192	1.0	1640	tags=27%, list=8%, signal=29%	
GOBP_AROMATIC_AMINO_ACID_FAMILY_CATABOLIC_PROCESS	GOBP_AROMATIC_AMINO_ACID_FAMILY_CATABOLIC_PROCESS		16	-0.58018035	-1.3493801	0.106814	0.30396986	1.0	682	tags=25%, list=4%, signal=26%	
GOBP_SODIUM_ION_TRANSMEMBRANE_TRANSPORT	GOBP_SODIUM_ION_TRANSMEMBRANE_TRANSPORT		183	-0.38020664	-1.34893	0.019886363	0.30452812	1.0	2566	tags=17%, list=13%, signal=20%	
GOBP_LEUKOCYTE_TETHERING_OR_ROLLING	GOBP_LEUKOCYTE_TETHERING_OR_ROLLING		34	-0.48266363	-1.3484637	0.093397744	0.3051483	1.0	3724	tags=35%, list=19%, signal=44%	
GOMF_ADP_BINDING	GOMF_ADP_BINDING		36	-0.4847281	-1.3479033	0.08121827	0.30594936	1.0	3002	tags=28%, list=15%, signal=33%	
GOBP_POSITIVE_REGULATION_OF_LYMPHOCYTE_APOPTOTIC_PROCESS	GOBP_POSITIVE_REGULATION_OF_LYMPHOCYTE_APOPTOTIC_PROCESS		17	-0.56923217	-1.3474513	0.12169312	0.30649945	1.0	414	tags=18%, list=2%, signal=18%	
GOBP_LEUKOCYTE_ACTIVATION_INVOLVED_IN_INFLAMMATORY_RESPONSE	GOBP_LEUKOCYTE_ACTIVATION_INVOLVED_IN_INFLAMMATORY_RESPONSE		48	-0.46310523	-1.3471897	0.06803797	0.30664715	1.0	2563	tags=31%, list=13%, signal=36%	
GOBP_ADAPTIVE_IMMUNE_RESPONSE_BASED_ON_SOMATIC_RECOMBINATION_OF_IMMUNE_RECEPTORS_BUILT_FROM_IMMUNOGLOBULIN_SUPERFAMILY_DOMAINS	GOBP_ADAPTIVE_IMMUNE_RESPONSE_BASED_ON_SOMATIC_RECOMBINATION_OF_IMMUNE_RECEPTORS_BUILT_FROM_IMMUNOGLOBULIN_SUPERFAMILY_DOMAINS		304	-0.36128196	-1.34678	0.010217113	0.3071285	1.0	2578	tags=24%, list=13%, signal=27%	
GOBP_SEMI_LUNAR_VALVE_DEVELOPMENT	GOBP_SEMI_LUNAR_VALVE_DEVELOPMENT		48	-0.45681468	-1.3466942	0.083467096	0.30693308	1.0	2558	tags=33%, list=13%, signal=38%	
GOBP_CHROMOSOME_CONDENSATION	GOBP_CHROMOSOME_CONDENSATION		31	-0.50213504	-1.346647	0.094684385	0.30665076	1.0	5506	tags=48%, list=28%, signal=67%	
GOBP_NEGATIVE_REGULATION_OF_LYMPHOCYTE_MEDIATED_IMMUNITY	GOBP_NEGATIVE_REGULATION_OF_LYMPHOCYTE_MEDIATED_IMMUNITY		57	-0.4469065	-1.3463093	0.0686901	0.3070128	1.0	1604	tags=25%, list=8%, signal=27%	
GOCC_CLATHRIN_COATED_ENDOCYTIC_VESICLE	GOCC_CLATHRIN_COATED_ENDOCYTIC_VESICLE		88	-0.41107804	-1.3462377	0.060921248	0.30677107	1.0	3042	tags=27%, list=16%, signal=32%	
GOBP_MUSCLE_CELL_DIFFERENTIATION	GOBP_MUSCLE_CELL_DIFFERENTIATION		383	-0.35638866	-1.3460736	0.006142506	0.30671084	1.0	2610	tags=22%, list=13%, signal=25%	
GOMF_NUCLEOSOME_BINDING	GOMF_NUCLEOSOME_BINDING		52	-0.45081294	-1.3454654	0.06765676	0.30759105	1.0	4745	tags=42%, list=24%, signal=56%	
GOBP_MYELOID_CELL_APOPTOTIC_PROCESS	GOBP_MYELOID_CELL_APOPTOTIC_PROCESS		37	-0.478095	-1.3453565	0.0952381	0.3074257	1.0	3813	tags=35%, list=20%, signal=44%	
GOBP_NEGATIVE_REGULATION_OF_NEURON_PROJECTION_DEVELOPMENT	GOBP_NEGATIVE_REGULATION_OF_NEURON_PROJECTION_DEVELOPMENT		119	-0.39920098	-1.3450903	0.028148148	0.3076006	1.0	3099	tags=25%, list=16%, signal=30%	
GOBP_NEGATIVE_REGULATION_OF_B_CELL_PROLIFERATION	GOBP_NEGATIVE_REGULATION_OF_B_CELL_PROLIFERATION		16	-0.58325374	-1.3448455	0.10571924	0.30774727	1.0	3702	tags=44%, list=19%, signal=54%	
GOBP_APOPTOTIC_CELL_CLEARANCE	GOBP_APOPTOTIC_CELL_CLEARANCE		48	-0.45631734	-1.344726	0.07526882	0.30759877	1.0	1367	tags=19%, list=7%, signal=20%	
GOMF_MAGNESIUM_ION_TRANSMEMBRANE_TRANSPORTER_ACTIVITY	GOMF_MAGNESIUM_ION_TRANSMEMBRANE_TRANSPORTER_ACTIVITY		18	-0.5505007	-1.3446761	0.11510792	0.30734304	1.0	1647	tags=28%, list=8%, signal=30%	
GOBP_BONE_MINERALIZATION	GOBP_BONE_MINERALIZATION		118	-0.4026236	-1.3440723	0.049490537	0.30821726	1.0	1498	tags=21%, list=8%, signal=23%	
GOBP_ENERGY_HOMEOSTASIS	GOBP_ENERGY_HOMEOSTASIS		80	-0.42031333	-1.3439827	0.043010753	0.30802685	1.0	2001	tags=24%, list=10%, signal=26%	
GOMF_ATPASE_COUPLED_MONOATOMIC_CATION_TRANSMEMBRANE_TRANSPORTER_ACTIVITY	GOMF_ATPASE_COUPLED_MONOATOMIC_CATION_TRANSMEMBRANE_TRANSPORTER_ACTIVITY		52	-0.45186788	-1.3438892	0.08553655	0.30785084	1.0	1391	tags=15%, list=7%, signal=17%	
GOBP_REGULATION_OF_SODIUM_ION_TRANSMEMBRANE_TRANSPORT	GOBP_REGULATION_OF_SODIUM_ION_TRANSMEMBRANE_TRANSPORT		55	-0.4475831	-1.3437274	0.0754717	0.30783308	1.0	2699	tags=29%, list=14%, signal=34%	
GOBP_MACROPHAGE_CHEMOTAXIS	GOBP_MACROPHAGE_CHEMOTAXIS		40	-0.47460318	-1.343653	0.08108108	0.30762368	1.0	2963	tags=33%, list=15%, signal=38%	
GOBP_KERATINOCYTE_MIGRATION	GOBP_KERATINOCYTE_MIGRATION		19	-0.55624366	-1.3435513	0.10829103	0.307454	1.0	2842	tags=37%, list=15%, signal=43%	
GOBP_METANEPHROS_DEVELOPMENT	GOBP_METANEPHROS_DEVELOPMENT		90	-0.41607606	-1.3431232	0.07121212	0.3080023	1.0	1500	tags=18%, list=8%, signal=19%	
GOBP_POSITIVE_REGULATION_OF_EPITHELIAL_CELL_MIGRATION	GOBP_POSITIVE_REGULATION_OF_EPITHELIAL_CELL_MIGRATION		145	-0.39224535	-1.3425934	0.018465908	0.30881518	1.0	3365	tags=28%, list=17%, signal=34%	
GOBP_SMAD_PROTEIN_SIGNAL_TRANSDUCTION	GOBP_SMAD_PROTEIN_SIGNAL_TRANSDUCTION		77	-0.42141137	-1.3424524	0.07331378	0.3087593	1.0	1403	tags=17%, list=7%, signal=18%	
GOBP_POSITIVE_REGULATION_OF_T_CELL_MIGRATION	GOBP_POSITIVE_REGULATION_OF_T_CELL_MIGRATION		34	-0.48690122	-1.3423101	0.08646003	0.3086764	1.0	2428	tags=32%, list=13%, signal=37%	
GOBP_REGULATION_OF_AMINO_ACID_TRANSMEMBRANE_TRANSPORT	GOBP_REGULATION_OF_AMINO_ACID_TRANSMEMBRANE_TRANSPORT		15	-0.5901433	-1.3420564	0.112522684	0.30888018	1.0	831	tags=33%, list=4%, signal=35%	
GOBP_DETOXIFICATION_OF_INORGANIC_COMPOUND	GOBP_DETOXIFICATION_OF_INORGANIC_COMPOUND		21	-0.5343154	-1.3419306	0.10664336	0.30876493	1.0	2470	tags=33%, list=13%, signal=38%	
GOBP_POSITIVE_REGULATION_OF_T_HELPER_CELL_DIFFERENTIATION	GOBP_POSITIVE_REGULATION_OF_T_HELPER_CELL_DIFFERENTIATION		25	-0.514143	-1.341547	0.10122164	0.3092304	1.0	3570	tags=32%, list=18%, signal=39%	
GOBP_OSSIFICATION	GOBP_OSSIFICATION		395	-0.35284722	-1.341462	0.008536586	0.30905685	1.0	3146	tags=26%, list=16%, signal=31%	
GOMF_ATP_DEPENDENT_ACTIVITY_ACTING_ON_DNA	GOMF_ATP_DEPENDENT_ACTIVITY_ACTING_ON_DNA		111	-0.39876908	-1.3406297	0.04918033	0.31044272	1.0	4697	tags=35%, list=24%, signal=46%	
GOBP_BASIC_AMINO_ACID_TRANSPORT	GOBP_BASIC_AMINO_ACID_TRANSPORT		20	-0.54492277	-1.3403108	0.105902776	0.31069234	1.0	1749	tags=30%, list=9%, signal=33%	
GOCC_MYOFILAMENT	GOCC_MYOFILAMENT		25	-0.513652	-1.340071	0.10471204	0.3108489	1.0	2444	tags=32%, list=13%, signal=37%	
GOBP_POSITIVE_REGULATION_OF_BMP_SIGNALING_PATHWAY	GOBP_POSITIVE_REGULATION_OF_BMP_SIGNALING_PATHWAY		33	-0.4917908	-1.3397664	0.1069079	0.31113765	1.0	2455	tags=30%, list=13%, signal=35%	
GOBP_CYTOKINE_PRODUCTION_INVOLVED_IN_INFLAMMATORY_RESPONSE	GOBP_CYTOKINE_PRODUCTION_INVOLVED_IN_INFLAMMATORY_RESPONSE		57	-0.43915024	-1.3392342	0.06907378	0.31189552	1.0	1555	tags=21%, list=8%, signal=23%	
GOBP_NEGATIVE_REGULATION_OF_LIPID_STORAGE	GOBP_NEGATIVE_REGULATION_OF_LIPID_STORAGE		21	-0.53188336	-1.3392199	0.10820244	0.3115504	1.0	2168	tags=33%, list=11%, signal=37%	
GOBP_BIOLOGICAL_PROCESS_INVOLVED_IN_INTERACTION_WITH_HOST	GOBP_BIOLOGICAL_PROCESS_INVOLVED_IN_INTERACTION_WITH_HOST		194	-0.37360585	-1.3389183	0.028129395	0.31181318	1.0	2856	tags=22%, list=15%, signal=25%	
GOMF_RETINOIC_ACID_BINDING	GOMF_RETINOIC_ACID_BINDING		27	-0.51229393	-1.3388069	0.117117114	0.31168345	1.0	679	tags=11%, list=3%, signal=11%	
GOBP_POSITIVE_REGULATION_OF_CHEMOKINE_PRODUCTION	GOBP_POSITIVE_REGULATION_OF_CHEMOKINE_PRODUCTION		70	-0.42857224	-1.3386953	0.07348243	0.31157997	1.0	2466	tags=29%, list=13%, signal=33%	
GOBP_RESPONSE_TO_TYPE_II_INTERFERON	GOBP_RESPONSE_TO_TYPE_II_INTERFERON		114	-0.39984557	-1.338615	0.04992658	0.31138435	1.0	2895	tags=30%, list=15%, signal=35%	
GOMF_SEMAPHORIN_RECEPTOR_BINDING	GOMF_SEMAPHORIN_RECEPTOR_BINDING		23	-0.52936965	-1.338278	0.10683012	0.31170887	1.0	2453	tags=35%, list=13%, signal=40%	
GOBP_CENTRIOLE_CENTRIOLE_COHESION	GOBP_CENTRIOLE_CENTRIOLE_COHESION		15	-0.58216	-1.3381757	0.13214286	0.31156167	1.0	3685	tags=53%, list=19%, signal=66%	
GOBP_ANATOMICAL_STRUCTURE_REGRESSION	GOBP_ANATOMICAL_STRUCTURE_REGRESSION		15	-0.5575738	-1.3381679	0.12087912	0.31121725	1.0	2987	tags=33%, list=15%, signal=39%	
GOBP_MAINTENANCE_OF_CELL_NUMBER	GOBP_MAINTENANCE_OF_CELL_NUMBER		177	-0.38004312	-1.3380561	0.024691358	0.31105	1.0	4552	tags=34%, list=23%, signal=44%	
GOBP_REGULATION_OF_MEIOTIC_NUCLEAR_DIVISION	GOBP_REGULATION_OF_MEIOTIC_NUCLEAR_DIVISION		30	-0.504481	-1.338013	0.103565365	0.31076944	1.0	4305	tags=37%, list=22%, signal=47%	
GOBP_TERTIARY_ALCOHOL_METABOLIC_PROCESS	GOBP_TERTIARY_ALCOHOL_METABOLIC_PROCESS		22	-0.5263137	-1.337887	0.12991454	0.31068495	1.0	3543	tags=32%, list=18%, signal=39%	
GOBP_METANEPHRIC_NEPHRON_DEVELOPMENT	GOBP_METANEPHRIC_NEPHRON_DEVELOPMENT		40	-0.46345136	-1.3371518	0.087025315	0.31183758	1.0	2702	tags=33%, list=14%, signal=38%	
GOBP_POSITIVE_REGULATION_OF_VASCULATURE_DEVELOPMENT	GOBP_POSITIVE_REGULATION_OF_VASCULATURE_DEVELOPMENT		161	-0.38610488	-1.3365762	0.04055944	0.3127228	1.0	1744	tags=20%, list=9%, signal=22%	
GOBP_REGULATION_OF_COLLATERAL_SPROUTING	GOBP_REGULATION_OF_COLLATERAL_SPROUTING		19	-0.5501111	-1.3361808	0.11631945	0.3132214	1.0	466	tags=16%, list=2%, signal=16%	
GOBP_EPITHELIAL_TUBE_BRANCHING_INVOLVED_IN_LUNG_MORPHOGENESIS	GOBP_EPITHELIAL_TUBE_BRANCHING_INVOLVED_IN_LUNG_MORPHOGENESIS		29	-0.507315	-1.3359784	0.10967742	0.31330103	1.0	2159	tags=28%, list=11%, signal=31%	
GOBP_BONE_MATURATION	GOBP_BONE_MATURATION		25	-0.517478	-1.335573	0.1185567	0.31379023	1.0	3381	tags=48%, list=17%, signal=58%	
GOMF_CYTOKINE_BINDING	GOMF_CYTOKINE_BINDING		143	-0.38300323	-1.3353423	0.043165468	0.31389755	1.0	2758	tags=25%, list=14%, signal=29%	
GOBP_POSITIVE_REGULATION_OF_ENDOTHELIAL_CELL_PROLIFERATION	GOBP_POSITIVE_REGULATION_OF_ENDOTHELIAL_CELL_PROLIFERATION		88	-0.41258833	-1.335015	0.046153847	0.31423515	1.0	1665	tags=22%, list=9%, signal=24%	
GOBP_PYRIDINE_CONTAINING_COMPOUND_BIOSYNTHETIC_PROCESS	GOBP_PYRIDINE_CONTAINING_COMPOUND_BIOSYNTHETIC_PROCESS		31	-0.49608698	-1.3350016	0.108552635	0.3139018	1.0	2694	tags=29%, list=14%, signal=34%	
GOMF_G_PROTEIN_COUPLED_RECEPTOR_BINDING	GOMF_G_PROTEIN_COUPLED_RECEPTOR_BINDING		265	-0.35982916	-1.3345377	0.014175258	0.31450573	1.0	1413	tags=13%, list=7%, signal=14%	
GOBP_POSITIVE_REGULATION_OF_TYPE_I_INTERFERON_MEDIATED_SIGNALING_PATHWAY	GOBP_POSITIVE_REGULATION_OF_TYPE_I_INTERFERON_MEDIATED_SIGNALING_PATHWAY		19	-0.5540999	-1.3337748	0.13559322	0.31568882	1.0	4061	tags=42%, list=21%, signal=53%	
GOBP_POSITIVE_REGULATION_OF_CELL_MIGRATION_INVOLVED_IN_SPROUTING_ANGIOGENESIS	GOBP_POSITIVE_REGULATION_OF_CELL_MIGRATION_INVOLVED_IN_SPROUTING_ANGIOGENESIS		21	-0.5371108	-1.3329492	0.11469534	0.31710058	1.0	2656	tags=33%, list=14%, signal=39%	
GOBP_REGULATION_OF_KINASE_ACTIVITY	GOBP_REGULATION_OF_KINASE_ACTIVITY		472	-0.3469101	-1.332908	0.00472255	0.31681848	1.0	3436	tags=26%, list=18%, signal=30%	
GOBP_MITOTIC_SPINDLE_ORGANIZATION	GOBP_MITOTIC_SPINDLE_ORGANIZATION		127	-0.3897213	-1.3325416	0.054208275	0.31722558	1.0	3132	tags=27%, list=16%, signal=32%	
GOBP_REGULATION_OF_OSTEOBLAST_PROLIFERATION	GOBP_REGULATION_OF_OSTEOBLAST_PROLIFERATION		26	-0.5106247	-1.3322657	0.11557789	0.3174155	1.0	1341	tags=23%, list=7%, signal=25%	
GOBP_NOSE_DEVELOPMENT	GOBP_NOSE_DEVELOPMENT		16	-0.5676179	-1.3321674	0.111753374	0.31725642	1.0	2013	tags=38%, list=10%, signal=42%	
GOBP_POSITIVE_REGULATION_OF_EMBRYONIC_DEVELOPMENT	GOBP_POSITIVE_REGULATION_OF_EMBRYONIC_DEVELOPMENT		19	-0.54562473	-1.3320162	0.11270125	0.31718537	1.0	995	tags=26%, list=5%, signal=28%	
GOBP_POSITIVE_REGULATION_OF_CALCIUM_ION_TRANSPORT	GOBP_POSITIVE_REGULATION_OF_CALCIUM_ION_TRANSPORT		109	-0.39999148	-1.3319557	0.048245613	0.31695944	1.0	2602	tags=23%, list=13%, signal=26%	
GOBP_NEGATIVE_REGULATION_OF_IMMUNE_EFFECTOR_PROCESS	GOBP_NEGATIVE_REGULATION_OF_IMMUNE_EFFECTOR_PROCESS		120	-0.39740577	-1.3316454	0.04822695	0.31725258	1.0	1604	tags=21%, list=8%, signal=23%	
GOCC_ENDOCYTIC_VESICLE_MEMBRANE	GOCC_ENDOCYTIC_VESICLE_MEMBRANE		197	-0.37369543	-1.3309722	0.026836159	0.3183432	1.0	2593	tags=20%, list=13%, signal=23%	
GOBP_ORGANELLE_FISSION	GOBP_ORGANELLE_FISSION		444	-0.34667945	-1.3308997	0.005	0.31814927	1.0	3422	tags=25%, list=18%, signal=30%	
GOBP_SENSORY_ORGAN_MORPHOGENESIS	GOBP_SENSORY_ORGAN_MORPHOGENESIS		273	-0.3586308	-1.3307487	0.014322917	0.31810984	1.0	2731	tags=21%, list=14%, signal=24%	
GOBP_REGULATION_OF_CELL_GROWTH	GOBP_REGULATION_OF_CELL_GROWTH		372	-0.3548127	-1.3306102	0.0037546933	0.31804657	1.0	2305	tags=16%, list=12%, signal=18%	
GOMF_SULFUR_COMPOUND_BINDING	GOMF_SULFUR_COMPOUND_BINDING		251	-0.36694294	-1.3302035	0.015831135	0.31856	1.0	2031	tags=20%, list=10%, signal=22%	
GOBP_CELL_SURFACE_RECEPTOR_PROTEIN_SERINE_THREONINE_KINASE_SIGNALING_PATHWAY	GOBP_CELL_SURFACE_RECEPTOR_PROTEIN_SERINE_THREONINE_KINASE_SIGNALING_PATHWAY		342	-0.35206974	-1.330191	0.008760951	0.31822172	1.0	2305	tags=20%, list=12%, signal=22%	
GOBP_NEGATIVE_REGULATION_OF_CYSTEINE_TYPE_ENDOPEPTIDASE_ACTIVITY	GOBP_NEGATIVE_REGULATION_OF_CYSTEINE_TYPE_ENDOPEPTIDASE_ACTIVITY		60	-0.44133115	-1.3301233	0.07865169	0.31801978	1.0	1352	tags=17%, list=7%, signal=18%	
GOBP_NEGATIVE_REGULATION_OF_IMMUNE_RESPONSE	GOBP_NEGATIVE_REGULATION_OF_IMMUNE_RESPONSE		186	-0.37248242	-1.3298974	0.025920874	0.3181835	1.0	2333	tags=21%, list=12%, signal=24%	
GOBP_MOTOR_NEURON_AXON_GUIDANCE	GOBP_MOTOR_NEURON_AXON_GUIDANCE		25	-0.5147369	-1.329853	0.11973018	0.317912	1.0	766	tags=16%, list=4%, signal=17%	
GOBP_RESPONSE_TO_KETONE	GOBP_RESPONSE_TO_KETONE		215	-0.37532488	-1.3297731	0.01965924	0.3176944	1.0	2423	tags=21%, list=12%, signal=24%	
GOBP_POSITIVE_REGULATION_OF_NEURAL_PRECURSOR_CELL_PROLIFERATION	GOBP_POSITIVE_REGULATION_OF_NEURAL_PRECURSOR_CELL_PROLIFERATION		64	-0.42909122	-1.3293787	0.07535322	0.31813067	1.0	3101	tags=30%, list=16%, signal=35%	
GOBP_POSITIVE_REGULATION_OF_ALPHA_BETA_T_CELL_ACTIVATION	GOBP_POSITIVE_REGULATION_OF_ALPHA_BETA_T_CELL_ACTIVATION		72	-0.42232168	-1.3293595	0.065727696	0.31780824	1.0	3339	tags=33%, list=17%, signal=40%	
GOMF_ICOSANOID_RECEPTOR_ACTIVITY	GOMF_ICOSANOID_RECEPTOR_ACTIVITY		15	-0.59098756	-1.3288558	0.1402214	0.3185372	1.0	3590	tags=47%, list=18%, signal=57%	
GOBP_NEUROENDOCRINE_CELL_DIFFERENTIATION	GOBP_NEUROENDOCRINE_CELL_DIFFERENTIATION		16	-0.5611236	-1.3288457	0.12762238	0.3182021	1.0	2737	tags=38%, list=14%, signal=44%	
GOBP_ALPHA_BETA_T_CELL_ACTIVATION	GOBP_ALPHA_BETA_T_CELL_ACTIVATION		177	-0.37136915	-1.3280009	0.03155007	0.31962112	1.0	3357	tags=30%, list=17%, signal=36%	
GOBP_CELL_JUNCTION_ASSEMBLY	GOBP_CELL_JUNCTION_ASSEMBLY		441	-0.34662622	-1.3277203	0.008454106	0.3198123	1.0	2018	tags=17%, list=10%, signal=18%	
GOBP_NEGATIVE_REGULATION_OF_RESPONSE_TO_EXTERNAL_STIMULUS	GOBP_NEGATIVE_REGULATION_OF_RESPONSE_TO_EXTERNAL_STIMULUS		370	-0.35254088	-1.3276281	0.005	0.31963548	1.0	2805	tags=23%, list=14%, signal=27%	
GOBP_NEGATIVE_REGULATION_OF_CELL_CYCLE_PROCESS	GOBP_NEGATIVE_REGULATION_OF_CELL_CYCLE_PROCESS		276	-0.36104888	-1.3273958	0.017663043	0.31976706	1.0	3734	tags=30%, list=19%, signal=37%	
GOBP_SPINDLE_ORGANIZATION	GOBP_SPINDLE_ORGANIZATION		188	-0.3723575	-1.3272064	0.033377837	0.31979665	1.0	3132	tags=26%, list=16%, signal=30%	
GOBP_TOLL_LIKE_RECEPTOR_2_SIGNALING_PATHWAY	GOBP_TOLL_LIKE_RECEPTOR_2_SIGNALING_PATHWAY		17	-0.5549434	-1.3270346	0.14381272	0.31978044	1.0	889	tags=29%, list=5%, signal=31%	
GOBP_NEGATIVE_REGULATION_OF_CELLULAR_SENESCENCE	GOBP_NEGATIVE_REGULATION_OF_CELLULAR_SENESCENCE		23	-0.5266697	-1.3266697	0.116541356	0.32022464	1.0	4089	tags=43%, list=21%, signal=55%	
GOBP_NEGATIVE_REGULATION_OF_POTASSIUM_ION_TRANSPORT	GOBP_NEGATIVE_REGULATION_OF_POTASSIUM_ION_TRANSPORT		28	-0.49819097	-1.3264458	0.0890411	0.3203498	1.0	925	tags=21%, list=5%, signal=22%	
GOBP_LYMPHOCYTE_MEDIATED_IMMUNITY	GOBP_LYMPHOCYTE_MEDIATED_IMMUNITY		293	-0.36016536	-1.3264074	0.019430052	0.32008475	1.0	2993	tags=27%, list=15%, signal=31%	
GOBP_CHAPERONE_MEDIATED_AUTOPHAGY	GOBP_CHAPERONE_MEDIATED_AUTOPHAGY		15	-0.57291317	-1.3261354	0.12565444	0.32026652	1.0	596	tags=13%, list=3%, signal=14%	
GOMF_PROTEIN_KINASE_C_BINDING	GOMF_PROTEIN_KINASE_C_BINDING		50	-0.4486734	-1.3258615	0.07042254	0.3204271	1.0	3727	tags=40%, list=19%, signal=49%	
GOBP_LEUKOCYTE_MEDIATED_CYTOTOXICITY	GOBP_LEUKOCYTE_MEDIATED_CYTOTOXICITY		140	-0.38553953	-1.325348	0.036075037	0.32104543	1.0	2667	tags=26%, list=14%, signal=30%	
GOMF_CADHERIN_BINDING	GOMF_CADHERIN_BINDING		310	-0.357564	-1.3252531	0.011612903	0.32089907	1.0	4236	tags=28%, list=22%, signal=36%	
GOBP_RESPONSE_TO_NERVE_GROWTH_FACTOR	GOBP_RESPONSE_TO_NERVE_GROWTH_FACTOR		51	-0.4502776	-1.324995	0.08255452	0.32114175	1.0	4523	tags=35%, list=23%, signal=46%	
GOMF_NEUROPEPTIDE_BINDING	GOMF_NEUROPEPTIDE_BINDING		31	-0.49217078	-1.3249848	0.1185567	0.32081398	1.0	1399	tags=13%, list=7%, signal=14%	
GOBP_REGULATION_OF_NEUROGENESIS	GOBP_REGULATION_OF_NEUROGENESIS		362	-0.3516834	-1.3249339	0.010088272	0.32056904	1.0	2735	tags=20%, list=14%, signal=23%	
GOCC_LATERAL_PLASMA_MEMBRANE	GOCC_LATERAL_PLASMA_MEMBRANE		67	-0.42883593	-1.3247406	0.07072368	0.3206267	1.0	3701	tags=37%, list=19%, signal=46%	
GOBP_IMMUNOLOGICAL_MEMORY_PROCESS	GOBP_IMMUNOLOGICAL_MEMORY_PROCESS		19	-0.54905003	-1.3242605	0.12065814	0.3213038	1.0	529	tags=11%, list=3%, signal=11%	
GOBP_POSITIVE_REGULATION_OF_CD4_POSITIVE_ALPHA_BETA_T_CELL_DIFFERENTIATION	GOBP_POSITIVE_REGULATION_OF_CD4_POSITIVE_ALPHA_BETA_T_CELL_DIFFERENTIATION		37	-0.4781904	-1.324135	0.105960265	0.32124	1.0	4971	tags=49%, list=26%, signal=65%	
GOMF_BETA_CATENIN_BINDING	GOMF_BETA_CATENIN_BINDING		103	-0.3999384	-1.3240829	0.05421687	0.32098296	1.0	3121	tags=26%, list=16%, signal=31%	
GOBP_REGULATION_OF_PROTEIN_SERINE_THREONINE_KINASE_ACTIVITY	GOBP_REGULATION_OF_PROTEIN_SERINE_THREONINE_KINASE_ACTIVITY		242	-0.36298686	-1.3240825	0.019633507	0.32063103	1.0	3225	tags=26%, list=17%, signal=30%	
GOBP_CAMERA_TYPE_EYE_MORPHOGENESIS	GOBP_CAMERA_TYPE_EYE_MORPHOGENESIS		132	-0.38431576	-1.3233423	0.034632035	0.32183725	1.0	2702	tags=23%, list=14%, signal=27%	
GOBP_MOLTING_CYCLE_PROCESS	GOBP_MOLTING_CYCLE_PROCESS		96	-0.40545574	-1.3231344	0.053651266	0.32191503	1.0	4552	tags=44%, list=23%, signal=57%	
GOBP_REGULATION_OF_LEUKOCYTE_APOPTOTIC_PROCESS	GOBP_REGULATION_OF_LEUKOCYTE_APOPTOTIC_PROCESS		85	-0.40389007	-1.3229206	0.063675836	0.32202765	1.0	3813	tags=34%, list=20%, signal=42%	
GOBP_NOTCH_SIGNALING_PATHWAY	GOBP_NOTCH_SIGNALING_PATHWAY		171	-0.3770463	-1.3228325	0.029045643	0.32187	1.0	3392	tags=26%, list=17%, signal=32%	
GOBP_PROTEIN_LOCALIZATION_TO_CELL_CELL_JUNCTION	GOBP_PROTEIN_LOCALIZATION_TO_CELL_CELL_JUNCTION		21	-0.5290368	-1.3227837	0.12393888	0.32161868	1.0	2887	tags=38%, list=15%, signal=45%	
GOBP_EMBRYONIC_DIGESTIVE_TRACT_DEVELOPMENT	GOBP_EMBRYONIC_DIGESTIVE_TRACT_DEVELOPMENT		32	-0.4863447	-1.3222324	0.095623985	0.32246664	1.0	2050	tags=34%, list=11%, signal=38%	
GOBP_TRANSITION_METAL_ION_TRANSPORT	GOBP_TRANSITION_METAL_ION_TRANSPORT		95	-0.40432528	-1.32218	0.0556391	0.32221502	1.0	3277	tags=31%, list=17%, signal=37%	
GOBP_RESPONSE_TO_OXYGEN_LEVELS	GOBP_RESPONSE_TO_OXYGEN_LEVELS		320	-0.35311767	-1.3218559	0.0115681235	0.3225492	1.0	2680	tags=20%, list=14%, signal=23%	
GOMF_GTPASE_ACTIVATOR_ACTIVITY	GOMF_GTPASE_ACTIVATOR_ACTIVITY		250	-0.36261925	-1.321236	0.02141901	0.32350513	1.0	4313	tags=36%, list=22%, signal=46%	
GOCC_COLLAGEN_TRIMER	GOCC_COLLAGEN_TRIMER		84	-0.40706396	-1.321104	0.060126584	0.32344338	1.0	2145	tags=24%, list=11%, signal=27%	
GOBP_TUMOR_NECROSIS_FACTOR_SUPERFAMILY_CYTOKINE_PRODUCTION	GOBP_TUMOR_NECROSIS_FACTOR_SUPERFAMILY_CYTOKINE_PRODUCTION		166	-0.37474987	-1.3201236	0.036834925	0.32515037	1.0	2356	tags=20%, list=12%, signal=23%	
GOBP_SPINDLE_ASSEMBLY	GOBP_SPINDLE_ASSEMBLY		121	-0.39102203	-1.3195084	0.051282052	0.32611507	1.0	3089	tags=27%, list=16%, signal=32%	
GOBP_POSITIVE_REGULATION_OF_CELL_CYCLE_CHECKPOINT	GOBP_POSITIVE_REGULATION_OF_CELL_CYCLE_CHECKPOINT		18	-0.5428383	-1.3193003	0.12626262	0.32623324	1.0	3734	tags=50%, list=19%, signal=62%	
GOBP_REGULATION_OF_INFLAMMATORY_RESPONSE_TO_ANTIGENIC_STIMULUS	GOBP_REGULATION_OF_INFLAMMATORY_RESPONSE_TO_ANTIGENIC_STIMULUS		41	-0.4684968	-1.3192497	0.10631229	0.32597712	1.0	2763	tags=39%, list=14%, signal=45%	
GOBP_POSITIVE_REGULATION_OF_ENDOTHELIAL_CELL_MIGRATION	GOBP_POSITIVE_REGULATION_OF_ENDOTHELIAL_CELL_MIGRATION		100	-0.3979857	-1.3191934	0.06083086	0.3257352	1.0	2656	tags=26%, list=14%, signal=30%	
GOBP_CELLULAR_RESPONSE_TO_PH	GOBP_CELLULAR_RESPONSE_TO_PH		24	-0.52205426	-1.3191357	0.12413793	0.32550326	1.0	1294	tags=21%, list=7%, signal=22%	
GOBP_POSITIVE_REGULATION_OF_CYTOKINE_PRODUCTION_INVOLVED_IN_IMMUNE_RESPONSE	GOBP_POSITIVE_REGULATION_OF_CYTOKINE_PRODUCTION_INVOLVED_IN_IMMUNE_RESPONSE		80	-0.41960716	-1.3189723	0.05736434	0.32549763	1.0	2466	tags=25%, list=13%, signal=29%	
GOBP_REGULATORY_T_CELL_DIFFERENTIATION	GOBP_REGULATORY_T_CELL_DIFFERENTIATION		36	-0.47445264	-1.3189058	0.10677966	0.3253045	1.0	4478	tags=50%, list=23%, signal=65%	
GOBP_APPENDAGE_DEVELOPMENT	GOBP_APPENDAGE_DEVELOPMENT		175	-0.3763584	-1.3184885	0.029871978	0.32591835	1.0	1885	tags=18%, list=10%, signal=20%	
GOBP_NEGATIVE_REGULATION_OF_BMP_SIGNALING_PATHWAY	GOBP_NEGATIVE_REGULATION_OF_BMP_SIGNALING_PATHWAY		53	-0.44114643	-1.3184774	0.079617836	0.32559344	1.0	651	tags=15%, list=3%, signal=16%	
GOBP_NEGATIVE_REGULATION_OF_NEURON_APOPTOTIC_PROCESS	GOBP_NEGATIVE_REGULATION_OF_NEURON_APOPTOTIC_PROCESS		155	-0.3797669	-1.3183104	0.036931816	0.32561797	1.0	3768	tags=31%, list=19%, signal=38%	
GOBP_POSITIVE_REGULATION_OF_TUMOR_NECROSIS_FACTOR_SUPERFAMILY_CYTOKINE_PRODUCTION	GOBP_POSITIVE_REGULATION_OF_TUMOR_NECROSIS_FACTOR_SUPERFAMILY_CYTOKINE_PRODUCTION		106	-0.39637357	-1.3179915	0.06495468	0.32590854	1.0	2356	tags=24%, list=12%, signal=27%	
GOMF_P_TYPE_TRANSMEMBRANE_TRANSPORTER_ACTIVITY	GOMF_P_TYPE_TRANSMEMBRANE_TRANSPORTER_ACTIVITY		25	-0.5116524	-1.3178456	0.12349914	0.32586887	1.0	1391	tags=24%, list=7%, signal=26%	
GOBP_MITOTIC_NUCLEAR_DIVISION	GOBP_MITOTIC_NUCLEAR_DIVISION		268	-0.3555344	-1.3176254	0.021447722	0.32602167	1.0	3509	tags=28%, list=18%, signal=34%	
GOBP_MITOTIC_CELL_CYCLE_PHASE_TRANSITION	GOBP_MITOTIC_CELL_CYCLE_PHASE_TRANSITION		414	-0.3436124	-1.3175546	0.012210012	0.32580814	1.0	3729	tags=26%, list=19%, signal=31%	
GOBP_HIPPO_SIGNALING	GOBP_HIPPO_SIGNALING		54	-0.44312525	-1.3174438	0.08006279	0.32572153	1.0	2685	tags=33%, list=14%, signal=39%	
GOBP_POSITIVE_REGULATION_OF_PROTEIN_KINASE_ACTIVITY	GOBP_POSITIVE_REGULATION_OF_PROTEIN_KINASE_ACTIVITY		234	-0.36347666	-1.3171499	0.019151846	0.32601124	1.0	3436	tags=26%, list=18%, signal=31%	
GOCC_ADHERENS_JUNCTION	GOCC_ADHERENS_JUNCTION		183	-0.37067345	-1.3170527	0.04680851	0.3258565	1.0	3832	tags=30%, list=20%, signal=36%	
GOBP_NEGATIVE_REGULATION_OF_CELL_DEVELOPMENT	GOBP_NEGATIVE_REGULATION_OF_CELL_DEVELOPMENT		249	-0.3574587	-1.3170397	0.021850899	0.32554242	1.0	3339	tags=24%, list=17%, signal=28%	
GOBP_NEGATIVE_REGULATION_OF_AXON_EXTENSION	GOBP_NEGATIVE_REGULATION_OF_AXON_EXTENSION		31	-0.48344153	-1.3169161	0.1069079	0.32545662	1.0	2256	tags=29%, list=12%, signal=33%	
GOBP_NATURAL_KILLER_CELL_MEDIATED_IMMUNITY	GOBP_NATURAL_KILLER_CELL_MEDIATED_IMMUNITY		81	-0.40625945	-1.3165348	0.05900621	0.32592487	1.0	3837	tags=37%, list=20%, signal=46%	
GOBP_MICROTUBULE_POLYMERIZATION	GOBP_MICROTUBULE_POLYMERIZATION		90	-0.40670362	-1.3165071	0.05891473	0.32563162	1.0	3215	tags=29%, list=17%, signal=34%	
GOBP_PROTEIN_LOCALIZATION_TO_ENDOSOME	GOBP_PROTEIN_LOCALIZATION_TO_ENDOSOME		26	-0.5062703	-1.3161515	0.1362862	0.32600382	1.0	1831	tags=23%, list=9%, signal=25%	
GOBP_RESPONSE_TO_VITAMIN	GOBP_RESPONSE_TO_VITAMIN		87	-0.40437862	-1.3159509	0.06518518	0.32607746	1.0	1334	tags=18%, list=7%, signal=20%	
GOBP_MESENCHYMAL_CELL_MIGRATION	GOBP_MESENCHYMAL_CELL_MIGRATION		60	-0.4343246	-1.315913	0.08292683	0.32581183	1.0	2702	tags=32%, list=14%, signal=37%	
GOBP_POSITIVE_REGULATION_OF_LEUKOCYTE_PROLIFERATION	GOBP_POSITIVE_REGULATION_OF_LEUKOCYTE_PROLIFERATION		158	-0.38045704	-1.3151742	0.042372882	0.3269996	1.0	3813	tags=37%, list=20%, signal=46%	
GOBP_ACTIVATION_OF_CYSTEINE_TYPE_ENDOPEPTIDASE_ACTIVITY_INVOLVED_IN_APOPTOTIC_PROCESS	GOBP_ACTIVATION_OF_CYSTEINE_TYPE_ENDOPEPTIDASE_ACTIVITY_INVOLVED_IN_APOPTOTIC_PROCESS		68	-0.41689855	-1.3150576	0.08607199	0.3268984	1.0	3112	tags=24%, list=16%, signal=28%	
GOBP_REGULATION_OF_RAC_PROTEIN_SIGNAL_TRANSDUCTION	GOBP_REGULATION_OF_RAC_PROTEIN_SIGNAL_TRANSDUCTION		23	-0.5151313	-1.3148704	0.11908932	0.3269646	1.0	3033	tags=35%, list=16%, signal=41%	
GOMF_TRANSITION_METAL_ION_TRANSMEMBRANE_TRANSPORTER_ACTIVITY	GOMF_TRANSITION_METAL_ION_TRANSMEMBRANE_TRANSPORTER_ACTIVITY		42	-0.4615688	-1.3147309	0.108333334	0.3268844	1.0	3579	tags=31%, list=18%, signal=38%	
GOBP_REGULATION_OF_FIBROBLAST_PROLIFERATION	GOBP_REGULATION_OF_FIBROBLAST_PROLIFERATION		88	-0.40392366	-1.3146586	0.0648415	0.3267085	1.0	1450	tags=16%, list=7%, signal=17%	
GOCC_ESC_E_Z_COMPLEX	GOCC_ESC_E_Z_COMPLEX		15	-0.5662315	-1.3146528	0.13138686	0.32637233	1.0	3723	tags=47%, list=19%, signal=58%	
GOBP_WNT_SIGNALING_PATHWAY_PLANAR_CELL_POLARITY_PATHWAY	GOBP_WNT_SIGNALING_PATHWAY_PLANAR_CELL_POLARITY_PATHWAY		49	-0.4564404	-1.3143917	0.10662359	0.32654244	1.0	1316	tags=20%, list=7%, signal=22%	
GOBP_NEGATIVE_REGULATION_OF_DNA_REPLICATION	GOBP_NEGATIVE_REGULATION_OF_DNA_REPLICATION		23	-0.5188833	-1.3141313	0.12629758	0.326746	1.0	3514	tags=39%, list=18%, signal=48%	
GOBP_NEGATIVE_REGULATION_OF_TRANSFORMING_GROWTH_FACTOR_BETA_RECEPTOR_SIGNALING_PATHWAY	GOBP_NEGATIVE_REGULATION_OF_TRANSFORMING_GROWTH_FACTOR_BETA_RECEPTOR_SIGNALING_PATHWAY		88	-0.40409046	-1.3138807	0.067771085	0.32697865	1.0	1943	tags=19%, list=10%, signal=21%	
GOCC_GOLGI_CIS_CISTERNA	GOCC_GOLGI_CIS_CISTERNA		16	-0.5609213	-1.313774	0.13019891	0.3268521	1.0	2779	tags=38%, list=14%, signal=44%	
GOBP_CELLULAR_RESPONSE_TO_CADMIUM_ION	GOBP_CELLULAR_RESPONSE_TO_CADMIUM_ION		36	-0.47163737	-1.3135979	0.10810811	0.32687268	1.0	3297	tags=33%, list=17%, signal=40%	
GOBP_TRANSFORMING_GROWTH_FACTOR_BETA_PRODUCTION	GOBP_TRANSFORMING_GROWTH_FACTOR_BETA_PRODUCTION		33	-0.4796939	-1.3135405	0.10166667	0.32666314	1.0	1287	tags=24%, list=7%, signal=26%	
GOBP_POSITIVE_REGULATION_OF_T_CELL_CYTOKINE_PRODUCTION	GOBP_POSITIVE_REGULATION_OF_T_CELL_CYTOKINE_PRODUCTION		26	-0.5070358	-1.3134843	0.12653778	0.32641912	1.0	3721	tags=42%, list=19%, signal=52%	
GOBP_NEGATIVE_REGULATION_OF_MYELOID_LEUKOCYTE_DIFFERENTIATION	GOBP_NEGATIVE_REGULATION_OF_MYELOID_LEUKOCYTE_DIFFERENTIATION		49	-0.454008	-1.3129641	0.09934854	0.32718197	1.0	4320	tags=41%, list=22%, signal=52%	
GOBP_NEGATIVE_REGULATION_OF_PROTEIN_BINDING	GOBP_NEGATIVE_REGULATION_OF_PROTEIN_BINDING		65	-0.4259764	-1.312846	0.07692308	0.32710063	1.0	4405	tags=37%, list=23%, signal=48%	
GOBP_POSITIVE_REGULATION_OF_SECRETION	GOBP_POSITIVE_REGULATION_OF_SECRETION		306	-0.35292032	-1.3128436	0.010322581	0.32676646	1.0	2608	tags=21%, list=13%, signal=23%	
GOBP_REGULATION_OF_ADAPTIVE_IMMUNE_RESPONSE	GOBP_REGULATION_OF_ADAPTIVE_IMMUNE_RESPONSE		203	-0.3641696	-1.3126022	0.038567495	0.32694742	1.0	3768	tags=32%, list=19%, signal=39%	
GOBP_EMBRYONIC_ORGAN_MORPHOGENESIS	GOBP_EMBRYONIC_ORGAN_MORPHOGENESIS		290	-0.35094315	-1.3125457	0.018300654	0.32675657	1.0	2212	tags=18%, list=11%, signal=20%	
GOBP_SYMPATHETIC_NERVOUS_SYSTEM_DEVELOPMENT	GOBP_SYMPATHETIC_NERVOUS_SYSTEM_DEVELOPMENT		22	-0.51912445	-1.3120831	0.1402027	0.3273703	1.0	766	tags=18%, list=4%, signal=19%	
GOBP_POSITIVE_REGULATION_OF_RECEPTOR_MEDIATED_ENDOCYTOSIS	GOBP_POSITIVE_REGULATION_OF_RECEPTOR_MEDIATED_ENDOCYTOSIS		51	-0.43994102	-1.3119377	0.09569378	0.32736376	1.0	2407	tags=27%, list=12%, signal=31%	
GOBP_RENAL_SYSTEM_PROCESS	GOBP_RENAL_SYSTEM_PROCESS		123	-0.38590008	-1.3118227	0.056657225	0.3272742	1.0	3282	tags=28%, list=17%, signal=34%	
GOMF_SH2_DOMAIN_BINDING	GOMF_SH2_DOMAIN_BINDING		42	-0.45590302	-1.3117313	0.09693053	0.32713684	1.0	3123	tags=38%, list=16%, signal=45%	
GOBP_POSITIVE_REGULATION_OF_RESPONSE_TO_BIOTIC_STIMULUS	GOBP_POSITIVE_REGULATION_OF_RESPONSE_TO_BIOTIC_STIMULUS		379	-0.34542933	-1.311697	0.014814815	0.32687974	1.0	2867	tags=21%, list=15%, signal=24%	
GOMF_CYTOSKELETAL_MOTOR_ACTIVITY	GOMF_CYTOSKELETAL_MOTOR_ACTIVITY		106	-0.3919079	-1.3116598	0.056047197	0.32660583	1.0	3318	tags=28%, list=17%, signal=34%	
GOBP_STEROID_HORMONE_MEDIATED_SIGNALING_PATHWAY	GOBP_STEROID_HORMONE_MEDIATED_SIGNALING_PATHWAY		134	-0.3826619	-1.3114579	0.04378531	0.32669285	1.0	1410	tags=12%, list=7%, signal=13%	
GOCC_T_CELL_RECEPTOR_COMPLEX	GOCC_T_CELL_RECEPTOR_COMPLEX		17	-0.563292	-1.3096279	0.14136125	0.33034477	1.0	3526	tags=47%, list=18%, signal=57%	
GOBP_STEM_CELL_DEVELOPMENT	GOBP_STEM_CELL_DEVELOPMENT		85	-0.40506122	-1.3089706	0.06525038	0.33136973	1.0	2702	tags=28%, list=14%, signal=33%	
GOBP_MEMBRANE_INVAGINATION	GOBP_MEMBRANE_INVAGINATION		65	-0.41976425	-1.3086009	0.071428575	0.33179113	1.0	3107	tags=29%, list=16%, signal=35%	
GOBP_NEGATIVE_REGULATION_OF_ERBB_SIGNALING_PATHWAY	GOBP_NEGATIVE_REGULATION_OF_ERBB_SIGNALING_PATHWAY		30	-0.4844449	-1.3079225	0.12802768	0.332902	1.0	4331	tags=37%, list=22%, signal=47%	
GOBP_VIRAL_LIFE_CYCLE	GOBP_VIRAL_LIFE_CYCLE		306	-0.35097814	-1.3073614	0.01984127	0.33376515	1.0	2856	tags=21%, list=15%, signal=24%	
GOBP_MOLTING_CYCLE	GOBP_MOLTING_CYCLE		115	-0.38850015	-1.307044	0.056047197	0.33413464	1.0	4043	tags=36%, list=21%, signal=45%	
GOCC_ENDOCYTIC_VESICLE	GOCC_ENDOCYTIC_VESICLE		339	-0.3470309	-1.3070418	0.016270338	0.3337998	1.0	3056	tags=23%, list=16%, signal=26%	
GOBP_REGULATION_OF_INSULIN_LIKE_GROWTH_FACTOR_RECEPTOR_SIGNALING_PATHWAY	GOBP_REGULATION_OF_INSULIN_LIKE_GROWTH_FACTOR_RECEPTOR_SIGNALING_PATHWAY		22	-0.52268326	-1.3069649	0.12788633	0.33363178	1.0	1785	tags=27%, list=9%, signal=30%	
GOBP_NON_MEMBRANE_BOUNDED_ORGANELLE_ASSEMBLY	GOBP_NON_MEMBRANE_BOUNDED_ORGANELLE_ASSEMBLY		395	-0.34599423	-1.3067555	0.014888338	0.33373135	1.0	3153	tags=24%, list=16%, signal=28%	
GOBP_SMALL_GTPASE_MEDIATED_SIGNAL_TRANSDUCTION	GOBP_SMALL_GTPASE_MEDIATED_SIGNAL_TRANSDUCTION		478	-0.3392158	-1.3065118	0.009501188	0.33392268	1.0	3422	tags=27%, list=18%, signal=32%	
GOBP_POSITIVE_REGULATION_OF_MONOATOMIC_ION_TRANSPORT	GOBP_POSITIVE_REGULATION_OF_MONOATOMIC_ION_TRANSPORT		192	-0.36730707	-1.306405	0.030303031	0.3337996	1.0	2602	tags=22%, list=13%, signal=25%	
GOBP_VASODILATION	GOBP_VASODILATION		48	-0.4387345	-1.3060694	0.1008	0.33423302	1.0	2124	tags=23%, list=11%, signal=26%	
GOBP_MRNA_EXPORT_FROM_NUCLEUS	GOBP_MRNA_EXPORT_FROM_NUCLEUS		65	-0.4246632	-1.3060452	0.083596215	0.33393413	1.0	3108	tags=28%, list=16%, signal=33%	
GOBP_INTEGRATED_STRESS_RESPONSE_SIGNALING	GOBP_INTEGRATED_STRESS_RESPONSE_SIGNALING		45	-0.4506126	-1.3056538	0.103565365	0.33444503	1.0	836	tags=11%, list=4%, signal=12%	
GOBP_T_CELL_DIFFERENTIATION_INVOLVED_IN_IMMUNE_RESPONSE	GOBP_T_CELL_DIFFERENTIATION_INVOLVED_IN_IMMUNE_RESPONSE		85	-0.411795	-1.3055958	0.06581059	0.33421874	1.0	4637	tags=40%, list=24%, signal=52%	
GOCC_MHC_PROTEIN_COMPLEX	GOCC_MHC_PROTEIN_COMPLEX		24	-0.5186518	-1.3054723	0.119791664	0.33413222	1.0	3056	tags=38%, list=16%, signal=44%	
GOBP_BENZENE_CONTAINING_COMPOUND_METABOLIC_PROCESS	GOBP_BENZENE_CONTAINING_COMPOUND_METABOLIC_PROCESS		26	-0.5075253	-1.3052099	0.13605443	0.33433664	1.0	148	tags=15%, list=1%, signal=15%	
GOBP_METAPHASE_CHROMOSOME_ALIGNMENT	GOBP_METAPHASE_CHROMOSOME_ALIGNMENT		98	-0.3901598	-1.3046494	0.06351551	0.3351322	1.0	5044	tags=43%, list=26%, signal=58%	
GOBP_CELLULAR_COMPONENT_ASSEMBLY_INVOLVED_IN_MORPHOGENESIS	GOBP_CELLULAR_COMPONENT_ASSEMBLY_INVOLVED_IN_MORPHOGENESIS		131	-0.38142556	-1.304634	0.054441262	0.33481947	1.0	2925	tags=27%, list=15%, signal=31%	
GOBP_REGULATION_OF_CD4_POSITIVE_ALPHA_BETA_T_CELL_ACTIVATION	GOBP_REGULATION_OF_CD4_POSITIVE_ALPHA_BETA_T_CELL_ACTIVATION		78	-0.4138401	-1.3041424	0.07012195	0.335572	1.0	3721	tags=33%, list=19%, signal=41%	
GOBP_CYTOKINE_MEDIATED_SIGNALING_PATHWAY	GOBP_CYTOKINE_MEDIATED_SIGNALING_PATHWAY		493	-0.3373348	-1.3036456	0.008244994	0.33638936	1.0	2688	tags=21%, list=14%, signal=24%	
GOBP_POSITIVE_REGULATION_OF_MAP_KINASE_ACTIVITY	GOBP_POSITIVE_REGULATION_OF_MAP_KINASE_ACTIVITY		78	-0.40949035	-1.3032393	0.07680723	0.3369599	1.0	2811	tags=26%, list=14%, signal=30%	
GOBP_REGENERATION	GOBP_REGENERATION		187	-0.36620936	-1.3032373	0.033994336	0.33662334	1.0	2666	tags=22%, list=14%, signal=26%	
GOBP_CELL_GROWTH	GOBP_CELL_GROWTH		448	-0.34010312	-1.303065	0.013317191	0.33664227	1.0	2308	tags=16%, list=12%, signal=18%	
GOBP_CELL_PROLIFERATION_INVOLVED_IN_HEART_MORPHOGENESIS	GOBP_CELL_PROLIFERATION_INVOLVED_IN_HEART_MORPHOGENESIS		19	-0.53256136	-1.3028204	0.160221	0.33685523	1.0	4902	tags=47%, list=25%, signal=63%	
GOBP_SECRETION_BY_TISSUE	GOBP_SECRETION_BY_TISSUE		47	-0.44702202	-1.3026171	0.09593496	0.33691388	1.0	3168	tags=26%, list=16%, signal=30%	
GOBP_REGULATION_OF_CYSTEINE_TYPE_ENDOPEPTIDASE_ACTIVITY	GOBP_REGULATION_OF_CYSTEINE_TYPE_ENDOPEPTIDASE_ACTIVITY		182	-0.3690441	-1.3020284	0.029891305	0.3378536	1.0	3191	tags=24%, list=16%, signal=28%	
GOBP_REGULATION_OF_ASTROCYTE_DIFFERENTIATION	GOBP_REGULATION_OF_ASTROCYTE_DIFFERENTIATION		28	-0.48911878	-1.3019642	0.103270225	0.3376603	1.0	2452	tags=29%, list=13%, signal=33%	
GOBP_RESPONSE_TO_GLUCAGON	GOBP_RESPONSE_TO_GLUCAGON		22	-0.5170655	-1.3015052	0.13675214	0.33829802	1.0	1410	tags=23%, list=7%, signal=24%	
GOBP_REGULATION_OF_BICELLULAR_TIGHT_JUNCTION_ASSEMBLY	GOBP_REGULATION_OF_BICELLULAR_TIGHT_JUNCTION_ASSEMBLY		21	-0.5290957	-1.3009546	0.14031972	0.33912513	1.0	1944	tags=33%, list=10%, signal=37%	
GOBP_POSITIVE_REGULATION_OF_FAT_CELL_DIFFERENTIATION	GOBP_POSITIVE_REGULATION_OF_FAT_CELL_DIFFERENTIATION		67	-0.42402974	-1.3003625	0.10741301	0.34012538	1.0	2755	tags=30%, list=14%, signal=35%	
GOBP_ENTEROENDOCRINE_CELL_DIFFERENTIATION	GOBP_ENTEROENDOCRINE_CELL_DIFFERENTIATION		32	-0.4767421	-1.3002738	0.135506	0.33998227	1.0	819	tags=13%, list=4%, signal=13%	
GOBP_T_CELL_PROLIFERATION	GOBP_T_CELL_PROLIFERATION		204	-0.3641306	-1.3002644	0.029810298	0.33966377	1.0	2428	tags=24%, list=13%, signal=27%	
GOMF_NADPLUS_NUCLEOTIDASE_CYCLIC_ADP_RIBOSE_GENERATING	GOMF_NADPLUS_NUCLEOTIDASE_CYCLIC_ADP_RIBOSE_GENERATING		16	-0.55535007	-1.3001665	0.14260563	0.33955854	1.0	1599	tags=31%, list=8%, signal=34%	
GOBP_NEGATIVE_REGULATION_OF_FIBROBLAST_GROWTH_FACTOR_RECEPTOR_SIGNALING_PATHWAY	GOBP_NEGATIVE_REGULATION_OF_FIBROBLAST_GROWTH_FACTOR_RECEPTOR_SIGNALING_PATHWAY		19	-0.53824	-1.2999816	0.1402214	0.33963102	1.0	914	tags=26%, list=5%, signal=28%	
GOBP_NEGATIVE_REGULATION_OF_CELL_CYCLE	GOBP_NEGATIVE_REGULATION_OF_CELL_CYCLE		355	-0.34430155	-1.299792	0.024479805	0.33970782	1.0	3734	tags=30%, list=19%, signal=36%	
GOBP_ARF_PROTEIN_SIGNAL_TRANSDUCTION	GOBP_ARF_PROTEIN_SIGNAL_TRANSDUCTION		22	-0.5163496	-1.2997842	0.1295681	0.33939302	1.0	2431	tags=32%, list=13%, signal=36%	
GOMF_ACTININ_BINDING	GOMF_ACTININ_BINDING		37	-0.46084392	-1.2995304	0.11544991	0.33958805	1.0	2503	tags=24%, list=13%, signal=28%	
GOBP_RESPONSE_TO_TUMOR_CELL	GOBP_RESPONSE_TO_TUMOR_CELL		41	-0.4596236	-1.299416	0.12131148	0.33953393	1.0	3362	tags=39%, list=17%, signal=47%	
GOCC_PROTON_TRANSPORTING_V_TYPE_ATPASE_COMPLEX	GOCC_PROTON_TRANSPORTING_V_TYPE_ATPASE_COMPLEX		27	-0.5000206	-1.2993313	0.12369338	0.33938518	1.0	150	tags=7%, list=1%, signal=7%	
GOBP_EXTRINSIC_APOPTOTIC_SIGNALING_PATHWAY_VIA_DEATH_DOMAIN_RECEPTORS	GOBP_EXTRINSIC_APOPTOTIC_SIGNALING_PATHWAY_VIA_DEATH_DOMAIN_RECEPTORS		81	-0.40569347	-1.2991351	0.08245877	0.3394976	1.0	1612	tags=21%, list=8%, signal=23%	
GOBP_ANIMAL_ORGAN_MATURATION	GOBP_ANIMAL_ORGAN_MATURATION		29	-0.4963479	-1.2987503	0.11932773	0.3399608	1.0	2361	tags=34%, list=12%, signal=39%	
GOBP_RESPONSE_TO_CORTICOSTERONE	GOBP_RESPONSE_TO_CORTICOSTERONE		17	-0.54454195	-1.2984971	0.15135135	0.34016562	1.0	1727	tags=29%, list=9%, signal=32%	
GOBP_REGULATION_OF_T_HELPER_1_TYPE_IMMUNE_RESPONSE	GOBP_REGULATION_OF_T_HELPER_1_TYPE_IMMUNE_RESPONSE		31	-0.4784563	-1.2983618	0.12887439	0.34013602	1.0	2542	tags=29%, list=13%, signal=33%	
GOBP_NEGATIVE_REGULATION_OF_INFLAMMATORY_RESPONSE	GOBP_NEGATIVE_REGULATION_OF_INFLAMMATORY_RESPONSE		154	-0.3734535	-1.298318	0.049723756	0.33990464	1.0	2805	tags=27%, list=14%, signal=31%	
GOBP_CHOLESTEROL_STORAGE	GOBP_CHOLESTEROL_STORAGE		23	-0.49715316	-1.2980872	0.1474245	0.3401109	1.0	3104	tags=43%, list=16%, signal=52%	
GOBP_EPITHELIAL_CELL_MATURATION	GOBP_EPITHELIAL_CELL_MATURATION		27	-0.48924863	-1.2978635	0.11463845	0.3402703	1.0	1944	tags=26%, list=10%, signal=29%	
GOBP_REGULATION_OF_LIPOPOLYSACCHARIDE_MEDIATED_SIGNALING_PATHWAY	GOBP_REGULATION_OF_LIPOPOLYSACCHARIDE_MEDIATED_SIGNALING_PATHWAY		26	-0.5008353	-1.2974137	0.12084063	0.34086618	1.0	1959	tags=27%, list=10%, signal=30%	
GOBP_EXOCYTOSIS	GOBP_EXOCYTOSIS		335	-0.34735537	-1.2973132	0.0157767	0.34074128	1.0	2212	tags=19%, list=11%, signal=21%	
GOBP_RESPIRATORY_BURST	GOBP_RESPIRATORY_BURST		35	-0.47038054	-1.2973	0.1092437	0.3404335	1.0	1253	tags=23%, list=6%, signal=24%	
GOBP_GLIAL_CELL_MIGRATION	GOBP_GLIAL_CELL_MIGRATION		56	-0.42858374	-1.2971456	0.08862876	0.3404576	1.0	2963	tags=32%, list=15%, signal=38%	
GOBP_MESENCHYMAL_CELL_APOPTOTIC_PROCESS	GOBP_MESENCHYMAL_CELL_APOPTOTIC_PROCESS		16	-0.5436064	-1.2968992	0.13953489	0.3406613	1.0	418	tags=19%, list=2%, signal=19%	
GOCC_BASEMENT_MEMBRANE	GOCC_BASEMENT_MEMBRANE		91	-0.40008262	-1.2961075	0.0668693	0.3420519	1.0	2493	tags=30%, list=13%, signal=34%	
GOBP_REGULATION_OF_MICROTUBULE_POLYMERIZATION_OR_DEPOLYMERIZATION	GOBP_REGULATION_OF_MICROTUBULE_POLYMERIZATION_OR_DEPOLYMERIZATION		89	-0.40380177	-1.2960043	0.075555556	0.34195778	1.0	3358	tags=31%, list=17%, signal=38%	
GOCC_CLEAVAGE_FURROW	GOCC_CLEAVAGE_FURROW		49	-0.44347233	-1.2958959	0.0816	0.34186783	1.0	3832	tags=31%, list=20%, signal=38%	
GOBP_POSITIVE_REGULATION_OF_BONE_MINERALIZATION	GOBP_POSITIVE_REGULATION_OF_BONE_MINERALIZATION		41	-0.45463872	-1.2956725	0.12478921	0.3420002	1.0	3992	tags=46%, list=21%, signal=58%	
GOBP_NEGATIVE_REGULATION_OF_CELL_ACTIVATION	GOBP_NEGATIVE_REGULATION_OF_CELL_ACTIVATION		200	-0.36075154	-1.2956657	0.03387534	0.34168413	1.0	2933	tags=27%, list=15%, signal=31%	
GOBP_POST_ANAL_TAIL_MORPHOGENESIS	GOBP_POST_ANAL_TAIL_MORPHOGENESIS		18	-0.5338663	-1.2954346	0.14209591	0.34184456	1.0	1606	tags=33%, list=8%, signal=36%	
GOCC_FICOLIN_1_RICH_GRANULE_MEMBRANE	GOCC_FICOLIN_1_RICH_GRANULE_MEMBRANE		58	-0.4223404	-1.2949017	0.10714286	0.34270728	1.0	2808	tags=28%, list=14%, signal=32%	
GOBP_PHENOL_CONTAINING_COMPOUND_BIOSYNTHETIC_PROCESS	GOBP_PHENOL_CONTAINING_COMPOUND_BIOSYNTHETIC_PROCESS		45	-0.45500827	-1.2948749	0.10031348	0.34243312	1.0	2895	tags=29%, list=15%, signal=34%	
GOBP_INTERLEUKIN_6_PRODUCTION	GOBP_INTERLEUKIN_6_PRODUCTION		144	-0.37397128	-1.2947102	0.061428573	0.34247637	1.0	2563	tags=24%, list=13%, signal=27%	
GOMF_SMALL_MOLECULE_SENSOR_ACTIVITY	GOMF_SMALL_MOLECULE_SENSOR_ACTIVITY		44	-0.45939833	-1.2942526	0.11892797	0.34314343	1.0	3378	tags=32%, list=17%, signal=38%	
GOBP_TISSUE_REMODELING	GOBP_TISSUE_REMODELING		173	-0.3656779	-1.2938609	0.041547276	0.34362924	1.0	2804	tags=25%, list=14%, signal=29%	
GOBP_POSITIVE_REGULATION_OF_B_CELL_ACTIVATION	GOBP_POSITIVE_REGULATION_OF_B_CELL_ACTIVATION		81	-0.40069276	-1.2936654	0.07587253	0.3437388	1.0	4591	tags=44%, list=24%, signal=58%	
GOBP_REGULATION_OF_MITOTIC_NUCLEAR_DIVISION	GOBP_REGULATION_OF_MITOTIC_NUCLEAR_DIVISION		116	-0.38166958	-1.2935821	0.063609466	0.34357336	1.0	3690	tags=36%, list=19%, signal=44%	
GOBP_EPITHELIAL_CELL_DIFFERENTIATION_INVOLVED_IN_KIDNEY_DEVELOPMENT	GOBP_EPITHELIAL_CELL_DIFFERENTIATION_INVOLVED_IN_KIDNEY_DEVELOPMENT		49	-0.43821514	-1.2935005	0.10231023	0.34342638	1.0	3003	tags=33%, list=15%, signal=39%	
GOBP_CELLULAR_RESPONSE_TO_TYPE_II_INTERFERON	GOBP_CELLULAR_RESPONSE_TO_TYPE_II_INTERFERON		92	-0.38940337	-1.293135	0.08575582	0.34391943	1.0	2840	tags=29%, list=15%, signal=34%	
GOBP_LIMBIC_SYSTEM_DEVELOPMENT	GOBP_LIMBIC_SYSTEM_DEVELOPMENT		125	-0.38002715	-1.2931172	0.055964652	0.34362912	1.0	1885	tags=14%, list=10%, signal=15%	
GOBP_HEART_VALVE_MORPHOGENESIS	GOBP_HEART_VALVE_MORPHOGENESIS		60	-0.42454958	-1.2926797	0.09967846	0.34432912	1.0	2558	tags=30%, list=13%, signal=34%	
GOBP_CELL_FATE_DETERMINATION	GOBP_CELL_FATE_DETERMINATION		42	-0.45434764	-1.2924386	0.105511814	0.3444955	1.0	1095	tags=12%, list=6%, signal=13%	
GOCC_PORE_COMPLEX	GOCC_PORE_COMPLEX		25	-0.5083069	-1.2923615	0.14946619	0.3443251	1.0	4259	tags=48%, list=22%, signal=61%	
GOBP_GLIAL_CELL_DERIVED_NEUROTROPHIC_FACTOR_RECEPTOR_SIGNALING_PATHWAY	GOBP_GLIAL_CELL_DERIVED_NEUROTROPHIC_FACTOR_RECEPTOR_SIGNALING_PATHWAY		15	-0.5622521	-1.2923363	0.17562725	0.34404665	1.0	2235	tags=27%, list=12%, signal=30%	
GOBP_REGULATION_OF_CYSTEINE_TYPE_ENDOPEPTIDASE_ACTIVITY_INVOLVED_IN_APOPTOTIC_PROCESS	GOBP_REGULATION_OF_CYSTEINE_TYPE_ENDOPEPTIDASE_ACTIVITY_INVOLVED_IN_APOPTOTIC_PROCESS		152	-0.37022215	-1.2923281	0.044576522	0.3437294	1.0	3122	tags=22%, list=16%, signal=26%	
GOMF_G_PROTEIN_COUPLED_CHEMOATTRACTANT_RECEPTOR_ACTIVITY	GOMF_G_PROTEIN_COUPLED_CHEMOATTRACTANT_RECEPTOR_ACTIVITY		26	-0.49705824	-1.2923181	0.12435233	0.3434198	1.0	4094	tags=35%, list=21%, signal=44%	
GOBP_ACTOMYOSIN_STRUCTURE_ORGANIZATION	GOBP_ACTOMYOSIN_STRUCTURE_ORGANIZATION		209	-0.35962212	-1.292164	0.023448275	0.34341863	1.0	2601	tags=25%, list=13%, signal=28%	
GOBP_POSITIVE_REGULATION_OF_AMIDE_METABOLIC_PROCESS	GOBP_POSITIVE_REGULATION_OF_AMIDE_METABOLIC_PROCESS		28	-0.49653724	-1.2920506	0.13050847	0.343358	1.0	4400	tags=36%, list=23%, signal=46%	
GOBP_MITOTIC_G1_S_TRANSITION_CHECKPOINT_SIGNALING	GOBP_MITOTIC_G1_S_TRANSITION_CHECKPOINT_SIGNALING		30	-0.48102105	-1.2916602	0.1396104	0.34386483	1.0	2007	tags=20%, list=10%, signal=22%	
GOBP_REGULATION_OF_RECEPTOR_INTERNALIZATION	GOBP_REGULATION_OF_RECEPTOR_INTERNALIZATION		63	-0.4203065	-1.2916445	0.10344828	0.34357142	1.0	2376	tags=14%, list=12%, signal=16%	
GOBP_MICROTUBULE_CYTOSKELETON_ORGANIZATION_INVOLVED_IN_MITOSIS	GOBP_MICROTUBULE_CYTOSKELETON_ORGANIZATION_INVOLVED_IN_MITOSIS		157	-0.3712068	-1.2900884	0.06258891	0.34657758	1.0	4512	tags=34%, list=23%, signal=44%	
GOBP_RESPONSE_TO_CADMIUM_ION	GOBP_RESPONSE_TO_CADMIUM_ION		58	-0.4271855	-1.2899595	0.10361067	0.34654132	1.0	2470	tags=26%, list=13%, signal=30%	
GOBP_CYTOSKELETON_DEPENDENT_CYTOKINESIS	GOBP_CYTOSKELETON_DEPENDENT_CYTOKINESIS		101	-0.3914795	-1.2896711	0.078947365	0.3468089	1.0	3426	tags=28%, list=18%, signal=33%	
GOBP_LIVER_REGENERATION	GOBP_LIVER_REGENERATION		31	-0.47678512	-1.2895103	0.11187608	0.34682277	1.0	1481	tags=26%, list=8%, signal=28%	
GOBP_POSITIVE_REGULATION_OF_BIOMINERAL_TISSUE_DEVELOPMENT	GOBP_POSITIVE_REGULATION_OF_BIOMINERAL_TISSUE_DEVELOPMENT		50	-0.4338516	-1.2894777	0.114617944	0.34656572	1.0	3768	tags=38%, list=19%, signal=47%	
GOBP_NEGATIVE_REGULATION_OF_ERK1_AND_ERK2_CASCADE	GOBP_NEGATIVE_REGULATION_OF_ERK1_AND_ERK2_CASCADE		62	-0.4157963	-1.2891127	0.112164296	0.34703314	1.0	4320	tags=44%, list=22%, signal=56%	
GOBP_REGULATION_OF_EXTRINSIC_APOPTOTIC_SIGNALING_PATHWAY_VIA_DEATH_DOMAIN_RECEPTORS	GOBP_REGULATION_OF_EXTRINSIC_APOPTOTIC_SIGNALING_PATHWAY_VIA_DEATH_DOMAIN_RECEPTORS		46	-0.44151855	-1.2879299	0.112561174	0.3492503	1.0	1959	tags=26%, list=10%, signal=29%	
GOBP_MEIOSIS_I_CELL_CYCLE_PROCESS	GOBP_MEIOSIS_I_CELL_CYCLE_PROCESS		117	-0.38463426	-1.2876322	0.074927956	0.3495729	1.0	3152	tags=26%, list=16%, signal=30%	
GOCC_APICAL_PART_OF_CELL	GOCC_APICAL_PART_OF_CELL		446	-0.33389616	-1.2874663	0.012180268	0.34962544	1.0	2835	tags=20%, list=15%, signal=23%	
GOBP_GLIAL_CELL_PROLIFERATION	GOBP_GLIAL_CELL_PROLIFERATION		54	-0.43079317	-1.2874649	0.1152	0.34929758	1.0	2666	tags=31%, list=14%, signal=36%	
GOBP_NEGATIVE_REGULATION_OF_MITOTIC_CELL_CYCLE_PHASE_TRANSITION	GOBP_NEGATIVE_REGULATION_OF_MITOTIC_CELL_CYCLE_PHASE_TRANSITION		169	-0.3671293	-1.2873322	0.053521127	0.34927705	1.0	3690	tags=28%, list=19%, signal=35%	
GOBP_POSITIVE_REGULATION_OF_SODIUM_ION_TRANSPORT	GOBP_POSITIVE_REGULATION_OF_SODIUM_ION_TRANSPORT		31	-0.47450835	-1.2872313	0.11892797	0.3491508	1.0	2430	tags=32%, list=13%, signal=37%	
GOBP_ASTROCYTE_DIFFERENTIATION	GOBP_ASTROCYTE_DIFFERENTIATION		84	-0.40015143	-1.2871625	0.078668684	0.34898034	1.0	1170	tags=15%, list=6%, signal=16%	
GOBP_POSITIVE_REGULATION_OF_LEUKOCYTE_MEDIATED_IMMUNITY	GOBP_POSITIVE_REGULATION_OF_LEUKOCYTE_MEDIATED_IMMUNITY		145	-0.37077603	-1.2870313	0.055793993	0.34894845	1.0	3056	tags=31%, list=16%, signal=37%	
GOBP_POSITIVE_REGULATION_OF_CELL_JUNCTION_ASSEMBLY	GOBP_POSITIVE_REGULATION_OF_CELL_JUNCTION_ASSEMBLY		106	-0.391468	-1.2865657	0.07020057	0.3496677	1.0	1235	tags=16%, list=6%, signal=17%	
GOMF_CARBONATE_DEHYDRATASE_ACTIVITY	GOMF_CARBONATE_DEHYDRATASE_ACTIVITY		15	-0.5538471	-1.2860117	0.15675676	0.3505455	1.0	1005	tags=27%, list=5%, signal=28%	
GOBP_NEGATIVE_REGULATION_OF_HEMOPOIESIS	GOBP_NEGATIVE_REGULATION_OF_HEMOPOIESIS		107	-0.3894983	-1.2860113	0.07132667	0.35021695	1.0	932	tags=13%, list=5%, signal=14%	
GOBP_MYELOID_LEUKOCYTE_DIFFERENTIATION	GOBP_MYELOID_LEUKOCYTE_DIFFERENTIATION		227	-0.3571836	-1.2857132	0.040629096	0.3505701	1.0	3357	tags=26%, list=17%, signal=32%	
GOBP_POSITIVE_REGULATION_OF_MIRNA_TRANSCRIPTION	GOBP_POSITIVE_REGULATION_OF_MIRNA_TRANSCRIPTION		54	-0.43040243	-1.2856637	0.10823909	0.35035217	1.0	2603	tags=30%, list=13%, signal=34%	
GOBP_NEGATIVE_REGULATION_OF_ION_TRANSMEMBRANE_TRANSPORTER_ACTIVITY	GOBP_NEGATIVE_REGULATION_OF_ION_TRANSMEMBRANE_TRANSPORTER_ACTIVITY		54	-0.43011522	-1.2856574	0.10047096	0.35003743	1.0	925	tags=15%, list=5%, signal=16%	
GOBP_NEGATIVE_REGULATION_OF_TRANSPORTER_ACTIVITY	GOBP_NEGATIVE_REGULATION_OF_TRANSPORTER_ACTIVITY		61	-0.42398807	-1.2854818	0.0906298	0.35009828	1.0	925	tags=15%, list=5%, signal=15%	
GOBP_POSITIVE_REGULATION_OF_T_CELL_PROLIFERATION	GOBP_POSITIVE_REGULATION_OF_T_CELL_PROLIFERATION		98	-0.3934503	-1.2851925	0.07938931	0.35045335	1.0	3721	tags=38%, list=19%, signal=46%	
GOBP_CELLULAR_RESPONSE_TO_OXYGEN_RADICAL	GOBP_CELLULAR_RESPONSE_TO_OXYGEN_RADICAL		21	-0.5280069	-1.2851859	0.14867257	0.35014042	1.0	2895	tags=38%, list=15%, signal=45%	
GOBP_HOMOPHILIC_CELL_ADHESION_VIA_PLASMA_MEMBRANE_ADHESION_MOLECULES	GOBP_HOMOPHILIC_CELL_ADHESION_VIA_PLASMA_MEMBRANE_ADHESION_MOLECULES		165	-0.36828277	-1.284307	0.047413792	0.35171542	1.0	2044	tags=18%, list=11%, signal=19%	
GOBP_ENDOCRINE_PROCESS	GOBP_ENDOCRINE_PROCESS		89	-0.39739496	-1.284285	0.071539655	0.35144088	1.0	1610	tags=19%, list=8%, signal=21%	
GOBP_GLYCINE_TRANSPORT	GOBP_GLYCINE_TRANSPORT		15	-0.56706417	-1.2842165	0.16636528	0.3512871	1.0	621	tags=20%, list=3%, signal=21%	
GOBP_NEGATIVE_REGULATION_OF_PEPTIDYL_TYROSINE_PHOSPHORYLATION	GOBP_NEGATIVE_REGULATION_OF_PEPTIDYL_TYROSINE_PHOSPHORYLATION		41	-0.45190063	-1.2839736	0.119476266	0.351492	1.0	2515	tags=22%, list=13%, signal=25%	
GOBP_DNA_INTEGRITY_CHECKPOINT_SIGNALING	GOBP_DNA_INTEGRITY_CHECKPOINT_SIGNALING		126	-0.382306	-1.2834127	0.0625	0.35241726	1.0	3734	tags=29%, list=19%, signal=36%	
GOBP_RECEPTOR_LOCALIZATION_TO_SYNAPSE	GOBP_RECEPTOR_LOCALIZATION_TO_SYNAPSE		60	-0.42341417	-1.2833471	0.10197869	0.35223073	1.0	2665	tags=23%, list=14%, signal=27%	
GOBP_REGULATION_OF_NEUTROPHIL_CHEMOTAXIS	GOBP_REGULATION_OF_NEUTROPHIL_CHEMOTAXIS		32	-0.47322237	-1.2828665	0.13666667	0.35297608	1.0	3146	tags=44%, list=16%, signal=52%	
GOBP_CHROMOSOME_LOCALIZATION	GOBP_CHROMOSOME_LOCALIZATION		116	-0.3832007	-1.2826113	0.06437768	0.35320663	1.0	5044	tags=41%, list=26%, signal=54%	
GOBP_DETECTION_OF_OTHER_ORGANISM	GOBP_DETECTION_OF_OTHER_ORGANISM		19	-0.5187669	-1.2825718	0.15410958	0.35297054	1.0	889	tags=21%, list=5%, signal=22%	
GOBP_AORTA_MORPHOGENESIS	GOBP_AORTA_MORPHOGENESIS		34	-0.46492743	-1.2824999	0.12006861	0.35282013	1.0	2558	tags=29%, list=13%, signal=34%	
GOBP_COLUMNAR_CUBOIDAL_EPITHELIAL_CELL_DIFFERENTIATION	GOBP_COLUMNAR_CUBOIDAL_EPITHELIAL_CELL_DIFFERENTIATION		119	-0.3776872	-1.2823964	0.061692968	0.35272965	1.0	2773	tags=21%, list=14%, signal=24%	
GOBP_AMINE_BIOSYNTHETIC_PROCESS	GOBP_AMINE_BIOSYNTHETIC_PROCESS		37	-0.4524506	-1.282254	0.12183544	0.35271034	1.0	2895	tags=32%, list=15%, signal=38%	
GOMF_SH3_DOMAIN_BINDING	GOMF_SH3_DOMAIN_BINDING		118	-0.37772453	-1.2814972	0.061764706	0.35401505	1.0	3152	tags=32%, list=16%, signal=38%	
GOBP_DNA_STRAND_ELONGATION	GOBP_DNA_STRAND_ELONGATION		36	-0.46218193	-1.2813904	0.13824058	0.3539262	1.0	3281	tags=36%, list=17%, signal=43%	
GOBP_VASCULAR_TRANSPORT	GOBP_VASCULAR_TRANSPORT		83	-0.39375743	-1.2812667	0.081871346	0.35390884	1.0	1749	tags=20%, list=9%, signal=22%	
GOBP_POSITIVE_REGULATION_OF_INTERLEUKIN_6_PRODUCTION	GOBP_POSITIVE_REGULATION_OF_INTERLEUKIN_6_PRODUCTION		94	-0.3933084	-1.281141	0.09955423	0.35386914	1.0	2563	tags=27%, list=13%, signal=30%	
GOBP_EMBRYONIC_APPENDAGE_MORPHOGENESIS	GOBP_EMBRYONIC_APPENDAGE_MORPHOGENESIS		119	-0.38101333	-1.2809777	0.08045977	0.353932	1.0	1885	tags=19%, list=10%, signal=21%	
GOBP_REGULATION_OF_CELLULAR_RESPONSE_TO_TRANSFORMING_GROWTH_FACTOR_BETA_STIMULUS	GOBP_REGULATION_OF_CELLULAR_RESPONSE_TO_TRANSFORMING_GROWTH_FACTOR_BETA_STIMULUS		137	-0.37437755	-1.2809584	0.06540698	0.3536471	1.0	1943	tags=18%, list=10%, signal=19%	
GOBP_TOOTH_MINERALIZATION	GOBP_TOOTH_MINERALIZATION		32	-0.47910115	-1.2808781	0.12478336	0.35351276	1.0	2635	tags=22%, list=14%, signal=25%	
GOBP_REGULATION_OF_CELL_SUBSTRATE_ADHESION	GOBP_REGULATION_OF_CELL_SUBSTRATE_ADHESION		208	-0.355913	-1.2808511	0.04644809	0.3532527	1.0	2636	tags=25%, list=14%, signal=29%	
GOBP_EXTRACELLULAR_MATRIX_DISASSEMBLY	GOBP_EXTRACELLULAR_MATRIX_DISASSEMBLY		60	-0.42161918	-1.280203	0.11111111	0.35443932	1.0	2442	tags=27%, list=13%, signal=30%	
GOCC_CELL_DIVISION_SITE	GOCC_CELL_DIVISION_SITE		58	-0.42298946	-1.2799038	0.11076443	0.3548127	1.0	3941	tags=29%, list=20%, signal=37%	
GOBP_REGULATION_OF_T_CELL_PROLIFERATION	GOBP_REGULATION_OF_T_CELL_PROLIFERATION		171	-0.3591043	-1.2795222	0.057873487	0.35535738	1.0	2428	tags=25%, list=13%, signal=28%	
GOBP_NEURON_APOPTOTIC_PROCESS	GOBP_NEURON_APOPTOTIC_PROCESS		278	-0.34573686	-1.2789398	0.032258064	0.35628447	1.0	3318	tags=24%, list=17%, signal=29%	
GOBP_DIENCEPHALON_DEVELOPMENT	GOBP_DIENCEPHALON_DEVELOPMENT		81	-0.4004748	-1.2785274	0.09733124	0.35686648	1.0	1144	tags=14%, list=6%, signal=14%	
GOMF_LAMININ_BINDING	GOMF_LAMININ_BINDING		28	-0.4808729	-1.278306	0.15422885	0.35704872	1.0	1491	tags=25%, list=8%, signal=27%	
GOBP_PLASMA_MEMBRANE_PHOSPHOLIPID_SCRAMBLING	GOBP_PLASMA_MEMBRANE_PHOSPHOLIPID_SCRAMBLING		25	-0.49096602	-1.277586	0.14109348	0.35832492	1.0	4347	tags=40%, list=22%, signal=51%	
GOBP_NEUROTRANSMITTER_TRANSPORT	GOBP_NEUROTRANSMITTER_TRANSPORT		204	-0.3519334	-1.2773899	0.049861494	0.35840118	1.0	1925	tags=16%, list=10%, signal=18%	
GOBP_EMBRYONIC_BRAIN_DEVELOPMENT	GOBP_EMBRYONIC_BRAIN_DEVELOPMENT		18	-0.5342804	-1.2767268	0.14516129	0.35952914	1.0	1006	tags=22%, list=5%, signal=23%	
GOBP_REGULATION_OF_T_CELL_MEDIATED_IMMUNITY	GOBP_REGULATION_OF_T_CELL_MEDIATED_IMMUNITY		100	-0.39212897	-1.2756827	0.07982583	0.36154878	1.0	2519	tags=24%, list=13%, signal=27%	
GOBP_ALPHA_BETA_T_CELL_DIFFERENTIATION	GOBP_ALPHA_BETA_T_CELL_DIFFERENTIATION		125	-0.37433636	-1.2755711	0.067047074	0.3614563	1.0	4637	tags=42%, list=24%, signal=54%	
GOBP_POSITIVE_REGULATION_OF_PROTEIN_SERINE_THREONINE_KINASE_ACTIVITY	GOBP_POSITIVE_REGULATION_OF_PROTEIN_SERINE_THREONINE_KINASE_ACTIVITY		117	-0.37964246	-1.2752699	0.06518518	0.36182168	1.0	3033	tags=25%, list=16%, signal=29%	
GOBP_POSITIVE_REGULATION_OF_LIPASE_ACTIVITY	GOBP_POSITIVE_REGULATION_OF_LIPASE_ACTIVITY		49	-0.42942524	-1.2752676	0.12419355	0.36150023	1.0	2907	tags=31%, list=15%, signal=36%	
GOBP_MICROVILLUS_ORGANIZATION	GOBP_MICROVILLUS_ORGANIZATION		27	-0.48964494	-1.2750974	0.13965517	0.36158225	1.0	2719	tags=30%, list=14%, signal=34%	
GOBP_ADAPTIVE_THERMOGENESIS	GOBP_ADAPTIVE_THERMOGENESIS		166	-0.36184725	-1.27504	0.05291723	0.36137918	1.0	1499	tags=16%, list=8%, signal=17%	
GOMF_PEPTIDASE_REGULATOR_ACTIVITY	GOMF_PEPTIDASE_REGULATOR_ACTIVITY		220	-0.35033873	-1.2749039	0.045278136	0.3613631	1.0	2009	tags=17%, list=10%, signal=19%	
GOBP_ODONTOGENESIS_OF_DENTIN_CONTAINING_TOOTH	GOBP_ODONTOGENESIS_OF_DENTIN_CONTAINING_TOOTH		91	-0.39156875	-1.2746586	0.08395802	0.3615654	1.0	2635	tags=21%, list=14%, signal=24%	
GOBP_REGULATION_OF_CELL_CYCLE_PHASE_TRANSITION	GOBP_REGULATION_OF_CELL_CYCLE_PHASE_TRANSITION		405	-0.33299017	-1.2742351	0.023602484	0.36216995	1.0	3734	tags=27%, list=19%, signal=32%	
GOBP_IRON_ION_TRANSMEMBRANE_TRANSPORT	GOBP_IRON_ION_TRANSMEMBRANE_TRANSPORT		21	-0.50836664	-1.273916	0.14855072	0.36258733	1.0	2796	tags=38%, list=14%, signal=44%	
GOBP_NEGATIVE_REGULATION_OF_LEUKOCYTE_PROLIFERATION	GOBP_NEGATIVE_REGULATION_OF_LEUKOCYTE_PROLIFERATION		93	-0.38807076	-1.2738175	0.08779762	0.3624644	1.0	2333	tags=28%, list=12%, signal=32%	
GOBP_DOPAMINE_TRANSPORT	GOBP_DOPAMINE_TRANSPORT		43	-0.44036615	-1.2732427	0.14603175	0.36335573	1.0	1556	tags=14%, list=8%, signal=15%	
GOMF_NUCLEOSIDE_TRIPHOSPHATASE_REGULATOR_ACTIVITY	GOMF_NUCLEOSIDE_TRIPHOSPHATASE_REGULATOR_ACTIVITY		456	-0.32998747	-1.2731822	0.019753087	0.36315426	1.0	3421	tags=26%, list=18%, signal=31%	
GOMF_EXTRACELLULAR_MATRIX_STRUCTURAL_CONSTITUENT	GOMF_EXTRACELLULAR_MATRIX_STRUCTURAL_CONSTITUENT		158	-0.36310264	-1.2726701	0.062767476	0.36395466	1.0	2562	tags=25%, list=13%, signal=29%	
GOBP_RESPONSE_TO_NUTRIENT	GOBP_RESPONSE_TO_NUTRIENT		162	-0.36325482	-1.2720481	0.061643835	0.36512384	1.0	1334	tags=15%, list=7%, signal=16%	
GOBP_OSTEOCLAST_DIFFERENTIATION	GOBP_OSTEOCLAST_DIFFERENTIATION		102	-0.38422847	-1.2718678	0.102639295	0.3652223	1.0	3151	tags=27%, list=16%, signal=33%	
GOBP_SIGNAL_TRANSDUCTION_IN_RESPONSE_TO_DNA_DAMAGE	GOBP_SIGNAL_TRANSDUCTION_IN_RESPONSE_TO_DNA_DAMAGE		176	-0.35454118	-1.2714599	0.065155804	0.3658169	1.0	3021	tags=23%, list=16%, signal=27%	
GOBP_POSITIVE_REGULATION_OF_FILOPODIUM_ASSEMBLY	GOBP_POSITIVE_REGULATION_OF_FILOPODIUM_ASSEMBLY		30	-0.46859035	-1.2708514	0.15834768	0.36689425	1.0	1743	tags=23%, list=9%, signal=26%	
GOBP_NEGATIVE_REGULATION_OF_CELL_ADHESION	GOBP_NEGATIVE_REGULATION_OF_CELL_ADHESION		282	-0.34438765	-1.2708325	0.028967254	0.36661083	1.0	3381	tags=29%, list=17%, signal=35%	
GOBP_NEGATIVE_REGULATION_OF_T_CELL_RECEPTOR_SIGNALING_PATHWAY	GOBP_NEGATIVE_REGULATION_OF_T_CELL_RECEPTOR_SIGNALING_PATHWAY		25	-0.49060014	-1.2706906	0.15410385	0.36662555	1.0	5855	tags=56%, list=30%, signal=80%	
GOBP_FEMALE_GENITALIA_DEVELOPMENT	GOBP_FEMALE_GENITALIA_DEVELOPMENT		18	-0.52512074	-1.2706711	0.16666667	0.36634308	1.0	1079	tags=28%, list=6%, signal=29%	
GOBP_ESTABLISHMENT_OF_TISSUE_POLARITY	GOBP_ESTABLISHMENT_OF_TISSUE_POLARITY		36	-0.45410278	-1.2703539	0.14940578	0.3667394	1.0	603	tags=19%, list=3%, signal=20%	
GOMF_PROTEIN_DEMETHYLASE_ACTIVITY	GOMF_PROTEIN_DEMETHYLASE_ACTIVITY		24	-0.49875996	-1.2703345	0.16	0.36645344	1.0	3371	tags=29%, list=17%, signal=35%	
GOBP_REGULATION_OF_MONOATOMIC_ION_TRANSPORT	GOBP_REGULATION_OF_MONOATOMIC_ION_TRANSPORT		427	-0.33219805	-1.2702471	0.022646008	0.36636397	1.0	2516	tags=18%, list=13%, signal=20%	
GOCC_STRIATED_MUSCLE_THIN_FILAMENT	GOCC_STRIATED_MUSCLE_THIN_FILAMENT		21	-0.5100892	-1.2702165	0.16695653	0.3661143	1.0	2444	tags=29%, list=13%, signal=33%	
GOBP_POSITIVE_REGULATION_OF_EXCITATORY_POSTSYNAPTIC_POTENTIAL	GOBP_POSITIVE_REGULATION_OF_EXCITATORY_POSTSYNAPTIC_POTENTIAL		31	-0.47279033	-1.2700374	0.15465729	0.36620802	1.0	1925	tags=16%, list=10%, signal=18%	
GOBP_PROSTATE_GLAND_DEVELOPMENT	GOBP_PROSTATE_GLAND_DEVELOPMENT		47	-0.42773652	-1.2698985	0.12191104	0.36619183	1.0	914	tags=17%, list=5%, signal=18%	
GOBP_POSITIVE_REGULATION_OF_FOCAL_ADHESION_ASSEMBLY	GOBP_POSITIVE_REGULATION_OF_FOCAL_ADHESION_ASSEMBLY		25	-0.4887278	-1.2696809	0.15897436	0.36631826	1.0	3413	tags=32%, list=18%, signal=39%	
GOBP_HYPOTHALAMUS_DEVELOPMENT	GOBP_HYPOTHALAMUS_DEVELOPMENT		29	-0.46977845	-1.2694906	0.14453782	0.36641577	1.0	1039	tags=10%, list=5%, signal=11%	
GOBP_HEMATOPOIETIC_STEM_CELL_DIFFERENTIATION	GOBP_HEMATOPOIETIC_STEM_CELL_DIFFERENTIATION		36	-0.45020145	-1.2693224	0.12903225	0.36647978	1.0	4297	tags=44%, list=22%, signal=57%	
GOBP_SKELETAL_MUSCLE_CELL_DIFFERENTIATION	GOBP_SKELETAL_MUSCLE_CELL_DIFFERENTIATION		76	-0.39891684	-1.2689701	0.108024694	0.36693412	1.0	2967	tags=28%, list=15%, signal=32%	
GOBP_ENDOTHELIAL_CELL_DEVELOPMENT	GOBP_ENDOTHELIAL_CELL_DEVELOPMENT		66	-0.40817064	-1.2677876	0.1221865	0.36931407	1.0	2921	tags=29%, list=15%, signal=34%	
GOBP_POSITIVE_REGULATION_OF_ERBB_SIGNALING_PATHWAY	GOBP_POSITIVE_REGULATION_OF_ERBB_SIGNALING_PATHWAY		30	-0.4758651	-1.2674719	0.1563574	0.36969414	1.0	4331	tags=33%, list=22%, signal=43%	
GOBP_ACTIN_FILAMENT_ORGANIZATION	GOBP_ACTIN_FILAMENT_ORGANIZATION		434	-0.32918525	-1.2655772	0.012033694	0.37371537	1.0	3675	tags=28%, list=19%, signal=34%	
GOBP_REGULATION_OF_DNA_METABOLIC_PROCESS	GOBP_REGULATION_OF_DNA_METABOLIC_PROCESS		460	-0.32927257	-1.2654413	0.019300362	0.3736693	1.0	3945	tags=27%, list=20%, signal=33%	
GOBP_HEART_VALVE_FORMATION	GOBP_HEART_VALVE_FORMATION		15	-0.5475436	-1.2648628	0.17832167	0.37465954	1.0	4490	tags=53%, list=23%, signal=69%	
GOBP_DIGESTION	GOBP_DIGESTION		133	-0.37309864	-1.264861	0.07943262	0.374336	1.0	1847	tags=15%, list=10%, signal=17%	
GOBP_EPITHELIAL_CELL_APOPTOTIC_PROCESS	GOBP_EPITHELIAL_CELL_APOPTOTIC_PROCESS		133	-0.37168348	-1.2644151	0.07309941	0.37503362	1.0	3349	tags=28%, list=17%, signal=33%	
GOBP_FIBROBLAST_GROWTH_FACTOR_RECEPTOR_SIGNALING_PATHWAY	GOBP_FIBROBLAST_GROWTH_FACTOR_RECEPTOR_SIGNALING_PATHWAY		77	-0.3998126	-1.2642692	0.1163142	0.37500492	1.0	2387	tags=22%, list=12%, signal=25%	
GOBP_VASCULAR_PROCESS_IN_CIRCULATORY_SYSTEM	GOBP_VASCULAR_PROCESS_IN_CIRCULATORY_SYSTEM		261	-0.34521368	-1.263916	0.03524804	0.37549436	1.0	2164	tags=18%, list=11%, signal=20%	
GOBP_APOPTOTIC_PROCESS_INVOLVED_IN_MORPHOGENESIS	GOBP_APOPTOTIC_PROCESS_INVOLVED_IN_MORPHOGENESIS		25	-0.48296398	-1.263783	0.14524207	0.37547243	1.0	3748	tags=40%, list=19%, signal=50%	
GOBP_REGULATION_OF_CELL_CYCLE_CHECKPOINT	GOBP_REGULATION_OF_CELL_CYCLE_CHECKPOINT		43	-0.43533978	-1.2637818	0.11960133	0.37514696	1.0	2986	tags=30%, list=15%, signal=36%	
GOBP_REGULATION_OF_MAST_CELL_DEGRANULATION	GOBP_REGULATION_OF_MAST_CELL_DEGRANULATION		27	-0.46906707	-1.2637523	0.15495495	0.37489155	1.0	2763	tags=37%, list=14%, signal=43%	
GOBP_REGULATION_OF_PROTEIN_POLYUBIQUITINATION	GOBP_REGULATION_OF_PROTEIN_POLYUBIQUITINATION		24	-0.49052617	-1.262833	0.16466552	0.3767187	1.0	889	tags=17%, list=5%, signal=17%	
GOBP_MITOTIC_DNA_INTEGRITY_CHECKPOINT_SIGNALING	GOBP_MITOTIC_DNA_INTEGRITY_CHECKPOINT_SIGNALING		80	-0.39644116	-1.2628007	0.108895704	0.37645075	1.0	3659	tags=29%, list=19%, signal=35%	
GOBP_GLYCOLIPID_CATABOLIC_PROCESS	GOBP_GLYCOLIPID_CATABOLIC_PROCESS		22	-0.49862862	-1.2627727	0.14007092	0.37616953	1.0	3600	tags=32%, list=19%, signal=39%	
GOBP_DEFENSE_RESPONSE_TO_GRAM_NEGATIVE_BACTERIUM	GOBP_DEFENSE_RESPONSE_TO_GRAM_NEGATIVE_BACTERIUM		91	-0.38410512	-1.2625643	0.097709924	0.37631255	1.0	1033	tags=11%, list=5%, signal=12%	
GOBP_NEUROTRANSMITTER_RECEPTOR_LOCALIZATION_TO_POSTSYNAPTIC_SPECIALIZATION_MEMBRANE	GOBP_NEUROTRANSMITTER_RECEPTOR_LOCALIZATION_TO_POSTSYNAPTIC_SPECIALIZATION_MEMBRANE		25	-0.4887925	-1.2623117	0.15881327	0.37658426	1.0	2665	tags=28%, list=14%, signal=32%	
GOBP_ADENOHYPOPHYSIS_DEVELOPMENT	GOBP_ADENOHYPOPHYSIS_DEVELOPMENT		16	-0.5428246	-1.2617137	0.16856061	0.377675	1.0	2387	tags=25%, list=12%, signal=28%	
GOBP_REGULATION_OF_REGULATED_SECRETORY_PATHWAY	GOBP_REGULATION_OF_REGULATED_SECRETORY_PATHWAY		113	-0.3721752	-1.2617092	0.09327217	0.37735993	1.0	2212	tags=20%, list=11%, signal=23%	
GOBP_BONE_MORPHOGENESIS	GOBP_BONE_MORPHOGENESIS		95	-0.3857087	-1.2616323	0.096923076	0.37720904	1.0	2771	tags=28%, list=14%, signal=33%	
GOBP_CELLULAR_RESPONSE_TO_VITAMIN	GOBP_CELLULAR_RESPONSE_TO_VITAMIN		28	-0.4742493	-1.2614254	0.14608696	0.3773416	1.0	1601	tags=25%, list=8%, signal=27%	
GOBP_POSITIVE_REGULATION_OF_NEUROGENESIS	GOBP_POSITIVE_REGULATION_OF_NEUROGENESIS		237	-0.34785944	-1.2613537	0.038978495	0.37719336	1.0	2735	tags=21%, list=14%, signal=24%	
GOBP_FORELIMB_MORPHOGENESIS	GOBP_FORELIMB_MORPHOGENESIS		39	-0.44911617	-1.261123	0.14195584	0.37742454	1.0	934	tags=21%, list=5%, signal=22%	
GOBP_PROTEIN_SUMOYLATION	GOBP_PROTEIN_SUMOYLATION		65	-0.40822294	-1.2607739	0.10355487	0.37791693	1.0	3685	tags=25%, list=19%, signal=30%	
GOBP_RENAL_VESICLE_DEVELOPMENT	GOBP_RENAL_VESICLE_DEVELOPMENT		17	-0.52722526	-1.2606759	0.18085106	0.37781292	1.0	3685	tags=41%, list=19%, signal=51%	
GOMF_SCAVENGER_RECEPTOR_ACTIVITY	GOMF_SCAVENGER_RECEPTOR_ACTIVITY		26	-0.48522407	-1.2605792	0.15555556	0.37766975	1.0	1121	tags=27%, list=6%, signal=29%	
GOBP_REGULATION_OF_NEUTROPHIL_MIGRATION	GOBP_REGULATION_OF_NEUTROPHIL_MIGRATION		43	-0.4361634	-1.2604198	0.14617941	0.37767637	1.0	3253	tags=37%, list=17%, signal=45%	
GOMF_EPIDERMAL_GROWTH_FACTOR_RECEPTOR_BINDING	GOMF_EPIDERMAL_GROWTH_FACTOR_RECEPTOR_BINDING		34	-0.4585583	-1.2602993	0.14495113	0.37761673	1.0	3143	tags=32%, list=16%, signal=39%	
GOBP_RESPONSE_TO_SALT_STRESS	GOBP_RESPONSE_TO_SALT_STRESS		24	-0.486968	-1.2597533	0.14946619	0.3785668	1.0	3787	tags=38%, list=19%, signal=47%	
GOBP_GLOMERULUS_DEVELOPMENT	GOBP_GLOMERULUS_DEVELOPMENT		72	-0.40219903	-1.2597293	0.11445783	0.3783053	1.0	2658	tags=31%, list=14%, signal=35%	
GOMF_E_BOX_BINDING	GOMF_E_BOX_BINDING		56	-0.4140481	-1.2595575	0.1359375	0.3783732	1.0	1493	tags=21%, list=8%, signal=23%	
GOBP_PERICARDIUM_DEVELOPMENT	GOBP_PERICARDIUM_DEVELOPMENT		18	-0.51874405	-1.2595084	0.17520662	0.3781388	1.0	2212	tags=33%, list=11%, signal=38%	
GOBP_INTESTINAL_EPITHELIAL_CELL_DIFFERENTIATION	GOBP_INTESTINAL_EPITHELIAL_CELL_DIFFERENTIATION		27	-0.4722968	-1.2589517	0.17081851	0.37905368	1.0	3101	tags=30%, list=16%, signal=35%	
GOBP_NEGATIVE_REGULATION_OF_MITOTIC_CELL_CYCLE	GOBP_NEGATIVE_REGULATION_OF_MITOTIC_CELL_CYCLE		216	-0.34887573	-1.2587057	0.064917125	0.3793136	1.0	3690	tags=31%, list=19%, signal=37%	
GOBP_NEGATIVE_REGULATION_OF_INFLAMMATORY_RESPONSE_TO_ANTIGENIC_STIMULUS	GOBP_NEGATIVE_REGULATION_OF_INFLAMMATORY_RESPONSE_TO_ANTIGENIC_STIMULUS		27	-0.4829715	-1.2586005	0.15254237	0.37923515	1.0	2763	tags=37%, list=14%, signal=43%	
GOBP_B_CELL_ACTIVATION	GOBP_B_CELL_ACTIVATION		269	-0.33925644	-1.258595	0.038071066	0.3789206	1.0	4591	tags=37%, list=24%, signal=48%	
GOBP_FATTY_ACID_TRANSPORT	GOBP_FATTY_ACID_TRANSPORT		116	-0.3728443	-1.2582728	0.09516616	0.3793578	1.0	2784	tags=22%, list=14%, signal=26%	
GOCC_INTERCALATED_DISC	GOCC_INTERCALATED_DISC		51	-0.42532137	-1.258226	0.1338843	0.3791432	1.0	2430	tags=31%, list=13%, signal=36%	
GOBP_POSITIVE_REGULATION_OF_CYCLIN_DEPENDENT_PROTEIN_KINASE_ACTIVITY	GOBP_POSITIVE_REGULATION_OF_CYCLIN_DEPENDENT_PROTEIN_KINASE_ACTIVITY		15	-0.5456546	-1.2582204	0.19141324	0.3788305	1.0	1945	tags=27%, list=10%, signal=30%	
GOBP_POSITIVE_REGULATION_OF_PRODUCTION_OF_MOLECULAR_MEDIATOR_OF_IMMUNE_RESPONSE	GOBP_POSITIVE_REGULATION_OF_PRODUCTION_OF_MOLECULAR_MEDIATOR_OF_IMMUNE_RESPONSE		130	-0.37411112	-1.258082	0.08794326	0.37884235	1.0	3813	tags=33%, list=20%, signal=41%	
GOBP_INTESTINAL_EPITHELIAL_CELL_DEVELOPMENT	GOBP_INTESTINAL_EPITHELIAL_CELL_DEVELOPMENT		17	-0.52960575	-1.2578936	0.17043479	0.37894872	1.0	1944	tags=29%, list=10%, signal=33%	
GOBP_REGULATION_OF_MITOTIC_CELL_CYCLE_PHASE_TRANSITION	GOBP_REGULATION_OF_MITOTIC_CELL_CYCLE_PHASE_TRANSITION		318	-0.33671027	-1.2578263	0.046954315	0.37877828	1.0	3729	tags=26%, list=19%, signal=31%	
GOBP_DETECTION_OF_EXTERNAL_BIOTIC_STIMULUS	GOBP_DETECTION_OF_EXTERNAL_BIOTIC_STIMULUS		26	-0.4788126	-1.2577305	0.1724138	0.37867758	1.0	2200	tags=27%, list=11%, signal=30%	
GOCC_CHROMOSOMAL_REGION	GOCC_CHROMOSOMAL_REGION		355	-0.33469412	-1.2572601	0.032828283	0.37941393	1.0	3852	tags=29%, list=20%, signal=35%	
GOBP_REGULATION_OF_INNATE_IMMUNE_RESPONSE	GOBP_REGULATION_OF_INNATE_IMMUNE_RESPONSE		428	-0.32930708	-1.257085	0.021791767	0.37951997	1.0	3065	tags=20%, list=16%, signal=23%	
GOBP_REGULATION_OF_ENDOCRINE_PROCESS	GOBP_REGULATION_OF_ENDOCRINE_PROCESS		39	-0.4516356	-1.2567328	0.15745394	0.37998104	1.0	1410	tags=21%, list=7%, signal=22%	
GOBP_REGULATION_OF_CELLULAR_SENESCENCE	GOBP_REGULATION_OF_CELLULAR_SENESCENCE		43	-0.42619762	-1.2564882	0.14049587	0.38019967	1.0	4267	tags=35%, list=22%, signal=45%	
GOBP_REGULATION_OF_TUBE_SIZE	GOBP_REGULATION_OF_TUBE_SIZE		147	-0.36007276	-1.2564374	0.07823613	0.37999314	1.0	2164	tags=19%, list=11%, signal=21%	
GOBP_POSITIVE_REGULATION_OF_CELL_CYCLE_PROCESS	GOBP_POSITIVE_REGULATION_OF_CELL_CYCLE_PROCESS		244	-0.3416902	-1.2563719	0.057217166	0.3798349	1.0	3318	tags=26%, list=17%, signal=31%	
GOBP_ANTIGEN_PROCESSING_AND_PRESENTATION_OF_PEPTIDE_ANTIGEN	GOBP_ANTIGEN_PROCESSING_AND_PRESENTATION_OF_PEPTIDE_ANTIGEN		68	-0.40479937	-1.2562635	0.12603648	0.37975892	1.0	3249	tags=32%, list=17%, signal=39%	
GOBP_GLIOGENESIS	GOBP_GLIOGENESIS		329	-0.33766675	-1.256179	0.031847134	0.37963748	1.0	2791	tags=22%, list=14%, signal=25%	
GOBP_ACTIN_FILAMENT_BASED_MOVEMENT	GOBP_ACTIN_FILAMENT_BASED_MOVEMENT		134	-0.36305305	-1.2559683	0.07275321	0.3798342	1.0	2469	tags=24%, list=13%, signal=27%	
GOBP_BIOLOGICAL_PROCESS_INVOLVED_IN_SYMBIOTIC_INTERACTION	GOBP_BIOLOGICAL_PROCESS_INVOLVED_IN_SYMBIOTIC_INTERACTION		298	-0.33519828	-1.2559407	0.04225352	0.37957785	1.0	2777	tags=19%, list=14%, signal=22%	
GOBP_SOMITE_DEVELOPMENT	GOBP_SOMITE_DEVELOPMENT		81	-0.390609	-1.2553061	0.10510046	0.38077614	1.0	2872	tags=26%, list=15%, signal=30%	
GOBP_NEGATIVE_REGULATION_OF_CELL_MATRIX_ADHESION	GOBP_NEGATIVE_REGULATION_OF_CELL_MATRIX_ADHESION		35	-0.45304108	-1.254782	0.14408234	0.38162968	1.0	3330	tags=40%, list=17%, signal=48%	
GOBP_POSITIVE_REGULATION_OF_MIRNA_METABOLIC_PROCESS	GOBP_POSITIVE_REGULATION_OF_MIRNA_METABOLIC_PROCESS		62	-0.4126792	-1.2546393	0.124797404	0.3816441	1.0	3287	tags=32%, list=17%, signal=39%	
GOBP_VENTRICULAR_CARDIAC_MUSCLE_CELL_ACTION_POTENTIAL	GOBP_VENTRICULAR_CARDIAC_MUSCLE_CELL_ACTION_POTENTIAL		34	-0.44629043	-1.2544351	0.16123779	0.38178974	1.0	1963	tags=24%, list=10%, signal=26%	
GOBP_IRON_ION_TRANSPORT	GOBP_IRON_ION_TRANSPORT		55	-0.41384554	-1.254326	0.118858956	0.3817297	1.0	3208	tags=38%, list=17%, signal=46%	
GOMF_ORGANIC_ACID_TRANSMEMBRANE_TRANSPORTER_ACTIVITY	GOMF_ORGANIC_ACID_TRANSMEMBRANE_TRANSPORTER_ACTIVITY		179	-0.3536233	-1.25432	0.07786885	0.38142797	1.0	1900	tags=15%, list=10%, signal=17%	
GOBP_POSITIVE_REGULATION_OF_PHAGOCYTOSIS	GOBP_POSITIVE_REGULATION_OF_PHAGOCYTOSIS		69	-0.40039486	-1.2543186	0.11901082	0.3811091	1.0	2332	tags=23%, list=12%, signal=26%	
GOBP_GRANULOCYTE_MACROPHAGE_COLONY_STIMULATING_FACTOR_PRODUCTION	GOBP_GRANULOCYTE_MACROPHAGE_COLONY_STIMULATING_FACTOR_PRODUCTION		17	-0.53460145	-1.2542245	0.1672794	0.38101834	1.0	2198	tags=35%, list=11%, signal=40%	
GOMF_HSP90_PROTEIN_BINDING	GOMF_HSP90_PROTEIN_BINDING		37	-0.4416472	-1.2541248	0.16611296	0.38092542	1.0	5154	tags=46%, list=27%, signal=62%	
GOBP_WNT_SIGNALING_PATHWAY	GOBP_WNT_SIGNALING_PATHWAY		430	-0.32542017	-1.253992	0.02905569	0.3808957	1.0	3041	tags=22%, list=16%, signal=25%	
GOCC_MYOSIN_II_COMPLEX	GOCC_MYOSIN_II_COMPLEX		25	-0.49177536	-1.2533783	0.18945634	0.3820251	1.0	1941	tags=32%, list=10%, signal=36%	
GOBP_POSITIVE_REGULATION_OF_PEPTIDYL_SERINE_PHOSPHORYLATION	GOBP_POSITIVE_REGULATION_OF_PEPTIDYL_SERINE_PHOSPHORYLATION		87	-0.38832238	-1.2528464	0.119760476	0.3828743	1.0	3530	tags=26%, list=18%, signal=32%	
GOBP_T_HELPER_2_CELL_DIFFERENTIATION	GOBP_T_HELPER_2_CELL_DIFFERENTIATION		18	-0.52939427	-1.252296	0.17989418	0.38383886	1.0	3570	tags=39%, list=18%, signal=48%	
GOBP_REGULATION_OF_ATP_DEPENDENT_ACTIVITY	GOBP_REGULATION_OF_ATP_DEPENDENT_ACTIVITY		60	-0.40775153	-1.2521279	0.13814756	0.38393292	1.0	3186	tags=28%, list=16%, signal=34%	
GOCC_SECRETORY_GRANULE_MEMBRANE	GOCC_SECRETORY_GRANULE_MEMBRANE		304	-0.33708072	-1.251877	0.03841388	0.38419506	1.0	2678	tags=21%, list=14%, signal=24%	
GOBP_SMOOTH_MUSCLE_CELL_PROLIFERATION	GOBP_SMOOTH_MUSCLE_CELL_PROLIFERATION		135	-0.3647637	-1.2516891	0.084745765	0.38431126	1.0	2656	tags=27%, list=14%, signal=31%	
GOBP_MAGNESIUM_ION_TRANSPORT	GOBP_MAGNESIUM_ION_TRANSPORT		19	-0.5161898	-1.2512486	0.18825561	0.38500533	1.0	1647	tags=26%, list=8%, signal=29%	
GOBP_OSTEOBLAST_PROLIFERATION	GOBP_OSTEOBLAST_PROLIFERATION		32	-0.46198982	-1.2512128	0.1431127	0.38477364	1.0	3593	tags=41%, list=18%, signal=50%	
GOBP_REGULATION_OF_RESPONSE_TO_WOUNDING	GOBP_REGULATION_OF_RESPONSE_TO_WOUNDING		163	-0.35746515	-1.2512009	0.0718232	0.38448754	1.0	2677	tags=23%, list=14%, signal=27%	
GOMF_PROLINE_RICH_REGION_BINDING	GOMF_PROLINE_RICH_REGION_BINDING		17	-0.5196521	-1.2510904	0.17921147	0.3844337	1.0	3699	tags=35%, list=19%, signal=44%	
GOBP_REGULATION_OF_NEURON_APOPTOTIC_PROCESS	GOBP_REGULATION_OF_NEURON_APOPTOTIC_PROCESS		230	-0.34354508	-1.251041	0.063307494	0.38422886	1.0	2301	tags=18%, list=12%, signal=20%	
GOBP_POSITIVE_REGULATION_OF_PEPTIDASE_ACTIVITY	GOBP_POSITIVE_REGULATION_OF_PEPTIDASE_ACTIVITY		155	-0.3606696	-1.2510083	0.06798867	0.38398293	1.0	3767	tags=28%, list=19%, signal=35%	
GOBP_POSITIVE_REGULATION_OF_TELOMERASE_ACTIVITY	GOBP_POSITIVE_REGULATION_OF_TELOMERASE_ACTIVITY		30	-0.47651902	-1.2508861	0.1578073	0.383958	1.0	2725	tags=27%, list=14%, signal=31%	
GOBP_NEGATIVE_REGULATION_OF_CELL_PROJECTION_ORGANIZATION	GOBP_NEGATIVE_REGULATION_OF_CELL_PROJECTION_ORGANIZATION		166	-0.35393062	-1.2500576	0.08194444	0.3855914	1.0	3250	tags=24%, list=17%, signal=29%	
GOBP_FIBROBLAST_PROLIFERATION	GOBP_FIBROBLAST_PROLIFERATION		106	-0.37818122	-1.2484549	0.089644514	0.38897765	1.0	3813	tags=30%, list=20%, signal=37%	
GOBP_KIDNEY_MESENCHYME_DEVELOPMENT	GOBP_KIDNEY_MESENCHYME_DEVELOPMENT		17	-0.5265582	-1.2482859	0.20109689	0.38908526	1.0	3005	tags=47%, list=15%, signal=56%	
GOBP_RENAL_TUBULAR_SECRETION	GOBP_RENAL_TUBULAR_SECRETION		19	-0.5072434	-1.2479709	0.1993007	0.38948855	1.0	1640	tags=21%, list=8%, signal=23%	
GOMF_EXTRACELLULAR_MATRIX_STRUCTURAL_CONSTITUENT_CONFERRING_COMPRESSION_RESISTANCE	GOMF_EXTRACELLULAR_MATRIX_STRUCTURAL_CONSTITUENT_CONFERRING_COMPRESSION_RESISTANCE		21	-0.50442976	-1.2479613	0.1736111	0.38918582	1.0	3327	tags=29%, list=17%, signal=34%	
GOBP_MITOTIC_SISTER_CHROMATID_SEPARATION	GOBP_MITOTIC_SISTER_CHROMATID_SEPARATION		62	-0.40710178	-1.2479575	0.112877585	0.3888803	1.0	3690	tags=32%, list=19%, signal=40%	
GOBP_NEGATIVE_REGULATION_OF_TRANSMEMBRANE_RECEPTOR_PROTEIN_SERINE_THREONINE_KINASE_SIGNALING_PATHWAY	GOBP_NEGATIVE_REGULATION_OF_TRANSMEMBRANE_RECEPTOR_PROTEIN_SERINE_THREONINE_KINASE_SIGNALING_PATHWAY		137	-0.36765352	-1.2477727	0.08563135	0.38897714	1.0	2301	tags=20%, list=12%, signal=23%	
GOBP_RESPONSE_TO_ACTIVITY	GOBP_RESPONSE_TO_ACTIVITY		70	-0.40246254	-1.2476547	0.12082671	0.38893774	1.0	2457	tags=26%, list=13%, signal=29%	
GOBP_MYELOID_LEUKOCYTE_CYTOKINE_PRODUCTION	GOBP_MYELOID_LEUKOCYTE_CYTOKINE_PRODUCTION		49	-0.42802015	-1.2468388	0.14761905	0.3904915	1.0	1534	tags=20%, list=8%, signal=22%	
GOBP_REGULATION_OF_TOLL_LIKE_RECEPTOR_SIGNALING_PATHWAY	GOBP_REGULATION_OF_TOLL_LIKE_RECEPTOR_SIGNALING_PATHWAY		31	-0.46099657	-1.2468004	0.171875	0.390259	1.0	1077	tags=19%, list=6%, signal=20%	
GOBP_REGULATION_OF_LYMPHOCYTE_DIFFERENTIATION	GOBP_REGULATION_OF_LYMPHOCYTE_DIFFERENTIATION		208	-0.34533975	-1.2466317	0.06417112	0.39032003	1.0	4735	tags=37%, list=24%, signal=48%	
GOMF_ENZYME_INHIBITOR_ACTIVITY	GOMF_ENZYME_INHIBITOR_ACTIVITY		356	-0.3314558	-1.2465352	0.04071247	0.39023054	1.0	1923	tags=14%, list=10%, signal=16%	
GOMF_OXIDOREDUCTASE_ACTIVITY_ACTING_ON_CH_OH_GROUP_OF_DONORS	GOMF_OXIDOREDUCTASE_ACTIVITY_ACTING_ON_CH_OH_GROUP_OF_DONORS		127	-0.36558282	-1.2464285	0.10084034	0.39017478	1.0	625	tags=9%, list=3%, signal=10%	
GOBP_ERBB_SIGNALING_PATHWAY	GOBP_ERBB_SIGNALING_PATHWAY		125	-0.3653369	-1.2464257	0.08	0.3898634	1.0	4527	tags=32%, list=23%, signal=41%	
GOMF_ESTRADIOL_17_BETA_DEHYDROGENASE_NAD_P_ACTIVITY	GOMF_ESTRADIOL_17_BETA_DEHYDROGENASE_NAD_P_ACTIVITY		19	-0.5109103	-1.2462444	0.18726592	0.3899715	1.0	237	tags=16%, list=1%, signal=16%	
GOBP_REGULATION_OF_LONG_TERM_NEURONAL_SYNAPTIC_PLASTICITY	GOBP_REGULATION_OF_LONG_TERM_NEURONAL_SYNAPTIC_PLASTICITY		24	-0.48707983	-1.2460907	0.17460318	0.390057	1.0	4272	tags=42%, list=22%, signal=53%	
GOBP_DOPAMINERGIC_NEURON_DIFFERENTIATION	GOBP_DOPAMINERGIC_NEURON_DIFFERENTIATION		40	-0.43271214	-1.2457662	0.15609756	0.39054203	1.0	270	tags=10%, list=1%, signal=10%	
GOBP_REGULATION_OF_ENDOCYTOSIS	GOBP_REGULATION_OF_ENDOCYTOSIS		279	-0.3352643	-1.2457237	0.05456853	0.39032447	1.0	2676	tags=19%, list=14%, signal=21%	
GOBP_COLUMNAR_CUBOIDAL_EPITHELIAL_CELL_DEVELOPMENT	GOBP_COLUMNAR_CUBOIDAL_EPITHELIAL_CELL_DEVELOPMENT		50	-0.42236522	-1.2456974	0.1388889	0.39006555	1.0	1944	tags=18%, list=10%, signal=20%	
GOBP_T_CELL_ACTIVATION_INVOLVED_IN_IMMUNE_RESPONSE	GOBP_T_CELL_ACTIVATION_INVOLVED_IN_IMMUNE_RESPONSE		125	-0.3611443	-1.2456615	0.09585121	0.38983843	1.0	3357	tags=22%, list=17%, signal=27%	
GOMF_TRANSMEMBRANE_RECEPTOR_PROTEIN_TYROSINE_KINASE_ACTIVITY	GOMF_TRANSMEMBRANE_RECEPTOR_PROTEIN_TYROSINE_KINASE_ACTIVITY		61	-0.41213813	-1.2449559	0.13084112	0.3911804	1.0	2285	tags=26%, list=12%, signal=30%	
GOBP_NEGATIVE_REGULATION_OF_STEM_CELL_PROLIFERATION	GOBP_NEGATIVE_REGULATION_OF_STEM_CELL_PROLIFERATION		23	-0.47985202	-1.244537	0.2039356	0.3918017	1.0	2281	tags=39%, list=12%, signal=44%	
GOMF_CORECEPTOR_ACTIVITY	GOMF_CORECEPTOR_ACTIVITY		56	-0.40924382	-1.2443844	0.15141957	0.39182112	1.0	2902	tags=34%, list=15%, signal=40%	
GOCC_MITOTIC_SPINDLE	GOCC_MITOTIC_SPINDLE		173	-0.35365316	-1.2442431	0.079831935	0.39182687	1.0	3923	tags=31%, list=20%, signal=38%	
GOBP_DNA_BIOSYNTHETIC_PROCESS	GOBP_DNA_BIOSYNTHETIC_PROCESS		180	-0.35280845	-1.244228	0.0802213	0.39154088	1.0	3851	tags=31%, list=20%, signal=38%	
GOCC_FILOPODIUM	GOCC_FILOPODIUM		100	-0.3757394	-1.2436075	0.11060606	0.3926233	1.0	3853	tags=36%, list=20%, signal=45%	
GOBP_LIPOPOLYSACCHARIDE_MEDIATED_SIGNALING_PATHWAY	GOBP_LIPOPOLYSACCHARIDE_MEDIATED_SIGNALING_PATHWAY		54	-0.41629398	-1.2435482	0.11470113	0.39244834	1.0	2200	tags=24%, list=11%, signal=27%	
GOBP_REGULATION_OF_OSTEOCLAST_DIFFERENTIATION	GOBP_REGULATION_OF_OSTEOCLAST_DIFFERENTIATION		66	-0.4001351	-1.2434434	0.12710567	0.39238328	1.0	3337	tags=27%, list=17%, signal=33%	
GOCC_INTEGRATOR_COMPLEX	GOCC_INTEGRATOR_COMPLEX		15	-0.5421676	-1.2432033	0.19292036	0.39265722	1.0	5546	tags=53%, list=29%, signal=75%	
GOBP_REGULATION_OF_CELL_PROJECTION_ASSEMBLY	GOBP_REGULATION_OF_CELL_PROJECTION_ASSEMBLY		211	-0.3454466	-1.2431388	0.07123656	0.3924876	1.0	3436	tags=27%, list=18%, signal=32%	
GOBP_REGULATION_OF_URINE_VOLUME	GOBP_REGULATION_OF_URINE_VOLUME		22	-0.49123153	-1.2429618	0.19449541	0.39256924	1.0	991	tags=23%, list=5%, signal=24%	
GOBP_VITAMIN_METABOLIC_PROCESS	GOBP_VITAMIN_METABOLIC_PROCESS		111	-0.36848354	-1.2425181	0.094476745	0.39329028	1.0	2115	tags=20%, list=11%, signal=22%	
GOBP_NEGATIVE_REGULATION_OF_BINDING	GOBP_NEGATIVE_REGULATION_OF_BINDING		102	-0.37648496	-1.2424853	0.11340206	0.3930278	1.0	4405	tags=32%, list=23%, signal=42%	
GOBP_MODULATION_BY_SYMBIONT_OF_ENTRY_INTO_HOST	GOBP_MODULATION_BY_SYMBIONT_OF_ENTRY_INTO_HOST		54	-0.41695583	-1.2424786	0.1255887	0.39272773	1.0	866	tags=11%, list=4%, signal=12%	
GOBP_NEGATIVE_REGULATION_OF_INTRACELLULAR_ESTROGEN_RECEPTOR_SIGNALING_PATHWAY	GOBP_NEGATIVE_REGULATION_OF_INTRACELLULAR_ESTROGEN_RECEPTOR_SIGNALING_PATHWAY		15	-0.5363181	-1.2422558	0.18499127	0.39294192	1.0	180	tags=13%, list=1%, signal=13%	
GOBP_POSITIVE_REGULATION_OF_CELL_GROWTH	GOBP_POSITIVE_REGULATION_OF_CELL_GROWTH		147	-0.35893404	-1.2422119	0.081491716	0.39272478	1.0	1303	tags=12%, list=7%, signal=13%	
GOBP_REGULATION_OF_T_CELL_MIGRATION	GOBP_REGULATION_OF_T_CELL_MIGRATION		45	-0.4330955	-1.2421436	0.1525974	0.39255425	1.0	2428	tags=27%, list=13%, signal=30%	
GOBP_PROTEIN_K48_LINKED_DEUBIQUITINATION	GOBP_PROTEIN_K48_LINKED_DEUBIQUITINATION		24	-0.48220333	-1.2418108	0.16722973	0.39299724	1.0	5159	tags=42%, list=27%, signal=57%	
GOBP_MAMMARY_GLAND_EPITHELIUM_DEVELOPMENT	GOBP_MAMMARY_GLAND_EPITHELIUM_DEVELOPMENT		68	-0.39829826	-1.2410947	0.12613982	0.39436457	1.0	3101	tags=29%, list=16%, signal=35%	
GOBP_POSITIVE_REGULATION_OF_JUN_KINASE_ACTIVITY	GOBP_POSITIVE_REGULATION_OF_JUN_KINASE_ACTIVITY		26	-0.48268828	-1.2407823	0.18887015	0.39477956	1.0	2811	tags=31%, list=14%, signal=36%	
GOCC_PHOTORECEPTOR_OUTER_SEGMENT_MEMBRANE	GOCC_PHOTORECEPTOR_OUTER_SEGMENT_MEMBRANE		15	-0.52801996	-1.2404847	0.18884893	0.39514682	1.0	561	tags=20%, list=3%, signal=21%	
GOBP_SPECIFICATION_OF_ANIMAL_ORGAN_IDENTITY	GOBP_SPECIFICATION_OF_ANIMAL_ORGAN_IDENTITY		36	-0.44340518	-1.2404661	0.14532872	0.39488146	1.0	2124	tags=19%, list=11%, signal=22%	
GOMF_MOLECULAR_FUNCTION_INHIBITOR_ACTIVITY	GOMF_MOLECULAR_FUNCTION_INHIBITOR_ACTIVITY		472	-0.32326815	-1.2401323	0.028465347	0.39538765	1.0	2377	tags=17%, list=12%, signal=18%	
GOBP_MONOCARBOXYLIC_ACID_TRANSPORT	GOBP_MONOCARBOXYLIC_ACID_TRANSPORT		177	-0.35456568	-1.24004	0.08232119	0.39527923	1.0	2784	tags=21%, list=14%, signal=24%	
GOBP_DEVELOPMENTAL_CELL_GROWTH	GOBP_DEVELOPMENTAL_CELL_GROWTH		212	-0.34375396	-1.2398973	0.06767956	0.39528376	1.0	2561	tags=18%, list=13%, signal=20%	
GOBP_CELLULAR_RESPONSE_TO_INTERLEUKIN_1	GOBP_CELLULAR_RESPONSE_TO_INTERLEUKIN_1		82	-0.38234442	-1.2398071	0.11580595	0.39517447	1.0	2351	tags=23%, list=12%, signal=26%	
GOBP_MUSCLE_CELL_DEVELOPMENT	GOBP_MUSCLE_CELL_DEVELOPMENT		190	-0.34801987	-1.2392051	0.08077995	0.39624667	1.0	2601	tags=23%, list=13%, signal=26%	
GOBP_POSITIVE_REGULATION_OF_MONOCYTE_CHEMOTAXIS	GOBP_POSITIVE_REGULATION_OF_MONOCYTE_CHEMOTAXIS		20	-0.50776273	-1.239158	0.18165785	0.3960443	1.0	3732	tags=50%, list=19%, signal=62%	
GOBP_HINDLIMB_MORPHOGENESIS	GOBP_HINDLIMB_MORPHOGENESIS		35	-0.44483155	-1.2387892	0.18976897	0.3965874	1.0	1066	tags=23%, list=5%, signal=24%	
GOMF_WNT_RECEPTOR_ACTIVITY	GOMF_WNT_RECEPTOR_ACTIVITY		17	-0.51958865	-1.2377995	0.21355931	0.39857015	1.0	2940	tags=53%, list=15%, signal=62%	
GOBP_INTRACELLULAR_RECEPTOR_SIGNALING_PATHWAY	GOBP_INTRACELLULAR_RECEPTOR_SIGNALING_PATHWAY		359	-0.3256687	-1.2374061	0.05193237	0.39916903	1.0	4726	tags=30%, list=24%, signal=39%	
GOBP_REGULATION_OF_ANIMAL_ORGAN_MORPHOGENESIS	GOBP_REGULATION_OF_ANIMAL_ORGAN_MORPHOGENESIS		88	-0.3789135	-1.2373586	0.106544904	0.3989716	1.0	1616	tags=17%, list=8%, signal=19%	
GOBP_NEGATIVE_REGULATION_OF_MAPK_CASCADE	GOBP_NEGATIVE_REGULATION_OF_MAPK_CASCADE		144	-0.3617793	-1.2372928	0.099710986	0.39881	1.0	3092	tags=27%, list=16%, signal=32%	
GOBP_EYE_PHOTORECEPTOR_CELL_DEVELOPMENT	GOBP_EYE_PHOTORECEPTOR_CELL_DEVELOPMENT		35	-0.446593	-1.2372044	0.17723577	0.39872083	1.0	620	tags=11%, list=3%, signal=12%	
GOBP_SPINAL_CORD_DEVELOPMENT	GOBP_SPINAL_CORD_DEVELOPMENT		96	-0.37522215	-1.2370607	0.10879285	0.39873758	1.0	2242	tags=21%, list=12%, signal=23%	
GOBP_REGULATION_OF_POSTSYNAPSE_ORGANIZATION	GOBP_REGULATION_OF_POSTSYNAPSE_ORGANIZATION		100	-0.37100136	-1.2370268	0.12727273	0.39849797	1.0	3039	tags=28%, list=16%, signal=33%	
GOBP_NEGATIVE_REGULATION_OF_STRIATED_MUSCLE_CELL_DIFFERENTIATION	GOBP_NEGATIVE_REGULATION_OF_STRIATED_MUSCLE_CELL_DIFFERENTIATION		37	-0.43861166	-1.2369386	0.16581197	0.39840147	1.0	2817	tags=27%, list=15%, signal=32%	
GOMF_PROTEASE_BINDING	GOMF_PROTEASE_BINDING		131	-0.3630915	-1.2364343	0.10628743	0.39925557	1.0	3530	tags=27%, list=18%, signal=32%	
GOBP_REGULATION_OF_CAMP_MEDIATED_SIGNALING	GOBP_REGULATION_OF_CAMP_MEDIATED_SIGNALING		21	-0.49046144	-1.2361995	0.19269103	0.39950934	1.0	1039	tags=10%, list=5%, signal=10%	
GOBP_T_HELPER_1_CELL_DIFFERENTIATION	GOBP_T_HELPER_1_CELL_DIFFERENTIATION		23	-0.48099607	-1.2361487	0.18959731	0.39931947	1.0	4971	tags=57%, list=26%, signal=76%	
GOBP_POSITIVE_REGULATION_OF_PHOSPHOLIPASE_ACTIVITY	GOBP_POSITIVE_REGULATION_OF_PHOSPHOLIPASE_ACTIVITY		39	-0.43510705	-1.2358176	0.15993266	0.39983258	1.0	2837	tags=33%, list=15%, signal=39%	
GOBP_SEGMENTATION	GOBP_SEGMENTATION		98	-0.3782446	-1.2352827	0.11111111	0.4007623	1.0	2811	tags=24%, list=14%, signal=28%	
GOBP_THYROID_HORMONE_METABOLIC_PROCESS	GOBP_THYROID_HORMONE_METABOLIC_PROCESS		28	-0.46600196	-1.235164	0.191453	0.40072948	1.0	2506	tags=29%, list=13%, signal=33%	
GOBP_TEMPERATURE_HOMEOSTASIS	GOBP_TEMPERATURE_HOMEOSTASIS		181	-0.3477676	-1.2348617	0.06723891	0.40112132	1.0	1499	tags=17%, list=8%, signal=18%	
GOBP_RECEPTOR_INTERNALIZATION	GOBP_RECEPTOR_INTERNALIZATION		126	-0.36140084	-1.2346127	0.1006993	0.40138218	1.0	3226	tags=20%, list=17%, signal=24%	
GOBP_ERK1_AND_ERK2_CASCADE	GOBP_ERK1_AND_ERK2_CASCADE		289	-0.33313987	-1.2344322	0.052238807	0.4014962	1.0	2867	tags=24%, list=15%, signal=28%	
GOBP_RESPONSE_TO_RETINOIC_ACID	GOBP_RESPONSE_TO_RETINOIC_ACID		104	-0.3738476	-1.2343194	0.12391931	0.40141088	1.0	1307	tags=15%, list=7%, signal=16%	
GOBP_COLLAGEN_CATABOLIC_PROCESS	GOBP_COLLAGEN_CATABOLIC_PROCESS		40	-0.43467543	-1.233891	0.17077176	0.40205508	1.0	778	tags=13%, list=4%, signal=13%	
GOBP_KINETOCHORE_ASSEMBLY	GOBP_KINETOCHORE_ASSEMBLY		16	-0.52636784	-1.2338358	0.20072332	0.40190044	1.0	5044	tags=69%, list=26%, signal=93%	
GOBP_ADIPOSE_TISSUE_DEVELOPMENT	GOBP_ADIPOSE_TISSUE_DEVELOPMENT		57	-0.40881163	-1.2336981	0.13754046	0.40191135	1.0	4250	tags=44%, list=22%, signal=56%	
GOMF_C_C_CHEMOKINE_BINDING	GOMF_C_C_CHEMOKINE_BINDING		24	-0.47869888	-1.2333854	0.19332162	0.40234172	1.0	2640	tags=25%, list=14%, signal=29%	
GOBP_CANONICAL_WNT_SIGNALING_PATHWAY	GOBP_CANONICAL_WNT_SIGNALING_PATHWAY		295	-0.3317059	-1.2331672	0.052903228	0.40254653	1.0	3041	tags=23%, list=16%, signal=27%	
GOBP_REGULATION_OF_CELL_CELL_ADHESION_MEDIATED_BY_CADHERIN	GOBP_REGULATION_OF_CELL_CELL_ADHESION_MEDIATED_BY_CADHERIN		19	-0.509372	-1.2331594	0.18858132	0.4022497	1.0	3365	tags=32%, list=17%, signal=38%	
GOBP_INNATE_IMMUNE_RESPONSE_ACTIVATING_CELL_SURFACE_RECEPTOR_SIGNALING_PATHWAY	GOBP_INNATE_IMMUNE_RESPONSE_ACTIVATING_CELL_SURFACE_RECEPTOR_SIGNALING_PATHWAY		93	-0.3779781	-1.2330883	0.118003026	0.4021276	1.0	2208	tags=22%, list=11%, signal=24%	
GOBP_REGULATION_OF_MITOTIC_CELL_CYCLE	GOBP_REGULATION_OF_MITOTIC_CELL_CYCLE		478	-0.31776142	-1.2330222	0.03461063	0.40197068	1.0	3729	tags=28%, list=19%, signal=34%	
GOCC_CELL_PROJECTION_MEMBRANE	GOCC_CELL_PROJECTION_MEMBRANE		334	-0.33069155	-1.232797	0.0374677	0.40214837	1.0	3338	tags=23%, list=17%, signal=27%	
GOBP_SINGLE_STRANDED_VIRAL_RNA_REPLICATION_VIA_DOUBLE_STRANDED_DNA_INTERMEDIATE	GOBP_SINGLE_STRANDED_VIRAL_RNA_REPLICATION_VIA_DOUBLE_STRANDED_DNA_INTERMEDIATE		18	-0.5121006	-1.2327338	0.19927536	0.4019795	1.0	4292	tags=50%, list=22%, signal=64%	
GOBP_MACROPHAGE_MIGRATION	GOBP_MACROPHAGE_MIGRATION		57	-0.41131866	-1.2325498	0.14618973	0.40213072	1.0	2963	tags=30%, list=15%, signal=35%	
GOBP_REGULATION_OF_HEMATOPOIETIC_STEM_CELL_DIFFERENTIATION	GOBP_REGULATION_OF_HEMATOPOIETIC_STEM_CELL_DIFFERENTIATION		17	-0.52932537	-1.2325268	0.21164021	0.40187627	1.0	4264	tags=41%, list=22%, signal=53%	
GOBP_REGULATION_OF_HEMATOPOIETIC_PROGENITOR_CELL_DIFFERENTIATION	GOBP_REGULATION_OF_HEMATOPOIETIC_PROGENITOR_CELL_DIFFERENTIATION		41	-0.4330546	-1.2311264	0.17589577	0.40489042	1.0	4279	tags=34%, list=22%, signal=44%	
GOMF_PHOSPHATIDYLINOSITOL_3_5_BISPHOSPHATE_PHOSPHATASE_ACTIVITY	GOMF_PHOSPHATIDYLINOSITOL_3_5_BISPHOSPHATE_PHOSPHATASE_ACTIVITY		15	-0.52784765	-1.2310984	0.2	0.4046498	1.0	3316	tags=47%, list=17%, signal=56%	
GOBP_GLYCOLYTIC_PROCESS_THROUGH_FRUCTOSE_6_PHOSPHATE	GOBP_GLYCOLYTIC_PROCESS_THROUGH_FRUCTOSE_6_PHOSPHATE		24	-0.47853535	-1.2310067	0.19710669	0.40455768	1.0	4495	tags=46%, list=23%, signal=60%	
GOBP_REGULATION_OF_MAP_KINASE_ACTIVITY	GOBP_REGULATION_OF_MAP_KINASE_ACTIVITY		126	-0.36286697	-1.2303731	0.09379509	0.4057847	1.0	3092	tags=26%, list=16%, signal=31%	
GOBP_NEGATIVE_REGULATION_OF_POTASSIUM_ION_TRANSMEMBRANE_TRANSPORT	GOBP_NEGATIVE_REGULATION_OF_POTASSIUM_ION_TRANSMEMBRANE_TRANSPORT		22	-0.48934117	-1.2295566	0.20253165	0.4073942	1.0	925	tags=23%, list=5%, signal=24%	
GOCC_CHROMOSOME_CENTROMERIC_REGION	GOCC_CHROMOSOME_CENTROMERIC_REGION		227	-0.3365506	-1.229445	0.06357616	0.4073502	1.0	3852	tags=30%, list=20%, signal=37%	
GOMF_HSP70_PROTEIN_BINDING	GOMF_HSP70_PROTEIN_BINDING		48	-0.4182394	-1.2288916	0.1544586	0.40842602	1.0	2679	tags=23%, list=14%, signal=27%	
GOBP_CELL_SUBSTRATE_ADHESION	GOBP_CELL_SUBSTRATE_ADHESION		342	-0.3256225	-1.2288042	0.051413883	0.40831834	1.0	2636	tags=24%, list=14%, signal=27%	
GOBP_EMBRYONIC_CRANIAL_SKELETON_MORPHOGENESIS	GOBP_EMBRYONIC_CRANIAL_SKELETON_MORPHOGENESIS		43	-0.42651927	-1.2284347	0.1495935	0.4088891	1.0	1885	tags=19%, list=10%, signal=21%	
GOMF_NON_MEMBRANE_SPANNING_PROTEIN_TYROSINE_KINASE_ACTIVITY	GOMF_NON_MEMBRANE_SPANNING_PROTEIN_TYROSINE_KINASE_ACTIVITY		42	-0.4254442	-1.2283351	0.16666667	0.40880114	1.0	3702	tags=38%, list=19%, signal=47%	
GOCC_CELL_CELL_CONTACT_ZONE	GOCC_CELL_CELL_CONTACT_ZONE		73	-0.38485396	-1.228319	0.11894273	0.4085212	1.0	2635	tags=27%, list=14%, signal=32%	
GOBP_CYTOKINETIC_PROCESS	GOBP_CYTOKINETIC_PROCESS		46	-0.42041206	-1.2277601	0.18092105	0.4095109	1.0	2222	tags=20%, list=11%, signal=22%	
GOBP_POSITIVE_REGULATION_OF_DNA_BINDING	GOBP_POSITIVE_REGULATION_OF_DNA_BINDING		34	-0.4501705	-1.2276163	0.19931857	0.40953264	1.0	4943	tags=32%, list=25%, signal=43%	
GOBP_RESPONSE_TO_MINERALOCORTICOID	GOBP_RESPONSE_TO_MINERALOCORTICOID		39	-0.43582967	-1.2274919	0.17880794	0.40950674	1.0	1727	tags=23%, list=9%, signal=25%	
GOBP_ANDROGEN_RECEPTOR_SIGNALING_PATHWAY	GOBP_ANDROGEN_RECEPTOR_SIGNALING_PATHWAY		49	-0.41741395	-1.2273362	0.16346154	0.40955657	1.0	1247	tags=12%, list=6%, signal=13%	
GOBP_RESPONSE_TO_MUSCLE_ACTIVITY	GOBP_RESPONSE_TO_MUSCLE_ACTIVITY		23	-0.47152725	-1.2271281	0.19826087	0.40975273	1.0	3101	tags=30%, list=16%, signal=36%	
GOBP_DEFENSE_RESPONSE_TO_VIRUS	GOBP_DEFENSE_RESPONSE_TO_VIRUS		295	-0.32910886	-1.227025	0.068475455	0.40968257	1.0	4296	tags=28%, list=22%, signal=36%	
GOBP_ENDODERM_FORMATION	GOBP_ENDODERM_FORMATION		58	-0.4015173	-1.2270006	0.14580032	0.40942818	1.0	3685	tags=29%, list=19%, signal=36%	
GOBP_HYALURONAN_METABOLIC_PROCESS	GOBP_HYALURONAN_METABOLIC_PROCESS		33	-0.44309926	-1.2268459	0.17607974	0.4095155	1.0	2674	tags=27%, list=14%, signal=32%	
GOBP_NEGATIVE_REGULATION_OF_AXONOGENESIS	GOBP_NEGATIVE_REGULATION_OF_AXONOGENESIS		50	-0.41098323	-1.2268249	0.14308682	0.4092538	1.0	3099	tags=26%, list=16%, signal=31%	
GOBP_REGULATION_OF_VESICLE_MEDIATED_TRANSPORT	GOBP_REGULATION_OF_VESICLE_MEDIATED_TRANSPORT		489	-0.32052863	-1.2266918	0.027946537	0.40925965	1.0	2963	tags=20%, list=15%, signal=23%	
GOBP_REGULATION_OF_CELL_SIZE	GOBP_REGULATION_OF_CELL_SIZE		171	-0.34311414	-1.2266273	0.07648725	0.40910262	1.0	2561	tags=19%, list=13%, signal=22%	
GOBP_EPHRIN_RECEPTOR_SIGNALING_PATHWAY	GOBP_EPHRIN_RECEPTOR_SIGNALING_PATHWAY		50	-0.41390336	-1.2265711	0.15695792	0.40892604	1.0	3039	tags=26%, list=16%, signal=31%	
GOBP_NEGATIVE_REGULATION_OF_HUMORAL_IMMUNE_RESPONSE	GOBP_NEGATIVE_REGULATION_OF_HUMORAL_IMMUNE_RESPONSE		15	-0.5336817	-1.2264392	0.22486289	0.4089385	1.0	386	tags=20%, list=2%, signal=20%	
GOBP_PEPTIDYL_TYROSINE_DEPHOSPHORYLATION	GOBP_PEPTIDYL_TYROSINE_DEPHOSPHORYLATION		30	-0.4511284	-1.2263722	0.18257956	0.40878862	1.0	1719	tags=23%, list=9%, signal=26%	
GOBP_REGULATION_OF_STEM_CELL_POPULATION_MAINTENANCE	GOBP_REGULATION_OF_STEM_CELL_POPULATION_MAINTENANCE		68	-0.39540723	-1.2262077	0.14637904	0.40884587	1.0	4552	tags=32%, list=23%, signal=42%	
GOBP_CYCLIC_NUCLEOTIDE_METABOLIC_PROCESS	GOBP_CYCLIC_NUCLEOTIDE_METABOLIC_PROCESS		38	-0.4416684	-1.2260146	0.1697479	0.40899587	1.0	3044	tags=29%, list=16%, signal=34%	
GOBP_TRANSPOSITION	GOBP_TRANSPOSITION		31	-0.46048146	-1.2259716	0.16811092	0.40878496	1.0	3136	tags=32%, list=16%, signal=38%	
GOBP_POSITIVE_REGULATION_OF_MITOTIC_SISTER_CHROMATID_SEPARATION	GOBP_POSITIVE_REGULATION_OF_MITOTIC_SISTER_CHROMATID_SEPARATION		18	-0.5020626	-1.2257748	0.20067453	0.40895197	1.0	2912	tags=33%, list=15%, signal=39%	
GOBP_REGULATION_OF_T_CELL_APOPTOTIC_PROCESS	GOBP_REGULATION_OF_T_CELL_APOPTOTIC_PROCESS		40	-0.4271517	-1.2255303	0.16722408	0.40928474	1.0	2074	tags=23%, list=11%, signal=25%	
GOBP_TISSUE_REGENERATION	GOBP_TISSUE_REGENERATION		70	-0.38994107	-1.225517	0.13258786	0.40900716	1.0	2610	tags=24%, list=13%, signal=28%	
GOBP_HEMOSTASIS	GOBP_HEMOSTASIS		231	-0.3347116	-1.2249478	0.078457445	0.4101207	1.0	2641	tags=22%, list=14%, signal=25%	
GOBP_POSITIVE_REGULATION_OF_NERVOUS_SYSTEM_DEVELOPMENT	GOBP_POSITIVE_REGULATION_OF_NERVOUS_SYSTEM_DEVELOPMENT		287	-0.33142462	-1.2247691	0.067444876	0.41025004	1.0	1303	tags=13%, list=7%, signal=14%	
GOBP_DNA_RECOMBINATION	GOBP_DNA_RECOMBINATION		298	-0.3285449	-1.2243721	0.060728744	0.4109039	1.0	3787	tags=27%, list=19%, signal=33%	
GOBP_CYCLIC_NUCLEOTIDE_BIOSYNTHETIC_PROCESS	GOBP_CYCLIC_NUCLEOTIDE_BIOSYNTHETIC_PROCESS		18	-0.505801	-1.2242743	0.22562142	0.41082028	1.0	3044	tags=28%, list=16%, signal=33%	
GOMF_NEUTRAL_L_AMINO_ACID_TRANSMEMBRANE_TRANSPORTER_ACTIVITY	GOMF_NEUTRAL_L_AMINO_ACID_TRANSMEMBRANE_TRANSPORTER_ACTIVITY		42	-0.42662227	-1.2239718	0.1559322	0.41120905	1.0	1830	tags=19%, list=9%, signal=21%	
GOBP_POSITIVE_REGULATION_OF_CYSTEINE_TYPE_ENDOPEPTIDASE_ACTIVITY	GOBP_POSITIVE_REGULATION_OF_CYSTEINE_TYPE_ENDOPEPTIDASE_ACTIVITY		122	-0.36192027	-1.2237717	0.12027972	0.41138154	1.0	3191	tags=25%, list=16%, signal=29%	
GOBP_BASE_CONVERSION_OR_SUBSTITUTION_EDITING	GOBP_BASE_CONVERSION_OR_SUBSTITUTION_EDITING		18	-0.50480187	-1.2228887	0.20610687	0.41319	1.0	4292	tags=44%, list=22%, signal=57%	
GOBP_REGULATION_OF_PEPTIDASE_ACTIVITY	GOBP_REGULATION_OF_PEPTIDASE_ACTIVITY		280	-0.32960808	-1.222696	0.057591625	0.4133557	1.0	3203	tags=21%, list=16%, signal=25%	
GOBP_POSITIVE_REGULATION_OF_CELLULAR_COMPONENT_BIOGENESIS	GOBP_POSITIVE_REGULATION_OF_CELLULAR_COMPONENT_BIOGENESIS		485	-0.31453824	-1.222084	0.030303031	0.41456708	1.0	3109	tags=22%, list=16%, signal=26%	
GOBP_RESPONSE_TO_ALDOSTERONE	GOBP_RESPONSE_TO_ALDOSTERONE		18	-0.5144781	-1.2220781	0.22033899	0.41426617	1.0	1450	tags=33%, list=7%, signal=36%	
GOBP_RESPONSE_TO_AMINE	GOBP_RESPONSE_TO_AMINE		51	-0.40426967	-1.221939	0.16586152	0.4142745	1.0	1814	tags=24%, list=9%, signal=26%	
GOBP_REGULATION_OF_EPITHELIAL_CELL_APOPTOTIC_PROCESS	GOBP_REGULATION_OF_EPITHELIAL_CELL_APOPTOTIC_PROCESS		102	-0.36938354	-1.2217529	0.13623188	0.4143862	1.0	3349	tags=27%, list=17%, signal=33%	
GOBP_NAD_METABOLIC_PROCESS	GOBP_NAD_METABOLIC_PROCESS		62	-0.3962646	-1.2215011	0.15128593	0.4146836	1.0	2855	tags=26%, list=15%, signal=30%	
GOBP_FEMALE_GAMETE_GENERATION	GOBP_FEMALE_GAMETE_GENERATION		147	-0.3509324	-1.2211239	0.11221591	0.4152562	1.0	3717	tags=24%, list=19%, signal=29%	
GOBP_REGULATION_OF_ALPHA_BETA_T_CELL_ACTIVATION	GOBP_REGULATION_OF_ALPHA_BETA_T_CELL_ACTIVATION		113	-0.366297	-1.2211024	0.11583578	0.41499454	1.0	3339	tags=30%, list=17%, signal=36%	
GOBP_REGULATION_OF_ANATOMICAL_STRUCTURE_SIZE	GOBP_REGULATION_OF_ANATOMICAL_STRUCTURE_SIZE		477	-0.317638	-1.2210448	0.03199052	0.41484374	1.0	2594	tags=19%, list=13%, signal=21%	
GOBP_HETEROTYPIC_CELL_CELL_ADHESION	GOBP_HETEROTYPIC_CELL_CELL_ADHESION		62	-0.40426916	-1.2209506	0.17924528	0.41475657	1.0	2553	tags=32%, list=13%, signal=37%	
GOBP_POSITIVE_REGULATION_OF_CELL_KILLING	GOBP_POSITIVE_REGULATION_OF_CELL_KILLING		74	-0.38531712	-1.2209063	0.14159292	0.41454136	1.0	3056	tags=31%, list=16%, signal=37%	
GOMF_SECONDARY_ACTIVE_MONOCARBOXYLATE_TRANSMEMBRANE_TRANSPORTER_ACTIVITY	GOMF_SECONDARY_ACTIVE_MONOCARBOXYLATE_TRANSMEMBRANE_TRANSPORTER_ACTIVITY		19	-0.50155663	-1.2207347	0.20106761	0.4146478	1.0	3247	tags=32%, list=17%, signal=38%	
GOBP_RESPONSE_TO_INORGANIC_SUBSTANCE	GOBP_RESPONSE_TO_INORGANIC_SUBSTANCE		482	-0.31849712	-1.2206361	0.036674816	0.4145664	1.0	2701	tags=21%, list=14%, signal=23%	
GOBP_POSITIVE_REGULATION_OF_SIGNALING_RECEPTOR_ACTIVITY	GOBP_POSITIVE_REGULATION_OF_SIGNALING_RECEPTOR_ACTIVITY		24	-0.47734	-1.2205727	0.1993007	0.41440952	1.0	4552	tags=46%, list=23%, signal=60%	
GOBP_POSITIVE_REGULATION_OF_DEVELOPMENTAL_GROWTH	GOBP_POSITIVE_REGULATION_OF_DEVELOPMENTAL_GROWTH		154	-0.35205126	-1.2204129	0.11416185	0.41444504	1.0	2241	tags=18%, list=12%, signal=20%	
GOMF_PEPTIDE_HORMONE_RECEPTOR_BINDING	GOMF_PEPTIDE_HORMONE_RECEPTOR_BINDING		20	-0.48916966	-1.219732	0.23172906	0.41576535	1.0	1039	tags=20%, list=5%, signal=21%	
GOBP_PHAGOCYTOSIS_ENGULFMENT	GOBP_PHAGOCYTOSIS_ENGULFMENT		50	-0.40523568	-1.219612	0.15514334	0.41575038	1.0	3107	tags=32%, list=16%, signal=38%	
GOBP_EPIDERMAL_GROWTH_FACTOR_RECEPTOR_SIGNALING_PATHWAY	GOBP_EPIDERMAL_GROWTH_FACTOR_RECEPTOR_SIGNALING_PATHWAY		105	-0.36712295	-1.2195643	0.13043478	0.41555983	1.0	4527	tags=34%, list=23%, signal=44%	
GOBP_POSITIVE_REGULATION_OF_INTERLEUKIN_17_PRODUCTION	GOBP_POSITIVE_REGULATION_OF_INTERLEUKIN_17_PRODUCTION		27	-0.46964917	-1.2188407	0.22222222	0.4169771	1.0	889	tags=11%, list=5%, signal=12%	
GOBP_NEGATIVE_REGULATION_OF_NEURON_DIFFERENTIATION	GOBP_NEGATIVE_REGULATION_OF_NEURON_DIFFERENTIATION		71	-0.39088756	-1.218658	0.14580032	0.41712183	1.0	2702	tags=21%, list=14%, signal=24%	
GOBP_NEGATIVE_REGULATION_OF_NUCLEAR_DIVISION	GOBP_NEGATIVE_REGULATION_OF_NUCLEAR_DIVISION		61	-0.39420235	-1.2186438	0.15348837	0.41684023	1.0	3690	tags=36%, list=19%, signal=44%	
GOMF_COLLAGEN_BINDING	GOMF_COLLAGEN_BINDING		66	-0.3940828	-1.218362	0.15615141	0.41721	1.0	2562	tags=30%, list=13%, signal=35%	
GOBP_NEGATIVE_REGULATION_OF_TRANSMEMBRANE_TRANSPORT	GOBP_NEGATIVE_REGULATION_OF_TRANSMEMBRANE_TRANSPORT		113	-0.36253762	-1.2183189	0.13467048	0.41699868	1.0	925	tags=13%, list=5%, signal=14%	
GOCC_METHYLTRANSFERASE_COMPLEX	GOCC_METHYLTRANSFERASE_COMPLEX		97	-0.3735144	-1.2181064	0.13043478	0.41722164	1.0	4709	tags=36%, list=24%, signal=47%	
GOBP_NEGATIVE_REGULATION_OF_OSTEOCLAST_DIFFERENTIATION	GOBP_NEGATIVE_REGULATION_OF_OSTEOCLAST_DIFFERENTIATION		31	-0.46078423	-1.2180936	0.1821192	0.4169463	1.0	724	tags=16%, list=4%, signal=17%	
GOBP_POSITIVE_REGULATION_OF_PROTEIN_CATABOLIC_PROCESS	GOBP_POSITIVE_REGULATION_OF_PROTEIN_CATABOLIC_PROCESS		191	-0.3401189	-1.2179132	0.10181311	0.4170699	1.0	3005	tags=20%, list=15%, signal=24%	
GOBP_RESPONSE_TO_ACID_CHEMICAL	GOBP_RESPONSE_TO_ACID_CHEMICAL		127	-0.35845837	-1.2178303	0.10569106	0.4169554	1.0	1582	tags=14%, list=8%, signal=15%	
GOMF_EXTRACELLULAR_MATRIX_STRUCTURAL_CONSTITUENT_CONFERRING_TENSILE_STRENGTH	GOMF_EXTRACELLULAR_MATRIX_STRUCTURAL_CONSTITUENT_CONFERRING_TENSILE_STRENGTH		44	-0.41850823	-1.2168753	0.17656766	0.41895524	1.0	2873	tags=34%, list=15%, signal=40%	
GOBP_LYMPHOCYTE_ACTIVATION_INVOLVED_IN_IMMUNE_RESPONSE	GOBP_LYMPHOCYTE_ACTIVATION_INVOLVED_IN_IMMUNE_RESPONSE		210	-0.33589873	-1.2167891	0.07671601	0.41885948	1.0	3357	tags=25%, list=17%, signal=30%	
GOBP_REGULATION_OF_LYMPHOCYTE_APOPTOTIC_PROCESS	GOBP_REGULATION_OF_LYMPHOCYTE_APOPTOTIC_PROCESS		58	-0.40040883	-1.2167789	0.15753424	0.41857162	1.0	3813	tags=33%, list=20%, signal=41%	
GOBP_REGULATION_OF_PRESYNAPSE_ORGANIZATION	GOBP_REGULATION_OF_PRESYNAPSE_ORGANIZATION		34	-0.4446057	-1.2162867	0.19237147	0.41946298	1.0	1599	tags=18%, list=8%, signal=19%	
GOBP_CELL_SURFACE_PATTERN_RECOGNITION_RECEPTOR_SIGNALING_PATHWAY	GOBP_CELL_SURFACE_PATTERN_RECOGNITION_RECEPTOR_SIGNALING_PATHWAY		73	-0.387073	-1.2162137	0.14542729	0.41933873	1.0	2208	tags=21%, list=11%, signal=23%	
GOBP_MITOTIC_CHROMOSOME_CONDENSATION	GOBP_MITOTIC_CHROMOSOME_CONDENSATION		17	-0.5105879	-1.2161987	0.23774955	0.41907436	1.0	5506	tags=59%, list=28%, signal=82%	
GOBP_INSULIN_LIKE_GROWTH_FACTOR_RECEPTOR_SIGNALING_PATHWAY	GOBP_INSULIN_LIKE_GROWTH_FACTOR_RECEPTOR_SIGNALING_PATHWAY		50	-0.40773863	-1.2157807	0.17628706	0.41978803	1.0	2009	tags=20%, list=10%, signal=22%	
GOCC_CELL_LEADING_EDGE	GOCC_CELL_LEADING_EDGE		414	-0.31917173	-1.2155055	0.042682927	0.4201119	1.0	2932	tags=23%, list=15%, signal=26%	
GOBP_POSITIVE_REGULATION_OF_FIBROBLAST_PROLIFERATION	GOBP_POSITIVE_REGULATION_OF_FIBROBLAST_PROLIFERATION		53	-0.40778378	-1.2155007	0.18062398	0.4198151	1.0	3315	tags=26%, list=17%, signal=32%	
GOMF_BMP_BINDING	GOMF_BMP_BINDING		18	-0.5102436	-1.2154279	0.20547946	0.41967192	1.0	308	tags=17%, list=2%, signal=17%	
GOBP_REGULATION_OF_NATURAL_KILLER_CELL_ACTIVATION	GOBP_REGULATION_OF_NATURAL_KILLER_CELL_ACTIVATION		39	-0.43159816	-1.2149706	0.17578773	0.42043445	1.0	3570	tags=36%, list=18%, signal=44%	
GOBP_CELLULAR_RESPONSE_TO_LIPOPROTEIN_PARTICLE_STIMULUS	GOBP_CELLULAR_RESPONSE_TO_LIPOPROTEIN_PARTICLE_STIMULUS		34	-0.44034985	-1.214944	0.1890971	0.42017797	1.0	2830	tags=26%, list=15%, signal=31%	
GOBP_ORGANIC_ACID_TRANSPORT	GOBP_ORGANIC_ACID_TRANSPORT		337	-0.32646278	-1.2148676	0.05717916	0.4200617	1.0	2892	tags=22%, list=15%, signal=25%	
GOBP_POTASSIUM_ION_HOMEOSTASIS	GOBP_POTASSIUM_ION_HOMEOSTASIS		34	-0.43630996	-1.2139198	0.20957096	0.4219991	1.0	1391	tags=15%, list=7%, signal=16%	
GOBP_REGULATION_OF_ACUTE_INFLAMMATORY_RESPONSE	GOBP_REGULATION_OF_ACUTE_INFLAMMATORY_RESPONSE		45	-0.41946977	-1.2138816	0.17447495	0.4217837	1.0	3033	tags=36%, list=16%, signal=42%	
GOBP_CELLULAR_RESPONSE_TO_FATTY_ACID	GOBP_CELLULAR_RESPONSE_TO_FATTY_ACID		33	-0.4406395	-1.2137711	0.20066334	0.42175782	1.0	1500	tags=24%, list=8%, signal=26%	
GOMF_DYNEIN_COMPLEX_BINDING	GOMF_DYNEIN_COMPLEX_BINDING		23	-0.4772717	-1.2136915	0.2202166	0.42161992	1.0	3696	tags=35%, list=19%, signal=43%	
GOBP_NEUROINFLAMMATORY_RESPONSE	GOBP_NEUROINFLAMMATORY_RESPONSE		76	-0.38483605	-1.2132667	0.13395639	0.4223118	1.0	2656	tags=26%, list=14%, signal=30%	
GOBP_TRANSFORMING_GROWTH_FACTOR_BETA_RECEPTOR_SIGNALING_PATHWAY	GOBP_TRANSFORMING_GROWTH_FACTOR_BETA_RECEPTOR_SIGNALING_PATHWAY		199	-0.34003332	-1.2132605	0.08591549	0.4220185	1.0	1943	tags=18%, list=10%, signal=19%	
GOCC_PROTON_TRANSPORTING_TWO_SECTOR_ATPASE_COMPLEX	GOCC_PROTON_TRANSPORTING_TWO_SECTOR_ATPASE_COMPLEX		28	-0.4627504	-1.2128454	0.22277227	0.4227074	1.0	150	tags=7%, list=1%, signal=7%	
GOBP_DENDRITIC_CELL_DIFFERENTIATION	GOBP_DENDRITIC_CELL_DIFFERENTIATION		46	-0.420612	-1.2126654	0.17398374	0.42283323	1.0	2765	tags=26%, list=14%, signal=30%	
GOBP_CYTOKINE_PRODUCTION_INVOLVED_IN_IMMUNE_RESPONSE	GOBP_CYTOKINE_PRODUCTION_INVOLVED_IN_IMMUNE_RESPONSE		120	-0.36228094	-1.2125859	0.12571429	0.4227096	1.0	1280	tags=18%, list=7%, signal=19%	
GOMF_SYNTAXIN_1_BINDING	GOMF_SYNTAXIN_1_BINDING		19	-0.497639	-1.2125121	0.22608696	0.42257795	1.0	1568	tags=21%, list=8%, signal=23%	
GOBP_LEUKOCYTE_APOPTOTIC_PROCESS	GOBP_LEUKOCYTE_APOPTOTIC_PROCESS		112	-0.36490896	-1.2122084	0.13030303	0.42302194	1.0	3813	tags=30%, list=20%, signal=38%	
GOBP_ORGANIC_ACID_TRANSMEMBRANE_TRANSPORT	GOBP_ORGANIC_ACID_TRANSMEMBRANE_TRANSPORT		143	-0.3497239	-1.2121736	0.12320917	0.42280337	1.0	1830	tags=21%, list=9%, signal=23%	
GOCC_NUCLEAR_PERIPHERY	GOCC_NUCLEAR_PERIPHERY		146	-0.3469424	-1.2119095	0.11392405	0.42315042	1.0	4899	tags=39%, list=25%, signal=52%	
GOBP_DIGESTIVE_SYSTEM_PROCESS	GOBP_DIGESTIVE_SYSTEM_PROCESS		104	-0.37011793	-1.2118402	0.13905326	0.42300004	1.0	1847	tags=17%, list=10%, signal=19%	
GOBP_POSITIVE_REGULATION_OF_LEUKOCYTE_ADHESION_TO_VASCULAR_ENDOTHELIAL_CELL	GOBP_POSITIVE_REGULATION_OF_LEUKOCYTE_ADHESION_TO_VASCULAR_ENDOTHELIAL_CELL		24	-0.47474438	-1.2116807	0.20642978	0.42311493	1.0	1135	tags=17%, list=6%, signal=18%	
GOBP_POSITIVE_REGULATION_OF_BLOOD_VESSEL_ENDOTHELIAL_CELL_MIGRATION	GOBP_POSITIVE_REGULATION_OF_BLOOD_VESSEL_ENDOTHELIAL_CELL_MIGRATION		52	-0.41001815	-1.2116026	0.17061612	0.4229698	1.0	3717	tags=38%, list=19%, signal=47%	
GOBP_MONOATOMIC_ANION_HOMEOSTASIS	GOBP_MONOATOMIC_ANION_HOMEOSTASIS		21	-0.48686656	-1.211438	0.2123412	0.4230583	1.0	1016	tags=19%, list=5%, signal=20%	
GOBP_REGULATION_OF_INTRACELLULAR_ESTROGEN_RECEPTOR_SIGNALING_PATHWAY	GOBP_REGULATION_OF_INTRACELLULAR_ESTROGEN_RECEPTOR_SIGNALING_PATHWAY		32	-0.44838676	-1.2113526	0.21575342	0.42295805	1.0	944	tags=13%, list=5%, signal=13%	
GOBP_POSITIVE_REGULATION_OF_CELL_DEVELOPMENT	GOBP_POSITIVE_REGULATION_OF_CELL_DEVELOPMENT		440	-0.31609908	-1.2111822	0.04939759	0.42308888	1.0	3817	tags=26%, list=20%, signal=32%	
GOBP_PALLIUM_DEVELOPMENT	GOBP_PALLIUM_DEVELOPMENT		183	-0.34377518	-1.2110871	0.10094213	0.42303467	1.0	2430	tags=18%, list=13%, signal=20%	
GOBP_POSITIVE_REGULATION_OF_MEIOTIC_NUCLEAR_DIVISION	GOBP_POSITIVE_REGULATION_OF_MEIOTIC_NUCLEAR_DIVISION		15	-0.5091166	-1.2110039	0.24070796	0.42291015	1.0	2387	tags=27%, list=12%, signal=30%	
GOBP_REGULATION_OF_BROWN_FAT_CELL_DIFFERENTIATION	GOBP_REGULATION_OF_BROWN_FAT_CELL_DIFFERENTIATION		24	-0.4777825	-1.2108809	0.21217391	0.4229147	1.0	1210	tags=17%, list=6%, signal=18%	
GOBP_ORGANIC_ANION_TRANSPORT	GOBP_ORGANIC_ANION_TRANSPORT		434	-0.3182787	-1.2107381	0.049689442	0.4229651	1.0	2892	tags=21%, list=15%, signal=24%	
GOBP_REGULATION_OF_MITOTIC_CYTOKINESIS	GOBP_REGULATION_OF_MITOTIC_CYTOKINESIS		15	-0.5114643	-1.2106496	0.22342342	0.42287597	1.0	2833	tags=33%, list=15%, signal=39%	
GOBP_REGULATION_OF_T_CELL_RECEPTOR_SIGNALING_PATHWAY	GOBP_REGULATION_OF_T_CELL_RECEPTOR_SIGNALING_PATHWAY		47	-0.41457173	-1.2104903	0.1687898	0.42293826	1.0	3094	tags=23%, list=16%, signal=28%	
GOBP_RESPONSE_TO_ESTRADIOL	GOBP_RESPONSE_TO_ESTRADIOL		115	-0.3573457	-1.2100806	0.12703101	0.4236316	1.0	1934	tags=17%, list=10%, signal=18%	
GOBP_POSITIVE_REGULATION_OF_BONE_RESORPTION	GOBP_POSITIVE_REGULATION_OF_BONE_RESORPTION		19	-0.4901677	-1.2099762	0.23144877	0.42358717	1.0	2649	tags=32%, list=14%, signal=37%	
GOMF_PROMOTER_SPECIFIC_CHROMATIN_BINDING	GOMF_PROMOTER_SPECIFIC_CHROMATIN_BINDING		66	-0.39295688	-1.2095492	0.18051118	0.42431033	1.0	1857	tags=17%, list=10%, signal=18%	
GOBP_REGULATION_OF_MICROTUBULE_POLYMERIZATION	GOBP_REGULATION_OF_MICROTUBULE_POLYMERIZATION		57	-0.39942423	-1.2092278	0.17100978	0.42478517	1.0	3215	tags=28%, list=17%, signal=34%	
GOBP_BONE_GROWTH	GOBP_BONE_GROWTH		29	-0.45612752	-1.209119	0.20069808	0.42473727	1.0	945	tags=17%, list=5%, signal=18%	
GOBP_GLUCOSE_CATABOLIC_PROCESS	GOBP_GLUCOSE_CATABOLIC_PROCESS		26	-0.4633482	-1.208942	0.20781527	0.42486998	1.0	4495	tags=46%, list=23%, signal=60%	
GOBP_NATURAL_KILLER_CELL_PROLIFERATION	GOBP_NATURAL_KILLER_CELL_PROLIFERATION		15	-0.51789826	-1.2089114	0.21754386	0.42465243	1.0	4306	tags=47%, list=22%, signal=60%	
GOBP_HISTAMINE_TRANSPORT	GOBP_HISTAMINE_TRANSPORT		16	-0.5129874	-1.2088075	0.21288015	0.42462128	1.0	2110	tags=31%, list=11%, signal=35%	
GOBP_REGULATION_OF_MEMBRANE_INVAGINATION	GOBP_REGULATION_OF_MEMBRANE_INVAGINATION		15	-0.51843494	-1.208676	0.23431735	0.4246339	1.0	1534	tags=40%, list=8%, signal=43%	
GOBP_SIGNAL_TRANSDUCTION_BY_P53_CLASS_MEDIATOR	GOBP_SIGNAL_TRANSDUCTION_BY_P53_CLASS_MEDIATOR		168	-0.3421411	-1.2082297	0.108938545	0.42538467	1.0	2993	tags=18%, list=15%, signal=22%	
GOBP_APPENDAGE_MORPHOGENESIS	GOBP_APPENDAGE_MORPHOGENESIS		142	-0.3524515	-1.2080946	0.13061224	0.42541048	1.0	1885	tags=18%, list=10%, signal=19%	
GOBP_ESTABLISHMENT_OR_MAINTENANCE_OF_MONOPOLAR_CELL_POLARITY	GOBP_ESTABLISHMENT_OR_MAINTENANCE_OF_MONOPOLAR_CELL_POLARITY		25	-0.46406725	-1.2080767	0.2204861	0.4251493	1.0	3215	tags=44%, list=17%, signal=53%	
GOBP_MYOTUBE_DIFFERENTIATION	GOBP_MYOTUBE_DIFFERENTIATION		122	-0.35602313	-1.2079806	0.11965812	0.42507082	1.0	1530	tags=13%, list=8%, signal=14%	
GOBP_GLIAL_CELL_ACTIVATION	GOBP_GLIAL_CELL_ACTIVATION		53	-0.40343243	-1.2076188	0.17412935	0.42566052	1.0	2563	tags=28%, list=13%, signal=33%	
GOBP_CORTICAL_ACTIN_CYTOSKELETON_ORGANIZATION	GOBP_CORTICAL_ACTIN_CYTOSKELETON_ORGANIZATION		41	-0.42395592	-1.2073073	0.18849841	0.42610407	1.0	4303	tags=41%, list=22%, signal=53%	
GOBP_POSITIVE_REGULATION_OF_CELL_CYCLE_PHASE_TRANSITION	GOBP_POSITIVE_REGULATION_OF_CELL_CYCLE_PHASE_TRANSITION		107	-0.36269352	-1.2071164	0.13501483	0.42623368	1.0	3205	tags=22%, list=17%, signal=27%	
GOBP_POSITIVE_REGULATION_OF_INSULIN_SECRETION_INVOLVED_IN_CELLULAR_RESPONSE_TO_GLUCOSE_STIMULUS	GOBP_POSITIVE_REGULATION_OF_INSULIN_SECRETION_INVOLVED_IN_CELLULAR_RESPONSE_TO_GLUCOSE_STIMULUS		30	-0.45135048	-1.2069529	0.22241682	0.4263267	1.0	1495	tags=17%, list=8%, signal=18%	
GOBP_TOLL_LIKE_RECEPTOR_SIGNALING_PATHWAY	GOBP_TOLL_LIKE_RECEPTOR_SIGNALING_PATHWAY		75	-0.3807752	-1.2069452	0.16843702	0.42604274	1.0	1549	tags=15%, list=8%, signal=16%	
GOBP_PATTERN_SPECIFICATION_PROCESS	GOBP_PATTERN_SPECIFICATION_PROCESS		448	-0.3155578	-1.2064085	0.065613605	0.42704064	1.0	2130	tags=17%, list=11%, signal=19%	
GOBP_NEGATIVE_REGULATION_OF_MUSCLE_CELL_DIFFERENTIATION	GOBP_NEGATIVE_REGULATION_OF_MUSCLE_CELL_DIFFERENTIATION		60	-0.39190847	-1.2060894	0.1557252	0.42752698	1.0	4043	tags=37%, list=21%, signal=46%	
GOBP_RESPONSE_TO_MACROPHAGE_COLONY_STIMULATING_FACTOR	GOBP_RESPONSE_TO_MACROPHAGE_COLONY_STIMULATING_FACTOR		17	-0.502574	-1.2056909	0.24013722	0.42819354	1.0	2963	tags=35%, list=15%, signal=42%	
GOBP_REGULATION_OF_CELL_SUBSTRATE_JUNCTION_ORGANIZATION	GOBP_REGULATION_OF_CELL_SUBSTRATE_JUNCTION_ORGANIZATION		66	-0.39059222	-1.2053726	0.16613418	0.4286517	1.0	3413	tags=29%, list=18%, signal=35%	
GOCC_BRUSH_BORDER_MEMBRANE	GOCC_BRUSH_BORDER_MEMBRANE		56	-0.39462817	-1.2051511	0.17795275	0.4288528	1.0	3430	tags=29%, list=18%, signal=35%	
GOBP_TOLL_LIKE_RECEPTOR_3_SIGNALING_PATHWAY	GOBP_TOLL_LIKE_RECEPTOR_3_SIGNALING_PATHWAY		28	-0.457768	-1.2050563	0.2	0.42877606	1.0	4591	tags=46%, list=24%, signal=61%	
GOBP_REGULATION_OF_DNA_BINDING_TRANSCRIPTION_FACTOR_ACTIVITY	GOBP_REGULATION_OF_DNA_BINDING_TRANSCRIPTION_FACTOR_ACTIVITY		336	-0.31870982	-1.2048683	0.07015306	0.42890212	1.0	2817	tags=19%, list=15%, signal=22%	
GOBP_T_CELL_DIFFERENTIATION	GOBP_T_CELL_DIFFERENTIATION		303	-0.32282183	-1.2046659	0.079345085	0.42906672	1.0	4637	tags=36%, list=24%, signal=47%	
GOBP_POSITIVE_REGULATION_OF_TELOMERE_CAPPING	GOBP_POSITIVE_REGULATION_OF_TELOMERE_CAPPING		17	-0.50702494	-1.2045475	0.22164948	0.4290575	1.0	1256	tags=18%, list=6%, signal=19%	
GOBP_COLLATERAL_SPROUTING	GOBP_COLLATERAL_SPROUTING		26	-0.46578732	-1.2042433	0.21124361	0.4294884	1.0	466	tags=12%, list=2%, signal=12%	
GOBP_REGULATION_OF_NEURON_PROJECTION_DEVELOPMENT	GOBP_REGULATION_OF_NEURON_PROJECTION_DEVELOPMENT		415	-0.3145878	-1.2040728	0.062043797	0.42961565	1.0	2870	tags=20%, list=15%, signal=22%	
GOBP_HEART_FIELD_SPECIFICATION	GOBP_HEART_FIELD_SPECIFICATION		17	-0.515982	-1.2033088	0.21841155	0.43109992	1.0	2124	tags=29%, list=11%, signal=33%	
GOBP_CIRCADIAN_SLEEP_WAKE_CYCLE	GOBP_CIRCADIAN_SLEEP_WAKE_CYCLE		21	-0.48031765	-1.2030782	0.2322034	0.43137828	1.0	4001	tags=48%, list=21%, signal=60%	
GOMF_KINASE_REGULATOR_ACTIVITY	GOMF_KINASE_REGULATOR_ACTIVITY		257	-0.32978547	-1.2030678	0.095364235	0.43110406	1.0	3149	tags=23%, list=16%, signal=27%	
GOBP_REGULATION_OF_NERVOUS_SYSTEM_DEVELOPMENT	GOBP_REGULATION_OF_NERVOUS_SYSTEM_DEVELOPMENT		438	-0.31512165	-1.2027421	0.05968331	0.43161187	1.0	2735	tags=19%, list=14%, signal=22%	
GOBP_REGULATION_OF_OSSIFICATION	GOBP_REGULATION_OF_OSSIFICATION		116	-0.36018035	-1.2021286	0.14466292	0.43283325	1.0	1498	tags=17%, list=8%, signal=19%	
GOBP_MITOTIC_SPINDLE_ASSEMBLY	GOBP_MITOTIC_SPINDLE_ASSEMBLY		70	-0.38774574	-1.2013389	0.17443609	0.43444496	1.0	3089	tags=30%, list=16%, signal=36%	
GOBP_CRANIOFACIAL_SUTURE_MORPHOGENESIS	GOBP_CRANIOFACIAL_SUTURE_MORPHOGENESIS		19	-0.49922493	-1.2009839	0.21578947	0.43497512	1.0	2752	tags=37%, list=14%, signal=43%	
GOBP_PEPTIDYL_TYROSINE_AUTOPHOSPHORYLATION	GOBP_PEPTIDYL_TYROSINE_AUTOPHOSPHORYLATION		16	-0.5192543	-1.2007571	0.24247788	0.43518087	1.0	1665	tags=19%, list=9%, signal=20%	
GOBP_RESPONSE_TO_NUTRIENT_LEVELS	GOBP_RESPONSE_TO_NUTRIENT_LEVELS		476	-0.31302622	-1.2004071	0.058252428	0.4357433	1.0	1601	tags=13%, list=8%, signal=14%	
GOBP_CELL_MATRIX_ADHESION	GOBP_CELL_MATRIX_ADHESION		229	-0.32914862	-1.2002076	0.10832232	0.4359091	1.0	2636	tags=23%, list=14%, signal=26%	
GOBP_MYELOID_CELL_DIFFERENTIATION	GOBP_MYELOID_CELL_DIFFERENTIATION		408	-0.3154692	-1.2001814	0.058465287	0.4356618	1.0	3389	tags=25%, list=17%, signal=30%	
GOMF_ANKYRIN_BINDING	GOMF_ANKYRIN_BINDING		19	-0.48957914	-1.2001284	0.21217391	0.43548	1.0	876	tags=16%, list=5%, signal=17%	
GOBP_NEURAL_PRECURSOR_CELL_PROLIFERATION	GOBP_NEURAL_PRECURSOR_CELL_PROLIFERATION		164	-0.34461835	-1.1999594	0.11111111	0.43559766	1.0	2055	tags=17%, list=11%, signal=19%	
GOBP_CELLULAR_RESPONSE_TO_NUTRIENT	GOBP_CELLULAR_RESPONSE_TO_NUTRIENT		47	-0.4102192	-1.1995511	0.17723577	0.4362964	1.0	1601	tags=17%, list=8%, signal=19%	
GOCC_AUTOLYSOSOME	GOCC_AUTOLYSOSOME		15	-0.52053195	-1.1994967	0.26153848	0.43610513	1.0	2454	tags=27%, list=13%, signal=30%	
GOBP_MEIOTIC_CELL_CYCLE	GOBP_MEIOTIC_CELL_CYCLE		252	-0.32775822	-1.1992362	0.09756097	0.4364536	1.0	3360	tags=22%, list=17%, signal=27%	
GOBP_RECOMBINATIONAL_REPAIR	GOBP_RECOMBINATIONAL_REPAIR		172	-0.34091496	-1.1986787	0.11204482	0.4375149	1.0	4001	tags=30%, list=21%, signal=38%	
GOBP_ESTROGEN_METABOLIC_PROCESS	GOBP_ESTROGEN_METABOLIC_PROCESS		40	-0.42041305	-1.1986586	0.2077052	0.43725234	1.0	237	tags=13%, list=1%, signal=13%	
GOBP_REGULATION_OF_DNA_BIOSYNTHETIC_PROCESS	GOBP_REGULATION_OF_DNA_BIOSYNTHETIC_PROCESS		112	-0.35702404	-1.198567	0.13576642	0.4371547	1.0	3851	tags=30%, list=20%, signal=38%	
GOBP_REGULATION_OF_LEUKOCYTE_DIFFERENTIATION	GOBP_REGULATION_OF_LEUKOCYTE_DIFFERENTIATION		313	-0.31928602	-1.198454	0.07208388	0.43712193	1.0	4515	tags=32%, list=23%, signal=41%	
GOBP_REGULATION_OF_EXTENT_OF_CELL_GROWTH	GOBP_REGULATION_OF_EXTENT_OF_CELL_GROWTH		94	-0.36565664	-1.1978021	0.13946587	0.43839014	1.0	2561	tags=20%, list=13%, signal=23%	
GOMF_PROTEIN_TYROSINE_PHOSPHATASE_ACTIVITY	GOMF_PROTEIN_TYROSINE_PHOSPHATASE_ACTIVITY		94	-0.36563784	-1.1977866	0.14949201	0.43812603	1.0	1723	tags=16%, list=9%, signal=17%	
GOBP_POSITIVE_REGULATION_OF_PLASMA_MEMBRANE_BOUNDED_CELL_PROJECTION_ASSEMBLY	GOBP_POSITIVE_REGULATION_OF_PLASMA_MEMBRANE_BOUNDED_CELL_PROJECTION_ASSEMBLY		106	-0.36154747	-1.1973469	0.16158536	0.43888542	1.0	2378	tags=22%, list=12%, signal=25%	
GOBP_POSITIVE_REGULATION_OF_PROTEIN_POLYUBIQUITINATION	GOBP_POSITIVE_REGULATION_OF_PROTEIN_POLYUBIQUITINATION		15	-0.5155442	-1.1969244	0.24173912	0.43961504	1.0	889	tags=20%, list=5%, signal=21%	
GOBP_MUSCLE_CELL_PROLIFERATION	GOBP_MUSCLE_CELL_PROLIFERATION		194	-0.33676615	-1.1966774	0.115068495	0.43991402	1.0	2656	tags=24%, list=14%, signal=27%	
GOBP_INTERLEUKIN_1_PRODUCTION	GOBP_INTERLEUKIN_1_PRODUCTION		106	-0.364706	-1.1966476	0.14050822	0.4396651	1.0	3315	tags=27%, list=17%, signal=33%	
GOBP_POSITIVE_REGULATION_OF_REGULATORY_T_CELL_DIFFERENTIATION	GOBP_POSITIVE_REGULATION_OF_REGULATORY_T_CELL_DIFFERENTIATION		21	-0.48364633	-1.1964134	0.23333333	0.4399345	1.0	4478	tags=48%, list=23%, signal=62%	
GOBP_POSITIVE_REGULATION_OF_MITOTIC_CELL_CYCLE	GOBP_POSITIVE_REGULATION_OF_MITOTIC_CELL_CYCLE		121	-0.3561807	-1.1960641	0.12643678	0.440466	1.0	3205	tags=25%, list=17%, signal=30%	
GOBP_REGULATION_OF_ORGAN_GROWTH	GOBP_REGULATION_OF_ORGAN_GROWTH		86	-0.36220378	-1.195961	0.15007898	0.44040585	1.0	2590	tags=22%, list=13%, signal=25%	
GOBP_DEVELOPMENTAL_MATURATION	GOBP_DEVELOPMENTAL_MATURATION		319	-0.31890225	-1.1952399	0.08056266	0.4419296	1.0	3389	tags=23%, list=17%, signal=27%	
GOBP_REGULATION_OF_CARDIAC_MUSCLE_CELL_DIFFERENTIATION	GOBP_REGULATION_OF_CARDIAC_MUSCLE_CELL_DIFFERENTIATION		16	-0.498509	-1.1950058	0.23454545	0.44218552	1.0	4043	tags=50%, list=21%, signal=63%	
GOBP_FOREBRAIN_DEVELOPMENT	GOBP_FOREBRAIN_DEVELOPMENT		398	-0.31566274	-1.1946748	0.07320099	0.44266802	1.0	2433	tags=17%, list=13%, signal=19%	
GOBP_POSITIVE_REGULATION_OF_G1_S_TRANSITION_OF_MITOTIC_CELL_CYCLE	GOBP_POSITIVE_REGULATION_OF_G1_S_TRANSITION_OF_MITOTIC_CELL_CYCLE		45	-0.41527957	-1.194463	0.18991597	0.44290817	1.0	3205	tags=22%, list=17%, signal=27%	
GOBP_MISMATCH_REPAIR	GOBP_MISMATCH_REPAIR		30	-0.44407853	-1.1943576	0.21071428	0.44287014	1.0	3175	tags=33%, list=16%, signal=40%	
GOBP_CHONDROCYTE_DEVELOPMENT	GOBP_CHONDROCYTE_DEVELOPMENT		29	-0.4543378	-1.1939296	0.23283082	0.44363514	1.0	2319	tags=34%, list=12%, signal=39%	
GOMF_MONOCARBOXYLATE_SODIUM_SYMPORTER_ACTIVITY	GOMF_MONOCARBOXYLATE_SODIUM_SYMPORTER_ACTIVITY		15	-0.51620984	-1.1935267	0.22920203	0.44426858	1.0	3247	tags=33%, list=17%, signal=40%	
GOMF_CYTOKINE_RECEPTOR_ACTIVITY	GOMF_CYTOKINE_RECEPTOR_ACTIVITY		95	-0.36679867	-1.1931387	0.14992025	0.44486132	1.0	2303	tags=23%, list=12%, signal=26%	
GOBP_POSITIVE_REGULATION_OF_DNA_BINDING_TRANSCRIPTION_FACTOR_ACTIVITY	GOBP_POSITIVE_REGULATION_OF_DNA_BINDING_TRANSCRIPTION_FACTOR_ACTIVITY		210	-0.33001405	-1.1926429	0.10326087	0.4457576	1.0	2817	tags=19%, list=15%, signal=22%	
GOBP_SERINE_FAMILY_AMINO_ACID_METABOLIC_PROCESS	GOBP_SERINE_FAMILY_AMINO_ACID_METABOLIC_PROCESS		32	-0.43574774	-1.1925169	0.22131148	0.44577807	1.0	881	tags=16%, list=5%, signal=16%	
GOBP_REGULATION_OF_P38MAPK_CASCADE	GOBP_REGULATION_OF_P38MAPK_CASCADE		41	-0.4214558	-1.192312	0.19547658	0.44598556	1.0	1887	tags=29%, list=10%, signal=32%	
GOBP_INTESTINAL_ABSORPTION	GOBP_INTESTINAL_ABSORPTION		41	-0.4167592	-1.1919892	0.1952381	0.44645542	1.0	1615	tags=20%, list=8%, signal=21%	
GOMF_PHOSPHATIDYLINOSITOL_3_4_BISPHOSPHATE_BINDING	GOMF_PHOSPHATIDYLINOSITOL_3_4_BISPHOSPHATE_BINDING		27	-0.45211205	-1.1919513	0.24496645	0.44624633	1.0	4585	tags=48%, list=24%, signal=63%	
GOBP_NEGATIVE_REGULATION_OF_NOTCH_SIGNALING_PATHWAY	GOBP_NEGATIVE_REGULATION_OF_NOTCH_SIGNALING_PATHWAY		36	-0.4306998	-1.1917588	0.19532554	0.4463959	1.0	4522	tags=42%, list=23%, signal=54%	
GOMF_HELICASE_ACTIVITY	GOMF_HELICASE_ACTIVITY		142	-0.3452132	-1.1914294	0.14124294	0.4469254	1.0	4726	tags=33%, list=24%, signal=43%	
GOBP_RESPONSE_TO_INTERLEUKIN_4	GOBP_RESPONSE_TO_INTERLEUKIN_4		37	-0.42379665	-1.1905828	0.21709402	0.4487442	1.0	2439	tags=19%, list=13%, signal=22%	
GOBP_NEGATIVE_REGULATION_OF_MONOATOMIC_ION_TRANSMEMBRANE_TRANSPORT	GOBP_NEGATIVE_REGULATION_OF_MONOATOMIC_ION_TRANSMEMBRANE_TRANSPORT		85	-0.3703944	-1.1905583	0.18512899	0.44849044	1.0	925	tags=12%, list=5%, signal=12%	
GOBP_POSITIVE_REGULATION_OF_SMAD_PROTEIN_SIGNAL_TRANSDUCTION	GOBP_POSITIVE_REGULATION_OF_SMAD_PROTEIN_SIGNAL_TRANSDUCTION		38	-0.43230838	-1.1901685	0.21452145	0.44916925	1.0	1092	tags=16%, list=6%, signal=17%	
GOBP_POSITIVE_REGULATION_OF_MACROPHAGE_MIGRATION	GOBP_POSITIVE_REGULATION_OF_MACROPHAGE_MIGRATION		25	-0.46306258	-1.1901525	0.23946036	0.44889402	1.0	2535	tags=32%, list=13%, signal=37%	
GOCC_FICOLIN_1_RICH_GRANULE	GOCC_FICOLIN_1_RICH_GRANULE		181	-0.3390166	-1.189601	0.11934157	0.4499303	1.0	3890	tags=24%, list=20%, signal=29%	
GOMF_COA_LIGASE_ACTIVITY	GOMF_COA_LIGASE_ACTIVITY		27	-0.4551032	-1.1892248	0.22375216	0.45051512	1.0	764	tags=15%, list=4%, signal=15%	
GOBP_HEMATOPOIETIC_OR_LYMPHOID_ORGAN_DEVELOPMENT	GOBP_HEMATOPOIETIC_OR_LYMPHOID_ORGAN_DEVELOPMENT		96	-0.36710227	-1.1892089	0.15765765	0.45024806	1.0	2074	tags=15%, list=11%, signal=16%	
GOBP_POSITIVE_REGULATION_OF_ATP_DEPENDENT_ACTIVITY	GOBP_POSITIVE_REGULATION_OF_ATP_DEPENDENT_ACTIVITY		38	-0.41960782	-1.1891687	0.19392918	0.45003706	1.0	2993	tags=29%, list=15%, signal=34%	
GOBP_MAINTENANCE_OF_BLOOD_BRAIN_BARRIER	GOBP_MAINTENANCE_OF_BLOOD_BRAIN_BARRIER		38	-0.42422476	-1.1891162	0.20973155	0.44987497	1.0	1278	tags=18%, list=7%, signal=20%	
GOBP_RESPONSE_TO_VIRUS	GOBP_RESPONSE_TO_VIRUS		384	-0.31358856	-1.1890306	0.07936508	0.44978267	1.0	4296	tags=28%, list=22%, signal=35%	
GOBP_REGULATION_OF_EXTRACELLULAR_MATRIX_ORGANIZATION	GOBP_REGULATION_OF_EXTRACELLULAR_MATRIX_ORGANIZATION		61	-0.39196813	-1.1884584	0.17398374	0.45087528	1.0	2953	tags=30%, list=15%, signal=35%	
GOMF_ORGANIC_ANION_TRANSMEMBRANE_TRANSPORTER_ACTIVITY	GOMF_ORGANIC_ANION_TRANSMEMBRANE_TRANSPORTER_ACTIVITY		261	-0.32212818	-1.1883508	0.09973753	0.45084885	1.0	2173	tags=15%, list=11%, signal=17%	
GOBP_CELLULAR_RESPONSE_TO_ALCOHOL	GOBP_CELLULAR_RESPONSE_TO_ALCOHOL		99	-0.36157483	-1.1878996	0.163142	0.4516941	1.0	1510	tags=15%, list=8%, signal=16%	
GOBP_WHITE_FAT_CELL_DIFFERENTIATION	GOBP_WHITE_FAT_CELL_DIFFERENTIATION		15	-0.52272743	-1.1877414	0.26436782	0.45178148	1.0	651	tags=20%, list=3%, signal=21%	
GOBP_UROGENITAL_SYSTEM_DEVELOPMENT	GOBP_UROGENITAL_SYSTEM_DEVELOPMENT		64	-0.38395157	-1.1875229	0.17283951	0.4520198	1.0	914	tags=14%, list=5%, signal=15%	
GOBP_CORONARY_VASCULATURE_DEVELOPMENT	GOBP_CORONARY_VASCULATURE_DEVELOPMENT		46	-0.41196534	-1.1875057	0.19706841	0.45176038	1.0	2239	tags=22%, list=12%, signal=25%	
GOBP_POSITIVE_REGULATION_OF_OXIDOREDUCTASE_ACTIVITY	GOBP_POSITIVE_REGULATION_OF_OXIDOREDUCTASE_ACTIVITY		36	-0.4235682	-1.1875026	0.19663866	0.45146096	1.0	3101	tags=33%, list=16%, signal=40%	
GOBP_LOW_DENSITY_LIPOPROTEIN_PARTICLE_REMODELING	GOBP_LOW_DENSITY_LIPOPROTEIN_PARTICLE_REMODELING		16	-0.50373834	-1.1872663	0.2462963	0.4517229	1.0	808	tags=19%, list=4%, signal=20%	
GOBP_TISSUE_HOMEOSTASIS	GOBP_TISSUE_HOMEOSTASIS		253	-0.3260869	-1.1865209	0.10376135	0.45320827	1.0	2407	tags=19%, list=12%, signal=21%	
GOMF_PEPTIDOGLYCAN_MURALYTIC_ACTIVITY	GOMF_PEPTIDOGLYCAN_MURALYTIC_ACTIVITY		15	-0.51472646	-1.186273	0.26194692	0.45352665	1.0	582	tags=13%, list=3%, signal=14%	
GOBP_NEGATIVE_REGULATION_OF_WOUND_HEALING	GOBP_NEGATIVE_REGULATION_OF_WOUND_HEALING		69	-0.38074082	-1.1861554	0.17981073	0.45352104	1.0	1687	tags=20%, list=9%, signal=22%	
GOBP_NEGATIVE_REGULATION_OF_CARDIAC_MUSCLE_TISSUE_GROWTH	GOBP_NEGATIVE_REGULATION_OF_CARDIAC_MUSCLE_TISSUE_GROWTH		21	-0.47379142	-1.186133	0.234375	0.45326465	1.0	153	tags=10%, list=1%, signal=10%	
GOBP_GASTRULATION	GOBP_GASTRULATION		188	-0.33236068	-1.1860086	0.12809917	0.45329234	1.0	3325	tags=24%, list=17%, signal=29%	
GOBP_LYMPHOCYTE_DIFFERENTIATION	GOBP_LYMPHOCYTE_DIFFERENTIATION		423	-0.31133237	-1.1859138	0.06075334	0.45320928	1.0	4637	tags=35%, list=24%, signal=45%	
GOBP_NEGATIVE_REGULATION_OF_SMOOTH_MUSCLE_CELL_PROLIFERATION	GOBP_NEGATIVE_REGULATION_OF_SMOOTH_MUSCLE_CELL_PROLIFERATION		48	-0.3994479	-1.1859076	0.2208	0.4529163	1.0	2599	tags=33%, list=13%, signal=38%	
GOBP_NEGATIVE_REGULATION_OF_CYTOKINE_PRODUCTION_INVOLVED_IN_IMMUNE_RESPONSE	GOBP_NEGATIVE_REGULATION_OF_CYTOKINE_PRODUCTION_INVOLVED_IN_IMMUNE_RESPONSE		33	-0.43937746	-1.1858567	0.2220339	0.45273346	1.0	1280	tags=30%, list=7%, signal=32%	
GOBP_POSITIVE_REGULATION_OF_B_CELL_PROLIFERATION	GOBP_POSITIVE_REGULATION_OF_B_CELL_PROLIFERATION		45	-0.40968224	-1.1858498	0.20292208	0.4524454	1.0	4511	tags=44%, list=23%, signal=58%	
GOBP_ORGAN_GROWTH	GOBP_ORGAN_GROWTH		156	-0.34170717	-1.1857543	0.13940255	0.45240238	1.0	2212	tags=18%, list=11%, signal=20%	
GOBP_GLANDULAR_EPITHELIAL_CELL_DIFFERENTIATION	GOBP_GLANDULAR_EPITHELIAL_CELL_DIFFERENTIATION		67	-0.3824311	-1.1852018	0.1764706	0.45345396	1.0	2387	tags=16%, list=12%, signal=19%	
GOCC_CHITOSOME	GOCC_CHITOSOME		22	-0.47918046	-1.1844035	0.2597865	0.4551572	1.0	2470	tags=27%, list=13%, signal=31%	
GOBP_REGULATION_OF_PRODUCTION_OF_MOLECULAR_MEDIATOR_OF_IMMUNE_RESPONSE	GOBP_REGULATION_OF_PRODUCTION_OF_MOLECULAR_MEDIATOR_OF_IMMUNE_RESPONSE		182	-0.33130655	-1.184361	0.12729844	0.45495313	1.0	3287	tags=27%, list=17%, signal=32%	
GOCC_NUCLEAR_CHROMOSOME	GOCC_NUCLEAR_CHROMOSOME		217	-0.32986417	-1.1842786	0.12026144	0.45487568	1.0	3852	tags=26%, list=20%, signal=32%	
GOMF_DAMAGED_DNA_BINDING	GOMF_DAMAGED_DNA_BINDING		71	-0.37504295	-1.1839283	0.18778627	0.45541334	1.0	3787	tags=31%, list=19%, signal=38%	
GOBP_NEGATIVE_REGULATION_OF_VIRAL_LIFE_CYCLE	GOBP_NEGATIVE_REGULATION_OF_VIRAL_LIFE_CYCLE		25	-0.4536694	-1.1837894	0.23178808	0.45544496	1.0	1634	tags=16%, list=8%, signal=17%	
GOBP_PYRIMIDINE_NUCLEOSIDE_MONOPHOSPHATE_BIOSYNTHETIC_PROCESS	GOBP_PYRIMIDINE_NUCLEOSIDE_MONOPHOSPHATE_BIOSYNTHETIC_PROCESS		15	-0.5106426	-1.183307	0.2481884	0.45635423	1.0	3037	tags=33%, list=16%, signal=39%	
GOBP_PLASMA_MEMBRANE_ORGANIZATION	GOBP_PLASMA_MEMBRANE_ORGANIZATION		154	-0.34320724	-1.1832821	0.125	0.45610917	1.0	4405	tags=31%, list=23%, signal=40%	
GOBP_POSTSYNAPSE_ORGANIZATION	GOBP_POSTSYNAPSE_ORGANIZATION		188	-0.33149615	-1.1831902	0.1302578	0.45601672	1.0	3039	tags=21%, list=16%, signal=25%	
GOBP_NEGATIVE_REGULATION_OF_ENDOCYTOSIS	GOBP_NEGATIVE_REGULATION_OF_ENDOCYTOSIS		67	-0.38019568	-1.1828222	0.20153846	0.45664653	1.0	1077	tags=12%, list=6%, signal=13%	
GOMF_PEPTIDE_RECEPTOR_ACTIVITY	GOMF_PEPTIDE_RECEPTOR_ACTIVITY		128	-0.34590223	-1.1827995	0.16101696	0.45640817	1.0	1340	tags=10%, list=7%, signal=11%	
GOBP_PROSTANOID_METABOLIC_PROCESS	GOBP_PROSTANOID_METABOLIC_PROCESS		46	-0.40098834	-1.182426	0.20232172	0.4570239	1.0	3940	tags=39%, list=20%, signal=49%	
GOBP_MONOSACCHARIDE_CATABOLIC_PROCESS	GOBP_MONOSACCHARIDE_CATABOLIC_PROCESS		49	-0.39807993	-1.1822788	0.20603015	0.45709562	1.0	4495	tags=39%, list=23%, signal=50%	
GOBP_PLASMA_MEMBRANE_TUBULATION	GOBP_PLASMA_MEMBRANE_TUBULATION		18	-0.49514624	-1.1821306	0.25971732	0.4571681	1.0	3026	tags=33%, list=16%, signal=39%	
GOMF_SODIUM_ION_TRANSMEMBRANE_TRANSPORTER_ACTIVITY	GOMF_SODIUM_ION_TRANSMEMBRANE_TRANSPORTER_ACTIVITY		160	-0.33661497	-1.1821244	0.1308677	0.45687446	1.0	2835	tags=15%, list=15%, signal=17%	
GOBP_REGULATION_OF_KIDNEY_DEVELOPMENT	GOBP_REGULATION_OF_KIDNEY_DEVELOPMENT		35	-0.43017378	-1.1820927	0.23404256	0.45666066	1.0	2702	tags=29%, list=14%, signal=33%	
GOBP_NEURONAL_STEM_CELL_POPULATION_MAINTENANCE	GOBP_NEURONAL_STEM_CELL_POPULATION_MAINTENANCE		24	-0.4609856	-1.1820629	0.23499142	0.45642492	1.0	4449	tags=50%, list=23%, signal=65%	
GOBP_NEGATIVE_REGULATION_OF_AMINE_TRANSPORT	GOBP_NEGATIVE_REGULATION_OF_AMINE_TRANSPORT		27	-0.45290014	-1.1818417	0.24365482	0.45667422	1.0	1039	tags=22%, list=5%, signal=23%	
GOBP_REGULATION_OF_MONOATOMIC_ANION_TRANSPORT	GOBP_REGULATION_OF_MONOATOMIC_ANION_TRANSPORT		15	-0.5031101	-1.1815308	0.24855492	0.457144	1.0	3341	tags=40%, list=17%, signal=48%	
GOBP_NEGATIVE_REGULATION_OF_EPITHELIAL_CELL_MIGRATION	GOBP_NEGATIVE_REGULATION_OF_EPITHELIAL_CELL_MIGRATION		65	-0.3794889	-1.1813993	0.1984252	0.45715678	1.0	2239	tags=22%, list=12%, signal=24%	
GOBP_DETERMINATION_OF_ADULT_LIFESPAN	GOBP_DETERMINATION_OF_ADULT_LIFESPAN		32	-0.44286996	-1.1812489	0.22875817	0.45722544	1.0	2993	tags=25%, list=15%, signal=30%	
GOBP_CGMP_MEDIATED_SIGNALING	GOBP_CGMP_MEDIATED_SIGNALING		30	-0.43808767	-1.1808646	0.22390573	0.45784897	1.0	2626	tags=20%, list=14%, signal=23%	
GOBP_RESPONSE_TO_IRON_ION	GOBP_RESPONSE_TO_IRON_ION		29	-0.44669348	-1.1806229	0.24382208	0.45814067	1.0	3530	tags=31%, list=18%, signal=38%	
GOBP_INTERLEUKIN_17_PRODUCTION	GOBP_INTERLEUKIN_17_PRODUCTION		39	-0.41636837	-1.1804509	0.23089983	0.4582371	1.0	1130	tags=13%, list=6%, signal=14%	
GOCC_PRESYNAPTIC_ACTIVE_ZONE	GOCC_PRESYNAPTIC_ACTIVE_ZONE		75	-0.37306404	-1.180169	0.1993865	0.4586339	1.0	3685	tags=29%, list=19%, signal=36%	
GOBP_POSITIVE_REGULATION_OF_PROTEIN_SECRETION	GOBP_POSITIVE_REGULATION_OF_PROTEIN_SECRETION		142	-0.3435955	-1.1799889	0.16262482	0.45879644	1.0	1769	tags=16%, list=9%, signal=18%	
GOBP_DNA_DEMETHYLATION	GOBP_DNA_DEMETHYLATION		20	-0.4832299	-1.179138	0.24102564	0.4606218	1.0	3072	tags=30%, list=16%, signal=36%	
GOBP_SEMAPHORIN_PLEXIN_SIGNALING_PATHWAY	GOBP_SEMAPHORIN_PLEXIN_SIGNALING_PATHWAY		46	-0.39769438	-1.1788354	0.20592824	0.4610782	1.0	2665	tags=28%, list=14%, signal=33%	
GOCC_SPECIFIC_GRANULE_LUMEN	GOCC_SPECIFIC_GRANULE_LUMEN		61	-0.38833582	-1.178347	0.19516128	0.46201628	1.0	602	tags=13%, list=3%, signal=13%	
GOCC_PRESPLICEOSOME	GOCC_PRESPLICEOSOME		16	-0.50166005	-1.1782858	0.24363637	0.46184835	1.0	4000	tags=50%, list=21%, signal=63%	
GOBP_SENSORY_PERCEPTION_OF_TASTE	GOBP_SENSORY_PERCEPTION_OF_TASTE		63	-0.38090914	-1.1781042	0.19323671	0.4620003	1.0	3080	tags=19%, list=16%, signal=23%	
GOBP_REGULATION_OF_MYELOID_LEUKOCYTE_DIFFERENTIATION	GOBP_REGULATION_OF_MYELOID_LEUKOCYTE_DIFFERENTIATION		118	-0.3452683	-1.1778746	0.15935673	0.46223965	1.0	3177	tags=23%, list=16%, signal=27%	
GOBP_NEGATIVE_REGULATION_OF_STEROID_METABOLIC_PROCESS	GOBP_NEGATIVE_REGULATION_OF_STEROID_METABOLIC_PROCESS		27	-0.44725436	-1.1776932	0.24468085	0.46239164	1.0	2551	tags=30%, list=13%, signal=34%	
GOBP_POSTSYNAPSE_ASSEMBLY	GOBP_POSTSYNAPSE_ASSEMBLY		43	-0.41570774	-1.1776661	0.22435898	0.46214634	1.0	1636	tags=16%, list=8%, signal=18%	
GOCC_VESICLE_LUMEN	GOCC_VESICLE_LUMEN		321	-0.31209648	-1.1774654	0.09949622	0.46234775	1.0	1612	tags=13%, list=8%, signal=14%	
GOBP_ACUTE_INFLAMMATORY_RESPONSE_TO_ANTIGENIC_STIMULUS	GOBP_ACUTE_INFLAMMATORY_RESPONSE_TO_ANTIGENIC_STIMULUS		24	-0.45893964	-1.1770976	0.24697755	0.46298972	1.0	2332	tags=33%, list=12%, signal=38%	
GOMF_DNA_EXONUCLEASE_ACTIVITY	GOMF_DNA_EXONUCLEASE_ACTIVITY		24	-0.4574771	-1.1769601	0.24475524	0.4630302	1.0	3219	tags=33%, list=17%, signal=40%	
GOBP_REGULATION_OF_HORMONE_BIOSYNTHETIC_PROCESS	GOBP_REGULATION_OF_HORMONE_BIOSYNTHETIC_PROCESS		24	-0.4589082	-1.1769594	0.22916667	0.4627296	1.0	3101	tags=38%, list=16%, signal=45%	
GOMF_SODIUM_INDEPENDENT_ORGANIC_ANION_TRANSMEMBRANE_TRANSPORTER_ACTIVITY	GOMF_SODIUM_INDEPENDENT_ORGANIC_ANION_TRANSMEMBRANE_TRANSPORTER_ACTIVITY		16	-0.4908285	-1.1765835	0.26833633	0.46336132	1.0	259	tags=6%, list=1%, signal=6%	
GOBP_GENITALIA_DEVELOPMENT	GOBP_GENITALIA_DEVELOPMENT		44	-0.4055377	-1.1759521	0.22277227	0.46464863	1.0	1230	tags=20%, list=6%, signal=22%	
GOBP_PHOSPHATIDYLINOSITOL_MEDIATED_SIGNALING	GOBP_PHOSPHATIDYLINOSITOL_MEDIATED_SIGNALING		23	-0.46656016	-1.1758454	0.24734983	0.46462816	1.0	3086	tags=43%, list=16%, signal=52%	
GOBP_POSITIVE_REGULATION_OF_MICROTUBULE_POLYMERIZATION_OR_DEPOLYMERIZATION	GOBP_POSITIVE_REGULATION_OF_MICROTUBULE_POLYMERIZATION_OR_DEPOLYMERIZATION		34	-0.42307547	-1.1756922	0.23143351	0.46471882	1.0	2884	tags=26%, list=15%, signal=31%	
GOBP_INTERLEUKIN_5_PRODUCTION	GOBP_INTERLEUKIN_5_PRODUCTION		20	-0.48118323	-1.175616	0.24768947	0.46459255	1.0	2333	tags=30%, list=12%, signal=34%	
GOBP_SALIVARY_GLAND_DEVELOPMENT	GOBP_SALIVARY_GLAND_DEVELOPMENT		36	-0.4218389	-1.1754178	0.2320819	0.4647663	1.0	2493	tags=31%, list=13%, signal=35%	
GOBP_POSITIVE_REGULATION_OF_REACTIVE_OXYGEN_SPECIES_METABOLIC_PROCESS	GOBP_POSITIVE_REGULATION_OF_REACTIVE_OXYGEN_SPECIES_METABOLIC_PROCESS		66	-0.37876076	-1.1752186	0.19585988	0.46498245	1.0	2563	tags=27%, list=13%, signal=31%	
GOBP_CELL_CELL_RECOGNITION	GOBP_CELL_CELL_RECOGNITION		72	-0.3720491	-1.1746017	0.20338982	0.4662111	1.0	3286	tags=24%, list=17%, signal=28%	
GOMF_EXTRACELLULAR_MATRIX_BINDING	GOMF_EXTRACELLULAR_MATRIX_BINDING		60	-0.38464153	-1.1739372	0.20094937	0.46754614	1.0	2317	tags=27%, list=12%, signal=30%	
GOBP_FUCOSE_METABOLIC_PROCESS	GOBP_FUCOSE_METABOLIC_PROCESS		16	-0.50402725	-1.1738986	0.26362038	0.4673296	1.0	3615	tags=31%, list=19%, signal=38%	
GOCC_RNA_POLYMERASE_II_TRANSCRIPTION_REGULATOR_COMPLEX	GOCC_RNA_POLYMERASE_II_TRANSCRIPTION_REGULATOR_COMPLEX		238	-0.32322717	-1.1738759	0.11733333	0.4670746	1.0	3413	tags=23%, list=18%, signal=27%	
GOBP_PLASMA_MEMBRANE_FUSION	GOBP_PLASMA_MEMBRANE_FUSION		25	-0.45835704	-1.1738707	0.25211507	0.46678805	1.0	1837	tags=20%, list=9%, signal=22%	
GOBP_REGULATION_OF_FEEDING_BEHAVIOR	GOBP_REGULATION_OF_FEEDING_BEHAVIOR		27	-0.4533699	-1.1737844	0.25178573	0.46668187	1.0	1219	tags=11%, list=6%, signal=12%	
GOBP_LYMPH_NODE_DEVELOPMENT	GOBP_LYMPH_NODE_DEVELOPMENT		18	-0.49231464	-1.172916	0.26	0.4685317	1.0	2592	tags=22%, list=13%, signal=26%	
GOBP_REGULATION_OF_MUSCLE_CONTRACTION	GOBP_REGULATION_OF_MUSCLE_CONTRACTION		158	-0.3344894	-1.1720132	0.16346154	0.47046378	1.0	2656	tags=23%, list=14%, signal=26%	
GOMF_HEPARAN_SULFATE_PROTEOGLYCAN_BINDING	GOMF_HEPARAN_SULFATE_PROTEOGLYCAN_BINDING		18	-0.4856369	-1.1718363	0.2693662	0.47063103	1.0	1977	tags=28%, list=10%, signal=31%	
GOBP_POSITIVE_REGULATION_OF_POTASSIUM_ION_TRANSMEMBRANE_TRANSPORT	GOBP_POSITIVE_REGULATION_OF_POTASSIUM_ION_TRANSMEMBRANE_TRANSPORT		34	-0.41939384	-1.1718185	0.22757475	0.47037166	1.0	1852	tags=21%, list=10%, signal=23%	
GOBP_NEGATIVE_REGULATION_OF_AMINO_ACID_TRANSPORT	GOBP_NEGATIVE_REGULATION_OF_AMINO_ACID_TRANSPORT		15	-0.5058609	-1.1706434	0.2642857	0.47302526	1.0	831	tags=27%, list=4%, signal=28%	
GOBP_POSITIVE_REGULATION_OF_CELL_SUBSTRATE_JUNCTION_ORGANIZATION	GOBP_POSITIVE_REGULATION_OF_CELL_SUBSTRATE_JUNCTION_ORGANIZATION		30	-0.43497163	-1.170571	0.2670157	0.47290528	1.0	2387	tags=23%, list=12%, signal=27%	
GOBP_PHENOL_CONTAINING_COMPOUND_METABOLIC_PROCESS	GOBP_PHENOL_CONTAINING_COMPOUND_METABOLIC_PROCESS		108	-0.3527601	-1.1703553	0.18086697	0.47314724	1.0	2895	tags=23%, list=15%, signal=27%	
GOMF_ENDOPEPTIDASE_REGULATOR_ACTIVITY	GOMF_ENDOPEPTIDASE_REGULATOR_ACTIVITY		176	-0.33422095	-1.1701823	0.15924427	0.4732812	1.0	2009	tags=16%, list=10%, signal=18%	
GOBP_REGULATION_OF_PROTEIN_CATABOLIC_PROCESS	GOBP_REGULATION_OF_PROTEIN_CATABOLIC_PROCESS		339	-0.31139332	-1.1695586	0.10123457	0.47451255	1.0	3045	tags=20%, list=16%, signal=23%	
GOBP_INNER_EAR_MORPHOGENESIS	GOBP_INNER_EAR_MORPHOGENESIS		103	-0.35751313	-1.1695373	0.19732937	0.47425246	1.0	2140	tags=17%, list=11%, signal=18%	
GOBP_METANEPHRIC_GLOMERULUS_DEVELOPMENT	GOBP_METANEPHRIC_GLOMERULUS_DEVELOPMENT		17	-0.48757243	-1.1684494	0.27433628	0.47680533	1.0	1435	tags=29%, list=7%, signal=32%	
GOBP_CELLULAR_MODIFIED_AMINO_ACID_BIOSYNTHETIC_PROCESS	GOBP_CELLULAR_MODIFIED_AMINO_ACID_BIOSYNTHETIC_PROCESS		45	-0.3986387	-1.1681833	0.22516556	0.47717798	1.0	2040	tags=18%, list=11%, signal=20%	
GOBP_CARDIOCYTE_DIFFERENTIATION	GOBP_CARDIOCYTE_DIFFERENTIATION		146	-0.33508116	-1.1679883	0.15855354	0.47736642	1.0	2610	tags=21%, list=13%, signal=24%	
GOBP_SYNAPSE_ASSEMBLY	GOBP_SYNAPSE_ASSEMBLY		205	-0.32630578	-1.1676838	0.1589041	0.47790524	1.0	1636	tags=12%, list=8%, signal=13%	
GOBP_POSITIVE_REGULATION_OF_ERK1_AND_ERK2_CASCADE	GOBP_POSITIVE_REGULATION_OF_ERK1_AND_ERK2_CASCADE		180	-0.32801878	-1.16706	0.15055248	0.47922406	1.0	2535	tags=21%, list=13%, signal=24%	
GOBP_NEGATIVE_REGULATION_OF_NEURON_PROJECTION_REGENERATION	GOBP_NEGATIVE_REGULATION_OF_NEURON_PROJECTION_REGENERATION		16	-0.5061578	-1.1670241	0.27807486	0.4790043	1.0	2666	tags=31%, list=14%, signal=36%	
GOBP_RESPONSE_TO_OXYGEN_RADICAL	GOBP_RESPONSE_TO_OXYGEN_RADICAL		25	-0.44340506	-1.1664853	0.24232633	0.48009542	1.0	2895	tags=32%, list=15%, signal=38%	
GOBP_ASYMMETRIC_CELL_DIVISION	GOBP_ASYMMETRIC_CELL_DIVISION		19	-0.4748071	-1.1664811	0.2508834	0.4798013	1.0	3276	tags=47%, list=17%, signal=57%	
GOCC_CHROMOSOME_TELOMERIC_REGION	GOCC_CHROMOSOME_TELOMERIC_REGION		142	-0.33842742	-1.1662961	0.15317918	0.4799611	1.0	4007	tags=27%, list=21%, signal=34%	
GOBP_NEGATIVE_REGULATION_OF_PRODUCTION_OF_MOLECULAR_MEDIATOR_OF_IMMUNE_RESPONSE	GOBP_NEGATIVE_REGULATION_OF_PRODUCTION_OF_MOLECULAR_MEDIATOR_OF_IMMUNE_RESPONSE		44	-0.40446472	-1.1660317	0.23367697	0.48036075	1.0	1280	tags=25%, list=7%, signal=27%	
GOBP_POSITIVE_REGULATION_OF_DOUBLE_STRAND_BREAK_REPAIR_VIA_HOMOLOGOUS_RECOMBINATION	GOBP_POSITIVE_REGULATION_OF_DOUBLE_STRAND_BREAK_REPAIR_VIA_HOMOLOGOUS_RECOMBINATION		41	-0.40745655	-1.166016	0.23509933	0.4800964	1.0	4697	tags=44%, list=24%, signal=58%	
GOBP_CELLULAR_RESPONSE_TO_DSRNA	GOBP_CELLULAR_RESPONSE_TO_DSRNA		20	-0.47732538	-1.1656852	0.25466892	0.48063838	1.0	1209	tags=15%, list=6%, signal=16%	
GOCC_U1_SNRNP	GOCC_U1_SNRNP		17	-0.49526152	-1.1653769	0.2766323	0.48112997	1.0	4314	tags=53%, list=22%, signal=68%	
GOBP_CENTRAL_NERVOUS_SYSTEM_NEURON_DIFFERENTIATION	GOBP_CENTRAL_NERVOUS_SYSTEM_NEURON_DIFFERENTIATION		171	-0.33560315	-1.1648154	0.15299027	0.48224974	1.0	2433	tags=17%, list=13%, signal=19%	
GOCC_CELL_CORTEX_REGION	GOCC_CELL_CORTEX_REGION		33	-0.42809597	-1.1643822	0.2541806	0.48303127	1.0	3685	tags=30%, list=19%, signal=37%	
GOBP_REGULATION_OF_ALPHA_BETA_T_CELL_DIFFERENTIATION	GOBP_REGULATION_OF_ALPHA_BETA_T_CELL_DIFFERENTIATION		74	-0.37188718	-1.1642934	0.2071651	0.4829479	1.0	3721	tags=34%, list=19%, signal=42%	
GOCC_MEMBRANE_MICRODOMAIN	GOCC_MEMBRANE_MICRODOMAIN		282	-0.3162782	-1.1638637	0.124678664	0.48370615	1.0	2705	tags=22%, list=14%, signal=26%	
GOBP_PROTEIN_AUTOPHOSPHORYLATION	GOBP_PROTEIN_AUTOPHOSPHORYLATION		183	-0.32903054	-1.1634681	0.16320886	0.48440796	1.0	3149	tags=22%, list=16%, signal=26%	
GOBP_BIOGENIC_AMINE_METABOLIC_PROCESS	GOBP_BIOGENIC_AMINE_METABOLIC_PROCESS		93	-0.3574911	-1.1632684	0.2	0.48461872	1.0	1890	tags=18%, list=10%, signal=20%	
GOBP_STEROID_METABOLIC_PROCESS	GOBP_STEROID_METABOLIC_PROCESS		312	-0.31101474	-1.1630775	0.12315271	0.48480403	1.0	2024	tags=17%, list=10%, signal=19%	
GOBP_REGULATION_OF_STRIATED_MUSCLE_CONTRACTION	GOBP_REGULATION_OF_STRIATED_MUSCLE_CONTRACTION		93	-0.35752165	-1.1628668	0.2012384	0.48503175	1.0	2430	tags=22%, list=13%, signal=24%	
GOBP_DETECTION_OF_MECHANICAL_STIMULUS	GOBP_DETECTION_OF_MECHANICAL_STIMULUS		52	-0.38861665	-1.1628658	0.24758843	0.48472574	1.0	1265	tags=13%, list=7%, signal=14%	
GOBP_PERIPHERAL_NERVOUS_SYSTEM_AXON_ENSHEATHMENT	GOBP_PERIPHERAL_NERVOUS_SYSTEM_AXON_ENSHEATHMENT		27	-0.43594033	-1.1625762	0.26034483	0.48518562	1.0	3226	tags=30%, list=17%, signal=35%	
GOBP_G0_TO_G1_TRANSITION	GOBP_G0_TO_G1_TRANSITION		36	-0.42319828	-1.1623461	0.2254902	0.4854897	1.0	3729	tags=28%, list=19%, signal=34%	
GOBP_POSITIVE_REGULATION_OF_CELL_CYCLE	GOBP_POSITIVE_REGULATION_OF_CELL_CYCLE		308	-0.31263757	-1.1620283	0.12179487	0.48599535	1.0	3318	tags=25%, list=17%, signal=29%	
GOBP_POSITIVE_REGULATION_OF_NUCLEAR_DIVISION	GOBP_POSITIVE_REGULATION_OF_NUCLEAR_DIVISION		57	-0.38528997	-1.1619269	0.20189275	0.48594072	1.0	3315	tags=32%, list=17%, signal=38%	
GOBP_SMOOTH_MUSCLE_CELL_DIFFERENTIATION	GOBP_SMOOTH_MUSCLE_CELL_DIFFERENTIATION		62	-0.37613866	-1.1617072	0.2244898	0.48618433	1.0	3768	tags=34%, list=19%, signal=42%	
GOBP_POSITIVE_REGULATION_OF_DNA_DAMAGE_RESPONSE_SIGNAL_TRANSDUCTION_BY_P53_CLASS_MEDIATOR	GOBP_POSITIVE_REGULATION_OF_DNA_DAMAGE_RESPONSE_SIGNAL_TRANSDUCTION_BY_P53_CLASS_MEDIATOR		15	-0.49567223	-1.161658	0.28231293	0.48600903	1.0	279	tags=13%, list=1%, signal=14%	
GOCC_SPINDLE_POLE	GOCC_SPINDLE_POLE		172	-0.32709366	-1.1615448	0.16535433	0.4859891	1.0	4783	tags=37%, list=25%, signal=49%	
GOBP_MATURE_B_CELL_DIFFERENTIATION	GOBP_MATURE_B_CELL_DIFFERENTIATION		38	-0.4090776	-1.1615236	0.23502304	0.48574063	1.0	3838	tags=37%, list=20%, signal=46%	
GOBP_INTRINSIC_APOPTOTIC_SIGNALING_PATHWAY_IN_RESPONSE_TO_DNA_DAMAGE_BY_P53_CLASS_MEDIATOR	GOBP_INTRINSIC_APOPTOTIC_SIGNALING_PATHWAY_IN_RESPONSE_TO_DNA_DAMAGE_BY_P53_CLASS_MEDIATOR		42	-0.41287538	-1.1609982	0.25081432	0.48682523	1.0	3813	tags=29%, list=20%, signal=35%	
GOBP_SYNAPTIC_VESICLE_LUMEN_ACIDIFICATION	GOBP_SYNAPTIC_VESICLE_LUMEN_ACIDIFICATION		17	-0.49119276	-1.160636	0.2937063	0.48743573	1.0	44	tags=6%, list=0%, signal=6%	
GOMF_MONOATOMIC_ANION_MONOATOMIC_CATION_SYMPORTER_ACTIVITY	GOMF_MONOATOMIC_ANION_MONOATOMIC_CATION_SYMPORTER_ACTIVITY		25	-0.4461685	-1.1606033	0.24695653	0.48721048	1.0	3247	tags=28%, list=17%, signal=34%	
GOBP_REGULATION_OF_MIRNA_METABOLIC_PROCESS	GOBP_REGULATION_OF_MIRNA_METABOLIC_PROCESS		84	-0.35813108	-1.1605049	0.2143928	0.48715377	1.0	3287	tags=29%, list=17%, signal=34%	
GOBP_REGULATION_OF_AXON_EXTENSION_INVOLVED_IN_AXON_GUIDANCE	GOBP_REGULATION_OF_AXON_EXTENSION_INVOLVED_IN_AXON_GUIDANCE		17	-0.4892208	-1.1604182	0.2948718	0.48706403	1.0	766	tags=18%, list=4%, signal=18%	
GOMF_SOLUTE_SODIUM_SYMPORTER_ACTIVITY	GOMF_SOLUTE_SODIUM_SYMPORTER_ACTIVITY		80	-0.3665678	-1.1602911	0.20182094	0.48705232	1.0	759	tags=9%, list=4%, signal=9%	
GOBP_RHYTHMIC_PROCESS	GOBP_RHYTHMIC_PROCESS		289	-0.31074274	-1.1599375	0.11125158	0.48762584	1.0	2917	tags=21%, list=15%, signal=24%	
GOBP_REGULATION_OF_MACROPHAGE_MIGRATION	GOBP_REGULATION_OF_MACROPHAGE_MIGRATION		42	-0.40010908	-1.1593773	0.24222586	0.4887244	1.0	2535	tags=24%, list=13%, signal=27%	
GOBP_HORMONE_TRANSPORT	GOBP_HORMONE_TRANSPORT		309	-0.3129922	-1.1593081	0.11889862	0.4885971	1.0	2490	tags=18%, list=13%, signal=20%	
GOBP_NEGATIVE_REGULATION_OF_TYPE_II_INTERFERON_PRODUCTION	GOBP_NEGATIVE_REGULATION_OF_TYPE_II_INTERFERON_PRODUCTION		39	-0.41508892	-1.158978	0.24623115	0.48914427	1.0	1280	tags=23%, list=7%, signal=25%	
GOBP_RESPONSE_TO_METAL_ION	GOBP_RESPONSE_TO_METAL_ION		331	-0.31028503	-1.1586802	0.14120668	0.489631	1.0	2701	tags=19%, list=14%, signal=22%	
GOBP_REPRODUCTIVE_SYSTEM_DEVELOPMENT	GOBP_REPRODUCTIVE_SYSTEM_DEVELOPMENT		297	-0.30980557	-1.1586626	0.13324873	0.48937863	1.0	2993	tags=21%, list=15%, signal=24%	
GOMF_LIGAND_GATED_SODIUM_CHANNEL_ACTIVITY	GOMF_LIGAND_GATED_SODIUM_CHANNEL_ACTIVITY		15	-0.5069396	-1.1576948	0.28268552	0.49155143	1.0	3898	tags=27%, list=20%, signal=33%	
GOMF_PHOSPHOPROTEIN_BINDING	GOMF_PHOSPHOPROTEIN_BINDING		90	-0.35611516	-1.1575054	0.20787401	0.49173644	1.0	3092	tags=29%, list=16%, signal=34%	
GOBP_NEGATIVE_REGULATION_OF_DNA_METABOLIC_PROCESS	GOBP_NEGATIVE_REGULATION_OF_DNA_METABOLIC_PROCESS		116	-0.34348673	-1.157325	0.18830243	0.49187705	1.0	3827	tags=30%, list=20%, signal=37%	
GOBP_TYPE_B_PANCREATIC_CELL_DEVELOPMENT	GOBP_TYPE_B_PANCREATIC_CELL_DEVELOPMENT		21	-0.46766886	-1.1568555	0.27430555	0.49277624	1.0	819	tags=14%, list=4%, signal=15%	
GOBP_MIDBRAIN_DEVELOPMENT	GOBP_MIDBRAIN_DEVELOPMENT		82	-0.36217102	-1.1568226	0.21207431	0.49254763	1.0	2045	tags=16%, list=11%, signal=18%	
GOMF_ACETYLATION_DEPENDENT_PROTEIN_BINDING	GOMF_ACETYLATION_DEPENDENT_PROTEIN_BINDING		25	-0.4441923	-1.1566863	0.25888324	0.4926058	1.0	4630	tags=40%, list=24%, signal=52%	
GOMF_CYCLIN_BINDING	GOMF_CYCLIN_BINDING		34	-0.4214963	-1.1566547	0.25255972	0.49238276	1.0	4670	tags=47%, list=24%, signal=62%	
GOBP_REGULATION_OF_NON_CANONICAL_WNT_SIGNALING_PATHWAY	GOBP_REGULATION_OF_NON_CANONICAL_WNT_SIGNALING_PATHWAY		26	-0.43998772	-1.1557924	0.26666668	0.4943542	1.0	2305	tags=27%, list=12%, signal=31%	
GOCC_CLATHRIN_COATED_VESICLE_MEMBRANE	GOCC_CLATHRIN_COATED_VESICLE_MEMBRANE		132	-0.3388536	-1.1552715	0.19275363	0.49540251	1.0	2875	tags=21%, list=15%, signal=25%	
GOBP_POSITIVE_REGULATION_OF_PROTEIN_CONTAINING_COMPLEX_DISASSEMBLY	GOBP_POSITIVE_REGULATION_OF_PROTEIN_CONTAINING_COMPLEX_DISASSEMBLY		33	-0.4249035	-1.1541831	0.25084174	0.49794093	1.0	1870	tags=24%, list=10%, signal=27%	
GOMF_SERINE_HYDROLASE_ACTIVITY	GOMF_SERINE_HYDROLASE_ACTIVITY		184	-0.32211864	-1.1541038	0.1602289	0.49781644	1.0	1731	tags=14%, list=9%, signal=15%	
GOBP_GANGLION_DEVELOPMENT	GOBP_GANGLION_DEVELOPMENT		17	-0.4853657	-1.1540216	0.27468583	0.49772495	1.0	766	tags=24%, list=4%, signal=24%	
GOBP_CELLULAR_RESPONSE_TO_ZINC_ION	GOBP_CELLULAR_RESPONSE_TO_ZINC_ION		21	-0.45980144	-1.1536862	0.2792321	0.4982973	1.0	2256	tags=19%, list=12%, signal=22%	
GOBP_CHEMOKINE_C_X_C_MOTIF_LIGAND_2_PRODUCTION	GOBP_CHEMOKINE_C_X_C_MOTIF_LIGAND_2_PRODUCTION		18	-0.487627	-1.1536793	0.27086884	0.4980032	1.0	2089	tags=22%, list=11%, signal=25%	
GOMF_ACTIN_FILAMENT_BINDING	GOMF_ACTIN_FILAMENT_BINDING		205	-0.31926253	-1.1536252	0.16864295	0.4978324	1.0	4369	tags=33%, list=22%, signal=42%	
GOBP_POSITIVE_REGULATION_OF_DNA_METABOLIC_PROCESS	GOBP_POSITIVE_REGULATION_OF_DNA_METABOLIC_PROCESS		279	-0.31057817	-1.1533715	0.15128206	0.49816534	1.0	3851	tags=25%, list=20%, signal=31%	
GOBP_CENTRAL_NERVOUS_SYSTEM_NEURON_DEVELOPMENT	GOBP_CENTRAL_NERVOUS_SYSTEM_NEURON_DEVELOPMENT		82	-0.36501265	-1.1533166	0.20833333	0.49798727	1.0	2401	tags=16%, list=12%, signal=18%	
GOBP_CHEMOKINE_PRODUCTION	GOBP_CHEMOKINE_PRODUCTION		93	-0.35591438	-1.1527983	0.196875	0.4990305	1.0	2466	tags=24%, list=13%, signal=27%	
GOBP_REGULATION_OF_HOMOTYPIC_CELL_CELL_ADHESION	GOBP_REGULATION_OF_HOMOTYPIC_CELL_CELL_ADHESION		36	-0.41524434	-1.1525435	0.26384366	0.49937767	1.0	2413	tags=22%, list=12%, signal=25%	
GOBP_REGULATION_OF_DEPHOSPHORYLATION	GOBP_REGULATION_OF_DEPHOSPHORYLATION		91	-0.35645172	-1.1525013	0.21699545	0.4991713	1.0	4478	tags=38%, list=23%, signal=50%	
GOMF_TRANSMEMBRANE_RECEPTOR_PROTEIN_KINASE_ACTIVITY	GOMF_TRANSMEMBRANE_RECEPTOR_PROTEIN_KINASE_ACTIVITY		79	-0.36370873	-1.1522777	0.22044729	0.49943045	1.0	2285	tags=23%, list=12%, signal=26%	
GOBP_NEGATIVE_REGULATION_OF_RESPONSE_TO_WOUNDING	GOBP_NEGATIVE_REGULATION_OF_RESPONSE_TO_WOUNDING		92	-0.353109	-1.1521353	0.20119224	0.49948743	1.0	2666	tags=26%, list=14%, signal=30%	
GOBP_REGULATION_OF_MUSCLE_SYSTEM_PROCESS	GOBP_REGULATION_OF_MUSCLE_SYSTEM_PROCESS		222	-0.31892022	-1.1521193	0.17029972	0.49921772	1.0	2444	tags=20%, list=13%, signal=22%	
GOMF_PROTEIN_TYROSINE_KINASE_ACTIVITY	GOMF_PROTEIN_TYROSINE_KINASE_ACTIVITY		137	-0.3373537	-1.1517911	0.17826086	0.49975345	1.0	2285	tags=22%, list=12%, signal=25%	
GOBP_VACUOLAR_LOCALIZATION	GOBP_VACUOLAR_LOCALIZATION		81	-0.35588023	-1.1511713	0.2071535	0.5010173	1.0	3702	tags=32%, list=19%, signal=39%	
GOMF_ORGANIC_CATION_TRANSMEMBRANE_TRANSPORTER_ACTIVITY	GOMF_ORGANIC_CATION_TRANSMEMBRANE_TRANSPORTER_ACTIVITY		77	-0.36416978	-1.151027	0.2085308	0.5010811	1.0	2165	tags=23%, list=11%, signal=26%	
GOBP_MICROTUBULE_DEPOLYMERIZATION	GOBP_MICROTUBULE_DEPOLYMERIZATION		42	-0.4012928	-1.1510003	0.23354232	0.5008435	1.0	3358	tags=33%, list=17%, signal=40%	
GOBP_GLYCOLYTIC_PROCESS_THROUGH_GLUCOSE_6_PHOSPHATE	GOBP_GLYCOLYTIC_PROCESS_THROUGH_GLUCOSE_6_PHOSPHATE		20	-0.4605698	-1.1506617	0.2882883	0.5013953	1.0	4495	tags=50%, list=23%, signal=65%	
GOBP_SIGNAL_RELEASE	GOBP_SIGNAL_RELEASE		469	-0.30038708	-1.1505836	0.1117717	0.5012914	1.0	2675	tags=18%, list=14%, signal=21%	
GOCC_CONTRACTILE_MUSCLE_FIBER	GOCC_CONTRACTILE_MUSCLE_FIBER		241	-0.31644255	-1.1499952	0.16305733	0.5025264	1.0	2601	tags=22%, list=13%, signal=25%	
GOBP_AMINE_TRANSPORT	GOBP_AMINE_TRANSPORT		92	-0.3549497	-1.1498668	0.21020092	0.50252557	1.0	2090	tags=20%, list=11%, signal=22%	
GOBP_NEGATIVE_REGULATION_OF_CELL_CYCLE_G1_S_PHASE_TRANSITION	GOBP_NEGATIVE_REGULATION_OF_CELL_CYCLE_G1_S_PHASE_TRANSITION		74	-0.36296555	-1.1497984	0.22910216	0.5023939	1.0	2007	tags=16%, list=10%, signal=18%	
GOBP_INTRACELLULAR_PH_REDUCTION	GOBP_INTRACELLULAR_PH_REDUCTION		57	-0.3746979	-1.1497159	0.20700152	0.50229865	1.0	4193	tags=28%, list=22%, signal=36%	
GOBP_ATRIAL_CARDIAC_MUSCLE_TISSUE_DEVELOPMENT	GOBP_ATRIAL_CARDIAC_MUSCLE_TISSUE_DEVELOPMENT		22	-0.46439397	-1.1495616	0.2632509	0.50239104	1.0	1941	tags=18%, list=10%, signal=20%	
GOBP_POSITIVE_REGULATION_OF_SMOOTH_MUSCLE_CELL_PROLIFERATION	GOBP_POSITIVE_REGULATION_OF_SMOOTH_MUSCLE_CELL_PROLIFERATION		80	-0.36197206	-1.1494975	0.23006135	0.502247	1.0	2656	tags=25%, list=14%, signal=29%	
GOBP_NEGATIVE_REGULATION_OF_BLOOD_PRESSURE	GOBP_NEGATIVE_REGULATION_OF_BLOOD_PRESSURE		45	-0.39948222	-1.1490352	0.25287357	0.50314224	1.0	1801	tags=20%, list=9%, signal=22%	
GOBP_CIRCADIAN_RHYTHM	GOBP_CIRCADIAN_RHYTHM		198	-0.32270232	-1.1486635	0.17728531	0.5038247	1.0	2677	tags=21%, list=14%, signal=24%	
GOBP_REGULATION_OF_SYNAPSE_ASSEMBLY	GOBP_REGULATION_OF_SYNAPSE_ASSEMBLY		116	-0.34247217	-1.148359	0.19505094	0.504325	1.0	1636	tags=14%, list=8%, signal=15%	
GOBP_NEGATIVE_REGULATION_OF_CARTILAGE_DEVELOPMENT	GOBP_NEGATIVE_REGULATION_OF_CARTILAGE_DEVELOPMENT		26	-0.43585002	-1.148121	0.25132743	0.5046275	1.0	1015	tags=15%, list=5%, signal=16%	
GOBP_NEGATIVE_REGULATION_OF_VASCULAR_ASSOCIATED_SMOOTH_MUSCLE_CELL_PROLIFERATION	GOBP_NEGATIVE_REGULATION_OF_VASCULAR_ASSOCIATED_SMOOTH_MUSCLE_CELL_PROLIFERATION		22	-0.4597395	-1.148052	0.2914485	0.50449973	1.0	4670	tags=59%, list=24%, signal=78%	
GOBP_NEGATIVE_REGULATION_OF_CELL_CELL_ADHESION	GOBP_NEGATIVE_REGULATION_OF_CELL_CELL_ADHESION		186	-0.32438278	-1.1480358	0.17004049	0.5042293	1.0	3849	tags=32%, list=20%, signal=39%	
GOBP_CENTROMERE_COMPLEX_ASSEMBLY	GOBP_CENTROMERE_COMPLEX_ASSEMBLY		27	-0.4408672	-1.147906	0.275	0.5042702	1.0	4543	tags=56%, list=23%, signal=72%	
GOMF_MYOSIN_PHOSPHATASE_ACTIVITY	GOMF_MYOSIN_PHOSPHATASE_ACTIVITY		70	-0.3684681	-1.1478683	0.22727273	0.5040687	1.0	1941	tags=16%, list=10%, signal=17%	
GOCC_ACTIN_CYTOSKELETON	GOCC_ACTIN_CYTOSKELETON		490	-0.29615176	-1.1477925	0.11529412	0.50395846	1.0	3370	tags=24%, list=17%, signal=29%	
GOMF_ATPASE_COUPLED_INTRAMEMBRANE_LIPID_TRANSPORTER_ACTIVITY	GOMF_ATPASE_COUPLED_INTRAMEMBRANE_LIPID_TRANSPORTER_ACTIVITY		27	-0.44459623	-1.1477768	0.27147767	0.5036856	1.0	3076	tags=33%, list=16%, signal=40%	
GOMF_POTASSIUM_ION_LEAK_CHANNEL_ACTIVITY	GOMF_POTASSIUM_ION_LEAK_CHANNEL_ACTIVITY		16	-0.49469188	-1.1476723	0.31850535	0.50364226	1.0	2590	tags=25%, list=13%, signal=29%	
GOBP_POSITIVE_REGULATION_OF_AMYLOID_BETA_FORMATION	GOBP_POSITIVE_REGULATION_OF_AMYLOID_BETA_FORMATION		19	-0.46383548	-1.1476533	0.2895204	0.5033797	1.0	4400	tags=37%, list=23%, signal=48%	
GOBP_PROTEIN_DNA_COMPLEX_DISASSEMBLY	GOBP_PROTEIN_DNA_COMPLEX_DISASSEMBLY		19	-0.47437382	-1.1476257	0.29113925	0.503147	1.0	3729	tags=42%, list=19%, signal=52%	
GOBP_FOCAL_ADHESION_ASSEMBLY	GOBP_FOCAL_ADHESION_ASSEMBLY		83	-0.3562004	-1.1474733	0.21562952	0.5032523	1.0	2387	tags=22%, list=12%, signal=25%	
GOBP_REGULATION_OF_GLIAL_CELL_DIFFERENTIATION	GOBP_REGULATION_OF_GLIAL_CELL_DIFFERENTIATION		73	-0.36130545	-1.1473742	0.24163027	0.5031818	1.0	2452	tags=19%, list=13%, signal=22%	
GOBP_REGULATION_OF_POTASSIUM_ION_TRANSPORT	GOBP_REGULATION_OF_POTASSIUM_ION_TRANSPORT		91	-0.35398665	-1.1473731	0.20632531	0.50287735	1.0	1852	tags=15%, list=10%, signal=17%	
GOMF_COPPER_ION_BINDING	GOMF_COPPER_ION_BINDING		58	-0.37776017	-1.1469868	0.23296355	0.5035626	1.0	2747	tags=22%, list=14%, signal=26%	
GOBP_CARDIAC_MUSCLE_CONTRACTION	GOBP_CARDIAC_MUSCLE_CONTRACTION		138	-0.33349863	-1.1465821	0.19823788	0.5043436	1.0	2540	tags=22%, list=13%, signal=26%	
GOBP_NEGATIVE_REGULATION_OF_LYMPHOCYTE_ACTIVATION	GOBP_NEGATIVE_REGULATION_OF_LYMPHOCYTE_ACTIVATION		156	-0.32813278	-1.1462146	0.19247468	0.50495523	1.0	2867	tags=26%, list=15%, signal=30%	
GOBP_POSITIVE_REGULATION_OF_WOUND_HEALING	GOBP_POSITIVE_REGULATION_OF_WOUND_HEALING		59	-0.37597328	-1.146209	0.23993559	0.50466263	1.0	1970	tags=19%, list=10%, signal=21%	
GOBP_REGULATION_OF_CELL_MORPHOGENESIS	GOBP_REGULATION_OF_CELL_MORPHOGENESIS		229	-0.31524333	-1.1458329	0.17285532	0.50531733	1.0	3602	tags=27%, list=19%, signal=33%	
GOBP_POSITIVE_REGULATION_OF_DEPHOSPHORYLATION	GOBP_POSITIVE_REGULATION_OF_DEPHOSPHORYLATION		48	-0.3869233	-1.1457932	0.23662885	0.5051201	1.0	4478	tags=46%, list=23%, signal=59%	
GOMF_ACTIN_MONOMER_BINDING	GOMF_ACTIN_MONOMER_BINDING		25	-0.44359323	-1.1456503	0.2749141	0.50518376	1.0	3361	tags=40%, list=17%, signal=48%	
GOBP_MITOTIC_G2_DNA_DAMAGE_CHECKPOINT_SIGNALING	GOBP_MITOTIC_G2_DNA_DAMAGE_CHECKPOINT_SIGNALING		31	-0.42614734	-1.1455263	0.27054796	0.50520194	1.0	1976	tags=23%, list=10%, signal=25%	
GOMF_LIGASE_ACTIVITY_FORMING_CARBON_SULFUR_BONDS	GOMF_LIGASE_ACTIVITY_FORMING_CARBON_SULFUR_BONDS		41	-0.4041866	-1.1454972	0.24394184	0.5049708	1.0	2099	tags=20%, list=11%, signal=22%	
GOBP_POSITIVE_REGULATION_OF_CELL_PROJECTION_ORGANIZATION	GOBP_POSITIVE_REGULATION_OF_CELL_PROJECTION_ORGANIZATION		339	-0.30393693	-1.1454668	0.15068494	0.50473994	1.0	2870	tags=21%, list=15%, signal=24%	
GOBP_ACTIVATION_OF_INNATE_IMMUNE_RESPONSE	GOBP_ACTIVATION_OF_INNATE_IMMUNE_RESPONSE		287	-0.30961573	-1.1454107	0.1397436	0.5045734	1.0	4114	tags=26%, list=21%, signal=33%	
GOBP_REGULATION_OF_EXOCYTOSIS	GOBP_REGULATION_OF_EXOCYTOSIS		166	-0.3262375	-1.1448014	0.19137466	0.5058477	1.0	2212	tags=19%, list=11%, signal=21%	
GOBP_REGULATION_OF_EXTRINSIC_APOPTOTIC_SIGNALING_PATHWAY	GOBP_REGULATION_OF_EXTRINSIC_APOPTOTIC_SIGNALING_PATHWAY		149	-0.32941565	-1.1446229	0.18247126	0.5059699	1.0	1152	tags=14%, list=6%, signal=15%	
GOBP_CELLULAR_RESPONSE_TO_STEROID_HORMONE_STIMULUS	GOBP_CELLULAR_RESPONSE_TO_STEROID_HORMONE_STIMULUS		204	-0.32023838	-1.1445261	0.17906336	0.50592285	1.0	1410	tags=12%, list=7%, signal=13%	
GOBP_REGULATION_OF_MIRNA_TRANSCRIPTION	GOBP_REGULATION_OF_MIRNA_TRANSCRIPTION		73	-0.36710733	-1.1444526	0.22137405	0.5058105	1.0	2603	tags=26%, list=13%, signal=30%	
GOCC_PROTEIN_KINASE_COMPLEX	GOCC_PROTEIN_KINASE_COMPLEX		143	-0.33104232	-1.1441538	0.18421052	0.50626975	1.0	2188	tags=15%, list=11%, signal=17%	
GOBP_PHOSPHATIDYLETHANOLAMINE_METABOLIC_PROCESS	GOBP_PHOSPHATIDYLETHANOLAMINE_METABOLIC_PROCESS		22	-0.45935026	-1.1441078	0.28595316	0.5060859	1.0	1977	tags=18%, list=10%, signal=20%	
GOBP_MITOTIC_CYTOKINESIS	GOBP_MITOTIC_CYTOKINESIS		87	-0.34958598	-1.14401	0.20588236	0.5060117	1.0	3426	tags=26%, list=18%, signal=32%	
GOBP_T_CELL_SELECTION	GOBP_T_CELL_SELECTION		58	-0.38034758	-1.1439437	0.25164473	0.5058905	1.0	4729	tags=41%, list=24%, signal=55%	
GOBP_INTRINSIC_APOPTOTIC_SIGNALING_PATHWAY_BY_P53_CLASS_MEDIATOR	GOBP_INTRINSIC_APOPTOTIC_SIGNALING_PATHWAY_BY_P53_CLASS_MEDIATOR		78	-0.3605352	-1.1438471	0.23423423	0.5058442	1.0	3868	tags=26%, list=20%, signal=32%	
GOBP_DENDRITIC_CELL_CYTOKINE_PRODUCTION	GOBP_DENDRITIC_CELL_CYTOKINE_PRODUCTION		17	-0.4790081	-1.1436965	0.30088496	0.5059308	1.0	1534	tags=29%, list=8%, signal=32%	
GOBP_ESTABLISHMENT_OF_PLANAR_POLARITY_OF_EMBRYONIC_EPITHELIUM	GOBP_ESTABLISHMENT_OF_PLANAR_POLARITY_OF_EMBRYONIC_EPITHELIUM		15	-0.49367055	-1.1436335	0.2769784	0.5057894	1.0	603	tags=27%, list=3%, signal=27%	
GOBP_T_CELL_MEDIATED_CYTOTOXICITY	GOBP_T_CELL_MEDIATED_CYTOTOXICITY		59	-0.37675667	-1.143606	0.2390625	0.50556046	1.0	1971	tags=17%, list=10%, signal=19%	
GOBP_RESPONSE_TO_LEPTIN	GOBP_RESPONSE_TO_LEPTIN		21	-0.45817104	-1.1435966	0.2970123	0.50527793	1.0	923	tags=24%, list=5%, signal=25%	
GOCC_AXON_INITIAL_SEGMENT	GOCC_AXON_INITIAL_SEGMENT		20	-0.46642426	-1.1427847	0.3066202	0.5070564	1.0	688	tags=15%, list=4%, signal=16%	
GOBP_REGULATION_OF_CELLULAR_COMPONENT_SIZE	GOBP_REGULATION_OF_CELLULAR_COMPONENT_SIZE		337	-0.30718118	-1.1427846	0.15239295	0.50675374	1.0	2594	tags=19%, list=13%, signal=21%	
GOBP_REGULATION_OF_CALCIUM_ION_TRANSPORT	GOBP_REGULATION_OF_CALCIUM_ION_TRANSPORT		231	-0.31600803	-1.1425685	0.16644824	0.507011	1.0	2656	tags=19%, list=14%, signal=22%	
GOBP_ANTIFUNGAL_INNATE_IMMUNE_RESPONSE	GOBP_ANTIFUNGAL_INNATE_IMMUNE_RESPONSE		23	-0.44776192	-1.1424067	0.27894738	0.507126	1.0	1534	tags=22%, list=8%, signal=24%	
GOMF_G_PROTEIN_BETA_SUBUNIT_BINDING	GOMF_G_PROTEIN_BETA_SUBUNIT_BINDING		21	-0.4631574	-1.142348	0.28993055	0.5069748	1.0	646	tags=14%, list=3%, signal=15%	
GOBP_BASEMENT_MEMBRANE_ORGANIZATION	GOBP_BASEMENT_MEMBRANE_ORGANIZATION		38	-0.406823	-1.1419516	0.25949368	0.5076529	1.0	2925	tags=34%, list=15%, signal=40%	
GOBP_VASCULAR_ASSOCIATED_SMOOTH_MUSCLE_CONTRACTION	GOBP_VASCULAR_ASSOCIATED_SMOOTH_MUSCLE_CONTRACTION		23	-0.44555885	-1.1419088	0.26048952	0.5074594	1.0	1824	tags=22%, list=9%, signal=24%	
GOBP_POSITIVE_REGULATION_OF_PHOSPHATASE_ACTIVITY	GOBP_POSITIVE_REGULATION_OF_PHOSPHATASE_ACTIVITY		26	-0.42583215	-1.1418995	0.2879046	0.5071808	1.0	4400	tags=46%, list=23%, signal=60%	
GOBP_ESTABLISHMENT_OF_ENDOTHELIAL_BARRIER	GOBP_ESTABLISHMENT_OF_ENDOTHELIAL_BARRIER		51	-0.38385755	-1.141692	0.25084174	0.5074121	1.0	2921	tags=29%, list=15%, signal=35%	
GOBP_REGULATION_OF_NEUROTRANSMITTER_RECEPTOR_ACTIVITY	GOBP_REGULATION_OF_NEUROTRANSMITTER_RECEPTOR_ACTIVITY		35	-0.40891066	-1.1415279	0.2940171	0.50756335	1.0	1498	tags=14%, list=8%, signal=15%	
GOMF_VOLTAGE_GATED_MONOATOMIC_ANION_CHANNEL_ACTIVITY	GOMF_VOLTAGE_GATED_MONOATOMIC_ANION_CHANNEL_ACTIVITY		17	-0.48836932	-1.1412829	0.30228472	0.5079119	1.0	230	tags=12%, list=1%, signal=12%	
GOBP_REGULATION_OF_ESTABLISHMENT_OR_MAINTENANCE_OF_CELL_POLARITY	GOBP_REGULATION_OF_ESTABLISHMENT_OR_MAINTENANCE_OF_CELL_POLARITY		23	-0.44162846	-1.141141	0.28305084	0.50798637	1.0	3169	tags=35%, list=16%, signal=42%	
GOMF_GROWTH_FACTOR_RECEPTOR_BINDING	GOMF_GROWTH_FACTOR_RECEPTOR_BINDING		133	-0.3313988	-1.1410162	0.21582733	0.508024	1.0	3143	tags=20%, list=16%, signal=24%	
GOBP_OVULATION_CYCLE	GOBP_OVULATION_CYCLE		71	-0.36594015	-1.1407698	0.23742138	0.50832516	1.0	821	tags=13%, list=4%, signal=13%	
GOBP_PRODUCTION_OF_MOLECULAR_MEDIATOR_OF_IMMUNE_RESPONSE	GOBP_PRODUCTION_OF_MOLECULAR_MEDIATOR_OF_IMMUNE_RESPONSE		217	-0.31515265	-1.1407152	0.1826923	0.5081451	1.0	3287	tags=26%, list=17%, signal=31%	
GOCC_RUFFLE	GOCC_RUFFLE		177	-0.32393682	-1.140599	0.1950867	0.5081406	1.0	4125	tags=32%, list=21%, signal=40%	
GOCC_CLUSTER_OF_ACTIN_BASED_CELL_PROJECTIONS	GOCC_CLUSTER_OF_ACTIN_BASED_CELL_PROJECTIONS		156	-0.32956856	-1.1404305	0.2036011	0.5082582	1.0	3430	tags=26%, list=18%, signal=31%	
GOMF_WNT_PROTEIN_BINDING	GOMF_WNT_PROTEIN_BINDING		31	-0.42361817	-1.1402705	0.2760943	0.50837576	1.0	2940	tags=35%, list=15%, signal=42%	
GOMF_PEPTIDE_BINDING	GOMF_PEPTIDE_BINDING		246	-0.31163305	-1.1399535	0.1589404	0.5088942	1.0	1944	tags=14%, list=10%, signal=15%	
GOBP_POSITIVE_REGULATION_OF_GLIAL_CELL_DIFFERENTIATION	GOBP_POSITIVE_REGULATION_OF_GLIAL_CELL_DIFFERENTIATION		43	-0.39504877	-1.1399146	0.25307557	0.50869393	1.0	2452	tags=23%, list=13%, signal=27%	
GOBP_TYPE_B_PANCREATIC_CELL_DIFFERENTIATION	GOBP_TYPE_B_PANCREATIC_CELL_DIFFERENTIATION		26	-0.43708253	-1.1397746	0.27150086	0.5087685	1.0	819	tags=12%, list=4%, signal=12%	
GOBP_PRESYNAPSE_ORGANIZATION	GOBP_PRESYNAPSE_ORGANIZATION		53	-0.3810901	-1.139737	0.2387597	0.508559	1.0	2925	tags=23%, list=15%, signal=27%	
GOBP_REGULATION_OF_MYELOID_CELL_APOPTOTIC_PROCESS	GOBP_REGULATION_OF_MYELOID_CELL_APOPTOTIC_PROCESS		30	-0.41774166	-1.1385704	0.2971246	0.5112885	1.0	3813	tags=37%, list=20%, signal=46%	
GOCC_PHAGOCYTIC_VESICLE	GOCC_PHAGOCYTIC_VESICLE		139	-0.3306691	-1.1381947	0.20338982	0.5119629	1.0	1317	tags=14%, list=7%, signal=15%	
GOBP_POSITIVE_REGULATION_OF_P38MAPK_CASCADE	GOBP_POSITIVE_REGULATION_OF_P38MAPK_CASCADE		27	-0.4358062	-1.1376679	0.28452578	0.51305866	1.0	1887	tags=30%, list=10%, signal=33%	
GOBP_REGULATION_OF_MYELOID_LEUKOCYTE_MEDIATED_IMMUNITY	GOBP_REGULATION_OF_MYELOID_LEUKOCYTE_MEDIATED_IMMUNITY		55	-0.3830039	-1.1375686	0.2540453	0.5130055	1.0	2963	tags=38%, list=15%, signal=45%	
GOCC_PLASMA_MEMBRANE_RAFT	GOCC_PLASMA_MEMBRANE_RAFT		109	-0.34295803	-1.1375271	0.23353294	0.51281893	1.0	2686	tags=25%, list=14%, signal=29%	
GOBP_POSITIVE_REGULATION_OF_MESENCHYMAL_CELL_PROLIFERATION	GOBP_POSITIVE_REGULATION_OF_MESENCHYMAL_CELL_PROLIFERATION		24	-0.44506907	-1.1373008	0.29129663	0.51313645	1.0	1790	tags=21%, list=9%, signal=23%	
GOBP_CELLULAR_RESPONSE_TO_INORGANIC_SUBSTANCE	GOBP_CELLULAR_RESPONSE_TO_INORGANIC_SUBSTANCE		202	-0.31872487	-1.137071	0.17774762	0.5134558	1.0	2470	tags=18%, list=13%, signal=21%	
GOBP_CELLULAR_SENESCENCE	GOBP_CELLULAR_SENESCENCE		97	-0.34891927	-1.1368171	0.23255815	0.5138424	1.0	4331	tags=34%, list=22%, signal=44%	
GOCC_GERM_CELL_NUCLEUS	GOCC_GERM_CELL_NUCLEUS		60	-0.36720648	-1.1365154	0.26151314	0.5143457	1.0	2447	tags=22%, list=13%, signal=25%	
GOBP_DEVELOPMENTAL_GROWTH_INVOLVED_IN_MORPHOGENESIS	GOBP_DEVELOPMENTAL_GROWTH_INVOLVED_IN_MORPHOGENESIS		224	-0.31482667	-1.1361389	0.1883289	0.51502556	1.0	2561	tags=18%, list=13%, signal=20%	
GOBP_HUMORAL_IMMUNE_RESPONSE_MEDIATED_BY_CIRCULATING_IMMUNOGLOBULIN	GOBP_HUMORAL_IMMUNE_RESPONSE_MEDIATED_BY_CIRCULATING_IMMUNOGLOBULIN		45	-0.38741696	-1.1360012	0.24056605	0.51510954	1.0	1168	tags=18%, list=6%, signal=19%	
GOBP_CELL_SUBSTRATE_JUNCTION_ORGANIZATION	GOBP_CELL_SUBSTRATE_JUNCTION_ORGANIZATION		101	-0.3417651	-1.1358169	0.23088235	0.5152771	1.0	2387	tags=21%, list=12%, signal=24%	
GOBP_VASCULAR_ASSOCIATED_SMOOTH_MUSCLE_CELL_PROLIFERATION	GOBP_VASCULAR_ASSOCIATED_SMOOTH_MUSCLE_CELL_PROLIFERATION		58	-0.3729957	-1.1354607	0.24574961	0.5159064	1.0	2599	tags=28%, list=13%, signal=32%	
GOBP_EAR_MORPHOGENESIS	GOBP_EAR_MORPHOGENESIS		124	-0.33796868	-1.1351697	0.2173913	0.516366	1.0	2140	tags=16%, list=11%, signal=18%	
GOBP_CONNECTIVE_TISSUE_DEVELOPMENT	GOBP_CONNECTIVE_TISSUE_DEVELOPMENT		270	-0.30793938	-1.1348563	0.16601308	0.516889	1.0	2522	tags=20%, list=13%, signal=23%	
GOBP_MATURE_B_CELL_DIFFERENTIATION_INVOLVED_IN_IMMUNE_RESPONSE	GOBP_MATURE_B_CELL_DIFFERENTIATION_INVOLVED_IN_IMMUNE_RESPONSE		32	-0.4155156	-1.134848	0.26666668	0.51660603	1.0	3838	tags=38%, list=20%, signal=47%	
GOBP_REGULATION_OF_HIPPO_SIGNALING	GOBP_REGULATION_OF_HIPPO_SIGNALING		36	-0.4134649	-1.1348478	0.25289255	0.5163038	1.0	2685	tags=31%, list=14%, signal=35%	
GOBP_ENDOLYSOSOMAL_TOLL_LIKE_RECEPTOR_SIGNALING_PATHWAY	GOBP_ENDOLYSOSOMAL_TOLL_LIKE_RECEPTOR_SIGNALING_PATHWAY		50	-0.3834973	-1.1347432	0.24635333	0.51627195	1.0	4604	tags=40%, list=24%, signal=52%	
GOBP_CALCIUM_INDEPENDENT_CELL_CELL_ADHESION_VIA_PLASMA_MEMBRANE_CELL_ADHESION_MOLECULES	GOBP_CALCIUM_INDEPENDENT_CELL_CELL_ADHESION_VIA_PLASMA_MEMBRANE_CELL_ADHESION_MOLECULES		23	-0.44660038	-1.1346573	0.29662523	0.5161884	1.0	2677	tags=35%, list=14%, signal=40%	
GOBP_POSITIVE_REGULATION_OF_T_CELL_MEDIATED_IMMUNITY	GOBP_POSITIVE_REGULATION_OF_T_CELL_MEDIATED_IMMUNITY		68	-0.36118346	-1.134492	0.265625	0.5163173	1.0	2519	tags=21%, list=13%, signal=24%	
GOBP_AMINO_ACID_TRANSPORT	GOBP_AMINO_ACID_TRANSPORT		154	-0.32426968	-1.1344086	0.1991342	0.5162117	1.0	1859	tags=19%, list=10%, signal=21%	
GOMF_GROWTH_FACTOR_BINDING	GOMF_GROWTH_FACTOR_BINDING		129	-0.3349925	-1.1342419	0.2084507	0.5163405	1.0	2873	tags=26%, list=15%, signal=31%	
GOBP_POSITIVE_REGULATION_OF_ACUTE_INFLAMMATORY_RESPONSE	GOBP_POSITIVE_REGULATION_OF_ACUTE_INFLAMMATORY_RESPONSE		27	-0.43158704	-1.1339395	0.30357143	0.516835	1.0	3033	tags=37%, list=16%, signal=44%	
GOBP_POSITIVE_REGULATION_OF_LYMPHOCYTE_DIFFERENTIATION	GOBP_POSITIVE_REGULATION_OF_LYMPHOCYTE_DIFFERENTIATION		131	-0.3329148	-1.1338694	0.21751413	0.5167316	1.0	3814	tags=30%, list=20%, signal=37%	
GOBP_NEGATIVE_REGULATION_OF_CELLULAR_CATABOLIC_PROCESS	GOBP_NEGATIVE_REGULATION_OF_CELLULAR_CATABOLIC_PROCESS		112	-0.33965942	-1.1337904	0.23512337	0.51662016	1.0	3697	tags=30%, list=19%, signal=37%	
GOBP_TELENCEPHALON_GLIAL_CELL_MIGRATION	GOBP_TELENCEPHALON_GLIAL_CELL_MIGRATION		25	-0.43275544	-1.1337566	0.2852292	0.5164118	1.0	3685	tags=48%, list=19%, signal=59%	
GOBP_VOCALIZATION_BEHAVIOR	GOBP_VOCALIZATION_BEHAVIOR		18	-0.47282732	-1.1336099	0.30892858	0.51648164	1.0	2663	tags=28%, list=14%, signal=32%	
GOBP_REGULATION_OF_CD8_POSITIVE_ALPHA_BETA_T_CELL_ACTIVATION	GOBP_REGULATION_OF_CD8_POSITIVE_ALPHA_BETA_T_CELL_ACTIVATION		18	-0.4732387	-1.1335664	0.3158813	0.5162928	1.0	4114	tags=44%, list=21%, signal=56%	
GOBP_CELLULAR_RESPONSE_TO_PEPTIDE_HORMONE_STIMULUS	GOBP_CELLULAR_RESPONSE_TO_PEPTIDE_HORMONE_STIMULUS		304	-0.30234346	-1.1334327	0.16496164	0.5163364	1.0	1416	tags=11%, list=7%, signal=11%	
GOBP_CELLULAR_RESPONSE_TO_ACID_CHEMICAL	GOBP_CELLULAR_RESPONSE_TO_ACID_CHEMICAL		85	-0.35191205	-1.1333565	0.2492163	0.51624864	1.0	2873	tags=24%, list=15%, signal=27%	
GOBP_REGULATION_OF_STEM_CELL_DIFFERENTIATION	GOBP_REGULATION_OF_STEM_CELL_DIFFERENTIATION		80	-0.3576005	-1.1332664	0.24613003	0.51617485	1.0	5016	tags=43%, list=26%, signal=57%	
GOCC_TRANSCRIPTION_REGULATOR_COMPLEX	GOCC_TRANSCRIPTION_REGULATOR_COMPLEX		487	-0.292928	-1.1331912	0.12382075	0.51606566	1.0	4096	tags=26%, list=21%, signal=32%	
GOBP_SMOOTH_MUSCLE_CELL_APOPTOTIC_PROCESS	GOBP_SMOOTH_MUSCLE_CELL_APOPTOTIC_PROCESS		30	-0.4279602	-1.1329571	0.2864494	0.51637226	1.0	1067	tags=20%, list=5%, signal=21%	
GOBP_REGULATION_OF_AXONOGENESIS	GOBP_REGULATION_OF_AXONOGENESIS		140	-0.32980812	-1.1329364	0.23324397	0.51613444	1.0	3496	tags=24%, list=18%, signal=29%	
GOBP_REGULATION_OF_WNT_SIGNALING_PATHWAY_PLANAR_CELL_POLARITY_PATHWAY	GOBP_REGULATION_OF_WNT_SIGNALING_PATHWAY_PLANAR_CELL_POLARITY_PATHWAY		15	-0.48832983	-1.1326987	0.32037038	0.5164618	1.0	179	tags=20%, list=1%, signal=20%	
GOBP_AMINO_ACID_TRANSMEMBRANE_TRANSPORT	GOBP_AMINO_ACID_TRANSMEMBRANE_TRANSPORT		99	-0.34478837	-1.1326947	0.24071322	0.5161714	1.0	1830	tags=20%, list=9%, signal=22%	
GOBP_POSITIVE_REGULATION_OF_CANONICAL_WNT_SIGNALING_PATHWAY	GOBP_POSITIVE_REGULATION_OF_CANONICAL_WNT_SIGNALING_PATHWAY		101	-0.34151238	-1.1325037	0.22288261	0.51637787	1.0	2079	tags=16%, list=11%, signal=18%	
GOBP_SENSORY_SYSTEM_DEVELOPMENT	GOBP_SENSORY_SYSTEM_DEVELOPMENT		397	-0.29689276	-1.1324505	0.14864865	0.5162238	1.0	2293	tags=17%, list=12%, signal=18%	
GOBP_REGULATION_OF_VIRAL_PROCESS	GOBP_REGULATION_OF_VIRAL_PROCESS		157	-0.3217222	-1.1324438	0.19733334	0.515939	1.0	2797	tags=18%, list=14%, signal=21%	
GOCC_MITOTIC_SPINDLE_POLE	GOCC_MITOTIC_SPINDLE_POLE		38	-0.397824	-1.1323353	0.27329192	0.515918	1.0	2833	tags=26%, list=15%, signal=31%	
GOBP_POSITIVE_REGULATION_OF_WNT_SIGNALING_PATHWAY	GOBP_POSITIVE_REGULATION_OF_WNT_SIGNALING_PATHWAY		136	-0.32888994	-1.1322905	0.20319304	0.51573443	1.0	2101	tags=17%, list=11%, signal=19%	
GOMF_MYOSIN_V_BINDING	GOMF_MYOSIN_V_BINDING		17	-0.46857595	-1.1321405	0.32058287	0.5158287	1.0	862	tags=18%, list=4%, signal=18%	
GOBP_CELLULAR_RESPONSE_TO_ESTRADIOL_STIMULUS	GOBP_CELLULAR_RESPONSE_TO_ESTRADIOL_STIMULUS		37	-0.40775067	-1.1319238	0.28109854	0.5161043	1.0	1192	tags=19%, list=6%, signal=20%	
GOBP_POSITIVE_REGULATION_OF_SYNAPTIC_TRANSMISSION	GOBP_POSITIVE_REGULATION_OF_SYNAPTIC_TRANSMISSION		160	-0.32235405	-1.1318812	0.2141844	0.5159188	1.0	1965	tags=15%, list=10%, signal=17%	
GOBP_STEM_CELL_DIVISION	GOBP_STEM_CELL_DIVISION		30	-0.4235446	-1.1318617	0.2657581	0.51566166	1.0	2868	tags=33%, list=15%, signal=39%	
GOMF_FOUR_WAY_JUNCTION_DNA_BINDING	GOMF_FOUR_WAY_JUNCTION_DNA_BINDING		18	-0.47806656	-1.1312801	0.31260794	0.51689184	1.0	4780	tags=50%, list=25%, signal=66%	
GOBP_POSITIVE_REGULATION_OF_CALCINEURIN_MEDIATED_SIGNALING	GOBP_POSITIVE_REGULATION_OF_CALCINEURIN_MEDIATED_SIGNALING		18	-0.46556836	-1.1310921	0.31785715	0.51706445	1.0	3315	tags=44%, list=17%, signal=54%	
GOBP_RESPONSE_TO_INTERLEUKIN_1	GOBP_RESPONSE_TO_INTERLEUKIN_1		105	-0.33985192	-1.1310514	0.21745563	0.5168692	1.0	2351	tags=21%, list=12%, signal=24%	
GOBP_SODIUM_ION_HOMEOSTASIS	GOBP_SODIUM_ION_HOMEOSTASIS		46	-0.3892097	-1.1304734	0.26036483	0.51805633	1.0	2268	tags=17%, list=12%, signal=20%	
GOBP_NEGATIVE_REGULATION_OF_FIBROBLAST_PROLIFERATION	GOBP_NEGATIVE_REGULATION_OF_FIBROBLAST_PROLIFERATION		34	-0.4092949	-1.1303407	0.28235295	0.5181157	1.0	1365	tags=18%, list=7%, signal=19%	
GOMF_VITAMIN_BINDING	GOMF_VITAMIN_BINDING		139	-0.32685363	-1.1300066	0.21531792	0.5187231	1.0	2115	tags=17%, list=11%, signal=19%	
GOBP_TYPE_I_INTERFERON_PRODUCTION	GOBP_TYPE_I_INTERFERON_PRODUCTION		116	-0.3380043	-1.1298774	0.23148148	0.518743	1.0	5015	tags=41%, list=26%, signal=54%	
GOBP_LIVER_MORPHOGENESIS	GOBP_LIVER_MORPHOGENESIS		25	-0.43422732	-1.1297221	0.3041237	0.51888406	1.0	2506	tags=32%, list=13%, signal=37%	
GOBP_MEMBRANE_RAFT_ORGANIZATION	GOBP_MEMBRANE_RAFT_ORGANIZATION		25	-0.43044505	-1.1297108	0.2935943	0.5186182	1.0	4532	tags=48%, list=23%, signal=63%	
GOBP_POSITIVE_REGULATION_OF_OSTEOCLAST_DIFFERENTIATION	GOBP_POSITIVE_REGULATION_OF_OSTEOCLAST_DIFFERENTIATION		27	-0.42544386	-1.1293467	0.3053173	0.519259	1.0	2649	tags=26%, list=14%, signal=30%	
GOBP_GLIAL_CELL_APOPTOTIC_PROCESS	GOBP_GLIAL_CELL_APOPTOTIC_PROCESS		17	-0.47222382	-1.1291677	0.3102837	0.5194182	1.0	3436	tags=41%, list=18%, signal=50%	
GOBP_VASCULAR_ENDOTHELIAL_GROWTH_FACTOR_RECEPTOR_SIGNALING_PATHWAY	GOBP_VASCULAR_ENDOTHELIAL_GROWTH_FACTOR_RECEPTOR_SIGNALING_PATHWAY		54	-0.38165364	-1.1290358	0.2560778	0.5194476	1.0	1790	tags=26%, list=9%, signal=28%	
GOBP_EXTRINSIC_APOPTOTIC_SIGNALING_PATHWAY	GOBP_EXTRINSIC_APOPTOTIC_SIGNALING_PATHWAY		221	-0.31062287	-1.1288676	0.19478738	0.51959753	1.0	1152	tags=13%, list=6%, signal=14%	
GOCC_CONDENSED_CHROMOSOME	GOCC_CONDENSED_CHROMOSOME		261	-0.30605474	-1.1288482	0.19183673	0.51934797	1.0	4899	tags=34%, list=25%, signal=45%	
GOMF_CALMODULIN_BINDING	GOMF_CALMODULIN_BINDING		201	-0.31559724	-1.1284932	0.20473538	0.51997244	1.0	2601	tags=20%, list=13%, signal=23%	
GOBP_CELLULAR_RESPONSE_TO_HEAT	GOBP_CELLULAR_RESPONSE_TO_HEAT		62	-0.37273982	-1.128315	0.25480768	0.52014834	1.0	3727	tags=29%, list=19%, signal=36%	
GOBP_POSITIVE_REGULATION_OF_REGULATED_SECRETORY_PATHWAY	GOBP_POSITIVE_REGULATION_OF_REGULATED_SECRETORY_PATHWAY		43	-0.38926587	-1.1282216	0.2807309	0.5201053	1.0	2763	tags=33%, list=14%, signal=38%	
GOBP_NEURON_PROJECTION_EXTENSION	GOBP_NEURON_PROJECTION_EXTENSION		161	-0.32346287	-1.1282135	0.2041958	0.519833	1.0	2561	tags=17%, list=13%, signal=19%	
GOBP_INNER_EAR_RECEPTOR_CELL_STEREOCILIUM_ORGANIZATION	GOBP_INNER_EAR_RECEPTOR_CELL_STEREOCILIUM_ORGANIZATION		30	-0.41851088	-1.1277623	0.28140703	0.52070695	1.0	3396	tags=33%, list=17%, signal=40%	
GOMF_HISTONE_KINASE_ACTIVITY	GOMF_HISTONE_KINASE_ACTIVITY		21	-0.45167014	-1.1273338	0.29307282	0.52153265	1.0	2308	tags=29%, list=12%, signal=32%	
GOBP_RESPONSE_TO_COPPER_ION	GOBP_RESPONSE_TO_COPPER_ION		32	-0.4106217	-1.1272793	0.26973686	0.52138025	1.0	2286	tags=25%, list=12%, signal=28%	
GOBP_SOMITOGENESIS	GOBP_SOMITOGENESIS		63	-0.36405832	-1.1271882	0.2613828	0.5213285	1.0	2712	tags=22%, list=14%, signal=26%	
GOBP_PROTEIN_LOCALIZATION_TO_EXTRACELLULAR_REGION	GOBP_PROTEIN_LOCALIZATION_TO_EXTRACELLULAR_REGION		355	-0.29837263	-1.127095	0.14956737	0.52129525	1.0	2490	tags=18%, list=13%, signal=20%	
GOBP_VIRAL_GENOME_REPLICATION	GOBP_VIRAL_GENOME_REPLICATION		121	-0.33548597	-1.1269351	0.2160229	0.52142566	1.0	4292	tags=31%, list=22%, signal=39%	
GOBP_REGULATION_OF_POSTSYNAPTIC_MEMBRANE_NEUROTRANSMITTER_RECEPTOR_LEVELS	GOBP_REGULATION_OF_POSTSYNAPTIC_MEMBRANE_NEUROTRANSMITTER_RECEPTOR_LEVELS		91	-0.3447945	-1.1269114	0.2402496	0.52119523	1.0	2665	tags=18%, list=14%, signal=20%	
GOBP_RESPONSE_TO_PEPTIDE_HORMONE	GOBP_RESPONSE_TO_PEPTIDE_HORMONE		421	-0.29484326	-1.1267606	0.16987951	0.52130306	1.0	1513	tags=11%, list=8%, signal=12%	
GOCC_LEADING_EDGE_MEMBRANE	GOCC_LEADING_EDGE_MEMBRANE		171	-0.3190152	-1.1265258	0.21787709	0.5216422	1.0	2805	tags=22%, list=14%, signal=25%	
GOBP_NEGATIVE_REGULATION_OF_PEPTIDASE_ACTIVITY	GOBP_NEGATIVE_REGULATION_OF_PEPTIDASE_ACTIVITY		119	-0.33422515	-1.126493	0.23435226	0.52142686	1.0	1675	tags=13%, list=9%, signal=15%	
GOCC_TRANSPORT_VESICLE_MEMBRANE	GOCC_TRANSPORT_VESICLE_MEMBRANE		231	-0.3083041	-1.1264713	0.19433199	0.5211827	1.0	2379	tags=16%, list=12%, signal=18%	
GOBP_REGULATION_OF_NEURON_DIFFERENTIATION	GOBP_REGULATION_OF_NEURON_DIFFERENTIATION		186	-0.31661344	-1.1261059	0.20544218	0.5218322	1.0	2558	tags=20%, list=13%, signal=23%	
GOBP_REGULATION_OF_LEUKOCYTE_ADHESION_TO_VASCULAR_ENDOTHELIAL_CELL	GOBP_REGULATION_OF_LEUKOCYTE_ADHESION_TO_VASCULAR_ENDOTHELIAL_CELL		31	-0.41913292	-1.126057	0.29623288	0.52167064	1.0	3992	tags=32%, list=21%, signal=41%	
GOBP_NEGATIVE_REGULATION_OF_CELL_KILLING	GOBP_NEGATIVE_REGULATION_OF_CELL_KILLING		29	-0.4217634	-1.1260391	0.28	0.5214084	1.0	1971	tags=21%, list=10%, signal=23%	
GOBP_NEGATIVE_REGULATION_OF_MYELOID_CELL_DIFFERENTIATION	GOBP_NEGATIVE_REGULATION_OF_MYELOID_CELL_DIFFERENTIATION		76	-0.35523903	-1.125829	0.2600297	0.52165806	1.0	3337	tags=28%, list=17%, signal=33%	
GOMF_MONOATOMIC_ANION_TRANSMEMBRANE_TRANSPORTER_ACTIVITY	GOMF_MONOATOMIC_ANION_TRANSMEMBRANE_TRANSPORTER_ACTIVITY		137	-0.32920682	-1.1257911	0.21594203	0.521452	1.0	2869	tags=19%, list=15%, signal=22%	
GOBP_REGULATION_OF_TRANS_SYNAPTIC_SIGNALING	GOBP_REGULATION_OF_TRANS_SYNAPTIC_SIGNALING		462	-0.29233217	-1.1257249	0.14896215	0.5213421	1.0	2992	tags=19%, list=15%, signal=22%	
GOBP_PYRIMIDINE_NUCLEOBASE_METABOLIC_PROCESS	GOBP_PYRIMIDINE_NUCLEOBASE_METABOLIC_PROCESS		21	-0.45395237	-1.1256685	0.31272084	0.52119917	1.0	1782	tags=29%, list=9%, signal=31%	
GOCC_SPINDLE	GOCC_SPINDLE		399	-0.29547966	-1.1255018	0.16293532	0.5213501	1.0	3923	tags=28%, list=20%, signal=34%	
GOBP_REGULATION_OF_POTASSIUM_ION_TRANSMEMBRANE_TRANSPORTER_ACTIVITY	GOBP_REGULATION_OF_POTASSIUM_ION_TRANSMEMBRANE_TRANSPORTER_ACTIVITY		47	-0.38327104	-1.1252143	0.27168575	0.5217979	1.0	1852	tags=19%, list=10%, signal=21%	
GOMF_TRANSFORMING_GROWTH_FACTOR_BETA_BINDING	GOMF_TRANSFORMING_GROWTH_FACTOR_BETA_BINDING		24	-0.43982336	-1.1250839	0.31130436	0.5218531	1.0	1041	tags=25%, list=5%, signal=26%	
GOBP_RESPONSE_TO_NITRIC_OXIDE	GOBP_RESPONSE_TO_NITRIC_OXIDE		18	-0.46695423	-1.124874	0.34429064	0.522114	1.0	1059	tags=22%, list=5%, signal=23%	
GOBP_POSITIVE_REGULATION_OF_AMYLOID_PRECURSOR_PROTEIN_CATABOLIC_PROCESS	GOBP_POSITIVE_REGULATION_OF_AMYLOID_PRECURSOR_PROTEIN_CATABOLIC_PROCESS		24	-0.4393071	-1.1247004	0.3221831	0.52225167	1.0	4400	tags=33%, list=23%, signal=43%	
GOBP_REGULATION_OF_VIRAL_GENOME_REPLICATION	GOBP_REGULATION_OF_VIRAL_GENOME_REPLICATION		81	-0.34702355	-1.1238582	0.24489796	0.52414376	1.0	4292	tags=33%, list=22%, signal=43%	
GOMF_KINASE_INHIBITOR_ACTIVITY	GOMF_KINASE_INHIBITOR_ACTIVITY		73	-0.3610023	-1.1237487	0.26666668	0.5241516	1.0	3002	tags=23%, list=15%, signal=27%	
GOCC_BRUSH_BORDER	GOCC_BRUSH_BORDER		103	-0.338366	-1.1236585	0.22288261	0.52406394	1.0	3430	tags=24%, list=18%, signal=29%	
GOBP_NEGATIVE_REGULATION_OF_MICROTUBULE_POLYMERIZATION_OR_DEPOLYMERIZATION	GOBP_NEGATIVE_REGULATION_OF_MICROTUBULE_POLYMERIZATION_OR_DEPOLYMERIZATION		36	-0.40149352	-1.1234702	0.288854	0.5242326	1.0	3358	tags=31%, list=17%, signal=37%	
GOMF_NUCLEAR_THYROID_HORMONE_RECEPTOR_BINDING	GOMF_NUCLEAR_THYROID_HORMONE_RECEPTOR_BINDING		28	-0.42001957	-1.1234535	0.31064573	0.5239752	1.0	4621	tags=32%, list=24%, signal=42%	
GOBP_POSITIVE_REGULATION_OF_DNA_REPLICATION	GOBP_POSITIVE_REGULATION_OF_DNA_REPLICATION		41	-0.40135372	-1.123115	0.28139904	0.5245673	1.0	1450	tags=17%, list=7%, signal=18%	
GOBP_NEUROTRANSMITTER_RECEPTOR_TRANSPORT_TO_PLASMA_MEMBRANE	GOBP_NEUROTRANSMITTER_RECEPTOR_TRANSPORT_TO_PLASMA_MEMBRANE		16	-0.48492688	-1.1229117	0.33150184	0.5247999	1.0	1586	tags=25%, list=8%, signal=27%	
GOMF_CARBOHYDRATE_TRANSMEMBRANE_TRANSPORTER_ACTIVITY	GOMF_CARBOHYDRATE_TRANSMEMBRANE_TRANSPORTER_ACTIVITY		40	-0.39814702	-1.1228777	0.28109854	0.5246067	1.0	1413	tags=20%, list=7%, signal=22%	
GOBP_VIRAL_PROCESS	GOBP_VIRAL_PROCESS		407	-0.2941227	-1.1228583	0.15750916	0.5243678	1.0	2797	tags=18%, list=14%, signal=20%	
GOBP_FEMALE_SEX_DIFFERENTIATION	GOBP_FEMALE_SEX_DIFFERENTIATION		119	-0.33350754	-1.1224791	0.22759601	0.5250275	1.0	2989	tags=23%, list=15%, signal=27%	
GOBP_SCHWANN_CELL_DIFFERENTIATION	GOBP_SCHWANN_CELL_DIFFERENTIATION		47	-0.38295457	-1.1223103	0.28711256	0.52518284	1.0	3457	tags=30%, list=18%, signal=36%	
GOBP_KINETOCHORE_ORGANIZATION	GOBP_KINETOCHORE_ORGANIZATION		20	-0.45742452	-1.1222863	0.29711375	0.5249462	1.0	5283	tags=60%, list=27%, signal=82%	
GOCC_CALYX_OF_HELD	GOCC_CALYX_OF_HELD		18	-0.47038308	-1.1222053	0.30314234	0.5248555	1.0	4636	tags=33%, list=24%, signal=44%	
GOBP_REGULATION_OF_PLATELET_ACTIVATION	GOBP_REGULATION_OF_PLATELET_ACTIVATION		52	-0.37425712	-1.1221339	0.26540285	0.52474785	1.0	3592	tags=35%, list=18%, signal=42%	
GOBP_REGULATION_OF_OXIDOREDUCTASE_ACTIVITY	GOBP_REGULATION_OF_OXIDOREDUCTASE_ACTIVITY		58	-0.3707438	-1.1218194	0.25796178	0.5252535	1.0	3101	tags=29%, list=16%, signal=35%	
GOCC_LAMELLIPODIUM	GOCC_LAMELLIPODIUM		200	-0.3132104	-1.121569	0.21174863	0.5256221	1.0	3896	tags=30%, list=20%, signal=37%	
GOBP_REGULATION_OF_CHROMOSOME_ORGANIZATION	GOBP_REGULATION_OF_CHROMOSOME_ORGANIZATION		234	-0.3086553	-1.1214361	0.2015504	0.5256601	1.0	4121	tags=28%, list=21%, signal=35%	
GOBP_REGULATION_OF_INTRINSIC_APOPTOTIC_SIGNALING_PATHWAY_IN_RESPONSE_TO_DNA_DAMAGE_BY_P53_CLASS_MEDIATOR	GOBP_REGULATION_OF_INTRINSIC_APOPTOTIC_SIGNALING_PATHWAY_IN_RESPONSE_TO_DNA_DAMAGE_BY_P53_CLASS_MEDIATOR		15	-0.48815572	-1.1213012	0.34285715	0.5257267	1.0	4365	tags=40%, list=22%, signal=52%	
GOBP_REGULATION_OF_VASCULOGENESIS	GOBP_REGULATION_OF_VASCULOGENESIS		15	-0.49049333	-1.1210039	0.32846716	0.5262278	1.0	1665	tags=27%, list=9%, signal=29%	
GOBP_NEGATIVE_REGULATION_OF_DEFENSE_RESPONSE	GOBP_NEGATIVE_REGULATION_OF_DEFENSE_RESPONSE		242	-0.30720046	-1.120905	0.192	0.5261951	1.0	2805	tags=21%, list=14%, signal=25%	
GOBP_EXCITATORY_SYNAPSE_ASSEMBLY	GOBP_EXCITATORY_SYNAPSE_ASSEMBLY		32	-0.41291222	-1.120388	0.30541873	0.5272176	1.0	1047	tags=16%, list=5%, signal=16%	
GOBP_PEPTIDYL_SERINE_MODIFICATION	GOBP_PEPTIDYL_SERINE_MODIFICATION		267	-0.3055227	-1.1203874	0.1927555	0.5269253	1.0	3436	tags=24%, list=18%, signal=28%	
GOMF_ISOPRENOID_BINDING	GOMF_ISOPRENOID_BINDING		45	-0.3905406	-1.1202567	0.2949757	0.5269881	1.0	2367	tags=16%, list=12%, signal=18%	
GOBP_CARTILAGE_DEVELOPMENT	GOBP_CARTILAGE_DEVELOPMENT		193	-0.31464896	-1.1200304	0.18987341	0.52725405	1.0	2522	tags=20%, list=13%, signal=23%	
GOMF_CHLORIDE_CHANNEL_ACTIVITY	GOMF_CHLORIDE_CHANNEL_ACTIVITY		78	-0.34983304	-1.1194842	0.2652174	0.5284197	1.0	960	tags=10%, list=5%, signal=11%	
GOBP_NEGATIVE_REGULATION_OF_TRANSPORT	GOBP_NEGATIVE_REGULATION_OF_TRANSPORT		393	-0.2952005	-1.119375	0.17767107	0.5284091	1.0	1495	tags=12%, list=8%, signal=13%	
GOCC_CENTRIOLAR_SATELLITE	GOCC_CENTRIOLAR_SATELLITE		122	-0.32891807	-1.1189822	0.24507043	0.52911925	1.0	4121	tags=28%, list=21%, signal=35%	
GOBP_NEURON_RECOGNITION	GOBP_NEURON_RECOGNITION		46	-0.3891916	-1.1186577	0.28995058	0.5297084	1.0	3314	tags=26%, list=17%, signal=31%	
GOBP_POSITIVE_REGULATION_OF_PATTERN_RECOGNITION_RECEPTOR_SIGNALING_PATHWAY	GOBP_POSITIVE_REGULATION_OF_PATTERN_RECOGNITION_RECEPTOR_SIGNALING_PATHWAY		66	-0.35519674	-1.1186491	0.25154322	0.5294314	1.0	4726	tags=36%, list=24%, signal=48%	
GOBP_CELLULAR_ALDEHYDE_METABOLIC_PROCESS	GOBP_CELLULAR_ALDEHYDE_METABOLIC_PROCESS		73	-0.3531035	-1.1184183	0.25820896	0.5296988	1.0	2855	tags=23%, list=15%, signal=27%	
GOBP_POSITIVE_REGULATION_OF_SODIUM_ION_TRANSMEMBRANE_TRANSPORT	GOBP_POSITIVE_REGULATION_OF_SODIUM_ION_TRANSMEMBRANE_TRANSPORT		18	-0.46566528	-1.1176317	0.32978722	0.5314474	1.0	2430	tags=39%, list=13%, signal=44%	
GOBP_POSITIVE_REGULATION_OF_TRANSMEMBRANE_TRANSPORT	GOBP_POSITIVE_REGULATION_OF_TRANSMEMBRANE_TRANSPORT		191	-0.31583458	-1.1174715	0.20365168	0.5315562	1.0	2602	tags=18%, list=13%, signal=21%	
GOBP_GAMMA_DELTA_T_CELL_ACTIVATION	GOBP_GAMMA_DELTA_T_CELL_ACTIVATION		24	-0.43785757	-1.117402	0.30035335	0.5314365	1.0	3306	tags=50%, list=17%, signal=60%	
GOBP_REGULATION_OF_CYTOSKELETON_ORGANIZATION	GOBP_REGULATION_OF_CYTOSKELETON_ORGANIZATION		479	-0.29130644	-1.1171712	0.1440281	0.53172266	1.0	3436	tags=25%, list=18%, signal=30%	
GOBP_REGULATION_OF_ACTIN_FILAMENT_BASED_PROCESS	GOBP_REGULATION_OF_ACTIN_FILAMENT_BASED_PROCESS		354	-0.29382095	-1.1170423	0.1980198	0.53177625	1.0	3436	tags=27%, list=18%, signal=33%	
GOBP_TELENCEPHALON_DEVELOPMENT	GOBP_TELENCEPHALON_DEVELOPMENT		268	-0.30183697	-1.116779	0.20104438	0.53217447	1.0	2430	tags=18%, list=13%, signal=20%	
GOBP_NEGATIVE_REGULATION_OF_ACTIN_FILAMENT_BUNDLE_ASSEMBLY	GOBP_NEGATIVE_REGULATION_OF_ACTIN_FILAMENT_BUNDLE_ASSEMBLY		29	-0.41847658	-1.116082	0.29681978	0.53373265	1.0	3553	tags=34%, list=18%, signal=42%	
GOMF_DIACYLGLYCEROL_DEPENDENT_SERINE_THREONINE_KINASE_ACTIVITY	GOMF_DIACYLGLYCEROL_DEPENDENT_SERINE_THREONINE_KINASE_ACTIVITY		16	-0.47277236	-1.1158744	0.31103075	0.5339996	1.0	3436	tags=44%, list=18%, signal=53%	
GOBP_ACTIN_MEDIATED_CELL_CONTRACTION	GOBP_ACTIN_MEDIATED_CELL_CONTRACTION		109	-0.33869016	-1.1158553	0.24364723	0.53376186	1.0	2444	tags=24%, list=13%, signal=27%	
GOBP_POSITIVE_REGULATION_OF_CELLULAR_EXTRAVASATION	GOBP_POSITIVE_REGULATION_OF_CELLULAR_EXTRAVASATION		18	-0.4680073	-1.1156198	0.32263815	0.53405267	1.0	122	tags=11%, list=1%, signal=11%	
GOBP_INTEGRIN_MEDIATED_SIGNALING_PATHWAY	GOBP_INTEGRIN_MEDIATED_SIGNALING_PATHWAY		107	-0.33617595	-1.1155536	0.2744253	0.5339385	1.0	2553	tags=27%, list=13%, signal=31%	
GOBP_PORE_COMPLEX_ASSEMBLY	GOBP_PORE_COMPLEX_ASSEMBLY		19	-0.45862976	-1.1155032	0.31786942	0.53377724	1.0	3739	tags=47%, list=19%, signal=59%	
GOBP_STEROID_BIOSYNTHETIC_PROCESS	GOBP_STEROID_BIOSYNTHETIC_PROCESS		174	-0.3162455	-1.1146822	0.22408964	0.53560776	1.0	2582	tags=20%, list=13%, signal=22%	
GOBP_CHROMOSOME_SEPARATION	GOBP_CHROMOSOME_SEPARATION		80	-0.34800345	-1.1144053	0.26018807	0.5360249	1.0	5461	tags=43%, list=28%, signal=59%	
GOBP_LUNG_ALVEOLUS_DEVELOPMENT	GOBP_LUNG_ALVEOLUS_DEVELOPMENT		52	-0.37392145	-1.1139202	0.2730159	0.53699833	1.0	2599	tags=27%, list=13%, signal=31%	
GOCC_CATALYTIC_STEP_2_SPLICEOSOME	GOCC_CATALYTIC_STEP_2_SPLICEOSOME		87	-0.34359607	-1.113786	0.26493108	0.5370655	1.0	4743	tags=41%, list=24%, signal=55%	
GOBP_REGULATION_OF_PHOSPHOLIPASE_ACTIVITY	GOBP_REGULATION_OF_PHOSPHOLIPASE_ACTIVITY		48	-0.37804946	-1.1128738	0.2956381	0.5391675	1.0	2837	tags=31%, list=15%, signal=37%	
GOBP_NEGATIVE_REGULATION_OF_INTERLEUKIN_6_PRODUCTION	GOBP_NEGATIVE_REGULATION_OF_INTERLEUKIN_6_PRODUCTION		45	-0.38509953	-1.1128618	0.2731872	0.5388983	1.0	3287	tags=31%, list=17%, signal=37%	
GOBP_POSITIVE_REGULATION_OF_PROTEASOMAL_UBIQUITIN_DEPENDENT_PROTEIN_CATABOLIC_PROCESS	GOBP_POSITIVE_REGULATION_OF_PROTEASOMAL_UBIQUITIN_DEPENDENT_PROTEIN_CATABOLIC_PROCESS		71	-0.3513413	-1.1127331	0.29773462	0.53894097	1.0	2377	tags=20%, list=12%, signal=22%	
GOBP_REGULATION_OF_CANONICAL_WNT_SIGNALING_PATHWAY	GOBP_REGULATION_OF_CANONICAL_WNT_SIGNALING_PATHWAY		239	-0.3026008	-1.1126583	0.21973684	0.53884834	1.0	3041	tags=20%, list=16%, signal=24%	
GOBP_REGULATION_OF_EXTRACELLULAR_MATRIX_DISASSEMBLY	GOBP_REGULATION_OF_EXTRACELLULAR_MATRIX_DISASSEMBLY		15	-0.4832554	-1.112123	0.33759123	0.5399584	1.0	1731	tags=27%, list=9%, signal=29%	
GOBP_POSITIVE_REGULATION_OF_MEMBRANE_PROTEIN_ECTODOMAIN_PROTEOLYSIS	GOBP_POSITIVE_REGULATION_OF_MEMBRANE_PROTEIN_ECTODOMAIN_PROTEOLYSIS		16	-0.46781564	-1.1117426	0.32517484	0.54066557	1.0	831	tags=25%, list=4%, signal=26%	
GOBP_TYPE_2_IMMUNE_RESPONSE	GOBP_TYPE_2_IMMUNE_RESPONSE		42	-0.3877767	-1.1113952	0.30595812	0.5412721	1.0	3570	tags=33%, list=18%, signal=41%	
GOMF_ACTIN_BINDING	GOMF_ACTIN_BINDING		418	-0.2897739	-1.1112857	0.17515528	0.5412539	1.0	3376	tags=24%, list=17%, signal=28%	
GOMF_LIGAND_GATED_MONOATOMIC_ANION_CHANNEL_ACTIVITY	GOMF_LIGAND_GATED_MONOATOMIC_ANION_CHANNEL_ACTIVITY		44	-0.37507597	-1.110958	0.3120915	0.5418038	1.0	1685	tags=11%, list=9%, signal=12%	
GOMF_METALLOENDOPEPTIDASE_ACTIVITY	GOMF_METALLOENDOPEPTIDASE_ACTIVITY		105	-0.3364418	-1.110906	0.24324325	0.54166484	1.0	723	tags=11%, list=4%, signal=12%	
GOBP_STEM_CELL_PROLIFERATION	GOBP_STEM_CELL_PROLIFERATION		109	-0.33183485	-1.1105189	0.25574714	0.54239786	1.0	2281	tags=23%, list=12%, signal=26%	
GOBP_SPINDLE_LOCALIZATION	GOBP_SPINDLE_LOCALIZATION		59	-0.36521775	-1.1105107	0.290625	0.5421243	1.0	4669	tags=37%, list=24%, signal=49%	
GOMF_FIBROBLAST_GROWTH_FACTOR_BINDING	GOMF_FIBROBLAST_GROWTH_FACTOR_BINDING		21	-0.44267166	-1.1103334	0.32924694	0.54230046	1.0	945	tags=19%, list=5%, signal=20%	
GOBP_ACTIVATION_OF_GTPASE_ACTIVITY	GOBP_ACTIVATION_OF_GTPASE_ACTIVITY		84	-0.3471337	-1.1098272	0.25406203	0.54334766	1.0	4916	tags=39%, list=25%, signal=52%	
GOMF_IMMUNOGLOBULIN_BINDING	GOMF_IMMUNOGLOBULIN_BINDING		24	-0.43092352	-1.1098082	0.34642857	0.5430938	1.0	2332	tags=25%, list=12%, signal=28%	
GOBP_G_PROTEIN_COUPLED_RECEPTOR_SIGNALING_PATHWAY_COUPLED_TO_CYCLIC_NUCLEOTIDE_SECOND_MESSENGER	GOBP_G_PROTEIN_COUPLED_RECEPTOR_SIGNALING_PATHWAY_COUPLED_TO_CYCLIC_NUCLEOTIDE_SECOND_MESSENGER		56	-0.36895043	-1.1095469	0.299843	0.5434606	1.0	1187	tags=7%, list=6%, signal=8%	
GOBP_REGULATION_OF_GLIAL_CELL_MIGRATION	GOBP_REGULATION_OF_GLIAL_CELL_MIGRATION		17	-0.45856422	-1.1091157	0.3368984	0.54432476	1.0	2963	tags=35%, list=15%, signal=42%	
GOBP_REGULATION_OF_BLOOD_PRESSURE	GOBP_REGULATION_OF_BLOOD_PRESSURE		176	-0.313421	-1.108516	0.22222222	0.54561985	1.0	2902	tags=23%, list=15%, signal=26%	
GOMF_DNA_BINDING_TRANSCRIPTION_FACTOR_BINDING	GOMF_DNA_BINDING_TRANSCRIPTION_FACTOR_BINDING		464	-0.28684995	-1.1084322	0.17809868	0.5455316	1.0	2702	tags=18%, list=14%, signal=20%	
GOBP_CEREBRAL_CORTEX_DEVELOPMENT	GOBP_CEREBRAL_CORTEX_DEVELOPMENT		118	-0.3287423	-1.108116	0.24929972	0.54608345	1.0	3896	tags=31%, list=20%, signal=38%	
GOBP_REGULATION_OF_BIOLOGICAL_PROCESS_INVOLVED_IN_SYMBIOTIC_INTERACTION	GOBP_REGULATION_OF_BIOLOGICAL_PROCESS_INVOLVED_IN_SYMBIOTIC_INTERACTION		60	-0.3670701	-1.1081073	0.2921875	0.5458147	1.0	866	tags=12%, list=4%, signal=12%	
GOBP_AMINOGLYCAN_METABOLIC_PROCESS	GOBP_AMINOGLYCAN_METABOLIC_PROCESS		119	-0.32805	-1.1079807	0.26637554	0.54585934	1.0	2705	tags=23%, list=14%, signal=26%	
GOMF_AMINO_ACID_BINDING	GOMF_AMINO_ACID_BINDING		46	-0.38131654	-1.1079369	0.3018868	0.54568446	1.0	2040	tags=22%, list=11%, signal=24%	
GOBP_CERAMIDE_CATABOLIC_PROCESS	GOBP_CERAMIDE_CATABOLIC_PROCESS		21	-0.4440551	-1.1078666	0.31707317	0.54559046	1.0	4233	tags=38%, list=22%, signal=49%	
GOCC_PROTEIN_COMPLEX_INVOLVED_IN_CELL_ADHESION	GOCC_PROTEIN_COMPLEX_INVOLVED_IN_CELL_ADHESION		56	-0.36353302	-1.1076258	0.2776886	0.545935	1.0	1890	tags=27%, list=10%, signal=30%	
GOMF_CATALYTIC_ACTIVITY_ACTING_ON_DNA	GOMF_CATALYTIC_ACTIVITY_ACTING_ON_DNA		231	-0.30437014	-1.1075904	0.20671834	0.5457423	1.0	3487	tags=25%, list=18%, signal=30%	
GOBP_ERYTHROCYTE_DEVELOPMENT	GOBP_ERYTHROCYTE_DEVELOPMENT		42	-0.384437	-1.1069459	0.3092437	0.54714704	1.0	3389	tags=36%, list=17%, signal=43%	
GOMF_CHLORIDE_TRANSMEMBRANE_TRANSPORTER_ACTIVITY	GOMF_CHLORIDE_TRANSMEMBRANE_TRANSPORTER_ACTIVITY		114	-0.33053637	-1.1069074	0.2693997	0.54696274	1.0	1016	tags=11%, list=5%, signal=11%	
GOCC_CONDENSED_CHROMOSOME_CENTROMERIC_REGION	GOCC_CONDENSED_CHROMOSOME_CENTROMERIC_REGION		171	-0.3141523	-1.1065283	0.2465181	0.54769737	1.0	3827	tags=29%, list=20%, signal=36%	
GOMF_EPHRIN_RECEPTOR_ACTIVITY	GOMF_EPHRIN_RECEPTOR_ACTIVITY		18	-0.4578624	-1.1063159	0.34790528	0.5479442	1.0	1208	tags=17%, list=6%, signal=18%	
GOBP_AORTIC_VALVE_MORPHOGENESIS	GOBP_AORTIC_VALVE_MORPHOGENESIS		39	-0.38653594	-1.1062067	0.2966507	0.54794025	1.0	2558	tags=28%, list=13%, signal=32%	
GOBP_CELLULAR_RESPONSE_TO_VIRUS	GOBP_CELLULAR_RESPONSE_TO_VIRUS		74	-0.34992403	-1.1059912	0.29375	0.5482193	1.0	2688	tags=22%, list=14%, signal=25%	
GOMF_KINASE_ACTIVATOR_ACTIVITY	GOMF_KINASE_ACTIVATOR_ACTIVITY		132	-0.32169276	-1.1057184	0.2546495	0.5486522	1.0	3349	tags=26%, list=17%, signal=31%	
GOBP_RNA_EXPORT_FROM_NUCLEUS	GOBP_RNA_EXPORT_FROM_NUCLEUS		83	-0.34442887	-1.1055754	0.25735295	0.548747	1.0	4561	tags=31%, list=23%, signal=41%	
GOBP_REGULATION_OF_MICROTUBULE_CYTOSKELETON_ORGANIZATION	GOBP_REGULATION_OF_MICROTUBULE_CYTOSKELETON_ORGANIZATION		152	-0.3191297	-1.1053694	0.23554301	0.5490128	1.0	3215	tags=25%, list=17%, signal=30%	
GOBP_THYMIC_T_CELL_SELECTION	GOBP_THYMIC_T_CELL_SELECTION		24	-0.42886057	-1.1045856	0.3303887	0.55079645	1.0	4729	tags=54%, list=24%, signal=72%	
GOBP_PARAXIAL_MESODERM_DEVELOPMENT	GOBP_PARAXIAL_MESODERM_DEVELOPMENT		19	-0.4620192	-1.1043481	0.34542313	0.5511526	1.0	2872	tags=26%, list=15%, signal=31%	
GOBP_NEGATIVE_REGULATION_OF_PLASMA_MEMBRANE_BOUNDED_CELL_PROJECTION_ASSEMBLY	GOBP_NEGATIVE_REGULATION_OF_PLASMA_MEMBRANE_BOUNDED_CELL_PROJECTION_ASSEMBLY		35	-0.39036605	-1.1041459	0.29807693	0.55137885	1.0	4919	tags=40%, list=25%, signal=53%	
GOBP_RESPONSE_TO_MECHANICAL_STIMULUS	GOBP_RESPONSE_TO_MECHANICAL_STIMULUS		215	-0.3049812	-1.1037112	0.24965326	0.5522006	1.0	2656	tags=20%, list=14%, signal=22%	
GOBP_REGULATION_OF_PROTEIN_CONTAINING_COMPLEX_ASSEMBLY	GOBP_REGULATION_OF_PROTEIN_CONTAINING_COMPLEX_ASSEMBLY		390	-0.29124302	-1.1036048	0.2014742	0.55219877	1.0	3436	tags=22%, list=18%, signal=26%	
GOBP_PROTEIN_CONTAINING_COMPLEX_REMODELING	GOBP_PROTEIN_CONTAINING_COMPLEX_REMODELING		37	-0.39665195	-1.1036043	0.32387313	0.5519049	1.0	813	tags=22%, list=4%, signal=23%	
GOBP_DETECTION_OF_BIOTIC_STIMULUS	GOBP_DETECTION_OF_BIOTIC_STIMULUS		37	-0.39141497	-1.103357	0.29888713	0.5522324	1.0	2200	tags=24%, list=11%, signal=27%	
GOBP_POSITIVE_REGULATION_OF_NON_CANONICAL_WNT_SIGNALING_PATHWAY	GOBP_POSITIVE_REGULATION_OF_NON_CANONICAL_WNT_SIGNALING_PATHWAY		15	-0.47400746	-1.1033529	0.34086958	0.5519467	1.0	1316	tags=20%, list=7%, signal=21%	
GOBP_L_AMINO_ACID_TRANSPORT	GOBP_L_AMINO_ACID_TRANSPORT		91	-0.3413075	-1.1031314	0.27098674	0.55224305	1.0	1830	tags=20%, list=9%, signal=22%	
GOMF_PROTEIN_SERINE_THREONINE_PHOSPHATASE_ACTIVITY	GOMF_PROTEIN_SERINE_THREONINE_PHOSPHATASE_ACTIVITY		90	-0.34388962	-1.1026486	0.28636363	0.55317575	1.0	4861	tags=36%, list=25%, signal=47%	
GOBP_REGULATION_OF_CELLULAR_EXTRAVASATION	GOBP_REGULATION_OF_CELLULAR_EXTRAVASATION		40	-0.3830426	-1.1024365	0.3051948	0.55345726	1.0	4179	tags=35%, list=22%, signal=45%	
GOBP_PHOTORECEPTOR_CELL_DEVELOPMENT	GOBP_PHOTORECEPTOR_CELL_DEVELOPMENT		48	-0.37328473	-1.1019974	0.31270903	0.5543202	1.0	620	tags=10%, list=3%, signal=11%	
GOBP_REPLACEMENT_OSSIFICATION	GOBP_REPLACEMENT_OSSIFICATION		28	-0.4136948	-1.1015887	0.3245033	0.5551362	1.0	3142	tags=36%, list=16%, signal=43%	
GOBP_PHOSPHATIDYLINOSITOL_DEPHOSPHORYLATION	GOBP_PHOSPHATIDYLINOSITOL_DEPHOSPHORYLATION		26	-0.41806525	-1.1014804	0.3043478	0.5551136	1.0	3344	tags=38%, list=17%, signal=46%	
GOBP_STEROID_CATABOLIC_PROCESS	GOBP_STEROID_CATABOLIC_PROCESS		25	-0.42335424	-1.101473	0.32246998	0.5548409	1.0	1334	tags=20%, list=7%, signal=21%	
GOMF_POTASSIUM_CHANNEL_ACTIVITY	GOMF_POTASSIUM_CHANNEL_ACTIVITY		122	-0.3248092	-1.101447	0.27116212	0.5546133	1.0	1342	tags=10%, list=7%, signal=10%	
GOCC_LUMENAL_SIDE_OF_ENDOPLASMIC_RETICULUM_MEMBRANE	GOCC_LUMENAL_SIDE_OF_ENDOPLASMIC_RETICULUM_MEMBRANE		32	-0.40514174	-1.1012764	0.3205575	0.5547726	1.0	1584	tags=16%, list=8%, signal=17%	
GOBP_NEUTROPHIL_MEDIATED_IMMUNITY	GOBP_NEUTROPHIL_MEDIATED_IMMUNITY		36	-0.39142823	-1.1012403	0.29801324	0.554567	1.0	2553	tags=33%, list=13%, signal=38%	
GOBP_ESTABLISHMENT_OF_LYMPHOCYTE_POLARITY	GOBP_ESTABLISHMENT_OF_LYMPHOCYTE_POLARITY		15	-0.48196197	-1.1006088	0.33506945	0.55593944	1.0	3145	tags=40%, list=16%, signal=48%	
GOBP_REGULATION_OF_STEM_CELL_PROLIFERATION	GOBP_REGULATION_OF_STEM_CELL_PROLIFERATION		81	-0.34164393	-1.1003927	0.28166914	0.5561924	1.0	2281	tags=22%, list=12%, signal=25%	
GOBP_NEGATIVE_REGULATION_OF_MUSCLE_HYPERTROPHY	GOBP_NEGATIVE_REGULATION_OF_MUSCLE_HYPERTROPHY		28	-0.4163872	-1.1003021	0.30232558	0.5561285	1.0	651	tags=11%, list=3%, signal=11%	
GOBP_PLATELET_ACTIVATION	GOBP_PLATELET_ACTIVATION		136	-0.32308754	-1.1001757	0.25663716	0.5561441	1.0	2798	tags=24%, list=14%, signal=27%	
GOMF_CADHERIN_BINDING_INVOLVED_IN_CELL_CELL_ADHESION	GOMF_CADHERIN_BINDING_INVOLVED_IN_CELL_CELL_ADHESION		18	-0.45685375	-1.1001228	0.32958803	0.5559813	1.0	3514	tags=39%, list=18%, signal=47%	
GOBP_CARDIAC_NEURAL_CREST_CELL_DIFFERENTIATION_INVOLVED_IN_HEART_DEVELOPMENT	GOBP_CARDIAC_NEURAL_CREST_CELL_DIFFERENTIATION_INVOLVED_IN_HEART_DEVELOPMENT		16	-0.46758842	-1.099944	0.3252174	0.5561441	1.0	1575	tags=31%, list=8%, signal=34%	
GOBP_POSITIVE_REGULATION_OF_ANTIGEN_RECEPTOR_MEDIATED_SIGNALING_PATHWAY	GOBP_POSITIVE_REGULATION_OF_ANTIGEN_RECEPTOR_MEDIATED_SIGNALING_PATHWAY		26	-0.4156957	-1.0994631	0.33959043	0.5571052	1.0	1333	tags=15%, list=7%, signal=16%	
GOCC_COSTAMERE	GOCC_COSTAMERE		18	-0.45540723	-1.0992625	0.35135135	0.55735755	1.0	2819	tags=39%, list=15%, signal=45%	
GOBP_POSITIVE_REGULATION_OF_MACROPHAGE_CYTOKINE_PRODUCTION	GOBP_POSITIVE_REGULATION_OF_MACROPHAGE_CYTOKINE_PRODUCTION		24	-0.42838964	-1.0992428	0.34536082	0.55710804	1.0	1534	tags=21%, list=8%, signal=23%	
GOBP_NEGATIVE_REGULATION_OF_VIRAL_ENTRY_INTO_HOST_CELL	GOBP_NEGATIVE_REGULATION_OF_VIRAL_ENTRY_INTO_HOST_CELL		22	-0.4395206	-1.099108	0.35198557	0.55717075	1.0	264	tags=9%, list=1%, signal=9%	
GOCC_FILOPODIUM_MEMBRANE	GOCC_FILOPODIUM_MEMBRANE		18	-0.45810512	-1.0990087	0.3374126	0.5571323	1.0	3250	tags=33%, list=17%, signal=40%	
GOMF_CYSTEINE_TYPE_ENDOPEPTIDASE_INHIBITOR_ACTIVITY	GOMF_CYSTEINE_TYPE_ENDOPEPTIDASE_INHIBITOR_ACTIVITY		34	-0.40097737	-1.0982348	0.3251634	0.5589243	1.0	1691	tags=21%, list=9%, signal=23%	
GOBP_REGULATION_OF_LAMELLIPODIUM_ASSEMBLY	GOBP_REGULATION_OF_LAMELLIPODIUM_ASSEMBLY		39	-0.38500494	-1.0982245	0.34517765	0.558658	1.0	2469	tags=23%, list=13%, signal=26%	
GOBP_REGULATION_OF_TRANSMEMBRANE_TRANSPORT	GOBP_REGULATION_OF_TRANSMEMBRANE_TRANSPORT		430	-0.28740954	-1.0975146	0.21376811	0.56032103	1.0	1863	tags=12%, list=10%, signal=13%	
GOBP_POSITIVE_REGULATION_OF_ORGANELLE_ORGANIZATION	GOBP_POSITIVE_REGULATION_OF_ORGANELLE_ORGANIZATION		482	-0.28503615	-1.0973183	0.20722891	0.5605673	1.0	3368	tags=22%, list=17%, signal=26%	
GOMF_POTASSIUM_CHANNEL_REGULATOR_ACTIVITY	GOMF_POTASSIUM_CHANNEL_REGULATOR_ACTIVITY		47	-0.37730867	-1.0966619	0.31270358	0.5620502	1.0	2187	tags=19%, list=11%, signal=22%	
GOBP_VESICLE_MEDIATED_TRANSPORT_TO_THE_PLASMA_MEMBRANE	GOBP_VESICLE_MEDIATED_TRANSPORT_TO_THE_PLASMA_MEMBRANE		141	-0.31680742	-1.0966617	0.2747093	0.5617535	1.0	4042	tags=30%, list=21%, signal=37%	
GOBP_DECIDUALIZATION	GOBP_DECIDUALIZATION		25	-0.42578042	-1.0965744	0.3285968	0.56169206	1.0	2998	tags=44%, list=15%, signal=52%	
GOMF_ACID_THIOL_LIGASE_ACTIVITY	GOMF_ACID_THIOL_LIGASE_ACTIVITY		31	-0.40962234	-1.09656	0.34276205	0.5614368	1.0	764	tags=13%, list=4%, signal=13%	
GOBP_CD40_SIGNALING_PATHWAY	GOBP_CD40_SIGNALING_PATHWAY		15	-0.46533138	-1.0960623	0.33810377	0.5624856	1.0	6108	tags=73%, list=31%, signal=107%	
GOBP_IMMUNE_SYSTEM_DEVELOPMENT	GOBP_IMMUNE_SYSTEM_DEVELOPMENT		187	-0.30643475	-1.095742	0.26002768	0.56305134	1.0	2993	tags=20%, list=15%, signal=23%	
GOMF_SOLUTE_MONOATOMIC_CATION_SYMPORTER_ACTIVITY	GOMF_SOLUTE_MONOATOMIC_CATION_SYMPORTER_ACTIVITY		117	-0.32691944	-1.0957394	0.28111273	0.5627587	1.0	3277	tags=21%, list=17%, signal=25%	
GOBP_NEGATIVE_REGULATION_OF_CHEMOKINE_PRODUCTION	GOBP_NEGATIVE_REGULATION_OF_CHEMOKINE_PRODUCTION		21	-0.43772832	-1.0954878	0.34819898	0.5631109	1.0	1208	tags=19%, list=6%, signal=20%	
GOBP_POSITIVE_REGULATION_OF_STEM_CELL_PROLIFERATION	GOBP_POSITIVE_REGULATION_OF_STEM_CELL_PROLIFERATION		46	-0.37217656	-1.0950278	0.31046313	0.56408525	1.0	1790	tags=17%, list=9%, signal=19%	
GOBP_MYELOID_DENDRITIC_CELL_ACTIVATION	GOBP_MYELOID_DENDRITIC_CELL_ACTIVATION		29	-0.40661782	-1.0947983	0.31841654	0.56439596	1.0	4273	tags=45%, list=22%, signal=57%	
GOBP_RECEPTOR_MEDIATED_ENDOCYTOSIS	GOBP_RECEPTOR_MEDIATED_ENDOCYTOSIS		251	-0.29974914	-1.0946196	0.2344371	0.56456906	1.0	2699	tags=18%, list=14%, signal=21%	
GOMF_INORGANIC_ANION_TRANSMEMBRANE_TRANSPORTER_ACTIVITY	GOMF_INORGANIC_ANION_TRANSMEMBRANE_TRANSPORTER_ACTIVITY		151	-0.31823483	-1.0939139	0.2813793	0.56619173	1.0	1016	tags=10%, list=5%, signal=10%	
GOBP_REGULATION_OF_PROTEIN_LOCALIZATION_TO_CELL_PERIPHERY	GOBP_REGULATION_OF_PROTEIN_LOCALIZATION_TO_CELL_PERIPHERY		136	-0.31881464	-1.0937583	0.27034885	0.5663297	1.0	3274	tags=23%, list=17%, signal=27%	
GOBP_LIPOPROTEIN_LOCALIZATION	GOBP_LIPOPROTEIN_LOCALIZATION		20	-0.44226038	-1.0923376	0.34829444	0.5699148	1.0	4448	tags=35%, list=23%, signal=45%	
GOBP_REGULATION_OF_LIPID_STORAGE	GOBP_REGULATION_OF_LIPID_STORAGE		49	-0.37656784	-1.0922552	0.32504147	0.5698424	1.0	2907	tags=35%, list=15%, signal=41%	
GOCC_PIGMENT_GRANULE	GOCC_PIGMENT_GRANULE		111	-0.32528389	-1.090992	0.28023598	0.5729111	1.0	2574	tags=16%, list=13%, signal=19%	
GOBP_NEGATIVE_REGULATION_OF_NERVOUS_SYSTEM_DEVELOPMENT	GOBP_NEGATIVE_REGULATION_OF_NERVOUS_SYSTEM_DEVELOPMENT		133	-0.3203027	-1.0908157	0.29569092	0.5730619	1.0	2503	tags=17%, list=13%, signal=20%	
GOBP_HORMONE_METABOLIC_PROCESS	GOBP_HORMONE_METABOLIC_PROCESS		238	-0.29730457	-1.0907935	0.27310926	0.5728172	1.0	2582	tags=18%, list=13%, signal=21%	
GOMF_PHOSPHATIDYLINOSITOL_PHOSPHATE_PHOSPHATASE_ACTIVITY	GOMF_PHOSPHATIDYLINOSITOL_PHOSPHATE_PHOSPHATASE_ACTIVITY		26	-0.41570348	-1.0903847	0.33777037	0.5736444	1.0	3344	tags=38%, list=17%, signal=46%	
GOBP_REGULATION_OF_BINDING	GOBP_REGULATION_OF_BINDING		216	-0.2986119	-1.0902634	0.246996	0.57366985	1.0	3349	tags=21%, list=17%, signal=25%	
GOBP_FOREBRAIN_NEURON_DEVELOPMENT	GOBP_FOREBRAIN_NEURON_DEVELOPMENT		23	-0.43299246	-1.0900502	0.3317152	0.57392406	1.0	2327	tags=17%, list=12%, signal=20%	
GOBP_REACTIVE_OXYGEN_SPECIES_BIOSYNTHETIC_PROCESS	GOBP_REACTIVE_OXYGEN_SPECIES_BIOSYNTHETIC_PROCESS		51	-0.37359524	-1.0898498	0.32305196	0.5741626	1.0	2289	tags=16%, list=12%, signal=18%	
GOBP_REGULATION_OF_MEIOTIC_CELL_CYCLE	GOBP_REGULATION_OF_MEIOTIC_CELL_CYCLE		62	-0.3539691	-1.089712	0.31895223	0.57422656	1.0	4048	tags=32%, list=21%, signal=41%	
GOBP_MYELOID_CELL_HOMEOSTASIS	GOBP_MYELOID_CELL_HOMEOSTASIS		170	-0.30922896	-1.0894735	0.26676178	0.5745556	1.0	3956	tags=29%, list=20%, signal=37%	
GOBP_STARTLE_RESPONSE	GOBP_STARTLE_RESPONSE		25	-0.41571426	-1.0893549	0.32418525	0.57459104	1.0	878	tags=12%, list=5%, signal=13%	
GOMF_INTRAMEMBRANE_LIPID_TRANSPORTER_ACTIVITY	GOMF_INTRAMEMBRANE_LIPID_TRANSPORTER_ACTIVITY		42	-0.3818574	-1.0892795	0.32998326	0.57449156	1.0	3732	tags=33%, list=19%, signal=41%	
GOBP_REGULATION_OF_SPINDLE_ORGANIZATION	GOBP_REGULATION_OF_SPINDLE_ORGANIZATION		45	-0.37960628	-1.089084	0.3366174	0.5747142	1.0	2988	tags=22%, list=15%, signal=26%	
GOBP_CELL_CYCLE_G1_S_PHASE_TRANSITION	GOBP_CELL_CYCLE_G1_S_PHASE_TRANSITION		230	-0.29645044	-1.0888984	0.24497992	0.5749147	1.0	3796	tags=22%, list=20%, signal=27%	
GOBP_AROMATIC_AMINO_ACID_METABOLIC_PROCESS	GOBP_AROMATIC_AMINO_ACID_METABOLIC_PROCESS		32	-0.40562963	-1.0887696	0.33623692	0.57494354	1.0	682	tags=13%, list=4%, signal=13%	
GOMF_GUANYL_NUCLEOTIDE_EXCHANGE_FACTOR_ACTIVITY	GOMF_GUANYL_NUCLEOTIDE_EXCHANGE_FACTOR_ACTIVITY		214	-0.3030624	-1.0886781	0.2715054	0.5748802	1.0	3233	tags=24%, list=17%, signal=29%	
GOCC_TRANS_GOLGI_NETWORK_MEMBRANE	GOCC_TRANS_GOLGI_NETWORK_MEMBRANE		101	-0.32942334	-1.0880704	0.28614008	0.57619613	1.0	2008	tags=13%, list=10%, signal=14%	
GOBP_REGULATION_OF_IMMUNOGLOBULIN_PRODUCTION	GOBP_REGULATION_OF_IMMUNOGLOBULIN_PRODUCTION		71	-0.3470923	-1.0878757	0.30015796	0.57641417	1.0	3755	tags=31%, list=19%, signal=38%	
GOMF_CHROMATIN_DNA_BINDING	GOMF_CHROMATIN_DNA_BINDING		103	-0.3319323	-1.0878559	0.29256967	0.57617337	1.0	3922	tags=28%, list=20%, signal=35%	
GOBP_ACTIN_FILAMENT_BUNDLE_ORGANIZATION	GOBP_ACTIN_FILAMENT_BUNDLE_ORGANIZATION		160	-0.31070563	-1.0875939	0.26750702	0.5765513	1.0	3652	tags=29%, list=19%, signal=36%	
GOBP_BRANCHING_INVOLVED_IN_SALIVARY_GLAND_MORPHOGENESIS	GOBP_BRANCHING_INVOLVED_IN_SALIVARY_GLAND_MORPHOGENESIS		21	-0.43835768	-1.0874536	0.34833333	0.57662076	1.0	2493	tags=38%, list=13%, signal=44%	
GOMF_PHOSPHATASE_REGULATOR_ACTIVITY	GOMF_PHOSPHATASE_REGULATOR_ACTIVITY		92	-0.33440763	-1.0874207	0.31602374	0.5764199	1.0	4252	tags=32%, list=22%, signal=40%	
GOBP_HYPEROSMOTIC_RESPONSE	GOBP_HYPEROSMOTIC_RESPONSE		27	-0.4209361	-1.0868601	0.34083045	0.57761174	1.0	1305	tags=11%, list=7%, signal=12%	
GOBP_REGULATION_OF_PROTEIN_SECRETION	GOBP_REGULATION_OF_PROTEIN_SECRETION		246	-0.2956795	-1.0867274	0.27443105	0.5776805	1.0	1602	tags=13%, list=8%, signal=14%	
GOBP_MAMMARY_GLAND_DUCT_MORPHOGENESIS	GOBP_MAMMARY_GLAND_DUCT_MORPHOGENESIS		31	-0.3978232	-1.0866205	0.34662044	0.57768947	1.0	3646	tags=39%, list=19%, signal=48%	
GOBP_ORGANIC_CATION_TRANSPORT	GOBP_ORGANIC_CATION_TRANSPORT		112	-0.32375255	-1.0862564	0.29508197	0.5783447	1.0	2165	tags=21%, list=11%, signal=24%	
GOBP_PROTEIN_CATABOLIC_PROCESS_IN_THE_VACUOLE	GOBP_PROTEIN_CATABOLIC_PROCESS_IN_THE_VACUOLE		23	-0.4258868	-1.0861765	0.339823	0.57826084	1.0	4054	tags=35%, list=21%, signal=44%	
GOBP_REGULATION_OF_DENDRITE_DEVELOPMENT	GOBP_REGULATION_OF_DENDRITE_DEVELOPMENT		95	-0.33178926	-1.0861238	0.2961832	0.5780966	1.0	2743	tags=19%, list=14%, signal=22%	
GOBP_MITOTIC_RECOMBINATION	GOBP_MITOTIC_RECOMBINATION		23	-0.42675126	-1.0856917	0.34369603	0.5789882	1.0	3202	tags=30%, list=16%, signal=36%	
GOBP_CALCIUM_ION_HOMEOSTASIS	GOBP_CALCIUM_ION_HOMEOSTASIS		312	-0.29239902	-1.0854561	0.25191817	0.57933676	1.0	2998	tags=20%, list=15%, signal=23%	
GOBP_CELLULAR_RESPONSE_TO_REACTIVE_OXYGEN_SPECIES	GOBP_CELLULAR_RESPONSE_TO_REACTIVE_OXYGEN_SPECIES		140	-0.31598946	-1.0853919	0.28985506	0.5792259	1.0	2036	tags=16%, list=10%, signal=18%	
GOBP_B_CELL_HOMEOSTASIS	GOBP_B_CELL_HOMEOSTASIS		32	-0.40277216	-1.085387	0.33724833	0.57893735	1.0	3838	tags=44%, list=20%, signal=54%	
GOBP_HOMEOSTASIS_OF_NUMBER_OF_CELLS	GOBP_HOMEOSTASIS_OF_NUMBER_OF_CELLS		309	-0.2926246	-1.0853351	0.24177215	0.5787797	1.0	3838	tags=26%, list=20%, signal=32%	
GOBP_SULFUR_COMPOUND_TRANSPORT	GOBP_SULFUR_COMPOUND_TRANSPORT		60	-0.35755852	-1.0853289	0.30634922	0.5784971	1.0	765	tags=13%, list=4%, signal=14%	
GOBP_OUTFLOW_TRACT_MORPHOGENESIS	GOBP_OUTFLOW_TRACT_MORPHOGENESIS		78	-0.34687093	-1.0850644	0.3246154	0.57892317	1.0	3101	tags=26%, list=16%, signal=30%	
GOBP_NEUROTRANSMITTER_RECEPTOR_TRANSPORT	GOBP_NEUROTRANSMITTER_RECEPTOR_TRANSPORT		25	-0.4242584	-1.0847182	0.3581081	0.57956237	1.0	2376	tags=20%, list=12%, signal=23%	
GOCC_RUFFLE_MEMBRANE	GOCC_RUFFLE_MEMBRANE		96	-0.3310949	-1.0844069	0.3024316	0.58012825	1.0	4125	tags=33%, list=21%, signal=42%	
GOBP_SEX_DIFFERENTIATION	GOBP_SEX_DIFFERENTIATION		277	-0.29476684	-1.0843072	0.27748692	0.58010846	1.0	2993	tags=20%, list=15%, signal=23%	
GOMF_RNA_POLYMERASE_II_SPECIFIC_DNA_BINDING_TRANSCRIPTION_FACTOR_BINDING	GOMF_RNA_POLYMERASE_II_SPECIFIC_DNA_BINDING_TRANSCRIPTION_FACTOR_BINDING		334	-0.28932863	-1.0840744	0.23694268	0.58040226	1.0	2599	tags=16%, list=13%, signal=19%	
GOBP_REGULATION_OF_MEMBRANE_DEPOLARIZATION	GOBP_REGULATION_OF_MEMBRANE_DEPOLARIZATION		45	-0.37370816	-1.08358	0.32475883	0.58142775	1.0	2040	tags=20%, list=11%, signal=22%	
GOMF_ALCOHOL_DEHYDROGENASE_NADPPLUS_ACTIVITY	GOMF_ALCOHOL_DEHYDROGENASE_NADPPLUS_ACTIVITY		22	-0.43369967	-1.0831422	0.33881578	0.58234787	1.0	437	tags=9%, list=2%, signal=9%	
GOBP_ENDOCHONDRAL_BONE_MORPHOGENESIS	GOBP_ENDOCHONDRAL_BONE_MORPHOGENESIS		56	-0.3599095	-1.0827811	0.30793157	0.58301485	1.0	2319	tags=25%, list=12%, signal=28%	
GOBP_HOMOTYPIC_CELL_CELL_ADHESION	GOBP_HOMOTYPIC_CELL_CELL_ADHESION		98	-0.32853833	-1.082777	0.2996988	0.5827232	1.0	2413	tags=22%, list=12%, signal=26%	
GOBP_EMBRYONIC_SKELETAL_SYSTEM_MORPHOGENESIS	GOBP_EMBRYONIC_SKELETAL_SYSTEM_MORPHOGENESIS		91	-0.33543894	-1.0821909	0.3125997	0.5840286	1.0	1885	tags=18%, list=10%, signal=19%	
GOBP_DNA_METHYLATION_DEPENDENT_HETEROCHROMATIN_FORMATION	GOBP_DNA_METHYLATION_DEPENDENT_HETEROCHROMATIN_FORMATION		32	-0.39910552	-1.082187	0.34401348	0.58373886	1.0	4395	tags=34%, list=23%, signal=44%	
GOBP_INORGANIC_ANION_TRANSMEMBRANE_TRANSPORT	GOBP_INORGANIC_ANION_TRANSMEMBRANE_TRANSPORT		126	-0.3185974	-1.081721	0.30551627	0.5847153	1.0	3058	tags=20%, list=16%, signal=23%	
GOMF_TRANSCRIPTION_COREPRESSOR_ACTIVITY	GOMF_TRANSCRIPTION_COREPRESSOR_ACTIVITY		186	-0.30451992	-1.0815961	0.28219178	0.5847694	1.0	4630	tags=29%, list=24%, signal=38%	
GOMF_DIOXYGENASE_ACTIVITY	GOMF_DIOXYGENASE_ACTIVITY		83	-0.33827665	-1.0814295	0.3271028	0.58491814	1.0	2139	tags=16%, list=11%, signal=18%	
GOBP_POSITIVE_REGULATION_OF_NF_KAPPAB_TRANSCRIPTION_FACTOR_ACTIVITY	GOBP_POSITIVE_REGULATION_OF_NF_KAPPAB_TRANSCRIPTION_FACTOR_ACTIVITY		133	-0.31153294	-1.0811816	0.29868227	0.58523595	1.0	2286	tags=15%, list=12%, signal=17%	
GOBP_REGULATION_OF_AXON_EXTENSION	GOBP_REGULATION_OF_AXON_EXTENSION		78	-0.34375158	-1.0810096	0.33181125	0.5854102	1.0	3496	tags=27%, list=18%, signal=33%	
GOBP_REGULATION_OF_PHOSPHATASE_ACTIVITY	GOBP_REGULATION_OF_PHOSPHATASE_ACTIVITY		50	-0.36820522	-1.0799873	0.3517018	0.5878882	1.0	4400	tags=38%, list=23%, signal=49%	
GOBP_LENS_FIBER_CELL_DIFFERENTIATION	GOBP_LENS_FIBER_CELL_DIFFERENTIATION		34	-0.38367435	-1.0795476	0.33333334	0.5888091	1.0	3660	tags=29%, list=19%, signal=36%	
GOBP_POSITIVE_REGULATION_OF_CHROMOSOME_SEPARATION	GOBP_POSITIVE_REGULATION_OF_CHROMOSOME_SEPARATION		29	-0.40724793	-1.0793589	0.34300342	0.58901155	1.0	2912	tags=24%, list=15%, signal=28%	
GOBP_MYOTUBE_CELL_DEVELOPMENT	GOBP_MYOTUBE_CELL_DEVELOPMENT		39	-0.38694218	-1.0793443	0.35008374	0.58874595	1.0	2457	tags=15%, list=13%, signal=18%	
GOCC_SPERM_HEAD	GOCC_SPERM_HEAD		17	-0.45112532	-1.0792855	0.3715278	0.5885838	1.0	1033	tags=12%, list=5%, signal=12%	
GOMF_TUBULIN_BINDING	GOMF_TUBULIN_BINDING		352	-0.28668138	-1.0792779	0.2607595	0.5883111	1.0	3215	tags=24%, list=17%, signal=28%	
GOMF_IRON_ION_BINDING	GOMF_IRON_ION_BINDING		147	-0.31371933	-1.0791796	0.29846582	0.58828676	1.0	1504	tags=14%, list=8%, signal=15%	
GOBP_SUBSTRATE_DEPENDENT_CELL_MIGRATION	GOBP_SUBSTRATE_DEPENDENT_CELL_MIGRATION		24	-0.4179093	-1.078597	0.35213676	0.58956987	1.0	1192	tags=21%, list=6%, signal=22%	
GOBP_ENDOCRINE_SYSTEM_DEVELOPMENT	GOBP_ENDOCRINE_SYSTEM_DEVELOPMENT		132	-0.31238422	-1.0782304	0.30222222	0.59028274	1.0	1092	tags=11%, list=6%, signal=12%	
GOBP_REGULATION_OF_WNT_SIGNALING_PATHWAY	GOBP_REGULATION_OF_WNT_SIGNALING_PATHWAY		309	-0.2895593	-1.0781748	0.24935733	0.5901287	1.0	3131	tags=20%, list=16%, signal=24%	
GOCC_A_BAND	GOCC_A_BAND		39	-0.37883273	-1.0776865	0.33833334	0.591171	1.0	1888	tags=26%, list=10%, signal=28%	
GOBP_RESPONSE_TO_PROTOZOAN	GOBP_RESPONSE_TO_PROTOZOAN		29	-0.40568796	-1.0776237	0.37370244	0.5910383	1.0	4665	tags=55%, list=24%, signal=73%	
GOBP_REGULATION_OF_DELAYED_RECTIFIER_POTASSIUM_CHANNEL_ACTIVITY	GOBP_REGULATION_OF_DELAYED_RECTIFIER_POTASSIUM_CHANNEL_ACTIVITY		16	-0.45896575	-1.0773915	0.3582343	0.5913558	1.0	1190	tags=25%, list=6%, signal=27%	
GOBP_REGULATION_OF_MEMBRANE_POTENTIAL	GOBP_REGULATION_OF_MEMBRANE_POTENTIAL		436	-0.28237313	-1.0773885	0.23190184	0.59106517	1.0	2503	tags=14%, list=13%, signal=15%	
GOCC_INNER_KINETOCHORE	GOCC_INNER_KINETOCHORE		15	-0.46964437	-1.0772746	0.3760832	0.5910606	1.0	2297	tags=33%, list=12%, signal=38%	
GOBP_POSITIVE_REGULATION_OF_PEPTIDE_SECRETION	GOBP_POSITIVE_REGULATION_OF_PEPTIDE_SECRETION		109	-0.32550445	-1.0771464	0.31838566	0.59109396	1.0	1602	tags=14%, list=8%, signal=15%	
GOBP_NUCLEOSOME_ORGANIZATION	GOBP_NUCLEOSOME_ORGANIZATION		69	-0.3447018	-1.0770926	0.33807266	0.59094656	1.0	4076	tags=32%, list=21%, signal=40%	
GOBP_COLLAGEN_METABOLIC_PROCESS	GOBP_COLLAGEN_METABOLIC_PROCESS		93	-0.32799155	-1.0768688	0.32137287	0.59128386	1.0	2457	tags=19%, list=13%, signal=22%	
GOBP_MIRNA_METABOLIC_PROCESS	GOBP_MIRNA_METABOLIC_PROCESS		95	-0.33473858	-1.0764902	0.31594634	0.5920119	1.0	3287	tags=25%, list=17%, signal=30%	
GOBP_ANTERIOR_POSTERIOR_PATTERN_SPECIFICATION	GOBP_ANTERIOR_POSTERIOR_PATTERN_SPECIFICATION		213	-0.2970724	-1.0763004	0.2827225	0.59222937	1.0	2068	tags=18%, list=11%, signal=20%	
GOBP_EPITHELIAL_TO_MESENCHYMAL_TRANSITION_INVOLVED_IN_ENDOCARDIAL_CUSHION_FORMATION	GOBP_EPITHELIAL_TO_MESENCHYMAL_TRANSITION_INVOLVED_IN_ENDOCARDIAL_CUSHION_FORMATION		18	-0.4459809	-1.076244	0.37431192	0.5920905	1.0	2212	tags=33%, list=11%, signal=38%	
GOBP_RESPONSE_TO_ESTROGEN	GOBP_RESPONSE_TO_ESTROGEN		69	-0.34039477	-1.0761209	0.31797236	0.5921778	1.0	1430	tags=14%, list=7%, signal=16%	
GOBP_T_HELPER_17_CELL_DIFFERENTIATION	GOBP_T_HELPER_17_CELL_DIFFERENTIATION		34	-0.3921166	-1.0760915	0.3895447	0.5919594	1.0	932	tags=9%, list=5%, signal=9%	
GOBP_REGULATION_OF_SYNAPSE_STRUCTURE_OR_ACTIVITY	GOBP_REGULATION_OF_SYNAPSE_STRUCTURE_OR_ACTIVITY		246	-0.292939	-1.0760858	0.26953125	0.59167725	1.0	2743	tags=19%, list=14%, signal=22%	
GOBP_REGULATION_OF_SPINDLE_CHECKPOINT	GOBP_REGULATION_OF_SPINDLE_CHECKPOINT		23	-0.42002907	-1.0758566	0.36589697	0.5920012	1.0	2724	tags=30%, list=14%, signal=35%	
GOBP_SYNAPTIC_MEMBRANE_ADHESION	GOBP_SYNAPTIC_MEMBRANE_ADHESION		28	-0.40504473	-1.0758297	0.3544093	0.5917762	1.0	1047	tags=18%, list=5%, signal=19%	
GOBP_POSITIVE_REGULATION_OF_HUMORAL_IMMUNE_RESPONSE	GOBP_POSITIVE_REGULATION_OF_HUMORAL_IMMUNE_RESPONSE		20	-0.4364224	-1.0754771	0.37127846	0.5924203	1.0	889	tags=25%, list=5%, signal=26%	
GOBP_PYRIMIDINE_NUCLEOSIDE_TRIPHOSPHATE_METABOLIC_PROCESS	GOBP_PYRIMIDINE_NUCLEOSIDE_TRIPHOSPHATE_METABOLIC_PROCESS		23	-0.41980836	-1.0754743	0.35924006	0.59212697	1.0	3745	tags=39%, list=19%, signal=48%	
GOBP_CHLORIDE_TRANSPORT	GOBP_CHLORIDE_TRANSPORT		120	-0.31449422	-1.0751951	0.3116883	0.5926116	1.0	2869	tags=18%, list=15%, signal=21%	
GOBP_CHONDROCYTE_DIFFERENTIATION	GOBP_CHONDROCYTE_DIFFERENTIATION		107	-0.32127088	-1.0748357	0.30600291	0.5932601	1.0	2328	tags=21%, list=12%, signal=24%	
GOBP_REGULATION_OF_B_CELL_MEDIATED_IMMUNITY	GOBP_REGULATION_OF_B_CELL_MEDIATED_IMMUNITY		57	-0.35519624	-1.0747399	0.32674772	0.59322387	1.0	3287	tags=32%, list=17%, signal=38%	
GOBP_PRIMARY_MIRNA_PROCESSING	GOBP_PRIMARY_MIRNA_PROCESSING		19	-0.4412149	-1.0745101	0.37142858	0.5935622	1.0	353	tags=11%, list=2%, signal=11%	
GOCC_COMPLEX_OF_COLLAGEN_TRIMERS	GOCC_COMPLEX_OF_COLLAGEN_TRIMERS		21	-0.43152153	-1.074482	0.37521222	0.5933467	1.0	1856	tags=29%, list=10%, signal=32%	
GOBP_METANEPHROS_MORPHOGENESIS	GOBP_METANEPHROS_MORPHOGENESIS		30	-0.39557505	-1.0743828	0.3462185	0.5933228	1.0	285	tags=10%, list=1%, signal=10%	
GOBP_MULTICELLULAR_ORGANISMAL_LEVEL_IRON_ION_HOMEOSTASIS	GOBP_MULTICELLULAR_ORGANISMAL_LEVEL_IRON_ION_HOMEOSTASIS		24	-0.41042554	-1.0741274	0.37335527	0.59372985	1.0	643	tags=13%, list=3%, signal=13%	
GOBP_POSITIVE_REGULATION_OF_T_CELL_RECEPTOR_SIGNALING_PATHWAY	GOBP_POSITIVE_REGULATION_OF_T_CELL_RECEPTOR_SIGNALING_PATHWAY		18	-0.45103568	-1.0738868	0.3505843	0.5940889	1.0	1333	tags=17%, list=7%, signal=18%	
GOBP_ERYTHROCYTE_HOMEOSTASIS	GOBP_ERYTHROCYTE_HOMEOSTASIS		139	-0.30897495	-1.0738035	0.31863442	0.5940268	1.0	3389	tags=25%, list=17%, signal=30%	
GOBP_REGULATION_OF_MACROPHAGE_CHEMOTAXIS	GOBP_REGULATION_OF_MACROPHAGE_CHEMOTAXIS		28	-0.4124636	-1.0737433	0.3806344	0.5939038	1.0	4094	tags=39%, list=21%, signal=50%	
GOBP_REGULATION_OF_TELOMERASE_ACTIVITY	GOBP_REGULATION_OF_TELOMERASE_ACTIVITY		44	-0.37371224	-1.0737334	0.32715008	0.59363353	1.0	1256	tags=11%, list=6%, signal=12%	
GOBP_NEUROTRANSMITTER_SECRETION	GOBP_NEUROTRANSMITTER_SECRETION		142	-0.3101955	-1.0735474	0.32097003	0.59385276	1.0	2090	tags=15%, list=11%, signal=17%	
GOMF_MONOATOMIC_ANION_CHANNEL_ACTIVITY	GOMF_MONOATOMIC_ANION_CHANNEL_ACTIVITY		94	-0.3295001	-1.0735167	0.3264402	0.59363407	1.0	1797	tags=14%, list=9%, signal=15%	
GOBP_HOMOLOGOUS_CHROMOSOME_SEGREGATION	GOBP_HOMOLOGOUS_CHROMOSOME_SEGREGATION		56	-0.35857558	-1.0732026	0.32334384	0.5941769	1.0	3152	tags=23%, list=16%, signal=28%	
GOBP_REGULATION_OF_KERATINOCYTE_PROLIFERATION	GOBP_REGULATION_OF_KERATINOCYTE_PROLIFERATION		44	-0.36791262	-1.0731264	0.339934	0.59407395	1.0	2506	tags=30%, list=13%, signal=34%	
GOBP_REGULATION_OF_PROTEIN_BINDING	GOBP_REGULATION_OF_PROTEIN_BINDING		116	-0.3162271	-1.0729405	0.3148688	0.5942695	1.0	3436	tags=25%, list=18%, signal=30%	
GOBP_CELLULAR_COMPONENT_DISASSEMBLY_INVOLVED_IN_EXECUTION_PHASE_OF_APOPTOSIS	GOBP_CELLULAR_COMPONENT_DISASSEMBLY_INVOLVED_IN_EXECUTION_PHASE_OF_APOPTOSIS		28	-0.40960416	-1.072585	0.3582343	0.5949412	1.0	3895	tags=36%, list=20%, signal=45%	
GOBP_DNA_SYNTHESIS_INVOLVED_IN_DNA_REPAIR	GOBP_DNA_SYNTHESIS_INVOLVED_IN_DNA_REPAIR		39	-0.3775817	-1.0725776	0.34415585	0.59466505	1.0	3736	tags=33%, list=19%, signal=41%	
GOMF_GABA_A_RECEPTOR_ACTIVITY	GOMF_GABA_A_RECEPTOR_ACTIVITY		19	-0.44154912	-1.0725431	0.37636364	0.5944645	1.0	43	tags=5%, list=0%, signal=5%	
GOBP_NEGATIVE_REGULATION_OF_POTASSIUM_ION_TRANSMEMBRANE_TRANSPORTER_ACTIVITY	GOBP_NEGATIVE_REGULATION_OF_POTASSIUM_ION_TRANSMEMBRANE_TRANSPORTER_ACTIVITY		18	-0.4518801	-1.0725055	0.37010676	0.59426576	1.0	925	tags=22%, list=5%, signal=23%	
GOBP_RESPONSE_TO_XENOBIOTIC_STIMULUS	GOBP_RESPONSE_TO_XENOBIOTIC_STIMULUS		426	-0.2792551	-1.0722237	0.2603912	0.59468424	1.0	1809	tags=13%, list=9%, signal=14%	
GOMF_RETINOL_BINDING	GOMF_RETINOL_BINDING		16	-0.4605289	-1.0719376	0.36363637	0.5951339	1.0	1845	tags=19%, list=9%, signal=21%	
GOBP_PROGESTERONE_METABOLIC_PROCESS	GOBP_PROGESTERONE_METABOLIC_PROCESS		16	-0.45871377	-1.071796	0.3773585	0.5952115	1.0	1934	tags=19%, list=10%, signal=21%	
GOCC_ATPASE_COMPLEX	GOCC_ATPASE_COMPLEX		117	-0.3181155	-1.0715675	0.31232092	0.5955531	1.0	4845	tags=32%, list=25%, signal=42%	
GOMF_MAP_KINASE_KINASE_KINASE_ACTIVITY	GOMF_MAP_KINASE_KINASE_KINASE_ACTIVITY		24	-0.41350523	-1.0712749	0.35434413	0.5960409	1.0	1578	tags=17%, list=8%, signal=18%	
GOBP_POSITIVE_REGULATION_OF_PROTEIN_TRANSPORT	GOBP_POSITIVE_REGULATION_OF_PROTEIN_TRANSPORT		243	-0.29469442	-1.0711197	0.30604535	0.59619033	1.0	2833	tags=21%, list=15%, signal=24%	
GOBP_POSITIVE_REGULATION_OF_B_CELL_DIFFERENTIATION	GOBP_POSITIVE_REGULATION_OF_B_CELL_DIFFERENTIATION		17	-0.4575371	-1.0710788	0.37126866	0.5960005	1.0	3814	tags=41%, list=20%, signal=51%	
GOBP_PYRIMIDINE_CONTAINING_COMPOUND_BIOSYNTHETIC_PROCESS	GOBP_PYRIMIDINE_CONTAINING_COMPOUND_BIOSYNTHETIC_PROCESS		41	-0.37932107	-1.0709721	0.35737705	0.59599066	1.0	2163	tags=20%, list=11%, signal=22%	
GOBP_CELLULAR_RESPONSE_TO_COPPER_ION	GOBP_CELLULAR_RESPONSE_TO_COPPER_ION		23	-0.41718638	-1.0709606	0.35323384	0.5957288	1.0	2256	tags=22%, list=12%, signal=25%	
GOBP_MUSCLE_SYSTEM_PROCESS	GOBP_MUSCLE_SYSTEM_PROCESS		423	-0.28129834	-1.0708934	0.2918193	0.5956096	1.0	2457	tags=18%, list=13%, signal=20%	
GOBP_POSITIVE_REGULATION_OF_CELL_CYCLE_G1_S_PHASE_TRANSITION	GOBP_POSITIVE_REGULATION_OF_CELL_CYCLE_G1_S_PHASE_TRANSITION		57	-0.35848695	-1.0708271	0.3443918	0.59548503	1.0	3205	tags=21%, list=17%, signal=25%	
GOBP_REGULATION_OF_TRANSPORTER_ACTIVITY	GOBP_REGULATION_OF_TRANSPORTER_ACTIVITY		201	-0.29928723	-1.070822	0.29972753	0.59520215	1.0	2430	tags=16%, list=13%, signal=19%	
GOBP_POSITIVE_REGULATION_OF_HORMONE_SECRETION	GOBP_POSITIVE_REGULATION_OF_HORMONE_SECRETION		140	-0.31364924	-1.0703571	0.32914925	0.59620494	1.0	1602	tags=14%, list=8%, signal=15%	
GOCC_PSEUDOPODIUM	GOCC_PSEUDOPODIUM		18	-0.4548926	-1.0697582	0.3532513	0.5975743	1.0	1888	tags=17%, list=10%, signal=18%	
GOBP_POSITIVE_REGULATION_OF_CELL_SUBSTRATE_ADHESION	GOBP_POSITIVE_REGULATION_OF_CELL_SUBSTRATE_ADHESION		120	-0.31517452	-1.0694935	0.3090909	0.59800065	1.0	2636	tags=23%, list=14%, signal=27%	
GOBP_ESTABLISHMENT_OF_MITOTIC_SPINDLE_LOCALIZATION	GOBP_ESTABLISHMENT_OF_MITOTIC_SPINDLE_LOCALIZATION		38	-0.3814642	-1.0693489	0.3732504	0.59808606	1.0	4669	tags=42%, list=24%, signal=55%	
GOMF_PROTEIN_FOLDING_CHAPERONE_BINDING	GOMF_PROTEIN_FOLDING_CHAPERONE_BINDING		126	-0.31663114	-1.0693134	0.3202329	0.59787947	1.0	2769	tags=19%, list=14%, signal=22%	
GOMF_ATPASE_COUPLED_TRANSMEMBRANE_TRANSPORTER_ACTIVITY	GOMF_ATPASE_COUPLED_TRANSMEMBRANE_TRANSPORTER_ACTIVITY		93	-0.3281638	-1.068932	0.33283132	0.5986184	1.0	1872	tags=14%, list=10%, signal=15%	
GOBP_REGULATION_OF_DNA_DAMAGE_CHECKPOINT	GOBP_REGULATION_OF_DNA_DAMAGE_CHECKPOINT		19	-0.42963064	-1.0687641	0.3771107	0.59876376	1.0	3734	tags=32%, list=19%, signal=39%	
GOCC_REPLISOME	GOCC_REPLISOME		24	-0.41332543	-1.0681821	0.35602096	0.6000555	1.0	3448	tags=25%, list=18%, signal=30%	
GOCC_LUMENAL_SIDE_OF_MEMBRANE	GOCC_LUMENAL_SIDE_OF_MEMBRANE		41	-0.37432697	-1.0681005	0.36677632	0.59997624	1.0	1584	tags=12%, list=8%, signal=13%	
GOMF_LIPID_TRANSPORTER_ACTIVITY	GOMF_LIPID_TRANSPORTER_ACTIVITY		158	-0.3055307	-1.0679523	0.30242512	0.60009235	1.0	2830	tags=19%, list=15%, signal=22%	
GOBP_CARDIAC_MUSCLE_CELL_DIFFERENTIATION	GOBP_CARDIAC_MUSCLE_CELL_DIFFERENTIATION		116	-0.31576657	-1.0679187	0.30938417	0.59989554	1.0	3922	tags=31%, list=20%, signal=39%	
GOBP_IMMUNOGLOBULIN_PRODUCTION	GOBP_IMMUNOGLOBULIN_PRODUCTION		101	-0.32135904	-1.0676303	0.31924197	0.6003545	1.0	3287	tags=27%, list=17%, signal=32%	
GOBP_POSITIVE_REGULATION_OF_RELEASE_OF_CYTOCHROME_C_FROM_MITOCHONDRIA	GOBP_POSITIVE_REGULATION_OF_RELEASE_OF_CYTOCHROME_C_FROM_MITOCHONDRIA		24	-0.41195858	-1.0676017	0.3810345	0.6001346	1.0	2680	tags=25%, list=14%, signal=29%	
GOBP_REGULATION_OF_REACTIVE_OXYGEN_SPECIES_METABOLIC_PROCESS	GOBP_REGULATION_OF_REACTIVE_OXYGEN_SPECIES_METABOLIC_PROCESS		134	-0.31289017	-1.0675347	0.3104435	0.60003203	1.0	2563	tags=19%, list=13%, signal=22%	
GOBP_ORGANIC_HYDROXY_COMPOUND_BIOSYNTHETIC_PROCESS	GOBP_ORGANIC_HYDROXY_COMPOUND_BIOSYNTHETIC_PROCESS		231	-0.29514265	-1.0674112	0.29908973	0.60006136	1.0	3104	tags=23%, list=16%, signal=27%	
GOBP_HYPERSENSITIVITY	GOBP_HYPERSENSITIVITY		15	-0.46383557	-1.0672642	0.39229423	0.60016954	1.0	753	tags=27%, list=4%, signal=28%	
GOBP_NEGATIVE_REGULATION_OF_ORGANIC_ACID_TRANSPORT	GOBP_NEGATIVE_REGULATION_OF_ORGANIC_ACID_TRANSPORT		22	-0.41902873	-1.0672566	0.34859154	0.5998908	1.0	831	tags=23%, list=4%, signal=24%	
GOBP_REGULATION_OF_MICROTUBULE_BASED_PROCESS	GOBP_REGULATION_OF_MICROTUBULE_BASED_PROCESS		237	-0.2926187	-1.0672166	0.32123655	0.599707	1.0	3239	tags=24%, list=17%, signal=29%	
GOBP_AMINE_METABOLIC_PROCESS	GOBP_AMINE_METABOLIC_PROCESS		111	-0.32342473	-1.0668178	0.32305434	0.6004834	1.0	1890	tags=17%, list=10%, signal=19%	
GOBP_REGULATION_OF_EXTRACELLULAR_MATRIX_ASSEMBLY	GOBP_REGULATION_OF_EXTRACELLULAR_MATRIX_ASSEMBLY		20	-0.43397713	-1.0667065	0.39765102	0.60048366	1.0	2953	tags=35%, list=15%, signal=41%	
GOMF_TRANSCRIPTION_COREGULATOR_ACTIVITY	GOMF_TRANSCRIPTION_COREGULATOR_ACTIVITY		470	-0.27603805	-1.0665559	0.25710902	0.6005789	1.0	4179	tags=24%, list=22%, signal=30%	
GOBP_NEGATIVE_REGULATION_OF_STEM_CELL_DIFFERENTIATION	GOBP_NEGATIVE_REGULATION_OF_STEM_CELL_DIFFERENTIATION		26	-0.41313466	-1.0660436	0.36	0.6016731	1.0	3897	tags=35%, list=20%, signal=43%	
GOBP_NEURON_PROJECTION_GUIDANCE	GOBP_NEURON_PROJECTION_GUIDANCE		227	-0.29363158	-1.0659857	0.30013105	0.6015348	1.0	2455	tags=15%, list=13%, signal=17%	
GOBP_REGULATION_OF_INOSITOL_PHOSPHATE_BIOSYNTHETIC_PROCESS	GOBP_REGULATION_OF_INOSITOL_PHOSPHATE_BIOSYNTHETIC_PROCESS		15	-0.47174728	-1.0658138	0.38659793	0.6017121	1.0	4775	tags=40%, list=25%, signal=53%	
GOBP_POSITIVE_REGULATION_OF_CYTOSKELETON_ORGANIZATION	GOBP_POSITIVE_REGULATION_OF_CYTOSKELETON_ORGANIZATION		174	-0.30426085	-1.065343	0.30581868	0.6026781	1.0	1945	tags=17%, list=10%, signal=19%	
GOBP_DOUBLE_STRAND_BREAK_REPAIR	GOBP_DOUBLE_STRAND_BREAK_REPAIR		286	-0.28652614	-1.0652413	0.3034571	0.60266685	1.0	3787	tags=25%, list=19%, signal=30%	
GOBP_GENOMIC_IMPRINTING	GOBP_GENOMIC_IMPRINTING		18	-0.4346664	-1.0650381	0.3857616	0.60293746	1.0	3604	tags=33%, list=19%, signal=41%	
GOBP_RAB_PROTEIN_SIGNAL_TRANSDUCTION	GOBP_RAB_PROTEIN_SIGNAL_TRANSDUCTION		21	-0.42971262	-1.0648983	0.36589697	0.60303444	1.0	1949	tags=19%, list=10%, signal=21%	
GOBP_NEGATIVE_REGULATION_OF_MACROPHAGE_ACTIVATION	GOBP_NEGATIVE_REGULATION_OF_MACROPHAGE_ACTIVATION		15	-0.46003905	-1.0644605	0.38608697	0.60391456	1.0	2644	tags=33%, list=14%, signal=39%	
GOBP_MRNA_TRANSPORT	GOBP_MRNA_TRANSPORT		120	-0.31615156	-1.0643067	0.33055556	0.6040725	1.0	3270	tags=23%, list=17%, signal=27%	
GOBP_MONOATOMIC_ANION_TRANSPORT	GOBP_MONOATOMIC_ANION_TRANSPORT		165	-0.3046322	-1.0641505	0.30822873	0.60421187	1.0	2869	tags=18%, list=15%, signal=21%	
GOBP_REGULATION_OF_CHROMATIN_ORGANIZATION	GOBP_REGULATION_OF_CHROMATIN_ORGANIZATION		30	-0.39627156	-1.0635585	0.37228715	0.60551906	1.0	4096	tags=30%, list=21%, signal=38%	
GOMF_TRANSLATION_ELONGATION_FACTOR_ACTIVITY	GOMF_TRANSLATION_ELONGATION_FACTOR_ACTIVITY		19	-0.43321398	-1.0631586	0.37142858	0.60630566	1.0	135	tags=5%, list=1%, signal=5%	
GOBP_EXCRETION	GOBP_EXCRETION		28	-0.39972112	-1.0629354	0.3754386	0.60664314	1.0	1640	tags=14%, list=8%, signal=16%	
GOMF_PROTEIN_SERINE_THREONINE_KINASE_ACTIVATOR_ACTIVITY	GOMF_PROTEIN_SERINE_THREONINE_KINASE_ACTIVATOR_ACTIVITY		65	-0.34188044	-1.0628135	0.3338438	0.6066863	1.0	4442	tags=34%, list=23%, signal=44%	
GOBP_POSITIVE_REGULATION_OF_RELEASE_OF_SEQUESTERED_CALCIUM_ION_INTO_CYTOSOL	GOBP_POSITIVE_REGULATION_OF_RELEASE_OF_SEQUESTERED_CALCIUM_ION_INTO_CYTOSOL		40	-0.37630138	-1.0621934	0.3536184	0.6080836	1.0	738	tags=13%, list=4%, signal=13%	
GOBP_NEGATIVE_REGULATION_OF_CYCLASE_ACTIVITY	GOBP_NEGATIVE_REGULATION_OF_CYCLASE_ACTIVITY		15	-0.45956978	-1.0620686	0.39240506	0.60813844	1.0	2675	tags=27%, list=14%, signal=31%	
GOBP_POSITIVE_REGULATION_OF_MONOATOMIC_ION_TRANSMEMBRANE_TRANSPORT	GOBP_POSITIVE_REGULATION_OF_MONOATOMIC_ION_TRANSMEMBRANE_TRANSPORT		136	-0.30906633	-1.0617473	0.3347826	0.608718	1.0	2602	tags=18%, list=13%, signal=21%	
GOBP_POSITIVE_REGULATION_OF_NEURON_PROJECTION_DEVELOPMENT	GOBP_POSITIVE_REGULATION_OF_NEURON_PROJECTION_DEVELOPMENT		148	-0.30623695	-1.0613999	0.32193732	0.60938334	1.0	4031	tags=30%, list=21%, signal=38%	
GOBP_AMIDE_TRANSPORT	GOBP_AMIDE_TRANSPORT		299	-0.2843549	-1.0613841	0.3065134	0.60913163	1.0	2490	tags=18%, list=13%, signal=20%	
GOBP_REGULATION_OF_GRANULOCYTE_DIFFERENTIATION	GOBP_REGULATION_OF_GRANULOCYTE_DIFFERENTIATION		15	-0.46078593	-1.0611676	0.40250447	0.6094279	1.0	2804	tags=27%, list=14%, signal=31%	
GOCC_NUCLEAR_PORE	GOCC_NUCLEAR_PORE		89	-0.32666412	-1.0608809	0.36404833	0.60990506	1.0	4994	tags=35%, list=26%, signal=47%	
GOBP_CELL_MATURATION	GOBP_CELL_MATURATION		190	-0.2996032	-1.0607655	0.32336956	0.60994506	1.0	3702	tags=24%, list=19%, signal=30%	
GOBP_EYE_PHOTORECEPTOR_CELL_DIFFERENTIATION	GOBP_EYE_PHOTORECEPTOR_CELL_DIFFERENTIATION		48	-0.3538904	-1.0605272	0.37001595	0.6102947	1.0	620	tags=10%, list=3%, signal=11%	
GOBP_REGULATION_OF_EXIT_FROM_MITOSIS	GOBP_REGULATION_OF_EXIT_FROM_MITOSIS		18	-0.4407325	-1.060246	0.38847584	0.61075693	1.0	1460	tags=17%, list=8%, signal=18%	
GOBP_T_CELL_APOPTOTIC_PROCESS	GOBP_T_CELL_APOPTOTIC_PROCESS		57	-0.3518154	-1.0596788	0.3596358	0.6119803	1.0	2074	tags=19%, list=11%, signal=22%	
GOCC_MALE_GERM_CELL_NUCLEUS	GOCC_MALE_GERM_CELL_NUCLEUS		48	-0.3594364	-1.0591737	0.35225376	0.61305505	1.0	2447	tags=21%, list=13%, signal=24%	
GOBP_NON_CANONICAL_NF_KAPPAB_SIGNAL_TRANSDUCTION	GOBP_NON_CANONICAL_NF_KAPPAB_SIGNAL_TRANSDUCTION		118	-0.31356844	-1.0590388	0.35353535	0.61312664	1.0	4581	tags=30%, list=24%, signal=39%	
GOBP_POSITIVE_REGULATION_OF_HEMOPOIESIS	GOBP_POSITIVE_REGULATION_OF_HEMOPOIESIS		185	-0.2976143	-1.0588068	0.31636864	0.61343354	1.0	3814	tags=28%, list=20%, signal=34%	
GOBP_POSITIVE_REGULATION_OF_MYELOID_LEUKOCYTE_CYTOKINE_PRODUCTION_INVOLVED_IN_IMMUNE_RESPONSE	GOBP_POSITIVE_REGULATION_OF_MYELOID_LEUKOCYTE_CYTOKINE_PRODUCTION_INVOLVED_IN_IMMUNE_RESPONSE		34	-0.38334695	-1.0585536	0.35914332	0.61380374	1.0	2466	tags=24%, list=13%, signal=27%	
GOBP_RESPONSE_TO_ZINC_ION	GOBP_RESPONSE_TO_ZINC_ION		48	-0.3631323	-1.0582193	0.37301588	0.61441684	1.0	2458	tags=21%, list=13%, signal=24%	
GOBP_KILLING_BY_HOST_OF_SYMBIONT_CELLS	GOBP_KILLING_BY_HOST_OF_SYMBIONT_CELLS		27	-0.40329003	-1.0580218	0.3670669	0.6146726	1.0	607	tags=15%, list=3%, signal=15%	
GOBP_POSITIVE_REGULATION_OF_MITOTIC_NUCLEAR_DIVISION	GOBP_POSITIVE_REGULATION_OF_MITOTIC_NUCLEAR_DIVISION		43	-0.3639706	-1.0579351	0.3830156	0.6146083	1.0	3604	tags=35%, list=19%, signal=43%	
GOBP_POSITIVE_REGULATION_OF_KERATINOCYTE_PROLIFERATION	GOBP_POSITIVE_REGULATION_OF_KERATINOCYTE_PROLIFERATION		15	-0.4609922	-1.0579022	0.41935483	0.6143979	1.0	1595	tags=27%, list=8%, signal=29%	
GOBP_REGULATION_OF_POSTSYNAPTIC_MEMBRANE_POTENTIAL	GOBP_REGULATION_OF_POSTSYNAPTIC_MEMBRANE_POTENTIAL		139	-0.30790344	-1.057752	0.32692307	0.6145135	1.0	878	tags=7%, list=5%, signal=7%	
GOBP_STRIATED_MUSCLE_CONTRACTION	GOBP_STRIATED_MUSCLE_CONTRACTION		182	-0.29947364	-1.0576333	0.34764543	0.6145377	1.0	2540	tags=20%, list=13%, signal=23%	
GOBP_CARDIAC_RIGHT_VENTRICLE_MORPHOGENESIS	GOBP_CARDIAC_RIGHT_VENTRICLE_MORPHOGENESIS		20	-0.42853686	-1.057468	0.38120568	0.6146835	1.0	2558	tags=35%, list=13%, signal=40%	
GOBP_NEGATIVE_REGULATION_OF_WNT_SIGNALING_PATHWAY	GOBP_NEGATIVE_REGULATION_OF_WNT_SIGNALING_PATHWAY		158	-0.30409098	-1.0572116	0.33193278	0.615064	1.0	2305	tags=16%, list=12%, signal=19%	
GOBP_NEGATIVE_REGULATION_OF_PHOSPHORYLATION	GOBP_NEGATIVE_REGULATION_OF_PHOSPHORYLATION		276	-0.28597486	-1.0570396	0.30739796	0.61521983	1.0	3207	tags=22%, list=17%, signal=26%	
GOBP_PERIPHERAL_NERVOUS_SYSTEM_DEVELOPMENT	GOBP_PERIPHERAL_NERVOUS_SYSTEM_DEVELOPMENT		83	-0.32751942	-1.0570204	0.34743202	0.6149909	1.0	2870	tags=22%, list=15%, signal=25%	
GOBP_REGULATION_OF_PROTEIN_KINASE_A_SIGNALING	GOBP_REGULATION_OF_PROTEIN_KINASE_A_SIGNALING		18	-0.43857405	-1.0563703	0.40459365	0.61644614	1.0	1498	tags=22%, list=8%, signal=24%	
GOMF_FLAVIN_ADENINE_DINUCLEOTIDE_BINDING	GOMF_FLAVIN_ADENINE_DINUCLEOTIDE_BINDING		85	-0.32942402	-1.0558726	0.35114503	0.61749977	1.0	2108	tags=20%, list=11%, signal=22%	
GOBP_SENSORY_PERCEPTION_OF_MECHANICAL_STIMULUS	GOBP_SENSORY_PERCEPTION_OF_MECHANICAL_STIMULUS		169	-0.29968652	-1.0558218	0.33100557	0.6173261	1.0	1766	tags=12%, list=9%, signal=13%	
GOBP_REGULATION_OF_VESICLE_FUSION	GOBP_REGULATION_OF_VESICLE_FUSION		22	-0.41733772	-1.0556501	0.39408866	0.61749846	1.0	1313	tags=23%, list=7%, signal=24%	
GOBP_SPLEEN_DEVELOPMENT	GOBP_SPLEEN_DEVELOPMENT		38	-0.3707238	-1.0554494	0.38758388	0.61778337	1.0	1575	tags=11%, list=8%, signal=11%	
GOBP_HEART_PROCESS	GOBP_HEART_PROCESS		249	-0.28730345	-1.05498	0.3382157	0.618699	1.0	2540	tags=20%, list=13%, signal=23%	
GOBP_EMBRYONIC_DIGESTIVE_TRACT_MORPHOGENESIS	GOBP_EMBRYONIC_DIGESTIVE_TRACT_MORPHOGENESIS		16	-0.44939977	-1.054926	0.39818183	0.61855453	1.0	2050	tags=31%, list=11%, signal=35%	
GOBP_REGULATION_OF_NERVOUS_SYSTEM_PROCESS	GOBP_REGULATION_OF_NERVOUS_SYSTEM_PROCESS		107	-0.31382525	-1.0541945	0.3508246	0.6202379	1.0	1925	tags=14%, list=10%, signal=15%	
GOMF_METALLOAMINOPEPTIDASE_ACTIVITY	GOMF_METALLOAMINOPEPTIDASE_ACTIVITY		24	-0.4145133	-1.0541358	0.38037866	0.6200925	1.0	1499	tags=13%, list=8%, signal=14%	
GOMF_HYDROLASE_ACTIVITY_ACTING_ON_GLYCOSYL_BONDS	GOMF_HYDROLASE_ACTIVITY_ACTING_ON_GLYCOSYL_BONDS		126	-0.31179643	-1.0540397	0.33333334	0.62008363	1.0	3294	tags=22%, list=17%, signal=27%	
GOBP_REGULATION_OF_ACTIN_FILAMENT_BUNDLE_ASSEMBLY	GOBP_REGULATION_OF_ACTIN_FILAMENT_BUNDLE_ASSEMBLY		99	-0.31890613	-1.0528829	0.34452555	0.62295836	1.0	3132	tags=27%, list=16%, signal=32%	
GOBP_REGULATION_OF_MEMBRANE_LIPID_METABOLIC_PROCESS	GOBP_REGULATION_OF_MEMBRANE_LIPID_METABOLIC_PROCESS		16	-0.4530211	-1.0527678	0.40592334	0.6229518	1.0	831	tags=13%, list=4%, signal=13%	
GOBP_PROTEIN_K63_LINKED_DEUBIQUITINATION	GOBP_PROTEIN_K63_LINKED_DEUBIQUITINATION		25	-0.4152765	-1.0525819	0.37288135	0.623154	1.0	3769	tags=24%, list=19%, signal=30%	
GOBP_REGULATION_OF_PLATELET_AGGREGATION	GOBP_REGULATION_OF_PLATELET_AGGREGATION		29	-0.39360642	-1.0525296	0.3743501	0.62299925	1.0	477	tags=10%, list=2%, signal=11%	
GOBP_RESPONSE_TO_AMYLOID_BETA	GOBP_RESPONSE_TO_AMYLOID_BETA		49	-0.35630974	-1.0518348	0.38249594	0.6246397	1.0	1498	tags=14%, list=8%, signal=15%	
GOBP_NEGATIVE_REGULATION_OF_ENDOTHELIAL_CELL_APOPTOTIC_PROCESS	GOBP_NEGATIVE_REGULATION_OF_ENDOTHELIAL_CELL_APOPTOTIC_PROCESS		33	-0.38412473	-1.0518174	0.3739566	0.6243896	1.0	3330	tags=30%, list=17%, signal=37%	
GOBP_POSITIVE_REGULATION_OF_NEUTROPHIL_MIGRATION	GOBP_POSITIVE_REGULATION_OF_NEUTROPHIL_MIGRATION		32	-0.3844099	-1.0515571	0.39363486	0.62478393	1.0	2535	tags=28%, list=13%, signal=32%	
GOMF_GTPASE_BINDING	GOMF_GTPASE_BINDING		298	-0.28089216	-1.0514444	0.32908162	0.6247729	1.0	4028	tags=28%, list=21%, signal=34%	
GOBP_B_CELL_DIFFERENTIATION	GOBP_B_CELL_DIFFERENTIATION		154	-0.29883322	-1.0512456	0.35172415	0.62500024	1.0	3838	tags=28%, list=20%, signal=35%	
GOBP_REGULATION_OF_CARDIOCYTE_DIFFERENTIATION	GOBP_REGULATION_OF_CARDIOCYTE_DIFFERENTIATION		25	-0.40499175	-1.0509832	0.37732658	0.6253963	1.0	4043	tags=36%, list=21%, signal=45%	
GOBP_REGULATION_OF_CELL_MATURATION	GOBP_REGULATION_OF_CELL_MATURATION		20	-0.4210096	-1.0508668	0.40103272	0.62542266	1.0	3530	tags=35%, list=18%, signal=43%	
GOBP_CELLULAR_RESPONSE_TO_OXYGEN_LEVELS	GOBP_CELLULAR_RESPONSE_TO_OXYGEN_LEVELS		159	-0.29943156	-1.0508405	0.3427762	0.62519974	1.0	3896	tags=23%, list=20%, signal=29%	
GOMF_PHOSPHATIDYLINOSITOL_3_4_5_TRISPHOSPHATE_BINDING	GOMF_PHOSPHATIDYLINOSITOL_3_4_5_TRISPHOSPHATE_BINDING		37	-0.37726697	-1.0505607	0.3734062	0.62568384	1.0	4585	tags=46%, list=24%, signal=60%	
GOBP_MODULATION_OF_EXCITATORY_POSTSYNAPTIC_POTENTIAL	GOBP_MODULATION_OF_EXCITATORY_POSTSYNAPTIC_POTENTIAL		47	-0.35139894	-1.0503427	0.38141027	0.6259953	1.0	451	tags=9%, list=2%, signal=9%	
GOBP_DOPAMINE_METABOLIC_PROCESS	GOBP_DOPAMINE_METABOLIC_PROCESS		38	-0.38252038	-1.0502838	0.4040747	0.62587386	1.0	2895	tags=24%, list=15%, signal=28%	
GOMF_MITOGEN_ACTIVATED_PROTEIN_KINASE_KINASE_KINASE_BINDING	GOMF_MITOGEN_ACTIVATED_PROTEIN_KINASE_KINASE_KINASE_BINDING		15	-0.46039084	-1.0501866	0.42003515	0.62586397	1.0	2743	tags=33%, list=14%, signal=39%	
GOBP_POSITIVE_REGULATION_OF_STEM_CELL_POPULATION_MAINTENANCE	GOBP_POSITIVE_REGULATION_OF_STEM_CELL_POPULATION_MAINTENANCE		45	-0.3605533	-1.0501707	0.37315875	0.6256097	1.0	4552	tags=31%, list=23%, signal=41%	
GOMF_UBIQUITIN_LIKE_LIGASE_SUBSTRATE_ADAPTOR_ACTIVITY	GOMF_UBIQUITIN_LIKE_LIGASE_SUBSTRATE_ADAPTOR_ACTIVITY		58	-0.3412634	-1.0501189	0.36507937	0.6254619	1.0	3651	tags=36%, list=19%, signal=44%	
GOMF_ALPHA_ACTININ_BINDING	GOMF_ALPHA_ACTININ_BINDING		28	-0.4021212	-1.0501094	0.3772242	0.62519264	1.0	1157	tags=14%, list=6%, signal=15%	
GOBP_REGULATION_OF_GASTRULATION	GOBP_REGULATION_OF_GASTRULATION		15	-0.46108547	-1.0501074	0.40108892	0.6249003	1.0	3029	tags=33%, list=16%, signal=39%	
GOBP_NEGATIVE_REGULATION_OF_VIRAL_PROCESS	GOBP_NEGATIVE_REGULATION_OF_VIRAL_PROCESS		85	-0.32360172	-1.0500809	0.37704918	0.6246734	1.0	3115	tags=20%, list=16%, signal=24%	
GOBP_MUSCLE_CELL_FATE_COMMITMENT	GOBP_MUSCLE_CELL_FATE_COMMITMENT		16	-0.44755486	-1.0499903	0.40819964	0.6246282	1.0	669	tags=13%, list=3%, signal=13%	
GOBP_RESPONSE_TO_INTERFERON_ALPHA	GOBP_RESPONSE_TO_INTERFERON_ALPHA		17	-0.43620688	-1.0499809	0.4122807	0.62435985	1.0	3828	tags=47%, list=20%, signal=59%	
GOBP_IMPORT_ACROSS_PLASMA_MEMBRANE	GOBP_IMPORT_ACROSS_PLASMA_MEMBRANE		189	-0.29503798	-1.0497029	0.34705076	0.6248507	1.0	2566	tags=17%, list=13%, signal=20%	
GOBP_MUSCLE_CONTRACTION	GOBP_MUSCLE_CONTRACTION		337	-0.27952087	-1.0497023	0.33584905	0.6245577	1.0	2076	tags=16%, list=11%, signal=18%	
GOBP_SNARE_COMPLEX_ASSEMBLY	GOBP_SNARE_COMPLEX_ASSEMBLY		21	-0.42850995	-1.0495205	0.41480207	0.6247564	1.0	2574	tags=24%, list=13%, signal=27%	
GOBP_PROTEIN_LOCALIZATION_TO_SYNAPSE	GOBP_PROTEIN_LOCALIZATION_TO_SYNAPSE		76	-0.33571512	-1.0493352	0.37424242	0.6249388	1.0	2189	tags=16%, list=11%, signal=18%	
GOBP_CELL_FATE_COMMITMENT	GOBP_CELL_FATE_COMMITMENT		278	-0.2835843	-1.0491862	0.33291456	0.62502503	1.0	3325	tags=18%, list=17%, signal=22%	
GOBP_NEGATIVE_REGULATION_OF_CATION_CHANNEL_ACTIVITY	GOBP_NEGATIVE_REGULATION_OF_CATION_CHANNEL_ACTIVITY		32	-0.3898019	-1.0491586	0.3713355	0.62479305	1.0	925	tags=13%, list=5%, signal=13%	
GOBP_REGULATION_OF_HUMORAL_IMMUNE_RESPONSE	GOBP_REGULATION_OF_HUMORAL_IMMUNE_RESPONSE		41	-0.36315855	-1.0488949	0.37645108	0.62522155	1.0	889	tags=17%, list=5%, signal=18%	
GOBP_STRIATED_MUSCLE_ADAPTATION	GOBP_STRIATED_MUSCLE_ADAPTATION		45	-0.36256596	-1.0486866	0.39968154	0.6255036	1.0	2540	tags=20%, list=13%, signal=23%	
GOBP_STEROL_HOMEOSTASIS	GOBP_STEROL_HOMEOSTASIS		85	-0.32223958	-1.047901	0.37386018	0.6273106	1.0	2830	tags=25%, list=15%, signal=29%	
GOBP_MECHANORECEPTOR_DIFFERENTIATION	GOBP_MECHANORECEPTOR_DIFFERENTIATION		63	-0.34229955	-1.0476449	0.3802164	0.62768084	1.0	3396	tags=30%, list=17%, signal=36%	
GOBP_LIPID_LOCALIZATION	GOBP_LIPID_LOCALIZATION		458	-0.27560064	-1.0475694	0.33658537	0.6275845	1.0	2830	tags=20%, list=15%, signal=23%	
GOBP_RENAL_SODIUM_ION_TRANSPORT	GOBP_RENAL_SODIUM_ION_TRANSPORT		15	-0.45478553	-1.0473232	0.42179263	0.6279735	1.0	614	tags=13%, list=3%, signal=14%	
GOBP_PYRIMIDINE_NUCLEOSIDE_TRIPHOSPHATE_BIOSYNTHETIC_PROCESS	GOBP_PYRIMIDINE_NUCLEOSIDE_TRIPHOSPHATE_BIOSYNTHETIC_PROCESS		18	-0.4343304	-1.0472581	0.40313113	0.62785023	1.0	3745	tags=44%, list=19%, signal=55%	
GOBP_NAD_CATABOLIC_PROCESS	GOBP_NAD_CATABOLIC_PROCESS		21	-0.4189005	-1.0467837	0.39695945	0.62884265	1.0	4495	tags=43%, list=23%, signal=56%	
GOBP_REGULATION_OF_CELLULAR_RESPONSE_TO_OXIDATIVE_STRESS	GOBP_REGULATION_OF_CELLULAR_RESPONSE_TO_OXIDATIVE_STRESS		19	-0.43573338	-1.0467834	0.4020443	0.62854654	1.0	228	tags=11%, list=1%, signal=11%	
GOBP_NEGATIVE_REGULATION_OF_CANONICAL_WNT_SIGNALING_PATHWAY	GOBP_NEGATIVE_REGULATION_OF_CANONICAL_WNT_SIGNALING_PATHWAY		127	-0.31032506	-1.0466866	0.35450518	0.6285057	1.0	2305	tags=17%, list=12%, signal=19%	
GOBP_CALCIUM_ION_IMPORT	GOBP_CALCIUM_ION_IMPORT		76	-0.33226654	-1.0466843	0.3771252	0.62821597	1.0	375	tags=9%, list=2%, signal=9%	
GOBP_T_CELL_CYTOKINE_PRODUCTION	GOBP_T_CELL_CYTOKINE_PRODUCTION		37	-0.37588793	-1.0466602	0.38512397	0.62798154	1.0	2382	tags=24%, list=12%, signal=28%	
GOBP_POSITIVE_REGULATION_OF_NITRIC_OXIDE_SYNTHASE_BIOSYNTHETIC_PROCESS	GOBP_POSITIVE_REGULATION_OF_NITRIC_OXIDE_SYNTHASE_BIOSYNTHETIC_PROCESS		16	-0.45054594	-1.0465896	0.41935483	0.62786806	1.0	2333	tags=25%, list=12%, signal=28%	
GOBP_MYELOID_DENDRITIC_CELL_DIFFERENTIATION	GOBP_MYELOID_DENDRITIC_CELL_DIFFERENTIATION		20	-0.41707015	-1.0465424	0.3685152	0.627692	1.0	3954	tags=40%, list=20%, signal=50%	
GOCC_ENDOPLASMIC_RETICULUM_LUMEN	GOCC_ENDOPLASMIC_RETICULUM_LUMEN		301	-0.28093553	-1.0463324	0.35630688	0.6279759	1.0	2874	tags=20%, list=15%, signal=23%	
GOMF_BASIC_AMINO_ACID_TRANSMEMBRANE_TRANSPORTER_ACTIVITY	GOMF_BASIC_AMINO_ACID_TRANSMEMBRANE_TRANSPORTER_ACTIVITY		17	-0.43730316	-1.0463083	0.4061962	0.62775207	1.0	1749	tags=24%, list=9%, signal=26%	
GOBP_TRANSPORT_OF_VIRUS	GOBP_TRANSPORT_OF_VIRUS		22	-0.4118302	-1.0462129	0.38348624	0.6277066	1.0	2569	tags=23%, list=13%, signal=26%	
GOBP_REGULATION_OF_NEUROINFLAMMATORY_RESPONSE	GOBP_REGULATION_OF_NEUROINFLAMMATORY_RESPONSE		33	-0.38857895	-1.0461326	0.38408303	0.62762463	1.0	1534	tags=21%, list=8%, signal=23%	
GOBP_MONOAMINE_TRANSPORT	GOBP_MONOAMINE_TRANSPORT		76	-0.33304745	-1.0459567	0.36946565	0.6277954	1.0	2675	tags=20%, list=14%, signal=23%	
GOBP_APOPTOTIC_PROCESS_INVOLVED_IN_DEVELOPMENT	GOBP_APOPTOTIC_PROCESS_INVOLVED_IN_DEVELOPMENT		39	-0.37033042	-1.0455377	0.39473686	0.6286138	1.0	2212	tags=21%, list=11%, signal=23%	
GOBP_NEGATIVE_REGULATION_OF_TYPE_I_INTERFERON_PRODUCTION	GOBP_NEGATIVE_REGULATION_OF_TYPE_I_INTERFERON_PRODUCTION		40	-0.36707306	-1.0455134	0.37172773	0.6284006	1.0	5015	tags=45%, list=26%, signal=61%	
GOBP_NUCLEOSIDE_MONOPHOSPHATE_BIOSYNTHETIC_PROCESS	GOBP_NUCLEOSIDE_MONOPHOSPHATE_BIOSYNTHETIC_PROCESS		40	-0.37718108	-1.0454051	0.3983871	0.6284014	1.0	2439	tags=23%, list=13%, signal=26%	
GOBP_NEGATIVE_REGULATION_OF_EXOCYTOSIS	GOBP_NEGATIVE_REGULATION_OF_EXOCYTOSIS		34	-0.38137352	-1.045193	0.40564373	0.6287004	1.0	1429	tags=18%, list=7%, signal=19%	
GOBP_MYD88_INDEPENDENT_TOLL_LIKE_RECEPTOR_SIGNALING_PATHWAY	GOBP_MYD88_INDEPENDENT_TOLL_LIKE_RECEPTOR_SIGNALING_PATHWAY		16	-0.44809806	-1.045145	0.38047808	0.6285258	1.0	415	tags=13%, list=2%, signal=13%	
GOCC_PLASMA_MEMBRANE_SIGNALING_RECEPTOR_COMPLEX	GOCC_PLASMA_MEMBRANE_SIGNALING_RECEPTOR_COMPLEX		185	-0.2938973	-1.0451438	0.35327634	0.6282379	1.0	2904	tags=22%, list=15%, signal=26%	
GOBP_CAMP_METABOLIC_PROCESS	GOBP_CAMP_METABOLIC_PROCESS		23	-0.40693402	-1.0450338	0.3989547	0.6282374	1.0	3044	tags=35%, list=16%, signal=41%	
GOBP_NATURAL_KILLER_CELL_ACTIVATION	GOBP_NATURAL_KILLER_CELL_ACTIVATION		93	-0.3233149	-1.0449687	0.37070253	0.6281352	1.0	2867	tags=22%, list=15%, signal=25%	
GOBP_FACULTATIVE_HETEROCHROMATIN_FORMATION	GOBP_FACULTATIVE_HETEROCHROMATIN_FORMATION		40	-0.36609092	-1.0449083	0.39303482	0.62799835	1.0	4395	tags=35%, list=23%, signal=45%	
GOBP_SMOOTH_MUSCLE_CONTRACTION	GOBP_SMOOTH_MUSCLE_CONTRACTION		102	-0.3128457	-1.0448787	0.36762482	0.6277862	1.0	1906	tags=18%, list=10%, signal=19%	
GOBP_NEGATIVE_REGULATION_OF_TUMOR_NECROSIS_FACTOR_SUPERFAMILY_CYTOKINE_PRODUCTION	GOBP_NEGATIVE_REGULATION_OF_TUMOR_NECROSIS_FACTOR_SUPERFAMILY_CYTOKINE_PRODUCTION		59	-0.3364546	-1.0448438	0.37223974	0.62758905	1.0	3315	tags=29%, list=17%, signal=35%	
GOBP_POSITIVE_REGULATION_OF_ACTIN_FILAMENT_BUNDLE_ASSEMBLY	GOBP_POSITIVE_REGULATION_OF_ACTIN_FILAMENT_BUNDLE_ASSEMBLY		60	-0.34031522	-1.0447165	0.3535188	0.6276499	1.0	2444	tags=25%, list=13%, signal=29%	
GOBP_REGULATION_OF_HORMONE_SECRETION	GOBP_REGULATION_OF_HORMONE_SECRETION		246	-0.2869973	-1.044646	0.3608522	0.6275366	1.0	2490	tags=18%, list=13%, signal=20%	
GOBP_HINDBRAIN_MORPHOGENESIS	GOBP_HINDBRAIN_MORPHOGENESIS		45	-0.35974795	-1.0444713	0.3974359	0.6277118	1.0	1360	tags=13%, list=7%, signal=14%	
GOBP_POSITIVE_REGULATION_OF_STRESS_FIBER_ASSEMBLY	GOBP_POSITIVE_REGULATION_OF_STRESS_FIBER_ASSEMBLY		50	-0.35731047	-1.0439564	0.394822	0.6288177	1.0	2444	tags=26%, list=13%, signal=30%	
GOBP_CELLULAR_RESPONSE_TO_ABIOTIC_STIMULUS	GOBP_CELLULAR_RESPONSE_TO_ABIOTIC_STIMULUS		321	-0.27876136	-1.043648	0.3525641	0.62937444	1.0	3013	tags=20%, list=16%, signal=23%	
GOBP_CELL_COMMUNICATION_INVOLVED_IN_CARDIAC_CONDUCTION	GOBP_CELL_COMMUNICATION_INVOLVED_IN_CARDIAC_CONDUCTION		57	-0.34209207	-1.0434495	0.3808096	0.6296104	1.0	1963	tags=19%, list=10%, signal=21%	
GOCC_MICROTUBULE_PLUS_END	GOCC_MICROTUBULE_PLUS_END		21	-0.42253992	-1.0434213	0.41489363	0.62939996	1.0	4401	tags=38%, list=23%, signal=49%	
GOBP_MUSCLE_ADAPTATION	GOBP_MUSCLE_ADAPTATION		100	-0.31960356	-1.043324	0.3739003	0.6293892	1.0	2540	tags=18%, list=13%, signal=21%	
GOMF_CYSTEINE_TYPE_ENDOPEPTIDASE_INHIBITOR_ACTIVITY_INVOLVED_IN_APOPTOTIC_PROCESS	GOMF_CYSTEINE_TYPE_ENDOPEPTIDASE_INHIBITOR_ACTIVITY_INVOLVED_IN_APOPTOTIC_PROCESS		20	-0.41346303	-1.0429909	0.42586207	0.6299837	1.0	2947	tags=20%, list=15%, signal=24%	
GOBP_POSITIVE_REGULATION_OF_DOUBLE_STRAND_BREAK_REPAIR	GOBP_POSITIVE_REGULATION_OF_DOUBLE_STRAND_BREAK_REPAIR		85	-0.32224098	-1.0428188	0.38674885	0.63014203	1.0	4697	tags=35%, list=24%, signal=46%	
GOBP_RESPONSE_TO_UV	GOBP_RESPONSE_TO_UV		150	-0.2997742	-1.0427465	0.3649222	0.63004553	1.0	4581	tags=32%, list=24%, signal=42%	
GOMF_ACTIVE_MONOATOMIC_ION_TRANSMEMBRANE_TRANSPORTER_ACTIVITY	GOMF_ACTIVE_MONOATOMIC_ION_TRANSMEMBRANE_TRANSPORTER_ACTIVITY		268	-0.2840239	-1.0423428	0.34407216	0.6308269	1.0	2869	tags=15%, list=15%, signal=17%	
GOBP_REGULATION_OF_MYOBLAST_PROLIFERATION	GOBP_REGULATION_OF_MYOBLAST_PROLIFERATION		17	-0.43426117	-1.0423033	0.4054054	0.63063145	1.0	2241	tags=35%, list=12%, signal=40%	
GOBP_NUCLEOSIDE_PHOSPHATE_BIOSYNTHETIC_PROCESS	GOBP_NUCLEOSIDE_PHOSPHATE_BIOSYNTHETIC_PROCESS		242	-0.28449357	-1.0422413	0.35904256	0.63050985	1.0	3044	tags=17%, list=16%, signal=20%	
GOBP_INFLAMMATORY_RESPONSE_TO_WOUNDING	GOBP_INFLAMMATORY_RESPONSE_TO_WOUNDING		26	-0.39766857	-1.0414958	0.40780142	0.6322627	1.0	2333	tags=31%, list=12%, signal=35%	
GOBP_POSITIVE_REGULATION_OF_SIGNAL_TRANSDUCTION_BY_P53_CLASS_MEDIATOR	GOBP_POSITIVE_REGULATION_OF_SIGNAL_TRANSDUCTION_BY_P53_CLASS_MEDIATOR		28	-0.39439952	-1.0414165	0.3898305	0.63217413	1.0	2603	tags=21%, list=13%, signal=25%	
GOBP_NEGATIVE_REGULATION_OF_KINASE_ACTIVITY	GOBP_NEGATIVE_REGULATION_OF_KINASE_ACTIVITY		156	-0.29774886	-1.0413908	0.3748212	0.6319397	1.0	3717	tags=26%, list=19%, signal=32%	
GOMF_ELECTRON_TRANSFER_ACTIVITY	GOMF_ELECTRON_TRANSFER_ACTIVITY		98	-0.31138423	-1.0402353	0.37668163	0.63471466	1.0	1137	tags=8%, list=6%, signal=9%	
GOCC_MONOATOMIC_ION_CHANNEL_COMPLEX	GOCC_MONOATOMIC_ION_CHANNEL_COMPLEX		327	-0.27660438	-1.0400819	0.33631712	0.6348393	1.0	1347	tags=9%, list=7%, signal=9%	
GOBP_SYNAPSE_ORGANIZATION	GOBP_SYNAPSE_ORGANIZATION		474	-0.26939645	-1.0399286	0.3405018	0.6349453	1.0	2925	tags=19%, list=15%, signal=22%	
GOCC_PERICENTRIC_HETEROCHROMATIN	GOCC_PERICENTRIC_HETEROCHROMATIN		27	-0.39436302	-1.0397187	0.39229423	0.6351988	1.0	3755	tags=33%, list=19%, signal=41%	
GOBP_NEURAL_CREST_FORMATION	GOBP_NEURAL_CREST_FORMATION		15	-0.45114088	-1.0395987	0.39179105	0.6352372	1.0	774	tags=13%, list=4%, signal=14%	
GOBP_REGULATION_OF_TOLL_LIKE_RECEPTOR_4_SIGNALING_PATHWAY	GOBP_REGULATION_OF_TOLL_LIKE_RECEPTOR_4_SIGNALING_PATHWAY		29	-0.38328075	-1.0394629	0.4003268	0.6353154	1.0	2867	tags=34%, list=15%, signal=40%	
GOBP_RETINA_DEVELOPMENT_IN_CAMERA_TYPE_EYE	GOBP_RETINA_DEVELOPMENT_IN_CAMERA_TYPE_EYE		159	-0.2975878	-1.0390729	0.35492957	0.63608897	1.0	3101	tags=21%, list=16%, signal=24%	
GOCC_TRANS_GOLGI_NETWORK_TRANSPORT_VESICLE	GOCC_TRANS_GOLGI_NETWORK_TRANSPORT_VESICLE		36	-0.36749157	-1.0390382	0.3990228	0.6358822	1.0	3846	tags=36%, list=20%, signal=45%	
GOCC_ER_TO_GOLGI_TRANSPORT_VESICLE_MEMBRANE	GOCC_ER_TO_GOLGI_TRANSPORT_VESICLE_MEMBRANE		59	-0.34297442	-1.039026	0.39313573	0.6356232	1.0	2593	tags=17%, list=13%, signal=20%	
GOBP_REGULATION_OF_T_CELL_MEDIATED_CYTOTOXICITY	GOBP_REGULATION_OF_T_CELL_MEDIATED_CYTOTOXICITY		49	-0.3548095	-1.0389726	0.39123377	0.63547146	1.0	1971	tags=16%, list=10%, signal=18%	
GOBP_CELL_ADHESION_MEDIATED_BY_INTEGRIN	GOBP_CELL_ADHESION_MEDIATED_BY_INTEGRIN		85	-0.32426053	-1.0387574	0.37020648	0.63575095	1.0	2553	tags=32%, list=13%, signal=36%	
GOBP_POSITIVE_REGULATION_OF_BLOOD_CIRCULATION	GOBP_POSITIVE_REGULATION_OF_BLOOD_CIRCULATION		35	-0.37664613	-1.0386211	0.41694915	0.6358319	1.0	2444	tags=26%, list=13%, signal=29%	
GOBP_INTESTINAL_LIPID_ABSORPTION	GOBP_INTESTINAL_LIPID_ABSORPTION		22	-0.41525483	-1.0384421	0.39426523	0.6360086	1.0	1296	tags=23%, list=7%, signal=24%	
GOBP_NEGATIVE_REGULATION_OF_DIGESTIVE_SYSTEM_PROCESS	GOBP_NEGATIVE_REGULATION_OF_DIGESTIVE_SYSTEM_PROCESS		15	-0.4602329	-1.0384291	0.41864717	0.63574624	1.0	2168	tags=20%, list=11%, signal=22%	
GOCC_P_BODY	GOCC_P_BODY		92	-0.3239758	-1.0378277	0.36996904	0.63706034	1.0	4700	tags=30%, list=24%, signal=40%	
GOMF_R_SMAD_BINDING	GOMF_R_SMAD_BINDING		24	-0.40763944	-1.0374392	0.4189189	0.6378461	1.0	1247	tags=13%, list=6%, signal=13%	
GOBP_REGULATION_OF_PHOSPHOLIPASE_C_ACTIVITY	GOBP_REGULATION_OF_PHOSPHOLIPASE_C_ACTIVITY		34	-0.374793	-1.0373847	0.41860464	0.63770837	1.0	2837	tags=29%, list=15%, signal=34%	
GOBP_LYTIC_VACUOLE_ORGANIZATION	GOBP_LYTIC_VACUOLE_ORGANIZATION		104	-0.30693465	-1.0371195	0.3753754	0.6381373	1.0	4200	tags=27%, list=22%, signal=34%	
GOBP_RETINA_VASCULATURE_DEVELOPMENT_IN_CAMERA_TYPE_EYE	GOBP_RETINA_VASCULATURE_DEVELOPMENT_IN_CAMERA_TYPE_EYE		20	-0.41228193	-1.0367556	0.41269842	0.6388154	1.0	2249	tags=40%, list=12%, signal=45%	
GOMF_MYOSIN_BINDING	GOMF_MYOSIN_BINDING		72	-0.33153546	-1.0364767	0.40185472	0.6392572	1.0	2678	tags=18%, list=14%, signal=21%	
GOBP_PROSTANOID_BIOSYNTHETIC_PROCESS	GOBP_PROSTANOID_BIOSYNTHETIC_PROCESS		27	-0.40037125	-1.0364397	0.40173912	0.63905394	1.0	3931	tags=48%, list=20%, signal=60%	
GOBP_REGULATION_OF_MONOATOMIC_ION_TRANSMEMBRANE_TRANSPORT	GOBP_REGULATION_OF_MONOATOMIC_ION_TRANSMEMBRANE_TRANSPORT		314	-0.27812052	-1.0361711	0.3889586	0.6394692	1.0	2516	tags=15%, list=13%, signal=17%	
GOBP_GLYCOSIDE_METABOLIC_PROCESS	GOBP_GLYCOSIDE_METABOLIC_PROCESS		20	-0.41320834	-1.0360997	0.40630472	0.63936013	1.0	3035	tags=25%, list=16%, signal=30%	
GOBP_HINDBRAIN_DEVELOPMENT	GOBP_HINDBRAIN_DEVELOPMENT		153	-0.29798287	-1.0360168	0.39321074	0.63929045	1.0	1545	tags=11%, list=8%, signal=12%	
GOMF_OLIGOSACCHARIDE_BINDING	GOMF_OLIGOSACCHARIDE_BINDING		17	-0.43205726	-1.0357783	0.41331	0.6396357	1.0	377	tags=12%, list=2%, signal=12%	
GOBP_CEREBRAL_CORTEX_CELL_MIGRATION	GOBP_CEREBRAL_CORTEX_CELL_MIGRATION		46	-0.35384703	-1.0356357	0.38762215	0.6397139	1.0	3685	tags=33%, list=19%, signal=40%	
GOBP_MICROTUBULE_ORGANIZING_CENTER_ORGANIZATION	GOBP_MICROTUBULE_ORGANIZING_CENTER_ORGANIZATION		143	-0.30009922	-1.0355438	0.4045911	0.6396809	1.0	3239	tags=24%, list=17%, signal=29%	
GOBP_REGULATION_OF_HEMOPOIESIS	GOBP_REGULATION_OF_HEMOPOIESIS		389	-0.2724628	-1.0348531	0.36621454	0.6412735	1.0	3849	tags=25%, list=20%, signal=30%	
GOBP_POSITIVE_REGULATION_OF_VIRAL_GENOME_REPLICATION	GOBP_POSITIVE_REGULATION_OF_VIRAL_GENOME_REPLICATION		30	-0.3873837	-1.0348189	0.40625	0.641077	1.0	2764	tags=27%, list=14%, signal=31%	
GOCC_AZUROPHIL_GRANULE_LUMEN	GOCC_AZUROPHIL_GRANULE_LUMEN		90	-0.31895125	-1.0345118	0.37370753	0.6416089	1.0	966	tags=11%, list=5%, signal=12%	
GOMF_PROTEIN_SERINE_KINASE_ACTIVITY	GOMF_PROTEIN_SERINE_KINASE_ACTIVITY		346	-0.27418858	-1.0343207	0.37344912	0.6418304	1.0	3761	tags=25%, list=19%, signal=31%	
GOCC_CLATHRIN_COATED_VESICLE	GOCC_CLATHRIN_COATED_VESICLE		210	-0.28681564	-1.0340341	0.36556292	0.64232206	1.0	3042	tags=21%, list=16%, signal=25%	
GOBP_REGULATION_OF_NEUROBLAST_PROLIFERATION	GOBP_REGULATION_OF_NEUROBLAST_PROLIFERATION		50	-0.34541482	-1.0335845	0.3936877	0.643235	1.0	2433	tags=20%, list=13%, signal=23%	
GOBP_PROTEIN_DEPHOSPHORYLATION	GOBP_PROTEIN_DEPHOSPHORYLATION		189	-0.2899022	-1.0333651	0.3697479	0.6435324	1.0	3912	tags=26%, list=20%, signal=32%	
GOMF_PROTEIN_RNA_ADAPTOR_ACTIVITY	GOMF_PROTEIN_RNA_ADAPTOR_ACTIVITY		21	-0.41136158	-1.0331961	0.40071556	0.6436963	1.0	4561	tags=38%, list=23%, signal=50%	
GOBP_CELLULAR_RESPONSE_TO_INTERFERON_BETA	GOBP_CELLULAR_RESPONSE_TO_INTERFERON_BETA		23	-0.40550894	-1.0331722	0.43218806	0.64346457	1.0	4252	tags=30%, list=22%, signal=39%	
GOBP_INTERLEUKIN_6_MEDIATED_SIGNALING_PATHWAY	GOBP_INTERLEUKIN_6_MEDIATED_SIGNALING_PATHWAY		18	-0.421454	-1.0330793	0.4144621	0.6434122	1.0	4212	tags=44%, list=22%, signal=57%	
GOBP_NEGATIVE_REGULATION_OF_NON_CANONICAL_NF_KAPPAB_SIGNAL_TRANSDUCTION	GOBP_NEGATIVE_REGULATION_OF_NON_CANONICAL_NF_KAPPAB_SIGNAL_TRANSDUCTION		26	-0.39274845	-1.0329143	0.41638795	0.6435519	1.0	1998	tags=15%, list=10%, signal=17%	
GOBP_INORGANIC_ANION_TRANSPORT	GOBP_INORGANIC_ANION_TRANSPORT		166	-0.29497832	-1.0326453	0.39172414	0.6439848	1.0	3058	tags=18%, list=16%, signal=21%	
GOMF_DEMETHYLASE_ACTIVITY	GOMF_DEMETHYLASE_ACTIVITY		33	-0.37675115	-1.0325404	0.39616057	0.64397955	1.0	892	tags=9%, list=5%, signal=10%	
GOBP_NEGATIVE_REGULATION_OF_LEUKOCYTE_CELL_CELL_ADHESION	GOBP_NEGATIVE_REGULATION_OF_LEUKOCYTE_CELL_CELL_ADHESION		133	-0.3010428	-1.0324817	0.37826088	0.6438556	1.0	2331	tags=20%, list=12%, signal=23%	
GOMF_DNA_NUCLEASE_ACTIVITY	GOMF_DNA_NUCLEASE_ACTIVITY		61	-0.33521077	-1.0324167	0.4	0.64375037	1.0	3219	tags=26%, list=17%, signal=31%	
GOBP_AXON_EXTENSION	GOBP_AXON_EXTENSION		106	-0.3088748	-1.0319397	0.38929087	0.6447357	1.0	2561	tags=18%, list=13%, signal=21%	
GOBP_RESPONSE_TO_ANTIBIOTIC	GOBP_RESPONSE_TO_ANTIBIOTIC		37	-0.37730423	-1.0316517	0.3806344	0.64521545	1.0	4108	tags=35%, list=21%, signal=44%	
GOBP_REGULATION_OF_LIPASE_ACTIVITY	GOBP_REGULATION_OF_LIPASE_ACTIVITY		63	-0.33404347	-1.0314016	0.396875	0.645579	1.0	2907	tags=29%, list=15%, signal=33%	
GOBP_ANDROGEN_METABOLIC_PROCESS	GOBP_ANDROGEN_METABOLIC_PROCESS		30	-0.3838137	-1.0313126	0.41852486	0.64552206	1.0	2582	tags=27%, list=13%, signal=31%	
GOBP_GLIAL_CELL_DIFFERENTIATION	GOBP_GLIAL_CELL_DIFFERENTIATION		251	-0.28171405	-1.0311105	0.38269988	0.6457763	1.0	2791	tags=18%, list=14%, signal=21%	
GOBP_NEGATIVE_REGULATION_OF_T_CELL_PROLIFERATION	GOBP_NEGATIVE_REGULATION_OF_T_CELL_PROLIFERATION		69	-0.33117163	-1.0310056	0.3771252	0.64575493	1.0	2331	tags=26%, list=12%, signal=30%	
GOBP_REGULATION_OF_CARDIAC_MUSCLE_CELL_ACTION_POTENTIAL	GOBP_REGULATION_OF_CARDIAC_MUSCLE_CELL_ACTION_POTENTIAL		28	-0.3983527	-1.0310007	0.4288225	0.6454747	1.0	2430	tags=29%, list=13%, signal=33%	
GOBP_REGULATION_OF_PROTEIN_DEPHOSPHORYLATION	GOBP_REGULATION_OF_PROTEIN_DEPHOSPHORYLATION		67	-0.33163583	-1.0306276	0.41025642	0.6462175	1.0	3896	tags=33%, list=20%, signal=41%	
GOBP_CORTICAL_CYTOSKELETON_ORGANIZATION	GOBP_CORTICAL_CYTOSKELETON_ORGANIZATION		50	-0.34952417	-1.0302786	0.39232054	0.6468965	1.0	4303	tags=36%, list=22%, signal=46%	
GOBP_POSITIVE_REGULATION_OF_MACROPHAGE_CHEMOTAXIS	GOBP_POSITIVE_REGULATION_OF_MACROPHAGE_CHEMOTAXIS		19	-0.41942233	-1.030189	0.42955327	0.64684224	1.0	2535	tags=32%, list=13%, signal=36%	
GOBP_PURINE_CONTAINING_COMPOUND_TRANSMEMBRANE_TRANSPORT	GOBP_PURINE_CONTAINING_COMPOUND_TRANSMEMBRANE_TRANSPORT		38	-0.3709969	-1.0295767	0.4280822	0.6482593	1.0	2492	tags=26%, list=13%, signal=30%	
GOBP_ACTION_POTENTIAL	GOBP_ACTION_POTENTIAL		161	-0.2909081	-1.029543	0.40870786	0.64805794	1.0	1801	tags=13%, list=9%, signal=14%	
GOMF_TRANSLATION_REGULATOR_ACTIVITY_NUCLEIC_ACID_BINDING	GOMF_TRANSLATION_REGULATOR_ACTIVITY_NUCLEIC_ACID_BINDING		103	-0.31101882	-1.0294074	0.40625	0.6481426	1.0	2434	tags=11%, list=13%, signal=12%	
GOBP_COLLAGEN_BIOSYNTHETIC_PROCESS	GOBP_COLLAGEN_BIOSYNTHETIC_PROCESS		40	-0.3574253	-1.0287515	0.40699524	0.6496673	1.0	2387	tags=28%, list=12%, signal=31%	
GOCC_GABA_RECEPTOR_COMPLEX	GOCC_GABA_RECEPTOR_COMPLEX		21	-0.4130985	-1.0281686	0.41312057	0.6509686	1.0	2573	tags=14%, list=13%, signal=16%	
GOCC_PLATELET_ALPHA_GRANULE	GOCC_PLATELET_ALPHA_GRANULE		89	-0.32090566	-1.0277038	0.4113924	0.65193033	1.0	1612	tags=17%, list=8%, signal=18%	
GOBP_POSITIVE_REGULATION_OF_PROTEIN_DEPHOSPHORYLATION	GOBP_POSITIVE_REGULATION_OF_PROTEIN_DEPHOSPHORYLATION		38	-0.36779118	-1.0270493	0.4070513	0.65340304	1.0	3730	tags=37%, list=19%, signal=46%	
GOMF_PHOSPHATIDYLSERINE_BINDING	GOMF_PHOSPHATIDYLSERINE_BINDING		67	-0.33612186	-1.0267217	0.42987806	0.6540153	1.0	2021	tags=16%, list=10%, signal=18%	
GOBP_PROTEIN_LIPID_COMPLEX_ORGANIZATION	GOBP_PROTEIN_LIPID_COMPLEX_ORGANIZATION		53	-0.34768817	-1.0264689	0.4244833	0.65440136	1.0	813	tags=17%, list=4%, signal=18%	
GOMF_PROTEIN_PHOSPHATASE_BINDING	GOMF_PROTEIN_PHOSPHATASE_BINDING		133	-0.30360416	-1.0263479	0.4060606	0.65443236	1.0	3763	tags=27%, list=19%, signal=33%	
GOBP_POSITIVE_REGULATION_OF_ADAPTIVE_IMMUNE_RESPONSE	GOBP_POSITIVE_REGULATION_OF_ADAPTIVE_IMMUNE_RESPONSE		127	-0.29943857	-1.0262331	0.39285713	0.65445065	1.0	3755	tags=28%, list=19%, signal=35%	
GOBP_NUCLEOSIDE_MONOPHOSPHATE_METABOLIC_PROCESS	GOBP_NUCLEOSIDE_MONOPHOSPHATE_METABOLIC_PROCESS		74	-0.320428	-1.0261279	0.39906833	0.6544474	1.0	4174	tags=28%, list=21%, signal=36%	
GOBP_NEGATIVE_REGULATION_OF_PROTEOLYSIS	GOBP_NEGATIVE_REGULATION_OF_PROTEOLYSIS		209	-0.28476197	-1.0260285	0.42536327	0.6544303	1.0	2319	tags=15%, list=12%, signal=17%	
GOBP_HIPPOCAMPUS_DEVELOPMENT	GOBP_HIPPOCAMPUS_DEVELOPMENT		95	-0.31617868	-1.0253366	0.41041347	0.6560602	1.0	1885	tags=13%, list=10%, signal=14%	
GOBP_NEGATIVE_REGULATION_OF_CATALYTIC_ACTIVITY	GOBP_NEGATIVE_REGULATION_OF_CATALYTIC_ACTIVITY		396	-0.269978	-1.0246203	0.38071692	0.6577006	1.0	3717	tags=23%, list=19%, signal=28%	
GOMF_HEXOSE_TRANSMEMBRANE_TRANSPORTER_ACTIVITY	GOMF_HEXOSE_TRANSMEMBRANE_TRANSPORTER_ACTIVITY		25	-0.39869395	-1.0244079	0.4275862	0.6579848	1.0	1413	tags=20%, list=7%, signal=22%	
GOMF_MICROTUBULE_BINDING	GOMF_MICROTUBULE_BINDING		257	-0.27941272	-1.0243468	0.37723786	0.65784013	1.0	3215	tags=24%, list=17%, signal=28%	
GOBP_NEGATIVE_REGULATION_OF_VIRAL_GENOME_REPLICATION	GOBP_NEGATIVE_REGULATION_OF_VIRAL_GENOME_REPLICATION		52	-0.34233564	-1.0240437	0.42295083	0.6583585	1.0	3115	tags=27%, list=16%, signal=32%	
GOBP_REGULATION_OF_PROTEASOMAL_UBIQUITIN_DEPENDENT_PROTEIN_CATABOLIC_PROCESS	GOBP_REGULATION_OF_PROTEASOMAL_UBIQUITIN_DEPENDENT_PROTEIN_CATABOLIC_PROCESS		119	-0.30294272	-1.0240273	0.41014493	0.6581039	1.0	2377	tags=18%, list=12%, signal=20%	
GOCC_TRANSPORT_VESICLE	GOCC_TRANSPORT_VESICLE		419	-0.2687854	-1.0239222	0.40120482	0.65811193	1.0	2379	tags=15%, list=12%, signal=17%	
GOBP_DEPHOSPHORYLATION	GOBP_DEPHOSPHORYLATION		258	-0.2787294	-1.0236071	0.38814017	0.65868807	1.0	4478	tags=31%, list=23%, signal=40%	
GOCC_U2_TYPE_SPLICEOSOMAL_COMPLEX	GOCC_U2_TYPE_SPLICEOSOMAL_COMPLEX		91	-0.31751257	-1.0235804	0.40451127	0.6584669	1.0	4700	tags=33%, list=24%, signal=43%	
GOCC_SODIUM_CHANNEL_COMPLEX	GOCC_SODIUM_CHANNEL_COMPLEX		23	-0.40347075	-1.0234667	0.4295416	0.65850514	1.0	1294	tags=9%, list=7%, signal=9%	
GOBP_GLOMERULAR_EPITHELIUM_DEVELOPMENT	GOBP_GLOMERULAR_EPITHELIUM_DEVELOPMENT		27	-0.38736388	-1.0233368	0.42258066	0.6585499	1.0	2658	tags=33%, list=14%, signal=39%	
GOBP_B_CELL_MEDIATED_IMMUNITY	GOBP_B_CELL_MEDIATED_IMMUNITY		131	-0.30167696	-1.0227462	0.41091955	0.6598686	1.0	2993	tags=25%, list=15%, signal=30%	
GOBP_NEGATIVE_REGULATION_OF_SMOOTH_MUSCLE_CELL_MIGRATION	GOBP_NEGATIVE_REGULATION_OF_SMOOTH_MUSCLE_CELL_MIGRATION		22	-0.40347764	-1.0227346	0.42881355	0.6596077	1.0	4320	tags=50%, list=22%, signal=64%	
GOBP_VENTRAL_SPINAL_CORD_DEVELOPMENT	GOBP_VENTRAL_SPINAL_CORD_DEVELOPMENT		45	-0.35030875	-1.022645	0.4208809	0.6595529	1.0	2242	tags=20%, list=12%, signal=23%	
GOBP_NATURAL_KILLER_CELL_ACTIVATION_INVOLVED_IN_IMMUNE_RESPONSE	GOBP_NATURAL_KILLER_CELL_ACTIVATION_INVOLVED_IN_IMMUNE_RESPONSE		34	-0.37322798	-1.0223207	0.42857143	0.66013575	1.0	1412	tags=12%, list=7%, signal=13%	
GOBP_REGULATION_OF_ANIMAL_ORGAN_FORMATION	GOBP_REGULATION_OF_ANIMAL_ORGAN_FORMATION		28	-0.38618883	-1.0219297	0.4528302	0.66091865	1.0	1092	tags=14%, list=6%, signal=15%	
GOBP_DEVELOPMENT_OF_PRIMARY_FEMALE_SEXUAL_CHARACTERISTICS	GOBP_DEVELOPMENT_OF_PRIMARY_FEMALE_SEXUAL_CHARACTERISTICS		104	-0.30705893	-1.021721	0.40528634	0.6612038	1.0	2989	tags=22%, list=15%, signal=26%	
GOBP_CHEMICAL_SYNAPTIC_TRANSMISSION_POSTSYNAPTIC	GOBP_CHEMICAL_SYNAPTIC_TRANSMISSION_POSTSYNAPTIC		107	-0.30500427	-1.0216506	0.41911766	0.6610958	1.0	878	tags=7%, list=5%, signal=8%	
GOMF_LIPASE_INHIBITOR_ACTIVITY	GOMF_LIPASE_INHIBITOR_ACTIVITY		15	-0.44181693	-1.0215864	0.45860928	0.6609794	1.0	596	tags=20%, list=3%, signal=21%	
GOBP_PROXIMAL_DISTAL_PATTERN_FORMATION	GOBP_PROXIMAL_DISTAL_PATTERN_FORMATION		34	-0.3681826	-1.0213677	0.44006568	0.6612807	1.0	552	tags=12%, list=3%, signal=12%	
GOCC_FIBRILLAR_CENTER	GOCC_FIBRILLAR_CENTER		143	-0.2968317	-1.0208669	0.38507462	0.6623272	1.0	4456	tags=27%, list=23%, signal=35%	
GOBP_PROTEIN_LOCALIZATION_TO_CELL_SURFACE	GOBP_PROTEIN_LOCALIZATION_TO_CELL_SURFACE		65	-0.3285478	-1.0204295	0.41294298	0.6631734	1.0	1795	tags=18%, list=9%, signal=20%	
GOBP_POTASSIUM_ION_TRANSPORT	GOBP_POTASSIUM_ION_TRANSPORT		235	-0.2787779	-1.0203223	0.39271256	0.66317225	1.0	1391	tags=9%, list=7%, signal=10%	
GOBP_NEGATIVE_REGULATION_OF_PROTEIN_MODIFICATION_PROCESS	GOBP_NEGATIVE_REGULATION_OF_PROTEIN_MODIFICATION_PROCESS		379	-0.2689991	-1.0202688	0.39751554	0.6630218	1.0	3748	tags=24%, list=19%, signal=29%	
GOMF_CARBOHYDRATE_BINDING	GOMF_CARBOHYDRATE_BINDING		264	-0.27811873	-1.0202663	0.38013244	0.6627348	1.0	1971	tags=14%, list=10%, signal=15%	
GOBP_ZYMOGEN_ACTIVATION	GOBP_ZYMOGEN_ACTIVATION		56	-0.33390775	-1.0202415	0.44070512	0.6624956	1.0	1230	tags=16%, list=6%, signal=17%	
GOMF_SIALIC_ACID_BINDING	GOMF_SIALIC_ACID_BINDING		21	-0.4127227	-1.0201077	0.4403509	0.66256166	1.0	377	tags=14%, list=2%, signal=15%	
GOMF_5_3_EXONUCLEASE_ACTIVITY	GOMF_5_3_EXONUCLEASE_ACTIVITY		17	-0.42360386	-1.0198722	0.4226087	0.6629106	1.0	3219	tags=29%, list=17%, signal=35%	
GOBP_REGULATION_OF_DOUBLE_STRAND_BREAK_REPAIR	GOBP_REGULATION_OF_DOUBLE_STRAND_BREAK_REPAIR		127	-0.2993581	-1.0191844	0.42691752	0.66444945	1.0	4697	tags=32%, list=24%, signal=42%	
GOBP_POSITIVE_REGULATION_OF_GRANULOCYTE_CHEMOTAXIS	GOBP_POSITIVE_REGULATION_OF_GRANULOCYTE_CHEMOTAXIS		26	-0.39240977	-1.0189521	0.4353147	0.66476303	1.0	2535	tags=31%, list=13%, signal=35%	
GOBP_PITUITARY_GLAND_DEVELOPMENT	GOBP_PITUITARY_GLAND_DEVELOPMENT		42	-0.35689253	-1.0177609	0.43966943	0.66767305	1.0	1575	tags=14%, list=8%, signal=16%	
GOMF_POTASSIUM_ION_TRANSMEMBRANE_TRANSPORTER_ACTIVITY	GOMF_POTASSIUM_ION_TRANSMEMBRANE_TRANSPORTER_ACTIVITY		158	-0.29087293	-1.0175341	0.41007194	0.6679968	1.0	1391	tags=9%, list=7%, signal=9%	
GOMF_HISTONE_MODIFYING_ACTIVITY	GOMF_HISTONE_MODIFYING_ACTIVITY		189	-0.28659728	-1.0170223	0.42097902	0.6691136	1.0	4874	tags=33%, list=25%, signal=44%	
GOCC_CAJAL_BODY	GOCC_CAJAL_BODY		65	-0.32732975	-1.016991	0.4225352	0.66890436	1.0	5911	tags=49%, list=30%, signal=71%	
GOBP_REGULATION_OF_DIGESTIVE_SYSTEM_PROCESS	GOBP_REGULATION_OF_DIGESTIVE_SYSTEM_PROCESS		40	-0.3605257	-1.0169282	0.44073457	0.66878396	1.0	1693	tags=18%, list=9%, signal=19%	
GOBP_VASOCONSTRICTION	GOBP_VASOCONSTRICTION		85	-0.31565392	-1.0168846	0.4071856	0.6686104	1.0	1824	tags=15%, list=9%, signal=17%	
GOMF_MONOATOMIC_ANION_SODIUM_SYMPORTER_ACTIVITY	GOMF_MONOATOMIC_ANION_SODIUM_SYMPORTER_ACTIVITY		18	-0.4349632	-1.016802	0.43454546	0.66854775	1.0	3247	tags=22%, list=17%, signal=27%	
GOBP_POSITIVE_REGULATION_OF_MORPHOGENESIS_OF_AN_EPITHELIUM	GOBP_POSITIVE_REGULATION_OF_MORPHOGENESIS_OF_AN_EPITHELIUM		37	-0.3650614	-1.0167128	0.4385113	0.6684882	1.0	2702	tags=24%, list=14%, signal=28%	
GOBP_POSITIVE_REGULATION_OF_PROTEOLYSIS	GOBP_POSITIVE_REGULATION_OF_PROTEOLYSIS		318	-0.271364	-1.0167098	0.40609136	0.66820115	1.0	3413	tags=21%, list=18%, signal=25%	
GOBP_REGULATION_OF_TYPE_2_IMMUNE_RESPONSE	GOBP_REGULATION_OF_TYPE_2_IMMUNE_RESPONSE		34	-0.37345597	-1.0166852	0.42598686	0.6679771	1.0	2382	tags=24%, list=12%, signal=27%	
GOBP_POSITIVE_REGULATION_OF_TOR_SIGNALING	GOBP_POSITIVE_REGULATION_OF_TOR_SIGNALING		68	-0.32225007	-1.0166509	0.4266467	0.6677667	1.0	4667	tags=34%, list=24%, signal=44%	
GOBP_APICAL_PROTEIN_LOCALIZATION	GOBP_APICAL_PROTEIN_LOCALIZATION		15	-0.44176495	-1.016592	0.45559844	0.6676328	1.0	3929	tags=47%, list=20%, signal=58%	
GOBP_FORMATION_OF_PRIMARY_GERM_LAYER	GOBP_FORMATION_OF_PRIMARY_GERM_LAYER		121	-0.30080634	-1.0164846	0.4304348	0.66761565	1.0	2002	tags=15%, list=10%, signal=16%	
GOBP_PROTEIN_POLYMERIZATION	GOBP_PROTEIN_POLYMERIZATION		269	-0.2753007	-1.016268	0.43193716	0.6679055	1.0	3436	tags=24%, list=18%, signal=29%	
GOBP_TROPHECTODERMAL_CELL_DIFFERENTIATION	GOBP_TROPHECTODERMAL_CELL_DIFFERENTIATION		19	-0.42106044	-1.0162622	0.4478976	0.66762626	1.0	2950	tags=26%, list=15%, signal=31%	
GOMF_AMYLOID_BETA_BINDING	GOMF_AMYLOID_BETA_BINDING		85	-0.31617317	-1.0162188	0.41574803	0.6674449	1.0	1944	tags=19%, list=10%, signal=21%	
GOBP_POSITIVE_REGULATION_OF_VIRAL_PROCESS	GOBP_POSITIVE_REGULATION_OF_VIRAL_PROCESS		62	-0.3324307	-1.01605	0.42375603	0.6676285	1.0	2764	tags=23%, list=14%, signal=26%	
GOMF_CXCR_CHEMOKINE_RECEPTOR_BINDING	GOMF_CXCR_CHEMOKINE_RECEPTOR_BINDING		17	-0.42193624	-1.0159552	0.41860464	0.66758585	1.0	1717	tags=24%, list=9%, signal=26%	
GOBP_STRESS_FIBER_ASSEMBLY	GOBP_STRESS_FIBER_ASSEMBLY		107	-0.3047225	-1.0158788	0.42496285	0.6674867	1.0	3413	tags=28%, list=18%, signal=34%	
GOBP_RESPONSE_TO_X_RAY	GOBP_RESPONSE_TO_X_RAY		26	-0.3921688	-1.0157783	0.4342762	0.6674609	1.0	4153	tags=38%, list=21%, signal=49%	
GOBP_GLIAL_CELL_DEVELOPMENT	GOBP_GLIAL_CELL_DEVELOPMENT		126	-0.29931226	-1.0154605	0.43695015	0.66802824	1.0	1337	tags=13%, list=7%, signal=14%	
GOBP_LYSOSOMAL_PROTEIN_CATABOLIC_PROCESS	GOBP_LYSOSOMAL_PROTEIN_CATABOLIC_PROCESS		19	-0.4141436	-1.0149857	0.42424244	0.6690419	1.0	4054	tags=32%, list=21%, signal=40%	
GOBP_CALCIUM_ION_TRANSPORT	GOBP_CALCIUM_ION_TRANSPORT		408	-0.26625118	-1.0149436	0.42009684	0.6688782	1.0	2602	tags=16%, list=13%, signal=18%	
GOBP_POSITIVE_REGULATION_OF_OSSIFICATION	GOBP_POSITIVE_REGULATION_OF_OSSIFICATION		50	-0.34561315	-1.0144733	0.44832826	0.6698488	1.0	4006	tags=40%, list=21%, signal=50%	
GOCC_CELL_CORTEX	GOCC_CELL_CORTEX		289	-0.27365467	-1.0139129	0.4348387	0.6710316	1.0	3941	tags=26%, list=20%, signal=33%	
GOCC_FICOLIN_1_RICH_GRANULE_LUMEN	GOCC_FICOLIN_1_RICH_GRANULE_LUMEN		123	-0.2988375	-1.0138484	0.44332856	0.67090446	1.0	3992	tags=20%, list=21%, signal=25%	
GOBP_CELLULAR_MODIFIED_AMINO_ACID_METABOLIC_PROCESS	GOBP_CELLULAR_MODIFIED_AMINO_ACID_METABOLIC_PROCESS		184	-0.2832044	-1.0137864	0.42048517	0.6707695	1.0	2572	tags=21%, list=13%, signal=24%	
GOBP_COCHLEA_MORPHOGENESIS	GOBP_COCHLEA_MORPHOGENESIS		24	-0.39562452	-1.0136333	0.45340502	0.67090034	1.0	3981	tags=29%, list=20%, signal=37%	
GOMF_P53_BINDING	GOMF_P53_BINDING		64	-0.33002728	-1.0134447	0.42147437	0.6711282	1.0	4630	tags=30%, list=24%, signal=39%	
GOBP_CELLULAR_KETONE_METABOLIC_PROCESS	GOBP_CELLULAR_KETONE_METABOLIC_PROCESS		208	-0.28193557	-1.0133108	0.4327323	0.67118216	1.0	3104	tags=21%, list=16%, signal=24%	
GOBP_REGULATION_OF_ADENYLATE_CYCLASE_ACTIVITY	GOBP_REGULATION_OF_ADENYLATE_CYCLASE_ACTIVITY		43	-0.34930995	-1.0132208	0.44369748	0.67112225	1.0	2675	tags=26%, list=14%, signal=30%	
GOMF_METAL_ION_TRANSMEMBRANE_TRANSPORTER_ACTIVITY	GOMF_METAL_ION_TRANSMEMBRANE_TRANSPORTER_ACTIVITY		440	-0.26271272	-1.0128868	0.41807228	0.67174935	1.0	2619	tags=14%, list=13%, signal=15%	
GOBP_PROTEIN_LOCALIZATION_TO_CELL_PERIPHERY	GOBP_PROTEIN_LOCALIZATION_TO_CELL_PERIPHERY		333	-0.26860195	-1.012742	0.44402984	0.6718389	1.0	3646	tags=24%, list=19%, signal=29%	
GOBP_VIRAL_TRANSLATION	GOBP_VIRAL_TRANSLATION		18	-0.42872494	-1.0121753	0.4571918	0.67305917	1.0	4428	tags=33%, list=23%, signal=43%	
GOBP_POSITIVE_REGULATION_OF_ALPHA_BETA_T_CELL_DIFFERENTIATION	GOBP_POSITIVE_REGULATION_OF_ALPHA_BETA_T_CELL_DIFFERENTIATION		54	-0.34007645	-1.0119363	0.431562	0.6734101	1.0	4498	tags=41%, list=23%, signal=53%	
GOBP_REGULATION_OF_SPROUTING_ANGIOGENESIS	GOBP_REGULATION_OF_SPROUTING_ANGIOGENESIS		41	-0.35614493	-1.0118234	0.45786965	0.6734366	1.0	604	tags=10%, list=3%, signal=10%	
GOBP_PHOSPHOLIPASE_C_ACTIVATING_G_PROTEIN_COUPLED_RECEPTOR_SIGNALING_PATHWAY	GOBP_PHOSPHOLIPASE_C_ACTIVATING_G_PROTEIN_COUPLED_RECEPTOR_SIGNALING_PATHWAY		115	-0.29829568	-1.0117223	0.4406015	0.6734132	1.0	3373	tags=23%, list=17%, signal=27%	
GOBP_NEGATIVE_REGULATION_OF_PHOSPHORUS_METABOLIC_PROCESS	GOBP_NEGATIVE_REGULATION_OF_PHOSPHORUS_METABOLIC_PROCESS		335	-0.2709214	-1.0111775	0.4490566	0.6745776	1.0	3207	tags=21%, list=17%, signal=24%	
GOBP_SEQUESTERING_OF_CALCIUM_ION	GOBP_SEQUESTERING_OF_CALCIUM_ION		129	-0.2946465	-1.0111581	0.44298247	0.6743298	1.0	2602	tags=20%, list=13%, signal=23%	
GOBP_RESPONSE_TO_HYDROPEROXIDE	GOBP_RESPONSE_TO_HYDROPEROXIDE		18	-0.40997356	-1.011073	0.44273505	0.6742724	1.0	3510	tags=39%, list=18%, signal=47%	
GOBP_POSITIVE_REGULATION_OF_LYMPHOCYTE_CHEMOTAXIS	GOBP_POSITIVE_REGULATION_OF_LYMPHOCYTE_CHEMOTAXIS		19	-0.41263825	-1.0107327	0.44935542	0.6748685	1.0	2529	tags=32%, list=13%, signal=36%	
GOMF_HISTONE_BINDING	GOMF_HISTONE_BINDING		225	-0.28058255	-1.0101904	0.43157893	0.67605	1.0	4814	tags=34%, list=25%, signal=44%	
GOBP_POSITIVE_REGULATION_OF_SMOOTH_MUSCLE_CELL_APOPTOTIC_PROCESS	GOBP_POSITIVE_REGULATION_OF_SMOOTH_MUSCLE_CELL_APOPTOTIC_PROCESS		16	-0.43281022	-1.0101563	0.45907474	0.675851	1.0	925	tags=19%, list=5%, signal=20%	
GOMF_IONOTROPIC_GLUTAMATE_RECEPTOR_BINDING	GOMF_IONOTROPIC_GLUTAMATE_RECEPTOR_BINDING		24	-0.3968984	-1.009864	0.45357144	0.6763363	1.0	4723	tags=38%, list=24%, signal=49%	
GOBP_POSITIVE_REGULATION_OF_VIRAL_LIFE_CYCLE	GOBP_POSITIVE_REGULATION_OF_VIRAL_LIFE_CYCLE		24	-0.39443257	-1.0095708	0.43280977	0.6768209	1.0	1070	tags=17%, list=6%, signal=18%	
GOBP_NEGATIVE_REGULATION_OF_TRANSFERASE_ACTIVITY	GOBP_NEGATIVE_REGULATION_OF_TRANSFERASE_ACTIVITY		185	-0.2848998	-1.0094275	0.4111888	0.6769117	1.0	3717	tags=25%, list=19%, signal=30%	
GOBP_RESPONSE_TO_REACTIVE_OXYGEN_SPECIES	GOBP_RESPONSE_TO_REACTIVE_OXYGEN_SPECIES		187	-0.2823284	-1.0090787	0.44352618	0.6775776	1.0	2457	tags=18%, list=13%, signal=20%	
GOBP_REGULATION_OF_CIRCADIAN_RHYTHM	GOBP_REGULATION_OF_CIRCADIAN_RHYTHM		108	-0.299972	-1.0089418	0.44104803	0.6776303	1.0	2525	tags=19%, list=13%, signal=22%	
GOBP_POSITIVE_REGULATION_OF_ALPHA_BETA_T_CELL_PROLIFERATION	GOBP_POSITIVE_REGULATION_OF_ALPHA_BETA_T_CELL_PROLIFERATION		23	-0.38886446	-1.0089402	0.4496528	0.6773416	1.0	3570	tags=30%, list=18%, signal=37%	
GOBP_REGULATION_OF_CELL_COMMUNICATION_BY_ELECTRICAL_COUPLING	GOBP_REGULATION_OF_CELL_COMMUNICATION_BY_ELECTRICAL_COUPLING		16	-0.43197182	-1.0089355	0.46629214	0.6770601	1.0	1801	tags=19%, list=9%, signal=21%	
GOMF_PHOSPHOLIPASE_ACTIVITY	GOMF_PHOSPHOLIPASE_ACTIVITY		98	-0.30674753	-1.0085559	0.43413174	0.67778635	1.0	3071	tags=24%, list=16%, signal=29%	
GOBP_REGULATION_OF_CATECHOLAMINE_METABOLIC_PROCESS	GOBP_REGULATION_OF_CATECHOLAMINE_METABOLIC_PROCESS		17	-0.42044857	-1.0085295	0.44919786	0.6775638	1.0	2553	tags=24%, list=13%, signal=27%	
GOBP_REGULATION_OF_RESPONSE_TO_OXIDATIVE_STRESS	GOBP_REGULATION_OF_RESPONSE_TO_OXIDATIVE_STRESS		29	-0.37480634	-1.0085198	0.47304347	0.67729175	1.0	3032	tags=21%, list=16%, signal=24%	
GOBP_POSITIVE_REGULATION_OF_PROTEIN_CONTAINING_COMPLEX_ASSEMBLY	GOBP_POSITIVE_REGULATION_OF_PROTEIN_CONTAINING_COMPLEX_ASSEMBLY		187	-0.28450453	-1.0084498	0.4508427	0.6771868	1.0	3107	tags=21%, list=16%, signal=25%	
GOBP_REGULATION_OF_LYASE_ACTIVITY	GOBP_REGULATION_OF_LYASE_ACTIVITY		55	-0.3301757	-1.0081235	0.44588044	0.6777493	1.0	2675	tags=22%, list=14%, signal=25%	
GOBP_MAMMARY_GLAND_ALVEOLUS_DEVELOPMENT	GOBP_MAMMARY_GLAND_ALVEOLUS_DEVELOPMENT		20	-0.4039582	-1.0080285	0.44285715	0.6777192	1.0	2050	tags=25%, list=11%, signal=28%	
GOBP_POSITIVE_REGULATION_OF_CELLULAR_RESPONSE_TO_INSULIN_STIMULUS	GOBP_POSITIVE_REGULATION_OF_CELLULAR_RESPONSE_TO_INSULIN_STIMULUS		24	-0.39331093	-1.008012	0.44935542	0.67747396	1.0	2077	tags=17%, list=11%, signal=19%	
GOBP_POSITIVE_REGULATION_OF_INTERLEUKIN_2_PRODUCTION	GOBP_POSITIVE_REGULATION_OF_INTERLEUKIN_2_PRODUCTION		34	-0.36543193	-1.0075476	0.4490446	0.6784421	1.0	1934	tags=29%, list=10%, signal=33%	
GOCC_ACTOMYOSIN	GOCC_ACTOMYOSIN		87	-0.31541622	-1.0074245	0.42218798	0.67849094	1.0	2444	tags=18%, list=13%, signal=21%	
GOBP_INNER_EAR_RECEPTOR_CELL_DEVELOPMENT	GOBP_INNER_EAR_RECEPTOR_CELL_DEVELOPMENT		42	-0.3482973	-1.0071888	0.4387755	0.6788172	1.0	3396	tags=26%, list=17%, signal=32%	
GOBP_REGULATION_OF_ACTIN_FILAMENT_ORGANIZATION	GOBP_REGULATION_OF_ACTIN_FILAMENT_ORGANIZATION		246	-0.27943847	-1.0071508	0.4591029	0.6786321	1.0	3602	tags=26%, list=19%, signal=32%	
GOBP_SMOOTH_MUSCLE_TISSUE_DEVELOPMENT	GOBP_SMOOTH_MUSCLE_TISSUE_DEVELOPMENT		24	-0.39160138	-1.0068288	0.45601436	0.67922014	1.0	1101	tags=25%, list=6%, signal=26%	
GOMF_NEUROPEPTIDE_RECEPTOR_BINDING	GOMF_NEUROPEPTIDE_RECEPTOR_BINDING		33	-0.37083036	-1.0066761	0.45182723	0.6793467	1.0	1039	tags=15%, list=5%, signal=16%	
GOBP_NEGATIVE_REGULATION_OF_MYOBLAST_DIFFERENTIATION	GOBP_NEGATIVE_REGULATION_OF_MYOBLAST_DIFFERENTIATION		25	-0.38295683	-1.0066133	0.4573379	0.67921776	1.0	2702	tags=32%, list=14%, signal=37%	
GOBP_HOMOLOGOUS_RECOMBINATION	GOBP_HOMOLOGOUS_RECOMBINATION		56	-0.33727515	-1.0064323	0.4309816	0.6794224	1.0	3126	tags=21%, list=16%, signal=25%	
GOBP_REGULATION_OF_MAMMARY_GLAND_EPITHELIAL_CELL_PROLIFERATION	GOBP_REGULATION_OF_MAMMARY_GLAND_EPITHELIAL_CELL_PROLIFERATION		15	-0.43211988	-1.0063653	0.45471698	0.67931074	1.0	4456	tags=40%, list=23%, signal=52%	
GOBP_MEMBRANE_FUSION	GOBP_MEMBRANE_FUSION		171	-0.28479302	-1.0063424	0.45120227	0.67907983	1.0	1925	tags=14%, list=10%, signal=15%	
GOBP_RIBONUCLEOSIDE_MONOPHOSPHATE_METABOLIC_PROCESS	GOBP_RIBONUCLEOSIDE_MONOPHOSPHATE_METABOLIC_PROCESS		57	-0.32867566	-1.0061114	0.45826513	0.6794198	1.0	3668	tags=26%, list=19%, signal=32%	
GOBP_BEHAVIORAL_RESPONSE_TO_COCAINE	GOBP_BEHAVIORAL_RESPONSE_TO_COCAINE		16	-0.4342202	-1.005472	0.46812385	0.6808571	1.0	908	tags=19%, list=5%, signal=20%	
GOCC_SPLICEOSOMAL_COMPLEX	GOCC_SPLICEOSOMAL_COMPLEX		195	-0.2821865	-1.0053937	0.4324693	0.6807856	1.0	4743	tags=32%, list=24%, signal=42%	
GOBP_REGULATION_OF_RHO_PROTEIN_SIGNAL_TRANSDUCTION	GOBP_REGULATION_OF_RHO_PROTEIN_SIGNAL_TRANSDUCTION		85	-0.31158414	-1.0053519	0.44690967	0.6806059	1.0	4063	tags=35%, list=21%, signal=44%	
GOBP_NEGATIVE_REGULATION_OF_CHROMOSOME_ORGANIZATION	GOBP_NEGATIVE_REGULATION_OF_CHROMOSOME_ORGANIZATION		88	-0.31181982	-1.0052006	0.45481482	0.68071806	1.0	4060	tags=32%, list=21%, signal=40%	
GOBP_NEGATIVE_REGULATION_OF_OXIDOREDUCTASE_ACTIVITY	GOBP_NEGATIVE_REGULATION_OF_OXIDOREDUCTASE_ACTIVITY		16	-0.42916608	-1.0051177	0.4509804	0.6806487	1.0	2747	tags=31%, list=14%, signal=36%	
GOBP_DNA_LIGATION	GOBP_DNA_LIGATION		16	-0.43425575	-1.0050076	0.45017794	0.68063915	1.0	722	tags=13%, list=4%, signal=13%	
GOBP_ASTROCYTE_ACTIVATION	GOBP_ASTROCYTE_ACTIVATION		23	-0.3965783	-1.0043517	0.45986623	0.68215334	1.0	1170	tags=17%, list=6%, signal=18%	
GOBP_POSITIVE_REGULATION_OF_MYELOID_LEUKOCYTE_DIFFERENTIATION	GOBP_POSITIVE_REGULATION_OF_MYELOID_LEUKOCYTE_DIFFERENTIATION		58	-0.32980457	-1.0043517	0.437788	0.6818609	1.0	2649	tags=22%, list=14%, signal=26%	
GOBP_POSITIVE_REGULATION_OF_HEART_RATE	GOBP_POSITIVE_REGULATION_OF_HEART_RATE		23	-0.3987063	-1.0035235	0.47529814	0.68381095	1.0	2895	tags=30%, list=15%, signal=36%	
GOBP_B_CELL_ACTIVATION_INVOLVED_IN_IMMUNE_RESPONSE	GOBP_B_CELL_ACTIVATION_INVOLVED_IN_IMMUNE_RESPONSE		84	-0.31149772	-1.0034465	0.4236527	0.68371654	1.0	3289	tags=29%, list=17%, signal=34%	
GOBP_PYRIMIDINE_NUCLEOSIDE_MONOPHOSPHATE_METABOLIC_PROCESS	GOBP_PYRIMIDINE_NUCLEOSIDE_MONOPHOSPHATE_METABOLIC_PROCESS		21	-0.39621925	-1.0032314	0.43633276	0.6839794	1.0	2091	tags=19%, list=11%, signal=21%	
GOBP_BLASTOCYST_DEVELOPMENT	GOBP_BLASTOCYST_DEVELOPMENT		111	-0.302087	-1.0026494	0.4488889	0.6852192	1.0	3673	tags=22%, list=19%, signal=27%	
GOBP_REGULATION_OF_ENDOPLASMIC_RETICULUM_STRESS_INDUCED_INTRINSIC_APOPTOTIC_SIGNALING_PATHWAY	GOBP_REGULATION_OF_ENDOPLASMIC_RETICULUM_STRESS_INDUCED_INTRINSIC_APOPTOTIC_SIGNALING_PATHWAY		29	-0.37791276	-1.0025353	0.45619833	0.68521893	1.0	279	tags=7%, list=1%, signal=7%	
GOBP_RESPIRATORY_GASEOUS_EXCHANGE_BY_RESPIRATORY_SYSTEM	GOBP_RESPIRATORY_GASEOUS_EXCHANGE_BY_RESPIRATORY_SYSTEM		74	-0.31775743	-1.0024825	0.43505478	0.6850638	1.0	3279	tags=24%, list=17%, signal=29%	
GOBP_OVULATION	GOBP_OVULATION		16	-0.43087372	-1.0024154	0.45989305	0.6849545	1.0	512	tags=19%, list=3%, signal=19%	
GOBP_EMBRYONIC_HEART_TUBE_MORPHOGENESIS	GOBP_EMBRYONIC_HEART_TUBE_MORPHOGENESIS		70	-0.31629878	-1.0018011	0.4437299	0.6863233	1.0	3398	tags=23%, list=17%, signal=28%	
GOCC_COPII_COATED_ER_TO_GOLGI_TRANSPORT_VESICLE	GOCC_COPII_COATED_ER_TO_GOLGI_TRANSPORT_VESICLE		89	-0.3122067	-1.0017177	0.448062	0.6862477	1.0	2593	tags=16%, list=13%, signal=18%	
GOBP_POSITIVE_REGULATION_OF_RESPONSE_TO_CYTOKINE_STIMULUS	GOBP_POSITIVE_REGULATION_OF_RESPONSE_TO_CYTOKINE_STIMULUS		60	-0.32735097	-1.0016767	0.4477379	0.6860666	1.0	3795	tags=28%, list=20%, signal=35%	
GOBP_UNSATURATED_FATTY_ACID_BIOSYNTHETIC_PROCESS	GOBP_UNSATURATED_FATTY_ACID_BIOSYNTHETIC_PROCESS		46	-0.34124398	-1.0016288	0.45777026	0.6858933	1.0	3931	tags=41%, list=20%, signal=52%	
GOBP_PEPTIDE_TRANSPORT	GOBP_PEPTIDE_TRANSPORT		247	-0.2734726	-1.0015035	0.45322794	0.68594676	1.0	2490	tags=17%, list=13%, signal=19%	
GOBP_GROWTH_PLATE_CARTILAGE_DEVELOPMENT	GOBP_GROWTH_PLATE_CARTILAGE_DEVELOPMENT		18	-0.42358354	-1.0014515	0.4749568	0.6858007	1.0	308	tags=11%, list=2%, signal=11%	
GOBP_REGULATION_OF_MONOOXYGENASE_ACTIVITY	GOBP_REGULATION_OF_MONOOXYGENASE_ACTIVITY		34	-0.3610487	-1.0010614	0.44677418	0.6865464	1.0	3101	tags=32%, list=16%, signal=38%	
GOBP_ENDOTHELIAL_CELL_CHEMOTAXIS	GOBP_ENDOTHELIAL_CELL_CHEMOTAXIS		27	-0.3789414	-1.0008041	0.4490501	0.68695587	1.0	2212	tags=30%, list=11%, signal=33%	
GOBP_REGULATION_OF_TYPE_I_INTERFERON_MEDIATED_SIGNALING_PATHWAY	GOBP_REGULATION_OF_TYPE_I_INTERFERON_MEDIATED_SIGNALING_PATHWAY		42	-0.35157815	-1.000455	0.45941558	0.68760926	1.0	4212	tags=29%, list=22%, signal=36%	
GOBP_ACTIN_POLYMERIZATION_OR_DEPOLYMERIZATION	GOBP_ACTIN_POLYMERIZATION_OR_DEPOLYMERIZATION		183	-0.27934474	-1.0000389	0.46195653	0.6884529	1.0	2594	tags=19%, list=13%, signal=21%	
GOBP_ACUTE_INFLAMMATORY_RESPONSE	GOBP_ACUTE_INFLAMMATORY_RESPONSE		101	-0.30675784	-1.0	0.4269006	0.6882579	1.0	2332	tags=22%, list=12%, signal=25%	
GOBP_ENDODERM_DEVELOPMENT	GOBP_ENDODERM_DEVELOPMENT		83	-0.30626574	-0.9999932	0.45	0.6879857	1.0	4551	tags=34%, list=23%, signal=44%	
GOMF_LIGAND_GATED_MONOATOMIC_CATION_CHANNEL_ACTIVITY	GOMF_LIGAND_GATED_MONOATOMIC_CATION_CHANNEL_ACTIVITY		129	-0.29457307	-0.9996583	0.46563816	0.68860734	1.0	492	tags=6%, list=3%, signal=6%	
GOBP_RESPONSE_TO_TUMOR_NECROSIS_FACTOR	GOBP_RESPONSE_TO_TUMOR_NECROSIS_FACTOR		220	-0.2767749	-0.99964327	0.4533153	0.6883606	1.0	3370	tags=22%, list=17%, signal=26%	
GOBP_COLLAGEN_FIBRIL_ORGANIZATION	GOBP_COLLAGEN_FIBRIL_ORGANIZATION		64	-0.32351702	-0.9995956	0.45741326	0.68819183	1.0	2457	tags=23%, list=13%, signal=27%	
GOBP_REGULATION_OF_CELL_ADHESION_MEDIATED_BY_INTEGRIN	GOBP_REGULATION_OF_CELL_ADHESION_MEDIATED_BY_INTEGRIN		48	-0.34149528	-0.9993518	0.46636087	0.6885695	1.0	3330	tags=42%, list=17%, signal=50%	
GOBP_L_ALPHA_AMINO_ACID_TRANSMEMBRANE_TRANSPORT	GOBP_L_ALPHA_AMINO_ACID_TRANSMEMBRANE_TRANSPORT		69	-0.3186487	-0.99878556	0.4489465	0.6897969	1.0	1830	tags=19%, list=9%, signal=21%	
GOBP_REGULATION_OF_PROTEIN_TRANSPORT	GOBP_REGULATION_OF_PROTEIN_TRANSPORT		407	-0.26238206	-0.99837035	0.4710145	0.6906146	1.0	2833	tags=19%, list=15%, signal=21%	
GOBP_RUFFLE_ORGANIZATION	GOBP_RUFFLE_ORGANIZATION		56	-0.33006528	-0.99737406	0.4632238	0.6930426	1.0	3853	tags=36%, list=20%, signal=44%	
GOBP_REGULATION_OF_PROTEIN_SUMOYLATION	GOBP_REGULATION_OF_PROTEIN_SUMOYLATION		24	-0.39303842	-0.9971315	0.46503496	0.69341695	1.0	3685	tags=25%, list=19%, signal=31%	
GOMF_HYDROLASE_ACTIVITY_HYDROLYZING_N_GLYCOSYL_COMPOUNDS	GOMF_HYDROLASE_ACTIVITY_HYDROLYZING_N_GLYCOSYL_COMPOUNDS		39	-0.35522082	-0.99675316	0.4749164	0.69415575	1.0	3237	tags=28%, list=17%, signal=34%	
GOBP_NEURON_FATE_COMMITMENT	GOBP_NEURON_FATE_COMMITMENT		71	-0.3193942	-0.9966893	0.45031056	0.6940359	1.0	2212	tags=17%, list=11%, signal=19%	
GOBP_REGULATION_OF_COAGULATION	GOBP_REGULATION_OF_COAGULATION		71	-0.3165284	-0.9966153	0.46784565	0.6939581	1.0	1013	tags=14%, list=5%, signal=15%	
GOMF_PHOSPHATIDYLINOSITOL_5_PHOSPHATE_BINDING	GOMF_PHOSPHATIDYLINOSITOL_5_PHOSPHATE_BINDING		16	-0.42966378	-0.99652004	0.47027972	0.6939383	1.0	2678	tags=38%, list=14%, signal=43%	
GOBP_NEGATIVE_REGULATION_OF_GLIAL_CELL_DIFFERENTIATION	GOBP_NEGATIVE_REGULATION_OF_GLIAL_CELL_DIFFERENTIATION		25	-0.38935435	-0.99617815	0.46557376	0.6945556	1.0	3685	tags=28%, list=19%, signal=35%	
GOMF_VITAMIN_B6_BINDING	GOMF_VITAMIN_B6_BINDING		52	-0.33400565	-0.9956321	0.4622951	0.69575375	1.0	306	tags=10%, list=2%, signal=10%	
GOBP_RIBONUCLEOSIDE_MONOPHOSPHATE_BIOSYNTHETIC_PROCESS	GOBP_RIBONUCLEOSIDE_MONOPHOSPHATE_BIOSYNTHETIC_PROCESS		33	-0.36292058	-0.99559706	0.45986623	0.6955678	1.0	3037	tags=24%, list=16%, signal=29%	
GOCC_TRANS_GOLGI_NETWORK	GOCC_TRANS_GOLGI_NETWORK		242	-0.27211508	-0.9955473	0.4608234	0.69539684	1.0	2008	tags=13%, list=10%, signal=14%	
GOBP_LYMPHOCYTE_APOPTOTIC_PROCESS	GOBP_LYMPHOCYTE_APOPTOTIC_PROCESS		79	-0.30722046	-0.9949499	0.4716981	0.6967226	1.0	3813	tags=27%, list=20%, signal=33%	
GOBP_VASCULAR_ENDOTHELIAL_CELL_PROLIFERATION	GOBP_VASCULAR_ENDOTHELIAL_CELL_PROLIFERATION		26	-0.383491	-0.994919	0.4520325	0.69650865	1.0	1152	tags=19%, list=6%, signal=20%	
GOBP_CELLULAR_RESPONSE_TO_VITAMIN_D	GOBP_CELLULAR_RESPONSE_TO_VITAMIN_D		20	-0.3986039	-0.99445015	0.45516074	0.69742787	1.0	1334	tags=20%, list=7%, signal=21%	
GOMF_HYDROLASE_ACTIVITY_HYDROLYZING_O_GLYCOSYL_COMPOUNDS	GOMF_HYDROLASE_ACTIVITY_HYDROLYZING_O_GLYCOSYL_COMPOUNDS		86	-0.30903026	-0.99419314	0.45826772	0.697824	1.0	3955	tags=26%, list=20%, signal=32%	
GOMF_FERROUS_IRON_BINDING	GOMF_FERROUS_IRON_BINDING		26	-0.38128626	-0.9941371	0.47504303	0.69768894	1.0	596	tags=12%, list=3%, signal=12%	
GOBP_DNA_DAMAGE_RESPONSE_SIGNAL_TRANSDUCTION_BY_P53_CLASS_MEDIATOR_RESULTING_IN_CELL_CYCLE_ARREST	GOBP_DNA_DAMAGE_RESPONSE_SIGNAL_TRANSDUCTION_BY_P53_CLASS_MEDIATOR_RESULTING_IN_CELL_CYCLE_ARREST		19	-0.40881455	-0.9938576	0.48154658	0.69814944	1.0	4918	tags=37%, list=25%, signal=49%	
GOBP_MITOTIC_INTRA_S_DNA_DAMAGE_CHECKPOINT_SIGNALING	GOBP_MITOTIC_INTRA_S_DNA_DAMAGE_CHECKPOINT_SIGNALING		15	-0.42601457	-0.99353766	0.46603775	0.6987404	1.0	3659	tags=47%, list=19%, signal=57%	
GOBP_INTERSTRAND_CROSS_LINK_REPAIR	GOBP_INTERSTRAND_CROSS_LINK_REPAIR		38	-0.34798002	-0.9934472	0.47508305	0.69869405	1.0	4469	tags=34%, list=23%, signal=44%	
GOBP_MAINTENANCE_OF_LOCATION	GOBP_MAINTENANCE_OF_LOCATION		323	-0.2651445	-0.9930458	0.49315068	0.69950604	1.0	2917	tags=22%, list=15%, signal=25%	
GOBP_DNA_TEMPLATED_DNA_REPLICATION_MAINTENANCE_OF_FIDELITY	GOBP_DNA_TEMPLATED_DNA_REPLICATION_MAINTENANCE_OF_FIDELITY		54	-0.33217105	-0.9929874	0.47727272	0.69936615	1.0	4098	tags=37%, list=21%, signal=47%	
GOBP_POSITIVE_REGULATION_OF_NEURON_APOPTOTIC_PROCESS	GOBP_POSITIVE_REGULATION_OF_NEURON_APOPTOTIC_PROCESS		62	-0.32010025	-0.99256974	0.4631902	0.70019436	1.0	1287	tags=11%, list=7%, signal=12%	
GOBP_RHYTHMIC_BEHAVIOR	GOBP_RHYTHMIC_BEHAVIOR		45	-0.34117138	-0.9925322	0.45171848	0.699999	1.0	2050	tags=24%, list=11%, signal=27%	
GOMF_RETINAL_BINDING	GOMF_RETINAL_BINDING		19	-0.40324822	-0.9924452	0.4646643	0.69993544	1.0	2367	tags=21%, list=12%, signal=24%	
GOBP_REGULATION_OF_PROTEIN_POLYMERIZATION	GOBP_REGULATION_OF_PROTEIN_POLYMERIZATION		189	-0.27815056	-0.9924099	0.47664836	0.6997297	1.0	3436	tags=23%, list=18%, signal=28%	
GOBP_POSITIVE_REGULATION_OF_VASCULAR_ASSOCIATED_SMOOTH_MUSCLE_CELL_PROLIFERATION	GOBP_POSITIVE_REGULATION_OF_VASCULAR_ASSOCIATED_SMOOTH_MUSCLE_CELL_PROLIFERATION		34	-0.36282519	-0.9924	0.48700175	0.6994585	1.0	1790	tags=21%, list=9%, signal=23%	
GOMF_LIGAND_GATED_CHANNEL_ACTIVITY	GOMF_LIGAND_GATED_CHANNEL_ACTIVITY		177	-0.2819047	-0.99212146	0.49438202	0.6999074	1.0	492	tags=6%, list=3%, signal=6%	
GOBP_MUCUS_SECRETION	GOBP_MUCUS_SECRETION		19	-0.40319735	-0.9918378	0.48073703	0.70036256	1.0	2805	tags=26%, list=14%, signal=31%	
GOBP_REGULATION_OF_DOUBLE_STRAND_BREAK_REPAIR_VIA_HOMOLOGOUS_RECOMBINATION	GOBP_REGULATION_OF_DOUBLE_STRAND_BREAK_REPAIR_VIA_HOMOLOGOUS_RECOMBINATION		71	-0.31943014	-0.99066436	0.4928	0.703183	1.0	4697	tags=38%, list=24%, signal=50%	
GOBP_DEVELOPMENT_OF_PRIMARY_SEXUAL_CHARACTERISTICS	GOBP_DEVELOPMENT_OF_PRIMARY_SEXUAL_CHARACTERISTICS		230	-0.2730578	-0.99066246	0.47361478	0.7028919	1.0	2993	tags=19%, list=15%, signal=22%	
GOMF_DEATH_RECEPTOR_BINDING	GOMF_DEATH_RECEPTOR_BINDING		21	-0.40052977	-0.9904236	0.4680851	0.7032525	1.0	2743	tags=19%, list=14%, signal=22%	
GOBP_RESPONSE_TO_DIETARY_EXCESS	GOBP_RESPONSE_TO_DIETARY_EXCESS		36	-0.357323	-0.9902861	0.47404844	0.7033484	1.0	1940	tags=19%, list=10%, signal=22%	
GOMF_MICROTUBULE_MOTOR_ACTIVITY	GOMF_MICROTUBULE_MOTOR_ACTIVITY		62	-0.31994596	-0.9901191	0.48878205	0.7035189	1.0	3544	tags=27%, list=18%, signal=33%	
GOBP_REGULATION_OF_VASCULAR_ENDOTHELIAL_GROWTH_FACTOR_RECEPTOR_SIGNALING_PATHWAY	GOBP_REGULATION_OF_VASCULAR_ENDOTHELIAL_GROWTH_FACTOR_RECEPTOR_SIGNALING_PATHWAY		29	-0.37016907	-0.9898361	0.47048903	0.70397633	1.0	3101	tags=38%, list=16%, signal=45%	
GOCC_RECYCLING_ENDOSOME	GOCC_RECYCLING_ENDOSOME		195	-0.27657044	-0.9895993	0.49403974	0.704332	1.0	3277	tags=21%, list=17%, signal=25%	
GOBP_MEMBRANE_DEPOLARIZATION	GOBP_MEMBRANE_DEPOLARIZATION		87	-0.30579865	-0.98923755	0.47799698	0.70499474	1.0	2065	tags=16%, list=11%, signal=18%	
GOBP_CELLULAR_RESPONSE_TO_CHEMICAL_STRESS	GOBP_CELLULAR_RESPONSE_TO_CHEMICAL_STRESS		294	-0.26378477	-0.98884153	0.513308	0.7057713	1.0	2036	tags=15%, list=10%, signal=16%	
GOBP_POSITIVE_REGULATION_OF_ORGANELLE_ASSEMBLY	GOBP_POSITIVE_REGULATION_OF_ORGANELLE_ASSEMBLY		81	-0.30980593	-0.98877317	0.4670947	0.7056666	1.0	3239	tags=22%, list=17%, signal=27%	
GOBP_NEUROMUSCULAR_PROCESS	GOBP_NEUROMUSCULAR_PROCESS		156	-0.28328952	-0.98852307	0.4815341	0.7060543	1.0	1741	tags=15%, list=9%, signal=16%	
GOBP_POSTSYNAPTIC_MODULATION_OF_CHEMICAL_SYNAPTIC_TRANSMISSION	GOBP_POSTSYNAPTIC_MODULATION_OF_CHEMICAL_SYNAPTIC_TRANSMISSION		27	-0.3723634	-0.98851293	0.48076922	0.7057885	1.0	3226	tags=30%, list=17%, signal=35%	
GOBP_NEGATIVE_REGULATION_OF_TRANSLATIONAL_INITIATION	GOBP_NEGATIVE_REGULATION_OF_TRANSLATIONAL_INITIATION		20	-0.39986604	-0.9882138	0.47619048	0.706274	1.0	4396	tags=30%, list=23%, signal=39%	
GOBP_PIGMENT_GRANULE_LOCALIZATION	GOBP_PIGMENT_GRANULE_LOCALIZATION		25	-0.37298656	-0.98672396	0.48154658	0.7099771	1.0	1359	tags=16%, list=7%, signal=17%	
GOBP_MYOBLAST_DIFFERENTIATION	GOBP_MYOBLAST_DIFFERENTIATION		109	-0.2964664	-0.9866837	0.4682081	0.7097992	1.0	2702	tags=19%, list=14%, signal=22%	
GOBP_REGULATION_OF_ORGANIC_ACID_TRANSPORT	GOBP_REGULATION_OF_ORGANIC_ACID_TRANSPORT		73	-0.31848502	-0.98666835	0.49519232	0.70954597	1.0	1165	tags=15%, list=6%, signal=16%	
GOCC_CAVEOLA	GOCC_CAVEOLA		78	-0.30837741	-0.9866229	0.5022762	0.70937073	1.0	4082	tags=32%, list=21%, signal=40%	
GOMF_NUCLEAR_RECEPTOR_BINDING	GOMF_NUCLEAR_RECEPTOR_BINDING		134	-0.287782	-0.98655844	0.4985755	0.70924157	1.0	2506	tags=15%, list=13%, signal=17%	
GOBP_COPULATION	GOBP_COPULATION		19	-0.40365025	-0.98622954	0.48094374	0.7098117	1.0	331	tags=16%, list=2%, signal=16%	
GOMF_WATER_TRANSMEMBRANE_TRANSPORTER_ACTIVITY	GOMF_WATER_TRANSMEMBRANE_TRANSPORTER_ACTIVITY		18	-0.40931344	-0.98613113	0.48816028	0.70977706	1.0	2380	tags=28%, list=12%, signal=32%	
GOCC_RECYCLING_ENDOSOME_MEMBRANE	GOCC_RECYCLING_ENDOSOME_MEMBRANE		104	-0.29774892	-0.98609084	0.48085758	0.7095857	1.0	3277	tags=22%, list=17%, signal=26%	
GOBP_POSITIVE_REGULATION_OF_SYNAPTIC_TRANSMISSION_GLUTAMATERGIC	GOBP_POSITIVE_REGULATION_OF_SYNAPTIC_TRANSMISSION_GLUTAMATERGIC		34	-0.36059418	-0.9857036	0.48099172	0.7103508	1.0	878	tags=9%, list=5%, signal=9%	
GOBP_REGULATION_OF_GENE_SILENCING_BY_REGULATORY_NCRNA	GOBP_REGULATION_OF_GENE_SILENCING_BY_REGULATORY_NCRNA		27	-0.37265068	-0.98485607	0.47668394	0.712349	1.0	567	tags=11%, list=3%, signal=11%	
GOBP_POSITIVE_REGULATION_OF_NEUROBLAST_PROLIFERATION	GOBP_POSITIVE_REGULATION_OF_NEUROBLAST_PROLIFERATION		37	-0.35255662	-0.9846719	0.4888889	0.71257234	1.0	2433	tags=22%, list=13%, signal=25%	
GOBP_INTERFERON_ALPHA_PRODUCTION	GOBP_INTERFERON_ALPHA_PRODUCTION		28	-0.37374163	-0.98445547	0.5017123	0.71286136	1.0	4273	tags=32%, list=22%, signal=41%	
GOBP_POSITIVE_REGULATION_OF_IMMUNOGLOBULIN_PRODUCTION	GOBP_POSITIVE_REGULATION_OF_IMMUNOGLOBULIN_PRODUCTION		50	-0.33471563	-0.98439527	0.49155146	0.71274185	1.0	3755	tags=32%, list=19%, signal=40%	
GOBP_PHASIC_SMOOTH_MUSCLE_CONTRACTION	GOBP_PHASIC_SMOOTH_MUSCLE_CONTRACTION		24	-0.38094154	-0.98414737	0.48021582	0.7131465	1.0	1693	tags=17%, list=9%, signal=18%	
GOCC_CELL_SUBSTRATE_JUNCTION	GOCC_CELL_SUBSTRATE_JUNCTION		425	-0.2574156	-0.98413634	0.5226994	0.71287435	1.0	2553	tags=16%, list=13%, signal=17%	
GOCC_SMALL_NUCLEAR_RIBONUCLEOPROTEIN_COMPLEX	GOCC_SMALL_NUCLEAR_RIBONUCLEOPROTEIN_COMPLEX		77	-0.30448064	-0.9840848	0.48656717	0.7127023	1.0	4700	tags=34%, list=24%, signal=44%	
GOMF_FLIPPASE_ACTIVITY	GOMF_FLIPPASE_ACTIVITY		16	-0.4222183	-0.983956	0.4860627	0.71274775	1.0	3076	tags=38%, list=16%, signal=45%	
GOBP_POSITIVE_REGULATION_OF_SMOOTH_MUSCLE_CONTRACTION	GOBP_POSITIVE_REGULATION_OF_SMOOTH_MUSCLE_CONTRACTION		30	-0.36275598	-0.9836505	0.48287672	0.71325815	1.0	2656	tags=23%, list=14%, signal=27%	
GOBP_CELLULAR_RESPONSE_TO_OSMOTIC_STRESS	GOBP_CELLULAR_RESPONSE_TO_OSMOTIC_STRESS		55	-0.32218102	-0.98347455	0.48154363	0.7134257	1.0	2656	tags=20%, list=14%, signal=23%	
GOCC_NUCLEAR_ENVELOPE	GOCC_NUCLEAR_ENVELOPE		471	-0.25468037	-0.9832748	0.51501155	0.7136689	1.0	4022	tags=23%, list=21%, signal=29%	
GOCC_SWI_SNF_SUPERFAMILY_TYPE_COMPLEX	GOCC_SWI_SNF_SUPERFAMILY_TYPE_COMPLEX		85	-0.30292538	-0.9831867	0.5053435	0.71361226	1.0	4845	tags=34%, list=25%, signal=45%	
GOBP_PHOTORECEPTOR_CELL_DIFFERENTIATION	GOBP_PHOTORECEPTOR_CELL_DIFFERENTIATION		62	-0.3254735	-0.98317397	0.48913044	0.7133471	1.0	620	tags=10%, list=3%, signal=10%	
GOMF_PROTEIN_KINASE_A_BINDING	GOMF_PROTEIN_KINASE_A_BINDING		53	-0.32412982	-0.98287493	0.48452014	0.71383417	1.0	2516	tags=21%, list=13%, signal=24%	
GOBP_CELL_PROLIFERATION_INVOLVED_IN_KIDNEY_DEVELOPMENT	GOBP_CELL_PROLIFERATION_INVOLVED_IN_KIDNEY_DEVELOPMENT		22	-0.39392167	-0.9821771	0.4901257	0.7154246	1.0	1435	tags=23%, list=7%, signal=25%	
GOBP_REGULATION_OF_FIBROBLAST_MIGRATION	GOBP_REGULATION_OF_FIBROBLAST_MIGRATION		36	-0.35459596	-0.9817112	0.4898305	0.71636146	1.0	1918	tags=19%, list=10%, signal=22%	
GOBP_KERATINOCYTE_PROLIFERATION	GOBP_KERATINOCYTE_PROLIFERATION		56	-0.32283434	-0.9816414	0.4954683	0.7162455	1.0	2506	tags=27%, list=13%, signal=31%	
GOMF_GABA_RECEPTOR_ACTIVITY	GOMF_GABA_RECEPTOR_ACTIVITY		22	-0.38767824	-0.98155797	0.48537004	0.71615916	1.0	43	tags=5%, list=0%, signal=5%	
GOBP_P38MAPK_CASCADE	GOBP_P38MAPK_CASCADE		53	-0.32682177	-0.9812591	0.47694755	0.71668285	1.0	1887	tags=23%, list=10%, signal=25%	
GOBP_TELOMERE_ORGANIZATION	GOBP_TELOMERE_ORGANIZATION		155	-0.2795172	-0.9808961	0.48202395	0.7173913	1.0	3851	tags=24%, list=20%, signal=30%	
GOBP_THYMOCYTE_APOPTOTIC_PROCESS	GOBP_THYMOCYTE_APOPTOTIC_PROCESS		19	-0.39666706	-0.98057836	0.49551168	0.71793157	1.0	2074	tags=21%, list=11%, signal=24%	
GOMF_TRANSLATION_REGULATOR_ACTIVITY	GOMF_TRANSLATION_REGULATOR_ACTIVITY		132	-0.28589475	-0.98045534	0.5064935	0.7179556	1.0	2434	tags=10%, list=13%, signal=11%	
GOBP_ESTABLISHMENT_OF_PIGMENT_GRANULE_LOCALIZATION	GOBP_ESTABLISHMENT_OF_PIGMENT_GRANULE_LOCALIZATION		23	-0.39242175	-0.98034936	0.49821427	0.7179433	1.0	1359	tags=17%, list=7%, signal=19%	
GOBP_PROTEIN_LOCALIZATION_TO_PLASMA_MEMBRANE	GOBP_PROTEIN_LOCALIZATION_TO_PLASMA_MEMBRANE		271	-0.2672158	-0.97996575	0.5094086	0.7187015	1.0	3646	tags=25%, list=19%, signal=30%	
GOBP_CEREBRAL_CORTEX_NEURON_DIFFERENTIATION	GOBP_CEREBRAL_CORTEX_NEURON_DIFFERENTIATION		26	-0.38067564	-0.979648	0.49293286	0.7192425	1.0	2592	tags=19%, list=13%, signal=22%	
GOBP_REGULATION_OF_SYNAPTIC_TRANSMISSION_GLUTAMATERGIC	GOBP_REGULATION_OF_SYNAPTIC_TRANSMISSION_GLUTAMATERGIC		73	-0.31078753	-0.97947544	0.4710485	0.71942025	1.0	2839	tags=15%, list=15%, signal=18%	
GOBP_MAINTENANCE_OF_LOCATION_IN_CELL	GOBP_MAINTENANCE_OF_LOCATION_IN_CELL		220	-0.27036074	-0.97941893	0.5064378	0.71926796	1.0	2674	tags=19%, list=14%, signal=21%	
GOBP_CYTOPLASMIC_PATTERN_RECOGNITION_RECEPTOR_SIGNALING_PATHWAY	GOBP_CYTOPLASMIC_PATTERN_RECOGNITION_RECEPTOR_SIGNALING_PATHWAY		159	-0.2809564	-0.97937435	0.49859154	0.7190943	1.0	4726	tags=30%, list=24%, signal=39%	
GOBP_MATERNAL_PLACENTA_DEVELOPMENT	GOBP_MATERNAL_PLACENTA_DEVELOPMENT		35	-0.35855207	-0.97875404	0.50252104	0.72044885	1.0	2998	tags=34%, list=15%, signal=40%	
GOBP_PROTEIN_DNA_COMPLEX_ASSEMBLY	GOBP_PROTEIN_DNA_COMPLEX_ASSEMBLY		157	-0.28225785	-0.9787107	0.4943662	0.7202707	1.0	4076	tags=29%, list=21%, signal=36%	
GOBP_ORGANELLE_MEMBRANE_FUSION	GOBP_ORGANELLE_MEMBRANE_FUSION		117	-0.29191673	-0.97867745	0.485755	0.7200654	1.0	1925	tags=15%, list=10%, signal=16%	
GOBP_SULFUR_AMINO_ACID_METABOLIC_PROCESS	GOBP_SULFUR_AMINO_ACID_METABOLIC_PROCESS		31	-0.36489886	-0.9784689	0.49835527	0.7203477	1.0	3607	tags=35%, list=19%, signal=44%	
GOBP_RESPONSE_TO_DSRNA	GOBP_RESPONSE_TO_DSRNA		54	-0.3270041	-0.9780074	0.4976599	0.72129047	1.0	1209	tags=9%, list=6%, signal=10%	
GOBP_PODOSOME_ASSEMBLY	GOBP_PODOSOME_ASSEMBLY		21	-0.38586012	-0.9777487	0.48700175	0.721674	1.0	3153	tags=33%, list=16%, signal=40%	
GOBP_LENS_MORPHOGENESIS_IN_CAMERA_TYPE_EYE	GOBP_LENS_MORPHOGENESIS_IN_CAMERA_TYPE_EYE		22	-0.38413617	-0.97772455	0.48013818	0.7214563	1.0	4006	tags=41%, list=21%, signal=51%	
GOBP_ESTABLISHMENT_OF_SPINDLE_ORIENTATION	GOBP_ESTABLISHMENT_OF_SPINDLE_ORIENTATION		40	-0.34457153	-0.97760653	0.4958124	0.72148085	1.0	4512	tags=38%, list=23%, signal=49%	
GOBP_N_GLYCAN_PROCESSING	GOBP_N_GLYCAN_PROCESSING		17	-0.41812167	-0.9774951	0.49910232	0.7214638	1.0	4544	tags=35%, list=23%, signal=46%	
GOMF_NARROW_PORE_CHANNEL_ACTIVITY	GOMF_NARROW_PORE_CHANNEL_ACTIVITY		19	-0.40202323	-0.9774401	0.48771265	0.7213104	1.0	1342	tags=16%, list=7%, signal=17%	
GOBP_2_OXOGLUTARATE_METABOLIC_PROCESS	GOBP_2_OXOGLUTARATE_METABOLIC_PROCESS		17	-0.41060963	-0.9768039	0.5078534	0.72269976	1.0	625	tags=12%, list=3%, signal=12%	
GOBP_REGULATION_OF_COLLAGEN_METABOLIC_PROCESS	GOBP_REGULATION_OF_COLLAGEN_METABOLIC_PROCESS		34	-0.35238156	-0.9767264	0.5140033	0.7226077	1.0	2387	tags=24%, list=12%, signal=27%	
GOBP_THYROID_GLAND_DEVELOPMENT	GOBP_THYROID_GLAND_DEVELOPMENT		31	-0.35999218	-0.9767162	0.509901	0.72234076	1.0	396	tags=10%, list=2%, signal=10%	
GOBP_BIOLOGICAL_PROCESS_INVOLVED_IN_INTRASPECIES_INTERACTION_BETWEEN_ORGANISMS	GOBP_BIOLOGICAL_PROCESS_INVOLVED_IN_INTRASPECIES_INTERACTION_BETWEEN_ORGANISMS		53	-0.32842246	-0.9765536	0.4573379	0.722502	1.0	2856	tags=21%, list=15%, signal=24%	
GOMF_SULFUR_COMPOUND_TRANSMEMBRANE_TRANSPORTER_ACTIVITY	GOMF_SULFUR_COMPOUND_TRANSMEMBRANE_TRANSPORTER_ACTIVITY		58	-0.31857896	-0.9764232	0.48922056	0.72257966	1.0	3247	tags=22%, list=17%, signal=27%	
GOBP_PLATELET_AGGREGATION	GOBP_PLATELET_AGGREGATION		75	-0.31450602	-0.976416	0.5120385	0.7223021	1.0	2413	tags=20%, list=12%, signal=23%	
GOBP_PERIPHERAL_NERVOUS_SYSTEM_NEURON_DIFFERENTIATION	GOBP_PERIPHERAL_NERVOUS_SYSTEM_NEURON_DIFFERENTIATION		15	-0.4102574	-0.97620654	0.47132617	0.7225464	1.0	2328	tags=20%, list=12%, signal=23%	
GOBP_REGULATION_OF_PATTERN_RECOGNITION_RECEPTOR_SIGNALING_PATHWAY	GOBP_REGULATION_OF_PATTERN_RECOGNITION_RECEPTOR_SIGNALING_PATHWAY		157	-0.2786924	-0.97610724	0.5097451	0.7225132	1.0	4114	tags=27%, list=21%, signal=34%	
GOBP_EMBRYONIC_HEART_TUBE_DEVELOPMENT	GOBP_EMBRYONIC_HEART_TUBE_DEVELOPMENT		82	-0.30123958	-0.976076	0.49608764	0.72230077	1.0	3398	tags=23%, list=17%, signal=28%	
GOCC_AXOLEMMA	GOCC_AXOLEMMA		15	-0.42514715	-0.97603816	0.49825174	0.72210675	1.0	1170	tags=20%, list=6%, signal=21%	
GOMF_DNA_POLYMERASE_BINDING	GOMF_DNA_POLYMERASE_BINDING		19	-0.40221477	-0.97592574	0.5177665	0.7221229	1.0	4604	tags=37%, list=24%, signal=48%	
GOCC_RESPIRATORY_CHAIN_COMPLEX_IV	GOCC_RESPIRATORY_CHAIN_COMPLEX_IV		22	-0.38817924	-0.9758738	0.50085765	0.72197056	1.0	783	tags=9%, list=4%, signal=9%	
GOMF_PHOSPHOPROTEIN_PHOSPHATASE_ACTIVITY	GOMF_PHOSPHOPROTEIN_PHOSPHATASE_ACTIVITY		162	-0.27713552	-0.97584075	0.521978	0.72176224	1.0	3912	tags=25%, list=20%, signal=31%	
GOBP_REGULATION_OF_MICROGLIAL_CELL_ACTIVATION	GOBP_REGULATION_OF_MICROGLIAL_CELL_ACTIVATION		17	-0.4097949	-0.9758148	0.47942755	0.7215311	1.0	1223	tags=18%, list=6%, signal=19%	
GOBP_REGULATION_OF_SPINDLE_ASSEMBLY	GOBP_REGULATION_OF_SPINDLE_ASSEMBLY		32	-0.35957748	-0.9755016	0.50085473	0.72207445	1.0	5007	tags=34%, list=26%, signal=46%	
GOBP_PROTEIN_MONOUBIQUITINATION	GOBP_PROTEIN_MONOUBIQUITINATION		45	-0.33434418	-0.97537506	0.5007752	0.72214085	1.0	4537	tags=29%, list=23%, signal=38%	
GOBP_RENAL_SYSTEM_PROCESS_INVOLVED_IN_REGULATION_OF_SYSTEMIC_ARTERIAL_BLOOD_PRESSURE	GOBP_RENAL_SYSTEM_PROCESS_INVOLVED_IN_REGULATION_OF_SYSTEMIC_ARTERIAL_BLOOD_PRESSURE		25	-0.37038437	-0.9749471	0.48194945	0.723002	1.0	3810	tags=36%, list=20%, signal=45%	
GOBP_SEX_DETERMINATION	GOBP_SEX_DETERMINATION		22	-0.3841181	-0.9748731	0.5	0.7228934	1.0	2387	tags=18%, list=12%, signal=21%	
GOBP_BODY_MORPHOGENESIS	GOBP_BODY_MORPHOGENESIS		50	-0.3244716	-0.9745248	0.49190938	0.7235276	1.0	3089	tags=26%, list=16%, signal=31%	
GOBP_TRANSLESION_SYNTHESIS	GOBP_TRANSLESION_SYNTHESIS		25	-0.37509233	-0.9744261	0.50085473	0.7235019	1.0	2953	tags=28%, list=15%, signal=33%	
GOBP_TRANSMISSION_OF_NERVE_IMPULSE	GOBP_TRANSMISSION_OF_NERVE_IMPULSE		68	-0.3111036	-0.9741486	0.4976452	0.7239268	1.0	1192	tags=7%, list=6%, signal=8%	
GOBP_RETINA_MORPHOGENESIS_IN_CAMERA_TYPE_EYE	GOBP_RETINA_MORPHOGENESIS_IN_CAMERA_TYPE_EYE		64	-0.31627744	-0.97354287	0.50844854	0.72524965	1.0	1341	tags=14%, list=7%, signal=15%	
GOBP_EMBRYONIC_SKELETAL_SYSTEM_DEVELOPMENT	GOBP_EMBRYONIC_SKELETAL_SYSTEM_DEVELOPMENT		124	-0.2845195	-0.97352177	0.508547	0.7250108	1.0	1885	tags=16%, list=10%, signal=18%	
GOBP_CYTOKINESIS	GOBP_CYTOKINESIS		165	-0.278933	-0.9732593	0.52294856	0.7254407	1.0	3426	tags=24%, list=18%, signal=29%	
GOCC_PRECATALYTIC_SPLICEOSOME	GOCC_PRECATALYTIC_SPLICEOSOME		52	-0.32673985	-0.9731908	0.4854369	0.7253237	1.0	4700	tags=33%, list=24%, signal=43%	
GOBP_REGULATION_OF_APOPTOTIC_SIGNALING_PATHWAY	GOBP_REGULATION_OF_APOPTOTIC_SIGNALING_PATHWAY		357	-0.25892186	-0.9730883	0.539801	0.7252819	1.0	2903	tags=17%, list=15%, signal=19%	
GOMF_PHOSPHOLIPASE_ACTIVATOR_ACTIVITY	GOMF_PHOSPHOLIPASE_ACTIVATOR_ACTIVITY		17	-0.40217727	-0.9726551	0.5052817	0.7261421	1.0	3834	tags=35%, list=20%, signal=44%	
GOBP_REGULATION_OF_ENDOCYTIC_RECYCLING	GOBP_REGULATION_OF_ENDOCYTIC_RECYCLING		18	-0.40477043	-0.9724631	0.517301	0.7263478	1.0	3274	tags=39%, list=17%, signal=47%	
GOBP_POSITIVE_REGULATION_OF_ESTABLISHMENT_OF_PROTEIN_LOCALIZATION	GOBP_POSITIVE_REGULATION_OF_ESTABLISHMENT_OF_PROTEIN_LOCALIZATION		315	-0.26045808	-0.97198033	0.5427461	0.7273021	1.0	2866	tags=20%, list=15%, signal=23%	
GOBP_CARBOHYDRATE_TRANSPORT	GOBP_CARBOHYDRATE_TRANSPORT		131	-0.28357908	-0.971684	0.5433855	0.7278063	1.0	1513	tags=14%, list=8%, signal=15%	
GOBP_RAS_PROTEIN_SIGNAL_TRANSDUCTION	GOBP_RAS_PROTEIN_SIGNAL_TRANSDUCTION		116	-0.28915834	-0.9716768	0.5162242	0.7275315	1.0	3416	tags=25%, list=18%, signal=30%	
GOCC_ACTIN_FILAMENT_BUNDLE	GOCC_ACTIN_FILAMENT_BUNDLE		88	-0.30082807	-0.9715569	0.5120482	0.72752947	1.0	3652	tags=26%, list=19%, signal=32%	
GOBP_REGULATION_OF_PROTEIN_EXIT_FROM_ENDOPLASMIC_RETICULUM	GOBP_REGULATION_OF_PROTEIN_EXIT_FROM_ENDOPLASMIC_RETICULUM		24	-0.38229984	-0.97131824	0.516129	0.72787654	1.0	1416	tags=13%, list=7%, signal=13%	
GOMF_ORGANIC_HYDROXY_COMPOUND_TRANSMEMBRANE_TRANSPORTER_ACTIVITY	GOMF_ORGANIC_HYDROXY_COMPOUND_TRANSMEMBRANE_TRANSPORTER_ACTIVITY		52	-0.32913986	-0.97110105	0.48979592	0.72816694	1.0	2830	tags=17%, list=15%, signal=20%	
GOBP_RESPONSE_TO_STEROL	GOBP_RESPONSE_TO_STEROL		31	-0.35954168	-0.97106606	0.48961937	0.7279816	1.0	2159	tags=16%, list=11%, signal=18%	
GOBP_CELLULAR_RESPONSE_TO_ESTROGEN_STIMULUS	GOBP_CELLULAR_RESPONSE_TO_ESTROGEN_STIMULUS		19	-0.39346403	-0.9709455	0.5181347	0.7280108	1.0	3549	tags=37%, list=18%, signal=45%	
GOBP_DETECTION_OF_MECHANICAL_STIMULUS_INVOLVED_IN_SENSORY_PERCEPTION	GOBP_DETECTION_OF_MECHANICAL_STIMULUS_INVOLVED_IN_SENSORY_PERCEPTION		34	-0.36014822	-0.9706179	0.475	0.72857696	1.0	1265	tags=15%, list=7%, signal=16%	
GOBP_FUCOSYLATION	GOBP_FUCOSYLATION		17	-0.40654165	-0.97042584	0.50706714	0.72876763	1.0	3638	tags=35%, list=19%, signal=43%	
GOBP_PHOSPHOLIPID_TRANSPORT	GOBP_PHOSPHOLIPID_TRANSPORT		98	-0.2976332	-0.97011256	0.51054215	0.7292778	1.0	3732	tags=30%, list=19%, signal=36%	
GOBP_PYRIMIDINE_RIBONUCLEOSIDE_TRIPHOSPHATE_METABOLIC_PROCESS	GOBP_PYRIMIDINE_RIBONUCLEOSIDE_TRIPHOSPHATE_METABOLIC_PROCESS		17	-0.4080293	-0.970069	0.5078534	0.7290936	1.0	3745	tags=47%, list=19%, signal=58%	
GOMF_CHEMOKINE_BINDING	GOMF_CHEMOKINE_BINDING		33	-0.34538656	-0.96996015	0.48809522	0.7290733	1.0	2640	tags=18%, list=14%, signal=21%	
GOBP_REGULATION_OF_CARDIAC_MUSCLE_CONTRACTION	GOBP_REGULATION_OF_CARDIAC_MUSCLE_CONTRACTION		72	-0.30522472	-0.9699423	0.5345912	0.7288311	1.0	2430	tags=21%, list=13%, signal=24%	
GOBP_NEGATIVE_REGULATION_OF_STEM_CELL_POPULATION_MAINTENANCE	GOBP_NEGATIVE_REGULATION_OF_STEM_CELL_POPULATION_MAINTENANCE		24	-0.37844092	-0.96957326	0.52693605	0.7295077	1.0	4552	tags=38%, list=23%, signal=49%	
GOMF_CARD_DOMAIN_BINDING	GOMF_CARD_DOMAIN_BINDING		15	-0.41681108	-0.9689564	0.49067163	0.7308727	1.0	1349	tags=20%, list=7%, signal=21%	
GOBP_STEROL_METABOLIC_PROCESS	GOBP_STEROL_METABOLIC_PROCESS		147	-0.2772756	-0.9688662	0.5347826	0.7308357	1.0	3104	tags=24%, list=16%, signal=29%	
GOMF_INSULIN_LIKE_GROWTH_FACTOR_RECEPTOR_BINDING	GOMF_INSULIN_LIKE_GROWTH_FACTOR_RECEPTOR_BINDING		16	-0.41219428	-0.96874064	0.5131086	0.7308695	1.0	4472	tags=44%, list=23%, signal=57%	
GOBP_CELL_DIFFERENTIATION_IN_SPINAL_CORD	GOBP_CELL_DIFFERENTIATION_IN_SPINAL_CORD		49	-0.331637	-0.9686629	0.5007704	0.7307886	1.0	2212	tags=16%, list=11%, signal=18%	
GOBP_PHOSPHATIDYLCHOLINE_BIOSYNTHETIC_PROCESS	GOBP_PHOSPHATIDYLCHOLINE_BIOSYNTHETIC_PROCESS		29	-0.36447603	-0.9685074	0.5202703	0.73093003	1.0	557	tags=14%, list=3%, signal=14%	
GOBP_POSITIVE_REGULATION_OF_TORC1_SIGNALING	GOBP_POSITIVE_REGULATION_OF_TORC1_SIGNALING		49	-0.3269845	-0.9684377	0.4824281	0.7308312	1.0	4913	tags=39%, list=25%, signal=52%	
GOBP_REGULATION_OF_CARTILAGE_DEVELOPMENT	GOBP_REGULATION_OF_CARTILAGE_DEVELOPMENT		63	-0.31424543	-0.96839654	0.515625	0.73065466	1.0	2405	tags=19%, list=12%, signal=22%	
GOMF_MODIFICATION_DEPENDENT_PROTEIN_BINDING	GOMF_MODIFICATION_DEPENDENT_PROTEIN_BINDING		171	-0.2776872	-0.96839607	0.53342617	0.7303624	1.0	4814	tags=30%, list=25%, signal=39%	
GOMF_SUMO_TRANSFERASE_ACTIVITY	GOMF_SUMO_TRANSFERASE_ACTIVITY		24	-0.37739006	-0.9679733	0.50517243	0.7311987	1.0	2591	tags=17%, list=13%, signal=19%	
GOBP_CATECHOL_CONTAINING_COMPOUND_METABOLIC_PROCESS	GOBP_CATECHOL_CONTAINING_COMPOUND_METABOLIC_PROCESS		51	-0.3196462	-0.9676875	0.495114	0.7316545	1.0	2895	tags=22%, list=15%, signal=25%	
GOBP_TELOMERE_MAINTENANCE	GOBP_TELOMERE_MAINTENANCE		150	-0.27828828	-0.9676848	0.52758133	0.731369	1.0	3851	tags=24%, list=20%, signal=30%	
GOBP_REGULATION_OF_NON_CANONICAL_NF_KAPPAB_SIGNAL_TRANSDUCTION	GOBP_REGULATION_OF_NON_CANONICAL_NF_KAPPAB_SIGNAL_TRANSDUCTION		92	-0.29698756	-0.96750826	0.5225225	0.73152226	1.0	3814	tags=24%, list=20%, signal=30%	
GOBP_REGULATION_OF_SUPRAMOLECULAR_FIBER_ORGANIZATION	GOBP_REGULATION_OF_SUPRAMOLECULAR_FIBER_ORGANIZATION		354	-0.25777203	-0.9674738	0.5717822	0.73132753	1.0	3602	tags=25%, list=19%, signal=30%	
GOMF_AMINE_BINDING	GOMF_AMINE_BINDING		15	-0.41608375	-0.96708286	0.53989816	0.7320755	1.0	331	tags=7%, list=2%, signal=7%	
GOBP_POSITIVE_REGULATION_OF_PROTEIN_TYROSINE_KINASE_ACTIVITY	GOBP_POSITIVE_REGULATION_OF_PROTEIN_TYROSINE_KINASE_ACTIVITY		21	-0.3930631	-0.96689814	0.49460432	0.73227334	1.0	2529	tags=29%, list=13%, signal=33%	
GOBP_MUSCLE_CELL_APOPTOTIC_PROCESS	GOBP_MUSCLE_CELL_APOPTOTIC_PROCESS		78	-0.30374017	-0.9668128	0.5121212	0.73221767	1.0	1067	tags=12%, list=5%, signal=12%	
GOBP_ORGANIC_HYDROXY_COMPOUND_TRANSPORT	GOBP_ORGANIC_HYDROXY_COMPOUND_TRANSPORT		258	-0.2647345	-0.9667678	0.56606215	0.7320512	1.0	2830	tags=18%, list=15%, signal=21%	
GOMF_TRANSLATION_INITIATION_FACTOR_ACTIVITY	GOMF_TRANSLATION_INITIATION_FACTOR_ACTIVITY		48	-0.3368532	-0.96672976	0.5183333	0.7318602	1.0	3096	tags=13%, list=16%, signal=15%	
GOBP_MITOTIC_G2_M_TRANSITION_CHECKPOINT	GOBP_MITOTIC_G2_M_TRANSITION_CHECKPOINT		47	-0.33242473	-0.96633273	0.5089431	0.7326035	1.0	3435	tags=23%, list=18%, signal=28%	
GOBP_GLYCOPROTEIN_METABOLIC_PROCESS	GOBP_GLYCOPROTEIN_METABOLIC_PROCESS		353	-0.25522718	-0.9658822	0.5755306	0.7335051	1.0	2674	tags=16%, list=14%, signal=18%	
GOBP_DORSAL_VENTRAL_PATTERN_FORMATION	GOBP_DORSAL_VENTRAL_PATTERN_FORMATION		88	-0.30044588	-0.96539456	0.53822154	0.7344955	1.0	1885	tags=14%, list=10%, signal=15%	
GOBP_PROTEIN_COMPLEX_OLIGOMERIZATION	GOBP_PROTEIN_COMPLEX_OLIGOMERIZATION		255	-0.26374078	-0.96536744	0.5565912	0.7342761	1.0	2992	tags=20%, list=15%, signal=23%	
GOBP_REGULATION_OF_DNA_BINDING	GOBP_REGULATION_OF_DNA_BINDING		70	-0.3102057	-0.96526957	0.5265625	0.7342437	1.0	4604	tags=29%, list=24%, signal=37%	
GOMF_L_AMINO_ACID_TRANSMEMBRANE_TRANSPORTER_ACTIVITY	GOMF_L_AMINO_ACID_TRANSMEMBRANE_TRANSPORTER_ACTIVITY		63	-0.31563538	-0.9652212	0.52134144	0.73408735	1.0	1830	tags=17%, list=9%, signal=19%	
GOBP_NEGATIVE_REGULATION_OF_T_HELPER_CELL_DIFFERENTIATION	GOBP_NEGATIVE_REGULATION_OF_T_HELPER_CELL_DIFFERENTIATION		17	-0.4024837	-0.96516764	0.49488056	0.7339141	1.0	932	tags=12%, list=5%, signal=12%	
GOBP_EMBRYONIC_PATTERN_SPECIFICATION	GOBP_EMBRYONIC_PATTERN_SPECIFICATION		68	-0.30868602	-0.96506697	0.521327	0.73388904	1.0	3685	tags=28%, list=19%, signal=34%	
GOBP_REGULATION_OF_RENAL_SYSTEM_PROCESS	GOBP_REGULATION_OF_RENAL_SYSTEM_PROCESS		21	-0.3842898	-0.9648076	0.50344825	0.7342749	1.0	4320	tags=48%, list=22%, signal=61%	
GOMF_ATP_HYDROLYSIS_ACTIVITY	GOMF_ATP_HYDROLYSIS_ACTIVITY		380	-0.25547382	-0.96458906	0.57575756	0.73456126	1.0	3521	tags=22%, list=18%, signal=26%	
GOBP_NEGATIVE_REGULATION_OF_CD4_POSITIVE_ALPHA_BETA_T_CELL_DIFFERENTIATION	GOBP_NEGATIVE_REGULATION_OF_CD4_POSITIVE_ALPHA_BETA_T_CELL_DIFFERENTIATION		21	-0.3781757	-0.96425366	0.5	0.73515046	1.0	3339	tags=24%, list=17%, signal=29%	
GOBP_REGULATION_OF_ACTOMYOSIN_STRUCTURE_ORGANIZATION	GOBP_REGULATION_OF_ACTOMYOSIN_STRUCTURE_ORGANIZATION		98	-0.29449326	-0.96421254	0.5201794	0.73497087	1.0	2469	tags=22%, list=13%, signal=26%	
GOCC_SYNAPTIC_VESICLE_MEMBRANE	GOCC_SYNAPTIC_VESICLE_MEMBRANE		130	-0.28807995	-0.9641026	0.5509601	0.7349833	1.0	2090	tags=12%, list=11%, signal=13%	
GOMF_NEUROPEPTIDE_RECEPTOR_ACTIVITY	GOMF_NEUROPEPTIDE_RECEPTOR_ACTIVITY		47	-0.33337834	-0.96380836	0.50974023	0.735459	1.0	1187	tags=6%, list=6%, signal=7%	
GOCC_CULLIN_RING_UBIQUITIN_LIGASE_COMPLEX	GOCC_CULLIN_RING_UBIQUITIN_LIGASE_COMPLEX		172	-0.27313283	-0.9631858	0.54320985	0.7368258	1.0	4670	tags=31%, list=24%, signal=40%	
GOBP_REGULATION_OF_BRANCHING_INVOLVED_IN_URETERIC_BUD_MORPHOGENESIS	GOBP_REGULATION_OF_BRANCHING_INVOLVED_IN_URETERIC_BUD_MORPHOGENESIS		21	-0.38252044	-0.9629784	0.513468	0.7370824	1.0	1616	tags=14%, list=8%, signal=16%	
GOBP_REGULATION_OF_PLASMA_LIPOPROTEIN_PARTICLE_LEVELS	GOBP_REGULATION_OF_PLASMA_LIPOPROTEIN_PARTICLE_LEVELS		76	-0.3084584	-0.96290493	0.55263156	0.73699355	1.0	1674	tags=18%, list=9%, signal=20%	
GOMF_PROTEIN_HETERODIMERIZATION_ACTIVITY	GOMF_PROTEIN_HETERODIMERIZATION_ACTIVITY		244	-0.26494163	-0.96288985	0.5736842	0.7367378	1.0	3929	tags=25%, list=20%, signal=31%	
GOBP_SISTER_CHROMATID_COHESION	GOBP_SISTER_CHROMATID_COHESION		49	-0.32423726	-0.9623315	0.49921012	0.7378967	1.0	4187	tags=31%, list=22%, signal=39%	
GOMF_PHOSPHATASE_BINDING	GOMF_PHOSPHATASE_BINDING		176	-0.27173242	-0.962255	0.55630934	0.7378139	1.0	3763	tags=27%, list=19%, signal=33%	
GOBP_LOCOMOTORY_BEHAVIOR	GOBP_LOCOMOTORY_BEHAVIOR		197	-0.26828933	-0.96176463	0.54505813	0.73883843	1.0	2913	tags=18%, list=15%, signal=21%	
GOMF_SMAD_BINDING	GOMF_SMAD_BINDING		75	-0.30271158	-0.9615772	0.5246637	0.7390494	1.0	1314	tags=12%, list=7%, signal=13%	
GOCC_CLATHRIN_COATED_PIT	GOCC_CLATHRIN_COATED_PIT		74	-0.30543685	-0.9606746	0.53208137	0.7411238	1.0	4063	tags=31%, list=21%, signal=39%	
GOBP_POSITIVE_REGULATION_OF_TRANSCRIPTION_REGULATORY_REGION_DNA_BINDING	GOBP_POSITIVE_REGULATION_OF_TRANSCRIPTION_REGULATORY_REGION_DNA_BINDING		18	-0.39268255	-0.96025455	0.51499116	0.7419196	1.0	3315	tags=22%, list=17%, signal=27%	
GOBP_FLUID_TRANSPORT	GOBP_FLUID_TRANSPORT		37	-0.34590307	-0.95935285	0.5205696	0.74404484	1.0	2856	tags=30%, list=15%, signal=35%	
GOBP_COGNITION	GOBP_COGNITION		305	-0.25541046	-0.9591196	0.5613811	0.74437964	1.0	2664	tags=16%, list=14%, signal=19%	
GOBP_ADULT_BEHAVIOR	GOBP_ADULT_BEHAVIOR		141	-0.27803722	-0.9587949	0.53669065	0.7449477	1.0	1556	tags=12%, list=8%, signal=13%	
GOBP_PHOSPHATIDYLCHOLINE_METABOLIC_PROCESS	GOBP_PHOSPHATIDYLCHOLINE_METABOLIC_PROCESS		71	-0.3079318	-0.95834523	0.5372671	0.74581015	1.0	813	tags=11%, list=4%, signal=12%	
GOCC_TRANSPORTER_COMPLEX	GOCC_TRANSPORTER_COMPLEX		436	-0.24989699	-0.95831966	0.60368097	0.74558836	1.0	1391	tags=8%, list=7%, signal=8%	
GOCC_EXTRINSIC_COMPONENT_OF_ORGANELLE_MEMBRANE	GOCC_EXTRINSIC_COMPONENT_OF_ORGANELLE_MEMBRANE		24	-0.37369055	-0.9579511	0.5316901	0.7462783	1.0	44	tags=4%, list=0%, signal=4%	
GOBP_NEGATIVE_REGULATION_OF_GLIAL_CELL_PROLIFERATION	GOBP_NEGATIVE_REGULATION_OF_GLIAL_CELL_PROLIFERATION		16	-0.40749034	-0.9577101	0.5161871	0.74662966	1.0	2666	tags=31%, list=14%, signal=36%	
GOBP_CALCIUM_DEPENDENT_CELL_CELL_ADHESION_VIA_PLASMA_MEMBRANE_CELL_ADHESION_MOLECULES	GOBP_CALCIUM_DEPENDENT_CELL_CELL_ADHESION_VIA_PLASMA_MEMBRANE_CELL_ADHESION_MOLECULES		47	-0.32864043	-0.95713824	0.51916933	0.74781805	1.0	2354	tags=21%, list=12%, signal=24%	
GOBP_NEURON_FATE_SPECIFICATION	GOBP_NEURON_FATE_SPECIFICATION		35	-0.34328392	-0.956653	0.5334421	0.7488028	1.0	1885	tags=11%, list=10%, signal=13%	
GOBP_ESTABLISHMENT_OF_ORGANELLE_LOCALIZATION	GOBP_ESTABLISHMENT_OF_ORGANELLE_LOCALIZATION		455	-0.25019285	-0.9565692	0.6077482	0.7487311	1.0	2110	tags=14%, list=11%, signal=15%	
GOBP_HEMATOPOIETIC_PROGENITOR_CELL_DIFFERENTIATION	GOBP_HEMATOPOIETIC_PROGENITOR_CELL_DIFFERENTIATION		129	-0.2820376	-0.9563946	0.55455905	0.74890804	1.0	2712	tags=19%, list=14%, signal=21%	
GOBP_GLYCOSYL_COMPOUND_CATABOLIC_PROCESS	GOBP_GLYCOSYL_COMPOUND_CATABOLIC_PROCESS		34	-0.3413715	-0.9562327	0.51386625	0.74902475	1.0	3668	tags=32%, list=19%, signal=40%	
GOBP_ORGANISM_EMERGENCE_FROM_PROTECTIVE_STRUCTURE	GOBP_ORGANISM_EMERGENCE_FROM_PROTECTIVE_STRUCTURE		22	-0.3780694	-0.9560665	0.5144404	0.7491653	1.0	4328	tags=41%, list=22%, signal=53%	
GOBP_NON_PROTEINOGENIC_AMINO_ACID_BIOSYNTHETIC_PROCESS	GOBP_NON_PROTEINOGENIC_AMINO_ACID_BIOSYNTHETIC_PROCESS		17	-0.3976742	-0.9553266	0.5492701	0.7508052	1.0	1494	tags=29%, list=8%, signal=32%	
GOBP_INTERLEUKIN_2_PRODUCTION	GOBP_INTERLEUKIN_2_PRODUCTION		63	-0.30695665	-0.95484716	0.54141104	0.7517352	1.0	1959	tags=24%, list=10%, signal=26%	
GOBP_SYNAPTIC_TRANSMISSION_GABAERGIC	GOBP_SYNAPTIC_TRANSMISSION_GABAERGIC		58	-0.3128944	-0.95466036	0.5361842	0.7519088	1.0	1640	tags=14%, list=8%, signal=15%	
GOMF_G_PROTEIN_ALPHA_SUBUNIT_BINDING	GOMF_G_PROTEIN_ALPHA_SUBUNIT_BINDING		28	-0.35285494	-0.9545894	0.53741497	0.7517993	1.0	781	tags=14%, list=4%, signal=15%	
GOMF_PROTEIN_MEMBRANE_ADAPTOR_ACTIVITY	GOMF_PROTEIN_MEMBRANE_ADAPTOR_ACTIVITY		34	-0.34675497	-0.9544386	0.53781515	0.7519053	1.0	2724	tags=21%, list=14%, signal=24%	
GOBP_PHOSPHOLIPID_CATABOLIC_PROCESS	GOBP_PHOSPHOLIPID_CATABOLIC_PROCESS		53	-0.3201027	-0.95402044	0.55254775	0.75272286	1.0	3071	tags=28%, list=16%, signal=34%	
GOBP_ONE_CARBON_METABOLIC_PROCESS	GOBP_ONE_CARBON_METABOLIC_PROCESS		37	-0.34196836	-0.95397043	0.5379538	0.75255054	1.0	2174	tags=24%, list=11%, signal=27%	
GOBP_VIRAL_RNA_GENOME_REPLICATION	GOBP_VIRAL_RNA_GENOME_REPLICATION		27	-0.368643	-0.95394784	0.53333336	0.7523127	1.0	4292	tags=37%, list=22%, signal=47%	
GOBP_REGULATION_OF_ACTIN_FILAMENT_LENGTH	GOBP_REGULATION_OF_ACTIN_FILAMENT_LENGTH		145	-0.2757425	-0.95381194	0.57223797	0.75237024	1.0	3602	tags=26%, list=19%, signal=32%	
GOBP_POSITIVE_REGULATION_OF_TRANSFORMING_GROWTH_FACTOR_BETA_PRODUCTION	GOBP_POSITIVE_REGULATION_OF_TRANSFORMING_GROWTH_FACTOR_BETA_PRODUCTION		17	-0.40720582	-0.9538069	0.5393053	0.7520868	1.0	1287	tags=24%, list=7%, signal=25%	
GOBP_NEGATIVE_REGULATION_OF_DNA_REPAIR	GOBP_NEGATIVE_REGULATION_OF_DNA_REPAIR		33	-0.35038832	-0.9537491	0.5075885	0.751961	1.0	2953	tags=27%, list=15%, signal=32%	
GOCC_I_BAND	GOCC_I_BAND		140	-0.2792672	-0.9537227	0.56821376	0.75173587	1.0	3314	tags=24%, list=17%, signal=29%	
GOBP_AXONAL_FASCICULATION	GOBP_AXONAL_FASCICULATION		20	-0.3826933	-0.9535159	0.5305785	0.7519765	1.0	3039	tags=25%, list=16%, signal=30%	
GOMF_PROTEIN_SERINE_THREONINE_KINASE_ACTIVITY	GOMF_PROTEIN_SERINE_THREONINE_KINASE_ACTIVITY		410	-0.24982686	-0.952679	0.594132	0.75383765	1.0	3349	tags=22%, list=17%, signal=26%	
GOCC_VACUOLAR_LUMEN	GOCC_VACUOLAR_LUMEN		174	-0.27063704	-0.95237863	0.56948227	0.7543349	1.0	1509	tags=11%, list=8%, signal=12%	
GOBP_MESENCHYMAL_TO_EPITHELIAL_TRANSITION	GOBP_MESENCHYMAL_TO_EPITHELIAL_TRANSITION		19	-0.38870788	-0.95186085	0.53504276	0.7553937	1.0	2610	tags=26%, list=13%, signal=30%	
GOBP_GMP_METABOLIC_PROCESS	GOBP_GMP_METABOLIC_PROCESS		27	-0.35978505	-0.9517337	0.52020204	0.7554249	1.0	3668	tags=30%, list=19%, signal=36%	
GOBP_BRANCHING_INVOLVED_IN_MAMMARY_GLAND_DUCT_MORPHOGENESIS	GOBP_BRANCHING_INVOLVED_IN_MAMMARY_GLAND_DUCT_MORPHOGENESIS		23	-0.37498462	-0.9516534	0.5421903	0.75533897	1.0	3371	tags=39%, list=17%, signal=47%	
GOCC_NEURON_PROJECTION_MEMBRANE	GOCC_NEURON_PROJECTION_MEMBRANE		56	-0.31364676	-0.9512969	0.534846	0.75593394	1.0	1702	tags=13%, list=9%, signal=14%	
GOBP_POSTSYNAPTIC_CYTOSKELETON_ORGANIZATION	GOBP_POSTSYNAPTIC_CYTOSKELETON_ORGANIZATION		16	-0.40781868	-0.95112437	0.5097691	0.75607777	1.0	1126	tags=13%, list=6%, signal=13%	
GOBP_LONG_TERM_SYNAPTIC_POTENTIATION	GOBP_LONG_TERM_SYNAPTIC_POTENTIATION		91	-0.293805	-0.95111185	0.54858	0.7558155	1.0	2839	tags=22%, list=15%, signal=26%	
GOCC_SMALL_RIBOSOMAL_SUBUNIT	GOCC_SMALL_RIBOSOMAL_SUBUNIT		74	-0.3024016	-0.9508337	0.5480769	0.75624865	1.0	425	tags=3%, list=2%, signal=3%	
GOBP_REGULATION_OF_TELOMERE_CAPPING	GOBP_REGULATION_OF_TELOMERE_CAPPING		26	-0.36226672	-0.950788	0.5389948	0.756073	1.0	1256	tags=12%, list=6%, signal=12%	
GOBP_PHOSPHOLIPID_METABOLIC_PROCESS	GOBP_PHOSPHOLIPID_METABOLIC_PROCESS		361	-0.25177336	-0.9502145	0.6	0.7572618	1.0	3108	tags=21%, list=16%, signal=25%	
GOBP_ORGANOPHOSPHATE_ESTER_TRANSPORT	GOBP_ORGANOPHOSPHATE_ESTER_TRANSPORT		149	-0.27503964	-0.9501745	0.57122904	0.75706327	1.0	2830	tags=20%, list=15%, signal=23%	
GOBP_POLYAMINE_TRANSPORT	GOBP_POLYAMINE_TRANSPORT		15	-0.41430464	-0.9500611	0.53333336	0.7570554	1.0	2360	tags=27%, list=12%, signal=30%	
GOBP_NEGATIVE_REGULATION_OF_MYOTUBE_DIFFERENTIATION	GOBP_NEGATIVE_REGULATION_OF_MYOTUBE_DIFFERENTIATION		16	-0.41205704	-0.9495664	0.54234236	0.75806344	1.0	4395	tags=50%, list=23%, signal=65%	
GOBP_REGULATION_OF_VASCULAR_PERMEABILITY	GOBP_REGULATION_OF_VASCULAR_PERMEABILITY		47	-0.3237048	-0.949467	0.56418383	0.75801295	1.0	896	tags=11%, list=5%, signal=11%	
GOMF_RRNA_BINDING	GOMF_RRNA_BINDING		60	-0.3091733	-0.9494146	0.5559055	0.7578519	1.0	425	tags=3%, list=2%, signal=3%	
GOBP_NITRIC_OXIDE_SYNTHASE_BIOSYNTHETIC_PROCESS	GOBP_NITRIC_OXIDE_SYNTHASE_BIOSYNTHETIC_PROCESS		18	-0.3981109	-0.94858134	0.5485009	0.7597218	1.0	2333	tags=22%, list=12%, signal=25%	
GOBP_NEGATIVE_REGULATION_OF_CATABOLIC_PROCESS	GOBP_NEGATIVE_REGULATION_OF_CATABOLIC_PROCESS		328	-0.25065944	-0.9480706	0.61206895	0.76074505	1.0	3697	tags=23%, list=19%, signal=28%	
GOMF_HEAT_SHOCK_PROTEIN_BINDING	GOMF_HEAT_SHOCK_PROTEIN_BINDING		120	-0.2798528	-0.9476044	0.58036983	0.76167595	1.0	3101	tags=23%, list=16%, signal=28%	
GOBP_PROTEIN_N_LINKED_GLYCOSYLATION_VIA_ASPARAGINE	GOBP_PROTEIN_N_LINKED_GLYCOSYLATION_VIA_ASPARAGINE		23	-0.37522557	-0.947481	0.53288364	0.76170194	1.0	2605	tags=17%, list=13%, signal=20%	
GOMF_GLUCOSYLTRANSFERASE_ACTIVITY	GOMF_GLUCOSYLTRANSFERASE_ACTIVITY		17	-0.39743653	-0.9474657	0.52416354	0.7614446	1.0	2149	tags=24%, list=11%, signal=26%	
GOBP_CENTRIOLE_ASSEMBLY	GOBP_CENTRIOLE_ASSEMBLY		44	-0.32236898	-0.94717884	0.54471546	0.7618905	1.0	3239	tags=27%, list=17%, signal=33%	
GOBP_NEGATIVE_REGULATION_OF_DNA_BINDING_TRANSCRIPTION_FACTOR_ACTIVITY	GOBP_NEGATIVE_REGULATION_OF_DNA_BINDING_TRANSCRIPTION_FACTOR_ACTIVITY		133	-0.27571887	-0.9465432	0.58630526	0.76324254	1.0	3823	tags=25%, list=20%, signal=31%	
GOBP_RESPONSE_TO_HEAT	GOBP_RESPONSE_TO_HEAT		96	-0.28901395	-0.94637686	0.5748503	0.7633558	1.0	3727	tags=25%, list=19%, signal=31%	
GOCC_LAMELLAR_BODY	GOCC_LAMELLAR_BODY		17	-0.38936418	-0.9463208	0.54010695	0.76322305	1.0	879	tags=18%, list=5%, signal=18%	
GOBP_POSITIVE_REGULATION_OF_STEM_CELL_DIFFERENTIATION	GOBP_POSITIVE_REGULATION_OF_STEM_CELL_DIFFERENTIATION		21	-0.38145	-0.94584763	0.5440141	0.764107	1.0	1545	tags=19%, list=8%, signal=21%	
GOBP_AMYLOID_PRECURSOR_PROTEIN_METABOLIC_PROCESS	GOBP_AMYLOID_PRECURSOR_PROTEIN_METABOLIC_PROCESS		73	-0.30150545	-0.94565403	0.5586854	0.76431465	1.0	4400	tags=30%, list=23%, signal=39%	
GOBP_MOTOR_BEHAVIOR	GOBP_MOTOR_BEHAVIOR		22	-0.36985847	-0.9454973	0.5372617	0.76441276	1.0	2124	tags=23%, list=11%, signal=25%	
GOBP_REGULATION_OF_NEURONAL_SYNAPTIC_PLASTICITY	GOBP_REGULATION_OF_NEURONAL_SYNAPTIC_PLASTICITY		53	-0.31226772	-0.9452457	0.5634675	0.76474667	1.0	4501	tags=34%, list=23%, signal=44%	
GOBP_MESODERM_DEVELOPMENT	GOBP_MESODERM_DEVELOPMENT		125	-0.27914947	-0.94522285	0.5731343	0.76450986	1.0	2124	tags=14%, list=11%, signal=16%	
GOBP_CATECHOLAMINE_TRANSPORT	GOBP_CATECHOLAMINE_TRANSPORT		63	-0.30565348	-0.9450269	0.5566038	0.7647304	1.0	2675	tags=19%, list=14%, signal=22%	
GOBP_POSITIVE_REGULATION_OF_EXOCYTOSIS	GOBP_POSITIVE_REGULATION_OF_EXOCYTOSIS		77	-0.2953318	-0.94498444	0.5656402	0.7645522	1.0	2925	tags=26%, list=15%, signal=30%	
GOBP_NEGATIVE_REGULATION_OF_JNK_CASCADE	GOBP_NEGATIVE_REGULATION_OF_JNK_CASCADE		34	-0.34255302	-0.94492	0.54668933	0.7644288	1.0	972	tags=12%, list=5%, signal=12%	
GOBP_POSITIVE_REGULATION_OF_TYPE_I_INTERFERON_PRODUCTION	GOBP_POSITIVE_REGULATION_OF_TYPE_I_INTERFERON_PRODUCTION		70	-0.30309704	-0.94482195	0.533871	0.76438636	1.0	4151	tags=29%, list=21%, signal=36%	
GOBP_COPPER_ION_HOMEOSTASIS	GOBP_COPPER_ION_HOMEOSTASIS		21	-0.3842077	-0.9445324	0.54733217	0.7648324	1.0	2477	tags=24%, list=13%, signal=27%	
GOBP_CELLULAR_RESPONSE_TO_KETONE	GOBP_CELLULAR_RESPONSE_TO_KETONE		104	-0.28691575	-0.9445322	0.59138185	0.7645381	1.0	1438	tags=12%, list=7%, signal=12%	
GOBP_RENAL_FILTRATION	GOBP_RENAL_FILTRATION		28	-0.35388476	-0.94423217	0.5231561	0.76502305	1.0	3250	tags=39%, list=17%, signal=47%	
GOBP_NEGATIVE_REGULATION_OF_CYTOKINE_PRODUCTION_INVOLVED_IN_INFLAMMATORY_RESPONSE	GOBP_NEGATIVE_REGULATION_OF_CYTOKINE_PRODUCTION_INVOLVED_IN_INFLAMMATORY_RESPONSE		23	-0.37130293	-0.94416255	0.5498282	0.7649069	1.0	1510	tags=17%, list=8%, signal=19%	
GOBP_CENTRAL_NERVOUS_SYSTEM_PROJECTION_NEURON_AXONOGENESIS	GOBP_CENTRAL_NERVOUS_SYSTEM_PROJECTION_NEURON_AXONOGENESIS		28	-0.35737294	-0.94402087	0.55954325	0.7649786	1.0	3039	tags=21%, list=16%, signal=25%	
GOBP_NEGATIVE_REGULATION_OF_PROTEIN_MATURATION	GOBP_NEGATIVE_REGULATION_OF_PROTEIN_MATURATION		29	-0.35789642	-0.94392735	0.5527211	0.7649335	1.0	1352	tags=17%, list=7%, signal=19%	
GOBP_POSITIVE_REGULATION_OF_LYASE_ACTIVITY	GOBP_POSITIVE_REGULATION_OF_LYASE_ACTIVITY		37	-0.33585843	-0.9438995	0.54561406	0.7647082	1.0	2537	tags=22%, list=13%, signal=25%	
GOBP_TROPHOBLAST_CELL_MIGRATION	GOBP_TROPHOBLAST_CELL_MIGRATION		15	-0.40105727	-0.94365084	0.5359712	0.76506126	1.0	5312	tags=33%, list=27%, signal=46%	
GOBP_HEART_GROWTH	GOBP_HEART_GROWTH		78	-0.2951935	-0.9430242	0.5875969	0.76632595	1.0	2212	tags=18%, list=11%, signal=20%	
GOBP_POSITIVE_REGULATION_OF_AMINO_ACID_TRANSPORT	GOBP_POSITIVE_REGULATION_OF_AMINO_ACID_TRANSPORT		23	-0.37208834	-0.942717	0.5400982	0.76685023	1.0	878	tags=17%, list=5%, signal=18%	
GOMF_GTPASE_ACTIVITY	GOMF_GTPASE_ACTIVITY		297	-0.25613785	-0.94263095	0.6051282	0.76678336	1.0	1506	tags=9%, list=8%, signal=10%	
GOBP_REGULATION_OF_SMOOTH_MUSCLE_CONTRACTION	GOBP_REGULATION_OF_SMOOTH_MUSCLE_CONTRACTION		54	-0.31757706	-0.94256395	0.55607474	0.76665586	1.0	1886	tags=19%, list=10%, signal=20%	
GOBP_NUCLEOBASE_METABOLIC_PROCESS	GOBP_NUCLEOBASE_METABOLIC_PROCESS		39	-0.3363781	-0.9424986	0.5522152	0.76653427	1.0	1782	tags=21%, list=9%, signal=23%	
GOMF_ALDO_KETO_REDUCTASE_NADPH_ACTIVITY	GOMF_ALDO_KETO_REDUCTASE_NADPH_ACTIVITY		28	-0.35737857	-0.9419172	0.54323	0.76773983	1.0	437	tags=7%, list=2%, signal=7%	
GOBP_RESPONSE_TO_FLUID_SHEAR_STRESS	GOBP_RESPONSE_TO_FLUID_SHEAR_STRESS		32	-0.33997896	-0.9419134	0.54844004	0.7674528	1.0	707	tags=13%, list=4%, signal=13%	
GOCC_COATED_VESICLE_MEMBRANE	GOCC_COATED_VESICLE_MEMBRANE		195	-0.26322454	-0.94177055	0.60597825	0.7675346	1.0	3056	tags=17%, list=16%, signal=20%	
GOMF_ATP_DEPENDENT_CHROMATIN_REMODELER_ACTIVITY	GOMF_ATP_DEPENDENT_CHROMATIN_REMODELER_ACTIVITY		34	-0.34585947	-0.9414249	0.5659722	0.7681269	1.0	4697	tags=35%, list=24%, signal=46%	
GOBP_POSITIVE_REGULATION_OF_MONOOXYGENASE_ACTIVITY	GOBP_POSITIVE_REGULATION_OF_MONOOXYGENASE_ACTIVITY		24	-0.36588693	-0.9411779	0.5440141	0.7684864	1.0	3101	tags=33%, list=16%, signal=40%	
GOBP_GOLGI_TO_VACUOLE_TRANSPORT	GOBP_GOLGI_TO_VACUOLE_TRANSPORT		20	-0.3787559	-0.9409508	0.5670841	0.7687758	1.0	1673	tags=20%, list=9%, signal=22%	
GOMF_PHOSPHOLIPID_TRANSPORTER_ACTIVITY	GOMF_PHOSPHOLIPID_TRANSPORTER_ACTIVITY		61	-0.30644783	-0.9409496	0.5678627	0.7684846	1.0	5446	tags=46%, list=28%, signal=64%	
GOBP_TOLL_LIKE_RECEPTOR_4_SIGNALING_PATHWAY	GOBP_TOLL_LIKE_RECEPTOR_4_SIGNALING_PATHWAY		58	-0.3083937	-0.94078666	0.56058156	0.768615	1.0	4532	tags=38%, list=23%, signal=49%	
GOBP_DENDRITE_DEVELOPMENT	GOBP_DENDRITE_DEVELOPMENT		226	-0.26105577	-0.9405913	0.61035424	0.7688378	1.0	3306	tags=20%, list=17%, signal=24%	
GOMF_LIGAND_ACTIVATED_TRANSCRIPTION_FACTOR_ACTIVITY	GOMF_LIGAND_ACTIVATED_TRANSCRIPTION_FACTOR_ACTIVITY		53	-0.31576073	-0.9401924	0.55762714	0.7695706	1.0	2465	tags=19%, list=13%, signal=22%	
GOBP_MUCOPOLYSACCHARIDE_METABOLIC_PROCESS	GOBP_MUCOPOLYSACCHARIDE_METABOLIC_PROCESS		89	-0.2895474	-0.9400107	0.5755725	0.7697319	1.0	2674	tags=21%, list=14%, signal=25%	
GOBP_NUCLEOBASE_CONTAINING_COMPOUND_TRANSPORT	GOBP_NUCLEOBASE_CONTAINING_COMPOUND_TRANSPORT		215	-0.2585187	-0.9396176	0.6064257	0.77044505	1.0	3463	tags=20%, list=18%, signal=24%	
GOBP_NEGATIVE_REGULATION_OF_PROTEIN_UBIQUITINATION	GOBP_NEGATIVE_REGULATION_OF_PROTEIN_UBIQUITINATION		71	-0.29868716	-0.9390476	0.5922481	0.7716296	1.0	2980	tags=17%, list=15%, signal=20%	
GOBP_IMPORT_INTO_NUCLEUS	GOBP_IMPORT_INTO_NUCLEUS		161	-0.2715084	-0.9390066	0.6016371	0.7714419	1.0	3957	tags=31%, list=20%, signal=39%	
GOBP_FOREBRAIN_REGIONALIZATION	GOBP_FOREBRAIN_REGIONALIZATION		24	-0.36413953	-0.9389336	0.5407654	0.77133375	1.0	1885	tags=21%, list=10%, signal=23%	
GOBP_REGULATION_OF_SYNAPTIC_VESICLE_EXOCYTOSIS	GOBP_REGULATION_OF_SYNAPTIC_VESICLE_EXOCYTOSIS		42	-0.32990462	-0.9388147	0.5500821	0.771367	1.0	1411	tags=10%, list=7%, signal=10%	
GOBP_POSITIVE_REGULATION_OF_ANIMAL_ORGAN_MORPHOGENESIS	GOBP_POSITIVE_REGULATION_OF_ANIMAL_ORGAN_MORPHOGENESIS		35	-0.33895594	-0.9384217	0.55074877	0.7721258	1.0	1345	tags=11%, list=7%, signal=12%	
GOCC_ZYMOGEN_GRANULE	GOCC_ZYMOGEN_GRANULE		18	-0.38731858	-0.9382058	0.5528596	0.77239054	1.0	2302	tags=28%, list=12%, signal=31%	
GOBP_LEARNING	GOBP_LEARNING		149	-0.27102742	-0.93782574	0.60113156	0.7731029	1.0	3101	tags=19%, list=16%, signal=22%	
GOBP_T_CELL_DIFFERENTIATION_IN_THYMUS	GOBP_T_CELL_DIFFERENTIATION_IN_THYMUS		85	-0.29084763	-0.93735296	0.5794392	0.7740029	1.0	4279	tags=35%, list=22%, signal=45%	
GOBP_MYELOID_CELL_DEVELOPMENT	GOBP_MYELOID_CELL_DEVELOPMENT		85	-0.28964272	-0.9370657	0.56070286	0.77446026	1.0	3389	tags=31%, list=17%, signal=37%	
GOBP_POSITIVE_REGULATION_OF_EXTRACELLULAR_MATRIX_ORGANIZATION	GOBP_POSITIVE_REGULATION_OF_EXTRACELLULAR_MATRIX_ORGANIZATION		30	-0.34461513	-0.93705577	0.55857384	0.7741892	1.0	4490	tags=37%, list=23%, signal=48%	
GOBP_MATING_BEHAVIOR	GOBP_MATING_BEHAVIOR		36	-0.33535168	-0.93676186	0.5495652	0.77467954	1.0	331	tags=8%, list=2%, signal=8%	
GOBP_REGULATION_OF_T_HELPER_17_CELL_DIFFERENTIATION	GOBP_REGULATION_OF_T_HELPER_17_CELL_DIFFERENTIATION		23	-0.36844915	-0.93648577	0.5485009	0.7751176	1.0	3257	tags=17%, list=17%, signal=21%	
GOBP_REGULATION_OF_UBIQUITIN_DEPENDENT_PROTEIN_CATABOLIC_PROCESS	GOBP_REGULATION_OF_UBIQUITIN_DEPENDENT_PROTEIN_CATABOLIC_PROCESS		158	-0.2676767	-0.9361463	0.6017316	0.7756679	1.0	2424	tags=16%, list=12%, signal=18%	
GOCC_STEREOCILIUM_BUNDLE	GOCC_STEREOCILIUM_BUNDLE		58	-0.3040906	-0.93611175	0.58908504	0.7754642	1.0	3422	tags=28%, list=18%, signal=33%	
GOBP_NEGATIVE_CHEMOTAXIS	GOBP_NEGATIVE_CHEMOTAXIS		47	-0.3214703	-0.93587995	0.5646481	0.77576447	1.0	2453	tags=19%, list=13%, signal=22%	
GOBP_LENS_DEVELOPMENT_IN_CAMERA_TYPE_EYE	GOBP_LENS_DEVELOPMENT_IN_CAMERA_TYPE_EYE		87	-0.2903975	-0.93581533	0.5630631	0.77562183	1.0	1455	tags=9%, list=7%, signal=10%	
GOCC_SCHAFFER_COLLATERAL_CA1_SYNAPSE	GOCC_SCHAFFER_COLLATERAL_CA1_SYNAPSE		91	-0.2867783	-0.9353702	0.5716511	0.7764738	1.0	2602	tags=16%, list=13%, signal=19%	
GOBP_PYRIMIDINE_CONTAINING_COMPOUND_METABOLIC_PROCESS	GOBP_PYRIMIDINE_CONTAINING_COMPOUND_METABOLIC_PROCESS		86	-0.29047006	-0.93481976	0.5876133	0.77756554	1.0	2178	tags=17%, list=11%, signal=20%	
GOCC_VACUOLAR_MEMBRANE	GOCC_VACUOLAR_MEMBRANE		454	-0.24518359	-0.9343685	0.6838942	0.77844876	1.0	2678	tags=15%, list=14%, signal=17%	
GOCC_MYELIN_SHEATH	GOCC_MYELIN_SHEATH		43	-0.32163087	-0.93422264	0.56891024	0.77853745	1.0	881	tags=9%, list=5%, signal=10%	
GOBP_POSITIVE_REGULATION_OF_CYTOSOLIC_CALCIUM_ION_CONCENTRATION	GOBP_POSITIVE_REGULATION_OF_CYTOSOLIC_CALCIUM_ION_CONCENTRATION		162	-0.2673692	-0.9339982	0.6107193	0.7788266	1.0	4260	tags=27%, list=22%, signal=35%	
GOBP_REGULATION_OF_RECEPTOR_MEDIATED_ENDOCYTOSIS	GOBP_REGULATION_OF_RECEPTOR_MEDIATED_ENDOCYTOSIS		109	-0.2782407	-0.9330292	0.6174699	0.78098524	1.0	2407	tags=15%, list=12%, signal=17%	
GOMF_CERAMIDE_BINDING	GOMF_CERAMIDE_BINDING		17	-0.3969119	-0.93302196	0.5474061	0.7807061	1.0	2542	tags=24%, list=13%, signal=27%	
GOBP_REGULATION_OF_RESPONSE_TO_CYTOKINE_STIMULUS	GOBP_REGULATION_OF_RESPONSE_TO_CYTOKINE_STIMULUS		163	-0.2652624	-0.932244	0.622695	0.78234607	1.0	3370	tags=24%, list=17%, signal=29%	
GOBP_RESPONSE_TO_COCAINE	GOBP_RESPONSE_TO_COCAINE		55	-0.30800375	-0.9319008	0.57961786	0.78291553	1.0	1039	tags=11%, list=5%, signal=11%	
GOBP_REGULATION_OF_ACTIVIN_RECEPTOR_SIGNALING_PATHWAY	GOBP_REGULATION_OF_ACTIVIN_RECEPTOR_SIGNALING_PATHWAY		26	-0.35732368	-0.93180937	0.5609756	0.7828409	1.0	2072	tags=19%, list=11%, signal=21%	
GOBP_PHOSPHATIDYLINOSITOL_METABOLIC_PROCESS	GOBP_PHOSPHATIDYLINOSITOL_METABOLIC_PROCESS		152	-0.26788458	-0.9311423	0.6175637	0.784256	1.0	3344	tags=28%, list=17%, signal=33%	
GOBP_REGULATION_OF_PHOSPHOLIPID_METABOLIC_PROCESS	GOBP_REGULATION_OF_PHOSPHOLIPID_METABOLIC_PROCESS		32	-0.34314212	-0.9310745	0.5738255	0.78413326	1.0	2676	tags=22%, list=14%, signal=25%	
GOMF_RECEPTOR_TYROSINE_KINASE_BINDING	GOMF_RECEPTOR_TYROSINE_KINASE_BINDING		77	-0.2946967	-0.9310102	0.6266026	0.7840004	1.0	3526	tags=22%, list=18%, signal=27%	
GOBP_LIPOPROTEIN_CATABOLIC_PROCESS	GOBP_LIPOPROTEIN_CATABOLIC_PROCESS		15	-0.39686102	-0.9309873	0.5475763	0.78376335	1.0	939	tags=13%, list=5%, signal=14%	
GOMF_ENZYME_SUBSTRATE_ADAPTOR_ACTIVITY	GOMF_ENZYME_SUBSTRATE_ADAPTOR_ACTIVITY		71	-0.28995255	-0.9309686	0.6053459	0.78351444	1.0	3651	tags=32%, list=19%, signal=40%	
GOBP_CELLULAR_RESPONSE_TO_OXIDATIVE_STRESS	GOBP_CELLULAR_RESPONSE_TO_OXIDATIVE_STRESS		228	-0.25700027	-0.93085283	0.62827224	0.7835282	1.0	2036	tags=15%, list=10%, signal=16%	
GOBP_NEUROBLAST_PROLIFERATION	GOBP_NEUROBLAST_PROLIFERATION		78	-0.29226607	-0.93080896	0.59970015	0.7833421	1.0	2433	tags=18%, list=13%, signal=20%	
GOBP_REGULATION_OF_PLASMINOGEN_ACTIVATION	GOBP_REGULATION_OF_PLASMINOGEN_ACTIVATION		18	-0.3822254	-0.93054414	0.55985916	0.7837283	1.0	1013	tags=17%, list=5%, signal=18%	
GOBP_POSITIVE_REGULATION_OF_DNA_REPAIR	GOBP_POSITIVE_REGULATION_OF_DNA_REPAIR		124	-0.27408257	-0.93042	0.6123348	0.7837648	1.0	4780	tags=34%, list=25%, signal=45%	
GOBP_RESPONSE_TO_AUDITORY_STIMULUS	GOBP_RESPONSE_TO_AUDITORY_STIMULUS		31	-0.34710297	-0.9298824	0.5580205	0.78483635	1.0	1693	tags=16%, list=9%, signal=18%	
GOBP_OLIGOPEPTIDE_TRANSPORT	GOBP_OLIGOPEPTIDE_TRANSPORT		17	-0.38579935	-0.92966276	0.55734766	0.7851024	1.0	3971	tags=41%, list=20%, signal=52%	
GOBP_ACTIVATION_OF_PHOSPHOLIPASE_C_ACTIVITY	GOBP_ACTIVATION_OF_PHOSPHOLIPASE_C_ACTIVITY		23	-0.3645179	-0.9295603	0.5748709	0.78506017	1.0	2837	tags=26%, list=15%, signal=31%	
GOBP_OLEFINIC_COMPOUND_METABOLIC_PROCESS	GOBP_OLEFINIC_COMPOUND_METABOLIC_PROCESS		159	-0.2661993	-0.9295172	0.6161473	0.78486556	1.0	2679	tags=17%, list=14%, signal=20%	
GOMF_SULFATE_TRANSMEMBRANE_TRANSPORTER_ACTIVITY	GOMF_SULFATE_TRANSMEMBRANE_TRANSPORTER_ACTIVITY		15	-0.3958876	-0.9291959	0.5662188	0.785383	1.0	765	tags=13%, list=4%, signal=14%	
GOBP_CEREBRAL_CORTEX_RADIALLY_ORIENTED_CELL_MIGRATION	GOBP_CEREBRAL_CORTEX_RADIALLY_ORIENTED_CELL_MIGRATION		34	-0.33741856	-0.9289742	0.5477707	0.78563726	1.0	3685	tags=38%, list=19%, signal=47%	
GOBP_POSITIVE_REGULATION_OF_TRANSPORTER_ACTIVITY	GOBP_POSITIVE_REGULATION_OF_TRANSPORTER_ACTIVITY		78	-0.29254362	-0.92892855	0.5928144	0.78546184	1.0	2430	tags=21%, list=13%, signal=23%	
GOBP_NUCLEOTIDE_TRANSPORT	GOBP_NUCLEOTIDE_TRANSPORT		45	-0.32098493	-0.92885476	0.58090615	0.78536534	1.0	2492	tags=18%, list=13%, signal=20%	
GOBP_ESTABLISHMENT_OF_RNA_LOCALIZATION	GOBP_ESTABLISHMENT_OF_RNA_LOCALIZATION		149	-0.26584688	-0.9284004	0.64565825	0.7862359	1.0	5574	tags=34%, list=29%, signal=48%	
GOBP_REGULATION_OF_T_CELL_CHEMOTAXIS	GOBP_REGULATION_OF_T_CELL_CHEMOTAXIS		15	-0.4015929	-0.92830336	0.5679442	0.7861791	1.0	2189	tags=33%, list=11%, signal=38%	
GOBP_MULTICELLULAR_ORGANISMAL_MOVEMENT	GOBP_MULTICELLULAR_ORGANISMAL_MOVEMENT		59	-0.29945567	-0.92817247	0.5837479	0.7862094	1.0	2540	tags=19%, list=13%, signal=21%	
GOMF_DISULFIDE_OXIDOREDUCTASE_ACTIVITY	GOMF_DISULFIDE_OXIDOREDUCTASE_ACTIVITY		39	-0.32971302	-0.92794085	0.5564648	0.78651124	1.0	992	tags=8%, list=5%, signal=8%	
GOBP_SNRNA_PROCESSING	GOBP_SNRNA_PROCESSING		25	-0.36042127	-0.92784697	0.57612455	0.7864454	1.0	5001	tags=40%, list=26%, signal=54%	
GOBP_SOMATIC_DIVERSIFICATION_OF_IMMUNE_RECEPTORS	GOBP_SOMATIC_DIVERSIFICATION_OF_IMMUNE_RECEPTORS		73	-0.29130265	-0.92780966	0.59008265	0.78624076	1.0	4604	tags=37%, list=24%, signal=48%	
GOBP_POSITIVE_REGULATION_OF_INTERFERON_ALPHA_PRODUCTION	GOBP_POSITIVE_REGULATION_OF_INTERFERON_ALPHA_PRODUCTION		22	-0.36283252	-0.92768866	0.56537104	0.78624034	1.0	404	tags=9%, list=2%, signal=9%	
GOBP_NEGATIVE_REGULATION_OF_RNA_SPLICING	GOBP_NEGATIVE_REGULATION_OF_RNA_SPLICING		25	-0.36650494	-0.92723787	0.5572917	0.78707796	1.0	3866	tags=24%, list=20%, signal=30%	
GOMF_PRIMARY_ACTIVE_TRANSMEMBRANE_TRANSPORTER_ACTIVITY	GOMF_PRIMARY_ACTIVE_TRANSMEMBRANE_TRANSPORTER_ACTIVITY		143	-0.26656008	-0.9270982	0.6337047	0.78712916	1.0	1872	tags=10%, list=10%, signal=11%	
GOBP_NUCLEOBASE_CONTAINING_SMALL_MOLECULE_CATABOLIC_PROCESS	GOBP_NUCLEOBASE_CONTAINING_SMALL_MOLECULE_CATABOLIC_PROCESS		30	-0.3464168	-0.9268829	0.55267704	0.7873914	1.0	3668	tags=33%, list=19%, signal=41%	
GOBP_PYROPTOSIS	GOBP_PYROPTOSIS		34	-0.33516896	-0.92668486	0.57096773	0.7876059	1.0	4296	tags=35%, list=22%, signal=45%	
GOBP_NEGATIVE_REGULATION_OF_PROTEIN_CONTAINING_COMPLEX_ASSEMBLY	GOBP_NEGATIVE_REGULATION_OF_PROTEIN_CONTAINING_COMPLEX_ASSEMBLY		135	-0.27452984	-0.926528	0.6253687	0.78769565	1.0	1399	tags=10%, list=7%, signal=10%	
GOBP_HEPARIN_METABOLIC_PROCESS	GOBP_HEPARIN_METABOLIC_PROCESS		17	-0.38626722	-0.92647547	0.55315316	0.7875388	1.0	3440	tags=35%, list=18%, signal=43%	
GOBP_AMYLOID_BETA_CLEARANCE	GOBP_AMYLOID_BETA_CLEARANCE		36	-0.3299661	-0.92598456	0.5695793	0.7884983	1.0	2599	tags=22%, list=13%, signal=26%	
GOMF_LIPASE_ACTIVITY	GOMF_LIPASE_ACTIVITY		123	-0.27371833	-0.9258728	0.61077845	0.78848034	1.0	2071	tags=16%, list=11%, signal=18%	
GOMF_DNA_DAMAGE_SENSOR_ACTIVITY	GOMF_DNA_DAMAGE_SENSOR_ACTIVITY		20	-0.37664783	-0.9257376	0.56392294	0.78853333	1.0	2993	tags=30%, list=15%, signal=35%	
GOBP_POSITIVE_REGULATION_OF_RHO_PROTEIN_SIGNAL_TRANSDUCTION	GOBP_POSITIVE_REGULATION_OF_RHO_PROTEIN_SIGNAL_TRANSDUCTION		37	-0.325614	-0.9254564	0.55921054	0.7889405	1.0	2733	tags=30%, list=14%, signal=35%	
GOBP_REGULATION_OF_DEFENSE_RESPONSE_TO_BACTERIUM	GOBP_REGULATION_OF_DEFENSE_RESPONSE_TO_BACTERIUM		19	-0.3836694	-0.9253186	0.56560284	0.78899974	1.0	2778	tags=32%, list=14%, signal=37%	
GOBP_CELLULAR_RESPONSE_TO_CARBOHYDRATE_STIMULUS	GOBP_CELLULAR_RESPONSE_TO_CARBOHYDRATE_STIMULUS		139	-0.27054256	-0.9249346	0.64336663	0.78966904	1.0	2040	tags=14%, list=11%, signal=15%	
GOMF_TRANSCRIPTION_COACTIVATOR_ACTIVITY	GOMF_TRANSCRIPTION_COACTIVATOR_ACTIVITY		258	-0.25160623	-0.924867	0.66276044	0.7895555	1.0	4085	tags=24%, list=21%, signal=30%	
GOBP_BRAIN_MORPHOGENESIS	GOBP_BRAIN_MORPHOGENESIS		36	-0.34102687	-0.924768	0.5942761	0.7895034	1.0	819	tags=11%, list=4%, signal=12%	
GOBP_DETECTION_OF_ABIOTIC_STIMULUS	GOBP_DETECTION_OF_ABIOTIC_STIMULUS		135	-0.2689136	-0.9240473	0.64327484	0.7910639	1.0	2367	tags=12%, list=12%, signal=13%	
GOBP_LAMELLIPODIUM_ASSEMBLY	GOBP_LAMELLIPODIUM_ASSEMBLY		70	-0.2941798	-0.92398506	0.6076555	0.7909241	1.0	3430	tags=26%, list=18%, signal=31%	
GOCC_CATION_CHANNEL_COMPLEX	GOCC_CATION_CHANNEL_COMPLEX		198	-0.2596435	-0.92352515	0.63978493	0.791771	1.0	1347	tags=9%, list=7%, signal=9%	
GOBP_CONVERGENT_EXTENSION	GOBP_CONVERGENT_EXTENSION		15	-0.39228812	-0.9231361	0.57699114	0.7924251	1.0	244	tags=13%, list=1%, signal=13%	
GOCC_OXIDOREDUCTASE_COMPLEX	GOCC_OXIDOREDUCTASE_COMPLEX		104	-0.28096104	-0.92306083	0.6414524	0.79230964	1.0	3561	tags=17%, list=18%, signal=21%	
GOCC_SEX_CHROMOSOME	GOCC_SEX_CHROMOSOME		28	-0.3472788	-0.9228184	0.57520664	0.7926361	1.0	3827	tags=39%, list=20%, signal=49%	
GOBP_VACUOLAR_ACIDIFICATION	GOBP_VACUOLAR_ACIDIFICATION		36	-0.33548406	-0.9222773	0.6114865	0.793692	1.0	4712	tags=31%, list=24%, signal=40%	
GOBP_REGULATION_OF_DOPAMINE_SECRETION	GOBP_REGULATION_OF_DOPAMINE_SECRETION		24	-0.35705906	-0.92199045	0.5858407	0.7941303	1.0	1556	tags=13%, list=8%, signal=14%	
GOBP_ORGAN_INDUCTION	GOBP_ORGAN_INDUCTION		22	-0.3642188	-0.9218582	0.56920415	0.7941569	1.0	1092	tags=9%, list=6%, signal=10%	
GOBP_TOR_SIGNALING	GOBP_TOR_SIGNALING		153	-0.26567644	-0.9218554	0.6492221	0.7938658	1.0	4537	tags=29%, list=23%, signal=37%	
GOBP_POSITIVE_REGULATION_OF_GLUCOSE_TRANSMEMBRANE_TRANSPORT	GOBP_POSITIVE_REGULATION_OF_GLUCOSE_TRANSMEMBRANE_TRANSPORT		41	-0.32863656	-0.9218233	0.6095552	0.7936572	1.0	159	tags=7%, list=1%, signal=7%	
GOBP_REGULATION_OF_PROTEIN_LOCALIZATION_TO_MEMBRANE	GOBP_REGULATION_OF_PROTEIN_LOCALIZATION_TO_MEMBRANE		178	-0.2624454	-0.9215789	0.6597796	0.79397273	1.0	3274	tags=23%, list=17%, signal=27%	
GOBP_SNRNA_3_END_PROCESSING	GOBP_SNRNA_3_END_PROCESSING		21	-0.3666345	-0.92074287	0.57342654	0.7957399	1.0	4482	tags=38%, list=23%, signal=49%	
GOBP_ANTIBACTERIAL_HUMORAL_RESPONSE	GOBP_ANTIBACTERIAL_HUMORAL_RESPONSE		52	-0.30940297	-0.920662	0.5893417	0.79565996	1.0	2778	tags=25%, list=14%, signal=29%	
GOBP_POSITIVE_REGULATION_OF_RESPONSE_TO_WOUNDING	GOBP_POSITIVE_REGULATION_OF_RESPONSE_TO_WOUNDING		71	-0.29441586	-0.92025334	0.59370315	0.79639983	1.0	1970	tags=15%, list=10%, signal=17%	
GOBP_CELLULAR_RESPONSE_TO_GLUCOSE_STARVATION	GOBP_CELLULAR_RESPONSE_TO_GLUCOSE_STARVATION		43	-0.3194882	-0.9201104	0.61612904	0.79647326	1.0	5234	tags=42%, list=27%, signal=57%	
GOBP_REGULATION_OF_CYCLASE_ACTIVITY	GOBP_REGULATION_OF_CYCLASE_ACTIVITY		52	-0.3094901	-0.91992366	0.60513645	0.79663885	1.0	3013	tags=25%, list=16%, signal=30%	
GOBP_DNA_DAMAGE_RESPONSE_SIGNAL_TRANSDUCTION_BY_P53_CLASS_MEDIATOR	GOBP_DNA_DAMAGE_RESPONSE_SIGNAL_TRANSDUCTION_BY_P53_CLASS_MEDIATOR		70	-0.28861424	-0.9192569	0.60638297	0.79805017	1.0	2460	tags=16%, list=13%, signal=18%	
GOBP_POSITIVE_REGULATION_OF_MYELINATION	GOBP_POSITIVE_REGULATION_OF_MYELINATION		15	-0.39474633	-0.9185957	0.55323195	0.7994291	1.0	2681	tags=33%, list=14%, signal=39%	
GOMF_OXIDOREDUCTASE_ACTIVITY_ACTING_ON_THE_CH_NH2_GROUP_OF_DONORS	GOMF_OXIDOREDUCTASE_ACTIVITY_ACTING_ON_THE_CH_NH2_GROUP_OF_DONORS		20	-0.37050256	-0.91839457	0.5823009	0.79965585	1.0	682	tags=15%, list=4%, signal=16%	
GOBP_RESPONSE_TO_LECTIN	GOBP_RESPONSE_TO_LECTIN		22	-0.36831245	-0.91789615	0.5767285	0.80059916	1.0	3704	tags=36%, list=19%, signal=45%	
GOBP_PHOSPHATIDYLINOSITOL_BIOSYNTHETIC_PROCESS	GOBP_PHOSPHATIDYLINOSITOL_BIOSYNTHETIC_PROCESS		123	-0.26670066	-0.91768	0.6539548	0.8008411	1.0	3452	tags=28%, list=18%, signal=34%	
GOBP_NEGATIVE_REGULATION_OF_MYELOID_CELL_APOPTOTIC_PROCESS	GOBP_NEGATIVE_REGULATION_OF_MYELOID_CELL_APOPTOTIC_PROCESS		18	-0.38338903	-0.91743726	0.569873	0.80117923	1.0	2071	tags=28%, list=11%, signal=31%	
GOBP_POSITIVE_REGULATION_OF_ALCOHOL_BIOSYNTHETIC_PROCESS	GOBP_POSITIVE_REGULATION_OF_ALCOHOL_BIOSYNTHETIC_PROCESS		24	-0.35118803	-0.9172382	0.5760135	0.8013882	1.0	4086	tags=33%, list=21%, signal=42%	
GOBP_HETEROCHROMATIN_FORMATION	GOBP_HETEROCHROMATIN_FORMATION		101	-0.2793245	-0.9171499	0.6392694	0.80131406	1.0	4604	tags=35%, list=24%, signal=45%	
GOMF_GAMMA_TUBULIN_BINDING	GOMF_GAMMA_TUBULIN_BINDING		31	-0.34305495	-0.916942	0.58058923	0.8015275	1.0	1552	tags=16%, list=8%, signal=18%	
GOBP_REGULATION_OF_SIGNAL_TRANSDUCTION_BY_P53_CLASS_MEDIATOR	GOBP_REGULATION_OF_SIGNAL_TRANSDUCTION_BY_P53_CLASS_MEDIATOR		98	-0.27978218	-0.9168281	0.62668663	0.8014994	1.0	2868	tags=16%, list=15%, signal=19%	
GOBP_ESTABLISHMENT_OF_PROTEIN_LOCALIZATION_TO_PLASMA_MEMBRANE	GOBP_ESTABLISHMENT_OF_PROTEIN_LOCALIZATION_TO_PLASMA_MEMBRANE		62	-0.29405215	-0.9164078	0.5970149	0.8022569	1.0	4042	tags=27%, list=21%, signal=35%	
GOCC_TRANSFERASE_COMPLEX_TRANSFERRING_PHOSPHORUS_CONTAINING_GROUPS	GOCC_TRANSFERASE_COMPLEX_TRANSFERRING_PHOSPHORUS_CONTAINING_GROUPS		276	-0.24688919	-0.916335	0.7054974	0.80213696	1.0	3033	tags=17%, list=16%, signal=19%	
GOBP_NEURON_MATURATION	GOBP_NEURON_MATURATION		47	-0.30985433	-0.9162622	0.59807074	0.8020314	1.0	1512	tags=15%, list=8%, signal=16%	
GOBP_POSITIVE_REGULATION_OF_BLOOD_PRESSURE	GOBP_POSITIVE_REGULATION_OF_BLOOD_PRESSURE		31	-0.3403373	-0.9160147	0.5855263	0.80232114	1.0	298	tags=10%, list=2%, signal=10%	
GOBP_RELAXATION_OF_MUSCLE	GOBP_RELAXATION_OF_MUSCLE		31	-0.34198532	-0.91574883	0.5781759	0.80270606	1.0	2076	tags=26%, list=11%, signal=29%	
GOBP_APOPTOTIC_DNA_FRAGMENTATION	GOBP_APOPTOTIC_DNA_FRAGMENTATION		15	-0.39015487	-0.91558236	0.5795848	0.8028136	1.0	1112	tags=13%, list=6%, signal=14%	
GOBP_REGULATION_OF_INTRACELLULAR_TRANSPORT	GOBP_REGULATION_OF_INTRACELLULAR_TRANSPORT		246	-0.25124446	-0.91515154	0.6796875	0.80358994	1.0	3711	tags=26%, list=19%, signal=32%	
GOBP_PHOTOTRANSDUCTION	GOBP_PHOTOTRANSDUCTION		44	-0.32419816	-0.91476	0.5849057	0.8042869	1.0	3426	tags=18%, list=18%, signal=22%	
GOMF_EXONUCLEASE_ACTIVITY_ACTIVE_WITH_EITHER_RIBO_OR_DEOXYRIBONUCLEIC_ACIDS_AND_PRODUCING_5_PHOSPHOMONOESTERS	GOMF_EXONUCLEASE_ACTIVITY_ACTIVE_WITH_EITHER_RIBO_OR_DEOXYRIBONUCLEIC_ACIDS_AND_PRODUCING_5_PHOSPHOMONOESTERS		58	-0.30732182	-0.914701	0.6274809	0.80412555	1.0	4979	tags=36%, list=26%, signal=49%	
GOBP_NEGATIVE_REGULATION_OF_LEUKOCYTE_APOPTOTIC_PROCESS	GOBP_NEGATIVE_REGULATION_OF_LEUKOCYTE_APOPTOTIC_PROCESS		53	-0.3062698	-0.91410613	0.6064	0.8053384	1.0	2356	tags=21%, list=12%, signal=24%	
GOMF_TRANSLATION_FACTOR_ACTIVITY_RNA_BINDING	GOMF_TRANSLATION_FACTOR_ACTIVITY_RNA_BINDING		80	-0.28329587	-0.9140652	0.61538464	0.8051442	1.0	739	tags=4%, list=4%, signal=4%	
GOBP_AMYLOID_PRECURSOR_PROTEIN_CATABOLIC_PROCESS	GOBP_AMYLOID_PRECURSOR_PROTEIN_CATABOLIC_PROCESS		55	-0.30170882	-0.9135963	0.6075353	0.80602294	1.0	4400	tags=29%, list=23%, signal=38%	
GOMF_DNA_DIRECTED_DNA_POLYMERASE_ACTIVITY	GOMF_DNA_DIRECTED_DNA_POLYMERASE_ACTIVITY		23	-0.36042884	-0.9133628	0.60281193	0.806301	1.0	3240	tags=39%, list=17%, signal=47%	
GOBP_RESPONSE_TO_ALKALOID	GOBP_RESPONSE_TO_ALKALOID		96	-0.28029847	-0.9130698	0.63909775	0.8067402	1.0	1727	tags=11%, list=9%, signal=13%	
GOBP_REGULATION_OF_CELL_GROWTH_INVOLVED_IN_CARDIAC_MUSCLE_CELL_DEVELOPMENT	GOBP_REGULATION_OF_CELL_GROWTH_INVOLVED_IN_CARDIAC_MUSCLE_CELL_DEVELOPMENT		16	-0.38873887	-0.91301084	0.5882353	0.80658185	1.0	153	tags=13%, list=1%, signal=13%	
GOBP_REGULATION_OF_DNA_DAMAGE_RESPONSE_SIGNAL_TRANSDUCTION_BY_P53_CLASS_MEDIATOR	GOBP_REGULATION_OF_DNA_DAMAGE_RESPONSE_SIGNAL_TRANSDUCTION_BY_P53_CLASS_MEDIATOR		34	-0.33012953	-0.9125106	0.6136364	0.8075089	1.0	2239	tags=15%, list=12%, signal=17%	
GOBP_CD4_POSITIVE_ALPHA_BETA_T_CELL_CYTOKINE_PRODUCTION	GOBP_CD4_POSITIVE_ALPHA_BETA_T_CELL_CYTOKINE_PRODUCTION		19	-0.37398168	-0.9120318	0.5849673	0.80836964	1.0	2382	tags=32%, list=12%, signal=36%	
GOCC_ENDOLYSOSOME_MEMBRANE	GOCC_ENDOLYSOSOME_MEMBRANE		19	-0.38081324	-0.91201156	0.6042781	0.80812085	1.0	3649	tags=32%, list=19%, signal=39%	
GOBP_REGULATION_OF_REACTIVE_OXYGEN_SPECIES_BIOSYNTHETIC_PROCESS	GOBP_REGULATION_OF_REACTIVE_OXYGEN_SPECIES_BIOSYNTHETIC_PROCESS		38	-0.32614762	-0.91181445	0.58965516	0.8083441	1.0	1534	tags=11%, list=8%, signal=11%	
GOBP_REGULATION_OF_CELL_CYCLE_G1_S_PHASE_TRANSITION	GOBP_REGULATION_OF_CELL_CYCLE_G1_S_PHASE_TRANSITION		178	-0.2590489	-0.911397	0.66850066	0.8090974	1.0	3796	tags=20%, list=20%, signal=25%	
GOBP_REGULATION_OF_SYSTEMIC_ARTERIAL_BLOOD_PRESSURE	GOBP_REGULATION_OF_SYSTEMIC_ARTERIAL_BLOOD_PRESSURE		89	-0.28084567	-0.9105113	0.62814814	0.81098807	1.0	2856	tags=21%, list=15%, signal=25%	
GOBP_RHO_PROTEIN_SIGNAL_TRANSDUCTION	GOBP_RHO_PROTEIN_SIGNAL_TRANSDUCTION		139	-0.26156834	-0.9103087	0.68491125	0.8111939	1.0	4063	tags=29%, list=21%, signal=37%	
GOBP_ANTIVIRAL_INNATE_IMMUNE_RESPONSE	GOBP_ANTIVIRAL_INNATE_IMMUNE_RESPONSE		50	-0.3084016	-0.9099313	0.58842444	0.8118295	1.0	4151	tags=28%, list=21%, signal=36%	
GOMF_FAD_BINDING	GOMF_FAD_BINDING		38	-0.3280532	-0.9093089	0.6079365	0.8130822	1.0	1410	tags=18%, list=7%, signal=20%	
GOBP_REGULATION_OF_GLUTAMATE_SECRETION	GOBP_REGULATION_OF_GLUTAMATE_SECRETION		19	-0.36283213	-0.90911716	0.56537104	0.8132565	1.0	2856	tags=32%, list=15%, signal=37%	
GOBP_DEVELOPMENTAL_INDUCTION	GOBP_DEVELOPMENTAL_INDUCTION		33	-0.34032816	-0.90908265	0.6059028	0.8130418	1.0	2702	tags=18%, list=14%, signal=21%	
GOBP_NEGATIVE_REGULATION_OF_PEPTIDYL_THREONINE_PHOSPHORYLATION	GOBP_NEGATIVE_REGULATION_OF_PEPTIDYL_THREONINE_PHOSPHORYLATION		16	-0.38730878	-0.9087628	0.5950267	0.81350774	1.0	2239	tags=19%, list=12%, signal=21%	
GOBP_REGULATION_OF_PROTEIN_TYROSINE_KINASE_ACTIVITY	GOBP_REGULATION_OF_PROTEIN_TYROSINE_KINASE_ACTIVITY		43	-0.31948313	-0.9086185	0.6144	0.8135626	1.0	4258	tags=28%, list=22%, signal=36%	
GOMF_PHOSPHOLIPASE_A2_ACTIVITY	GOMF_PHOSPHOLIPASE_A2_ACTIVITY		26	-0.34608486	-0.90850514	0.5964912	0.8135357	1.0	5113	tags=46%, list=26%, signal=63%	
GOBP_TRANSLATIONAL_INITIATION	GOBP_TRANSLATIONAL_INITIATION		117	-0.26930308	-0.90849125	0.66071427	0.8132786	1.0	4536	tags=23%, list=23%, signal=30%	
GOBP_REGULATION_OF_DNA_REPAIR	GOBP_REGULATION_OF_DNA_REPAIR		200	-0.25257882	-0.9074152	0.68506056	0.81565803	1.0	5431	tags=38%, list=28%, signal=52%	
GOBP_REGULATION_OF_ALCOHOL_BIOSYNTHETIC_PROCESS	GOBP_REGULATION_OF_ALCOHOL_BIOSYNTHETIC_PROCESS		47	-0.30940259	-0.9070353	0.5925926	0.8162962	1.0	3095	tags=23%, list=16%, signal=28%	
GOBP_CELLULAR_RESPONSE_TO_UV	GOBP_CELLULAR_RESPONSE_TO_UV		87	-0.2831966	-0.9069912	0.637594	0.8161085	1.0	4537	tags=31%, list=23%, signal=40%	
GOBP_SIGNAL_TRANSDUCTION_INVOLVED_IN_REGULATION_OF_GENE_EXPRESSION	GOBP_SIGNAL_TRANSDUCTION_INVOLVED_IN_REGULATION_OF_GENE_EXPRESSION		23	-0.3601564	-0.90668887	0.6198198	0.8165687	1.0	4551	tags=39%, list=23%, signal=51%	
GOBP_PYRIMIDINE_RIBONUCLEOSIDE_MONOPHOSPHATE_METABOLIC_PROCESS	GOBP_PYRIMIDINE_RIBONUCLEOSIDE_MONOPHOSPHATE_METABOLIC_PROCESS		16	-0.38335526	-0.9059004	0.6040146	0.81822944	1.0	3037	tags=25%, list=16%, signal=30%	
GOBP_NUCLEAR_PORE_ORGANIZATION	GOBP_NUCLEAR_PORE_ORGANIZATION		15	-0.39304757	-0.9058963	0.5879121	0.81794024	1.0	3920	tags=40%, list=20%, signal=50%	
GOBP_MITOTIC_SISTER_CHROMATID_COHESION	GOBP_MITOTIC_SISTER_CHROMATID_COHESION		27	-0.34441346	-0.90586674	0.5951557	0.8177149	1.0	3126	tags=26%, list=16%, signal=31%	
GOBP_OOCYTE_DIFFERENTIATION	GOBP_OOCYTE_DIFFERENTIATION		57	-0.30201393	-0.9056655	0.62658226	0.81790453	1.0	4518	tags=33%, list=23%, signal=43%	
GOBP_NEGATIVE_REGULATION_OF_CELL_SUBSTRATE_JUNCTION_ORGANIZATION	GOBP_NEGATIVE_REGULATION_OF_CELL_SUBSTRATE_JUNCTION_ORGANIZATION		16	-0.38201553	-0.9048731	0.5787671	0.8195766	1.0	3112	tags=38%, list=16%, signal=45%	
GOBP_REGULATION_OF_ENDOTHELIAL_CELL_DIFFERENTIATION	GOBP_REGULATION_OF_ENDOTHELIAL_CELL_DIFFERENTIATION		35	-0.33357075	-0.9045736	0.6116667	0.8200028	1.0	2558	tags=26%, list=13%, signal=30%	
GOCC_INTEGRIN_COMPLEX	GOCC_INTEGRIN_COMPLEX		30	-0.3398941	-0.90425766	0.5916955	0.82049936	1.0	2553	tags=30%, list=13%, signal=34%	
GOCC_NUCLEAR_SPECK	GOCC_NUCLEAR_SPECK		388	-0.23694757	-0.904213	0.76376987	0.82030004	1.0	4578	tags=29%, list=24%, signal=38%	
GOBP_CALCIUM_ION_TRANSMEMBRANE_IMPORT_INTO_CYTOSOL	GOBP_CALCIUM_ION_TRANSMEMBRANE_IMPORT_INTO_CYTOSOL		174	-0.25922692	-0.9040259	0.6957123	0.820456	1.0	2602	tags=17%, list=13%, signal=19%	
GOBP_WATER_TRANSPORT	GOBP_WATER_TRANSPORT		27	-0.34551752	-0.90391284	0.6279864	0.8204383	1.0	2856	tags=26%, list=15%, signal=30%	
GOCC_LATE_ENDOSOME_MEMBRANE	GOCC_LATE_ENDOSOME_MEMBRANE		160	-0.25815532	-0.9038793	0.6879433	0.8202239	1.0	3115	tags=20%, list=16%, signal=24%	
GOBP_PEPTIDYL_THREONINE_DEPHOSPHORYLATION	GOBP_PEPTIDYL_THREONINE_DEPHOSPHORYLATION		16	-0.39023203	-0.903818	0.5955473	0.820078	1.0	1196	tags=13%, list=6%, signal=13%	
GOBP_CARDIAC_MUSCLE_CELL_PROLIFERATION	GOBP_CARDIAC_MUSCLE_CELL_PROLIFERATION		45	-0.31390196	-0.903807	0.6118421	0.8198109	1.0	2590	tags=18%, list=13%, signal=20%	
GOBP_NEGATIVE_REGULATION_OF_MACROAUTOPHAGY	GOBP_NEGATIVE_REGULATION_OF_MACROAUTOPHAGY		34	-0.31965226	-0.90314734	0.622807	0.82112443	1.0	4405	tags=35%, list=23%, signal=46%	
GOBP_PROTEOGLYCAN_METABOLIC_PROCESS	GOBP_PROTEOGLYCAN_METABOLIC_PROCESS		87	-0.28255036	-0.9025997	0.65294117	0.822169	1.0	3702	tags=25%, list=19%, signal=31%	
GOBP_REGULATION_OF_HEART_RATE	GOBP_REGULATION_OF_HEART_RATE		99	-0.27394328	-0.9023317	0.6542474	0.8225335	1.0	1963	tags=16%, list=10%, signal=18%	
GOBP_REGULATION_OF_ENDOTHELIAL_CELL_CHEMOTAXIS	GOBP_REGULATION_OF_ENDOTHELIAL_CELL_CHEMOTAXIS		20	-0.36468238	-0.9021607	0.58317757	0.822646	1.0	2212	tags=30%, list=11%, signal=34%	
GOBP_POSITIVE_REGULATION_OF_CIRCADIAN_RHYTHM	GOBP_POSITIVE_REGULATION_OF_CIRCADIAN_RHYTHM		15	-0.39360404	-0.9021133	0.6159555	0.8224785	1.0	1039	tags=13%, list=5%, signal=14%	
GOBP_CAMP_MEDIATED_SIGNALING	GOBP_CAMP_MEDIATED_SIGNALING		55	-0.2958425	-0.9016635	0.6161137	0.8232743	1.0	1920	tags=13%, list=10%, signal=14%	
GOMF_STRUCTURAL_CONSTITUENT_OF_SYNAPSE	GOMF_STRUCTURAL_CONSTITUENT_OF_SYNAPSE		21	-0.36286807	-0.901574	0.59292036	0.82319343	1.0	4942	tags=33%, list=25%, signal=45%	
GOBP_HEMATOPOIETIC_STEM_CELL_HOMEOSTASIS	GOBP_HEMATOPOIETIC_STEM_CELL_HOMEOSTASIS		21	-0.3613106	-0.9013661	0.6013986	0.82341886	1.0	4719	tags=38%, list=24%, signal=50%	
GOBP_RIBONUCLEOSIDE_CATABOLIC_PROCESS	GOBP_RIBONUCLEOSIDE_CATABOLIC_PROCESS		20	-0.36433414	-0.9012466	0.59090906	0.8233863	1.0	3072	tags=30%, list=16%, signal=36%	
GOBP_CARBOHYDRATE_DERIVATIVE_TRANSPORT	GOBP_CARBOHYDRATE_DERIVATIVE_TRANSPORT		89	-0.2780006	-0.90105647	0.63461536	0.82357055	1.0	2830	tags=20%, list=15%, signal=24%	
GOBP_FAT_CELL_PROLIFERATION	GOBP_FAT_CELL_PROLIFERATION		15	-0.40399018	-0.9007841	0.5996503	0.8239303	1.0	2457	tags=20%, list=13%, signal=23%	
GOBP_PROTEIN_KINASE_A_SIGNALING	GOBP_PROTEIN_KINASE_A_SIGNALING		38	-0.3238295	-0.9007555	0.6143791	0.8236934	1.0	3059	tags=26%, list=16%, signal=31%	
GOBP_RETINA_HOMEOSTASIS	GOBP_RETINA_HOMEOSTASIS		54	-0.29781783	-0.90063614	0.6539683	0.8236937	1.0	1396	tags=13%, list=7%, signal=14%	
GOCC_GOLGI_APPARATUS_SUBCOMPARTMENT	GOCC_GOLGI_APPARATUS_SUBCOMPARTMENT		347	-0.23758222	-0.900614	0.750934	0.8234415	1.0	2008	tags=12%, list=10%, signal=13%	
GOBP_REGULATION_OF_LEUKOCYTE_TETHERING_OR_ROLLING	GOBP_REGULATION_OF_LEUKOCYTE_TETHERING_OR_ROLLING		18	-0.3773415	-0.900583	0.6236559	0.82320845	1.0	3724	tags=28%, list=19%, signal=34%	
GOCC_COATED_VESICLE	GOCC_COATED_VESICLE		305	-0.24072434	-0.9005143	0.7294872	0.8230756	1.0	3056	tags=18%, list=16%, signal=21%	
GOBP_GLUTAMINE_METABOLIC_PROCESS	GOBP_GLUTAMINE_METABOLIC_PROCESS		27	-0.34665033	-0.90037787	0.5819936	0.8231309	1.0	1782	tags=26%, list=9%, signal=29%	
GOBP_CELL_DIFFERENTIATION_IN_HINDBRAIN	GOBP_CELL_DIFFERENTIATION_IN_HINDBRAIN		22	-0.35760418	-0.90009737	0.63712376	0.82349175	1.0	1360	tags=14%, list=7%, signal=15%	
GOBP_BICARBONATE_TRANSPORT	GOBP_BICARBONATE_TRANSPORT		36	-0.32650006	-0.90008914	0.61008406	0.82321817	1.0	3277	tags=31%, list=17%, signal=37%	
GOBP_CARBOHYDRATE_DERIVATIVE_CATABOLIC_PROCESS	GOBP_CARBOHYDRATE_DERIVATIVE_CATABOLIC_PROCESS		264	-0.2430419	-0.8997187	0.7443709	0.8238365	1.0	4693	tags=30%, list=24%, signal=38%	
GOBP_MAMMARY_GLAND_MORPHOGENESIS	GOBP_MAMMARY_GLAND_MORPHOGENESIS		45	-0.31256342	-0.8991887	0.6332237	0.8248101	1.0	2545	tags=24%, list=13%, signal=28%	
GOBP_HAIR_CELL_DIFFERENTIATION	GOBP_HAIR_CELL_DIFFERENTIATION		49	-0.306346	-0.8990879	0.64274323	0.82476985	1.0	2558	tags=22%, list=13%, signal=26%	
GOBP_RESPONSE_TO_TEMPERATURE_STIMULUS	GOBP_RESPONSE_TO_TEMPERATURE_STIMULUS		163	-0.257214	-0.8990786	0.7150917	0.82450086	1.0	1498	tags=11%, list=8%, signal=12%	
GOBP_PROTEIN_DEPOLYMERIZATION	GOBP_PROTEIN_DEPOLYMERIZATION		111	-0.2694402	-0.899003	0.6823362	0.82438385	1.0	3422	tags=24%, list=18%, signal=29%	
GOBP_REGULATION_OF_MUSCLE_ADAPTATION	GOBP_REGULATION_OF_MUSCLE_ADAPTATION		75	-0.2856568	-0.89808905	0.6630265	0.82634574	1.0	651	tags=8%, list=3%, signal=8%	
GOBP_REGULATION_OF_RESPONSE_TO_NUTRIENT_LEVELS	GOBP_REGULATION_OF_RESPONSE_TO_NUTRIENT_LEVELS		30	-0.3315042	-0.8976414	0.6131757	0.8271316	1.0	3748	tags=30%, list=19%, signal=37%	
GOBP_SPECIFICATION_OF_SYMMETRY	GOBP_SPECIFICATION_OF_SYMMETRY		131	-0.26332426	-0.89757437	0.65960455	0.82700723	1.0	3398	tags=21%, list=17%, signal=26%	
GOBP_POSITIVE_REGULATION_OF_PROTEIN_LOCALIZATION_TO_CELL_PERIPHERY	GOBP_POSITIVE_REGULATION_OF_PROTEIN_LOCALIZATION_TO_CELL_PERIPHERY		73	-0.2855893	-0.89749354	0.63026524	0.826899	1.0	1750	tags=14%, list=9%, signal=15%	
GOBP_NEUROMUSCULAR_PROCESS_CONTROLLING_BALANCE	GOBP_NEUROMUSCULAR_PROCESS_CONTROLLING_BALANCE		50	-0.30397332	-0.89717996	0.63461536	0.8273772	1.0	2839	tags=24%, list=15%, signal=28%	
GOMF_CATALYTIC_ACTIVITY_ACTING_ON_A_GLYCOPROTEIN	GOMF_CATALYTIC_ACTIVITY_ACTING_ON_A_GLYCOPROTEIN		21	-0.35255283	-0.8971717	0.6112084	0.8270978	1.0	1841	tags=19%, list=9%, signal=21%	
GOBP_INHIBITORY_SYNAPSE_ASSEMBLY	GOBP_INHIBITORY_SYNAPSE_ASSEMBLY		26	-0.34530598	-0.89689255	0.5849057	0.8274982	1.0	1088	tags=12%, list=6%, signal=12%	
GOMF_PHOSPHORIC_ESTER_HYDROLASE_ACTIVITY	GOMF_PHOSPHORIC_ESTER_HYDROLASE_ACTIVITY		341	-0.23707218	-0.8968409	0.77017117	0.8273312	1.0	3854	tags=25%, list=20%, signal=31%	
GOBP_ENDOSOMAL_TRANSPORT	GOBP_ENDOSOMAL_TRANSPORT		265	-0.2438064	-0.8968254	0.7545932	0.82706714	1.0	3197	tags=17%, list=16%, signal=20%	
GOBP_CELL_FATE_SPECIFICATION	GOBP_CELL_FATE_SPECIFICATION		105	-0.2695998	-0.89677536	0.69287837	0.82689124	1.0	4570	tags=28%, list=24%, signal=36%	
GOCC_MIDBODY	GOCC_MIDBODY		190	-0.25132057	-0.8965867	0.7218453	0.8270517	1.0	3827	tags=24%, list=20%, signal=30%	
GOMF_PROTEIN_KINASE_A_REGULATORY_SUBUNIT_BINDING	GOMF_PROTEIN_KINASE_A_REGULATORY_SUBUNIT_BINDING		25	-0.34842905	-0.8964863	0.61604095	0.8270017	1.0	2516	tags=24%, list=13%, signal=28%	
GOBP_REGULATION_OF_REGULATORY_NCRNA_PROCESSING	GOBP_REGULATION_OF_REGULATORY_NCRNA_PROCESSING		16	-0.37823224	-0.89596075	0.6088561	0.82796115	1.0	353	tags=13%, list=2%, signal=13%	
GOBP_SYNAPTIC_VESICLE_EXOCYTOSIS	GOBP_SYNAPTIC_VESICLE_EXOCYTOSIS		94	-0.27258256	-0.89576274	0.6731055	0.8281181	1.0	2090	tags=13%, list=11%, signal=14%	
GOMF_CAMP_BINDING	GOMF_CAMP_BINDING		23	-0.35334337	-0.89547133	0.6122807	0.828535	1.0	2065	tags=17%, list=11%, signal=19%	
GOMF_AMIDE_TRANSMEMBRANE_TRANSPORTER_ACTIVITY	GOMF_AMIDE_TRANSMEMBRANE_TRANSPORTER_ACTIVITY		34	-0.32741237	-0.8954582	0.65604025	0.8282702	1.0	2701	tags=24%, list=14%, signal=27%	
GOBP_CELLULAR_RESPONSE_TO_RADIATION	GOBP_CELLULAR_RESPONSE_TO_RADIATION		171	-0.25153944	-0.8946224	0.7393768	0.8299652	1.0	4001	tags=25%, list=21%, signal=31%	
GOBP_INTERFERON_MEDIATED_SIGNALING_PATHWAY	GOBP_INTERFERON_MEDIATED_SIGNALING_PATHWAY		103	-0.26734442	-0.89393115	0.68575627	0.83133155	1.0	4266	tags=27%, list=22%, signal=35%	
GOCC_EXTRINSIC_COMPONENT_OF_MEMBRANE	GOCC_EXTRINSIC_COMPONENT_OF_MEMBRANE		170	-0.25367	-0.8936388	0.71487606	0.8317548	1.0	4286	tags=26%, list=22%, signal=33%	
GOBP_SERINE_PHOSPHORYLATION_OF_STAT_PROTEIN	GOBP_SERINE_PHOSPHORYLATION_OF_STAT_PROTEIN		23	-0.3490653	-0.8936307	0.6168385	0.8314792	1.0	2452	tags=13%, list=13%, signal=15%	
GOCC_SITE_OF_DNA_DAMAGE	GOCC_SITE_OF_DNA_DAMAGE		115	-0.2647723	-0.8935097	0.67547727	0.8314827	1.0	4522	tags=29%, list=23%, signal=37%	
GOBP_NEGATIVE_REGULATION_OF_GENE_EXPRESSION_EPIGENETIC	GOBP_NEGATIVE_REGULATION_OF_GENE_EXPRESSION_EPIGENETIC		133	-0.2584217	-0.89344096	0.69884723	0.831352	1.0	4604	tags=32%, list=24%, signal=42%	
GOBP_NEGATIVE_REGULATION_OF_LYASE_ACTIVITY	GOBP_NEGATIVE_REGULATION_OF_LYASE_ACTIVITY		17	-0.3744314	-0.8931702	0.62697023	0.83172643	1.0	2675	tags=24%, list=14%, signal=27%	
GOBP_POSITIVE_REGULATION_OF_NATURAL_KILLER_CELL_ACTIVATION	GOBP_POSITIVE_REGULATION_OF_NATURAL_KILLER_CELL_ACTIVATION		21	-0.35764822	-0.89313084	0.61335677	0.83153003	1.0	2592	tags=24%, list=13%, signal=27%	
GOBP_NEGATIVE_REGULATION_OF_VASCULAR_PERMEABILITY	GOBP_NEGATIVE_REGULATION_OF_VASCULAR_PERMEABILITY		17	-0.38155752	-0.8930453	0.6210526	0.8314354	1.0	878	tags=12%, list=5%, signal=12%	
GOCC_PROTEIN_COMPLEX_INVOLVED_IN_CELL_MATRIX_ADHESION	GOCC_PROTEIN_COMPLEX_INVOLVED_IN_CELL_MATRIX_ADHESION		17	-0.3811966	-0.8928415	0.6061706	0.83163005	1.0	1860	tags=29%, list=10%, signal=32%	
GOBP_REGULATION_OF_HORMONE_METABOLIC_PROCESS	GOBP_REGULATION_OF_HORMONE_METABOLIC_PROCESS		39	-0.31926987	-0.89280015	0.62805873	0.8314336	1.0	2551	tags=23%, list=13%, signal=27%	
GOMF_CYCLIC_NUCLEOTIDE_BINDING	GOMF_CYCLIC_NUCLEOTIDE_BINDING		35	-0.32375726	-0.8925157	0.6217617	0.8318338	1.0	2272	tags=17%, list=12%, signal=19%	
GOBP_FATTY_ACID_TRANSMEMBRANE_TRANSPORT	GOBP_FATTY_ACID_TRANSMEMBRANE_TRANSPORT		20	-0.36113936	-0.8923882	0.6252189	0.83186567	1.0	2526	tags=25%, list=13%, signal=29%	
GOBP_SKELETAL_MUSCLE_CONTRACTION	GOBP_SKELETAL_MUSCLE_CONTRACTION		44	-0.30545068	-0.89169514	0.6262295	0.8332083	1.0	1683	tags=14%, list=9%, signal=15%	
GOBP_REGULATION_OF_MEMBRANE_PROTEIN_ECTODOMAIN_PROTEOLYSIS	GOBP_REGULATION_OF_MEMBRANE_PROTEIN_ECTODOMAIN_PROTEOLYSIS		27	-0.3418561	-0.8916582	0.6286201	0.83299863	1.0	1478	tags=22%, list=8%, signal=24%	
GOMF_TRANSPORTER_REGULATOR_ACTIVITY	GOMF_TRANSPORTER_REGULATOR_ACTIVITY		146	-0.25629276	-0.8912204	0.70873785	0.83372474	1.0	2699	tags=16%, list=14%, signal=18%	
GOCC_SPINDLE_MICROTUBULE	GOCC_SPINDLE_MICROTUBULE		75	-0.28042725	-0.8910499	0.66508687	0.8338506	1.0	3190	tags=24%, list=16%, signal=29%	
GOBP_POSITIVE_REGULATION_OF_POTASSIUM_ION_TRANSPORT	GOBP_POSITIVE_REGULATION_OF_POTASSIUM_ION_TRANSPORT		42	-0.31425768	-0.8905228	0.63529414	0.834811	1.0	1852	tags=17%, list=10%, signal=18%	
GOBP_BLASTOCYST_FORMATION	GOBP_BLASTOCYST_FORMATION		45	-0.30851105	-0.890514	0.6699187	0.8345347	1.0	2950	tags=16%, list=15%, signal=18%	
GOMF_2_OXOGLUTARATE_DEPENDENT_DIOXYGENASE_ACTIVITY	GOMF_2_OXOGLUTARATE_DEPENDENT_DIOXYGENASE_ACTIVITY		51	-0.2984381	-0.8903116	0.6577181	0.83473355	1.0	1248	tags=12%, list=6%, signal=13%	
GOBP_PURINE_NUCLEOTIDE_TRANSPORT	GOBP_PURINE_NUCLEOTIDE_TRANSPORT		40	-0.31374913	-0.89030516	0.63349915	0.8344527	1.0	2492	tags=18%, list=13%, signal=20%	
GOMF_SYNTAXIN_BINDING	GOMF_SYNTAXIN_BINDING		60	-0.29478112	-0.89025027	0.6567164	0.8342857	1.0	1917	tags=13%, list=10%, signal=15%	
GOBP_CELL_JUNCTION_MAINTENANCE	GOBP_CELL_JUNCTION_MAINTENANCE		42	-0.31227943	-0.8902365	0.6666667	0.8340208	1.0	3602	tags=33%, list=19%, signal=41%	
GOBP_NEGATIVE_REGULATION_OF_EPIDERMAL_GROWTH_FACTOR_RECEPTOR_SIGNALING_PATHWAY	GOBP_NEGATIVE_REGULATION_OF_EPIDERMAL_GROWTH_FACTOR_RECEPTOR_SIGNALING_PATHWAY		26	-0.34203833	-0.8897744	0.6318584	0.8348478	1.0	5549	tags=42%, list=29%, signal=59%	
GOBP_POSITIVE_REGULATION_OF_MEIOTIC_CELL_CYCLE	GOBP_POSITIVE_REGULATION_OF_MEIOTIC_CELL_CYCLE		24	-0.34487537	-0.8897031	0.62134254	0.8347264	1.0	2387	tags=21%, list=12%, signal=24%	
GOBP_REGULATION_OF_AUTOPHAGY	GOBP_REGULATION_OF_AUTOPHAGY		344	-0.23446527	-0.88950837	0.7927136	0.83488256	1.0	4405	tags=24%, list=23%, signal=31%	
GOBP_SECONDARY_METABOLITE_BIOSYNTHETIC_PROCESS	GOBP_SECONDARY_METABOLITE_BIOSYNTHETIC_PROCESS		25	-0.34103888	-0.88919264	0.6338983	0.83530754	1.0	1178	tags=12%, list=6%, signal=13%	
GOMF_PHOSPHATASE_INHIBITOR_ACTIVITY	GOMF_PHOSPHATASE_INHIBITOR_ACTIVITY		37	-0.31367388	-0.88896483	0.64542484	0.8355588	1.0	3942	tags=22%, list=20%, signal=27%	
GOBP_COMPLEMENT_ACTIVATION_ALTERNATIVE_PATHWAY	GOBP_COMPLEMENT_ACTIVATION_ALTERNATIVE_PATHWAY		16	-0.3707156	-0.8889229	0.596745	0.8353639	1.0	2102	tags=25%, list=11%, signal=28%	
GOBP_REGULATION_OF_NITRIC_OXIDE_METABOLIC_PROCESS	GOBP_REGULATION_OF_NITRIC_OXIDE_METABOLIC_PROCESS		55	-0.29726225	-0.88884336	0.6425041	0.8352307	1.0	972	tags=11%, list=5%, signal=11%	
GOBP_RESPONSE_TO_TESTOSTERONE	GOBP_RESPONSE_TO_TESTOSTERONE		44	-0.30782807	-0.88863665	0.64	0.83541256	1.0	2141	tags=18%, list=11%, signal=20%	
GOMF_SINGLE_STRANDED_DNA_BINDING	GOMF_SINGLE_STRANDED_DNA_BINDING		110	-0.26766664	-0.8886306	0.6973294	0.835131	1.0	3827	tags=26%, list=20%, signal=33%	
GOBP_ENAMEL_MINERALIZATION	GOBP_ENAMEL_MINERALIZATION		21	-0.35259193	-0.88796747	0.6318493	0.8364082	1.0	2635	tags=19%, list=14%, signal=22%	
GOBP_PHOSPHOLIPID_DEPHOSPHORYLATION	GOBP_PHOSPHOLIPID_DEPHOSPHORYLATION		40	-0.31454456	-0.88794166	0.6390244	0.83617264	1.0	2804	tags=30%, list=14%, signal=35%	
GOCC_CUL2_RING_UBIQUITIN_LIGASE_COMPLEX	GOCC_CUL2_RING_UBIQUITIN_LIGASE_COMPLEX		23	-0.3549694	-0.8879286	0.6300676	0.8359092	1.0	5467	tags=35%, list=28%, signal=48%	
GOCC_DNA_POLYMERASE_COMPLEX	GOCC_DNA_POLYMERASE_COMPLEX		20	-0.36005455	-0.88752866	0.62881356	0.8365496	1.0	3240	tags=35%, list=17%, signal=42%	
GOBP_NUCLEAR_TRANSPORT	GOBP_NUCLEAR_TRANSPORT		315	-0.23810157	-0.8872403	0.7872611	0.8369209	1.0	3463	tags=23%, list=18%, signal=27%	
GOBP_REGULATION_OF_UBIQUITIN_PROTEIN_LIGASE_ACTIVITY	GOBP_REGULATION_OF_UBIQUITIN_PROTEIN_LIGASE_ACTIVITY		17	-0.3715379	-0.88721293	0.63380283	0.83668923	1.0	3690	tags=35%, list=19%, signal=44%	
GOBP_NEGATIVE_REGULATION_OF_SMOOTHENED_SIGNALING_PATHWAY	GOBP_NEGATIVE_REGULATION_OF_SMOOTHENED_SIGNALING_PATHWAY		33	-0.32540935	-0.8866457	0.6549414	0.8376967	1.0	124	tags=6%, list=1%, signal=6%	
GOMF_DNA_POLYMERASE_ACTIVITY	GOMF_DNA_POLYMERASE_ACTIVITY		30	-0.32855073	-0.8866022	0.65268457	0.8375145	1.0	3240	tags=33%, list=17%, signal=40%	
GOBP_LEUKOCYTE_HOMEOSTASIS	GOBP_LEUKOCYTE_HOMEOSTASIS		104	-0.26961464	-0.8865454	0.7010622	0.8373502	1.0	3929	tags=29%, list=20%, signal=36%	
GOBP_NEGATIVE_REGULATION_OF_MIRNA_METABOLIC_PROCESS	GOBP_NEGATIVE_REGULATION_OF_MIRNA_METABOLIC_PROCESS		26	-0.3360096	-0.8865294	0.5882353	0.83709294	1.0	3276	tags=31%, list=17%, signal=37%	
GOCC_POSTSYNAPTIC_MEMBRANE	GOCC_POSTSYNAPTIC_MEMBRANE		269	-0.23969063	-0.88601035	0.7714286	0.83805156	1.0	3701	tags=19%, list=19%, signal=23%	
GOBP_REGULATION_OF_JUN_KINASE_ACTIVITY	GOBP_REGULATION_OF_JUN_KINASE_ACTIVITY		37	-0.32010385	-0.88581777	0.6567657	0.8382084	1.0	2867	tags=24%, list=15%, signal=28%	
GOBP_PYRIMIDINE_NUCLEOSIDE_METABOLIC_PROCESS	GOBP_PYRIMIDINE_NUCLEOSIDE_METABOLIC_PROCESS		25	-0.3420215	-0.8855756	0.63222414	0.838495	1.0	4292	tags=32%, list=22%, signal=41%	
GOCC_PHAGOCYTIC_VESICLE_MEMBRANE	GOCC_PHAGOCYTIC_VESICLE_MEMBRANE		78	-0.28197375	-0.88507676	0.6749226	0.8393668	1.0	1317	tags=12%, list=7%, signal=12%	
GOBP_PROTEIN_POLYUBIQUITINATION	GOBP_PROTEIN_POLYUBIQUITINATION		255	-0.24119169	-0.8850458	0.75821286	0.83914834	1.0	4131	tags=24%, list=21%, signal=30%	
GOBP_STEROID_HORMONE_SECRETION	GOBP_STEROID_HORMONE_SECRETION		25	-0.34228042	-0.88503575	0.64089346	0.8388782	1.0	1410	tags=16%, list=7%, signal=17%	
GOBP_MITOCHONDRIAL_ELECTRON_TRANSPORT_CYTOCHROME_C_TO_OXYGEN	GOBP_MITOCHONDRIAL_ELECTRON_TRANSPORT_CYTOCHROME_C_TO_OXYGEN		17	-0.3718324	-0.88473713	0.6118068	0.8392691	1.0	243	tags=6%, list=1%, signal=6%	
GOMF_STRUCTURAL_CONSTITUENT_OF_NUCLEAR_PORE	GOMF_STRUCTURAL_CONSTITUENT_OF_NUCLEAR_PORE		22	-0.3468137	-0.8845536	0.62413794	0.83940846	1.0	5348	tags=55%, list=28%, signal=75%	
GOBP_FOLIC_ACID_CONTAINING_COMPOUND_METABOLIC_PROCESS	GOBP_FOLIC_ACID_CONTAINING_COMPOUND_METABOLIC_PROCESS		26	-0.33507916	-0.8843739	0.62989324	0.83955383	1.0	2895	tags=35%, list=15%, signal=41%	
GOBP_REGULATORY_NCRNA_MEDIATED_GENE_SILENCING	GOBP_REGULATORY_NCRNA_MEDIATED_GENE_SILENCING		118	-0.26475975	-0.8840923	0.70520234	0.8399122	1.0	4602	tags=29%, list=24%, signal=38%	
GOMF_ACTIVE_TRANSMEMBRANE_TRANSPORTER_ACTIVITY	GOMF_ACTIVE_TRANSMEMBRANE_TRANSPORTER_ACTIVITY		430	-0.22978587	-0.8840112	0.8249694	0.83981466	1.0	2566	tags=13%, list=13%, signal=15%	
GOBP_T_HELPER_17_TYPE_IMMUNE_RESPONSE	GOBP_T_HELPER_17_TYPE_IMMUNE_RESPONSE		47	-0.305227	-0.883772	0.66931635	0.8400798	1.0	3257	tags=17%, list=17%, signal=20%	
GOBP_RESPONSE_TO_RADIATION	GOBP_RESPONSE_TO_RADIATION		406	-0.23226488	-0.8831789	0.83233535	0.84119695	1.0	3219	tags=18%, list=17%, signal=21%	
GOBP_POSITIVE_REGULATION_OF_UBIQUITIN_DEPENDENT_PROTEIN_CATABOLIC_PROCESS	GOBP_POSITIVE_REGULATION_OF_UBIQUITIN_DEPENDENT_PROTEIN_CATABOLIC_PROCESS		96	-0.26983014	-0.8829078	0.7043741	0.841543	1.0	2424	tags=17%, list=12%, signal=19%	
GOBP_NUCLEAR_MIGRATION	GOBP_NUCLEAR_MIGRATION		24	-0.3466273	-0.8825448	0.6046128	0.8421055	1.0	2233	tags=21%, list=11%, signal=24%	
GOMF_MAGNESIUM_ION_BINDING	GOMF_MAGNESIUM_ION_BINDING		218	-0.24550894	-0.88226813	0.76407504	0.8424621	1.0	2175	tags=15%, list=11%, signal=17%	
GOMF_OXIDOREDUCTASE_ACTIVITY_ACTING_ON_A_SULFUR_GROUP_OF_DONORS	GOMF_OXIDOREDUCTASE_ACTIVITY_ACTING_ON_A_SULFUR_GROUP_OF_DONORS		53	-0.2908088	-0.8820915	0.6693419	0.84258586	1.0	992	tags=8%, list=5%, signal=8%	
GOBP_REGULATION_OF_PLASMA_MEMBRANE_ORGANIZATION	GOBP_REGULATION_OF_PLASMA_MEMBRANE_ORGANIZATION		17	-0.36454496	-0.88200307	0.620438	0.8424936	1.0	3436	tags=41%, list=18%, signal=50%	
GOCC_LATE_ENDOSOME	GOCC_LATE_ENDOSOME		291	-0.23614295	-0.8819921	0.7882939	0.8422225	1.0	2908	tags=17%, list=15%, signal=20%	
GOMF_K63_LINKED_DEUBIQUITINASE_ACTIVITY	GOMF_K63_LINKED_DEUBIQUITINASE_ACTIVITY		15	-0.38188186	-0.8814575	0.620438	0.8431414	1.0	4072	tags=33%, list=21%, signal=42%	
GOMF_QUATERNARY_AMMONIUM_GROUP_BINDING	GOMF_QUATERNARY_AMMONIUM_GROUP_BINDING		40	-0.31307748	-0.8813711	0.6589786	0.84305227	1.0	1982	tags=20%, list=10%, signal=22%	
GOBP_NEGATIVE_REGULATION_OF_RECEPTOR_SIGNALING_PATHWAY_VIA_STAT	GOBP_NEGATIVE_REGULATION_OF_RECEPTOR_SIGNALING_PATHWAY_VIA_STAT		23	-0.34413925	-0.8810008	0.6480541	0.8436003	1.0	4581	tags=30%, list=24%, signal=40%	
GOBP_GLOMERULAR_MESANGIUM_DEVELOPMENT	GOBP_GLOMERULAR_MESANGIUM_DEVELOPMENT		17	-0.37236196	-0.8807667	0.65045047	0.8438601	1.0	2468	tags=35%, list=13%, signal=40%	
GOMF_PRE_MRNA_BINDING	GOMF_PRE_MRNA_BINDING		41	-0.31057277	-0.8806938	0.6518152	0.8437314	1.0	4135	tags=34%, list=21%, signal=43%	
GOBP_REGULATION_OF_ACTION_POTENTIAL	GOBP_REGULATION_OF_ACTION_POTENTIAL		55	-0.28900048	-0.8800607	0.69170576	0.8448953	1.0	2430	tags=22%, list=13%, signal=25%	
GOMF_AMINOPEPTIDASE_ACTIVITY	GOMF_AMINOPEPTIDASE_ACTIVITY		36	-0.31167296	-0.87998325	0.6486043	0.8447778	1.0	2894	tags=17%, list=15%, signal=20%	
GOBP_REGULATION_OF_MYELOID_CELL_DIFFERENTIATION	GOBP_REGULATION_OF_MYELOID_CELL_DIFFERENTIATION		188	-0.25016806	-0.87995875	0.7574124	0.84454036	1.0	3337	tags=22%, list=17%, signal=26%	
GOCC_GLUTAMATERGIC_SYNAPSE	GOCC_GLUTAMATERGIC_SYNAPSE		410	-0.23174831	-0.8799168	0.8190709	0.8443334	1.0	3250	tags=18%, list=17%, signal=22%	
GOBP_NEGATIVE_REGULATION_OF_DNA_BIOSYNTHETIC_PROCESS	GOBP_NEGATIVE_REGULATION_OF_DNA_BIOSYNTHETIC_PROCESS		31	-0.325594	-0.8798908	0.6551724	0.8440948	1.0	3827	tags=32%, list=20%, signal=40%	
GOCC_HETEROCHROMATIN	GOCC_HETEROCHROMATIN		72	-0.27962372	-0.8798705	0.68237084	0.84384805	1.0	3852	tags=28%, list=20%, signal=35%	
GOBP_INTRINSIC_APOPTOTIC_SIGNALING_PATHWAY_IN_RESPONSE_TO_DNA_DAMAGE	GOBP_INTRINSIC_APOPTOTIC_SIGNALING_PATHWAY_IN_RESPONSE_TO_DNA_DAMAGE		98	-0.26833126	-0.8793665	0.68980795	0.84470975	1.0	2993	tags=21%, list=15%, signal=25%	
GOBP_ALDITOL_METABOLIC_PROCESS	GOBP_ALDITOL_METABOLIC_PROCESS		22	-0.34612563	-0.87919986	0.6339755	0.844792	1.0	3172	tags=23%, list=16%, signal=27%	
GOCC_NEURON_PROJECTION_TERMINUS	GOCC_NEURON_PROJECTION_TERMINUS		124	-0.25742742	-0.8789429	0.72303206	0.8450697	1.0	2895	tags=17%, list=15%, signal=20%	
GOBP_HISTONE_MRNA_METABOLIC_PROCESS	GOBP_HISTONE_MRNA_METABOLIC_PROCESS		20	-0.3559559	-0.87880754	0.6294964	0.8450843	1.0	4482	tags=35%, list=23%, signal=45%	
GOBP_CELLULAR_RESPONSE_TO_STEROL	GOBP_CELLULAR_RESPONSE_TO_STEROL		21	-0.35123312	-0.8786523	0.6394316	0.8451526	1.0	2159	tags=19%, list=11%, signal=21%	
GOBP_CELL_CELL_JUNCTION_MAINTENANCE	GOBP_CELL_CELL_JUNCTION_MAINTENANCE		16	-0.3659346	-0.87743443	0.62610227	0.84770745	1.0	3215	tags=38%, list=17%, signal=45%	
GOMF_NUCLEAR_ESTROGEN_RECEPTOR_BINDING	GOMF_NUCLEAR_ESTROGEN_RECEPTOR_BINDING		37	-0.31052074	-0.8772007	0.6712329	0.84793967	1.0	4709	tags=35%, list=24%, signal=46%	
GOBP_CENTRAL_NERVOUS_SYSTEM_NEURON_AXONOGENESIS	GOBP_CENTRAL_NERVOUS_SYSTEM_NEURON_AXONOGENESIS		36	-0.3156959	-0.87716305	0.6482143	0.84772223	1.0	2401	tags=17%, list=12%, signal=19%	
GOBP_REGULATION_OF_RAS_PROTEIN_SIGNAL_TRANSDUCTION	GOBP_REGULATION_OF_RAS_PROTEIN_SIGNAL_TRANSDUCTION		47	-0.29634088	-0.87682074	0.68808776	0.8482347	1.0	3326	tags=28%, list=17%, signal=33%	
GOMF_METHYLATION_DEPENDENT_PROTEIN_BINDING	GOMF_METHYLATION_DEPENDENT_PROTEIN_BINDING		76	-0.27862647	-0.87642276	0.6876972	0.84887356	1.0	3694	tags=21%, list=19%, signal=26%	
GOBP_LYMPHOCYTE_HOMEOSTASIS	GOBP_LYMPHOCYTE_HOMEOSTASIS		74	-0.27786103	-0.8760411	0.6784074	0.8494746	1.0	3838	tags=28%, list=20%, signal=35%	
GOBP_RNA_SPLICING	GOBP_RNA_SPLICING		426	-0.22964881	-0.8760097	0.85096157	0.8492473	1.0	5400	tags=34%, list=28%, signal=45%	
GOMF_PHOSPHATASE_ACTIVATOR_ACTIVITY	GOMF_PHOSPHATASE_ACTIVATOR_ACTIVITY		18	-0.35981962	-0.8757291	0.63883847	0.8495831	1.0	4252	tags=39%, list=22%, signal=50%	
GOMF_PHOSPHORIC_DIESTER_HYDROLASE_ACTIVITY	GOMF_PHOSPHORIC_DIESTER_HYDROLASE_ACTIVITY		89	-0.27055278	-0.87571764	0.71278197	0.8493165	1.0	3343	tags=28%, list=17%, signal=34%	
GOBP_NEGATIVE_REGULATION_OF_ORGANELLE_ORGANIZATION	GOBP_NEGATIVE_REGULATION_OF_ORGANELLE_ORGANIZATION		330	-0.23350161	-0.8755367	0.80203044	0.8494449	1.0	3827	tags=25%, list=20%, signal=31%	
GOMF_TRNA_BINDING	GOMF_TRNA_BINDING		64	-0.28302586	-0.87545377	0.68602824	0.8493485	1.0	2035	tags=9%, list=10%, signal=10%	
GOBP_MICROTUBULE_NUCLEATION	GOBP_MICROTUBULE_NUCLEATION		42	-0.30506662	-0.87541837	0.65074134	0.8491382	1.0	2925	tags=24%, list=15%, signal=28%	
GOBP_RETINA_LAYER_FORMATION	GOBP_RETINA_LAYER_FORMATION		23	-0.34121034	-0.87518	0.65689653	0.8494096	1.0	1278	tags=17%, list=7%, signal=19%	
GOBP_INTERLEUKIN_1_MEDIATED_SIGNALING_PATHWAY	GOBP_INTERLEUKIN_1_MEDIATED_SIGNALING_PATHWAY		30	-0.3290438	-0.8750547	0.6570946	0.84941095	1.0	2351	tags=27%, list=12%, signal=30%	
GOMF_AMINO_ACID_TRANSMEMBRANE_TRANSPORTER_ACTIVITY	GOMF_AMINO_ACID_TRANSMEMBRANE_TRANSPORTER_ACTIVITY		96	-0.26663962	-0.8749217	0.74242425	0.8494174	1.0	1830	tags=14%, list=9%, signal=15%	
GOMF_PHOSPHOLIPASE_BINDING	GOMF_PHOSPHOLIPASE_BINDING		21	-0.34632275	-0.8748999	0.64075994	0.84917015	1.0	2676	tags=29%, list=14%, signal=33%	
GOMF_SODIUM_CHANNEL_REGULATOR_ACTIVITY	GOMF_SODIUM_CHANNEL_REGULATOR_ACTIVITY		38	-0.30949312	-0.874407	0.64239484	0.8499989	1.0	2699	tags=21%, list=14%, signal=24%	
GOBP_REGULATION_OF_NEURON_PROJECTION_REGENERATION	GOBP_REGULATION_OF_NEURON_PROJECTION_REGENERATION		31	-0.32165623	-0.87438965	0.6334459	0.84974533	1.0	1478	tags=16%, list=8%, signal=17%	
GOBP_POSITIVE_REGULATION_OF_ACTIVATED_T_CELL_PROLIFERATION	GOBP_POSITIVE_REGULATION_OF_ACTIVATED_T_CELL_PROLIFERATION		25	-0.33539778	-0.8739307	0.6447812	0.8504728	1.0	3604	tags=28%, list=19%, signal=34%	
GOMF_GLYCOLIPID_BINDING	GOMF_GLYCOLIPID_BINDING		29	-0.33045366	-0.8735811	0.65466446	0.85096323	1.0	1640	tags=17%, list=8%, signal=19%	
GOBP_CELL_PROLIFERATION_IN_FOREBRAIN	GOBP_CELL_PROLIFERATION_IN_FOREBRAIN		26	-0.3389777	-0.8731921	0.6475694	0.8515607	1.0	267	tags=8%, list=1%, signal=8%	
GOBP_UTERUS_DEVELOPMENT	GOBP_UTERUS_DEVELOPMENT		24	-0.33958748	-0.87302333	0.65154266	0.8516601	1.0	1079	tags=17%, list=6%, signal=18%	
GOCC_CILIARY_MEMBRANE	GOCC_CILIARY_MEMBRANE		73	-0.27612293	-0.87302	0.69512194	0.8513737	1.0	1078	tags=8%, list=6%, signal=9%	
GOBP_PROTEIN_LOCALIZATION_TO_CHROMOSOME	GOBP_PROTEIN_LOCALIZATION_TO_CHROMOSOME		101	-0.26555672	-0.87275594	0.7174254	0.8516805	1.0	4136	tags=27%, list=21%, signal=34%	
GOMF_PHOSPHATIDYLCHOLINE_TRANSPORTER_ACTIVITY	GOMF_PHOSPHATIDYLCHOLINE_TRANSPORTER_ACTIVITY		18	-0.36278877	-0.8727482	0.6353791	0.8514039	1.0	5163	tags=50%, list=27%, signal=68%	
GOBP_AMINOGLYCAN_BIOSYNTHETIC_PROCESS	GOBP_AMINOGLYCAN_BIOSYNTHETIC_PROCESS		76	-0.27644742	-0.8726235	0.7329377	0.8513897	1.0	2633	tags=21%, list=14%, signal=24%	
GOBP_MYOBLAST_PROLIFERATION	GOBP_MYOBLAST_PROLIFERATION		26	-0.3357144	-0.87240756	0.6554054	0.8515885	1.0	3685	tags=38%, list=19%, signal=47%	
GOCC_ACTIN_FILAMENT	GOCC_ACTIN_FILAMENT		114	-0.26135656	-0.8716455	0.7410072	0.8530153	1.0	4022	tags=25%, list=21%, signal=32%	
GOBP_POSTREPLICATION_REPAIR	GOBP_POSTREPLICATION_REPAIR		35	-0.31691906	-0.87163866	0.677643	0.85273516	1.0	3320	tags=26%, list=17%, signal=31%	
GOBP_REGULATION_OF_PHOSPHOPROTEIN_PHOSPHATASE_ACTIVITY	GOBP_REGULATION_OF_PHOSPHOPROTEIN_PHOSPHATASE_ACTIVITY		39	-0.3051811	-0.8714563	0.66504854	0.8528516	1.0	4252	tags=31%, list=22%, signal=39%	
GOCC_PHOSPHATIDYLINOSITOL_3_KINASE_COMPLEX	GOCC_PHOSPHATIDYLINOSITOL_3_KINASE_COMPLEX		28	-0.32564935	-0.8711577	0.6585366	0.8532334	1.0	3033	tags=29%, list=16%, signal=34%	
GOBP_REGULATION_OF_EXCITATORY_SYNAPSE_ASSEMBLY	GOBP_REGULATION_OF_EXCITATORY_SYNAPSE_ASSEMBLY		16	-0.3763426	-0.8710876	0.6666667	0.8531015	1.0	1047	tags=19%, list=5%, signal=20%	
GOBP_GLUCOSE_IMPORT	GOBP_GLUCOSE_IMPORT		71	-0.27513015	-0.8710176	0.7110439	0.8529603	1.0	1513	tags=13%, list=8%, signal=14%	
GOBP_REGULATION_OF_DNA_RECOMBINATION	GOBP_REGULATION_OF_DNA_RECOMBINATION		118	-0.25915045	-0.87101597	0.7254335	0.8526687	1.0	4001	tags=29%, list=21%, signal=36%	
GOBP_POSTSYNAPTIC_SPECIALIZATION_ORGANIZATION	GOBP_POSTSYNAPTIC_SPECIALIZATION_ORGANIZATION		45	-0.29927158	-0.8710123	0.6579378	0.852384	1.0	2663	tags=16%, list=14%, signal=18%	
GOBP_POSITIVE_REGULATION_OF_POTASSIUM_ION_TRANSMEMBRANE_TRANSPORTER_ACTIVITY	GOBP_POSITIVE_REGULATION_OF_POTASSIUM_ION_TRANSMEMBRANE_TRANSPORTER_ACTIVITY		18	-0.36140662	-0.8703439	0.6347518	0.8536214	1.0	1852	tags=22%, list=10%, signal=25%	
GOBP_INTRACELLULAR_IRON_ION_HOMEOSTASIS	GOBP_INTRACELLULAR_IRON_ION_HOMEOSTASIS		66	-0.28573844	-0.87026125	0.7030769	0.85350823	1.0	4054	tags=27%, list=21%, signal=34%	
GOBP_RETINOIC_ACID_RECEPTOR_SIGNALING_PATHWAY	GOBP_RETINOIC_ACID_RECEPTOR_SIGNALING_PATHWAY		32	-0.32146043	-0.86980176	0.64057505	0.8542644	1.0	1481	tags=9%, list=8%, signal=10%	
GOCC_EXTRINSIC_COMPONENT_OF_PLASMA_MEMBRANE	GOCC_EXTRINSIC_COMPONENT_OF_PLASMA_MEMBRANE		98	-0.26447135	-0.86969644	0.73964494	0.85421014	1.0	4286	tags=29%, list=22%, signal=36%	
GOCC_CYTOPLASMIC_SIDE_OF_PLASMA_MEMBRANE	GOCC_CYTOPLASMIC_SIDE_OF_PLASMA_MEMBRANE		158	-0.24839436	-0.8696789	0.78223497	0.8539604	1.0	4369	tags=30%, list=22%, signal=38%	
GOBP_MULTICELLULAR_ORGANISMAL_RESPONSE_TO_STRESS	GOBP_MULTICELLULAR_ORGANISMAL_RESPONSE_TO_STRESS		92	-0.27072415	-0.86945355	0.7127329	0.8541955	1.0	3039	tags=22%, list=16%, signal=26%	
GOBP_DENDRITIC_SPINE_MORPHOGENESIS	GOBP_DENDRITIC_SPINE_MORPHOGENESIS		55	-0.2862659	-0.86935157	0.6896552	0.85412943	1.0	3039	tags=24%, list=16%, signal=28%	
GOMF_PHOSPHOLIPID_SCRAMBLASE_ACTIVITY	GOMF_PHOSPHOLIPID_SCRAMBLASE_ACTIVITY		15	-0.37369475	-0.867971	0.65309733	0.8569858	1.0	4347	tags=47%, list=22%, signal=60%	
GOBP_MEMBRANE_PROTEIN_ECTODOMAIN_PROTEOLYSIS	GOBP_MEMBRANE_PROTEIN_ECTODOMAIN_PROTEOLYSIS		50	-0.29833668	-0.86774504	0.68	0.85720485	1.0	2189	tags=20%, list=11%, signal=22%	
GOBP_CELLULAR_RESPONSE_TO_LEPTIN_STIMULUS	GOBP_CELLULAR_RESPONSE_TO_LEPTIN_STIMULUS		17	-0.3593199	-0.86766225	0.6626298	0.85709983	1.0	923	tags=18%, list=5%, signal=19%	
GOBP_BIOLOGICAL_PROCESS_INVOLVED_IN_INTERACTION_WITH_SYMBIONT	GOBP_BIOLOGICAL_PROCESS_INVOLVED_IN_INTERACTION_WITH_SYMBIONT		114	-0.25610706	-0.86761117	0.74340177	0.8569085	1.0	889	tags=8%, list=5%, signal=8%	
GOBP_PHOSPHOLIPID_BIOSYNTHETIC_PROCESS	GOBP_PHOSPHOLIPID_BIOSYNTHETIC_PROCESS		239	-0.23663573	-0.8671923	0.8214286	0.85754055	1.0	3108	tags=21%, list=16%, signal=25%	
GOMF_SUGAR_TRANSMEMBRANE_TRANSPORTER_ACTIVITY	GOMF_SUGAR_TRANSMEMBRANE_TRANSPORTER_ACTIVITY		29	-0.32155672	-0.8666358	0.6566901	0.85851204	1.0	1413	tags=17%, list=7%, signal=19%	
GOMF_NF_KAPPAB_BINDING	GOMF_NF_KAPPAB_BINDING		28	-0.32297838	-0.8665532	0.65217394	0.8584039	1.0	2455	tags=18%, list=13%, signal=20%	
GOBP_POSITIVE_REGULATION_OF_T_CELL_MEDIATED_CYTOTOXICITY	GOBP_POSITIVE_REGULATION_OF_T_CELL_MEDIATED_CYTOTOXICITY		39	-0.3161959	-0.8664287	0.6917923	0.8583969	1.0	687	tags=10%, list=4%, signal=11%	
GOBP_NUCLEOTIDE_SALVAGE	GOBP_NUCLEOTIDE_SALVAGE		17	-0.36618543	-0.86640364	0.6508772	0.85816467	1.0	3037	tags=24%, list=16%, signal=28%	
GOBP_NEGATIVE_REGULATION_OF_REACTIVE_OXYGEN_SPECIES_BIOSYNTHETIC_PROCESS	GOBP_NEGATIVE_REGULATION_OF_REACTIVE_OXYGEN_SPECIES_BIOSYNTHETIC_PROCESS		15	-0.3797806	-0.866347	0.6678899	0.8579984	1.0	208	tags=7%, list=1%, signal=7%	
GOBP_REGULATION_OF_PROTEIN_LOCALIZATION_TO_CELL_SURFACE	GOBP_REGULATION_OF_PROTEIN_LOCALIZATION_TO_CELL_SURFACE		40	-0.30847228	-0.86583734	0.70261437	0.8588645	1.0	1795	tags=20%, list=9%, signal=22%	
GOMF_MOLECULAR_SEQUESTERING_ACTIVITY	GOMF_MOLECULAR_SEQUESTERING_ACTIVITY		46	-0.29648554	-0.8654259	0.6891892	0.85948414	1.0	3341	tags=24%, list=17%, signal=29%	
GOBP_LUNG_EPITHELIUM_DEVELOPMENT	GOBP_LUNG_EPITHELIUM_DEVELOPMENT		44	-0.29950947	-0.86512595	0.6852792	0.85984594	1.0	1439	tags=9%, list=7%, signal=10%	
GOCC_RNAI_EFFECTOR_COMPLEX	GOCC_RNAI_EFFECTOR_COMPLEX		17	-0.3619495	-0.8645594	0.65259117	0.8608021	1.0	2409	tags=24%, list=12%, signal=27%	
GOCC_AZUROPHIL_GRANULE	GOCC_AZUROPHIL_GRANULE		153	-0.24787478	-0.8642261	0.7858177	0.86125296	1.0	1993	tags=12%, list=10%, signal=14%	
GOBP_POSITIVE_T_CELL_SELECTION	GOBP_POSITIVE_T_CELL_SELECTION		45	-0.2970099	-0.8641097	0.7010135	0.86122257	1.0	4729	tags=38%, list=24%, signal=50%	
GOMF_TRANSCRIPTION_COREGULATOR_BINDING	GOMF_TRANSCRIPTION_COREGULATOR_BINDING		111	-0.25715348	-0.86395377	0.75958705	0.86127526	1.0	4522	tags=34%, list=23%, signal=44%	
GOBP_RESPONSE_TO_PROGESTERONE	GOBP_RESPONSE_TO_PROGESTERONE		43	-0.30162418	-0.8637203	0.6840391	0.86148053	1.0	1275	tags=16%, list=7%, signal=17%	
GOCC_SPLICEOSOMAL_TRI_SNRNP_COMPLEX	GOCC_SPLICEOSOMAL_TRI_SNRNP_COMPLEX		37	-0.30953357	-0.86353976	0.70234114	0.86160994	1.0	5400	tags=43%, list=28%, signal=60%	
GOBP_POSITIVE_REGULATION_OF_TRANSLATIONAL_INITIATION	GOBP_POSITIVE_REGULATION_OF_TRANSLATIONAL_INITIATION		28	-0.33096993	-0.8635014	0.67235494	0.8614029	1.0	5715	tags=43%, list=29%, signal=61%	
GOMF_PROTEIN_PHOSPHATASE_2A_BINDING	GOMF_PROTEIN_PHOSPHATASE_2A_BINDING		27	-0.32902417	-0.8634256	0.65953946	0.86128616	1.0	4407	tags=30%, list=23%, signal=38%	
GOMF_CYCLIN_DEPENDENT_PROTEIN_KINASE_ACTIVITY	GOMF_CYCLIN_DEPENDENT_PROTEIN_KINASE_ACTIVITY		27	-0.33420342	-0.8633744	0.6567944	0.8611089	1.0	4458	tags=41%, list=23%, signal=53%	
GOCC_MAIN_AXON	GOCC_MAIN_AXON		66	-0.28009686	-0.86329156	0.72195894	0.8609935	1.0	1170	tags=11%, list=6%, signal=11%	
GOMF_PEPTIDASE_ACTIVATOR_ACTIVITY_INVOLVED_IN_APOPTOTIC_PROCESS	GOMF_PEPTIDASE_ACTIVATOR_ACTIVITY_INVOLVED_IN_APOPTOTIC_PROCESS		23	-0.34072116	-0.8630612	0.6894198	0.86118877	1.0	1349	tags=13%, list=7%, signal=14%	
GOBP_RESPONSE_TO_TYPE_I_INTERFERON	GOBP_RESPONSE_TO_TYPE_I_INTERFERON		85	-0.26894793	-0.8629725	0.72602737	0.86110026	1.0	4266	tags=24%, list=22%, signal=30%	
GOBP_POSITIVE_REGULATION_OF_INTRACELLULAR_TRANSPORT	GOBP_POSITIVE_REGULATION_OF_INTRACELLULAR_TRANSPORT		132	-0.2533494	-0.8624935	0.76824033	0.8618635	1.0	3660	tags=28%, list=19%, signal=34%	
GOBP_NEGATIVE_REGULATION_OF_PROTEIN_SERINE_THREONINE_KINASE_ACTIVITY	GOBP_NEGATIVE_REGULATION_OF_PROTEIN_SERINE_THREONINE_KINASE_ACTIVITY		83	-0.26794064	-0.8621276	0.74263567	0.8623852	1.0	2867	tags=20%, list=15%, signal=24%	
GOBP_GLANDULAR_EPITHELIAL_CELL_DEVELOPMENT	GOBP_GLANDULAR_EPITHELIAL_CELL_DEVELOPMENT		33	-0.31700382	-0.86197203	0.68189234	0.862438	1.0	819	tags=9%, list=4%, signal=9%	
GOBP_GLYCEROPHOSPHOLIPID_METABOLIC_PROCESS	GOBP_GLYCEROPHOSPHOLIPID_METABOLIC_PROCESS		285	-0.23032239	-0.86171204	0.83896106	0.8627329	1.0	3108	tags=21%, list=16%, signal=25%	
GOBP_ADULT_LOCOMOTORY_BEHAVIOR	GOBP_ADULT_LOCOMOTORY_BEHAVIOR		79	-0.26777646	-0.8610684	0.7398754	0.86387354	1.0	2663	tags=18%, list=14%, signal=20%	
GOBP_OOGENESIS	GOBP_OOGENESIS		99	-0.2625734	-0.8610159	0.748056	0.86369044	1.0	4518	tags=28%, list=23%, signal=37%	
GOBP_POSITIVE_REGULATION_OF_CILIUM_ASSEMBLY	GOBP_POSITIVE_REGULATION_OF_CILIUM_ASSEMBLY		27	-0.3291927	-0.8608599	0.6689304	0.86374086	1.0	3041	tags=26%, list=16%, signal=31%	
GOBP_RIG_I_SIGNALING_PATHWAY	GOBP_RIG_I_SIGNALING_PATHWAY		24	-0.33472693	-0.86073405	0.66323024	0.8637228	1.0	4892	tags=38%, list=25%, signal=50%	
GOBP_REGULATION_OF_MESENCHYMAL_CELL_PROLIFERATION	GOBP_REGULATION_OF_MESENCHYMAL_CELL_PROLIFERATION		31	-0.32240114	-0.8605241	0.686747	0.8638628	1.0	1790	tags=16%, list=9%, signal=18%	
GOBP_NEGATIVE_REGULATION_OF_PROTEIN_CATABOLIC_PROCESS	GOBP_NEGATIVE_REGULATION_OF_PROTEIN_CATABOLIC_PROCESS		108	-0.2570718	-0.86049706	0.7454819	0.8636348	1.0	3032	tags=20%, list=16%, signal=24%	
GOBP_POSITIVE_REGULATION_OF_SMOOTHENED_SIGNALING_PATHWAY	GOBP_POSITIVE_REGULATION_OF_SMOOTHENED_SIGNALING_PATHWAY		32	-0.31448278	-0.8595938	0.6810631	0.86532605	1.0	1790	tags=16%, list=9%, signal=17%	
GOBP_SULFATE_TRANSPORT	GOBP_SULFATE_TRANSPORT		16	-0.36613747	-0.85946715	0.64889705	0.8653181	1.0	765	tags=13%, list=4%, signal=13%	
GOBP_PROTEOGLYCAN_BIOSYNTHETIC_PROCESS	GOBP_PROTEOGLYCAN_BIOSYNTHETIC_PROCESS		65	-0.27611467	-0.8592823	0.7284345	0.86542916	1.0	3686	tags=26%, list=19%, signal=32%	
GOBP_CELLULAR_RESPONSE_TO_IONIZING_RADIATION	GOBP_CELLULAR_RESPONSE_TO_IONIZING_RADIATION		66	-0.27742794	-0.8587983	0.7094801	0.86619097	1.0	2986	tags=21%, list=15%, signal=25%	
GOBP_REGULATION_OF_STEROID_HORMONE_SECRETION	GOBP_REGULATION_OF_STEROID_HORMONE_SECRETION		21	-0.34877804	-0.8587272	0.66380787	0.86606866	1.0	1410	tags=19%, list=7%, signal=21%	
GOBP_VITAMIN_BIOSYNTHETIC_PROCESS	GOBP_VITAMIN_BIOSYNTHETIC_PROCESS		25	-0.33231485	-0.8584172	0.6574395	0.8664534	1.0	2879	tags=20%, list=15%, signal=23%	
GOBP_REGULATION_OF_LAMELLIPODIUM_ORGANIZATION	GOBP_REGULATION_OF_LAMELLIPODIUM_ORGANIZATION		51	-0.29113352	-0.8582651	0.728	0.86649936	1.0	2469	tags=18%, list=13%, signal=20%	
GOMF_CARBOXYLIC_ESTER_HYDROLASE_ACTIVITY	GOMF_CARBOXYLIC_ESTER_HYDROLASE_ACTIVITY		135	-0.25529563	-0.85825306	0.76390976	0.86623764	1.0	2048	tags=13%, list=11%, signal=15%	
GOBP_NEGATIVE_REGULATION_OF_RAS_PROTEIN_SIGNAL_TRANSDUCTION	GOBP_NEGATIVE_REGULATION_OF_RAS_PROTEIN_SIGNAL_TRANSDUCTION		22	-0.34129784	-0.8582463	0.6882662	0.8659615	1.0	790	tags=14%, list=4%, signal=14%	
GOBP_RESPONSE_TO_STARVATION	GOBP_RESPONSE_TO_STARVATION		199	-0.23929213	-0.85807693	0.8059299	0.8660522	1.0	1571	tags=10%, list=8%, signal=11%	
GOMF_SYMPORTER_ACTIVITY	GOMF_SYMPORTER_ACTIVITY		147	-0.24793375	-0.8580261	0.7849003	0.8658737	1.0	2869	tags=17%, list=15%, signal=20%	
GOBP_AMP_METABOLIC_PROCESS	GOBP_AMP_METABOLIC_PROCESS		21	-0.3402918	-0.8579215	0.6672662	0.8658005	1.0	1669	tags=14%, list=9%, signal=16%	
GOBP_INTRACELLULAR_SODIUM_ION_HOMEOSTASIS	GOBP_INTRACELLULAR_SODIUM_ION_HOMEOSTASIS		21	-0.34385955	-0.8577996	0.66370106	0.8657781	1.0	2268	tags=19%, list=12%, signal=22%	
GOBP_POSITIVE_REGULATION_OF_PHOSPHOPROTEIN_PHOSPHATASE_ACTIVITY	GOBP_POSITIVE_REGULATION_OF_PHOSPHOPROTEIN_PHOSPHATASE_ACTIVITY		17	-0.3606676	-0.8577021	0.67808217	0.8657076	1.0	3405	tags=29%, list=18%, signal=36%	
GOBP_INTRINSIC_APOPTOTIC_SIGNALING_PATHWAY_IN_RESPONSE_TO_ENDOPLASMIC_RETICULUM_STRESS	GOBP_INTRINSIC_APOPTOTIC_SIGNALING_PATHWAY_IN_RESPONSE_TO_ENDOPLASMIC_RETICULUM_STRESS		59	-0.2866335	-0.85765433	0.7210777	0.86552024	1.0	4212	tags=29%, list=22%, signal=37%	
GOMF_ATP_DEPENDENT_DNA_DAMAGE_SENSOR_ACTIVITY	GOMF_ATP_DEPENDENT_DNA_DAMAGE_SENSOR_ACTIVITY		16	-0.36822107	-0.8571702	0.6931818	0.86625993	1.0	2993	tags=31%, list=15%, signal=37%	
GOBP_CHONDROCYTE_PROLIFERATION	GOBP_CHONDROCYTE_PROLIFERATION		22	-0.33666697	-0.8567349	0.6564626	0.86687094	1.0	2124	tags=23%, list=11%, signal=25%	
GOBP_REGULATION_OF_GLYCOPROTEIN_METABOLIC_PROCESS	GOBP_REGULATION_OF_GLYCOPROTEIN_METABOLIC_PROCESS		44	-0.29642674	-0.8564481	0.7158908	0.86717886	1.0	2446	tags=23%, list=13%, signal=26%	
GOBP_MODIFIED_AMINO_ACID_TRANSPORT	GOBP_MODIFIED_AMINO_ACID_TRANSPORT		39	-0.30392838	-0.85637575	0.6974359	0.8670292	1.0	1859	tags=21%, list=10%, signal=23%	
GOBP_WALKING_BEHAVIOR	GOBP_WALKING_BEHAVIOR		34	-0.30776307	-0.85603213	0.69899666	0.8674674	1.0	1741	tags=18%, list=9%, signal=19%	
GOBP_SENSORY_PERCEPTION_OF_TEMPERATURE_STIMULUS	GOBP_SENSORY_PERCEPTION_OF_TEMPERATURE_STIMULUS		29	-0.32290795	-0.8558157	0.68557537	0.86763155	1.0	273	tags=7%, list=1%, signal=7%	
GOMF_DNA_ENDONUCLEASE_ACTIVITY	GOMF_DNA_ENDONUCLEASE_ACTIVITY		39	-0.30136865	-0.8555074	0.6980519	0.8679951	1.0	3219	tags=26%, list=17%, signal=31%	
GOBP_REGULATION_OF_RELEASE_OF_SEQUESTERED_CALCIUM_ION_INTO_CYTOSOL	GOBP_REGULATION_OF_RELEASE_OF_SEQUESTERED_CALCIUM_ION_INTO_CYTOSOL		78	-0.27088618	-0.8551686	0.7584098	0.86841345	1.0	2602	tags=17%, list=13%, signal=19%	
GOBP_NUCLEOBASE_BIOSYNTHETIC_PROCESS	GOBP_NUCLEOBASE_BIOSYNTHETIC_PROCESS		18	-0.35469368	-0.8549126	0.6802842	0.8686924	1.0	1782	tags=22%, list=9%, signal=24%	
GOBP_POSITIVE_REGULATION_OF_INFLAMMASOME_MEDIATED_SIGNALING_PATHWAY	GOBP_POSITIVE_REGULATION_OF_INFLAMMASOME_MEDIATED_SIGNALING_PATHWAY		21	-0.34690866	-0.85491234	0.6626298	0.86840117	1.0	3702	tags=29%, list=19%, signal=35%	
GOBP_ENSHEATHMENT_OF_NEURONS	GOBP_ENSHEATHMENT_OF_NEURONS		151	-0.24310349	-0.85454214	0.79803646	0.86889666	1.0	3929	tags=25%, list=20%, signal=31%	
GOBP_EPIGENETIC_PROGRAMMING_OF_GENE_EXPRESSION	GOBP_EPIGENETIC_PROGRAMMING_OF_GENE_EXPRESSION		30	-0.31985125	-0.8545114	0.69588554	0.86867076	1.0	3852	tags=33%, list=20%, signal=42%	
GOMF_UBIQUITIN_LIKE_PROTEIN_LIGASE_ACTIVITY	GOMF_UBIQUITIN_LIKE_PROTEIN_LIGASE_ACTIVITY		338	-0.22736743	-0.85402495	0.8775773	0.86943793	1.0	3763	tags=20%, list=19%, signal=24%	
GOBP_NEGATIVE_REGULATION_OF_REGULATED_SECRETORY_PATHWAY	GOBP_NEGATIVE_REGULATION_OF_REGULATED_SECRETORY_PATHWAY		24	-0.33586735	-0.8537656	0.67620754	0.86968344	1.0	1077	tags=13%, list=6%, signal=13%	
GOBP_ERYTHROCYTE_MATURATION	GOBP_ERYTHROCYTE_MATURATION		20	-0.35315824	-0.853666	0.6648936	0.8696026	1.0	5129	tags=45%, list=26%, signal=61%	
GOCC_CIS_GOLGI_NETWORK	GOCC_CIS_GOLGI_NETWORK		57	-0.283494	-0.8532808	0.7163695	0.8701031	1.0	3893	tags=26%, list=20%, signal=33%	
GOBP_REGULATION_OF_SISTER_CHROMATID_COHESION	GOBP_REGULATION_OF_SISTER_CHROMATID_COHESION		16	-0.36375305	-0.852764	0.66838485	0.8708997	1.0	3685	tags=31%, list=19%, signal=39%	
GOMF_DYNEIN_LIGHT_INTERMEDIATE_CHAIN_BINDING	GOMF_DYNEIN_LIGHT_INTERMEDIATE_CHAIN_BINDING		26	-0.32544023	-0.85236233	0.6984402	0.8714808	1.0	2576	tags=23%, list=13%, signal=27%	
GOMF_SIGNALING_ADAPTOR_ACTIVITY	GOMF_SIGNALING_ADAPTOR_ACTIVITY		114	-0.2531966	-0.85149217	0.7771261	0.87301934	1.0	2976	tags=18%, list=15%, signal=22%	
GOBP_REGULATION_OF_HETEROCHROMATIN_FORMATION	GOBP_REGULATION_OF_HETEROCHROMATIN_FORMATION		20	-0.3434479	-0.8514821	0.6862004	0.87274736	1.0	2975	tags=20%, list=15%, signal=24%	
GOBP_REGULATION_OF_RIG_I_SIGNALING_PATHWAY	GOBP_REGULATION_OF_RIG_I_SIGNALING_PATHWAY		18	-0.34775156	-0.8514512	0.66849816	0.87252045	1.0	4726	tags=39%, list=24%, signal=51%	
GOMF_CYSTEINE_TYPE_PEPTIDASE_ACTIVITY	GOMF_CYSTEINE_TYPE_PEPTIDASE_ACTIVITY		152	-0.2426898	-0.85097796	0.7881356	0.8732071	1.0	3045	tags=16%, list=16%, signal=19%	
GOMF_NUCLEOSOMAL_DNA_BINDING	GOMF_NUCLEOSOMAL_DNA_BINDING		23	-0.33880928	-0.8509042	0.6868512	0.87306446	1.0	4745	tags=39%, list=24%, signal=52%	
GOBP_REGULATION_OF_STEROID_HORMONE_BIOSYNTHETIC_PROCESS	GOBP_REGULATION_OF_STEROID_HORMONE_BIOSYNTHETIC_PROCESS		15	-0.3704047	-0.8505705	0.6666667	0.8735112	1.0	2387	tags=33%, list=12%, signal=38%	
GOBP_T_HELPER_17_CELL_LINEAGE_COMMITMENT	GOBP_T_HELPER_17_CELL_LINEAGE_COMMITMENT		19	-0.34882292	-0.8505409	0.6742958	0.87328804	1.0	92	tags=5%, list=0%, signal=5%	
GOCC_DISTAL_AXON	GOCC_DISTAL_AXON		267	-0.23085661	-0.85047585	0.8644737	0.87313217	1.0	3766	tags=23%, list=19%, signal=28%	
GOBP_CELLULAR_RESPONSE_TO_AMYLOID_BETA	GOBP_CELLULAR_RESPONSE_TO_AMYLOID_BETA		39	-0.29780254	-0.85037166	0.7192691	0.87304294	1.0	1498	tags=13%, list=8%, signal=14%	
GOBP_DOPAMINE_SECRETION	GOBP_DOPAMINE_SECRETION		29	-0.3175679	-0.8502086	0.6531303	0.87309825	1.0	1556	tags=10%, list=8%, signal=11%	
GOBP_CELL_MIGRATION_INVOLVED_IN_HEART_DEVELOPMENT	GOBP_CELL_MIGRATION_INVOLVED_IN_HEART_DEVELOPMENT		20	-0.3460519	-0.8498729	0.6786941	0.87354136	1.0	2212	tags=30%, list=11%, signal=34%	
GOMF_UBIQUITIN_PROTEIN_TRANSFERASE_REGULATOR_ACTIVITY	GOMF_UBIQUITIN_PROTEIN_TRANSFERASE_REGULATOR_ACTIVITY		30	-0.31783995	-0.84979635	0.6746575	0.87342274	1.0	1851	tags=17%, list=10%, signal=18%	
GOBP_CARDIAC_MUSCLE_CELL_ACTION_POTENTIAL_INVOLVED_IN_CONTRACTION	GOBP_CARDIAC_MUSCLE_CELL_ACTION_POTENTIAL_INVOLVED_IN_CONTRACTION		59	-0.28164104	-0.84952146	0.74233127	0.87373525	1.0	1963	tags=15%, list=10%, signal=17%	
GOCC_TELOMERASE_HOLOENZYME_COMPLEX	GOCC_TELOMERASE_HOLOENZYME_COMPLEX		22	-0.33911988	-0.84905475	0.7037037	0.87440825	1.0	4314	tags=41%, list=22%, signal=53%	
GOMF_PHOSPHATASE_ACTIVITY	GOMF_PHOSPHATASE_ACTIVITY		251	-0.23153336	-0.84867716	0.8680272	0.8748874	1.0	4276	tags=27%, list=22%, signal=34%	
GOBP_ICOSANOID_BIOSYNTHETIC_PROCESS	GOBP_ICOSANOID_BIOSYNTHETIC_PROCESS		53	-0.28638557	-0.8483111	0.7488226	0.87535095	1.0	3992	tags=38%, list=21%, signal=47%	
GOBP_PROTEIN_TETRAMERIZATION	GOBP_PROTEIN_TETRAMERIZATION		93	-0.25973895	-0.84810406	0.7557252	0.8755033	1.0	2690	tags=15%, list=14%, signal=17%	
GOBP_REGULATION_OF_PROTEASOMAL_PROTEIN_CATABOLIC_PROCESS	GOBP_REGULATION_OF_PROTEASOMAL_PROTEIN_CATABOLIC_PROCESS		176	-0.24024352	-0.84805804	0.8514443	0.87530565	1.0	2377	tags=14%, list=12%, signal=15%	
GOMF_CYCLASE_ACTIVITY	GOMF_CYCLASE_ACTIVITY		17	-0.3559339	-0.8478292	0.70855147	0.8754871	1.0	3044	tags=24%, list=16%, signal=28%	
GOBP_PROTON_TRANSMEMBRANE_TRANSPORT	GOBP_PROTON_TRANSMEMBRANE_TRANSPORT		126	-0.24891412	-0.8477211	0.80224407	0.87542355	1.0	2492	tags=12%, list=13%, signal=14%	
GOBP_TOLERANCE_INDUCTION	GOBP_TOLERANCE_INDUCTION		27	-0.32746068	-0.8476464	0.6948854	0.87528604	1.0	1959	tags=19%, list=10%, signal=21%	
GOBP_METANEPHRIC_TUBULE_DEVELOPMENT	GOBP_METANEPHRIC_TUBULE_DEVELOPMENT		24	-0.3253352	-0.84636587	0.69512194	0.87768656	1.0	3304	tags=25%, list=17%, signal=30%	
GOBP_NEGATIVE_REGULATION_OF_MRNA_METABOLIC_PROCESS	GOBP_NEGATIVE_REGULATION_OF_MRNA_METABOLIC_PROCESS		89	-0.26186106	-0.8462921	0.76283985	0.8775523	1.0	4077	tags=27%, list=21%, signal=34%	
GOBP_PYRIMIDINE_NUCLEOSIDE_CATABOLIC_PROCESS	GOBP_PYRIMIDINE_NUCLEOSIDE_CATABOLIC_PROCESS		17	-0.35514674	-0.84621364	0.68728524	0.8774112	1.0	3072	tags=24%, list=16%, signal=28%	
GOBP_POSITIVE_REGULATION_OF_TRANSCRIPTION_BY_RNA_POLYMERASE_I	GOBP_POSITIVE_REGULATION_OF_TRANSCRIPTION_BY_RNA_POLYMERASE_I		31	-0.31568718	-0.8460068	0.7118928	0.8775742	1.0	4211	tags=29%, list=22%, signal=37%	
GOBP_CELLULAR_RESPONSE_TO_EXTERNAL_STIMULUS	GOBP_CELLULAR_RESPONSE_TO_EXTERNAL_STIMULUS		74	-0.27196804	-0.8459175	0.74885845	0.87746376	1.0	4678	tags=38%, list=24%, signal=50%	
GOBP_MRNA_PROCESSING	GOBP_MRNA_PROCESSING		458	-0.22177784	-0.8459075	0.9200969	0.877194	1.0	4569	tags=28%, list=24%, signal=36%	
GOBP_POSITIVE_REGULATION_OF_CANONICAL_NF_KAPPAB_SIGNAL_TRANSDUCTION	GOBP_POSITIVE_REGULATION_OF_CANONICAL_NF_KAPPAB_SIGNAL_TRANSDUCTION		209	-0.23682047	-0.84565824	0.8402204	0.8774012	1.0	4658	tags=30%, list=24%, signal=39%	
GOBP_SARCOPLASMIC_RETICULUM_CALCIUM_ION_TRANSPORT	GOBP_SARCOPLASMIC_RETICULUM_CALCIUM_ION_TRANSPORT		39	-0.29487267	-0.8455842	0.71356785	0.87724453	1.0	1661	tags=13%, list=9%, signal=14%	
GOBP_BILE_ACID_METABOLIC_PROCESS	GOBP_BILE_ACID_METABOLIC_PROCESS		47	-0.28839234	-0.84509486	0.7329932	0.8779763	1.0	1817	tags=15%, list=9%, signal=16%	
GOBP_REGULATION_OF_PROTEIN_LOCALIZATION_TO_PLASMA_MEMBRANE	GOBP_REGULATION_OF_PROTEIN_LOCALIZATION_TO_PLASMA_MEMBRANE		107	-0.2555546	-0.84505063	0.8086957	0.87778133	1.0	3274	tags=21%, list=17%, signal=25%	
GOBP_RNA_SPLICING_VIA_TRANSESTERIFICATION_REACTIONS	GOBP_RNA_SPLICING_VIA_TRANSESTERIFICATION_REACTIONS		296	-0.22566843	-0.8446737	0.90597206	0.8782778	1.0	5400	tags=32%, list=28%, signal=44%	
GOMF_HYDROLASE_ACTIVITY_ACTING_ON_CARBON_NITROGEN_BUT_NOT_PEPTIDE_BONDS_IN_CYCLIC_AMIDINES	GOMF_HYDROLASE_ACTIVITY_ACTING_ON_CARBON_NITROGEN_BUT_NOT_PEPTIDE_BONDS_IN_CYCLIC_AMIDINES		33	-0.30528	-0.8446084	0.6677741	0.87810785	1.0	4292	tags=33%, list=22%, signal=43%	
GOBP_CELLULAR_RESPONSE_TO_CHOLESTEROL	GOBP_CELLULAR_RESPONSE_TO_CHOLESTEROL		16	-0.35121003	-0.8437496	0.7003891	0.87957126	1.0	2159	tags=19%, list=11%, signal=21%	
GOCC_KINESIN_COMPLEX	GOCC_KINESIN_COMPLEX		45	-0.29493198	-0.84356534	0.7168	0.8796589	1.0	3658	tags=29%, list=19%, signal=36%	
GOCC_SYNAPTIC_MEMBRANE	GOCC_SYNAPTIC_MEMBRANE		390	-0.22335598	-0.84352005	0.91717416	0.87946063	1.0	3701	tags=19%, list=19%, signal=23%	
GOBP_REGULATION_OF_POST_TRANSLATIONAL_PROTEIN_MODIFICATION	GOBP_REGULATION_OF_POST_TRANSLATIONAL_PROTEIN_MODIFICATION		230	-0.23150907	-0.8434136	0.8868176	0.8793931	1.0	3690	tags=20%, list=19%, signal=25%	
GOBP_OLFACTORY_LOBE_DEVELOPMENT	GOBP_OLFACTORY_LOBE_DEVELOPMENT		39	-0.29398552	-0.8431417	0.7236181	0.8796611	1.0	2636	tags=18%, list=14%, signal=21%	
GOBP_T_CELL_HOMEOSTASIS	GOBP_T_CELL_HOMEOSTASIS		45	-0.29257324	-0.843051	0.7355372	0.8795496	1.0	1934	tags=16%, list=10%, signal=17%	
GOBP_POSITIVE_REGULATION_OF_PROTEASOMAL_PROTEIN_CATABOLIC_PROCESS	GOBP_POSITIVE_REGULATION_OF_PROTEASOMAL_PROTEIN_CATABOLIC_PROCESS		101	-0.25482264	-0.84267855	0.81120944	0.8800417	1.0	2377	tags=15%, list=12%, signal=17%	
GOCC_ENDOLYSOSOME	GOCC_ENDOLYSOSOME		28	-0.32512295	-0.8426016	0.72240806	0.8799012	1.0	3649	tags=29%, list=19%, signal=35%	
GOBP_NEGATIVE_REGULATION_OF_PROTEIN_IMPORT_INTO_NUCLEUS	GOBP_NEGATIVE_REGULATION_OF_PROTEIN_IMPORT_INTO_NUCLEUS		15	-0.3562415	-0.8424466	0.67142856	0.87991726	1.0	1368	tags=20%, list=7%, signal=21%	
GOBP_REGULATION_OF_CELLULAR_CATABOLIC_PROCESS	GOBP_REGULATION_OF_CELLULAR_CATABOLIC_PROCESS		432	-0.21819401	-0.8420088	0.9322034	0.88052166	1.0	3717	tags=21%, list=19%, signal=25%	
GOBP_RESPIRATORY_SYSTEM_PROCESS	GOBP_RESPIRATORY_SYSTEM_PROCESS		40	-0.2955864	-0.8418268	0.71452147	0.88058895	1.0	3627	tags=28%, list=19%, signal=34%	
GOBP_REGULATION_OF_DOUBLE_STRAND_BREAK_REPAIR_VIA_NONHOMOLOGOUS_END_JOINING	GOBP_REGULATION_OF_DOUBLE_STRAND_BREAK_REPAIR_VIA_NONHOMOLOGOUS_END_JOINING		23	-0.32362002	-0.8414635	0.70364237	0.8810476	1.0	4824	tags=43%, list=25%, signal=58%	
GOBP_NEGATIVE_REGULATION_OF_LIPID_METABOLIC_PROCESS	GOBP_NEGATIVE_REGULATION_OF_LIPID_METABOLIC_PROCESS		95	-0.25638488	-0.84125054	0.7885196	0.88118935	1.0	3207	tags=23%, list=17%, signal=28%	
GOBP_NEGATIVE_REGULATION_OF_LYMPHOCYTE_DIFFERENTIATION	GOBP_NEGATIVE_REGULATION_OF_LYMPHOCYTE_DIFFERENTIATION		53	-0.28335613	-0.8410513	0.7508039	0.8813093	1.0	2665	tags=17%, list=14%, signal=20%	
GOBP_NEGATIVE_REGULATION_OF_POST_TRANSLATIONAL_PROTEIN_MODIFICATION	GOBP_NEGATIVE_REGULATION_OF_POST_TRANSLATIONAL_PROTEIN_MODIFICATION		87	-0.26275963	-0.8404648	0.76390976	0.88224196	1.0	3690	tags=20%, list=19%, signal=24%	
GOBP_SEMINIFEROUS_TUBULE_DEVELOPMENT	GOBP_SEMINIFEROUS_TUBULE_DEVELOPMENT		16	-0.3591433	-0.8399458	0.69827586	0.8830001	1.0	4086	tags=38%, list=21%, signal=47%	
GOBP_RESPONSE_TO_IONIZING_RADIATION	GOBP_RESPONSE_TO_IONIZING_RADIATION		128	-0.2458688	-0.8399178	0.82300884	0.8827681	1.0	4264	tags=27%, list=22%, signal=35%	
GOBP_PURINE_NUCLEOSIDE_MONOPHOSPHATE_METABOLIC_PROCESS	GOBP_PURINE_NUCLEOSIDE_MONOPHOSPHATE_METABOLIC_PROCESS		40	-0.29613155	-0.839567	0.7266667	0.8832049	1.0	3668	tags=25%, list=19%, signal=31%	
GOMF_BICARBONATE_TRANSMEMBRANE_TRANSPORTER_ACTIVITY	GOMF_BICARBONATE_TRANSMEMBRANE_TRANSPORTER_ACTIVITY		31	-0.31120896	-0.83939534	0.7111111	0.8832602	1.0	5296	tags=48%, list=27%, signal=66%	
GOBP_NEGATIVE_REGULATION_OF_EPITHELIAL_CELL_APOPTOTIC_PROCESS	GOBP_NEGATIVE_REGULATION_OF_EPITHELIAL_CELL_APOPTOTIC_PROCESS		61	-0.2688492	-0.83902663	0.7627388	0.88370806	1.0	3530	tags=23%, list=18%, signal=28%	
GOBP_VESICLE_CARGO_LOADING	GOBP_VESICLE_CARGO_LOADING		31	-0.30772254	-0.83893126	0.71682847	0.8836099	1.0	1469	tags=13%, list=8%, signal=14%	
GOMF_SIGNALING_RECEPTOR_COMPLEX_ADAPTOR_ACTIVITY	GOMF_SIGNALING_RECEPTOR_COMPLEX_ADAPTOR_ACTIVITY		50	-0.2804026	-0.83856064	0.7488	0.8840325	1.0	3526	tags=28%, list=18%, signal=34%	
GOBP_POSITIVE_REGULATION_OF_CALCIUM_MEDIATED_SIGNALING	GOBP_POSITIVE_REGULATION_OF_CALCIUM_MEDIATED_SIGNALING		53	-0.28046292	-0.83795696	0.718802	0.8849831	1.0	3526	tags=30%, list=18%, signal=37%	
GOBP_POSITIVE_REGULATION_OF_AXONOGENESIS	GOBP_POSITIVE_REGULATION_OF_AXONOGENESIS		77	-0.26443353	-0.83794767	0.7631579	0.88471	1.0	1303	tags=10%, list=7%, signal=11%	
GOBP_BASE_EXCISION_REPAIR	GOBP_BASE_EXCISION_REPAIR		43	-0.29117262	-0.836853	0.7467533	0.88656265	1.0	4001	tags=30%, list=21%, signal=38%	
GOMF_TRANSCRIPTION_REGULATOR_INHIBITOR_ACTIVITY	GOMF_TRANSCRIPTION_REGULATOR_INHIBITOR_ACTIVITY		30	-0.309505	-0.83678013	0.7320819	0.88641614	1.0	2050	tags=17%, list=11%, signal=19%	
GOBP_POSITIVE_REGULATION_OF_SMALL_GTPASE_MEDIATED_SIGNAL_TRANSDUCTION	GOBP_POSITIVE_REGULATION_OF_SMALL_GTPASE_MEDIATED_SIGNAL_TRANSDUCTION		74	-0.26640722	-0.83669627	0.7710652	0.8862866	1.0	3553	tags=28%, list=18%, signal=35%	
GOBP_POSITIVE_REGULATION_OF_LONG_TERM_SYNAPTIC_POTENTIATION	GOBP_POSITIVE_REGULATION_OF_LONG_TERM_SYNAPTIC_POTENTIATION		20	-0.33791184	-0.8358963	0.67896676	0.8875794	1.0	3555	tags=30%, list=18%, signal=37%	
GOBP_CELLULAR_RESPONSE_TO_HYDROGEN_PEROXIDE	GOBP_CELLULAR_RESPONSE_TO_HYDROGEN_PEROXIDE		63	-0.269397	-0.8358315	0.7642527	0.8874178	1.0	1991	tags=17%, list=10%, signal=19%	
GOBP_REGULATION_OF_PROTEOLYSIS_INVOLVED_IN_PROTEIN_CATABOLIC_PROCESS	GOBP_REGULATION_OF_PROTEOLYSIS_INVOLVED_IN_PROTEIN_CATABOLIC_PROCESS		213	-0.23133127	-0.8357134	0.8768407	0.8873656	1.0	2424	tags=14%, list=12%, signal=15%	
GOCC_SMOOTH_ENDOPLASMIC_RETICULUM	GOCC_SMOOTH_ENDOPLASMIC_RETICULUM		29	-0.30997062	-0.83563215	0.7307692	0.8872267	1.0	2361	tags=21%, list=12%, signal=24%	
GOBP_NEGATIVE_REGULATION_OF_SMOOTH_MUSCLE_CELL_DIFFERENTIATION	GOBP_NEGATIVE_REGULATION_OF_SMOOTH_MUSCLE_CELL_DIFFERENTIATION		17	-0.35588953	-0.83541214	0.6948854	0.88735247	1.0	3969	tags=41%, list=20%, signal=52%	
GOBP_REGULATION_OF_ENDOTHELIAL_CELL_DEVELOPMENT	GOBP_REGULATION_OF_ENDOTHELIAL_CELL_DEVELOPMENT		18	-0.34634116	-0.8350063	0.6956522	0.8878665	1.0	1760	tags=22%, list=9%, signal=24%	
GOBP_STRIATED_MUSCLE_CELL_PROLIFERATION	GOBP_STRIATED_MUSCLE_CELL_PROLIFERATION		67	-0.27146262	-0.834853	0.7655068	0.8878731	1.0	2212	tags=16%, list=11%, signal=18%	
GOMF_NUCLEAR_RECEPTOR_COACTIVATOR_ACTIVITY	GOMF_NUCLEAR_RECEPTOR_COACTIVATOR_ACTIVITY		53	-0.2799199	-0.8341501	0.76811594	0.8889338	1.0	2506	tags=19%, list=13%, signal=22%	
GOBP_CALCIUM_ION_REGULATED_EXOCYTOSIS_OF_NEUROTRANSMITTER	GOBP_CALCIUM_ION_REGULATED_EXOCYTOSIS_OF_NEUROTRANSMITTER		21	-0.33118525	-0.8339664	0.70944744	0.88899434	1.0	1587	tags=14%, list=8%, signal=16%	
GOBP_RESPONSE_TO_ETHER	GOBP_RESPONSE_TO_ETHER		16	-0.35241005	-0.83365005	0.7047101	0.88932645	1.0	1890	tags=25%, list=10%, signal=28%	
GOBP_GLUTAMATERGIC_NEURON_DIFFERENTIATION	GOBP_GLUTAMATERGIC_NEURON_DIFFERENTIATION		17	-0.3585554	-0.83359605	0.7095652	0.8891427	1.0	2293	tags=18%, list=12%, signal=20%	
GOCC_SYNAPTONEMAL_STRUCTURE	GOCC_SYNAPTONEMAL_STRUCTURE		35	-0.2984708	-0.83339417	0.72478634	0.8892527	1.0	4209	tags=26%, list=22%, signal=33%	
GOBP_REGULATION_OF_ACROSOME_REACTION	GOBP_REGULATION_OF_ACROSOME_REACTION		17	-0.35247087	-0.83322376	0.68901306	0.8893025	1.0	3543	tags=29%, list=18%, signal=36%	
GOBP_CARTILAGE_DEVELOPMENT_INVOLVED_IN_ENDOCHONDRAL_BONE_MORPHOGENESIS	GOBP_CARTILAGE_DEVELOPMENT_INVOLVED_IN_ENDOCHONDRAL_BONE_MORPHOGENESIS		31	-0.30606976	-0.831271	0.7312704	0.89285547	1.0	2319	tags=19%, list=12%, signal=22%	
GOMF_NUCLEAR_RETINOIC_ACID_RECEPTOR_BINDING	GOMF_NUCLEAR_RETINOIC_ACID_RECEPTOR_BINDING		25	-0.32031792	-0.83099073	0.7182131	0.8931227	1.0	4081	tags=36%, list=21%, signal=46%	
GOBP_SURFACTANT_HOMEOSTASIS	GOBP_SURFACTANT_HOMEOSTASIS		20	-0.3470453	-0.8309324	0.71428573	0.89294493	1.0	3954	tags=30%, list=20%, signal=38%	
GOBP_POSITIVE_REGULATION_OF_PROTEIN_AUTOPHOSPHORYLATION	GOBP_POSITIVE_REGULATION_OF_PROTEIN_AUTOPHOSPHORYLATION		23	-0.32570896	-0.8304763	0.67713785	0.8935346	1.0	1635	tags=13%, list=8%, signal=14%	
GOBP_FIBROBLAST_MIGRATION	GOBP_FIBROBLAST_MIGRATION		50	-0.28284878	-0.8302807	0.73974764	0.89361966	1.0	1918	tags=16%, list=10%, signal=18%	
GOBP_PROTEIN_TRIMERIZATION	GOBP_PROTEIN_TRIMERIZATION		17	-0.34683657	-0.82979274	0.7003817	0.8942621	1.0	2992	tags=29%, list=15%, signal=35%	
GOBP_RNA_LOCALIZATION	GOBP_RNA_LOCALIZATION		187	-0.23214175	-0.82951844	0.8737864	0.89451146	1.0	4994	tags=28%, list=26%, signal=38%	
GOBP_NEGATIVE_REGULATION_OF_PROTEIN_LOCALIZATION_TO_NUCLEUS	GOBP_NEGATIVE_REGULATION_OF_PROTEIN_LOCALIZATION_TO_NUCLEUS		34	-0.30186734	-0.829449	0.72683704	0.8943622	1.0	1943	tags=18%, list=10%, signal=20%	
GOBP_PROTEIN_INSERTION_INTO_MEMBRANE	GOBP_PROTEIN_INSERTION_INTO_MEMBRANE		41	-0.29114345	-0.82926196	0.7533784	0.894442	1.0	4352	tags=29%, list=22%, signal=38%	
GOMF_INTRACELLULARLY_CALCIUM_GATED_CHLORIDE_CHANNEL_ACTIVITY	GOMF_INTRACELLULARLY_CALCIUM_GATED_CHLORIDE_CHANNEL_ACTIVITY		19	-0.34280613	-0.829179	0.69084626	0.8942918	1.0	4347	tags=42%, list=22%, signal=54%	
GOCC_CYTOPLASMIC_SIDE_OF_MEMBRANE	GOCC_CYTOPLASMIC_SIDE_OF_MEMBRANE		196	-0.23189893	-0.8288355	0.8789546	0.8946634	1.0	4369	tags=28%, list=22%, signal=36%	
GOCC_PRESYNAPTIC_MEMBRANE	GOCC_PRESYNAPTIC_MEMBRANE		167	-0.23510164	-0.828745	0.8657343	0.89455086	1.0	3685	tags=20%, list=19%, signal=25%	
GOBP_TOLL_LIKE_RECEPTOR_9_SIGNALING_PATHWAY	GOBP_TOLL_LIKE_RECEPTOR_9_SIGNALING_PATHWAY		20	-0.33534417	-0.8283822	0.71912014	0.89495635	1.0	4604	tags=40%, list=24%, signal=52%	
GOMF_ORGANIC_ACID_SODIUM_SYMPORTER_ACTIVITY	GOMF_ORGANIC_ACID_SODIUM_SYMPORTER_ACTIVITY		35	-0.3026847	-0.8277414	0.7319933	0.89588624	1.0	3247	tags=20%, list=17%, signal=24%	
GOBP_REGULATION_OF_AMYLOID_PRECURSOR_PROTEIN_CATABOLIC_PROCESS	GOBP_REGULATION_OF_AMYLOID_PRECURSOR_PROTEIN_CATABOLIC_PROCESS		42	-0.28760955	-0.82589126	0.7549342	0.89914215	1.0	3510	tags=19%, list=18%, signal=23%	
GOBP_NEGATIVE_REGULATION_OF_HIPPO_SIGNALING	GOBP_NEGATIVE_REGULATION_OF_HIPPO_SIGNALING		22	-0.3324576	-0.8255582	0.7274306	0.8994959	1.0	2663	tags=23%, list=14%, signal=26%	
GOBP_NEGATIVE_REGULATION_OF_RESPONSE_TO_BIOTIC_STIMULUS	GOBP_NEGATIVE_REGULATION_OF_RESPONSE_TO_BIOTIC_STIMULUS		116	-0.24608254	-0.82538724	0.82570165	0.8995229	1.0	2409	tags=16%, list=12%, signal=18%	
GOBP_PROTEIN_K48_LINKED_UBIQUITINATION	GOBP_PROTEIN_K48_LINKED_UBIQUITINATION		95	-0.2508514	-0.82533574	0.8138528	0.8993382	1.0	3366	tags=23%, list=17%, signal=28%	
GOBP_POSITIVE_REGULATION_OF_BINDING	GOBP_POSITIVE_REGULATION_OF_BINDING		102	-0.2485949	-0.82533157	0.83074754	0.8990552	1.0	3349	tags=18%, list=17%, signal=21%	
GOCC_NUCLEAR_MEMBRANE	GOCC_NUCLEAR_MEMBRANE		295	-0.22076407	-0.824615	0.9425287	0.9001119	1.0	3739	tags=22%, list=19%, signal=27%	
GOCC_M_BAND	GOCC_M_BAND		27	-0.3138083	-0.8245479	0.7320819	0.89994746	1.0	1888	tags=26%, list=10%, signal=29%	
GOMF_CYSTEINE_TYPE_ENDOPEPTIDASE_REGULATOR_ACTIVITY_INVOLVED_IN_APOPTOTIC_PROCESS	GOMF_CYSTEINE_TYPE_ENDOPEPTIDASE_REGULATOR_ACTIVITY_INVOLVED_IN_APOPTOTIC_PROCESS		41	-0.28632036	-0.8245411	0.7463175	0.89966357	1.0	1424	tags=10%, list=7%, signal=11%	
GOCC_SM_LIKE_PROTEIN_FAMILY_COMPLEX	GOCC_SM_LIKE_PROTEIN_FAMILY_COMPLEX		89	-0.2524256	-0.8235524	0.8248848	0.9012237	1.0	4700	tags=30%, list=24%, signal=40%	
GOBP_DEOXYRIBONUCLEOSIDE_MONOPHOSPHATE_METABOLIC_PROCESS	GOBP_DEOXYRIBONUCLEOSIDE_MONOPHOSPHATE_METABOLIC_PROCESS		24	-0.31789747	-0.823479	0.71428573	0.9010772	1.0	2607	tags=21%, list=13%, signal=24%	
GOBP_RESPONSE_TO_INTERLEUKIN_17	GOBP_RESPONSE_TO_INTERLEUKIN_17		17	-0.34271267	-0.8229163	0.7064057	0.9018649	1.0	3309	tags=41%, list=17%, signal=50%	
GOBP_INTERLEUKIN_13_PRODUCTION	GOBP_INTERLEUKIN_13_PRODUCTION		21	-0.3381863	-0.8228186	0.7160069	0.90174943	1.0	2333	tags=24%, list=12%, signal=27%	
GOCC_PERINUCLEAR_ENDOPLASMIC_RETICULUM	GOCC_PERINUCLEAR_ENDOPLASMIC_RETICULUM		21	-0.32487345	-0.822598	0.70848054	0.90186816	1.0	2189	tags=24%, list=11%, signal=27%	
GOBP_VESICLE_ORGANIZATION	GOBP_VESICLE_ORGANIZATION		351	-0.21848243	-0.82231694	0.94382024	0.90210444	1.0	3890	tags=19%, list=20%, signal=23%	
GOBP_GLYCEROPHOSPHOLIPID_BIOSYNTHETIC_PROCESS	GOBP_GLYCEROPHOSPHOLIPID_BIOSYNTHETIC_PROCESS		199	-0.23007202	-0.8223144	0.9046358	0.90181583	1.0	3470	tags=24%, list=18%, signal=29%	
GOBP_REGULATION_OF_SYNAPTIC_TRANSMISSION_GABAERGIC	GOBP_REGULATION_OF_SYNAPTIC_TRANSMISSION_GABAERGIC		33	-0.29780805	-0.82206696	0.7412354	0.9019565	1.0	1640	tags=15%, list=8%, signal=17%	
GOMF_UBIQUITIN_LIKE_PROTEIN_LIGASE_BINDING	GOMF_UBIQUITIN_LIKE_PROTEIN_LIGASE_BINDING		311	-0.22030622	-0.8217265	0.93029153	0.9022982	1.0	3550	tags=19%, list=18%, signal=22%	
GOBP_POSITIVE_REGULATION_OF_ADENYLATE_CYCLASE_ACTIVITY	GOBP_POSITIVE_REGULATION_OF_ADENYLATE_CYCLASE_ACTIVITY		29	-0.3107603	-0.8213594	0.72259134	0.9026517	1.0	2537	tags=24%, list=13%, signal=28%	
GOBP_RESPONSE_TO_AMPHETAMINE	GOBP_RESPONSE_TO_AMPHETAMINE		35	-0.29700494	-0.8211717	0.76842105	0.902709	1.0	1727	tags=17%, list=9%, signal=19%	
GOCC_CUL3_RING_UBIQUITIN_LIGASE_COMPLEX	GOCC_CUL3_RING_UBIQUITIN_LIGASE_COMPLEX		39	-0.29052603	-0.8203405	0.7707317	0.9039472	1.0	4060	tags=31%, list=21%, signal=39%	
GOBP_REGULATION_OF_MAST_CELL_ACTIVATION	GOBP_REGULATION_OF_MAST_CELL_ACTIVATION		18	-0.33578774	-0.8196686	0.7039587	0.9049004	1.0	2331	tags=17%, list=12%, signal=19%	
GOCC_INHIBITORY_SYNAPSE	GOCC_INHIBITORY_SYNAPSE		15	-0.3551845	-0.81954795	0.7164461	0.9048443	1.0	1453	tags=13%, list=7%, signal=14%	
GOBP_P_BODY_ASSEMBLY	GOBP_P_BODY_ASSEMBLY		20	-0.33312115	-0.8193343	0.74690264	0.90493333	1.0	7578	tags=75%, list=39%, signal=123%	
GOBP_REGULATION_OF_SYNCYTIUM_FORMATION_BY_PLASMA_MEMBRANE_FUSION	GOBP_REGULATION_OF_SYNCYTIUM_FORMATION_BY_PLASMA_MEMBRANE_FUSION		27	-0.31009105	-0.81860095	0.7601411	0.9060185	1.0	733	tags=11%, list=4%, signal=12%	
GOBP_POLYAMINE_METABOLIC_PROCESS	GOBP_POLYAMINE_METABOLIC_PROCESS		18	-0.34458	-0.81854343	0.70944744	0.90582955	1.0	2360	tags=22%, list=12%, signal=25%	
GOBP_POSITIVE_REGULATION_OF_DNA_RECOMBINATION	GOBP_POSITIVE_REGULATION_OF_DNA_RECOMBINATION		70	-0.2654131	-0.81838614	0.80094784	0.9058187	1.0	4509	tags=37%, list=23%, signal=48%	
GOBP_REGULATION_OF_CELLULAR_RESPONSE_TO_STRESS	GOBP_REGULATION_OF_CELLULAR_RESPONSE_TO_STRESS		475	-0.21361558	-0.8183461	0.96743065	0.90560114	1.0	4001	tags=21%, list=21%, signal=26%	
GOMF_XENOBIOTIC_TRANSMEMBRANE_TRANSPORTER_ACTIVITY	GOMF_XENOBIOTIC_TRANSMEMBRANE_TRANSPORTER_ACTIVITY		29	-0.3127186	-0.81820905	0.73434854	0.9055703	1.0	1657	tags=17%, list=9%, signal=19%	
GOMF_ADRENERGIC_RECEPTOR_BINDING	GOMF_ADRENERGIC_RECEPTOR_BINDING		16	-0.3412798	-0.8176015	0.7266314	0.9063863	1.0	2699	tags=25%, list=14%, signal=29%	
GOBP_REGULATION_OF_PROTEIN_UBIQUITINATION	GOBP_REGULATION_OF_PROTEIN_UBIQUITINATION		182	-0.22903736	-0.81691784	0.8995816	0.9073391	1.0	3690	tags=21%, list=19%, signal=26%	
GOBP_FACE_DEVELOPMENT	GOBP_FACE_DEVELOPMENT		52	-0.27632973	-0.8163533	0.78211385	0.9080385	1.0	2161	tags=15%, list=11%, signal=17%	
GOBP_NEGATIVE_REGULATION_OF_NUCLEOCYTOPLASMIC_TRANSPORT	GOBP_NEGATIVE_REGULATION_OF_NUCLEOCYTOPLASMIC_TRANSPORT		23	-0.32057	-0.8160685	0.74003464	0.90828454	1.0	3641	tags=35%, list=19%, signal=43%	
GOCC_NEURON_TO_NEURON_SYNAPSE	GOCC_NEURON_TO_NEURON_SYNAPSE		348	-0.21565895	-0.8160464	0.9478261	0.9080366	1.0	3701	tags=18%, list=19%, signal=22%	
GOBP_POSTSYNAPTIC_MEMBRANE_ORGANIZATION	GOBP_POSTSYNAPTIC_MEMBRANE_ORGANIZATION		39	-0.2886765	-0.8156867	0.7861842	0.9084041	1.0	819	tags=8%, list=4%, signal=8%	
GOMF_RNA_POLYMERASE_II_CTD_HEPTAPEPTIDE_REPEAT_MODIFYING_ACTIVITY	GOMF_RNA_POLYMERASE_II_CTD_HEPTAPEPTIDE_REPEAT_MODIFYING_ACTIVITY		16	-0.3504149	-0.81560266	0.72824156	0.9082531	1.0	6081	tags=50%, list=31%, signal=73%	
GOMF_HYDRO_LYASE_ACTIVITY	GOMF_HYDRO_LYASE_ACTIVITY		56	-0.2708857	-0.8153252	0.7962675	0.9084421	1.0	2077	tags=16%, list=11%, signal=18%	
GOBP_SYNAPTIC_VESICLE_MATURATION	GOBP_SYNAPTIC_VESICLE_MATURATION		25	-0.31560564	-0.81527716	0.718638	0.9082426	1.0	44	tags=4%, list=0%, signal=4%	
GOBP_POSITIVE_REGULATION_OF_NON_CANONICAL_NF_KAPPAB_SIGNAL_TRANSDUCTION	GOBP_POSITIVE_REGULATION_OF_NON_CANONICAL_NF_KAPPAB_SIGNAL_TRANSDUCTION		62	-0.26375085	-0.81525296	0.805	0.9079953	1.0	2697	tags=16%, list=14%, signal=19%	
GOMF_LNCRNA_BINDING	GOMF_LNCRNA_BINDING		17	-0.33707514	-0.8150362	0.73136914	0.9080913	1.0	4309	tags=47%, list=22%, signal=60%	
GOBP_EXIT_FROM_MITOSIS	GOBP_EXIT_FROM_MITOSIS		31	-0.30161712	-0.8146652	0.74875206	0.9084809	1.0	3422	tags=23%, list=18%, signal=27%	
GOMF_PENTOSYLTRANSFERASE_ACTIVITY	GOMF_PENTOSYLTRANSFERASE_ACTIVITY		51	-0.27452743	-0.8145971	0.7755444	0.90831345	1.0	4238	tags=31%, list=22%, signal=40%	
GOCC_CYTOCHROME_COMPLEX	GOCC_CYTOCHROME_COMPLEX		33	-0.29841778	-0.8139878	0.75783974	0.9090748	1.0	783	tags=6%, list=4%, signal=6%	
GOBP_PIGMENT_METABOLIC_PROCESS	GOBP_PIGMENT_METABOLIC_PROCESS		75	-0.25311732	-0.8129566	0.816641	0.9106539	1.0	3010	tags=16%, list=15%, signal=19%	
GOBP_OLIGOSACCHARIDE_CATABOLIC_PROCESS	GOBP_OLIGOSACCHARIDE_CATABOLIC_PROCESS		16	-0.351333	-0.81292516	0.70950705	0.9104221	1.0	6749	tags=44%, list=35%, signal=67%	
GOBP_RNA_TEMPLATED_DNA_BIOSYNTHETIC_PROCESS	GOBP_RNA_TEMPLATED_DNA_BIOSYNTHETIC_PROCESS		68	-0.26362142	-0.8124871	0.77812994	0.9109101	1.0	3851	tags=22%, list=20%, signal=27%	
GOBP_CARDIAC_MUSCLE_CELL_ACTION_POTENTIAL	GOBP_CARDIAC_MUSCLE_CELL_ACTION_POTENTIAL		81	-0.25281706	-0.81236553	0.8325509	0.910834	1.0	1963	tags=15%, list=10%, signal=16%	
GOBP_REGULATION_OF_PEPTIDYL_THREONINE_PHOSPHORYLATION	GOBP_REGULATION_OF_PEPTIDYL_THREONINE_PHOSPHORYLATION		40	-0.28999844	-0.8121685	0.772344	0.9108887	1.0	3059	tags=20%, list=16%, signal=24%	
GOBP_REGULATION_OF_AMIDE_METABOLIC_PROCESS	GOBP_REGULATION_OF_AMIDE_METABOLIC_PROCESS		65	-0.2628975	-0.8120065	0.82182986	0.9108922	1.0	4400	tags=26%, list=23%, signal=34%	
GOBP_POSITIVE_REGULATION_OF_LAMELLIPODIUM_ASSEMBLY	GOBP_POSITIVE_REGULATION_OF_LAMELLIPODIUM_ASSEMBLY		28	-0.30490977	-0.81196445	0.75886524	0.9106734	1.0	1828	tags=18%, list=9%, signal=20%	
GOBP_REGULATION_OF_MYOBLAST_FUSION	GOBP_REGULATION_OF_MYOBLAST_FUSION		19	-0.33896407	-0.81189436	0.7078652	0.91050804	1.0	733	tags=11%, list=4%, signal=11%	
GOBP_FEAR_RESPONSE	GOBP_FEAR_RESPONSE		48	-0.27679414	-0.81164056	0.7987013	0.91064596	1.0	3039	tags=25%, list=16%, signal=30%	
GOMF_LOW_DENSITY_LIPOPROTEIN_PARTICLE_RECEPTOR_BINDING	GOMF_LOW_DENSITY_LIPOPROTEIN_PARTICLE_RECEPTOR_BINDING		23	-0.3195378	-0.8115431	0.7258065	0.91051406	1.0	2532	tags=22%, list=13%, signal=25%	
GOMF_MANGANESE_ION_BINDING	GOMF_MANGANESE_ION_BINDING		61	-0.26280892	-0.8114875	0.8226601	0.91031164	1.0	2315	tags=20%, list=12%, signal=22%	
GOBP_ATP_TRANSPORT	GOBP_ATP_TRANSPORT		19	-0.32864034	-0.81124204	0.73448277	0.9104459	1.0	2492	tags=16%, list=13%, signal=18%	
GOBP_POSITIVE_REGULATION_OF_CALCIUM_ION_TRANSMEMBRANE_TRANSPORT	GOBP_POSITIVE_REGULATION_OF_CALCIUM_ION_TRANSMEMBRANE_TRANSPORT		75	-0.2556668	-0.81057906	0.8371736	0.91133165	1.0	2602	tags=15%, list=13%, signal=17%	
GOBP_NEGATIVE_REGULATION_OF_ALPHA_BETA_T_CELL_ACTIVATION	GOBP_NEGATIVE_REGULATION_OF_ALPHA_BETA_T_CELL_ACTIVATION		44	-0.2763509	-0.8104143	0.78492934	0.9113404	1.0	1077	tags=14%, list=6%, signal=14%	
GOBP_BLOOD_VESSEL_REMODELING	GOBP_BLOOD_VESSEL_REMODELING		45	-0.28203768	-0.8103647	0.7980769	0.91113806	1.0	2558	tags=24%, list=13%, signal=28%	
GOBP_METANEPHRIC_NEPHRON_MORPHOGENESIS	GOBP_METANEPHRIC_NEPHRON_MORPHOGENESIS		23	-0.31860748	-0.8098243	0.7483221	0.91180867	1.0	285	tags=9%, list=1%, signal=9%	
GOBP_ELECTRON_TRANSPORT_CHAIN	GOBP_ELECTRON_TRANSPORT_CHAIN		104	-0.24390124	-0.80981666	0.8535503	0.9115257	1.0	1231	tags=7%, list=6%, signal=7%	
GOBP_CELL_COMMUNICATION_BY_ELECTRICAL_COUPLING_INVOLVED_IN_CARDIAC_CONDUCTION	GOBP_CELL_COMMUNICATION_BY_ELECTRICAL_COUPLING_INVOLVED_IN_CARDIAC_CONDUCTION		26	-0.30989596	-0.8091853	0.7425044	0.91231567	1.0	1963	tags=15%, list=10%, signal=17%	
GOBP_DENDRITE_MORPHOGENESIS	GOBP_DENDRITE_MORPHOGENESIS		134	-0.23874982	-0.8090648	0.87772924	0.9122146	1.0	3301	tags=20%, list=17%, signal=24%	
GOBP_REGULATION_OF_RNA_SPLICING	GOBP_REGULATION_OF_RNA_SPLICING		174	-0.23003134	-0.8090019	0.90516037	0.91202617	1.0	5431	tags=33%, list=28%, signal=45%	
GOBP_MODULATION_BY_HOST_OF_VIRAL_GENOME_REPLICATION	GOBP_MODULATION_BY_HOST_OF_VIRAL_GENOME_REPLICATION		22	-0.32237118	-0.8088462	0.74232084	0.9120183	1.0	562	tags=9%, list=3%, signal=9%	
GOBP_RESPONSE_TO_LIGHT_STIMULUS	GOBP_RESPONSE_TO_LIGHT_STIMULUS		306	-0.21750377	-0.808374	0.9511568	0.91254014	1.0	3219	tags=17%, list=17%, signal=20%	
GOBP_POSITIVE_REGULATION_OF_PROTEIN_POLYMERIZATION	GOBP_POSITIVE_REGULATION_OF_PROTEIN_POLYMERIZATION		84	-0.25078744	-0.80832064	0.83619344	0.91233885	1.0	1945	tags=14%, list=10%, signal=16%	
GOMF_GDP_DISSOCIATION_INHIBITOR_ACTIVITY	GOMF_GDP_DISSOCIATION_INHIBITOR_ACTIVITY		17	-0.34065145	-0.8078643	0.7274401	0.9128334	1.0	3819	tags=35%, list=20%, signal=44%	
GOMF_HISTONE_H3_METHYLTRANSFERASE_ACTIVITY	GOMF_HISTONE_H3_METHYLTRANSFERASE_ACTIVITY		36	-0.2901679	-0.8076879	0.7757774	0.9128465	1.0	4159	tags=33%, list=21%, signal=42%	
GOBP_EPIGENETIC_REGULATION_OF_GENE_EXPRESSION	GOBP_EPIGENETIC_REGULATION_OF_GENE_EXPRESSION		216	-0.22483508	-0.8071671	0.9186352	0.9134591	1.0	4634	tags=31%, list=24%, signal=41%	
GOBP_NUCLEUS_LOCALIZATION	GOBP_NUCLEUS_LOCALIZATION		31	-0.29394963	-0.8062615	0.75415283	0.91474795	1.0	2233	tags=16%, list=11%, signal=18%	
GOMF_NUCLEAR_RETINOID_X_RECEPTOR_BINDING	GOMF_NUCLEAR_RETINOID_X_RECEPTOR_BINDING		17	-0.33599716	-0.80547667	0.75837743	0.91575724	1.0	4081	tags=41%, list=21%, signal=52%	
GOBP_COPPER_ION_TRANSPORT	GOBP_COPPER_ION_TRANSPORT		17	-0.3411635	-0.805448	0.7380952	0.9155137	1.0	3579	tags=35%, list=18%, signal=43%	
GOMF_ALANINE_TRANSMEMBRANE_TRANSPORTER_ACTIVITY	GOMF_ALANINE_TRANSMEMBRANE_TRANSPORTER_ACTIVITY		16	-0.3379465	-0.8054442	0.7659575	0.9152294	1.0	1608	tags=19%, list=8%, signal=20%	
GOBP_CANONICAL_NF_KAPPAB_SIGNAL_TRANSDUCTION	GOBP_CANONICAL_NF_KAPPAB_SIGNAL_TRANSDUCTION		296	-0.21623918	-0.80536294	0.95603013	0.91508174	1.0	3369	tags=17%, list=17%, signal=21%	
GOMF_MUSCLE_ALPHA_ACTININ_BINDING	GOMF_MUSCLE_ALPHA_ACTININ_BINDING		15	-0.34060338	-0.8051694	0.7179931	0.91511345	1.0	119	tags=7%, list=1%, signal=7%	
GOBP_POSITIVE_REGULATION_OF_HOMOTYPIC_CELL_CELL_ADHESION	GOBP_POSITIVE_REGULATION_OF_HOMOTYPIC_CELL_CELL_ADHESION		17	-0.33831844	-0.80507857	0.7368421	0.91498	1.0	627	tags=12%, list=3%, signal=12%	
GOBP_NEGATIVE_REGULATION_OF_PROTEIN_DEPHOSPHORYLATION	GOBP_NEGATIVE_REGULATION_OF_PROTEIN_DEPHOSPHORYLATION		26	-0.3079483	-0.80403435	0.7867133	0.9164581	1.0	3704	tags=31%, list=19%, signal=38%	
GOMF_ALPHA_TUBULIN_BINDING	GOMF_ALPHA_TUBULIN_BINDING		37	-0.29052368	-0.8039682	0.76740235	0.91627455	1.0	3727	tags=32%, list=19%, signal=40%	
GOBP_REGULATION_OF_CENTROSOME_CYCLE	GOBP_REGULATION_OF_CENTROSOME_CYCLE		50	-0.2720438	-0.80371124	0.8181818	0.91641796	1.0	2308	tags=20%, list=12%, signal=23%	
GOBP_CIRCADIAN_REGULATION_OF_GENE_EXPRESSION	GOBP_CIRCADIAN_REGULATION_OF_GENE_EXPRESSION		65	-0.26077992	-0.80348855	0.82472616	0.91648585	1.0	4552	tags=34%, list=23%, signal=44%	
GOCC_CENTRIOLE	GOCC_CENTRIOLE		143	-0.23061632	-0.8029982	0.90294117	0.91701186	1.0	3319	tags=19%, list=17%, signal=23%	
GOCC_MRNA_CLEAVAGE_AND_POLYADENYLATION_SPECIFICITY_FACTOR_COMPLEX	GOCC_MRNA_CLEAVAGE_AND_POLYADENYLATION_SPECIFICITY_FACTOR_COMPLEX		18	-0.3302333	-0.8024782	0.74003464	0.9176183	1.0	4962	tags=39%, list=26%, signal=52%	
GOMF_ALKALI_METAL_ION_BINDING	GOMF_ALKALI_METAL_ION_BINDING		19	-0.3309275	-0.80135286	0.7332156	0.91920346	1.0	385	tags=11%, list=2%, signal=11%	
GOBP_POSITIVE_REGULATION_OF_RESPONSE_TO_ENDOPLASMIC_RETICULUM_STRESS	GOBP_POSITIVE_REGULATION_OF_RESPONSE_TO_ENDOPLASMIC_RETICULUM_STRESS		35	-0.2885059	-0.8007344	0.7790894	0.9199376	1.0	279	tags=6%, list=1%, signal=6%	
GOBP_PROTEIN_LOCALIZATION_TO_CHROMATIN	GOBP_PROTEIN_LOCALIZATION_TO_CHROMATIN		36	-0.29051495	-0.8002171	0.7861842	0.9205066	1.0	4001	tags=33%, list=21%, signal=42%	
GOBP_REGULATION_OF_CELLULAR_RESPONSE_TO_INSULIN_STIMULUS	GOBP_REGULATION_OF_CELLULAR_RESPONSE_TO_INSULIN_STIMULUS		71	-0.25466722	-0.79949427	0.8390625	0.9214272	1.0	4537	tags=30%, list=23%, signal=38%	
GOBP_NEUROTROPHIN_SIGNALING_PATHWAY	GOBP_NEUROTROPHIN_SIGNALING_PATHWAY		39	-0.28313676	-0.7994738	0.80763113	0.921162	1.0	4279	tags=33%, list=22%, signal=43%	
GOMF_NEUROTRANSMITTER_RECEPTOR_ACTIVITY	GOMF_NEUROTRANSMITTER_RECEPTOR_ACTIVITY		95	-0.24428752	-0.79885805	0.88011694	0.9218703	1.0	358	tags=3%, list=2%, signal=3%	
GOCC_HISTONE_DEACETYLASE_COMPLEX	GOCC_HISTONE_DEACETYLASE_COMPLEX		76	-0.24907811	-0.7982924	0.8697674	0.9225058	1.0	4845	tags=33%, list=25%, signal=44%	
GOBP_REGULATION_OF_SKELETAL_MUSCLE_TISSUE_DEVELOPMENT	GOBP_REGULATION_OF_SKELETAL_MUSCLE_TISSUE_DEVELOPMENT		25	-0.30812898	-0.79787326	0.7927632	0.9229149	1.0	4538	tags=48%, list=23%, signal=63%	
GOBP_CENTROSOME_DUPLICATION	GOBP_CENTROSOME_DUPLICATION		72	-0.25340706	-0.79773235	0.8595679	0.9228535	1.0	3239	tags=21%, list=17%, signal=25%	
GOBP_GLYCOSYL_COMPOUND_METABOLIC_PROCESS	GOBP_GLYCOSYL_COMPOUND_METABOLIC_PROCESS		78	-0.25276506	-0.7976626	0.85276073	0.9226795	1.0	3856	tags=24%, list=20%, signal=30%	
GOBP_STORE_OPERATED_CALCIUM_ENTRY	GOBP_STORE_OPERATED_CALCIUM_ENTRY		20	-0.3246006	-0.79715216	0.7554806	0.92320395	1.0	375	tags=10%, list=2%, signal=10%	
GOMF_PHOSPHATIDYLINOSITOL_KINASE_ACTIVITY	GOMF_PHOSPHATIDYLINOSITOL_KINASE_ACTIVITY		25	-0.30308044	-0.7968109	0.7595993	0.9234792	1.0	5307	tags=48%, list=27%, signal=66%	
GOBP_CORONARY_VASCULATURE_MORPHOGENESIS	GOBP_CORONARY_VASCULATURE_MORPHOGENESIS		17	-0.3286847	-0.79646254	0.7586207	0.92376184	1.0	2239	tags=24%, list=12%, signal=27%	
GOBP_TELOMERE_MAINTENANCE_VIA_TELOMERE_LENGTHENING	GOBP_TELOMERE_MAINTENANCE_VIA_TELOMERE_LENGTHENING		78	-0.25323182	-0.7960929	0.8590705	0.9240717	1.0	4001	tags=23%, list=21%, signal=29%	
GOBP_NEGATIVE_REGULATION_OF_NF_KAPPAB_TRANSCRIPTION_FACTOR_ACTIVITY	GOBP_NEGATIVE_REGULATION_OF_NF_KAPPAB_TRANSCRIPTION_FACTOR_ACTIVITY		72	-0.2520698	-0.79545355	0.8470765	0.92481434	1.0	4581	tags=29%, list=24%, signal=38%	
GOCC_INO80_TYPE_COMPLEX	GOCC_INO80_TYPE_COMPLEX		27	-0.30125624	-0.7952677	0.7876106	0.9248183	1.0	6526	tags=52%, list=34%, signal=78%	
GOBP_REGULATION_OF_MACROAUTOPHAGY	GOBP_REGULATION_OF_MACROAUTOPHAGY		172	-0.22359675	-0.7946149	0.9370725	0.9255841	1.0	3101	tags=16%, list=16%, signal=19%	
GOMF_HISTONE_ACETYLTRANSFERASE_BINDING	GOMF_HISTONE_ACETYLTRANSFERASE_BINDING		24	-0.31178746	-0.79427737	0.765324	0.92584324	1.0	4692	tags=42%, list=24%, signal=55%	
GOBP_GRANULOCYTE_DIFFERENTIATION	GOBP_GRANULOCYTE_DIFFERENTIATION		39	-0.28278485	-0.7937091	0.81049067	0.9264559	1.0	4320	tags=28%, list=22%, signal=36%	
GOCC_UBIQUITIN_LIGASE_COMPLEX	GOCC_UBIQUITIN_LIGASE_COMPLEX		295	-0.2146016	-0.7935011	0.96564883	0.9265071	1.0	4131	tags=22%, list=21%, signal=28%	
GOBP_POSITIVE_REGULATION_OF_CYCLASE_ACTIVITY	GOBP_POSITIVE_REGULATION_OF_CYCLASE_ACTIVITY		36	-0.28806636	-0.79334444	0.7920277	0.9264639	1.0	2537	tags=22%, list=13%, signal=26%	
GOBP_RENAL_ABSORPTION	GOBP_RENAL_ABSORPTION		34	-0.2897673	-0.7933175	0.7846154	0.9262093	1.0	2677	tags=18%, list=14%, signal=20%	
GOBP_NEGATIVE_REGULATION_OF_SIGNALING_RECEPTOR_ACTIVITY	GOBP_NEGATIVE_REGULATION_OF_SIGNALING_RECEPTOR_ACTIVITY		25	-0.30847105	-0.7921641	0.77796054	0.927772	1.0	831	tags=12%, list=4%, signal=13%	
GOMF_PROTON_TRANSMEMBRANE_TRANSPORTER_ACTIVITY	GOMF_PROTON_TRANSMEMBRANE_TRANSPORTER_ACTIVITY		146	-0.22942981	-0.7916881	0.9138889	0.9282408	1.0	2492	tags=11%, list=13%, signal=12%	
GOBP_NEGATIVE_REGULATION_OF_GLIOGENESIS	GOBP_NEGATIVE_REGULATION_OF_GLIOGENESIS		41	-0.27269477	-0.7912771	0.8134454	0.92859083	1.0	4006	tags=27%, list=21%, signal=34%	
GOBP_OLIGOSACCHARIDE_METABOLIC_PROCESS	GOBP_OLIGOSACCHARIDE_METABOLIC_PROCESS		67	-0.25542665	-0.79124594	0.8433544	0.928357	1.0	3746	tags=21%, list=19%, signal=26%	
GOBP_NEGATIVE_REGULATION_OF_SIGNAL_TRANSDUCTION_BY_P53_CLASS_MEDIATOR	GOBP_NEGATIVE_REGULATION_OF_SIGNAL_TRANSDUCTION_BY_P53_CLASS_MEDIATOR		28	-0.2949488	-0.79110837	0.7649123	0.92828214	1.0	3813	tags=29%, list=20%, signal=35%	
GOMF_INTRACELLULARLY_LIGAND_GATED_MONOATOMIC_ION_CHANNEL_ACTIVITY	GOMF_INTRACELLULARLY_LIGAND_GATED_MONOATOMIC_ION_CHANNEL_ACTIVITY		30	-0.2957773	-0.7907838	0.7959528	0.92849797	1.0	2361	tags=17%, list=12%, signal=19%	
GOBP_CARDIAC_MUSCLE_CELL_CONTRACTION	GOBP_CARDIAC_MUSCLE_CELL_CONTRACTION		81	-0.2477307	-0.79069114	0.86427456	0.9283571	1.0	2430	tags=17%, list=13%, signal=20%	
GOBP_POSITIVE_REGULATION_OF_INTRINSIC_APOPTOTIC_SIGNALING_PATHWAY	GOBP_POSITIVE_REGULATION_OF_INTRINSIC_APOPTOTIC_SIGNALING_PATHWAY		56	-0.25882852	-0.7898262	0.8085443	0.9294361	1.0	1475	tags=9%, list=8%, signal=10%	
GOBP_TUMOR_NECROSIS_FACTOR_MEDIATED_SIGNALING_PATHWAY	GOBP_TUMOR_NECROSIS_FACTOR_MEDIATED_SIGNALING_PATHWAY		108	-0.23383605	-0.7897021	0.90014905	0.9293375	1.0	3895	tags=27%, list=20%, signal=33%	
GOBP_EARLY_ENDOSOME_TO_GOLGI_TRANSPORT	GOBP_EARLY_ENDOSOME_TO_GOLGI_TRANSPORT		16	-0.33551335	-0.7895021	0.75128645	0.92935073	1.0	1078	tags=13%, list=6%, signal=13%	
GOBP_RESPONSE_TO_INTERLEUKIN_6	GOBP_RESPONSE_TO_INTERLEUKIN_6		34	-0.28413773	-0.78943217	0.78355706	0.9291717	1.0	4212	tags=32%, list=22%, signal=41%	
GOCC_POSTSYNAPTIC_DENSITY_MEMBRANE	GOCC_POSTSYNAPTIC_DENSITY_MEMBRANE		98	-0.2399431	-0.7892394	0.89465874	0.92918533	1.0	3701	tags=18%, list=19%, signal=23%	
GOBP_REGULATION_OF_RUFFLE_ASSEMBLY	GOBP_REGULATION_OF_RUFFLE_ASSEMBLY		31	-0.29289564	-0.7891829	0.7726524	0.92898566	1.0	3853	tags=29%, list=20%, signal=36%	
GOMF_HYDROLASE_ACTIVITY_ACTING_ON_CARBON_NITROGEN_BUT_NOT_PEPTIDE_BONDS_IN_CYCLIC_AMIDES	GOMF_HYDROLASE_ACTIVITY_ACTING_ON_CARBON_NITROGEN_BUT_NOT_PEPTIDE_BONDS_IN_CYCLIC_AMIDES		15	-0.34718934	-0.78901005	0.75	0.9289664	1.0	1494	tags=20%, list=8%, signal=22%	
GOBP_ANAPHASE_PROMOTING_COMPLEX_DEPENDENT_CATABOLIC_PROCESS	GOBP_ANAPHASE_PROMOTING_COMPLEX_DEPENDENT_CATABOLIC_PROCESS		23	-0.31217635	-0.7879462	0.778157	0.9303205	1.0	3312	tags=26%, list=17%, signal=31%	
GOBP_NEGATIVE_REGULATION_OF_KERATINOCYTE_PROLIFERATION	GOBP_NEGATIVE_REGULATION_OF_KERATINOCYTE_PROLIFERATION		21	-0.31971386	-0.7878691	0.77117115	0.9301457	1.0	3646	tags=43%, list=19%, signal=53%	
GOBP_POSITIVE_REGULATION_OF_CHROMOSOME_ORGANIZATION	GOBP_POSITIVE_REGULATION_OF_CHROMOSOME_ORGANIZATION		105	-0.23487225	-0.7873022	0.8744461	0.930691	1.0	3281	tags=16%, list=17%, signal=19%	
GOBP_POSITIVE_REGULATION_OF_PROTEIN_LOCALIZATION_TO_PLASMA_MEMBRANE	GOBP_POSITIVE_REGULATION_OF_PROTEIN_LOCALIZATION_TO_PLASMA_MEMBRANE		61	-0.25516775	-0.7865927	0.84144425	0.93149	1.0	3274	tags=21%, list=17%, signal=26%	
GOBP_NEGATIVE_REGULATION_OF_CALCIUM_ION_TRANSPORT	GOBP_NEGATIVE_REGULATION_OF_CALCIUM_ION_TRANSPORT		59	-0.26105326	-0.78656423	0.840625	0.93124163	1.0	798	tags=8%, list=4%, signal=9%	
GOMF_HISTONE_H3K4_METHYLTRANSFERASE_ACTIVITY	GOMF_HISTONE_H3K4_METHYLTRANSFERASE_ACTIVITY		15	-0.33788246	-0.78642845	0.743007	0.93117	1.0	2225	tags=27%, list=11%, signal=30%	
GOBP_CHONDROITIN_SULFATE_PROTEOGLYCAN_METABOLIC_PROCESS	GOBP_CHONDROITIN_SULFATE_PROTEOGLYCAN_METABOLIC_PROCESS		30	-0.29308882	-0.7863051	0.785473	0.93106353	1.0	2674	tags=27%, list=14%, signal=31%	
GOBP_EXTRACELLULAR_MATRIX_ASSEMBLY	GOBP_EXTRACELLULAR_MATRIX_ASSEMBLY		46	-0.26883164	-0.78626275	0.81875	0.9308332	1.0	2953	tags=28%, list=15%, signal=33%	
GOBP_MAMMARY_GLAND_EPITHELIAL_CELL_PROLIFERATION	GOBP_MAMMARY_GLAND_EPITHELIAL_CELL_PROLIFERATION		26	-0.2991294	-0.7854563	0.78441125	0.9317464	1.0	3748	tags=31%, list=19%, signal=38%	
GOBP_AMIDE_CATABOLIC_PROCESS	GOBP_AMIDE_CATABOLIC_PROCESS		16	-0.33404452	-0.7850148	0.7591623	0.9321482	1.0	1014	tags=13%, list=5%, signal=13%	
GOBP_MAMMARY_GLAND_EPITHELIAL_CELL_DIFFERENTIATION	GOBP_MAMMARY_GLAND_EPITHELIAL_CELL_DIFFERENTIATION		17	-0.33045855	-0.7845622	0.7597656	0.9325543	1.0	2050	tags=24%, list=11%, signal=26%	
GOBP_TELOMERE_CAPPING	GOBP_TELOMERE_CAPPING		36	-0.28230336	-0.78443503	0.79765886	0.9324528	1.0	1256	tags=8%, list=6%, signal=9%	
GOBP_REGULATION_OF_PH	GOBP_REGULATION_OF_PH		102	-0.23850228	-0.7840332	0.89465874	0.93276894	1.0	4712	tags=26%, list=24%, signal=35%	
GOCC_PODOSOME	GOCC_PODOSOME		31	-0.29085442	-0.7831608	0.80145717	0.93377084	1.0	4022	tags=39%, list=21%, signal=49%	
GOBP_SYNAPTIC_VESICLE_PRIMING	GOBP_SYNAPTIC_VESICLE_PRIMING		19	-0.31521213	-0.7824186	0.7755102	0.93459994	1.0	2832	tags=26%, list=15%, signal=31%	
GOBP_NEGATIVE_REGULATION_OF_ATP_DEPENDENT_ACTIVITY	GOBP_NEGATIVE_REGULATION_OF_ATP_DEPENDENT_ACTIVITY		16	-0.3330974	-0.7815296	0.7952468	0.93563133	1.0	4276	tags=38%, list=22%, signal=48%	
GOBP_RAC_PROTEIN_SIGNAL_TRANSDUCTION	GOBP_RAC_PROTEIN_SIGNAL_TRANSDUCTION		44	-0.27087253	-0.7800642	0.81329113	0.93752646	1.0	3422	tags=23%, list=18%, signal=28%	
GOBP_PYRIMIDINE_NUCLEOTIDE_BIOSYNTHETIC_PROCESS	GOBP_PYRIMIDINE_NUCLEOTIDE_BIOSYNTHETIC_PROCESS		31	-0.29274148	-0.77999663	0.8	0.9373326	1.0	4102	tags=29%, list=21%, signal=37%	
GOBP_NUCLEOTIDE_BINDING_OLIGOMERIZATION_DOMAIN_CONTAINING_2_SIGNALING_PATHWAY	GOBP_NUCLEOTIDE_BINDING_OLIGOMERIZATION_DOMAIN_CONTAINING_2_SIGNALING_PATHWAY		17	-0.3253314	-0.77948016	0.75791436	0.93779826	1.0	3560	tags=24%, list=18%, signal=29%	
GOCC_TERMINAL_BOUTON	GOCC_TERMINAL_BOUTON		45	-0.2694033	-0.77930415	0.7986464	0.9377628	1.0	2805	tags=18%, list=14%, signal=21%	
GOCC_RIBONUCLEOPROTEIN_GRANULE	GOCC_RIBONUCLEOPROTEIN_GRANULE		255	-0.21175762	-0.7791966	0.9773333	0.93763024	1.0	4536	tags=25%, list=23%, signal=33%	
GOCC_CANONICAL_INFLAMMASOME_COMPLEX	GOCC_CANONICAL_INFLAMMASOME_COMPLEX		17	-0.32448435	-0.77867305	0.78194207	0.93811214	1.0	3795	tags=29%, list=20%, signal=37%	
GOBP_SERINE_FAMILY_AMINO_ACID_BIOSYNTHETIC_PROCESS	GOBP_SERINE_FAMILY_AMINO_ACID_BIOSYNTHETIC_PROCESS		16	-0.33086526	-0.7784951	0.7875	0.9380666	1.0	3840	tags=31%, list=20%, signal=39%	
GOBP_REGULATION_OF_RELEASE_OF_CYTOCHROME_C_FROM_MITOCHONDRIA	GOBP_REGULATION_OF_RELEASE_OF_CYTOCHROME_C_FROM_MITOCHONDRIA		43	-0.2686716	-0.7784799	0.84201956	0.9377975	1.0	3805	tags=28%, list=20%, signal=35%	
GOBP_CELL_VOLUME_HOMEOSTASIS	GOBP_CELL_VOLUME_HOMEOSTASIS		34	-0.27996138	-0.77824193	0.8051948	0.937841	1.0	1640	tags=15%, list=8%, signal=16%	
GOBP_NEGATIVE_REGULATION_OF_LYMPHOCYTE_APOPTOTIC_PROCESS	GOBP_NEGATIVE_REGULATION_OF_LYMPHOCYTE_APOPTOTIC_PROCESS		36	-0.27596658	-0.77605736	0.813036	0.9406705	1.0	3813	tags=28%, list=20%, signal=34%	
GOMF_LYSOPHOSPHOLIPASE_ACTIVITY	GOMF_LYSOPHOSPHOLIPASE_ACTIVITY		24	-0.30449182	-0.775736	0.8	0.94081235	1.0	4479	tags=38%, list=23%, signal=49%	
GOBP_NEGATIVE_REGULATION_OF_DNA_RECOMBINATION	GOBP_NEGATIVE_REGULATION_OF_DNA_RECOMBINATION		35	-0.28065747	-0.77459943	0.8213059	0.9421522	1.0	3435	tags=31%, list=18%, signal=38%	
GOBP_REGULATION_OF_DENDRITE_EXTENSION	GOBP_REGULATION_OF_DENDRITE_EXTENSION		24	-0.30153868	-0.7744808	0.79566	0.9420188	1.0	1310	tags=8%, list=7%, signal=9%	
GOBP_POSITIVE_REGULATION_OF_VASCULAR_PERMEABILITY	GOBP_POSITIVE_REGULATION_OF_VASCULAR_PERMEABILITY		16	-0.32750744	-0.774474	0.7967033	0.9417329	1.0	5322	tags=38%, list=27%, signal=52%	
GOBP_DOUBLE_STRAND_BREAK_REPAIR_VIA_NONHOMOLOGOUS_END_JOINING	GOBP_DOUBLE_STRAND_BREAK_REPAIR_VIA_NONHOMOLOGOUS_END_JOINING		64	-0.24935779	-0.7742062	0.87635237	0.94182897	1.0	4604	tags=34%, list=24%, signal=45%	
GOBP_NEGATIVE_REGULATION_OF_MEMBRANE_PERMEABILITY	GOBP_NEGATIVE_REGULATION_OF_MEMBRANE_PERMEABILITY		19	-0.31462327	-0.77344567	0.77983195	0.94261247	1.0	3805	tags=37%, list=20%, signal=46%	
GOBP_NEGATIVE_REGULATION_OF_MRNA_PROCESSING	GOBP_NEGATIVE_REGULATION_OF_MRNA_PROCESSING		21	-0.30801043	-0.77218515	0.79122806	0.94409525	1.0	5353	tags=29%, list=28%, signal=39%	
GOMF_SPECTRIN_BINDING	GOMF_SPECTRIN_BINDING		26	-0.29104838	-0.7721678	0.8223801	0.9438243	1.0	2272	tags=15%, list=12%, signal=17%	
GOBP_DETECTION_OF_STIMULUS_INVOLVED_IN_SENSORY_PERCEPTION_OF_PAIN	GOBP_DETECTION_OF_STIMULUS_INVOLVED_IN_SENSORY_PERCEPTION_OF_PAIN		27	-0.29134563	-0.77210355	0.8111511	0.94361013	1.0	1192	tags=11%, list=6%, signal=12%	
GOBP_COLUMNAR_CUBOIDAL_EPITHELIAL_CELL_MATURATION	GOBP_COLUMNAR_CUBOIDAL_EPITHELIAL_CELL_MATURATION		15	-0.33446547	-0.7713849	0.7796935	0.9443135	1.0	3101	tags=27%, list=16%, signal=32%	
GOCC_CONDENSED_NUCLEAR_CHROMOSOME	GOCC_CONDENSED_NUCLEAR_CHROMOSOME		72	-0.24813262	-0.7708819	0.88235295	0.94469297	1.0	5461	tags=32%, list=28%, signal=44%	
GOMF_PROTEIN_SERINE_THREONINE_KINASE_INHIBITOR_ACTIVITY	GOMF_PROTEIN_SERINE_THREONINE_KINASE_INHIBITOR_ACTIVITY		36	-0.27717897	-0.77068055	0.8333333	0.9446786	1.0	4692	tags=33%, list=24%, signal=44%	
GOBP_POSITIVE_REGULATION_OF_TELOMERE_MAINTENANCE_VIA_TELOMERE_LENGTHENING	GOBP_POSITIVE_REGULATION_OF_TELOMERE_MAINTENANCE_VIA_TELOMERE_LENGTHENING		38	-0.2779101	-0.7698921	0.827529	0.9454733	1.0	1256	tags=8%, list=6%, signal=8%	
GOBP_REGULATION_OF_CARDIAC_MUSCLE_CELL_PROLIFERATION	GOBP_REGULATION_OF_CARDIAC_MUSCLE_CELL_PROLIFERATION		35	-0.2741537	-0.76896846	0.8167808	0.9464206	1.0	2590	tags=17%, list=13%, signal=20%	
GOBP_RIBONUCLEOSIDE_METABOLIC_PROCESS	GOBP_RIBONUCLEOSIDE_METABOLIC_PROCESS		35	-0.27688822	-0.7685053	0.83038867	0.94672996	1.0	3528	tags=26%, list=18%, signal=31%	
GOBP_ALPHA_BETA_T_CELL_PROLIFERATION	GOBP_ALPHA_BETA_T_CELL_PROLIFERATION		44	-0.2648099	-0.7683505	0.8737864	0.9466353	1.0	1034	tags=11%, list=5%, signal=12%	
GOBP_POSITIVE_REGULATION_OF_AXON_EXTENSION	GOBP_POSITIVE_REGULATION_OF_AXON_EXTENSION		37	-0.27588317	-0.7679902	0.84048027	0.9468231	1.0	4468	tags=38%, list=23%, signal=49%	
GOCC_ANAPHASE_PROMOTING_COMPLEX	GOCC_ANAPHASE_PROMOTING_COMPLEX		22	-0.30558923	-0.767344	0.78734624	0.94741106	1.0	3406	tags=32%, list=18%, signal=39%	
GOCC_MICROTUBULE_END	GOCC_MICROTUBULE_END		30	-0.2848918	-0.76720244	0.8254237	0.94730914	1.0	4650	tags=37%, list=24%, signal=48%	
GOBP_LAMELLIPODIUM_ORGANIZATION	GOBP_LAMELLIPODIUM_ORGANIZATION		88	-0.23679234	-0.7671615	0.8941878	0.9470675	1.0	3430	tags=20%, list=18%, signal=25%	
GOBP_EMBRYONIC_AXIS_SPECIFICATION	GOBP_EMBRYONIC_AXIS_SPECIFICATION		38	-0.26658225	-0.7669383	0.821485	0.9470745	1.0	4043	tags=29%, list=21%, signal=36%	
GOMF_PROTEIN_SERINE_THREONINE_TYROSINE_KINASE_ACTIVITY	GOMF_PROTEIN_SERINE_THREONINE_TYROSINE_KINASE_ACTIVITY		41	-0.2720917	-0.7666481	0.8371335	0.94719243	1.0	2725	tags=22%, list=14%, signal=25%	
GOBP_REGULATION_OF_B_CELL_APOPTOTIC_PROCESS	GOBP_REGULATION_OF_B_CELL_APOPTOTIC_PROCESS		19	-0.31498393	-0.7665491	0.7962963	0.94704294	1.0	4275	tags=42%, list=22%, signal=54%	
GOCC_MRNA_CLEAVAGE_FACTOR_COMPLEX	GOCC_MRNA_CLEAVAGE_FACTOR_COMPLEX		23	-0.30288452	-0.76636434	0.8161765	0.94699925	1.0	3024	tags=22%, list=16%, signal=26%	
GOBP_HOMOLOGOUS_CHROMOSOME_PAIRING_AT_MEIOSIS	GOBP_HOMOLOGOUS_CHROMOSOME_PAIRING_AT_MEIOSIS		43	-0.26840052	-0.7662176	0.8357488	0.9468928	1.0	3135	tags=19%, list=16%, signal=22%	
GOBP_BLASTODERM_SEGMENTATION	GOBP_BLASTODERM_SEGMENTATION		22	-0.30255312	-0.76620495	0.7975986	0.94661856	1.0	5202	tags=55%, list=27%, signal=74%	
GOMF_TASTE_RECEPTOR_ACTIVITY	GOMF_TASTE_RECEPTOR_ACTIVITY		30	-0.28591263	-0.7661048	0.8298969	0.9464633	1.0	119	tags=3%, list=1%, signal=3%	
GOBP_TYPE_II_INTERFERON_MEDIATED_SIGNALING_PATHWAY	GOBP_TYPE_II_INTERFERON_MEDIATED_SIGNALING_PATHWAY		25	-0.2931262	-0.76507217	0.80449826	0.9475333	1.0	4400	tags=40%, list=23%, signal=52%	
GOMF_AMINOACYLTRANSFERASE_ACTIVITY	GOMF_AMINOACYLTRANSFERASE_ACTIVITY		451	-0.19941926	-0.76492244	0.9941176	0.94743055	1.0	3564	tags=18%, list=18%, signal=21%	
GOBP_EMBRYONIC_HEMOPOIESIS	GOBP_EMBRYONIC_HEMOPOIESIS		24	-0.29386446	-0.7644206	0.82342345	0.9477822	1.0	4096	tags=42%, list=21%, signal=53%	
GOBP_MRNA_CIS_SPLICING_VIA_SPLICEOSOME	GOBP_MRNA_CIS_SPLICING_VIA_SPLICEOSOME		29	-0.28397614	-0.76310277	0.8262351	0.94918007	1.0	4787	tags=34%, list=25%, signal=46%	
GOBP_OLIGOSACCHARIDE_BIOSYNTHETIC_PROCESS	GOBP_OLIGOSACCHARIDE_BIOSYNTHETIC_PROCESS		29	-0.28954723	-0.7627014	0.84358525	0.94942135	1.0	3253	tags=17%, list=17%, signal=21%	
GOBP_POSITIVE_REGULATION_OF_NERVOUS_SYSTEM_PROCESS	GOBP_POSITIVE_REGULATION_OF_NERVOUS_SYSTEM_PROCESS		26	-0.28892174	-0.76259583	0.8319185	0.94927055	1.0	2681	tags=23%, list=14%, signal=27%	
GOBP_POSITIVE_REGULATION_OF_COLLAGEN_METABOLIC_PROCESS	GOBP_POSITIVE_REGULATION_OF_COLLAGEN_METABOLIC_PROCESS		23	-0.3003956	-0.76248366	0.8147482	0.9491166	1.0	1287	tags=17%, list=7%, signal=19%	
GOBP_NEGATIVE_REGULATION_OF_DNA_TEMPLATED_TRANSCRIPTION_ELONGATION	GOBP_NEGATIVE_REGULATION_OF_DNA_TEMPLATED_TRANSCRIPTION_ELONGATION		23	-0.29980928	-0.7621998	0.8095238	0.9491897	1.0	4624	tags=39%, list=24%, signal=51%	
GOBP_MRNA_SPLICE_SITE_RECOGNITION	GOBP_MRNA_SPLICE_SITE_RECOGNITION		32	-0.27842745	-0.76194984	0.8488372	0.9492208	1.0	4787	tags=38%, list=25%, signal=50%	
GOBP_CARTILAGE_CONDENSATION	GOBP_CARTILAGE_CONDENSATION		18	-0.31860423	-0.76169735	0.8072917	0.94926095	1.0	101	tags=6%, list=1%, signal=6%	
GOMF_DISORDERED_DOMAIN_SPECIFIC_BINDING	GOMF_DISORDERED_DOMAIN_SPECIFIC_BINDING		25	-0.29653567	-0.7613983	0.7894737	0.94934726	1.0	4658	tags=36%, list=24%, signal=47%	
GOBP_PIGMENT_BIOSYNTHETIC_PROCESS	GOBP_PIGMENT_BIOSYNTHETIC_PROCESS		53	-0.25614643	-0.7604106	0.864	0.95032376	1.0	3010	tags=17%, list=15%, signal=20%	
GOBP_NEGATIVE_REGULATION_OF_CHONDROCYTE_DIFFERENTIATION	GOBP_NEGATIVE_REGULATION_OF_CHONDROCYTE_DIFFERENTIATION		20	-0.31221253	-0.7603613	0.80073804	0.9500917	1.0	1885	tags=15%, list=10%, signal=17%	
GOCC_PHOSPHATASE_COMPLEX	GOCC_PHOSPHATASE_COMPLEX		50	-0.25419483	-0.76003677	0.8896435	0.9502157	1.0	3945	tags=30%, list=20%, signal=38%	
GOBP_RELEASE_OF_CYTOCHROME_C_FROM_MITOCHONDRIA	GOBP_RELEASE_OF_CYTOCHROME_C_FROM_MITOCHONDRIA		55	-0.25424087	-0.75982934	0.87341774	0.9501802	1.0	3805	tags=29%, list=20%, signal=36%	
GOCC_PCG_PROTEIN_COMPLEX	GOCC_PCG_PROTEIN_COMPLEX		47	-0.26230487	-0.75976914	0.86698717	0.94996065	1.0	1639	tags=13%, list=8%, signal=14%	
GOBP_TORC1_SIGNALING	GOBP_TORC1_SIGNALING		94	-0.23351887	-0.75941133	0.92716235	0.9501141	1.0	5847	tags=39%, list=30%, signal=56%	
GOBP_REGULATION_OF_TOLERANCE_INDUCTION	GOBP_REGULATION_OF_TOLERANCE_INDUCTION		17	-0.31521934	-0.75819856	0.77592593	0.95139194	1.0	1742	tags=18%, list=9%, signal=19%	
GOBP_POSITIVE_REGULATION_OF_DNA_TEMPLATED_TRANSCRIPTION_INITIATION	GOBP_POSITIVE_REGULATION_OF_DNA_TEMPLATED_TRANSCRIPTION_INITIATION		68	-0.24585429	-0.75814897	0.9049844	0.9511627	1.0	3914	tags=19%, list=20%, signal=24%	
GOMF_RNA_CAP_BINDING	GOMF_RNA_CAP_BINDING		18	-0.3134095	-0.7557467	0.8054054	0.95385957	1.0	5741	tags=50%, list=30%, signal=71%	
GOMF_MRNA_BINDING	GOMF_MRNA_BINDING		327	-0.20041125	-0.75570023	0.9974587	0.9536322	1.0	4599	tags=25%, list=24%, signal=32%	
GOBP_POSITIVE_REGULATION_OF_BROWN_FAT_CELL_DIFFERENTIATION	GOBP_POSITIVE_REGULATION_OF_BROWN_FAT_CELL_DIFFERENTIATION		16	-0.32490408	-0.7554217	0.7775801	0.9536759	1.0	1210	tags=13%, list=6%, signal=13%	
GOBP_CARDIAC_LEFT_VENTRICLE_MORPHOGENESIS	GOBP_CARDIAC_LEFT_VENTRICLE_MORPHOGENESIS		16	-0.31666785	-0.7547799	0.80892855	0.9541764	1.0	2212	tags=25%, list=11%, signal=28%	
GOCC_PLATELET_ALPHA_GRANULE_MEMBRANE	GOCC_PLATELET_ALPHA_GRANULE_MEMBRANE		17	-0.31788743	-0.7537772	0.8181818	0.95508856	1.0	596	tags=12%, list=3%, signal=12%	
GOBP_ACTIN_NUCLEATION	GOBP_ACTIN_NUCLEATION		48	-0.25564224	-0.7523925	0.8896	0.9564454	1.0	3153	tags=19%, list=16%, signal=22%	
GOBP_NODAL_SIGNALING_PATHWAY	GOBP_NODAL_SIGNALING_PATHWAY		18	-0.3118636	-0.7517131	0.80550456	0.95694196	1.0	3594	tags=22%, list=19%, signal=27%	
GOBP_REGULATION_OF_T_HELPER_17_TYPE_IMMUNE_RESPONSE	GOBP_REGULATION_OF_T_HELPER_17_TYPE_IMMUNE_RESPONSE		33	-0.27553433	-0.750957	0.8362069	0.95752823	1.0	3257	tags=15%, list=17%, signal=18%	
GOMF_MICROTUBULE_PLUS_END_BINDING	GOMF_MICROTUBULE_PLUS_END_BINDING		21	-0.3077018	-0.7505037	0.8417391	0.95779824	1.0	2925	tags=24%, list=15%, signal=28%	
GOBP_PEPTIDYL_LYSINE_MODIFICATION	GOBP_PEPTIDYL_LYSINE_MODIFICATION		136	-0.21531656	-0.7501896	0.94977844	0.9578779	1.0	3424	tags=20%, list=18%, signal=24%	
GOBP_NEGATIVE_REGULATION_OF_INTRINSIC_APOPTOTIC_SIGNALING_PATHWAY_BY_P53_CLASS_MEDIATOR	GOBP_NEGATIVE_REGULATION_OF_INTRINSIC_APOPTOTIC_SIGNALING_PATHWAY_BY_P53_CLASS_MEDIATOR		19	-0.30712244	-0.7498205	0.8183391	0.9580286	1.0	4365	tags=37%, list=22%, signal=47%	
GOBP_RESPONSE_TO_IMMOBILIZATION_STRESS	GOBP_RESPONSE_TO_IMMOBILIZATION_STRESS		26	-0.2881063	-0.74942404	0.8245931	0.95820224	1.0	5324	tags=42%, list=27%, signal=58%	
GOBP_PYRIDINE_CONTAINING_COMPOUND_CATABOLIC_PROCESS	GOBP_PYRIDINE_CONTAINING_COMPOUND_CATABOLIC_PROCESS		98	-0.23000951	-0.7493861	0.9312407	0.9579455	1.0	4692	tags=33%, list=24%, signal=43%	
GOMF_CYSTEINE_TYPE_ENDOPEPTIDASE_ACTIVITY	GOMF_CYSTEINE_TYPE_ENDOPEPTIDASE_ACTIVITY		81	-0.23328741	-0.7493107	0.91212124	0.95774996	1.0	2988	tags=16%, list=15%, signal=19%	
GOBP_NEGATIVE_REGULATION_OF_T_CELL_APOPTOTIC_PROCESS	GOBP_NEGATIVE_REGULATION_OF_T_CELL_APOPTOTIC_PROCESS		24	-0.2895388	-0.7479497	0.8383128	0.95904213	1.0	2074	tags=21%, list=11%, signal=23%	
GOCC_POLE_PLASM	GOCC_POLE_PLASM		25	-0.28577998	-0.7479413	0.80919933	0.9587575	1.0	5753	tags=52%, list=30%, signal=74%	
GOBP_ATP_SYNTHESIS_COUPLED_ELECTRON_TRANSPORT	GOBP_ATP_SYNTHESIS_COUPLED_ELECTRON_TRANSPORT		76	-0.23341456	-0.7471076	0.9363785	0.9593901	1.0	975	tags=5%, list=5%, signal=6%	
GOBP_REGULATION_OF_CYTOPLASMIC_PATTERN_RECOGNITION_RECEPTOR_SIGNALING_PATHWAY	GOBP_REGULATION_OF_CYTOPLASMIC_PATTERN_RECOGNITION_RECEPTOR_SIGNALING_PATHWAY		107	-0.22128744	-0.7468911	0.9332344	0.95934147	1.0	4726	tags=29%, list=24%, signal=38%	
GOCC_GAP_JUNCTION	GOCC_GAP_JUNCTION		29	-0.28075278	-0.7465536	0.84033614	0.9594214	1.0	2119	tags=14%, list=11%, signal=15%	
GOMF_PLUS_END_DIRECTED_MICROTUBULE_MOTOR_ACTIVITY	GOMF_PLUS_END_DIRECTED_MICROTUBULE_MOTOR_ACTIVITY		16	-0.31399283	-0.7461784	0.82871974	0.9595696	1.0	3318	tags=31%, list=17%, signal=38%	
GOMF_TELOMERASE_RNA_BINDING	GOMF_TELOMERASE_RNA_BINDING		21	-0.2933927	-0.74553907	0.82003397	0.96000403	1.0	4314	tags=38%, list=22%, signal=49%	
GOBP_INORGANIC_ION_IMPORT_ACROSS_PLASMA_MEMBRANE	GOBP_INORGANIC_ION_IMPORT_ACROSS_PLASMA_MEMBRANE		114	-0.22198261	-0.74545985	0.96148145	0.95979935	1.0	2566	tags=13%, list=13%, signal=15%	
GOBP_REGULATION_OF_CELLULAR_RESPIRATION	GOBP_REGULATION_OF_CELLULAR_RESPIRATION		43	-0.26257634	-0.7444562	0.85402685	0.96063745	1.0	3805	tags=26%, list=20%, signal=32%	
GOBP_POSITIVE_REGULATION_OF_RUFFLE_ASSEMBLY	GOBP_POSITIVE_REGULATION_OF_RUFFLE_ASSEMBLY		15	-0.32776418	-0.7441791	0.79710144	0.96065736	1.0	3853	tags=40%, list=20%, signal=50%	
GOCC_MLL1_2_COMPLEX	GOCC_MLL1_2_COMPLEX		31	-0.2758822	-0.74407125	0.8330494	0.96048933	1.0	5031	tags=35%, list=26%, signal=48%	
GOMF_EXTRACELLULAR_LIGAND_GATED_MONOATOMIC_ION_CHANNEL_ACTIVITY	GOMF_EXTRACELLULAR_LIGAND_GATED_MONOATOMIC_ION_CHANNEL_ACTIVITY		70	-0.23595324	-0.7435896	0.9114907	0.9607313	1.0	358	tags=3%, list=2%, signal=3%	
GOBP_NEGATIVE_REGULATION_OF_INTRACELLULAR_PROTEIN_TRANSPORT	GOBP_NEGATIVE_REGULATION_OF_INTRACELLULAR_PROTEIN_TRANSPORT		31	-0.27643374	-0.7433928	0.85024154	0.96066374	1.0	3641	tags=29%, list=19%, signal=36%	
GOBP_PYRIMIDINE_RIBONUCLEOTIDE_BIOSYNTHETIC_PROCESS	GOBP_PYRIMIDINE_RIBONUCLEOTIDE_BIOSYNTHETIC_PROCESS		23	-0.2882679	-0.7432823	0.8250429	0.9604892	1.0	4102	tags=35%, list=21%, signal=44%	
GOMF_NUCLEOTIDYLTRANSFERASE_ACTIVITY	GOMF_NUCLEOTIDYLTRANSFERASE_ACTIVITY		125	-0.21991415	-0.7432258	0.9532847	0.9602604	1.0	4001	tags=24%, list=21%, signal=30%	
GOBP_INTRACELLULAR_STEROL_TRANSPORT	GOBP_INTRACELLULAR_STEROL_TRANSPORT		31	-0.2767587	-0.74309343	0.8573854	0.96011156	1.0	3540	tags=26%, list=18%, signal=32%	
GOBP_FACE_MORPHOGENESIS	GOBP_FACE_MORPHOGENESIS		31	-0.27709138	-0.7430871	0.85125446	0.95982623	1.0	2161	tags=19%, list=11%, signal=22%	
GOBP_T_HELPER_CELL_LINEAGE_COMMITMENT	GOBP_T_HELPER_CELL_LINEAGE_COMMITMENT		23	-0.28770292	-0.74280113	0.8262351	0.95986784	1.0	92	tags=4%, list=0%, signal=4%	
GOBP_DENDRITE_EXTENSION	GOBP_DENDRITE_EXTENSION		34	-0.27021644	-0.7425723	0.8627787	0.95983815	1.0	1310	tags=9%, list=7%, signal=9%	
GOMF_SUMO_BINDING	GOMF_SUMO_BINDING		16	-0.3212063	-0.74240184	0.81395346	0.9597363	1.0	3032	tags=25%, list=16%, signal=30%	
GOMF_CALCIUM_DEPENDENT_PHOSPHOLIPID_BINDING	GOMF_CALCIUM_DEPENDENT_PHOSPHOLIPID_BINDING		50	-0.25015256	-0.7421212	0.90430623	0.95976233	1.0	2542	tags=16%, list=13%, signal=18%	
GOBP_REGULATION_OF_LONG_TERM_SYNAPTIC_POTENTIATION	GOBP_REGULATION_OF_LONG_TERM_SYNAPTIC_POTENTIATION		44	-0.2576317	-0.74154973	0.87171054	0.9600811	1.0	3555	tags=27%, list=18%, signal=33%	
GOBP_IMMUNOGLOBULIN_PRODUCTION_INVOLVED_IN_IMMUNOGLOBULIN_MEDIATED_IMMUNE_RESPONSE	GOBP_IMMUNOGLOBULIN_PRODUCTION_INVOLVED_IN_IMMUNOGLOBULIN_MEDIATED_IMMUNE_RESPONSE		54	-0.24934052	-0.74126035	0.90113455	0.96010643	1.0	3755	tags=31%, list=19%, signal=39%	
GOBP_NEGATIVE_REGULATION_OF_DOUBLE_STRAND_BREAK_REPAIR_VIA_HOMOLOGOUS_RECOMBINATION	GOBP_NEGATIVE_REGULATION_OF_DOUBLE_STRAND_BREAK_REPAIR_VIA_HOMOLOGOUS_RECOMBINATION		20	-0.29758704	-0.7410946	0.82167834	0.95999664	1.0	2953	tags=30%, list=15%, signal=35%	
GOMF_PHOSPHATIDYLCHOLINE_BINDING	GOMF_PHOSPHATIDYLCHOLINE_BINDING		30	-0.27168465	-0.74087405	0.8333333	0.959957	1.0	1056	tags=13%, list=5%, signal=14%	
GOBP_POSITIVE_REGULATION_OF_MUSCLE_CELL_APOPTOTIC_PROCESS	GOBP_POSITIVE_REGULATION_OF_MUSCLE_CELL_APOPTOTIC_PROCESS		27	-0.27892742	-0.74084073	0.8541667	0.9597047	1.0	4400	tags=37%, list=23%, signal=48%	
GOMF_I_SMAD_BINDING	GOMF_I_SMAD_BINDING		16	-0.3148135	-0.7395288	0.8134715	0.9608564	1.0	4050	tags=38%, list=21%, signal=47%	
GOBP_POSITIVE_REGULATION_OF_CYTOKINESIS	GOBP_POSITIVE_REGULATION_OF_CYTOKINESIS		49	-0.24939696	-0.739169	0.90645164	0.9609746	1.0	3318	tags=27%, list=17%, signal=32%	
GOBP_CELLULAR_RESPONSE_TO_FLUID_SHEAR_STRESS	GOBP_CELLULAR_RESPONSE_TO_FLUID_SHEAR_STRESS		19	-0.30133894	-0.73900187	0.82439923	0.9608683	1.0	50	tags=5%, list=0%, signal=5%	
GOBP_ACROSOME_REACTION	GOBP_ACROSOME_REACTION		38	-0.26520577	-0.7389983	0.8888889	0.96058106	1.0	3543	tags=21%, list=18%, signal=26%	
GOMF_PHOSPHOTRANSFERASE_ACTIVITY_FOR_OTHER_SUBSTITUTED_PHOSPHATE_GROUPS	GOMF_PHOSPHOTRANSFERASE_ACTIVITY_FOR_OTHER_SUBSTITUTED_PHOSPHATE_GROUPS		21	-0.29597256	-0.73824143	0.8300537	0.9611187	1.0	4557	tags=33%, list=23%, signal=44%	
GOBP_CELLULAR_PROCESS_INVOLVED_IN_REPRODUCTION_IN_MULTICELLULAR_ORGANISM	GOBP_CELLULAR_PROCESS_INVOLVED_IN_REPRODUCTION_IN_MULTICELLULAR_ORGANISM		364	-0.1963476	-0.73755866	1.0	0.96155155	1.0	3748	tags=18%, list=19%, signal=22%	
GOBP_MODULATION_BY_HOST_OF_SYMBIONT_PROCESS	GOBP_MODULATION_BY_HOST_OF_SYMBIONT_PROCESS		82	-0.22981864	-0.7374847	0.9355828	0.9613385	1.0	3834	tags=22%, list=20%, signal=27%	
GOCC_SWI_SNF_COMPLEX	GOCC_SWI_SNF_COMPLEX		27	-0.2769126	-0.7372682	0.8583765	0.96126604	1.0	3729	tags=22%, list=19%, signal=27%	
GOMF_PHOSPHORUS_OXYGEN_LYASE_ACTIVITY	GOMF_PHOSPHORUS_OXYGEN_LYASE_ACTIVITY		20	-0.3019874	-0.7370599	0.8253425	0.96119195	1.0	3044	tags=20%, list=16%, signal=24%	
GOBP_POSITIVE_REGULATION_OF_AUTOPHAGY_OF_MITOCHONDRION	GOBP_POSITIVE_REGULATION_OF_AUTOPHAGY_OF_MITOCHONDRION		15	-0.31803876	-0.7366203	0.7941176	0.9613689	1.0	4478	tags=40%, list=23%, signal=52%	
GOCC_SITE_OF_DOUBLE_STRAND_BREAK	GOCC_SITE_OF_DOUBLE_STRAND_BREAK		89	-0.22414085	-0.7364756	0.9405488	0.96123457	1.0	4522	tags=28%, list=23%, signal=36%	
GOBP_NUCLEOSIDE_DIPHOSPHATE_METABOLIC_PROCESS	GOBP_NUCLEOSIDE_DIPHOSPHATE_METABOLIC_PROCESS		125	-0.21568593	-0.7351761	0.9665698	0.96231526	1.0	4692	tags=31%, list=24%, signal=41%	
GOCC_EXOCYST	GOCC_EXOCYST		16	-0.30845767	-0.73450744	0.8416206	0.962698	1.0	2949	tags=19%, list=15%, signal=22%	
GOBP_REGULATION_OF_CELLULAR_RESPONSE_TO_HEAT	GOBP_REGULATION_OF_CELLULAR_RESPONSE_TO_HEAT		16	-0.3147015	-0.73401797	0.8150087	0.9629286	1.0	5567	tags=50%, list=29%, signal=70%	
GOBP_RESPONSE_TO_EPIDERMAL_GROWTH_FACTOR	GOBP_RESPONSE_TO_EPIDERMAL_GROWTH_FACTOR		45	-0.25308344	-0.7339615	0.89030206	0.9627056	1.0	5549	tags=51%, list=29%, signal=71%	
GOBP_REGULATION_OF_CELL_FATE_SPECIFICATION	GOBP_REGULATION_OF_CELL_FATE_SPECIFICATION		24	-0.28841925	-0.73346907	0.85785955	0.96292955	1.0	4845	tags=46%, list=25%, signal=61%	
GOBP_REGULATORY_NCRNA_PROCESSING	GOBP_REGULATORY_NCRNA_PROCESSING		65	-0.23580785	-0.7334649	0.91613925	0.9626433	1.0	894	tags=6%, list=5%, signal=6%	
GOMF_HISTONE_METHYLTRANSFERASE_ACTIVITY	GOMF_HISTONE_METHYLTRANSFERASE_ACTIVITY		59	-0.2385962	-0.73284876	0.924812	0.96297497	1.0	4874	tags=37%, list=25%, signal=50%	
GOBP_RETICULOPHAGY	GOBP_RETICULOPHAGY		16	-0.3136297	-0.73280257	0.8024055	0.96273106	1.0	3641	tags=25%, list=19%, signal=31%	
GOCC_TRANS_GOLGI_NETWORK_TRANSPORT_VESICLE_MEMBRANE	GOCC_TRANS_GOLGI_NETWORK_TRANSPORT_VESICLE_MEMBRANE		18	-0.30316696	-0.7321113	0.82417583	0.96314454	1.0	4265	tags=33%, list=22%, signal=43%	
GOBP_MITOCHONDRION_DISTRIBUTION	GOBP_MITOCHONDRION_DISTRIBUTION		19	-0.30028686	-0.730557	0.84476537	0.9644488	1.0	4206	tags=37%, list=22%, signal=47%	
GOBP_REGULATION_OF_PROTEIN_DEACETYLATION	GOBP_REGULATION_OF_PROTEIN_DEACETYLATION		29	-0.27137056	-0.73007965	0.85785127	0.964642	1.0	5606	tags=48%, list=29%, signal=68%	
GOBP_POSITIVE_REGULATION_OF_TRIGLYCERIDE_METABOLIC_PROCESS	GOBP_POSITIVE_REGULATION_OF_TRIGLYCERIDE_METABOLIC_PROCESS		21	-0.29271197	-0.730001	0.8475177	0.9644357	1.0	2907	tags=29%, list=15%, signal=34%	
GOBP_SOMATIC_DIVERSIFICATION_OF_IMMUNOGLOBULINS	GOBP_SOMATIC_DIVERSIFICATION_OF_IMMUNOGLOBULINS		61	-0.23787972	-0.7299571	0.9095164	0.9641876	1.0	3287	tags=26%, list=17%, signal=31%	
GOBP_NEGATIVE_REGULATION_OF_ALPHA_BETA_T_CELL_DIFFERENTIATION	GOBP_NEGATIVE_REGULATION_OF_ALPHA_BETA_T_CELL_DIFFERENTIATION		26	-0.28030616	-0.7291387	0.8681507	0.9646998	1.0	3339	tags=23%, list=17%, signal=28%	
GOCC_LYSOSOMAL_LUMEN	GOCC_LYSOSOMAL_LUMEN		95	-0.22453272	-0.72900045	0.9485294	0.96454525	1.0	2674	tags=15%, list=14%, signal=17%	
GOCC_EARLY_ENDOSOME_MEMBRANE	GOCC_EARLY_ENDOSOME_MEMBRANE		179	-0.20683719	-0.72866666	0.9903181	0.9645954	1.0	3344	tags=17%, list=17%, signal=21%	
GOMF_TRANSMEMBRANE_EPHRIN_RECEPTOR_ACTIVITY	GOMF_TRANSMEMBRANE_EPHRIN_RECEPTOR_ACTIVITY		15	-0.3099854	-0.7284323	0.82867134	0.96452034	1.0	3039	tags=13%, list=16%, signal=16%	
GOMF_PHOSPHATIDYLINOSITOL_3_5_BISPHOSPHATE_BINDING	GOMF_PHOSPHATIDYLINOSITOL_3_5_BISPHOSPHATE_BINDING		25	-0.275848	-0.72839254	0.87609076	0.9642711	1.0	2376	tags=16%, list=12%, signal=18%	
GOBP_MIRNA_PROCESSING	GOBP_MIRNA_PROCESSING		42	-0.25367546	-0.72781664	0.8796148	0.9645376	1.0	353	tags=5%, list=2%, signal=5%	
GOCC_SAGA_TYPE_COMPLEX	GOCC_SAGA_TYPE_COMPLEX		34	-0.2620066	-0.7266162	0.89285713	0.965417	1.0	5845	tags=50%, list=30%, signal=71%	
GOBP_AXONEMAL_DYNEIN_COMPLEX_ASSEMBLY	GOBP_AXONEMAL_DYNEIN_COMPLEX_ASSEMBLY		24	-0.2811132	-0.7263057	0.85833335	0.96542853	1.0	2576	tags=21%, list=13%, signal=24%	
GOBP_NEGATIVE_REGULATION_OF_TRANSLATION	GOBP_NEGATIVE_REGULATION_OF_TRANSLATION		120	-0.21233054	-0.72588855	0.97648686	0.96553326	1.0	4686	tags=26%, list=24%, signal=34%	
GOBP_POSITIVE_REGULATION_OF_REACTIVE_OXYGEN_SPECIES_BIOSYNTHETIC_PROCESS	GOBP_POSITIVE_REGULATION_OF_REACTIVE_OXYGEN_SPECIES_BIOSYNTHETIC_PROCESS		17	-0.30880833	-0.7254138	0.8681319	0.96570486	1.0	2289	tags=18%, list=12%, signal=20%	
GOBP_VIRAL_TRANSCRIPTION	GOBP_VIRAL_TRANSCRIPTION		51	-0.24796666	-0.7242698	0.9216301	0.96649206	1.0	4556	tags=29%, list=23%, signal=38%	
GOBP_RNA_STABILIZATION	GOBP_RNA_STABILIZATION		67	-0.23695326	-0.72399884	0.9362671	0.96643656	1.0	4762	tags=33%, list=25%, signal=43%	
GOBP_ENTRAINMENT_OF_CIRCADIAN_CLOCK	GOBP_ENTRAINMENT_OF_CIRCADIAN_CLOCK		27	-0.2769418	-0.7235911	0.8603066	0.96653646	1.0	2050	tags=19%, list=11%, signal=21%	
GOBP_CYTOPLASMIC_MICROTUBULE_ORGANIZATION	GOBP_CYTOPLASMIC_MICROTUBULE_ORGANIZATION		56	-0.23985207	-0.72280437	0.9136808	0.9669894	1.0	1170	tags=11%, list=6%, signal=11%	
GOCC_NUCLEOSOME	GOCC_NUCLEOSOME		39	-0.25359145	-0.72254544	0.89464885	0.9669421	1.0	4697	tags=26%, list=24%, signal=34%	
GOBP_DNA_CATABOLIC_PROCESS	GOBP_DNA_CATABOLIC_PROCESS		27	-0.2747623	-0.72115886	0.8682432	0.96788627	1.0	2218	tags=15%, list=11%, signal=17%	
GOBP_REGULATION_OF_MITOTIC_SPINDLE_ASSEMBLY	GOBP_REGULATION_OF_MITOTIC_SPINDLE_ASSEMBLY		22	-0.28866655	-0.72039735	0.8432709	0.96829945	1.0	2724	tags=14%, list=14%, signal=16%	
GOBP_REGULATION_OF_CELL_FATE_COMMITMENT	GOBP_REGULATION_OF_CELL_FATE_COMMITMENT		40	-0.25352603	-0.72000694	0.90361446	0.96837026	1.0	3723	tags=25%, list=19%, signal=31%	
GOMF_PHOSPHATIDYLINOSITOL_4_PHOSPHATE_BINDING	GOMF_PHOSPHATIDYLINOSITOL_4_PHOSPHATE_BINDING		25	-0.27809003	-0.7199576	0.8704319	0.9681263	1.0	2757	tags=36%, list=14%, signal=42%	
GOBP_SECRETORY_GRANULE_LOCALIZATION	GOBP_SECRETORY_GRANULE_LOCALIZATION		22	-0.2849621	-0.7198318	0.8324873	0.96793926	1.0	1987	tags=18%, list=10%, signal=20%	
GOBP_REGULATION_OF_NUCLEASE_ACTIVITY	GOBP_REGULATION_OF_NUCLEASE_ACTIVITY		21	-0.2889908	-0.71954596	0.8397329	0.96791726	1.0	4604	tags=38%, list=24%, signal=50%	
GOMF_TELOMERIC_DNA_BINDING	GOMF_TELOMERIC_DNA_BINDING		37	-0.25867504	-0.7187355	0.9092409	0.96835357	1.0	4710	tags=32%, list=24%, signal=43%	
GOMF_GLUCURONOSYLTRANSFERASE_ACTIVITY	GOMF_GLUCURONOSYLTRANSFERASE_ACTIVITY		34	-0.2621442	-0.7187017	0.884058	0.96809316	1.0	700	tags=6%, list=4%, signal=6%	
GOCC_U2_TYPE_CATALYTIC_STEP_2_SPLICEOSOME	GOCC_U2_TYPE_CATALYTIC_STEP_2_SPLICEOSOME		30	-0.27101988	-0.71859604	0.8814159	0.9679026	1.0	4526	tags=33%, list=23%, signal=43%	
GOMF_LIPASE_ACTIVATOR_ACTIVITY	GOMF_LIPASE_ACTIVATOR_ACTIVITY		21	-0.28818226	-0.7184197	0.8579235	0.9677793	1.0	3834	tags=29%, list=20%, signal=36%	
GOBP_CELL_COMMUNICATION_BY_ELECTRICAL_COUPLING	GOBP_CELL_COMMUNICATION_BY_ELECTRICAL_COUPLING		33	-0.26554546	-0.7169816	0.87731093	0.9688126	1.0	1963	tags=15%, list=10%, signal=17%	
GOBP_NEGATIVE_REGULATION_OF_RNA_CATABOLIC_PROCESS	GOBP_NEGATIVE_REGULATION_OF_RNA_CATABOLIC_PROCESS		78	-0.22703317	-0.71620816	0.94383776	0.96922165	1.0	4987	tags=35%, list=26%, signal=46%	
GOBP_RESPONSE_TO_COLD	GOBP_RESPONSE_TO_COLD		42	-0.24906985	-0.7159268	0.9119086	0.9691842	1.0	1498	tags=12%, list=8%, signal=13%	
GOCC_MULTIVESICULAR_BODY	GOCC_MULTIVESICULAR_BODY		63	-0.23344961	-0.71574384	0.9300813	0.9690551	1.0	2908	tags=17%, list=15%, signal=20%	
GOBP_KERATAN_SULFATE_METABOLIC_PROCESS	GOBP_KERATAN_SULFATE_METABOLIC_PROCESS		18	-0.29951686	-0.71459585	0.8602541	0.9698006	1.0	4167	tags=39%, list=21%, signal=49%	
GOBP_NEGATIVE_REGULATION_OF_TOR_SIGNALING	GOBP_NEGATIVE_REGULATION_OF_TOR_SIGNALING		61	-0.23311551	-0.7145768	0.9541139	0.9695274	1.0	4061	tags=26%, list=21%, signal=33%	
GOBP_REGULATION_OF_TRANSLATIONAL_INITIATION	GOBP_REGULATION_OF_TRANSLATIONAL_INITIATION		82	-0.22392495	-0.71412224	0.95420974	0.96964186	1.0	4536	tags=23%, list=23%, signal=30%	
GOBP_REGULATION_OF_TELOMERE_MAINTENANCE	GOBP_REGULATION_OF_TELOMERE_MAINTENANCE		101	-0.21634969	-0.71401596	0.9666161	0.96944916	1.0	3281	tags=17%, list=17%, signal=20%	
GOMF_STRUCTURAL_CONSTITUENT_OF_POSTSYNAPSE	GOMF_STRUCTURAL_CONSTITUENT_OF_POSTSYNAPSE		17	-0.2985226	-0.712415	0.8636364	0.97054726	1.0	4942	tags=29%, list=25%, signal=39%	
GOBP_NUCLEOSIDE_METABOLIC_PROCESS	GOBP_NUCLEOSIDE_METABOLIC_PROCESS		54	-0.23622546	-0.7114987	0.9321192	0.971043	1.0	3856	tags=26%, list=20%, signal=32%	
GOCC_NODE_OF_RANVIER	GOCC_NODE_OF_RANVIER		16	-0.30477673	-0.7096303	0.86541736	0.9723436	1.0	3602	tags=19%, list=19%, signal=23%	
GOBP_REGULATION_OF_TELOMERE_MAINTENANCE_VIA_TELOMERE_LENGTHENING	GOBP_REGULATION_OF_TELOMERE_MAINTENANCE_VIA_TELOMERE_LENGTHENING		60	-0.23067743	-0.70945895	0.94585985	0.972187	1.0	4001	tags=22%, list=21%, signal=27%	
GOBP_NEGATIVE_REGULATION_OF_DEPHOSPHORYLATION	GOBP_NEGATIVE_REGULATION_OF_DEPHOSPHORYLATION		29	-0.2659672	-0.7093774	0.9014778	0.97197187	1.0	4407	tags=34%, list=23%, signal=45%	
GOCC_GTPASE_COMPLEX	GOCC_GTPASE_COMPLEX		38	-0.25224656	-0.70917153	0.89152545	0.971868	1.0	2384	tags=13%, list=12%, signal=15%	
GOMF_RNA_POLYMERASE_II_GENERAL_TRANSCRIPTION_INITIATION_FACTOR_BINDING	GOMF_RNA_POLYMERASE_II_GENERAL_TRANSCRIPTION_INITIATION_FACTOR_BINDING		24	-0.2827259	-0.70830786	0.88164663	0.9722809	1.0	2447	tags=17%, list=13%, signal=19%	
GOCC_SAGA_COMPLEX	GOCC_SAGA_COMPLEX		20	-0.28613186	-0.7075968	0.88	0.9725926	1.0	5431	tags=50%, list=28%, signal=69%	
GOMF_PROTEIN_SEQUESTERING_ACTIVITY	GOMF_PROTEIN_SEQUESTERING_ACTIVITY		26	-0.27158293	-0.706929	0.90524536	0.9728487	1.0	3094	tags=27%, list=16%, signal=32%	
GOCC_ENDONUCLEASE_COMPLEX	GOCC_ENDONUCLEASE_COMPLEX		37	-0.25173303	-0.7064672	0.92396694	0.9729464	1.0	4396	tags=30%, list=23%, signal=38%	
GOBP_ENDOSOME_ORGANIZATION	GOBP_ENDOSOME_ORGANIZATION		89	-0.21451943	-0.7059789	0.97862595	0.97305423	1.0	4911	tags=30%, list=25%, signal=40%	
GOBP_GLYCEROPHOSPHOLIPID_CATABOLIC_PROCESS	GOBP_GLYCEROPHOSPHOLIPID_CATABOLIC_PROCESS		32	-0.25553855	-0.7058514	0.88095236	0.9728744	1.0	5113	tags=41%, list=26%, signal=55%	
GOMF_GALACTOSYLTRANSFERASE_ACTIVITY	GOMF_GALACTOSYLTRANSFERASE_ACTIVITY		32	-0.2596089	-0.70567614	0.89649415	0.9727307	1.0	1993	tags=13%, list=10%, signal=14%	
GOBP_REGULATION_OF_CALCIUM_ION_TRANSPORT_INTO_CYTOSOL	GOBP_REGULATION_OF_CALCIUM_ION_TRANSPORT_INTO_CYTOSOL		16	-0.30098552	-0.70539296	0.86531365	0.97267836	1.0	4086	tags=19%, list=21%, signal=24%	
GOBP_REGULATION_OF_MICROTUBULE_NUCLEATION	GOBP_REGULATION_OF_MICROTUBULE_NUCLEATION		17	-0.29666674	-0.70474994	0.85739434	0.9729118	1.0	1894	tags=18%, list=10%, signal=20%	
GOBP_ORGANELLE_INHERITANCE	GOBP_ORGANELLE_INHERITANCE		15	-0.3000716	-0.70453346	0.86851853	0.9727894	1.0	1436	tags=13%, list=7%, signal=14%	
GOBP_SULFUR_AMINO_ACID_BIOSYNTHETIC_PROCESS	GOBP_SULFUR_AMINO_ACID_BIOSYNTHETIC_PROCESS		15	-0.3092373	-0.70324	0.8661845	0.9735565	1.0	3607	tags=40%, list=19%, signal=49%	
GOBP_SNRNA_METABOLIC_PROCESS	GOBP_SNRNA_METABOLIC_PROCESS		54	-0.23515095	-0.7014435	0.94034535	0.9746984	1.0	4694	tags=28%, list=24%, signal=37%	
GOBP_POSITIVE_REGULATION_OF_SKELETAL_MUSCLE_TISSUE_DEVELOPMENT	GOBP_POSITIVE_REGULATION_OF_SKELETAL_MUSCLE_TISSUE_DEVELOPMENT		19	-0.2877983	-0.7007972	0.8700361	0.9749072	1.0	4538	tags=47%, list=23%, signal=62%	
GOMF_INTRAMOLECULAR_OXIDOREDUCTASE_ACTIVITY	GOMF_INTRAMOLECULAR_OXIDOREDUCTASE_ACTIVITY		52	-0.2329094	-0.70014805	0.93968254	0.97510505	1.0	3931	tags=29%, list=20%, signal=36%	
GOBP_REGULATION_OF_NUCLEOBASE_CONTAINING_COMPOUND_TRANSPORT	GOBP_REGULATION_OF_NUCLEOBASE_CONTAINING_COMPOUND_TRANSPORT		16	-0.30017895	-0.6984804	0.8810811	0.9760637	1.0	5702	tags=50%, list=29%, signal=71%	
GOCC_PRESYNAPTIC_ACTIVE_ZONE_MEMBRANE	GOCC_PRESYNAPTIC_ACTIVE_ZONE_MEMBRANE		31	-0.26000908	-0.6978362	0.92109776	0.97626066	1.0	3525	tags=23%, list=18%, signal=28%	
GOBP_PLATELET_MORPHOGENESIS	GOBP_PLATELET_MORPHOGENESIS		26	-0.27177045	-0.6959312	0.89813244	0.9773978	1.0	4264	tags=35%, list=22%, signal=44%	
GOBP_NECROPTOTIC_PROCESS	GOBP_NECROPTOTIC_PROCESS		39	-0.2494396	-0.69477075	0.9178515	0.97800684	1.0	856	tags=8%, list=4%, signal=8%	
GOMF_PHOTORECEPTOR_ACTIVITY	GOMF_PHOTORECEPTOR_ACTIVITY		15	-0.29863265	-0.6930896	0.88256884	0.9789557	1.0	3124	tags=27%, list=16%, signal=32%	
GOBP_NEGATIVE_REGULATION_OF_REACTIVE_OXYGEN_SPECIES_METABOLIC_PROCESS	GOBP_NEGATIVE_REGULATION_OF_REACTIVE_OXYGEN_SPECIES_METABOLIC_PROCESS		41	-0.2417077	-0.69218254	0.9449378	0.9792829	1.0	3805	tags=22%, list=20%, signal=27%	
GOMF_RNA_POLYMERASE_II_CORE_PROMOTER_SEQUENCE_SPECIFIC_DNA_BINDING	GOMF_RNA_POLYMERASE_II_CORE_PROMOTER_SEQUENCE_SPECIFIC_DNA_BINDING		17	-0.2885848	-0.69009656	0.8708487	0.9805151	1.0	2447	tags=18%, list=13%, signal=20%	
GOMF_NUCLEAR_VITAMIN_D_RECEPTOR_BINDING	GOMF_NUCLEAR_VITAMIN_D_RECEPTOR_BINDING		15	-0.30032355	-0.6895981	0.8629174	0.98059684	1.0	2506	tags=13%, list=13%, signal=15%	
GOBP_REGULATION_OF_PLATELET_DERIVED_GROWTH_FACTOR_RECEPTOR_SIGNALING_PATHWAY	GOBP_REGULATION_OF_PLATELET_DERIVED_GROWTH_FACTOR_RECEPTOR_SIGNALING_PATHWAY		22	-0.27249882	-0.68705875	0.8890815	0.9820414	1.0	4320	tags=41%, list=22%, signal=53%	
GOBP_RECEPTOR_CATABOLIC_PROCESS	GOBP_RECEPTOR_CATABOLIC_PROCESS		25	-0.26344365	-0.686149	0.9157706	0.9823613	1.0	3094	tags=24%, list=16%, signal=29%	
GOMF_AMINO_ACID_SODIUM_SYMPORTER_ACTIVITY	GOMF_AMINO_ACID_SODIUM_SYMPORTER_ACTIVITY		23	-0.267497	-0.685019	0.90467936	0.98283935	1.0	759	tags=9%, list=4%, signal=9%	
GOBP_REGULATION_OF_UBIQUITIN_PROTEIN_TRANSFERASE_ACTIVITY	GOBP_REGULATION_OF_UBIQUITIN_PROTEIN_TRANSFERASE_ACTIVITY		37	-0.24652657	-0.6847674	0.92269737	0.98271126	1.0	3016	tags=22%, list=16%, signal=26%	
GOBP_SECRETORY_GRANULE_ORGANIZATION	GOBP_SECRETORY_GRANULE_ORGANIZATION		64	-0.21952826	-0.68453455	0.96905535	0.98257905	1.0	382	tags=3%, list=2%, signal=3%	
GOBP_NEGATIVE_REGULATION_OF_PROTEIN_TYROSINE_KINASE_ACTIVITY	GOBP_NEGATIVE_REGULATION_OF_PROTEIN_TYROSINE_KINASE_ACTIVITY		19	-0.2802247	-0.6834746	0.907919	0.9829898	1.0	686	tags=5%, list=4%, signal=5%	
GOBP_POSITIVE_REGULATION_OF_HORMONE_METABOLIC_PROCESS	GOBP_POSITIVE_REGULATION_OF_HORMONE_METABOLIC_PROCESS		15	-0.29752302	-0.6833208	0.884058	0.9827994	1.0	5322	tags=47%, list=27%, signal=64%	
GOBP_LEUKOTRIENE_BIOSYNTHETIC_PROCESS	GOBP_LEUKOTRIENE_BIOSYNTHETIC_PROCESS		18	-0.28751698	-0.6832152	0.9172662	0.98258245	1.0	3992	tags=33%, list=21%, signal=42%	
GOBP_REGULATION_OF_MRNA_CATABOLIC_PROCESS	GOBP_REGULATION_OF_MRNA_CATABOLIC_PROCESS		175	-0.1920636	-0.6802545	0.9972863	0.9842202	1.0	4979	tags=30%, list=26%, signal=40%	
GOBP_MYD88_DEPENDENT_TOLL_LIKE_RECEPTOR_SIGNALING_PATHWAY	GOBP_MYD88_DEPENDENT_TOLL_LIKE_RECEPTOR_SIGNALING_PATHWAY		20	-0.27647978	-0.679354	0.9079861	0.9844905	1.0	4114	tags=30%, list=21%, signal=38%	
GOBP_REGULATION_OF_INSULIN_RECEPTOR_SIGNALING_PATHWAY	GOBP_REGULATION_OF_INSULIN_RECEPTOR_SIGNALING_PATHWAY		66	-0.21704271	-0.6771205	0.9807074	0.98559165	1.0	1399	tags=8%, list=7%, signal=8%	
GOBP_ENDOPLASMIC_RETICULUM_UNFOLDED_PROTEIN_RESPONSE	GOBP_ENDOPLASMIC_RETICULUM_UNFOLDED_PROTEIN_RESPONSE		69	-0.21525224	-0.67668474	0.96794873	0.98558575	1.0	836	tags=6%, list=4%, signal=6%	
GOMF_PHOSPHOLIPID_TRANSFER_ACTIVITY	GOMF_PHOSPHOLIPID_TRANSFER_ACTIVITY		22	-0.26730433	-0.67431766	0.9172794	0.986732	1.0	5364	tags=45%, list=28%, signal=63%	
GOCC_CYTOPLASMIC_STRESS_GRANULE	GOCC_CYTOPLASMIC_STRESS_GRANULE		89	-0.20935021	-0.67413086	0.98363096	0.9865588	1.0	4762	tags=25%, list=25%, signal=33%	
GOCC_TRANSCRIPTION_ELONGATION_FACTOR_COMPLEX	GOCC_TRANSCRIPTION_ELONGATION_FACTOR_COMPLEX		45	-0.23416795	-0.6739325	0.95319813	0.9863787	1.0	4034	tags=20%, list=21%, signal=25%	
GOMF_MRNA_3_UTR_BINDING	GOMF_MRNA_3_UTR_BINDING		106	-0.20117727	-0.6726264	0.98417264	0.9868668	1.0	4987	tags=30%, list=26%, signal=40%	
GOBP_INTEGRIN_ACTIVATION	GOBP_INTEGRIN_ACTIVATION		26	-0.2555907	-0.67239994	0.9300699	0.9867144	1.0	3929	tags=35%, list=20%, signal=43%	
GOMF_TRANSLATION_REPRESSOR_ACTIVITY	GOMF_TRANSLATION_REPRESSOR_ACTIVITY		31	-0.24578974	-0.6706152	0.9360967	0.9875037	1.0	4686	tags=26%, list=24%, signal=34%	
GOBP_SPLICEOSOMAL_COMPLEX_ASSEMBLY	GOBP_SPLICEOSOMAL_COMPLEX_ASSEMBLY		78	-0.20898993	-0.6694776	0.9874608	0.9878823	1.0	4569	tags=29%, list=24%, signal=38%	
GOCC_RIBBON_SYNAPSE	GOCC_RIBBON_SYNAPSE		15	-0.29265618	-0.6687959	0.90163934	0.9879829	1.0	3444	tags=40%, list=18%, signal=49%	
GOBP_REGULATION_OF_VESICLE_SIZE	GOBP_REGULATION_OF_VESICLE_SIZE		18	-0.27754745	-0.66667295	0.8872727	0.9889067	1.0	2991	tags=22%, list=15%, signal=26%	
GOBP_SUBPALLIUM_DEVELOPMENT	GOBP_SUBPALLIUM_DEVELOPMENT		27	-0.25400856	-0.6656476	0.93333334	0.9891997	1.0	2327	tags=15%, list=12%, signal=17%	
GOBP_REGULATION_OF_SKELETAL_MUSCLE_CELL_DIFFERENTIATION	GOBP_REGULATION_OF_SKELETAL_MUSCLE_CELL_DIFFERENTIATION		20	-0.2739085	-0.6645162	0.9064125	0.9895053	1.0	4515	tags=35%, list=23%, signal=46%	
GOBP_MITOTIC_CYTOKINETIC_PROCESS	GOBP_MITOTIC_CYTOKINETIC_PROCESS		31	-0.24271871	-0.6638222	0.9462738	0.98959845	1.0	4331	tags=26%, list=22%, signal=33%	
GOMF_TRANSMEMBRANE_RECEPTOR_PROTEIN_TYROSINE_KINASE_ADAPTOR_ACTIVITY	GOMF_TRANSMEMBRANE_RECEPTOR_PROTEIN_TYROSINE_KINASE_ADAPTOR_ACTIVITY		17	-0.2788081	-0.6619374	0.91360295	0.99032885	1.0	3526	tags=29%, list=18%, signal=36%	
GOBP_REGULATION_OF_RESPONSE_TO_OSMOTIC_STRESS	GOBP_REGULATION_OF_RESPONSE_TO_OSMOTIC_STRESS		16	-0.2835422	-0.66177875	0.8943534	0.99012905	1.0	3727	tags=31%, list=19%, signal=39%	
GOBP_DNA_DAMAGE_RESPONSE_SIGNAL_TRANSDUCTION_RESULTING_IN_TRANSCRIPTION	GOBP_DNA_DAMAGE_RESPONSE_SIGNAL_TRANSDUCTION_RESULTING_IN_TRANSCRIPTION		15	-0.27626562	-0.6617199	0.9028961	0.98987204	1.0	2986	tags=20%, list=15%, signal=24%	
GOBP_INTERFERON_BETA_PRODUCTION	GOBP_INTERFERON_BETA_PRODUCTION		56	-0.21990326	-0.66150874	0.97448164	0.98970026	1.0	4114	tags=27%, list=21%, signal=34%	
GOBP_REGULATION_OF_TRANSCRIPTION_REGULATORY_REGION_DNA_BINDING	GOBP_REGULATION_OF_TRANSCRIPTION_REGULATORY_REGION_DNA_BINDING		32	-0.24056575	-0.6598799	0.94949496	0.9902533	1.0	4522	tags=31%, list=23%, signal=41%	
GOBP_LUNG_CELL_DIFFERENTIATION	GOBP_LUNG_CELL_DIFFERENTIATION		29	-0.24654347	-0.6594162	0.94107455	0.99020797	1.0	3685	tags=17%, list=19%, signal=21%	
GOMF_PROTEIN_HORMONE_RECEPTOR_ACTIVITY	GOMF_PROTEIN_HORMONE_RECEPTOR_ACTIVITY		20	-0.26476687	-0.6592876	0.91519433	0.9899893	1.0	343	tags=5%, list=2%, signal=5%	
GOBP_REGULATION_OF_TRANSLATION	GOBP_REGULATION_OF_TRANSLATION		353	-0.17461327	-0.65910786	1.0	0.9897974	1.0	4710	tags=23%, list=24%, signal=30%	
GOBP_PINOCYTOSIS	GOBP_PINOCYTOSIS		22	-0.26219305	-0.65862775	0.92348754	0.9897674	1.0	2168	tags=14%, list=11%, signal=15%	
GOBP_RNA_3_END_PROCESSING	GOBP_RNA_3_END_PROCESSING		83	-0.20644908	-0.65663135	0.98945785	0.9905184	1.0	4962	tags=30%, list=26%, signal=40%	
GOMF_SNRNA_BINDING	GOMF_SNRNA_BINDING		47	-0.22216555	-0.65204835	0.96710527	0.99245566	1.0	5400	tags=38%, list=28%, signal=53%	
GOBP_TERPENOID_BIOSYNTHETIC_PROCESS	GOBP_TERPENOID_BIOSYNTHETIC_PROCESS		15	-0.28649592	-0.6518042	0.8972973	0.9922843	1.0	231	tags=7%, list=1%, signal=7%	
GOBP_CLATHRIN_COAT_ASSEMBLY	GOBP_CLATHRIN_COAT_ASSEMBLY		18	-0.27312315	-0.65127176	0.91021127	0.9922482	1.0	3633	tags=39%, list=19%, signal=48%	
GOCC_ROUGH_ENDOPLASMIC_RETICULUM_MEMBRANE	GOCC_ROUGH_ENDOPLASMIC_RETICULUM_MEMBRANE		24	-0.2506022	-0.64496493	0.9305085	0.99486315	1.0	3424	tags=25%, list=18%, signal=30%	
GOMF_NUCLEOBASE_CONTAINING_COMPOUND_KINASE_ACTIVITY	GOMF_NUCLEOBASE_CONTAINING_COMPOUND_KINASE_ACTIVITY		41	-0.22893152	-0.6448841	0.9814815	0.99460924	1.0	3602	tags=24%, list=19%, signal=30%	
GOBP_DETECTION_OF_TEMPERATURE_STIMULUS_INVOLVED_IN_SENSORY_PERCEPTION_OF_PAIN	GOBP_DETECTION_OF_TEMPERATURE_STIMULUS_INVOLVED_IN_SENSORY_PERCEPTION_OF_PAIN		19	-0.26586848	-0.6435223	0.9352518	0.9949325	1.0	230	tags=5%, list=1%, signal=5%	
GOMF_CORE_PROMOTER_SEQUENCE_SPECIFIC_DNA_BINDING	GOMF_CORE_PROMOTER_SEQUENCE_SPECIFIC_DNA_BINDING		39	-0.2298413	-0.64266765	0.964687	0.995015	1.0	4396	tags=23%, list=23%, signal=30%	
GOCC_SIN3_TYPE_COMPLEX	GOCC_SIN3_TYPE_COMPLEX		21	-0.25973818	-0.64154536	0.9349315	0.9952255	1.0	4552	tags=38%, list=23%, signal=50%	
GOBP_OXIDATIVE_PHOSPHORYLATION	GOBP_OXIDATIVE_PHOSPHORYLATION		103	-0.1934249	-0.6414471	0.99251497	0.99497736	1.0	975	tags=5%, list=5%, signal=5%	
GOCC_ENDOPEPTIDASE_COMPLEX	GOCC_ENDOPEPTIDASE_COMPLEX		84	-0.19773583	-0.64120287	0.99398494	0.99479216	1.0	2096	tags=7%, list=11%, signal=8%	
GOCC_EXON_EXON_JUNCTION_COMPLEX	GOCC_EXON_EXON_JUNCTION_COMPLEX		20	-0.26152164	-0.641196	0.9306759	0.99450743	1.0	7166	tags=65%, list=37%, signal=103%	
GOBP_POSITIVE_REGULATION_OF_MACROAUTOPHAGY	GOBP_POSITIVE_REGULATION_OF_MACROAUTOPHAGY		80	-0.20057091	-0.64103353	0.9920382	0.9942903	1.0	4525	tags=25%, list=23%, signal=32%	
GOCC_RNA_POLYMERASE_II_TRANSCRIPTION_REPRESSOR_COMPLEX	GOCC_RNA_POLYMERASE_II_TRANSCRIPTION_REPRESSOR_COMPLEX		15	-0.27478346	-0.6403091	0.9187726	0.99432164	1.0	4379	tags=40%, list=23%, signal=52%	
GOMF_MINUS_END_DIRECTED_MICROTUBULE_MOTOR_ACTIVITY	GOMF_MINUS_END_DIRECTED_MICROTUBULE_MOTOR_ACTIVITY		16	-0.27303421	-0.64029485	0.9222615	0.9940372	1.0	2576	tags=19%, list=13%, signal=22%	
GOBP_PROTEIN_LOCALIZATION_TO_PHAGOPHORE_ASSEMBLY_SITE	GOBP_PROTEIN_LOCALIZATION_TO_PHAGOPHORE_ASSEMBLY_SITE		16	-0.27604207	-0.6396583	0.93189967	0.9940176	1.0	3683	tags=31%, list=19%, signal=39%	
GOBP_POSITIVE_REGULATION_OF_TRANSLATION	GOBP_POSITIVE_REGULATION_OF_TRANSLATION		126	-0.18951736	-0.63867134	1.0	0.99413615	1.0	2393	tags=9%, list=12%, signal=10%	
GOBP_REGULATION_OF_AUTOPHAGOSOME_MATURATION	GOBP_REGULATION_OF_AUTOPHAGOSOME_MATURATION		16	-0.26853627	-0.6371483	0.9335727	0.99447256	1.0	3649	tags=38%, list=19%, signal=46%	
GOBP_NEGATIVE_REGULATION_OF_TORC1_SIGNALING	GOBP_NEGATIVE_REGULATION_OF_TORC1_SIGNALING		42	-0.22308168	-0.6367879	0.9719472	0.9943218	1.0	4061	tags=24%, list=21%, signal=30%	
GOBP_CHROMOSOME_ORGANIZATION_INVOLVED_IN_MEIOTIC_CELL_CYCLE	GOBP_CHROMOSOME_ORGANIZATION_INVOLVED_IN_MEIOTIC_CELL_CYCLE		55	-0.21351108	-0.636682	0.9866444	0.9940774	1.0	3135	tags=15%, list=16%, signal=17%	
GOBP_G_PROTEIN_COUPLED_ACETYLCHOLINE_RECEPTOR_SIGNALING_PATHWAY	GOBP_G_PROTEIN_COUPLED_ACETYLCHOLINE_RECEPTOR_SIGNALING_PATHWAY		21	-0.25550273	-0.6363861	0.9485816	0.9939104	1.0	4448	tags=29%, list=23%, signal=37%	
GOMF_POSTSYNAPTIC_NEUROTRANSMITTER_RECEPTOR_ACTIVITY	GOMF_POSTSYNAPTIC_NEUROTRANSMITTER_RECEPTOR_ACTIVITY		68	-0.20440269	-0.6355005	0.97981364	0.99398005	1.0	358	tags=3%, list=2%, signal=3%	
GOBP_SNRNA_TRANSCRIPTION_BY_RNA_POLYMERASE_II	GOBP_SNRNA_TRANSCRIPTION_BY_RNA_POLYMERASE_II		16	-0.26923704	-0.6347375	0.9394464	0.9939919	1.0	6439	tags=44%, list=33%, signal=65%	
GOBP_COPII_COATED_VESICLE_CARGO_LOADING	GOBP_COPII_COATED_VESICLE_CARGO_LOADING		16	-0.26926994	-0.63471174	0.9348231	0.9937127	1.0	3855	tags=25%, list=20%, signal=31%	
GOBP_REGULATION_OF_MRNA_SPLICING_VIA_SPLICEOSOME	GOBP_REGULATION_OF_MRNA_SPLICING_VIA_SPLICEOSOME		107	-0.18911493	-0.63454026	0.9985272	0.993494	1.0	5353	tags=28%, list=28%, signal=38%	
GOBP_REGULATION_OF_MRNA_PROCESSING	GOBP_REGULATION_OF_MRNA_PROCESSING		128	-0.18797217	-0.6326448	0.99559474	0.99396807	1.0	4607	tags=23%, list=24%, signal=31%	
GOMF_REGULATORY_RNA_BINDING	GOMF_REGULATORY_RNA_BINDING		46	-0.21615218	-0.6320347	0.9757674	0.9939265	1.0	4685	tags=35%, list=24%, signal=46%	
GOBP_REGULATION_OF_DNA_TEMPLATED_TRANSCRIPTION_ELONGATION	GOBP_REGULATION_OF_DNA_TEMPLATED_TRANSCRIPTION_ELONGATION		92	-0.1909254	-0.63200545	0.9969278	0.99365	1.0	4624	tags=27%, list=24%, signal=35%	
GOBP_MATURATION_OF_SSU_RRNA	GOBP_MATURATION_OF_SSU_RRNA		49	-0.21343887	-0.63171494	0.96713614	0.99346566	1.0	3909	tags=14%, list=20%, signal=18%	
GOMF_EPHRIN_RECEPTOR_BINDING	GOMF_EPHRIN_RECEPTOR_BINDING		27	-0.24118559	-0.627826	0.9499192	0.9946575	1.0	3033	tags=19%, list=16%, signal=22%	
GOCC_H4_H2A_HISTONE_ACETYLTRANSFERASE_COMPLEX	GOCC_H4_H2A_HISTONE_ACETYLTRANSFERASE_COMPLEX		28	-0.23778412	-0.6257918	0.95197254	0.9951119	1.0	5777	tags=36%, list=30%, signal=51%	
GOMF_RNA_EXONUCLEASE_ACTIVITY_PRODUCING_5_PHOSPHOMONOESTERS	GOMF_RNA_EXONUCLEASE_ACTIVITY_PRODUCING_5_PHOSPHOMONOESTERS		38	-0.22487086	-0.6239584	0.9767442	0.99549115	1.0	4979	tags=34%, list=26%, signal=46%	
GOMF_UBIQUITIN_LIKE_PROTEIN_CONJUGATING_ENZYME_BINDING	GOMF_UBIQUITIN_LIKE_PROTEIN_CONJUGATING_ENZYME_BINDING		33	-0.22685333	-0.62277716	0.9631491	0.99561334	1.0	1240	tags=9%, list=6%, signal=10%	
GOCC_ALPHA_KETOACID_DEHYDROGENASE_COMPLEX	GOCC_ALPHA_KETOACID_DEHYDROGENASE_COMPLEX		16	-0.2632454	-0.6214781	0.92945325	0.99578744	1.0	4418	tags=38%, list=23%, signal=49%	
GOCC_GOLGI_ASSOCIATED_VESICLE_MEMBRANE	GOCC_GOLGI_ASSOCIATED_VESICLE_MEMBRANE		54	-0.21135646	-0.6205905	0.9838969	0.99579835	1.0	5164	tags=33%, list=27%, signal=45%	
GOBP_REGULATION_OF_GOLGI_ORGANIZATION	GOBP_REGULATION_OF_GOLGI_ORGANIZATION		16	-0.2670465	-0.620149	0.93462896	0.9956513	1.0	4650	tags=31%, list=24%, signal=41%	
GOBP_PHOSPHATIDIC_ACID_METABOLIC_PROCESS	GOBP_PHOSPHATIDIC_ACID_METABOLIC_PROCESS		37	-0.21988009	-0.6199724	0.9688042	0.99542713	1.0	1141	tags=8%, list=6%, signal=9%	
GOBP_MRNA_METHYLGUANOSINE_CAP_DECAPPING	GOBP_MRNA_METHYLGUANOSINE_CAP_DECAPPING		15	-0.27040598	-0.61992323	0.9259928	0.9951564	1.0	5004	tags=47%, list=26%, signal=63%	
GOMF_NUCLEAR_IMPORT_SIGNAL_RECEPTOR_ACTIVITY	GOMF_NUCLEAR_IMPORT_SIGNAL_RECEPTOR_ACTIVITY		19	-0.2623687	-0.6193699	0.9677419	0.99505115	1.0	489	tags=5%, list=3%, signal=5%	
GOBP_TELOMERE_MAINTENANCE_IN_RESPONSE_TO_DNA_DAMAGE	GOBP_TELOMERE_MAINTENANCE_IN_RESPONSE_TO_DNA_DAMAGE		30	-0.2331808	-0.6176695	0.9746622	0.9953167	1.0	3281	tags=23%, list=17%, signal=28%	
GOBP_MATURATION_OF_SSU_RRNA_FROM_TRICISTRONIC_RRNA_TRANSCRIPT_SSU_RRNA_5_8S_RRNA_LSU_RRNA	GOBP_MATURATION_OF_SSU_RRNA_FROM_TRICISTRONIC_RRNA_TRANSCRIPT_SSU_RRNA_5_8S_RRNA_LSU_RRNA		31	-0.22644731	-0.6172362	0.95879555	0.99516094	1.0	3909	tags=16%, list=20%, signal=20%	
GOMF_POLY_A_BINDING	GOMF_POLY_A_BINDING		24	-0.23826587	-0.6149014	0.95870733	0.99561	1.0	4523	tags=29%, list=23%, signal=38%	
GOBP_NUCLEAR_BODY_ORGANIZATION	GOBP_NUCLEAR_BODY_ORGANIZATION		17	-0.26492757	-0.61472833	0.9385965	0.9953772	1.0	4745	tags=29%, list=24%, signal=39%	
GOBP_INFLAMMASOME_MEDIATED_SIGNALING_PATHWAY	GOBP_INFLAMMASOME_MEDIATED_SIGNALING_PATHWAY		41	-0.21639521	-0.61000353	0.99352753	0.9965364	1.0	4064	tags=22%, list=21%, signal=28%	
GOBP_REGULATION_OF_TRANSCRIPTION_BY_RNA_POLYMERASE_I	GOBP_REGULATION_OF_TRANSCRIPTION_BY_RNA_POLYMERASE_I		40	-0.21650651	-0.6094848	0.9643436	0.9963964	1.0	4211	tags=28%, list=22%, signal=35%	
GOBP_PHOSPHATIDYLSERINE_METABOLIC_PROCESS	GOBP_PHOSPHATIDYLSERINE_METABOLIC_PROCESS		23	-0.23868966	-0.60944754	0.9532554	0.99611855	1.0	881	tags=9%, list=5%, signal=9%	
GOBP_MALE_MEIOTIC_NUCLEAR_DIVISION	GOBP_MALE_MEIOTIC_NUCLEAR_DIVISION		46	-0.21046783	-0.6087455	0.9850249	0.9960361	1.0	5034	tags=26%, list=26%, signal=35%	
GOCC_SNO_S_RNA_CONTAINING_RIBONUCLEOPROTEIN_COMPLEX	GOCC_SNO_S_RNA_CONTAINING_RIBONUCLEOPROTEIN_COMPLEX		25	-0.2351268	-0.60863376	0.9724138	0.9957846	1.0	5987	tags=40%, list=31%, signal=58%	
GOMF_SINGLE_STRANDED_RNA_BINDING	GOMF_SINGLE_STRANDED_RNA_BINDING		79	-0.18932612	-0.60337454	0.99691355	0.9970191	1.0	4726	tags=24%, list=24%, signal=32%	
GOBP_POSITIVE_REGULATION_OF_MUSCLE_TISSUE_DEVELOPMENT	GOBP_POSITIVE_REGULATION_OF_MUSCLE_TISSUE_DEVELOPMENT		22	-0.24137077	-0.6023908	0.9659864	0.99699944	1.0	4538	tags=41%, list=23%, signal=53%	
GOBP_RRNA_TRANSCRIPTION	GOBP_RRNA_TRANSCRIPTION		32	-0.22148597	-0.60191745	0.975	0.99684626	1.0	3719	tags=25%, list=19%, signal=31%	
GOBP_ISOPRENOID_BIOSYNTHETIC_PROCESS	GOBP_ISOPRENOID_BIOSYNTHETIC_PROCESS		27	-0.23119763	-0.6013003	0.963964	0.9967291	1.0	3586	tags=19%, list=18%, signal=23%	
GOBP_PHOSPHATIDYLGLYCEROL_METABOLIC_PROCESS	GOBP_PHOSPHATIDYLGLYCEROL_METABOLIC_PROCESS		32	-0.21761619	-0.5996806	0.9686985	0.99685556	1.0	5184	tags=38%, list=27%, signal=51%	
GOBP_TRIPARTITE_REGIONAL_SUBDIVISION	GOBP_TRIPARTITE_REGIONAL_SUBDIVISION		17	-0.253422	-0.5995027	0.94957983	0.9966176	1.0	5202	tags=47%, list=27%, signal=64%	
GOBP_NEGATIVE_REGULATION_OF_RECEPTOR_SIGNALING_PATHWAY_VIA_JAK_STAT	GOBP_NEGATIVE_REGULATION_OF_RECEPTOR_SIGNALING_PATHWAY_VIA_JAK_STAT		20	-0.24231847	-0.5992059	0.966611	0.996418	1.0	4581	tags=30%, list=24%, signal=39%	
GOBP_OOCYTE_MATURATION	GOBP_OOCYTE_MATURATION		28	-0.22032231	-0.59747	0.9756944	0.99658	1.0	4290	tags=25%, list=22%, signal=32%	
GOCC_TRANSCRIPTION_FACTOR_TFTC_COMPLEX	GOCC_TRANSCRIPTION_FACTOR_TFTC_COMPLEX		16	-0.25569963	-0.59334785	0.94205606	0.99729705	1.0	5845	tags=50%, list=30%, signal=71%	
GOMF_NUCLEAR_LOCALIZATION_SEQUENCE_BINDING	GOMF_NUCLEAR_LOCALIZATION_SEQUENCE_BINDING		21	-0.23809911	-0.5927271	0.97068965	0.99716705	1.0	489	tags=5%, list=3%, signal=5%	
GOBP_DETECTION_OF_TEMPERATURE_STIMULUS	GOBP_DETECTION_OF_TEMPERATURE_STIMULUS		25	-0.22918405	-0.5922717	0.97	0.99699813	1.0	4156	tags=24%, list=21%, signal=30%	
GOMF_PROTEIN_TRANSPORTER_ACTIVITY	GOMF_PROTEIN_TRANSPORTER_ACTIVITY		39	-0.21191494	-0.59136224	0.9885246	0.99693435	1.0	1044	tags=5%, list=5%, signal=5%	
GOBP_PEPTIDYL_LYSINE_ACETYLATION	GOBP_PEPTIDYL_LYSINE_ACETYLATION		22	-0.2354386	-0.58973217	0.962963	0.9970372	1.0	5606	tags=50%, list=29%, signal=70%	
GOMF_POLY_PURINE_TRACT_BINDING	GOMF_POLY_PURINE_TRACT_BINDING		30	-0.2122174	-0.5829692	0.9846678	0.99823713	1.0	4523	tags=27%, list=23%, signal=35%	
GOBP_POSITIVE_REGULATION_OF_CELLULAR_RESPONSE_TO_TRANSFORMING_GROWTH_FACTOR_BETA_STIMULUS	GOBP_POSITIVE_REGULATION_OF_CELLULAR_RESPONSE_TO_TRANSFORMING_GROWTH_FACTOR_BETA_STIMULUS		30	-0.2167231	-0.577901	0.9800664	0.9990048	1.0	2868	tags=17%, list=15%, signal=20%	
GOBP_NUCLEAR_TRANSCRIBED_MRNA_CATABOLIC_PROCESS_NONSENSE_MEDIATED_DECAY	GOBP_NUCLEAR_TRANSCRIBED_MRNA_CATABOLIC_PROCESS_NONSENSE_MEDIATED_DECAY		40	-0.20363298	-0.5774734	0.9904306	0.9988055	1.0	3108	tags=18%, list=16%, signal=21%	
GOBP_MATURATION_OF_LSU_RRNA_FROM_TRICISTRONIC_RRNA_TRANSCRIPT_SSU_RRNA_5_8S_RRNA_LSU_RRNA	GOBP_MATURATION_OF_LSU_RRNA_FROM_TRICISTRONIC_RRNA_TRANSCRIPT_SSU_RRNA_5_8S_RRNA_LSU_RRNA		15	-0.2509752	-0.57376266	0.9681416	0.99923563	1.0	5527	tags=40%, list=28%, signal=56%	
GOBP_CELL_MIGRATION_IN_HINDBRAIN	GOBP_CELL_MIGRATION_IN_HINDBRAIN		17	-0.23720393	-0.5727945	0.9589041	0.99914813	1.0	3039	tags=18%, list=16%, signal=21%	
GOBP_NUCLEOLAR_LARGE_RRNA_TRANSCRIPTION_BY_RNA_POLYMERASE_I	GOBP_NUCLEOLAR_LARGE_RRNA_TRANSCRIPTION_BY_RNA_POLYMERASE_I		18	-0.23413742	-0.57064223	0.9673321	0.9992539	1.0	3673	tags=28%, list=19%, signal=34%	
GOCC_COP9_SIGNALOSOME	GOCC_COP9_SIGNALOSOME		33	-0.20819905	-0.5698562	0.98450947	0.9991107	1.0	4532	tags=27%, list=23%, signal=36%	
GOBP_BILE_ACID_AND_BILE_SALT_TRANSPORT	GOBP_BILE_ACID_AND_BILE_SALT_TRANSPORT		29	-0.21347557	-0.5676914	0.98805463	0.99920887	1.0	574	tags=3%, list=3%, signal=4%	
GOBP_POSITIVE_REGULATION_OF_PEPTIDYL_THREONINE_PHOSPHORYLATION	GOBP_POSITIVE_REGULATION_OF_PEPTIDYL_THREONINE_PHOSPHORYLATION		27	-0.21301253	-0.5674355	0.9808362	0.9989671	1.0	3059	tags=19%, list=16%, signal=22%	
GOBP_TRNA_THREONYLCARBAMOYLADENOSINE_METABOLIC_PROCESS	GOBP_TRNA_THREONYLCARBAMOYLADENOSINE_METABOLIC_PROCESS		19	-0.22771354	-0.56379527	0.9791667	0.99930185	1.0	2035	tags=11%, list=10%, signal=12%	
GOBP_REGULATION_OF_AMYLOID_BETA_CLEARANCE	GOBP_REGULATION_OF_AMYLOID_BETA_CLEARANCE		17	-0.23386784	-0.563271	0.9711712	0.999105	1.0	5775	tags=35%, list=30%, signal=50%	
GOMF_LAMIN_BINDING	GOMF_LAMIN_BINDING		16	-0.239383	-0.5613349	0.96464646	0.9991286	1.0	5710	tags=50%, list=29%, signal=71%	
GOMF_NUCLEOCYTOPLASMIC_CARRIER_ACTIVITY	GOMF_NUCLEOCYTOPLASMIC_CARRIER_ACTIVITY		30	-0.20794196	-0.5577421	0.9916805	0.9994095	1.0	5523	tags=27%, list=28%, signal=37%	
GOCC_H4_HISTONE_ACETYLTRANSFERASE_COMPLEX	GOCC_H4_HISTONE_ACETYLTRANSFERASE_COMPLEX		39	-0.19630614	-0.5539259	0.99353796	0.99968415	1.0	5777	tags=36%, list=30%, signal=51%	
GOBP_PERK_MEDIATED_UNFOLDED_PROTEIN_RESPONSE	GOBP_PERK_MEDIATED_UNFOLDED_PROTEIN_RESPONSE		20	-0.2208538	-0.55296296	0.97833335	0.99954367	1.0	4212	tags=25%, list=22%, signal=32%	
GOBP_RNA_METHYLATION	GOBP_RNA_METHYLATION		72	-0.17820865	-0.5525741	0.99839485	0.99931395	1.0	4730	tags=29%, list=24%, signal=38%	
GOBP_POSITIVE_REGULATION_BY_HOST_OF_VIRAL_TRANSCRIPTION	GOBP_POSITIVE_REGULATION_BY_HOST_OF_VIRAL_TRANSCRIPTION		17	-0.22746435	-0.5519251	0.9766187	0.999121	1.0	3673	tags=24%, list=19%, signal=29%	
GOBP_SPERMATID_NUCLEUS_DIFFERENTIATION	GOBP_SPERMATID_NUCLEUS_DIFFERENTIATION		24	-0.21625291	-0.5500723	0.9834711	0.9990953	1.0	3703	tags=17%, list=19%, signal=21%	
GOBP_ENDOSOMAL_VESICLE_FUSION	GOBP_ENDOSOMAL_VESICLE_FUSION		15	-0.23354368	-0.5490949	0.96909094	0.9989561	1.0	862	tags=7%, list=4%, signal=7%	
GOCC_INO80_COMPLEX	GOCC_INO80_COMPLEX		16	-0.23443046	-0.5431808	0.97582036	0.9994585	1.0	5886	tags=44%, list=30%, signal=63%	
GOBP_U2_TYPE_PRESPLICEOSOME_ASSEMBLY	GOBP_U2_TYPE_PRESPLICEOSOME_ASSEMBLY		25	-0.20942175	-0.54234314	0.97923875	0.9992772	1.0	4314	tags=24%, list=22%, signal=31%	
GOMF_NUCLEOSIDE_MONOPHOSPHATE_KINASE_ACTIVITY	GOMF_NUCLEOSIDE_MONOPHOSPHATE_KINASE_ACTIVITY		20	-0.21611278	-0.5369859	0.98191684	0.99962044	1.0	5108	tags=30%, list=26%, signal=41%	
GOBP_REGULATION_OF_DNA_METHYLATION_DEPENDENT_HETEROCHROMATIN_FORMATION	GOBP_REGULATION_OF_DNA_METHYLATION_DEPENDENT_HETEROCHROMATIN_FORMATION		15	-0.22902678	-0.5366243	0.97482014	0.999372	1.0	7365	tags=53%, list=38%, signal=86%	
GOBP_SPERM_CAPACITATION	GOBP_SPERM_CAPACITATION		28	-0.20186608	-0.5316292	0.99139416	0.99964976	1.0	2781	tags=11%, list=14%, signal=12%	
GOBP_ACROSOME_ASSEMBLY	GOBP_ACROSOME_ASSEMBLY		28	-0.20017104	-0.5274941	0.98981327	0.9997835	1.0	4470	tags=25%, list=23%, signal=32%	
GOMF_CATALYTIC_ACTIVITY_ACTING_ON_A_RRNA	GOMF_CATALYTIC_ACTIVITY_ACTING_ON_A_RRNA		19	-0.2114291	-0.52614963	0.9897611	0.99964356	1.0	5527	tags=42%, list=28%, signal=59%	
GOBP_POSITIVE_REGULATION_OF_RNA_SPLICING	GOBP_POSITIVE_REGULATION_OF_RNA_SPLICING		48	-0.176854	-0.5237919	1.0	0.99959433	1.0	5740	tags=29%, list=30%, signal=41%	
GOBP_PIRNA_PROCESSING	GOBP_PIRNA_PROCESSING		19	-0.21520433	-0.5233252	0.98542804	0.999355	1.0	5058	tags=37%, list=26%, signal=50%	
GOBP_SNRNA_TRANSCRIPTION	GOBP_SNRNA_TRANSCRIPTION		20	-0.21275415	-0.52166617	0.9864636	0.9992197	1.0	6439	tags=45%, list=33%, signal=67%	
GOBP_NEGATIVE_REGULATION_OF_CYCLIN_DEPENDENT_PROTEIN_SERINE_THREONINE_KINASE_ACTIVITY	GOBP_NEGATIVE_REGULATION_OF_CYCLIN_DEPENDENT_PROTEIN_SERINE_THREONINE_KINASE_ACTIVITY		20	-0.20675144	-0.5179581	0.9892473	0.99927616	1.0	2599	tags=15%, list=13%, signal=17%	
GOBP_NUCLEOTIDE_BINDING_DOMAIN_LEUCINE_RICH_REPEAT_CONTAINING_RECEPTOR_SIGNALING_PATHWAY	GOBP_NUCLEOTIDE_BINDING_DOMAIN_LEUCINE_RICH_REPEAT_CONTAINING_RECEPTOR_SIGNALING_PATHWAY		27	-0.19877148	-0.5174137	0.9930915	0.9990466	1.0	3560	tags=15%, list=18%, signal=18%	
GOBP_REGULATION_OF_DNA_STRAND_ELONGATION	GOBP_REGULATION_OF_DNA_STRAND_ELONGATION		17	-0.21076027	-0.50653714	0.9928952	0.999621	1.0	5886	tags=41%, list=30%, signal=59%	
GOBP_PROTEIN_INSERTION_INTO_ER_MEMBRANE	GOBP_PROTEIN_INSERTION_INTO_ER_MEMBRANE		26	-0.1929317	-0.50436616	0.99464285	0.9994989	1.0	4065	tags=27%, list=21%, signal=34%	
GOBP_REGULATION_OF_NUCLEOTIDE_BINDING_DOMAIN_LEUCINE_RICH_REPEAT_CONTAINING_RECEPTOR_SIGNALING_PATHWAY	GOBP_REGULATION_OF_NUCLEOTIDE_BINDING_DOMAIN_LEUCINE_RICH_REPEAT_CONTAINING_RECEPTOR_SIGNALING_PATHWAY		15	-0.21603703	-0.5020586	0.98357666	0.9993721	1.0	3560	tags=20%, list=18%, signal=24%	
GOBP_VIRAL_BUDDING	GOBP_VIRAL_BUDDING		25	-0.18525238	-0.4872107	0.9907749	0.99998736	1.0	5158	tags=32%, list=27%, signal=44%	
GOCC_PHAGOPHORE_ASSEMBLY_SITE_MEMBRANE	GOCC_PHAGOPHORE_ASSEMBLY_SITE_MEMBRANE		21	-0.18782057	-0.47970018	0.9947183	1.0	1.0	4977	tags=29%, list=26%, signal=38%	
GOCC_POSTSYNAPTIC_SPECIALIZATION_INTRACELLULAR_COMPONENT	GOCC_POSTSYNAPTIC_SPECIALIZATION_INTRACELLULAR_COMPONENT		20	-0.18462148	-0.4581048	0.9964602	1.0	1.0	6176	tags=35%, list=32%, signal=51%	
GOCC_U12_TYPE_SPLICEOSOMAL_COMPLEX	GOCC_U12_TYPE_SPLICEOSOMAL_COMPLEX		27	-0.173149	-0.45406348	0.99826086	1.0	1.0	4314	tags=26%, list=22%, signal=33%	
GOBP_NUCLEAR_TRANSCRIBED_MRNA_POLY_A_TAIL_SHORTENING	GOBP_NUCLEAR_TRANSCRIBED_MRNA_POLY_A_TAIL_SHORTENING		29	-0.1646939	-0.4338728	0.99824256	1.0	1.0	5333	tags=28%, list=27%, signal=38%	
GOMF_UBIQUITIN_PROTEIN_TRANSFERASE_ACTIVATOR_ACTIVITY	GOMF_UBIQUITIN_PROTEIN_TRANSFERASE_ACTIVATOR_ACTIVITY		15	-0.18224932	-0.42661184	0.99816513	1.0	1.0	4836	tags=27%, list=25%, signal=35%	
GOBP_MITOCHONDRIAL_DNA_METABOLIC_PROCESS	GOBP_MITOCHONDRIAL_DNA_METABOLIC_PROCESS		21	-0.1633001	-0.4197235	1.0	1.0	1.0	2498	tags=10%, list=13%, signal=11%	
GOBP_RNA_5_END_PROCESSING	GOBP_RNA_5_END_PROCESSING		34	-0.14941819	-0.41766182	0.9982906	1.0	1.0	4314	tags=21%, list=22%, signal=26%	
GOBP_SENSORY_PERCEPTION_OF_CHEMICAL_STIMULUS	GOBP_SENSORY_PERCEPTION_OF_CHEMICAL_STIMULUS		465	-0.103347056	-0.3990974	1.0	1.0	1.0	558	tags=1%, list=3%, signal=1%	
GOBP_GABAERGIC_NEURON_DIFFERENTIATION	GOBP_GABAERGIC_NEURON_DIFFERENTIATION		17	-0.16417602	-0.38645786	1.0	1.0	1.0	16238	tags=100%, list=84%, signal=609%	
GOBP_POSITIVE_REGULATION_OF_TRANSCRIPTION_BY_RNA_POLYMERASE_III	GOBP_POSITIVE_REGULATION_OF_TRANSCRIPTION_BY_RNA_POLYMERASE_III		17	-0.14727992	-0.35260656	1.0	0.9999378	1.0	7299	tags=47%, list=38%, signal=75%	
