NAME	GS<br> follow link to MSigDB	GS DETAILS	SIZE	ES	NES	NOM p-val	FDR q-val	FWER p-val	RANK AT MAX	LEADING EDGE	
GOCC_TERTIARY_GRANULE	GOCC_TERTIARY_GRANULE	Details ...	157	0.6485465	2.207415	0.0	0.0	0.0	2859	tags=45%, list=15%, signal=52%	
GOCC_SPECIFIC_GRANULE	GOCC_SPECIFIC_GRANULE	Details ...	156	0.6598056	2.2019873	0.0	0.0	0.0	1760	tags=38%, list=9%, signal=42%	
GOBP_MYELOID_CELL_ACTIVATION_INVOLVED_IN_IMMUNE_RESPONSE	GOBP_MYELOID_CELL_ACTIVATION_INVOLVED_IN_IMMUNE_RESPONSE	Details ...	94	0.68542194	2.1611772	0.0	0.0	0.0	2842	tags=56%, list=15%, signal=66%	
GOMF_IMMUNE_RECEPTOR_ACTIVITY	GOMF_IMMUNE_RECEPTOR_ACTIVITY	Details ...	141	0.65843165	2.1577506	0.0	0.0	0.0	2796	tags=51%, list=14%, signal=59%	
GOBP_MYELOID_LEUKOCYTE_ACTIVATION	GOBP_MYELOID_LEUKOCYTE_ACTIVATION	Details ...	231	0.6184069	2.148626	0.0	0.0	0.0	2893	tags=45%, list=15%, signal=53%	
GOBP_LEUKOCYTE_CHEMOTAXIS	GOBP_LEUKOCYTE_CHEMOTAXIS	Details ...	224	0.6162844	2.1273148	0.0	0.0	0.0	2387	tags=44%, list=12%, signal=50%	
GOBP_CELL_ACTIVATION_INVOLVED_IN_IMMUNE_RESPONSE	GOBP_CELL_ACTIVATION_INVOLVED_IN_IMMUNE_RESPONSE	Details ...	298	0.58888394	2.0899925	0.0	1.4631083E-4	0.001	2842	tags=39%, list=15%, signal=45%	
GOBP_ADAPTIVE_IMMUNE_RESPONSE	GOBP_ADAPTIVE_IMMUNE_RESPONSE	Details ...	462	0.5676554	2.0853357	0.0	2.5195815E-4	0.002	2908	tags=38%, list=15%, signal=44%	
GOBP_RESPIRATORY_BURST	GOBP_RESPIRATORY_BURST	Details ...	35	0.7836245	2.0787106	0.0	3.3613996E-4	0.003	1739	tags=57%, list=9%, signal=63%	
GOBP_LEUKOCYTE_MIGRATION	GOBP_LEUKOCYTE_MIGRATION	Details ...	376	0.5725341	2.0774653	0.0	4.0255664E-4	0.004	2387	tags=37%, list=12%, signal=41%	
GOBP_IMMUNE_RESPONSE_REGULATING_CELL_SURFACE_RECEPTOR_SIGNALING_PATHWAY	GOBP_IMMUNE_RESPONSE_REGULATING_CELL_SURFACE_RECEPTOR_SIGNALING_PATHWAY	Details ...	324	0.5764319	2.0772948	0.0	3.6596062E-4	0.004	2929	tags=41%, list=15%, signal=47%	
GOBP_ANTIGEN_PROCESSING_AND_PRESENTATION_OF_PEPTIDE_OR_POLYSACCHARIDE_ANTIGEN_VIA_MHC_CLASS_II	GOBP_ANTIGEN_PROCESSING_AND_PRESENTATION_OF_PEPTIDE_OR_POLYSACCHARIDE_ANTIGEN_VIA_MHC_CLASS_II	Details ...	33	0.77746123	2.0766392	0.0	3.3546388E-4	0.004	2908	tags=67%, list=15%, signal=78%	
GOBP_CELLULAR_DEFENSE_RESPONSE	GOBP_CELLULAR_DEFENSE_RESPONSE	Details ...	52	0.7361789	2.076187	0.0	3.0965896E-4	0.004	2993	tags=62%, list=15%, signal=73%	
GOBP_GRANULOCYTE_CHEMOTAXIS	GOBP_GRANULOCYTE_CHEMOTAXIS	Details ...	121	0.6333359	2.0551932	0.0	5.0291466E-4	0.007	2373	tags=47%, list=12%, signal=53%	
GOCC_SPECIFIC_GRANULE_MEMBRANE	GOCC_SPECIFIC_GRANULE_MEMBRANE	Details ...	88	0.6572241	2.0536547	0.0	4.69387E-4	0.007	1760	tags=42%, list=9%, signal=46%	
GOBP_CELL_CHEMOTAXIS	GOBP_CELL_CHEMOTAXIS	Details ...	299	0.5757304	2.0468266	0.0	6.2820764E-4	0.01	2387	tags=39%, list=12%, signal=44%	
GOBP_POSITIVE_REGULATION_OF_LEUKOCYTE_CELL_CELL_ADHESION	GOBP_POSITIVE_REGULATION_OF_LEUKOCYTE_CELL_CELL_ADHESION	Details ...	266	0.57989717	2.0462914	0.0	5.9125427E-4	0.01	2941	tags=43%, list=15%, signal=50%	
GOBP_CELL_KILLING	GOBP_CELL_KILLING	Details ...	221	0.5890597	2.0433445	0.0	6.1396236E-4	0.011	2553	tags=35%, list=13%, signal=40%	
GOCC_TERTIARY_GRANULE_MEMBRANE	GOCC_TERTIARY_GRANULE_MEMBRANE	Details ...	69	0.6871463	2.0410547	0.0	5.8164855E-4	0.011	3481	tags=61%, list=18%, signal=74%	
GOBP_LEUKOCYTE_DEGRANULATION	GOBP_LEUKOCYTE_DEGRANULATION	Details ...	76	0.67470545	2.0383394	0.0	6.52597E-4	0.013	2783	tags=54%, list=14%, signal=63%	
GOBP_MYELOID_LEUKOCYTE_MIGRATION	GOBP_MYELOID_LEUKOCYTE_MIGRATION		223	0.5897534	2.0376241	0.0	6.701385E-4	0.014	2387	tags=41%, list=12%, signal=46%	
GOBP_EXTRACELLULAR_MATRIX_DISASSEMBLY	GOBP_EXTRACELLULAR_MATRIX_DISASSEMBLY		60	0.6967938	2.037132	0.0	6.396777E-4	0.014	1886	tags=38%, list=10%, signal=42%	
GOBP_LEUKOCYTE_MEDIATED_IMMUNITY	GOBP_LEUKOCYTE_MEDIATED_IMMUNITY		385	0.56057084	2.03492	0.0	6.5576105E-4	0.015	2578	tags=35%, list=13%, signal=40%	
GOBP_FC_GAMMA_RECEPTOR_SIGNALING_PATHWAY	GOBP_FC_GAMMA_RECEPTOR_SIGNALING_PATHWAY		33	0.76826406	2.0301971	0.0	7.543558E-4	0.018	1849	tags=55%, list=10%, signal=60%	
GOBP_GRANULOCYTE_MIGRATION	GOBP_GRANULOCYTE_MIGRATION		145	0.6164498	2.0250874	0.0	8.447248E-4	0.021	2373	tags=44%, list=12%, signal=50%	
GOBP_SUPEROXIDE_ANION_GENERATION	GOBP_SUPEROXIDE_ANION_GENERATION		41	0.7318771	2.0204117	0.0	0.0010070232	0.026	1760	tags=46%, list=9%, signal=51%	
GOCC_SECRETORY_GRANULE_MEMBRANE	GOCC_SECRETORY_GRANULE_MEMBRANE		304	0.56629825	2.0194151	0.0	0.0010068885	0.027	3383	tags=42%, list=17%, signal=50%	
GOBP_REGULATION_OF_LEUKOCYTE_MEDIATED_IMMUNITY	GOBP_REGULATION_OF_LEUKOCYTE_MEDIATED_IMMUNITY		240	0.5773321	2.0176373	0.0	0.0010427865	0.029	2578	tags=36%, list=13%, signal=41%	
GOBP_SUPEROXIDE_METABOLIC_PROCESS	GOBP_SUPEROXIDE_METABOLIC_PROCESS		68	0.669207	2.0128253	0.0	0.0011104157	0.032	1760	tags=43%, list=9%, signal=47%	
GOCC_IMMUNOLOGICAL_SYNAPSE	GOCC_IMMUNOLOGICAL_SYNAPSE		44	0.7231231	2.0119293	0.0	0.0010734019	0.032	3144	tags=52%, list=16%, signal=62%	
GOCC_SPECIFIC_GRANULE_LUMEN	GOCC_SPECIFIC_GRANULE_LUMEN		61	0.67982984	2.010868	0.0	0.001038776	0.032	1475	tags=34%, list=8%, signal=37%	
GOBP_POSITIVE_REGULATION_OF_CELL_ACTIVATION	GOBP_POSITIVE_REGULATION_OF_CELL_ACTIVATION		359	0.55291915	1.9951032	0.0	0.0014136308	0.045	2908	tags=40%, list=15%, signal=46%	
GOBP_FC_RECEPTOR_SIGNALING_PATHWAY	GOBP_FC_RECEPTOR_SIGNALING_PATHWAY		56	0.6877919	1.991998	0.0	0.0014928568	0.049	2790	tags=52%, list=14%, signal=60%	
GOBP_LEUKOCYTE_CELL_CELL_ADHESION	GOBP_LEUKOCYTE_CELL_CELL_ADHESION		395	0.5520891	1.9916655	0.0	0.0014489493	0.049	2941	tags=41%, list=15%, signal=47%	
GOBP_GRANULOCYTE_ACTIVATION	GOBP_GRANULOCYTE_ACTIVATION		48	0.71351975	1.9869453	0.0	0.0016364375	0.057	2335	tags=60%, list=12%, signal=69%	
GOMF_ANTIGEN_BINDING	GOMF_ANTIGEN_BINDING		67	0.6677747	1.986499	0.0	0.0015909809	0.057	2057	tags=42%, list=11%, signal=47%	
GOBP_DETECTION_OF_OTHER_ORGANISM	GOBP_DETECTION_OF_OTHER_ORGANISM		19	0.84462154	1.9818101	0.0	0.0017666167	0.065	898	tags=47%, list=5%, signal=50%	
GOBP_LEUKOCYTE_ADHESION_TO_VASCULAR_ENDOTHELIAL_CELL	GOBP_LEUKOCYTE_ADHESION_TO_VASCULAR_ENDOTHELIAL_CELL		48	0.7116156	1.980966	0.0	0.0017201267	0.065	2941	tags=58%, list=15%, signal=69%	
GOBP_ANTIGEN_PROCESSING_AND_PRESENTATION_OF_EXOGENOUS_PEPTIDE_ANTIGEN_VIA_MHC_CLASS_II	GOBP_ANTIGEN_PROCESSING_AND_PRESENTATION_OF_EXOGENOUS_PEPTIDE_ANTIGEN_VIA_MHC_CLASS_II		29	0.7796497	1.9795637	0.0	0.0017276229	0.067	2908	tags=66%, list=15%, signal=77%	
GOMF_ANTIOXIDANT_ACTIVITY	GOMF_ANTIOXIDANT_ACTIVITY		78	0.6511231	1.9788605	0.0	0.0016844324	0.067	1817	tags=28%, list=9%, signal=31%	
GOBP_DETECTION_OF_EXTERNAL_BIOTIC_STIMULUS	GOBP_DETECTION_OF_EXTERNAL_BIOTIC_STIMULUS		26	0.7935389	1.9766452	0.0	0.001716889	0.07	1150	tags=42%, list=6%, signal=45%	
GOBP_CELLULAR_EXTRAVASATION	GOBP_CELLULAR_EXTRAVASATION		73	0.6561301	1.9746898	0.0	0.0018182506	0.076	2479	tags=45%, list=13%, signal=52%	
GOBP_ADAPTIVE_IMMUNE_RESPONSE_BASED_ON_SOMATIC_RECOMBINATION_OF_IMMUNE_RECEPTORS_BUILT_FROM_IMMUNOGLOBULIN_SUPERFAMILY_DOMAINS	GOBP_ADAPTIVE_IMMUNE_RESPONSE_BASED_ON_SOMATIC_RECOMBINATION_OF_IMMUNE_RECEPTORS_BUILT_FROM_IMMUNOGLOBULIN_SUPERFAMILY_DOMAINS		304	0.55966717	1.9736855	0.0	0.0018703714	0.08	2842	tags=36%, list=15%, signal=41%	
GOBP_RESPONSE_TO_CHEMOKINE	GOBP_RESPONSE_TO_CHEMOKINE		94	0.62914187	1.9708706	0.0	0.0020337938	0.088	3006	tags=48%, list=15%, signal=56%	
GOBP_LEUKOCYTE_TETHERING_OR_ROLLING	GOBP_LEUKOCYTE_TETHERING_OR_ROLLING		34	0.7393198	1.9706156	0.0	0.0020336576	0.09	2941	tags=65%, list=15%, signal=76%	
GOBP_REGULATION_OF_CELL_KILLING	GOBP_REGULATION_OF_CELL_KILLING		110	0.6207597	1.9683461	0.0	0.0020559856	0.093	2927	tags=43%, list=15%, signal=50%	
GOBP_POSITIVE_REGULATION_OF_INTERLEUKIN_1_BETA_PRODUCTION	GOBP_POSITIVE_REGULATION_OF_INTERLEUKIN_1_BETA_PRODUCTION		58	0.6907588	1.9662104	0.0	0.0022049148	0.101	2942	tags=60%, list=15%, signal=71%	
GOCC_MHC_PROTEIN_COMPLEX	GOCC_MHC_PROTEIN_COMPLEX		24	0.7948231	1.9630494	0.0018050541	0.0024106232	0.113	1733	tags=50%, list=9%, signal=55%	
GOBP_POSITIVE_REGULATION_OF_LEUKOCYTE_MIGRATION	GOBP_POSITIVE_REGULATION_OF_LEUKOCYTE_MIGRATION		146	0.5873534	1.9630191	0.0	0.0023614268	0.113	2367	tags=40%, list=12%, signal=46%	
GOCC_EXTERNAL_SIDE_OF_PLASMA_MEMBRANE	GOCC_EXTERNAL_SIDE_OF_PLASMA_MEMBRANE		382	0.5412505	1.9587226	0.0	0.0026363705	0.124	2827	tags=37%, list=15%, signal=43%	
GOBP_RESPONSE_TO_FUNGUS	GOBP_RESPONSE_TO_FUNGUS		66	0.67065966	1.9583387	0.0	0.0026044606	0.125	2296	tags=39%, list=12%, signal=45%	
GOBP_ANTIMICROBIAL_HUMORAL_IMMUNE_RESPONSE_MEDIATED_BY_ANTIMICROBIAL_PEPTIDE	GOBP_ANTIMICROBIAL_HUMORAL_IMMUNE_RESPONSE_MEDIATED_BY_ANTIMICROBIAL_PEPTIDE		99	0.6146926	1.9573586	0.0	0.0026902633	0.13	2373	tags=35%, list=12%, signal=40%	
GOBP_POSITIVE_REGULATION_OF_LEUKOCYTE_CHEMOTAXIS	GOBP_POSITIVE_REGULATION_OF_LEUKOCYTE_CHEMOTAXIS		91	0.627285	1.9566308	0.0	0.002696752	0.133	2367	tags=46%, list=12%, signal=52%	
GOBP_DETECTION_OF_BACTERIUM	GOBP_DETECTION_OF_BACTERIUM		16	0.85560274	1.9535334	0.0	0.00281466	0.139	864	tags=50%, list=4%, signal=52%	
GOBP_MONONUCLEAR_CELL_MIGRATION	GOBP_MONONUCLEAR_CELL_MIGRATION		210	0.5674274	1.9518902	0.0	0.0028370041	0.142	2387	tags=37%, list=12%, signal=42%	
GOCC_PODOSOME	GOCC_PODOSOME		31	0.74703825	1.9515932	0.0	0.0027863435	0.142	2876	tags=65%, list=15%, signal=76%	
GOMF_OXIDOREDUCTASE_ACTIVITY_ACTING_ON_PEROXIDE_AS_ACCEPTOR	GOMF_OXIDOREDUCTASE_ACTIVITY_ACTING_ON_PEROXIDE_AS_ACCEPTOR		57	0.67646956	1.9491785	0.0	0.0028618409	0.145	1817	tags=32%, list=9%, signal=35%	
GOBP_POSITIVE_REGULATION_OF_INTERLEUKIN_1_PRODUCTION	GOBP_POSITIVE_REGULATION_OF_INTERLEUKIN_1_PRODUCTION		69	0.6558843	1.9463611	0.0	0.0030042038	0.154	2942	tags=54%, list=15%, signal=63%	
GOBP_LYMPHOCYTE_MEDIATED_IMMUNITY	GOBP_LYMPHOCYTE_MEDIATED_IMMUNITY		293	0.54845107	1.9434663	0.0	0.0030715487	0.159	2712	tags=34%, list=14%, signal=39%	
GOBP_LEUKOCYTE_MEDIATED_CYTOTOXICITY	GOBP_LEUKOCYTE_MEDIATED_CYTOTOXICITY		140	0.58358604	1.9380728	0.0	0.0032739614	0.171	2553	tags=37%, list=13%, signal=42%	
GOBP_REGULATION_OF_LEUKOCYTE_CHEMOTAXIS	GOBP_REGULATION_OF_LEUKOCYTE_CHEMOTAXIS		117	0.6077554	1.9367033	0.0	0.0033034908	0.175	2367	tags=44%, list=12%, signal=50%	
GOBP_PRODUCTION_OF_MOLECULAR_MEDIATOR_INVOLVED_IN_INFLAMMATORY_RESPONSE	GOBP_PRODUCTION_OF_MOLECULAR_MEDIATOR_INVOLVED_IN_INFLAMMATORY_RESPONSE		85	0.6294819	1.9366575	0.0	0.0032502087	0.175	1498	tags=34%, list=8%, signal=37%	
GOBP_DEFENSE_RESPONSE_TO_BACTERIUM	GOBP_DEFENSE_RESPONSE_TO_BACTERIUM		294	0.54711497	1.9365504	0.0	0.0031986178	0.175	2371	tags=26%, list=12%, signal=29%	
GOBP_DEFENSE_RESPONSE_TO_GRAM_POSITIVE_BACTERIUM	GOBP_DEFENSE_RESPONSE_TO_GRAM_POSITIVE_BACTERIUM		108	0.6078548	1.9348423	0.0	0.003337226	0.183	2328	tags=31%, list=12%, signal=35%	
GOBP_ANTIMICROBIAL_HUMORAL_RESPONSE	GOBP_ANTIMICROBIAL_HUMORAL_RESPONSE		137	0.58346224	1.933341	0.0	0.0033479922	0.186	2373	tags=31%, list=12%, signal=36%	
GOBP_POSITIVE_REGULATION_OF_LYMPHOCYTE_MIGRATION	GOBP_POSITIVE_REGULATION_OF_LYMPHOCYTE_MIGRATION		41	0.7137441	1.9318877	0.0	0.0034340192	0.191	2632	tags=46%, list=14%, signal=53%	
GOBP_DETECTION_OF_BIOTIC_STIMULUS	GOBP_DETECTION_OF_BIOTIC_STIMULUS		37	0.72068924	1.9283657	0.0	0.0036684151	0.206	2556	tags=46%, list=13%, signal=53%	
GOBP_REGULATION_OF_IMMUNE_EFFECTOR_PROCESS	GOBP_REGULATION_OF_IMMUNE_EFFECTOR_PROCESS		379	0.5343924	1.9254359	0.0	0.0038222491	0.215	2803	tags=35%, list=14%, signal=41%	
GOBP_T_CELL_DIFFERENTIATION_INVOLVED_IN_IMMUNE_RESPONSE	GOBP_T_CELL_DIFFERENTIATION_INVOLVED_IN_IMMUNE_RESPONSE		85	0.6183701	1.9253376	0.0	0.0037813378	0.216	2017	tags=34%, list=10%, signal=38%	
GOBP_POSITIVE_REGULATION_OF_MONONUCLEAR_CELL_MIGRATION	GOBP_POSITIVE_REGULATION_OF_MONONUCLEAR_CELL_MIGRATION		90	0.61559707	1.9241991	0.0	0.0038274252	0.22	2632	tags=43%, list=14%, signal=50%	
GOBP_LYMPHOCYTE_MIGRATION	GOBP_LYMPHOCYTE_MIGRATION		100	0.6045933	1.9205788	0.0	0.004085287	0.239	2365	tags=37%, list=12%, signal=42%	
GOBP_NEUTROPHIL_CHEMOTAXIS	GOBP_NEUTROPHIL_CHEMOTAXIS		81	0.6331159	1.9179348	0.0	0.0042524943	0.252	2373	tags=51%, list=12%, signal=57%	
GOCC_TERTIARY_GRANULE_LUMEN	GOCC_TERTIARY_GRANULE_LUMEN		53	0.6749549	1.9168955	0.0	0.0042906934	0.257	2771	tags=47%, list=14%, signal=55%	
GOBP_MYELOID_CELL_DEVELOPMENT	GOBP_MYELOID_CELL_DEVELOPMENT		85	0.6224521	1.9102869	0.0	0.004748876	0.286	2585	tags=42%, list=13%, signal=49%	
GOBP_DEFENSE_RESPONSE_TO_GRAM_NEGATIVE_BACTERIUM	GOBP_DEFENSE_RESPONSE_TO_GRAM_NEGATIVE_BACTERIUM		91	0.61403143	1.9097116	0.0	0.004805721	0.295	3312	tags=37%, list=17%, signal=45%	
GOBP_MYELOID_LEUKOCYTE_MEDIATED_IMMUNITY	GOBP_MYELOID_LEUKOCYTE_MEDIATED_IMMUNITY		105	0.59997123	1.9058523	0.0	0.0051011117	0.315	1472	tags=36%, list=8%, signal=39%	
GOMF_MHC_PROTEIN_COMPLEX_BINDING	GOMF_MHC_PROTEIN_COMPLEX_BINDING		34	0.71740156	1.9051346	0.0	0.005112824	0.317	2031	tags=53%, list=10%, signal=59%	
GOBP_POSITIVE_REGULATION_OF_CHEMOTAXIS	GOBP_POSITIVE_REGULATION_OF_CHEMOTAXIS		139	0.5810329	1.9047312	0.0	0.0051244395	0.321	2955	tags=46%, list=15%, signal=54%	
GOBP_NEUTROPHIL_MIGRATION	GOBP_NEUTROPHIL_MIGRATION		101	0.60669845	1.904579	0.0	0.0050725495	0.322	2373	tags=46%, list=12%, signal=52%	
GOBP_POSITIVE_REGULATION_OF_CYTOKINE_PRODUCTION	GOBP_POSITIVE_REGULATION_OF_CYTOKINE_PRODUCTION		473	0.51717293	1.9037017	0.0	0.0051478	0.33	2842	tags=35%, list=15%, signal=40%	
GOBP_B_CELL_MEDIATED_IMMUNITY	GOBP_B_CELL_MEDIATED_IMMUNITY		131	0.5841525	1.9010295	0.0	0.0053712097	0.342	3020	tags=38%, list=16%, signal=45%	
GOBP_REGULATION_OF_MYELOID_LEUKOCYTE_MEDIATED_IMMUNITY	GOBP_REGULATION_OF_MYELOID_LEUKOCYTE_MEDIATED_IMMUNITY		55	0.66463083	1.9004259	0.0	0.00540374	0.347	2335	tags=47%, list=12%, signal=54%	
GOCC_PLATELET_ALPHA_GRANULE	GOCC_PLATELET_ALPHA_GRANULE		89	0.6143179	1.9003967	0.0	0.0053386344	0.347	1453	tags=33%, list=7%, signal=35%	
GOMF_HEPARIN_BINDING	GOMF_HEPARIN_BINDING		159	0.564478	1.8957748	0.0	0.0057310527	0.37	1906	tags=25%, list=10%, signal=28%	
GOCC_VESICLE_LUMEN	GOCC_VESICLE_LUMEN		321	0.52993673	1.8927959	0.0	0.005936353	0.385	1739	tags=25%, list=9%, signal=27%	
GOBP_REGULATION_OF_LEUKOCYTE_MIGRATION	GOBP_REGULATION_OF_LEUKOCYTE_MIGRATION		218	0.54840016	1.8915514	0.0	0.0059962342	0.392	2367	tags=36%, list=12%, signal=41%	
GOMF_MHC_CLASS_II_PROTEIN_COMPLEX_BINDING	GOMF_MHC_CLASS_II_PROTEIN_COMPLEX_BINDING		25	0.76867336	1.8886756	0.0	0.0063443608	0.407	1733	tags=52%, list=9%, signal=57%	
GOCC_MHC_CLASS_II_PROTEIN_COMPLEX	GOCC_MHC_CLASS_II_PROTEIN_COMPLEX		15	0.8463066	1.8878297	0.0	0.0063746413	0.41	1733	tags=73%, list=9%, signal=80%	
GOBP_B_CELL_RECEPTOR_SIGNALING_PATHWAY	GOBP_B_CELL_RECEPTOR_SIGNALING_PATHWAY		61	0.6408745	1.8862785	0.0	0.006461687	0.417	3342	tags=56%, list=17%, signal=67%	
GOCC_FICOLIN_1_RICH_GRANULE_MEMBRANE	GOCC_FICOLIN_1_RICH_GRANULE_MEMBRANE		58	0.6438158	1.8858948	0.0	0.0064460244	0.419	3481	tags=48%, list=18%, signal=59%	
GOBP_POSITIVE_REGULATION_OF_CELL_CELL_ADHESION	GOBP_POSITIVE_REGULATION_OF_CELL_CELL_ADHESION		314	0.52948976	1.8851526	0.0	0.0064530764	0.424	2853	tags=38%, list=15%, signal=44%	
GOBP_POSITIVE_REGULATION_OF_LEUKOCYTE_MEDIATED_IMMUNITY	GOBP_POSITIVE_REGULATION_OF_LEUKOCYTE_MEDIATED_IMMUNITY		145	0.57043	1.8849139	0.0	0.0063829343	0.424	2578	tags=37%, list=13%, signal=42%	
GOBP_ANTIGEN_PROCESSING_AND_PRESENTATION_OF_EXOGENOUS_ANTIGEN	GOBP_ANTIGEN_PROCESSING_AND_PRESENTATION_OF_EXOGENOUS_ANTIGEN		48	0.6787169	1.8835568	0.0	0.0064878194	0.432	2908	tags=54%, list=15%, signal=64%	
GOBP_HUMORAL_IMMUNE_RESPONSE	GOBP_HUMORAL_IMMUNE_RESPONSE		257	0.5349269	1.8789004	0.0	0.007039987	0.465	2840	tags=33%, list=15%, signal=38%	
GOBP_PHAGOCYTOSIS	GOBP_PHAGOCYTOSIS		231	0.53563184	1.8785938	0.0	0.0069974815	0.466	3144	tags=42%, list=16%, signal=50%	
GOBP_ANTIGEN_PROCESSING_AND_PRESENTATION_OF_EXOGENOUS_PEPTIDE_ANTIGEN	GOBP_ANTIGEN_PROCESSING_AND_PRESENTATION_OF_EXOGENOUS_PEPTIDE_ANTIGEN		39	0.6964493	1.8783357	0.0	0.006977348	0.467	2908	tags=59%, list=15%, signal=69%	
GOBP_POSITIVE_REGULATION_OF_T_CELL_PROLIFERATION	GOBP_POSITIVE_REGULATION_OF_T_CELL_PROLIFERATION		98	0.5954578	1.8780875	0.0	0.006926366	0.469	2842	tags=45%, list=15%, signal=52%	
GOBP_DEFENSE_RESPONSE_TO_FUNGUS	GOBP_DEFENSE_RESPONSE_TO_FUNGUS		55	0.6553509	1.8777841	0.0016260162	0.006876189	0.47	2296	tags=42%, list=12%, signal=47%	
GOBP_CELLULAR_OXIDANT_DETOXIFICATION	GOBP_CELLULAR_OXIDANT_DETOXIFICATION		90	0.60287344	1.8777136	0.0	0.0068170545	0.471	1817	tags=28%, list=9%, signal=31%	
GOMF_GLYCOSAMINOGLYCAN_BINDING	GOMF_GLYCOSAMINOGLYCAN_BINDING		224	0.5423584	1.8729886	0.0	0.007504668	0.515	1906	tags=25%, list=10%, signal=27%	
GOCC_NADPH_OXIDASE_COMPLEX	GOCC_NADPH_OXIDASE_COMPLEX		18	0.80301577	1.8711432	0.0	0.007720162	0.528	1418	tags=56%, list=7%, signal=60%	
GOBP_TAXIS	GOBP_TAXIS		441	0.508448	1.8693508	0.0	0.007881729	0.54	2408	tags=33%, list=12%, signal=37%	
GOMF_ORGANIC_ACID_BINDING	GOMF_ORGANIC_ACID_BINDING		195	0.5435895	1.8680174	0.0	0.00799082	0.55	1951	tags=27%, list=10%, signal=29%	
GOBP_CELLULAR_RESPONSE_TO_CADMIUM_ION	GOBP_CELLULAR_RESPONSE_TO_CADMIUM_ION		36	0.7065912	1.8668545	0.0	0.008079258	0.558	2840	tags=53%, list=15%, signal=62%	
GOCC_COLLAGEN_CONTAINING_EXTRACELLULAR_MATRIX	GOCC_COLLAGEN_CONTAINING_EXTRACELLULAR_MATRIX		414	0.5064469	1.8598845	0.0	0.008924284	0.589	2406	tags=30%, list=12%, signal=34%	
GOBP_T_HELPER_2_CELL_DIFFERENTIATION	GOBP_T_HELPER_2_CELL_DIFFERENTIATION		18	0.7901118	1.8580878	0.0019493178	0.009199553	0.609	1937	tags=50%, list=10%, signal=55%	
GOBP_RESPONSE_TO_AMYLOID_BETA	GOBP_RESPONSE_TO_AMYLOID_BETA		49	0.64821804	1.8569732	0.0016977929	0.009349146	0.622	2685	tags=35%, list=14%, signal=40%	
GOBP_POSITIVE_REGULATION_OF_CELL_KILLING	GOBP_POSITIVE_REGULATION_OF_CELL_KILLING		74	0.6182451	1.8565708	0.0	0.00933729	0.627	2792	tags=43%, list=14%, signal=50%	
GOMF_CYSTEINE_TYPE_ENDOPEPTIDASE_REGULATOR_ACTIVITY_INVOLVED_IN_APOPTOTIC_PROCESS	GOMF_CYSTEINE_TYPE_ENDOPEPTIDASE_REGULATOR_ACTIVITY_INVOLVED_IN_APOPTOTIC_PROCESS		41	0.6785824	1.8532672	0.0	0.009676865	0.638	2942	tags=46%, list=15%, signal=54%	
GOMF_CORECEPTOR_ACTIVITY	GOMF_CORECEPTOR_ACTIVITY		56	0.63733715	1.8501925	0.0	0.010128266	0.656	1938	tags=43%, list=10%, signal=47%	
GOBP_REGULATION_OF_ACTIN_FILAMENT_BASED_MOVEMENT	GOBP_REGULATION_OF_ACTIN_FILAMENT_BASED_MOVEMENT		40	0.6868102	1.850066	0.0017211704	0.010037022	0.656	1136	tags=23%, list=6%, signal=24%	
GOMF_CYTOKINE_BINDING	GOMF_CYTOKINE_BINDING		143	0.56236196	1.8490378	0.0	0.010109285	0.665	2873	tags=42%, list=15%, signal=49%	
GOBP_T_CELL_MIGRATION	GOBP_T_CELL_MIGRATION		69	0.6213136	1.8489507	0.0	0.010073015	0.666	2365	tags=42%, list=12%, signal=48%	
GOMF_PEPTIDOGLYCAN_BINDING	GOMF_PEPTIDOGLYCAN_BINDING		18	0.7886789	1.8483396	0.0	0.010135028	0.675	1133	tags=33%, list=6%, signal=35%	
GOBP_DENDRITIC_CELL_ANTIGEN_PROCESSING_AND_PRESENTATION	GOBP_DENDRITIC_CELL_ANTIGEN_PROCESSING_AND_PRESENTATION		16	0.81335014	1.8482304	0.0018621974	0.010064521	0.676	2840	tags=88%, list=15%, signal=102%	
GOBP_REGULATION_OF_T_CELL_ACTIVATION	GOBP_REGULATION_OF_T_CELL_ACTIVATION		367	0.50803196	1.8449165	0.0	0.010369147	0.689	2842	tags=35%, list=15%, signal=41%	
GOCC_KERATIN_FILAMENT	GOCC_KERATIN_FILAMENT		76	0.60228527	1.8425597	0.0	0.010693854	0.699	1020	tags=12%, list=5%, signal=12%	
GOBP_MAST_CELL_ACTIVATION	GOBP_MAST_CELL_ACTIVATION		68	0.61952394	1.8422691	0.0	0.010671561	0.701	1472	tags=35%, list=8%, signal=38%	
GOBP_INTERLEUKIN_1_PRODUCTION	GOBP_INTERLEUKIN_1_PRODUCTION		106	0.5808379	1.8413945	0.0	0.010751254	0.706	2842	tags=47%, list=15%, signal=55%	
GOBP_REGULATION_OF_LYMPHOCYTE_ACTIVATION	GOBP_REGULATION_OF_LYMPHOCYTE_ACTIVATION		483	0.50151265	1.8391238	0.0	0.010920915	0.713	2842	tags=35%, list=15%, signal=40%	
GOBP_REGULATION_OF_LYMPHOCYTE_MEDIATED_IMMUNITY	GOBP_REGULATION_OF_LYMPHOCYTE_MEDIATED_IMMUNITY		182	0.54066265	1.836685	0.0	0.01128813	0.736	2842	tags=35%, list=15%, signal=41%	
GOBP_T_CELL_ACTIVATION_INVOLVED_IN_IMMUNE_RESPONSE	GOBP_T_CELL_ACTIVATION_INVOLVED_IN_IMMUNE_RESPONSE		125	0.562236	1.8343726	0.0	0.011766087	0.754	2842	tags=33%, list=15%, signal=38%	
GOBP_MACROPHAGE_ACTIVATION	GOBP_MACROPHAGE_ACTIVATION		103	0.5841289	1.8333834	0.0	0.0118345525	0.759	2893	tags=43%, list=15%, signal=50%	
GOBP_PYROPTOSIS	GOBP_PYROPTOSIS		34	0.70940536	1.8332692	0.0	0.011771832	0.76	3539	tags=59%, list=18%, signal=72%	
GOBP_INTERLEUKIN_6_PRODUCTION	GOBP_INTERLEUKIN_6_PRODUCTION		144	0.5511191	1.8318292	0.0	0.011902466	0.767	2156	tags=38%, list=11%, signal=43%	
GOBP_POSITIVE_REGULATION_OF_T_CELL_MIGRATION	GOBP_POSITIVE_REGULATION_OF_T_CELL_MIGRATION		34	0.69827473	1.8304385	0.0035971224	0.012112197	0.772	2632	tags=44%, list=14%, signal=51%	
GOBP_DISRUPTION_OF_ANATOMICAL_STRUCTURE_IN_ANOTHER_ORGANISM	GOBP_DISRUPTION_OF_ANATOMICAL_STRUCTURE_IN_ANOTHER_ORGANISM		90	0.59415793	1.830106	0.0	0.0120642	0.774	2383	tags=33%, list=12%, signal=38%	
GOBP_REGULATION_OF_LEUKOCYTE_DEGRANULATION	GOBP_REGULATION_OF_LEUKOCYTE_DEGRANULATION		44	0.6603538	1.8290371	0.0	0.012214373	0.776	2335	tags=45%, list=12%, signal=52%	
GOBP_INFLAMMATORY_CELL_APOPTOTIC_PROCESS	GOBP_INFLAMMATORY_CELL_APOPTOTIC_PROCESS		21	0.76267195	1.8247917	0.0	0.013158006	0.806	3095	tags=48%, list=16%, signal=57%	
GOBP_HYDROGEN_PEROXIDE_CATABOLIC_PROCESS	GOBP_HYDROGEN_PEROXIDE_CATABOLIC_PROCESS		30	0.6999405	1.8229773	0.0	0.013505926	0.814	2747	tags=50%, list=14%, signal=58%	
GOCC_T_CELL_RECEPTOR_COMPLEX	GOCC_T_CELL_RECEPTOR_COMPLEX		17	0.79556334	1.8228112	0.0	0.0134566035	0.814	2623	tags=76%, list=14%, signal=88%	
GOCC_FICOLIN_1_RICH_GRANULE	GOCC_FICOLIN_1_RICH_GRANULE		181	0.5347162	1.8218944	0.0	0.013599342	0.817	3643	tags=38%, list=19%, signal=46%	
GOBP_POSITIVE_REGULATION_OF_CELL_ADHESION	GOBP_POSITIVE_REGULATION_OF_CELL_ADHESION		465	0.49537414	1.8203652	0.0	0.013815588	0.824	2646	tags=34%, list=14%, signal=39%	
GOBP_POSITIVE_REGULATION_OF_IMMUNE_EFFECTOR_PROCESS	GOBP_POSITIVE_REGULATION_OF_IMMUNE_EFFECTOR_PROCESS		251	0.5161099	1.8201857	0.0	0.013735144	0.824	2803	tags=36%, list=14%, signal=41%	
GOBP_LIPOPOLYSACCHARIDE_MEDIATED_SIGNALING_PATHWAY	GOBP_LIPOPOLYSACCHARIDE_MEDIATED_SIGNALING_PATHWAY		54	0.62801564	1.8193753	0.0	0.013849863	0.828	2509	tags=41%, list=13%, signal=47%	
GOBP_CD4_POSITIVE_ALPHA_BETA_T_CELL_DIFFERENTIATION	GOBP_CD4_POSITIVE_ALPHA_BETA_T_CELL_DIFFERENTIATION		95	0.57643723	1.8171327	0.0	0.014220713	0.839	2743	tags=37%, list=14%, signal=43%	
GOBP_MACROPHAGE_ACTIVATION_INVOLVED_IN_IMMUNE_RESPONSE	GOBP_MACROPHAGE_ACTIVATION_INVOLVED_IN_IMMUNE_RESPONSE		19	0.76487166	1.8171142	0.0037313432	0.014116912	0.839	3076	tags=63%, list=16%, signal=75%	
GOBP_REGULATION_OF_ACROSOME_REACTION	GOBP_REGULATION_OF_ACROSOME_REACTION		17	0.798744	1.8158153	0.0	0.014372603	0.853	784	tags=29%, list=4%, signal=31%	
GOBP_INTERLEUKIN_8_PRODUCTION	GOBP_INTERLEUKIN_8_PRODUCTION		80	0.5937669	1.8157339	0.0015649452	0.014291026	0.853	2156	tags=36%, list=11%, signal=41%	
GOBP_POSITIVE_REGULATION_OF_LEUKOCYTE_PROLIFERATION	GOBP_POSITIVE_REGULATION_OF_LEUKOCYTE_PROLIFERATION		158	0.54601926	1.8121203	0.0	0.014981422	0.868	2842	tags=40%, list=15%, signal=46%	
GOCC_PLASMA_MEMBRANE_SIGNALING_RECEPTOR_COMPLEX	GOCC_PLASMA_MEMBRANE_SIGNALING_RECEPTOR_COMPLEX		185	0.53024644	1.8110129	0.0	0.015139546	0.87	2680	tags=31%, list=14%, signal=35%	
GOMF_LIPOPOLYSACCHARIDE_BINDING	GOMF_LIPOPOLYSACCHARIDE_BINDING		39	0.66975594	1.8098714	0.0	0.015317327	0.873	2556	tags=38%, list=13%, signal=44%	
GOMF_SIALIC_ACID_BINDING	GOMF_SIALIC_ACID_BINDING		21	0.755539	1.8082235	0.0017361111	0.015696125	0.879	1906	tags=48%, list=10%, signal=53%	
GOBP_ERYTHROCYTE_DEVELOPMENT	GOBP_ERYTHROCYTE_DEVELOPMENT		42	0.6614476	1.8076344	0.0	0.015740972	0.883	2926	tags=45%, list=15%, signal=53%	
GOBP_LYMPHOCYTE_CHEMOTAXIS	GOBP_LYMPHOCYTE_CHEMOTAXIS		43	0.6621829	1.8068229	0.0	0.015868591	0.891	2365	tags=49%, list=12%, signal=55%	
GOBP_TUMOR_NECROSIS_FACTOR_SUPERFAMILY_CYTOKINE_PRODUCTION	GOBP_TUMOR_NECROSIS_FACTOR_SUPERFAMILY_CYTOKINE_PRODUCTION		166	0.53746843	1.8065324	0.0	0.01582868	0.892	2150	tags=36%, list=11%, signal=40%	
GOMF_COLLAGEN_BINDING	GOMF_COLLAGEN_BINDING		66	0.6081447	1.8058443	0.0	0.015926946	0.895	2572	tags=44%, list=13%, signal=50%	
GOBP_MAST_CELL_ACTIVATION_INVOLVED_IN_IMMUNE_RESPONSE	GOBP_MAST_CELL_ACTIVATION_INVOLVED_IN_IMMUNE_RESPONSE		54	0.6349891	1.8054237	0.0	0.015982153	0.899	1472	tags=41%, list=8%, signal=44%	
GOBP_REGULATION_OF_LIPOPOLYSACCHARIDE_MEDIATED_SIGNALING_PATHWAY	GOBP_REGULATION_OF_LIPOPOLYSACCHARIDE_MEDIATED_SIGNALING_PATHWAY		26	0.7117653	1.8043419	0.0	0.016287232	0.901	2161	tags=38%, list=11%, signal=43%	
GOBP_REGULATION_OF_INFLAMMATORY_RESPONSE	GOBP_REGULATION_OF_INFLAMMATORY_RESPONSE		365	0.4915414	1.8039292	0.0	0.016239475	0.901	2796	tags=32%, list=14%, signal=37%	
GOMF_CELL_ADHESION_MEDIATOR_ACTIVITY	GOMF_CELL_ADHESION_MEDIATOR_ACTIVITY		66	0.6112903	1.8037397	0.0	0.01620539	0.901	2339	tags=35%, list=12%, signal=39%	
GOBP_REGULATION_OF_CELL_SHAPE	GOBP_REGULATION_OF_CELL_SHAPE		127	0.5553327	1.8030574	0.0	0.016304467	0.904	2536	tags=33%, list=13%, signal=38%	
GOBP_REGULATION_OF_CHEMOTAXIS	GOBP_REGULATION_OF_CHEMOTAXIS		198	0.52713436	1.8023725	0.0	0.01640214	0.906	3035	tags=43%, list=16%, signal=51%	
GOBP_INFLAMMATORY_RESPONSE_TO_ANTIGENIC_STIMULUS	GOBP_INFLAMMATORY_RESPONSE_TO_ANTIGENIC_STIMULUS		72	0.6047743	1.8009707	0.0	0.016636498	0.911	2796	tags=40%, list=14%, signal=47%	
GOBP_POSITIVE_REGULATION_OF_MACROPHAGE_MIGRATION	GOBP_POSITIVE_REGULATION_OF_MACROPHAGE_MIGRATION		25	0.7226992	1.7994194	0.0	0.016912082	0.917	2556	tags=56%, list=13%, signal=64%	
GOMF_RETINOIC_ACID_BINDING	GOMF_RETINOIC_ACID_BINDING		27	0.71155274	1.7989475	0.003533569	0.016907126	0.917	1587	tags=19%, list=8%, signal=20%	
GOMF_EXTRACELLULAR_MATRIX_STRUCTURAL_CONSTITUENT_CONFERRING_COMPRESSION_RESISTANCE	GOMF_EXTRACELLULAR_MATRIX_STRUCTURAL_CONSTITUENT_CONFERRING_COMPRESSION_RESISTANCE		21	0.748166	1.7982383	0.0	0.017010618	0.918	557	tags=24%, list=3%, signal=24%	
GOBP_NEUTROPHIL_ACTIVATION_INVOLVED_IN_IMMUNE_RESPONSE	GOBP_NEUTROPHIL_ACTIVATION_INVOLVED_IN_IMMUNE_RESPONSE		21	0.74425316	1.7979633	0.0	0.016972903	0.919	2150	tags=67%, list=11%, signal=75%	
GOBP_INTERMEDIATE_FILAMENT_ORGANIZATION	GOBP_INTERMEDIATE_FILAMENT_ORGANIZATION		68	0.61174834	1.7953823	0.0	0.017485712	0.925	1678	tags=21%, list=9%, signal=22%	
GOBP_SIGNALING_RECEPTOR_LIGAND_PRECURSOR_PROCESSING	GOBP_SIGNALING_RECEPTOR_LIGAND_PRECURSOR_PROCESSING		39	0.6556569	1.7952858	0.0017391305	0.0173953	0.925	1886	tags=33%, list=10%, signal=37%	
GOBP_NEUROINFLAMMATORY_RESPONSE	GOBP_NEUROINFLAMMATORY_RESPONSE		76	0.5884648	1.7951798	0.0	0.017318446	0.925	2893	tags=45%, list=15%, signal=52%	
GOBP_REGULATION_OF_ADAPTIVE_IMMUNE_RESPONSE	GOBP_REGULATION_OF_ADAPTIVE_IMMUNE_RESPONSE		203	0.5200423	1.7947762	0.0	0.017354976	0.925	2842	tags=34%, list=15%, signal=40%	
GOBP_LEUKOCYTE_MIGRATION_INVOLVED_IN_INFLAMMATORY_RESPONSE	GOBP_LEUKOCYTE_MIGRATION_INVOLVED_IN_INFLAMMATORY_RESPONSE		19	0.7559597	1.794587	0.0	0.017291613	0.925	2729	tags=63%, list=14%, signal=73%	
GOBP_INTERMEDIATE_FILAMENT_BASED_PROCESS	GOBP_INTERMEDIATE_FILAMENT_BASED_PROCESS		89	0.57571846	1.7941937	0.0	0.017321121	0.926	1678	tags=19%, list=9%, signal=21%	
GOBP_MYELOID_CELL_APOPTOTIC_PROCESS	GOBP_MYELOID_CELL_APOPTOTIC_PROCESS		37	0.6573332	1.7939421	0.0	0.017289495	0.927	3095	tags=43%, list=16%, signal=51%	
GOMF_CYTOKINE_RECEPTOR_ACTIVITY	GOMF_CYTOKINE_RECEPTOR_ACTIVITY		95	0.56984484	1.7932733	0.0	0.017337268	0.932	2796	tags=40%, list=14%, signal=46%	
GOBP_POSITIVE_REGULATION_OF_INFLAMMATORY_RESPONSE	GOBP_POSITIVE_REGULATION_OF_INFLAMMATORY_RESPONSE		138	0.5438927	1.7925483	0.0	0.017408134	0.933	2942	tags=43%, list=15%, signal=51%	
GOBP_POSITIVE_REGULATION_OF_INTERLEUKIN_6_PRODUCTION	GOBP_POSITIVE_REGULATION_OF_INTERLEUKIN_6_PRODUCTION		94	0.5724231	1.7913897	0.0	0.017646337	0.937	1483	tags=36%, list=8%, signal=39%	
GOBP_CELL_ADHESION_MEDIATED_BY_INTEGRIN	GOBP_CELL_ADHESION_MEDIATED_BY_INTEGRIN		85	0.58290565	1.7906909	0.0	0.017709004	0.937	2623	tags=44%, list=14%, signal=50%	
GOBP_LYMPHOCYTE_ACTIVATION_INVOLVED_IN_IMMUNE_RESPONSE	GOBP_LYMPHOCYTE_ACTIVATION_INVOLVED_IN_IMMUNE_RESPONSE		210	0.51853603	1.7892815	0.0	0.017972864	0.941	2842	tags=32%, list=15%, signal=38%	
GOBP_ANTIGEN_PROCESSING_AND_PRESENTATION	GOBP_ANTIGEN_PROCESSING_AND_PRESENTATION		111	0.5600615	1.7892344	0.0	0.017879367	0.941	2908	tags=44%, list=15%, signal=52%	
GOMF_CELL_CELL_ADHESION_MEDIATOR_ACTIVITY	GOMF_CELL_CELL_ADHESION_MEDIATOR_ACTIVITY		52	0.6264346	1.7878073	0.0	0.018237809	0.947	1310	tags=31%, list=7%, signal=33%	
GOCC_ACTIN_FILAMENT	GOCC_ACTIN_FILAMENT		114	0.5527414	1.7859513	0.0	0.018679464	0.949	3354	tags=42%, list=17%, signal=51%	
GOBP_LEUKOCYTE_ACTIVATION_INVOLVED_IN_INFLAMMATORY_RESPONSE	GOBP_LEUKOCYTE_ACTIVATION_INVOLVED_IN_INFLAMMATORY_RESPONSE		48	0.6362764	1.7804017	0.0	0.020244382	0.963	2893	tags=52%, list=15%, signal=61%	
GOBP_ANTIBACTERIAL_HUMORAL_RESPONSE	GOBP_ANTIBACTERIAL_HUMORAL_RESPONSE		52	0.61707103	1.7801992	0.0	0.020157406	0.963	1781	tags=29%, list=9%, signal=32%	
GOBP_GAS_TRANSPORT	GOBP_GAS_TRANSPORT		22	0.7318749	1.7787712	0.0018181818	0.020448448	0.964	1817	tags=50%, list=9%, signal=55%	
GOBP_CELLULAR_RESPONSE_TO_COPPER_ION	GOBP_CELLULAR_RESPONSE_TO_COPPER_ION		23	0.7124866	1.7786639	0.0	0.020367196	0.964	2609	tags=43%, list=13%, signal=50%	
GOBP_NEGATIVE_REGULATION_OF_IMMUNE_SYSTEM_PROCESS	GOBP_NEGATIVE_REGULATION_OF_IMMUNE_SYSTEM_PROCESS		481	0.4812659	1.7780755	0.0	0.02040553	0.967	2927	tags=32%, list=15%, signal=37%	
GOMF_PEPTIDE_ANTIGEN_BINDING	GOMF_PEPTIDE_ANTIGEN_BINDING		35	0.66968215	1.776664	0.0017123288	0.02074192	0.97	2383	tags=40%, list=12%, signal=46%	
GOBP_POSITIVE_REGULATION_OF_PHOSPHATIDYLINOSITOL_3_KINASE_PROTEIN_KINASE_B_SIGNAL_TRANSDUCTION	GOBP_POSITIVE_REGULATION_OF_PHOSPHATIDYLINOSITOL_3_KINASE_PROTEIN_KINASE_B_SIGNAL_TRANSDUCTION		173	0.5251184	1.7764968	0.0	0.020660168	0.97	2387	tags=31%, list=12%, signal=35%	
GOBP_POSITIVE_REGULATION_OF_LYMPHOCYTE_CHEMOTAXIS	GOBP_POSITIVE_REGULATION_OF_LYMPHOCYTE_CHEMOTAXIS		19	0.7429487	1.776453	0.0074626864	0.020562682	0.97	2929	tags=53%, list=15%, signal=62%	
GOBP_COLLAGEN_CATABOLIC_PROCESS	GOBP_COLLAGEN_CATABOLIC_PROCESS		40	0.6668233	1.7761992	0.0017361111	0.02051572	0.97	1383	tags=33%, list=7%, signal=35%	
GOBP_REGULATION_OF_PHAGOCYTOSIS	GOBP_REGULATION_OF_PHAGOCYTOSIS		95	0.5731283	1.7759985	0.0	0.020447474	0.971	2840	tags=47%, list=15%, signal=55%	
GOMF_CHEMOKINE_RECEPTOR_BINDING	GOMF_CHEMOKINE_RECEPTOR_BINDING		64	0.60291445	1.7758915	0.0	0.020374887	0.971	2373	tags=41%, list=12%, signal=46%	
GOBP_IMMUNE_RESPONSE_REGULATING_CELL_SURFACE_RECEPTOR_SIGNALING_PATHWAY_INVOLVED_IN_PHAGOCYTOSIS	GOBP_IMMUNE_RESPONSE_REGULATING_CELL_SURFACE_RECEPTOR_SIGNALING_PATHWAY_INVOLVED_IN_PHAGOCYTOSIS		22	0.7171572	1.7756433	0.003649635	0.020379249	0.972	1849	tags=45%, list=10%, signal=50%	
GOBP_RESPONSE_TO_MOLECULE_OF_BACTERIAL_ORIGIN	GOBP_RESPONSE_TO_MOLECULE_OF_BACTERIAL_ORIGIN		341	0.4932521	1.775146	0.0	0.020476205	0.973	2373	tags=30%, list=12%, signal=33%	
GOMF_EXTRACELLULAR_MATRIX_STRUCTURAL_CONSTITUENT	GOMF_EXTRACELLULAR_MATRIX_STRUCTURAL_CONSTITUENT		158	0.5299032	1.773694	0.0	0.02081866	0.973	2406	tags=31%, list=12%, signal=35%	
GOMF_PEPTIDASE_ACTIVATOR_ACTIVITY_INVOLVED_IN_APOPTOTIC_PROCESS	GOMF_PEPTIDASE_ACTIVATOR_ACTIVITY_INVOLVED_IN_APOPTOTIC_PROCESS		23	0.71909606	1.7727417	0.0018018018	0.0210612	0.976	2594	tags=48%, list=13%, signal=55%	
GOBP_POSITIVE_REGULATION_OF_INTERLEUKIN_8_PRODUCTION	GOBP_POSITIVE_REGULATION_OF_INTERLEUKIN_8_PRODUCTION		61	0.6036943	1.7726676	0.0	0.020997547	0.976	2335	tags=41%, list=12%, signal=46%	
GOBP_GLIAL_CELL_ACTIVATION	GOBP_GLIAL_CELL_ACTIVATION		53	0.62709135	1.7725749	0.0016393443	0.020908238	0.976	3395	tags=57%, list=17%, signal=68%	
GOCC_CORNIFIED_ENVELOPE	GOCC_CORNIFIED_ENVELOPE		57	0.6192438	1.7722894	0.0	0.020904414	0.976	1694	tags=26%, list=9%, signal=29%	
GOBP_REGULATION_OF_CELL_CELL_ADHESION	GOBP_REGULATION_OF_CELL_CELL_ADHESION		473	0.47920123	1.7722676	0.0	0.020795537	0.976	2941	tags=35%, list=15%, signal=40%	
GOBP_POSITIVE_REGULATION_OF_LEUKOCYTE_DEGRANULATION	GOBP_POSITIVE_REGULATION_OF_LEUKOCYTE_DEGRANULATION		24	0.70580816	1.7721193	0.0018083183	0.020698242	0.976	2335	tags=50%, list=12%, signal=57%	
GOBP_CYTOKINE_MEDIATED_SIGNALING_PATHWAY	GOBP_CYTOKINE_MEDIATED_SIGNALING_PATHWAY		493	0.481716	1.7718256	0.0	0.020674586	0.976	3064	tags=32%, list=16%, signal=37%	
GOBP_CYTOKINE_PRODUCTION_INVOLVED_IN_INFLAMMATORY_RESPONSE	GOBP_CYTOKINE_PRODUCTION_INVOLVED_IN_INFLAMMATORY_RESPONSE		57	0.6155561	1.7704835	0.0	0.021017328	0.982	2556	tags=40%, list=13%, signal=46%	
GOMF_PATTERN_RECOGNITION_RECEPTOR_ACTIVITY	GOMF_PATTERN_RECOGNITION_RECEPTOR_ACTIVITY		33	0.6812812	1.7704437	0.0034662045	0.020941032	0.982	2775	tags=55%, list=14%, signal=64%	
GOBP_NEGATIVE_REGULATION_OF_PHAGOCYTOSIS	GOBP_NEGATIVE_REGULATION_OF_PHAGOCYTOSIS		19	0.7447484	1.7682052	0.0035211267	0.021585237	0.986	3076	tags=53%, list=16%, signal=62%	
GOMF_HORMONE_RECEPTOR_BINDING	GOMF_HORMONE_RECEPTOR_BINDING		33	0.6788643	1.7677357	0.0017574693	0.021603268	0.986	1955	tags=27%, list=10%, signal=30%	
GOBP_NEGATIVE_REGULATION_OF_CYTOKINE_PRODUCTION_INVOLVED_IN_INFLAMMATORY_RESPONSE	GOBP_NEGATIVE_REGULATION_OF_CYTOKINE_PRODUCTION_INVOLVED_IN_INFLAMMATORY_RESPONSE		23	0.71757823	1.7665775	0.0054545454	0.02184867	0.986	948	tags=35%, list=5%, signal=37%	
GOBP_NEGATIVE_REGULATION_OF_CELL_ACTIVATION	GOBP_NEGATIVE_REGULATION_OF_CELL_ACTIVATION		200	0.5170645	1.7657976	0.0	0.022025542	0.987	2904	tags=37%, list=15%, signal=42%	
GOMF_CHEMOKINE_BINDING	GOMF_CHEMOKINE_BINDING		33	0.66938305	1.7652115	0.0035906644	0.022116568	0.987	3006	tags=42%, list=15%, signal=50%	
GOMF_IMMUNOGLOBULIN_BINDING	GOMF_IMMUNOGLOBULIN_BINDING		24	0.7247612	1.7651796	0.0036764706	0.022012174	0.987	2685	tags=54%, list=14%, signal=63%	
GOBP_NEGATIVE_REGULATION_OF_CYTOKINE_PRODUCTION	GOBP_NEGATIVE_REGULATION_OF_CYTOKINE_PRODUCTION		274	0.4982635	1.7638683	0.0	0.022275914	0.989	2842	tags=32%, list=15%, signal=37%	
GOCC_PHAGOCYTIC_VESICLE	GOCC_PHAGOCYTIC_VESICLE		139	0.5380183	1.7623087	0.0	0.022728756	0.991	1846	tags=29%, list=10%, signal=32%	
GOMF_MONOCARBOXYLIC_ACID_BINDING	GOMF_MONOCARBOXYLIC_ACID_BINDING		86	0.57870126	1.7619143	0.0	0.022785265	0.991	1951	tags=23%, list=10%, signal=26%	
GOBP_REGULATION_OF_MONONUCLEAR_CELL_MIGRATION	GOBP_REGULATION_OF_MONONUCLEAR_CELL_MIGRATION		131	0.53942627	1.7607569	0.0	0.023120176	0.992	2367	tags=36%, list=12%, signal=41%	
GOBP_HYDROGEN_PEROXIDE_METABOLIC_PROCESS	GOBP_HYDROGEN_PEROXIDE_METABOLIC_PROCESS		54	0.6192991	1.760728	0.0	0.023028024	0.992	2747	tags=35%, list=14%, signal=41%	
GOBP_REGULATION_OF_PLATELET_AGGREGATION	GOBP_REGULATION_OF_PLATELET_AGGREGATION		29	0.6942092	1.7607241	0.0	0.02292213	0.992	1905	tags=45%, list=10%, signal=50%	
GOBP_RESPONSE_TO_TYPE_II_INTERFERON	GOBP_RESPONSE_TO_TYPE_II_INTERFERON		114	0.54279923	1.7605662	0.0	0.022851178	0.992	2840	tags=38%, list=15%, signal=44%	
GOMF_INTRAMOLECULAR_OXIDOREDUCTASE_ACTIVITY	GOMF_INTRAMOLECULAR_OXIDOREDUCTASE_ACTIVITY		52	0.60798913	1.7603586	0.0017331023	0.022824204	0.992	918	tags=15%, list=5%, signal=16%	
GOMF_SERINE_HYDROLASE_ACTIVITY	GOMF_SERINE_HYDROLASE_ACTIVITY		184	0.51587164	1.7599825	0.0	0.022821367	0.993	1500	tags=20%, list=8%, signal=21%	
GOBP_T_CELL_SELECTION	GOBP_T_CELL_SELECTION		58	0.60179484	1.7598884	0.0	0.022737443	0.993	2926	tags=45%, list=15%, signal=53%	
GOBP_REGULATION_OF_MACROPHAGE_MIGRATION	GOBP_REGULATION_OF_MACROPHAGE_MIGRATION		42	0.645132	1.7572204	0.0	0.023585025	0.995	2556	tags=50%, list=13%, signal=57%	
GOMF_PROTEOGLYCAN_BINDING	GOMF_PROTEOGLYCAN_BINDING		35	0.6720716	1.7568161	0.0033726813	0.02360634	0.995	2792	tags=40%, list=14%, signal=47%	
GOBP_DETOXIFICATION	GOBP_DETOXIFICATION		138	0.5386916	1.7549804	0.0	0.02417187	0.996	1864	tags=28%, list=10%, signal=31%	
GOBP_NEGATIVE_REGULATION_OF_INTERLEUKIN_12_PRODUCTION	GOBP_NEGATIVE_REGULATION_OF_INTERLEUKIN_12_PRODUCTION		18	0.7515282	1.7533203	0.003787879	0.02460169	0.996	1205	tags=44%, list=6%, signal=47%	
GOBP_CELL_JUNCTION_DISASSEMBLY	GOBP_CELL_JUNCTION_DISASSEMBLY		27	0.6891489	1.7512487	0.0035842294	0.025253832	0.996	3203	tags=59%, list=16%, signal=71%	
GOBP_ACUTE_INFLAMMATORY_RESPONSE	GOBP_ACUTE_INFLAMMATORY_RESPONSE		101	0.5577369	1.7509552	0.001529052	0.025225861	0.996	1775	tags=30%, list=9%, signal=33%	
GOBP_NEGATIVE_REGULATION_OF_B_CELL_ACTIVATION	GOBP_NEGATIVE_REGULATION_OF_B_CELL_ACTIVATION		31	0.67329973	1.7500523	0.0017730496	0.025432182	0.996	2904	tags=55%, list=15%, signal=64%	
GOBP_INTERLEUKIN_10_PRODUCTION	GOBP_INTERLEUKIN_10_PRODUCTION		56	0.5983662	1.7495636	0.0	0.025458321	0.997	2712	tags=45%, list=14%, signal=52%	
GOMF_CYTOKINE_RECEPTOR_BINDING	GOMF_CYTOKINE_RECEPTOR_BINDING		260	0.49986538	1.7493454	0.0	0.025439011	0.997	2680	tags=28%, list=14%, signal=33%	
GOBP_REGULATION_OF_LEUKOCYTE_PROLIFERATION	GOBP_REGULATION_OF_LEUKOCYTE_PROLIFERATION		256	0.4971947	1.7482963	0.0	0.025719028	0.997	2842	tags=38%, list=15%, signal=44%	
GOBP_LYMPHOCYTE_COSTIMULATION	GOBP_LYMPHOCYTE_COSTIMULATION		47	0.6247956	1.7478658	0.0016920473	0.0257931	0.997	2823	tags=49%, list=15%, signal=57%	
GOBP_INTERLEUKIN_4_PRODUCTION	GOBP_INTERLEUKIN_4_PRODUCTION		33	0.65980744	1.7474632	0.0052083335	0.025795272	0.997	2842	tags=55%, list=15%, signal=64%	
GOBP_MYELOID_CELL_DIFFERENTIATION	GOBP_MYELOID_CELL_DIFFERENTIATION		408	0.4795761	1.7450777	0.0	0.026536582	0.998	3112	tags=32%, list=16%, signal=37%	
GOBP_RESPONSE_TO_CADMIUM_ION	GOBP_RESPONSE_TO_CADMIUM_ION		58	0.6051634	1.744027	0.0	0.026727416	0.998	2840	tags=41%, list=15%, signal=48%	
GOBP_ENDODERM_FORMATION	GOBP_ENDODERM_FORMATION		58	0.60536015	1.743753	0.0050675673	0.026747204	0.998	2244	tags=29%, list=12%, signal=33%	
GOBP_REGULATION_OF_RESPIRATORY_BURST	GOBP_REGULATION_OF_RESPIRATORY_BURST		17	0.76959896	1.7426524	0.0	0.02706658	0.999	1418	tags=53%, list=7%, signal=57%	
GOBP_MOTOR_NEURON_AXON_GUIDANCE	GOBP_MOTOR_NEURON_AXON_GUIDANCE		25	0.69792634	1.7416956	0.0018181818	0.027331272	1.0	1891	tags=40%, list=10%, signal=44%	
GOBP_CELLULAR_RESPONSE_TO_PROSTAGLANDIN_STIMULUS	GOBP_CELLULAR_RESPONSE_TO_PROSTAGLANDIN_STIMULUS		21	0.71737033	1.7398574	0.0017985612	0.027975867	1.0	1042	tags=29%, list=5%, signal=30%	
GOBP_REGULATION_OF_B_CELL_DIFFERENTIATION	GOBP_REGULATION_OF_B_CELL_DIFFERENTIATION		34	0.6634073	1.739189	0.0016806723	0.028168451	1.0	3312	tags=59%, list=17%, signal=71%	
GOCC_CANONICAL_INFLAMMASOME_COMPLEX	GOCC_CANONICAL_INFLAMMASOME_COMPLEX		17	0.76193506	1.739183	0.0	0.028047036	1.0	3543	tags=76%, list=18%, signal=93%	
GOMF_G_PROTEIN_COUPLED_CHEMOATTRACTANT_RECEPTOR_ACTIVITY	GOMF_G_PROTEIN_COUPLED_CHEMOATTRACTANT_RECEPTOR_ACTIVITY		26	0.6895555	1.7352592	0.0036101083	0.029344274	1.0	3397	tags=50%, list=17%, signal=61%	
GOBP_ANTIGEN_RECEPTOR_MEDIATED_SIGNALING_PATHWAY	GOBP_ANTIGEN_RECEPTOR_MEDIATED_SIGNALING_PATHWAY		179	0.5155113	1.7345023	0.0014245014	0.029524313	1.0	3342	tags=41%, list=17%, signal=49%	
GOBP_POSITIVE_REGULATION_OF_DEFENSE_RESPONSE	GOBP_POSITIVE_REGULATION_OF_DEFENSE_RESPONSE		476	0.47280353	1.7337832	0.0	0.029689932	1.0	2893	tags=31%, list=15%, signal=35%	
GOBP_REGULATION_OF_MEMBRANE_INVAGINATION	GOBP_REGULATION_OF_MEMBRANE_INVAGINATION		15	0.7869167	1.7333418	0.0	0.029768681	1.0	2556	tags=73%, list=13%, signal=84%	
GOBP_FC_RECEPTOR_MEDIATED_STIMULATORY_SIGNALING_PATHWAY	GOBP_FC_RECEPTOR_MEDIATED_STIMULATORY_SIGNALING_PATHWAY		31	0.6747716	1.7333404	0.006980803	0.029647376	1.0	2792	tags=48%, list=14%, signal=56%	
GOBP_LYMPHOCYTE_DIFFERENTIATION	GOBP_LYMPHOCYTE_DIFFERENTIATION		423	0.47422424	1.7326798	0.0	0.029909257	1.0	2926	tags=33%, list=15%, signal=38%	
GOBP_REGULATION_OF_PLATELET_ACTIVATION	GOBP_REGULATION_OF_PLATELET_ACTIVATION		52	0.60077703	1.7312967	0.004862237	0.030306207	1.0	2881	tags=50%, list=15%, signal=59%	
GOBP_NEGATIVE_REGULATION_OF_IMMUNE_RESPONSE	GOBP_NEGATIVE_REGULATION_OF_IMMUNE_RESPONSE		186	0.50502294	1.7300514	0.0	0.030725706	1.0	2927	tags=30%, list=15%, signal=35%	
GOBP_EOSINOPHIL_MIGRATION	GOBP_EOSINOPHIL_MIGRATION		29	0.671138	1.7299743	0.0018315018	0.03065264	1.0	2369	tags=48%, list=12%, signal=55%	
GOBP_REGULATION_OF_CELL_ADHESION_MEDIATED_BY_INTEGRIN	GOBP_REGULATION_OF_CELL_ADHESION_MEDIATED_BY_INTEGRIN		48	0.617405	1.7299597	0.0016528926	0.03053861	1.0	2623	tags=42%, list=14%, signal=48%	
GOBP_REGULATION_OF_ANTIGEN_PROCESSING_AND_PRESENTATION	GOBP_REGULATION_OF_ANTIGEN_PROCESSING_AND_PRESENTATION		20	0.7238872	1.7291135	0.0018832391	0.030743608	1.0	2840	tags=75%, list=15%, signal=88%	
GOBP_RELAXATION_OF_MUSCLE	GOBP_RELAXATION_OF_MUSCLE		31	0.66108954	1.7287611	0.0036630037	0.030783067	1.0	2923	tags=32%, list=15%, signal=38%	
GOBP_REGULATION_OF_GRANULOCYTE_CHEMOTAXIS	GOBP_REGULATION_OF_GRANULOCYTE_CHEMOTAXIS		50	0.6098344	1.7281684	0.0032786885	0.030928293	1.0	2796	tags=50%, list=14%, signal=58%	
GOBP_POSITIVE_REGULATION_OF_TUMOR_NECROSIS_FACTOR_SUPERFAMILY_CYTOKINE_PRODUCTION	GOBP_POSITIVE_REGULATION_OF_TUMOR_NECROSIS_FACTOR_SUPERFAMILY_CYTOKINE_PRODUCTION		106	0.54239136	1.7271819	0.0	0.031196339	1.0	2150	tags=36%, list=11%, signal=40%	
GOBP_PHOSPHATIDYLINOSITOL_3_KINASE_PROTEIN_KINASE_B_SIGNAL_TRANSDUCTION	GOBP_PHOSPHATIDYLINOSITOL_3_KINASE_PROTEIN_KINASE_B_SIGNAL_TRANSDUCTION		280	0.4879421	1.7270113	0.0	0.031147469	1.0	2401	tags=28%, list=12%, signal=32%	
GOBP_ANTIGEN_PROCESSING_AND_PRESENTATION_OF_PEPTIDE_ANTIGEN	GOBP_ANTIGEN_PROCESSING_AND_PRESENTATION_OF_PEPTIDE_ANTIGEN		68	0.5739059	1.7266676	0.0	0.031148259	1.0	2908	tags=46%, list=15%, signal=53%	
GOBP_DNA_DEMETHYLATION	GOBP_DNA_DEMETHYLATION		20	0.73270524	1.7258612	0.003649635	0.03133432	1.0	800	tags=20%, list=4%, signal=21%	
GOBP_PURINERGIC_NUCLEOTIDE_RECEPTOR_SIGNALING_PATHWAY	GOBP_PURINERGIC_NUCLEOTIDE_RECEPTOR_SIGNALING_PATHWAY		28	0.6808535	1.724619	0.0056074765	0.031699963	1.0	2150	tags=43%, list=11%, signal=48%	
GOBP_POSITIVE_REGULATION_OF_CALCIUM_ION_TRANSPORT	GOBP_POSITIVE_REGULATION_OF_CALCIUM_ION_TRANSPORT		109	0.5409192	1.724272	0.0	0.03172228	1.0	951	tags=17%, list=5%, signal=18%	
GOBP_REGULATION_OF_B_CELL_ACTIVATION	GOBP_REGULATION_OF_B_CELL_ACTIVATION		125	0.5266679	1.7239175	0.0	0.031771872	1.0	2800	tags=37%, list=14%, signal=43%	
GOBP_POSITIVE_REGULATION_OF_RECEPTOR_SIGNALING_PATHWAY_VIA_STAT	GOBP_POSITIVE_REGULATION_OF_RECEPTOR_SIGNALING_PATHWAY_VIA_STAT		53	0.595747	1.7236376	0.0016638935	0.03176178	1.0	2156	tags=38%, list=11%, signal=42%	
GOBP_G_PROTEIN_COUPLED_ACETYLCHOLINE_RECEPTOR_SIGNALING_PATHWAY	GOBP_G_PROTEIN_COUPLED_ACETYLCHOLINE_RECEPTOR_SIGNALING_PATHWAY		21	0.7237461	1.7233928	0.0071174377	0.03173985	1.0	859	tags=19%, list=4%, signal=20%	
GOMF_ICOSANOID_RECEPTOR_ACTIVITY	GOMF_ICOSANOID_RECEPTOR_ACTIVITY		15	0.76532876	1.7233236	0.0056710774	0.03165503	1.0	2048	tags=53%, list=11%, signal=60%	
GOBP_PEPTIDE_ANTIGEN_ASSEMBLY_WITH_MHC_PROTEIN_COMPLEX	GOBP_PEPTIDE_ANTIGEN_ASSEMBLY_WITH_MHC_PROTEIN_COMPLEX		19	0.73532337	1.7231592	0.009615385	0.03162178	1.0	1733	tags=53%, list=9%, signal=58%	
GOMF_CARBOHYDRATE_BINDING	GOMF_CARBOHYDRATE_BINDING		264	0.488454	1.7228012	0.0	0.031608436	1.0	2229	tags=28%, list=11%, signal=32%	
GOBP_T_HELPER_1_TYPE_IMMUNE_RESPONSE	GOBP_T_HELPER_1_TYPE_IMMUNE_RESPONSE		48	0.6190832	1.7226076	0.0034482758	0.03154476	1.0	2842	tags=42%, list=15%, signal=49%	
GOBP_DENDRITIC_CELL_MIGRATION	GOBP_DENDRITIC_CELL_MIGRATION		30	0.6663282	1.7225335	0.0073394496	0.03145005	1.0	2796	tags=57%, list=14%, signal=66%	
GOMF_NON_MEMBRANE_SPANNING_PROTEIN_TYROSINE_KINASE_ACTIVITY	GOMF_NON_MEMBRANE_SPANNING_PROTEIN_TYROSINE_KINASE_ACTIVITY		42	0.6219892	1.7221701	0.0033955858	0.031456698	1.0	2574	tags=36%, list=13%, signal=41%	
GOMF_CXCR_CHEMOKINE_RECEPTOR_BINDING	GOMF_CXCR_CHEMOKINE_RECEPTOR_BINDING		17	0.7467839	1.7221498	0.007889546	0.031351652	1.0	1169	tags=47%, list=6%, signal=50%	
GOBP_ALPHA_BETA_T_CELL_ACTIVATION	GOBP_ALPHA_BETA_T_CELL_ACTIVATION		177	0.5080818	1.7221115	0.0	0.03125115	1.0	2855	tags=40%, list=15%, signal=46%	
GOBP_POSITIVE_REGULATION_OF_RESPONSE_TO_BIOTIC_STIMULUS	GOBP_POSITIVE_REGULATION_OF_RESPONSE_TO_BIOTIC_STIMULUS		379	0.47756818	1.7210948	0.0	0.031511858	1.0	2893	tags=29%, list=15%, signal=33%	
GOCC_MYOFILAMENT	GOCC_MYOFILAMENT		25	0.6980482	1.7205524	0.0057361377	0.031613562	1.0	3370	tags=44%, list=17%, signal=53%	
GOBP_DETOXIFICATION_OF_INORGANIC_COMPOUND	GOBP_DETOXIFICATION_OF_INORGANIC_COMPOUND		21	0.71268225	1.7205467	0.0017985612	0.03150192	1.0	2840	tags=57%, list=15%, signal=67%	
GOBP_EMBRYONIC_PLACENTA_DEVELOPMENT	GOBP_EMBRYONIC_PLACENTA_DEVELOPMENT		85	0.55378824	1.7200294	0.0	0.031588316	1.0	1942	tags=27%, list=10%, signal=30%	
GOBP_CELL_DIFFERENTIATION_INVOLVED_IN_EMBRYONIC_PLACENTA_DEVELOPMENT	GOBP_CELL_DIFFERENTIATION_INVOLVED_IN_EMBRYONIC_PLACENTA_DEVELOPMENT		24	0.6982395	1.7173923	0.0053956835	0.032627363	1.0	1841	tags=46%, list=9%, signal=51%	
GOBP_B_CELL_ACTIVATION	GOBP_B_CELL_ACTIVATION		269	0.49237952	1.7159461	0.0	0.033126693	1.0	2800	tags=33%, list=14%, signal=38%	
GOBP_CELLULAR_RESPONSE_TO_MOLECULE_OF_BACTERIAL_ORIGIN	GOBP_CELLULAR_RESPONSE_TO_MOLECULE_OF_BACTERIAL_ORIGIN		215	0.4963136	1.7147859	0.0	0.0334836	1.0	2556	tags=33%, list=13%, signal=38%	
GOBP_POSITIVE_REGULATION_OF_CYTOSOLIC_CALCIUM_ION_CONCENTRATION	GOBP_POSITIVE_REGULATION_OF_CYTOSOLIC_CALCIUM_ION_CONCENTRATION		162	0.51182735	1.7146847	0.0	0.033426713	1.0	2048	tags=25%, list=11%, signal=27%	
GOBP_MATURE_B_CELL_DIFFERENTIATION	GOBP_MATURE_B_CELL_DIFFERENTIATION		38	0.6347362	1.7144257	0.0035714286	0.03340016	1.0	2685	tags=53%, list=14%, signal=61%	
GOBP_CELLULAR_RESPONSE_TO_BIOTIC_STIMULUS	GOBP_CELLULAR_RESPONSE_TO_BIOTIC_STIMULUS		241	0.49017122	1.7098886	0.0	0.035323724	1.0	2556	tags=32%, list=13%, signal=37%	
GOBP_IMMUNOLOGICAL_SYNAPSE_FORMATION	GOBP_IMMUNOLOGICAL_SYNAPSE_FORMATION		17	0.75874543	1.709002	0.005586592	0.035634182	1.0	2842	tags=65%, list=15%, signal=76%	
GOBP_PLATELET_ACTIVATION	GOBP_PLATELET_ACTIVATION		136	0.5169488	1.7079867	0.0	0.035945322	1.0	3389	tags=43%, list=17%, signal=52%	
GOBP_REGULATION_OF_SUPEROXIDE_ANION_GENERATION	GOBP_REGULATION_OF_SUPEROXIDE_ANION_GENERATION		20	0.7122256	1.7075089	0.013232514	0.036038272	1.0	2335	tags=50%, list=12%, signal=57%	
GOMF_C_C_CHEMOKINE_BINDING	GOMF_C_C_CHEMOKINE_BINDING		24	0.6896047	1.7069588	0.0053859963	0.036192913	1.0	1236	tags=29%, list=6%, signal=31%	
GOBP_INTEGRIN_ACTIVATION	GOBP_INTEGRIN_ACTIVATION		26	0.70052576	1.7054042	0.0018115942	0.036771595	1.0	1906	tags=38%, list=10%, signal=43%	
GOBP_CD4_POSITIVE_ALPHA_BETA_T_CELL_ACTIVATION	GOBP_CD4_POSITIVE_ALPHA_BETA_T_CELL_ACTIVATION		120	0.5274208	1.7045876	0.0	0.036979858	1.0	2743	tags=38%, list=14%, signal=43%	
GOBP_PROSTANOID_METABOLIC_PROCESS	GOBP_PROSTANOID_METABOLIC_PROCESS		46	0.60248417	1.7040979	0.0067453627	0.03712198	1.0	1334	tags=22%, list=7%, signal=23%	
GOBP_PODOSOME_ASSEMBLY	GOBP_PODOSOME_ASSEMBLY		21	0.70170563	1.7040716	0.0073937154	0.037000164	1.0	2837	tags=48%, list=15%, signal=56%	
GOBP_REGULATION_OF_T_CELL_PROLIFERATION	GOBP_REGULATION_OF_T_CELL_PROLIFERATION		171	0.4986978	1.7031401	0.0	0.037291728	1.0	2842	tags=39%, list=15%, signal=45%	
GOBP_POSITIVE_REGULATION_OF_MYELOID_LEUKOCYTE_DIFFERENTIATION	GOBP_POSITIVE_REGULATION_OF_MYELOID_LEUKOCYTE_DIFFERENTIATION		58	0.58013237	1.7024485	0.0016420361	0.03746587	1.0	2654	tags=34%, list=14%, signal=40%	
GOBP_LEUKOCYTE_PROLIFERATION	GOBP_LEUKOCYTE_PROLIFERATION		340	0.4714374	1.7019737	0.0	0.03756133	1.0	2842	tags=34%, list=15%, signal=40%	
GOBP_RESPONSE_TO_PROTOZOAN	GOBP_RESPONSE_TO_PROTOZOAN		29	0.6813612	1.7019264	0.0069444445	0.03744331	1.0	2840	tags=52%, list=15%, signal=60%	
GOBP_BUNDLE_OF_HIS_CELL_TO_PURKINJE_MYOCYTE_COMMUNICATION	GOBP_BUNDLE_OF_HIS_CELL_TO_PURKINJE_MYOCYTE_COMMUNICATION		15	0.7512711	1.701623	0.0056818184	0.037463833	1.0	1136	tags=33%, list=6%, signal=35%	
GOBP_REGULATION_OF_INFLAMMATORY_RESPONSE_TO_ANTIGENIC_STIMULUS	GOBP_REGULATION_OF_INFLAMMATORY_RESPONSE_TO_ANTIGENIC_STIMULUS		41	0.61952037	1.7005234	0.0051903115	0.037927244	1.0	2796	tags=39%, list=14%, signal=45%	
GOBP_NEGATIVE_REGULATION_OF_ADAPTIVE_IMMUNE_RESPONSE	GOBP_NEGATIVE_REGULATION_OF_ADAPTIVE_IMMUNE_RESPONSE		61	0.5780865	1.7001977	0.0015698588	0.03795654	1.0	2842	tags=43%, list=15%, signal=50%	
GOBP_ACTIVATION_OF_PHOSPHOLIPASE_C_ACTIVITY	GOBP_ACTIVATION_OF_PHOSPHOLIPASE_C_ACTIVITY		23	0.68323433	1.697404	0.011173184	0.039164566	1.0	2440	tags=35%, list=13%, signal=40%	
GOCC_AZUROPHIL_GRANULE	GOCC_AZUROPHIL_GRANULE		153	0.51475143	1.6969217	0.0	0.039234165	1.0	3030	tags=33%, list=16%, signal=39%	
GOBP_INNATE_IMMUNE_RESPONSE_ACTIVATING_CELL_SURFACE_RECEPTOR_SIGNALING_PATHWAY	GOBP_INNATE_IMMUNE_RESPONSE_ACTIVATING_CELL_SURFACE_RECEPTOR_SIGNALING_PATHWAY		93	0.54697454	1.6961339	0.0031595577	0.03948702	1.0	2777	tags=35%, list=14%, signal=41%	
GOBP_CELL_CELL_ADHESION_MEDIATED_BY_INTEGRIN	GOBP_CELL_CELL_ADHESION_MEDIATED_BY_INTEGRIN		18	0.7280003	1.6960986	0.007518797	0.039368648	1.0	2929	tags=72%, list=15%, signal=85%	
GOBP_COLLAGEN_METABOLIC_PROCESS	GOBP_COLLAGEN_METABOLIC_PROCESS		93	0.5387715	1.6954935	0.001459854	0.039509967	1.0	2339	tags=31%, list=12%, signal=35%	
GOCC_LAMELLIPODIUM	GOCC_LAMELLIPODIUM		200	0.4979677	1.6945953	0.0	0.039760157	1.0	3380	tags=39%, list=17%, signal=46%	
GOCC_CONTRACTILE_MUSCLE_FIBER	GOCC_CONTRACTILE_MUSCLE_FIBER		241	0.48650658	1.693693	0.0	0.040019177	1.0	3795	tags=40%, list=20%, signal=49%	
GOMF_FATTY_ACID_BINDING	GOMF_FATTY_ACID_BINDING		47	0.60674655	1.6936718	0.0	0.039890338	1.0	2480	tags=32%, list=13%, signal=36%	
GOBP_MYELOID_CELL_HOMEOSTASIS	GOBP_MYELOID_CELL_HOMEOSTASIS		170	0.50203353	1.69357	0.0	0.039813314	1.0	3005	tags=33%, list=15%, signal=39%	
GOBP_POSITIVE_REGULATION_OF_PHAGOCYTOSIS	GOBP_POSITIVE_REGULATION_OF_PHAGOCYTOSIS		69	0.56311893	1.6918585	0.001490313	0.04052725	1.0	2840	tags=51%, list=15%, signal=59%	
GOBP_REGULATION_OF_MYELOID_CELL_APOPTOTIC_PROCESS	GOBP_REGULATION_OF_MYELOID_CELL_APOPTOTIC_PROCESS		30	0.65977246	1.690778	0.0	0.040911943	1.0	2629	tags=40%, list=14%, signal=46%	
GOBP_HETEROPHILIC_CELL_CELL_ADHESION_VIA_PLASMA_MEMBRANE_CELL_ADHESION_MOLECULES	GOBP_HETEROPHILIC_CELL_CELL_ADHESION_VIA_PLASMA_MEMBRANE_CELL_ADHESION_MOLECULES		51	0.6053176	1.6899607	0.0016474464	0.041163106	1.0	2202	tags=37%, list=11%, signal=42%	
GOBP_NEGATIVE_REGULATION_OF_IMMUNE_EFFECTOR_PROCESS	GOBP_NEGATIVE_REGULATION_OF_IMMUNE_EFFECTOR_PROCESS		120	0.5248946	1.6898384	0.001497006	0.041109584	1.0	2927	tags=35%, list=15%, signal=41%	
GOBP_REGULATION_OF_B_CELL_RECEPTOR_SIGNALING_PATHWAY	GOBP_REGULATION_OF_B_CELL_RECEPTOR_SIGNALING_PATHWAY		20	0.7218206	1.6895899	0.0076190475	0.041073676	1.0	2685	tags=55%, list=14%, signal=64%	
GOBP_CYTOKINE_PRODUCTION_INVOLVED_IN_IMMUNE_RESPONSE	GOBP_CYTOKINE_PRODUCTION_INVOLVED_IN_IMMUNE_RESPONSE		120	0.52513963	1.6887649	0.0015243902	0.041377623	1.0	2632	tags=35%, list=14%, signal=40%	
GOBP_OXYGEN_TRANSPORT	GOBP_OXYGEN_TRANSPORT		15	0.7467601	1.6867926	0.006012024	0.04223822	1.0	1817	tags=60%, list=9%, signal=66%	
GOBP_NEGATIVE_REGULATION_OF_INFLAMMATORY_RESPONSE_TO_ANTIGENIC_STIMULUS	GOBP_NEGATIVE_REGULATION_OF_INFLAMMATORY_RESPONSE_TO_ANTIGENIC_STIMULUS		27	0.6643637	1.6859903	0.009041592	0.042499878	1.0	968	tags=26%, list=5%, signal=27%	
GOCC_AZUROPHIL_GRANULE_LUMEN	GOCC_AZUROPHIL_GRANULE_LUMEN		90	0.5430065	1.685377	0.0	0.04265754	1.0	1739	tags=28%, list=9%, signal=30%	
GOBP_NEGATIVE_REGULATION_OF_CELL_ADHESION	GOBP_NEGATIVE_REGULATION_OF_CELL_ADHESION		282	0.4752592	1.6852396	0.0	0.042567488	1.0	2382	tags=29%, list=12%, signal=33%	
GOBP_REGULATION_OF_CD4_POSITIVE_ALPHA_BETA_T_CELL_DIFFERENTIATION	GOBP_REGULATION_OF_CD4_POSITIVE_ALPHA_BETA_T_CELL_DIFFERENTIATION		57	0.5758072	1.6851252	0.0050167223	0.042471383	1.0	2625	tags=33%, list=14%, signal=38%	
GOBP_REGULATION_OF_LYMPHOCYTE_DIFFERENTIATION	GOBP_REGULATION_OF_LYMPHOCYTE_DIFFERENTIATION		208	0.48959398	1.6831098	0.0013869626	0.04341269	1.0	2833	tags=31%, list=15%, signal=36%	
GOBP_REGULATION_OF_MUSCLE_CONTRACTION	GOBP_REGULATION_OF_MUSCLE_CONTRACTION		158	0.49790007	1.6830432	0.0	0.043311357	1.0	2926	tags=26%, list=15%, signal=30%	
GOBP_POSITIVE_REGULATION_OF_PROTEIN_KINASE_ACTIVITY	GOBP_POSITIVE_REGULATION_OF_PROTEIN_KINASE_ACTIVITY		234	0.48362243	1.6829536	0.0	0.043213792	1.0	2879	tags=31%, list=15%, signal=36%	
GOBP_RESPONSE_TO_ANTIBIOTIC	GOBP_RESPONSE_TO_ANTIBIOTIC		37	0.64207464	1.6828394	0.0017513135	0.0431332	1.0	3765	tags=57%, list=19%, signal=70%	
GOBP_NEGATIVE_REGULATION_OF_CELL_KILLING	GOBP_NEGATIVE_REGULATION_OF_CELL_KILLING		29	0.6594754	1.6819506	0.0054054055	0.043495145	1.0	4320	tags=62%, list=22%, signal=80%	
GOMF_CHEMOKINE_ACTIVITY	GOMF_CHEMOKINE_ACTIVITY		46	0.59992045	1.6816517	0.0050675673	0.043507915	1.0	2373	tags=48%, list=12%, signal=54%	
GOBP_REGULATION_OF_HEMOPOIESIS	GOBP_REGULATION_OF_HEMOPOIESIS		389	0.46175012	1.6815696	0.0	0.0434175	1.0	2905	tags=30%, list=15%, signal=35%	
GOBP_CELL_SURFACE_PATTERN_RECOGNITION_RECEPTOR_SIGNALING_PATHWAY	GOBP_CELL_SURFACE_PATTERN_RECOGNITION_RECEPTOR_SIGNALING_PATHWAY		73	0.5619737	1.6811998	0.0030165913	0.0434717	1.0	2777	tags=36%, list=14%, signal=41%	
GOBP_SODIUM_INDEPENDENT_ORGANIC_ANION_TRANSPORT	GOBP_SODIUM_INDEPENDENT_ORGANIC_ANION_TRANSPORT		15	0.7594887	1.6804487	0.00754717	0.043783974	1.0	2318	tags=33%, list=12%, signal=38%	
GOBP_REGULATION_OF_T_HELPER_CELL_DIFFERENTIATION	GOBP_REGULATION_OF_T_HELPER_CELL_DIFFERENTIATION		44	0.60177344	1.6803398	0.0085324235	0.043693613	1.0	1763	tags=25%, list=9%, signal=27%	
GOBP_TOLL_LIKE_RECEPTOR_SIGNALING_PATHWAY	GOBP_TOLL_LIKE_RECEPTOR_SIGNALING_PATHWAY		75	0.5507556	1.6797234	0.003220612	0.04392362	1.0	2833	tags=37%, list=15%, signal=44%	
GOCC_GLYCOPROTEIN_COMPLEX	GOCC_GLYCOPROTEIN_COMPLEX		23	0.6867645	1.6780368	0.009057971	0.04463898	1.0	1822	tags=39%, list=9%, signal=43%	
GOBP_INTERLEUKIN_12_PRODUCTION	GOBP_INTERLEUKIN_12_PRODUCTION		63	0.56247604	1.6754655	0.008403362	0.045931388	1.0	2092	tags=43%, list=11%, signal=48%	
GOBP_REGULATION_OF_INNATE_IMMUNE_RESPONSE	GOBP_REGULATION_OF_INNATE_IMMUNE_RESPONSE		428	0.45585406	1.6751868	0.0	0.04597995	1.0	2942	tags=29%, list=15%, signal=33%	
GOBP_CHRONIC_INFLAMMATORY_RESPONSE	GOBP_CHRONIC_INFLAMMATORY_RESPONSE		19	0.7117909	1.6748354	0.0055452865	0.046002634	1.0	2227	tags=63%, list=11%, signal=71%	
GOBP_WOUND_HEALING	GOBP_WOUND_HEALING		414	0.4582313	1.6746129	0.0	0.046003733	1.0	2926	tags=29%, list=15%, signal=34%	
GOMF_OXIDOREDUCTASE_ACTIVITY_ACTING_ON_THE_CH_NH2_GROUP_OF_DONORS_OXYGEN_AS_ACCEPTOR	GOMF_OXIDOREDUCTASE_ACTIVITY_ACTING_ON_THE_CH_NH2_GROUP_OF_DONORS_OXYGEN_AS_ACCEPTOR		16	0.7395839	1.6734567	0.00589391	0.046464786	1.0	1821	tags=38%, list=9%, signal=41%	
GOBP_PLATELET_AGGREGATION	GOBP_PLATELET_AGGREGATION		75	0.55262816	1.6732855	0.0	0.04639326	1.0	3754	tags=55%, list=19%, signal=68%	
GOBP_NEGATIVE_REGULATION_OF_INTERLEUKIN_8_PRODUCTION	GOBP_NEGATIVE_REGULATION_OF_INTERLEUKIN_8_PRODUCTION		15	0.7501068	1.6731831	0.009242144	0.04629737	1.0	2828	tags=47%, list=15%, signal=55%	
GOBP_REGULATION_OF_LYMPHOCYTE_MIGRATION	GOBP_REGULATION_OF_LYMPHOCYTE_MIGRATION		63	0.5776054	1.6731638	0.0016447369	0.046174254	1.0	2106	tags=32%, list=11%, signal=35%	
GOBP_CELLULAR_RESPONSE_TO_TOXIC_SUBSTANCE	GOBP_CELLULAR_RESPONSE_TO_TOXIC_SUBSTANCE		123	0.52196944	1.6730804	0.0	0.046082903	1.0	1817	tags=25%, list=9%, signal=28%	
GOBP_POSITIVE_REGULATION_OF_SYNCYTIUM_FORMATION_BY_PLASMA_MEMBRANE_FUSION	GOBP_POSITIVE_REGULATION_OF_SYNCYTIUM_FORMATION_BY_PLASMA_MEMBRANE_FUSION		22	0.6931869	1.673025	0.013592233	0.045970533	1.0	837	tags=23%, list=4%, signal=24%	
GOBP_REGULATION_OF_LYMPHOCYTE_CHEMOTAXIS	GOBP_REGULATION_OF_LYMPHOCYTE_CHEMOTAXIS		24	0.67765045	1.6719021	0.0075046904	0.046454124	1.0	2978	tags=50%, list=15%, signal=59%	
GOMF_PHOSPHOTYROSINE_RESIDUE_BINDING	GOMF_PHOSPHOTYROSINE_RESIDUE_BINDING		47	0.59937847	1.6715227	0.003220612	0.046566505	1.0	2523	tags=38%, list=13%, signal=44%	
GOBP_T_CELL_DIFFERENTIATION	GOBP_T_CELL_DIFFERENTIATION		303	0.47115627	1.6708783	0.0	0.04683231	1.0	2926	tags=33%, list=15%, signal=39%	
GOBP_REGULATION_OF_MACROPHAGE_CHEMOTAXIS	GOBP_REGULATION_OF_MACROPHAGE_CHEMOTAXIS		28	0.645489	1.6703222	0.015957447	0.047015242	1.0	2367	tags=50%, list=12%, signal=57%	
GOBP_NEGATIVE_REGULATION_OF_RESPONSE_TO_EXTERNAL_STIMULUS	GOBP_NEGATIVE_REGULATION_OF_RESPONSE_TO_EXTERNAL_STIMULUS		370	0.46017393	1.669382	0.0	0.04735783	1.0	2001	tags=24%, list=10%, signal=26%	
GOBP_NEGATIVE_REGULATION_OF_EPITHELIAL_TO_MESENCHYMAL_TRANSITION	GOBP_NEGATIVE_REGULATION_OF_EPITHELIAL_TO_MESENCHYMAL_TRANSITION		35	0.6348771	1.6689181	0.0073664826	0.04743359	1.0	877	tags=23%, list=5%, signal=24%	
GOBP_MONOCYTE_CHEMOTAXIS	GOBP_MONOCYTE_CHEMOTAXIS		50	0.58802044	1.6679173	0.003241491	0.047819845	1.0	2131	tags=42%, list=11%, signal=47%	
GOBP_POSITIVE_REGULATION_OF_HEMOPOIESIS	GOBP_POSITIVE_REGULATION_OF_HEMOPOIESIS		185	0.4884064	1.6674503	0.0	0.047941096	1.0	2792	tags=31%, list=14%, signal=36%	
GOBP_REGULATION_OF_MACROPHAGE_ACTIVATION	GOBP_REGULATION_OF_MACROPHAGE_ACTIVATION		55	0.57998633	1.6670787	0.0048154094	0.048022877	1.0	2842	tags=40%, list=15%, signal=47%	
GOBP_NAD_CATABOLIC_PROCESS	GOBP_NAD_CATABOLIC_PROCESS		21	0.6988744	1.6644145	0.01663586	0.04934598	1.0	3787	tags=62%, list=19%, signal=77%	
GOBP_NEGATIVE_REGULATION_OF_OXIDOREDUCTASE_ACTIVITY	GOBP_NEGATIVE_REGULATION_OF_OXIDOREDUCTASE_ACTIVITY		16	0.7303801	1.6640544	0.013084112	0.04939671	1.0	638	tags=31%, list=3%, signal=32%	
GOBP_REGULATION_OF_ASTROCYTE_DIFFERENTIATION	GOBP_REGULATION_OF_ASTROCYTE_DIFFERENTIATION		28	0.6487664	1.6630907	0.010948905	0.04979565	1.0	1843	tags=25%, list=9%, signal=28%	
GOBP_POSITIVE_REGULATION_OF_CYTOKINE_PRODUCTION_INVOLVED_IN_IMMUNE_RESPONSE	GOBP_POSITIVE_REGULATION_OF_CYTOKINE_PRODUCTION_INVOLVED_IN_IMMUNE_RESPONSE		80	0.543891	1.6629411	0.004784689	0.049747445	1.0	2632	tags=38%, list=14%, signal=43%	
GOBP_CATECHOL_CONTAINING_COMPOUND_BIOSYNTHETIC_PROCESS	GOBP_CATECHOL_CONTAINING_COMPOUND_BIOSYNTHETIC_PROCESS		20	0.7068644	1.6623783	0.011090573	0.049896244	1.0	1400	tags=40%, list=7%, signal=43%	
GOBP_PLACENTA_DEVELOPMENT	GOBP_PLACENTA_DEVELOPMENT		146	0.50597954	1.6617304	0.0	0.05012018	1.0	2802	tags=31%, list=14%, signal=36%	
GOBP_POSITIVE_REGULATION_OF_ACUTE_INFLAMMATORY_RESPONSE	GOBP_POSITIVE_REGULATION_OF_ACUTE_INFLAMMATORY_RESPONSE		27	0.6519514	1.6616864	0.007029877	0.049998216	1.0	2156	tags=44%, list=11%, signal=50%	
GOBP_REGULATION_OF_HUMORAL_IMMUNE_RESPONSE_MEDIATED_BY_CIRCULATING_IMMUNOGLOBULIN	GOBP_REGULATION_OF_HUMORAL_IMMUNE_RESPONSE_MEDIATED_BY_CIRCULATING_IMMUNOGLOBULIN		16	0.71819925	1.6612767	0.023941068	0.05008977	1.0	2792	tags=69%, list=14%, signal=80%	
GOBP_CELLULAR_RESPONSE_TO_EXTERNAL_STIMULUS	GOBP_CELLULAR_RESPONSE_TO_EXTERNAL_STIMULUS		74	0.5420915	1.661183	0.0016313214	0.04999187	1.0	3347	tags=46%, list=17%, signal=55%	
GOBP_REGULATION_OF_PRODUCTION_OF_MOLECULAR_MEDIATOR_OF_IMMUNE_RESPONSE	GOBP_REGULATION_OF_PRODUCTION_OF_MOLECULAR_MEDIATOR_OF_IMMUNE_RESPONSE		182	0.48808166	1.6607274	0.0014641288	0.05006765	1.0	2803	tags=32%, list=14%, signal=38%	
GOBP_ASTROCYTE_DIFFERENTIATION	GOBP_ASTROCYTE_DIFFERENTIATION		84	0.54011416	1.6593695	0.0016207455	0.050698973	1.0	2239	tags=24%, list=12%, signal=27%	
GOCC_ACTIN_FILAMENT_BUNDLE	GOCC_ACTIN_FILAMENT_BUNDLE		88	0.5354227	1.6571753	0.0031298904	0.05165062	1.0	3389	tags=43%, list=17%, signal=52%	
GOBP_RESPONSE_TO_COPPER_ION	GOBP_RESPONSE_TO_COPPER_ION		32	0.6369257	1.6559721	0.008650519	0.052208163	1.0	2609	tags=38%, list=13%, signal=43%	
GOBP_POSITIVE_REGULATION_OF_MACROPHAGE_CHEMOTAXIS	GOBP_POSITIVE_REGULATION_OF_MACROPHAGE_CHEMOTAXIS		19	0.71153116	1.6558341	0.0076045627	0.05212547	1.0	2367	tags=53%, list=12%, signal=60%	
GOBP_T_CELL_CHEMOTAXIS	GOBP_T_CELL_CHEMOTAXIS		26	0.67008966	1.655789	0.014492754	0.05198927	1.0	2365	tags=54%, list=12%, signal=61%	
GOCC_STRIATED_MUSCLE_THIN_FILAMENT	GOCC_STRIATED_MUSCLE_THIN_FILAMENT		21	0.69046104	1.6546042	0.018348623	0.05253722	1.0	3370	tags=43%, list=17%, signal=52%	
GOMF_STRUCTURAL_CONSTITUENT_OF_SKIN_EPIDERMIS	GOMF_STRUCTURAL_CONSTITUENT_OF_SKIN_EPIDERMIS		35	0.61324877	1.6541816	0.013355592	0.052650396	1.0	793	tags=14%, list=4%, signal=15%	
GOBP_CARDIAC_MUSCLE_CONTRACTION	GOBP_CARDIAC_MUSCLE_CONTRACTION		138	0.5052963	1.6534445	0.0	0.052901633	1.0	3624	tags=31%, list=19%, signal=38%	
GOBP_REGULATORY_T_CELL_DIFFERENTIATION	GOBP_REGULATORY_T_CELL_DIFFERENTIATION		36	0.61916524	1.6530646	0.010869565	0.0529568	1.0	2833	tags=50%, list=15%, signal=58%	
GOCC_SECONDARY_LYSOSOME	GOCC_SECONDARY_LYSOSOME		23	0.6727242	1.6525459	0.020220589	0.053107493	1.0	1220	tags=39%, list=6%, signal=42%	
GOBP_ORGAN_OR_TISSUE_SPECIFIC_IMMUNE_RESPONSE	GOBP_ORGAN_OR_TISSUE_SPECIFIC_IMMUNE_RESPONSE		32	0.63143885	1.6517476	0.0053859963	0.053374793	1.0	2365	tags=44%, list=12%, signal=50%	
GOMF_CCR_CHEMOKINE_RECEPTOR_BINDING	GOMF_CCR_CHEMOKINE_RECEPTOR_BINDING		42	0.5986797	1.6517165	0.005244755	0.053240597	1.0	2369	tags=36%, list=12%, signal=41%	
GOBP_POSITIVE_CHEMOTAXIS	GOBP_POSITIVE_CHEMOTAXIS		64	0.5714718	1.6514348	0.004784689	0.05327138	1.0	2387	tags=33%, list=12%, signal=37%	
GOBP_REGULATION_OF_LEUKOCYTE_DIFFERENTIATION	GOBP_REGULATION_OF_LEUKOCYTE_DIFFERENTIATION		313	0.46170914	1.6510007	0.0	0.0533356	1.0	2904	tags=30%, list=15%, signal=35%	
GOBP_T_CELL_PROLIFERATION	GOBP_T_CELL_PROLIFERATION		204	0.4760994	1.6508764	0.0	0.053255126	1.0	2842	tags=36%, list=15%, signal=42%	
GOBP_PRODUCTION_OF_MOLECULAR_MEDIATOR_OF_IMMUNE_RESPONSE	GOBP_PRODUCTION_OF_MOLECULAR_MEDIATOR_OF_IMMUNE_RESPONSE		217	0.47774577	1.6498979	0.0	0.053690158	1.0	2803	tags=31%, list=14%, signal=36%	
GOBP_SUBSTRATE_DEPENDENT_CELL_MIGRATION	GOBP_SUBSTRATE_DEPENDENT_CELL_MIGRATION		24	0.6707522	1.6495248	0.008976661	0.053775083	1.0	2792	tags=54%, list=14%, signal=63%	
GOBP_REGULATION_OF_ACTION_POTENTIAL	GOBP_REGULATION_OF_ACTION_POTENTIAL		55	0.57301825	1.6489887	0.0063897762	0.05394476	1.0	1224	tags=15%, list=6%, signal=15%	
GOBP_FIBROBLAST_ACTIVATION	GOBP_FIBROBLAST_ACTIVATION		15	0.74304485	1.6483865	0.015686275	0.054179385	1.0	2344	tags=53%, list=12%, signal=61%	
GOBP_REGULATION_OF_ANTIGEN_RECEPTOR_MEDIATED_SIGNALING_PATHWAY	GOBP_REGULATION_OF_ANTIGEN_RECEPTOR_MEDIATED_SIGNALING_PATHWAY		64	0.5594975	1.6472604	0.004854369	0.054681133	1.0	3308	tags=44%, list=17%, signal=53%	
GOBP_NEGATIVE_REGULATION_OF_CELL_MATRIX_ADHESION	GOBP_NEGATIVE_REGULATION_OF_CELL_MATRIX_ADHESION		35	0.6147521	1.6461066	0.013888889	0.055274896	1.0	2259	tags=29%, list=12%, signal=32%	
GOBP_REGULATION_OF_MUSCLE_SYSTEM_PROCESS	GOBP_REGULATION_OF_MUSCLE_SYSTEM_PROCESS		222	0.47386557	1.6459929	0.0	0.055207495	1.0	3029	tags=27%, list=16%, signal=31%	
GOBP_CELLULAR_RESPONSE_TO_GROWTH_HORMONE_STIMULUS	GOBP_CELLULAR_RESPONSE_TO_GROWTH_HORMONE_STIMULUS		26	0.6581637	1.6443927	0.012544803	0.056055535	1.0	1955	tags=35%, list=10%, signal=38%	
GOBP_DENDRITIC_CELL_CHEMOTAXIS	GOBP_DENDRITIC_CELL_CHEMOTAXIS		23	0.6810922	1.6439563	0.0077220076	0.056197375	1.0	2796	tags=61%, list=14%, signal=71%	
GOCC_PLATELET_ALPHA_GRANULE_LUMEN	GOCC_PLATELET_ALPHA_GRANULE_LUMEN		65	0.56623363	1.6437391	0.004901961	0.056165047	1.0	1453	tags=29%, list=7%, signal=31%	
GOBP_TOLL_LIKE_RECEPTOR_4_SIGNALING_PATHWAY	GOBP_TOLL_LIKE_RECEPTOR_4_SIGNALING_PATHWAY		58	0.55990696	1.643436	0.0049261083	0.056232978	1.0	2777	tags=33%, list=14%, signal=38%	
GOBP_REACTIVE_OXYGEN_SPECIES_METABOLIC_PROCESS	GOBP_REACTIVE_OXYGEN_SPECIES_METABOLIC_PROCESS		218	0.4787801	1.6422095	0.0	0.05684256	1.0	2747	tags=31%, list=14%, signal=35%	
GOBP_REGULATION_OF_RECEPTOR_SIGNALING_PATHWAY_VIA_STAT	GOBP_REGULATION_OF_RECEPTOR_SIGNALING_PATHWAY_VIA_STAT		107	0.5149925	1.6421286	0.0015673981	0.056734372	1.0	2889	tags=31%, list=15%, signal=36%	
GOBP_REGULATION_OF_T_CELL_MIGRATION	GOBP_REGULATION_OF_T_CELL_MIGRATION		45	0.59216166	1.6420856	0.0050251256	0.056602467	1.0	2365	tags=33%, list=12%, signal=38%	
GOBP_REGULATION_OF_HOMOTYPIC_CELL_CELL_ADHESION	GOBP_REGULATION_OF_HOMOTYPIC_CELL_CELL_ADHESION		36	0.62526745	1.6415808	0.012302285	0.0568179	1.0	1955	tags=42%, list=10%, signal=46%	
GOBP_MACROPHAGE_MIGRATION	GOBP_MACROPHAGE_MIGRATION		57	0.56177086	1.6415346	0.00821018	0.056699976	1.0	2556	tags=42%, list=13%, signal=48%	
GOBP_POSITIVE_REGULATION_OF_ADAPTIVE_IMMUNE_RESPONSE	GOBP_POSITIVE_REGULATION_OF_ADAPTIVE_IMMUNE_RESPONSE		127	0.50588554	1.6415017	0.0029282577	0.05657741	1.0	2840	tags=33%, list=15%, signal=38%	
GOMF_SPHINGOLIPID_BINDING	GOMF_SPHINGOLIPID_BINDING		26	0.6536056	1.6408437	0.005586592	0.05683063	1.0	2807	tags=35%, list=14%, signal=40%	
GOBP_REGULATION_OF_LEUKOCYTE_ADHESION_TO_VASCULAR_ENDOTHELIAL_CELL	GOBP_REGULATION_OF_LEUKOCYTE_ADHESION_TO_VASCULAR_ENDOTHELIAL_CELL		31	0.6186272	1.6401486	0.020725388	0.057108644	1.0	2941	tags=52%, list=15%, signal=61%	
GOBP_KERATINOCYTE_DIFFERENTIATION	GOBP_KERATINOCYTE_DIFFERENTIATION		167	0.48517513	1.639401	0.0	0.057430733	1.0	2728	tags=25%, list=14%, signal=28%	
GOBP_SARCOMERE_ORGANIZATION	GOBP_SARCOMERE_ORGANIZATION		50	0.57978135	1.6386681	0.003241491	0.057758	1.0	819	tags=24%, list=4%, signal=25%	
GOBP_ERYTHROCYTE_HOMEOSTASIS	GOBP_ERYTHROCYTE_HOMEOSTASIS		139	0.49604714	1.6384659	0.0	0.057725795	1.0	3005	tags=33%, list=15%, signal=39%	
GOMF_PROTEIN_TYROSINE_KINASE_BINDING	GOMF_PROTEIN_TYROSINE_KINASE_BINDING		119	0.51067686	1.6384395	0.0030075188	0.057599805	1.0	2873	tags=34%, list=15%, signal=39%	
GOBP_T_HELPER_1_CELL_DIFFERENTIATION	GOBP_T_HELPER_1_CELL_DIFFERENTIATION		23	0.6686828	1.6366867	0.012323944	0.058496065	1.0	1763	tags=30%, list=9%, signal=33%	
GOCC_ACTOMYOSIN	GOCC_ACTOMYOSIN		87	0.52989423	1.6350672	0.0015748031	0.05931077	1.0	2492	tags=36%, list=13%, signal=41%	
GOBP_CELL_RECOGNITION	GOBP_CELL_RECOGNITION		155	0.48693997	1.6333952	0.0	0.06030842	1.0	1905	tags=24%, list=10%, signal=26%	
GOBP_T_CELL_MEDIATED_IMMUNITY	GOBP_T_CELL_MEDIATED_IMMUNITY		128	0.50007087	1.6329483	0.0	0.06052332	1.0	2792	tags=31%, list=14%, signal=36%	
GOBP_IMMUNOLOGICAL_MEMORY_PROCESS	GOBP_IMMUNOLOGICAL_MEMORY_PROCESS		19	0.70041245	1.6323334	0.01724138	0.06073987	1.0	1000	tags=37%, list=5%, signal=39%	
GOMF_LONG_CHAIN_FATTY_ACID_BINDING	GOMF_LONG_CHAIN_FATTY_ACID_BINDING		17	0.7118579	1.6322609	0.00729927	0.06061581	1.0	2480	tags=47%, list=13%, signal=54%	
GOBP_RESPONSE_TO_OXYGEN_LEVELS	GOBP_RESPONSE_TO_OXYGEN_LEVELS		320	0.45378312	1.6321539	0.0	0.060538452	1.0	2442	tags=25%, list=13%, signal=28%	
GOBP_PYRIMIDINE_NUCLEOSIDE_CATABOLIC_PROCESS	GOBP_PYRIMIDINE_NUCLEOSIDE_CATABOLIC_PROCESS		17	0.7051467	1.6319004	0.010928961	0.06056692	1.0	908	tags=24%, list=5%, signal=25%	
GOBP_POSITIVE_REGULATION_OF_ALPHA_BETA_T_CELL_PROLIFERATION	GOBP_POSITIVE_REGULATION_OF_ALPHA_BETA_T_CELL_PROLIFERATION		23	0.67283696	1.630973	0.010309278	0.06107895	1.0	2792	tags=48%, list=14%, signal=56%	
GOMF_SULFUR_COMPOUND_BINDING	GOMF_SULFUR_COMPOUND_BINDING		251	0.46909463	1.6308973	0.0	0.06096778	1.0	1169	tags=15%, list=6%, signal=15%	
GOBP_RESPONSE_TO_TOXIC_SUBSTANCE	GOBP_RESPONSE_TO_TOXIC_SUBSTANCE		237	0.46512488	1.6308147	0.0	0.060880113	1.0	1864	tags=22%, list=10%, signal=24%	
GOBP_NATURAL_KILLER_CELL_MEDIATED_IMMUNITY	GOBP_NATURAL_KILLER_CELL_MEDIATED_IMMUNITY		81	0.5374779	1.6306094	0.0031948881	0.060851227	1.0	2031	tags=31%, list=10%, signal=34%	
GOBP_NEGATIVE_REGULATION_OF_PROTEIN_MATURATION	GOBP_NEGATIVE_REGULATION_OF_PROTEIN_MATURATION		29	0.6364796	1.6304039	0.014184397	0.06086038	1.0	1186	tags=24%, list=6%, signal=26%	
GOBP_NEGATIVE_REGULATION_OF_INFLAMMATORY_RESPONSE	GOBP_NEGATIVE_REGULATION_OF_INFLAMMATORY_RESPONSE		154	0.49330956	1.6303898	0.0	0.060713265	1.0	1215	tags=22%, list=6%, signal=23%	
GOBP_GAMMA_DELTA_T_CELL_ACTIVATION	GOBP_GAMMA_DELTA_T_CELL_ACTIVATION		24	0.65490687	1.6293179	0.009242144	0.06132013	1.0	3462	tags=63%, list=18%, signal=76%	
GOBP_ALPHA_BETA_T_CELL_DIFFERENTIATION	GOBP_ALPHA_BETA_T_CELL_DIFFERENTIATION		125	0.5004083	1.6291296	0.0	0.061265267	1.0	2855	tags=36%, list=15%, signal=42%	
GOBP_POSITIVE_REGULATION_OF_CYTOKINE_PRODUCTION_INVOLVED_IN_INFLAMMATORY_RESPONSE	GOBP_POSITIVE_REGULATION_OF_CYTOKINE_PRODUCTION_INVOLVED_IN_INFLAMMATORY_RESPONSE		26	0.6423411	1.6290709	0.019572955	0.061158195	1.0	3005	tags=54%, list=15%, signal=64%	
GOBP_REGULATION_OF_T_CELL_MEDIATED_IMMUNITY	GOBP_REGULATION_OF_T_CELL_MEDIATED_IMMUNITY		100	0.52015257	1.6284348	0.001506024	0.061445918	1.0	2792	tags=31%, list=14%, signal=36%	
GOMF_STRUCTURAL_CONSTITUENT_OF_MUSCLE	GOMF_STRUCTURAL_CONSTITUENT_OF_MUSCLE		41	0.5942855	1.6281188	0.0	0.061467897	1.0	3119	tags=49%, list=16%, signal=58%	
GOBP_NEGATIVE_REGULATION_OF_LYMPHOCYTE_ACTIVATION	GOBP_NEGATIVE_REGULATION_OF_LYMPHOCYTE_ACTIVATION		156	0.48357153	1.6265503	0.0	0.062442735	1.0	2904	tags=35%, list=15%, signal=41%	
GOBP_T_HELPER_17_TYPE_IMMUNE_RESPONSE	GOBP_T_HELPER_17_TYPE_IMMUNE_RESPONSE		47	0.57990605	1.6261228	0.008319467	0.062537245	1.0	2017	tags=30%, list=10%, signal=33%	
GOBP_OPTIC_NERVE_DEVELOPMENT	GOBP_OPTIC_NERVE_DEVELOPMENT		21	0.6664818	1.6258315	0.023465704	0.06258414	1.0	364	tags=14%, list=2%, signal=15%	
GOBP_POSITIVE_REGULATION_OF_INTERLEUKIN_4_PRODUCTION	GOBP_POSITIVE_REGULATION_OF_INTERLEUKIN_4_PRODUCTION		26	0.6554891	1.6249863	0.016605167	0.062982485	1.0	1507	tags=38%, list=8%, signal=42%	
GOBP_INTERLEUKIN_6_MEDIATED_SIGNALING_PATHWAY	GOBP_INTERLEUKIN_6_MEDIATED_SIGNALING_PATHWAY		18	0.69423544	1.6247526	0.020952381	0.06299584	1.0	1955	tags=39%, list=10%, signal=43%	
GOMF_MONOSACCHARIDE_BINDING	GOMF_MONOSACCHARIDE_BINDING		74	0.53444505	1.6244041	0.0016863407	0.063060395	1.0	2229	tags=32%, list=11%, signal=36%	
GOBP_SKELETAL_MUSCLE_ADAPTATION	GOBP_SKELETAL_MUSCLE_ADAPTATION		22	0.6614447	1.6237457	0.016483517	0.06331379	1.0	4259	tags=50%, list=22%, signal=64%	
GOBP_CELL_CELL_ADHESION_VIA_PLASMA_MEMBRANE_ADHESION_MOLECULES	GOBP_CELL_CELL_ADHESION_VIA_PLASMA_MEMBRANE_ADHESION_MOLECULES		274	0.45995983	1.6228814	0.0	0.063729115	1.0	2268	tags=21%, list=12%, signal=23%	
GOBP_NOTOCHORD_DEVELOPMENT	GOBP_NOTOCHORD_DEVELOPMENT		19	0.6834183	1.6227474	0.014	0.063701555	1.0	203	tags=16%, list=1%, signal=16%	
GOBP_REGULATION_OF_STRIATED_MUSCLE_CONTRACTION	GOBP_REGULATION_OF_STRIATED_MUSCLE_CONTRACTION		93	0.5121201	1.6221606	0.0030395137	0.06397988	1.0	1136	tags=14%, list=6%, signal=15%	
GOBP_REGULATION_OF_SYNCYTIUM_FORMATION_BY_PLASMA_MEMBRANE_FUSION	GOBP_REGULATION_OF_SYNCYTIUM_FORMATION_BY_PLASMA_MEMBRANE_FUSION		27	0.6442751	1.621954	0.012110727	0.063932754	1.0	3055	tags=37%, list=16%, signal=44%	
GOMF_CARBOHYDRATE_TRANSMEMBRANE_TRANSPORTER_ACTIVITY	GOMF_CARBOHYDRATE_TRANSMEMBRANE_TRANSPORTER_ACTIVITY		40	0.59661704	1.6216235	0.01604278	0.06399931	1.0	325	tags=15%, list=2%, signal=15%	
GOBP_REGULATION_OF_MAST_CELL_DEGRANULATION	GOBP_REGULATION_OF_MAST_CELL_DEGRANULATION		27	0.65180963	1.6215119	0.009140768	0.06392829	1.0	1472	tags=41%, list=8%, signal=44%	
GOBP_RESPONSE_TO_PROGESTERONE	GOBP_RESPONSE_TO_PROGESTERONE		43	0.593342	1.6211731	0.0034542314	0.06397084	1.0	1184	tags=23%, list=6%, signal=25%	
GOMF_DNA_BINDING_BENDING	GOMF_DNA_BINDING_BENDING		18	0.6867508	1.621059	0.013539651	0.06389052	1.0	3067	tags=28%, list=16%, signal=33%	
GOBP_CELLULAR_RESPONSE_TO_TYPE_II_INTERFERON	GOBP_CELLULAR_RESPONSE_TO_TYPE_II_INTERFERON		92	0.5249802	1.6193663	0.0	0.0648384	1.0	2837	tags=36%, list=15%, signal=42%	
GOBP_REGULATION_OF_GLIAL_CELL_MIGRATION	GOBP_REGULATION_OF_GLIAL_CELL_MIGRATION		17	0.7059742	1.6187963	0.01509434	0.0650763	1.0	2556	tags=47%, list=13%, signal=54%	
GOBP_STRIATED_MUSCLE_CELL_DEVELOPMENT	GOBP_STRIATED_MUSCLE_CELL_DEVELOPMENT		78	0.52892125	1.6185051	0.009787928	0.06511971	1.0	2926	tags=35%, list=15%, signal=41%	
GOBP_REGULATION_OF_SKELETAL_MUSCLE_CONTRACTION	GOBP_REGULATION_OF_SKELETAL_MUSCLE_CONTRACTION		18	0.6945041	1.6179914	0.010928961	0.065355614	1.0	770	tags=17%, list=4%, signal=17%	
GOBP_MEGAKARYOCYTE_DIFFERENTIATION	GOBP_MEGAKARYOCYTE_DIFFERENTIATION		50	0.5711417	1.6170956	0.0050933785	0.06581812	1.0	3260	tags=44%, list=17%, signal=53%	
GOBP_POSITIVE_REGULATION_OF_MYELOID_CELL_DIFFERENTIATION	GOBP_POSITIVE_REGULATION_OF_MYELOID_CELL_DIFFERENTIATION		97	0.5126694	1.6167163	0.0044776117	0.065931104	1.0	3005	tags=33%, list=15%, signal=39%	
GOBP_B_CELL_DIFFERENTIATION	GOBP_B_CELL_DIFFERENTIATION		154	0.4787666	1.6158961	0.0028409092	0.066258155	1.0	2685	tags=32%, list=14%, signal=37%	
GOMF_HEXOSE_TRANSMEMBRANE_TRANSPORTER_ACTIVITY	GOMF_HEXOSE_TRANSMEMBRANE_TRANSPORTER_ACTIVITY		25	0.6450186	1.6146457	0.014059754	0.06689208	1.0	315	tags=16%, list=2%, signal=16%	
GOBP_POSITIVE_REGULATION_OF_TYPE_II_INTERFERON_PRODUCTION	GOBP_POSITIVE_REGULATION_OF_TYPE_II_INTERFERON_PRODUCTION		75	0.52943015	1.6121229	0.007800312	0.06845364	1.0	2842	tags=43%, list=15%, signal=50%	
GOBP_POSITIVE_REGULATION_OF_MACROPHAGE_ACTIVATION	GOBP_POSITIVE_REGULATION_OF_MACROPHAGE_ACTIVATION		24	0.653741	1.6119336	0.024118738	0.06841844	1.0	2842	tags=50%, list=15%, signal=58%	
GOBP_PEPTIDYL_TYROSINE_MODIFICATION	GOBP_PEPTIDYL_TYROSINE_MODIFICATION		254	0.46150246	1.6115628	0.0	0.06847914	1.0	2873	tags=32%, list=15%, signal=37%	
GOBP_PEPTIDE_CROSS_LINKING	GOBP_PEPTIDE_CROSS_LINKING		26	0.649442	1.611225	0.013035382	0.06856067	1.0	1175	tags=31%, list=6%, signal=33%	
GOBP_NODAL_SIGNALING_PATHWAY	GOBP_NODAL_SIGNALING_PATHWAY		18	0.6920129	1.6112106	0.026833631	0.06841163	1.0	1251	tags=22%, list=6%, signal=24%	
GOBP_MYD88_DEPENDENT_TOLL_LIKE_RECEPTOR_SIGNALING_PATHWAY	GOBP_MYD88_DEPENDENT_TOLL_LIKE_RECEPTOR_SIGNALING_PATHWAY		20	0.67066336	1.6094745	0.013232514	0.06947018	1.0	3312	tags=45%, list=17%, signal=54%	
GOBP_POSITIVE_REGULATION_OF_CD4_POSITIVE_ALPHA_BETA_T_CELL_ACTIVATION	GOBP_POSITIVE_REGULATION_OF_CD4_POSITIVE_ALPHA_BETA_T_CELL_ACTIVATION		47	0.5630116	1.607639	0.015202703	0.070683874	1.0	2712	tags=40%, list=14%, signal=47%	
GOBP_NEGATIVE_REGULATION_OF_SMAD_PROTEIN_SIGNAL_TRANSDUCTION	GOBP_NEGATIVE_REGULATION_OF_SMAD_PROTEIN_SIGNAL_TRANSDUCTION		20	0.67706513	1.6071701	0.016981132	0.07084069	1.0	1789	tags=30%, list=9%, signal=33%	
GOBP_RESPONSE_TO_VITAMIN_D	GOBP_RESPONSE_TO_VITAMIN_D		35	0.6093282	1.6066545	0.017123288	0.07111462	1.0	1587	tags=37%, list=8%, signal=40%	
GOCC_PROTEIN_COMPLEX_INVOLVED_IN_CELL_ADHESION	GOCC_PROTEIN_COMPLEX_INVOLVED_IN_CELL_ADHESION		56	0.54796344	1.6063823	0.0033898305	0.07114569	1.0	2712	tags=39%, list=14%, signal=46%	
GOBP_REGULATION_OF_MICROGLIAL_CELL_ACTIVATION	GOBP_REGULATION_OF_MICROGLIAL_CELL_ACTIVATION		17	0.699904	1.6060547	0.028673835	0.07123348	1.0	2792	tags=53%, list=14%, signal=62%	
GOBP_NEGATIVE_REGULATION_OF_OSTEOBLAST_DIFFERENTIATION	GOBP_NEGATIVE_REGULATION_OF_OSTEOBLAST_DIFFERENTIATION		45	0.57721364	1.605923	0.0068259384	0.07116983	1.0	2287	tags=27%, list=12%, signal=30%	
GOBP_REGULATION_OF_POSITIVE_CHEMOTAXIS	GOBP_REGULATION_OF_POSITIVE_CHEMOTAXIS		25	0.6337456	1.6058686	0.015929203	0.071045116	1.0	2339	tags=48%, list=12%, signal=55%	
GOBP_CALCIUM_MEDIATED_SIGNALING	GOBP_CALCIUM_MEDIATED_SIGNALING		215	0.4682237	1.605848	0.0	0.07089803	1.0	2957	tags=31%, list=15%, signal=36%	
GOBP_NEGATIVE_REGULATION_OF_DEFENSE_RESPONSE	GOBP_NEGATIVE_REGULATION_OF_DEFENSE_RESPONSE		242	0.46000764	1.605658	0.0	0.07085142	1.0	2001	tags=21%, list=10%, signal=24%	
GOBP_POSITIVE_REGULATION_OF_OSTEOCLAST_DIFFERENTIATION	GOBP_POSITIVE_REGULATION_OF_OSTEOCLAST_DIFFERENTIATION		27	0.6379964	1.6048433	0.0144665465	0.071229815	1.0	2556	tags=33%, list=13%, signal=38%	
GOBP_INTEGRIN_MEDIATED_SIGNALING_PATHWAY	GOBP_INTEGRIN_MEDIATED_SIGNALING_PATHWAY		107	0.5053166	1.6046722	0.0	0.071194306	1.0	2729	tags=34%, list=14%, signal=39%	
GOBP_TYPE_II_INTERFERON_PRODUCTION	GOBP_TYPE_II_INTERFERON_PRODUCTION		113	0.4991978	1.6042318	0.0029895366	0.07136225	1.0	2842	tags=40%, list=15%, signal=46%	
GOBP_REGULATION_OF_LEUKOCYTE_APOPTOTIC_PROCESS	GOBP_REGULATION_OF_LEUKOCYTE_APOPTOTIC_PROCESS		85	0.5190763	1.6037894	0.0046296297	0.07151579	1.0	2796	tags=39%, list=14%, signal=45%	
GOBP_NEGATIVE_REGULATION_OF_INTERLEUKIN_6_PRODUCTION	GOBP_NEGATIVE_REGULATION_OF_INTERLEUKIN_6_PRODUCTION		45	0.57093686	1.6015948	0.003407155	0.07293618	1.0	3384	tags=51%, list=17%, signal=62%	
GOBP_HOMOTYPIC_CELL_CELL_ADHESION	GOBP_HOMOTYPIC_CELL_CELL_ADHESION		98	0.50845724	1.6008174	0.0015698588	0.073347464	1.0	2001	tags=32%, list=10%, signal=35%	
GOBP_EPIDERMIS_MORPHOGENESIS	GOBP_EPIDERMIS_MORPHOGENESIS		36	0.60197365	1.5987571	0.015679443	0.0747202	1.0	2512	tags=33%, list=13%, signal=38%	
GOBP_CATECHOL_CONTAINING_COMPOUND_METABOLIC_PROCESS	GOBP_CATECHOL_CONTAINING_COMPOUND_METABOLIC_PROCESS		51	0.55473804	1.598152	0.014876033	0.07500997	1.0	2090	tags=27%, list=11%, signal=31%	
GOBP_PHENOL_CONTAINING_COMPOUND_BIOSYNTHETIC_PROCESS	GOBP_PHENOL_CONTAINING_COMPOUND_BIOSYNTHETIC_PROCESS		45	0.5662358	1.5960166	0.008503402	0.076485984	1.0	2090	tags=31%, list=11%, signal=35%	
GOBP_REGULATION_OF_PEPTIDYL_TYROSINE_PHOSPHORYLATION	GOBP_REGULATION_OF_PEPTIDYL_TYROSINE_PHOSPHORYLATION		208	0.47078797	1.5940838	0.0	0.077700295	1.0	2873	tags=32%, list=15%, signal=37%	
GOBP_PEROXISOME_PROLIFERATOR_ACTIVATED_RECEPTOR_SIGNALING_PATHWAY	GOBP_PEROXISOME_PROLIFERATOR_ACTIVATED_RECEPTOR_SIGNALING_PATHWAY		23	0.6557757	1.5940317	0.013108614	0.07757356	1.0	1702	tags=39%, list=9%, signal=43%	
GOBP_PHAGOCYTOSIS_ENGULFMENT	GOBP_PHAGOCYTOSIS_ENGULFMENT		50	0.5649852	1.5937111	0.015517241	0.07763751	1.0	3144	tags=50%, list=16%, signal=60%	
GOBP_POSITIVE_REGULATION_OF_MYELOID_LEUKOCYTE_MEDIATED_IMMUNITY	GOBP_POSITIVE_REGULATION_OF_MYELOID_LEUKOCYTE_MEDIATED_IMMUNITY		20	0.6677488	1.5935286	0.026041666	0.07761081	1.0	2335	tags=50%, list=12%, signal=57%	
GOBP_MACROPHAGE_CHEMOTAXIS	GOBP_MACROPHAGE_CHEMOTAXIS		40	0.58126926	1.5933825	0.0033557047	0.077549264	1.0	2367	tags=45%, list=12%, signal=51%	
GOMF_OXIDOREDUCTASE_ACTIVITY_ACTING_ON_THE_CH_NH2_GROUP_OF_DONORS	GOMF_OXIDOREDUCTASE_ACTIVITY_ACTING_ON_THE_CH_NH2_GROUP_OF_DONORS		20	0.6792178	1.5926484	0.016697587	0.07799791	1.0	1821	tags=30%, list=9%, signal=33%	
GOBP_CELLULAR_COMPONENT_ASSEMBLY_INVOLVED_IN_MORPHOGENESIS	GOBP_CELLULAR_COMPONENT_ASSEMBLY_INVOLVED_IN_MORPHOGENESIS		131	0.48786774	1.5923735	0.0014814815	0.07801712	1.0	3389	tags=34%, list=17%, signal=40%	
GOBP_TISSUE_MIGRATION	GOBP_TISSUE_MIGRATION		304	0.44747394	1.592328	0.0	0.077891365	1.0	3212	tags=33%, list=17%, signal=39%	
GOBP_PYRIMIDINE_CONTAINING_COMPOUND_CATABOLIC_PROCESS	GOBP_PYRIMIDINE_CONTAINING_COMPOUND_CATABOLIC_PROCESS		42	0.5727518	1.5921779	0.011824325	0.07784486	1.0	1252	tags=19%, list=6%, signal=20%	
GOBP_POSITIVE_REGULATION_OF_ALPHA_BETA_T_CELL_ACTIVATION	GOBP_POSITIVE_REGULATION_OF_ALPHA_BETA_T_CELL_ACTIVATION		72	0.53354204	1.5920464	0.008361204	0.07778538	1.0	2792	tags=38%, list=14%, signal=44%	
GOBP_POSITIVE_REGULATION_OF_INTERLEUKIN_17_PRODUCTION	GOBP_POSITIVE_REGULATION_OF_INTERLEUKIN_17_PRODUCTION		27	0.63354254	1.5916716	0.013059702	0.077885084	1.0	2017	tags=30%, list=10%, signal=33%	
GOBP_NEUROPEPTIDE_SIGNALING_PATHWAY	GOBP_NEUROPEPTIDE_SIGNALING_PATHWAY		104	0.50308186	1.5915908	0.0031397175	0.07777818	1.0	1920	tags=16%, list=10%, signal=18%	
GOMF_PEPTIDE_BINDING	GOMF_PEPTIDE_BINDING		246	0.4562664	1.5915369	0.0	0.07765417	1.0	1733	tags=18%, list=9%, signal=19%	
GOBP_RESPONSE_TO_CORTICOSTERONE	GOBP_RESPONSE_TO_CORTICOSTERONE		17	0.7054688	1.5913701	0.015717093	0.07761517	1.0	277	tags=18%, list=1%, signal=18%	
GOBP_GLYCOLYTIC_PROCESS_THROUGH_GLUCOSE_6_PHOSPHATE	GOBP_GLYCOLYTIC_PROCESS_THROUGH_GLUCOSE_6_PHOSPHATE		20	0.65437496	1.5910501	0.03047619	0.07767316	1.0	3787	tags=60%, list=19%, signal=74%	
GOBP_POSITIVE_REGULATION_OF_ENDOTHELIAL_CELL_APOPTOTIC_PROCESS	GOBP_POSITIVE_REGULATION_OF_ENDOTHELIAL_CELL_APOPTOTIC_PROCESS		19	0.6818539	1.5908941	0.032667875	0.077647075	1.0	2020	tags=42%, list=10%, signal=47%	
GOBP_NEUTROPHIL_MEDIATED_IMMUNITY	GOBP_NEUTROPHIL_MEDIATED_IMMUNITY		36	0.58757514	1.5906733	0.015706806	0.07762745	1.0	2335	tags=44%, list=12%, signal=50%	
GOBP_ONE_CARBON_COMPOUND_TRANSPORT	GOBP_ONE_CARBON_COMPOUND_TRANSPORT		26	0.62982523	1.5903966	0.02166065	0.07767678	1.0	349	tags=23%, list=2%, signal=23%	
GOBP_CELLULAR_RESPONSE_TO_ZINC_ION	GOBP_CELLULAR_RESPONSE_TO_ZINC_ION		21	0.66880566	1.5895972	0.022099448	0.078100055	1.0	2609	tags=43%, list=13%, signal=49%	
GOBP_ERYTHROCYTE_MATURATION	GOBP_ERYTHROCYTE_MATURATION		20	0.67266774	1.5894119	0.023722628	0.078088455	1.0	2376	tags=40%, list=12%, signal=46%	
GOBP_HEMOSTASIS	GOBP_HEMOSTASIS		231	0.4572701	1.5885683	0.0	0.07856662	1.0	2926	tags=33%, list=15%, signal=38%	
GOBP_ACUTE_PHASE_RESPONSE	GOBP_ACUTE_PHASE_RESPONSE		46	0.56934446	1.5881453	0.008695652	0.07876677	1.0	1275	tags=24%, list=7%, signal=26%	
GOBP_CELL_SUBSTRATE_ADHESION	GOBP_CELL_SUBSTRATE_ADHESION		342	0.441878	1.5879807	0.0	0.07874743	1.0	2406	tags=27%, list=12%, signal=31%	
GOBP_REGULATED_EXOCYTOSIS	GOBP_REGULATED_EXOCYTOSIS		217	0.45969632	1.5877999	0.0	0.07871735	1.0	1871	tags=26%, list=10%, signal=28%	
GOBP_CELL_SURFACE_RECEPTOR_SIGNALING_PATHWAY_VIA_STAT	GOBP_CELL_SURFACE_RECEPTOR_SIGNALING_PATHWAY_VIA_STAT		171	0.47161314	1.5873175	0.0	0.07891098	1.0	2156	tags=24%, list=11%, signal=27%	
GOBP_FC_EPSILON_RECEPTOR_SIGNALING_PATHWAY	GOBP_FC_EPSILON_RECEPTOR_SIGNALING_PATHWAY		25	0.6559246	1.5865294	0.02385321	0.07939462	1.0	2790	tags=52%, list=14%, signal=61%	
GOBP_GABAERGIC_NEURON_DIFFERENTIATION	GOBP_GABAERGIC_NEURON_DIFFERENTIATION		17	0.6840211	1.5860765	0.029357798	0.079567425	1.0	1994	tags=24%, list=10%, signal=26%	
GOBP_ENDODERM_DEVELOPMENT	GOBP_ENDODERM_DEVELOPMENT		83	0.51317185	1.5856053	0.0062305294	0.07977704	1.0	2401	tags=25%, list=12%, signal=29%	
GOBP_NEGATIVE_REGULATION_OF_ANTIGEN_RECEPTOR_MEDIATED_SIGNALING_PATHWAY	GOBP_NEGATIVE_REGULATION_OF_ANTIGEN_RECEPTOR_MEDIATED_SIGNALING_PATHWAY		32	0.60776937	1.5854096	0.019163763	0.07972213	1.0	3065	tags=50%, list=16%, signal=59%	
GOBP_RESPONSE_TO_MECHANICAL_STIMULUS	GOBP_RESPONSE_TO_MECHANICAL_STIMULUS		215	0.46226102	1.5848932	0.0	0.07998937	1.0	3347	tags=34%, list=17%, signal=41%	
GOMF_CYSTEINE_TYPE_ENDOPEPTIDASE_INHIBITOR_ACTIVITY_INVOLVED_IN_APOPTOTIC_PROCESS	GOMF_CYSTEINE_TYPE_ENDOPEPTIDASE_INHIBITOR_ACTIVITY_INVOLVED_IN_APOPTOTIC_PROCESS		20	0.66315126	1.5841422	0.023339318	0.080461785	1.0	2942	tags=45%, list=15%, signal=53%	
GOBP_REGULATION_OF_T_CELL_CHEMOTAXIS	GOBP_REGULATION_OF_T_CELL_CHEMOTAXIS		15	0.6952765	1.5839695	0.030425964	0.08043917	1.0	2929	tags=47%, list=15%, signal=55%	
GOCC_MICROVILLUS	GOCC_MICROVILLUS		92	0.51575035	1.5832644	0.0030816642	0.080858625	1.0	2989	tags=32%, list=15%, signal=37%	
GOCC_DYSTROPHIN_ASSOCIATED_GLYCOPROTEIN_COMPLEX	GOCC_DYSTROPHIN_ASSOCIATED_GLYCOPROTEIN_COMPLEX		18	0.674783	1.5827011	0.026974952	0.08114437	1.0	1822	tags=33%, list=9%, signal=37%	
GOBP_POSITIVE_REGULATION_OF_LYMPHOCYTE_DIFFERENTIATION	GOBP_POSITIVE_REGULATION_OF_LYMPHOCYTE_DIFFERENTIATION		131	0.48754922	1.5822518	0.0	0.08132517	1.0	2904	tags=32%, list=15%, signal=37%	
GOBP_ACUTE_INFLAMMATORY_RESPONSE_TO_ANTIGENIC_STIMULUS	GOBP_ACUTE_INFLAMMATORY_RESPONSE_TO_ANTIGENIC_STIMULUS		24	0.6353491	1.5822103	0.020833334	0.08118744	1.0	2796	tags=46%, list=14%, signal=53%	
GOBP_PLATELET_MORPHOGENESIS	GOBP_PLATELET_MORPHOGENESIS		26	0.6304465	1.58199	0.029143898	0.08121692	1.0	3144	tags=54%, list=16%, signal=64%	
GOBP_CELL_DIFFERENTIATION_IN_HINDBRAIN	GOBP_CELL_DIFFERENTIATION_IN_HINDBRAIN		22	0.63898504	1.5810579	0.021113243	0.08186097	1.0	1605	tags=36%, list=8%, signal=40%	
GOBP_REGULATION_OF_NATURAL_KILLER_CELL_MEDIATED_IMMUNITY	GOBP_REGULATION_OF_NATURAL_KILLER_CELL_MEDIATED_IMMUNITY		53	0.55732185	1.5797527	0.010507881	0.082697324	1.0	2031	tags=32%, list=10%, signal=36%	
GOBP_DEFINITIVE_HEMOPOIESIS	GOBP_DEFINITIVE_HEMOPOIESIS		20	0.6563453	1.5792029	0.02398524	0.08295344	1.0	1812	tags=30%, list=9%, signal=33%	
GOBP_NEUTROPHIL_HOMEOSTASIS	GOBP_NEUTROPHIL_HOMEOSTASIS		19	0.68443555	1.5789663	0.03024911	0.082983494	1.0	1871	tags=42%, list=10%, signal=47%	
GOBP_MYELOID_LEUKOCYTE_CYTOKINE_PRODUCTION	GOBP_MYELOID_LEUKOCYTE_CYTOKINE_PRODUCTION		49	0.56291753	1.578885	0.0049916804	0.0828788	1.0	1433	tags=29%, list=7%, signal=31%	
GOBP_POSITIVE_REGULATION_OF_PEPTIDASE_ACTIVITY	GOBP_POSITIVE_REGULATION_OF_PEPTIDASE_ACTIVITY		155	0.47412202	1.5786469	0.0014084507	0.08291072	1.0	2327	tags=28%, list=12%, signal=31%	
GOBP_POSITIVE_REGULATION_OF_NATURAL_KILLER_CELL_MEDIATED_IMMUNITY	GOBP_POSITIVE_REGULATION_OF_NATURAL_KILLER_CELL_MEDIATED_IMMUNITY		34	0.61241454	1.5773535	0.0053667263	0.08385209	1.0	2031	tags=41%, list=10%, signal=46%	
GOCC_CELL_SUBSTRATE_JUNCTION	GOCC_CELL_SUBSTRATE_JUNCTION		425	0.43065345	1.5773011	0.0	0.08373616	1.0	3301	tags=33%, list=17%, signal=39%	
GOBP_RESPONSE_TO_AXON_INJURY	GOBP_RESPONSE_TO_AXON_INJURY		80	0.5159854	1.5772799	0.0031201248	0.08358007	1.0	2801	tags=29%, list=14%, signal=33%	
GOBP_ACTIVATION_OF_INNATE_IMMUNE_RESPONSE	GOBP_ACTIVATION_OF_INNATE_IMMUNE_RESPONSE		287	0.44566432	1.5771991	0.0	0.0834692	1.0	2942	tags=29%, list=15%, signal=34%	
GOBP_POSITIVE_T_CELL_SELECTION	GOBP_POSITIVE_T_CELL_SELECTION		45	0.57441777	1.5770218	0.01309329	0.08342716	1.0	2926	tags=44%, list=15%, signal=52%	
GOMF_ISOPRENOID_BINDING	GOMF_ISOPRENOID_BINDING		45	0.57369214	1.5768129	0.015570934	0.0834175	1.0	1587	tags=18%, list=8%, signal=19%	
GOBP_POSITIVE_REGULATION_OF_KINASE_ACTIVITY	GOBP_POSITIVE_REGULATION_OF_KINASE_ACTIVITY		276	0.44473046	1.5762715	0.0	0.083666794	1.0	2879	tags=29%, list=15%, signal=34%	
GOCC_I_BAND	GOCC_I_BAND		140	0.48173204	1.5762125	0.0014858841	0.08353845	1.0	3795	tags=40%, list=20%, signal=49%	
GOBP_TYPE_2_IMMUNE_RESPONSE	GOBP_TYPE_2_IMMUNE_RESPONSE		42	0.5773939	1.5761486	0.010169491	0.0834208	1.0	2789	tags=43%, list=14%, signal=50%	
GOBP_NEGATIVE_REGULATION_OF_LEUKOCYTE_MEDIATED_IMMUNITY	GOBP_NEGATIVE_REGULATION_OF_LEUKOCYTE_MEDIATED_IMMUNITY		68	0.53431773	1.57565	0.006546645	0.08363068	1.0	4320	tags=54%, list=22%, signal=70%	
GOBP_CELLULAR_RESPONSE_TO_VITAMIN	GOBP_CELLULAR_RESPONSE_TO_VITAMIN		28	0.6236479	1.5756372	0.021390375	0.08347928	1.0	2504	tags=46%, list=13%, signal=53%	
GOBP_CELLULAR_RESPONSE_TO_PROSTAGLANDIN_E_STIMULUS	GOBP_CELLULAR_RESPONSE_TO_PROSTAGLANDIN_E_STIMULUS		16	0.6841136	1.5749904	0.016791046	0.083811045	1.0	1042	tags=25%, list=5%, signal=26%	
GOBP_MACROPHAGE_CYTOKINE_PRODUCTION	GOBP_MACROPHAGE_CYTOKINE_PRODUCTION		37	0.5864822	1.5741645	0.017574692	0.0843378	1.0	1226	tags=30%, list=6%, signal=32%	
GOBP_POSITIVE_REGULATION_OF_MIRNA_METABOLIC_PROCESS	GOBP_POSITIVE_REGULATION_OF_MIRNA_METABOLIC_PROCESS		62	0.54073805	1.573948	0.014975041	0.084350556	1.0	787	tags=18%, list=4%, signal=18%	
GOBP_NEURON_PROJECTION_REGENERATION	GOBP_NEURON_PROJECTION_REGENERATION		57	0.5436551	1.5738922	0.009708738	0.08422657	1.0	2729	tags=28%, list=14%, signal=33%	
GOBP_POSITIVE_REGULATION_OF_EXTRINSIC_APOPTOTIC_SIGNALING_PATHWAY	GOBP_POSITIVE_REGULATION_OF_EXTRINSIC_APOPTOTIC_SIGNALING_PATHWAY		50	0.5501049	1.5716377	0.009693054	0.08584141	1.0	3381	tags=38%, list=17%, signal=46%	
GOBP_POSITIVE_REGULATION_OF_MONOATOMIC_ION_TRANSPORT	GOBP_POSITIVE_REGULATION_OF_MONOATOMIC_ION_TRANSPORT		192	0.4605558	1.5700184	0.0013736264	0.08700185	1.0	1967	tags=19%, list=10%, signal=21%	
GOMF_LOW_DENSITY_LIPOPROTEIN_PARTICLE_BINDING	GOMF_LOW_DENSITY_LIPOPROTEIN_PARTICLE_BINDING		17	0.6790931	1.5697317	0.019267824	0.08706572	1.0	2556	tags=41%, list=13%, signal=47%	
GOBP_NEGATIVE_REGULATION_OF_TISSUE_REMODELING	GOBP_NEGATIVE_REGULATION_OF_TISSUE_REMODELING		21	0.65298134	1.5685555	0.018621974	0.08780964	1.0	2904	tags=52%, list=15%, signal=62%	
GOBP_CELLULAR_RESPONSE_TO_AMYLOID_BETA	GOBP_CELLULAR_RESPONSE_TO_AMYLOID_BETA		39	0.57110465	1.5683675	0.016891891	0.087780066	1.0	2685	tags=33%, list=14%, signal=39%	
GOBP_REGULATION_OF_NEUTROPHIL_MIGRATION	GOBP_REGULATION_OF_NEUTROPHIL_MIGRATION		43	0.56389135	1.5679606	0.019639935	0.08788922	1.0	2853	tags=51%, list=15%, signal=60%	
GOBP_REGULATION_OF_TOLL_LIKE_RECEPTOR_4_SIGNALING_PATHWAY	GOBP_REGULATION_OF_TOLL_LIKE_RECEPTOR_4_SIGNALING_PATHWAY		29	0.6087286	1.5675006	0.024054984	0.08815357	1.0	2556	tags=38%, list=13%, signal=44%	
GOBP_POSITIVE_REGULATION_OF_RELEASE_OF_SEQUESTERED_CALCIUM_ION_INTO_CYTOSOL	GOBP_POSITIVE_REGULATION_OF_RELEASE_OF_SEQUESTERED_CALCIUM_ION_INTO_CYTOSOL		40	0.5643963	1.5656309	0.024013722	0.08959907	1.0	609	tags=15%, list=3%, signal=15%	
GOBP_EPIDERMIS_DEVELOPMENT	GOBP_EPIDERMIS_DEVELOPMENT		364	0.4315224	1.5652902	0.0	0.08970188	1.0	1944	tags=18%, list=10%, signal=20%	
GOBP_EXTRACELLULAR_MATRIX_ASSEMBLY	GOBP_EXTRACELLULAR_MATRIX_ASSEMBLY		46	0.56200725	1.5648332	0.009852217	0.089946024	1.0	2363	tags=39%, list=12%, signal=44%	
GOBP_POSITIVE_REGULATION_OF_EPITHELIAL_CELL_PROLIFERATION	GOBP_POSITIVE_REGULATION_OF_EPITHELIAL_CELL_PROLIFERATION		194	0.45534983	1.5648198	0.0013568521	0.08979268	1.0	2239	tags=24%, list=12%, signal=27%	
GOBP_PROSTANOID_BIOSYNTHETIC_PROCESS	GOBP_PROSTANOID_BIOSYNTHETIC_PROCESS		27	0.6204653	1.5629271	0.022429906	0.09121232	1.0	1226	tags=30%, list=6%, signal=32%	
GOCC_ACTIN_CYTOSKELETON	GOCC_ACTIN_CYTOSKELETON		490	0.42252544	1.5625988	0.0	0.091351785	1.0	3389	tags=32%, list=17%, signal=38%	
GOCC_PLATELET_ALPHA_GRANULE_MEMBRANE	GOCC_PLATELET_ALPHA_GRANULE_MEMBRANE		17	0.68541306	1.5619873	0.041431263	0.091625296	1.0	1906	tags=53%, list=10%, signal=59%	
GOMF_INTEGRIN_BINDING	GOMF_INTEGRIN_BINDING		150	0.47059277	1.5619047	0.0028248588	0.0915389	1.0	2617	tags=30%, list=13%, signal=34%	
GOBP_PYRIMIDINE_NUCLEOSIDE_METABOLIC_PROCESS	GOBP_PYRIMIDINE_NUCLEOSIDE_METABOLIC_PROCESS		25	0.625085	1.5616184	0.031141868	0.091617465	1.0	3060	tags=32%, list=16%, signal=38%	
GOBP_REGULATION_OF_INOSITOL_PHOSPHATE_BIOSYNTHETIC_PROCESS	GOBP_REGULATION_OF_INOSITOL_PHOSPHATE_BIOSYNTHETIC_PROCESS		15	0.69798917	1.5615528	0.03065134	0.091501035	1.0	2150	tags=40%, list=11%, signal=45%	
GOBP_NEGATIVE_REGULATION_OF_GROWTH	GOBP_NEGATIVE_REGULATION_OF_GROWTH		214	0.4542819	1.5605632	0.0013404826	0.09208893	1.0	3023	tags=30%, list=16%, signal=35%	
GOBP_REGULATION_OF_MONOCYTE_CHEMOTAXIS	GOBP_REGULATION_OF_MONOCYTE_CHEMOTAXIS		26	0.6243354	1.5601618	0.022727273	0.09228982	1.0	1871	tags=46%, list=10%, signal=51%	
GOBP_BASE_CONVERSION_OR_SUBSTITUTION_EDITING	GOBP_BASE_CONVERSION_OR_SUBSTITUTION_EDITING		18	0.6788662	1.5598658	0.027322404	0.092343725	1.0	2187	tags=28%, list=11%, signal=31%	
GOMF_GROWTH_FACTOR_BINDING	GOMF_GROWTH_FACTOR_BINDING		129	0.48037204	1.5597048	0.0029717681	0.09230796	1.0	2955	tags=37%, list=15%, signal=44%	
GOCC_LUMENAL_SIDE_OF_ENDOPLASMIC_RETICULUM_MEMBRANE	GOCC_LUMENAL_SIDE_OF_ENDOPLASMIC_RETICULUM_MEMBRANE		32	0.59992707	1.559103	0.019748654	0.09262068	1.0	1226	tags=25%, list=6%, signal=27%	
GOBP_NEGATIVE_REGULATION_OF_LYMPHOCYTE_MEDIATED_IMMUNITY	GOBP_NEGATIVE_REGULATION_OF_LYMPHOCYTE_MEDIATED_IMMUNITY		57	0.52994007	1.5584154	0.014634146	0.093018	1.0	4320	tags=54%, list=22%, signal=70%	
GOBP_NEGATIVE_REGULATION_OF_BONE_REMODELING	GOBP_NEGATIVE_REGULATION_OF_BONE_REMODELING		18	0.66399926	1.5582936	0.030797102	0.09294011	1.0	2904	tags=56%, list=15%, signal=65%	
GOBP_POSITIVE_REGULATION_OF_EPITHELIAL_CELL_APOPTOTIC_PROCESS	GOBP_POSITIVE_REGULATION_OF_EPITHELIAL_CELL_APOPTOTIC_PROCESS		35	0.6018362	1.5577234	0.025830258	0.093210615	1.0	2837	tags=43%, list=15%, signal=50%	
GOBP_RESPONSE_TO_VITAMIN	GOBP_RESPONSE_TO_VITAMIN		87	0.49860135	1.5576173	0.00608828	0.09312681	1.0	1587	tags=25%, list=8%, signal=27%	
GOBP_POSITIVE_REGULATION_OF_ENDOCYTOSIS	GOBP_POSITIVE_REGULATION_OF_ENDOCYTOSIS		150	0.4618671	1.5574876	0.001457726	0.09305662	1.0	2891	tags=36%, list=15%, signal=42%	
GOMF_ACTIN_BINDING	GOMF_ACTIN_BINDING		418	0.425202	1.5569168	0.0	0.09339478	1.0	3374	tags=32%, list=17%, signal=38%	
GOBP_NEGATIVE_REGULATION_OF_CELL_DEVELOPMENT	GOBP_NEGATIVE_REGULATION_OF_CELL_DEVELOPMENT		249	0.4454434	1.5568775	0.0013513514	0.09326071	1.0	2924	tags=27%, list=15%, signal=31%	
GOMF_GROWTH_FACTOR_ACTIVITY	GOMF_GROWTH_FACTOR_ACTIVITY		149	0.4659359	1.5568527	0.0014925373	0.09311785	1.0	1541	tags=17%, list=8%, signal=19%	
GOBP_POSITIVE_REGULATION_OF_VASCULAR_ASSOCIATED_SMOOTH_MUSCLE_CELL_MIGRATION	GOBP_POSITIVE_REGULATION_OF_VASCULAR_ASSOCIATED_SMOOTH_MUSCLE_CELL_MIGRATION		15	0.6772667	1.5566413	0.024952015	0.09315431	1.0	3765	tags=40%, list=19%, signal=50%	
GOBP_REGULATION_OF_ACUTE_INFLAMMATORY_RESPONSE	GOBP_REGULATION_OF_ACUTE_INFLAMMATORY_RESPONSE		45	0.5683477	1.5559642	0.022727273	0.09353836	1.0	2156	tags=36%, list=11%, signal=40%	
GOBP_HOMEOSTASIS_OF_NUMBER_OF_CELLS	GOBP_HOMEOSTASIS_OF_NUMBER_OF_CELLS		309	0.44020218	1.5558772	0.0	0.0934419	1.0	2926	tags=29%, list=15%, signal=34%	
GOBP_POSITIVE_THYMIC_T_CELL_SELECTION	GOBP_POSITIVE_THYMIC_T_CELL_SELECTION		15	0.687174	1.5557375	0.043071162	0.09338117	1.0	3727	tags=67%, list=19%, signal=82%	
GOBP_MATURE_B_CELL_DIFFERENTIATION_INVOLVED_IN_IMMUNE_RESPONSE	GOBP_MATURE_B_CELL_DIFFERENTIATION_INVOLVED_IN_IMMUNE_RESPONSE		32	0.59875035	1.555544	0.030874785	0.09335031	1.0	2685	tags=50%, list=14%, signal=58%	
GOCC_ACROSOMAL_MEMBRANE	GOCC_ACROSOMAL_MEMBRANE		30	0.61530423	1.5553532	0.026785715	0.093319856	1.0	1904	tags=27%, list=10%, signal=30%	
GOBP_POSITIVE_REGULATION_OF_SMOOTH_MUSCLE_CELL_PROLIFERATION	GOBP_POSITIVE_REGULATION_OF_SMOOTH_MUSCLE_CELL_PROLIFERATION		80	0.5156342	1.5550997	0.012738854	0.09334119	1.0	2654	tags=26%, list=14%, signal=30%	
GOBP_REGULATION_OF_T_HELPER_17_TYPE_IMMUNE_RESPONSE	GOBP_REGULATION_OF_T_HELPER_17_TYPE_IMMUNE_RESPONSE		33	0.5903149	1.5546211	0.01584507	0.09357703	1.0	1502	tags=21%, list=8%, signal=23%	
GOBP_GLYCOLYTIC_PROCESS_THROUGH_FRUCTOSE_6_PHOSPHATE	GOBP_GLYCOLYTIC_PROCESS_THROUGH_FRUCTOSE_6_PHOSPHATE		24	0.622763	1.5542501	0.024347827	0.0936964	1.0	3787	tags=54%, list=19%, signal=67%	
GOMF_ACETYLCHOLINE_RECEPTOR_ACTIVITY	GOMF_ACETYLCHOLINE_RECEPTOR_ACTIVITY		21	0.6652822	1.5539098	0.02757353	0.09384839	1.0	47	tags=5%, list=0%, signal=5%	
GOBP_POSITIVE_REGULATION_OF_MAPK_CASCADE	GOBP_POSITIVE_REGULATION_OF_MAPK_CASCADE		437	0.42581147	1.5531311	0.0	0.09436714	1.0	2846	tags=29%, list=15%, signal=34%	
GOBP_NEGATIVE_REGULATION_OF_GLIOGENESIS	GOBP_NEGATIVE_REGULATION_OF_GLIOGENESIS		41	0.56614304	1.5530318	0.02	0.094314635	1.0	17	tags=5%, list=0%, signal=5%	
GOBP_POSITIVE_REGULATION_OF_TYROSINE_PHOSPHORYLATION_OF_STAT_PROTEIN	GOBP_POSITIVE_REGULATION_OF_TYROSINE_PHOSPHORYLATION_OF_STAT_PROTEIN		62	0.53885853	1.5527779	0.011551155	0.09435529	1.0	1680	tags=27%, list=9%, signal=30%	
GOBP_POSITIVE_REGULATION_OF_MIRNA_TRANSCRIPTION	GOBP_POSITIVE_REGULATION_OF_MIRNA_TRANSCRIPTION		54	0.54793835	1.5523391	0.0127591705	0.094592445	1.0	3112	tags=35%, list=16%, signal=42%	
GOBP_UNSATURATED_FATTY_ACID_BIOSYNTHETIC_PROCESS	GOBP_UNSATURATED_FATTY_ACID_BIOSYNTHETIC_PROCESS		46	0.55606425	1.5518022	0.017006803	0.094848834	1.0	2085	tags=33%, list=11%, signal=36%	
GOMF_EXTRACELLULAR_MATRIX_STRUCTURAL_CONSTITUENT_CONFERRING_TENSILE_STRENGTH	GOMF_EXTRACELLULAR_MATRIX_STRUCTURAL_CONSTITUENT_CONFERRING_TENSILE_STRENGTH		44	0.5617514	1.5511214	0.0052173915	0.09524122	1.0	2293	tags=39%, list=12%, signal=44%	
GOMF_PHOSPHATIDYLINOSITOL_3_4_BISPHOSPHATE_BINDING	GOMF_PHOSPHATIDYLINOSITOL_3_4_BISPHOSPHATE_BINDING		27	0.62497807	1.550738	0.016393442	0.09545899	1.0	3194	tags=48%, list=16%, signal=58%	
GOBP_KERATINIZATION	GOBP_KERATINIZATION		78	0.51438946	1.550157	0.004651163	0.095812604	1.0	1782	tags=15%, list=9%, signal=17%	
GOBP_POSITIVE_REGULATION_OF_TYPE_2_IMMUNE_RESPONSE	GOBP_POSITIVE_REGULATION_OF_TYPE_2_IMMUNE_RESPONSE		18	0.66685295	1.5492231	0.03448276	0.096497305	1.0	2789	tags=56%, list=14%, signal=65%	
GOCC_CELL_CELL_JUNCTION	GOCC_CELL_CELL_JUNCTION		497	0.42120862	1.5489998	0.0	0.09654642	1.0	3369	tags=30%, list=17%, signal=36%	
GOCC_ER_TO_GOLGI_TRANSPORT_VESICLE_MEMBRANE	GOCC_ER_TO_GOLGI_TRANSPORT_VESICLE_MEMBRANE		59	0.5310464	1.5481641	0.01655629	0.09712837	1.0	1312	tags=19%, list=7%, signal=20%	
GOCC_CALYX_OF_HELD	GOCC_CALYX_OF_HELD		18	0.66276723	1.5471777	0.04310345	0.09776755	1.0	1056	tags=11%, list=5%, signal=12%	
GOBP_GLIAL_CELL_MIGRATION	GOBP_GLIAL_CELL_MIGRATION		56	0.5417232	1.5462794	0.01642036	0.09838092	1.0	2556	tags=34%, list=13%, signal=39%	
GOBP_POSITIVE_REGULATION_OF_PEPTIDYL_TYROSINE_PHOSPHORYLATION	GOBP_POSITIVE_REGULATION_OF_PEPTIDYL_TYROSINE_PHOSPHORYLATION		153	0.4649412	1.5456802	0.0	0.09868363	1.0	1764	tags=25%, list=9%, signal=27%	
GOBP_NEGATIVE_REGULATION_OF_HEMOPOIESIS	GOBP_NEGATIVE_REGULATION_OF_HEMOPOIESIS		107	0.4863185	1.5454183	0.001510574	0.098721415	1.0	2904	tags=33%, list=15%, signal=38%	
GOBP_NEGATIVE_REGULATION_OF_NERVOUS_SYSTEM_DEVELOPMENT	GOBP_NEGATIVE_REGULATION_OF_NERVOUS_SYSTEM_DEVELOPMENT		133	0.47153786	1.5452437	0.002967359	0.0986538	1.0	1625	tags=17%, list=8%, signal=18%	
GOBP_EPITHELIAL_CELL_FATE_COMMITMENT	GOBP_EPITHELIAL_CELL_FATE_COMMITMENT		15	0.70266885	1.545106	0.03960396	0.09861864	1.0	1942	tags=47%, list=10%, signal=52%	
GOBP_ACTIN_FILAMENT_ORGANIZATION	GOBP_ACTIN_FILAMENT_ORGANIZATION		434	0.4207068	1.5445025	0.0	0.09899477	1.0	3291	tags=33%, list=17%, signal=39%	
GOBP_REGULATION_OF_CD4_POSITIVE_ALPHA_BETA_T_CELL_ACTIVATION	GOBP_REGULATION_OF_CD4_POSITIVE_ALPHA_BETA_T_CELL_ACTIVATION		78	0.50392747	1.543455	0.01710731	0.09976583	1.0	2712	tags=36%, list=14%, signal=42%	
GOBP_REGULATION_OF_PRESYNAPSE_ORGANIZATION	GOBP_REGULATION_OF_PRESYNAPSE_ORGANIZATION		34	0.5803052	1.5431362	0.033333335	0.099896625	1.0	1606	tags=24%, list=8%, signal=26%	
GOBP_REGULATION_OF_FIBROBLAST_GROWTH_FACTOR_RECEPTOR_SIGNALING_PATHWAY	GOBP_REGULATION_OF_FIBROBLAST_GROWTH_FACTOR_RECEPTOR_SIGNALING_PATHWAY		33	0.58307564	1.5430373	0.03125	0.099811845	1.0	2206	tags=30%, list=11%, signal=34%	
GOBP_REGULATION_OF_SUPEROXIDE_METABOLIC_PROCESS	GOBP_REGULATION_OF_SUPEROXIDE_METABOLIC_PROCESS		27	0.6186575	1.5422624	0.021390375	0.1003484	1.0	1760	tags=41%, list=9%, signal=45%	
GOBP_REGULATION_OF_SMOOTH_MUSCLE_CONTRACTION	GOBP_REGULATION_OF_SMOOTH_MUSCLE_CONTRACTION		54	0.538625	1.5421909	0.01754386	0.10023851	1.0	2926	tags=37%, list=15%, signal=43%	
GOBP_POSITIVE_REGULATION_OF_BONE_RESORPTION	GOBP_POSITIVE_REGULATION_OF_BONE_RESORPTION		19	0.6635522	1.5416857	0.030947777	0.100522354	1.0	731	tags=21%, list=4%, signal=22%	
GOCC_COLLAGEN_TRIMER	GOCC_COLLAGEN_TRIMER		84	0.49739626	1.5410826	0.00927357	0.10083809	1.0	2293	tags=32%, list=12%, signal=36%	
GOBP_REGULATION_OF_ACTIN_FILAMENT_BASED_PROCESS	GOBP_REGULATION_OF_ACTIN_FILAMENT_BASED_PROCESS		354	0.42411113	1.5410168	0.0	0.100708514	1.0	2837	tags=27%, list=15%, signal=31%	
GOBP_POSTSYNAPTIC_SIGNAL_TRANSDUCTION	GOBP_POSTSYNAPTIC_SIGNAL_TRANSDUCTION		47	0.54796255	1.5402153	0.018867925	0.1012464	1.0	2291	tags=21%, list=12%, signal=24%	
GOMF_NUCLEOTIDE_RECEPTOR_ACTIVITY	GOMF_NUCLEOTIDE_RECEPTOR_ACTIVITY		18	0.664877	1.5400759	0.035849057	0.10118098	1.0	2150	tags=44%, list=11%, signal=50%	
GOBP_NEGATIVE_REGULATION_OF_NEURON_PROJECTION_REGENERATION	GOBP_NEGATIVE_REGULATION_OF_NEURON_PROJECTION_REGENERATION		16	0.6925709	1.5399892	0.025490196	0.10112472	1.0	965	tags=31%, list=5%, signal=33%	
GOBP_BONE_MINERALIZATION	GOBP_BONE_MINERALIZATION		118	0.47092864	1.5385464	0.001490313	0.102273665	1.0	2802	tags=37%, list=14%, signal=43%	
GOBP_REGULATION_OF_MEGAKARYOCYTE_DIFFERENTIATION	GOBP_REGULATION_OF_MEGAKARYOCYTE_DIFFERENTIATION		22	0.62225044	1.5383029	0.040515654	0.10234402	1.0	3095	tags=41%, list=16%, signal=49%	
GOCC_COSTAMERE	GOCC_COSTAMERE		18	0.6535791	1.5374265	0.028735632	0.10295363	1.0	2885	tags=56%, list=15%, signal=65%	
GOBP_HUMORAL_IMMUNE_RESPONSE_MEDIATED_BY_CIRCULATING_IMMUNOGLOBULIN	GOBP_HUMORAL_IMMUNE_RESPONSE_MEDIATED_BY_CIRCULATING_IMMUNOGLOBULIN		45	0.5575428	1.5373316	0.022491349	0.10286011	1.0	3531	tags=49%, list=18%, signal=60%	
GOBP_ICOSANOID_METABOLIC_PROCESS	GOBP_ICOSANOID_METABOLIC_PROCESS		115	0.4781391	1.5369766	0.004385965	0.10298951	1.0	1872	tags=21%, list=10%, signal=23%	
GOMF_INWARD_RECTIFIER_POTASSIUM_CHANNEL_ACTIVITY	GOMF_INWARD_RECTIFIER_POTASSIUM_CHANNEL_ACTIVITY		26	0.61959094	1.5364408	0.022968197	0.10329614	1.0	4013	tags=38%, list=21%, signal=48%	
GOBP_RESPONSE_TO_ACETYLCHOLINE	GOBP_RESPONSE_TO_ACETYLCHOLINE		45	0.5509041	1.5364048	0.023688663	0.10315256	1.0	859	tags=9%, list=4%, signal=9%	
GOBP_CELLULAR_RESPONSE_TO_INORGANIC_SUBSTANCE	GOBP_CELLULAR_RESPONSE_TO_INORGANIC_SUBSTANCE		202	0.44672197	1.5350395	0.0	0.104173586	1.0	2840	tags=29%, list=15%, signal=33%	
GOBP_POSITIVE_REGULATION_OF_PRODUCTION_OF_MOLECULAR_MEDIATOR_OF_IMMUNE_RESPONSE	GOBP_POSITIVE_REGULATION_OF_PRODUCTION_OF_MOLECULAR_MEDIATOR_OF_IMMUNE_RESPONSE		130	0.47115678	1.533308	0.0042735045	0.10561013	1.0	2803	tags=32%, list=14%, signal=38%	
GOBP_REGULATION_OF_HYDROGEN_PEROXIDE_METABOLIC_PROCESS	GOBP_REGULATION_OF_HYDROGEN_PEROXIDE_METABOLIC_PROCESS		17	0.6604865	1.5331337	0.04805915	0.10562224	1.0	3136	tags=47%, list=16%, signal=56%	
GOBP_MULTI_MULTICELLULAR_ORGANISM_PROCESS	GOBP_MULTI_MULTICELLULAR_ORGANISM_PROCESS		206	0.44617078	1.5329043	0.0027359782	0.10563931	1.0	1911	tags=19%, list=10%, signal=21%	
GOBP_NATURAL_KILLER_CELL_PROLIFERATION	GOBP_NATURAL_KILLER_CELL_PROLIFERATION		15	0.6828788	1.5324517	0.04527559	0.10592731	1.0	1502	tags=40%, list=8%, signal=43%	
GOMF_FIBROBLAST_GROWTH_FACTOR_BINDING	GOMF_FIBROBLAST_GROWTH_FACTOR_BINDING		21	0.64255565	1.5322466	0.025742574	0.10596258	1.0	1440	tags=24%, list=7%, signal=26%	
GOBP_NEGATIVE_REGULATION_OF_CELL_SUBSTRATE_ADHESION	GOBP_NEGATIVE_REGULATION_OF_CELL_SUBSTRATE_ADHESION		58	0.5300869	1.531419	0.011254019	0.10656499	1.0	2371	tags=28%, list=12%, signal=31%	
GOMF_CARBONATE_DEHYDRATASE_ACTIVITY	GOMF_CARBONATE_DEHYDRATASE_ACTIVITY		15	0.6912596	1.530857	0.032882012	0.10695181	1.0	3121	tags=53%, list=16%, signal=63%	
GOMF_SH2_DOMAIN_BINDING	GOMF_SH2_DOMAIN_BINDING		42	0.562358	1.5308566	0.025	0.106772065	1.0	3462	tags=45%, list=18%, signal=55%	
GOMF_CORE_PROMOTER_SEQUENCE_SPECIFIC_DNA_BINDING	GOMF_CORE_PROMOTER_SEQUENCE_SPECIFIC_DNA_BINDING		39	0.5669085	1.5307972	0.02907916	0.106650546	1.0	213	tags=5%, list=1%, signal=5%	
GOBP_RESPONSE_TO_TUMOR_NECROSIS_FACTOR	GOBP_RESPONSE_TO_TUMOR_NECROSIS_FACTOR		220	0.44037718	1.529396	0.0026666666	0.10779828	1.0	2442	tags=25%, list=13%, signal=29%	
GOCC_LUMENAL_SIDE_OF_MEMBRANE	GOCC_LUMENAL_SIDE_OF_MEMBRANE		41	0.5640527	1.5277538	0.019261638	0.109211035	1.0	1226	tags=20%, list=6%, signal=21%	
GOCC_FICOLIN_1_RICH_GRANULE_LUMEN	GOCC_FICOLIN_1_RICH_GRANULE_LUMEN		123	0.471991	1.5263643	0.00608828	0.110332586	1.0	2837	tags=27%, list=15%, signal=31%	
GOBP_REGULATION_OF_INSULIN_LIKE_GROWTH_FACTOR_RECEPTOR_SIGNALING_PATHWAY	GOBP_REGULATION_OF_INSULIN_LIKE_GROWTH_FACTOR_RECEPTOR_SIGNALING_PATHWAY		22	0.6330328	1.526341	0.037453182	0.110172175	1.0	701	tags=18%, list=4%, signal=19%	
GOBP_THYMIC_T_CELL_SELECTION	GOBP_THYMIC_T_CELL_SELECTION		24	0.6220981	1.5255209	0.03119266	0.11071966	1.0	2926	tags=50%, list=15%, signal=59%	
GOCC_RECEPTOR_COMPLEX	GOCC_RECEPTOR_COMPLEX		397	0.41869763	1.5250537	0.0	0.11098146	1.0	2827	tags=26%, list=15%, signal=30%	
GOBP_REGULATION_OF_CARDIAC_MUSCLE_CONTRACTION	GOBP_REGULATION_OF_CARDIAC_MUSCLE_CONTRACTION		72	0.5097197	1.5245818	0.01607717	0.11122489	1.0	1136	tags=13%, list=6%, signal=13%	
GOBP_CELL_CELL_RECOGNITION	GOBP_CELL_CELL_RECOGNITION		72	0.50710136	1.5245776	0.0096	0.11104075	1.0	3632	tags=35%, list=19%, signal=43%	
GOBP_NEGATIVE_REGULATION_OF_LOCOMOTION	GOBP_NEGATIVE_REGULATION_OF_LOCOMOTION		306	0.42793623	1.524405	0.0	0.11103147	1.0	3164	tags=29%, list=16%, signal=35%	
GOBP_CARBON_DIOXIDE_TRANSPORT	GOBP_CARBON_DIOXIDE_TRANSPORT		15	0.674446	1.5235474	0.035185184	0.111677	1.0	2747	tags=53%, list=14%, signal=62%	
GOBP_MUSCLE_SYSTEM_PROCESS	GOBP_MUSCLE_SYSTEM_PROCESS		423	0.4118921	1.5225427	0.0	0.11244783	1.0	2926	tags=25%, list=15%, signal=29%	
GOBP_REGULATION_OF_LEUKOCYTE_TETHERING_OR_ROLLING	GOBP_REGULATION_OF_LEUKOCYTE_TETHERING_OR_ROLLING		18	0.66365194	1.5222222	0.04	0.112564825	1.0	2941	tags=61%, list=15%, signal=72%	
GOBP_CARDIAC_MUSCLE_CELL_ACTION_POTENTIAL_INVOLVED_IN_CONTRACTION	GOBP_CARDIAC_MUSCLE_CELL_ACTION_POTENTIAL_INVOLVED_IN_CONTRACTION		59	0.51470983	1.5222083	0.020304568	0.112389885	1.0	3306	tags=29%, list=17%, signal=35%	
GOBP_TRANSFORMING_GROWTH_FACTOR_BETA_PRODUCTION	GOBP_TRANSFORMING_GROWTH_FACTOR_BETA_PRODUCTION		33	0.58640754	1.5216708	0.026666667	0.11272247	1.0	1440	tags=27%, list=7%, signal=29%	
GOBP_B_CELL_PROLIFERATION	GOBP_B_CELL_PROLIFERATION		103	0.48663908	1.5211926	0.0047095763	0.113004774	1.0	2904	tags=31%, list=15%, signal=36%	
GOBP_LONG_TERM_SYNAPTIC_POTENTIATION	GOBP_LONG_TERM_SYNAPTIC_POTENTIATION		91	0.49198523	1.5205835	0.010954617	0.113386884	1.0	2349	tags=23%, list=12%, signal=26%	
GOMF_SUGAR_TRANSMEMBRANE_TRANSPORTER_ACTIVITY	GOMF_SUGAR_TRANSMEMBRANE_TRANSPORTER_ACTIVITY		29	0.6005597	1.5197208	0.034722224	0.114029124	1.0	315	tags=14%, list=2%, signal=14%	
GOBP_ICOSANOID_BIOSYNTHETIC_PROCESS	GOBP_ICOSANOID_BIOSYNTHETIC_PROCESS		53	0.5270983	1.5186195	0.020689655	0.11495551	1.0	1872	tags=26%, list=10%, signal=29%	
GOBP_NEGATIVE_REGULATION_OF_INTERLEUKIN_10_PRODUCTION	GOBP_NEGATIVE_REGULATION_OF_INTERLEUKIN_10_PRODUCTION		18	0.66041535	1.5176919	0.039033458	0.115635164	1.0	837	tags=28%, list=4%, signal=29%	
GOBP_MYOTUBE_DIFFERENTIATION	GOBP_MYOTUBE_DIFFERENTIATION		122	0.4722949	1.5176868	0.0073746312	0.11545403	1.0	3144	tags=33%, list=16%, signal=39%	
GOBP_REGULATION_OF_FIBROBLAST_MIGRATION	GOBP_REGULATION_OF_FIBROBLAST_MIGRATION		36	0.5668932	1.5169226	0.026501767	0.11596089	1.0	3136	tags=39%, list=16%, signal=46%	
GOBP_NEGATIVE_REGULATION_OF_DEVELOPMENTAL_GROWTH	GOBP_NEGATIVE_REGULATION_OF_DEVELOPMENTAL_GROWTH		91	0.48295322	1.5164917	0.006006006	0.11620221	1.0	1625	tags=20%, list=8%, signal=21%	
GOCC_SARCOLEMMA	GOCC_SARCOLEMMA		139	0.46226564	1.5163897	0.0029411765	0.116097495	1.0	3076	tags=32%, list=16%, signal=37%	
GOMF_COPPER_ION_BINDING	GOMF_COPPER_ION_BINDING		58	0.51885396	1.5163212	0.01188455	0.11599306	1.0	3021	tags=31%, list=16%, signal=37%	
GOBP_RESPONSE_TO_TRANSFORMING_GROWTH_FACTOR_BETA	GOBP_RESPONSE_TO_TRANSFORMING_GROWTH_FACTOR_BETA		257	0.43556744	1.5161784	0.002617801	0.11594889	1.0	2987	tags=29%, list=15%, signal=34%	
GOBP_ENDOTHELIAL_CELL_MIGRATION	GOBP_ENDOTHELIAL_CELL_MIGRATION		213	0.44073245	1.5152065	0.0	0.11674854	1.0	2280	tags=26%, list=12%, signal=29%	
GOMF_ACTININ_BINDING	GOMF_ACTININ_BINDING		37	0.56187636	1.5149308	0.03125	0.11680748	1.0	3395	tags=46%, list=17%, signal=56%	
GOBP_INTRACELLULAR_ZINC_ION_HOMEOSTASIS	GOBP_INTRACELLULAR_ZINC_ION_HOMEOSTASIS		34	0.5774456	1.5148768	0.029565217	0.11668353	1.0	2609	tags=38%, list=13%, signal=44%	
GOMF_METALLOENDOPEPTIDASE_ACTIVITY	GOMF_METALLOENDOPEPTIDASE_ACTIVITY		105	0.4753606	1.5145098	0.0061919503	0.11685593	1.0	1768	tags=20%, list=9%, signal=22%	
GOBP_STRIATED_MUSCLE_CONTRACTION	GOBP_STRIATED_MUSCLE_CONTRACTION		182	0.4448273	1.5137609	0.0014104373	0.11744472	1.0	3370	tags=27%, list=17%, signal=33%	
GOMF_PROTEIN_PHOSPHORYLATED_AMINO_ACID_BINDING	GOMF_PROTEIN_PHOSPHORYLATED_AMINO_ACID_BINDING		59	0.51988465	1.5137379	0.019769358	0.117276706	1.0	3167	tags=37%, list=16%, signal=44%	
GOCC_DESMOSOME	GOCC_DESMOSOME		28	0.59689045	1.5135851	0.041904762	0.11724897	1.0	3030	tags=46%, list=16%, signal=55%	
GOBP_POSITIVE_REGULATION_OF_REGULATORY_T_CELL_DIFFERENTIATION	GOBP_POSITIVE_REGULATION_OF_REGULATORY_T_CELL_DIFFERENTIATION		21	0.6288577	1.5133733	0.039033458	0.11728849	1.0	2597	tags=52%, list=13%, signal=60%	
GOCC_INTERMEDIATE_FILAMENT_CYTOSKELETON	GOCC_INTERMEDIATE_FILAMENT_CYTOSKELETON		218	0.4412058	1.5130364	0.0	0.11744476	1.0	1678	tags=11%, list=9%, signal=11%	
GOMF_PEPTIDASE_ACTIVATOR_ACTIVITY	GOMF_PEPTIDASE_ACTIVATOR_ACTIVITY		56	0.52289355	1.512949	0.014778325	0.11731928	1.0	2266	tags=29%, list=12%, signal=32%	
GOBP_HYALURONAN_CATABOLIC_PROCESS	GOBP_HYALURONAN_CATABOLIC_PROCESS		15	0.6826714	1.512533	0.053308822	0.11759393	1.0	3240	tags=53%, list=17%, signal=64%	
GOMF_NADPLUS_NUCLEOTIDASE_CYCLIC_ADP_RIBOSE_GENERATING	GOMF_NADPLUS_NUCLEOTIDASE_CYCLIC_ADP_RIBOSE_GENERATING		16	0.6692356	1.5120883	0.036538463	0.11789007	1.0	883	tags=38%, list=5%, signal=39%	
GOBP_POSITIVE_REGULATION_OF_CHEMOKINE_PRODUCTION	GOBP_POSITIVE_REGULATION_OF_CHEMOKINE_PRODUCTION		70	0.5026461	1.5111487	0.007961784	0.11867028	1.0	1598	tags=30%, list=8%, signal=33%	
GOBP_POSITIVE_REGULATION_OF_LEUKOCYTE_ADHESION_TO_VASCULAR_ENDOTHELIAL_CELL	GOBP_POSITIVE_REGULATION_OF_LEUKOCYTE_ADHESION_TO_VASCULAR_ENDOTHELIAL_CELL		24	0.61332065	1.5110345	0.045694202	0.11860557	1.0	2941	tags=58%, list=15%, signal=69%	
GOBP_PHOSPHOLIPASE_C_ACTIVATING_G_PROTEIN_COUPLED_RECEPTOR_SIGNALING_PATHWAY	GOBP_PHOSPHOLIPASE_C_ACTIVATING_G_PROTEIN_COUPLED_RECEPTOR_SIGNALING_PATHWAY		115	0.468353	1.5107397	0.0061443932	0.11872177	1.0	2408	tags=27%, list=12%, signal=31%	
GOBP_REGULATION_OF_PHOSPHOLIPASE_C_ACTIVITY	GOBP_REGULATION_OF_PHOSPHOLIPASE_C_ACTIVITY		34	0.57415926	1.5102403	0.0335097	0.11907447	1.0	2955	tags=35%, list=15%, signal=42%	
GOBP_REGULATION_OF_MYELOID_CELL_DIFFERENTIATION	GOBP_REGULATION_OF_MYELOID_CELL_DIFFERENTIATION		188	0.44211334	1.5097317	0.0014025245	0.1194041	1.0	3112	tags=30%, list=16%, signal=35%	
GOBP_ACTIN_POLYMERIZATION_OR_DEPOLYMERIZATION	GOBP_ACTIN_POLYMERIZATION_OR_DEPOLYMERIZATION		183	0.44561714	1.5088184	0.0013774105	0.12013455	1.0	3779	tags=41%, list=19%, signal=50%	
GOBP_MUSCLE_CONTRACTION	GOBP_MUSCLE_CONTRACTION		337	0.4178243	1.5083181	0.0012674271	0.120428264	1.0	3389	tags=28%, list=17%, signal=34%	
GOBP_REGULATION_OF_CELL_SUBSTRATE_ADHESION	GOBP_REGULATION_OF_CELL_SUBSTRATE_ADHESION		208	0.43916145	1.5082977	0.0	0.120273426	1.0	2387	tags=27%, list=12%, signal=31%	
GOBP_B_CELL_ACTIVATION_INVOLVED_IN_IMMUNE_RESPONSE	GOBP_B_CELL_ACTIVATION_INVOLVED_IN_IMMUNE_RESPONSE		84	0.4955024	1.507929	0.020376176	0.12047032	1.0	2792	tags=32%, list=14%, signal=37%	
GOBP_CELLULAR_RESPONSE_TO_LIPOPROTEIN_PARTICLE_STIMULUS	GOBP_CELLULAR_RESPONSE_TO_LIPOPROTEIN_PARTICLE_STIMULUS		34	0.5756524	1.5078211	0.029357798	0.12037386	1.0	2749	tags=38%, list=14%, signal=44%	
GOMF_ENDOPEPTIDASE_ACTIVITY	GOMF_ENDOPEPTIDASE_ACTIVITY		369	0.41491497	1.507601	0.0	0.120430864	1.0	1500	tags=14%, list=8%, signal=15%	
GOBP_NEGATIVE_REGULATION_OF_CELL_CELL_ADHESION	GOBP_NEGATIVE_REGULATION_OF_CELL_CELL_ADHESION		186	0.44144955	1.5075722	0.0027100272	0.12026439	1.0	2929	tags=33%, list=15%, signal=38%	
GOBP_T_CELL_RECEPTOR_SIGNALING_PATHWAY	GOBP_T_CELL_RECEPTOR_SIGNALING_PATHWAY		134	0.4618798	1.5073802	0.010086455	0.120260686	1.0	2929	tags=34%, list=15%, signal=39%	
GOBP_POSITIVE_REGULATION_OF_T_CELL_MEDIATED_IMMUNITY	GOBP_POSITIVE_REGULATION_OF_T_CELL_MEDIATED_IMMUNITY		68	0.5090616	1.5071442	0.014423077	0.12027738	1.0	2578	tags=28%, list=13%, signal=32%	
GOBP_ACTIN_MEDIATED_CELL_CONTRACTION	GOBP_ACTIN_MEDIATED_CELL_CONTRACTION		109	0.47427052	1.5071056	0.010736196	0.12012753	1.0	3306	tags=31%, list=17%, signal=37%	
GOBP_LAMELLIPODIUM_ASSEMBLY	GOBP_LAMELLIPODIUM_ASSEMBLY		70	0.50352365	1.5060828	0.014423077	0.12098797	1.0	3779	tags=47%, list=19%, signal=58%	
GOBP_POSITIVE_REGULATION_OF_HYDROLASE_ACTIVITY	GOBP_POSITIVE_REGULATION_OF_HYDROLASE_ACTIVITY		424	0.41182846	1.5054485	0.0	0.12141072	1.0	2369	tags=22%, list=12%, signal=25%	
GOBP_POSITIVE_REGULATION_OF_PROTEIN_DEPOLYMERIZATION	GOBP_POSITIVE_REGULATION_OF_PROTEIN_DEPOLYMERIZATION		17	0.6481261	1.5045104	0.06613226	0.12225771	1.0	655	tags=24%, list=3%, signal=24%	
GOBP_CELLULAR_RESPONSE_TO_VIRUS	GOBP_CELLULAR_RESPONSE_TO_VIRUS		74	0.5029837	1.503372	0.017001545	0.12325434	1.0	3342	tags=34%, list=17%, signal=41%	
GOBP_LEUKOCYTE_APOPTOTIC_PROCESS	GOBP_LEUKOCYTE_APOPTOTIC_PROCESS		112	0.4668418	1.5025748	0.013636364	0.12394191	1.0	3178	tags=37%, list=16%, signal=44%	
GOBP_POSITIVE_REGULATION_OF_LEUKOCYTE_APOPTOTIC_PROCESS	GOBP_POSITIVE_REGULATION_OF_LEUKOCYTE_APOPTOTIC_PROCESS		26	0.6004314	1.5019298	0.030141843	0.12441591	1.0	1010	tags=27%, list=5%, signal=28%	
GOBP_NEGATIVE_REGULATION_OF_B_CELL_PROLIFERATION	GOBP_NEGATIVE_REGULATION_OF_B_CELL_PROLIFERATION		16	0.6630865	1.5017089	0.042226486	0.12444135	1.0	2904	tags=50%, list=15%, signal=59%	
GOBP_EPIBOLY	GOBP_EPIBOLY		41	0.55137897	1.5011458	0.025408348	0.124753915	1.0	2206	tags=24%, list=11%, signal=27%	
GOBP_REGULATION_OF_NEURONAL_SYNAPTIC_PLASTICITY	GOBP_REGULATION_OF_NEURONAL_SYNAPTIC_PLASTICITY		53	0.52017987	1.5008785	0.026578072	0.12483244	1.0	1800	tags=17%, list=9%, signal=19%	
GOBP_CELLULAR_RESPONSE_TO_OXYGEN_RADICAL	GOBP_CELLULAR_RESPONSE_TO_OXYGEN_RADICAL		21	0.6239454	1.5007097	0.04770642	0.12480472	1.0	1739	tags=38%, list=9%, signal=42%	
GOBP_TYROSINE_PHOSPHORYLATION_OF_STAT_PROTEIN	GOBP_TYROSINE_PHOSPHORYLATION_OF_STAT_PROTEIN		74	0.49569142	1.4992183	0.017295597	0.12615958	1.0	1680	tags=23%, list=9%, signal=25%	
GOBP_POSITIVE_REGULATION_OF_CYSTEINE_TYPE_ENDOPEPTIDASE_ACTIVITY	GOBP_POSITIVE_REGULATION_OF_CYSTEINE_TYPE_ENDOPEPTIDASE_ACTIVITY		122	0.46012047	1.4986789	0.012066365	0.12660386	1.0	2285	tags=26%, list=12%, signal=30%	
GOBP_RESPONSE_TO_GROWTH_HORMONE	GOBP_RESPONSE_TO_GROWTH_HORMONE		38	0.554725	1.4983529	0.035714287	0.1267917	1.0	1955	tags=26%, list=10%, signal=29%	
GOBP_WOUND_HEALING_SPREADING_OF_EPIDERMAL_CELLS	GOBP_WOUND_HEALING_SPREADING_OF_EPIDERMAL_CELLS		26	0.59868485	1.4972674	0.04631218	0.12776087	1.0	2206	tags=35%, list=11%, signal=39%	
GOBP_REGULATION_OF_KINASE_ACTIVITY	GOBP_REGULATION_OF_KINASE_ACTIVITY		472	0.40730262	1.4971862	0.0012195122	0.12766859	1.0	2881	tags=25%, list=15%, signal=29%	
GOCC_ENDOPLASMIC_RETICULUM_LUMEN	GOCC_ENDOPLASMIC_RETICULUM_LUMEN		301	0.4179543	1.496999	0.0	0.12765671	1.0	2387	tags=25%, list=12%, signal=28%	
GOBP_GLUCOSE_CATABOLIC_PROCESS	GOBP_GLUCOSE_CATABOLIC_PROCESS		26	0.59650403	1.4966724	0.04293381	0.1278086	1.0	3787	tags=54%, list=19%, signal=67%	
GOBP_CARDIAC_MUSCLE_CELL_CONTRACTION	GOBP_CARDIAC_MUSCLE_CELL_CONTRACTION		81	0.49488565	1.4959922	0.018779343	0.12837943	1.0	3306	tags=30%, list=17%, signal=36%	
GOBP_REGULATION_OF_NEUROINFLAMMATORY_RESPONSE	GOBP_REGULATION_OF_NEUROINFLAMMATORY_RESPONSE		33	0.57695204	1.4954654	0.03958692	0.12874709	1.0	2792	tags=48%, list=14%, signal=57%	
GOBP_T_CELL_MEDIATED_CYTOTOXICITY	GOBP_T_CELL_MEDIATED_CYTOTOXICITY		59	0.51371354	1.4949284	0.008278145	0.12918615	1.0	2792	tags=32%, list=14%, signal=37%	
GOBP_T_HELPER_17_CELL_LINEAGE_COMMITMENT	GOBP_T_HELPER_17_CELL_LINEAGE_COMMITMENT		19	0.63044274	1.4940141	0.05100182	0.12998031	1.0	2625	tags=42%, list=14%, signal=49%	
GOMF_ACTIN_FILAMENT_BINDING	GOMF_ACTIN_FILAMENT_BINDING		205	0.43172655	1.4927288	0.0040871934	0.13112842	1.0	3278	tags=33%, list=17%, signal=39%	
GOMF_CERAMIDE_BINDING	GOMF_CERAMIDE_BINDING		17	0.646412	1.4926133	0.041749503	0.13106927	1.0	2807	tags=35%, list=14%, signal=41%	
GOBP_GLYCOSAMINOGLYCAN_CATABOLIC_PROCESS	GOBP_GLYCOSAMINOGLYCAN_CATABOLIC_PROCESS		27	0.5889282	1.49195	0.025735294	0.13156384	1.0	2126	tags=30%, list=11%, signal=33%	
GOCC_BASOLATERAL_PLASMA_MEMBRANE	GOCC_BASOLATERAL_PLASMA_MEMBRANE		252	0.42481408	1.4917597	0.0026560426	0.13154626	1.0	3055	tags=30%, list=16%, signal=35%	
GOBP_STORE_OPERATED_CALCIUM_ENTRY	GOBP_STORE_OPERATED_CALCIUM_ENTRY		20	0.6327469	1.4912418	0.043706294	0.13192685	1.0	1638	tags=25%, list=8%, signal=27%	
GOBP_BONE_REMODELING	GOBP_BONE_REMODELING		89	0.4781795	1.4907461	0.026946107	0.13223656	1.0	2904	tags=33%, list=15%, signal=38%	
GOBP_REGULATION_OF_CARDIAC_MUSCLE_CELL_ACTION_POTENTIAL	GOBP_REGULATION_OF_CARDIAC_MUSCLE_CELL_ACTION_POTENTIAL		28	0.5867807	1.4905267	0.038391225	0.1322851	1.0	1136	tags=18%, list=6%, signal=19%	
GOMF_STRUCTURAL_CONSTITUENT_OF_CYTOSKELETON	GOMF_STRUCTURAL_CONSTITUENT_OF_CYTOSKELETON		104	0.4747334	1.4896365	0.015479876	0.13310981	1.0	3488	tags=32%, list=18%, signal=38%	
GOBP_REGULATION_OF_SIGNALING_RECEPTOR_ACTIVITY	GOBP_REGULATION_OF_SIGNALING_RECEPTOR_ACTIVITY		88	0.47605482	1.489365	0.017830608	0.13319431	1.0	3005	tags=26%, list=15%, signal=31%	
GOCC_MYELIN_SHEATH	GOCC_MYELIN_SHEATH		43	0.5338001	1.4890053	0.044483986	0.13339455	1.0	3592	tags=33%, list=18%, signal=40%	
GOBP_RESPONSE_TO_MACROPHAGE_COLONY_STIMULATING_FACTOR	GOBP_RESPONSE_TO_MACROPHAGE_COLONY_STIMULATING_FACTOR		17	0.6430966	1.4886009	0.065789476	0.13364445	1.0	2556	tags=47%, list=13%, signal=54%	
GOBP_NEGATIVE_REGULATION_OF_DNA_BINDING_TRANSCRIPTION_FACTOR_ACTIVITY	GOBP_NEGATIVE_REGULATION_OF_DNA_BINDING_TRANSCRIPTION_FACTOR_ACTIVITY		133	0.45455688	1.4884859	0.008982036	0.13357414	1.0	3260	tags=30%, list=17%, signal=36%	
GOMF_CADHERIN_BINDING_INVOLVED_IN_CELL_CELL_ADHESION	GOMF_CADHERIN_BINDING_INVOLVED_IN_CELL_CELL_ADHESION		18	0.6474207	1.4884229	0.05027933	0.13343598	1.0	2621	tags=44%, list=13%, signal=51%	
GOBP_REGULATION_OF_TYPE_2_IMMUNE_RESPONSE	GOBP_REGULATION_OF_TYPE_2_IMMUNE_RESPONSE		34	0.56466794	1.4881397	0.028380634	0.13355751	1.0	1871	tags=32%, list=10%, signal=36%	
GOMF_MANNOSE_BINDING	GOMF_MANNOSE_BINDING		25	0.6063412	1.4879405	0.0375	0.13358891	1.0	2229	tags=32%, list=11%, signal=36%	
GOBP_INNATE_IMMUNE_RESPONSE_IN_MUCOSA	GOBP_INNATE_IMMUNE_RESPONSE_IN_MUCOSA		18	0.65141153	1.4879162	0.039355993	0.13341299	1.0	2296	tags=44%, list=12%, signal=50%	
GOCC_VACUOLAR_LUMEN	GOCC_VACUOLAR_LUMEN		174	0.4352201	1.4875839	0.0041551245	0.13358715	1.0	2710	tags=26%, list=14%, signal=30%	
GOBP_POSITIVE_REGULATION_OF_RESPONSE_TO_CYTOKINE_STIMULUS	GOBP_POSITIVE_REGULATION_OF_RESPONSE_TO_CYTOKINE_STIMULUS		60	0.5144112	1.4860862	0.018581081	0.13501576	1.0	2556	tags=25%, list=13%, signal=29%	
GOBP_POSITIVE_REGULATION_OF_MYELINATION	GOBP_POSITIVE_REGULATION_OF_MYELINATION		15	0.65696925	1.4859893	0.073446326	0.13494405	1.0	1822	tags=40%, list=9%, signal=44%	
GOBP_RESPONSE_TO_FIBROBLAST_GROWTH_FACTOR	GOBP_RESPONSE_TO_FIBROBLAST_GROWTH_FACTOR		110	0.4625281	1.4857138	0.010355029	0.13508187	1.0	2210	tags=23%, list=11%, signal=26%	
GOBP_REGULATION_OF_DNA_BINDING_TRANSCRIPTION_FACTOR_ACTIVITY	GOBP_REGULATION_OF_DNA_BINDING_TRANSCRIPTION_FACTOR_ACTIVITY		336	0.41130197	1.485205	0.0	0.13544118	1.0	2926	tags=24%, list=15%, signal=28%	
GOBP_CELL_SUBSTRATE_JUNCTION_ORGANIZATION	GOBP_CELL_SUBSTRATE_JUNCTION_ORGANIZATION		101	0.46816757	1.4840509	0.013719512	0.13647383	1.0	2367	tags=29%, list=12%, signal=33%	
GOBP_INFLAMMASOME_MEDIATED_SIGNALING_PATHWAY	GOBP_INFLAMMASOME_MEDIATED_SIGNALING_PATHWAY		41	0.5475141	1.4839469	0.026578072	0.13638295	1.0	2893	tags=39%, list=15%, signal=46%	
GOBP_ACTIN_FILAMENT_BASED_MOVEMENT	GOBP_ACTIN_FILAMENT_BASED_MOVEMENT		134	0.4506138	1.4839302	0.010542168	0.1362022	1.0	3306	tags=30%, list=17%, signal=36%	
GOBP_POSITIVE_REGULATION_OF_NITRIC_OXIDE_SYNTHASE_BIOSYNTHETIC_PROCESS	GOBP_POSITIVE_REGULATION_OF_NITRIC_OXIDE_SYNTHASE_BIOSYNTHETIC_PROCESS		16	0.6688547	1.4827926	0.058939096	0.13723971	1.0	2789	tags=63%, list=14%, signal=73%	
GOMF_PEPTIDASE_REGULATOR_ACTIVITY	GOMF_PEPTIDASE_REGULATOR_ACTIVITY		220	0.42596933	1.4824483	0.0055788006	0.1374293	1.0	2293	tags=22%, list=12%, signal=24%	
GOBP_NEGATIVE_REGULATION_OF_TUMOR_NECROSIS_FACTOR_SUPERFAMILY_CYTOKINE_PRODUCTION	GOBP_NEGATIVE_REGULATION_OF_TUMOR_NECROSIS_FACTOR_SUPERFAMILY_CYTOKINE_PRODUCTION		59	0.5142954	1.4823915	0.019386107	0.13728693	1.0	2001	tags=36%, list=10%, signal=40%	
GOBP_POSITIVE_REGULATION_OF_PROTEIN_TYROSINE_KINASE_ACTIVITY	GOBP_POSITIVE_REGULATION_OF_PROTEIN_TYROSINE_KINASE_ACTIVITY		21	0.6174484	1.4820427	0.05045045	0.13747852	1.0	1598	tags=33%, list=8%, signal=36%	
GOBP_CELL_MATRIX_ADHESION	GOBP_CELL_MATRIX_ADHESION		229	0.42678607	1.4813709	0.004092769	0.13802452	1.0	2372	tags=25%, list=12%, signal=28%	
GOBP_REGULATION_OF_MYELOID_LEUKOCYTE_DIFFERENTIATION	GOBP_REGULATION_OF_MYELOID_LEUKOCYTE_DIFFERENTIATION		118	0.45838007	1.4813523	0.013313609	0.13785014	1.0	2654	tags=27%, list=14%, signal=31%	
GOBP_ANIMAL_ORGAN_MATURATION	GOBP_ANIMAL_ORGAN_MATURATION		29	0.58014566	1.4813516	0.04890388	0.1376532	1.0	777	tags=21%, list=4%, signal=22%	
GOBP_BILE_ACID_AND_BILE_SALT_TRANSPORT	GOBP_BILE_ACID_AND_BILE_SALT_TRANSPORT		29	0.5867973	1.4811001	0.0464716	0.13770783	1.0	1811	tags=14%, list=9%, signal=15%	
GOBP_REGULATION_OF_INTEGRIN_ACTIVATION	GOBP_REGULATION_OF_INTEGRIN_ACTIVATION		17	0.6449923	1.4809219	0.04519774	0.13772117	1.0	1906	tags=41%, list=10%, signal=46%	
GOBP_NEGATIVE_REGULATION_OF_T_CELL_MEDIATED_IMMUNITY	GOBP_NEGATIVE_REGULATION_OF_T_CELL_MEDIATED_IMMUNITY		31	0.56317765	1.4800527	0.042105265	0.13854524	1.0	3994	tags=52%, list=21%, signal=65%	
GOBP_B_CELL_HOMEOSTASIS	GOBP_B_CELL_HOMEOSTASIS		32	0.56115454	1.4793568	0.05154639	0.13916391	1.0	3178	tags=41%, list=16%, signal=48%	
GOBP_INTRACELLULAR_POTASSIUM_ION_HOMEOSTASIS	GOBP_INTRACELLULAR_POTASSIUM_ION_HOMEOSTASIS		15	0.6591859	1.4791737	0.06321839	0.1391852	1.0	1940	tags=33%, list=10%, signal=37%	
GOBP_POSITIVE_REGULATION_OF_RELEASE_OF_CYTOCHROME_C_FROM_MITOCHONDRIA	GOBP_POSITIVE_REGULATION_OF_RELEASE_OF_CYTOCHROME_C_FROM_MITOCHONDRIA		24	0.6052624	1.4788336	0.04681648	0.13934205	1.0	3599	tags=50%, list=19%, signal=61%	
GOBP_SUBSTRATE_ADHESION_DEPENDENT_CELL_SPREADING	GOBP_SUBSTRATE_ADHESION_DEPENDENT_CELL_SPREADING		99	0.4737556	1.4786065	0.019847328	0.13940865	1.0	2382	tags=27%, list=12%, signal=31%	
GOCC_ACTIN_BASED_CELL_PROJECTION	GOCC_ACTIN_BASED_CELL_PROJECTION		214	0.43011254	1.4785681	0.002739726	0.13925737	1.0	3030	tags=28%, list=16%, signal=33%	
GOBP_POSITIVE_REGULATION_OF_NATURAL_KILLER_CELL_MEDIATED_CYTOTOXICITY	GOBP_POSITIVE_REGULATION_OF_NATURAL_KILLER_CELL_MEDIATED_CYTOTOXICITY		28	0.57451075	1.478493	0.02862254	0.13914496	1.0	2031	tags=32%, list=10%, signal=36%	
GOBP_REGULATION_OF_VASCULATURE_DEVELOPMENT	GOBP_REGULATION_OF_VASCULATURE_DEVELOPMENT		281	0.41662896	1.4781958	0.0013227513	0.13926373	1.0	2206	tags=27%, list=11%, signal=30%	
GOBP_POSITIVE_REGULATION_OF_CELL_DEVELOPMENT	GOBP_POSITIVE_REGULATION_OF_CELL_DEVELOPMENT		440	0.4024516	1.4777943	0.0	0.13952431	1.0	2802	tags=25%, list=14%, signal=28%	
GOCC_PHAGOCYTIC_VESICLE_MEMBRANE	GOCC_PHAGOCYTIC_VESICLE_MEMBRANE		78	0.48718002	1.4777738	0.02177294	0.1393425	1.0	2057	tags=27%, list=11%, signal=30%	
GOBP_HEMOGLOBIN_METABOLIC_PROCESS	GOBP_HEMOGLOBIN_METABOLIC_PROCESS		18	0.64598554	1.4772327	0.05451128	0.13975559	1.0	3087	tags=44%, list=16%, signal=53%	
GOBP_MONOCARBOXYLIC_ACID_TRANSPORT	GOBP_MONOCARBOXYLIC_ACID_TRANSPORT		177	0.43457562	1.476594	0.008645534	0.14029917	1.0	2370	tags=19%, list=12%, signal=22%	
GOBP_REGULATION_OF_NEURON_PROJECTION_REGENERATION	GOBP_REGULATION_OF_NEURON_PROJECTION_REGENERATION		31	0.58100796	1.4765043	0.0433213	0.14020137	1.0	965	tags=19%, list=5%, signal=20%	
GOBP_POTASSIUM_ION_IMPORT_ACROSS_PLASMA_MEMBRANE	GOBP_POTASSIUM_ION_IMPORT_ACROSS_PLASMA_MEMBRANE		44	0.5380155	1.4761624	0.043706294	0.14038968	1.0	2025	tags=23%, list=10%, signal=25%	
GOBP_RESPONSE_TO_KETONE	GOBP_RESPONSE_TO_KETONE		215	0.43069318	1.4754142	0.0013404826	0.14105675	1.0	2208	tags=20%, list=11%, signal=23%	
GOBP_CELLULAR_RESPONSE_TO_REACTIVE_OXYGEN_SPECIES	GOBP_CELLULAR_RESPONSE_TO_REACTIVE_OXYGEN_SPECIES		140	0.45393562	1.4752246	0.0056899004	0.14109339	1.0	2224	tags=24%, list=11%, signal=26%	
GOBP_POSITIVE_REGULATION_OF_VASCULAR_ASSOCIATED_SMOOTH_MUSCLE_CELL_PROLIFERATION	GOBP_POSITIVE_REGULATION_OF_VASCULAR_ASSOCIATED_SMOOTH_MUSCLE_CELL_PROLIFERATION		34	0.54744625	1.4751908	0.054577466	0.1409462	1.0	2387	tags=18%, list=12%, signal=20%	
GOBP_VACUOLAR_LOCALIZATION	GOBP_VACUOLAR_LOCALIZATION		81	0.48509	1.4744587	0.020344287	0.14155799	1.0	1472	tags=26%, list=8%, signal=28%	
GOBP_GLIAL_CELL_DERIVED_NEUROTROPHIC_FACTOR_RECEPTOR_SIGNALING_PATHWAY	GOBP_GLIAL_CELL_DERIVED_NEUROTROPHIC_FACTOR_RECEPTOR_SIGNALING_PATHWAY		15	0.6579767	1.474354	0.06554307	0.1414863	1.0	743	tags=20%, list=4%, signal=21%	
GOBP_REGULATION_OF_NEUTROPHIL_CHEMOTAXIS	GOBP_REGULATION_OF_NEUTROPHIL_CHEMOTAXIS		32	0.56817794	1.4740567	0.043875687	0.14160131	1.0	2796	tags=53%, list=14%, signal=62%	
GOBP_MYOTUBE_CELL_DEVELOPMENT	GOBP_MYOTUBE_CELL_DEVELOPMENT		39	0.54160786	1.4735672	0.04280822	0.14191811	1.0	3699	tags=36%, list=19%, signal=44%	
GOBP_REGULATION_OF_T_CELL_MEDIATED_CYTOTOXICITY	GOBP_REGULATION_OF_T_CELL_MEDIATED_CYTOTOXICITY		49	0.52432793	1.4732988	0.042158514	0.14202696	1.0	4778	tags=55%, list=25%, signal=73%	
GOBP_REGULATION_OF_ACTIN_FILAMENT_LENGTH	GOBP_REGULATION_OF_ACTIN_FILAMENT_LENGTH		145	0.4476274	1.4731251	0.017021276	0.14203541	1.0	3779	tags=41%, list=19%, signal=51%	
GOBP_POSITIVE_REGULATION_OF_SMOOTH_MUSCLE_CELL_MIGRATION	GOBP_POSITIVE_REGULATION_OF_SMOOTH_MUSCLE_CELL_MIGRATION		38	0.54560333	1.4727237	0.051785715	0.14226566	1.0	2621	tags=34%, list=13%, signal=39%	
GOBP_POSITIVE_REGULATION_OF_RHO_PROTEIN_SIGNAL_TRANSDUCTION	GOBP_POSITIVE_REGULATION_OF_RHO_PROTEIN_SIGNAL_TRANSDUCTION		37	0.55626845	1.4724072	0.044014085	0.1424329	1.0	1423	tags=27%, list=7%, signal=29%	
GOBP_REGULATION_OF_HUMORAL_IMMUNE_RESPONSE	GOBP_REGULATION_OF_HUMORAL_IMMUNE_RESPONSE		41	0.53822756	1.4715182	0.047457628	0.14323865	1.0	2796	tags=41%, list=14%, signal=48%	
GOBP_APOPTOTIC_DNA_FRAGMENTATION	GOBP_APOPTOTIC_DNA_FRAGMENTATION		15	0.67287856	1.4710238	0.062378168	0.14363074	1.0	1983	tags=33%, list=10%, signal=37%	
GOBP_NEUROTRANSMITTER_RECEPTOR_LOCALIZATION_TO_POSTSYNAPTIC_SPECIALIZATION_MEMBRANE	GOBP_NEUROTRANSMITTER_RECEPTOR_LOCALIZATION_TO_POSTSYNAPTIC_SPECIALIZATION_MEMBRANE		25	0.5951005	1.4706126	0.0685413	0.14389887	1.0	2462	tags=24%, list=13%, signal=27%	
GOBP_REGULATION_OF_RESPONSE_TO_FOOD	GOBP_REGULATION_OF_RESPONSE_TO_FOOD		16	0.65053844	1.470436	0.062264152	0.14391135	1.0	2435	tags=38%, list=13%, signal=43%	
GOBP_RESPONSE_TO_INTERLEUKIN_6	GOBP_RESPONSE_TO_INTERLEUKIN_6		34	0.5609678	1.4701394	0.04865772	0.14403832	1.0	1955	tags=29%, list=10%, signal=33%	
GOBP_EXTERNAL_ENCAPSULATING_STRUCTURE_ORGANIZATION	GOBP_EXTERNAL_ENCAPSULATING_STRUCTURE_ORGANIZATION		318	0.41116175	1.4700383	0.0013175231	0.14393938	1.0	2458	tags=27%, list=13%, signal=30%	
GOMF_METALLOAMINOPEPTIDASE_ACTIVITY	GOMF_METALLOAMINOPEPTIDASE_ACTIVITY		24	0.5919011	1.4697028	0.04945055	0.14416498	1.0	2798	tags=29%, list=14%, signal=34%	
GOBP_POSITIVE_REGULATION_OF_CALCIUM_ION_TRANSMEMBRANE_TRANSPORT	GOBP_POSITIVE_REGULATION_OF_CALCIUM_ION_TRANSMEMBRANE_TRANSPORT		75	0.48653278	1.4675629	0.012718601	0.14633888	1.0	951	tags=13%, list=5%, signal=14%	
GOBP_EPITHELIAL_CELL_MORPHOGENESIS	GOBP_EPITHELIAL_CELL_MORPHOGENESIS		33	0.56031334	1.4665502	0.04778761	0.14735986	1.0	2784	tags=58%, list=14%, signal=67%	
GOBP_ACTIVATION_OF_CYSTEINE_TYPE_ENDOPEPTIDASE_ACTIVITY_INVOLVED_IN_APOPTOTIC_PROCESS	GOBP_ACTIVATION_OF_CYSTEINE_TYPE_ENDOPEPTIDASE_ACTIVITY_INVOLVED_IN_APOPTOTIC_PROCESS		68	0.48219258	1.4656918	0.033333335	0.14823787	1.0	2285	tags=28%, list=12%, signal=32%	
GOBP_REGULATION_OF_ALPHA_BETA_T_CELL_ACTIVATION	GOBP_REGULATION_OF_ALPHA_BETA_T_CELL_ACTIVATION		113	0.4581814	1.4652976	0.015243903	0.14847535	1.0	2833	tags=35%, list=15%, signal=40%	
GOBP_T_HELPER_CELL_LINEAGE_COMMITMENT	GOBP_T_HELPER_CELL_LINEAGE_COMMITMENT		23	0.59330726	1.4645941	0.047984645	0.14907613	1.0	2625	tags=39%, list=14%, signal=45%	
GOBP_POSITIVE_REGULATION_OF_CELL_ADHESION_MEDIATED_BY_INTEGRIN	GOBP_POSITIVE_REGULATION_OF_CELL_ADHESION_MEDIATED_BY_INTEGRIN		22	0.6025523	1.4639828	0.069518715	0.14958309	1.0	2001	tags=41%, list=10%, signal=46%	
GOBP_GLIOGENESIS	GOBP_GLIOGENESIS		329	0.40839845	1.4633917	0.0	0.15008716	1.0	2729	tags=23%, list=14%, signal=26%	
GOBP_MYELOID_LEUKOCYTE_DIFFERENTIATION	GOBP_MYELOID_LEUKOCYTE_DIFFERENTIATION		227	0.42194235	1.4623635	0.011019284	0.15116775	1.0	2904	tags=27%, list=15%, signal=32%	
GOBP_EPIDERMAL_CELL_DIFFERENTIATION	GOBP_EPIDERMAL_CELL_DIFFERENTIATION		229	0.42100576	1.4622315	0.004010695	0.15114054	1.0	2008	tags=17%, list=10%, signal=19%	
GOBP_POSITIVE_REGULATION_OF_PROTEIN_SERINE_THREONINE_KINASE_ACTIVITY	GOBP_POSITIVE_REGULATION_OF_PROTEIN_SERINE_THREONINE_KINASE_ACTIVITY		117	0.45196164	1.461371	0.010447761	0.15191358	1.0	2955	tags=29%, list=15%, signal=34%	
GOBP_LAMELLIPODIUM_ORGANIZATION	GOBP_LAMELLIPODIUM_ORGANIZATION		88	0.47237754	1.4603952	0.01529052	0.15286165	1.0	3779	tags=43%, list=19%, signal=53%	
GOMF_PROTEIN_DISULFIDE_ISOMERASE_ACTIVITY	GOMF_PROTEIN_DISULFIDE_ISOMERASE_ACTIVITY		21	0.6118081	1.4600786	0.068265684	0.1530419	1.0	546	tags=14%, list=3%, signal=15%	
GOBP_OLIGOPEPTIDE_TRANSPORT	GOBP_OLIGOPEPTIDE_TRANSPORT		17	0.63464594	1.4593881	0.06666667	0.15369073	1.0	2254	tags=41%, list=12%, signal=47%	
GOCC_ENDOCYTIC_VESICLE	GOCC_ENDOCYTIC_VESICLE		339	0.40551147	1.4591131	0.0	0.15379049	1.0	2072	tags=22%, list=11%, signal=25%	
GOBP_SKIN_DEVELOPMENT	GOBP_SKIN_DEVELOPMENT		308	0.41133288	1.4587439	0.0025906735	0.1540343	1.0	2517	tags=22%, list=13%, signal=25%	
GOBP_FATTY_ACID_TRANSPORT	GOBP_FATTY_ACID_TRANSPORT		116	0.45024	1.4581853	0.020679468	0.1545209	1.0	1811	tags=19%, list=9%, signal=21%	
GOBP_ANTIFUNGAL_INNATE_IMMUNE_RESPONSE	GOBP_ANTIFUNGAL_INNATE_IMMUNE_RESPONSE		23	0.5961341	1.4581791	0.06884058	0.1543205	1.0	2092	tags=35%, list=11%, signal=39%	
GOBP_POTASSIUM_ION_HOMEOSTASIS	GOBP_POTASSIUM_ION_HOMEOSTASIS		34	0.5454045	1.4580353	0.056140352	0.15427862	1.0	2025	tags=32%, list=10%, signal=36%	
GOBP_MONOATOMIC_ANION_HOMEOSTASIS	GOBP_MONOATOMIC_ANION_HOMEOSTASIS		21	0.59646827	1.4571811	0.073608615	0.15510283	1.0	2929	tags=57%, list=15%, signal=67%	
GOBP_NEGATIVE_REGULATION_OF_NATURAL_KILLER_CELL_MEDIATED_IMMUNITY	GOBP_NEGATIVE_REGULATION_OF_NATURAL_KILLER_CELL_MEDIATED_IMMUNITY		21	0.6136756	1.4566457	0.068265684	0.15550497	1.0	4320	tags=67%, list=22%, signal=86%	
GOBP_FATTY_ACID_DERIVATIVE_CATABOLIC_PROCESS	GOBP_FATTY_ACID_DERIVATIVE_CATABOLIC_PROCESS		17	0.6298694	1.4564602	0.06386861	0.15553413	1.0	1238	tags=18%, list=6%, signal=19%	
GOMF_HORMONE_ACTIVITY	GOMF_HORMONE_ACTIVITY		119	0.45538697	1.4545367	0.015128593	0.15764514	1.0	1188	tags=16%, list=6%, signal=17%	
GOBP_REGULATION_OF_MONOATOMIC_ION_TRANSPORT	GOBP_REGULATION_OF_MONOATOMIC_ION_TRANSPORT		427	0.39750758	1.4538543	0.0	0.15828167	1.0	2958	tags=23%, list=15%, signal=26%	
GOBP_MEGAKARYOCYTE_DEVELOPMENT	GOBP_MEGAKARYOCYTE_DEVELOPMENT		21	0.5992091	1.4531201	0.05225225	0.15901434	1.0	3260	tags=52%, list=17%, signal=63%	
GOCC_MEMBRANE_MICRODOMAIN	GOCC_MEMBRANE_MICRODOMAIN		282	0.40844437	1.4530165	0.0025940337	0.1589412	1.0	3089	tags=35%, list=16%, signal=41%	
GOBP_CHEMOKINE_PRODUCTION	GOBP_CHEMOKINE_PRODUCTION		93	0.46361136	1.4520792	0.02173913	0.15989518	1.0	2156	tags=31%, list=11%, signal=35%	
GOBP_REGULATION_OF_PEPTIDASE_ACTIVITY	GOBP_REGULATION_OF_PEPTIDASE_ACTIVITY		280	0.40846956	1.4520751	0.003937008	0.15969568	1.0	2368	tags=24%, list=12%, signal=27%	
GOBP_NEGATIVE_REGULATION_OF_MYELOID_CELL_APOPTOTIC_PROCESS	GOBP_NEGATIVE_REGULATION_OF_MYELOID_CELL_APOPTOTIC_PROCESS		18	0.63710386	1.4520713	0.06616257	0.15949145	1.0	2629	tags=44%, list=14%, signal=51%	
GOBP_ERK1_AND_ERK2_CASCADE	GOBP_ERK1_AND_ERK2_CASCADE		289	0.40625986	1.4518188	0.0051020407	0.15958083	1.0	2878	tags=30%, list=15%, signal=34%	
GOMF_OXIDOREDUCTASE_ACTIVITY_ACTING_ON_A_SULFUR_GROUP_OF_DONORS	GOMF_OXIDOREDUCTASE_ACTIVITY_ACTING_ON_A_SULFUR_GROUP_OF_DONORS		53	0.50662893	1.4507633	0.046623792	0.16069156	1.0	1277	tags=15%, list=7%, signal=16%	
GOBP_REGULATION_OF_GLIOGENESIS	GOBP_REGULATION_OF_GLIOGENESIS		102	0.46437413	1.4506426	0.018376723	0.16065393	1.0	2789	tags=25%, list=14%, signal=28%	
GOBP_BONE_RESORPTION	GOBP_BONE_RESORPTION		65	0.48792595	1.4506091	0.02601626	0.16048492	1.0	2904	tags=32%, list=15%, signal=38%	
GOMF_CYTOKINE_ACTIVITY	GOMF_CYTOKINE_ACTIVITY		227	0.41999626	1.4500195	0.00405954	0.1609953	1.0	2399	tags=26%, list=12%, signal=29%	
GOCC_CELL_LEADING_EDGE	GOCC_CELL_LEADING_EDGE		414	0.39418852	1.4496076	0.0012121212	0.1613319	1.0	3395	tags=32%, list=17%, signal=38%	
GOBP_REGULATION_OF_CALCIUM_MEDIATED_SIGNALING	GOBP_REGULATION_OF_CALCIUM_MEDIATED_SIGNALING		90	0.4627335	1.4492731	0.026153846	0.16154797	1.0	2957	tags=34%, list=15%, signal=40%	
GOBP_POSITIVE_REGULATION_OF_SMALL_GTPASE_MEDIATED_SIGNAL_TRANSDUCTION	GOBP_POSITIVE_REGULATION_OF_SMALL_GTPASE_MEDIATED_SIGNAL_TRANSDUCTION		74	0.48164243	1.4488524	0.03271028	0.16189684	1.0	1443	tags=24%, list=7%, signal=26%	
GOBP_REGULATION_OF_NEUROGENESIS	GOBP_REGULATION_OF_NEUROGENESIS		362	0.40217152	1.4480497	0.0024783148	0.16266547	1.0	3023	tags=24%, list=16%, signal=28%	
GOBP_RESPONSE_TO_INTERFERON_ALPHA	GOBP_RESPONSE_TO_INTERFERON_ALPHA		17	0.6219253	1.4479129	0.08253359	0.16261901	1.0	3036	tags=35%, list=16%, signal=42%	
GOMF_TRANSMEMBRANE_EPHRIN_RECEPTOR_ACTIVITY	GOMF_TRANSMEMBRANE_EPHRIN_RECEPTOR_ACTIVITY		15	0.6475091	1.4475039	0.066189624	0.16294846	1.0	2715	tags=40%, list=14%, signal=46%	
GOBP_T_CELL_CYTOKINE_PRODUCTION	GOBP_T_CELL_CYTOKINE_PRODUCTION		37	0.5462119	1.4473245	0.042158514	0.16294989	1.0	2578	tags=27%, list=13%, signal=31%	
GOMF_PHOSPHOLIPASE_BINDING	GOMF_PHOSPHOLIPASE_BINDING		21	0.61683375	1.4470985	0.0596745	0.16300717	1.0	750	tags=24%, list=4%, signal=25%	
GOBP_HETEROTYPIC_CELL_CELL_ADHESION	GOBP_HETEROTYPIC_CELL_CELL_ADHESION		62	0.48837686	1.4467347	0.034883723	0.16326591	1.0	2382	tags=40%, list=12%, signal=46%	
GOBP_REGULATION_OF_LYMPHOCYTE_APOPTOTIC_PROCESS	GOBP_REGULATION_OF_LYMPHOCYTE_APOPTOTIC_PROCESS		58	0.49678466	1.4462398	0.03599374	0.16367325	1.0	1937	tags=33%, list=10%, signal=36%	
GOMF_TUMOR_NECROSIS_FACTOR_RECEPTOR_BINDING	GOMF_TUMOR_NECROSIS_FACTOR_RECEPTOR_BINDING		30	0.5581474	1.4455981	0.05574913	0.16427329	1.0	2420	tags=30%, list=12%, signal=34%	
GOBP_REGULATION_OF_BONE_REMODELING	GOBP_REGULATION_OF_BONE_REMODELING		51	0.5073028	1.445572	0.049235992	0.16410513	1.0	2904	tags=35%, list=15%, signal=41%	
GOMF_PEPTIDOGLYCAN_MURALYTIC_ACTIVITY	GOMF_PEPTIDOGLYCAN_MURALYTIC_ACTIVITY		15	0.65625626	1.4451742	0.05615942	0.16438179	1.0	369	tags=13%, list=2%, signal=14%	
GOBP_REGULATION_OF_CALCIUM_ION_TRANSPORT	GOBP_REGULATION_OF_CALCIUM_ION_TRANSPORT		231	0.41696802	1.4447553	0.0054274085	0.16467951	1.0	3740	tags=31%, list=19%, signal=38%	
GOBP_AMEBOIDAL_TYPE_CELL_MIGRATION	GOBP_AMEBOIDAL_TYPE_CELL_MIGRATION		417	0.39484838	1.4445677	0.0	0.16471444	1.0	3212	tags=29%, list=17%, signal=35%	
GOBP_T_HELPER_17_CELL_DIFFERENTIATION	GOBP_T_HELPER_17_CELL_DIFFERENTIATION		34	0.54847586	1.4433882	0.051282052	0.16590793	1.0	2625	tags=26%, list=14%, signal=31%	
GOCC_ADHERENS_JUNCTION	GOCC_ADHERENS_JUNCTION		183	0.42334375	1.4433607	0.004178273	0.16572072	1.0	3351	tags=32%, list=17%, signal=38%	
GOBP_NEGATIVE_REGULATION_OF_PROTEIN_BINDING	GOBP_NEGATIVE_REGULATION_OF_PROTEIN_BINDING		65	0.48729756	1.4432197	0.0397351	0.16568182	1.0	2476	tags=25%, list=13%, signal=28%	
GOBP_REGULATION_OF_GLIAL_CELL_DIFFERENTIATION	GOBP_REGULATION_OF_GLIAL_CELL_DIFFERENTIATION		73	0.48162007	1.4429452	0.025477707	0.16578603	1.0	2789	tags=25%, list=14%, signal=29%	
GOBP_STRIATED_MUSCLE_CELL_DIFFERENTIATION	GOBP_STRIATED_MUSCLE_CELL_DIFFERENTIATION		288	0.40752438	1.4427938	0.0038860103	0.16576496	1.0	3095	tags=28%, list=16%, signal=33%	
GOCC_BASAL_PART_OF_CELL	GOCC_BASAL_PART_OF_CELL		303	0.4045788	1.4425522	0.0050125313	0.16584893	1.0	3055	tags=29%, list=16%, signal=34%	
GOBP_POSITIVE_REGULATION_OF_INTERLEUKIN_10_PRODUCTION	GOBP_POSITIVE_REGULATION_OF_INTERLEUKIN_10_PRODUCTION		39	0.53407264	1.4425277	0.04317789	0.16567445	1.0	2712	tags=44%, list=14%, signal=51%	
GOBP_PHENOL_CONTAINING_COMPOUND_METABOLIC_PROCESS	GOBP_PHENOL_CONTAINING_COMPOUND_METABOLIC_PROCESS		108	0.4517588	1.4419194	0.00887574	0.16618809	1.0	1862	tags=19%, list=10%, signal=21%	
GOBP_REGULATION_OF_SMALL_GTPASE_MEDIATED_SIGNAL_TRANSDUCTION	GOBP_REGULATION_OF_SMALL_GTPASE_MEDIATED_SIGNAL_TRANSDUCTION		290	0.40795162	1.4417466	0.0077021825	0.16620815	1.0	3230	tags=31%, list=17%, signal=37%	
GOBP_POSITIVE_REGULATION_OF_MYELOID_LEUKOCYTE_CYTOKINE_PRODUCTION_INVOLVED_IN_IMMUNE_RESPONSE	GOBP_POSITIVE_REGULATION_OF_MYELOID_LEUKOCYTE_CYTOKINE_PRODUCTION_INVOLVED_IN_IMMUNE_RESPONSE		34	0.54600984	1.4417062	0.052969504	0.1660731	1.0	2499	tags=38%, list=13%, signal=44%	
GOMF_NEUROTRANSMITTER_TRANSMEMBRANE_TRANSPORTER_ACTIVITY	GOMF_NEUROTRANSMITTER_TRANSMEMBRANE_TRANSPORTER_ACTIVITY		21	0.60466033	1.4411446	0.06021898	0.16656087	1.0	1347	tags=24%, list=7%, signal=26%	
GOBP_CARDIAC_MUSCLE_CELL_MEMBRANE_REPOLARIZATION	GOBP_CARDIAC_MUSCLE_CELL_MEMBRANE_REPOLARIZATION		38	0.5388867	1.4406711	0.05699482	0.16693003	1.0	3306	tags=29%, list=17%, signal=35%	
GOBP_CELLULAR_RESPONSE_TO_NUTRIENT	GOBP_CELLULAR_RESPONSE_TO_NUTRIENT		47	0.5141876	1.4401028	0.04244482	0.16744095	1.0	2504	tags=32%, list=13%, signal=37%	
GOBP_SOMATIC_STEM_CELL_POPULATION_MAINTENANCE	GOBP_SOMATIC_STEM_CELL_POPULATION_MAINTENANCE		67	0.48587313	1.4397559	0.03505843	0.1676734	1.0	1942	tags=18%, list=10%, signal=20%	
GOBP_REGULATION_OF_ACTIN_FILAMENT_ORGANIZATION	GOBP_REGULATION_OF_ACTIN_FILAMENT_ORGANIZATION		246	0.4120829	1.4397373	0.009296149	0.1674845	1.0	2837	tags=29%, list=15%, signal=33%	
GOBP_REGULATION_OF_NERVOUS_SYSTEM_DEVELOPMENT	GOBP_REGULATION_OF_NERVOUS_SYSTEM_DEVELOPMENT		438	0.3934922	1.4396505	0.0011976048	0.1673821	1.0	3023	tags=25%, list=16%, signal=29%	
GOMF_GLYCOLIPID_BINDING	GOMF_GLYCOLIPID_BINDING		29	0.5615198	1.438858	0.04695652	0.1682127	1.0	2741	tags=34%, list=14%, signal=40%	
GOMF_SH3_DOMAIN_BINDING	GOMF_SH3_DOMAIN_BINDING		118	0.44345292	1.438656	0.016717326	0.16824912	1.0	3024	tags=34%, list=16%, signal=40%	
GOBP_TOLL_LIKE_RECEPTOR_2_SIGNALING_PATHWAY	GOBP_TOLL_LIKE_RECEPTOR_2_SIGNALING_PATHWAY		17	0.61394006	1.4383646	0.08365019	0.1683897	1.0	2556	tags=53%, list=13%, signal=61%	
GOBP_DOPAMINE_TRANSPORT	GOBP_DOPAMINE_TRANSPORT		43	0.5325078	1.4382945	0.04576271	0.16826391	1.0	992	tags=16%, list=5%, signal=17%	
GOBP_RESPONSE_TO_OXYGEN_RADICAL	GOBP_RESPONSE_TO_OXYGEN_RADICAL		25	0.57901406	1.4382864	0.06282722	0.16806687	1.0	1739	tags=32%, list=9%, signal=35%	
GOBP_REGULATION_OF_PROTEIN_DEPOLYMERIZATION	GOBP_REGULATION_OF_PROTEIN_DEPOLYMERIZATION		83	0.46465707	1.4375175	0.023659306	0.16877148	1.0	3779	tags=41%, list=19%, signal=51%	
GOBP_CELL_MIGRATION_IN_HINDBRAIN	GOBP_CELL_MIGRATION_IN_HINDBRAIN		17	0.6141686	1.4369719	0.08990826	0.16923392	1.0	2206	tags=29%, list=11%, signal=33%	
GOBP_HYPERSENSITIVITY	GOBP_HYPERSENSITIVITY		15	0.6489194	1.4366213	0.06476191	0.16945992	1.0	2796	tags=60%, list=14%, signal=70%	
GOBP_CELLULAR_RESPONSE_TO_KETONE	GOBP_CELLULAR_RESPONSE_TO_KETONE		104	0.4547215	1.4360727	0.021212121	0.1699475	1.0	2678	tags=24%, list=14%, signal=28%	
GOBP_SMALL_GTPASE_MEDIATED_SIGNAL_TRANSDUCTION	GOBP_SMALL_GTPASE_MEDIATED_SIGNAL_TRANSDUCTION		478	0.3897848	1.4359696	0.0	0.1698507	1.0	3230	tags=28%, list=17%, signal=33%	
GOBP_VENTRICULAR_CARDIAC_MUSCLE_CELL_ACTION_POTENTIAL	GOBP_VENTRICULAR_CARDIAC_MUSCLE_CELL_ACTION_POTENTIAL		34	0.54136926	1.4355755	0.06338028	0.17012264	1.0	2893	tags=26%, list=15%, signal=31%	
GOBP_OSTEOBLAST_DIFFERENTIATION	GOBP_OSTEOBLAST_DIFFERENTIATION		215	0.41606775	1.4349697	0.004048583	0.17074369	1.0	1924	tags=20%, list=10%, signal=21%	
GOMF_PHOSPHOLIPASE_C_ACTIVITY	GOMF_PHOSPHOLIPASE_C_ACTIVITY		29	0.5637252	1.4335426	0.055357143	0.17237452	1.0	1635	tags=24%, list=8%, signal=26%	
GOBP_REGULATION_OF_NUCLEOTIDE_BINDING_DOMAIN_LEUCINE_RICH_REPEAT_CONTAINING_RECEPTOR_SIGNALING_PATHWAY	GOBP_REGULATION_OF_NUCLEOTIDE_BINDING_DOMAIN_LEUCINE_RICH_REPEAT_CONTAINING_RECEPTOR_SIGNALING_PATHWAY		15	0.62484187	1.4335388	0.09541985	0.17216848	1.0	2442	tags=47%, list=13%, signal=53%	
GOBP_REGULATION_OF_CELL_MATRIX_ADHESION	GOBP_REGULATION_OF_CELL_MATRIX_ADHESION		117	0.4468259	1.4332939	0.016793894	0.17229779	1.0	2367	tags=24%, list=12%, signal=27%	
GOBP_REGULATION_OF_CYSTEINE_TYPE_ENDOPEPTIDASE_ACTIVITY	GOBP_REGULATION_OF_CYSTEINE_TYPE_ENDOPEPTIDASE_ACTIVITY		182	0.42594758	1.4323884	0.008510638	0.17324106	1.0	2442	tags=24%, list=13%, signal=27%	
GOBP_REGULATION_OF_MYOBLAST_FUSION	GOBP_REGULATION_OF_MYOBLAST_FUSION		19	0.61256593	1.4321481	0.06896552	0.17332143	1.0	3055	tags=37%, list=16%, signal=44%	
GOBP_TRANSFORMING_GROWTH_FACTOR_BETA_RECEPTOR_SIGNALING_PATHWAY	GOBP_TRANSFORMING_GROWTH_FACTOR_BETA_RECEPTOR_SIGNALING_PATHWAY		199	0.41527402	1.4320965	0.007978723	0.17317678	1.0	2987	tags=27%, list=15%, signal=31%	
GOBP_REGULATION_OF_ALPHA_BETA_T_CELL_DIFFERENTIATION	GOBP_REGULATION_OF_ALPHA_BETA_T_CELL_DIFFERENTIATION		74	0.4758166	1.431249	0.03453689	0.17404959	1.0	2629	tags=30%, list=14%, signal=34%	
GOBP_POSITIVE_REGULATION_OF_MONOCYTE_CHEMOTAXIS	GOBP_POSITIVE_REGULATION_OF_MONOCYTE_CHEMOTAXIS		20	0.6002912	1.4304115	0.074906364	0.1748877	1.0	1871	tags=45%, list=10%, signal=50%	
GOMF_CHEMOATTRACTANT_ACTIVITY	GOMF_CHEMOATTRACTANT_ACTIVITY		35	0.54266936	1.4300883	0.058925476	0.17507045	1.0	842	tags=17%, list=4%, signal=18%	
GOBP_REGULATION_OF_CELLULAR_EXTRAVASATION	GOBP_REGULATION_OF_CELLULAR_EXTRAVASATION		40	0.5292457	1.4300238	0.054054055	0.17493446	1.0	2150	tags=35%, list=11%, signal=39%	
GOBP_NUCLEOTIDE_BINDING_OLIGOMERIZATION_DOMAIN_CONTAINING_2_SIGNALING_PATHWAY	GOBP_NUCLEOTIDE_BINDING_OLIGOMERIZATION_DOMAIN_CONTAINING_2_SIGNALING_PATHWAY		17	0.62090826	1.429933	0.075728156	0.17483279	1.0	2254	tags=35%, list=12%, signal=40%	
GOMF_PROTEIN_KINASE_C_BINDING	GOMF_PROTEIN_KINASE_C_BINDING		50	0.507983	1.4294062	0.034542315	0.17531376	1.0	1699	tags=24%, list=9%, signal=26%	
GOBP_REGULATION_OF_T_HELPER_1_TYPE_IMMUNE_RESPONSE	GOBP_REGULATION_OF_T_HELPER_1_TYPE_IMMUNE_RESPONSE		31	0.55024946	1.4278308	0.059859157	0.17706816	1.0	2842	tags=42%, list=15%, signal=49%	
GOCC_PHAGOCYTIC_CUP	GOCC_PHAGOCYTIC_CUP		27	0.564384	1.4271866	0.06324787	0.17772251	1.0	2156	tags=37%, list=11%, signal=42%	
GOBP_PROSTATE_GLAND_MORPHOGENESIS	GOBP_PROSTATE_GLAND_MORPHOGENESIS		27	0.582723	1.4271656	0.081560284	0.17754501	1.0	1118	tags=22%, list=6%, signal=24%	
GOBP_CHAPERONE_MEDIATED_AUTOPHAGY	GOBP_CHAPERONE_MEDIATED_AUTOPHAGY		15	0.62898713	1.4271576	0.087272726	0.17734851	1.0	559	tags=13%, list=3%, signal=14%	
GOBP_DNA_CATABOLIC_PROCESS	GOBP_DNA_CATABOLIC_PROCESS		27	0.5645234	1.4270177	0.05831904	0.17729607	1.0	1983	tags=22%, list=10%, signal=25%	
GOBP_REGULATION_OF_GTPASE_ACTIVITY	GOBP_REGULATION_OF_GTPASE_ACTIVITY		252	0.40357545	1.4268954	0.0053547523	0.17724021	1.0	2497	tags=23%, list=13%, signal=26%	
GOBP_REGULATION_OF_B_CELL_MEDIATED_IMMUNITY	GOBP_REGULATION_OF_B_CELL_MEDIATED_IMMUNITY		57	0.5027881	1.4264789	0.045234248	0.17756473	1.0	3020	tags=39%, list=16%, signal=46%	
GOBP_NEGATIVE_REGULATION_OF_VASCULATURE_DEVELOPMENT	GOBP_NEGATIVE_REGULATION_OF_VASCULATURE_DEVELOPMENT		98	0.4547134	1.4264455	0.02507837	0.17739813	1.0	2156	tags=30%, list=11%, signal=33%	
GOBP_CELLULAR_RESPONSE_TO_OXYGEN_LEVELS	GOBP_CELLULAR_RESPONSE_TO_OXYGEN_LEVELS		159	0.42769098	1.4259717	0.01800554	0.17779543	1.0	3112	tags=29%, list=16%, signal=34%	
GOBP_UNSATURATED_FATTY_ACID_METABOLIC_PROCESS	GOBP_UNSATURATED_FATTY_ACID_METABOLIC_PROCESS		107	0.44369397	1.4257671	0.024615385	0.17786872	1.0	1872	tags=17%, list=10%, signal=19%	
GOBP_POSITIVE_REGULATION_OF_NF_KAPPAB_TRANSCRIPTION_FACTOR_ACTIVITY	GOBP_POSITIVE_REGULATION_OF_NF_KAPPAB_TRANSCRIPTION_FACTOR_ACTIVITY		133	0.4341058	1.4248791	0.01179941	0.17884433	1.0	2678	tags=25%, list=14%, signal=29%	
GOBP_NITRIC_OXIDE_SYNTHASE_BIOSYNTHETIC_PROCESS	GOBP_NITRIC_OXIDE_SYNTHASE_BIOSYNTHETIC_PROCESS		18	0.622908	1.424728	0.08022388	0.1788232	1.0	2789	tags=56%, list=14%, signal=65%	
GOBP_HEPATOCYTE_APOPTOTIC_PROCESS	GOBP_HEPATOCYTE_APOPTOTIC_PROCESS		19	0.6111857	1.4244018	0.08143939	0.17905794	1.0	1279	tags=26%, list=7%, signal=28%	
GOBP_POSITIVE_REGULATION_OF_PLASMA_MEMBRANE_BOUNDED_CELL_PROJECTION_ASSEMBLY	GOBP_POSITIVE_REGULATION_OF_PLASMA_MEMBRANE_BOUNDED_CELL_PROJECTION_ASSEMBLY		106	0.44091865	1.4240824	0.02	0.17923892	1.0	3592	tags=37%, list=18%, signal=45%	
GOCC_INTEGRIN_COMPLEX	GOCC_INTEGRIN_COMPLEX		30	0.5540462	1.4240813	0.06122449	0.17902476	1.0	2967	tags=47%, list=15%, signal=55%	
GOBP_POSITIVE_REGULATION_OF_SIGNALING_RECEPTOR_ACTIVITY	GOBP_POSITIVE_REGULATION_OF_SIGNALING_RECEPTOR_ACTIVITY		24	0.5804488	1.4237181	0.06716418	0.17928003	1.0	3297	tags=46%, list=17%, signal=55%	
GOBP_NEGATIVE_REGULATION_OF_PEPTIDYL_TYROSINE_PHOSPHORYLATION	GOBP_NEGATIVE_REGULATION_OF_PEPTIDYL_TYROSINE_PHOSPHORYLATION		41	0.52175874	1.4234353	0.04369748	0.17940359	1.0	2873	tags=32%, list=15%, signal=37%	
GOBP_CELL_SURFACE_RECEPTOR_PROTEIN_SERINE_THREONINE_KINASE_SIGNALING_PATHWAY	GOBP_CELL_SURFACE_RECEPTOR_PROTEIN_SERINE_THREONINE_KINASE_SIGNALING_PATHWAY		342	0.39570138	1.423155	0.0012406948	0.17957444	1.0	2838	tags=24%, list=15%, signal=28%	
GOBP_RESPONSE_TO_NUTRIENT	GOBP_RESPONSE_TO_NUTRIENT		162	0.4228339	1.4220704	0.011251758	0.18081218	1.0	1720	tags=20%, list=9%, signal=21%	
GOBP_PRIMARY_MIRNA_PROCESSING	GOBP_PRIMARY_MIRNA_PROCESSING		19	0.61177695	1.4209199	0.07067138	0.18212102	1.0	767	tags=16%, list=4%, signal=16%	
GOBP_CELLULAR_RESPONSE_TO_INTERLEUKIN_1	GOBP_CELLULAR_RESPONSE_TO_INTERLEUKIN_1		82	0.46108925	1.4208355	0.032307692	0.1820211	1.0	1997	tags=27%, list=10%, signal=30%	
GOBP_CELLULAR_COMPONENT_DISASSEMBLY_INVOLVED_IN_EXECUTION_PHASE_OF_APOPTOSIS	GOBP_CELLULAR_COMPONENT_DISASSEMBLY_INVOLVED_IN_EXECUTION_PHASE_OF_APOPTOSIS		28	0.5434153	1.4198143	0.06927176	0.18322524	1.0	1203	tags=18%, list=6%, signal=19%	
GOBP_NEGATIVE_REGULATION_OF_TYPE_2_IMMUNE_RESPONSE	GOBP_NEGATIVE_REGULATION_OF_TYPE_2_IMMUNE_RESPONSE		15	0.6236459	1.4194103	0.078095235	0.18355434	1.0	845	tags=20%, list=4%, signal=21%	
GOBP_POSITIVE_REGULATION_OF_INTERLEUKIN_12_PRODUCTION	GOBP_POSITIVE_REGULATION_OF_INTERLEUKIN_12_PRODUCTION		43	0.5206152	1.4184409	0.050675675	0.18464656	1.0	2092	tags=42%, list=11%, signal=47%	
GOBP_REGULATION_OF_PATTERN_RECOGNITION_RECEPTOR_SIGNALING_PATHWAY	GOBP_REGULATION_OF_PATTERN_RECOGNITION_RECEPTOR_SIGNALING_PATHWAY		157	0.43130034	1.4183992	0.010159652	0.18447977	1.0	2875	tags=28%, list=15%, signal=33%	
GOMF_AMYLOID_BETA_BINDING	GOMF_AMYLOID_BETA_BINDING		85	0.46009752	1.4182035	0.033280507	0.18454614	1.0	1729	tags=26%, list=9%, signal=28%	
GOMF_PROTEASE_BINDING	GOMF_PROTEASE_BINDING		131	0.43351066	1.4180999	0.025335321	0.18447345	1.0	2499	tags=26%, list=13%, signal=30%	
GOBP_CALCIUM_ION_HOMEOSTASIS	GOBP_CALCIUM_ION_HOMEOSTASIS		312	0.3941694	1.4177495	0.0091743115	0.18471621	1.0	2976	tags=25%, list=15%, signal=29%	
GOBP_CARDIAC_MUSCLE_TISSUE_MORPHOGENESIS	GOBP_CARDIAC_MUSCLE_TISSUE_MORPHOGENESIS		59	0.4788938	1.4168192	0.05079365	0.18573731	1.0	2391	tags=32%, list=12%, signal=37%	
GOBP_NEGATIVE_REGULATION_OF_PHOSPHATIDYLINOSITOL_3_KINASE_PROTEIN_KINASE_B_SIGNAL_TRANSDUCTION	GOBP_NEGATIVE_REGULATION_OF_PHOSPHATIDYLINOSITOL_3_KINASE_PROTEIN_KINASE_B_SIGNAL_TRANSDUCTION		56	0.4863629	1.4168118	0.0464	0.1855287	1.0	2924	tags=29%, list=15%, signal=34%	
GOMF_FIBRONECTIN_BINDING	GOMF_FIBRONECTIN_BINDING		29	0.54658437	1.4164358	0.064631954	0.18580759	1.0	2715	tags=34%, list=14%, signal=40%	
GOBP_HEMATOPOIETIC_STEM_CELL_HOMEOSTASIS	GOBP_HEMATOPOIETIC_STEM_CELL_HOMEOSTASIS		21	0.58615786	1.4160644	0.084586464	0.1861428	1.0	1931	tags=24%, list=10%, signal=26%	
GOMF_METALLOPEPTIDASE_ACTIVITY	GOMF_METALLOPEPTIDASE_ACTIVITY		179	0.41743585	1.4160577	0.022068966	0.18593687	1.0	1768	tags=16%, list=9%, signal=17%	
GOMF_PROTEIN_TYROSINE_KINASE_ACTIVATOR_ACTIVITY	GOMF_PROTEIN_TYROSINE_KINASE_ACTIVATOR_ACTIVITY		29	0.56449413	1.4155948	0.08073395	0.18633813	1.0	4788	tags=55%, list=25%, signal=73%	
GOBP_POSITIVE_REGULATION_OF_ERK1_AND_ERK2_CASCADE	GOBP_POSITIVE_REGULATION_OF_ERK1_AND_ERK2_CASCADE		180	0.4192488	1.4150785	0.012622721	0.18679519	1.0	2846	tags=32%, list=15%, signal=37%	
GOBP_CORTICAL_CYTOSKELETON_ORGANIZATION	GOBP_CORTICAL_CYTOSKELETON_ORGANIZATION		50	0.5068706	1.4147873	0.043327555	0.1870156	1.0	3961	tags=38%, list=20%, signal=48%	
GOBP_REGULATION_OF_CELL_MORPHOGENESIS	GOBP_REGULATION_OF_CELL_MORPHOGENESIS		229	0.4049559	1.413288	0.006729475	0.18881625	1.0	2536	tags=25%, list=13%, signal=29%	
GOBP_REGULATION_OF_PROTEIN_TYROSINE_KINASE_ACTIVITY	GOBP_REGULATION_OF_PROTEIN_TYROSINE_KINASE_ACTIVITY		43	0.51022273	1.413262	0.07008547	0.18863314	1.0	2873	tags=33%, list=15%, signal=38%	
GOBP_SYNCYTIUM_FORMATION	GOBP_SYNCYTIUM_FORMATION		61	0.48893937	1.4130162	0.051364366	0.1887487	1.0	3144	tags=36%, list=16%, signal=43%	
GOBP_NEURON_RECOGNITION	GOBP_NEURON_RECOGNITION		46	0.49931443	1.4124215	0.056818184	0.18938625	1.0	1625	tags=20%, list=8%, signal=21%	
GOBP_MULTICELLULAR_ORGANISMAL_LEVEL_IRON_ION_HOMEOSTASIS	GOBP_MULTICELLULAR_ORGANISMAL_LEVEL_IRON_ION_HOMEOSTASIS		24	0.57693595	1.4122324	0.06985294	0.18945841	1.0	3367	tags=50%, list=17%, signal=60%	
GOBP_REGULATION_OF_EPITHELIAL_CELL_PROLIFERATION	GOBP_REGULATION_OF_EPITHELIAL_CELL_PROLIFERATION		351	0.39146283	1.4121469	0.0025974025	0.18936616	1.0	2176	tags=20%, list=11%, signal=22%	
GOBP_MYOBLAST_FUSION	GOBP_MYOBLAST_FUSION		45	0.51134294	1.4120005	0.06621392	0.18932082	1.0	3144	tags=40%, list=16%, signal=48%	
GOBP_NEGATIVE_REGULATION_OF_BINDING	GOBP_NEGATIVE_REGULATION_OF_BINDING		102	0.4465269	1.4114405	0.030259365	0.18987185	1.0	2476	tags=24%, list=13%, signal=27%	
GOBP_RESPONSE_TO_REACTIVE_OXYGEN_SPECIES	GOBP_RESPONSE_TO_REACTIVE_OXYGEN_SPECIES		187	0.4141974	1.4111086	0.0054347827	0.19009933	1.0	3040	tags=27%, list=16%, signal=32%	
GOBP_SKELETAL_MUSCLE_CONTRACTION	GOBP_SKELETAL_MUSCLE_CONTRACTION		44	0.51485205	1.4108456	0.061056107	0.19028255	1.0	770	tags=9%, list=4%, signal=9%	
GOCC_COMPLEX_OF_COLLAGEN_TRIMERS	GOCC_COMPLEX_OF_COLLAGEN_TRIMERS		21	0.5727215	1.4105549	0.091976516	0.19047503	1.0	2244	tags=48%, list=12%, signal=54%	
GOBP_REGULATION_OF_OSTEOCLAST_DIFFERENTIATION	GOBP_REGULATION_OF_OSTEOCLAST_DIFFERENTIATION		66	0.47855368	1.410353	0.029032258	0.19057369	1.0	2904	tags=30%, list=15%, signal=36%	
GOBP_ACTOMYOSIN_STRUCTURE_ORGANIZATION	GOBP_ACTOMYOSIN_STRUCTURE_ORGANIZATION		209	0.4108836	1.4102731	0.0151306745	0.1904567	1.0	2854	tags=26%, list=15%, signal=31%	
GOBP_MYOBLAST_PROLIFERATION	GOBP_MYOBLAST_PROLIFERATION		26	0.5711648	1.4097106	0.07129456	0.19105306	1.0	1814	tags=31%, list=9%, signal=34%	
GOCC_RUFFLE	GOCC_RUFFLE		177	0.41826823	1.4095732	0.009915014	0.191036	1.0	3350	tags=34%, list=17%, signal=41%	
GOBP_ANATOMICAL_STRUCTURE_MATURATION	GOBP_ANATOMICAL_STRUCTURE_MATURATION		252	0.40291512	1.4093912	0.0066755675	0.19107348	1.0	3010	tags=25%, list=15%, signal=29%	
GOMF_GLUTATHIONE_PEROXIDASE_ACTIVITY	GOMF_GLUTATHIONE_PEROXIDASE_ACTIVITY		23	0.5845597	1.409371	0.069767445	0.19088036	1.0	1731	tags=17%, list=9%, signal=19%	
GOBP_NEGATIVE_REGULATION_OF_PRODUCTION_OF_MOLECULAR_MEDIATOR_OF_IMMUNE_RESPONSE	GOBP_NEGATIVE_REGULATION_OF_PRODUCTION_OF_MOLECULAR_MEDIATOR_OF_IMMUNE_RESPONSE		44	0.50784004	1.4093051	0.05595668	0.19075443	1.0	2789	tags=34%, list=14%, signal=40%	
GOBP_NEGATIVE_REGULATION_OF_RESPONSE_TO_WOUNDING	GOBP_NEGATIVE_REGULATION_OF_RESPONSE_TO_WOUNDING		92	0.46226177	1.4090827	0.034954406	0.19083081	1.0	2001	tags=27%, list=10%, signal=30%	
GOBP_AXONAL_TRANSPORT_OF_MITOCHONDRION	GOBP_AXONAL_TRANSPORT_OF_MITOCHONDRION		18	0.6046598	1.4086461	0.097928435	0.19118848	1.0	3005	tags=39%, list=15%, signal=46%	
GOCC_INTERCALATED_DISC	GOCC_INTERCALATED_DISC		51	0.49473926	1.4086138	0.037216827	0.19101217	1.0	3023	tags=37%, list=16%, signal=44%	
GOBP_NEPHRON_TUBULE_FORMATION	GOBP_NEPHRON_TUBULE_FORMATION		20	0.6063305	1.408447	0.08139535	0.19102967	1.0	135	tags=15%, list=1%, signal=15%	
GOBP_OSSIFICATION	GOBP_OSSIFICATION		395	0.38870358	1.4084376	0.0049566296	0.19082657	1.0	2372	tags=22%, list=12%, signal=25%	
GOBP_NEGATIVE_REGULATION_OF_LYMPHOCYTE_DIFFERENTIATION	GOBP_NEGATIVE_REGULATION_OF_LYMPHOCYTE_DIFFERENTIATION		53	0.481315	1.4055789	0.05042017	0.19445273	1.0	2833	tags=28%, list=15%, signal=33%	
GOBP_NEURON_PROJECTION_GUIDANCE	GOBP_NEURON_PROJECTION_GUIDANCE		227	0.4095073	1.4051846	0.006811989	0.19478679	1.0	2527	tags=23%, list=13%, signal=27%	
GOBP_REGULATION_OF_EPITHELIAL_TO_MESENCHYMAL_TRANSITION	GOBP_REGULATION_OF_EPITHELIAL_TO_MESENCHYMAL_TRANSITION		101	0.44190156	1.4048402	0.029096479	0.19503947	1.0	2082	tags=22%, list=11%, signal=24%	
GOMF_HYDROLASE_ACTIVITY_ACTING_ON_CARBON_NITROGEN_BUT_NOT_PEPTIDE_BONDS_IN_CYCLIC_AMIDINES	GOMF_HYDROLASE_ACTIVITY_ACTING_ON_CARBON_NITROGEN_BUT_NOT_PEPTIDE_BONDS_IN_CYCLIC_AMIDINES		33	0.53823245	1.4042368	0.06418919	0.19561082	1.0	2187	tags=18%, list=11%, signal=20%	
GOBP_INTERLEUKIN_17_PRODUCTION	GOBP_INTERLEUKIN_17_PRODUCTION		39	0.5292461	1.4040868	0.05670103	0.1955858	1.0	2017	tags=28%, list=10%, signal=31%	
GOBP_MOLTING_CYCLE	GOBP_MOLTING_CYCLE		115	0.44215983	1.4038872	0.024024025	0.19562225	1.0	2334	tags=21%, list=12%, signal=24%	
GOBP_LEUKOCYTE_HOMEOSTASIS	GOBP_LEUKOCYTE_HOMEOSTASIS		104	0.44927374	1.4024638	0.03387097	0.19738013	1.0	2254	tags=27%, list=12%, signal=30%	
GOBP_REGULATION_OF_CELLULAR_RESPONSE_TO_GROWTH_FACTOR_STIMULUS	GOBP_REGULATION_OF_CELLULAR_RESPONSE_TO_GROWTH_FACTOR_STIMULUS		295	0.39297616	1.4013826	0.007643312	0.1986967	1.0	3067	tags=28%, list=16%, signal=33%	
GOBP_REGULATION_OF_EPITHELIAL_CELL_MIGRATION	GOBP_REGULATION_OF_EPITHELIAL_CELL_MIGRATION		220	0.40294397	1.4011102	0.009803922	0.19889604	1.0	3212	tags=30%, list=17%, signal=36%	
GOMF_RETINAL_BINDING	GOMF_RETINAL_BINDING		19	0.5948871	1.4000334	0.08921933	0.20017208	1.0	120	tags=16%, list=1%, signal=16%	
GOBP_RESPONSE_TO_ESTRADIOL	GOBP_RESPONSE_TO_ESTRADIOL		115	0.429955	1.399902	0.033478893	0.20015189	1.0	1560	tags=15%, list=8%, signal=16%	
GOMF_EXTRACELLULAR_MATRIX_BINDING	GOMF_EXTRACELLULAR_MATRIX_BINDING		60	0.48025993	1.398801	0.04368175	0.20156577	1.0	2458	tags=35%, list=13%, signal=40%	
GOBP_ACTIVATION_OF_PROTEIN_KINASE_ACTIVITY	GOBP_ACTIVATION_OF_PROTEIN_KINASE_ACTIVITY		75	0.46773142	1.3980765	0.033333335	0.20230457	1.0	2846	tags=33%, list=15%, signal=39%	
GOBP_SMAD_PROTEIN_SIGNAL_TRANSDUCTION	GOBP_SMAD_PROTEIN_SIGNAL_TRANSDUCTION		77	0.4623932	1.3973019	0.052464228	0.2032369	1.0	2542	tags=23%, list=13%, signal=27%	
GOBP_REGULATION_OF_MIRNA_METABOLIC_PROCESS	GOBP_REGULATION_OF_MIRNA_METABOLIC_PROCESS		84	0.45472524	1.3967037	0.042519685	0.20383152	1.0	787	tags=13%, list=4%, signal=14%	
GOBP_NATURAL_KILLER_CELL_ACTIVATION	GOBP_NATURAL_KILLER_CELL_ACTIVATION		93	0.45514262	1.3966209	0.023291925	0.2037281	1.0	2842	tags=29%, list=15%, signal=34%	
GOBP_ARACHIDONIC_ACID_METABOLIC_PROCESS	GOBP_ARACHIDONIC_ACID_METABOLIC_PROCESS		57	0.47868025	1.3958277	0.04418985	0.20459758	1.0	1702	tags=19%, list=9%, signal=21%	
GOBP_IMPORT_ACROSS_PLASMA_MEMBRANE	GOBP_IMPORT_ACROSS_PLASMA_MEMBRANE		189	0.40692446	1.395007	0.019858155	0.20553863	1.0	2424	tags=25%, list=12%, signal=29%	
GOBP_REGULATION_OF_LAMELLIPODIUM_ASSEMBLY	GOBP_REGULATION_OF_LAMELLIPODIUM_ASSEMBLY		39	0.5151896	1.3945429	0.08034188	0.20600466	1.0	4790	tags=56%, list=25%, signal=75%	
GOBP_REGULATION_OF_FIBROBLAST_APOPTOTIC_PROCESS	GOBP_REGULATION_OF_FIBROBLAST_APOPTOTIC_PROCESS		18	0.6041859	1.3944175	0.09124767	0.205939	1.0	2362	tags=33%, list=12%, signal=38%	
GOBP_COLLAGEN_FIBRIL_ORGANIZATION	GOBP_COLLAGEN_FIBRIL_ORGANIZATION		64	0.4657887	1.3941834	0.04383117	0.2060554	1.0	2625	tags=38%, list=14%, signal=43%	
GOBP_RESPONSE_TO_POTASSIUM_ION	GOBP_RESPONSE_TO_POTASSIUM_ION		19	0.585205	1.3934402	0.083657585	0.206914	1.0	4015	tags=42%, list=21%, signal=53%	
GOBP_REGULATION_OF_REGULATED_SECRETORY_PATHWAY	GOBP_REGULATION_OF_REGULATED_SECRETORY_PATHWAY		113	0.4395099	1.3932581	0.034108527	0.20692022	1.0	2150	tags=26%, list=11%, signal=29%	
GOBP_RESPONSE_TO_PAIN	GOBP_RESPONSE_TO_PAIN		34	0.5233929	1.3929862	0.07534247	0.2070929	1.0	1203	tags=21%, list=6%, signal=22%	
GOBP_REGULATION_OF_FIBROBLAST_PROLIFERATION	GOBP_REGULATION_OF_FIBROBLAST_PROLIFERATION		88	0.44038218	1.3929487	0.0461285	0.20692332	1.0	3178	tags=22%, list=16%, signal=26%	
GOBP_POSITIVE_REGULATION_OF_NITRIC_OXIDE_METABOLIC_PROCESS	GOBP_POSITIVE_REGULATION_OF_NITRIC_OXIDE_METABOLIC_PROCESS		35	0.52926815	1.3927679	0.067826085	0.2069375	1.0	2547	tags=37%, list=13%, signal=43%	
GOBP_REGENERATION	GOBP_REGENERATION		187	0.4091957	1.3925178	0.0126760565	0.20705017	1.0	3699	tags=29%, list=19%, signal=35%	
GOBP_REGULATION_OF_EXTRACELLULAR_MATRIX_DISASSEMBLY	GOBP_REGULATION_OF_EXTRACELLULAR_MATRIX_DISASSEMBLY		15	0.6248376	1.3923514	0.09647495	0.20705959	1.0	1886	tags=27%, list=10%, signal=30%	
GOBP_AMINE_BIOSYNTHETIC_PROCESS	GOBP_AMINE_BIOSYNTHETIC_PROCESS		37	0.5184638	1.392335	0.058925476	0.20685528	1.0	1400	tags=22%, list=7%, signal=23%	
GOCC_INTERCELLULAR_BRIDGE	GOCC_INTERCELLULAR_BRIDGE		86	0.45275792	1.3918023	0.04327666	0.20747219	1.0	1102	tags=12%, list=6%, signal=12%	
GOBP_POSITIVE_REGULATION_OF_MACROPHAGE_CYTOKINE_PRODUCTION	GOBP_POSITIVE_REGULATION_OF_MACROPHAGE_CYTOKINE_PRODUCTION		24	0.5758133	1.3917314	0.0910816	0.20733309	1.0	2342	tags=42%, list=12%, signal=47%	
GOCC_NEURONAL_DENSE_CORE_VESICLE	GOCC_NEURONAL_DENSE_CORE_VESICLE		24	0.574833	1.3916295	0.08073395	0.20725569	1.0	2626	tags=38%, list=14%, signal=43%	
GOBP_DOPAMINE_METABOLIC_PROCESS	GOBP_DOPAMINE_METABOLIC_PROCESS		38	0.51814383	1.3913783	0.059800666	0.20743695	1.0	2090	tags=29%, list=11%, signal=32%	
GOBP_NEGATIVE_REGULATION_OF_RESPONSE_TO_BIOTIC_STIMULUS	GOBP_NEGATIVE_REGULATION_OF_RESPONSE_TO_BIOTIC_STIMULUS		116	0.43775958	1.3910546	0.023183925	0.20762834	1.0	4320	tags=38%, list=22%, signal=48%	
GOBP_REGULATION_OF_NITRIC_OXIDE_METABOLIC_PROCESS	GOBP_REGULATION_OF_NITRIC_OXIDE_METABOLIC_PROCESS		55	0.48545438	1.3894204	0.046979867	0.20979226	1.0	2156	tags=29%, list=11%, signal=33%	
GOBP_BIOMINERAL_TISSUE_DEVELOPMENT	GOBP_BIOMINERAL_TISSUE_DEVELOPMENT		170	0.4142676	1.3874264	0.023809524	0.21248727	1.0	2626	tags=30%, list=14%, signal=34%	
GOBP_POSITIVE_REGULATION_OF_INTERFERON_ALPHA_PRODUCTION	GOBP_POSITIVE_REGULATION_OF_INTERFERON_ALPHA_PRODUCTION		22	0.56625724	1.3863535	0.094444446	0.21381864	1.0	1053	tags=14%, list=5%, signal=14%	
GOBP_NEGATIVE_REGULATION_OF_LEUKOCYTE_CELL_CELL_ADHESION	GOBP_NEGATIVE_REGULATION_OF_LEUKOCYTE_CELL_CELL_ADHESION		133	0.41588405	1.386205	0.027417028	0.21380976	1.0	2632	tags=29%, list=14%, signal=33%	
GOBP_RESPONSE_TO_INTERLEUKIN_1	GOBP_RESPONSE_TO_INTERLEUKIN_1		105	0.43806955	1.3858955	0.03153153	0.21400863	1.0	2371	tags=26%, list=12%, signal=29%	
GOCC_DENSE_CORE_GRANULE	GOCC_DENSE_CORE_GRANULE		37	0.5124617	1.385468	0.07706093	0.21439941	1.0	2626	tags=32%, list=14%, signal=37%	
GOBP_NEGATIVE_REGULATION_OF_FIBROBLAST_PROLIFERATION	GOBP_NEGATIVE_REGULATION_OF_FIBROBLAST_PROLIFERATION		34	0.52025336	1.3851495	0.08695652	0.21464221	1.0	3178	tags=24%, list=16%, signal=28%	
GOBP_REGULATION_OF_MORPHOGENESIS_OF_A_BRANCHING_STRUCTURE	GOBP_REGULATION_OF_MORPHOGENESIS_OF_A_BRANCHING_STRUCTURE		52	0.4816052	1.3845078	0.056384742	0.2154192	1.0	2239	tags=27%, list=12%, signal=30%	
GOBP_NEGATIVE_REGULATION_OF_LEUKOCYTE_MIGRATION	GOBP_NEGATIVE_REGULATION_OF_LEUKOCYTE_MIGRATION		47	0.4889088	1.3843563	0.06688963	0.21544299	1.0	2308	tags=34%, list=12%, signal=39%	
GOMF_VOLTAGE_GATED_POTASSIUM_CHANNEL_ACTIVITY_INVOLVED_IN_CARDIAC_MUSCLE_CELL_ACTION_POTENTIAL_REPOLARIZATION	GOMF_VOLTAGE_GATED_POTASSIUM_CHANNEL_ACTIVITY_INVOLVED_IN_CARDIAC_MUSCLE_CELL_ACTION_POTENTIAL_REPOLARIZATION		15	0.61169565	1.3838122	0.11111111	0.21604793	1.0	2893	tags=33%, list=15%, signal=39%	
GOBP_RETINAL_GANGLION_CELL_AXON_GUIDANCE	GOBP_RETINAL_GANGLION_CELL_AXON_GUIDANCE		23	0.56542253	1.3834785	0.09398496	0.2163033	1.0	1647	tags=30%, list=8%, signal=33%	
GOBP_TOLERANCE_INDUCTION	GOBP_TOLERANCE_INDUCTION		27	0.5426726	1.3833832	0.08687943	0.21621141	1.0	2842	tags=41%, list=15%, signal=48%	
GOBP_POSITIVE_REGULATION_OF_GROWTH	GOBP_POSITIVE_REGULATION_OF_GROWTH		235	0.3976224	1.3831431	0.007832898	0.21632014	1.0	1942	tags=14%, list=10%, signal=16%	
GOBP_PROSTAGLANDIN_TRANSPORT	GOBP_PROSTAGLANDIN_TRANSPORT		28	0.5516509	1.3830602	0.08020478	0.21621189	1.0	1811	tags=32%, list=9%, signal=35%	
GOBP_POSITIVE_REGULATION_OF_PROTEIN_CONTAINING_COMPLEX_ASSEMBLY	GOBP_POSITIVE_REGULATION_OF_PROTEIN_CONTAINING_COMPLEX_ASSEMBLY		187	0.39994222	1.3821496	0.018361581	0.21736722	1.0	3686	tags=32%, list=19%, signal=39%	
GOBP_POSITIVE_REGULATION_OF_TRANSMEMBRANE_TRANSPORT	GOBP_POSITIVE_REGULATION_OF_TRANSMEMBRANE_TRANSPORT		191	0.40729934	1.3819197	0.011080332	0.21745296	1.0	2852	tags=23%, list=15%, signal=27%	
GOBP_REGULATION_OF_BLOOD_PRESSURE	GOBP_REGULATION_OF_BLOOD_PRESSURE		176	0.40844434	1.3817384	0.019553073	0.21749842	1.0	2929	tags=30%, list=15%, signal=35%	
GOBP_POSITIVE_REGULATION_OF_CELL_MIGRATION_INVOLVED_IN_SPROUTING_ANGIOGENESIS	GOBP_POSITIVE_REGULATION_OF_CELL_MIGRATION_INVOLVED_IN_SPROUTING_ANGIOGENESIS		21	0.57604194	1.381696	0.09140768	0.21731606	1.0	1625	tags=24%, list=8%, signal=26%	
GOMF_AMINOPEPTIDASE_ACTIVITY	GOMF_AMINOPEPTIDASE_ACTIVITY		36	0.51253426	1.3809619	0.059931505	0.21818438	1.0	2798	tags=28%, list=14%, signal=32%	
GOBP_POSITIVE_REGULATION_OF_T_CELL_CYTOKINE_PRODUCTION	GOBP_POSITIVE_REGULATION_OF_T_CELL_CYTOKINE_PRODUCTION		26	0.5531479	1.3802742	0.09090909	0.21899936	1.0	1195	tags=23%, list=6%, signal=25%	
GOBP_POSITIVE_REGULATION_OF_REGULATED_SECRETORY_PATHWAY	GOBP_POSITIVE_REGULATION_OF_REGULATED_SECRETORY_PATHWAY		43	0.51306516	1.3797998	0.075250834	0.21949223	1.0	2335	tags=33%, list=12%, signal=37%	
GOBP_RECEPTOR_MEDIATED_ENDOCYTOSIS	GOBP_RECEPTOR_MEDIATED_ENDOCYTOSIS		251	0.39460766	1.379663	0.011952192	0.21947205	1.0	3371	tags=32%, list=17%, signal=38%	
GOBP_PROTEIN_POLYMERIZATION	GOBP_PROTEIN_POLYMERIZATION		269	0.39183515	1.3789126	0.010540185	0.22034036	1.0	3805	tags=35%, list=20%, signal=42%	
GOBP_REGULATION_OF_RESPONSE_TO_WOUNDING	GOBP_REGULATION_OF_RESPONSE_TO_WOUNDING		163	0.41386738	1.3786503	0.019830028	0.22048125	1.0	2924	tags=29%, list=15%, signal=34%	
GOBP_POSITIVE_REGULATION_OF_HOMOTYPIC_CELL_CELL_ADHESION	GOBP_POSITIVE_REGULATION_OF_HOMOTYPIC_CELL_CELL_ADHESION		17	0.6053865	1.3772197	0.10826772	0.22233413	1.0	1955	tags=47%, list=10%, signal=52%	
GOBP_AXON_ENSHEATHMENT_IN_CENTRAL_NERVOUS_SYSTEM	GOBP_AXON_ENSHEATHMENT_IN_CENTRAL_NERVOUS_SYSTEM		24	0.5478573	1.3770236	0.1	0.22243164	1.0	3924	tags=42%, list=20%, signal=52%	
GOBP_NEGATIVE_REGULATION_OF_LEUKOCYTE_APOPTOTIC_PROCESS	GOBP_NEGATIVE_REGULATION_OF_LEUKOCYTE_APOPTOTIC_PROCESS		53	0.4800603	1.377016	0.06710311	0.22221589	1.0	2796	tags=43%, list=14%, signal=51%	
GOCC_FILOPODIUM	GOCC_FILOPODIUM		100	0.4350198	1.3768618	0.041284405	0.22223464	1.0	2527	tags=26%, list=13%, signal=30%	
GOBP_ENDOCHONDRAL_BONE_MORPHOGENESIS	GOBP_ENDOCHONDRAL_BONE_MORPHOGENESIS		56	0.4740509	1.3759061	0.045454547	0.22343478	1.0	2082	tags=23%, list=11%, signal=26%	
GOBP_MONOAMINE_TRANSPORT	GOBP_MONOAMINE_TRANSPORT		76	0.44731444	1.3750275	0.05371248	0.22453097	1.0	2388	tags=22%, list=12%, signal=25%	
GOBP_REGULATION_OF_FATTY_ACID_TRANSPORT	GOBP_REGULATION_OF_FATTY_ACID_TRANSPORT		30	0.53366333	1.3747926	0.08421053	0.22464308	1.0	1193	tags=23%, list=6%, signal=25%	
GOMF_CADHERIN_BINDING	GOMF_CADHERIN_BINDING		310	0.3847767	1.3739394	0.008917198	0.22567442	1.0	3260	tags=26%, list=17%, signal=31%	
GOBP_RETINOIC_ACID_METABOLIC_PROCESS	GOBP_RETINOIC_ACID_METABOLIC_PROCESS		33	0.5262486	1.3719306	0.07304348	0.22847676	1.0	256	tags=12%, list=1%, signal=12%	
GOBP_CARDIAC_ATRIUM_DEVELOPMENT	GOBP_CARDIAC_ATRIUM_DEVELOPMENT		35	0.5121763	1.3719182	0.092391305	0.22824872	1.0	2802	tags=34%, list=14%, signal=40%	
GOBP_SECRETORY_GRANULE_LOCALIZATION	GOBP_SECRETORY_GRANULE_LOCALIZATION		22	0.5627023	1.3714666	0.09632224	0.22870456	1.0	1727	tags=27%, list=9%, signal=30%	
GOBP_ESTABLISHMENT_OF_LYMPHOCYTE_POLARITY	GOBP_ESTABLISHMENT_OF_LYMPHOCYTE_POLARITY		15	0.6176291	1.3698252	0.1262136	0.2309481	1.0	3144	tags=60%, list=16%, signal=72%	
GOBP_CENTRAL_NERVOUS_SYSTEM_NEURON_AXONOGENESIS	GOBP_CENTRAL_NERVOUS_SYSTEM_NEURON_AXONOGENESIS		36	0.50468695	1.3698062	0.07966102	0.23074044	1.0	4073	tags=44%, list=21%, signal=56%	
GOBP_CARDIAC_ATRIUM_MORPHOGENESIS	GOBP_CARDIAC_ATRIUM_MORPHOGENESIS		27	0.5373588	1.3697634	0.085217394	0.23057966	1.0	2802	tags=41%, list=14%, signal=48%	
GOBP_PLASMA_MEMBRANE_FUSION	GOBP_PLASMA_MEMBRANE_FUSION		25	0.5527746	1.3697361	0.08608059	0.23038444	1.0	1905	tags=24%, list=10%, signal=27%	
GOBP_SEQUESTERING_OF_CALCIUM_ION	GOBP_SEQUESTERING_OF_CALCIUM_ION		129	0.42299166	1.3696113	0.02406015	0.2303584	1.0	2957	tags=28%, list=15%, signal=33%	
GOMF_WNT_PROTEIN_BINDING	GOMF_WNT_PROTEIN_BINDING		31	0.53442246	1.3694781	0.09739131	0.23031648	1.0	2137	tags=32%, list=11%, signal=36%	
GOBP_NEGATIVE_REGULATION_OF_T_HELPER_CELL_DIFFERENTIATION	GOBP_NEGATIVE_REGULATION_OF_T_HELPER_CELL_DIFFERENTIATION		17	0.60707366	1.3692747	0.0988806	0.23038232	1.0	845	tags=18%, list=4%, signal=18%	
GOBP_REGULATION_OF_BONE_RESORPTION	GOBP_REGULATION_OF_BONE_RESORPTION		43	0.48768368	1.3686482	0.073891625	0.23112068	1.0	2904	tags=35%, list=15%, signal=41%	
GOBP_RESPONSE_TO_MINERALOCORTICOID	GOBP_RESPONSE_TO_MINERALOCORTICOID		39	0.5031271	1.3685187	0.08453237	0.23108141	1.0	2208	tags=26%, list=11%, signal=29%	
GOBP_POSITIVE_REGULATION_OF_TYPE_I_INTERFERON_MEDIATED_SIGNALING_PATHWAY	GOBP_POSITIVE_REGULATION_OF_TYPE_I_INTERFERON_MEDIATED_SIGNALING_PATHWAY		19	0.58933383	1.3673131	0.09848485	0.23270954	1.0	2361	tags=26%, list=12%, signal=30%	
GOBP_POSITIVE_REGULATION_OF_EPITHELIAL_CELL_MIGRATION	GOBP_POSITIVE_REGULATION_OF_EPITHELIAL_CELL_MIGRATION		145	0.41574714	1.3672878	0.01775148	0.23251668	1.0	3203	tags=30%, list=16%, signal=36%	
GOBP_REGULATION_OF_PROTEIN_POLYMERIZATION	GOBP_REGULATION_OF_PROTEIN_POLYMERIZATION		189	0.40091684	1.366948	0.02364395	0.23284563	1.0	3779	tags=37%, list=19%, signal=45%	
GOBP_ASTROCYTE_DEVELOPMENT	GOBP_ASTROCYTE_DEVELOPMENT		41	0.5016635	1.366706	0.090277776	0.23297836	1.0	2556	tags=32%, list=13%, signal=36%	
GOBP_POSITIVE_REGULATION_OF_MAP_KINASE_ACTIVITY	GOBP_POSITIVE_REGULATION_OF_MAP_KINASE_ACTIVITY		78	0.45051554	1.3666586	0.05972435	0.23279944	1.0	2955	tags=29%, list=15%, signal=35%	
GOBP_ISOTYPE_SWITCHING_TO_IGG_ISOTYPES	GOBP_ISOTYPE_SWITCHING_TO_IGG_ISOTYPES		16	0.5993616	1.366528	0.10721248	0.23277508	1.0	2792	tags=31%, list=14%, signal=36%	
GOBP_POSITIVE_REGULATION_OF_T_CELL_MEDIATED_CYTOTOXICITY	GOBP_POSITIVE_REGULATION_OF_T_CELL_MEDIATED_CYTOTOXICITY		39	0.50390387	1.3662496	0.08131488	0.23297547	1.0	2792	tags=31%, list=14%, signal=36%	
GOCC_CORTICAL_CYTOSKELETON	GOCC_CORTICAL_CYTOSKELETON		105	0.43436489	1.3654143	0.044843048	0.23403952	1.0	4015	tags=45%, list=21%, signal=56%	
GOBP_RENAL_FILTRATION	GOBP_RENAL_FILTRATION		28	0.54224575	1.3652571	0.10242086	0.23404787	1.0	2387	tags=32%, list=12%, signal=37%	
GOBP_CELLULAR_RESPONSE_TO_VITAMIN_D	GOBP_CELLULAR_RESPONSE_TO_VITAMIN_D		20	0.5704439	1.3647507	0.0992647	0.23462641	1.0	1587	tags=30%, list=8%, signal=33%	
GOBP_DENDRITIC_CELL_DIFFERENTIATION	GOBP_DENDRITIC_CELL_DIFFERENTIATION		46	0.49228913	1.3639977	0.09165303	0.23555258	1.0	2796	tags=37%, list=14%, signal=43%	
GOBP_TRANSMISSION_OF_NERVE_IMPULSE	GOBP_TRANSMISSION_OF_NERVE_IMPULSE		68	0.46063697	1.3630412	0.06568144	0.23680101	1.0	2893	tags=22%, list=15%, signal=26%	
GOBP_BIOGENIC_AMINE_METABOLIC_PROCESS	GOBP_BIOGENIC_AMINE_METABOLIC_PROCESS		93	0.43957615	1.3628322	0.05666156	0.2368526	1.0	1862	tags=22%, list=10%, signal=24%	
GOBP_ACTIN_FILAMENT_DEPOLYMERIZATION	GOBP_ACTIN_FILAMENT_DEPOLYMERIZATION		56	0.47014245	1.3626952	0.06996587	0.23684427	1.0	3961	tags=45%, list=20%, signal=56%	
GOCC_CELL_CELL_CONTACT_ZONE	GOCC_CELL_CELL_CONTACT_ZONE		73	0.4540764	1.3625246	0.0484375	0.23688176	1.0	3294	tags=38%, list=17%, signal=46%	
GOBP_RESPONSE_TO_PROSTAGLANDIN_E	GOBP_RESPONSE_TO_PROSTAGLANDIN_E		25	0.54234505	1.3625121	0.101045296	0.23665847	1.0	2077	tags=28%, list=11%, signal=31%	
GOBP_POSITIVE_REGULATION_OF_PATTERN_RECOGNITION_RECEPTOR_SIGNALING_PATHWAY	GOBP_POSITIVE_REGULATION_OF_PATTERN_RECOGNITION_RECEPTOR_SIGNALING_PATHWAY		66	0.46039546	1.3623328	0.06528662	0.23669656	1.0	3312	tags=36%, list=17%, signal=44%	
GOBP_ANTIGEN_PROCESSING_AND_PRESENTATION_OF_ENDOGENOUS_ANTIGEN	GOBP_ANTIGEN_PROCESSING_AND_PRESENTATION_OF_ENDOGENOUS_ANTIGEN		31	0.5289395	1.3621645	0.09335727	0.23674722	1.0	2683	tags=32%, list=14%, signal=37%	
GOBP_AXON_EXTENSION	GOBP_AXON_EXTENSION		106	0.42869753	1.3616475	0.047987618	0.23729871	1.0	2926	tags=25%, list=15%, signal=30%	
GOBP_NEGATIVE_REGULATION_OF_LEUKOCYTE_PROLIFERATION	GOBP_NEGATIVE_REGULATION_OF_LEUKOCYTE_PROLIFERATION		93	0.44133356	1.3607721	0.050769232	0.23842117	1.0	2904	tags=40%, list=15%, signal=47%	
GOBP_REGULATION_OF_APPETITE	GOBP_REGULATION_OF_APPETITE		22	0.5577785	1.3606589	0.12854442	0.23835848	1.0	2435	tags=32%, list=13%, signal=36%	
GOBP_POSITIVE_REGULATION_OF_SYNAPTIC_TRANSMISSION	GOBP_POSITIVE_REGULATION_OF_SYNAPTIC_TRANSMISSION		160	0.4103535	1.360059	0.024602026	0.23911348	1.0	2205	tags=21%, list=11%, signal=23%	
GOMF_CARGO_RECEPTOR_ACTIVITY	GOMF_CARGO_RECEPTOR_ACTIVITY		72	0.45375198	1.3598814	0.060509555	0.23916237	1.0	1887	tags=31%, list=10%, signal=34%	
GOMF_TUMOR_NECROSIS_FACTOR_RECEPTOR_SUPERFAMILY_BINDING	GOMF_TUMOR_NECROSIS_FACTOR_RECEPTOR_SUPERFAMILY_BINDING		49	0.49086934	1.3596579	0.051863857	0.2392989	1.0	3047	tags=31%, list=16%, signal=36%	
GOBP_REGULATION_OF_ENDOTHELIAL_CELL_MIGRATION	GOBP_REGULATION_OF_ENDOTHELIAL_CELL_MIGRATION		161	0.4053226	1.3591627	0.037302725	0.23980609	1.0	3136	tags=29%, list=16%, signal=35%	
GOBP_MATING_BEHAVIOR	GOBP_MATING_BEHAVIOR		36	0.50363237	1.3588154	0.093693696	0.24008664	1.0	1184	tags=19%, list=6%, signal=21%	
GOBP_POSITIVE_REGULATION_OF_DNA_BINDING_TRANSCRIPTION_FACTOR_ACTIVITY	GOBP_POSITIVE_REGULATION_OF_DNA_BINDING_TRANSCRIPTION_FACTOR_ACTIVITY		210	0.3937125	1.3585414	0.024590164	0.24021815	1.0	2678	tags=21%, list=14%, signal=25%	
GOBP_RESPONSE_TO_INORGANIC_SUBSTANCE	GOBP_RESPONSE_TO_INORGANIC_SUBSTANCE		482	0.3705656	1.358494	0.004813478	0.24004216	1.0	2840	tags=24%, list=15%, signal=27%	
GOMF_SCAVENGER_RECEPTOR_ACTIVITY	GOMF_SCAVENGER_RECEPTOR_ACTIVITY		26	0.53960365	1.3580939	0.11973018	0.24043456	1.0	1828	tags=35%, list=9%, signal=38%	
GOCC_FILAMENTOUS_ACTIN	GOCC_FILAMENTOUS_ACTIN		31	0.52776617	1.3580759	0.09963768	0.24022098	1.0	3804	tags=42%, list=20%, signal=52%	
GOCC_ACROSOMAL_VESICLE	GOCC_ACROSOMAL_VESICLE		135	0.4108313	1.3579667	0.034532376	0.24013728	1.0	1904	tags=13%, list=10%, signal=15%	
GOBP_CANONICAL_NF_KAPPAB_SIGNAL_TRANSDUCTION	GOBP_CANONICAL_NF_KAPPAB_SIGNAL_TRANSDUCTION		296	0.38186347	1.3577932	0.009186352	0.24016722	1.0	2556	tags=22%, list=13%, signal=25%	
GOBP_AUTONOMIC_NERVOUS_SYSTEM_DEVELOPMENT	GOBP_AUTONOMIC_NERVOUS_SYSTEM_DEVELOPMENT		45	0.4874892	1.3577377	0.08695652	0.2400144	1.0	1931	tags=22%, list=10%, signal=25%	
GOCC_COPII_COATED_ER_TO_GOLGI_TRANSPORT_VESICLE	GOCC_COPII_COATED_ER_TO_GOLGI_TRANSPORT_VESICLE		89	0.43756396	1.3575486	0.04945904	0.24007922	1.0	1312	tags=15%, list=7%, signal=16%	
GOBP_REGULATION_OF_BIOLOGICAL_PROCESS_INVOLVED_IN_SYMBIOTIC_INTERACTION	GOBP_REGULATION_OF_BIOLOGICAL_PROCESS_INVOLVED_IN_SYMBIOTIC_INTERACTION		60	0.46753836	1.3575205	0.06771654	0.23987116	1.0	1662	tags=25%, list=9%, signal=27%	
GOBP_OSTEOBLAST_PROLIFERATION	GOBP_OSTEOBLAST_PROLIFERATION		32	0.5094081	1.3569965	0.10732538	0.24047017	1.0	1885	tags=28%, list=10%, signal=31%	
GOBP_REGULATION_OF_CELLULAR_COMPONENT_SIZE	GOBP_REGULATION_OF_CELLULAR_COMPONENT_SIZE		337	0.37804636	1.3569137	0.013368984	0.24035847	1.0	3284	tags=29%, list=17%, signal=34%	
GOBP_POSITIVE_REGULATION_OF_GRANULOCYTE_CHEMOTAXIS	GOBP_POSITIVE_REGULATION_OF_GRANULOCYTE_CHEMOTAXIS		26	0.5338976	1.3560216	0.09558824	0.2414954	1.0	3444	tags=58%, list=18%, signal=70%	
GOBP_NOREPINEPHRINE_TRANSPORT	GOBP_NOREPINEPHRINE_TRANSPORT		23	0.5508183	1.355832	0.11449016	0.241548	1.0	1847	tags=30%, list=10%, signal=34%	
GOBP_EXOCYTOSIS	GOBP_EXOCYTOSIS		335	0.3803927	1.3558091	0.008951407	0.24134254	1.0	1871	tags=20%, list=10%, signal=22%	
GOBP_REGULATION_OF_SUPRAMOLECULAR_FIBER_ORGANIZATION	GOBP_REGULATION_OF_SUPRAMOLECULAR_FIBER_ORGANIZATION		354	0.37413928	1.3558028	0.015345269	0.24111421	1.0	3870	tags=34%, list=20%, signal=42%	
GOBP_MIRNA_METABOLIC_PROCESS	GOBP_MIRNA_METABOLIC_PROCESS		95	0.4315393	1.3554683	0.050535988	0.24145424	1.0	2387	tags=20%, list=12%, signal=23%	
GOBP_REGULATION_OF_PLASMINOGEN_ACTIVATION	GOBP_REGULATION_OF_PLASMINOGEN_ACTIVATION		18	0.5756644	1.3544263	0.12639405	0.24286681	1.0	3206	tags=44%, list=17%, signal=53%	
GOBP_COPULATION	GOBP_COPULATION		19	0.577485	1.3540765	0.1	0.24317291	1.0	570	tags=21%, list=3%, signal=22%	
GOBP_DNA_MODIFICATION	GOBP_DNA_MODIFICATION		41	0.49277136	1.3539765	0.08319185	0.24309959	1.0	800	tags=10%, list=4%, signal=10%	
GOBP_MAINTENANCE_OF_LOCATION_IN_CELL	GOBP_MAINTENANCE_OF_LOCATION_IN_CELL		220	0.38989	1.3539332	0.031420764	0.24291976	1.0	2957	tags=26%, list=15%, signal=31%	
GOBP_AMINE_METABOLIC_PROCESS	GOBP_AMINE_METABOLIC_PROCESS		111	0.41990313	1.3534529	0.045813587	0.24348584	1.0	1862	tags=21%, list=10%, signal=23%	
GOBP_I_KAPPAB_PHOSPHORYLATION	GOBP_I_KAPPAB_PHOSPHORYLATION		15	0.60532993	1.3527609	0.12615955	0.24438877	1.0	2188	tags=47%, list=11%, signal=53%	
GOBP_TYPE_I_INTERFERON_PRODUCTION	GOBP_TYPE_I_INTERFERON_PRODUCTION		116	0.42044127	1.3523866	0.04379562	0.24476267	1.0	3462	tags=29%, list=18%, signal=35%	
GOBP_REGULATION_OF_CYSTEINE_TYPE_ENDOPEPTIDASE_ACTIVITY_INVOLVED_IN_APOPTOTIC_PROCESS	GOBP_REGULATION_OF_CYSTEINE_TYPE_ENDOPEPTIDASE_ACTIVITY_INVOLVED_IN_APOPTOTIC_PROCESS		152	0.4080462	1.3521454	0.03768116	0.24493547	1.0	2368	tags=22%, list=12%, signal=25%	
GOMF_CYCLASE_REGULATOR_ACTIVITY	GOMF_CYCLASE_REGULATOR_ACTIVITY		15	0.6092879	1.3518099	0.115384616	0.2452308	1.0	2439	tags=27%, list=13%, signal=30%	
GOBP_ENDOLYSOSOMAL_TOLL_LIKE_RECEPTOR_SIGNALING_PATHWAY	GOBP_ENDOLYSOSOMAL_TOLL_LIKE_RECEPTOR_SIGNALING_PATHWAY		50	0.47777808	1.3513732	0.08401977	0.24563791	1.0	3384	tags=44%, list=17%, signal=53%	
GOBP_NEGATIVE_REGULATION_OF_CELLULAR_RESPONSE_TO_GROWTH_FACTOR_STIMULUS	GOBP_NEGATIVE_REGULATION_OF_CELLULAR_RESPONSE_TO_GROWTH_FACTOR_STIMULUS		98	0.4294793	1.3508221	0.0474732	0.24624494	1.0	1335	tags=17%, list=7%, signal=19%	
GOBP_NEGATIVE_REGULATION_OF_INTERLEUKIN_1_PRODUCTION	GOBP_NEGATIVE_REGULATION_OF_INTERLEUKIN_1_PRODUCTION		34	0.5196851	1.3507255	0.09187279	0.24615972	1.0	2618	tags=44%, list=13%, signal=51%	
GOBP_POSITIVE_REGULATION_OF_CYTOSKELETON_ORGANIZATION	GOBP_POSITIVE_REGULATION_OF_CYTOSKELETON_ORGANIZATION		174	0.39980444	1.3502634	0.04005525	0.24664107	1.0	2837	tags=26%, list=15%, signal=31%	
GOBP_POSITIVE_REGULATION_OF_HUMORAL_IMMUNE_RESPONSE	GOBP_POSITIVE_REGULATION_OF_HUMORAL_IMMUNE_RESPONSE		20	0.5640336	1.3496395	0.12765957	0.2474153	1.0	2796	tags=55%, list=14%, signal=64%	
GOBP_SEROTONIN_TRANSPORT	GOBP_SEROTONIN_TRANSPORT		22	0.56139	1.3493044	0.11559633	0.24771439	1.0	1591	tags=27%, list=8%, signal=30%	
GOBP_RESPONSE_TO_ETHANOL	GOBP_RESPONSE_TO_ETHANOL		122	0.41603485	1.3491908	0.044927537	0.247647	1.0	2264	tags=20%, list=12%, signal=23%	
GOMF_BIOACTIVE_LIPID_RECEPTOR_ACTIVITY	GOMF_BIOACTIVE_LIPID_RECEPTOR_ACTIVITY		16	0.5981356	1.3491061	0.14869888	0.2475603	1.0	1344	tags=25%, list=7%, signal=27%	
GOMF_TRANSMEMBRANE_RECEPTOR_PROTEIN_TYROSINE_KINASE_ACTIVATOR_ACTIVITY	GOMF_TRANSMEMBRANE_RECEPTOR_PROTEIN_TYROSINE_KINASE_ACTIVATOR_ACTIVITY		15	0.59724665	1.3486493	0.15697674	0.24809445	1.0	1623	tags=20%, list=8%, signal=22%	
GOBP_NEGATIVE_REGULATION_OF_NF_KAPPAB_TRANSCRIPTION_FACTOR_ACTIVITY	GOBP_NEGATIVE_REGULATION_OF_NF_KAPPAB_TRANSCRIPTION_FACTOR_ACTIVITY		72	0.44746983	1.3483263	0.07272727	0.24837638	1.0	3239	tags=32%, list=17%, signal=38%	
GOBP_POSTSYNAPTIC_DENSITY_ASSEMBLY	GOBP_POSTSYNAPTIC_DENSITY_ASSEMBLY		22	0.55563164	1.3480221	0.11392405	0.24863225	1.0	1628	tags=23%, list=8%, signal=25%	
GOBP_CENTRAL_NERVOUS_SYSTEM_PROJECTION_NEURON_AXONOGENESIS	GOBP_CENTRAL_NERVOUS_SYSTEM_PROJECTION_NEURON_AXONOGENESIS		28	0.5321791	1.347727	0.10314685	0.24887368	1.0	4073	tags=50%, list=21%, signal=63%	
GOBP_POSITIVE_REGULATION_OF_TRANSFERASE_ACTIVITY	GOBP_POSITIVE_REGULATION_OF_TRANSFERASE_ACTIVITY		346	0.37446532	1.347489	0.00996264	0.24900378	1.0	2955	tags=26%, list=15%, signal=30%	
GOBP_ACROSOME_REACTION	GOBP_ACROSOME_REACTION		38	0.49265885	1.3468673	0.09075342	0.24974903	1.0	1858	tags=18%, list=10%, signal=20%	
GOBP_INTERFERON_MEDIATED_SIGNALING_PATHWAY	GOBP_INTERFERON_MEDIATED_SIGNALING_PATHWAY		103	0.42383885	1.3468236	0.04427481	0.24959008	1.0	3204	tags=23%, list=16%, signal=28%	
GOBP_REGULATION_OF_TISSUE_REMODELING	GOBP_REGULATION_OF_TISSUE_REMODELING		74	0.44883594	1.3467844	0.0592	0.2494147	1.0	2275	tags=23%, list=12%, signal=26%	
GOBP_CELLULAR_RESPONSE_TO_INTERFERON_BETA	GOBP_CELLULAR_RESPONSE_TO_INTERFERON_BETA		23	0.55825335	1.3463162	0.11296296	0.24995245	1.0	3154	tags=39%, list=16%, signal=47%	
GOBP_REGULATION_OF_PROTEIN_SERINE_THREONINE_KINASE_ACTIVITY	GOBP_REGULATION_OF_PROTEIN_SERINE_THREONINE_KINASE_ACTIVITY		242	0.38452503	1.3462951	0.018691588	0.2497398	1.0	3281	tags=27%, list=17%, signal=32%	
GOBP_ACTIN_FILAMENT_SEVERING	GOBP_ACTIN_FILAMENT_SEVERING		16	0.5996738	1.3459655	0.12707183	0.2500272	1.0	4444	tags=63%, list=23%, signal=81%	
GOBP_REGULATION_OF_NEURON_PROJECTION_DEVELOPMENT	GOBP_REGULATION_OF_NEURON_PROJECTION_DEVELOPMENT		415	0.3689359	1.3456454	0.0049566296	0.25027674	1.0	2976	tags=23%, list=15%, signal=27%	
GOBP_NEGATIVE_REGULATION_OF_GLIAL_CELL_PROLIFERATION	GOBP_NEGATIVE_REGULATION_OF_GLIAL_CELL_PROLIFERATION		16	0.6019615	1.345486	0.10557769	0.2502959	1.0	1843	tags=19%, list=9%, signal=21%	
GOBP_MUSCLE_ORGAN_DEVELOPMENT	GOBP_MUSCLE_ORGAN_DEVELOPMENT		336	0.37001482	1.34547	0.015132409	0.25007966	1.0	3095	tags=26%, list=16%, signal=31%	
GOBP_RESPONSE_TO_PEPTIDE_HORMONE	GOBP_RESPONSE_TO_PEPTIDE_HORMONE		421	0.36584258	1.3450116	0.0036540804	0.25056043	1.0	2231	tags=18%, list=11%, signal=20%	
GOBP_NEGATIVE_REGULATION_OF_INTERLEUKIN_1_BETA_PRODUCTION	GOBP_NEGATIVE_REGULATION_OF_INTERLEUKIN_1_BETA_PRODUCTION		28	0.53149587	1.344598	0.12195122	0.25100818	1.0	2618	tags=46%, list=13%, signal=54%	
GOMF_CALCIUM_CHANNEL_REGULATOR_ACTIVITY	GOMF_CALCIUM_CHANNEL_REGULATOR_ACTIVITY		47	0.48541987	1.344535	0.08603896	0.25085497	1.0	911	tags=13%, list=5%, signal=13%	
GOBP_RESPONSE_TO_ZINC_ION	GOBP_RESPONSE_TO_ZINC_ION		48	0.47633666	1.3441411	0.08768971	0.25123003	1.0	1864	tags=27%, list=10%, signal=30%	
GOBP_POSITIVE_REGULATION_OF_REACTIVE_OXYGEN_SPECIES_METABOLIC_PROCESS	GOBP_POSITIVE_REGULATION_OF_REACTIVE_OXYGEN_SPECIES_METABOLIC_PROCESS		66	0.4540761	1.3438929	0.08	0.2513615	1.0	2387	tags=30%, list=12%, signal=34%	
GOBP_NEGATIVE_REGULATION_OF_CHEMOTAXIS	GOBP_NEGATIVE_REGULATION_OF_CHEMOTAXIS		43	0.48981512	1.343885	0.08135593	0.25113103	1.0	2308	tags=42%, list=12%, signal=47%	
GOBP_POSTSYNAPTIC_SPECIALIZATION_ASSEMBLY	GOBP_POSTSYNAPTIC_SPECIALIZATION_ASSEMBLY		28	0.52744305	1.3437368	0.10442478	0.2511209	1.0	1628	tags=18%, list=8%, signal=19%	
GOMF_EXOPEPTIDASE_ACTIVITY	GOMF_EXOPEPTIDASE_ACTIVITY		96	0.4292371	1.3427582	0.039097745	0.25249285	1.0	2798	tags=26%, list=14%, signal=30%	
GOMF_HYDRO_LYASE_ACTIVITY	GOMF_HYDRO_LYASE_ACTIVITY		56	0.45943645	1.34274	0.05794702	0.25228807	1.0	3121	tags=30%, list=16%, signal=36%	
GOBP_CELL_MATURATION	GOBP_CELL_MATURATION		190	0.39499485	1.3427284	0.025210084	0.25205854	1.0	3909	tags=31%, list=20%, signal=38%	
GOBP_REGULATION_OF_CARTILAGE_DEVELOPMENT	GOBP_REGULATION_OF_CARTILAGE_DEVELOPMENT		63	0.45256716	1.342482	0.073954985	0.25219893	1.0	1829	tags=19%, list=9%, signal=21%	
GOBP_REGULATION_OF_T_HELPER_17_CELL_DIFFERENTIATION	GOBP_REGULATION_OF_T_HELPER_17_CELL_DIFFERENTIATION		23	0.55357295	1.3424025	0.12093863	0.25207898	1.0	467	tags=9%, list=2%, signal=9%	
GOMF_RACEMASE_AND_EPIMERASE_ACTIVITY	GOMF_RACEMASE_AND_EPIMERASE_ACTIVITY		16	0.5896185	1.3419592	0.13370998	0.25256246	1.0	3179	tags=50%, list=16%, signal=60%	
GOBP_MEMBRANE_REPOLARIZATION_DURING_ACTION_POTENTIAL	GOBP_MEMBRANE_REPOLARIZATION_DURING_ACTION_POTENTIAL		28	0.5210002	1.3413472	0.12280702	0.25327268	1.0	3260	tags=32%, list=17%, signal=39%	
GOMF_TRANSFORMING_GROWTH_FACTOR_BETA_BINDING	GOMF_TRANSFORMING_GROWTH_FACTOR_BETA_BINDING		24	0.54828215	1.3411307	0.1023766	0.25337607	1.0	3186	tags=54%, list=16%, signal=65%	
GOBP_REGULATION_OF_PHOSPHOLIPASE_ACTIVITY	GOBP_REGULATION_OF_PHOSPHOLIPASE_ACTIVITY		48	0.48434106	1.3408064	0.08768971	0.25366485	1.0	2955	tags=31%, list=15%, signal=37%	
GOBP_REGULATION_OF_RECEPTOR_LOCALIZATION_TO_SYNAPSE	GOBP_REGULATION_OF_RECEPTOR_LOCALIZATION_TO_SYNAPSE		20	0.5723168	1.3403006	0.11171171	0.25426897	1.0	2976	tags=40%, list=15%, signal=47%	
GOBP_NEGATIVE_REGULATION_OF_GLIAL_CELL_DIFFERENTIATION	GOBP_NEGATIVE_REGULATION_OF_GLIAL_CELL_DIFFERENTIATION		25	0.5398257	1.339501	0.1122449	0.25524795	1.0	2556	tags=16%, list=13%, signal=18%	
GOBP_NEGATIVE_REGULATION_OF_CD4_POSITIVE_ALPHA_BETA_T_CELL_DIFFERENTIATION	GOBP_NEGATIVE_REGULATION_OF_CD4_POSITIVE_ALPHA_BETA_T_CELL_DIFFERENTIATION		21	0.5542276	1.3390436	0.125	0.2557512	1.0	845	tags=14%, list=4%, signal=15%	
GOMF_DISULFIDE_OXIDOREDUCTASE_ACTIVITY	GOMF_DISULFIDE_OXIDOREDUCTASE_ACTIVITY		39	0.49556684	1.3381635	0.11744387	0.25692254	1.0	1277	tags=13%, list=7%, signal=14%	
GOBP_DETECTION_OF_MECHANICAL_STIMULUS_INVOLVED_IN_SENSORY_PERCEPTION	GOBP_DETECTION_OF_MECHANICAL_STIMULUS_INVOLVED_IN_SENSORY_PERCEPTION		34	0.5123834	1.3371861	0.10963455	0.2582421	1.0	3040	tags=38%, list=16%, signal=45%	
GOBP_REGULATION_OF_NON_CANONICAL_NF_KAPPAB_SIGNAL_TRANSDUCTION	GOBP_REGULATION_OF_NON_CANONICAL_NF_KAPPAB_SIGNAL_TRANSDUCTION		92	0.4207975	1.3366534	0.058064517	0.2588877	1.0	2889	tags=29%, list=15%, signal=34%	
GOBP_DECIDUALIZATION	GOBP_DECIDUALIZATION		25	0.540166	1.3364038	0.1133829	0.25903836	1.0	3315	tags=40%, list=17%, signal=48%	
GOBP_REGULATION_OF_MIRNA_TRANSCRIPTION	GOBP_REGULATION_OF_MIRNA_TRANSCRIPTION		73	0.44547948	1.3363962	0.08006279	0.25880837	1.0	787	tags=14%, list=4%, signal=14%	
GOBP_REGULATION_OF_AXONOGENESIS	GOBP_REGULATION_OF_AXONOGENESIS		140	0.41065633	1.3361079	0.03735632	0.25903782	1.0	1692	tags=16%, list=9%, signal=18%	
GOBP_POSITIVE_REGULATION_OF_CD4_POSITIVE_ALPHA_BETA_T_CELL_DIFFERENTIATION	GOBP_POSITIVE_REGULATION_OF_CD4_POSITIVE_ALPHA_BETA_T_CELL_DIFFERENTIATION		37	0.49885982	1.3359538	0.12020906	0.25903213	1.0	2553	tags=32%, list=13%, signal=37%	
GOBP_RESPONSE_TO_VIRUS	GOBP_RESPONSE_TO_VIRUS		384	0.36805615	1.3356822	0.00996264	0.25924504	1.0	3393	tags=28%, list=17%, signal=33%	
GOBP_NEGATIVE_REGULATION_OF_TYPE_I_INTERFERON_MEDIATED_SIGNALING_PATHWAY	GOBP_NEGATIVE_REGULATION_OF_TYPE_I_INTERFERON_MEDIATED_SIGNALING_PATHWAY		22	0.55651903	1.3356124	0.14498141	0.25912768	1.0	0	tags=5%, list=0%, signal=5%	
GOBP_STRIATED_MUSCLE_ADAPTATION	GOBP_STRIATED_MUSCLE_ADAPTATION		45	0.4824721	1.3352394	0.093639575	0.25951087	1.0	4259	tags=36%, list=22%, signal=45%	
GOBP_REGULATION_OF_OSTEOBLAST_PROLIFERATION	GOBP_REGULATION_OF_OSTEOBLAST_PROLIFERATION		26	0.52295023	1.335225	0.11806798	0.25929302	1.0	1623	tags=31%, list=8%, signal=34%	
GOBP_NERVE_DEVELOPMENT	GOBP_NERVE_DEVELOPMENT		94	0.42776972	1.3349254	0.055727553	0.25956485	1.0	1891	tags=17%, list=10%, signal=19%	
GOBP_TYPE_II_INTERFERON_MEDIATED_SIGNALING_PATHWAY	GOBP_TYPE_II_INTERFERON_MEDIATED_SIGNALING_PATHWAY		25	0.5387333	1.3347636	0.11904762	0.2596036	1.0	1959	tags=28%, list=10%, signal=31%	
GOBP_BONE_MATURATION	GOBP_BONE_MATURATION		25	0.532415	1.3342667	0.115658365	0.2601846	1.0	777	tags=20%, list=4%, signal=21%	
GOBP_NEGATIVE_REGULATION_OF_INNATE_IMMUNE_RESPONSE	GOBP_NEGATIVE_REGULATION_OF_INNATE_IMMUNE_RESPONSE		86	0.44028232	1.3340466	0.06666667	0.26031417	1.0	4320	tags=38%, list=22%, signal=49%	
GOBP_EPITHELIAL_CELL_APOPTOTIC_PROCESS	GOBP_EPITHELIAL_CELL_APOPTOTIC_PROCESS		133	0.40915343	1.3337268	0.047904193	0.26060045	1.0	2868	tags=27%, list=15%, signal=32%	
GOBP_NON_CANONICAL_NF_KAPPAB_SIGNAL_TRANSDUCTION	GOBP_NON_CANONICAL_NF_KAPPAB_SIGNAL_TRANSDUCTION		118	0.41773018	1.333119	0.058103975	0.2613984	1.0	2556	tags=26%, list=13%, signal=30%	
GOBP_REGULATION_OF_T_CELL_RECEPTOR_SIGNALING_PATHWAY	GOBP_REGULATION_OF_T_CELL_RECEPTOR_SIGNALING_PATHWAY		47	0.48194325	1.3329775	0.09015025	0.26136696	1.0	3239	tags=38%, list=17%, signal=46%	
GOBP_MEMBRANE_INVAGINATION	GOBP_MEMBRANE_INVAGINATION		65	0.4492284	1.3326906	0.093397744	0.26163596	1.0	3144	tags=40%, list=16%, signal=48%	
GOBP_REGULATION_OF_KERATINOCYTE_DIFFERENTIATION	GOBP_REGULATION_OF_KERATINOCYTE_DIFFERENTIATION		34	0.5060088	1.3326439	0.09608541	0.2614661	1.0	2504	tags=32%, list=13%, signal=37%	
GOBP_REGULATION_OF_REGULATORY_NCRNA_PROCESSING	GOBP_REGULATION_OF_REGULATORY_NCRNA_PROCESSING		16	0.5779929	1.3326048	0.13601533	0.261285	1.0	326	tags=13%, list=2%, signal=13%	
GOBP_NEGATIVE_REGULATION_OF_T_CELL_RECEPTOR_SIGNALING_PATHWAY	GOBP_NEGATIVE_REGULATION_OF_T_CELL_RECEPTOR_SIGNALING_PATHWAY		25	0.54395753	1.331914	0.14163822	0.2621933	1.0	3065	tags=40%, list=16%, signal=47%	
GOBP_GRANULOCYTE_DIFFERENTIATION	GOBP_GRANULOCYTE_DIFFERENTIATION		39	0.49459487	1.3318139	0.10598291	0.26213473	1.0	1812	tags=26%, list=9%, signal=28%	
GOBP_RESPONSE_TO_PROSTAGLANDIN	GOBP_RESPONSE_TO_PROSTAGLANDIN		33	0.515032	1.3315144	0.11827957	0.26236886	1.0	2077	tags=27%, list=11%, signal=30%	
GOMF_WIDE_PORE_CHANNEL_ACTIVITY	GOMF_WIDE_PORE_CHANNEL_ACTIVITY		33	0.5040999	1.331377	0.09326425	0.2623655	1.0	1131	tags=18%, list=6%, signal=19%	
GOBP_IMMUNOGLOBULIN_PRODUCTION	GOBP_IMMUNOGLOBULIN_PRODUCTION		101	0.42316028	1.3312038	0.06287425	0.26243243	1.0	2792	tags=27%, list=14%, signal=31%	
GOBP_REGULATION_OF_RELEASE_OF_SEQUESTERED_CALCIUM_ION_INTO_CYTOSOL	GOBP_REGULATION_OF_RELEASE_OF_SEQUESTERED_CALCIUM_ION_INTO_CYTOSOL		78	0.43437248	1.3302854	0.07644306	0.2637904	1.0	3874	tags=32%, list=20%, signal=40%	
GOBP_POSITIVE_REGULATION_OF_CANONICAL_NF_KAPPAB_SIGNAL_TRANSDUCTION	GOBP_POSITIVE_REGULATION_OF_CANONICAL_NF_KAPPAB_SIGNAL_TRANSDUCTION		209	0.38546312	1.3301245	0.026685392	0.2638158	1.0	2539	tags=22%, list=13%, signal=25%	
GOCC_FILOPODIUM_MEMBRANE	GOCC_FILOPODIUM_MEMBRANE		18	0.56916326	1.3300279	0.14836223	0.26374957	1.0	2800	tags=28%, list=14%, signal=32%	
GOMF_GLUCOSYLTRANSFERASE_ACTIVITY	GOMF_GLUCOSYLTRANSFERASE_ACTIVITY		17	0.573068	1.3299638	0.1414914	0.26361924	1.0	2425	tags=41%, list=12%, signal=47%	
GOMF_PHOSPHOPROTEIN_BINDING	GOMF_PHOSPHOPROTEIN_BINDING		90	0.43024114	1.3292425	0.059435364	0.26453325	1.0	2986	tags=29%, list=15%, signal=34%	
GOBP_OSTEOCLAST_DIFFERENTIATION	GOBP_OSTEOCLAST_DIFFERENTIATION		102	0.41828567	1.3289574	0.061933536	0.26478505	1.0	2585	tags=24%, list=13%, signal=27%	
GOBP_POSITIVE_REGULATION_OF_VASCULAR_PERMEABILITY	GOBP_POSITIVE_REGULATION_OF_VASCULAR_PERMEABILITY		16	0.5748182	1.3288664	0.15530303	0.2646904	1.0	5380	tags=56%, list=28%, signal=78%	
GOBP_REACTIVE_NITROGEN_SPECIES_METABOLIC_PROCESS	GOBP_REACTIVE_NITROGEN_SPECIES_METABOLIC_PROCESS		74	0.43636495	1.3287692	0.07096774	0.26461166	1.0	2156	tags=26%, list=11%, signal=29%	
GOBP_REGULATION_OF_B_CELL_PROLIFERATION	GOBP_REGULATION_OF_B_CELL_PROLIFERATION		64	0.456401	1.3282378	0.07109005	0.26522404	1.0	3095	tags=36%, list=16%, signal=43%	
GOBP_NEGATIVE_REGULATION_OF_CALCIUM_MEDIATED_SIGNALING	GOBP_NEGATIVE_REGULATION_OF_CALCIUM_MEDIATED_SIGNALING		21	0.55455846	1.3276956	0.123844735	0.26587808	1.0	2957	tags=48%, list=15%, signal=56%	
GOBP_MIDDLE_EAR_MORPHOGENESIS	GOBP_MIDDLE_EAR_MORPHOGENESIS		21	0.551749	1.3275056	0.1511194	0.26594535	1.0	3393	tags=33%, list=17%, signal=40%	
GOMF_DEAMINASE_ACTIVITY	GOMF_DEAMINASE_ACTIVITY		32	0.5090027	1.3274075	0.1142355	0.26587695	1.0	3313	tags=22%, list=17%, signal=26%	
GOBP_RAC_PROTEIN_SIGNAL_TRANSDUCTION	GOBP_RAC_PROTEIN_SIGNAL_TRANSDUCTION		44	0.4817249	1.3272275	0.08605852	0.26591864	1.0	3136	tags=30%, list=16%, signal=35%	
GOBP_FIBROBLAST_PROLIFERATION	GOBP_FIBROBLAST_PROLIFERATION		106	0.41871697	1.3271188	0.07373272	0.2658577	1.0	3178	tags=22%, list=16%, signal=26%	
GOBP_MODULATION_BY_SYMBIONT_OF_ENTRY_INTO_HOST	GOBP_MODULATION_BY_SYMBIONT_OF_ENTRY_INTO_HOST		54	0.46113113	1.3260988	0.09353741	0.2672708	1.0	1662	tags=24%, list=9%, signal=26%	
GOCC_BASEMENT_MEMBRANE	GOCC_BASEMENT_MEMBRANE		91	0.4277672	1.3259144	0.07339449	0.26732028	1.0	2372	tags=29%, list=12%, signal=32%	
GOBP_ACTIN_FILAMENT_BUNDLE_ORGANIZATION	GOBP_ACTIN_FILAMENT_BUNDLE_ORGANIZATION		160	0.39938357	1.3257955	0.04373178	0.267282	1.0	2492	tags=27%, list=13%, signal=31%	
GOBP_NEURON_CELLULAR_HOMEOSTASIS	GOBP_NEURON_CELLULAR_HOMEOSTASIS		63	0.45095703	1.3256277	0.09350238	0.26728988	1.0	1334	tags=16%, list=7%, signal=17%	
GOBP_COMPLEMENT_ACTIVATION_ALTERNATIVE_PATHWAY	GOBP_COMPLEMENT_ACTIVATION_ALTERNATIVE_PATHWAY		16	0.58674616	1.3255197	0.13610587	0.26721147	1.0	4338	tags=50%, list=22%, signal=64%	
GOBP_POSITIVE_REGULATION_OF_NEUTROPHIL_MIGRATION	GOBP_POSITIVE_REGULATION_OF_NEUTROPHIL_MIGRATION		32	0.5137616	1.325477	0.1252236	0.26702857	1.0	2853	tags=50%, list=15%, signal=59%	
GOBP_NEURAL_PRECURSOR_CELL_PROLIFERATION	GOBP_NEURAL_PRECURSOR_CELL_PROLIFERATION		164	0.39306155	1.3254043	0.041134752	0.266898	1.0	3380	tags=30%, list=17%, signal=37%	
GOBP_POSITIVE_REGULATION_OF_INFLAMMASOME_MEDIATED_SIGNALING_PATHWAY	GOBP_POSITIVE_REGULATION_OF_INFLAMMASOME_MEDIATED_SIGNALING_PATHWAY		21	0.5644887	1.3252714	0.1294964	0.26688322	1.0	3241	tags=48%, list=17%, signal=57%	
GOBP_REGULATION_OF_ENDOCYTOSIS	GOBP_REGULATION_OF_ENDOCYTOSIS		279	0.37649098	1.3246047	0.022222223	0.26775897	1.0	3136	tags=30%, list=16%, signal=35%	
GOCC_CELL_TRAILING_EDGE	GOCC_CELL_TRAILING_EDGE		15	0.5906193	1.3244324	0.1459854	0.26781794	1.0	3144	tags=60%, list=16%, signal=72%	
GOBP_CELLULAR_RESPONSE_TO_ABIOTIC_STIMULUS	GOBP_CELLULAR_RESPONSE_TO_ABIOTIC_STIMULUS		321	0.36909935	1.3241432	0.01965924	0.268064	1.0	3347	tags=27%, list=17%, signal=33%	
GOMF_HYDROLASE_ACTIVITY_HYDROLYZING_N_GLYCOSYL_COMPOUNDS	GOMF_HYDROLASE_ACTIVITY_HYDROLYZING_N_GLYCOSYL_COMPOUNDS		39	0.48643255	1.3240259	0.09824561	0.26801205	1.0	883	tags=15%, list=5%, signal=16%	
GOBP_MUSCLE_CELL_PROLIFERATION	GOBP_MUSCLE_CELL_PROLIFERATION		194	0.38881826	1.3235509	0.04465494	0.26856822	1.0	2961	tags=23%, list=15%, signal=27%	
GOMF_CYSTEINE_TYPE_ENDOPEPTIDASE_INHIBITOR_ACTIVITY	GOMF_CYSTEINE_TYPE_ENDOPEPTIDASE_INHIBITOR_ACTIVITY		34	0.50780976	1.3234134	0.11355932	0.26855776	1.0	1175	tags=15%, list=6%, signal=16%	
GOBP_NEGATIVE_REGULATION_OF_CYTOKINE_PRODUCTION_INVOLVED_IN_IMMUNE_RESPONSE	GOBP_NEGATIVE_REGULATION_OF_CYTOKINE_PRODUCTION_INVOLVED_IN_IMMUNE_RESPONSE		33	0.49970013	1.3231034	0.10526316	0.26884672	1.0	2549	tags=30%, list=13%, signal=35%	
GOBP_MUSCLE_CELL_DEVELOPMENT	GOBP_MUSCLE_CELL_DEVELOPMENT		190	0.38460624	1.3226656	0.03508772	0.2693471	1.0	2678	tags=24%, list=14%, signal=27%	
GOBP_REGULATION_OF_EXTENT_OF_CELL_GROWTH	GOBP_REGULATION_OF_EXTENT_OF_CELL_GROWTH		94	0.41657662	1.3220849	0.06929134	0.27005997	1.0	1352	tags=13%, list=7%, signal=14%	
GOBP_POSITIVE_REGULATION_OF_CALCIUM_MEDIATED_SIGNALING	GOBP_POSITIVE_REGULATION_OF_CALCIUM_MEDIATED_SIGNALING		53	0.45409313	1.3217014	0.08278146	0.2704544	1.0	3121	tags=34%, list=16%, signal=40%	
GOBP_POSITIVE_REGULATION_OF_GTPASE_ACTIVITY	GOBP_POSITIVE_REGULATION_OF_GTPASE_ACTIVITY		189	0.38960066	1.3215504	0.04519774	0.2704544	1.0	2369	tags=20%, list=12%, signal=23%	
GOMF_METALLOEXOPEPTIDASE_ACTIVITY	GOMF_METALLOEXOPEPTIDASE_ACTIVITY		65	0.44394493	1.3214198	0.07044674	0.27042875	1.0	1697	tags=14%, list=9%, signal=15%	
GOBP_POSITIVE_REGULATION_OF_SECRETION	GOBP_POSITIVE_REGULATION_OF_SECRETION		306	0.37085205	1.3212336	0.018018018	0.27052683	1.0	2205	tags=21%, list=11%, signal=23%	
GOBP_REGULATION_OF_ANATOMICAL_STRUCTURE_SIZE	GOBP_REGULATION_OF_ANATOMICAL_STRUCTURE_SIZE		477	0.35921535	1.3209733	0.004878049	0.27071655	1.0	2929	tags=25%, list=15%, signal=29%	
GOBP_NATURAL_KILLER_CELL_ACTIVATION_INVOLVED_IN_IMMUNE_RESPONSE	GOBP_NATURAL_KILLER_CELL_ACTIVATION_INVOLVED_IN_IMMUNE_RESPONSE		34	0.4933583	1.3205673	0.107334524	0.27123216	1.0	2589	tags=24%, list=13%, signal=27%	
GOBP_POSITIVE_REGULATION_OF_ACTIN_FILAMENT_POLYMERIZATION	GOBP_POSITIVE_REGULATION_OF_ACTIN_FILAMENT_POLYMERIZATION		47	0.4695486	1.3204541	0.09819967	0.27115303	1.0	3686	tags=36%, list=19%, signal=45%	
GOBP_ACTIVATED_T_CELL_PROLIFERATION	GOBP_ACTIVATED_T_CELL_PROLIFERATION		45	0.47330666	1.3199862	0.09566787	0.27169278	1.0	1419	tags=18%, list=7%, signal=19%	
GOBP_REGULATION_OF_CELL_MATURATION	GOBP_REGULATION_OF_CELL_MATURATION		20	0.557283	1.3199604	0.13099632	0.27148822	1.0	898	tags=25%, list=5%, signal=26%	
GOBP_NEGATIVE_REGULATION_OF_NEURON_PROJECTION_DEVELOPMENT	GOBP_NEGATIVE_REGULATION_OF_NEURON_PROJECTION_DEVELOPMENT		119	0.40803313	1.3196381	0.06423358	0.2717663	1.0	1647	tags=19%, list=8%, signal=21%	
GOBP_RESPONSE_TO_METAL_ION	GOBP_RESPONSE_TO_METAL_ION		331	0.36880466	1.3196037	0.012690355	0.27160367	1.0	2840	tags=24%, list=15%, signal=27%	
GOBP_REGULATION_OF_PROTEIN_CONTAINING_COMPLEX_ASSEMBLY	GOBP_REGULATION_OF_PROTEIN_CONTAINING_COMPLEX_ASSEMBLY		390	0.36369848	1.319554	0.017220173	0.2714576	1.0	3698	tags=31%, list=19%, signal=37%	
GOMF_PHOSPHORIC_DIESTER_HYDROLASE_ACTIVITY	GOMF_PHOSPHORIC_DIESTER_HYDROLASE_ACTIVITY		89	0.42884478	1.3194935	0.08179013	0.27131516	1.0	2258	tags=20%, list=12%, signal=23%	
GOBP_CARDIAC_VENTRICLE_MORPHOGENESIS	GOBP_CARDIAC_VENTRICLE_MORPHOGENESIS		70	0.44071564	1.3193381	0.0763116	0.2713319	1.0	3095	tags=36%, list=16%, signal=42%	
GOMF_CALCIUM_DEPENDENT_PROTEIN_BINDING	GOMF_CALCIUM_DEPENDENT_PROTEIN_BINDING		77	0.43760383	1.3189723	0.079872206	0.27170652	1.0	2621	tags=25%, list=13%, signal=28%	
GOBP_REGULATION_OF_INFLAMMASOME_MEDIATED_SIGNALING_PATHWAY	GOBP_REGULATION_OF_INFLAMMASOME_MEDIATED_SIGNALING_PATHWAY		36	0.50117207	1.318029	0.10696095	0.27315897	1.0	2769	tags=33%, list=14%, signal=39%	
GOBP_LYMPHOCYTE_APOPTOTIC_PROCESS	GOBP_LYMPHOCYTE_APOPTOTIC_PROCESS		79	0.43140584	1.3179932	0.08399366	0.2729815	1.0	1433	tags=23%, list=7%, signal=24%	
GOBP_REGULATION_OF_GLIAL_CELL_PROLIFERATION	GOBP_REGULATION_OF_GLIAL_CELL_PROLIFERATION		38	0.48966718	1.3178307	0.12607944	0.27303496	1.0	2227	tags=24%, list=11%, signal=27%	
GOBP_SYNAPTIC_TRANSMISSION_DOPAMINERGIC	GOBP_SYNAPTIC_TRANSMISSION_DOPAMINERGIC		27	0.5271346	1.3171507	0.11439114	0.2740033	1.0	1107	tags=19%, list=6%, signal=20%	
GOBP_POSITIVE_REGULATION_OF_CARBOHYDRATE_METABOLIC_PROCESS	GOBP_POSITIVE_REGULATION_OF_CARBOHYDRATE_METABOLIC_PROCESS		73	0.43335423	1.3169878	0.07692308	0.27399057	1.0	3780	tags=32%, list=19%, signal=39%	
GOBP_BIOLOGICAL_PROCESS_INVOLVED_IN_SYMBIOTIC_INTERACTION	GOBP_BIOLOGICAL_PROCESS_INVOLVED_IN_SYMBIOTIC_INTERACTION		298	0.36813435	1.3159565	0.025132274	0.27551284	1.0	2873	tags=24%, list=15%, signal=28%	
GOBP_RELAXATION_OF_CARDIAC_MUSCLE	GOBP_RELAXATION_OF_CARDIAC_MUSCLE		16	0.58200634	1.3156645	0.13904762	0.27579233	1.0	3527	tags=44%, list=18%, signal=53%	
GOBP_ENERGY_HOMEOSTASIS	GOBP_ENERGY_HOMEOSTASIS		80	0.430319	1.3156638	0.07751938	0.27555028	1.0	3012	tags=33%, list=16%, signal=38%	
GOBP_MYELOID_DENDRITIC_CELL_ACTIVATION	GOBP_MYELOID_DENDRITIC_CELL_ACTIVATION		29	0.5182159	1.3148818	0.12072072	0.27656415	1.0	2842	tags=38%, list=15%, signal=44%	
GOMF_AMIDE_TRANSMEMBRANE_TRANSPORTER_ACTIVITY	GOMF_AMIDE_TRANSMEMBRANE_TRANSPORTER_ACTIVITY		34	0.50859004	1.3142778	0.12588653	0.27737874	1.0	3058	tags=44%, list=16%, signal=52%	
GOBP_POSITIVE_REGULATION_OF_CALCIUM_ION_IMPORT	GOBP_POSITIVE_REGULATION_OF_CALCIUM_ION_IMPORT		25	0.5292062	1.3138973	0.123844735	0.27779335	1.0	2387	tags=24%, list=12%, signal=27%	
GOBP_FIBROBLAST_MIGRATION	GOBP_FIBROBLAST_MIGRATION		50	0.4717811	1.3136318	0.093696766	0.2780048	1.0	3136	tags=34%, list=16%, signal=40%	
GOBP_RESPONSE_TO_ALCOHOL	GOBP_RESPONSE_TO_ALCOHOL		252	0.37641606	1.3129593	0.022576362	0.2789228	1.0	2264	tags=19%, list=12%, signal=22%	
GOBP_INTERFERON_ALPHA_PRODUCTION	GOBP_INTERFERON_ALPHA_PRODUCTION		28	0.51643986	1.3126985	0.12007169	0.27910772	1.0	1684	tags=14%, list=9%, signal=16%	
GOBP_POSITIVE_REGULATION_OF_ACTIVATED_T_CELL_PROLIFERATION	GOBP_POSITIVE_REGULATION_OF_ACTIVATED_T_CELL_PROLIFERATION		25	0.53275186	1.3126106	0.13097346	0.279012	1.0	2553	tags=28%, list=13%, signal=32%	
GOMF_ENDOPEPTIDASE_REGULATOR_ACTIVITY	GOMF_ENDOPEPTIDASE_REGULATOR_ACTIVITY		176	0.38768813	1.3116803	0.04857143	0.28037328	1.0	2293	tags=20%, list=12%, signal=22%	
GOBP_CALCIUM_ION_TRANSMEMBRANE_IMPORT_INTO_CYTOSOL	GOBP_CALCIUM_ION_TRANSMEMBRANE_IMPORT_INTO_CYTOSOL		174	0.3849708	1.3113451	0.04441261	0.28071517	1.0	3771	tags=31%, list=19%, signal=38%	
GOBP_POSITIVE_REGULATION_OF_LAMELLIPODIUM_ASSEMBLY	GOBP_POSITIVE_REGULATION_OF_LAMELLIPODIUM_ASSEMBLY		28	0.5218342	1.3112808	0.12750456	0.2805785	1.0	3592	tags=46%, list=18%, signal=57%	
GOBP_SYNAPTIC_MEMBRANE_ADHESION	GOBP_SYNAPTIC_MEMBRANE_ADHESION		28	0.5210998	1.3109516	0.12006861	0.28084925	1.0	143	tags=11%, list=1%, signal=11%	
GOBP_NEURON_REMODELING	GOBP_NEURON_REMODELING		15	0.58534014	1.3104994	0.1396648	0.28142425	1.0	3010	tags=40%, list=15%, signal=47%	
GOBP_POSITIVE_REGULATION_OF_CELL_SUBSTRATE_ADHESION	GOBP_POSITIVE_REGULATION_OF_CELL_SUBSTRATE_ADHESION		120	0.40509722	1.3103652	0.07210031	0.2814175	1.0	2387	tags=28%, list=12%, signal=32%	
GOBP_OVULATION	GOBP_OVULATION		16	0.58297116	1.3098165	0.1452514	0.28212604	1.0	2241	tags=31%, list=12%, signal=35%	
GOBP_REGULATION_OF_NATURAL_KILLER_CELL_ACTIVATION	GOBP_REGULATION_OF_NATURAL_KILLER_CELL_ACTIVATION		39	0.48446554	1.3097452	0.10990991	0.28201163	1.0	3386	tags=41%, list=17%, signal=50%	
GOBP_RESPONSE_TO_INTERFERON_BETA	GOBP_RESPONSE_TO_INTERFERON_BETA		29	0.51309866	1.3097048	0.12886597	0.28185442	1.0	3154	tags=38%, list=16%, signal=45%	
GOBP_MHC_CLASS_II_BIOSYNTHETIC_PROCESS	GOBP_MHC_CLASS_II_BIOSYNTHETIC_PROCESS		19	0.55747765	1.309561	0.14395393	0.28185216	1.0	5185	tags=47%, list=27%, signal=65%	
GOBP_VASCULAR_ASSOCIATED_SMOOTH_MUSCLE_CELL_PROLIFERATION	GOBP_VASCULAR_ASSOCIATED_SMOOTH_MUSCLE_CELL_PROLIFERATION		58	0.4473669	1.309261	0.09555189	0.28214678	1.0	1502	tags=14%, list=8%, signal=15%	
GOMF_ALPHA_ACTININ_BINDING	GOMF_ALPHA_ACTININ_BINDING		28	0.51869076	1.3086966	0.14524207	0.28287354	1.0	3395	tags=46%, list=17%, signal=56%	
GOBP_HYALURONAN_METABOLIC_PROCESS	GOBP_HYALURONAN_METABOLIC_PROCESS		33	0.5053115	1.3086898	0.12347826	0.2826409	1.0	776	tags=18%, list=4%, signal=19%	
GOBP_CATECHOLAMINE_TRANSPORT	GOBP_CATECHOLAMINE_TRANSPORT		63	0.444506	1.3081299	0.11708861	0.28336298	1.0	2388	tags=21%, list=12%, signal=23%	
GOBP_CELLULAR_RESPONSE_TO_CHEMICAL_STRESS	GOBP_CELLULAR_RESPONSE_TO_CHEMICAL_STRESS		294	0.36678505	1.3078917	0.01965924	0.2835288	1.0	3040	tags=24%, list=16%, signal=28%	
GOMF_OXYGEN_BINDING	GOMF_OXYGEN_BINDING		32	0.500627	1.3078537	0.10845588	0.28335294	1.0	1817	tags=31%, list=9%, signal=34%	
GOBP_REGULATION_OF_CATECHOLAMINE_METABOLIC_PROCESS	GOBP_REGULATION_OF_CATECHOLAMINE_METABOLIC_PROCESS		17	0.57099736	1.3078529	0.13706563	0.28310853	1.0	786	tags=24%, list=4%, signal=25%	
GOBP_POSITIVE_REGULATION_OF_CELLULAR_COMPONENT_BIOGENESIS	GOBP_POSITIVE_REGULATION_OF_CELLULAR_COMPONENT_BIOGENESIS		485	0.35517642	1.3077848	0.012135922	0.2829901	1.0	3610	tags=29%, list=19%, signal=35%	
GOBP_ALPHA_BETA_T_CELL_PROLIFERATION	GOBP_ALPHA_BETA_T_CELL_PROLIFERATION		44	0.4608609	1.3076402	0.12542373	0.2829782	1.0	2833	tags=43%, list=15%, signal=50%	
GOBP_REGULATION_OF_ICOSANOID_SECRETION	GOBP_REGULATION_OF_ICOSANOID_SECRETION		20	0.5567297	1.307619	0.13438736	0.2827695	1.0	656	tags=20%, list=3%, signal=21%	
GOBP_NEGATIVE_REGULATION_OF_INTERLEUKIN_2_PRODUCTION	GOBP_NEGATIVE_REGULATION_OF_INTERLEUKIN_2_PRODUCTION		28	0.513079	1.3076086	0.1349353	0.28254208	1.0	2842	tags=43%, list=15%, signal=50%	
GOBP_COMPLEMENT_ACTIVATION_CLASSICAL_PATHWAY	GOBP_COMPLEMENT_ACTIVATION_CLASSICAL_PATHWAY		31	0.50586236	1.3075119	0.11929824	0.28246787	1.0	3531	tags=42%, list=18%, signal=51%	
GOBP_MUSCLE_ORGAN_MORPHOGENESIS	GOBP_MUSCLE_ORGAN_MORPHOGENESIS		76	0.43557045	1.3074517	0.078461535	0.2823167	1.0	1975	tags=25%, list=10%, signal=28%	
GOBP_REGULATION_OF_BONE_MINERALIZATION	GOBP_REGULATION_OF_BONE_MINERALIZATION		75	0.431991	1.307135	0.09389672	0.2826027	1.0	3095	tags=43%, list=16%, signal=51%	
GOBP_CARDIAC_MUSCLE_CELL_ACTION_POTENTIAL	GOBP_CARDIAC_MUSCLE_CELL_ACTION_POTENTIAL		81	0.42785558	1.3071125	0.073134325	0.28240043	1.0	1136	tags=11%, list=6%, signal=12%	
GOBP_REGULATION_OF_DEFENSE_RESPONSE_TO_VIRUS	GOBP_REGULATION_OF_DEFENSE_RESPONSE_TO_VIRUS		56	0.45133758	1.3069983	0.108333334	0.2823564	1.0	2553	tags=23%, list=13%, signal=27%	
GOBP_RESPONSE_TO_ACIDIC_PH	GOBP_RESPONSE_TO_ACIDIC_PH		25	0.5258229	1.3067913	0.13873874	0.28245357	1.0	1685	tags=28%, list=9%, signal=31%	
GOBP_REGULATION_OF_CELL_SIZE	GOBP_REGULATION_OF_CELL_SIZE		171	0.3878382	1.306353	0.044159543	0.2829797	1.0	3222	tags=27%, list=17%, signal=32%	
GOBP_CORPUS_CALLOSUM_DEVELOPMENT	GOBP_CORPUS_CALLOSUM_DEVELOPMENT		26	0.52140176	1.3060181	0.1299435	0.2833407	1.0	3991	tags=38%, list=21%, signal=48%	
GOBP_EXPLORATION_BEHAVIOR	GOBP_EXPLORATION_BEHAVIOR		31	0.49162573	1.3058908	0.11879433	0.28332484	1.0	840	tags=10%, list=4%, signal=10%	
GOBP_AXONAL_FASCICULATION	GOBP_AXONAL_FASCICULATION		20	0.5440441	1.3058196	0.14311594	0.28319702	1.0	1625	tags=20%, list=8%, signal=22%	
GOBP_INTERLEUKIN_13_PRODUCTION	GOBP_INTERLEUKIN_13_PRODUCTION		21	0.53519475	1.3056282	0.15183246	0.28328973	1.0	1687	tags=29%, list=9%, signal=31%	
GOMF_EXOGENOUS_PROTEIN_BINDING	GOMF_EXOGENOUS_PROTEIN_BINDING		81	0.4218452	1.3054633	0.08137715	0.28336084	1.0	2873	tags=35%, list=15%, signal=40%	
GOBP_EPITHELIAL_CELL_PROLIFERATION	GOBP_EPITHELIAL_CELL_PROLIFERATION		425	0.3572175	1.3046803	0.01867995	0.28445873	1.0	2176	tags=19%, list=11%, signal=20%	
GOBP_FIBROBLAST_GROWTH_FACTOR_RECEPTOR_SIGNALING_PATHWAY	GOBP_FIBROBLAST_GROWTH_FACTOR_RECEPTOR_SIGNALING_PATHWAY		77	0.42959848	1.304209	0.09048362	0.28503016	1.0	1110	tags=13%, list=6%, signal=14%	
GOBP_PHOSPHATE_ION_HOMEOSTASIS	GOBP_PHOSPHATE_ION_HOMEOSTASIS		19	0.55307096	1.3041936	0.15749526	0.28481483	1.0	1347	tags=16%, list=7%, signal=17%	
GOBP_MONOSACCHARIDE_TRANSMEMBRANE_TRANSPORT	GOBP_MONOSACCHARIDE_TRANSMEMBRANE_TRANSPORT		115	0.405526	1.3034593	0.06697108	0.2858378	1.0	2900	tags=23%, list=15%, signal=26%	
GOBP_REGULATION_OF_DEFENSE_RESPONSE_TO_VIRUS_BY_HOST	GOBP_REGULATION_OF_DEFENSE_RESPONSE_TO_VIRUS_BY_HOST		38	0.48282638	1.3033799	0.1394148	0.28571633	1.0	2553	tags=26%, list=13%, signal=30%	
GOCC_ENDOCYTIC_VESICLE_MEMBRANE	GOCC_ENDOCYTIC_VESICLE_MEMBRANE		197	0.37660906	1.303016	0.04229195	0.28611246	1.0	2072	tags=22%, list=11%, signal=24%	
GOBP_CEREBELLAR_CORTEX_MORPHOGENESIS	GOBP_CEREBELLAR_CORTEX_MORPHOGENESIS		35	0.48179647	1.3030002	0.09222423	0.28590026	1.0	1605	tags=23%, list=8%, signal=25%	
GOBP_MICROVILLUS_ASSEMBLY	GOBP_MICROVILLUS_ASSEMBLY		20	0.5501863	1.3028568	0.13843352	0.28590918	1.0	3802	tags=65%, list=20%, signal=81%	
GOBP_POSITIVE_REGULATION_OF_CELL_GROWTH	GOBP_POSITIVE_REGULATION_OF_CELL_GROWTH		147	0.39210573	1.3026894	0.06423358	0.28594857	1.0	1782	tags=13%, list=9%, signal=14%	
GOBP_PROSTAGLANDIN_SECRETION	GOBP_PROSTAGLANDIN_SECRETION		17	0.5776846	1.3024833	0.17059891	0.2860918	1.0	777	tags=29%, list=4%, signal=31%	
GOBP_REGULATION_OF_RESPONSE_TO_CYTOKINE_STIMULUS	GOBP_REGULATION_OF_RESPONSE_TO_CYTOKINE_STIMULUS		163	0.38944843	1.3021215	0.055325035	0.28644922	1.0	3029	tags=27%, list=16%, signal=32%	
GOCC_PERINUCLEAR_ENDOPLASMIC_RETICULUM	GOCC_PERINUCLEAR_ENDOPLASMIC_RETICULUM		21	0.5536571	1.3018053	0.15140186	0.28676343	1.0	2457	tags=29%, list=13%, signal=33%	
GOBP_FORMATION_OF_PRIMARY_GERM_LAYER	GOBP_FORMATION_OF_PRIMARY_GERM_LAYER		121	0.39893156	1.301788	0.07522124	0.28654504	1.0	2969	tags=28%, list=15%, signal=33%	
GOBP_NEURAL_CREST_FORMATION	GOBP_NEURAL_CREST_FORMATION		15	0.58858925	1.3016262	0.18323587	0.2865973	1.0	20	tags=7%, list=0%, signal=7%	
GOBP_REGULATION_OF_IMMUNOGLOBULIN_PRODUCTION	GOBP_REGULATION_OF_IMMUNOGLOBULIN_PRODUCTION		71	0.43540546	1.3013241	0.08412699	0.2869005	1.0	2792	tags=30%, list=14%, signal=34%	
GOBP_MUSCLE_ADAPTATION	GOBP_MUSCLE_ADAPTATION		100	0.4120847	1.3013026	0.077151336	0.28670052	1.0	2020	tags=19%, list=10%, signal=21%	
GOBP_CARBOHYDRATE_TRANSPORT	GOBP_CARBOHYDRATE_TRANSPORT		131	0.3987005	1.3007219	0.068759345	0.2874087	1.0	2900	tags=22%, list=15%, signal=26%	
GOBP_GLIAL_CELL_PROLIFERATION	GOBP_GLIAL_CELL_PROLIFERATION		54	0.4542758	1.3005793	0.119868636	0.28743377	1.0	4073	tags=41%, list=21%, signal=51%	
GOBP_REGULATION_OF_MAP_KINASE_ACTIVITY	GOBP_REGULATION_OF_MAP_KINASE_ACTIVITY		126	0.3996016	1.300321	0.06837607	0.2876335	1.0	2955	tags=26%, list=15%, signal=31%	
GOBP_RESPONSE_TO_X_RAY	GOBP_RESPONSE_TO_X_RAY		26	0.53012186	1.3000181	0.14464286	0.28792813	1.0	135	tags=8%, list=1%, signal=8%	
GOBP_POSITIVE_REGULATION_OF_PROTEIN_POLYUBIQUITINATION	GOBP_POSITIVE_REGULATION_OF_PROTEIN_POLYUBIQUITINATION		15	0.5772857	1.2994552	0.17439704	0.28869322	1.0	3241	tags=40%, list=17%, signal=48%	
GOBP_REGULATION_OF_T_CELL_APOPTOTIC_PROCESS	GOBP_REGULATION_OF_T_CELL_APOPTOTIC_PROCESS		40	0.4731908	1.2994214	0.13965517	0.28850284	1.0	1937	tags=35%, list=10%, signal=39%	
GOBP_MORPHOGENESIS_OF_AN_EPITHELIUM	GOBP_MORPHOGENESIS_OF_AN_EPITHELIUM		486	0.3532598	1.2992722	0.0107015455	0.2885169	1.0	2546	tags=20%, list=13%, signal=22%	
GOBP_CYTOPLASMIC_PATTERN_RECOGNITION_RECEPTOR_SIGNALING_PATHWAY	GOBP_CYTOPLASMIC_PATTERN_RECOGNITION_RECEPTOR_SIGNALING_PATHWAY		159	0.3911953	1.2988179	0.05738881	0.28910726	1.0	3457	tags=31%, list=18%, signal=38%	
GOCC_AZUROPHIL_GRANULE_MEMBRANE	GOCC_AZUROPHIL_GRANULE_MEMBRANE		56	0.4496539	1.2984087	0.11620294	0.2896159	1.0	3287	tags=32%, list=17%, signal=39%	
GOBP_REGULATION_OF_SMAD_PROTEIN_SIGNAL_TRANSDUCTION	GOBP_REGULATION_OF_SMAD_PROTEIN_SIGNAL_TRANSDUCTION		59	0.44227454	1.2983971	0.11456628	0.2894	1.0	2542	tags=25%, list=13%, signal=29%	
GOMF_PROTEIN_KINASE_A_BINDING	GOMF_PROTEIN_KINASE_A_BINDING		53	0.44539005	1.2982968	0.11486486	0.28934652	1.0	2485	tags=25%, list=13%, signal=28%	
GOBP_ICOSANOID_TRANSPORT	GOBP_ICOSANOID_TRANSPORT		60	0.44443026	1.2982041	0.08885299	0.28925735	1.0	777	tags=13%, list=4%, signal=14%	
GOBP_MATERNAL_PLACENTA_DEVELOPMENT	GOBP_MATERNAL_PLACENTA_DEVELOPMENT		35	0.49752653	1.2974334	0.14139694	0.29035515	1.0	3315	tags=37%, list=17%, signal=45%	
GOBP_LIPID_EXPORT_FROM_CELL	GOBP_LIPID_EXPORT_FROM_CELL		47	0.45362592	1.2965986	0.1266892	0.29157415	1.0	857	tags=23%, list=4%, signal=24%	
GOBP_REGULATION_OF_TRANSMEMBRANE_RECEPTOR_PROTEIN_SERINE_THREONINE_KINASE_SIGNALING_PATHWAY	GOBP_REGULATION_OF_TRANSMEMBRANE_RECEPTOR_PROTEIN_SERINE_THREONINE_KINASE_SIGNALING_PATHWAY		250	0.37095508	1.295648	0.03285151	0.29297873	1.0	3067	tags=26%, list=16%, signal=30%	
GOBP_SYMBIONT_ENTRY_INTO_HOST	GOBP_SYMBIONT_ENTRY_INTO_HOST		159	0.38666302	1.2954209	0.06530612	0.2931279	1.0	2873	tags=30%, list=15%, signal=35%	
GOBP_RESPONSE_TO_VITAMIN_A	GOBP_RESPONSE_TO_VITAMIN_A		15	0.58985406	1.2952828	0.15039062	0.2931511	1.0	3535	tags=33%, list=18%, signal=41%	
GOBP_REGULATION_OF_DEVELOPMENTAL_GROWTH	GOBP_REGULATION_OF_DEVELOPMENTAL_GROWTH		293	0.364406	1.2951756	0.03889586	0.29310694	1.0	2961	tags=22%, list=15%, signal=25%	
GOMF_MODIFIED_AMINO_ACID_BINDING	GOMF_MODIFIED_AMINO_ACID_BINDING		94	0.41404656	1.294975	0.07633588	0.2932061	1.0	2828	tags=23%, list=15%, signal=27%	
GOBP_MORPHOGENESIS_OF_EMBRYONIC_EPITHELIUM	GOBP_MORPHOGENESIS_OF_EMBRYONIC_EPITHELIUM		146	0.38878083	1.2949198	0.06110283	0.29305336	1.0	1712	tags=16%, list=9%, signal=17%	
GOBP_REGULATION_OF_GRANULOCYTE_DIFFERENTIATION	GOBP_REGULATION_OF_GRANULOCYTE_DIFFERENTIATION		15	0.58403105	1.2945324	0.16007194	0.293472	1.0	1728	tags=33%, list=9%, signal=37%	
GOBP_RESPONSE_TO_STEROID_HORMONE	GOBP_RESPONSE_TO_STEROID_HORMONE		331	0.3642324	1.2931643	0.026819924	0.29571083	1.0	2208	tags=19%, list=11%, signal=21%	
GOMF_BASIC_AMINO_ACID_TRANSMEMBRANE_TRANSPORTER_ACTIVITY	GOMF_BASIC_AMINO_ACID_TRANSMEMBRANE_TRANSPORTER_ACTIVITY		17	0.567196	1.2929187	0.16996047	0.2959356	1.0	2254	tags=41%, list=12%, signal=47%	
GOBP_REGULATION_OF_REACTIVE_OXYGEN_SPECIES_METABOLIC_PROCESS	GOBP_REGULATION_OF_REACTIVE_OXYGEN_SPECIES_METABOLIC_PROCESS		134	0.3946113	1.2924057	0.042459738	0.29664716	1.0	2736	tags=28%, list=14%, signal=32%	
GOBP_REGULATION_OF_SYNAPTIC_PLASTICITY	GOBP_REGULATION_OF_SYNAPTIC_PLASTICITY		198	0.38061187	1.292366	0.05179856	0.29645905	1.0	2208	tags=17%, list=11%, signal=19%	
GOBP_DEVELOPMENTAL_MATURATION	GOBP_DEVELOPMENTAL_MATURATION		319	0.36404303	1.2919575	0.02739726	0.29696798	1.0	3019	tags=23%, list=16%, signal=27%	
GOBP_REGULATION_OF_MEMBRANE_REPOLARIZATION	GOBP_REGULATION_OF_MEMBRANE_REPOLARIZATION		35	0.48289752	1.2918234	0.12847222	0.29693782	1.0	3306	tags=31%, list=17%, signal=38%	
GOBP_REGULATION_OF_PROTEIN_MATURATION	GOBP_REGULATION_OF_PROTEIN_MATURATION		67	0.43254453	1.2915875	0.1184	0.29716155	1.0	3765	tags=34%, list=19%, signal=42%	
GOBP_NUCLEOTIDE_BINDING_DOMAIN_LEUCINE_RICH_REPEAT_CONTAINING_RECEPTOR_SIGNALING_PATHWAY	GOBP_NUCLEOTIDE_BINDING_DOMAIN_LEUCINE_RICH_REPEAT_CONTAINING_RECEPTOR_SIGNALING_PATHWAY		27	0.5167173	1.2912086	0.15051903	0.2975776	1.0	3457	tags=37%, list=18%, signal=45%	
GOBP_REGULATION_OF_TOLL_LIKE_RECEPTOR_SIGNALING_PATHWAY	GOBP_REGULATION_OF_TOLL_LIKE_RECEPTOR_SIGNALING_PATHWAY		31	0.4982557	1.2908609	0.12847222	0.29795793	1.0	2833	tags=35%, list=15%, signal=41%	
GOBP_PYRIDINE_CONTAINING_COMPOUND_CATABOLIC_PROCESS	GOBP_PYRIDINE_CONTAINING_COMPOUND_CATABOLIC_PROCESS		98	0.4040218	1.2903026	0.08419498	0.29865605	1.0	4068	tags=41%, list=21%, signal=51%	
GOBP_MOLTING_CYCLE_PROCESS	GOBP_MOLTING_CYCLE_PROCESS		96	0.4128622	1.29005	0.09309791	0.29888865	1.0	2334	tags=21%, list=12%, signal=24%	
GOBP_MACROPHAGE_DIFFERENTIATION	GOBP_MACROPHAGE_DIFFERENTIATION		61	0.4354632	1.2899497	0.120338984	0.29882956	1.0	1841	tags=23%, list=9%, signal=25%	
GOBP_AMINOGLYCAN_CATABOLIC_PROCESS	GOBP_AMINOGLYCAN_CATABOLIC_PROCESS		32	0.490204	1.2899297	0.14113598	0.29862368	1.0	2126	tags=25%, list=11%, signal=28%	
GOBP_LIPOPROTEIN_CATABOLIC_PROCESS	GOBP_LIPOPROTEIN_CATABOLIC_PROCESS		15	0.58129483	1.2897985	0.18113208	0.29858875	1.0	3254	tags=33%, list=17%, signal=40%	
GOBP_NEGATIVE_REGULATION_OF_NON_CANONICAL_NF_KAPPAB_SIGNAL_TRANSDUCTION	GOBP_NEGATIVE_REGULATION_OF_NON_CANONICAL_NF_KAPPAB_SIGNAL_TRANSDUCTION		26	0.526155	1.2897725	0.15157117	0.29839572	1.0	3241	tags=42%, list=17%, signal=51%	
GOMF_G_PROTEIN_COUPLED_RECEPTOR_BINDING	GOMF_G_PROTEIN_COUPLED_RECEPTOR_BINDING		265	0.36706164	1.2892959	0.029139074	0.2989955	1.0	2435	tags=20%, list=13%, signal=23%	
GOBP_GLIAL_CELL_DEVELOPMENT	GOBP_GLIAL_CELL_DEVELOPMENT		126	0.39773983	1.2890714	0.07943925	0.29916847	1.0	2348	tags=21%, list=12%, signal=24%	
GOBP_ASSOCIATIVE_LEARNING	GOBP_ASSOCIATIVE_LEARNING		85	0.4238286	1.2889633	0.10518292	0.29911494	1.0	3005	tags=22%, list=15%, signal=26%	
GOBP_CARBOHYDRATE_DERIVATIVE_CATABOLIC_PROCESS	GOBP_CARBOHYDRATE_DERIVATIVE_CATABOLIC_PROCESS		264	0.36737964	1.2888173	0.043708608	0.29912937	1.0	3074	tags=23%, list=16%, signal=28%	
GOBP_WHITE_FAT_CELL_DIFFERENTIATION	GOBP_WHITE_FAT_CELL_DIFFERENTIATION		15	0.5808008	1.2886696	0.17115384	0.29914907	1.0	2827	tags=40%, list=15%, signal=47%	
GOBP_REGULATION_OF_MUSCLE_ADAPTATION	GOBP_REGULATION_OF_MUSCLE_ADAPTATION		75	0.42765656	1.2881132	0.09223301	0.29985207	1.0	2020	tags=20%, list=10%, signal=22%	
GOMF_ANKYRIN_BINDING	GOMF_ANKYRIN_BINDING		19	0.5469034	1.2879707	0.16602316	0.29985788	1.0	3306	tags=42%, list=17%, signal=51%	
GOBP_POSITIVE_REGULATION_OF_B_CELL_DIFFERENTIATION	GOBP_POSITIVE_REGULATION_OF_B_CELL_DIFFERENTIATION		17	0.55773205	1.2878854	0.17137477	0.29976314	1.0	2904	tags=41%, list=15%, signal=48%	
GOMF_GROWTH_FACTOR_RECEPTOR_BINDING	GOMF_GROWTH_FACTOR_RECEPTOR_BINDING		133	0.39702412	1.2874099	0.07544379	0.30035007	1.0	3374	tags=28%, list=17%, signal=33%	
GOBP_RESPONSE_TO_INTERLEUKIN_4	GOBP_RESPONSE_TO_INTERLEUKIN_4		37	0.48068967	1.2868683	0.14991482	0.30104584	1.0	2454	tags=22%, list=13%, signal=25%	
GOBP_GASTRULATION	GOBP_GASTRULATION		188	0.37720597	1.2868268	0.03729282	0.30086395	1.0	2969	tags=24%, list=15%, signal=28%	
GOBP_REGULATION_OF_TRANSMEMBRANE_TRANSPORT	GOBP_REGULATION_OF_TRANSMEMBRANE_TRANSPORT		430	0.3500623	1.2866527	0.01686747	0.30092958	1.0	2945	tags=20%, list=15%, signal=24%	
GOMF_NADPLUS_BINDING	GOMF_NADPLUS_BINDING		18	0.5485267	1.2865413	0.16760829	0.30086634	1.0	10	tags=6%, list=0%, signal=6%	
GOBP_FERTILIZATION	GOBP_FERTILIZATION		190	0.37975767	1.2863652	0.048543688	0.30096978	1.0	3387	tags=23%, list=17%, signal=27%	
GOMF_PHOSPHATIDIC_ACID_BINDING	GOMF_PHOSPHATIDIC_ACID_BINDING		19	0.54607064	1.286135	0.17137477	0.3011581	1.0	4308	tags=47%, list=22%, signal=61%	
GOMF_SODIUM_INDEPENDENT_ORGANIC_ANION_TRANSMEMBRANE_TRANSPORTER_ACTIVITY	GOMF_SODIUM_INDEPENDENT_ORGANIC_ANION_TRANSMEMBRANE_TRANSPORTER_ACTIVITY		16	0.5641452	1.2855142	0.1781076	0.3020696	1.0	2318	tags=31%, list=12%, signal=35%	
GOBP_MUSCLE_CELL_DIFFERENTIATION	GOBP_MUSCLE_CELL_DIFFERENTIATION		383	0.35827214	1.2854252	0.023427866	0.3019819	1.0	3389	tags=28%, list=17%, signal=33%	
GOBP_PHAGOCYTOSIS_RECOGNITION	GOBP_PHAGOCYTOSIS_RECOGNITION		29	0.50265616	1.2847596	0.15	0.30296144	1.0	1137	tags=31%, list=6%, signal=33%	
GOBP_SINGLE_FERTILIZATION	GOBP_SINGLE_FERTILIZATION		153	0.3833053	1.2846397	0.06231454	0.3029358	1.0	1905	tags=12%, list=10%, signal=14%	
GOBP_NEGATIVE_REGULATION_OF_BMP_SIGNALING_PATHWAY	GOBP_NEGATIVE_REGULATION_OF_BMP_SIGNALING_PATHWAY		53	0.44720662	1.2840118	0.11973018	0.30384356	1.0	2666	tags=26%, list=14%, signal=31%	
GOBP_NEGATIVE_REGULATION_OF_WOUND_HEALING	GOBP_NEGATIVE_REGULATION_OF_WOUND_HEALING		69	0.43022117	1.2826872	0.114832535	0.3059741	1.0	1940	tags=26%, list=10%, signal=29%	
GOBP_PURINE_NUCLEOBASE_METABOLIC_PROCESS	GOBP_PURINE_NUCLEOBASE_METABOLIC_PROCESS		19	0.5420226	1.2825823	0.1765835	0.30591905	1.0	2706	tags=32%, list=14%, signal=37%	
GOBP_POSITIVE_REGULATION_OF_AMYLOID_BETA_FORMATION	GOBP_POSITIVE_REGULATION_OF_AMYLOID_BETA_FORMATION		19	0.54523635	1.2819471	0.18333334	0.30684566	1.0	3188	tags=37%, list=16%, signal=44%	
GOMF_PEPTIDE_HORMONE_RECEPTOR_BINDING	GOMF_PEPTIDE_HORMONE_RECEPTOR_BINDING		20	0.5386437	1.2815756	0.1482821	0.3072735	1.0	1502	tags=15%, list=8%, signal=16%	
GOMF_TETRAPYRROLE_BINDING	GOMF_TETRAPYRROLE_BINDING		143	0.38610563	1.2809904	0.06349207	0.30816427	1.0	1916	tags=20%, list=10%, signal=22%	
GOBP_SKIN_EPIDERMIS_DEVELOPMENT	GOBP_SKIN_EPIDERMIS_DEVELOPMENT		128	0.39143232	1.2797843	0.07561728	0.3101631	1.0	2334	tags=21%, list=12%, signal=24%	
GOCC_AUTOLYSOSOME	GOCC_AUTOLYSOSOME		15	0.5775619	1.2795372	0.17635658	0.310392	1.0	2771	tags=40%, list=14%, signal=47%	
GOMF_G_PROTEIN_COUPLED_SEROTONIN_RECEPTOR_ACTIVITY	GOMF_G_PROTEIN_COUPLED_SEROTONIN_RECEPTOR_ACTIVITY		22	0.52376187	1.2793428	0.16058394	0.31049424	1.0	1501	tags=9%, list=8%, signal=10%	
GOBP_MICROVILLUS_ORGANIZATION	GOBP_MICROVILLUS_ORGANIZATION		27	0.50010896	1.279063	0.15544042	0.31074533	1.0	3802	tags=52%, list=20%, signal=64%	
GOBP_REGULATION_OF_MULTICELLULAR_ORGANISM_GROWTH	GOBP_REGULATION_OF_MULTICELLULAR_ORGANISM_GROWTH		64	0.43291652	1.2787908	0.10903427	0.3109891	1.0	2816	tags=22%, list=14%, signal=25%	
GOBP_NEGATIVE_REGULATION_OF_LEUKOCYTE_CHEMOTAXIS	GOBP_NEGATIVE_REGULATION_OF_LEUKOCYTE_CHEMOTAXIS		19	0.5357073	1.2787341	0.17190388	0.31085047	1.0	2978	tags=53%, list=15%, signal=62%	
GOBP_CORTICAL_ACTIN_CYTOSKELETON_ORGANIZATION	GOBP_CORTICAL_ACTIN_CYTOSKELETON_ORGANIZATION		41	0.468268	1.2783967	0.113274336	0.31122497	1.0	3938	tags=34%, list=20%, signal=43%	
GOBP_RUFFLE_ORGANIZATION	GOBP_RUFFLE_ORGANIZATION		56	0.44509837	1.278376	0.115771815	0.31101477	1.0	3281	tags=38%, list=17%, signal=45%	
GOBP_NEGATIVE_REGULATION_OF_CELL_GROWTH	GOBP_NEGATIVE_REGULATION_OF_CELL_GROWTH		163	0.38331953	1.2777584	0.05602241	0.31193247	1.0	2910	tags=26%, list=15%, signal=30%	
GOBP_NEGATIVE_REGULATION_OF_PROTEIN_CONTAINING_COMPLEX_DISASSEMBLY	GOBP_NEGATIVE_REGULATION_OF_PROTEIN_CONTAINING_COMPLEX_DISASSEMBLY		77	0.42040327	1.2769355	0.109004736	0.31320062	1.0	3779	tags=39%, list=19%, signal=48%	
GOBP_CATECHOLAMINE_UPTAKE	GOBP_CATECHOLAMINE_UPTAKE		17	0.56058097	1.2765878	0.16635859	0.31357238	1.0	992	tags=18%, list=5%, signal=19%	
GOBP_ADENYLATE_CYCLASE_MODULATING_G_PROTEIN_COUPLED_RECEPTOR_SIGNALING_PATHWAY	GOBP_ADENYLATE_CYCLASE_MODULATING_G_PROTEIN_COUPLED_RECEPTOR_SIGNALING_PATHWAY		248	0.36445808	1.2765673	0.051248357	0.31336197	1.0	2077	tags=15%, list=11%, signal=16%	
GOCC_CYTOPLASMIC_SIDE_OF_PLASMA_MEMBRANE	GOCC_CYTOPLASMIC_SIDE_OF_PLASMA_MEMBRANE		158	0.3802665	1.2763691	0.069767445	0.3134747	1.0	3371	tags=32%, list=17%, signal=39%	
GOBP_POSITIVE_REGULATION_OF_MULTICELLULAR_ORGANISM_GROWTH	GOBP_POSITIVE_REGULATION_OF_MULTICELLULAR_ORGANISM_GROWTH		31	0.48849213	1.2758517	0.16923077	0.314156	1.0	2485	tags=23%, list=13%, signal=26%	
GOBP_POSITIVE_REGULATION_OF_FATTY_ACID_TRANSPORT	GOBP_POSITIVE_REGULATION_OF_FATTY_ACID_TRANSPORT		22	0.52754253	1.2757655	0.16666667	0.31406108	1.0	1193	tags=23%, list=6%, signal=24%	
GOBP_ENDOTHELIAL_CELL_APOPTOTIC_PROCESS	GOBP_ENDOTHELIAL_CELL_APOPTOTIC_PROCESS		58	0.43864524	1.2757134	0.112561174	0.31391618	1.0	2362	tags=28%, list=12%, signal=31%	
GOBP_CARTILAGE_DEVELOPMENT_INVOLVED_IN_ENDOCHONDRAL_BONE_MORPHOGENESIS	GOBP_CARTILAGE_DEVELOPMENT_INVOLVED_IN_ENDOCHONDRAL_BONE_MORPHOGENESIS		31	0.4932583	1.2755021	0.15107913	0.31405827	1.0	2082	tags=19%, list=11%, signal=22%	
GOBP_EXTRINSIC_APOPTOTIC_SIGNALING_PATHWAY	GOBP_EXTRINSIC_APOPTOTIC_SIGNALING_PATHWAY		221	0.36618027	1.275147	0.05608755	0.31447828	1.0	2190	tags=21%, list=11%, signal=23%	
GOMF_TRANSMEMBRANE_RECEPTOR_PROTEIN_SERINE_THREONINE_KINASE_ACTIVITY	GOMF_TRANSMEMBRANE_RECEPTOR_PROTEIN_SERINE_THREONINE_KINASE_ACTIVITY		18	0.5563035	1.2749939	0.17148015	0.31452996	1.0	3186	tags=44%, list=16%, signal=53%	
GOBP_MONOSACCHARIDE_CATABOLIC_PROCESS	GOBP_MONOSACCHARIDE_CATABOLIC_PROCESS		49	0.45316768	1.274641	0.12690355	0.31494167	1.0	3560	tags=41%, list=18%, signal=50%	
GOBP_GLIAL_CELL_DIFFERENTIATION	GOBP_GLIAL_CELL_DIFFERENTIATION		251	0.36686382	1.2743397	0.035433073	0.31523964	1.0	2789	tags=20%, list=14%, signal=23%	
GOBP_POSITIVE_REGULATION_OF_B_CELL_ACTIVATION	GOBP_POSITIVE_REGULATION_OF_B_CELL_ACTIVATION		81	0.41478285	1.2742687	0.10534351	0.31512707	1.0	3095	tags=30%, list=16%, signal=35%	
GOBP_POSITIVE_REGULATION_OF_PROTEOLYSIS	GOBP_POSITIVE_REGULATION_OF_PROTEOLYSIS		318	0.3550732	1.2741144	0.037546933	0.31516254	1.0	2837	tags=22%, list=15%, signal=25%	
GOBP_THYROID_GLAND_DEVELOPMENT	GOBP_THYROID_GLAND_DEVELOPMENT		31	0.49796128	1.273805	0.15614036	0.31547964	1.0	3932	tags=35%, list=20%, signal=44%	
GOBP_REGULATION_OF_WNT_SIGNALING_PATHWAY_PLANAR_CELL_POLARITY_PATHWAY	GOBP_REGULATION_OF_WNT_SIGNALING_PATHWAY_PLANAR_CELL_POLARITY_PATHWAY		15	0.5682643	1.2737781	0.16403162	0.31528315	1.0	1469	tags=27%, list=8%, signal=29%	
GOBP_POSITIVE_REGULATION_OF_NERVOUS_SYSTEM_DEVELOPMENT	GOBP_POSITIVE_REGULATION_OF_NERVOUS_SYSTEM_DEVELOPMENT		287	0.3591369	1.2737776	0.057441253	0.31503725	1.0	2802	tags=23%, list=14%, signal=26%	
GOBP_MULTICELLULAR_ORGANISMAL_MOVEMENT	GOBP_MULTICELLULAR_ORGANISMAL_MOVEMENT		59	0.43662637	1.2736286	0.108766235	0.31504783	1.0	1203	tags=8%, list=6%, signal=9%	
GOBP_REGULATION_OF_CELL_PROJECTION_ASSEMBLY	GOBP_REGULATION_OF_CELL_PROJECTION_ASSEMBLY		211	0.36948287	1.2731926	0.054719564	0.3156081	1.0	3964	tags=34%, list=20%, signal=42%	
GOCC_CELL_BODY_MEMBRANE	GOCC_CELL_BODY_MEMBRANE		32	0.4892427	1.2724485	0.13669065	0.31676805	1.0	1940	tags=19%, list=10%, signal=21%	
GOBP_UROGENITAL_SYSTEM_DEVELOPMENT	GOBP_UROGENITAL_SYSTEM_DEVELOPMENT		64	0.4314547	1.2724121	0.12824675	0.31658018	1.0	1151	tags=14%, list=6%, signal=15%	
GOBP_VENTRICULAR_CARDIAC_MUSCLE_CELL_MEMBRANE_REPOLARIZATION	GOBP_VENTRICULAR_CARDIAC_MUSCLE_CELL_MEMBRANE_REPOLARIZATION		28	0.4997333	1.2719437	0.16068053	0.31723413	1.0	4512	tags=36%, list=23%, signal=46%	
GOBP_FIBROBLAST_APOPTOTIC_PROCESS	GOBP_FIBROBLAST_APOPTOTIC_PROCESS		24	0.51470906	1.2716577	0.15808824	0.31750953	1.0	2362	tags=25%, list=12%, signal=28%	
GOMF_PHOSPHOLIPASE_ACTIVITY	GOMF_PHOSPHOLIPASE_ACTIVITY		98	0.40181988	1.2714676	0.1	0.31760865	1.0	1635	tags=13%, list=8%, signal=14%	
GOBP_POSITIVE_REGULATION_OF_APOPTOTIC_SIGNALING_PATHWAY	GOBP_POSITIVE_REGULATION_OF_APOPTOTIC_SIGNALING_PATHWAY		131	0.38932303	1.2713896	0.07799443	0.31750262	1.0	3639	tags=32%, list=19%, signal=39%	
GOBP_NEGATIVE_REGULATION_OF_SIGNALING_RECEPTOR_ACTIVITY	GOBP_NEGATIVE_REGULATION_OF_SIGNALING_RECEPTOR_ACTIVITY		25	0.51556313	1.2711915	0.15964912	0.31763902	1.0	2156	tags=24%, list=11%, signal=27%	
GOBP_POSITIVE_REGULATION_OF_CELL_SUBSTRATE_JUNCTION_ORGANIZATION	GOBP_POSITIVE_REGULATION_OF_CELL_SUBSTRATE_JUNCTION_ORGANIZATION		30	0.4915207	1.2707515	0.14980544	0.31822556	1.0	2367	tags=33%, list=12%, signal=38%	
GOBP_SMOOTH_MUSCLE_CELL_MIGRATION	GOBP_SMOOTH_MUSCLE_CELL_MIGRATION		69	0.42589682	1.2690798	0.110749185	0.32102975	1.0	2878	tags=28%, list=15%, signal=32%	
GOBP_GROWTH_PLATE_CARTILAGE_DEVELOPMENT	GOBP_GROWTH_PLATE_CARTILAGE_DEVELOPMENT		18	0.53837645	1.2688953	0.18294849	0.3211297	1.0	433	tags=11%, list=2%, signal=11%	
GOBP_SMOOTH_MUSCLE_CELL_PROLIFERATION	GOBP_SMOOTH_MUSCLE_CELL_PROLIFERATION		135	0.38470256	1.2688674	0.08998549	0.3209303	1.0	2814	tags=22%, list=14%, signal=26%	
GOBP_VASCULAR_ASSOCIATED_SMOOTH_MUSCLE_CELL_MIGRATION	GOBP_VASCULAR_ASSOCIATED_SMOOTH_MUSCLE_CELL_MIGRATION		27	0.49655876	1.2686143	0.16274865	0.32113037	1.0	3765	tags=37%, list=19%, signal=46%	
GOBP_POSITIVE_REGULATION_OF_TYPE_I_INTERFERON_PRODUCTION	GOBP_POSITIVE_REGULATION_OF_TYPE_I_INTERFERON_PRODUCTION		70	0.4255206	1.2685689	0.1216	0.320972	1.0	2509	tags=20%, list=13%, signal=23%	
GOMF_AMIDE_BINDING	GOMF_AMIDE_BINDING		237	0.36613503	1.2685664	0.05420054	0.3207272	1.0	1887	tags=18%, list=10%, signal=19%	
GOCC_CONNEXIN_COMPLEX	GOCC_CONNEXIN_COMPLEX		20	0.5399319	1.2684984	0.17424242	0.32061997	1.0	951	tags=20%, list=5%, signal=21%	
GOMF_FOUR_WAY_JUNCTION_DNA_BINDING	GOMF_FOUR_WAY_JUNCTION_DNA_BINDING		18	0.54353356	1.268431	0.17938931	0.32049042	1.0	41	tags=6%, list=0%, signal=6%	
GOBP_PYRIMIDINE_CONTAINING_COMPOUND_TRANSMEMBRANE_TRANSPORT	GOBP_PYRIMIDINE_CONTAINING_COMPOUND_TRANSMEMBRANE_TRANSPORT		16	0.5558423	1.2683121	0.18727915	0.320466	1.0	1896	tags=31%, list=10%, signal=35%	
GOBP_BIOLOGICAL_PROCESS_INVOLVED_IN_INTERACTION_WITH_HOST	GOBP_BIOLOGICAL_PROCESS_INVOLVED_IN_INTERACTION_WITH_HOST		194	0.37360653	1.2678432	0.06741573	0.3211143	1.0	2873	tags=27%, list=15%, signal=32%	
GOBP_FATTY_ACID_TRANSMEMBRANE_TRANSPORT	GOBP_FATTY_ACID_TRANSMEMBRANE_TRANSPORT		20	0.5317414	1.2667927	0.18378378	0.32289514	1.0	2175	tags=30%, list=11%, signal=34%	
GOBP_ACTIVIN_RECEPTOR_SIGNALING_PATHWAY	GOBP_ACTIVIN_RECEPTOR_SIGNALING_PATHWAY		47	0.45529318	1.2666179	0.13481228	0.32298234	1.0	2802	tags=23%, list=14%, signal=27%	
GOBP_POSITIVE_REGULATION_OF_BLOOD_VESSEL_ENDOTHELIAL_CELL_MIGRATION	GOBP_POSITIVE_REGULATION_OF_BLOOD_VESSEL_ENDOTHELIAL_CELL_MIGRATION		52	0.44205433	1.2662102	0.12671232	0.32347238	1.0	1907	tags=21%, list=10%, signal=23%	
GOBP_POSITIVE_REGULATION_OF_SMOOTH_MUSCLE_CONTRACTION	GOBP_POSITIVE_REGULATION_OF_SMOOTH_MUSCLE_CONTRACTION		30	0.4925639	1.2649726	0.17043479	0.3254787	1.0	2926	tags=40%, list=15%, signal=47%	
GOBP_CELL_GROWTH	GOBP_CELL_GROWTH		448	0.3447738	1.2649356	0.021454113	0.3253057	1.0	2926	tags=21%, list=15%, signal=24%	
GOBP_REGULATION_OF_CELLULAR_SENESCENCE	GOBP_REGULATION_OF_CELLULAR_SENESCENCE		43	0.45761114	1.2648667	0.13333334	0.32518345	1.0	1985	tags=23%, list=10%, signal=26%	
GOCC_PSEUDOPODIUM	GOCC_PSEUDOPODIUM		18	0.55084354	1.2646799	0.18669131	0.32529232	1.0	3997	tags=56%, list=21%, signal=70%	
GOBP_RESPONSE_TO_TUMOR_CELL	GOBP_RESPONSE_TO_TUMOR_CELL		41	0.46476254	1.2644628	0.1592775	0.3254583	1.0	1843	tags=27%, list=9%, signal=30%	
GOBP_NEGATIVE_REGULATION_OF_ACTIN_FILAMENT_DEPOLYMERIZATION	GOBP_NEGATIVE_REGULATION_OF_ACTIN_FILAMENT_DEPOLYMERIZATION		42	0.4695138	1.2640622	0.13705584	0.3259668	1.0	3779	tags=43%, list=19%, signal=53%	
GOBP_EPHRIN_RECEPTOR_SIGNALING_PATHWAY	GOBP_EPHRIN_RECEPTOR_SIGNALING_PATHWAY		50	0.44043633	1.2639878	0.121527776	0.32586807	1.0	1942	tags=22%, list=10%, signal=24%	
GOBP_VENTRICULAR_CARDIAC_MUSCLE_TISSUE_MORPHOGENESIS	GOBP_VENTRICULAR_CARDIAC_MUSCLE_TISSUE_MORPHOGENESIS		46	0.4486798	1.2638806	0.1486014	0.32582444	1.0	1942	tags=26%, list=10%, signal=29%	
GOBP_REGULATION_OF_OSTEOBLAST_DIFFERENTIATION	GOBP_REGULATION_OF_OSTEOBLAST_DIFFERENTIATION		120	0.39610755	1.2638695	0.0942813	0.32559884	1.0	2372	tags=23%, list=12%, signal=25%	
GOBP_NEGATIVE_REGULATION_OF_PEPTIDYL_SERINE_PHOSPHORYLATION	GOBP_NEGATIVE_REGULATION_OF_PEPTIDYL_SERINE_PHOSPHORYLATION		23	0.5294437	1.2638128	0.15934066	0.3254515	1.0	3281	tags=35%, list=17%, signal=42%	
GOBP_PROTEIN_PROCESSING	GOBP_PROTEIN_PROCESSING		233	0.3657462	1.2636209	0.06048387	0.3255587	1.0	1500	tags=14%, list=8%, signal=15%	
GOBP_ASTROCYTE_ACTIVATION	GOBP_ASTROCYTE_ACTIVATION		23	0.51511234	1.2634697	0.18782608	0.3255945	1.0	2556	tags=35%, list=13%, signal=40%	
GOBP_INTERLEUKIN_2_PRODUCTION	GOBP_INTERLEUKIN_2_PRODUCTION		63	0.4341881	1.2632419	0.13562092	0.32579756	1.0	2842	tags=40%, list=15%, signal=46%	
GOCC_SARCOPLASMIC_RETICULUM_MEMBRANE	GOCC_SARCOPLASMIC_RETICULUM_MEMBRANE		40	0.4633094	1.2628595	0.16323024	0.32622138	1.0	2286	tags=25%, list=12%, signal=28%	
GOBP_MORPHOGENESIS_OF_AN_EPITHELIAL_FOLD	GOBP_MORPHOGENESIS_OF_AN_EPITHELIAL_FOLD		22	0.5300111	1.2626814	0.18097015	0.32632652	1.0	743	tags=23%, list=4%, signal=24%	
GOBP_NEGATIVE_REGULATION_OF_ORGAN_GROWTH	GOBP_NEGATIVE_REGULATION_OF_ORGAN_GROWTH		30	0.48888984	1.2626526	0.15798923	0.32614473	1.0	1603	tags=20%, list=8%, signal=22%	
GOCC_MICROVILLUS_MEMBRANE	GOCC_MICROVILLUS_MEMBRANE		28	0.5028882	1.2621676	0.15327103	0.32684156	1.0	2852	tags=32%, list=15%, signal=38%	
GOBP_MYD88_INDEPENDENT_TOLL_LIKE_RECEPTOR_SIGNALING_PATHWAY	GOBP_MYD88_INDEPENDENT_TOLL_LIKE_RECEPTOR_SIGNALING_PATHWAY		16	0.56179875	1.2617562	0.18796992	0.327392	1.0	2801	tags=25%, list=14%, signal=29%	
GOBP_NEGATIVE_REGULATION_OF_CELL_PROJECTION_ORGANIZATION	GOBP_NEGATIVE_REGULATION_OF_CELL_PROJECTION_ORGANIZATION		166	0.37647387	1.2604903	0.072524406	0.32951617	1.0	2497	tags=21%, list=13%, signal=24%	
GOBP_REGULATION_OF_CYTOSKELETON_ORGANIZATION	GOBP_REGULATION_OF_CYTOSKELETON_ORGANIZATION		479	0.34236583	1.2600443	0.032019705	0.33012927	1.0	3284	tags=26%, list=17%, signal=30%	
GOBP_CELLULAR_RESPONSE_TO_OXIDATIVE_STRESS	GOBP_CELLULAR_RESPONSE_TO_OXIDATIVE_STRESS		228	0.36342925	1.2599049	0.058988765	0.3301435	1.0	2224	tags=19%, list=11%, signal=21%	
GOBP_RESPONSE_TO_DIETARY_EXCESS	GOBP_RESPONSE_TO_DIETARY_EXCESS		36	0.47308403	1.2595847	0.17818181	0.33049297	1.0	3012	tags=39%, list=16%, signal=46%	
GOBP_POSITIVE_REGULATION_OF_MUSCLE_CONTRACTION	GOBP_POSITIVE_REGULATION_OF_MUSCLE_CONTRACTION		48	0.43793482	1.2594432	0.15511551	0.33049545	1.0	2926	tags=29%, list=15%, signal=34%	
GOBP_POSITIVE_REGULATION_OF_COLD_INDUCED_THERMOGENESIS	GOBP_POSITIVE_REGULATION_OF_COLD_INDUCED_THERMOGENESIS		101	0.3928999	1.2593251	0.094135806	0.33048543	1.0	3012	tags=31%, list=16%, signal=36%	
GOBP_EPITHELIAL_TUBE_FORMATION	GOBP_EPITHELIAL_TUBE_FORMATION		132	0.3829842	1.2589629	0.08035714	0.33092833	1.0	1712	tags=16%, list=9%, signal=17%	
GOBP_REGULATION_OF_NEURAL_PRECURSOR_CELL_PROLIFERATION	GOBP_REGULATION_OF_NEURAL_PRECURSOR_CELL_PROLIFERATION		99	0.3920016	1.2588334	0.10144927	0.33090967	1.0	3108	tags=28%, list=16%, signal=33%	
GOBP_POSITIVE_REGULATION_OF_MONOATOMIC_ION_TRANSMEMBRANE_TRANSPORT	GOBP_POSITIVE_REGULATION_OF_MONOATOMIC_ION_TRANSMEMBRANE_TRANSPORT		136	0.38403618	1.2587919	0.07092199	0.33074114	1.0	2852	tags=21%, list=15%, signal=25%	
GOBP_REGULATION_OF_CELLULAR_RESPIRATION	GOBP_REGULATION_OF_CELLULAR_RESPIRATION		43	0.4593456	1.258666	0.14940578	0.3307361	1.0	3517	tags=33%, list=18%, signal=40%	
GOBP_REGULATION_OF_OSSIFICATION	GOBP_REGULATION_OF_OSSIFICATION		116	0.39088306	1.2581134	0.10982659	0.3315146	1.0	3158	tags=35%, list=16%, signal=42%	
GOBP_REGULATION_OF_VESICLE_MEDIATED_TRANSPORT	GOBP_REGULATION_OF_VESICLE_MEDIATED_TRANSPORT		489	0.34095868	1.2580239	0.018757327	0.33144015	1.0	2840	tags=24%, list=15%, signal=27%	
GOBP_REGULATION_OF_CARDIAC_CONDUCTION	GOBP_REGULATION_OF_CARDIAC_CONDUCTION		25	0.50397784	1.2577796	0.18065694	0.33164635	1.0	1224	tags=16%, list=6%, signal=17%	
GOBP_REGULATION_OF_EXTRACELLULAR_MATRIX_ORGANIZATION	GOBP_REGULATION_OF_EXTRACELLULAR_MATRIX_ORGANIZATION		61	0.42849758	1.257676	0.12140575	0.33160493	1.0	2137	tags=23%, list=11%, signal=26%	
GOBP_MUSCLE_TISSUE_DEVELOPMENT	GOBP_MUSCLE_TISSUE_DEVELOPMENT		409	0.345045	1.2576208	0.025125628	0.3314601	1.0	3095	tags=25%, list=16%, signal=30%	
GOBP_JNK_CASCADE	GOBP_JNK_CASCADE		168	0.37505662	1.2574667	0.076071925	0.3314854	1.0	3342	tags=30%, list=17%, signal=36%	
GOBP_REGULATION_OF_DOPAMINE_SECRETION	GOBP_REGULATION_OF_DOPAMINE_SECRETION		24	0.50944144	1.2570958	0.17184643	0.33192885	1.0	435	tags=13%, list=2%, signal=13%	
GOBP_LONG_TERM_MEMORY	GOBP_LONG_TERM_MEMORY		39	0.45731774	1.2569059	0.15334421	0.3320428	1.0	2933	tags=28%, list=15%, signal=33%	
GOBP_REGULATION_OF_CELL_SUBSTRATE_JUNCTION_ORGANIZATION	GOBP_REGULATION_OF_CELL_SUBSTRATE_JUNCTION_ORGANIZATION		66	0.4251509	1.2567514	0.13091482	0.33207926	1.0	2367	tags=27%, list=12%, signal=31%	
GOBP_POSITIVE_REGULATION_OF_ENDOTHELIAL_CELL_MIGRATION	GOBP_POSITIVE_REGULATION_OF_ENDOTHELIAL_CELL_MIGRATION		100	0.3977154	1.2566813	0.10757576	0.3319861	1.0	1907	tags=21%, list=10%, signal=23%	
GOBP_MAINTENANCE_OF_CELL_NUMBER	GOBP_MAINTENANCE_OF_CELL_NUMBER		177	0.37061402	1.2566551	0.088405795	0.33179498	1.0	2729	tags=19%, list=14%, signal=21%	
GOBP_SPINAL_CORD_DEVELOPMENT	GOBP_SPINAL_CORD_DEVELOPMENT		96	0.3970179	1.2564203	0.1078125	0.33195826	1.0	2625	tags=21%, list=14%, signal=24%	
GOBP_REGULATION_OF_TOLERANCE_INDUCTION	GOBP_REGULATION_OF_TOLERANCE_INDUCTION		17	0.5518459	1.2563545	0.17958412	0.33184242	1.0	2842	tags=47%, list=15%, signal=55%	
GOBP_OSTEOBLAST_DEVELOPMENT	GOBP_OSTEOBLAST_DEVELOPMENT		17	0.5467559	1.255627	0.20156556	0.3330308	1.0	1924	tags=35%, list=10%, signal=39%	
GOBP_RESPONSE_TO_NUTRIENT_LEVELS	GOBP_RESPONSE_TO_NUTRIENT_LEVELS		476	0.34039545	1.255482	0.02184466	0.33305115	1.0	2379	tags=17%, list=12%, signal=19%	
GOBP_ICOSANOID_SECRETION	GOBP_ICOSANOID_SECRETION		45	0.45352224	1.2543452	0.15745394	0.3348974	1.0	777	tags=13%, list=4%, signal=14%	
GOBP_NEGATIVE_REGULATION_OF_CATALYTIC_ACTIVITY	GOBP_NEGATIVE_REGULATION_OF_CATALYTIC_ACTIVITY		396	0.34588626	1.2541387	0.025252525	0.3350491	1.0	2942	tags=22%, list=15%, signal=26%	
GOCC_COP9_SIGNALOSOME	GOCC_COP9_SIGNALOSOME		33	0.46807063	1.2540418	0.17708333	0.3349594	1.0	3167	tags=30%, list=16%, signal=36%	
GOMF_ADP_BINDING	GOMF_ADP_BINDING		36	0.46503928	1.2534125	0.15114236	0.33592114	1.0	3258	tags=36%, list=17%, signal=43%	
GOBP_REGULATION_OF_MAST_CELL_ACTIVATION	GOBP_REGULATION_OF_MAST_CELL_ACTIVATION		18	0.5332545	1.2531942	0.18774703	0.33607736	1.0	2759	tags=28%, list=14%, signal=32%	
GOBP_POSITIVE_REGULATION_OF_CELLULAR_RESPONSE_TO_TRANSFORMING_GROWTH_FACTOR_BETA_STIMULUS	GOBP_POSITIVE_REGULATION_OF_CELLULAR_RESPONSE_TO_TRANSFORMING_GROWTH_FACTOR_BETA_STIMULUS		30	0.48540127	1.2528743	0.17574692	0.3364493	1.0	3846	tags=50%, list=20%, signal=62%	
GOBP_REGULATION_OF_HEART_RATE_BY_CARDIAC_CONDUCTION	GOBP_REGULATION_OF_HEART_RATE_BY_CARDIAC_CONDUCTION		40	0.45839468	1.2526649	0.16344464	0.33661085	1.0	1136	tags=15%, list=6%, signal=16%	
GOBP_REPLACEMENT_OSSIFICATION	GOBP_REPLACEMENT_OSSIFICATION		28	0.49149138	1.2526515	0.17678571	0.33639327	1.0	1829	tags=25%, list=9%, signal=28%	
GOBP_RIBONUCLEOSIDE_CATABOLIC_PROCESS	GOBP_RIBONUCLEOSIDE_CATABOLIC_PROCESS		20	0.5260839	1.2519096	0.20670392	0.3375725	1.0	800	tags=15%, list=4%, signal=16%	
GOBP_PROTEIN_AUTOPHOSPHORYLATION	GOBP_PROTEIN_AUTOPHOSPHORYLATION		183	0.36663967	1.2516538	0.088275865	0.3378068	1.0	2959	tags=28%, list=15%, signal=33%	
GOBP_POSTSYNAPSE_ASSEMBLY	GOBP_POSTSYNAPSE_ASSEMBLY		43	0.45556766	1.2510762	0.15625	0.3386469	1.0	1628	tags=19%, list=8%, signal=20%	
GOBP_POSITIVE_REGULATION_OF_CELL_JUNCTION_ASSEMBLY	GOBP_POSITIVE_REGULATION_OF_CELL_JUNCTION_ASSEMBLY		106	0.39738384	1.2508947	0.110119045	0.3387338	1.0	3203	tags=30%, list=16%, signal=36%	
GOBP_ACTION_POTENTIAL	GOBP_ACTION_POTENTIAL		161	0.37180206	1.2508523	0.08882522	0.33856618	1.0	1224	tags=11%, list=6%, signal=11%	
GOBP_REGULATION_OF_CELL_GROWTH	GOBP_REGULATION_OF_CELL_GROWTH		372	0.34442225	1.2507734	0.03034134	0.3384702	1.0	2926	tags=20%, list=15%, signal=24%	
GOBP_ACTIN_MYOSIN_FILAMENT_SLIDING	GOBP_ACTIN_MYOSIN_FILAMENT_SLIDING		15	0.56142044	1.2507095	0.20116054	0.3383444	1.0	1317	tags=33%, list=7%, signal=36%	
GOBP_MEMBRANE_RAFT_ORGANIZATION	GOBP_MEMBRANE_RAFT_ORGANIZATION		25	0.5045291	1.2505041	0.17162873	0.33852345	1.0	3055	tags=48%, list=16%, signal=57%	
GOBP_POSITIVE_REGULATION_OF_AXON_EXTENSION	GOBP_POSITIVE_REGULATION_OF_AXON_EXTENSION		37	0.4646119	1.2504909	0.16552901	0.3383051	1.0	4270	tags=38%, list=22%, signal=48%	
GOMF_PROTEIN_RNA_ADAPTOR_ACTIVITY	GOMF_PROTEIN_RNA_ADAPTOR_ACTIVITY		21	0.5268664	1.2502567	0.19662921	0.3384944	1.0	1758	tags=19%, list=9%, signal=21%	
GOMF_EPHRIN_RECEPTOR_BINDING	GOMF_EPHRIN_RECEPTOR_BINDING		27	0.5013859	1.2500606	0.15563506	0.3386171	1.0	2680	tags=33%, list=14%, signal=39%	
GOBP_REGULATION_OF_EPIDERMAL_GROWTH_FACTOR_ACTIVATED_RECEPTOR_ACTIVITY	GOBP_REGULATION_OF_EPIDERMAL_GROWTH_FACTOR_ACTIVATED_RECEPTOR_ACTIVITY		17	0.55666685	1.2498093	0.19771864	0.33886367	1.0	405	tags=18%, list=2%, signal=18%	
GOBP_REGULATION_OF_SUBSTRATE_ADHESION_DEPENDENT_CELL_SPREADING	GOBP_REGULATION_OF_SUBSTRATE_ADHESION_DEPENDENT_CELL_SPREADING		61	0.42686757	1.2492027	0.1295681	0.3397987	1.0	2382	tags=26%, list=12%, signal=30%	
GOBP_INNERVATION	GOBP_INNERVATION		25	0.49994972	1.2487726	0.1701389	0.34036854	1.0	1625	tags=24%, list=8%, signal=26%	
GOBP_REGULATION_OF_ORGANIC_ACID_TRANSPORT	GOBP_REGULATION_OF_ORGANIC_ACID_TRANSPORT		73	0.40805858	1.2485993	0.124423966	0.34045556	1.0	2206	tags=22%, list=11%, signal=25%	
GOBP_REGULATION_OF_EPITHELIAL_CELL_APOPTOTIC_PROCESS	GOBP_REGULATION_OF_EPITHELIAL_CELL_APOPTOTIC_PROCESS		102	0.39813808	1.2485535	0.10691824	0.340301	1.0	2837	tags=26%, list=15%, signal=31%	
GOBP_NEGATIVE_REGULATION_OF_KINASE_ACTIVITY	GOBP_NEGATIVE_REGULATION_OF_KINASE_ACTIVITY		156	0.37291956	1.2483788	0.09288824	0.34037498	1.0	3830	tags=30%, list=20%, signal=37%	
GOBP_CD4_POSITIVE_OR_CD8_POSITIVE_ALPHA_BETA_T_CELL_LINEAGE_COMMITMENT	GOBP_CD4_POSITIVE_OR_CD8_POSITIVE_ALPHA_BETA_T_CELL_LINEAGE_COMMITMENT		30	0.49092528	1.2480192	0.17343174	0.3408415	1.0	2743	tags=33%, list=14%, signal=39%	
GOBP_CELLULAR_RESPONSE_TO_ESTROGEN_STIMULUS	GOBP_CELLULAR_RESPONSE_TO_ESTROGEN_STIMULUS		19	0.5185305	1.2474788	0.20545454	0.3416017	1.0	4001	tags=37%, list=21%, signal=46%	
GOBP_RESPONSE_TO_PEPTIDE	GOBP_RESPONSE_TO_PEPTIDE		19	0.5385105	1.2471067	0.20879121	0.3421069	1.0	2193	tags=32%, list=11%, signal=36%	
GOBP_G_PROTEIN_COUPLED_SEROTONIN_RECEPTOR_SIGNALING_PATHWAY	GOBP_G_PROTEIN_COUPLED_SEROTONIN_RECEPTOR_SIGNALING_PATHWAY		23	0.5089054	1.2469593	0.18761063	0.34212363	1.0	1501	tags=9%, list=8%, signal=9%	
GOCC_INCLUSION_BODY	GOCC_INCLUSION_BODY		69	0.4181215	1.246862	0.14449918	0.34208128	1.0	2205	tags=19%, list=11%, signal=21%	
GOBP_NEGATIVE_REGULATION_OF_PROTEIN_POLYMERIZATION	GOBP_NEGATIVE_REGULATION_OF_PROTEIN_POLYMERIZATION		73	0.41490072	1.2463993	0.13621795	0.34272483	1.0	3779	tags=38%, list=19%, signal=47%	
GOBP_REGULATION_OF_VENTRICULAR_CARDIAC_MUSCLE_CELL_MEMBRANE_REPOLARIZATION	GOBP_REGULATION_OF_VENTRICULAR_CARDIAC_MUSCLE_CELL_MEMBRANE_REPOLARIZATION		23	0.50996786	1.2461324	0.1880998	0.3429874	1.0	2772	tags=22%, list=14%, signal=25%	
GOBP_PROSTATE_GLAND_DEVELOPMENT	GOBP_PROSTATE_GLAND_DEVELOPMENT		47	0.44839972	1.2458102	0.16042781	0.34334773	1.0	1843	tags=19%, list=9%, signal=21%	
GOBP_INTERLEUKIN_1_MEDIATED_SIGNALING_PATHWAY	GOBP_INTERLEUKIN_1_MEDIATED_SIGNALING_PATHWAY		30	0.48164797	1.245464	0.1877193	0.34379935	1.0	1205	tags=17%, list=6%, signal=18%	
GOBP_POSITIVE_REGULATION_OF_ALPHA_BETA_T_CELL_DIFFERENTIATION	GOBP_POSITIVE_REGULATION_OF_ALPHA_BETA_T_CELL_DIFFERENTIATION		54	0.4372583	1.2451541	0.15220949	0.34418133	1.0	2629	tags=30%, list=14%, signal=34%	
GOBP_POSITIVE_REGULATION_OF_NON_CANONICAL_WNT_SIGNALING_PATHWAY	GOBP_POSITIVE_REGULATION_OF_NON_CANONICAL_WNT_SIGNALING_PATHWAY		15	0.5575038	1.244487	0.22874494	0.3452027	1.0	1469	tags=20%, list=8%, signal=22%	
GOBP_REGULATION_OF_CELLULAR_RESPONSE_TO_TRANSFORMING_GROWTH_FACTOR_BETA_STIMULUS	GOBP_REGULATION_OF_CELLULAR_RESPONSE_TO_TRANSFORMING_GROWTH_FACTOR_BETA_STIMULUS		137	0.37941873	1.2428186	0.098634295	0.34825796	1.0	3067	tags=27%, list=16%, signal=32%	
GOBP_REGULATION_OF_MORPHOGENESIS_OF_AN_EPITHELIUM	GOBP_REGULATION_OF_MORPHOGENESIS_OF_AN_EPITHELIUM		65	0.41263643	1.2426424	0.1352657	0.34835556	1.0	2239	tags=22%, list=12%, signal=24%	
GOBP_T_CELL_LINEAGE_COMMITMENT	GOBP_T_CELL_LINEAGE_COMMITMENT		36	0.47108456	1.2423846	0.18635607	0.3486067	1.0	2743	tags=31%, list=14%, signal=36%	
GOBP_SARCOPLASMIC_RETICULUM_CALCIUM_ION_TRANSPORT	GOBP_SARCOPLASMIC_RETICULUM_CALCIUM_ION_TRANSPORT		39	0.4612058	1.2421261	0.1627907	0.3488519	1.0	2903	tags=23%, list=15%, signal=27%	
GOBP_SKELETAL_MUSCLE_TISSUE_REGENERATION	GOBP_SKELETAL_MUSCLE_TISSUE_REGENERATION		37	0.45877835	1.2419708	0.16323024	0.34889537	1.0	1905	tags=27%, list=10%, signal=30%	
GOBP_REGULATION_OF_EXOCYTOSIS	GOBP_REGULATION_OF_EXOCYTOSIS		166	0.37086117	1.241388	0.0875	0.34974688	1.0	2150	tags=21%, list=11%, signal=24%	
GOBP_RECEPTOR_INTERNALIZATION	GOBP_RECEPTOR_INTERNALIZATION		126	0.375487	1.241306	0.10650887	0.34964833	1.0	3462	tags=32%, list=18%, signal=38%	
GOBP_OLFACTORY_LOBE_DEVELOPMENT	GOBP_OLFACTORY_LOBE_DEVELOPMENT		39	0.46270084	1.2412492	0.17173524	0.34951508	1.0	2926	tags=23%, list=15%, signal=27%	
GOMF_G_PROTEIN_ALPHA_SUBUNIT_BINDING	GOMF_G_PROTEIN_ALPHA_SUBUNIT_BINDING		28	0.482569	1.2409159	0.18133803	0.34989506	1.0	3740	tags=39%, list=19%, signal=49%	
GOBP_RESPONSE_TO_PH	GOBP_RESPONSE_TO_PH		38	0.45638427	1.2392944	0.16344464	0.35288715	1.0	1685	tags=21%, list=9%, signal=23%	
GOBP_T_CELL_APOPTOTIC_PROCESS	GOBP_T_CELL_APOPTOTIC_PROCESS		57	0.42948934	1.239061	0.15719064	0.35313123	1.0	1937	tags=28%, list=10%, signal=31%	
GOBP_CALCIUM_ION_TRANSPORT	GOBP_CALCIUM_ION_TRANSPORT		408	0.33776188	1.2389334	0.03757576	0.35312784	1.0	2958	tags=22%, list=15%, signal=26%	
GOBP_NEGATIVE_REGULATION_OF_CARDIAC_MUSCLE_TISSUE_GROWTH	GOBP_NEGATIVE_REGULATION_OF_CARDIAC_MUSCLE_TISSUE_GROWTH		21	0.5280958	1.2385486	0.19372694	0.35363632	1.0	1178	tags=14%, list=6%, signal=15%	
GOBP_RESPONSE_TO_MANGANESE_ION	GOBP_RESPONSE_TO_MANGANESE_ION		17	0.5345497	1.2378176	0.19349316	0.35478112	1.0	1491	tags=24%, list=8%, signal=25%	
GOBP_CELLULAR_RESPONSE_TO_PEPTIDE_HORMONE_STIMULUS	GOBP_CELLULAR_RESPONSE_TO_PEPTIDE_HORMONE_STIMULUS		304	0.34811732	1.2374189	0.057068743	0.35528865	1.0	2190	tags=16%, list=11%, signal=18%	
GOBP_STRIATED_MUSCLE_CELL_PROLIFERATION	GOBP_STRIATED_MUSCLE_CELL_PROLIFERATION		67	0.41568238	1.2371683	0.15136877	0.35554552	1.0	2176	tags=19%, list=11%, signal=22%	
GOBP_REGULATION_OF_BODY_FLUID_LEVELS	GOBP_REGULATION_OF_BODY_FLUID_LEVELS		369	0.34125096	1.2369695	0.05196451	0.35567656	1.0	2929	tags=25%, list=15%, signal=29%	
GOBP_WNT_SIGNALING_PATHWAY	GOBP_WNT_SIGNALING_PATHWAY		430	0.33765632	1.2358718	0.03545232	0.35764107	1.0	2137	tags=18%, list=11%, signal=19%	
GOBP_GLUCOSE_IMPORT	GOBP_GLUCOSE_IMPORT		71	0.40967777	1.2357302	0.15048544	0.35767576	1.0	3300	tags=28%, list=17%, signal=34%	
GOBP_CONNECTIVE_TISSUE_DEVELOPMENT	GOBP_CONNECTIVE_TISSUE_DEVELOPMENT		270	0.35103503	1.2352397	0.079427086	0.35842472	1.0	2407	tags=22%, list=12%, signal=25%	
GOBP_DEVELOPMENTAL_CELL_GROWTH	GOBP_DEVELOPMENTAL_CELL_GROWTH		212	0.35637745	1.235206	0.086666666	0.35823676	1.0	3023	tags=22%, list=16%, signal=26%	
GOBP_OVULATION_CYCLE	GOBP_OVULATION_CYCLE		71	0.41063112	1.2347348	0.13458529	0.35892552	1.0	2884	tags=27%, list=15%, signal=31%	
GOBP_CELLULAR_RESPONSE_TO_ACID_CHEMICAL	GOBP_CELLULAR_RESPONSE_TO_ACID_CHEMICAL		85	0.39947113	1.2339743	0.14592934	0.3601969	1.0	2283	tags=26%, list=12%, signal=29%	
GOBP_NEGATIVE_REGULATION_OF_OSTEOCLAST_DIFFERENTIATION	GOBP_NEGATIVE_REGULATION_OF_OSTEOCLAST_DIFFERENTIATION		31	0.47005635	1.233958	0.20642978	0.3599756	1.0	2904	tags=32%, list=15%, signal=38%	
GOBP_PYRUVATE_METABOLIC_PROCESS	GOBP_PYRUVATE_METABOLIC_PROCESS		118	0.3844711	1.2331536	0.100149475	0.3613494	1.0	4132	tags=37%, list=21%, signal=47%	
GOBP_NEGATIVE_REGULATION_OF_CANONICAL_WNT_SIGNALING_PATHWAY	GOBP_NEGATIVE_REGULATION_OF_CANONICAL_WNT_SIGNALING_PATHWAY		127	0.38021377	1.2330011	0.11079137	0.3614027	1.0	2093	tags=17%, list=11%, signal=18%	
GOBP_NEGATIVE_REGULATION_OF_CARTILAGE_DEVELOPMENT	GOBP_NEGATIVE_REGULATION_OF_CARTILAGE_DEVELOPMENT		26	0.5014604	1.2328454	0.19343066	0.3614625	1.0	1623	tags=19%, list=8%, signal=21%	
GOBP_REGULATION_OF_CELLULAR_RESPONSE_TO_HYPOXIA	GOBP_REGULATION_OF_CELLULAR_RESPONSE_TO_HYPOXIA		17	0.52508575	1.2327466	0.21206582	0.36139712	1.0	2650	tags=29%, list=14%, signal=34%	
GOBP_PROTEIN_TETRAMERIZATION	GOBP_PROTEIN_TETRAMERIZATION		93	0.39918655	1.2322724	0.11980831	0.3620779	1.0	3317	tags=25%, list=17%, signal=30%	
GOBP_NUCLEAR_MIGRATION	GOBP_NUCLEAR_MIGRATION		24	0.5058641	1.2321466	0.20433997	0.36209124	1.0	1244	tags=13%, list=6%, signal=13%	
GOBP_NUCLEOBASE_CONTAINING_SMALL_MOLECULE_CATABOLIC_PROCESS	GOBP_NUCLEOBASE_CONTAINING_SMALL_MOLECULE_CATABOLIC_PROCESS		30	0.47555837	1.2319393	0.19826087	0.36227193	1.0	908	tags=13%, list=5%, signal=14%	
GOBP_REGULATION_OF_RESPONSE_TO_NUTRIENT_LEVELS	GOBP_REGULATION_OF_RESPONSE_TO_NUTRIENT_LEVELS		30	0.48532113	1.2318245	0.21592921	0.36224335	1.0	3552	tags=40%, list=18%, signal=49%	
GOBP_TEMPERATURE_HOMEOSTASIS	GOBP_TEMPERATURE_HOMEOSTASIS		181	0.3646421	1.2317053	0.10623229	0.36221004	1.0	2395	tags=23%, list=12%, signal=26%	
GOBP_CD4_POSITIVE_ALPHA_BETA_T_CELL_CYTOKINE_PRODUCTION	GOBP_CD4_POSITIVE_ALPHA_BETA_T_CELL_CYTOKINE_PRODUCTION		19	0.5324281	1.231418	0.21441442	0.36251402	1.0	2578	tags=32%, list=13%, signal=36%	
GOBP_RHO_PROTEIN_SIGNAL_TRANSDUCTION	GOBP_RHO_PROTEIN_SIGNAL_TRANSDUCTION		139	0.37035125	1.2313724	0.107344635	0.36234146	1.0	3230	tags=29%, list=17%, signal=35%	
GOBP_REGULATION_OF_LIPASE_ACTIVITY	GOBP_REGULATION_OF_LIPASE_ACTIVITY		63	0.41389933	1.2313547	0.15483871	0.36212406	1.0	1507	tags=17%, list=8%, signal=19%	
GOBP_RESPONSE_TO_MUSCLE_STRETCH	GOBP_RESPONSE_TO_MUSCLE_STRETCH		25	0.49530587	1.230909	0.20242214	0.3627649	1.0	3545	tags=36%, list=18%, signal=44%	
GOBP_CELLULAR_COMPONENT_DISASSEMBLY	GOBP_CELLULAR_COMPONENT_DISASSEMBLY		497	0.33083025	1.230685	0.039759036	0.36298862	1.0	3300	tags=22%, list=17%, signal=26%	
GOBP_PROTEIN_HOMOTETRAMERIZATION	GOBP_PROTEIN_HOMOTETRAMERIZATION		61	0.42407706	1.2304682	0.15555556	0.36315116	1.0	3517	tags=31%, list=18%, signal=38%	
GOBP_LUNG_MORPHOGENESIS	GOBP_LUNG_MORPHOGENESIS		54	0.43371162	1.2303118	0.16639742	0.3632122	1.0	2156	tags=26%, list=11%, signal=29%	
GOBP_ORGANIC_HYDROXY_COMPOUND_CATABOLIC_PROCESS	GOBP_ORGANIC_HYDROXY_COMPOUND_CATABOLIC_PROCESS		55	0.42554736	1.2293764	0.1553398	0.36487195	1.0	3948	tags=33%, list=20%, signal=41%	
GOMF_CARBOHYDRATE_KINASE_ACTIVITY	GOMF_CARBOHYDRATE_KINASE_ACTIVITY		21	0.51520824	1.2293742	0.22651933	0.3646182	1.0	3300	tags=38%, list=17%, signal=46%	
GOBP_REGULATION_OF_CELL_JUNCTION_ASSEMBLY	GOBP_REGULATION_OF_CELL_JUNCTION_ASSEMBLY		210	0.3606373	1.2284856	0.085753806	0.3661272	1.0	2377	tags=21%, list=12%, signal=24%	
GOMF_DNA_SECONDARY_STRUCTURE_BINDING	GOMF_DNA_SECONDARY_STRUCTURE_BINDING		38	0.4543008	1.2283651	0.15742397	0.36611158	1.0	670	tags=5%, list=3%, signal=5%	
GOMF_MOLECULAR_CARRIER_ACTIVITY	GOMF_MOLECULAR_CARRIER_ACTIVITY		91	0.394183	1.2281182	0.13353565	0.36635435	1.0	1817	tags=13%, list=9%, signal=14%	
GOBP_HORMONE_METABOLIC_PROCESS	GOBP_HORMONE_METABOLIC_PROCESS		238	0.35566646	1.2279358	0.077922076	0.36646998	1.0	1198	tags=11%, list=6%, signal=12%	
GOBP_NEGATIVE_REGULATION_OF_TRANSMEMBRANE_RECEPTOR_PROTEIN_SERINE_THREONINE_KINASE_SIGNALING_PATHWAY	GOBP_NEGATIVE_REGULATION_OF_TRANSMEMBRANE_RECEPTOR_PROTEIN_SERINE_THREONINE_KINASE_SIGNALING_PATHWAY		137	0.37429944	1.2277738	0.12068965	0.3665476	1.0	2287	tags=18%, list=12%, signal=20%	
GOBP_KERATINOCYTE_MIGRATION	GOBP_KERATINOCYTE_MIGRATION		19	0.53074473	1.2277237	0.21292776	0.3663749	1.0	1601	tags=32%, list=8%, signal=34%	
GOBP_HOMOPHILIC_CELL_ADHESION_VIA_PLASMA_MEMBRANE_ADHESION_MOLECULES	GOBP_HOMOPHILIC_CELL_ADHESION_VIA_PLASMA_MEMBRANE_ADHESION_MOLECULES		165	0.36535165	1.227706	0.10943913	0.36616084	1.0	2206	tags=16%, list=11%, signal=18%	
GOBP_NEGATIVE_REGULATION_OF_LYMPHOCYTE_APOPTOTIC_PROCESS	GOBP_NEGATIVE_REGULATION_OF_LYMPHOCYTE_APOPTOTIC_PROCESS		36	0.45655134	1.2276658	0.18085106	0.3659903	1.0	1433	tags=33%, list=7%, signal=36%	
GOBP_PLASMA_MEMBRANE_ORGANIZATION	GOBP_PLASMA_MEMBRANE_ORGANIZATION		154	0.36912155	1.2275017	0.100877196	0.3660773	1.0	3153	tags=24%, list=16%, signal=28%	
GOBP_MAINTENANCE_OF_BLOOD_BRAIN_BARRIER	GOBP_MAINTENANCE_OF_BLOOD_BRAIN_BARRIER		38	0.46164805	1.2273662	0.18738739	0.3660956	1.0	2206	tags=29%, list=11%, signal=33%	
GOBP_THYROID_HORMONE_METABOLIC_PROCESS	GOBP_THYROID_HORMONE_METABOLIC_PROCESS		28	0.47994402	1.2272267	0.2118492	0.36609614	1.0	1620	tags=14%, list=8%, signal=16%	
GOBP_PRESYNAPTIC_MODULATION_OF_CHEMICAL_SYNAPTIC_TRANSMISSION	GOBP_PRESYNAPTIC_MODULATION_OF_CHEMICAL_SYNAPTIC_TRANSMISSION		35	0.45960006	1.2272193	0.1943958	0.36585203	1.0	1982	tags=14%, list=10%, signal=16%	
GOBP_MAINTENANCE_OF_LOCATION	GOBP_MAINTENANCE_OF_LOCATION		323	0.34502468	1.2271395	0.060959794	0.3657528	1.0	2986	tags=26%, list=15%, signal=30%	
GOBP_RESPONSE_TO_BMP	GOBP_RESPONSE_TO_BMP		152	0.36765724	1.2267013	0.11306901	0.3664008	1.0	2666	tags=22%, list=14%, signal=26%	
GOBP_CELLULAR_RESPONSE_TO_ALCOHOL	GOBP_CELLULAR_RESPONSE_TO_ALCOHOL		99	0.38896364	1.2264711	0.12835822	0.36662078	1.0	2590	tags=22%, list=13%, signal=26%	
GOBP_POSITIVE_REGULATION_OF_CELL_DIVISION	GOBP_POSITIVE_REGULATION_OF_CELL_DIVISION		94	0.39224017	1.2260491	0.14050822	0.3672088	1.0	1774	tags=17%, list=9%, signal=19%	
GOMF_POLYSACCHARIDE_BINDING	GOMF_POLYSACCHARIDE_BINDING		23	0.50987905	1.2259691	0.20222634	0.3671192	1.0	2133	tags=30%, list=11%, signal=34%	
GOMF_GUANYL_NUCLEOTIDE_EXCHANGE_FACTOR_ACTIVITY	GOMF_GUANYL_NUCLEOTIDE_EXCHANGE_FACTOR_ACTIVITY		214	0.35761264	1.2257854	0.07723577	0.36721712	1.0	2578	tags=21%, list=13%, signal=23%	
GOBP_TOLL_LIKE_RECEPTOR_3_SIGNALING_PATHWAY	GOBP_TOLL_LIKE_RECEPTOR_3_SIGNALING_PATHWAY		28	0.47768217	1.2251477	0.19963703	0.36825198	1.0	3055	tags=43%, list=16%, signal=51%	
GOBP_REGULATION_OF_DNA_BINDING	GOBP_REGULATION_OF_DNA_BINDING		70	0.40976334	1.2250322	0.1322314	0.36822444	1.0	2395	tags=23%, list=12%, signal=26%	
GOBP_SMOOTH_MUSCLE_CONTRACTION	GOBP_SMOOTH_MUSCLE_CONTRACTION		102	0.38849574	1.2247238	0.13089803	0.36859345	1.0	2926	tags=26%, list=15%, signal=31%	
GOBP_RESPONSE_TO_LECTIN	GOBP_RESPONSE_TO_LECTIN		22	0.5109816	1.224506	0.20106761	0.3687861	1.0	2092	tags=32%, list=11%, signal=36%	
GOBP_REGULATION_OF_WOUND_HEALING	GOBP_REGULATION_OF_WOUND_HEALING		125	0.37624577	1.2238169	0.11988304	0.3699442	1.0	2387	tags=24%, list=12%, signal=27%	
GOBP_REGULATION_OF_LAMELLIPODIUM_ORGANIZATION	GOBP_REGULATION_OF_LAMELLIPODIUM_ORGANIZATION		51	0.4287465	1.2237316	0.17874396	0.36986077	1.0	3779	tags=39%, list=19%, signal=49%	
GOBP_POSITIVE_REGULATION_OF_GLIOGENESIS	GOBP_POSITIVE_REGULATION_OF_GLIOGENESIS		68	0.4124203	1.2234865	0.14918032	0.37004974	1.0	2789	tags=29%, list=14%, signal=34%	
GOBP_REGULATION_OF_POSTSYNAPSE_ORGANIZATION	GOBP_REGULATION_OF_POSTSYNAPSE_ORGANIZATION		100	0.38215613	1.2234118	0.11956522	0.36993873	1.0	2093	tags=22%, list=11%, signal=25%	
GOBP_CELLULAR_RESPONSE_TO_OSMOTIC_STRESS	GOBP_CELLULAR_RESPONSE_TO_OSMOTIC_STRESS		55	0.42537388	1.2220435	0.17275748	0.37247962	1.0	3347	tags=33%, list=17%, signal=39%	
GOBP_POSITIVE_REGULATION_OF_NEURAL_PRECURSOR_CELL_PROLIFERATION	GOBP_POSITIVE_REGULATION_OF_NEURAL_PRECURSOR_CELL_PROLIFERATION		64	0.41266546	1.2215278	0.17165354	0.37332234	1.0	2764	tags=27%, list=14%, signal=31%	
GOBP_OPSONIZATION	GOBP_OPSONIZATION		17	0.5239219	1.2214803	0.21771218	0.37316468	1.0	1032	tags=29%, list=5%, signal=31%	
GOCC_BLOOD_MICROPARTICLE	GOCC_BLOOD_MICROPARTICLE		108	0.38156876	1.2214451	0.13649851	0.37298915	1.0	1275	tags=15%, list=7%, signal=16%	
GOBP_CALCIUM_DEPENDENT_CELL_CELL_ADHESION_VIA_PLASMA_MEMBRANE_CELL_ADHESION_MOLECULES	GOBP_CALCIUM_DEPENDENT_CELL_CELL_ADHESION_VIA_PLASMA_MEMBRANE_CELL_ADHESION_MOLECULES		47	0.43680623	1.2211307	0.15384616	0.37339404	1.0	3351	tags=28%, list=17%, signal=33%	
GOBP_COGNITION	GOBP_COGNITION		305	0.3434515	1.2209606	0.067183465	0.37347445	1.0	3096	tags=23%, list=16%, signal=27%	
GOBP_DNA_DAMAGE_RESPONSE_SIGNAL_TRANSDUCTION_BY_P53_CLASS_MEDIATOR	GOBP_DNA_DAMAGE_RESPONSE_SIGNAL_TRANSDUCTION_BY_P53_CLASS_MEDIATOR		70	0.41030934	1.2202746	0.15923567	0.37460968	1.0	2395	tags=24%, list=12%, signal=28%	
GOBP_REGULATION_OF_ESTABLISHMENT_OR_MAINTENANCE_OF_CELL_POLARITY	GOBP_REGULATION_OF_ESTABLISHMENT_OR_MAINTENANCE_OF_CELL_POLARITY		23	0.49764264	1.2196388	0.22262119	0.37564954	1.0	3868	tags=39%, list=20%, signal=49%	
GOBP_CARDIAC_CONDUCTION	GOBP_CARDIAC_CONDUCTION		95	0.3882986	1.2194192	0.1376	0.37583503	1.0	1224	tags=12%, list=6%, signal=12%	
GOBP_REPRODUCTIVE_BEHAVIOR	GOBP_REPRODUCTIVE_BEHAVIOR		45	0.44302776	1.219265	0.19482759	0.37591186	1.0	1184	tags=18%, list=6%, signal=19%	
GOBP_IRON_ION_TRANSMEMBRANE_TRANSPORT	GOBP_IRON_ION_TRANSMEMBRANE_TRANSPORT		21	0.5127513	1.2190353	0.21268657	0.37609598	1.0	1491	tags=24%, list=8%, signal=26%	
GOBP_POSITIVE_REGULATION_OF_LONG_TERM_SYNAPTIC_POTENTIATION	GOBP_POSITIVE_REGULATION_OF_LONG_TERM_SYNAPTIC_POTENTIATION		20	0.516353	1.2188656	0.21631879	0.3761911	1.0	1982	tags=20%, list=10%, signal=22%	
GOBP_DENDRITIC_SPINE_MORPHOGENESIS	GOBP_DENDRITIC_SPINE_MORPHOGENESIS		55	0.41988668	1.2183416	0.1598023	0.37701693	1.0	1800	tags=25%, list=9%, signal=28%	
GOBP_NEGATIVE_REGULATION_OF_G_PROTEIN_COUPLED_RECEPTOR_SIGNALING_PATHWAY	GOBP_NEGATIVE_REGULATION_OF_G_PROTEIN_COUPLED_RECEPTOR_SIGNALING_PATHWAY		61	0.4165132	1.2182498	0.17207792	0.37694678	1.0	3749	tags=31%, list=19%, signal=38%	
GOBP_CELLULAR_RESPONSE_TO_ATP	GOBP_CELLULAR_RESPONSE_TO_ATP		17	0.5340953	1.2181242	0.22524272	0.37695146	1.0	4056	tags=53%, list=21%, signal=67%	
GOBP_NEGATIVE_REGULATION_OF_MYELOID_CELL_DIFFERENTIATION	GOBP_NEGATIVE_REGULATION_OF_MYELOID_CELL_DIFFERENTIATION		76	0.40226334	1.2178016	0.15264797	0.37735003	1.0	2904	tags=26%, list=15%, signal=31%	
GOBP_NEGATIVE_REGULATION_OF_INTRINSIC_APOPTOTIC_SIGNALING_PATHWAY_IN_RESPONSE_TO_DNA_DAMAGE	GOBP_NEGATIVE_REGULATION_OF_INTRINSIC_APOPTOTIC_SIGNALING_PATHWAY_IN_RESPONSE_TO_DNA_DAMAGE		28	0.47213084	1.2172123	0.2003546	0.37830314	1.0	2395	tags=36%, list=12%, signal=41%	
GOBP_REGULATION_OF_LONG_TERM_SYNAPTIC_POTENTIATION	GOBP_REGULATION_OF_LONG_TERM_SYNAPTIC_POTENTIATION		44	0.4410086	1.2169377	0.2016529	0.37859765	1.0	2204	tags=20%, list=11%, signal=23%	
GOBP_APOPTOTIC_CELL_CLEARANCE	GOBP_APOPTOTIC_CELL_CLEARANCE		48	0.43761563	1.2162572	0.18941979	0.3797096	1.0	2694	tags=35%, list=14%, signal=41%	
GOBP_POSITIVE_REGULATION_OF_EXOCYTOSIS	GOBP_POSITIVE_REGULATION_OF_EXOCYTOSIS		77	0.40532425	1.2160976	0.15022762	0.37978083	1.0	2335	tags=26%, list=12%, signal=29%	
GOBP_RESPONSE_TO_ATP	GOBP_RESPONSE_TO_ATP		31	0.46308136	1.2156827	0.19397993	0.3803855	1.0	4056	tags=52%, list=21%, signal=65%	
GOBP_ARTERY_DEVELOPMENT	GOBP_ARTERY_DEVELOPMENT		104	0.38234955	1.2154716	0.14723927	0.380546	1.0	2407	tags=23%, list=12%, signal=26%	
GOBP_DETECTION_OF_TEMPERATURE_STIMULUS_INVOLVED_IN_SENSORY_PERCEPTION_OF_PAIN	GOBP_DETECTION_OF_TEMPERATURE_STIMULUS_INVOLVED_IN_SENSORY_PERCEPTION_OF_PAIN		19	0.5222335	1.2153213	0.21218075	0.3806023	1.0	1236	tags=21%, list=6%, signal=22%	
GOCC_PLASMA_MEMBRANE_RAFT	GOCC_PLASMA_MEMBRANE_RAFT		109	0.37464806	1.2149727	0.13030747	0.3810549	1.0	2556	tags=31%, list=13%, signal=36%	
GOCC_GAP_JUNCTION	GOCC_GAP_JUNCTION		29	0.47631484	1.2146955	0.21280277	0.38132924	1.0	2342	tags=21%, list=12%, signal=23%	
GOBP_RESPONSE_TO_CORTICOSTEROID	GOBP_RESPONSE_TO_CORTICOSTEROID		154	0.36281863	1.2143857	0.10810811	0.38172993	1.0	1524	tags=18%, list=8%, signal=19%	
GOBP_TUMOR_NECROSIS_FACTOR_MEDIATED_SIGNALING_PATHWAY	GOBP_TUMOR_NECROSIS_FACTOR_MEDIATED_SIGNALING_PATHWAY		108	0.37988827	1.2141972	0.13808802	0.38183874	1.0	3384	tags=29%, list=17%, signal=35%	
GOBP_POSITIVE_REGULATION_OF_B_CELL_MEDIATED_IMMUNITY	GOBP_POSITIVE_REGULATION_OF_B_CELL_MEDIATED_IMMUNITY		39	0.44607988	1.2136741	0.17615658	0.3826408	1.0	3020	tags=36%, list=16%, signal=42%	
GOBP_SKELETAL_SYSTEM_MORPHOGENESIS	GOBP_SKELETAL_SYSTEM_MORPHOGENESIS		219	0.35153475	1.2130706	0.1010929	0.3836256	1.0	3017	tags=23%, list=16%, signal=27%	
GOBP_REGULATION_OF_MONOATOMIC_ION_TRANSMEMBRANE_TRANSPORT	GOBP_REGULATION_OF_MONOATOMIC_ION_TRANSMEMBRANE_TRANSPORT		314	0.33860114	1.2127414	0.077419356	0.3840653	1.0	2945	tags=20%, list=15%, signal=23%	
GOBP_SPROUTING_ANGIOGENESIS	GOBP_SPROUTING_ANGIOGENESIS		129	0.37031373	1.2123935	0.13253012	0.38449907	1.0	2206	tags=22%, list=11%, signal=25%	
GOBP_NEURON_PROJECTION_EXTENSION	GOBP_NEURON_PROJECTION_EXTENSION		161	0.36262435	1.2121766	0.12765957	0.38467494	1.0	2926	tags=23%, list=15%, signal=27%	
GOBP_NEGATIVE_REGULATION_OF_TYPE_II_INTERFERON_PRODUCTION	GOBP_NEGATIVE_REGULATION_OF_TYPE_II_INTERFERON_PRODUCTION		39	0.45242697	1.2121412	0.17875211	0.38448825	1.0	1167	tags=23%, list=6%, signal=25%	
GOBP_RESPONSE_TO_ANGIOTENSIN	GOBP_RESPONSE_TO_ANGIOTENSIN		39	0.44627592	1.2116448	0.20304568	0.38526958	1.0	1714	tags=23%, list=9%, signal=25%	
GOBP_MEMORY	GOBP_MEMORY		121	0.37780318	1.210609	0.1283255	0.38721594	1.0	3023	tags=26%, list=16%, signal=31%	
GOBP_SERINE_FAMILY_AMINO_ACID_BIOSYNTHETIC_PROCESS	GOBP_SERINE_FAMILY_AMINO_ACID_BIOSYNTHETIC_PROCESS		16	0.5365139	1.2100973	0.2285192	0.38801524	1.0	2866	tags=31%, list=15%, signal=37%	
GOBP_REGULATION_OF_GLYCOGEN_METABOLIC_PROCESS	GOBP_REGULATION_OF_GLYCOGEN_METABOLIC_PROCESS		31	0.4663134	1.2099324	0.20659722	0.38810247	1.0	2029	tags=19%, list=10%, signal=22%	
GOBP_DEFENSE_RESPONSE_TO_VIRUS	GOBP_DEFENSE_RESPONSE_TO_VIRUS		295	0.34244895	1.2098684	0.076015726	0.38796374	1.0	2896	tags=23%, list=15%, signal=26%	
GOBP_REGULATION_OF_GLYCOPROTEIN_METABOLIC_PROCESS	GOBP_REGULATION_OF_GLYCOPROTEIN_METABOLIC_PROCESS		44	0.44085553	1.2098672	0.19080068	0.38770545	1.0	1867	tags=23%, list=10%, signal=25%	
GOBP_CARTILAGE_DEVELOPMENT	GOBP_CARTILAGE_DEVELOPMENT		193	0.35434678	1.2098486	0.122535214	0.38748297	1.0	3095	tags=27%, list=16%, signal=32%	
GOMF_DIPEPTIDASE_ACTIVITY	GOMF_DIPEPTIDASE_ACTIVITY		17	0.5278603	1.2089827	0.2647059	0.38901493	1.0	1865	tags=18%, list=10%, signal=20%	
GOBP_REGULATION_OF_NON_CANONICAL_WNT_SIGNALING_PATHWAY	GOBP_REGULATION_OF_NON_CANONICAL_WNT_SIGNALING_PATHWAY		26	0.48632136	1.2089375	0.21794872	0.38884395	1.0	1469	tags=19%, list=8%, signal=21%	
GOMF_R_SMAD_BINDING	GOMF_R_SMAD_BINDING		24	0.4927404	1.2085793	0.22262119	0.38930708	1.0	2814	tags=29%, list=14%, signal=34%	
GOMF_ENZYME_INHIBITOR_ACTIVITY	GOMF_ENZYME_INHIBITOR_ACTIVITY		356	0.33365297	1.208444	0.06367041	0.38929415	1.0	2987	tags=21%, list=15%, signal=24%	
GOCC_NUCLEAR_PERIPHERY	GOCC_NUCLEAR_PERIPHERY		146	0.36466086	1.2081487	0.12482663	0.38967925	1.0	2689	tags=19%, list=14%, signal=22%	
GOBP_LABYRINTHINE_LAYER_DEVELOPMENT	GOBP_LABYRINTHINE_LAYER_DEVELOPMENT		45	0.43598673	1.2072138	0.1923077	0.39136267	1.0	1942	tags=22%, list=10%, signal=25%	
GOBP_REGULATION_OF_BMP_SIGNALING_PATHWAY	GOBP_REGULATION_OF_BMP_SIGNALING_PATHWAY		96	0.39060563	1.207009	0.15797547	0.3915347	1.0	2350	tags=22%, list=12%, signal=25%	
GOMF_NUCLEAR_RETINOID_X_RECEPTOR_BINDING	GOMF_NUCLEAR_RETINOID_X_RECEPTOR_BINDING		17	0.52890575	1.2068881	0.21621622	0.39152676	1.0	2090	tags=24%, list=11%, signal=26%	
GOBP_REGULATION_OF_INCLUSION_BODY_ASSEMBLY	GOBP_REGULATION_OF_INCLUSION_BODY_ASSEMBLY		17	0.5146729	1.2068571	0.2575188	0.39133537	1.0	3795	tags=41%, list=20%, signal=51%	
GOBP_BASEMENT_MEMBRANE_ORGANIZATION	GOBP_BASEMENT_MEMBRANE_ORGANIZATION		38	0.44650128	1.2068441	0.21626298	0.39109373	1.0	2823	tags=39%, list=15%, signal=46%	
GOBP_HEART_PROCESS	GOBP_HEART_PROCESS		249	0.3462809	1.2066422	0.10560626	0.3912319	1.0	1975	tags=16%, list=10%, signal=18%	
GOBP_INTRACELLULAR_RECEPTOR_SIGNALING_PATHWAY	GOBP_INTRACELLULAR_RECEPTOR_SIGNALING_PATHWAY		359	0.33647338	1.2066215	0.06155779	0.39101207	1.0	3315	tags=25%, list=17%, signal=30%	
GOBP_LONG_CHAIN_FATTY_ACID_TRANSPORT	GOBP_LONG_CHAIN_FATTY_ACID_TRANSPORT		65	0.40161058	1.2057904	0.17333333	0.39249834	1.0	2900	tags=23%, list=15%, signal=27%	
GOBP_REGULATION_OF_GENERATION_OF_PRECURSOR_METABOLITES_AND_ENERGY	GOBP_REGULATION_OF_GENERATION_OF_PRECURSOR_METABOLITES_AND_ENERGY		124	0.37170914	1.2041618	0.14509246	0.39555836	1.0	2224	tags=15%, list=11%, signal=17%	
GOBP_REGULATION_OF_ANIMAL_ORGAN_MORPHOGENESIS	GOBP_REGULATION_OF_ANIMAL_ORGAN_MORPHOGENESIS		88	0.3863667	1.2034305	0.16164818	0.3968432	1.0	2345	tags=20%, list=12%, signal=23%	
GOMF_PHOSPHATIDYLSERINE_BINDING	GOMF_PHOSPHATIDYLSERINE_BINDING		67	0.41075572	1.203349	0.16720779	0.39675853	1.0	3440	tags=30%, list=18%, signal=36%	
GOBP_MORPHOGENESIS_OF_AN_EPITHELIAL_SHEET	GOBP_MORPHOGENESIS_OF_AN_EPITHELIAL_SHEET		62	0.41392845	1.2023308	0.18488745	0.3986427	1.0	2350	tags=21%, list=12%, signal=24%	
GOBP_NUCLEOSIDE_DIPHOSPHATE_CATABOLIC_PROCESS	GOBP_NUCLEOSIDE_DIPHOSPHATE_CATABOLIC_PROCESS		102	0.38225657	1.2016793	0.17214398	0.3997229	1.0	4068	tags=38%, list=21%, signal=48%	
GOBP_SKELETAL_MUSCLE_ORGAN_DEVELOPMENT	GOBP_SKELETAL_MUSCLE_ORGAN_DEVELOPMENT		176	0.35431245	1.2016064	0.13399154	0.3996064	1.0	3095	tags=26%, list=16%, signal=30%	
GOBP_POSITIVE_REGULATION_OF_ENDOTHELIAL_CELL_PROLIFERATION	GOBP_POSITIVE_REGULATION_OF_ENDOTHELIAL_CELL_PROLIFERATION		88	0.3834458	1.2016007	0.15384616	0.39935136	1.0	1911	tags=22%, list=10%, signal=24%	
GOBP_POSITIVE_REGULATION_OF_GLIAL_CELL_DIFFERENTIATION	GOBP_POSITIVE_REGULATION_OF_GLIAL_CELL_DIFFERENTIATION		43	0.43710437	1.2015625	0.1943463	0.39918295	1.0	1843	tags=21%, list=9%, signal=23%	
GOBP_REGULATION_OF_RHO_PROTEIN_SIGNAL_TRANSDUCTION	GOBP_REGULATION_OF_RHO_PROTEIN_SIGNAL_TRANSDUCTION		85	0.39007705	1.2005514	0.17335473	0.40105763	1.0	3230	tags=33%, list=17%, signal=39%	
GOMF_LIPOPROTEIN_PARTICLE_RECEPTOR_ACTIVITY	GOMF_LIPOPROTEIN_PARTICLE_RECEPTOR_ACTIVITY		18	0.52237594	1.2005354	0.22709924	0.40082294	1.0	1149	tags=39%, list=6%, signal=41%	
GOBP_CELL_CELL_JUNCTION_ORGANIZATION	GOBP_CELL_CELL_JUNCTION_ORGANIZATION		206	0.34976393	1.2004997	0.114365414	0.40062988	1.0	2382	tags=20%, list=12%, signal=22%	
GOMF_PROTEIN_TYROSINE_KINASE_ACTIVITY	GOMF_PROTEIN_TYROSINE_KINASE_ACTIVITY		137	0.3657599	1.2001108	0.15629523	0.40120563	1.0	2955	tags=26%, list=15%, signal=31%	
GOBP_CRANIAL_NERVE_MORPHOGENESIS	GOBP_CRANIAL_NERVE_MORPHOGENESIS		31	0.46157756	1.1999726	0.21217391	0.40124804	1.0	1891	tags=19%, list=10%, signal=21%	
GOBP_POSITIVE_REGULATION_OF_NEUROGENESIS	GOBP_POSITIVE_REGULATION_OF_NEUROGENESIS		237	0.34432298	1.199514	0.10469799	0.40194076	1.0	2802	tags=22%, list=14%, signal=25%	
GOBP_VENTRICULAR_CARDIAC_MUSCLE_TISSUE_DEVELOPMENT	GOBP_VENTRICULAR_CARDIAC_MUSCLE_TISSUE_DEVELOPMENT		61	0.40989754	1.1994216	0.2	0.40186882	1.0	1308	tags=20%, list=7%, signal=21%	
GOBP_PHOSPHATIDYLSERINE_METABOLIC_PROCESS	GOBP_PHOSPHATIDYLSERINE_METABOLIC_PROCESS		23	0.48458725	1.1986077	0.23049645	0.40330026	1.0	1682	tags=22%, list=9%, signal=24%	
GOBP_EMBRYONIC_ORGAN_DEVELOPMENT	GOBP_EMBRYONIC_ORGAN_DEVELOPMENT		445	0.32656768	1.1984832	0.06396064	0.4032918	1.0	3005	tags=20%, list=15%, signal=24%	
GOBP_NEGATIVE_REGULATION_OF_CALCINEURIN_MEDIATED_SIGNALING	GOBP_NEGATIVE_REGULATION_OF_CALCINEURIN_MEDIATED_SIGNALING		15	0.52857023	1.1982998	0.24015749	0.40342057	1.0	2923	tags=40%, list=15%, signal=47%	
GOCC_MICROBODY_LUMEN	GOCC_MICROBODY_LUMEN		48	0.4204732	1.1981179	0.18833333	0.4034979	1.0	2480	tags=17%, list=13%, signal=19%	
GOMF_MHC_PROTEIN_BINDING	GOMF_MHC_PROTEIN_BINDING		28	0.46708652	1.1977186	0.2125	0.40410334	1.0	2167	tags=36%, list=11%, signal=40%	
GOBP_ACID_SECRETION	GOBP_ACID_SECRETION		43	0.43324876	1.1974753	0.20989761	0.4043477	1.0	2156	tags=16%, list=11%, signal=18%	
GOBP_ADENYLATE_CYCLASE_INHIBITING_G_PROTEIN_COUPLED_RECEPTOR_SIGNALING_PATHWAY	GOBP_ADENYLATE_CYCLASE_INHIBITING_G_PROTEIN_COUPLED_RECEPTOR_SIGNALING_PATHWAY		76	0.40051618	1.196981	0.1875	0.40513495	1.0	2275	tags=13%, list=12%, signal=15%	
GOBP_REGULATION_OF_EXCITATORY_SYNAPSE_ASSEMBLY	GOBP_REGULATION_OF_EXCITATORY_SYNAPSE_ASSEMBLY		16	0.5315113	1.1967295	0.24615385	0.40541682	1.0	1628	tags=31%, list=8%, signal=34%	
GOMF_VITAMIN_BINDING	GOMF_VITAMIN_BINDING		139	0.36114925	1.1961553	0.1567489	0.40633506	1.0	1929	tags=17%, list=10%, signal=19%	
GOMF_NUCLEOSIDE_TRIPHOSPHATASE_REGULATOR_ACTIVITY	GOMF_NUCLEOSIDE_TRIPHOSPHATASE_REGULATOR_ACTIVITY		456	0.32427746	1.1957204	0.076642334	0.40698856	1.0	2578	tags=20%, list=13%, signal=22%	
GOBP_BONE_DEVELOPMENT	GOBP_BONE_DEVELOPMENT		203	0.34895518	1.1954998	0.10497238	0.40717828	1.0	2350	tags=21%, list=12%, signal=24%	
GOBP_POSITIVE_REGULATION_OF_NATURAL_KILLER_CELL_ACTIVATION	GOBP_POSITIVE_REGULATION_OF_NATURAL_KILLER_CELL_ACTIVATION		21	0.4963676	1.1952264	0.25794393	0.4075093	1.0	2743	tags=29%, list=14%, signal=33%	
GOBP_ORGANIC_ACID_TRANSPORT	GOBP_ORGANIC_ACID_TRANSPORT		337	0.33489472	1.1949927	0.0971867	0.40773723	1.0	2424	tags=18%, list=12%, signal=20%	
GOBP_POSITIVE_REGULATION_OF_PHOSPHOLIPASE_ACTIVITY	GOBP_POSITIVE_REGULATION_OF_PHOSPHOLIPASE_ACTIVITY		39	0.44227946	1.1948209	0.22931035	0.4078192	1.0	2955	tags=31%, list=15%, signal=36%	
GOBP_GRANULOCYTE_MACROPHAGE_COLONY_STIMULATING_FACTOR_PRODUCTION	GOBP_GRANULOCYTE_MACROPHAGE_COLONY_STIMULATING_FACTOR_PRODUCTION		17	0.5287588	1.194782	0.23388582	0.4076384	1.0	652	tags=24%, list=3%, signal=24%	
GOMF_INTRAMOLECULAR_OXIDOREDUCTASE_ACTIVITY_TRANSPOSING_C_C_BONDS	GOMF_INTRAMOLECULAR_OXIDOREDUCTASE_ACTIVITY_TRANSPOSING_C_C_BONDS		16	0.5251437	1.194698	0.2446184	0.40756416	1.0	26	tags=6%, list=0%, signal=6%	
GOCC_APICOLATERAL_PLASMA_MEMBRANE	GOCC_APICOLATERAL_PLASMA_MEMBRANE		22	0.49707845	1.1943976	0.2440367	0.40794215	1.0	2093	tags=27%, list=11%, signal=31%	
GOBP_ANDROGEN_RECEPTOR_SIGNALING_PATHWAY	GOBP_ANDROGEN_RECEPTOR_SIGNALING_PATHWAY		49	0.4250008	1.1943214	0.17815126	0.40783006	1.0	982	tags=10%, list=5%, signal=11%	
GOBP_REGULATION_OF_CALCIUM_ION_IMPORT	GOBP_REGULATION_OF_CALCIUM_ION_IMPORT		44	0.43688956	1.1939851	0.1996587	0.40829867	1.0	842	tags=14%, list=4%, signal=14%	
GOBP_POSITIVE_REGULATION_OF_PHOSPHATASE_ACTIVITY	GOBP_POSITIVE_REGULATION_OF_PHOSPHATASE_ACTIVITY		26	0.4798679	1.1939099	0.24363637	0.40818164	1.0	3095	tags=27%, list=16%, signal=32%	
GOBP_DEVELOPMENTAL_GROWTH_INVOLVED_IN_MORPHOGENESIS	GOBP_DEVELOPMENTAL_GROWTH_INVOLVED_IN_MORPHOGENESIS		224	0.34567326	1.1938072	0.12225275	0.4081406	1.0	2926	tags=21%, list=15%, signal=25%	
GOBP_REGULATION_OF_SYNAPTIC_VESICLE_EXOCYTOSIS	GOBP_REGULATION_OF_SYNAPTIC_VESICLE_EXOCYTOSIS		42	0.4341199	1.1935047	0.20491803	0.40848127	1.0	1847	tags=19%, list=10%, signal=21%	
GOBP_REGULATION_OF_CANONICAL_WNT_SIGNALING_PATHWAY	GOBP_REGULATION_OF_CANONICAL_WNT_SIGNALING_PATHWAY		239	0.34050936	1.1934333	0.116	0.40837333	1.0	2428	tags=19%, list=13%, signal=22%	
GOBP_RIBONUCLEOSIDE_METABOLIC_PROCESS	GOBP_RIBONUCLEOSIDE_METABOLIC_PROCESS		35	0.45493177	1.1933725	0.21428572	0.40824783	1.0	2706	tags=20%, list=14%, signal=23%	
GOBP_REGULATION_OF_CARBOHYDRATE_BIOSYNTHETIC_PROCESS	GOBP_REGULATION_OF_CARBOHYDRATE_BIOSYNTHETIC_PROCESS		89	0.37947682	1.1933626	0.17563291	0.40800318	1.0	2387	tags=18%, list=12%, signal=20%	
GOBP_FOREBRAIN_REGIONALIZATION	GOBP_FOREBRAIN_REGIONALIZATION		24	0.47336692	1.1932302	0.24907748	0.4080201	1.0	2007	tags=13%, list=10%, signal=14%	
GOMF_IRON_ION_BINDING	GOMF_IRON_ION_BINDING		147	0.3573186	1.1930208	0.13920455	0.40815353	1.0	1916	tags=19%, list=10%, signal=21%	
GOBP_ASPARTATE_FAMILY_AMINO_ACID_METABOLIC_PROCESS	GOBP_ASPARTATE_FAMILY_AMINO_ACID_METABOLIC_PROCESS		40	0.43524423	1.19285	0.20717782	0.4082541	1.0	925	tags=10%, list=5%, signal=10%	
GOBP_NEGATIVE_REGULATION_OF_MUSCLE_HYPERTROPHY	GOBP_NEGATIVE_REGULATION_OF_MUSCLE_HYPERTROPHY		28	0.47194397	1.1926984	0.21288015	0.40830514	1.0	1843	tags=18%, list=9%, signal=20%	
GOBP_NEGATIVE_REGULATION_OF_FIBROBLAST_GROWTH_FACTOR_RECEPTOR_SIGNALING_PATHWAY	GOBP_NEGATIVE_REGULATION_OF_FIBROBLAST_GROWTH_FACTOR_RECEPTOR_SIGNALING_PATHWAY		19	0.49759254	1.1926702	0.25438598	0.40810108	1.0	1055	tags=26%, list=5%, signal=28%	
GOBP_POSITIVE_REGULATION_OF_DNA_BINDING	GOBP_POSITIVE_REGULATION_OF_DNA_BINDING		34	0.4494677	1.1924615	0.22782609	0.40829447	1.0	1662	tags=21%, list=9%, signal=22%	
GOBP_ORGANIC_ANION_TRANSPORT	GOBP_ORGANIC_ANION_TRANSPORT		434	0.32522553	1.1922101	0.07540173	0.40861085	1.0	2370	tags=17%, list=12%, signal=19%	
GOBP_REGULATION_OF_PLASMA_MEMBRANE_ORGANIZATION	GOBP_REGULATION_OF_PLASMA_MEMBRANE_ORGANIZATION		17	0.5299384	1.1919296	0.2259887	0.40896276	1.0	4485	tags=59%, list=23%, signal=76%	
GOMF_HYDROLASE_ACTIVITY_ACTING_ON_CARBON_NITROGEN_BUT_NOT_PEPTIDE_BONDS	GOMF_HYDROLASE_ACTIVITY_ACTING_ON_CARBON_NITROGEN_BUT_NOT_PEPTIDE_BONDS		132	0.36524695	1.1916138	0.14244185	0.40936613	1.0	3313	tags=23%, list=17%, signal=28%	
GOBP_POSITIVE_REGULATION_OF_CELL_PROJECTION_ORGANIZATION	GOBP_POSITIVE_REGULATION_OF_CELL_PROJECTION_ORGANIZATION		339	0.32677844	1.1915815	0.09724047	0.4091654	1.0	2802	tags=22%, list=14%, signal=25%	
GOBP_IMMUNE_SYSTEM_DEVELOPMENT	GOBP_IMMUNE_SYSTEM_DEVELOPMENT		187	0.3480759	1.1914809	0.13832854	0.40911782	1.0	3020	tags=23%, list=16%, signal=27%	
GOBP_CARBOHYDRATE_DERIVATIVE_TRANSPORT	GOBP_CARBOHYDRATE_DERIVATIVE_TRANSPORT		89	0.38198307	1.1914684	0.17236024	0.40887842	1.0	3057	tags=28%, list=16%, signal=33%	
GOCC_CLATHRIN_COATED_ENDOCYTIC_VESICLE_MEMBRANE	GOCC_CLATHRIN_COATED_ENDOCYTIC_VESICLE_MEMBRANE		71	0.39803883	1.1914132	0.18126889	0.40873757	1.0	2626	tags=25%, list=14%, signal=29%	
GOCC_PRESYNAPTIC_ACTIVE_ZONE_MEMBRANE	GOCC_PRESYNAPTIC_ACTIVE_ZONE_MEMBRANE		31	0.46317685	1.1911218	0.23321554	0.4091024	1.0	3353	tags=32%, list=17%, signal=39%	
GOBP_NEGATIVE_REGULATION_OF_BONE_MINERALIZATION	GOBP_NEGATIVE_REGULATION_OF_BONE_MINERALIZATION		17	0.5216264	1.1909921	0.24953446	0.4091178	1.0	1628	tags=41%, list=8%, signal=45%	
GOBP_REGULATION_OF_RELEASE_OF_CYTOCHROME_C_FROM_MITOCHONDRIA	GOBP_REGULATION_OF_RELEASE_OF_CYTOCHROME_C_FROM_MITOCHONDRIA		43	0.4307996	1.1908761	0.21451613	0.40909052	1.0	2566	tags=23%, list=13%, signal=27%	
GOMF_DNA_BINDING_TRANSCRIPTION_ACTIVATOR_ACTIVITY	GOMF_DNA_BINDING_TRANSCRIPTION_ACTIVATOR_ACTIVITY		463	0.3227637	1.1906703	0.051643193	0.40926403	1.0	3130	tags=20%, list=16%, signal=23%	
GOBP_INSULIN_LIKE_GROWTH_FACTOR_RECEPTOR_SIGNALING_PATHWAY	GOBP_INSULIN_LIKE_GROWTH_FACTOR_RECEPTOR_SIGNALING_PATHWAY		50	0.42230707	1.1905042	0.19204152	0.4093116	1.0	1203	tags=12%, list=6%, signal=13%	
GOMF_LOW_DENSITY_LIPOPROTEIN_PARTICLE_RECEPTOR_ACTIVITY	GOMF_LOW_DENSITY_LIPOPROTEIN_PARTICLE_RECEPTOR_ACTIVITY		15	0.5459434	1.1901283	0.256705	0.40983286	1.0	1149	tags=40%, list=6%, signal=42%	
GOBP_BIOLOGICAL_PROCESS_INVOLVED_IN_INTERACTION_WITH_SYMBIONT	GOBP_BIOLOGICAL_PROCESS_INVOLVED_IN_INTERACTION_WITH_SYMBIONT		114	0.36963305	1.1900905	0.16275659	0.40965778	1.0	2335	tags=18%, list=12%, signal=21%	
GOMF_GAP_JUNCTION_CHANNEL_ACTIVITY	GOMF_GAP_JUNCTION_CHANNEL_ACTIVITY		23	0.48599184	1.1899667	0.23583181	0.4096728	1.0	951	tags=17%, list=5%, signal=18%	
GOMF_LAMININ_BINDING	GOMF_LAMININ_BINDING		28	0.46865204	1.1897956	0.21769911	0.40978858	1.0	2339	tags=36%, list=12%, signal=41%	
GOBP_RESPONSE_TO_OXIDATIVE_STRESS	GOBP_RESPONSE_TO_OXIDATIVE_STRESS		367	0.32879794	1.1894611	0.09664948	0.41024342	1.0	3040	tags=22%, list=16%, signal=26%	
GOBP_PRESYNAPSE_ORGANIZATION	GOBP_PRESYNAPSE_ORGANIZATION		53	0.41992524	1.1894475	0.19865319	0.4100102	1.0	1727	tags=19%, list=9%, signal=21%	
GOBP_GLAND_MORPHOGENESIS	GOBP_GLAND_MORPHOGENESIS		125	0.36665976	1.1892558	0.15465465	0.41014007	1.0	2955	tags=28%, list=15%, signal=33%	
GOBP_IMMUNE_RESPONSE_TO_TUMOR_CELL	GOBP_IMMUNE_RESPONSE_TO_TUMOR_CELL		28	0.4759128	1.1886992	0.24175824	0.4110826	1.0	1821	tags=21%, list=9%, signal=24%	
GOBP_REGULATION_OF_CHONDROCYTE_DIFFERENTIATION	GOBP_REGULATION_OF_CHONDROCYTE_DIFFERENTIATION		47	0.42516816	1.1885874	0.20707071	0.41106454	1.0	2166	tags=23%, list=11%, signal=26%	
GOBP_SINGLE_STRANDED_VIRAL_RNA_REPLICATION_VIA_DOUBLE_STRANDED_DNA_INTERMEDIATE	GOBP_SINGLE_STRANDED_VIRAL_RNA_REPLICATION_VIA_DOUBLE_STRANDED_DNA_INTERMEDIATE		18	0.5149346	1.1885111	0.27703986	0.41097075	1.0	2187	tags=22%, list=11%, signal=25%	
GOMF_L_ASCORBIC_ACID_BINDING	GOMF_L_ASCORBIC_ACID_BINDING		20	0.49053344	1.1880957	0.2349624	0.41158748	1.0	1825	tags=35%, list=9%, signal=39%	
GOBP_REGULATION_OF_NUCLEASE_ACTIVITY	GOBP_REGULATION_OF_NUCLEASE_ACTIVITY		21	0.494345	1.1874326	0.25373134	0.4127557	1.0	5380	tags=57%, list=28%, signal=79%	
GOMF_E_BOX_BINDING	GOMF_E_BOX_BINDING		56	0.41426495	1.1872022	0.19666667	0.41303483	1.0	2075	tags=18%, list=11%, signal=20%	
GOBP_MYELIN_ASSEMBLY	GOBP_MYELIN_ASSEMBLY		21	0.5012748	1.1865312	0.23809524	0.4141803	1.0	2207	tags=29%, list=11%, signal=32%	
GOBP_REGULATION_OF_NEURON_APOPTOTIC_PROCESS	GOBP_REGULATION_OF_NEURON_APOPTOTIC_PROCESS		230	0.3426917	1.1858474	0.11288181	0.41542187	1.0	2205	tags=17%, list=11%, signal=19%	
GOBP_CARDIAC_EPITHELIAL_TO_MESENCHYMAL_TRANSITION	GOBP_CARDIAC_EPITHELIAL_TO_MESENCHYMAL_TRANSITION		37	0.4437201	1.1857035	0.22574955	0.41547728	1.0	2345	tags=30%, list=12%, signal=34%	
GOMF_HYDROLASE_ACTIVITY_ACTING_ON_CARBON_NITROGEN_BUT_NOT_PEPTIDE_BONDS_IN_CYCLIC_AMIDES	GOMF_HYDROLASE_ACTIVITY_ACTING_ON_CARBON_NITROGEN_BUT_NOT_PEPTIDE_BONDS_IN_CYCLIC_AMIDES		15	0.531121	1.1848711	0.2559524	0.4170572	1.0	645	tags=20%, list=3%, signal=21%	
GOBP_G_PROTEIN_COUPLED_RECEPTOR_SIGNALING_PATHWAY_COUPLED_TO_CYCLIC_NUCLEOTIDE_SECOND_MESSENGER	GOBP_G_PROTEIN_COUPLED_RECEPTOR_SIGNALING_PATHWAY_COUPLED_TO_CYCLIC_NUCLEOTIDE_SECOND_MESSENGER		56	0.41198754	1.1845862	0.19554849	0.41739884	1.0	2435	tags=13%, list=13%, signal=14%	
GOBP_PURINE_CONTAINING_COMPOUND_TRANSMEMBRANE_TRANSPORT	GOBP_PURINE_CONTAINING_COMPOUND_TRANSMEMBRANE_TRANSPORT		38	0.44577757	1.1830952	0.22279793	0.42040431	1.0	1668	tags=21%, list=9%, signal=23%	
GOCC_OXIDOREDUCTASE_COMPLEX	GOCC_OXIDOREDUCTASE_COMPLEX		104	0.37463954	1.1830506	0.1748879	0.4202267	1.0	1418	tags=13%, list=7%, signal=14%	
GOBP_NEURON_APOPTOTIC_PROCESS	GOBP_NEURON_APOPTOTIC_PROCESS		278	0.3327088	1.1828831	0.104761906	0.4203168	1.0	3288	tags=24%, list=17%, signal=29%	
GOBP_TUBE_FORMATION	GOBP_TUBE_FORMATION		146	0.36132017	1.1819549	0.15406562	0.42203498	1.0	1843	tags=15%, list=9%, signal=17%	
GOBP_ARTERY_MORPHOGENESIS	GOBP_ARTERY_MORPHOGENESIS		73	0.39471775	1.181329	0.19639935	0.42314646	1.0	3315	tags=33%, list=17%, signal=39%	
GOBP_CELLULAR_RESPONSE_TO_CALCIUM_ION	GOBP_CELLULAR_RESPONSE_TO_CALCIUM_ION		68	0.39418548	1.1810555	0.21193093	0.42350814	1.0	2653	tags=26%, list=14%, signal=31%	
GOBP_ENERGY_RESERVE_METABOLIC_PROCESS	GOBP_ENERGY_RESERVE_METABOLIC_PROCESS		88	0.38271993	1.1809595	0.20751634	0.42345414	1.0	2425	tags=20%, list=12%, signal=23%	
GOBP_REGULATION_OF_BIOMINERAL_TISSUE_DEVELOPMENT	GOBP_REGULATION_OF_BIOMINERAL_TISSUE_DEVELOPMENT		95	0.37865776	1.1797156	0.19278997	0.42590222	1.0	3095	tags=37%, list=16%, signal=44%	
GOBP_NEGATIVE_REGULATION_OF_MUSCLE_CONTRACTION	GOBP_NEGATIVE_REGULATION_OF_MUSCLE_CONTRACTION		19	0.5121805	1.1795747	0.25519848	0.42596027	1.0	1322	tags=21%, list=7%, signal=23%	
GOBP_MONOCYTE_DIFFERENTIATION	GOBP_MONOCYTE_DIFFERENTIATION		34	0.44870627	1.1795728	0.22340426	0.42569435	1.0	3144	tags=35%, list=16%, signal=42%	
GOBP_DETECTION_OF_MECHANICAL_STIMULUS	GOBP_DETECTION_OF_MECHANICAL_STIMULUS		52	0.41483933	1.1790277	0.21192053	0.42661113	1.0	3040	tags=29%, list=16%, signal=34%	
GOMF_OXYSTEROL_BINDING	GOMF_OXYSTEROL_BINDING		16	0.52878803	1.1785264	0.28543308	0.42745948	1.0	3551	tags=38%, list=18%, signal=46%	
GOCC_GLUTAMATERGIC_SYNAPSE	GOCC_GLUTAMATERGIC_SYNAPSE		410	0.32249877	1.1784664	0.08610086	0.42732486	1.0	2354	tags=19%, list=12%, signal=21%	
GOBP_BLOOD_VESSEL_ENDOTHELIAL_CELL_MIGRATION	GOBP_BLOOD_VESSEL_ENDOTHELIAL_CELL_MIGRATION		114	0.36618114	1.178349	0.19026549	0.42729157	1.0	2387	tags=24%, list=12%, signal=27%	
GOBP_NEGATIVE_REGULATION_OF_DNA_BINDING	GOBP_NEGATIVE_REGULATION_OF_DNA_BINDING		29	0.45558253	1.1779212	0.23572744	0.4279937	1.0	2395	tags=28%, list=12%, signal=31%	
GOBP_REGULATION_OF_CALCIUM_ION_TRANSMEMBRANE_TRANSPORT	GOBP_REGULATION_OF_CALCIUM_ION_TRANSMEMBRANE_TRANSPORT		157	0.35296488	1.1778017	0.1577424	0.42799544	1.0	3740	tags=24%, list=19%, signal=30%	
GOBP_EMBRYONIC_PLACENTA_MORPHOGENESIS	GOBP_EMBRYONIC_PLACENTA_MORPHOGENESIS		23	0.48414302	1.1777693	0.2650376	0.42779303	1.0	1712	tags=26%, list=9%, signal=29%	
GOBP_ZYMOGEN_ACTIVATION	GOBP_ZYMOGEN_ACTIVATION		56	0.40907377	1.1777171	0.21548821	0.42766207	1.0	2138	tags=23%, list=11%, signal=26%	
GOBP_REGULATION_OF_FILOPODIUM_ASSEMBLY	GOBP_REGULATION_OF_FILOPODIUM_ASSEMBLY		45	0.41786176	1.1776633	0.22689076	0.42750886	1.0	3857	tags=42%, list=20%, signal=53%	
GOBP_NEGATIVE_REGULATION_OF_MUSCLE_CELL_DIFFERENTIATION	GOBP_NEGATIVE_REGULATION_OF_MUSCLE_CELL_DIFFERENTIATION		60	0.40519226	1.1763624	0.2099359	0.43010712	1.0	3157	tags=23%, list=16%, signal=28%	
GOBP_CELL_JUNCTION_ASSEMBLY	GOBP_CELL_JUNCTION_ASSEMBLY		441	0.3209897	1.1756338	0.09535759	0.43145004	1.0	2377	tags=18%, list=12%, signal=20%	
GOBP_PHARYNGEAL_SYSTEM_DEVELOPMENT	GOBP_PHARYNGEAL_SYSTEM_DEVELOPMENT		30	0.45639655	1.1754141	0.22495607	0.4316763	1.0	520	tags=17%, list=3%, signal=17%	
GOBP_REGULATION_OF_JNK_CASCADE	GOBP_REGULATION_OF_JNK_CASCADE		136	0.35863715	1.1752863	0.16468842	0.4316791	1.0	3312	tags=28%, list=17%, signal=33%	
GOBP_ENDOTHELIAL_CELL_CHEMOTAXIS	GOBP_ENDOTHELIAL_CELL_CHEMOTAXIS		27	0.46922895	1.1750636	0.24954791	0.4319135	1.0	3035	tags=30%, list=16%, signal=35%	
GOBP_NEGATIVE_REGULATION_OF_CYSTEINE_TYPE_ENDOPEPTIDASE_ACTIVITY_INVOLVED_IN_APOPTOTIC_PROCESS	GOBP_NEGATIVE_REGULATION_OF_CYSTEINE_TYPE_ENDOPEPTIDASE_ACTIVITY_INVOLVED_IN_APOPTOTIC_PROCESS		47	0.41784456	1.1749167	0.2058319	0.43197334	1.0	4103	tags=36%, list=21%, signal=46%	
GOBP_NEGATIVE_REGULATION_OF_RESPONSE_TO_CYTOKINE_STIMULUS	GOBP_NEGATIVE_REGULATION_OF_RESPONSE_TO_CYTOKINE_STIMULUS		80	0.38794482	1.1748582	0.19692308	0.43183398	1.0	2978	tags=28%, list=15%, signal=32%	
GOBP_REGULATION_OF_SYNAPSE_STRUCTURE_OR_ACTIVITY	GOBP_REGULATION_OF_SYNAPSE_STRUCTURE_OR_ACTIVITY		246	0.33202633	1.1747699	0.12416556	0.43176234	1.0	2685	tags=23%, list=14%, signal=27%	
GOBP_POSITIVE_REGULATION_OF_FIBROBLAST_PROLIFERATION	GOBP_POSITIVE_REGULATION_OF_FIBROBLAST_PROLIFERATION		53	0.41590342	1.1742278	0.23063973	0.4326512	1.0	1541	tags=13%, list=8%, signal=14%	
GOBP_SENSORY_PERCEPTION_OF_PAIN	GOBP_SENSORY_PERCEPTION_OF_PAIN		72	0.39112526	1.1740555	0.19571866	0.43275756	1.0	2339	tags=18%, list=12%, signal=20%	
GOBP_PROTEIN_DEPOLYMERIZATION	GOBP_PROTEIN_DEPOLYMERIZATION		111	0.3666041	1.1736475	0.16491754	0.43341485	1.0	3961	tags=35%, list=20%, signal=44%	
GOBP_NEGATIVE_REGULATION_OF_WNT_SIGNALING_PATHWAY	GOBP_NEGATIVE_REGULATION_OF_WNT_SIGNALING_PATHWAY		158	0.35147795	1.1733111	0.15182482	0.43390703	1.0	2116	tags=15%, list=11%, signal=17%	
GOBP_ADENYLATE_CYCLASE_ACTIVATING_G_PROTEIN_COUPLED_RECEPTOR_SIGNALING_PATHWAY	GOBP_ADENYLATE_CYCLASE_ACTIVATING_G_PROTEIN_COUPLED_RECEPTOR_SIGNALING_PATHWAY		162	0.35072178	1.1729848	0.17841727	0.43436033	1.0	2903	tags=22%, list=15%, signal=25%	
GOBP_EMBRYONIC_HEMOPOIESIS	GOBP_EMBRYONIC_HEMOPOIESIS		24	0.48310015	1.1723675	0.26678765	0.43544766	1.0	2499	tags=33%, list=13%, signal=38%	
GOBP_NEGATIVE_REGULATION_OF_HYDROLASE_ACTIVITY	GOBP_NEGATIVE_REGULATION_OF_HYDROLASE_ACTIVITY		181	0.34432092	1.1723154	0.15007216	0.435296	1.0	2368	tags=21%, list=12%, signal=24%	
GOBP_CENTRAL_NERVOUS_SYSTEM_NEURON_DEVELOPMENT	GOBP_CENTRAL_NERVOUS_SYSTEM_NEURON_DEVELOPMENT		82	0.3807174	1.1721663	0.2096	0.435354	1.0	2924	tags=24%, list=15%, signal=29%	
GOBP_REGULATION_OF_ENDOTHELIAL_CELL_CHEMOTAXIS	GOBP_REGULATION_OF_ENDOTHELIAL_CELL_CHEMOTAXIS		20	0.48747498	1.1719406	0.2783883	0.43559384	1.0	3035	tags=35%, list=16%, signal=41%	
GOMF_MAGNESIUM_ION_BINDING	GOMF_MAGNESIUM_ION_BINDING		218	0.3393622	1.1718942	0.13667117	0.43543905	1.0	3873	tags=29%, list=20%, signal=36%	
GOBP_NEURAL_TUBE_FORMATION	GOBP_NEURAL_TUBE_FORMATION		100	0.3715338	1.17133	0.19423369	0.43638533	1.0	1712	tags=14%, list=9%, signal=15%	
GOBP_LONG_CHAIN_FATTY_ACYL_COA_METABOLIC_PROCESS	GOBP_LONG_CHAIN_FATTY_ACYL_COA_METABOLIC_PROCESS		25	0.47183105	1.1710336	0.24324325	0.4367398	1.0	3625	tags=44%, list=19%, signal=54%	
GOBP_POSITIVE_REGULATION_OF_PROTEIN_LOCALIZATION_TO_CELL_SURFACE	GOBP_POSITIVE_REGULATION_OF_PROTEIN_LOCALIZATION_TO_CELL_SURFACE		19	0.48788428	1.1710075	0.27552986	0.43652847	1.0	2156	tags=32%, list=11%, signal=35%	
GOBP_EXCITATORY_SYNAPSE_ASSEMBLY	GOBP_EXCITATORY_SYNAPSE_ASSEMBLY		32	0.44110164	1.1706123	0.24314442	0.4371118	1.0	1628	tags=22%, list=8%, signal=24%	
GOBP_TRABECULA_MORPHOGENESIS	GOBP_TRABECULA_MORPHOGENESIS		47	0.4206497	1.170198	0.21416526	0.4378069	1.0	2391	tags=26%, list=12%, signal=29%	
GOBP_MEMBRANE_REPOLARIZATION	GOBP_MEMBRANE_REPOLARIZATION		50	0.4164035	1.170192	0.23913044	0.4375577	1.0	3306	tags=30%, list=17%, signal=36%	
GOBP_INFLAMMATORY_RESPONSE_TO_WOUNDING	GOBP_INFLAMMATORY_RESPONSE_TO_WOUNDING		26	0.47777957	1.1701504	0.24731183	0.43738538	1.0	3005	tags=42%, list=15%, signal=50%	
GOBP_CELLULAR_RESPONSE_TO_LEPTIN_STIMULUS	GOBP_CELLULAR_RESPONSE_TO_LEPTIN_STIMULUS		17	0.5040684	1.1697088	0.3017544	0.43810043	1.0	1018	tags=18%, list=5%, signal=19%	
GOBP_POSITIVE_REGULATION_OF_STRESS_ACTIVATED_PROTEIN_KINASE_SIGNALING_CASCADE	GOBP_POSITIVE_REGULATION_OF_STRESS_ACTIVATED_PROTEIN_KINASE_SIGNALING_CASCADE		21	0.49395776	1.1692262	0.25268817	0.43890423	1.0	1910	tags=24%, list=10%, signal=26%	
GOBP_RESPONSE_TO_TYPE_I_INTERFERON	GOBP_RESPONSE_TO_TYPE_I_INTERFERON		85	0.37925145	1.1686896	0.2140625	0.43980995	1.0	2785	tags=18%, list=14%, signal=21%	
GOBP_DORSAL_VENTRAL_PATTERN_FORMATION	GOBP_DORSAL_VENTRAL_PATTERN_FORMATION		88	0.37476325	1.1684736	0.19818456	0.44001698	1.0	585	tags=7%, list=3%, signal=7%	
GOMF_PHOTORECEPTOR_ACTIVITY	GOMF_PHOTORECEPTOR_ACTIVITY		15	0.52988034	1.1684616	0.27413127	0.43976858	1.0	81	tags=7%, list=0%, signal=7%	
GOBP_SPHINGOLIPID_MEDIATED_SIGNALING_PATHWAY	GOBP_SPHINGOLIPID_MEDIATED_SIGNALING_PATHWAY		17	0.51527333	1.1684122	0.28125	0.4396255	1.0	2485	tags=41%, list=13%, signal=47%	
GOMF_VOLTAGE_GATED_MONOATOMIC_CATION_CHANNEL_ACTIVITY	GOMF_VOLTAGE_GATED_MONOATOMIC_CATION_CHANNEL_ACTIVITY		142	0.35230422	1.168405	0.1777151	0.43937522	1.0	1724	tags=13%, list=9%, signal=15%	
GOCC_CORTICAL_ACTIN_CYTOSKELETON	GOCC_CORTICAL_ACTIN_CYTOSKELETON		73	0.39003003	1.1682615	0.21993671	0.43944335	1.0	3961	tags=42%, list=20%, signal=53%	
GOBP_REGULATION_OF_NEUROBLAST_PROLIFERATION	GOBP_REGULATION_OF_NEUROBLAST_PROLIFERATION		50	0.4106915	1.1677749	0.22719449	0.44026676	1.0	3005	tags=28%, list=15%, signal=33%	
GOBP_LEUKOTRIENE_METABOLIC_PROCESS	GOBP_LEUKOTRIENE_METABOLIC_PROCESS		30	0.45486274	1.1666138	0.2464539	0.44258705	1.0	1604	tags=23%, list=8%, signal=25%	
GOMF_RECEPTOR_TYROSINE_KINASE_BINDING	GOMF_RECEPTOR_TYROSINE_KINASE_BINDING		77	0.3820986	1.1665474	0.201849	0.44246477	1.0	3176	tags=26%, list=16%, signal=31%	
GOBP_GLYCOSYL_COMPOUND_CATABOLIC_PROCESS	GOBP_GLYCOSYL_COMPOUND_CATABOLIC_PROCESS		34	0.43438733	1.1664958	0.23309608	0.4422997	1.0	2187	tags=18%, list=11%, signal=20%	
GOBP_STRIATED_MUSCLE_TISSUE_DEVELOPMENT	GOBP_STRIATED_MUSCLE_TISSUE_DEVELOPMENT		245	0.3336988	1.1661819	0.15699208	0.44272766	1.0	2961	tags=25%, list=15%, signal=29%	
GOBP_ESTABLISHMENT_OF_MITOCHONDRION_LOCALIZATION_MICROTUBULE_MEDIATED	GOBP_ESTABLISHMENT_OF_MITOCHONDRION_LOCALIZATION_MICROTUBULE_MEDIATED		26	0.46379966	1.1661325	0.2766727	0.44256067	1.0	3535	tags=35%, list=18%, signal=42%	
GOBP_REGULATION_OF_CELL_MIGRATION_INVOLVED_IN_SPROUTING_ANGIOGENESIS	GOBP_REGULATION_OF_CELL_MIGRATION_INVOLVED_IN_SPROUTING_ANGIOGENESIS		38	0.43630907	1.1661037	0.25971732	0.44235116	1.0	1843	tags=18%, list=9%, signal=20%	
GOBP_REGULATION_OF_SODIUM_ION_TRANSPORT	GOBP_REGULATION_OF_SODIUM_ION_TRANSPORT		78	0.37865752	1.1660784	0.18454258	0.44213894	1.0	3023	tags=24%, list=16%, signal=29%	
GOBP_INORGANIC_ION_IMPORT_ACROSS_PLASMA_MEMBRANE	GOBP_INORGANIC_ION_IMPORT_ACROSS_PLASMA_MEMBRANE		114	0.36345407	1.1645755	0.18847352	0.44526818	1.0	2962	tags=21%, list=15%, signal=25%	
GOCC_CELL_CORTEX	GOCC_CELL_CORTEX		289	0.32979304	1.1639221	0.13581891	0.44649306	1.0	3260	tags=27%, list=17%, signal=32%	
GOMF_RETINOL_BINDING	GOMF_RETINOL_BINDING		16	0.51409143	1.1632991	0.28290766	0.44759697	1.0	120	tags=13%, list=1%, signal=13%	
GOBP_MIRNA_PROCESSING	GOBP_MIRNA_PROCESSING		42	0.42670065	1.1629963	0.24871355	0.44800627	1.0	1121	tags=10%, list=6%, signal=10%	
GOBP_PROTEIN_HYDROXYLATION	GOBP_PROTEIN_HYDROXYLATION		22	0.47541517	1.1628188	0.28089887	0.44813675	1.0	2572	tags=45%, list=13%, signal=52%	
GOBP_CANONICAL_WNT_SIGNALING_PATHWAY	GOBP_CANONICAL_WNT_SIGNALING_PATHWAY		295	0.33110633	1.1626029	0.13863929	0.4483548	1.0	2366	tags=20%, list=12%, signal=22%	
GOBP_POSITIVE_REGULATION_OF_SYNAPSE_ASSEMBLY	GOBP_POSITIVE_REGULATION_OF_SYNAPSE_ASSEMBLY		63	0.3907457	1.1621602	0.22727273	0.44907153	1.0	2657	tags=25%, list=14%, signal=29%	
GOBP_INTERLEUKIN_5_PRODUCTION	GOBP_INTERLEUKIN_5_PRODUCTION		20	0.4866117	1.1620724	0.29749104	0.4489941	1.0	2789	tags=35%, list=14%, signal=41%	
GOBP_REGULATION_OF_COLLAGEN_METABOLIC_PROCESS	GOBP_REGULATION_OF_COLLAGEN_METABOLIC_PROCESS		34	0.44323134	1.1619123	0.26142597	0.4490713	1.0	2339	tags=24%, list=12%, signal=27%	
GOBP_EPITHELIAL_TO_MESENCHYMAL_TRANSITION	GOBP_EPITHELIAL_TO_MESENCHYMAL_TRANSITION		166	0.34774056	1.1614916	0.20289855	0.44970712	1.0	3005	tags=25%, list=15%, signal=30%	
GOBP_ENGULFMENT_OF_APOPTOTIC_CELL	GOBP_ENGULFMENT_OF_APOPTOTIC_CELL		15	0.5239864	1.1612713	0.27767694	0.44990936	1.0	3136	tags=40%, list=16%, signal=48%	
GOBP_NUCLEOSIDE_METABOLIC_PROCESS	GOBP_NUCLEOSIDE_METABOLIC_PROCESS		54	0.41287884	1.1612376	0.26226735	0.44970742	1.0	3060	tags=20%, list=16%, signal=24%	
GOBP_NEGATIVE_REGULATION_OF_T_CELL_APOPTOTIC_PROCESS	GOBP_NEGATIVE_REGULATION_OF_T_CELL_APOPTOTIC_PROCESS		24	0.47676596	1.1611907	0.27017543	0.4495322	1.0	1937	tags=42%, list=10%, signal=46%	
GOBP_IMMUNOGLOBULIN_PRODUCTION_INVOLVED_IN_IMMUNOGLOBULIN_MEDIATED_IMMUNE_RESPONSE	GOBP_IMMUNOGLOBULIN_PRODUCTION_INVOLVED_IN_IMMUNOGLOBULIN_MEDIATED_IMMUNE_RESPONSE		54	0.40117243	1.1611737	0.23355263	0.449304	1.0	3020	tags=26%, list=16%, signal=31%	
GOBP_POSITIVE_REGULATION_OF_ACTIN_FILAMENT_BUNDLE_ASSEMBLY	GOBP_POSITIVE_REGULATION_OF_ACTIN_FILAMENT_BUNDLE_ASSEMBLY		60	0.4013385	1.1610379	0.2359932	0.44933566	1.0	2430	tags=27%, list=13%, signal=30%	
GOMF_NEUREXIN_FAMILY_PROTEIN_BINDING	GOMF_NEUREXIN_FAMILY_PROTEIN_BINDING		15	0.5334586	1.1608083	0.27852997	0.44960716	1.0	3096	tags=40%, list=16%, signal=48%	
GOBP_REGULATION_OF_MYOTUBE_DIFFERENTIATION	GOBP_REGULATION_OF_MYOTUBE_DIFFERENTIATION		42	0.42104906	1.159992	0.22905983	0.45118538	1.0	3017	tags=21%, list=16%, signal=25%	
GOBP_POSITIVE_REGULATION_OF_JNK_CASCADE	GOBP_POSITIVE_REGULATION_OF_JNK_CASCADE		95	0.37813222	1.1596516	0.21384615	0.45169935	1.0	2796	tags=26%, list=14%, signal=31%	
GOBP_REGULATION_OF_CARBOHYDRATE_METABOLIC_PROCESS	GOBP_REGULATION_OF_CARBOHYDRATE_METABOLIC_PROCESS		167	0.3489361	1.1595366	0.17385444	0.45167506	1.0	3881	tags=26%, list=20%, signal=32%	
GOBP_IN_UTERO_EMBRYONIC_DEVELOPMENT	GOBP_IN_UTERO_EMBRYONIC_DEVELOPMENT		387	0.31802338	1.158865	0.115384616	0.4529361	1.0	3005	tags=20%, list=15%, signal=24%	
GOBP_AMYLOID_PRECURSOR_PROTEIN_METABOLIC_PROCESS	GOBP_AMYLOID_PRECURSOR_PROTEIN_METABOLIC_PROCESS		73	0.3883287	1.1585859	0.21864952	0.4532875	1.0	2156	tags=21%, list=11%, signal=23%	
GOBP_REGULATION_OF_RESPONSE_TO_TUMOR_CELL	GOBP_REGULATION_OF_RESPONSE_TO_TUMOR_CELL		24	0.4684378	1.158437	0.27788278	0.45334336	1.0	1821	tags=21%, list=9%, signal=23%	
GOBP_POLYSACCHARIDE_METABOLIC_PROCESS	GOBP_POLYSACCHARIDE_METABOLIC_PROCESS		100	0.36817157	1.1582973	0.19389313	0.45336434	1.0	2425	tags=19%, list=12%, signal=22%	
GOBP_ENSHEATHMENT_OF_NEURONS	GOBP_ENSHEATHMENT_OF_NEURONS		151	0.34424287	1.158188	0.1740947	0.45334363	1.0	3173	tags=26%, list=16%, signal=31%	
GOBP_ENDOTHELIAL_CELL_PROLIFERATION	GOBP_ENDOTHELIAL_CELL_PROLIFERATION		150	0.34907123	1.1578177	0.18732394	0.45389053	1.0	2166	tags=22%, list=11%, signal=25%	
GOBP_TISSUE_HOMEOSTASIS	GOBP_TISSUE_HOMEOSTASIS		253	0.33168575	1.1578118	0.13900135	0.45362845	1.0	2996	tags=25%, list=15%, signal=29%	
GOBP_SEGMENTATION	GOBP_SEGMENTATION		98	0.36793607	1.1576176	0.20458016	0.45380023	1.0	1981	tags=16%, list=10%, signal=18%	
GOBP_REGULATION_OF_SYSTEMIC_ARTERIAL_BLOOD_PRESSURE	GOBP_REGULATION_OF_SYSTEMIC_ARTERIAL_BLOOD_PRESSURE		89	0.3730914	1.1575038	0.21374045	0.45376778	1.0	2929	tags=29%, list=15%, signal=34%	
GOBP_POSITIVE_REGULATION_OF_DEVELOPMENTAL_GROWTH	GOBP_POSITIVE_REGULATION_OF_DEVELOPMENTAL_GROWTH		154	0.34713966	1.1573015	0.18660969	0.4539503	1.0	2955	tags=21%, list=15%, signal=24%	
GOBP_GTP_METABOLIC_PROCESS	GOBP_GTP_METABOLIC_PROCESS		23	0.474115	1.1572541	0.28176796	0.45380694	1.0	1986	tags=26%, list=10%, signal=29%	
GOBP_REGULATION_OF_SPROUTING_ANGIOGENESIS	GOBP_REGULATION_OF_SPROUTING_ANGIOGENESIS		41	0.424207	1.1571537	0.22331691	0.45375285	1.0	2846	tags=32%, list=15%, signal=37%	
GOBP_HEART_VALVE_FORMATION	GOBP_HEART_VALVE_FORMATION		15	0.5175058	1.1569096	0.2977941	0.45404324	1.0	1843	tags=27%, list=9%, signal=29%	
GOMF_MUSCLE_ALPHA_ACTININ_BINDING	GOMF_MUSCLE_ALPHA_ACTININ_BINDING		15	0.52042913	1.1568235	0.28219697	0.45397025	1.0	3317	tags=47%, list=17%, signal=56%	
GOBP_VIRAL_RNA_GENOME_REPLICATION	GOBP_VIRAL_RNA_GENOME_REPLICATION		27	0.45543337	1.1564763	0.24689165	0.45446378	1.0	1169	tags=15%, list=6%, signal=16%	
GOBP_CHONDROCYTE_DEVELOPMENT	GOBP_CHONDROCYTE_DEVELOPMENT		29	0.44983143	1.1564754	0.2744755	0.4541925	1.0	3357	tags=41%, list=17%, signal=50%	
GOMF_WNT_RECEPTOR_ACTIVITY	GOMF_WNT_RECEPTOR_ACTIVITY		17	0.5132254	1.156352	0.28543308	0.45422038	1.0	2764	tags=35%, list=14%, signal=41%	
GOBP_REGULATION_OF_BLOOD_CIRCULATION	GOBP_REGULATION_OF_BLOOD_CIRCULATION		249	0.32837537	1.1561743	0.14634146	0.45434132	1.0	2903	tags=23%, list=15%, signal=27%	
GOBP_TISSUE_REMODELING	GOBP_TISSUE_REMODELING		173	0.34175593	1.1559439	0.1752434	0.45458686	1.0	3788	tags=34%, list=20%, signal=41%	
GOBP_POSITIVE_REGULATION_OF_FOCAL_ADHESION_ASSEMBLY	GOBP_POSITIVE_REGULATION_OF_FOCAL_ADHESION_ASSEMBLY		25	0.4687722	1.155794	0.28745645	0.45463628	1.0	2367	tags=32%, list=12%, signal=36%	
GOBP_MEMBRANE_PROTEIN_ECTODOMAIN_PROTEOLYSIS	GOBP_MEMBRANE_PROTEIN_ECTODOMAIN_PROTEOLYSIS		50	0.40962514	1.1554021	0.25171232	0.455258	1.0	2156	tags=22%, list=11%, signal=25%	
GOBP_HINDBRAIN_DEVELOPMENT	GOBP_HINDBRAIN_DEVELOPMENT		153	0.34727028	1.1552082	0.18535127	0.45540813	1.0	2728	tags=18%, list=14%, signal=20%	
GOMF_POTASSIUM_ION_TRANSMEMBRANE_TRANSPORTER_ACTIVITY	GOMF_POTASSIUM_ION_TRANSMEMBRANE_TRANSPORTER_ACTIVITY		158	0.34610388	1.1544117	0.17329545	0.4568841	1.0	2025	tags=15%, list=10%, signal=16%	
GOBP_REGULATION_OF_MICROTUBULE_NUCLEATION	GOBP_REGULATION_OF_MICROTUBULE_NUCLEATION		17	0.5007282	1.1543216	0.30418944	0.45679358	1.0	3698	tags=35%, list=19%, signal=44%	
GOBP_CELL_COMMUNICATION_INVOLVED_IN_CARDIAC_CONDUCTION	GOBP_CELL_COMMUNICATION_INVOLVED_IN_CARDIAC_CONDUCTION		57	0.3948689	1.1531789	0.22277227	0.4591384	1.0	3895	tags=28%, list=20%, signal=35%	
GOMF_DNA_BINDING_TRANSCRIPTION_REPRESSOR_ACTIVITY	GOMF_DNA_BINDING_TRANSCRIPTION_REPRESSOR_ACTIVITY		271	0.3243083	1.1525984	0.14736842	0.46018738	1.0	4024	tags=30%, list=21%, signal=37%	
GOMF_PROTEIN_SEQUESTERING_ACTIVITY	GOMF_PROTEIN_SEQUESTERING_ACTIVITY		26	0.44824514	1.1520411	0.2854512	0.4612082	1.0	2875	tags=42%, list=15%, signal=50%	
GOMF_CARBON_OXYGEN_LYASE_ACTIVITY	GOMF_CARBON_OXYGEN_LYASE_ACTIVITY		74	0.38169602	1.1510584	0.21895425	0.46313897	1.0	2717	tags=20%, list=14%, signal=23%	
GOBP_MUSCLE_CELL_MIGRATION	GOBP_MUSCLE_CELL_MIGRATION		83	0.37730768	1.1504649	0.23374613	0.46418053	1.0	2878	tags=28%, list=15%, signal=32%	
GOBP_REGULATION_OF_SECONDARY_METABOLIC_PROCESS	GOBP_REGULATION_OF_SECONDARY_METABOLIC_PROCESS		15	0.51032937	1.1501215	0.29862475	0.46471262	1.0	1846	tags=33%, list=10%, signal=37%	
GOBP_AMINE_TRANSPORT	GOBP_AMINE_TRANSPORT		92	0.36699328	1.1496173	0.2203898	0.465622	1.0	2206	tags=21%, list=11%, signal=23%	
GOBP_MRNA_MODIFICATION	GOBP_MRNA_MODIFICATION		19	0.48908475	1.1494937	0.29553902	0.4656221	1.0	129	tags=5%, list=1%, signal=5%	
GOMF_OXIDOREDUCTASE_ACTIVITY_ACTING_ON_NAD_P_H_OXYGEN_AS_ACCEPTOR	GOMF_OXIDOREDUCTASE_ACTIVITY_ACTING_ON_NAD_P_H_OXYGEN_AS_ACCEPTOR		16	0.5030197	1.1492157	0.28235295	0.4659731	1.0	3391	tags=50%, list=17%, signal=61%	
GOBP_VIRAL_GENOME_REPLICATION	GOBP_VIRAL_GENOME_REPLICATION		121	0.35255337	1.1485398	0.20471281	0.46721882	1.0	3281	tags=24%, list=17%, signal=29%	
GOBP_NEGATIVE_REGULATION_OF_PROTEIN_CONTAINING_COMPLEX_ASSEMBLY	GOBP_NEGATIVE_REGULATION_OF_PROTEIN_CONTAINING_COMPLEX_ASSEMBLY		135	0.35130548	1.1484523	0.19387755	0.46713367	1.0	3779	tags=32%, list=19%, signal=39%	
GOBP_POSITIVE_REGULATION_OF_LYMPHOCYTE_APOPTOTIC_PROCESS	GOBP_POSITIVE_REGULATION_OF_LYMPHOCYTE_APOPTOTIC_PROCESS		17	0.5027553	1.1480038	0.3046729	0.46790937	1.0	1010	tags=24%, list=5%, signal=25%	
GOBP_REGULATION_OF_VIRAL_GENOME_REPLICATION	GOBP_REGULATION_OF_VIRAL_GENOME_REPLICATION		81	0.37482208	1.1477932	0.22	0.46814147	1.0	3281	tags=28%, list=17%, signal=34%	
GOBP_TISSUE_REGENERATION	GOBP_TISSUE_REGENERATION		70	0.38126373	1.1475129	0.24212272	0.46853402	1.0	4463	tags=43%, list=23%, signal=55%	
GOBP_MATERNAL_PROCESS_INVOLVED_IN_FEMALE_PREGNANCY	GOBP_MATERNAL_PROCESS_INVOLVED_IN_FEMALE_PREGNANCY		58	0.39936948	1.147293	0.27090302	0.46877432	1.0	2842	tags=26%, list=15%, signal=30%	
GOMF_EPHRIN_RECEPTOR_ACTIVITY	GOMF_EPHRIN_RECEPTOR_ACTIVITY		18	0.4848427	1.1468813	0.29588014	0.46943346	1.0	2715	tags=33%, list=14%, signal=39%	
GOBP_CELL_COMMUNICATION_BY_ELECTRICAL_COUPLING	GOBP_CELL_COMMUNICATION_BY_ELECTRICAL_COUPLING		33	0.44170967	1.1468275	0.25974026	0.46927986	1.0	2823	tags=27%, list=15%, signal=32%	
GOBP_ONE_CARBON_METABOLIC_PROCESS	GOBP_ONE_CARBON_METABOLIC_PROCESS		37	0.42245847	1.1467127	0.26712328	0.4692794	1.0	1803	tags=19%, list=9%, signal=21%	
GOMF_SERINE_TYPE_ENDOPEPTIDASE_INHIBITOR_ACTIVITY	GOMF_SERINE_TYPE_ENDOPEPTIDASE_INHIBITOR_ACTIVITY		93	0.3708822	1.1466498	0.2375189	0.46914324	1.0	1837	tags=17%, list=9%, signal=19%	
GOMF_BILE_ACID_TRANSMEMBRANE_TRANSPORTER_ACTIVITY	GOMF_BILE_ACID_TRANSMEMBRANE_TRANSPORTER_ACTIVITY		20	0.47235438	1.1465685	0.2962264	0.46904758	1.0	2841	tags=20%, list=15%, signal=23%	
GOBP_HEPARAN_SULFATE_PROTEOGLYCAN_METABOLIC_PROCESS	GOBP_HEPARAN_SULFATE_PROTEOGLYCAN_METABOLIC_PROCESS		16	0.50699544	1.146331	0.28942487	0.4693125	1.0	1218	tags=31%, list=6%, signal=33%	
GOBP_NEGATIVE_REGULATION_OF_PHOSPHORYLATION	GOBP_NEGATIVE_REGULATION_OF_PHOSPHORYLATION		276	0.3261385	1.1460948	0.1697128	0.46954173	1.0	2924	tags=21%, list=15%, signal=25%	
GOMF_VOLTAGE_GATED_POTASSIUM_CHANNEL_ACTIVITY	GOMF_VOLTAGE_GATED_POTASSIUM_CHANNEL_ACTIVITY		97	0.3681223	1.1459645	0.2022293	0.46957296	1.0	1382	tags=11%, list=7%, signal=12%	
GOBP_VASCULAR_ENDOTHELIAL_GROWTH_FACTOR_RECEPTOR_SIGNALING_PATHWAY	GOBP_VASCULAR_ENDOTHELIAL_GROWTH_FACTOR_RECEPTOR_SIGNALING_PATHWAY		54	0.39909402	1.1457279	0.2587646	0.46983227	1.0	3005	tags=33%, list=15%, signal=39%	
GOBP_RELEASE_OF_SEQUESTERED_CALCIUM_ION_INTO_CYTOSOL_BY_ENDOPLASMIC_RETICULUM	GOBP_RELEASE_OF_SEQUESTERED_CALCIUM_ION_INTO_CYTOSOL_BY_ENDOPLASMIC_RETICULUM		36	0.42902926	1.1456952	0.25255972	0.46962994	1.0	3771	tags=33%, list=19%, signal=41%	
GOBP_REGULATION_OF_PROTEIN_BINDING	GOBP_REGULATION_OF_PROTEIN_BINDING		116	0.35957155	1.1450185	0.2234795	0.4709046	1.0	2476	tags=21%, list=13%, signal=24%	
GOBP_HINDBRAIN_MORPHOGENESIS	GOBP_HINDBRAIN_MORPHOGENESIS		45	0.41103566	1.1446731	0.24871355	0.47142386	1.0	1605	tags=18%, list=8%, signal=19%	
GOBP_NEGATIVE_REGULATION_OF_CYSTEINE_TYPE_ENDOPEPTIDASE_ACTIVITY	GOBP_NEGATIVE_REGULATION_OF_CYSTEINE_TYPE_ENDOPEPTIDASE_ACTIVITY		60	0.38810173	1.1444931	0.2450658	0.47156942	1.0	4143	tags=37%, list=21%, signal=46%	
GOBP_RESPONSE_TO_INTERLEUKIN_7	GOBP_RESPONSE_TO_INTERLEUKIN_7		16	0.49457073	1.1441964	0.3057554	0.47199854	1.0	2454	tags=31%, list=13%, signal=36%	
GOBP_DETECTION_OF_TEMPERATURE_STIMULUS	GOBP_DETECTION_OF_TEMPERATURE_STIMULUS		25	0.45723593	1.1441454	0.27207208	0.47183603	1.0	1236	tags=16%, list=6%, signal=17%	
GOBP_NEGATIVE_REGULATION_OF_PLATELET_ACTIVATION	GOBP_NEGATIVE_REGULATION_OF_PLATELET_ACTIVATION		17	0.50073004	1.144121	0.3046092	0.47160912	1.0	2881	tags=47%, list=15%, signal=55%	
GOBP_ATRIOVENTRICULAR_VALVE_DEVELOPMENT	GOBP_ATRIOVENTRICULAR_VALVE_DEVELOPMENT		29	0.4469057	1.1440616	0.30107528	0.4714738	1.0	2082	tags=28%, list=11%, signal=31%	
GOMF_KINASE_ACTIVATOR_ACTIVITY	GOMF_KINASE_ACTIVATOR_ACTIVITY		132	0.34744692	1.143929	0.20402299	0.4714991	1.0	4018	tags=33%, list=21%, signal=42%	
GOBP_REGULATION_OF_POSTSYNAPTIC_SPECIALIZATION_ASSEMBLY	GOBP_REGULATION_OF_POSTSYNAPTIC_SPECIALIZATION_ASSEMBLY		15	0.519218	1.1435192	0.33197555	0.47213215	1.0	225	tags=13%, list=1%, signal=13%	
GOBP_THYROID_HORMONE_GENERATION	GOBP_THYROID_HORMONE_GENERATION		23	0.46484327	1.143242	0.27670753	0.47249237	1.0	3391	tags=26%, list=17%, signal=32%	
GOBP_REGULATION_OF_GLUCOSE_TRANSMEMBRANE_TRANSPORT	GOBP_REGULATION_OF_GLUCOSE_TRANSMEMBRANE_TRANSPORT		71	0.3780267	1.1429896	0.25	0.47278595	1.0	3300	tags=30%, list=17%, signal=36%	
GOBP_ANGIOGENESIS_INVOLVED_IN_WOUND_HEALING	GOBP_ANGIOGENESIS_INVOLVED_IN_WOUND_HEALING		27	0.45599005	1.142872	0.27436823	0.47278655	1.0	3035	tags=52%, list=16%, signal=61%	
GOMF_PHOSPHATIDYLINOSITOL_3_4_5_TRISPHOSPHATE_BINDING	GOMF_PHOSPHATIDYLINOSITOL_3_4_5_TRISPHOSPHATE_BINDING		37	0.43317237	1.142803	0.25971732	0.47265056	1.0	2437	tags=32%, list=13%, signal=37%	
GOBP_REGULATION_OF_AMYLOID_PRECURSOR_PROTEIN_CATABOLIC_PROCESS	GOBP_REGULATION_OF_AMYLOID_PRECURSOR_PROTEIN_CATABOLIC_PROCESS		42	0.41755876	1.1425605	0.24196278	0.47294974	1.0	3188	tags=31%, list=16%, signal=37%	
GOBP_MEMBRANE_PROTEIN_PROTEOLYSIS	GOBP_MEMBRANE_PROTEIN_PROTEOLYSIS		62	0.39058903	1.1424356	0.25	0.47296187	1.0	2156	tags=21%, list=11%, signal=24%	
GOBP_REGULATION_OF_SYNAPSE_ASSEMBLY	GOBP_REGULATION_OF_SYNAPSE_ASSEMBLY		116	0.3553617	1.142319	0.20553936	0.4729838	1.0	3096	tags=26%, list=16%, signal=31%	
GOCC_SITE_OF_POLARIZED_GROWTH	GOCC_SITE_OF_POLARIZED_GROWTH		167	0.3408887	1.1422734	0.20963173	0.4728164	1.0	3732	tags=28%, list=19%, signal=35%	
GOBP_MODULATION_OF_EXCITATORY_POSTSYNAPTIC_POTENTIAL	GOBP_MODULATION_OF_EXCITATORY_POSTSYNAPTIC_POTENTIAL		47	0.40492806	1.1418142	0.26377296	0.47359103	1.0	1628	tags=19%, list=8%, signal=21%	
GOBP_POSITIVE_REGULATION_OF_VASCULATURE_DEVELOPMENT	GOBP_POSITIVE_REGULATION_OF_VASCULATURE_DEVELOPMENT		161	0.34490752	1.1414573	0.2005814	0.47411945	1.0	2206	tags=22%, list=11%, signal=25%	
GOBP_POSITIVE_REGULATION_OF_NERVOUS_SYSTEM_PROCESS	GOBP_POSITIVE_REGULATION_OF_NERVOUS_SYSTEM_PROCESS		26	0.45864844	1.1414164	0.2919708	0.4739491	1.0	2617	tags=35%, list=13%, signal=40%	
GOBP_NEGATIVE_REGULATION_OF_SMOOTH_MUSCLE_CELL_MIGRATION	GOBP_NEGATIVE_REGULATION_OF_SMOOTH_MUSCLE_CELL_MIGRATION		22	0.47368872	1.1410546	0.29783395	0.47450507	1.0	1077	tags=18%, list=6%, signal=19%	
GOBP_MAINTENANCE_OF_CELL_POLARITY	GOBP_MAINTENANCE_OF_CELL_POLARITY		17	0.5041907	1.1407341	0.3007968	0.4750167	1.0	8	tags=6%, list=0%, signal=6%	
GOMF_PHOSPHOLIPASE_ACTIVATOR_ACTIVITY	GOMF_PHOSPHOLIPASE_ACTIVATOR_ACTIVITY		17	0.5045321	1.1406276	0.31471136	0.47498643	1.0	971	tags=24%, list=5%, signal=25%	
GOBP_NEGATIVE_REGULATION_OF_PEPTIDE_SECRETION	GOBP_NEGATIVE_REGULATION_OF_PEPTIDE_SECRETION		44	0.4159598	1.1403948	0.28235295	0.47525933	1.0	2335	tags=18%, list=12%, signal=21%	
GOCC_ENDOCYTIC_VESICLE_LUMEN	GOCC_ENDOCYTIC_VESICLE_LUMEN		23	0.46061382	1.1396345	0.2754159	0.4767827	1.0	3592	tags=52%, list=18%, signal=64%	
GOBP_POSITIVE_REGULATION_OF_LIPID_TRANSPORT	GOBP_POSITIVE_REGULATION_OF_LIPID_TRANSPORT		82	0.3698344	1.1388992	0.24469821	0.47824147	1.0	2823	tags=30%, list=15%, signal=36%	
GOBP_CARDIAC_MUSCLE_CELL_PROLIFERATION	GOBP_CARDIAC_MUSCLE_CELL_PROLIFERATION		45	0.4077853	1.1373175	0.2769231	0.48168063	1.0	2176	tags=18%, list=11%, signal=20%	
GOBP_ANATOMICAL_STRUCTURE_ARRANGEMENT	GOBP_ANATOMICAL_STRUCTURE_ARRANGEMENT		17	0.49204177	1.1372647	0.2973485	0.4815227	1.0	1891	tags=29%, list=10%, signal=33%	
GOBP_CALCINEURIN_MEDIATED_SIGNALING	GOBP_CALCINEURIN_MEDIATED_SIGNALING		44	0.41732347	1.1370611	0.2819237	0.4817417	1.0	2923	tags=32%, list=15%, signal=37%	
GOBP_VIRAL_LIFE_CYCLE	GOBP_VIRAL_LIFE_CYCLE		306	0.3158333	1.1370537	0.1627907	0.48147628	1.0	2873	tags=22%, list=15%, signal=25%	
GOBP_NEGATIVE_REGULATION_OF_PHOSPHORUS_METABOLIC_PROCESS	GOBP_NEGATIVE_REGULATION_OF_PHOSPHORUS_METABOLIC_PROCESS		335	0.31685922	1.1370088	0.16030534	0.4813099	1.0	2987	tags=22%, list=15%, signal=25%	
GOBP_REGULATION_OF_DEPHOSPHORYLATION	GOBP_REGULATION_OF_DEPHOSPHORYLATION		91	0.3689874	1.1366925	0.25588697	0.48176226	1.0	2368	tags=22%, list=12%, signal=25%	
GOBP_POSITIVE_REGULATION_OF_CELL_MATRIX_ADHESION	GOBP_POSITIVE_REGULATION_OF_CELL_MATRIX_ADHESION		54	0.3988443	1.1362438	0.2795031	0.4825353	1.0	2796	tags=31%, list=14%, signal=37%	
GOBP_SENSORY_PERCEPTION_OF_MECHANICAL_STIMULUS	GOBP_SENSORY_PERCEPTION_OF_MECHANICAL_STIMULUS		169	0.33554593	1.1355317	0.23570432	0.483927	1.0	3451	tags=25%, list=18%, signal=31%	
GOBP_RESPONSE_TO_FATTY_ACID	GOBP_RESPONSE_TO_FATTY_ACID		55	0.39509287	1.13523	0.2524272	0.4843501	1.0	1193	tags=20%, list=6%, signal=21%	
GOBP_POSITIVE_REGULATION_OF_B_CELL_PROLIFERATION	GOBP_POSITIVE_REGULATION_OF_B_CELL_PROLIFERATION		45	0.40661308	1.135147	0.2714536	0.48424956	1.0	2145	tags=27%, list=11%, signal=30%	
GOBP_REGULATION_OF_CARDIAC_MUSCLE_CELL_MEMBRANE_REPOLARIZATION	GOBP_REGULATION_OF_CARDIAC_MUSCLE_CELL_MEMBRANE_REPOLARIZATION		27	0.44430888	1.1346493	0.31103075	0.48514357	1.0	3961	tags=33%, list=20%, signal=42%	
GOBP_REGULATION_OF_PROTEIN_AUTOPHOSPHORYLATION	GOBP_REGULATION_OF_PROTEIN_AUTOPHOSPHORYLATION		36	0.42963737	1.1342224	0.281362	0.4858505	1.0	3294	tags=42%, list=17%, signal=50%	
GOBP_AMIDE_TRANSPORT	GOBP_AMIDE_TRANSPORT		299	0.31712452	1.1339791	0.17509727	0.48612282	1.0	2532	tags=18%, list=13%, signal=20%	
GOBP_ESTROUS_CYCLE	GOBP_ESTROUS_CYCLE		16	0.50155884	1.1339114	0.31941923	0.4859956	1.0	1184	tags=25%, list=6%, signal=27%	
GOBP_PHOSPHATIDYLCHOLINE_CATABOLIC_PROCESS	GOBP_PHOSPHATIDYLCHOLINE_CATABOLIC_PROCESS		16	0.49910432	1.1334785	0.31588784	0.48673487	1.0	218	tags=13%, list=1%, signal=13%	
GOBP_NEGATIVE_REGULATION_OF_HUMORAL_IMMUNE_RESPONSE	GOBP_NEGATIVE_REGULATION_OF_HUMORAL_IMMUNE_RESPONSE		15	0.5078436	1.1333493	0.31992337	0.48674467	1.0	2685	tags=40%, list=14%, signal=46%	
GOBP_NUCLEOSIDE_DIPHOSPHATE_METABOLIC_PROCESS	GOBP_NUCLEOSIDE_DIPHOSPHATE_METABOLIC_PROCESS		125	0.34536755	1.1333047	0.21513353	0.4865643	1.0	4068	tags=34%, list=21%, signal=43%	
GOBP_POSITIVE_REGULATION_OF_FAT_CELL_DIFFERENTIATION	GOBP_POSITIVE_REGULATION_OF_FAT_CELL_DIFFERENTIATION		67	0.37967446	1.1331002	0.26634768	0.48677683	1.0	2405	tags=27%, list=12%, signal=31%	
GOBP_RESPONSE_TO_PLATELET_DERIVED_GROWTH_FACTOR	GOBP_RESPONSE_TO_PLATELET_DERIVED_GROWTH_FACTOR		21	0.47046557	1.132991	0.3019608	0.48674816	1.0	2387	tags=24%, list=12%, signal=27%	
GOBP_CEREBELLAR_CORTEX_FORMATION	GOBP_CEREBELLAR_CORTEX_FORMATION		24	0.45629022	1.1326832	0.28801432	0.48717916	1.0	1605	tags=29%, list=8%, signal=32%	
GOBP_PURINE_CONTAINING_COMPOUND_CATABOLIC_PROCESS	GOBP_PURINE_CONTAINING_COMPOUND_CATABOLIC_PROCESS		148	0.34494877	1.132625	0.23076923	0.48703152	1.0	3881	tags=32%, list=20%, signal=40%	
GOBP_PLATELET_DERIVED_GROWTH_FACTOR_RECEPTOR_SIGNALING_PATHWAY	GOBP_PLATELET_DERIVED_GROWTH_FACTOR_RECEPTOR_SIGNALING_PATHWAY		54	0.38627166	1.1325955	0.24625623	0.48683238	1.0	2876	tags=28%, list=15%, signal=33%	
GOBP_FILOPODIUM_ASSEMBLY	GOBP_FILOPODIUM_ASSEMBLY		65	0.38128793	1.1325284	0.25493422	0.48671135	1.0	3915	tags=40%, list=20%, signal=50%	
GOBP_THYMOCYTE_APOPTOTIC_PROCESS	GOBP_THYMOCYTE_APOPTOTIC_PROCESS		19	0.4807567	1.1324799	0.29159212	0.48653206	1.0	1269	tags=21%, list=7%, signal=23%	
GOCC_CLATHRIN_COATED_ENDOCYTIC_VESICLE	GOCC_CLATHRIN_COATED_ENDOCYTIC_VESICLE		88	0.37161857	1.132131	0.2272	0.48710912	1.0	2397	tags=22%, list=12%, signal=25%	
GOMF_OXIDOREDUCTASE_ACTIVITY_ACTING_ON_CH_OH_GROUP_OF_DONORS	GOMF_OXIDOREDUCTASE_ACTIVITY_ACTING_ON_CH_OH_GROUP_OF_DONORS		127	0.34576902	1.1321263	0.23378582	0.48684388	1.0	1078	tags=9%, list=6%, signal=9%	
GOBP_FAT_CELL_DIFFERENTIATION	GOBP_FAT_CELL_DIFFERENTIATION		229	0.32615304	1.1321123	0.19866666	0.4865985	1.0	2893	tags=23%, list=15%, signal=27%	
GOBP_CELLULAR_RESPONSE_TO_CARBOHYDRATE_STIMULUS	GOBP_CELLULAR_RESPONSE_TO_CARBOHYDRATE_STIMULUS		139	0.34184012	1.132064	0.23076923	0.48642212	1.0	2401	tags=16%, list=12%, signal=18%	
GOBP_GLUCAN_METABOLIC_PROCESS	GOBP_GLUCAN_METABOLIC_PROCESS		77	0.36957973	1.1317191	0.24302134	0.48696303	1.0	2425	tags=19%, list=12%, signal=22%	
GOBP_BONE_MORPHOGENESIS	GOBP_BONE_MORPHOGENESIS		95	0.36239064	1.131521	0.23628049	0.48716393	1.0	3095	tags=27%, list=16%, signal=32%	
GOBP_ANTIGEN_PROCESSING_AND_PRESENTATION_VIA_MHC_CLASS_IB	GOBP_ANTIGEN_PROCESSING_AND_PRESENTATION_VIA_MHC_CLASS_IB		24	0.45990857	1.1314058	0.3255814	0.4871509	1.0	4669	tags=54%, list=24%, signal=71%	
GOCC_GOLGI_LUMEN	GOCC_GOLGI_LUMEN		97	0.36107484	1.131002	0.25846153	0.48778483	1.0	1563	tags=20%, list=8%, signal=21%	
GOMF_SMAD_BINDING	GOMF_SMAD_BINDING		75	0.37538436	1.130797	0.24713585	0.4880111	1.0	3422	tags=29%, list=18%, signal=35%	
GOMF_TRANSCRIPTION_COACTIVATOR_BINDING	GOMF_TRANSCRIPTION_COACTIVATOR_BINDING		44	0.4072037	1.1307029	0.26791808	0.48795938	1.0	1349	tags=11%, list=7%, signal=12%	
GOCC_PROTEIN_COMPLEX_INVOLVED_IN_CELL_MATRIX_ADHESION	GOCC_PROTEIN_COMPLEX_INVOLVED_IN_CELL_MATRIX_ADHESION		17	0.499704	1.1306758	0.32427186	0.4877522	1.0	2137	tags=24%, list=11%, signal=26%	
GOBP_ANTIGEN_PROCESSING_AND_PRESENTATION_OF_ENDOGENOUS_PEPTIDE_ANTIGEN	GOBP_ANTIGEN_PROCESSING_AND_PRESENTATION_OF_ENDOGENOUS_PEPTIDE_ANTIGEN		24	0.4627039	1.1303073	0.3137255	0.48835894	1.0	2683	tags=25%, list=14%, signal=29%	
GOBP_ALCOHOL_CATABOLIC_PROCESS	GOBP_ALCOHOL_CATABOLIC_PROCESS		34	0.43107632	1.1303	0.278169	0.488099	1.0	3948	tags=29%, list=20%, signal=37%	
GOBP_NEGATIVE_REGULATION_OF_PEPTIDASE_ACTIVITY	GOBP_NEGATIVE_REGULATION_OF_PEPTIDASE_ACTIVITY		119	0.35094464	1.1301125	0.22713415	0.48824522	1.0	2368	tags=22%, list=12%, signal=25%	
GOMF_POTASSIUM_CHANNEL_ACTIVITY	GOMF_POTASSIUM_CHANNEL_ACTIVITY		122	0.34687212	1.129871	0.22056632	0.48855647	1.0	1430	tags=11%, list=7%, signal=12%	
GOBP_RECEPTOR_LOCALIZATION_TO_SYNAPSE	GOBP_RECEPTOR_LOCALIZATION_TO_SYNAPSE		60	0.38901055	1.1291947	0.27317074	0.48986354	1.0	2497	tags=18%, list=13%, signal=21%	
GOBP_CARBOHYDRATE_HOMEOSTASIS	GOBP_CARBOHYDRATE_HOMEOSTASIS		230	0.3271313	1.1291206	0.21045576	0.48976436	1.0	3005	tags=20%, list=15%, signal=24%	
GOBP_REGULATION_OF_PROTEIN_LOCALIZATION_TO_SYNAPSE	GOBP_REGULATION_OF_PROTEIN_LOCALIZATION_TO_SYNAPSE		21	0.47207463	1.1287186	0.32688588	0.49040753	1.0	2497	tags=29%, list=13%, signal=33%	
GOBP_EXOCRINE_SYSTEM_DEVELOPMENT	GOBP_EXOCRINE_SYSTEM_DEVELOPMENT		48	0.39551827	1.1282346	0.2672414	0.4912803	1.0	4073	tags=42%, list=21%, signal=53%	
GOBP_POLYAMINE_METABOLIC_PROCESS	GOBP_POLYAMINE_METABOLIC_PROCESS		18	0.48265067	1.1280413	0.3128599	0.49143508	1.0	3	tags=6%, list=0%, signal=6%	
GOBP_REGULATION_OF_BINDING	GOBP_REGULATION_OF_BINDING		216	0.32943243	1.1279398	0.20505992	0.491396	1.0	2476	tags=19%, list=13%, signal=21%	
GOBP_ODONTOGENESIS	GOBP_ODONTOGENESIS		128	0.34441465	1.127827	0.22686568	0.49139187	1.0	2345	tags=20%, list=12%, signal=23%	
GOMF_SCAFFOLD_PROTEIN_BINDING	GOMF_SCAFFOLD_PROTEIN_BINDING		69	0.37874538	1.1277597	0.25688073	0.49127075	1.0	2728	tags=26%, list=14%, signal=30%	
GOBP_POSITIVE_REGULATION_OF_PROTEIN_UBIQUITINATION	GOBP_POSITIVE_REGULATION_OF_PROTEIN_UBIQUITINATION		100	0.35724702	1.1276745	0.24736048	0.4911872	1.0	2924	tags=21%, list=15%, signal=25%	
GOBP_NEGATIVE_REGULATION_OF_TRANSPORT	GOBP_NEGATIVE_REGULATION_OF_TRANSPORT		393	0.31087652	1.1268215	0.17174178	0.4928751	1.0	3368	tags=23%, list=17%, signal=28%	
GOBP_NUCLEOBASE_METABOLIC_PROCESS	GOBP_NUCLEOBASE_METABOLIC_PROCESS		39	0.41380364	1.1264833	0.28764805	0.49340612	1.0	2874	tags=28%, list=15%, signal=33%	
GOBP_COLUMNAR_CUBOIDAL_EPITHELIAL_CELL_MATURATION	GOBP_COLUMNAR_CUBOIDAL_EPITHELIAL_CELL_MATURATION		15	0.4912792	1.1263713	0.32190475	0.4933681	1.0	3874	tags=33%, list=20%, signal=42%	
GOBP_OVULATION_CYCLE_PROCESS	GOBP_OVULATION_CYCLE_PROCESS		48	0.4037247	1.1262326	0.26427406	0.4933954	1.0	4941	tags=48%, list=25%, signal=64%	
GOBP_REGULATION_OF_TYPE_I_INTERFERON_MEDIATED_SIGNALING_PATHWAY	GOBP_REGULATION_OF_TYPE_I_INTERFERON_MEDIATED_SIGNALING_PATHWAY		42	0.41339096	1.1251792	0.29071805	0.49556562	1.0	2361	tags=17%, list=12%, signal=19%	
GOBP_NEGATIVE_REGULATION_OF_PLASMA_MEMBRANE_BOUNDED_CELL_PROJECTION_ASSEMBLY	GOBP_NEGATIVE_REGULATION_OF_PLASMA_MEMBRANE_BOUNDED_CELL_PROJECTION_ASSEMBLY		35	0.42415094	1.1251024	0.27517986	0.4954706	1.0	3805	tags=37%, list=20%, signal=46%	
GOBP_PROTEIN_DNA_COMPLEX_DISASSEMBLY	GOBP_PROTEIN_DNA_COMPLEX_DISASSEMBLY		19	0.47104287	1.1249838	0.32115385	0.49545696	1.0	3112	tags=26%, list=16%, signal=31%	
GOMF_PHOSPHATIDYLINOSITOL_BINDING	GOMF_PHOSPHATIDYLINOSITOL_BINDING		261	0.32365555	1.1248341	0.21428572	0.49554488	1.0	3490	tags=28%, list=18%, signal=33%	
GOBP_NEURON_MATURATION	GOBP_NEURON_MATURATION		47	0.39774296	1.124635	0.2713568	0.49574694	1.0	3168	tags=30%, list=16%, signal=36%	
GOMF_PHOSPHATIDYLINOSITOL_PHOSPHATE_BINDING	GOMF_PHOSPHATIDYLINOSITOL_PHOSPHATE_BINDING		169	0.3309603	1.1245575	0.22252747	0.49564493	1.0	3194	tags=28%, list=16%, signal=33%	
GOCC_APICAL_PART_OF_CELL	GOCC_APICAL_PART_OF_CELL		446	0.30528954	1.1245285	0.1765432	0.49543357	1.0	3011	tags=21%, list=16%, signal=24%	
GOCC_A_BAND	GOCC_A_BAND		39	0.42462063	1.124483	0.29363784	0.49526557	1.0	4218	tags=46%, list=22%, signal=59%	
GOBP_DENDRITIC_CELL_CYTOKINE_PRODUCTION	GOBP_DENDRITIC_CELL_CYTOKINE_PRODUCTION		17	0.4965226	1.1242093	0.3224568	0.49562696	1.0	2499	tags=29%, list=13%, signal=34%	
GOBP_CHEMICAL_SYNAPTIC_TRANSMISSION_POSTSYNAPTIC	GOBP_CHEMICAL_SYNAPTIC_TRANSMISSION_POSTSYNAPTIC		107	0.35223463	1.124079	0.24767801	0.49565092	1.0	3096	tags=21%, list=16%, signal=24%	
GOMF_DIACYLGLYCEROL_DEPENDENT_SERINE_THREONINE_KINASE_ACTIVITY	GOMF_DIACYLGLYCEROL_DEPENDENT_SERINE_THREONINE_KINASE_ACTIVITY		16	0.50326574	1.1235018	0.31657356	0.49674448	1.0	4230	tags=56%, list=22%, signal=72%	
GOCC_ORGANELLE_ENVELOPE_LUMEN	GOCC_ORGANELLE_ENVELOPE_LUMEN		86	0.36789656	1.1234204	0.2730109	0.49666125	1.0	1525	tags=12%, list=8%, signal=13%	
GOBP_REGULATION_OF_EPITHELIAL_CELL_DIFFERENTIATION_INVOLVED_IN_KIDNEY_DEVELOPMENT	GOBP_REGULATION_OF_EPITHELIAL_CELL_DIFFERENTIATION_INVOLVED_IN_KIDNEY_DEVELOPMENT		16	0.4993213	1.1233112	0.32612613	0.49664444	1.0	947	tags=13%, list=5%, signal=13%	
GOBP_POLYSACCHARIDE_BIOSYNTHETIC_PROCESS	GOBP_POLYSACCHARIDE_BIOSYNTHETIC_PROCESS		60	0.3893604	1.1230918	0.28482002	0.49688032	1.0	2425	tags=20%, list=12%, signal=23%	
GOCC_CATENIN_COMPLEX	GOCC_CATENIN_COMPLEX		31	0.4296917	1.1230358	0.30016583	0.49674323	1.0	3351	tags=29%, list=17%, signal=35%	
GOBP_NEGATIVE_REGULATION_OF_ENDOCYTOSIS	GOBP_NEGATIVE_REGULATION_OF_ENDOCYTOSIS		67	0.38334292	1.122873	0.28992248	0.49686566	1.0	3462	tags=33%, list=18%, signal=40%	
GOBP_REGULATION_OF_APOPTOTIC_SIGNALING_PATHWAY	GOBP_REGULATION_OF_APOPTOTIC_SIGNALING_PATHWAY		357	0.31357616	1.122644	0.18215613	0.4971309	1.0	2395	tags=17%, list=12%, signal=19%	
GOBP_NEGATIVE_REGULATION_OF_MAPK_CASCADE	GOBP_NEGATIVE_REGULATION_OF_MAPK_CASCADE		144	0.34041312	1.1222318	0.22701149	0.49780247	1.0	3312	tags=32%, list=17%, signal=38%	
GOBP_REGULATION_OF_OXIDOREDUCTASE_ACTIVITY	GOBP_REGULATION_OF_OXIDOREDUCTASE_ACTIVITY		58	0.38240552	1.1221195	0.25873017	0.497796	1.0	3342	tags=34%, list=17%, signal=42%	
GOMF_CYCLIN_DEPENDENT_PROTEIN_SERINE_THREONINE_KINASE_REGULATOR_ACTIVITY	GOMF_CYCLIN_DEPENDENT_PROTEIN_SERINE_THREONINE_KINASE_REGULATOR_ACTIVITY		45	0.40327948	1.1220335	0.29188254	0.49770546	1.0	5022	tags=49%, list=26%, signal=66%	
GOBP_RESPONSE_TO_IRON_ION	GOBP_RESPONSE_TO_IRON_ION		29	0.43446553	1.1217557	0.29298246	0.49806267	1.0	3765	tags=34%, list=19%, signal=43%	
GOBP_IMPORT_INTO_NUCLEUS	GOBP_IMPORT_INTO_NUCLEUS		161	0.33588195	1.1217378	0.23726347	0.49782687	1.0	2873	tags=20%, list=15%, signal=24%	
GOBP_NEGATIVE_REGULATION_OF_ALPHA_BETA_T_CELL_DIFFERENTIATION	GOBP_NEGATIVE_REGULATION_OF_ALPHA_BETA_T_CELL_DIFFERENTIATION		26	0.45534652	1.1216729	0.31190926	0.497703	1.0	845	tags=12%, list=4%, signal=12%	
GOBP_LONG_TERM_SYNAPTIC_DEPRESSION	GOBP_LONG_TERM_SYNAPTIC_DEPRESSION		31	0.43445078	1.1214985	0.30565372	0.49782428	1.0	4244	tags=39%, list=22%, signal=49%	
GOBP_NEGATIVE_REGULATION_OF_ACTIN_FILAMENT_POLYMERIZATION	GOBP_NEGATIVE_REGULATION_OF_ACTIN_FILAMENT_POLYMERIZATION		60	0.3846275	1.1212981	0.2769486	0.4980219	1.0	3779	tags=38%, list=19%, signal=47%	
GOBP_NEGATIVE_REGULATION_OF_OSSIFICATION	GOBP_NEGATIVE_REGULATION_OF_OSSIFICATION		37	0.42073956	1.1205287	0.28595316	0.49958986	1.0	1942	tags=27%, list=10%, signal=30%	
GOBP_NEGATIVE_REGULATION_OF_T_CELL_PROLIFERATION	GOBP_NEGATIVE_REGULATION_OF_T_CELL_PROLIFERATION		69	0.37408024	1.1202285	0.2591415	0.5000049	1.0	2632	tags=32%, list=14%, signal=37%	
GOCC_EXTRINSIC_COMPONENT_OF_PLASMA_MEMBRANE	GOCC_EXTRINSIC_COMPONENT_OF_PLASMA_MEMBRANE		98	0.35680798	1.1200812	0.25037038	0.5000672	1.0	3368	tags=30%, list=17%, signal=36%	
GOMF_EXCITATORY_EXTRACELLULAR_LIGAND_GATED_MONOATOMIC_ION_CHANNEL_ACTIVITY	GOMF_EXCITATORY_EXTRACELLULAR_LIGAND_GATED_MONOATOMIC_ION_CHANNEL_ACTIVITY		33	0.42110234	1.1200228	0.30265486	0.4999217	1.0	1388	tags=9%, list=7%, signal=10%	
GOMF_MOLECULAR_FUNCTION_INHIBITOR_ACTIVITY	GOMF_MOLECULAR_FUNCTION_INHIBITOR_ACTIVITY		472	0.30335727	1.1199284	0.15272728	0.49987528	1.0	2987	tags=20%, list=15%, signal=23%	
GOBP_NADH_METABOLIC_PROCESS	GOBP_NADH_METABOLIC_PROCESS		32	0.42852458	1.1198167	0.30276817	0.49984547	1.0	3787	tags=41%, list=19%, signal=50%	
GOMF_HISTONE_H3K4_METHYLTRANSFERASE_ACTIVITY	GOMF_HISTONE_H3K4_METHYLTRANSFERASE_ACTIVITY		15	0.5089554	1.1194221	0.34765625	0.50050133	1.0	1355	tags=20%, list=7%, signal=21%	
GOBP_FOCAL_ADHESION_ASSEMBLY	GOBP_FOCAL_ADHESION_ASSEMBLY		83	0.365145	1.1188885	0.25867507	0.5014472	1.0	2367	tags=25%, list=12%, signal=29%	
GOCC_MYOSIN_II_COMPLEX	GOCC_MYOSIN_II_COMPLEX		25	0.45344827	1.1188593	0.3168654	0.50123453	1.0	1377	tags=20%, list=7%, signal=21%	
GOBP_NITRIC_OXIDE_MEDIATED_SIGNAL_TRANSDUCTION	GOBP_NITRIC_OXIDE_MEDIATED_SIGNAL_TRANSDUCTION		21	0.46770185	1.118574	0.3113879	0.50161576	1.0	2040	tags=29%, list=11%, signal=32%	
GOBP_REGULATION_OF_VIRAL_PROCESS	GOBP_REGULATION_OF_VIRAL_PROCESS		157	0.33776018	1.1182153	0.24753867	0.5022063	1.0	3281	tags=25%, list=17%, signal=30%	
GOBP_CELL_MIGRATION_INVOLVED_IN_SPROUTING_ANGIOGENESIS	GOBP_CELL_MIGRATION_INVOLVED_IN_SPROUTING_ANGIOGENESIS		53	0.38676736	1.1181358	0.2771475	0.50212413	1.0	1843	tags=19%, list=9%, signal=21%	
GOBP_RESPONSE_TO_COLD	GOBP_RESPONSE_TO_COLD		42	0.4092093	1.1179804	0.2982456	0.50219995	1.0	1467	tags=17%, list=8%, signal=18%	
GOBP_SIGNAL_RELEASE	GOBP_SIGNAL_RELEASE		469	0.30307662	1.1177896	0.16646563	0.5023933	1.0	1969	tags=14%, list=10%, signal=16%	
GOBP_REGULATION_OF_MYOBLAST_PROLIFERATION	GOBP_REGULATION_OF_MYOBLAST_PROLIFERATION		17	0.48933694	1.1176605	0.31558937	0.5024022	1.0	1814	tags=24%, list=9%, signal=26%	
GOBP_POSITIVE_REGULATION_OF_LIPID_LOCALIZATION	GOBP_POSITIVE_REGULATION_OF_LIPID_LOCALIZATION		103	0.35340777	1.1174119	0.2614897	0.5027151	1.0	2823	tags=28%, list=15%, signal=33%	
GOCC_CYTOSOLIC_REGION	GOCC_CYTOSOLIC_REGION		19	0.47994852	1.1169765	0.31851852	0.5034723	1.0	1822	tags=21%, list=9%, signal=23%	
GOBP_AMMONIUM_ION_METABOLIC_PROCESS	GOBP_AMMONIUM_ION_METABOLIC_PROCESS		23	0.4638296	1.1161766	0.31881532	0.50504947	1.0	1862	tags=30%, list=10%, signal=34%	
GOBP_BROWN_FAT_CELL_DIFFERENTIATION	GOBP_BROWN_FAT_CELL_DIFFERENTIATION		52	0.40038496	1.1160883	0.28767124	0.5050025	1.0	2347	tags=25%, list=12%, signal=28%	
GOBP_NEGATIVE_REGULATION_OF_STRIATED_MUSCLE_CELL_DIFFERENTIATION	GOBP_NEGATIVE_REGULATION_OF_STRIATED_MUSCLE_CELL_DIFFERENTIATION		37	0.41473493	1.1158419	0.30054644	0.50527054	1.0	2901	tags=22%, list=15%, signal=25%	
GOBP_LIVER_MORPHOGENESIS	GOBP_LIVER_MORPHOGENESIS		25	0.4463474	1.1157532	0.3116883	0.5051938	1.0	3357	tags=52%, list=17%, signal=63%	
GOBP_NEGATIVE_REGULATION_OF_CANONICAL_NF_KAPPAB_SIGNAL_TRANSDUCTION	GOBP_NEGATIVE_REGULATION_OF_CANONICAL_NF_KAPPAB_SIGNAL_TRANSDUCTION		53	0.3922538	1.1154041	0.2962963	0.50573313	1.0	2556	tags=23%, list=13%, signal=26%	
GOBP_REGULATION_OF_TRANS_SYNAPTIC_SIGNALING	GOBP_REGULATION_OF_TRANS_SYNAPTIC_SIGNALING		462	0.30351084	1.1150924	0.16844602	0.5062105	1.0	2208	tags=15%, list=11%, signal=17%	
GOBP_POSITIVE_REGULATION_OF_LIPID_STORAGE	GOBP_POSITIVE_REGULATION_OF_LIPID_STORAGE		23	0.45035166	1.1146213	0.31351352	0.507024	1.0	1315	tags=17%, list=7%, signal=19%	
GOBP_POSITIVE_REGULATION_OF_PROTEIN_POLYMERIZATION	GOBP_POSITIVE_REGULATION_OF_PROTEIN_POLYMERIZATION		84	0.36670312	1.1143978	0.2638889	0.507293	1.0	3686	tags=31%, list=19%, signal=38%	
GOBP_CHEMOKINE_C_X_C_MOTIF_LIGAND_2_PRODUCTION	GOBP_CHEMOKINE_C_X_C_MOTIF_LIGAND_2_PRODUCTION		18	0.48148537	1.1136638	0.31568998	0.5087305	1.0	2335	tags=28%, list=12%, signal=32%	
GOBP_HEART_TRABECULA_MORPHOGENESIS	GOBP_HEART_TRABECULA_MORPHOGENESIS		32	0.42341846	1.1134558	0.31135532	0.50896424	1.0	2926	tags=34%, list=15%, signal=40%	
GOBP_REGULATION_OF_LONG_TERM_NEURONAL_SYNAPTIC_PLASTICITY	GOBP_REGULATION_OF_LONG_TERM_NEURONAL_SYNAPTIC_PLASTICITY		24	0.44665912	1.1133411	0.31638417	0.5089515	1.0	303	tags=8%, list=2%, signal=8%	
GOBP_POSITIVE_REGULATION_OF_T_HELPER_1_TYPE_IMMUNE_RESPONSE	GOBP_POSITIVE_REGULATION_OF_T_HELPER_1_TYPE_IMMUNE_RESPONSE		18	0.47477704	1.1133028	0.3225191	0.5087634	1.0	2840	tags=39%, list=15%, signal=46%	
GOBP_POSITIVE_REGULATION_OF_RAS_PROTEIN_SIGNAL_TRANSDUCTION	GOBP_POSITIVE_REGULATION_OF_RAS_PROTEIN_SIGNAL_TRANSDUCTION		18	0.4780916	1.11309	0.34593573	0.50902236	1.0	3019	tags=39%, list=16%, signal=46%	
GOBP_NEGATIVE_REGULATION_OF_CALCIUM_ION_TRANSMEMBRANE_TRANSPORTER_ACTIVITY	GOBP_NEGATIVE_REGULATION_OF_CALCIUM_ION_TRANSMEMBRANE_TRANSPORTER_ACTIVITY		24	0.4573193	1.1130615	0.3109091	0.5088057	1.0	3312	tags=21%, list=17%, signal=25%	
GOBP_NEGATIVE_REGULATION_OF_MYELOID_LEUKOCYTE_DIFFERENTIATION	GOBP_NEGATIVE_REGULATION_OF_MYELOID_LEUKOCYTE_DIFFERENTIATION		49	0.40017837	1.1126866	0.30514097	0.50939924	1.0	3112	tags=29%, list=16%, signal=34%	
GOBP_NEUROTRANSMITTER_UPTAKE	GOBP_NEUROTRANSMITTER_UPTAKE		44	0.40022454	1.112523	0.31198686	0.5095028	1.0	2348	tags=25%, list=12%, signal=28%	
GOBP_CARDIAC_CHAMBER_MORPHOGENESIS	GOBP_CARDIAC_CHAMBER_MORPHOGENESIS		123	0.34086758	1.1123692	0.26756352	0.509588	1.0	2391	tags=25%, list=12%, signal=29%	
GOBP_NEGATIVE_REGULATION_OF_EPITHELIAL_CELL_MIGRATION	GOBP_NEGATIVE_REGULATION_OF_EPITHELIAL_CELL_MIGRATION		65	0.37827736	1.1121279	0.27639753	0.50988203	1.0	3212	tags=29%, list=17%, signal=35%	
GOBP_REGULATION_OF_POLYSACCHARIDE_METABOLIC_PROCESS	GOBP_REGULATION_OF_POLYSACCHARIDE_METABOLIC_PROCESS		39	0.40821445	1.112073	0.27886322	0.5097275	1.0	676	tags=10%, list=3%, signal=11%	
GOBP_POSITIVE_REGULATION_OF_GLUCOSE_TRANSMEMBRANE_TRANSPORT	GOBP_POSITIVE_REGULATION_OF_GLUCOSE_TRANSMEMBRANE_TRANSPORT		41	0.4109105	1.1120563	0.29411766	0.509491	1.0	2741	tags=22%, list=14%, signal=26%	
GOBP_PHOSPHATIDYLINOSITOL_DEPHOSPHORYLATION	GOBP_PHOSPHATIDYLINOSITOL_DEPHOSPHORYLATION		26	0.4317851	1.1119907	0.30973452	0.50938684	1.0	865	tags=12%, list=4%, signal=12%	
GOBP_RESPONSE_TO_ACTIVITY	GOBP_RESPONSE_TO_ACTIVITY		70	0.3714331	1.1118877	0.29552716	0.50936365	1.0	3280	tags=34%, list=17%, signal=41%	
GOBP_REGULATION_OF_ACTIN_FILAMENT_BUNDLE_ASSEMBLY	GOBP_REGULATION_OF_ACTIN_FILAMENT_BUNDLE_ASSEMBLY		99	0.35710812	1.1114966	0.29366305	0.5100184	1.0	1714	tags=19%, list=9%, signal=21%	
GOBP_CARBOHYDRATE_BIOSYNTHETIC_PROCESS	GOBP_CARBOHYDRATE_BIOSYNTHETIC_PROCESS		195	0.32593098	1.1112715	0.23783784	0.51023877	1.0	3874	tags=28%, list=20%, signal=35%	
GOBP_NEGATIVE_REGULATION_OF_TRANSFERASE_ACTIVITY	GOBP_NEGATIVE_REGULATION_OF_TRANSFERASE_ACTIVITY		185	0.32721692	1.1112263	0.26859504	0.5100645	1.0	3830	tags=27%, list=20%, signal=33%	
GOBP_REGULATION_OF_AXON_EXTENSION	GOBP_REGULATION_OF_AXON_EXTENSION		78	0.36848387	1.1111141	0.30033004	0.5100473	1.0	1625	tags=13%, list=8%, signal=14%	
GOBP_NEGATIVE_REGULATION_OF_EPITHELIAL_CELL_PROLIFERATION	GOBP_NEGATIVE_REGULATION_OF_EPITHELIAL_CELL_PROLIFERATION		128	0.34032282	1.1108786	0.260745	0.5103382	1.0	2176	tags=20%, list=11%, signal=22%	
GOBP_PARASYMPATHETIC_NERVOUS_SYSTEM_DEVELOPMENT	GOBP_PARASYMPATHETIC_NERVOUS_SYSTEM_DEVELOPMENT		19	0.47538042	1.1105188	0.31660232	0.5108769	1.0	1891	tags=32%, list=10%, signal=35%	
GOBP_ADAPTIVE_THERMOGENESIS	GOBP_ADAPTIVE_THERMOGENESIS		166	0.33443683	1.1103804	0.23430963	0.51091826	1.0	2923	tags=24%, list=15%, signal=28%	
GOBP_POSITIVE_REGULATION_OF_TRANSFORMING_GROWTH_FACTOR_BETA_PRODUCTION	GOBP_POSITIVE_REGULATION_OF_TRANSFORMING_GROWTH_FACTOR_BETA_PRODUCTION		17	0.47436312	1.1103354	0.3249027	0.51074535	1.0	2365	tags=35%, list=12%, signal=40%	
GOBP_REGULATION_OF_REPRODUCTIVE_PROCESS	GOBP_REGULATION_OF_REPRODUCTIVE_PROCESS		188	0.32703146	1.1102258	0.23842917	0.51071936	1.0	3733	tags=26%, list=19%, signal=31%	
GOBP_REGULATION_OF_GENE_SILENCING_BY_REGULATORY_NCRNA	GOBP_REGULATION_OF_GENE_SILENCING_BY_REGULATORY_NCRNA		27	0.43866107	1.1101605	0.32570422	0.5105867	1.0	326	tags=7%, list=2%, signal=8%	
GOBP_REGULATION_OF_CALCINEURIN_MEDIATED_SIGNALING	GOBP_REGULATION_OF_CALCINEURIN_MEDIATED_SIGNALING		38	0.40719557	1.1097687	0.32161686	0.51121217	1.0	2923	tags=32%, list=15%, signal=37%	
GOBP_HEMATOPOIETIC_PROGENITOR_CELL_DIFFERENTIATION	GOBP_HEMATOPOIETIC_PROGENITOR_CELL_DIFFERENTIATION		129	0.33826283	1.1092927	0.25297618	0.5120785	1.0	2990	tags=22%, list=15%, signal=26%	
GOBP_ENDOPLASMIC_RETICULUM_TUBULAR_NETWORK_ORGANIZATION	GOBP_ENDOPLASMIC_RETICULUM_TUBULAR_NETWORK_ORGANIZATION		19	0.47913867	1.1091347	0.3445693	0.5121915	1.0	1166	tags=16%, list=6%, signal=17%	
GOBP_REGULATION_OF_VASOCONSTRICTION	GOBP_REGULATION_OF_VASOCONSTRICTION		65	0.3750934	1.108566	0.29401994	0.5132473	1.0	2823	tags=29%, list=15%, signal=34%	
GOBP_REGULATION_OF_T_CELL_DIFFERENTIATION_IN_THYMUS	GOBP_REGULATION_OF_T_CELL_DIFFERENTIATION_IN_THYMUS		25	0.4446355	1.1084687	0.3345521	0.51321185	1.0	2743	tags=36%, list=14%, signal=42%	
GOBP_REGULATION_OF_POSTSYNAPTIC_DENSITY_ORGANIZATION	GOBP_REGULATION_OF_POSTSYNAPTIC_DENSITY_ORGANIZATION		16	0.4987725	1.1082947	0.34570312	0.5133517	1.0	2093	tags=31%, list=11%, signal=35%	
GOBP_NEGATIVE_REGULATION_OF_EXOCYTOSIS	GOBP_NEGATIVE_REGULATION_OF_EXOCYTOSIS		34	0.41417047	1.1080444	0.31514084	0.5136914	1.0	2783	tags=24%, list=14%, signal=27%	
GOBP_PYRIMIDINE_CONTAINING_COMPOUND_METABOLIC_PROCESS	GOBP_PYRIMIDINE_CONTAINING_COMPOUND_METABOLIC_PROCESS		86	0.3556628	1.1075133	0.2703583	0.5146491	1.0	2491	tags=21%, list=13%, signal=24%	
GOBP_STRESS_FIBER_ASSEMBLY	GOBP_STRESS_FIBER_ASSEMBLY		107	0.34831002	1.1075119	0.26836583	0.51437545	1.0	2926	tags=26%, list=15%, signal=31%	
GOMF_SOLUTE_PROTON_SYMPORTER_ACTIVITY	GOMF_SOLUTE_PROTON_SYMPORTER_ACTIVITY		24	0.45037907	1.1059552	0.33208954	0.51780343	1.0	2628	tags=33%, list=14%, signal=39%	
GOBP_REGULATION_OF_NERVOUS_SYSTEM_PROCESS	GOBP_REGULATION_OF_NERVOUS_SYSTEM_PROCESS		107	0.35214108	1.1059067	0.27286357	0.51763916	1.0	2924	tags=25%, list=15%, signal=30%	
GOBP_POSITIVE_REGULATION_OF_LAMELLIPODIUM_ORGANIZATION	GOBP_POSITIVE_REGULATION_OF_LAMELLIPODIUM_ORGANIZATION		36	0.418965	1.1058698	0.3246528	0.5174549	1.0	3698	tags=42%, list=19%, signal=51%	
GOBP_REGULATION_OF_MYELINATION	GOBP_REGULATION_OF_MYELINATION		43	0.40121436	1.105613	0.315	0.51779944	1.0	2874	tags=30%, list=15%, signal=35%	
GOBP_REGULATION_OF_DNA_DAMAGE_RESPONSE_SIGNAL_TRANSDUCTION_BY_P53_CLASS_MEDIATOR	GOBP_REGULATION_OF_DNA_DAMAGE_RESPONSE_SIGNAL_TRANSDUCTION_BY_P53_CLASS_MEDIATOR		34	0.4210203	1.1054839	0.3159722	0.51783234	1.0	2395	tags=32%, list=12%, signal=37%	
GOMF_NUCLEAR_RETINOIC_ACID_RECEPTOR_BINDING	GOMF_NUCLEAR_RETINOIC_ACID_RECEPTOR_BINDING		25	0.44133517	1.1054622	0.31059247	0.51759934	1.0	2090	tags=16%, list=11%, signal=18%	
GOBP_EPITHELIAL_CELL_DEVELOPMENT	GOBP_EPITHELIAL_CELL_DEVELOPMENT		214	0.324244	1.1052716	0.21891892	0.5178019	1.0	3319	tags=31%, list=17%, signal=37%	
GOBP_REGULATION_OF_MYOBLAST_DIFFERENTIATION	GOBP_REGULATION_OF_MYOBLAST_DIFFERENTIATION		71	0.36947238	1.1043433	0.28180355	0.5197344	1.0	3665	tags=38%, list=19%, signal=47%	
GOMF_NAD_BINDING	GOMF_NAD_BINDING		56	0.38543737	1.1042081	0.31355932	0.5197708	1.0	3856	tags=32%, list=20%, signal=40%	
GOBP_CEREBELLAR_CORTEX_DEVELOPMENT	GOBP_CEREBELLAR_CORTEX_DEVELOPMENT		49	0.3876522	1.1033372	0.29152542	0.5215721	1.0	1605	tags=16%, list=8%, signal=18%	
GOBP_CD40_SIGNALING_PATHWAY	GOBP_CD40_SIGNALING_PATHWAY		15	0.49583697	1.1032959	0.35347986	0.5213802	1.0	2556	tags=47%, list=13%, signal=54%	
GOBP_TYPE_B_PANCREATIC_CELL_PROLIFERATION	GOBP_TYPE_B_PANCREATIC_CELL_PROLIFERATION		26	0.43171555	1.1032386	0.33393502	0.52124804	1.0	20	tags=4%, list=0%, signal=4%	
GOBP_RESPONSE_TO_INSULIN	GOBP_RESPONSE_TO_INSULIN		262	0.31230515	1.1029218	0.2299873	0.5216785	1.0	2941	tags=21%, list=15%, signal=24%	
GOBP_POSITIVE_REGULATION_OF_AUTOPHAGY	GOBP_POSITIVE_REGULATION_OF_AUTOPHAGY		148	0.3314141	1.1026388	0.25925925	0.52202874	1.0	3087	tags=22%, list=16%, signal=26%	
GOBP_REGULATION_OF_CELL_DIVISION	GOBP_REGULATION_OF_CELL_DIVISION		177	0.32567877	1.1020858	0.24860336	0.52301776	1.0	1782	tags=13%, list=9%, signal=14%	
GOBP_POSITIVE_REGULATION_OF_CELLULAR_RESPONSE_TO_INSULIN_STIMULUS	GOBP_POSITIVE_REGULATION_OF_CELLULAR_RESPONSE_TO_INSULIN_STIMULUS		24	0.4470027	1.1018833	0.34690267	0.5232069	1.0	3563	tags=33%, list=18%, signal=41%	
GOBP_ETHER_METABOLIC_PROCESS	GOBP_ETHER_METABOLIC_PROCESS		24	0.4474692	1.1014835	0.33448276	0.5238851	1.0	1116	tags=17%, list=6%, signal=18%	
GOBP_OLIGODENDROCYTE_DEVELOPMENT	GOBP_OLIGODENDROCYTE_DEVELOPMENT		45	0.3988874	1.1012295	0.31958762	0.5242162	1.0	4344	tags=38%, list=22%, signal=49%	
GOBP_REGULATION_OF_BRANCHING_INVOLVED_IN_URETERIC_BUD_MORPHOGENESIS	GOBP_REGULATION_OF_BRANCHING_INVOLVED_IN_URETERIC_BUD_MORPHOGENESIS		21	0.45674115	1.1004455	0.34264433	0.52578425	1.0	3999	tags=52%, list=21%, signal=66%	
GOMF_GTPASE_ACTIVITY	GOMF_GTPASE_ACTIVITY		297	0.31068322	1.1002711	0.23363286	0.52590466	1.0	2433	tags=16%, list=13%, signal=19%	
GOMF_WATER_TRANSMEMBRANE_TRANSPORTER_ACTIVITY	GOMF_WATER_TRANSMEMBRANE_TRANSPORTER_ACTIVITY		18	0.47169286	1.0999037	0.33579335	0.52651054	1.0	325	tags=11%, list=2%, signal=11%	
GOBP_REGULATION_OF_WNT_SIGNALING_PATHWAY	GOBP_REGULATION_OF_WNT_SIGNALING_PATHWAY		309	0.30800733	1.0996201	0.23298429	0.5269218	1.0	2366	tags=18%, list=12%, signal=20%	
GOBP_REGULATION_OF_LIPID_STORAGE	GOBP_REGULATION_OF_LIPID_STORAGE		49	0.38958225	1.0993546	0.31918505	0.5272973	1.0	2660	tags=29%, list=14%, signal=33%	
GOBP_COLLAGEN_BIOSYNTHETIC_PROCESS	GOBP_COLLAGEN_BIOSYNTHETIC_PROCESS		40	0.4003553	1.0991201	0.33567664	0.5275883	1.0	2572	tags=28%, list=13%, signal=32%	
GOBP_PLASMINOGEN_ACTIVATION	GOBP_PLASMINOGEN_ACTIVATION		26	0.4403955	1.0985483	0.3345521	0.5286412	1.0	2794	tags=31%, list=14%, signal=36%	
GOMF_HEPARAN_SULFATE_SULFOTRANSFERASE_ACTIVITY	GOMF_HEPARAN_SULFATE_SULFOTRANSFERASE_ACTIVITY		15	0.50118965	1.0983522	0.34716982	0.5288375	1.0	1218	tags=27%, list=6%, signal=28%	
GOBP_FOREBRAIN_CELL_MIGRATION	GOBP_FOREBRAIN_CELL_MIGRATION		63	0.3695267	1.0981363	0.30048466	0.5290609	1.0	1412	tags=14%, list=7%, signal=15%	
GOBP_ADHERENS_JUNCTION_ORGANIZATION	GOBP_ADHERENS_JUNCTION_ORGANIZATION		56	0.38229766	1.0974857	0.3030303	0.5303343	1.0	2136	tags=21%, list=11%, signal=24%	
GOBP_LUNG_CELL_DIFFERENTIATION	GOBP_LUNG_CELL_DIFFERENTIATION		29	0.4215458	1.0971282	0.32967034	0.5309138	1.0	3578	tags=34%, list=18%, signal=42%	
GOBP_PROTEIN_LOCALIZATION_TO_EXTRACELLULAR_REGION	GOBP_PROTEIN_LOCALIZATION_TO_EXTRACELLULAR_REGION		355	0.30178374	1.0970416	0.20812808	0.53083634	1.0	2174	tags=15%, list=11%, signal=17%	
GOBP_REGULATION_OF_CYTOPLASMIC_PATTERN_RECOGNITION_RECEPTOR_SIGNALING_PATHWAY	GOBP_REGULATION_OF_CYTOPLASMIC_PATTERN_RECOGNITION_RECEPTOR_SIGNALING_PATHWAY		107	0.3410258	1.0968536	0.27963525	0.5310055	1.0	3312	tags=29%, list=17%, signal=35%	
GOBP_SYNAPSE_MATURATION	GOBP_SYNAPSE_MATURATION		34	0.41824552	1.0964303	0.33161512	0.531728	1.0	3331	tags=29%, list=17%, signal=35%	
GOBP_POSITIVE_REGULATION_OF_VIRAL_LIFE_CYCLE	GOBP_POSITIVE_REGULATION_OF_VIRAL_LIFE_CYCLE		24	0.44625857	1.0958867	0.32849365	0.53279454	1.0	2539	tags=33%, list=13%, signal=38%	
GOBP_POSITIVE_REGULATION_OF_LIPASE_ACTIVITY	GOBP_POSITIVE_REGULATION_OF_LIPASE_ACTIVITY		49	0.39305595	1.0952475	0.31663975	0.5340125	1.0	2955	tags=24%, list=15%, signal=29%	
GOBP_LONG_CHAIN_FATTY_ACID_METABOLIC_PROCESS	GOBP_LONG_CHAIN_FATTY_ACID_METABOLIC_PROCESS		107	0.34599695	1.0942858	0.2964072	0.53607297	1.0	2822	tags=20%, list=15%, signal=23%	
GOBP_PHOSPHATIDIC_ACID_METABOLIC_PROCESS	GOBP_PHOSPHATIDIC_ACID_METABOLIC_PROCESS		37	0.41253364	1.0940546	0.34300342	0.5363568	1.0	1467	tags=16%, list=8%, signal=18%	
GOBP_REGULATION_OF_TRANSCRIPTION_REGULATORY_REGION_DNA_BINDING	GOBP_REGULATION_OF_TRANSCRIPTION_REGULATORY_REGION_DNA_BINDING		32	0.4189486	1.0939806	0.32902032	0.536251	1.0	1662	tags=19%, list=9%, signal=20%	
GOBP_REGULATION_OF_PEPTIDYL_SERINE_PHOSPHORYLATION	GOBP_REGULATION_OF_PEPTIDYL_SERINE_PHOSPHORYLATION		114	0.33920047	1.093837	0.27424243	0.5363238	1.0	3648	tags=29%, list=19%, signal=35%	
GOBP_DENDRITE_MORPHOGENESIS	GOBP_DENDRITE_MORPHOGENESIS		134	0.3346591	1.0934825	0.3041543	0.5368696	1.0	3019	tags=25%, list=16%, signal=30%	
GOBP_ENDOCRINE_PROCESS	GOBP_ENDOCRINE_PROCESS		89	0.3507819	1.0931681	0.27531645	0.5372827	1.0	1186	tags=17%, list=6%, signal=18%	
GOBP_REGULATION_OF_RETINOIC_ACID_RECEPTOR_SIGNALING_PATHWAY	GOBP_REGULATION_OF_RETINOIC_ACID_RECEPTOR_SIGNALING_PATHWAY		16	0.48483807	1.093059	0.36526945	0.53727275	1.0	3737	tags=25%, list=19%, signal=31%	
GOBP_POSITIVE_REGULATION_OF_PROTEIN_SECRETION	GOBP_POSITIVE_REGULATION_OF_PROTEIN_SECRETION		142	0.3289619	1.0928043	0.26268658	0.5375745	1.0	1502	tags=15%, list=8%, signal=16%	
GOBP_REGULATION_OF_G_PROTEIN_COUPLED_RECEPTOR_SIGNALING_PATHWAY	GOBP_REGULATION_OF_G_PROTEIN_COUPLED_RECEPTOR_SIGNALING_PATHWAY		143	0.33042875	1.0919311	0.26934522	0.5393315	1.0	3352	tags=24%, list=17%, signal=29%	
GOBP_MULTICELLULAR_ORGANISM_GROWTH	GOBP_MULTICELLULAR_ORGANISM_GROWTH		142	0.32741353	1.0917814	0.27433628	0.5394158	1.0	2835	tags=22%, list=15%, signal=25%	
GOBP_CALCIUM_ION_IMPORT	GOBP_CALCIUM_ION_IMPORT		76	0.36163086	1.0906757	0.3121019	0.54179674	1.0	2903	tags=22%, list=15%, signal=26%	
GOBP_RESPONSE_TO_ISCHEMIA	GOBP_RESPONSE_TO_ISCHEMIA		63	0.3732313	1.090654	0.31208053	0.5415629	1.0	2893	tags=32%, list=15%, signal=37%	
GOCC_CYTOPLASMIC_SIDE_OF_MEMBRANE	GOCC_CYTOPLASMIC_SIDE_OF_MEMBRANE		196	0.31675795	1.0906297	0.25889048	0.5413371	1.0	3371	tags=29%, list=17%, signal=34%	
GOBP_POSITIVE_REGULATION_OF_GLIAL_CELL_PROLIFERATION	GOBP_POSITIVE_REGULATION_OF_GLIAL_CELL_PROLIFERATION		21	0.44957793	1.0905403	0.3564728	0.5412567	1.0	3555	tags=43%, list=18%, signal=52%	
GOBP_AMIDE_CATABOLIC_PROCESS	GOBP_AMIDE_CATABOLIC_PROCESS		16	0.4801616	1.0904292	0.37037036	0.54124945	1.0	18	tags=6%, list=0%, signal=6%	
GOMF_LIPASE_ACTIVITY	GOMF_LIPASE_ACTIVITY		123	0.33724776	1.0898743	0.30232558	0.5422564	1.0	704	tags=7%, list=4%, signal=8%	
GOBP_REGULATION_OF_INTRINSIC_APOPTOTIC_SIGNALING_PATHWAY_IN_RESPONSE_TO_DNA_DAMAGE	GOBP_REGULATION_OF_INTRINSIC_APOPTOTIC_SIGNALING_PATHWAY_IN_RESPONSE_TO_DNA_DAMAGE		35	0.41041172	1.0892807	0.32536766	0.54341847	1.0	2395	tags=29%, list=12%, signal=33%	
GOBP_POSITIVE_REGULATION_OF_TRANSCRIPTION_REGULATORY_REGION_DNA_BINDING	GOBP_POSITIVE_REGULATION_OF_TRANSCRIPTION_REGULATORY_REGION_DNA_BINDING		18	0.47173098	1.0892417	0.36329588	0.54322964	1.0	1662	tags=22%, list=9%, signal=24%	
GOBP_MIDBRAIN_DOPAMINERGIC_NEURON_DIFFERENTIATION	GOBP_MIDBRAIN_DOPAMINERGIC_NEURON_DIFFERENTIATION		16	0.48389924	1.0891962	0.35700575	0.5430578	1.0	255	tags=13%, list=1%, signal=13%	
GOMF_VOLTAGE_GATED_CHANNEL_ACTIVITY	GOMF_VOLTAGE_GATED_CHANNEL_ACTIVITY		171	0.32242772	1.0891521	0.28714284	0.542874	1.0	1724	tags=12%, list=9%, signal=13%	
GOBP_WNT_SIGNALING_PATHWAY_PLANAR_CELL_POLARITY_PATHWAY	GOBP_WNT_SIGNALING_PATHWAY_PLANAR_CELL_POLARITY_PATHWAY		49	0.38494503	1.0884389	0.342723	0.54427546	1.0	1560	tags=14%, list=8%, signal=15%	
GOBP_EXECUTION_PHASE_OF_APOPTOSIS	GOBP_EXECUTION_PHASE_OF_APOPTOSIS		74	0.35805723	1.0882996	0.31428573	0.544335	1.0	3692	tags=26%, list=19%, signal=32%	
GOBP_RESPONSE_TO_ORGANOPHOSPHORUS	GOBP_RESPONSE_TO_ORGANOPHOSPHORUS		124	0.33052242	1.0878795	0.3013493	0.5450133	1.0	2485	tags=22%, list=13%, signal=25%	
GOCC_RUFFLE_MEMBRANE	GOCC_RUFFLE_MEMBRANE		96	0.35036156	1.0878692	0.32018927	0.54475373	1.0	3350	tags=31%, list=17%, signal=38%	
GOBP_RELEASE_OF_CYTOCHROME_C_FROM_MITOCHONDRIA	GOBP_RELEASE_OF_CYTOCHROME_C_FROM_MITOCHONDRIA		55	0.38165784	1.0875884	0.3305509	0.54512227	1.0	2566	tags=22%, list=13%, signal=25%	
GOMF_DIOXYGENASE_ACTIVITY	GOMF_DIOXYGENASE_ACTIVITY		83	0.35477543	1.0868531	0.30862328	0.5466591	1.0	1825	tags=19%, list=9%, signal=21%	
GOMF_PROTEIN_LIPID_COMPLEX_BINDING	GOMF_PROTEIN_LIPID_COMPLEX_BINDING		29	0.42584974	1.0867249	0.34719712	0.5466862	1.0	1149	tags=21%, list=6%, signal=22%	
GOBP_REGULATION_OF_HEART_CONTRACTION	GOBP_REGULATION_OF_HEART_CONTRACTION		199	0.3176478	1.0865245	0.28107345	0.5469089	1.0	1349	tags=13%, list=7%, signal=14%	
GOBP_REGULATION_OF_RENAL_SYSTEM_PROCESS	GOBP_REGULATION_OF_RENAL_SYSTEM_PROCESS		21	0.44549894	1.0864949	0.35443038	0.5466937	1.0	2387	tags=38%, list=12%, signal=43%	
GOBP_REGULATION_OF_ENDOTHELIAL_CELL_DEVELOPMENT	GOBP_REGULATION_OF_ENDOTHELIAL_CELL_DEVELOPMENT		18	0.46544468	1.0861586	0.33270678	0.5472157	1.0	3029	tags=39%, list=16%, signal=46%	
GOBP_RESPONSE_TO_RETINOIC_ACID	GOBP_RESPONSE_TO_RETINOIC_ACID		104	0.34213412	1.0859663	0.31336406	0.5473831	1.0	2156	tags=23%, list=11%, signal=26%	
GOBP_PROTEIN_TRIMERIZATION	GOBP_PROTEIN_TRIMERIZATION		17	0.4769771	1.0859426	0.35658914	0.54715717	1.0	1995	tags=35%, list=10%, signal=39%	
GOBP_LYMPHOID_PROGENITOR_CELL_DIFFERENTIATION	GOBP_LYMPHOID_PROGENITOR_CELL_DIFFERENTIATION		24	0.4334773	1.0858442	0.35963303	0.5471059	1.0	1931	tags=25%, list=10%, signal=28%	
GOBP_POSITIVE_REGULATION_OF_POST_TRANSLATIONAL_PROTEIN_MODIFICATION	GOBP_POSITIVE_REGULATION_OF_POST_TRANSLATIONAL_PROTEIN_MODIFICATION		122	0.33233783	1.0857265	0.28279883	0.5470911	1.0	2924	tags=20%, list=15%, signal=24%	
GOBP_REGULATION_OF_PROTEIN_CONTAINING_COMPLEX_DISASSEMBLY	GOBP_REGULATION_OF_PROTEIN_CONTAINING_COMPLEX_DISASSEMBLY		117	0.33919147	1.0851598	0.3174114	0.5482028	1.0	3779	tags=33%, list=19%, signal=41%	
GOBP_POSITIVE_REGULATION_OF_ANTIGEN_RECEPTOR_MEDIATED_SIGNALING_PATHWAY	GOBP_POSITIVE_REGULATION_OF_ANTIGEN_RECEPTOR_MEDIATED_SIGNALING_PATHWAY		26	0.44073418	1.0849433	0.3628159	0.54847795	1.0	3308	tags=38%, list=17%, signal=46%	
GOMF_SYNTAXIN_1_BINDING	GOMF_SYNTAXIN_1_BINDING		19	0.46280077	1.0847825	0.36247724	0.54856753	1.0	2783	tags=42%, list=14%, signal=49%	
GOBP_RESPONSE_TO_CALCIUM_ION	GOBP_RESPONSE_TO_CALCIUM_ION		124	0.33725098	1.0845764	0.30115274	0.54877245	1.0	2653	tags=21%, list=14%, signal=24%	
GOBP_LIPOPROTEIN_LOCALIZATION	GOBP_LIPOPROTEIN_LOCALIZATION		20	0.46073672	1.0844448	0.37451738	0.5488136	1.0	1583	tags=20%, list=8%, signal=22%	
GOBP_REGULATION_OF_ORGAN_GROWTH	GOBP_REGULATION_OF_ORGAN_GROWTH		86	0.34896612	1.0840173	0.32061067	0.5495518	1.0	2376	tags=21%, list=12%, signal=24%	
GOBP_NEGATIVE_REGULATION_OF_MYOTUBE_DIFFERENTIATION	GOBP_NEGATIVE_REGULATION_OF_MYOTUBE_DIFFERENTIATION		16	0.477705	1.0839974	0.36770427	0.54932106	1.0	2901	tags=25%, list=15%, signal=29%	
GOMF_CALMODULIN_BINDING	GOMF_CALMODULIN_BINDING		201	0.31812102	1.0832497	0.27260274	0.5508275	1.0	2354	tags=18%, list=12%, signal=21%	
GOCC_MICROBODY	GOCC_MICROBODY		135	0.3309142	1.0830603	0.3003049	0.5509877	1.0	2931	tags=18%, list=15%, signal=21%	
GOBP_NEGATIVE_REGULATION_OF_AMYLOID_PRECURSOR_PROTEIN_CATABOLIC_PROCESS	GOBP_NEGATIVE_REGULATION_OF_AMYLOID_PRECURSOR_PROTEIN_CATABOLIC_PROCESS		19	0.45880005	1.0817186	0.3614679	0.553898	1.0	1867	tags=26%, list=10%, signal=29%	
GOBP_REACTIVE_OXYGEN_SPECIES_BIOSYNTHETIC_PROCESS	GOBP_REACTIVE_OXYGEN_SPECIES_BIOSYNTHETIC_PROCESS		51	0.38056797	1.0816282	0.3451613	0.5538326	1.0	3104	tags=27%, list=16%, signal=33%	
GOBP_REGULATION_OF_LIPID_LOCALIZATION	GOBP_REGULATION_OF_LIPID_LOCALIZATION		154	0.32335833	1.081348	0.29929078	0.5542321	1.0	2183	tags=21%, list=11%, signal=24%	
GOBP_POSITIVE_REGULATION_OF_STRESS_FIBER_ASSEMBLY	GOBP_POSITIVE_REGULATION_OF_STRESS_FIBER_ASSEMBLY		50	0.38375106	1.0811262	0.36006826	0.5544954	1.0	1625	tags=20%, list=8%, signal=22%	
GOBP_RESPONSE_TO_PURINE_CONTAINING_COMPOUND	GOBP_RESPONSE_TO_PURINE_CONTAINING_COMPOUND		136	0.33197144	1.0810736	0.32303372	0.5543226	1.0	2485	tags=22%, list=13%, signal=25%	
GOBP_LENS_DEVELOPMENT_IN_CAMERA_TYPE_EYE	GOBP_LENS_DEVELOPMENT_IN_CAMERA_TYPE_EYE		87	0.34663692	1.0803823	0.32233882	0.5557127	1.0	2232	tags=15%, list=11%, signal=17%	
GOBP_REGULATION_OF_VASCULAR_ENDOTHELIAL_GROWTH_FACTOR_RECEPTOR_SIGNALING_PATHWAY	GOBP_REGULATION_OF_VASCULAR_ENDOTHELIAL_GROWTH_FACTOR_RECEPTOR_SIGNALING_PATHWAY		29	0.4215863	1.0803227	0.33802816	0.5555721	1.0	2202	tags=28%, list=11%, signal=31%	
GOBP_MACROMOLECULE_DEACYLATION	GOBP_MACROMOLECULE_DEACYLATION		58	0.37272096	1.0797377	0.32781458	0.5566916	1.0	3780	tags=24%, list=19%, signal=30%	
GOBP_FATTY_ACID_DERIVATIVE_METABOLIC_PROCESS	GOBP_FATTY_ACID_DERIVATIVE_METABOLIC_PROCESS		73	0.36024803	1.0796468	0.31487343	0.5566304	1.0	2822	tags=25%, list=15%, signal=29%	
GOBP_POSITIVE_REGULATION_OF_GLUCONEOGENESIS	GOBP_POSITIVE_REGULATION_OF_GLUCONEOGENESIS		18	0.45792884	1.0793002	0.36261684	0.5572005	1.0	3780	tags=39%, list=19%, signal=48%	
GOBP_ACTIVATION_OF_PROTEIN_KINASE_B_ACTIVITY	GOBP_ACTIVATION_OF_PROTEIN_KINASE_B_ACTIVITY		20	0.443736	1.0790355	0.3747573	0.55756253	1.0	2846	tags=30%, list=15%, signal=35%	
GOBP_LABYRINTHINE_LAYER_BLOOD_VESSEL_DEVELOPMENT	GOBP_LABYRINTHINE_LAYER_BLOOD_VESSEL_DEVELOPMENT		19	0.47035992	1.0788884	0.37475345	0.5576596	1.0	343	tags=11%, list=2%, signal=11%	
GOBP_NEGATIVE_REGULATION_OF_VASCULAR_ASSOCIATED_SMOOTH_MUSCLE_CELL_PROLIFERATION	GOBP_NEGATIVE_REGULATION_OF_VASCULAR_ASSOCIATED_SMOOTH_MUSCLE_CELL_PROLIFERATION		22	0.446172	1.0785546	0.3368984	0.5581539	1.0	3095	tags=32%, list=16%, signal=38%	
GOBP_NUCLEOSIDE_PHOSPHATE_CATABOLIC_PROCESS	GOBP_NUCLEOSIDE_PHOSPHATE_CATABOLIC_PROCESS		175	0.31701222	1.078258	0.29594594	0.5585879	1.0	3885	tags=31%, list=20%, signal=38%	
GOBP_RESPONSE_TO_CARBOHYDRATE	GOBP_RESPONSE_TO_CARBOHYDRATE		215	0.31079313	1.0776525	0.29268292	0.55976266	1.0	2401	tags=17%, list=12%, signal=19%	
GOMF_PHOSPHOLIPID_BINDING	GOMF_PHOSPHOLIPID_BINDING		457	0.2939717	1.0770711	0.25689223	0.56083345	1.0	3194	tags=22%, list=16%, signal=26%	
GOBP_POSITIVE_REGULATION_OF_T_HELPER_CELL_DIFFERENTIATION	GOBP_POSITIVE_REGULATION_OF_T_HELPER_CELL_DIFFERENTIATION		25	0.43027538	1.0769643	0.36229205	0.5608086	1.0	2553	tags=24%, list=13%, signal=28%	
GOBP_REGULATION_OF_MONOCYTE_DIFFERENTIATION	GOBP_REGULATION_OF_MONOCYTE_DIFFERENTIATION		19	0.46179613	1.0768999	0.37243947	0.56068283	1.0	3112	tags=37%, list=16%, signal=44%	
GOBP_NEGATIVE_REGULATION_OF_POTASSIUM_ION_TRANSMEMBRANE_TRANSPORT	GOBP_NEGATIVE_REGULATION_OF_POTASSIUM_ION_TRANSMEMBRANE_TRANSPORT		22	0.43787694	1.0764132	0.36523438	0.56156707	1.0	3305	tags=41%, list=17%, signal=49%	
GOBP_REGULATION_OF_DEFENSE_RESPONSE_TO_BACTERIUM	GOBP_REGULATION_OF_DEFENSE_RESPONSE_TO_BACTERIUM		19	0.4528426	1.0763853	0.36	0.56135076	1.0	2842	tags=26%, list=15%, signal=31%	
GOBP_CARBOHYDRATE_CATABOLIC_PROCESS	GOBP_CARBOHYDRATE_CATABOLIC_PROCESS		166	0.32400936	1.0760307	0.30298507	0.5619422	1.0	3881	tags=31%, list=20%, signal=39%	
GOBP_CELL_COMMUNICATION_BY_ELECTRICAL_COUPLING_INVOLVED_IN_CARDIAC_CONDUCTION	GOBP_CELL_COMMUNICATION_BY_ELECTRICAL_COUPLING_INVOLVED_IN_CARDIAC_CONDUCTION		26	0.42986527	1.0757169	0.3772242	0.562396	1.0	927	tags=12%, list=5%, signal=12%	
GOBP_PHOSPHATIDYLGLYCEROL_METABOLIC_PROCESS	GOBP_PHOSPHATIDYLGLYCEROL_METABOLIC_PROCESS		32	0.4112608	1.0755038	0.3478261	0.56265706	1.0	2826	tags=22%, list=15%, signal=26%	
GOBP_REGULATION_OF_OXIDATIVE_PHOSPHORYLATION	GOBP_REGULATION_OF_OXIDATIVE_PHOSPHORYLATION		20	0.45544013	1.0753055	0.37570092	0.5628508	1.0	2923	tags=35%, list=15%, signal=41%	
GOBP_POSITIVE_REGULATION_OF_GENE_EXPRESSION_EPIGENETIC	GOBP_POSITIVE_REGULATION_OF_GENE_EXPRESSION_EPIGENETIC		49	0.37799546	1.0752219	0.3469388	0.56277287	1.0	627	tags=8%, list=3%, signal=8%	
GOBP_POSITIVE_REGULATION_OF_GLYCOGEN_METABOLIC_PROCESS	GOBP_POSITIVE_REGULATION_OF_GLYCOGEN_METABOLIC_PROCESS		16	0.47544518	1.0751888	0.3791209	0.5625613	1.0	537	tags=13%, list=3%, signal=13%	
GOBP_REGULATION_OF_PHOSPHATASE_ACTIVITY	GOBP_REGULATION_OF_PHOSPHATASE_ACTIVITY		50	0.3790102	1.0749437	0.359375	0.5628679	1.0	2303	tags=20%, list=12%, signal=23%	
GOBP_FOREBRAIN_DEVELOPMENT	GOBP_FOREBRAIN_DEVELOPMENT		398	0.29624903	1.0748862	0.28029376	0.5627084	1.0	3023	tags=19%, list=16%, signal=22%	
GOMF_MONOATOMIC_ANION_MONOATOMIC_CATION_SYMPORTER_ACTIVITY	GOMF_MONOATOMIC_ANION_MONOATOMIC_CATION_SYMPORTER_ACTIVITY		25	0.43560103	1.0746454	0.36312848	0.56301576	1.0	2025	tags=24%, list=10%, signal=27%	
GOBP_REGULATION_OF_SKELETAL_MUSCLE_CELL_DIFFERENTIATION	GOBP_REGULATION_OF_SKELETAL_MUSCLE_CELL_DIFFERENTIATION		20	0.44567823	1.0744549	0.38858196	0.5631947	1.0	3498	tags=40%, list=18%, signal=49%	
GOBP_POSITIVE_REGULATION_OF_SPROUTING_ANGIOGENESIS	GOBP_POSITIVE_REGULATION_OF_SPROUTING_ANGIOGENESIS		22	0.44737566	1.0742546	0.3752244	0.5634034	1.0	3532	tags=36%, list=18%, signal=44%	
GOBP_AMYLOID_PRECURSOR_PROTEIN_CATABOLIC_PROCESS	GOBP_AMYLOID_PRECURSOR_PROTEIN_CATABOLIC_PROCESS		55	0.371629	1.074176	0.3536184	0.563314	1.0	3188	tags=25%, list=16%, signal=30%	
GOBP_NEGATIVE_REGULATION_OF_T_CELL_DIFFERENTIATION	GOBP_NEGATIVE_REGULATION_OF_T_CELL_DIFFERENTIATION		44	0.38633624	1.073881	0.35800344	0.56371915	1.0	2833	tags=25%, list=15%, signal=29%	
GOBP_NEGATIVE_REGULATION_OF_VIRAL_GENOME_REPLICATION	GOBP_NEGATIVE_REGULATION_OF_VIRAL_GENOME_REPLICATION		52	0.37586692	1.0737175	0.33728814	0.5638468	1.0	3281	tags=27%, list=17%, signal=32%	
GOBP_LYSOSOMAL_MEMBRANE_ORGANIZATION	GOBP_LYSOSOMAL_MEMBRANE_ORGANIZATION		15	0.47449186	1.073494	0.4123314	0.5641096	1.0	1342	tags=20%, list=7%, signal=21%	
GOBP_RETINOIC_ACID_RECEPTOR_SIGNALING_PATHWAY	GOBP_RETINOIC_ACID_RECEPTOR_SIGNALING_PATHWAY		32	0.42070886	1.0733739	0.34892085	0.564106	1.0	1997	tags=16%, list=10%, signal=17%	
GOBP_PROTEIN_LOCALIZATION_TO_POSTSYNAPSE	GOBP_PROTEIN_LOCALIZATION_TO_POSTSYNAPSE		44	0.3909348	1.0731279	0.35343385	0.5644533	1.0	2497	tags=18%, list=13%, signal=21%	
GOBP_REGULATION_OF_KERATINOCYTE_PROLIFERATION	GOBP_REGULATION_OF_KERATINOCYTE_PROLIFERATION		44	0.3905224	1.0726331	0.35752213	0.5653843	1.0	2588	tags=30%, list=13%, signal=34%	
GOBP_REGULATION_OF_NEUROTRANSMITTER_RECEPTOR_ACTIVITY	GOBP_REGULATION_OF_NEUROTRANSMITTER_RECEPTOR_ACTIVITY		35	0.40601397	1.0716563	0.36379927	0.56747556	1.0	2626	tags=20%, list=14%, signal=23%	
GOBP_ORGAN_GROWTH	GOBP_ORGAN_GROWTH		156	0.3225973	1.0713074	0.33903134	0.56798595	1.0	2376	tags=19%, list=12%, signal=21%	
GOBP_REGULATION_OF_CELL_PROLIFERATION_INVOLVED_IN_KIDNEY_DEVELOPMENT	GOBP_REGULATION_OF_CELL_PROLIFERATION_INVOLVED_IN_KIDNEY_DEVELOPMENT		15	0.48288286	1.0702307	0.38728324	0.57033104	1.0	3112	tags=53%, list=16%, signal=63%	
GOMF_GTPASE_ACTIVATOR_ACTIVITY	GOMF_GTPASE_ACTIVATOR_ACTIVITY		250	0.3035842	1.0698284	0.29973823	0.5710209	1.0	2562	tags=19%, list=13%, signal=22%	
GOBP_RESPONSE_TO_TEMPERATURE_STIMULUS	GOBP_RESPONSE_TO_TEMPERATURE_STIMULUS		163	0.31692916	1.0693687	0.3153409	0.5718498	1.0	3040	tags=20%, list=16%, signal=23%	
GOBP_SYNAPSE_ORGANIZATION	GOBP_SYNAPSE_ORGANIZATION		474	0.28925	1.0692288	0.2747253	0.5719154	1.0	2685	tags=19%, list=14%, signal=21%	
GOBP_LIPID_LOCALIZATION	GOBP_LIPID_LOCALIZATION		458	0.29095927	1.0690693	0.26365796	0.5720061	1.0	1911	tags=15%, list=10%, signal=16%	
GOCC_TRANSPORT_VESICLE	GOCC_TRANSPORT_VESICLE		419	0.29446813	1.0690348	0.27339903	0.57180774	1.0	1752	tags=12%, list=9%, signal=13%	
GOMF_TRANSMEMBRANE_RECEPTOR_PROTEIN_KINASE_ACTIVITY	GOMF_TRANSMEMBRANE_RECEPTOR_PROTEIN_KINASE_ACTIVITY		79	0.34914127	1.0689882	0.375	0.5716263	1.0	2955	tags=29%, list=15%, signal=34%	
GOMF_KINASE_REGULATOR_ACTIVITY	GOMF_KINASE_REGULATOR_ACTIVITY		257	0.30374002	1.0684592	0.292517	0.5726148	1.0	4028	tags=28%, list=21%, signal=35%	
GOBP_SNARE_COMPLEX_ASSEMBLY	GOBP_SNARE_COMPLEX_ASSEMBLY		21	0.4501158	1.0682886	0.3756806	0.5727451	1.0	2693	tags=33%, list=14%, signal=39%	
GOBP_SKELETAL_MUSCLE_CELL_PROLIFERATION	GOBP_SKELETAL_MUSCLE_CELL_PROLIFERATION		23	0.44061399	1.0682406	0.3884007	0.5725734	1.0	1764	tags=22%, list=9%, signal=24%	
GOBP_REGULATION_OF_DENDRITIC_SPINE_MORPHOGENESIS	GOBP_REGULATION_OF_DENDRITIC_SPINE_MORPHOGENESIS		40	0.3877708	1.0681813	0.323049	0.5724213	1.0	2497	tags=30%, list=13%, signal=34%	
GOBP_PROTEIN_LOCALIZATION_TO_CELL_SURFACE	GOBP_PROTEIN_LOCALIZATION_TO_CELL_SURFACE		65	0.36146206	1.0677043	0.35738254	0.573261	1.0	2348	tags=20%, list=12%, signal=23%	
GOBP_MESENCHYMAL_CELL_DIFFERENTIATION	GOBP_MESENCHYMAL_CELL_DIFFERENTIATION		245	0.3071807	1.0669988	0.31233245	0.5746885	1.0	2395	tags=19%, list=12%, signal=22%	
GOBP_BARBED_END_ACTIN_FILAMENT_CAPPING	GOBP_BARBED_END_ACTIN_FILAMENT_CAPPING		23	0.42358136	1.0663111	0.35726795	0.5761013	1.0	3779	tags=43%, list=19%, signal=54%	
GOBP_ORGANOPHOSPHATE_CATABOLIC_PROCESS	GOBP_ORGANOPHOSPHATE_CATABOLIC_PROCESS		231	0.30724555	1.0659809	0.3027523	0.5766237	1.0	3885	tags=28%, list=20%, signal=35%	
GOBP_HORMONE_TRANSPORT	GOBP_HORMONE_TRANSPORT		309	0.30033496	1.0659043	0.30671737	0.57651806	1.0	2174	tags=16%, list=11%, signal=17%	
GOCC_MYOSIN_COMPLEX	GOCC_MYOSIN_COMPLEX		56	0.37551522	1.0658196	0.3504823	0.57644135	1.0	1485	tags=16%, list=8%, signal=17%	
GOMF_TRANSPORTER_REGULATOR_ACTIVITY	GOMF_TRANSPORTER_REGULATOR_ACTIVITY		146	0.32302874	1.0654627	0.33193278	0.5770082	1.0	3023	tags=18%, list=16%, signal=22%	
GOBP_RESPONSE_TO_XENOBIOTIC_STIMULUS	GOBP_RESPONSE_TO_XENOBIOTIC_STIMULUS		426	0.29111594	1.0653408	0.28068045	0.5770104	1.0	2377	tags=16%, list=12%, signal=18%	
GOBP_REGULATION_OF_COLLATERAL_SPROUTING	GOBP_REGULATION_OF_COLLATERAL_SPROUTING		19	0.44404265	1.0653073	0.3880309	0.576806	1.0	965	tags=16%, list=5%, signal=17%	
GOBP_DENDRITIC_SPINE_DEVELOPMENT	GOBP_DENDRITIC_SPINE_DEVELOPMENT		92	0.34420815	1.0649527	0.3448276	0.57736695	1.0	1800	tags=18%, list=9%, signal=20%	
GOBP_REGULATION_OF_AMINO_ACID_TRANSMEMBRANE_TRANSPORT	GOBP_REGULATION_OF_AMINO_ACID_TRANSMEMBRANE_TRANSPORT		15	0.46175304	1.0646486	0.4052533	0.5778539	1.0	2206	tags=33%, list=11%, signal=38%	
GOBP_CELLULAR_ALDEHYDE_METABOLIC_PROCESS	GOBP_CELLULAR_ALDEHYDE_METABOLIC_PROCESS		73	0.3569009	1.0645615	0.3300813	0.5777814	1.0	982	tags=12%, list=5%, signal=13%	
GOBP_T_CELL_DIFFERENTIATION_IN_THYMUS	GOBP_T_CELL_DIFFERENTIATION_IN_THYMUS		85	0.34704277	1.064233	0.3520249	0.57828623	1.0	2926	tags=31%, list=15%, signal=36%	
GOMF_MONOCARBOXYLIC_ACID_TRANSMEMBRANE_TRANSPORTER_ACTIVITY	GOMF_MONOCARBOXYLIC_ACID_TRANSMEMBRANE_TRANSPORTER_ACTIVITY		71	0.35276255	1.064159	0.33333334	0.57818663	1.0	2900	tags=24%, list=15%, signal=28%	
GOBP_FACE_DEVELOPMENT	GOBP_FACE_DEVELOPMENT		52	0.37369382	1.064141	0.35049835	0.57794863	1.0	2926	tags=23%, list=15%, signal=27%	
GOBP_POSITIVE_REGULATION_OF_AMYLOID_PRECURSOR_PROTEIN_CATABOLIC_PROCESS	GOBP_POSITIVE_REGULATION_OF_AMYLOID_PRECURSOR_PROTEIN_CATABOLIC_PROCESS		24	0.43095466	1.0639639	0.3653484	0.578091	1.0	3188	tags=29%, list=16%, signal=35%	
GOBP_NEGATIVE_REGULATION_OF_SUPRAMOLECULAR_FIBER_ORGANIZATION	GOBP_NEGATIVE_REGULATION_OF_SUPRAMOLECULAR_FIBER_ORGANIZATION		148	0.3198733	1.0639389	0.3352518	0.5778661	1.0	3779	tags=34%, list=19%, signal=42%	
GOBP_POSITIVE_REGULATION_OF_NON_CANONICAL_NF_KAPPAB_SIGNAL_TRANSDUCTION	GOBP_POSITIVE_REGULATION_OF_NON_CANONICAL_NF_KAPPAB_SIGNAL_TRANSDUCTION		62	0.3619617	1.0633836	0.3579454	0.5789172	1.0	3574	tags=31%, list=18%, signal=37%	
GOBP_REGULATION_OF_EXTRINSIC_APOPTOTIC_SIGNALING_PATHWAY	GOBP_REGULATION_OF_EXTRINSIC_APOPTOTIC_SIGNALING_PATHWAY		149	0.32171866	1.0633463	0.3323741	0.57873285	1.0	2190	tags=19%, list=11%, signal=21%	
GOBP_NEGATIVE_REGULATION_OF_MONOATOMIC_ION_TRANSPORT	GOBP_NEGATIVE_REGULATION_OF_MONOATOMIC_ION_TRANSPORT		111	0.33161718	1.0631198	0.34908536	0.5790002	1.0	1724	tags=13%, list=9%, signal=14%	
GOBP_REGULATION_OF_AMYLOID_BETA_CLEARANCE	GOBP_REGULATION_OF_AMYLOID_BETA_CLEARANCE		17	0.46384445	1.0629865	0.39728683	0.5790632	1.0	2926	tags=41%, list=15%, signal=48%	
GOBP_POSITIVE_REGULATION_OF_PROTEIN_TRANSPORT	GOBP_POSITIVE_REGULATION_OF_PROTEIN_TRANSPORT		243	0.3047681	1.0624467	0.3042328	0.5801333	1.0	2413	tags=18%, list=12%, signal=20%	
GOBP_HEART_MORPHOGENESIS	GOBP_HEART_MORPHOGENESIS		254	0.30297554	1.0623428	0.317139	0.580079	1.0	2391	tags=20%, list=12%, signal=22%	
GOBP_PYRIDINE_CONTAINING_COMPOUND_METABOLIC_PROCESS	GOBP_PYRIDINE_CONTAINING_COMPOUND_METABOLIC_PROCESS		169	0.3152405	1.062016	0.31966054	0.5806074	1.0	3881	tags=34%, list=20%, signal=43%	
GOBP_BIOLOGICAL_PROCESS_INVOLVED_IN_INTRASPECIES_INTERACTION_BETWEEN_ORGANISMS	GOBP_BIOLOGICAL_PROCESS_INVOLVED_IN_INTRASPECIES_INTERACTION_BETWEEN_ORGANISMS		53	0.37401873	1.0617281	0.37183544	0.58100367	1.0	3096	tags=25%, list=16%, signal=29%	
GOBP_ENDOCRINE_SYSTEM_DEVELOPMENT	GOBP_ENDOCRINE_SYSTEM_DEVELOPMENT		132	0.32366908	1.0615159	0.35276532	0.5812542	1.0	1177	tags=10%, list=6%, signal=10%	
GOBP_CELLULAR_RESPONSE_TO_CAMP	GOBP_CELLULAR_RESPONSE_TO_CAMP		48	0.37785146	1.0603465	0.36115843	0.5838401	1.0	2485	tags=23%, list=13%, signal=26%	
GOBP_POSITIVE_REGULATION_OF_IMMUNOGLOBULIN_PRODUCTION	GOBP_POSITIVE_REGULATION_OF_IMMUNOGLOBULIN_PRODUCTION		50	0.37651396	1.0599772	0.3532513	0.5844363	1.0	3020	tags=28%, list=16%, signal=33%	
GOBP_REGULATION_OF_FAT_CELL_DIFFERENTIATION	GOBP_REGULATION_OF_FAT_CELL_DIFFERENTIATION		128	0.32825816	1.0597374	0.32611832	0.5847228	1.0	2689	tags=25%, list=14%, signal=29%	
GOBP_NEGATIVE_REGULATION_OF_PROGRAMMED_NECROTIC_CELL_DEATH	GOBP_NEGATIVE_REGULATION_OF_PROGRAMMED_NECROTIC_CELL_DEATH		17	0.4638565	1.0594059	0.38973385	0.5852176	1.0	3190	tags=41%, list=16%, signal=49%	
GOBP_POSITIVE_REGULATION_OF_ALCOHOL_BIOSYNTHETIC_PROCESS	GOBP_POSITIVE_REGULATION_OF_ALCOHOL_BIOSYNTHETIC_PROCESS		24	0.42034745	1.0593731	0.37379575	0.5850064	1.0	2846	tags=38%, list=15%, signal=44%	
GOBP_POSITIVE_REGULATION_OF_RECEPTOR_MEDIATED_ENDOCYTOSIS	GOBP_POSITIVE_REGULATION_OF_RECEPTOR_MEDIATED_ENDOCYTOSIS		51	0.36887902	1.0588232	0.36964285	0.5860602	1.0	2502	tags=24%, list=13%, signal=27%	
GOBP_POSITIVE_REGULATION_OF_INTERLEUKIN_2_PRODUCTION	GOBP_POSITIVE_REGULATION_OF_INTERLEUKIN_2_PRODUCTION		34	0.40105316	1.0587397	0.37651122	0.5859858	1.0	2792	tags=41%, list=14%, signal=48%	
GOMF_AMINO_ACID_BINDING	GOMF_AMINO_ACID_BINDING		46	0.37550822	1.0584596	0.37373737	0.5863751	1.0	2190	tags=17%, list=11%, signal=20%	
GOBP_CARBOHYDRATE_PHOSPHORYLATION	GOBP_CARBOHYDRATE_PHOSPHORYLATION		22	0.44527587	1.058338	0.41304347	0.58637506	1.0	3300	tags=36%, list=17%, signal=44%	
GOBP_SPERM_CAPACITATION	GOBP_SPERM_CAPACITATION		28	0.41264117	1.058289	0.3781362	0.58620536	1.0	3882	tags=29%, list=20%, signal=36%	
GOMF_PROTEIN_SERINE_THREONINE_KINASE_ACTIVITY	GOMF_PROTEIN_SERINE_THREONINE_KINASE_ACTIVITY		410	0.29061627	1.0582665	0.3031056	0.58597386	1.0	3308	tags=23%, list=17%, signal=28%	
GOBP_NEGATIVE_REGULATION_OF_CYTOSKELETON_ORGANIZATION	GOBP_NEGATIVE_REGULATION_OF_CYTOSKELETON_ORGANIZATION		145	0.31918147	1.0581114	0.32547864	0.5860718	1.0	3859	tags=35%, list=20%, signal=44%	
GOBP_REGULATION_OF_AMIDE_METABOLIC_PROCESS	GOBP_REGULATION_OF_AMIDE_METABOLIC_PROCESS		65	0.35600117	1.0578927	0.35303515	0.5863372	1.0	3384	tags=28%, list=17%, signal=33%	
GOMF_WW_DOMAIN_BINDING	GOMF_WW_DOMAIN_BINDING		20	0.4535714	1.0576162	0.41379312	0.586766	1.0	2098	tags=20%, list=11%, signal=22%	
GOBP_POSITIVE_REGULATION_OF_CHONDROCYTE_DIFFERENTIATION	GOBP_POSITIVE_REGULATION_OF_CHONDROCYTE_DIFFERENTIATION		20	0.44144732	1.0574094	0.40665436	0.58697116	1.0	4197	tags=40%, list=22%, signal=51%	
GOBP_NEGATIVE_REGULATION_OF_AXONOGENESIS	GOBP_NEGATIVE_REGULATION_OF_AXONOGENESIS		50	0.37036914	1.0572485	0.36044657	0.58708656	1.0	1625	tags=18%, list=8%, signal=20%	
GOBP_SECRETORY_GRANULE_ORGANIZATION	GOBP_SECRETORY_GRANULE_ORGANIZATION		64	0.3561593	1.0568672	0.35573772	0.5877062	1.0	2169	tags=14%, list=11%, signal=16%	
GOBP_RESPONSE_TO_LITHIUM_ION	GOBP_RESPONSE_TO_LITHIUM_ION		16	0.46615544	1.0567489	0.39883268	0.58771706	1.0	2347	tags=25%, list=12%, signal=28%	
GOBP_REGULATION_OF_PLATELET_DERIVED_GROWTH_FACTOR_RECEPTOR_SIGNALING_PATHWAY	GOBP_REGULATION_OF_PLATELET_DERIVED_GROWTH_FACTOR_RECEPTOR_SIGNALING_PATHWAY		22	0.43530133	1.0557616	0.4148148	0.58982205	1.0	3469	tags=36%, list=18%, signal=44%	
GOMF_MOLECULAR_SEQUESTERING_ACTIVITY	GOMF_MOLECULAR_SEQUESTERING_ACTIVITY		46	0.3840837	1.0556469	0.37315875	0.5898044	1.0	2962	tags=35%, list=15%, signal=41%	
GOBP_HEPARAN_SULFATE_PROTEOGLYCAN_BIOSYNTHETIC_PROCESS	GOBP_HEPARAN_SULFATE_PROTEOGLYCAN_BIOSYNTHETIC_PROCESS		33	0.40312433	1.055566	0.37521222	0.5897112	1.0	1793	tags=21%, list=9%, signal=23%	
GOBP_POSITIVE_REGULATION_OF_SUBSTRATE_ADHESION_DEPENDENT_CELL_SPREADING	GOBP_POSITIVE_REGULATION_OF_SUBSTRATE_ADHESION_DEPENDENT_CELL_SPREADING		43	0.38466278	1.0555159	0.3868243	0.5895319	1.0	916	tags=14%, list=5%, signal=15%	
GOBP_RESPONSE_TO_TESTOSTERONE	GOBP_RESPONSE_TO_TESTOSTERONE		44	0.38685498	1.0554382	0.3607908	0.5894332	1.0	592	tags=14%, list=3%, signal=14%	
GOBP_REGULATION_OF_LIPID_CATABOLIC_PROCESS	GOBP_REGULATION_OF_LIPID_CATABOLIC_PROCESS		60	0.3647303	1.0554186	0.3826955	0.5891848	1.0	1149	tags=12%, list=6%, signal=12%	
GOCC_AXONAL_GROWTH_CONE	GOCC_AXONAL_GROWTH_CONE		27	0.41845322	1.054597	0.3831283	0.5909005	1.0	3592	tags=37%, list=18%, signal=45%	
GOBP_REGULATION_OF_HEART_RATE	GOBP_REGULATION_OF_HEART_RATE		99	0.33639875	1.0545567	0.3527559	0.59071255	1.0	2903	tags=22%, list=15%, signal=26%	
GOBP_MULTICELLULAR_ORGANISMAL_RESPONSE_TO_STRESS	GOBP_MULTICELLULAR_ORGANISMAL_RESPONSE_TO_STRESS		92	0.33956406	1.0544003	0.33936653	0.59082997	1.0	2090	tags=16%, list=11%, signal=18%	
GOBP_REGULATION_OF_AEROBIC_RESPIRATION	GOBP_REGULATION_OF_AEROBIC_RESPIRATION		28	0.40847525	1.0531753	0.37974682	0.59358364	1.0	3005	tags=32%, list=15%, signal=38%	
GOBP_REGULATION_OF_ACTOMYOSIN_STRUCTURE_ORGANIZATION	GOBP_REGULATION_OF_ACTOMYOSIN_STRUCTURE_ORGANIZATION		98	0.33056062	1.0531608	0.34700316	0.5933293	1.0	1714	tags=17%, list=9%, signal=19%	
GOBP_NUCLEUS_LOCALIZATION	GOBP_NUCLEUS_LOCALIZATION		31	0.40995708	1.0530262	0.4045139	0.5933452	1.0	1244	tags=10%, list=6%, signal=10%	
GOBP_NEGATIVE_REGULATION_OF_MYOBLAST_DIFFERENTIATION	GOBP_NEGATIVE_REGULATION_OF_MYOBLAST_DIFFERENTIATION		25	0.42978597	1.0529262	0.40655106	0.5932946	1.0	3874	tags=60%, list=20%, signal=75%	
GOBP_GLYCEROL_ETHER_METABOLIC_PROCESS	GOBP_GLYCEROL_ETHER_METABOLIC_PROCESS		19	0.44762793	1.0528777	0.39177102	0.5931158	1.0	1116	tags=16%, list=6%, signal=17%	
GOCC_SMOOTH_ENDOPLASMIC_RETICULUM	GOCC_SMOOTH_ENDOPLASMIC_RETICULUM		29	0.41394782	1.0527028	0.38560885	0.5932781	1.0	560	tags=10%, list=3%, signal=11%	
GOBP_DENDRITE_DEVELOPMENT	GOBP_DENDRITE_DEVELOPMENT		226	0.3035549	1.0526115	0.3707124	0.5932222	1.0	3783	tags=31%, list=19%, signal=37%	
GOBP_LEARNING	GOBP_LEARNING		149	0.31821805	1.0523951	0.34449095	0.5934432	1.0	3096	tags=22%, list=16%, signal=26%	
GOBP_MAGNESIUM_ION_TRANSPORT	GOBP_MAGNESIUM_ION_TRANSPORT		19	0.45001578	1.0516427	0.4124294	0.59498286	1.0	30	tags=5%, list=0%, signal=5%	
GOBP_POSITIVE_REGULATION_OF_NEURON_APOPTOTIC_PROCESS	GOBP_POSITIVE_REGULATION_OF_NEURON_APOPTOTIC_PROCESS		62	0.3622482	1.0512747	0.3823065	0.595614	1.0	2156	tags=18%, list=11%, signal=20%	
GOMF_PHOSPHORIC_ESTER_HYDROLASE_ACTIVITY	GOMF_PHOSPHORIC_ESTER_HYDROLASE_ACTIVITY		341	0.2909111	1.0510923	0.30869	0.5957752	1.0	2977	tags=18%, list=15%, signal=21%	
GOBP_NEUROBLAST_PROLIFERATION	GOBP_NEUROBLAST_PROLIFERATION		78	0.3498439	1.0510223	0.3672496	0.5956552	1.0	3361	tags=31%, list=17%, signal=37%	
GOBP_LYMPHOCYTE_HOMEOSTASIS	GOBP_LYMPHOCYTE_HOMEOSTASIS		74	0.3529239	1.0507153	0.3821656	0.59613144	1.0	2192	tags=22%, list=11%, signal=24%	
GOBP_RAS_PROTEIN_SIGNAL_TRANSDUCTION	GOBP_RAS_PROTEIN_SIGNAL_TRANSDUCTION		116	0.3232459	1.049619	0.35598227	0.59855896	1.0	2680	tags=18%, list=14%, signal=21%	
GOBP_CELL_CELL_JUNCTION_ASSEMBLY	GOBP_CELL_CELL_JUNCTION_ASSEMBLY		150	0.31718084	1.04915	0.36516854	0.59941894	1.0	2262	tags=17%, list=12%, signal=19%	
GOBP_ENDOTHELIAL_CELL_DEVELOPMENT	GOBP_ENDOTHELIAL_CELL_DEVELOPMENT		66	0.3619009	1.0488313	0.3857143	0.59989935	1.0	4119	tags=45%, list=21%, signal=57%	
GOBP_CHONDROCYTE_DIFFERENTIATION	GOBP_CHONDROCYTE_DIFFERENTIATION		107	0.33548287	1.0482293	0.38116592	0.6010658	1.0	3095	tags=27%, list=16%, signal=32%	
GOBP_NEGATIVE_REGULATION_OF_LIPID_LOCALIZATION	GOBP_NEGATIVE_REGULATION_OF_LIPID_LOCALIZATION		43	0.37699828	1.0478154	0.3885246	0.6017699	1.0	2716	tags=28%, list=14%, signal=32%	
GOBP_DIGESTION	GOBP_DIGESTION		133	0.32080945	1.0473275	0.38040346	0.6026404	1.0	1215	tags=10%, list=6%, signal=10%	
GOBP_POSITIVE_REGULATION_OF_AXONOGENESIS	GOBP_POSITIVE_REGULATION_OF_AXONOGENESIS		77	0.34023502	1.0469189	0.3670473	0.6033842	1.0	1856	tags=13%, list=10%, signal=14%	
GOBP_POSITIVE_REGULATION_OF_PROTEIN_CONTAINING_COMPLEX_DISASSEMBLY	GOBP_POSITIVE_REGULATION_OF_PROTEIN_CONTAINING_COMPLEX_DISASSEMBLY		33	0.40014923	1.0467782	0.38898757	0.60342026	1.0	2929	tags=30%, list=15%, signal=36%	
GOBP_POSITIVE_REGULATION_OF_CALCIUM_ION_TRANSMEMBRANE_TRANSPORTER_ACTIVITY	GOBP_POSITIVE_REGULATION_OF_CALCIUM_ION_TRANSMEMBRANE_TRANSPORTER_ACTIVITY		27	0.40999407	1.0465704	0.40497336	0.6036382	1.0	927	tags=7%, list=5%, signal=8%	
GOBP_DETECTION_OF_STIMULUS_INVOLVED_IN_SENSORY_PERCEPTION_OF_PAIN	GOBP_DETECTION_OF_STIMULUS_INVOLVED_IN_SENSORY_PERCEPTION_OF_PAIN		27	0.42067966	1.046525	0.38721138	0.6034582	1.0	2339	tags=22%, list=12%, signal=25%	
GOBP_NEGATIVE_REGULATION_OF_CELL_JUNCTION_ASSEMBLY	GOBP_NEGATIVE_REGULATION_OF_CELL_JUNCTION_ASSEMBLY		30	0.41047353	1.0464802	0.4031142	0.6032745	1.0	2259	tags=30%, list=12%, signal=34%	
GOBP_NEGATIVE_REGULATION_OF_LIPID_STORAGE	GOBP_NEGATIVE_REGULATION_OF_LIPID_STORAGE		21	0.43671367	1.0463246	0.3898305	0.6033776	1.0	2660	tags=43%, list=14%, signal=50%	
GOBP_REGULATION_OF_HAIR_FOLLICLE_DEVELOPMENT	GOBP_REGULATION_OF_HAIR_FOLLICLE_DEVELOPMENT		20	0.45051065	1.0462353	0.41981983	0.6033194	1.0	2262	tags=30%, list=12%, signal=34%	
GOBP_G0_TO_G1_TRANSITION	GOBP_G0_TO_G1_TRANSITION		36	0.40054193	1.0461726	0.40526316	0.6031826	1.0	2305	tags=17%, list=12%, signal=19%	
GOBP_HEART_GROWTH	GOBP_HEART_GROWTH		78	0.34313455	1.0461535	0.3657056	0.6029331	1.0	2275	tags=18%, list=12%, signal=20%	
GOCC_CYCLIN_DEPENDENT_PROTEIN_KINASE_HOLOENZYME_COMPLEX	GOCC_CYCLIN_DEPENDENT_PROTEIN_KINASE_HOLOENZYME_COMPLEX		53	0.36589846	1.0460215	0.3797251	0.6029763	1.0	4694	tags=42%, list=24%, signal=55%	
GOCC_ENDOPLASMIC_RETICULUM_GOLGI_INTERMEDIATE_COMPARTMENT	GOCC_ENDOPLASMIC_RETICULUM_GOLGI_INTERMEDIATE_COMPARTMENT		130	0.3229646	1.0459188	0.3621701	0.60295933	1.0	2266	tags=15%, list=12%, signal=16%	
GOCC_APICAL_DENDRITE	GOCC_APICAL_DENDRITE		17	0.45619205	1.0446941	0.42495126	0.60566205	1.0	3535	tags=41%, list=18%, signal=50%	
GOBP_ARACHIDONIC_ACID_SECRETION	GOBP_ARACHIDONIC_ACID_SECRETION		30	0.40283853	1.0446836	0.40207973	0.6053983	1.0	652	tags=7%, list=3%, signal=7%	
GOBP_POSITIVE_REGULATION_OF_BONE_MINERALIZATION	GOBP_POSITIVE_REGULATION_OF_BONE_MINERALIZATION		41	0.38663104	1.0446444	0.4016529	0.6051961	1.0	3095	tags=44%, list=16%, signal=52%	
GOBP_REGULATION_OF_GLUCOSE_IMPORT	GOBP_REGULATION_OF_GLUCOSE_IMPORT		53	0.3631809	1.0446337	0.38162544	0.6049298	1.0	3300	tags=30%, list=17%, signal=36%	
GOBP_EXTRINSIC_APOPTOTIC_SIGNALING_PATHWAY_VIA_DEATH_DOMAIN_RECEPTORS	GOBP_EXTRINSIC_APOPTOTIC_SIGNALING_PATHWAY_VIA_DEATH_DOMAIN_RECEPTORS		81	0.34330386	1.0444033	0.3793651	0.6052249	1.0	3266	tags=30%, list=17%, signal=35%	
GOBP_POSITIVE_REGULATION_OF_FILOPODIUM_ASSEMBLY	GOBP_POSITIVE_REGULATION_OF_FILOPODIUM_ASSEMBLY		30	0.40961707	1.0440594	0.40282685	0.6057619	1.0	3353	tags=33%, list=17%, signal=40%	
GOBP_REGULATION_OF_TUBE_SIZE	GOBP_REGULATION_OF_TUBE_SIZE		147	0.31800553	1.0438303	0.35724744	0.6060424	1.0	2961	tags=25%, list=15%, signal=29%	
GOBP_FATTY_ACID_METABOLIC_PROCESS	GOBP_FATTY_ACID_METABOLIC_PROCESS		375	0.28744414	1.0436188	0.34300125	0.6062774	1.0	2931	tags=18%, list=15%, signal=20%	
GOBP_REGULATION_OF_PROTEIN_SECRETION	GOBP_REGULATION_OF_PROTEIN_SECRETION		246	0.29873058	1.0433481	0.35978836	0.6066516	1.0	1502	tags=12%, list=8%, signal=13%	
GOBP_PIGMENT_BIOSYNTHETIC_PROCESS	GOBP_PIGMENT_BIOSYNTHETIC_PROCESS		53	0.36050552	1.0428725	0.3797054	0.60758054	1.0	2774	tags=23%, list=14%, signal=26%	
GOBP_NEGATIVE_REGULATION_OF_TRANSPORTER_ACTIVITY	GOBP_NEGATIVE_REGULATION_OF_TRANSPORTER_ACTIVITY		61	0.35104704	1.0425725	0.40253565	0.60805845	1.0	3312	tags=23%, list=17%, signal=28%	
GOMF_MONOATOMIC_ION_GATED_CHANNEL_ACTIVITY	GOMF_MONOATOMIC_ION_GATED_CHANNEL_ACTIVITY		29	0.40890363	1.0416377	0.380137	0.61016387	1.0	2668	tags=31%, list=14%, signal=36%	
GOBP_PHOSPHATIDYLINOSITOL_3_PHOSPHATE_BIOSYNTHETIC_PROCESS	GOBP_PHOSPHATIDYLINOSITOL_3_PHOSPHATE_BIOSYNTHETIC_PROCESS		22	0.4316715	1.041124	0.40190476	0.61114717	1.0	790	tags=18%, list=4%, signal=19%	
GOBP_REGULATION_OF_MAMMARY_GLAND_EPITHELIAL_CELL_PROLIFERATION	GOBP_REGULATION_OF_MAMMARY_GLAND_EPITHELIAL_CELL_PROLIFERATION		15	0.46497923	1.0409458	0.4252669	0.6113052	1.0	135	tags=7%, list=1%, signal=7%	
GOCC_MULTIVESICULAR_BODY	GOCC_MULTIVESICULAR_BODY		63	0.35019553	1.0408949	0.3971061	0.6111373	1.0	1528	tags=16%, list=8%, signal=17%	
GOBP_PROTEOGLYCAN_METABOLIC_PROCESS	GOBP_PROTEOGLYCAN_METABOLIC_PROCESS		87	0.3373216	1.0408133	0.37398374	0.61102796	1.0	1793	tags=16%, list=9%, signal=18%	
GOCC_CELL_PROJECTION_MEMBRANE	GOCC_CELL_PROJECTION_MEMBRANE		334	0.29148388	1.0406994	0.37357053	0.6110221	1.0	3223	tags=22%, list=17%, signal=25%	
GOBP_NEGATIVE_REGULATION_OF_PROTEIN_TYROSINE_KINASE_ACTIVITY	GOBP_NEGATIVE_REGULATION_OF_PROTEIN_TYROSINE_KINASE_ACTIVITY		19	0.44839743	1.0402777	0.42702702	0.6117768	1.0	2873	tags=26%, list=15%, signal=31%	
GOBP_REGULATION_OF_RAS_PROTEIN_SIGNAL_TRANSDUCTION	GOBP_REGULATION_OF_RAS_PROTEIN_SIGNAL_TRANSDUCTION		47	0.3734808	1.0395775	0.39419794	0.61320245	1.0	2644	tags=23%, list=14%, signal=27%	
GOCC_LATERAL_PLASMA_MEMBRANE	GOCC_LATERAL_PLASMA_MEMBRANE		67	0.34878692	1.0394319	0.40930232	0.6132686	1.0	2259	tags=21%, list=12%, signal=24%	
GOBP_APOPTOTIC_MITOCHONDRIAL_CHANGES	GOBP_APOPTOTIC_MITOCHONDRIAL_CHANGES		98	0.32968318	1.0390462	0.40174672	0.61391866	1.0	2896	tags=21%, list=15%, signal=25%	
GOBP_AORTA_DEVELOPMENT	GOBP_AORTA_DEVELOPMENT		61	0.35391498	1.038914	0.41135973	0.61396605	1.0	2391	tags=30%, list=12%, signal=34%	
GOBP_DOPAMINE_SECRETION	GOBP_DOPAMINE_SECRETION		29	0.40581906	1.0384489	0.41607141	0.61481273	1.0	435	tags=10%, list=2%, signal=11%	
GOBP_DOPAMINE_RECEPTOR_SIGNALING_PATHWAY	GOBP_DOPAMINE_RECEPTOR_SIGNALING_PATHWAY		38	0.37601307	1.0380174	0.40173912	0.6156042	1.0	3969	tags=32%, list=20%, signal=40%	
GOBP_PORE_COMPLEX_ASSEMBLY	GOBP_PORE_COMPLEX_ASSEMBLY		19	0.4412103	1.0376132	0.41453832	0.6163119	1.0	3358	tags=26%, list=17%, signal=32%	
GOMF_HYALURONIC_ACID_BINDING	GOMF_HYALURONIC_ACID_BINDING		24	0.42310384	1.0373036	0.40782124	0.61679864	1.0	699	tags=13%, list=4%, signal=13%	
GOBP_CELLULAR_RESPONSE_TO_VASCULAR_ENDOTHELIAL_GROWTH_FACTOR_STIMULUS	GOBP_CELLULAR_RESPONSE_TO_VASCULAR_ENDOTHELIAL_GROWTH_FACTOR_STIMULUS		60	0.35569006	1.0372521	0.4074074	0.6166442	1.0	2206	tags=23%, list=11%, signal=26%	
GOBP_PHOSPHATIDYLINOSITOL_MEDIATED_SIGNALING	GOBP_PHOSPHATIDYLINOSITOL_MEDIATED_SIGNALING		23	0.42810953	1.0368341	0.4283247	0.61739725	1.0	3337	tags=39%, list=17%, signal=47%	
GOMF_ISOMERASE_ACTIVITY	GOMF_ISOMERASE_ACTIVITY		165	0.30886653	1.0365934	0.3479491	0.6177176	1.0	3848	tags=25%, list=20%, signal=31%	
GOBP_CRANIAL_NERVE_DEVELOPMENT	GOBP_CRANIAL_NERVE_DEVELOPMENT		62	0.354454	1.0364357	0.3744	0.61780185	1.0	2573	tags=19%, list=13%, signal=22%	
GOBP_CARDIAC_VENTRICLE_DEVELOPMENT	GOBP_CARDIAC_VENTRICLE_DEVELOPMENT		122	0.32203838	1.0363463	0.3735294	0.61774147	1.0	3005	tags=26%, list=15%, signal=31%	
GOBP_FUCOSE_METABOLIC_PROCESS	GOBP_FUCOSE_METABOLIC_PROCESS		16	0.45453408	1.0363213	0.40655106	0.61751574	1.0	4305	tags=44%, list=22%, signal=56%	
GOBP_EPIDERMAL_GROWTH_FACTOR_RECEPTOR_SIGNALING_PATHWAY	GOBP_EPIDERMAL_GROWTH_FACTOR_RECEPTOR_SIGNALING_PATHWAY		105	0.32476917	1.0361334	0.38401255	0.61767817	1.0	3374	tags=24%, list=17%, signal=29%	
GOBP_VASCULAR_PROCESS_IN_CIRCULATORY_SYSTEM	GOBP_VASCULAR_PROCESS_IN_CIRCULATORY_SYSTEM		261	0.29831812	1.0360352	0.38589212	0.61761624	1.0	2900	tags=25%, list=15%, signal=28%	
GOBP_REGULATION_OF_MEMBRANE_POTENTIAL	GOBP_REGULATION_OF_MEMBRANE_POTENTIAL		436	0.28365007	1.0359695	0.36262375	0.6174864	1.0	3096	tags=18%, list=16%, signal=21%	
GOBP_POSITIVE_REGULATION_OF_G_PROTEIN_COUPLED_RECEPTOR_SIGNALING_PATHWAY	GOBP_POSITIVE_REGULATION_OF_G_PROTEIN_COUPLED_RECEPTOR_SIGNALING_PATHWAY		29	0.40758136	1.0357662	0.41300526	0.6177205	1.0	3173	tags=24%, list=16%, signal=29%	
GOBP_POSITIVE_REGULATION_OF_EPITHELIAL_TO_MESENCHYMAL_TRANSITION	GOBP_POSITIVE_REGULATION_OF_EPITHELIAL_TO_MESENCHYMAL_TRANSITION		56	0.36443383	1.0356519	0.39228296	0.6176999	1.0	2689	tags=29%, list=14%, signal=33%	
GOBP_GLYCOPROTEIN_CATABOLIC_PROCESS	GOBP_GLYCOPROTEIN_CATABOLIC_PROCESS		33	0.387953	1.0351717	0.4050179	0.6185871	1.0	1055	tags=9%, list=5%, signal=10%	
GOBP_CALCIUM_ION_TRANSMEMBRANE_TRANSPORT	GOBP_CALCIUM_ION_TRANSMEMBRANE_TRANSPORT		319	0.2907309	1.0349948	0.3761349	0.6187384	1.0	3771	tags=26%, list=19%, signal=32%	
GOBP_ORGANIC_HYDROXY_COMPOUND_TRANSPORT	GOBP_ORGANIC_HYDROXY_COMPOUND_TRANSPORT		258	0.29089907	1.034985	0.36021507	0.61847043	1.0	1911	tags=15%, list=10%, signal=16%	
GOCC_ENDOPLASMIC_RETICULUM_TUBULAR_NETWORK	GOCC_ENDOPLASMIC_RETICULUM_TUBULAR_NETWORK		26	0.4184839	1.0349122	0.43218806	0.61835134	1.0	4103	tags=35%, list=21%, signal=44%	
GOBP_REGULATION_OF_LIPID_TRANSPORT	GOBP_REGULATION_OF_LIPID_TRANSPORT		126	0.3193649	1.034601	0.3860947	0.6188239	1.0	1911	tags=19%, list=10%, signal=21%	
GOBP_AMINO_ACID_IMPORT_ACROSS_PLASMA_MEMBRANE	GOBP_AMINO_ACID_IMPORT_ACROSS_PLASMA_MEMBRANE		49	0.37555823	1.0344604	0.41811848	0.61886513	1.0	2424	tags=31%, list=12%, signal=35%	
GOBP_NEURAL_TUBE_DEVELOPMENT	GOBP_NEURAL_TUBE_DEVELOPMENT		155	0.3118589	1.0343689	0.3764535	0.6188058	1.0	1843	tags=13%, list=9%, signal=14%	
GOBP_PRIMARY_AMINO_COMPOUND_METABOLIC_PROCESS	GOBP_PRIMARY_AMINO_COMPOUND_METABOLIC_PROCESS		15	0.46563324	1.0342413	0.43687373	0.61882794	1.0	3272	tags=33%, list=17%, signal=40%	
GOMF_LIGAND_GATED_MONOATOMIC_CATION_CHANNEL_ACTIVITY	GOMF_LIGAND_GATED_MONOATOMIC_CATION_CHANNEL_ACTIVITY		129	0.31824067	1.033966	0.37442923	0.61922246	1.0	1724	tags=12%, list=9%, signal=14%	
GOBP_SYNAPSE_ASSEMBLY	GOBP_SYNAPSE_ASSEMBLY		205	0.30075946	1.0331924	0.3846154	0.6208346	1.0	3096	tags=22%, list=16%, signal=26%	
GOBP_NEGATIVE_REGULATION_OF_MICROTUBULE_POLYMERIZATION_OR_DEPOLYMERIZATION	GOBP_NEGATIVE_REGULATION_OF_MICROTUBULE_POLYMERIZATION_OR_DEPOLYMERIZATION		36	0.3841932	1.0331618	0.4068376	0.62061274	1.0	3698	tags=36%, list=19%, signal=45%	
GOBP_RESPONSE_TO_ACID_CHEMICAL	GOBP_RESPONSE_TO_ACID_CHEMICAL		127	0.31847927	1.0328851	0.38392857	0.6209988	1.0	2283	tags=20%, list=12%, signal=22%	
GOMF_BETA_CATENIN_BINDING	GOMF_BETA_CATENIN_BINDING		103	0.32990584	1.0323182	0.4058642	0.6220976	1.0	3351	tags=28%, list=17%, signal=34%	
GOBP_CGMP_MEDIATED_SIGNALING	GOBP_CGMP_MEDIATED_SIGNALING		30	0.4011582	1.0316782	0.42778793	0.6234487	1.0	1973	tags=20%, list=10%, signal=22%	
GOBP_POSITIVE_REGULATION_OF_CANONICAL_WNT_SIGNALING_PATHWAY	GOBP_POSITIVE_REGULATION_OF_CANONICAL_WNT_SIGNALING_PATHWAY		101	0.33233067	1.0303949	0.42442748	0.6263916	1.0	2226	tags=21%, list=11%, signal=23%	
GOCC_MYOSIN_FILAMENT	GOCC_MYOSIN_FILAMENT		24	0.41589928	1.0294527	0.41058394	0.62843096	1.0	3144	tags=33%, list=16%, signal=40%	
GOBP_REGULATION_OF_EPIDERMIS_DEVELOPMENT	GOBP_REGULATION_OF_EPIDERMIS_DEVELOPMENT		59	0.34964168	1.02864	0.39446366	0.6301845	1.0	2504	tags=25%, list=13%, signal=29%	
GOMF_OPSONIN_BINDING	GOMF_OPSONIN_BINDING		20	0.43154457	1.0279614	0.4182156	0.63159126	1.0	1440	tags=25%, list=7%, signal=27%	
GOBP_POSITIVE_REGULATION_OF_PEPTIDYL_SERINE_PHOSPHORYLATION	GOBP_POSITIVE_REGULATION_OF_PEPTIDYL_SERINE_PHOSPHORYLATION		87	0.33318558	1.0279057	0.4	0.6314229	1.0	2933	tags=24%, list=15%, signal=28%	
GOBP_POSITIVE_REGULATION_OF_NEURON_PROJECTION_DEVELOPMENT	GOBP_POSITIVE_REGULATION_OF_NEURON_PROJECTION_DEVELOPMENT		148	0.30926487	1.0271679	0.39260313	0.6329385	1.0	2772	tags=23%, list=14%, signal=27%	
GOBP_EPITHELIAL_TUBE_MORPHOGENESIS	GOBP_EPITHELIAL_TUBE_MORPHOGENESIS		324	0.28624353	1.0270395	0.39740258	0.6329322	1.0	2421	tags=18%, list=12%, signal=20%	
GOBP_PEPTIDE_CATABOLIC_PROCESS	GOBP_PEPTIDE_CATABOLIC_PROCESS		19	0.4363645	1.026805	0.42145595	0.6332282	1.0	2683	tags=26%, list=14%, signal=31%	
GOBP_TRABECULA_FORMATION	GOBP_TRABECULA_FORMATION		27	0.4071686	1.0266979	0.42728904	0.6332023	1.0	1825	tags=22%, list=9%, signal=24%	
GOBP_POSITIVE_REGULATION_OF_REACTIVE_OXYGEN_SPECIES_BIOSYNTHETIC_PROCESS	GOBP_POSITIVE_REGULATION_OF_REACTIVE_OXYGEN_SPECIES_BIOSYNTHETIC_PROCESS		17	0.43879914	1.0266342	0.44752476	0.6330708	1.0	2092	tags=24%, list=11%, signal=26%	
GOBP_FATTY_ACID_BIOSYNTHETIC_PROCESS	GOBP_FATTY_ACID_BIOSYNTHETIC_PROCESS		151	0.3077809	1.0264505	0.41954023	0.63327014	1.0	2909	tags=20%, list=15%, signal=23%	
GOMF_OXIDOREDUCTASE_ACTIVITY_ACTING_ON_THE_CH_NH_GROUP_OF_DONORS	GOMF_OXIDOREDUCTASE_ACTIVITY_ACTING_ON_THE_CH_NH_GROUP_OF_DONORS		24	0.41561392	1.0261579	0.41142857	0.63370717	1.0	502	tags=13%, list=3%, signal=13%	
GOBP_LABYRINTHINE_LAYER_MORPHOGENESIS	GOBP_LABYRINTHINE_LAYER_MORPHOGENESIS		20	0.42647788	1.0261204	0.43218806	0.63349444	1.0	1712	tags=25%, list=9%, signal=27%	
GOBP_POSITIVE_REGULATION_OF_ORGANIC_ACID_TRANSPORT	GOBP_POSITIVE_REGULATION_OF_ORGANIC_ACID_TRANSPORT		44	0.3725214	1.0259023	0.4206081	0.6337224	1.0	2206	tags=23%, list=11%, signal=26%	
GOBP_MONOSACCHARIDE_METABOLIC_PROCESS	GOBP_MONOSACCHARIDE_METABOLIC_PROCESS		240	0.29518035	1.0258013	0.3978638	0.63366485	1.0	3831	tags=28%, list=20%, signal=35%	
GOBP_REGULATION_OF_CYTOSOLIC_CALCIUM_ION_CONCENTRATION	GOBP_REGULATION_OF_CYTOSOLIC_CALCIUM_ION_CONCENTRATION		56	0.35775852	1.0251616	0.4075993	0.6349855	1.0	4088	tags=34%, list=21%, signal=43%	
GOMF_GTPASE_BINDING	GOMF_GTPASE_BINDING		298	0.2874542	1.0251043	0.40312093	0.63482946	1.0	3308	tags=22%, list=17%, signal=27%	
GOMF_CALMODULIN_DEPENDENT_PROTEIN_KINASE_ACTIVITY	GOMF_CALMODULIN_DEPENDENT_PROTEIN_KINASE_ACTIVITY		26	0.4074694	1.0245005	0.41563055	0.6360516	1.0	1652	tags=27%, list=9%, signal=29%	
GOBP_CHONDROCYTE_PROLIFERATION	GOBP_CHONDROCYTE_PROLIFERATION		22	0.42900807	1.0243636	0.44036698	0.63609415	1.0	1687	tags=18%, list=9%, signal=20%	
GOBP_CELL_CYCLE_G1_S_PHASE_TRANSITION	GOBP_CELL_CYCLE_G1_S_PHASE_TRANSITION		230	0.29364568	1.0240613	0.37964237	0.63649833	1.0	2206	tags=13%, list=11%, signal=15%	
GOBP_RESPONSE_TO_OSMOTIC_STRESS	GOBP_RESPONSE_TO_OSMOTIC_STRESS		84	0.33018294	1.0237837	0.40307692	0.6368834	1.0	3347	tags=31%, list=17%, signal=37%	
GOMF_GDP_DISSOCIATION_INHIBITOR_ACTIVITY	GOMF_GDP_DISSOCIATION_INHIBITOR_ACTIVITY		17	0.44601285	1.0225985	0.43469787	0.6396363	1.0	3375	tags=35%, list=17%, signal=43%	
GOBP_POSITIVE_REGULATION_OF_GLUCOSE_METABOLIC_PROCESS	GOBP_POSITIVE_REGULATION_OF_GLUCOSE_METABOLIC_PROCESS		40	0.37527263	1.0223244	0.43664384	0.64003444	1.0	3780	tags=30%, list=19%, signal=37%	
GOBP_NEGATIVE_REGULATION_OF_MEMBRANE_PERMEABILITY	GOBP_NEGATIVE_REGULATION_OF_MEMBRANE_PERMEABILITY		19	0.44000673	1.0223106	0.47081712	0.6397767	1.0	3300	tags=32%, list=17%, signal=38%	
GOBP_REGULATION_OF_CARDIAC_MUSCLE_CELL_PROLIFERATION	GOBP_REGULATION_OF_CARDIAC_MUSCLE_CELL_PROLIFERATION		35	0.38728076	1.0221559	0.4186851	0.6398879	1.0	2176	tags=17%, list=11%, signal=19%	
GOBP_DEMETHYLATION	GOBP_DEMETHYLATION		37	0.3832128	1.0219417	0.42039356	0.6401092	1.0	800	tags=11%, list=4%, signal=11%	
GOBP_POSITIVE_REGULATION_OF_CELLULAR_EXTRAVASATION	GOBP_POSITIVE_REGULATION_OF_CELLULAR_EXTRAVASATION		18	0.4400094	1.0218537	0.42720306	0.6400359	1.0	2150	tags=28%, list=11%, signal=31%	
GOBP_REGULATION_OF_CELL_CYCLE_G1_S_PHASE_TRANSITION	GOBP_REGULATION_OF_CELL_CYCLE_G1_S_PHASE_TRANSITION		178	0.3028306	1.0215274	0.41025642	0.640541	1.0	2196	tags=15%, list=11%, signal=16%	
GOBP_PROTEIN_KINASE_C_SIGNALING	GOBP_PROTEIN_KINASE_C_SIGNALING		34	0.38153896	1.0214022	0.43485916	0.6405745	1.0	4251	tags=44%, list=22%, signal=56%	
GOBP_GLUCAN_BIOSYNTHETIC_PROCESS	GOBP_GLUCAN_BIOSYNTHETIC_PROCESS		40	0.37699276	1.0213542	0.42666668	0.64040273	1.0	2425	tags=20%, list=12%, signal=23%	
GOBP_REGULATION_OF_HAIR_CYCLE	GOBP_REGULATION_OF_HAIR_CYCLE		28	0.40130073	1.0210721	0.42	0.64080703	1.0	701	tags=11%, list=4%, signal=11%	
GOBP_GLYCEROPHOSPHOLIPID_CATABOLIC_PROCESS	GOBP_GLYCEROPHOSPHOLIPID_CATABOLIC_PROCESS		32	0.39000413	1.0209032	0.4432624	0.6409198	1.0	218	tags=6%, list=1%, signal=6%	
GOBP_CELL_CELL_ADHESION_MEDIATED_BY_CADHERIN	GOBP_CELL_CELL_ADHESION_MEDIATED_BY_CADHERIN		48	0.3648765	1.020782	0.42077464	0.6409266	1.0	2093	tags=17%, list=11%, signal=19%	
GOBP_PHOSPHOLIPID_DEPHOSPHORYLATION	GOBP_PHOSPHOLIPID_DEPHOSPHORYLATION		40	0.37870505	1.0207156	0.44045678	0.6407789	1.0	1549	tags=13%, list=8%, signal=14%	
GOCC_RNA_POLYMERASE_II_TRANSCRIPTION_REGULATOR_COMPLEX	GOCC_RNA_POLYMERASE_II_TRANSCRIPTION_REGULATOR_COMPLEX		238	0.2910715	1.020067	0.4200542	0.64209586	1.0	3112	tags=18%, list=16%, signal=21%	
GOBP_POSITIVE_REGULATION_OF_KERATINOCYTE_PROLIFERATION	GOBP_POSITIVE_REGULATION_OF_KERATINOCYTE_PROLIFERATION		15	0.46283695	1.0196984	0.44357976	0.6427517	1.0	826	tags=27%, list=4%, signal=28%	
GOBP_REGULATION_OF_PROTEIN_KINASE_A_SIGNALING	GOBP_REGULATION_OF_PROTEIN_KINASE_A_SIGNALING		18	0.44134587	1.0196702	0.44787645	0.64252836	1.0	2626	tags=33%, list=14%, signal=39%	
GOBP_REGULATION_OF_PHOSPHOLIPID_METABOLIC_PROCESS	GOBP_REGULATION_OF_PHOSPHOLIPID_METABOLIC_PROCESS		32	0.39527568	1.0195262	0.43728223	0.6425902	1.0	3692	tags=34%, list=19%, signal=42%	
GOBP_FACE_MORPHOGENESIS	GOBP_FACE_MORPHOGENESIS		31	0.38590115	1.0186801	0.4385321	0.6443795	1.0	2835	tags=23%, list=15%, signal=26%	
GOMF_GLUTATHIONE_TRANSFERASE_ACTIVITY	GOMF_GLUTATHIONE_TRANSFERASE_ACTIVITY		28	0.40339938	1.0183734	0.44756556	0.64485085	1.0	1785	tags=21%, list=9%, signal=24%	
GOBP_INSULIN_METABOLIC_PROCESS	GOBP_INSULIN_METABOLIC_PROCESS		15	0.4587681	1.0182832	0.45553538	0.6447877	1.0	347	tags=13%, list=2%, signal=14%	
GOBP_KERATINOCYTE_PROLIFERATION	GOBP_KERATINOCYTE_PROLIFERATION		56	0.34640276	1.0179887	0.4	0.6452352	1.0	2588	tags=25%, list=13%, signal=29%	
GOBP_ANTERIOR_POSTERIOR_PATTERN_SPECIFICATION	GOBP_ANTERIOR_POSTERIOR_PATTERN_SPECIFICATION		213	0.29542917	1.0178653	0.4218134	0.6452471	1.0	2990	tags=18%, list=15%, signal=21%	
GOMF_PEPTIDE_RECEPTOR_ACTIVITY	GOMF_PEPTIDE_RECEPTOR_ACTIVITY		128	0.31533653	1.0177597	0.41836736	0.64519864	1.0	1848	tags=11%, list=10%, signal=12%	
GOCC_LAMELLIPODIUM_MEMBRANE	GOCC_LAMELLIPODIUM_MEMBRANE		22	0.4250089	1.0175666	0.43738976	0.64540994	1.0	2421	tags=32%, list=12%, signal=36%	
GOBP_ESTABLISHMENT_OF_MITOCHONDRION_LOCALIZATION	GOBP_ESTABLISHMENT_OF_MITOCHONDRION_LOCALIZATION		32	0.38940316	1.0168501	0.43119267	0.64690405	1.0	3535	tags=34%, list=18%, signal=42%	
GOBP_ESTABLISHMENT_OF_PLANAR_POLARITY_OF_EMBRYONIC_EPITHELIUM	GOBP_ESTABLISHMENT_OF_PLANAR_POLARITY_OF_EMBRYONIC_EPITHELIUM		15	0.45865518	1.0160642	0.46401516	0.6485439	1.0	20	tags=7%, list=0%, signal=7%	
GOBP_ESTABLISHMENT_OR_MAINTENANCE_OF_CELL_POLARITY	GOBP_ESTABLISHMENT_OR_MAINTENANCE_OF_CELL_POLARITY		218	0.2962152	1.0160035	0.41280654	0.6483997	1.0	3163	tags=23%, list=16%, signal=27%	
GOMF_DISORDERED_DOMAIN_SPECIFIC_BINDING	GOMF_DISORDERED_DOMAIN_SPECIFIC_BINDING		25	0.4098754	1.0159732	0.4288225	0.64818466	1.0	3834	tags=40%, list=20%, signal=50%	
GOCC_CLATHRIN_COATED_VESICLE	GOCC_CLATHRIN_COATED_VESICLE		210	0.29553515	1.0158844	0.42329547	0.648098	1.0	2626	tags=20%, list=14%, signal=23%	
GOBP_LENS_FIBER_CELL_DIFFERENTIATION	GOBP_LENS_FIBER_CELL_DIFFERENTIATION		34	0.38432127	1.015857	0.45941278	0.6478637	1.0	5445	tags=47%, list=28%, signal=65%	
GOBP_POSTSYNAPSE_ORGANIZATION	GOBP_POSTSYNAPSE_ORGANIZATION		188	0.30089524	1.0155106	0.42276424	0.64844346	1.0	2093	tags=16%, list=11%, signal=18%	
GOBP_VASCULAR_ENDOTHELIAL_GROWTH_FACTOR_SIGNALING_PATHWAY	GOBP_VASCULAR_ENDOTHELIAL_GROWTH_FACTOR_SIGNALING_PATHWAY		40	0.374451	1.0145653	0.4413793	0.6506022	1.0	3279	tags=35%, list=17%, signal=42%	
GOMF_BHLH_TRANSCRIPTION_FACTOR_BINDING	GOMF_BHLH_TRANSCRIPTION_FACTOR_BINDING		31	0.3922815	1.0142802	0.41740674	0.651037	1.0	1829	tags=29%, list=9%, signal=32%	
GOBP_POSITIVE_REGULATION_OF_DEPHOSPHORYLATION	GOBP_POSITIVE_REGULATION_OF_DEPHOSPHORYLATION		48	0.36105597	1.0138139	0.4318182	0.65190285	1.0	2303	tags=25%, list=12%, signal=28%	
GOMF_PHOSPHATIDYLCHOLINE_BINDING	GOMF_PHOSPHATIDYLCHOLINE_BINDING		30	0.39397207	1.0134946	0.44559586	0.6523806	1.0	532	tags=10%, list=3%, signal=10%	
GOBP_TRIGLYCERIDE_BIOSYNTHETIC_PROCESS	GOBP_TRIGLYCERIDE_BIOSYNTHETIC_PROCESS		41	0.36972815	1.0134681	0.44158074	0.6521489	1.0	1467	tags=20%, list=8%, signal=21%	
GOBP_LONG_CHAIN_FATTY_ACYL_COA_BIOSYNTHETIC_PROCESS	GOBP_LONG_CHAIN_FATTY_ACYL_COA_BIOSYNTHETIC_PROCESS		19	0.43353337	1.0133166	0.46780303	0.6522251	1.0	3414	tags=42%, list=18%, signal=51%	
GOBP_TROPHOBLAST_CELL_MIGRATION	GOBP_TROPHOBLAST_CELL_MIGRATION		15	0.45514858	1.0126046	0.44150943	0.65373355	1.0	4447	tags=40%, list=23%, signal=52%	
GOBP_CELL_FATE_COMMITMENT	GOBP_CELL_FATE_COMMITMENT		278	0.28467736	1.012148	0.41402116	0.65455365	1.0	2743	tags=17%, list=14%, signal=19%	
GOBP_TOLL_LIKE_RECEPTOR_9_SIGNALING_PATHWAY	GOBP_TOLL_LIKE_RECEPTOR_9_SIGNALING_PATHWAY		20	0.42886326	1.0120404	0.44444445	0.6545296	1.0	3673	tags=50%, list=19%, signal=62%	
GOMF_ORGANIC_HYDROXY_COMPOUND_TRANSMEMBRANE_TRANSPORTER_ACTIVITY	GOMF_ORGANIC_HYDROXY_COMPOUND_TRANSMEMBRANE_TRANSPORTER_ACTIVITY		52	0.35664487	1.0115008	0.4589615	0.65555835	1.0	2179	tags=17%, list=11%, signal=19%	
GOBP_EMBRYONIC_SKELETAL_JOINT_DEVELOPMENT	GOBP_EMBRYONIC_SKELETAL_JOINT_DEVELOPMENT		15	0.4464467	1.0103841	0.4586614	0.6580998	1.0	5	tags=7%, list=0%, signal=7%	
GOBP_AMIDE_METABOLIC_PROCESS	GOBP_AMIDE_METABOLIC_PROCESS		421	0.27575007	1.0103832	0.44078144	0.6578009	1.0	2251	tags=16%, list=12%, signal=18%	
GOBP_POSITIVE_REGULATION_OF_PROTEIN_IMPORT_INTO_NUCLEUS	GOBP_POSITIVE_REGULATION_OF_PROTEIN_IMPORT_INTO_NUCLEUS		40	0.36698848	1.0100831	0.4367622	0.65819424	1.0	1578	tags=20%, list=8%, signal=22%	
GOBP_NEGATIVE_REGULATION_OF_CHEMOKINE_PRODUCTION	GOBP_NEGATIVE_REGULATION_OF_CHEMOKINE_PRODUCTION		21	0.41992596	1.009975	0.4516129	0.6581472	1.0	948	tags=19%, list=5%, signal=20%	
GOBP_POSITIVE_REGULATION_OF_CELLULAR_CATABOLIC_PROCESS	GOBP_POSITIVE_REGULATION_OF_CELLULAR_CATABOLIC_PROCESS		211	0.2931075	1.0091928	0.44293478	0.6598148	1.0	2224	tags=15%, list=11%, signal=17%	
GOMF_PHOSPHATIDYLINOSITOL_4_5_BISPHOSPHATE_BINDING	GOMF_PHOSPHATIDYLINOSITOL_4_5_BISPHOSPHATE_BINDING		78	0.33202267	1.0091844	0.4489796	0.65953815	1.0	3194	tags=33%, list=16%, signal=40%	
GOBP_REGULATION_OF_NEURON_DIFFERENTIATION	GOBP_REGULATION_OF_NEURON_DIFFERENTIATION		186	0.29503378	1.0084223	0.4238976	0.6611269	1.0	2708	tags=18%, list=14%, signal=21%	
GOBP_VISUAL_BEHAVIOR	GOBP_VISUAL_BEHAVIOR		55	0.3539427	1.0081986	0.44554454	0.6613854	1.0	2499	tags=13%, list=13%, signal=15%	
GOCC_CAVEOLA	GOCC_CAVEOLA		78	0.3368774	1.0081432	0.44257274	0.6612207	1.0	2259	tags=24%, list=12%, signal=27%	
GOCC_LYSOSOMAL_LUMEN	GOCC_LYSOSOMAL_LUMEN		95	0.32230213	1.0079013	0.44011977	0.6615228	1.0	2502	tags=20%, list=13%, signal=23%	
GOMF_TRANSFERASE_ACTIVITY_TRANSFERRING_NITROGENOUS_GROUPS	GOMF_TRANSFERASE_ACTIVITY_TRANSFERRING_NITROGENOUS_GROUPS		27	0.40357453	1.0076283	0.4462963	0.66191614	1.0	271	tags=11%, list=1%, signal=11%	
GOMF_QUATERNARY_AMMONIUM_GROUP_BINDING	GOMF_QUATERNARY_AMMONIUM_GROUP_BINDING		40	0.37046224	1.0075879	0.43554008	0.6617183	1.0	2472	tags=20%, list=13%, signal=23%	
GOBP_ORGANIC_ACID_BIOSYNTHETIC_PROCESS	GOBP_ORGANIC_ACID_BIOSYNTHETIC_PROCESS		310	0.27899027	1.0070816	0.44094488	0.66269976	1.0	2942	tags=20%, list=15%, signal=24%	
GOMF_TRANSCRIPTION_COREGULATOR_BINDING	GOMF_TRANSCRIPTION_COREGULATOR_BINDING		111	0.3124812	1.00707	0.4311649	0.6624316	1.0	3501	tags=22%, list=18%, signal=26%	
GOBP_NEGATIVE_REGULATION_OF_STEM_CELL_PROLIFERATION	GOBP_NEGATIVE_REGULATION_OF_STEM_CELL_PROLIFERATION		23	0.4132986	1.0069133	0.43430656	0.6625262	1.0	2008	tags=35%, list=10%, signal=39%	
GOBP_MORPHOGENESIS_OF_A_BRANCHING_STRUCTURE	GOBP_MORPHOGENESIS_OF_A_BRANCHING_STRUCTURE		200	0.29300848	1.0068724	0.4594223	0.6623304	1.0	2385	tags=18%, list=12%, signal=20%	
GOBP_BICARBONATE_TRANSPORT	GOBP_BICARBONATE_TRANSPORT		36	0.37864968	1.0067595	0.43794325	0.662304	1.0	3463	tags=36%, list=18%, signal=44%	
GOBP_HOMOLOGOUS_CHROMOSOME_PAIRING_AT_MEIOSIS	GOBP_HOMOLOGOUS_CHROMOSOME_PAIRING_AT_MEIOSIS		43	0.36399758	1.0065478	0.4437086	0.6625576	1.0	1121	tags=7%, list=6%, signal=7%	
GOBP_EPITHELIAL_CELL_DIFFERENTIATION_INVOLVED_IN_KIDNEY_DEVELOPMENT	GOBP_EPITHELIAL_CELL_DIFFERENTIATION_INVOLVED_IN_KIDNEY_DEVELOPMENT		49	0.35634607	1.0064317	0.46700507	0.662552	1.0	2387	tags=24%, list=12%, signal=28%	
GOBP_POSITIVE_REGULATION_OF_VIRAL_PROCESS	GOBP_POSITIVE_REGULATION_OF_VIRAL_PROCESS		62	0.34624773	1.0062821	0.4368341	0.66261405	1.0	2712	tags=23%, list=14%, signal=26%	
GOBP_POSITIVE_REGULATION_OF_ESTABLISHMENT_OF_PROTEIN_LOCALIZATION	GOBP_POSITIVE_REGULATION_OF_ESTABLISHMENT_OF_PROTEIN_LOCALIZATION		315	0.2832936	1.0060774	0.4523196	0.6628207	1.0	2413	tags=17%, list=12%, signal=19%	
GOBP_POSITIVE_REGULATION_OF_VIRAL_GENOME_REPLICATION	GOBP_POSITIVE_REGULATION_OF_VIRAL_GENOME_REPLICATION		30	0.38405776	1.0052122	0.42785236	0.66470397	1.0	3241	tags=30%, list=17%, signal=36%	
GOBP_ANIMAL_ORGAN_FORMATION	GOBP_ANIMAL_ORGAN_FORMATION		67	0.33623376	1.0049533	0.43384615	0.66506183	1.0	3095	tags=27%, list=16%, signal=32%	
GOCC_ASYMMETRIC_GLUTAMATERGIC_EXCITATORY_SYNAPSE	GOCC_ASYMMETRIC_GLUTAMATERGIC_EXCITATORY_SYNAPSE		15	0.45757937	1.0046059	0.48039216	0.6656532	1.0	3096	tags=40%, list=16%, signal=48%	
GOBP_EMBRYONIC_SKELETAL_SYSTEM_MORPHOGENESIS	GOBP_EMBRYONIC_SKELETAL_SYSTEM_MORPHOGENESIS		91	0.3211945	1.0045509	0.44816586	0.6654952	1.0	2990	tags=20%, list=15%, signal=23%	
GOBP_MRNA_TRANSCRIPTION	GOBP_MRNA_TRANSCRIPTION		48	0.35434076	1.0042118	0.44268078	0.666037	1.0	3424	tags=25%, list=18%, signal=30%	
GOBP_ENDOTHELIUM_DEVELOPMENT	GOBP_ENDOTHELIUM_DEVELOPMENT		134	0.3068873	1.0037184	0.44622093	0.6669896	1.0	3029	tags=31%, list=16%, signal=36%	
GOCC_LEADING_EDGE_MEMBRANE	GOCC_LEADING_EDGE_MEMBRANE		171	0.2985998	1.0033422	0.45375723	0.66763425	1.0	3395	tags=26%, list=17%, signal=32%	
GOBP_NEGATIVE_REGULATION_OF_GTPASE_ACTIVITY	GOBP_NEGATIVE_REGULATION_OF_GTPASE_ACTIVITY		19	0.4220282	1.0033216	0.46096656	0.66738033	1.0	3107	tags=32%, list=16%, signal=38%	
GOCC_DISTAL_AXON	GOCC_DISTAL_AXON		267	0.2851224	1.0029833	0.4434088	0.667907	1.0	2527	tags=15%, list=13%, signal=17%	
GOBP_POSITIVE_REGULATION_OF_NUCLEOTIDE_CATABOLIC_PROCESS	GOBP_POSITIVE_REGULATION_OF_NUCLEOTIDE_CATABOLIC_PROCESS		20	0.42218828	1.0028112	0.47817838	0.6680225	1.0	1473	tags=15%, list=8%, signal=16%	
GOBP_POSITIVE_REGULATION_OF_HORMONE_SECRETION	GOBP_POSITIVE_REGULATION_OF_HORMONE_SECRETION		140	0.30375418	1.0026704	0.47033897	0.6680806	1.0	1931	tags=16%, list=10%, signal=18%	
GOBP_VASCULAR_TRANSPORT	GOBP_VASCULAR_TRANSPORT		83	0.32907358	1.0024959	0.43846154	0.66818154	1.0	2179	tags=24%, list=11%, signal=27%	
GOBP_NEGATIVE_REGULATION_OF_PROTEIN_MODIFICATION_PROCESS	GOBP_NEGATIVE_REGULATION_OF_PROTEIN_MODIFICATION_PROCESS		379	0.27883926	1.0023344	0.45165238	0.66827106	1.0	2987	tags=20%, list=15%, signal=23%	
GOBP_CHEMOSENSORY_BEHAVIOR	GOBP_CHEMOSENSORY_BEHAVIOR		18	0.42645308	1.002306	0.46363637	0.6680523	1.0	2391	tags=22%, list=12%, signal=25%	
GOBP_POSITIVE_REGULATION_OF_RECEPTOR_INTERNALIZATION	GOBP_POSITIVE_REGULATION_OF_RECEPTOR_INTERNALIZATION		26	0.3972953	1.0021237	0.46714032	0.66822445	1.0	2092	tags=23%, list=11%, signal=26%	
GOBP_POSITIVE_REGULATION_OF_ATP_METABOLIC_PROCESS	GOBP_POSITIVE_REGULATION_OF_ATP_METABOLIC_PROCESS		30	0.38879627	1.0012723	0.44869566	0.6700261	1.0	2650	tags=23%, list=14%, signal=27%	
GOBP_OLIGOSACCHARIDE_CATABOLIC_PROCESS	GOBP_OLIGOSACCHARIDE_CATABOLIC_PROCESS		16	0.44737622	1.0011919	0.4714549	0.66991305	1.0	3621	tags=38%, list=19%, signal=46%	
GOBP_TRIPARTITE_REGIONAL_SUBDIVISION	GOBP_TRIPARTITE_REGIONAL_SUBDIVISION		17	0.44143617	1.0011184	0.45555556	0.6697939	1.0	65	tags=6%, list=0%, signal=6%	
GOBP_POSITIVE_REGULATION_OF_VASOCONSTRICTION	GOBP_POSITIVE_REGULATION_OF_VASOCONSTRICTION		31	0.37998155	1.001017	0.43881118	0.6697389	1.0	1934	tags=23%, list=10%, signal=25%	
GOBP_TIGHT_JUNCTION_ORGANIZATION	GOBP_TIGHT_JUNCTION_ORGANIZATION		78	0.3269146	1.0008743	0.4654378	0.66979307	1.0	2166	tags=15%, list=11%, signal=17%	
GOBP_CELLULAR_RESPONSE_TO_IONIZING_RADIATION	GOBP_CELLULAR_RESPONSE_TO_IONIZING_RADIATION		66	0.33723736	1.0005838	0.44590163	0.6702391	1.0	2590	tags=14%, list=13%, signal=16%	
GOBP_ODONTOBLAST_DIFFERENTIATION	GOBP_ODONTOBLAST_DIFFERENTIATION		16	0.44403163	1.0001961	0.4548872	0.67089856	1.0	2345	tags=31%, list=12%, signal=36%	
GOMF_SIGNALING_ADAPTOR_ACTIVITY	GOMF_SIGNALING_ADAPTOR_ACTIVITY		114	0.3086882	1.0001787	0.4550898	0.6706438	1.0	2878	tags=24%, list=15%, signal=28%	
GOCC_MAIN_AXON	GOCC_MAIN_AXON		66	0.33941028	1.0001264	0.45192307	0.67046964	1.0	2003	tags=14%, list=10%, signal=15%	
GOBP_APICAL_JUNCTION_ASSEMBLY	GOBP_APICAL_JUNCTION_ASSEMBLY		72	0.33380824	0.99991316	0.44913927	0.670688	1.0	2166	tags=17%, list=11%, signal=19%	
GOBP_POSITIVE_REGULATION_OF_AMIDE_METABOLIC_PROCESS	GOBP_POSITIVE_REGULATION_OF_AMIDE_METABOLIC_PROCESS		28	0.3908715	0.9998473	0.464684	0.67057383	1.0	3188	tags=32%, list=16%, signal=38%	
GOBP_MICROTUBULE_POLYMERIZATION	GOBP_MICROTUBULE_POLYMERIZATION		90	0.3224406	0.99979365	0.4419714	0.6704214	1.0	3805	tags=29%, list=20%, signal=36%	
GOBP_SENSORY_PERCEPTION_OF_TEMPERATURE_STIMULUS	GOBP_SENSORY_PERCEPTION_OF_TEMPERATURE_STIMULUS		29	0.3899026	0.99965835	0.47237077	0.6704526	1.0	1236	tags=14%, list=6%, signal=15%	
GOBP_STEM_CELL_DIFFERENTIATION	GOBP_STEM_CELL_DIFFERENTIATION		237	0.28486422	0.9994823	0.43957505	0.6705914	1.0	3011	tags=22%, list=16%, signal=26%	
GOMF_PROTEIN_SERINE_THREONINE_KINASE_ACTIVATOR_ACTIVITY	GOMF_PROTEIN_SERINE_THREONINE_KINASE_ACTIVATOR_ACTIVITY		65	0.33912727	0.9991563	0.44816053	0.6710839	1.0	3443	tags=31%, list=18%, signal=37%	
GOBP_MEMBRANE_REPOLARIZATION_DURING_VENTRICULAR_CARDIAC_MUSCLE_CELL_ACTION_POTENTIAL	GOBP_MEMBRANE_REPOLARIZATION_DURING_VENTRICULAR_CARDIAC_MUSCLE_CELL_ACTION_POTENTIAL		15	0.4437329	0.99878097	0.46153846	0.67176974	1.0	2893	tags=27%, list=15%, signal=31%	
GOBP_ERBB_SIGNALING_PATHWAY	GOBP_ERBB_SIGNALING_PATHWAY		125	0.30541635	0.9987651	0.44409937	0.6715108	1.0	3374	tags=23%, list=17%, signal=28%	
GOBP_POSITIVE_REGULATION_OF_HORMONE_METABOLIC_PROCESS	GOBP_POSITIVE_REGULATION_OF_HORMONE_METABOLIC_PROCESS		15	0.444049	0.9975179	0.45238096	0.6742987	1.0	857	tags=20%, list=4%, signal=21%	
GOBP_CLATHRIN_DEPENDENT_ENDOCYTOSIS	GOBP_CLATHRIN_DEPENDENT_ENDOCYTOSIS		48	0.35835692	0.9972679	0.4804754	0.67463124	1.0	3371	tags=29%, list=17%, signal=35%	
GOBP_GLYCOSYL_COMPOUND_METABOLIC_PROCESS	GOBP_GLYCOSYL_COMPOUND_METABOLIC_PROCESS		78	0.33052075	0.99671406	0.4635659	0.67567843	1.0	3244	tags=18%, list=17%, signal=21%	
GOBP_NEGATIVE_REGULATION_OF_ION_TRANSMEMBRANE_TRANSPORTER_ACTIVITY	GOBP_NEGATIVE_REGULATION_OF_ION_TRANSMEMBRANE_TRANSPORTER_ACTIVITY		54	0.34923494	0.99661386	0.4471154	0.67563134	1.0	3312	tags=24%, list=17%, signal=29%	
GOBP_SEMI_LUNAR_VALVE_DEVELOPMENT	GOBP_SEMI_LUNAR_VALVE_DEVELOPMENT		48	0.3487921	0.9965691	0.45107794	0.6754492	1.0	2082	tags=25%, list=11%, signal=28%	
GOBP_NEGATIVE_REGULATION_OF_SYNAPTIC_TRANSMISSION	GOBP_NEGATIVE_REGULATION_OF_SYNAPTIC_TRANSMISSION		52	0.3507468	0.9962818	0.44425955	0.6758908	1.0	4359	tags=31%, list=22%, signal=40%	
GOBP_POTASSIUM_ION_TRANSPORT	GOBP_POTASSIUM_ION_TRANSPORT		235	0.28734824	0.99616796	0.46930423	0.675864	1.0	2349	tags=15%, list=12%, signal=17%	
GOBP_INTERFERON_BETA_PRODUCTION	GOBP_INTERFERON_BETA_PRODUCTION		56	0.3467049	0.9959982	0.46849757	0.6759908	1.0	3673	tags=32%, list=19%, signal=40%	
GOBP_PITUITARY_GLAND_DEVELOPMENT	GOBP_PITUITARY_GLAND_DEVELOPMENT		42	0.36130497	0.9959659	0.45884413	0.67576605	1.0	723	tags=10%, list=4%, signal=10%	
GOBP_TELENCEPHALON_DEVELOPMENT	GOBP_TELENCEPHALON_DEVELOPMENT		268	0.2828296	0.99592435	0.47106326	0.67557776	1.0	3280	tags=20%, list=17%, signal=23%	
GOBP_NEGATIVE_REGULATION_OF_TOLL_LIKE_RECEPTOR_SIGNALING_PATHWAY	GOBP_NEGATIVE_REGULATION_OF_TOLL_LIKE_RECEPTOR_SIGNALING_PATHWAY		19	0.4166658	0.9953361	0.45422536	0.67673385	1.0	1205	tags=21%, list=6%, signal=22%	
GOBP_SMOOTH_MUSCLE_CELL_APOPTOTIC_PROCESS	GOBP_SMOOTH_MUSCLE_CELL_APOPTOTIC_PROCESS		30	0.38798597	0.99459994	0.4748322	0.6782469	1.0	1473	tags=17%, list=8%, signal=18%	
GOBP_REGULATION_OF_ERYTHROCYTE_DIFFERENTIATION	GOBP_REGULATION_OF_ERYTHROCYTE_DIFFERENTIATION		42	0.35906094	0.99457145	0.46768707	0.67802334	1.0	4108	tags=40%, list=21%, signal=51%	
GOMF_PHOSPHATIDYLINOSITOL_3_KINASE_BINDING	GOMF_PHOSPHATIDYLINOSITOL_3_KINASE_BINDING		25	0.39572728	0.9945514	0.46483704	0.6777805	1.0	1502	tags=20%, list=8%, signal=22%	
GOBP_VIRAL_PROCESS	GOBP_VIRAL_PROCESS		407	0.27399364	0.9944767	0.48084053	0.6776558	1.0	3281	tags=22%, list=17%, signal=25%	
GOMF_ALCOHOL_DEHYDROGENASE_NAD_P_PLUS_ACTIVITY	GOMF_ALCOHOL_DEHYDROGENASE_NAD_P_PLUS_ACTIVITY		24	0.40026602	0.9940421	0.4651163	0.67842174	1.0	1738	tags=21%, list=9%, signal=23%	
GOBP_NEURON_INTRINSIC_APOPTOTIC_SIGNALING_PATHWAY_IN_RESPONSE_TO_OXIDATIVE_STRESS	GOBP_NEURON_INTRINSIC_APOPTOTIC_SIGNALING_PATHWAY_IN_RESPONSE_TO_OXIDATIVE_STRESS		20	0.42074782	0.9940118	0.47378278	0.6781953	1.0	3005	tags=25%, list=15%, signal=30%	
GOBP_RESPONSE_TO_GONADOTROPIN	GOBP_RESPONSE_TO_GONADOTROPIN		27	0.39779875	0.9939021	0.45519713	0.6781787	1.0	2190	tags=19%, list=11%, signal=21%	
GOBP_POSTSYNAPTIC_MODULATION_OF_CHEMICAL_SYNAPTIC_TRANSMISSION	GOBP_POSTSYNAPTIC_MODULATION_OF_CHEMICAL_SYNAPTIC_TRANSMISSION		27	0.3852419	0.9937677	0.46545455	0.6782279	1.0	4524	tags=37%, list=23%, signal=48%	
GOBP_ORGANIC_CATION_TRANSPORT	GOBP_ORGANIC_CATION_TRANSPORT		112	0.31025365	0.99375105	0.46974063	0.67797416	1.0	2931	tags=29%, list=15%, signal=33%	
GOBP_SOMITOGENESIS	GOBP_SOMITOGENESIS		63	0.33874655	0.9934672	0.471246	0.67835885	1.0	1981	tags=17%, list=10%, signal=19%	
GOBP_ATRIAL_SEPTUM_DEVELOPMENT	GOBP_ATRIAL_SEPTUM_DEVELOPMENT		21	0.42494506	0.993254	0.4923077	0.67860216	1.0	2802	tags=33%, list=14%, signal=39%	
GOBP_RESPONSE_TO_MAGNESIUM_ION	GOBP_RESPONSE_TO_MAGNESIUM_ION		20	0.41751698	0.9931286	0.48598132	0.6786233	1.0	2095	tags=25%, list=11%, signal=28%	
GOBP_PATTERN_SPECIFICATION_PROCESS	GOBP_PATTERN_SPECIFICATION_PROCESS		448	0.27022073	0.9929338	0.49326804	0.6788269	1.0	3017	tags=18%, list=16%, signal=20%	
GOMF_OXIDOREDUCTASE_ACTIVITY_ACTING_ON_PAIRED_DONORS_WITH_INCORPORATION_OR_REDUCTION_OF_MOLECULAR_OXYGEN	GOMF_OXIDOREDUCTASE_ACTIVITY_ACTING_ON_PAIRED_DONORS_WITH_INCORPORATION_OR_REDUCTION_OF_MOLECULAR_OXYGEN		166	0.29360333	0.9926597	0.48079658	0.6792084	1.0	2504	tags=19%, list=13%, signal=21%	
GOBP_PEPTIDYL_SERINE_MODIFICATION	GOBP_PEPTIDYL_SERINE_MODIFICATION		267	0.2815044	0.99230975	0.46296296	0.67974496	1.0	3308	tags=23%, list=17%, signal=27%	
GOCC_PRESYNAPTIC_ACTIVE_ZONE	GOCC_PRESYNAPTIC_ACTIVE_ZONE		75	0.33422273	0.9922749	0.4764992	0.6795323	1.0	3395	tags=25%, list=17%, signal=31%	
GOBP_REGULATION_OF_SYNAPTIC_TRANSMISSION_GLUTAMATERGIC	GOBP_REGULATION_OF_SYNAPTIC_TRANSMISSION_GLUTAMATERGIC		73	0.33136445	0.9916729	0.45525903	0.68073416	1.0	2156	tags=14%, list=11%, signal=15%	
GOBP_RUFFLE_ASSEMBLY	GOBP_RUFFLE_ASSEMBLY		44	0.36588305	0.9915891	0.49137932	0.6806592	1.0	3281	tags=32%, list=17%, signal=38%	
GOBP_REGULATION_OF_PROTEIN_TRANSPORT	GOBP_REGULATION_OF_PROTEIN_TRANSPORT		407	0.27142265	0.991191	0.47484663	0.6813764	1.0	2239	tags=15%, list=12%, signal=16%	
GOBP_NEGATIVE_REGULATION_OF_ATP_DEPENDENT_ACTIVITY	GOBP_NEGATIVE_REGULATION_OF_ATP_DEPENDENT_ACTIVITY		16	0.43463686	0.99107975	0.46692607	0.68135077	1.0	3312	tags=31%, list=17%, signal=38%	
GOBP_PROTEIN_LOCALIZATION_TO_CELL_PERIPHERY	GOBP_PROTEIN_LOCALIZATION_TO_CELL_PERIPHERY		333	0.27572465	0.99041027	0.49061325	0.68272203	1.0	3055	tags=22%, list=16%, signal=26%	
GOBP_REGULATION_OF_NEUROTRANSMITTER_SECRETION	GOBP_REGULATION_OF_NEUROTRANSMITTER_SECRETION		79	0.3271541	0.99025786	0.4700162	0.68280226	1.0	1847	tags=16%, list=10%, signal=18%	
GOBP_RESPONSE_TO_HYDROPEROXIDE	GOBP_RESPONSE_TO_HYDROPEROXIDE		18	0.42431545	0.9902322	0.4888438	0.6825716	1.0	1578	tags=22%, list=8%, signal=24%	
GOBP_EAR_MORPHOGENESIS	GOBP_EAR_MORPHOGENESIS		124	0.30570322	0.9897256	0.47540984	0.6835336	1.0	2967	tags=20%, list=15%, signal=24%	
GOBP_POSITIVE_REGULATION_OF_MEMBRANE_PROTEIN_ECTODOMAIN_PROTEOLYSIS	GOBP_POSITIVE_REGULATION_OF_MEMBRANE_PROTEIN_ECTODOMAIN_PROTEOLYSIS		16	0.43469125	0.9896431	0.4853229	0.6834409	1.0	2156	tags=25%, list=11%, signal=28%	
GOBP_ESTABLISHMENT_OF_CELL_POLARITY	GOBP_ESTABLISHMENT_OF_CELL_POLARITY		148	0.29388112	0.98892456	0.46722454	0.68493116	1.0	3144	tags=26%, list=16%, signal=30%	
GOBP_AMYLOID_BETA_METABOLIC_PROCESS	GOBP_AMYLOID_BETA_METABOLIC_PROCESS		53	0.34757242	0.98841923	0.45714286	0.68587035	1.0	3188	tags=26%, list=16%, signal=32%	
GOBP_SKELETAL_MUSCLE_CELL_DIFFERENTIATION	GOBP_SKELETAL_MUSCLE_CELL_DIFFERENTIATION		76	0.32368243	0.98819965	0.48031497	0.68610555	1.0	2341	tags=20%, list=12%, signal=22%	
GOMF_G_PROTEIN_COUPLED_AMINE_RECEPTOR_ACTIVITY	GOMF_G_PROTEIN_COUPLED_AMINE_RECEPTOR_ACTIVITY		39	0.36219406	0.9878779	0.4880546	0.6865669	1.0	2708	tags=15%, list=14%, signal=18%	
GOBP_SOMITE_DEVELOPMENT	GOBP_SOMITE_DEVELOPMENT		81	0.32669213	0.98778725	0.46604937	0.686501	1.0	1981	tags=15%, list=10%, signal=16%	
GOBP_REGULATION_OF_SYSTEMIC_ARTERIAL_BLOOD_PRESSURE_MEDIATED_BY_A_CHEMICAL_SIGNAL	GOBP_REGULATION_OF_SYSTEMIC_ARTERIAL_BLOOD_PRESSURE_MEDIATED_BY_A_CHEMICAL_SIGNAL		45	0.35867384	0.98754966	0.45847178	0.68676645	1.0	1186	tags=16%, list=6%, signal=17%	
GOBP_POSITIVE_REGULATION_OF_EXCITATORY_POSTSYNAPTIC_POTENTIAL	GOBP_POSITIVE_REGULATION_OF_EXCITATORY_POSTSYNAPTIC_POTENTIAL		31	0.3792389	0.9870848	0.47719297	0.6876161	1.0	3096	tags=26%, list=16%, signal=31%	
GOBP_POSITIVE_REGULATION_OF_ORGAN_GROWTH	GOBP_POSITIVE_REGULATION_OF_ORGAN_GROWTH		42	0.3536807	0.9865986	0.4694915	0.68858314	1.0	3095	tags=29%, list=16%, signal=34%	
GOCC_MONOATOMIC_ION_CHANNEL_COMPLEX	GOCC_MONOATOMIC_ION_CHANNEL_COMPLEX		327	0.27526626	0.98657966	0.49541286	0.6883231	1.0	1724	tags=11%, list=9%, signal=12%	
GOBP_NEGATIVE_REGULATION_OF_AUTOPHAGY	GOBP_NEGATIVE_REGULATION_OF_AUTOPHAGY		88	0.3193677	0.9864924	0.47678018	0.68823844	1.0	3979	tags=25%, list=20%, signal=31%	
GOBP_SYNAPTIC_VESICLE_EXOCYTOSIS	GOBP_SYNAPTIC_VESICLE_EXOCYTOSIS		94	0.3114249	0.98636186	0.4623656	0.68827456	1.0	1847	tags=15%, list=10%, signal=16%	
GOMF_TRANSMEMBRANE_RECEPTOR_PROTEIN_TYROSINE_KINASE_ADAPTOR_ACTIVITY	GOMF_TRANSMEMBRANE_RECEPTOR_PROTEIN_TYROSINE_KINASE_ADAPTOR_ACTIVITY		17	0.42528567	0.9863501	0.45309383	0.6880022	1.0	3950	tags=41%, list=20%, signal=52%	
GOBP_SPERM_MOTILITY	GOBP_SPERM_MOTILITY		121	0.30526343	0.9860916	0.48725212	0.6883451	1.0	1904	tags=13%, list=10%, signal=15%	
GOBP_REGULATION_OF_COAGULATION	GOBP_REGULATION_OF_COAGULATION		71	0.33196136	0.98574084	0.46625766	0.688918	1.0	1905	tags=20%, list=10%, signal=22%	
GOCC_POTASSIUM_CHANNEL_COMPLEX	GOCC_POTASSIUM_CHANNEL_COMPLEX		100	0.31163386	0.9855027	0.49467275	0.6891876	1.0	1724	tags=12%, list=9%, signal=13%	
GOBP_REGULATION_OF_STRESS_ACTIVATED_PROTEIN_KINASE_SIGNALING_CASCADE	GOBP_REGULATION_OF_STRESS_ACTIVATED_PROTEIN_KINASE_SIGNALING_CASCADE		38	0.35902566	0.985372	0.46779662	0.6892185	1.0	3164	tags=32%, list=16%, signal=38%	
GOBP_PEPTIDE_TRANSPORT	GOBP_PEPTIDE_TRANSPORT		247	0.28325748	0.98531574	0.5220294	0.6890587	1.0	2532	tags=17%, list=13%, signal=19%	
GOMF_SOLUTE_MONOATOMIC_CATION_SYMPORTER_ACTIVITY	GOMF_SOLUTE_MONOATOMIC_CATION_SYMPORTER_ACTIVITY		117	0.30534008	0.9852163	0.4781955	0.68901294	1.0	2290	tags=18%, list=12%, signal=20%	
GOBP_CARDIAC_RIGHT_VENTRICLE_MORPHOGENESIS	GOBP_CARDIAC_RIGHT_VENTRICLE_MORPHOGENESIS		20	0.42521644	0.9837185	0.5045045	0.69242007	1.0	2391	tags=40%, list=12%, signal=46%	
GOBP_CELL_PROLIFERATION_INVOLVED_IN_KIDNEY_DEVELOPMENT	GOBP_CELL_PROLIFERATION_INVOLVED_IN_KIDNEY_DEVELOPMENT		22	0.39927718	0.98345226	0.4906367	0.6927926	1.0	2678	tags=32%, list=14%, signal=37%	
GOBP_INTEGRATED_STRESS_RESPONSE_SIGNALING	GOBP_INTEGRATED_STRESS_RESPONSE_SIGNALING		45	0.35771665	0.9832161	0.4850088	0.6930728	1.0	3087	tags=24%, list=16%, signal=29%	
GOBP_ARF_PROTEIN_SIGNAL_TRANSDUCTION	GOBP_ARF_PROTEIN_SIGNAL_TRANSDUCTION		22	0.41614547	0.9830951	0.47857141	0.6930599	1.0	3230	tags=36%, list=17%, signal=44%	
GOBP_CELLULAR_MODIFIED_AMINO_ACID_METABOLIC_PROCESS	GOBP_CELLULAR_MODIFIED_AMINO_ACID_METABOLIC_PROCESS		184	0.28919736	0.98277134	0.47844228	0.6935587	1.0	1825	tags=16%, list=9%, signal=18%	
GOCC_AGGRESOME	GOCC_AGGRESOME		34	0.3744538	0.98249215	0.4862069	0.693975	1.0	2115	tags=21%, list=11%, signal=23%	
GOMF_LAMIN_BINDING	GOMF_LAMIN_BINDING		16	0.43597013	0.9823931	0.48653847	0.69393593	1.0	4387	tags=50%, list=23%, signal=65%	
GOBP_HEMATOPOIETIC_STEM_CELL_DIFFERENTIATION	GOBP_HEMATOPOIETIC_STEM_CELL_DIFFERENTIATION		36	0.37265062	0.9822388	0.48506153	0.6940137	1.0	3204	tags=25%, list=16%, signal=30%	
GOMF_PROTEIN_KINASE_A_REGULATORY_SUBUNIT_BINDING	GOMF_PROTEIN_KINASE_A_REGULATORY_SUBUNIT_BINDING		25	0.39804834	0.9822246	0.49194992	0.6937456	1.0	2485	tags=20%, list=13%, signal=23%	
GOBP_NEGATIVE_REGULATION_OF_CELL_SUBSTRATE_JUNCTION_ORGANIZATION	GOBP_NEGATIVE_REGULATION_OF_CELL_SUBSTRATE_JUNCTION_ORGANIZATION		16	0.43720657	0.9821555	0.48084292	0.6936252	1.0	2924	tags=38%, list=15%, signal=44%	
GOBP_NEGATIVE_REGULATION_OF_PROTEIN_SERINE_THREONINE_KINASE_ACTIVITY	GOBP_NEGATIVE_REGULATION_OF_PROTEIN_SERINE_THREONINE_KINASE_ACTIVITY		83	0.3221312	0.98173475	0.47982064	0.6943782	1.0	3830	tags=31%, list=20%, signal=39%	
GOBP_CELLULAR_SENESCENCE	GOBP_CELLULAR_SENESCENCE		97	0.3147138	0.9816907	0.48636365	0.69418734	1.0	3000	tags=23%, list=15%, signal=27%	
GOBP_NEGATIVE_REGULATION_OF_CELLULAR_CATABOLIC_PROCESS	GOBP_NEGATIVE_REGULATION_OF_CELLULAR_CATABOLIC_PROCESS		112	0.30780205	0.9812292	0.49327356	0.69502497	1.0	2929	tags=18%, list=15%, signal=21%	
GOBP_G1_TO_G0_TRANSITION	GOBP_G1_TO_G0_TRANSITION		18	0.41321844	0.98098886	0.50190115	0.6953284	1.0	87	tags=6%, list=0%, signal=6%	
GOBP_POSITIVE_REGULATION_OF_MORPHOGENESIS_OF_AN_EPITHELIUM	GOBP_POSITIVE_REGULATION_OF_MORPHOGENESIS_OF_AN_EPITHELIUM		37	0.36273357	0.9806653	0.49915683	0.69581455	1.0	789	tags=8%, list=4%, signal=8%	
GOMF_PASSIVE_TRANSMEMBRANE_TRANSPORTER_ACTIVITY	GOMF_PASSIVE_TRANSMEMBRANE_TRANSPORTER_ACTIVITY		469	0.26937813	0.9801749	0.5219512	0.6967126	1.0	1724	tags=11%, list=9%, signal=11%	
GOBP_EXPORT_ACROSS_PLASMA_MEMBRANE	GOBP_EXPORT_ACROSS_PLASMA_MEMBRANE		68	0.32925534	0.9796431	0.48248407	0.69773215	1.0	2231	tags=25%, list=11%, signal=28%	
GOCC_AXONEMAL_OUTER_DOUBLET	GOCC_AXONEMAL_OUTER_DOUBLET		21	0.41057852	0.9795658	0.4963768	0.6976217	1.0	1808	tags=19%, list=9%, signal=21%	
GOCC_CELL_DIVISION_SITE	GOCC_CELL_DIVISION_SITE		58	0.33651856	0.9793123	0.48489934	0.6979411	1.0	3144	tags=22%, list=16%, signal=27%	
GOMF_PHOSPHATIDYLINOSITOL_BISPHOSPHATE_BINDING	GOMF_PHOSPHATIDYLINOSITOL_BISPHOSPHATE_BINDING		100	0.30937085	0.979225	0.4946071	0.69785506	1.0	3194	tags=29%, list=16%, signal=35%	
GOCC_ENDOSOME_LUMEN	GOCC_ENDOSOME_LUMEN		40	0.35952136	0.9790919	0.4827586	0.6978651	1.0	1570	tags=20%, list=8%, signal=22%	
GOCC_GLIAL_CELL_PROJECTION	GOCC_GLIAL_CELL_PROJECTION		39	0.36788666	0.97834337	0.46546054	0.69937617	1.0	2206	tags=21%, list=11%, signal=23%	
GOBP_TOOTH_MINERALIZATION	GOBP_TOOTH_MINERALIZATION		32	0.37321964	0.9779206	0.49384886	0.7001583	1.0	2231	tags=22%, list=11%, signal=25%	
GOMF_MRNA_5_UTR_BINDING	GOMF_MRNA_5_UTR_BINDING		24	0.39224195	0.97633594	0.49183303	0.7037833	1.0	1579	tags=13%, list=8%, signal=14%	
GOBP_NEGATIVE_REGULATION_OF_APOPTOTIC_SIGNALING_PATHWAY	GOBP_NEGATIVE_REGULATION_OF_APOPTOTIC_SIGNALING_PATHWAY		217	0.2826964	0.97598946	0.539726	0.7043567	1.0	2205	tags=16%, list=11%, signal=18%	
GOBP_ATP_METABOLIC_PROCESS	GOBP_ATP_METABOLIC_PROCESS		182	0.28987193	0.9754719	0.50406504	0.70536876	1.0	4096	tags=30%, list=21%, signal=37%	
GOBP_VENTRICULAR_SEPTUM_MORPHOGENESIS	GOBP_VENTRICULAR_SEPTUM_MORPHOGENESIS		40	0.36280942	0.97540116	0.50431776	0.7052372	1.0	2176	tags=28%, list=11%, signal=31%	
GOBP_POSITIVE_REGULATION_OF_NEUROBLAST_PROLIFERATION	GOBP_POSITIVE_REGULATION_OF_NEUROBLAST_PROLIFERATION		37	0.36679763	0.975289	0.5059022	0.7052074	1.0	2395	tags=22%, list=12%, signal=25%	
GOBP_INTESTINAL_ABSORPTION	GOBP_INTESTINAL_ABSORPTION		41	0.34981748	0.9751366	0.49466193	0.7053095	1.0	1884	tags=17%, list=10%, signal=19%	
GOBP_MUSCLE_HYPERTROPHY_IN_RESPONSE_TO_STRESS	GOBP_MUSCLE_HYPERTROPHY_IN_RESPONSE_TO_STRESS		24	0.39360303	0.9749778	0.48120302	0.7054057	1.0	770	tags=13%, list=4%, signal=13%	
GOBP_METENCEPHALON_DEVELOPMENT	GOBP_METENCEPHALON_DEVELOPMENT		110	0.30366012	0.9746414	0.50766873	0.70591396	1.0	3222	tags=20%, list=17%, signal=24%	
GOBP_NON_PROTEINOGENIC_AMINO_ACID_METABOLIC_PROCESS	GOBP_NON_PROTEINOGENIC_AMINO_ACID_METABOLIC_PROCESS		72	0.31997317	0.9744123	0.5024311	0.7061674	1.0	2004	tags=18%, list=10%, signal=20%	
GOMF_LIPASE_ACTIVATOR_ACTIVITY	GOMF_LIPASE_ACTIVATOR_ACTIVITY		21	0.40751633	0.9742619	0.5107527	0.7062471	1.0	971	tags=19%, list=5%, signal=20%	
GOBP_REGULATION_OF_PHOSPHOLIPID_BIOSYNTHETIC_PROCESS	GOBP_REGULATION_OF_PHOSPHOLIPID_BIOSYNTHETIC_PROCESS		15	0.4297252	0.9742561	0.50760454	0.70595664	1.0	3692	tags=53%, list=19%, signal=66%	
GOBP_NEGATIVE_REGULATION_OF_SMALL_GTPASE_MEDIATED_SIGNAL_TRANSDUCTION	GOBP_NEGATIVE_REGULATION_OF_SMALL_GTPASE_MEDIATED_SIGNAL_TRANSDUCTION		49	0.34567326	0.97414476	0.499187	0.70592105	1.0	2934	tags=22%, list=15%, signal=26%	
GOBP_PROTEIN_LOCALIZATION_TO_NUCLEUS	GOBP_PROTEIN_LOCALIZATION_TO_NUCLEUS		298	0.27334103	0.9740946	0.5265958	0.7057504	1.0	2789	tags=15%, list=14%, signal=18%	
GOBP_ANTIGEN_PROCESSING_AND_PRESENTATION_OF_PEPTIDE_ANTIGEN_VIA_MHC_CLASS_IB	GOBP_ANTIGEN_PROCESSING_AND_PRESENTATION_OF_PEPTIDE_ANTIGEN_VIA_MHC_CLASS_IB		17	0.42353824	0.97408193	0.48339483	0.7054811	1.0	4636	tags=53%, list=24%, signal=69%	
GOBP_ATRIAL_CARDIAC_MUSCLE_TISSUE_DEVELOPMENT	GOBP_ATRIAL_CARDIAC_MUSCLE_TISSUE_DEVELOPMENT		22	0.4051905	0.97394603	0.49909583	0.7054925	1.0	255	tags=9%, list=1%, signal=9%	
GOBP_PHOSPHOLIPID_CATABOLIC_PROCESS	GOBP_PHOSPHOLIPID_CATABOLIC_PROCESS		53	0.34286878	0.97371495	0.50576603	0.70578986	1.0	2092	tags=13%, list=11%, signal=15%	
GOBP_PLASMA_MEMBRANE_PHOSPHOLIPID_SCRAMBLING	GOBP_PLASMA_MEMBRANE_PHOSPHOLIPID_SCRAMBLING		25	0.38080674	0.97363394	0.5148148	0.7056758	1.0	1408	tags=12%, list=7%, signal=13%	
GOBP_DOPAMINERGIC_NEURON_DIFFERENTIATION	GOBP_DOPAMINERGIC_NEURON_DIFFERENTIATION		40	0.3632749	0.97341555	0.50816995	0.7059152	1.0	524	tags=8%, list=3%, signal=8%	
GOBP_ACROSOME_ASSEMBLY	GOBP_ACROSOME_ASSEMBLY		28	0.37420762	0.9720519	0.49726775	0.7089656	1.0	1466	tags=11%, list=8%, signal=12%	
GOBP_RESPONSE_TO_CAMP	GOBP_RESPONSE_TO_CAMP		84	0.31818557	0.97167325	0.5195008	0.7096002	1.0	2485	tags=21%, list=13%, signal=24%	
GOBP_GLUCOSE_METABOLIC_PROCESS	GOBP_GLUCOSE_METABOLIC_PROCESS		179	0.28886822	0.97148365	0.51825845	0.70975965	1.0	3816	tags=28%, list=20%, signal=34%	
GOBP_INTRACELLULAR_GLUCOSE_HOMEOSTASIS	GOBP_INTRACELLULAR_GLUCOSE_HOMEOSTASIS		144	0.29047865	0.9711608	0.51029414	0.71023667	1.0	3005	tags=17%, list=15%, signal=20%	
GOBP_REGULATION_OF_COMPLEMENT_ACTIVATION	GOBP_REGULATION_OF_COMPLEMENT_ACTIVATION		18	0.42028588	0.97065324	0.53846157	0.7111538	1.0	2556	tags=33%, list=13%, signal=38%	
GOBP_SECONDARY_METABOLITE_BIOSYNTHETIC_PROCESS	GOBP_SECONDARY_METABOLITE_BIOSYNTHETIC_PROCESS		25	0.39047337	0.9702415	0.50353354	0.7118629	1.0	1846	tags=20%, list=10%, signal=22%	
GOMF_CARBOXYLIC_ESTER_HYDROLASE_ACTIVITY	GOMF_CARBOXYLIC_ESTER_HYDROLASE_ACTIVITY		135	0.2987481	0.970029	0.5095729	0.7121113	1.0	1198	tags=8%, list=6%, signal=9%	
GOBP_MODIFIED_AMINO_ACID_TRANSPORT	GOBP_MODIFIED_AMINO_ACID_TRANSPORT		39	0.35478893	0.969677	0.4888889	0.7126647	1.0	1887	tags=21%, list=10%, signal=23%	
GOBP_CONVERGENT_EXTENSION	GOBP_CONVERGENT_EXTENSION		15	0.4363835	0.9695241	0.4894434	0.71273434	1.0	20	tags=7%, list=0%, signal=7%	
GOBP_MEMBRANE_DEPOLARIZATION_DURING_CARDIAC_MUSCLE_CELL_ACTION_POTENTIAL	GOBP_MEMBRANE_DEPOLARIZATION_DURING_CARDIAC_MUSCLE_CELL_ACTION_POTENTIAL		21	0.40261063	0.9692266	0.51122624	0.71315515	1.0	30	tags=5%, list=0%, signal=5%	
GOBP_REGULATION_OF_KIDNEY_DEVELOPMENT	GOBP_REGULATION_OF_KIDNEY_DEVELOPMENT		35	0.36536554	0.96909964	0.50501674	0.71318454	1.0	3999	tags=40%, list=21%, signal=50%	
GOMF_POTASSIUM_CHANNEL_REGULATOR_ACTIVITY	GOMF_POTASSIUM_CHANNEL_REGULATOR_ACTIVITY		47	0.34041303	0.96896553	0.5114754	0.7132095	1.0	4512	tags=34%, list=23%, signal=44%	
GOBP_CEREBRAL_CORTEX_DEVELOPMENT	GOBP_CEREBRAL_CORTEX_DEVELOPMENT		118	0.30363628	0.9688369	0.5044776	0.7131999	1.0	3260	tags=21%, list=17%, signal=25%	
GOBP_AORTA_MORPHOGENESIS	GOBP_AORTA_MORPHOGENESIS		34	0.36833596	0.96830004	0.49376115	0.7142322	1.0	2391	tags=32%, list=12%, signal=37%	
GOMF_G_PROTEIN_BETA_GAMMA_SUBUNIT_COMPLEX_BINDING	GOMF_G_PROTEIN_BETA_GAMMA_SUBUNIT_COMPLEX_BINDING		21	0.41549394	0.96780336	0.51272017	0.7151264	1.0	3368	tags=29%, list=17%, signal=35%	
GOBP_NEGATIVE_REGULATION_OF_BIOMINERAL_TISSUE_DEVELOPMENT	GOBP_NEGATIVE_REGULATION_OF_BIOMINERAL_TISSUE_DEVELOPMENT		26	0.39446414	0.96774864	0.50915754	0.7149558	1.0	2362	tags=38%, list=12%, signal=44%	
GOBP_LYMPH_NODE_DEVELOPMENT	GOBP_LYMPH_NODE_DEVELOPMENT		18	0.4223307	0.9674828	0.48698884	0.71530867	1.0	3874	tags=33%, list=20%, signal=42%	
GOMF_ACTIN_MONOMER_BINDING	GOMF_ACTIN_MONOMER_BINDING		25	0.3870209	0.9656725	0.51111114	0.7195447	1.0	2284	tags=36%, list=12%, signal=41%	
GOBP_TUBULIN_DEACETYLATION	GOBP_TUBULIN_DEACETYLATION		23	0.39339438	0.9656619	0.513465	0.7192634	1.0	3780	tags=30%, list=19%, signal=38%	
GOCC_CLEAVAGE_FURROW	GOCC_CLEAVAGE_FURROW		49	0.34231198	0.96521616	0.52649575	0.7200987	1.0	2272	tags=16%, list=12%, signal=18%	
GOBP_ORGANIC_ACID_TRANSMEMBRANE_TRANSPORT	GOBP_ORGANIC_ACID_TRANSMEMBRANE_TRANSPORT		143	0.29212004	0.9645408	0.5373563	0.72147316	1.0	2264	tags=22%, list=12%, signal=25%	
GOBP_AMINOGLYCAN_METABOLIC_PROCESS	GOBP_AMINOGLYCAN_METABOLIC_PROCESS		119	0.29991275	0.9642371	0.5340557	0.7219212	1.0	2470	tags=18%, list=13%, signal=21%	
GOBP_PEPTIDYL_TYROSINE_DEPHOSPHORYLATION	GOBP_PEPTIDYL_TYROSINE_DEPHOSPHORYLATION		30	0.377843	0.9639854	0.5086806	0.7222428	1.0	3792	tags=47%, list=20%, signal=58%	
GOBP_ACETYL_COA_METABOLIC_PROCESS	GOBP_ACETYL_COA_METABOLIC_PROCESS		32	0.36922854	0.96385086	0.5115044	0.7222602	1.0	393	tags=6%, list=2%, signal=6%	
GOBP_REGULATION_OF_B_CELL_APOPTOTIC_PROCESS	GOBP_REGULATION_OF_B_CELL_APOPTOTIC_PROCESS		19	0.396769	0.96364254	0.5221239	0.7224725	1.0	1433	tags=21%, list=7%, signal=23%	
GOBP_AMINO_ACID_TRANSPORT	GOBP_AMINO_ACID_TRANSPORT		154	0.29033127	0.963603	0.53061223	0.72226435	1.0	2254	tags=18%, list=12%, signal=20%	
GOBP_WATER_TRANSPORT	GOBP_WATER_TRANSPORT		27	0.37831676	0.96354496	0.53038675	0.72210115	1.0	325	tags=7%, list=2%, signal=8%	
GOBP_CENTRAL_NERVOUS_SYSTEM_NEURON_DIFFERENTIATION	GOBP_CENTRAL_NERVOUS_SYSTEM_NEURON_DIFFERENTIATION		171	0.28475264	0.96348274	0.5367545	0.72195536	1.0	2535	tags=18%, list=13%, signal=20%	
GOBP_NEGATIVE_REGULATION_OF_TYPE_I_INTERFERON_PRODUCTION	GOBP_NEGATIVE_REGULATION_OF_TYPE_I_INTERFERON_PRODUCTION		40	0.3565268	0.9633506	0.507772	0.72198427	1.0	3673	tags=30%, list=19%, signal=37%	
GOBP_REGULATION_OF_HEART_GROWTH	GOBP_REGULATION_OF_HEART_GROWTH		57	0.3315102	0.96332675	0.52491695	0.7217357	1.0	2176	tags=18%, list=11%, signal=20%	
GOBP_COMPLEMENT_ACTIVATION	GOBP_COMPLEMENT_ACTIVATION		54	0.3353779	0.9629355	0.49837133	0.7224053	1.0	3531	tags=31%, list=18%, signal=38%	
GOBP_POSTSYNAPTIC_CYTOSKELETON_ORGANIZATION	GOBP_POSTSYNAPTIC_CYTOSKELETON_ORGANIZATION		16	0.43229225	0.9627471	0.4990991	0.72254133	1.0	3612	tags=25%, list=19%, signal=31%	
GOBP_PROTEIN_LOCALIZATION_TO_CELL_CELL_JUNCTION	GOBP_PROTEIN_LOCALIZATION_TO_CELL_CELL_JUNCTION		21	0.40091982	0.9620561	0.50524473	0.7239452	1.0	3639	tags=48%, list=19%, signal=59%	
GOMF_PROTEIN_SERINE_KINASE_ACTIVITY	GOMF_PROTEIN_SERINE_KINASE_ACTIVITY		346	0.26640007	0.96193135	0.56	0.72397	1.0	3308	tags=21%, list=17%, signal=25%	
GOBP_RESPIRATORY_SYSTEM_DEVELOPMENT	GOBP_RESPIRATORY_SYSTEM_DEVELOPMENT		216	0.2772574	0.9615319	0.5362517	0.7246554	1.0	2955	tags=22%, list=15%, signal=26%	
GOBP_VASCULAR_WOUND_HEALING	GOBP_VASCULAR_WOUND_HEALING		18	0.42654034	0.9614836	0.5196998	0.7244573	1.0	2532	tags=44%, list=13%, signal=51%	
GOBP_REGULATION_OF_RELEASE_OF_SEQUESTERED_CALCIUM_ION_INTO_CYTOSOL_BY_SARCOPLASMIC_RETICULUM	GOBP_REGULATION_OF_RELEASE_OF_SEQUESTERED_CALCIUM_ION_INTO_CYTOSOL_BY_SARCOPLASMIC_RETICULUM		29	0.37616408	0.9614785	0.53157896	0.72416794	1.0	24	tags=3%, list=0%, signal=3%	
GOBP_NUCLEAR_ENVELOPE_ORGANIZATION	GOBP_NUCLEAR_ENVELOPE_ORGANIZATION		54	0.33776462	0.96145177	0.5040917	0.7239351	1.0	4058	tags=24%, list=21%, signal=30%	
GOBP_GLYCOPROTEIN_METABOLIC_PROCESS	GOBP_GLYCOPROTEIN_METABOLIC_PROCESS		353	0.26586232	0.9614413	0.56153846	0.7236535	1.0	1936	tags=13%, list=10%, signal=15%	
GOBP_NEGATIVE_REGULATION_OF_MAP_KINASE_ACTIVITY	GOBP_NEGATIVE_REGULATION_OF_MAP_KINASE_ACTIVITY		43	0.34525558	0.9608094	0.5141844	0.72486436	1.0	3697	tags=35%, list=19%, signal=43%	
GOBP_REGULATION_OF_TRANSPORTER_ACTIVITY	GOBP_REGULATION_OF_TRANSPORTER_ACTIVITY		201	0.28284532	0.9606662	0.560425	0.7249186	1.0	2903	tags=17%, list=15%, signal=20%	
GOBP_SODIUM_ION_TRANSPORT	GOBP_SODIUM_ION_TRANSPORT		242	0.27478707	0.96064466	0.5358127	0.7246711	1.0	2772	tags=17%, list=14%, signal=19%	
GOBP_MONOCARBOXYLIC_ACID_BIOSYNTHETIC_PROCESS	GOBP_MONOCARBOXYLIC_ACID_BIOSYNTHETIC_PROCESS		207	0.27674747	0.9605386	0.579809	0.7246406	1.0	2909	tags=20%, list=15%, signal=23%	
GOBP_REGULATION_OF_ESTABLISHMENT_OF_PROTEIN_LOCALIZATION	GOBP_REGULATION_OF_ESTABLISHMENT_OF_PROTEIN_LOCALIZATION		498	0.26038003	0.9605211	0.5839416	0.7243686	1.0	2239	tags=14%, list=12%, signal=16%	
GOBP_POSITIVE_REGULATION_OF_PROTEIN_AUTOPHOSPHORYLATION	GOBP_POSITIVE_REGULATION_OF_PROTEIN_AUTOPHOSPHORYLATION		23	0.39297432	0.9604431	0.5	0.7242456	1.0	3294	tags=43%, list=17%, signal=52%	
GOBP_NON_PROTEINOGENIC_AMINO_ACID_BIOSYNTHETIC_PROCESS	GOBP_NON_PROTEINOGENIC_AMINO_ACID_BIOSYNTHETIC_PROCESS		17	0.42942742	0.95956576	0.518315	0.7261321	1.0	1834	tags=35%, list=9%, signal=39%	
GOCC_LAMELLAR_BODY	GOCC_LAMELLAR_BODY		17	0.42198193	0.95928246	0.50825685	0.7265297	1.0	1694	tags=24%, list=9%, signal=26%	
GOBP_NEGATIVE_REGULATION_OF_TRANSLATION	GOBP_NEGATIVE_REGULATION_OF_TRANSLATION		120	0.29691595	0.95903444	0.53070176	0.7268428	1.0	3876	tags=23%, list=20%, signal=29%	
GOBP_REGULATION_OF_LIPID_METABOLIC_PROCESS	GOBP_REGULATION_OF_LIPID_METABOLIC_PROCESS		296	0.27056557	0.95791674	0.5703226	0.72931814	1.0	3029	tags=23%, list=16%, signal=26%	
GOBP_POSITIVE_REGULATION_OF_SMOOTHENED_SIGNALING_PATHWAY	GOBP_POSITIVE_REGULATION_OF_SMOOTHENED_SIGNALING_PATHWAY		32	0.3637251	0.9578229	0.5178876	0.7292188	1.0	2407	tags=16%, list=12%, signal=18%	
GOCC_TIGHT_JUNCTION	GOCC_TIGHT_JUNCTION		122	0.2956109	0.9577207	0.53892213	0.72916734	1.0	1669	tags=10%, list=9%, signal=11%	
GOBP_DNA_DAMAGE_RESPONSE_SIGNAL_TRANSDUCTION_BY_P53_CLASS_MEDIATOR_RESULTING_IN_CELL_CYCLE_ARREST	GOBP_DNA_DAMAGE_RESPONSE_SIGNAL_TRANSDUCTION_BY_P53_CLASS_MEDIATOR_RESULTING_IN_CELL_CYCLE_ARREST		19	0.4011936	0.95746934	0.51140684	0.7294699	1.0	1981	tags=16%, list=10%, signal=18%	
GOBP_POSITIVE_REGULATION_OF_SYNAPTIC_TRANSMISSION_GLUTAMATERGIC	GOBP_POSITIVE_REGULATION_OF_SYNAPTIC_TRANSMISSION_GLUTAMATERGIC		34	0.3695843	0.95712125	0.5258621	0.7300422	1.0	1967	tags=21%, list=10%, signal=23%	
GOBP_POSITIVE_REGULATION_OF_SMALL_MOLECULE_METABOLIC_PROCESS	GOBP_POSITIVE_REGULATION_OF_SMALL_MOLECULE_METABOLIC_PROCESS		133	0.29457498	0.95704216	0.5490798	0.72991794	1.0	2923	tags=23%, list=15%, signal=26%	
GOBP_MUSCLE_HYPERTROPHY	GOBP_MUSCLE_HYPERTROPHY		86	0.3134	0.9567085	0.5214724	0.7304217	1.0	1975	tags=15%, list=10%, signal=17%	
GOMF_TRANSFORMING_GROWTH_FACTOR_BETA_RECEPTOR_BINDING	GOMF_TRANSFORMING_GROWTH_FACTOR_BETA_RECEPTOR_BINDING		26	0.3771327	0.95657426	0.52459013	0.73045754	1.0	2576	tags=27%, list=13%, signal=31%	
GOBP_REGULATION_OF_CATION_CHANNEL_ACTIVITY	GOBP_REGULATION_OF_CATION_CHANNEL_ACTIVITY		91	0.3089929	0.95648533	0.54531944	0.7303652	1.0	2823	tags=18%, list=15%, signal=20%	
GOBP_NEGATIVE_REGULATION_OF_ERK1_AND_ERK2_CASCADE	GOBP_NEGATIVE_REGULATION_OF_ERK1_AND_ERK2_CASCADE		62	0.32847005	0.95644665	0.52487963	0.7301592	1.0	3312	tags=29%, list=17%, signal=35%	
GOBP_DITERPENOID_METABOLIC_PROCESS	GOBP_DITERPENOID_METABOLIC_PROCESS		88	0.3075336	0.95557547	0.54258674	0.7319678	1.0	1078	tags=9%, list=6%, signal=10%	
GOBP_NEGATIVE_REGULATION_OF_ENDOTHELIAL_CELL_PROLIFERATION	GOBP_NEGATIVE_REGULATION_OF_ENDOTHELIAL_CELL_PROLIFERATION		37	0.35618132	0.95518017	0.53706753	0.73266023	1.0	3095	tags=35%, list=16%, signal=42%	
GOBP_REGULATION_OF_AMINE_METABOLIC_PROCESS	GOBP_REGULATION_OF_AMINE_METABOLIC_PROCESS		28	0.38127702	0.95501566	0.5229682	0.73275405	1.0	786	tags=14%, list=4%, signal=15%	
GOMF_CYCLIN_BINDING	GOMF_CYCLIN_BINDING		34	0.3739943	0.95432365	0.52640843	0.73418874	1.0	77	tags=3%, list=0%, signal=3%	
GOBP_PROTEIN_DEACETYLATION	GOBP_PROTEIN_DEACETYLATION		42	0.3433725	0.9542096	0.5177066	0.7341559	1.0	3780	tags=26%, list=19%, signal=32%	
GOBP_VASCULAR_ENDOTHELIAL_GROWTH_FACTOR_PRODUCTION	GOBP_VASCULAR_ENDOTHELIAL_GROWTH_FACTOR_PRODUCTION		36	0.3547718	0.9536787	0.5108153	0.73520756	1.0	2156	tags=31%, list=11%, signal=34%	
GOBP_PEPTIDE_METABOLIC_PROCESS	GOBP_PEPTIDE_METABOLIC_PROCESS		75	0.31219396	0.9535085	0.5365474	0.7353051	1.0	1604	tags=12%, list=8%, signal=13%	
GOBP_REGULATION_OF_CYCLIN_DEPENDENT_PROTEIN_KINASE_ACTIVITY	GOBP_REGULATION_OF_CYCLIN_DEPENDENT_PROTEIN_KINASE_ACTIVITY		74	0.31925136	0.95346665	0.53786707	0.7351091	1.0	3269	tags=24%, list=17%, signal=29%	
GOMF_CARBOXYPEPTIDASE_ACTIVITY	GOMF_CARBOXYPEPTIDASE_ACTIVITY		43	0.3464512	0.9532433	0.5460751	0.73535484	1.0	2798	tags=26%, list=14%, signal=30%	
GOBP_DETECTION_OF_ABIOTIC_STIMULUS	GOBP_DETECTION_OF_ABIOTIC_STIMULUS		135	0.2916909	0.9527088	0.542522	0.7363459	1.0	3717	tags=22%, list=19%, signal=27%	
GOMF_OLIGOSACCHARIDE_BINDING	GOMF_OLIGOSACCHARIDE_BINDING		17	0.42264217	0.9526211	0.53497165	0.73625225	1.0	2951	tags=24%, list=15%, signal=28%	
GOCC_EXTRINSIC_COMPONENT_OF_MEMBRANE	GOCC_EXTRINSIC_COMPONENT_OF_MEMBRANE		170	0.28463006	0.9524722	0.55295736	0.73630023	1.0	3368	tags=26%, list=17%, signal=31%	
GOBP_POSITIVE_REGULATION_OF_OSSIFICATION	GOBP_POSITIVE_REGULATION_OF_OSSIFICATION		50	0.33636707	0.9523641	0.5147541	0.7362514	1.0	3095	tags=36%, list=16%, signal=43%	
GOBP_TOR_SIGNALING	GOBP_TOR_SIGNALING		153	0.28890756	0.9523244	0.56187767	0.7360365	1.0	4114	tags=25%, list=21%, signal=31%	
GOBP_NEGATIVE_REGULATION_OF_CELLULAR_SENESCENCE	GOBP_NEGATIVE_REGULATION_OF_CELLULAR_SENESCENCE		23	0.38075787	0.9521637	0.5275735	0.73614395	1.0	1726	tags=22%, list=9%, signal=24%	
GOBP_REGULATION_OF_MICROTUBULE_POLYMERIZATION_OR_DEPOLYMERIZATION	GOBP_REGULATION_OF_MICROTUBULE_POLYMERIZATION_OR_DEPOLYMERIZATION		89	0.30621845	0.9521593	0.5477308	0.73584867	1.0	3698	tags=29%, list=19%, signal=36%	
GOBP_ANIMAL_ORGAN_REGENERATION	GOBP_ANIMAL_ORGAN_REGENERATION		66	0.31878915	0.9516877	0.53970826	0.73673	1.0	2362	tags=15%, list=12%, signal=17%	
GOBP_L_AMINO_ACID_BIOSYNTHETIC_PROCESS	GOBP_L_AMINO_ACID_BIOSYNTHETIC_PROCESS		56	0.33138883	0.9511736	0.5644891	0.7376843	1.0	1707	tags=14%, list=9%, signal=16%	
GOCC_FLEMMING_BODY	GOCC_FLEMMING_BODY		34	0.3583023	0.95110065	0.51067615	0.7375609	1.0	1457	tags=12%, list=8%, signal=13%	
GOBP_NON_MEMBRANE_BOUNDED_ORGANELLE_ASSEMBLY	GOBP_NON_MEMBRANE_BOUNDED_ORGANELLE_ASSEMBLY		395	0.26119718	0.9508605	0.6116625	0.7378594	1.0	3553	tags=20%, list=18%, signal=24%	
GOMF_HISTONE_DEACETYLASE_BINDING	GOMF_HISTONE_DEACETYLASE_BINDING		121	0.29584482	0.9508261	0.52662724	0.7376368	1.0	3095	tags=21%, list=16%, signal=24%	
GOBP_INOSITOL_PHOSPHATE_METABOLIC_PROCESS	GOBP_INOSITOL_PHOSPHATE_METABOLIC_PROCESS		40	0.34659934	0.9502957	0.55178267	0.73862064	1.0	2150	tags=23%, list=11%, signal=25%	
GOBP_NEGATIVE_REGULATION_OF_CELL_CYCLE_G1_S_PHASE_TRANSITION	GOBP_NEGATIVE_REGULATION_OF_CELL_CYCLE_G1_S_PHASE_TRANSITION		74	0.31421357	0.9498567	0.5356551	0.7393882	1.0	2109	tags=16%, list=11%, signal=18%	
GOBP_CARDIAC_MYOFIBRIL_ASSEMBLY	GOBP_CARDIAC_MYOFIBRIL_ASSEMBLY		19	0.40779942	0.94907385	0.53747714	0.74101645	1.0	2926	tags=37%, list=15%, signal=43%	
GOBP_REGULATION_OF_HORMONE_SECRETION	GOBP_REGULATION_OF_HORMONE_SECRETION		246	0.27177143	0.94858533	0.58639455	0.7419049	1.0	2174	tags=15%, list=11%, signal=16%	
GOMF_CARD_DOMAIN_BINDING	GOMF_CARD_DOMAIN_BINDING		15	0.42146438	0.94843984	0.5272727	0.74196655	1.0	4059	tags=40%, list=21%, signal=51%	
GOBP_SOMATIC_DIVERSIFICATION_OF_IMMUNE_RECEPTORS	GOBP_SOMATIC_DIVERSIFICATION_OF_IMMUNE_RECEPTORS		73	0.3146133	0.94801956	0.5310559	0.7426947	1.0	3020	tags=21%, list=16%, signal=24%	
GOBP_REGULATION_OF_PRESYNAPTIC_CYTOSOLIC_CALCIUM_ION_CONCENTRATION	GOBP_REGULATION_OF_PRESYNAPTIC_CYTOSOLIC_CALCIUM_ION_CONCENTRATION		15	0.42385593	0.94762766	0.5472441	0.7432998	1.0	1847	tags=20%, list=10%, signal=22%	
GOBP_NEURON_PROJECTION_ORGANIZATION	GOBP_NEURON_PROJECTION_ORGANIZATION		88	0.3058504	0.9475504	0.5296	0.743179	1.0	1800	tags=17%, list=9%, signal=19%	
GOBP_BONE_GROWTH	GOBP_BONE_GROWTH		29	0.3639842	0.9475294	0.54761904	0.74292743	1.0	777	tags=10%, list=4%, signal=11%	
GOBP_NEUROMUSCULAR_PROCESS	GOBP_NEUROMUSCULAR_PROCESS		156	0.28132176	0.947472	0.5785007	0.7427754	1.0	971	tags=6%, list=5%, signal=7%	
GOBP_VASOCONSTRICTION	GOBP_VASOCONSTRICTION		85	0.30755672	0.9474433	0.5559105	0.7425354	1.0	2823	tags=24%, list=15%, signal=27%	
GOBP_CELLULAR_RESPONSE_TO_GONADOTROPIN_STIMULUS	GOBP_CELLULAR_RESPONSE_TO_GONADOTROPIN_STIMULUS		18	0.41039085	0.94727117	0.53296703	0.7426566	1.0	2190	tags=22%, list=11%, signal=25%	
GOBP_REGULATION_OF_PHOSPHOPROTEIN_PHOSPHATASE_ACTIVITY	GOBP_REGULATION_OF_PHOSPHOPROTEIN_PHOSPHATASE_ACTIVITY		39	0.35350367	0.9468063	0.5365854	0.7434889	1.0	2303	tags=21%, list=12%, signal=23%	
GOBP_REGULATION_OF_AMINO_ACID_TRANSPORT	GOBP_REGULATION_OF_AMINO_ACID_TRANSPORT		41	0.34272715	0.9465704	0.5175292	0.74379367	1.0	2206	tags=22%, list=11%, signal=25%	
GOBP_HOMOLOGOUS_CHROMOSOME_SEGREGATION	GOBP_HOMOLOGOUS_CHROMOSOME_SEGREGATION		56	0.3327946	0.9465267	0.53846157	0.74358827	1.0	2572	tags=13%, list=13%, signal=14%	
GOBP_CELLULAR_RESPONSE_TO_DEXAMETHASONE_STIMULUS	GOBP_CELLULAR_RESPONSE_TO_DEXAMETHASONE_STIMULUS		27	0.37357774	0.94640523	0.522604	0.7435968	1.0	1502	tags=22%, list=8%, signal=24%	
GOMF_FERROUS_IRON_BINDING	GOMF_FERROUS_IRON_BINDING		26	0.3796322	0.9459516	0.53723407	0.74437964	1.0	303	tags=8%, list=2%, signal=8%	
GOMF_HISTONE_KINASE_ACTIVITY	GOMF_HISTONE_KINASE_ACTIVITY		21	0.3922077	0.94550186	0.5037175	0.745184	1.0	1981	tags=14%, list=10%, signal=16%	
GOBP_RESPONSE_TO_ESTROGEN	GOBP_RESPONSE_TO_ESTROGEN		69	0.316171	0.9454364	0.54704946	0.7450339	1.0	3418	tags=25%, list=18%, signal=30%	
GOMF_HYDROLASE_ACTIVITY_ACTING_ON_GLYCOSYL_BONDS	GOMF_HYDROLASE_ACTIVITY_ACTING_ON_GLYCOSYL_BONDS		126	0.28824195	0.9454362	0.5828221	0.7447285	1.0	1858	tags=13%, list=10%, signal=14%	
GOMF_POTASSIUM_ION_LEAK_CHANNEL_ACTIVITY	GOMF_POTASSIUM_ION_LEAK_CHANNEL_ACTIVITY		16	0.42007852	0.9451921	0.52509654	0.7449984	1.0	51	tags=6%, list=0%, signal=6%	
GOCC_T_TUBULE	GOCC_T_TUBULE		52	0.33148387	0.9451232	0.5574614	0.74486804	1.0	30	tags=4%, list=0%, signal=4%	
GOMF_PDZ_DOMAIN_BINDING	GOMF_PDZ_DOMAIN_BINDING		78	0.30918196	0.9440737	0.5394127	0.7470635	1.0	1074	tags=9%, list=6%, signal=9%	
GOBP_SMALL_MOLECULE_CATABOLIC_PROCESS	GOBP_SMALL_MOLECULE_CATABOLIC_PROCESS		366	0.261282	0.94405735	0.6248432	0.7467933	1.0	3060	tags=19%, list=16%, signal=22%	
GOBP_RESPONSE_TO_HEAT	GOBP_RESPONSE_TO_HEAT		96	0.29906464	0.9440484	0.57054263	0.7465079	1.0	3378	tags=23%, list=17%, signal=28%	
GOBP_POSITIVE_REGULATION_OF_TRANSMEMBRANE_RECEPTOR_PROTEIN_SERINE_THREONINE_KINASE_SIGNALING_PATHWAY	GOBP_POSITIVE_REGULATION_OF_TRANSMEMBRANE_RECEPTOR_PROTEIN_SERINE_THREONINE_KINASE_SIGNALING_PATHWAY		97	0.3030048	0.94362056	0.5508607	0.7472597	1.0	3874	tags=37%, list=20%, signal=46%	
GOBP_CRANIAL_SKELETAL_SYSTEM_DEVELOPMENT	GOBP_CRANIAL_SKELETAL_SYSTEM_DEVELOPMENT		70	0.31741858	0.943562	0.568	0.7470918	1.0	2475	tags=19%, list=13%, signal=21%	
GOBP_NEGATIVE_REGULATION_OF_JNK_CASCADE	GOBP_NEGATIVE_REGULATION_OF_JNK_CASCADE		34	0.35557976	0.943068	0.53184164	0.7479776	1.0	3697	tags=29%, list=19%, signal=36%	
GOMF_TYPE_I_INTERFERON_RECEPTOR_BINDING	GOMF_TYPE_I_INTERFERON_RECEPTOR_BINDING		17	0.40910038	0.9424125	0.5356455	0.74926764	1.0	11483	tags=100%, list=59%, signal=244%	
GOBP_REGULATION_OF_CALCIUM_ION_TRANSMEMBRANE_TRANSPORTER_ACTIVITY	GOBP_REGULATION_OF_CALCIUM_ION_TRANSMEMBRANE_TRANSPORTER_ACTIVITY		60	0.32175413	0.9414928	0.5573248	0.751184	1.0	3719	tags=20%, list=19%, signal=25%	
GOBP_SPERMATID_DIFFERENTIATION	GOBP_SPERMATID_DIFFERENTIATION		200	0.27349785	0.9414138	0.5804677	0.75106615	1.0	1818	tags=10%, list=9%, signal=11%	
GOBP_REGULATION_OF_BEHAVIOR	GOBP_REGULATION_OF_BEHAVIOR		73	0.3110821	0.9410957	0.5638126	0.7515082	1.0	3195	tags=23%, list=16%, signal=28%	
GOBP_REGULATION_OF_DENDRITE_DEVELOPMENT	GOBP_REGULATION_OF_DENDRITE_DEVELOPMENT		95	0.29897416	0.94053483	0.5580645	0.7525477	1.0	2862	tags=26%, list=15%, signal=31%	
GOBP_RESPONSE_TO_HYDROGEN_PEROXIDE	GOBP_RESPONSE_TO_HYDROGEN_PEROXIDE		92	0.30167785	0.94006723	0.56838906	0.7533655	1.0	3040	tags=23%, list=16%, signal=27%	
GOBP_GLUTAMINE_FAMILY_AMINO_ACID_BIOSYNTHETIC_PROCESS	GOBP_GLUTAMINE_FAMILY_AMINO_ACID_BIOSYNTHETIC_PROCESS		15	0.41326696	0.93965745	0.5254237	0.754036	1.0	985	tags=20%, list=5%, signal=21%	
GOCC_SEX_CHROMOSOME	GOCC_SEX_CHROMOSOME		28	0.3687059	0.939509	0.5362319	0.7540887	1.0	2442	tags=18%, list=13%, signal=20%	
GOBP_PROTEIN_DESTABILIZATION	GOBP_PROTEIN_DESTABILIZATION		45	0.3357887	0.93927836	0.54957986	0.75435024	1.0	2109	tags=13%, list=11%, signal=15%	
GOMF_DNA_BINDING_TRANSCRIPTION_FACTOR_BINDING	GOMF_DNA_BINDING_TRANSCRIPTION_FACTOR_BINDING		464	0.25494212	0.93897474	0.6390244	0.75480574	1.0	3319	tags=20%, list=17%, signal=23%	
GOBP_NEGATIVE_REGULATION_OF_TRANSFORMING_GROWTH_FACTOR_BETA_RECEPTOR_SIGNALING_PATHWAY	GOBP_NEGATIVE_REGULATION_OF_TRANSFORMING_GROWTH_FACTOR_BETA_RECEPTOR_SIGNALING_PATHWAY		88	0.30732536	0.93896633	0.56528664	0.754522	1.0	3067	tags=22%, list=16%, signal=26%	
GOBP_POSTSYNAPTIC_SPECIALIZATION_ORGANIZATION	GOBP_POSTSYNAPTIC_SPECIALIZATION_ORGANIZATION		45	0.33266222	0.9384841	0.5741379	0.7553926	1.0	2093	tags=18%, list=11%, signal=20%	
GOBP_ERBB2_SIGNALING_PATHWAY	GOBP_ERBB2_SIGNALING_PATHWAY		23	0.3756261	0.938184	0.57192373	0.7557883	1.0	4713	tags=43%, list=24%, signal=57%	
GOBP_INTERMEMBRANE_LIPID_TRANSFER	GOBP_INTERMEMBRANE_LIPID_TRANSFER		29	0.36864018	0.9379977	0.54591835	0.7559323	1.0	3090	tags=28%, list=16%, signal=33%	
GOBP_CD8_POSITIVE_ALPHA_BETA_T_CELL_ACTIVATION	GOBP_CD8_POSITIVE_ALPHA_BETA_T_CELL_ACTIVATION		25	0.38104647	0.93718183	0.5555556	0.75757647	1.0	3462	tags=40%, list=18%, signal=49%	
GOBP_GLYCINE_TRANSPORT	GOBP_GLYCINE_TRANSPORT		15	0.4233378	0.93689346	0.5265306	0.75793934	1.0	1834	tags=27%, list=9%, signal=29%	
GOBP_POSITIVE_REGULATION_OF_MUSCLE_TISSUE_DEVELOPMENT	GOBP_POSITIVE_REGULATION_OF_MUSCLE_TISSUE_DEVELOPMENT		22	0.38821587	0.93682444	0.54579437	0.75780773	1.0	621	tags=9%, list=3%, signal=9%	
GOCC_APICAL_JUNCTION_COMPLEX	GOCC_APICAL_JUNCTION_COMPLEX		139	0.2845663	0.9363267	0.5884101	0.75869644	1.0	2868	tags=18%, list=15%, signal=21%	
GOCC_CHLORIDE_CHANNEL_COMPLEX	GOCC_CHLORIDE_CHANNEL_COMPLEX		53	0.3218283	0.9359566	0.5797342	0.759268	1.0	1408	tags=9%, list=7%, signal=10%	
GOBP_REGULATION_OF_ORGANELLE_ASSEMBLY	GOBP_REGULATION_OF_ORGANELLE_ASSEMBLY		229	0.26970437	0.93571085	0.61051214	0.75956637	1.0	3997	tags=23%, list=21%, signal=29%	
GOBP_REGULATION_OF_TUMOR_NECROSIS_FACTOR_MEDIATED_SIGNALING_PATHWAY	GOBP_REGULATION_OF_TUMOR_NECROSIS_FACTOR_MEDIATED_SIGNALING_PATHWAY		59	0.32191473	0.93543476	0.5794872	0.75995535	1.0	3543	tags=31%, list=18%, signal=37%	
GOMF_SYMPORTER_ACTIVITY	GOMF_SYMPORTER_ACTIVITY		147	0.28390703	0.9353019	0.6072464	0.7599766	1.0	3011	tags=24%, list=16%, signal=28%	
GOBP_PEPTIDE_BIOSYNTHETIC_PROCESS	GOBP_PEPTIDE_BIOSYNTHETIC_PROCESS		27	0.37226054	0.9352326	0.5521583	0.75984025	1.0	610	tags=15%, list=3%, signal=15%	
GOBP_NEGATIVE_REGULATION_OF_LIPID_CATABOLIC_PROCESS	GOBP_NEGATIVE_REGULATION_OF_LIPID_CATABOLIC_PROCESS		26	0.36701512	0.9351753	0.5477032	0.759677	1.0	1149	tags=15%, list=6%, signal=16%	
GOBP_HEART_VALVE_MORPHOGENESIS	GOBP_HEART_VALVE_MORPHOGENESIS		60	0.3232837	0.93490374	0.5532995	0.76002526	1.0	2082	tags=22%, list=11%, signal=24%	
GOBP_ACTIVATION_OF_GTPASE_ACTIVITY	GOBP_ACTIVATION_OF_GTPASE_ACTIVITY		84	0.30466795	0.9348995	0.56964004	0.7597269	1.0	1465	tags=11%, list=8%, signal=12%	
GOBP_NAD_METABOLIC_PROCESS	GOBP_NAD_METABOLIC_PROCESS		62	0.3162295	0.93486065	0.56218904	0.7595141	1.0	3876	tags=34%, list=20%, signal=42%	
GOCC_COATED_VESICLE	GOCC_COATED_VESICLE		305	0.2610171	0.9348074	0.6363636	0.75933594	1.0	2626	tags=16%, list=14%, signal=19%	
GOMF_GUANYL_RIBONUCLEOTIDE_BINDING	GOMF_GUANYL_RIBONUCLEOTIDE_BINDING		357	0.25801829	0.9346451	0.6389578	0.75943524	1.0	2377	tags=14%, list=12%, signal=16%	
GOBP_POSITIVE_REGULATION_OF_SKELETAL_MUSCLE_TISSUE_DEVELOPMENT	GOBP_POSITIVE_REGULATION_OF_SKELETAL_MUSCLE_TISSUE_DEVELOPMENT		19	0.40115702	0.9345046	0.54110897	0.7594676	1.0	621	tags=11%, list=3%, signal=11%	
GOMF_LIPID_TRANSMEMBRANE_TRANSPORTER_ACTIVITY	GOMF_LIPID_TRANSMEMBRANE_TRANSPORTER_ACTIVITY		54	0.32443187	0.93393785	0.5740433	0.7605533	1.0	2900	tags=28%, list=15%, signal=33%	
GOBP_CATECHOLAMINE_SECRETION	GOBP_CATECHOLAMINE_SECRETION		48	0.32617787	0.9338991	0.55979204	0.76034033	1.0	2205	tags=17%, list=11%, signal=19%	
GOBP_INSULIN_RECEPTOR_SIGNALING_PATHWAY	GOBP_INSULIN_RECEPTOR_SIGNALING_PATHWAY		123	0.2855357	0.9336586	0.63833076	0.76060444	1.0	2177	tags=18%, list=11%, signal=20%	
GOBP_POSITIVE_REGULATION_OF_EXTRACELLULAR_MATRIX_ORGANIZATION	GOBP_POSITIVE_REGULATION_OF_EXTRACELLULAR_MATRIX_ORGANIZATION		30	0.36187232	0.933179	0.55655295	0.76142067	1.0	3874	tags=30%, list=20%, signal=37%	
GOBP_PLASMA_MEMBRANE_TUBULATION	GOBP_PLASMA_MEMBRANE_TUBULATION		18	0.40219367	0.9328877	0.55009454	0.7618352	1.0	3153	tags=28%, list=16%, signal=33%	
GOBP_REGULATION_OF_PROTEIN_DEACETYLATION	GOBP_REGULATION_OF_PROTEIN_DEACETYLATION		29	0.35962743	0.93226707	0.5467128	0.76304835	1.0	3780	tags=28%, list=19%, signal=34%	
GOBP_REGULATION_OF_AUTOPHAGOSOME_ASSEMBLY	GOBP_REGULATION_OF_AUTOPHAGOSOME_ASSEMBLY		46	0.33260214	0.93217564	0.56401384	0.7629493	1.0	2321	tags=17%, list=12%, signal=20%	
GOBP_NEGATIVE_REGULATION_OF_ENDOTHELIAL_CELL_APOPTOTIC_PROCESS	GOBP_NEGATIVE_REGULATION_OF_ENDOTHELIAL_CELL_APOPTOTIC_PROCESS		33	0.34728196	0.9320365	0.56217164	0.76296324	1.0	1764	tags=18%, list=9%, signal=20%	
GOBP_PALLIUM_DEVELOPMENT	GOBP_PALLIUM_DEVELOPMENT		183	0.27252248	0.9312708	0.64475524	0.7644735	1.0	3424	tags=20%, list=18%, signal=24%	
GOBP_MIDBRAIN_DEVELOPMENT	GOBP_MIDBRAIN_DEVELOPMENT		82	0.30103058	0.9308291	0.58685446	0.7652675	1.0	2978	tags=20%, list=15%, signal=23%	
GOBP_KILLING_BY_HOST_OF_SYMBIONT_CELLS	GOBP_KILLING_BY_HOST_OF_SYMBIONT_CELLS		27	0.36889187	0.9306648	0.55341506	0.7653492	1.0	2335	tags=26%, list=12%, signal=29%	
GOBP_REGULATION_OF_MONOATOMIC_ANION_TRANSPORT	GOBP_REGULATION_OF_MONOATOMIC_ANION_TRANSPORT		15	0.41294178	0.9306132	0.55212355	0.76516336	1.0	433	tags=13%, list=2%, signal=14%	
GOMF_ENDONUCLEASE_ACTIVITY_ACTIVE_WITH_EITHER_RIBO_OR_DEOXYRIBONUCLEIC_ACIDS_AND_PRODUCING_3_PHOSPHOMONOESTERS	GOMF_ENDONUCLEASE_ACTIVITY_ACTIVE_WITH_EITHER_RIBO_OR_DEOXYRIBONUCLEIC_ACIDS_AND_PRODUCING_3_PHOSPHOMONOESTERS		18	0.39180458	0.9304157	0.5549348	0.7653415	1.0	736	tags=11%, list=4%, signal=12%	
GOBP_MESODERM_DEVELOPMENT	GOBP_MESODERM_DEVELOPMENT		125	0.2839716	0.9303552	0.5951359	0.76518166	1.0	2969	tags=21%, list=15%, signal=24%	
GOMF_TBP_CLASS_PROTEIN_BINDING	GOMF_TBP_CLASS_PROTEIN_BINDING		25	0.37495598	0.93000704	0.55415165	0.76572365	1.0	1504	tags=16%, list=8%, signal=17%	
GOBP_SOMATIC_DIVERSIFICATION_OF_IMMUNOGLOBULINS	GOBP_SOMATIC_DIVERSIFICATION_OF_IMMUNOGLOBULINS		61	0.31349432	0.92989993	0.57795274	0.7656607	1.0	3020	tags=20%, list=16%, signal=23%	
GOBP_AXIS_SPECIFICATION	GOBP_AXIS_SPECIFICATION		94	0.30108607	0.92862844	0.59148264	0.7684933	1.0	2389	tags=16%, list=12%, signal=18%	
GOBP_POSITIVE_REGULATION_OF_ANIMAL_ORGAN_MORPHOGENESIS	GOBP_POSITIVE_REGULATION_OF_ANIMAL_ORGAN_MORPHOGENESIS		35	0.34487152	0.9280172	0.5557522	0.76968837	1.0	2969	tags=26%, list=15%, signal=30%	
GOBP_POSITIVE_REGULATION_OF_TRANSPORTER_ACTIVITY	GOBP_POSITIVE_REGULATION_OF_TRANSPORTER_ACTIVITY		78	0.30255783	0.92789423	0.57746476	0.7696902	1.0	3023	tags=22%, list=16%, signal=26%	
GOBP_REGULATION_OF_MUSCLE_HYPERTROPHY	GOBP_REGULATION_OF_MUSCLE_HYPERTROPHY		55	0.321877	0.92778105	0.59277505	0.7696441	1.0	3699	tags=25%, list=19%, signal=31%	
GOBP_POSITIVE_REGULATION_OF_ORGANELLE_ORGANIZATION	GOBP_POSITIVE_REGULATION_OF_ORGANELLE_ORGANIZATION		482	0.25191343	0.9276782	0.7091776	0.7695682	1.0	3178	tags=18%, list=16%, signal=22%	
GOBP_POSITIVE_REGULATION_OF_SMOOTH_MUSCLE_CELL_APOPTOTIC_PROCESS	GOBP_POSITIVE_REGULATION_OF_SMOOTH_MUSCLE_CELL_APOPTOTIC_PROCESS		16	0.4145192	0.9275303	0.5738636	0.76963425	1.0	1473	tags=19%, list=8%, signal=20%	
GOBP_EMBRYO_IMPLANTATION	GOBP_EMBRYO_IMPLANTATION		54	0.3246517	0.92714936	0.5849673	0.77023506	1.0	2915	tags=24%, list=15%, signal=28%	
GOBP_PYRIMIDINE_NUCLEOBASE_METABOLIC_PROCESS	GOBP_PYRIMIDINE_NUCLEOBASE_METABOLIC_PROCESS		21	0.3897065	0.92685056	0.53176045	0.77064186	1.0	908	tags=19%, list=5%, signal=20%	
GOBP_OLIGODENDROCYTE_DIFFERENTIATION	GOBP_OLIGODENDROCYTE_DIFFERENTIATION		105	0.29467556	0.92679507	0.625	0.77047324	1.0	3991	tags=30%, list=21%, signal=37%	
GOBP_REGULATION_OF_PROTEIN_LOCALIZATION_TO_MEMBRANE	GOBP_REGULATION_OF_PROTEIN_LOCALIZATION_TO_MEMBRANE		178	0.27344874	0.92655456	0.6179775	0.7707184	1.0	3019	tags=22%, list=16%, signal=26%	
GOCC_SWI_SNF_COMPLEX	GOCC_SWI_SNF_COMPLEX		27	0.36818755	0.9263383	0.5598651	0.7709399	1.0	2533	tags=19%, list=13%, signal=21%	
GOBP_REGULATION_OF_MUSCLE_CELL_DIFFERENTIATION	GOBP_REGULATION_OF_MUSCLE_CELL_DIFFERENTIATION		135	0.28399107	0.9260451	0.6344538	0.77135736	1.0	3157	tags=23%, list=16%, signal=27%	
GOBP_REGULATION_OF_PROTEIN_LOCALIZATION_TO_CELL_PERIPHERY	GOBP_REGULATION_OF_PROTEIN_LOCALIZATION_TO_CELL_PERIPHERY		136	0.28289872	0.9258551	0.6197183	0.77151924	1.0	3019	tags=23%, list=16%, signal=27%	
GOBP_NEGATIVE_REGULATION_OF_COAGULATION	GOBP_NEGATIVE_REGULATION_OF_COAGULATION		51	0.32915965	0.92581844	0.57550335	0.7713085	1.0	1905	tags=20%, list=10%, signal=22%	
GOBP_POSITIVE_REGULATION_OF_PROTEIN_MATURATION	GOBP_POSITIVE_REGULATION_OF_PROTEIN_MATURATION		25	0.3717214	0.92581546	0.576779	0.7710099	1.0	3367	tags=40%, list=17%, signal=48%	
GOBP_SPERM_EGG_RECOGNITION	GOBP_SPERM_EGG_RECOGNITION		49	0.329501	0.9255283	0.5601318	0.7714033	1.0	3632	tags=22%, list=19%, signal=28%	
GOMF_TRANSMEMBRANE_RECEPTOR_PROTEIN_PHOSPHATASE_ACTIVITY	GOMF_TRANSMEMBRANE_RECEPTOR_PROTEIN_PHOSPHATASE_ACTIVITY		17	0.3989266	0.9254955	0.55791503	0.77118206	1.0	2001	tags=24%, list=10%, signal=26%	
GOBP_MICROTUBULE_POLYMERIZATION_OR_DEPOLYMERIZATION	GOBP_MICROTUBULE_POLYMERIZATION_OR_DEPOLYMERIZATION		127	0.2860776	0.92543715	0.599393	0.7710124	1.0	3698	tags=27%, list=19%, signal=33%	
GOBP_POTASSIUM_ION_EXPORT_ACROSS_PLASMA_MEMBRANE	GOBP_POTASSIUM_ION_EXPORT_ACROSS_PLASMA_MEMBRANE		19	0.39022288	0.92539436	0.5730769	0.7708042	1.0	1724	tags=21%, list=9%, signal=23%	
GOBP_CARDIAC_LEFT_VENTRICLE_MORPHOGENESIS	GOBP_CARDIAC_LEFT_VENTRICLE_MORPHOGENESIS		16	0.40369153	0.92525244	0.5475285	0.770833	1.0	2082	tags=31%, list=11%, signal=35%	
GOBP_NEGATIVE_REGULATION_OF_EPIDERMAL_GROWTH_FACTOR_RECEPTOR_SIGNALING_PATHWAY	GOBP_NEGATIVE_REGULATION_OF_EPIDERMAL_GROWTH_FACTOR_RECEPTOR_SIGNALING_PATHWAY		26	0.37341	0.9246087	0.57326007	0.7720959	1.0	405	tags=8%, list=2%, signal=8%	
GOMF_HISTONE_H3_METHYLTRANSFERASE_ACTIVITY	GOMF_HISTONE_H3_METHYLTRANSFERASE_ACTIVITY		36	0.34507766	0.9238458	0.5826235	0.77358496	1.0	3991	tags=28%, list=21%, signal=35%	
GOBP_REGULATION_OF_PROTEIN_TARGETING_TO_MEMBRANE	GOBP_REGULATION_OF_PROTEIN_TARGETING_TO_MEMBRANE		34	0.3495157	0.92379236	0.5904437	0.7733898	1.0	1752	tags=18%, list=9%, signal=19%	
GOBP_POSITIVE_REGULATION_OF_MACROPHAGE_DERIVED_FOAM_CELL_DIFFERENTIATION	GOBP_POSITIVE_REGULATION_OF_MACROPHAGE_DERIVED_FOAM_CELL_DIFFERENTIATION		18	0.4015977	0.9234896	0.56884056	0.7738346	1.0	3342	tags=39%, list=17%, signal=47%	
GOBP_V_D_J_RECOMBINATION	GOBP_V_D_J_RECOMBINATION		18	0.39492187	0.9232909	0.5687732	0.77403283	1.0	4357	tags=44%, list=22%, signal=57%	
GOBP_BASIC_AMINO_ACID_TRANSPORT	GOBP_BASIC_AMINO_ACID_TRANSPORT		20	0.39371678	0.9228746	0.59168243	0.77470684	1.0	2840	tags=35%, list=15%, signal=41%	
GOBP_CELLULAR_PROCESS_INVOLVED_IN_REPRODUCTION_IN_MULTICELLULAR_ORGANISM	GOBP_CELLULAR_PROCESS_INVOLVED_IN_REPRODUCTION_IN_MULTICELLULAR_ORGANISM		364	0.25419375	0.9220983	0.67984694	0.77620286	1.0	2072	tags=10%, list=11%, signal=11%	
GOCC_VACUOLAR_MEMBRANE	GOCC_VACUOLAR_MEMBRANE		454	0.25080982	0.92207015	0.6906475	0.7759653	1.0	3312	tags=20%, list=17%, signal=24%	
GOMF_CYSTEINE_TYPE_ENDOPEPTIDASE_ACTIVITY	GOMF_CYSTEINE_TYPE_ENDOPEPTIDASE_ACTIVITY		81	0.2978337	0.92201793	0.6	0.7757882	1.0	1500	tags=10%, list=8%, signal=11%	
GOBP_WATER_SOLUBLE_VITAMIN_METABOLIC_PROCESS	GOBP_WATER_SOLUBLE_VITAMIN_METABOLIC_PROCESS		60	0.31449577	0.9216093	0.60771704	0.77639025	1.0	2507	tags=22%, list=13%, signal=25%	
GOBP_PHOSPHATIDYLETHANOLAMINE_METABOLIC_PROCESS	GOBP_PHOSPHATIDYLETHANOLAMINE_METABOLIC_PROCESS		22	0.3861285	0.9206657	0.5733591	0.77833533	1.0	1850	tags=18%, list=10%, signal=20%	
GOBP_REGULATION_OF_MICROTUBULE_POLYMERIZATION	GOBP_REGULATION_OF_MICROTUBULE_POLYMERIZATION		57	0.3117469	0.9203999	0.6016129	0.77867806	1.0	3698	tags=28%, list=19%, signal=35%	
GOBP_MUCOPOLYSACCHARIDE_METABOLIC_PROCESS	GOBP_MUCOPOLYSACCHARIDE_METABOLIC_PROCESS		89	0.2982975	0.92027	0.6217054	0.77868354	1.0	3342	tags=26%, list=17%, signal=31%	
GOBP_POSITIVE_REGULATION_OF_BIOMINERAL_TISSUE_DEVELOPMENT	GOBP_POSITIVE_REGULATION_OF_BIOMINERAL_TISSUE_DEVELOPMENT		50	0.3290552	0.9200714	0.589701	0.7788563	1.0	3095	tags=36%, list=16%, signal=43%	
GOBP_REGULATION_OF_CELLULAR_RESPONSE_TO_INSULIN_STIMULUS	GOBP_REGULATION_OF_CELLULAR_RESPONSE_TO_INSULIN_STIMULUS		71	0.30492496	0.91998273	0.6125402	0.7787731	1.0	1682	tags=14%, list=9%, signal=15%	
GOMF_P53_BINDING	GOMF_P53_BINDING		64	0.3106011	0.9199764	0.59833336	0.7784857	1.0	3846	tags=31%, list=20%, signal=39%	
GOBP_POSITIVE_REGULATION_OF_PROTEIN_LOCALIZATION	GOBP_POSITIVE_REGULATION_OF_PROTEIN_LOCALIZATION		464	0.24918161	0.91894615	0.7092883	0.78062695	1.0	2239	tags=14%, list=12%, signal=16%	
GOBP_CELLULAR_RESPONSE_TO_RETINOIC_ACID	GOBP_CELLULAR_RESPONSE_TO_RETINOIC_ACID		65	0.3145778	0.9189252	0.6105769	0.78036284	1.0	2156	tags=22%, list=11%, signal=24%	
GOBP_POSITIVE_REGULATION_OF_MUSCLE_CELL_APOPTOTIC_PROCESS	GOBP_POSITIVE_REGULATION_OF_MUSCLE_CELL_APOPTOTIC_PROCESS		27	0.36143842	0.9188772	0.5751748	0.78015906	1.0	2224	tags=19%, list=11%, signal=21%	
GOBP_LIPID_STORAGE	GOBP_LIPID_STORAGE		86	0.30134946	0.9188416	0.5948553	0.77992576	1.0	2922	tags=28%, list=15%, signal=33%	
GOBP_HEART_VALVE_DEVELOPMENT	GOBP_HEART_VALVE_DEVELOPMENT		72	0.3030108	0.9188331	0.6025237	0.77963644	1.0	2082	tags=19%, list=11%, signal=22%	
GOBP_ADIPOSE_TISSUE_DEVELOPMENT	GOBP_ADIPOSE_TISSUE_DEVELOPMENT		57	0.31883484	0.9184052	0.59166664	0.7803864	1.0	1911	tags=19%, list=10%, signal=21%	
GOBP_REGULATION_OF_NUCLEOTIDE_METABOLIC_PROCESS	GOBP_REGULATION_OF_NUCLEOTIDE_METABOLIC_PROCESS		83	0.30065763	0.9184031	0.6168224	0.7800825	1.0	3979	tags=27%, list=20%, signal=33%	
GOBP_REGULATION_OF_INSULIN_RECEPTOR_SIGNALING_PATHWAY	GOBP_REGULATION_OF_INSULIN_RECEPTOR_SIGNALING_PATHWAY		66	0.3140932	0.9170714	0.61609906	0.782983	1.0	2029	tags=17%, list=10%, signal=19%	
GOBP_RENAL_TUBULAR_SECRETION	GOBP_RENAL_TUBULAR_SECRETION		19	0.3862326	0.9169672	0.5839416	0.78291434	1.0	1920	tags=26%, list=10%, signal=29%	
GOBP_BLASTODERM_SEGMENTATION	GOBP_BLASTODERM_SEGMENTATION		22	0.37879264	0.9168028	0.5908257	0.7830095	1.0	4126	tags=41%, list=21%, signal=52%	
GOBP_CALCIUM_INDEPENDENT_CELL_CELL_ADHESION_VIA_PLASMA_MEMBRANE_CELL_ADHESION_MOLECULES	GOBP_CALCIUM_INDEPENDENT_CELL_CELL_ADHESION_VIA_PLASMA_MEMBRANE_CELL_ADHESION_MOLECULES		23	0.37422043	0.9167779	0.57624114	0.78276163	1.0	846	tags=9%, list=4%, signal=9%	
GOBP_SMOOTHENED_SIGNALING_PATHWAY	GOBP_SMOOTHENED_SIGNALING_PATHWAY		134	0.27839378	0.9167218	0.62518966	0.7825868	1.0	1165	tags=5%, list=6%, signal=6%	
GOBP_NUCLEOSIDE_TRIPHOSPHATE_METABOLIC_PROCESS	GOBP_NUCLEOSIDE_TRIPHOSPHATE_METABOLIC_PROCESS		228	0.26501647	0.9162118	0.6754271	0.7834989	1.0	4096	tags=29%, list=21%, signal=36%	
GOBP_NEGATIVE_REGULATION_OF_RAS_PROTEIN_SIGNAL_TRANSDUCTION	GOBP_NEGATIVE_REGULATION_OF_RAS_PROTEIN_SIGNAL_TRANSDUCTION		22	0.3862881	0.9161502	0.57548845	0.7833387	1.0	520	tags=9%, list=3%, signal=9%	
GOMF_TRANSMEMBRANE_RECEPTOR_PROTEIN_TYROSINE_KINASE_ACTIVITY	GOMF_TRANSMEMBRANE_RECEPTOR_PROTEIN_TYROSINE_KINASE_ACTIVITY		61	0.3103351	0.9156385	0.60383385	0.7842733	1.0	2955	tags=26%, list=15%, signal=31%	
GOBP_NEURONAL_STEM_CELL_POPULATION_MAINTENANCE	GOBP_NEURONAL_STEM_CELL_POPULATION_MAINTENANCE		24	0.36248085	0.914544	0.569395	0.7865291	1.0	2519	tags=29%, list=13%, signal=33%	
GOBP_INTRACELLULAR_IRON_ION_HOMEOSTASIS	GOBP_INTRACELLULAR_IRON_ION_HOMEOSTASIS		66	0.30666867	0.9144969	0.61538464	0.78633016	1.0	3367	tags=27%, list=17%, signal=33%	
GOBP_NEUROTRANSMITTER_REUPTAKE	GOBP_NEUROTRANSMITTER_REUPTAKE		34	0.34745646	0.9144451	0.5732369	0.7861396	1.0	2348	tags=21%, list=12%, signal=23%	
GOBP_LYMPHANGIOGENESIS	GOBP_LYMPHANGIOGENESIS		18	0.3933657	0.9142601	0.58188826	0.7862706	1.0	3999	tags=44%, list=21%, signal=56%	
GOBP_REGULATION_OF_ATP_DEPENDENT_ACTIVITY	GOBP_REGULATION_OF_ATP_DEPENDENT_ACTIVITY		60	0.31552425	0.91416425	0.59380376	0.786188	1.0	927	tags=10%, list=5%, signal=10%	
GOMF_GATED_CHANNEL_ACTIVITY	GOMF_GATED_CHANNEL_ACTIVITY		307	0.25534332	0.9134675	0.7247119	0.78745615	1.0	1724	tags=10%, list=9%, signal=11%	
GOBP_VASCULAR_ASSOCIATED_SMOOTH_MUSCLE_CONTRACTION	GOBP_VASCULAR_ASSOCIATED_SMOOTH_MUSCLE_CONTRACTION		23	0.37852937	0.9131212	0.57007575	0.7879817	1.0	4468	tags=39%, list=23%, signal=51%	
GOCC_SYNAPTIC_CLEFT	GOCC_SYNAPTIC_CLEFT		22	0.37736902	0.9128115	0.58978873	0.78840286	1.0	3132	tags=27%, list=16%, signal=32%	
GOCC_SARCOPLASM	GOCC_SARCOPLASM		89	0.29109827	0.9127178	0.6126543	0.7883052	1.0	2286	tags=18%, list=12%, signal=20%	
GOBP_REGULATION_OF_GLUCOSE_METABOLIC_PROCESS	GOBP_REGULATION_OF_GLUCOSE_METABOLIC_PROCESS		91	0.2941071	0.9127086	0.6224	0.78802323	1.0	1490	tags=10%, list=8%, signal=11%	
GOBP_ANTIGEN_PROCESSING_AND_PRESENTATION_OF_PEPTIDE_ANTIGEN_VIA_MHC_CLASS_I	GOBP_ANTIGEN_PROCESSING_AND_PRESENTATION_OF_PEPTIDE_ANTIGEN_VIA_MHC_CLASS_I		37	0.3386513	0.912481	0.5915751	0.7882658	1.0	2683	tags=24%, list=14%, signal=28%	
GOMF_GAMMA_TUBULIN_BINDING	GOMF_GAMMA_TUBULIN_BINDING		31	0.34952068	0.9124328	0.60892856	0.78807807	1.0	4082	tags=39%, list=21%, signal=49%	
GOMF_MYOSIN_BINDING	GOMF_MYOSIN_BINDING		72	0.3030498	0.9119743	0.6028708	0.7888489	1.0	2894	tags=24%, list=15%, signal=28%	
GOBP_REGULATION_OF_SMALL_MOLECULE_METABOLIC_PROCESS	GOBP_REGULATION_OF_SMALL_MOLECULE_METABOLIC_PROCESS		298	0.2556468	0.9117197	0.712	0.7891365	1.0	3005	tags=20%, list=15%, signal=23%	
GOBP_NEGATIVE_REGULATION_OF_SECRETION	GOBP_NEGATIVE_REGULATION_OF_SECRETION		160	0.27504495	0.9116928	0.67099565	0.788887	1.0	3029	tags=19%, list=16%, signal=23%	
GOBP_NEGATIVE_REGULATION_OF_AXON_EXTENSION	GOBP_NEGATIVE_REGULATION_OF_AXON_EXTENSION		31	0.34762993	0.9113876	0.5930657	0.78929883	1.0	658	tags=13%, list=3%, signal=13%	
GOMF_RNA_POLYMERASE_II_CORE_PROMOTER_SEQUENCE_SPECIFIC_DNA_BINDING	GOMF_RNA_POLYMERASE_II_CORE_PROMOTER_SEQUENCE_SPECIFIC_DNA_BINDING		17	0.39613298	0.91126245	0.5879017	0.7892815	1.0	213	tags=6%, list=1%, signal=6%	
GOBP_NEUROTRANSMITTER_TRANSPORT	GOBP_NEUROTRANSMITTER_TRANSPORT		204	0.26624793	0.91117495	0.6666667	0.78917724	1.0	1847	tags=14%, list=10%, signal=15%	
GOBP_SEGMENT_SPECIFICATION	GOBP_SEGMENT_SPECIFICATION		16	0.3970385	0.9111289	0.5797101	0.78898245	1.0	621	tags=13%, list=3%, signal=13%	
GOBP_POSITIVE_REGULATION_OF_WNT_SIGNALING_PATHWAY	GOBP_POSITIVE_REGULATION_OF_WNT_SIGNALING_PATHWAY		136	0.27792534	0.911041	0.66091955	0.7888765	1.0	2226	tags=20%, list=11%, signal=22%	
GOBP_DIENCEPHALON_DEVELOPMENT	GOBP_DIENCEPHALON_DEVELOPMENT		81	0.2938915	0.91101694	0.64319247	0.78862274	1.0	2239	tags=14%, list=12%, signal=15%	
GOCC_NUCLEAR_INNER_MEMBRANE	GOCC_NUCLEAR_INNER_MEMBRANE		52	0.31871775	0.9104025	0.6159052	0.78978837	1.0	2984	tags=21%, list=15%, signal=25%	
GOBP_RIBOSE_PHOSPHATE_METABOLIC_PROCESS	GOBP_RIBOSE_PHOSPHATE_METABOLIC_PROCESS		428	0.2477653	0.9102914	0.7153465	0.78973174	1.0	3988	tags=25%, list=21%, signal=31%	
GOBP_HOMEOSTASIS_OF_NUMBER_OF_CELLS_WITHIN_A_TISSUE	GOBP_HOMEOSTASIS_OF_NUMBER_OF_CELLS_WITHIN_A_TISSUE		36	0.3403122	0.90992373	0.6136364	0.7902853	1.0	2239	tags=28%, list=12%, signal=31%	
GOBP_AMYLOID_BETA_CLEARANCE	GOBP_AMYLOID_BETA_CLEARANCE		36	0.34860134	0.90969366	0.60254085	0.7905413	1.0	3019	tags=36%, list=16%, signal=43%	
GOBP_GASTRULATION_WITH_MOUTH_FORMING_SECOND	GOBP_GASTRULATION_WITH_MOUTH_FORMING_SECOND		26	0.36526692	0.90952134	0.60146254	0.79063016	1.0	4088	tags=31%, list=21%, signal=39%	
GOCC_TRANSCRIPTION_REGULATOR_COMPLEX	GOCC_TRANSCRIPTION_REGULATOR_COMPLEX		487	0.24741551	0.9094847	0.755716	0.7904139	1.0	2742	tags=15%, list=14%, signal=17%	
GOBP_ADULT_LOCOMOTORY_BEHAVIOR	GOBP_ADULT_LOCOMOTORY_BEHAVIOR		79	0.29695895	0.9094536	0.60967743	0.7901719	1.0	2933	tags=22%, list=15%, signal=25%	
GOCC_CYTOPLASMIC_STRESS_GRANULE	GOCC_CYTOPLASMIC_STRESS_GRANULE		89	0.29080755	0.9094086	0.64953274	0.78997356	1.0	3590	tags=24%, list=18%, signal=29%	
GOBP_LIPID_IMPORT_INTO_CELL	GOBP_LIPID_IMPORT_INTO_CELL		20	0.38053697	0.90935194	0.5830258	0.789793	1.0	2175	tags=35%, list=11%, signal=39%	
GOBP_VITAMIN_CATABOLIC_PROCESS	GOBP_VITAMIN_CATABOLIC_PROCESS		15	0.40110067	0.909037	0.58480567	0.79022473	1.0	140	tags=7%, list=1%, signal=7%	
GOMF_MONOATOMIC_CATION_CHANNEL_ACTIVITY	GOMF_MONOATOMIC_CATION_CHANNEL_ACTIVITY		303	0.25511062	0.9089421	0.6967005	0.7901333	1.0	1724	tags=10%, list=9%, signal=11%	
GOBP_POSITIVE_REGULATION_OF_INTRACELLULAR_PROTEIN_TRANSPORT	GOBP_POSITIVE_REGULATION_OF_INTRACELLULAR_PROTEIN_TRANSPORT		92	0.29111454	0.9080422	0.63846153	0.791973	1.0	2413	tags=18%, list=12%, signal=21%	
GOMF_PROTEIN_HETERODIMERIZATION_ACTIVITY	GOMF_PROTEIN_HETERODIMERIZATION_ACTIVITY		244	0.2568925	0.907996	0.6888889	0.7917721	1.0	3212	tags=20%, list=17%, signal=24%	
GOMF_CYCLIC_NUCLEOTIDE_PHOSPHODIESTERASE_ACTIVITY	GOMF_CYCLIC_NUCLEOTIDE_PHOSPHODIESTERASE_ACTIVITY		26	0.36073977	0.9076297	0.5931559	0.7923017	1.0	3145	tags=27%, list=16%, signal=32%	
GOBP_RETINA_VASCULATURE_DEVELOPMENT_IN_CAMERA_TYPE_EYE	GOBP_RETINA_VASCULATURE_DEVELOPMENT_IN_CAMERA_TYPE_EYE		20	0.39782026	0.9073089	0.6084559	0.7927267	1.0	3005	tags=40%, list=15%, signal=47%	
GOBP_REGULATION_OF_PEPTIDE_TRANSPORT	GOBP_REGULATION_OF_PEPTIDE_TRANSPORT		190	0.26524422	0.90725714	0.6920943	0.79255027	1.0	2174	tags=14%, list=11%, signal=15%	
GOMF_ACYLGLYCEROL_O_ACYLTRANSFERASE_ACTIVITY	GOMF_ACYLGLYCEROL_O_ACYLTRANSFERASE_ACTIVITY		29	0.35630345	0.90713286	0.59205776	0.79253316	1.0	2070	tags=21%, list=11%, signal=23%	
GOBP_NEGATIVE_REGULATION_OF_PROTEOLYSIS	GOBP_NEGATIVE_REGULATION_OF_PROTEOLYSIS		209	0.26270863	0.90658706	0.6890411	0.793514	1.0	2368	tags=16%, list=12%, signal=18%	
GOMF_POLYPEPTIDE_N_ACETYLGALACTOSAMINYLTRANSFERASE_ACTIVITY	GOMF_POLYPEPTIDE_N_ACETYLGALACTOSAMINYLTRANSFERASE_ACTIVITY		18	0.38709953	0.9061633	0.6066176	0.79423183	1.0	3052	tags=39%, list=16%, signal=46%	
GOBP_REGULATION_OF_POSTSYNAPTIC_MEMBRANE_NEUROTRANSMITTER_RECEPTOR_LEVELS	GOBP_REGULATION_OF_POSTSYNAPTIC_MEMBRANE_NEUROTRANSMITTER_RECEPTOR_LEVELS		91	0.29295412	0.90572906	0.6348228	0.7949448	1.0	2658	tags=18%, list=14%, signal=20%	
GOBP_POSITIVE_REGULATION_OF_POTASSIUM_ION_TRANSMEMBRANE_TRANSPORT	GOBP_POSITIVE_REGULATION_OF_POTASSIUM_ION_TRANSMEMBRANE_TRANSPORT		34	0.34524095	0.90568995	0.58467025	0.7947322	1.0	1724	tags=15%, list=9%, signal=16%	
GOBP_CHROMOSOME_ORGANIZATION_INVOLVED_IN_MEIOTIC_CELL_CYCLE	GOBP_CHROMOSOME_ORGANIZATION_INVOLVED_IN_MEIOTIC_CELL_CYCLE		55	0.31389502	0.9056305	0.6260297	0.79455996	1.0	2572	tags=11%, list=13%, signal=13%	
GOBP_REGULATION_OF_PROTEIN_POLYUBIQUITINATION	GOBP_REGULATION_OF_PROTEIN_POLYUBIQUITINATION		24	0.36957285	0.9047378	0.58064514	0.79635525	1.0	2442	tags=21%, list=13%, signal=24%	
GOBP_POSITIVE_REGULATION_OF_ERBB_SIGNALING_PATHWAY	GOBP_POSITIVE_REGULATION_OF_ERBB_SIGNALING_PATHWAY		30	0.3510021	0.90351397	0.6003521	0.7989022	1.0	1942	tags=17%, list=10%, signal=18%	
GOCC_NEURON_PROJECTION_TERMINUS	GOCC_NEURON_PROJECTION_TERMINUS		124	0.27748603	0.90253735	0.65430266	0.8008761	1.0	1347	tags=10%, list=7%, signal=11%	
GOBP_CELLULAR_RESPONSE_TO_ANGIOTENSIN	GOBP_CELLULAR_RESPONSE_TO_ANGIOTENSIN		33	0.34226874	0.9022048	0.60215056	0.80132633	1.0	1714	tags=15%, list=9%, signal=17%	
GOCC_TRANS_GOLGI_NETWORK	GOCC_TRANS_GOLGI_NETWORK		242	0.2589049	0.90208435	0.7161804	0.80129164	1.0	1854	tags=14%, list=10%, signal=15%	
GOBP_REGULATION_OF_SYSTEMIC_ARTERIAL_BLOOD_PRESSURE_BY_CIRCULATORY_RENIN_ANGIOTENSIN	GOBP_REGULATION_OF_SYSTEMIC_ARTERIAL_BLOOD_PRESSURE_BY_CIRCULATORY_RENIN_ANGIOTENSIN		18	0.3886716	0.9018639	0.60465115	0.8014842	1.0	1186	tags=17%, list=6%, signal=18%	
GOBP_BLOOD_VESSEL_ENDOTHELIAL_CELL_PROLIFERATION_INVOLVED_IN_SPROUTING_ANGIOGENESIS	GOBP_BLOOD_VESSEL_ENDOTHELIAL_CELL_PROLIFERATION_INVOLVED_IN_SPROUTING_ANGIOGENESIS		22	0.37285337	0.9018265	0.6031128	0.80125374	1.0	2166	tags=23%, list=11%, signal=26%	
GOBP_CELL_AGGREGATION	GOBP_CELL_AGGREGATION		22	0.37079954	0.9017878	0.590991	0.801037	1.0	1616	tags=18%, list=8%, signal=20%	
GOBP_POSITIVE_REGULATION_OF_INSULIN_SECRETION_INVOLVED_IN_CELLULAR_RESPONSE_TO_GLUCOSE_STIMULUS	GOBP_POSITIVE_REGULATION_OF_INSULIN_SECRETION_INVOLVED_IN_CELLULAR_RESPONSE_TO_GLUCOSE_STIMULUS		30	0.35395345	0.90066326	0.61646235	0.8034029	1.0	3603	tags=20%, list=19%, signal=25%	
GOMF_BMP_BINDING	GOMF_BMP_BINDING		18	0.39360133	0.9004055	0.59659094	0.8036799	1.0	3325	tags=39%, list=17%, signal=47%	
GOBP_REGULATION_OF_AUTOPHAGY	GOBP_REGULATION_OF_AUTOPHAGY		344	0.25039256	0.8999839	0.74517375	0.80433846	1.0	3449	tags=19%, list=18%, signal=23%	
GOBP_REGULATION_OF_GLYCOGEN_BIOSYNTHETIC_PROCESS	GOBP_REGULATION_OF_GLYCOGEN_BIOSYNTHETIC_PROCESS		24	0.36044192	0.899982	0.6159844	0.80403334	1.0	2029	tags=17%, list=10%, signal=19%	
GOBP_LOCOMOTORY_BEHAVIOR	GOBP_LOCOMOTORY_BEHAVIOR		197	0.26240617	0.8998717	0.71174866	0.80398095	1.0	3010	tags=20%, list=15%, signal=23%	
GOBP_NEGATIVE_REGULATION_OF_VIRAL_PROCESS	GOBP_NEGATIVE_REGULATION_OF_VIRAL_PROCESS		85	0.29352164	0.8998103	0.64893615	0.8038017	1.0	2187	tags=16%, list=11%, signal=18%	
GOBP_BONE_CELL_DEVELOPMENT	GOBP_BONE_CELL_DEVELOPMENT		18	0.37962872	0.89834803	0.5960396	0.8068173	1.0	2585	tags=28%, list=13%, signal=32%	
GOMF_PHOSPHOLIPID_TRANSFER_ACTIVITY	GOMF_PHOSPHOLIPID_TRANSFER_ACTIVITY		22	0.3678337	0.8980986	0.5947955	0.8070711	1.0	3090	tags=27%, list=16%, signal=32%	
GOBP_CEREBELLAR_PURKINJE_CELL_LAYER_MORPHOGENESIS	GOBP_CEREBELLAR_PURKINJE_CELL_LAYER_MORPHOGENESIS		17	0.3891009	0.8964895	0.6041276	0.81050336	1.0	1605	tags=24%, list=8%, signal=26%	
GOBP_POSITIVE_REGULATION_OF_AUTOPHAGY_OF_MITOCHONDRION	GOBP_POSITIVE_REGULATION_OF_AUTOPHAGY_OF_MITOCHONDRION		15	0.4065658	0.8961115	0.60749507	0.81107104	1.0	3087	tags=33%, list=16%, signal=40%	
GOCC_SARCOPLASMIC_RETICULUM	GOCC_SARCOPLASMIC_RETICULUM		70	0.29857692	0.89600533	0.6416	0.810994	1.0	2286	tags=19%, list=12%, signal=21%	
GOBP_CELLULAR_RESPONSE_TO_INSULIN_STIMULUS	GOBP_CELLULAR_RESPONSE_TO_INSULIN_STIMULUS		202	0.25852066	0.89556736	0.7367668	0.8116899	1.0	2678	tags=18%, list=14%, signal=20%	
GOMF_HSP70_PROTEIN_BINDING	GOMF_HSP70_PROTEIN_BINDING		48	0.31893873	0.89517885	0.6151203	0.8122601	1.0	434	tags=8%, list=2%, signal=9%	
GOBP_RESPONSE_TO_LEUKEMIA_INHIBITORY_FACTOR	GOBP_RESPONSE_TO_LEUKEMIA_INHIBITORY_FACTOR		96	0.2853995	0.89490753	0.66049385	0.812568	1.0	2072	tags=16%, list=11%, signal=17%	
GOBP_CELLULAR_RESPONSE_TO_FLUID_SHEAR_STRESS	GOBP_CELLULAR_RESPONSE_TO_FLUID_SHEAR_STRESS		19	0.38391444	0.894476	0.61142856	0.8132819	1.0	1997	tags=21%, list=10%, signal=23%	
GOBP_REGULATION_OF_ATP_METABOLIC_PROCESS	GOBP_REGULATION_OF_ATP_METABOLIC_PROCESS		65	0.30446497	0.8942821	0.64906305	0.8134249	1.0	3979	tags=26%, list=20%, signal=33%	
GOBP_FOREBRAIN_NEURON_DIFFERENTIATION	GOBP_FOREBRAIN_NEURON_DIFFERENTIATION		41	0.32528546	0.8938875	0.61736333	0.8140327	1.0	1994	tags=22%, list=10%, signal=24%	
GOMF_NEUROPEPTIDE_RECEPTOR_ACTIVITY	GOMF_NEUROPEPTIDE_RECEPTOR_ACTIVITY		47	0.3186021	0.8936254	0.6220339	0.81433916	1.0	353	tags=4%, list=2%, signal=4%	
GOBP_NON_CANONICAL_WNT_SIGNALING_PATHWAY	GOBP_NON_CANONICAL_WNT_SIGNALING_PATHWAY		69	0.29818097	0.8929803	0.6384743	0.8154948	1.0	2915	tags=22%, list=15%, signal=25%	
GOMF_PHOSPHATIDYLINOSITOL_KINASE_ACTIVITY	GOMF_PHOSPHATIDYLINOSITOL_KINASE_ACTIVITY		25	0.3538222	0.8924924	0.61552346	0.8162632	1.0	1981	tags=20%, list=10%, signal=22%	
GOBP_NEGATIVE_REGULATION_OF_POTASSIUM_ION_TRANSPORT	GOBP_NEGATIVE_REGULATION_OF_POTASSIUM_ION_TRANSPORT		28	0.35268664	0.8922376	0.6098901	0.8165435	1.0	2823	tags=32%, list=15%, signal=38%	
GOBP_PIGMENT_METABOLIC_PROCESS	GOBP_PIGMENT_METABOLIC_PROCESS		75	0.2973346	0.8918765	0.64705884	0.817096	1.0	2774	tags=20%, list=14%, signal=23%	
GOCC_POSTSYNAPTIC_MEMBRANE	GOCC_POSTSYNAPTIC_MEMBRANE		269	0.25306305	0.8917954	0.7309237	0.81695706	1.0	3777	tags=23%, list=19%, signal=28%	
GOBP_REGULATION_OF_BICELLULAR_TIGHT_JUNCTION_ASSEMBLY	GOBP_REGULATION_OF_BICELLULAR_TIGHT_JUNCTION_ASSEMBLY		21	0.3655582	0.8914901	0.6149533	0.8173549	1.0	2166	tags=29%, list=11%, signal=32%	
GOBP_REGULATION_OF_MITOCHONDRIAL_FISSION	GOBP_REGULATION_OF_MITOCHONDRIAL_FISSION		27	0.3550382	0.89144	0.60103625	0.8171632	1.0	2224	tags=22%, list=11%, signal=25%	
GOBP_NEGATIVE_REGULATION_OF_MONONUCLEAR_CELL_MIGRATION	GOBP_NEGATIVE_REGULATION_OF_MONONUCLEAR_CELL_MIGRATION		28	0.35446447	0.89137083	0.6131907	0.8170194	1.0	2308	tags=29%, list=12%, signal=32%	
GOBP_BLOOD_COAGULATION_FIBRIN_CLOT_FORMATION	GOBP_BLOOD_COAGULATION_FIBRIN_CLOT_FORMATION		16	0.39283457	0.89116424	0.5933852	0.8171731	1.0	1645	tags=25%, list=8%, signal=27%	
GOMF_STRUCTURAL_CONSTITUENT_OF_POSTSYNAPSE	GOMF_STRUCTURAL_CONSTITUENT_OF_POSTSYNAPSE		17	0.38738272	0.891019	0.63056093	0.817192	1.0	3612	tags=24%, list=19%, signal=29%	
GOBP_EMBRYONIC_ORGAN_MORPHOGENESIS	GOBP_EMBRYONIC_ORGAN_MORPHOGENESIS		290	0.2522869	0.89100426	0.76719576	0.8169106	1.0	3005	tags=18%, list=15%, signal=21%	
GOBP_POSITIVE_REGULATION_OF_MESENCHYMAL_CELL_PROLIFERATION	GOBP_POSITIVE_REGULATION_OF_MESENCHYMAL_CELL_PROLIFERATION		24	0.36227918	0.89093137	0.61376673	0.81677556	1.0	4125	tags=42%, list=21%, signal=53%	
GOMF_LONG_CHAIN_FATTY_ACID_COA_LIGASE_ACTIVITY	GOMF_LONG_CHAIN_FATTY_ACID_COA_LIGASE_ACTIVITY		15	0.3941766	0.89089656	0.5902256	0.81654096	1.0	3414	tags=40%, list=18%, signal=48%	
GOBP_REGULATION_OF_RUFFLE_ASSEMBLY	GOBP_REGULATION_OF_RUFFLE_ASSEMBLY		31	0.34447652	0.89079165	0.6247756	0.8164638	1.0	2983	tags=29%, list=15%, signal=34%	
GOBP_MULTICELLULAR_ORGANISMAL_LEVEL_CHEMICAL_HOMEOSTASIS	GOBP_MULTICELLULAR_ORGANISMAL_LEVEL_CHEMICAL_HOMEOSTASIS		75	0.29808232	0.89054346	0.6935484	0.8167123	1.0	3367	tags=29%, list=17%, signal=35%	
GOBP_REGULATION_OF_NEUROTRANSMITTER_TRANSPORT	GOBP_REGULATION_OF_NEUROTRANSMITTER_TRANSPORT		96	0.28469694	0.89013606	0.6728395	0.8173483	1.0	2348	tags=17%, list=12%, signal=19%	
GOBP_POSITIVE_REGULATION_OF_PHOSPHOPROTEIN_PHOSPHATASE_ACTIVITY	GOBP_POSITIVE_REGULATION_OF_PHOSPHOPROTEIN_PHOSPHATASE_ACTIVITY		17	0.38486105	0.889721	0.6099291	0.81798875	1.0	2303	tags=18%, list=12%, signal=20%	
GOMF_RNA_POLYMERASE_II_SPECIFIC_DNA_BINDING_TRANSCRIPTION_FACTOR_BINDING	GOMF_RNA_POLYMERASE_II_SPECIFIC_DNA_BINDING_TRANSCRIPTION_FACTOR_BINDING		334	0.24815938	0.88955015	0.7582697	0.8180641	1.0	3005	tags=16%, list=15%, signal=19%	
GOBP_REGULATION_OF_MUSCLE_TISSUE_DEVELOPMENT	GOBP_REGULATION_OF_MUSCLE_TISSUE_DEVELOPMENT		43	0.31700447	0.8894703	0.6318328	0.8179337	1.0	3222	tags=28%, list=17%, signal=33%	
GOBP_POSITIVE_REGULATION_OF_EPIDERMIS_DEVELOPMENT	GOBP_POSITIVE_REGULATION_OF_EPIDERMIS_DEVELOPMENT		26	0.35656884	0.8893027	0.59165156	0.8180018	1.0	3308	tags=35%, list=17%, signal=42%	
GOBP_POSITIVE_REGULATION_OF_PROTEIN_TARGETING_TO_MEMBRANE	GOBP_POSITIVE_REGULATION_OF_PROTEIN_TARGETING_TO_MEMBRANE		28	0.34641823	0.8892704	0.6193896	0.8177634	1.0	1752	tags=18%, list=9%, signal=20%	
GOBP_GLOMERULAR_MESANGIUM_DEVELOPMENT	GOBP_GLOMERULAR_MESANGIUM_DEVELOPMENT		17	0.39251232	0.8888872	0.61710036	0.81831634	1.0	2678	tags=47%, list=14%, signal=55%	
GOBP_REGULATION_OF_PROTEIN_SUMOYLATION	GOBP_REGULATION_OF_PROTEIN_SUMOYLATION		24	0.35710934	0.8886074	0.6455696	0.81863326	1.0	608	tags=8%, list=3%, signal=9%	
GOBP_NEGATIVE_REGULATION_OF_INTRINSIC_APOPTOTIC_SIGNALING_PATHWAY	GOBP_NEGATIVE_REGULATION_OF_INTRINSIC_APOPTOTIC_SIGNALING_PATHWAY		98	0.28317186	0.88848776	0.676783	0.8185945	1.0	3241	tags=22%, list=17%, signal=27%	
GOBP_POSITIVE_REGULATION_OF_ATP_DEPENDENT_ACTIVITY	GOBP_POSITIVE_REGULATION_OF_ATP_DEPENDENT_ACTIVITY		38	0.32413492	0.88847363	0.63097197	0.8183137	1.0	927	tags=11%, list=5%, signal=11%	
GOBP_REGULATION_OF_EXTRINSIC_APOPTOTIC_SIGNALING_PATHWAY_VIA_DEATH_DOMAIN_RECEPTORS	GOBP_REGULATION_OF_EXTRINSIC_APOPTOTIC_SIGNALING_PATHWAY_VIA_DEATH_DOMAIN_RECEPTORS		46	0.3218825	0.88845545	0.64025354	0.81804067	1.0	1959	tags=17%, list=10%, signal=19%	
GOBP_MITOCHONDRION_LOCALIZATION	GOBP_MITOCHONDRION_LOCALIZATION		51	0.3122912	0.88825446	0.638796	0.81820923	1.0	3535	tags=27%, list=18%, signal=33%	
GOMF_MONOATOMIC_ANION_SODIUM_SYMPORTER_ACTIVITY	GOMF_MONOATOMIC_ANION_SODIUM_SYMPORTER_ACTIVITY		18	0.37814194	0.888033	0.609009	0.81840956	1.0	1940	tags=17%, list=10%, signal=18%	
GOBP_SALIVARY_GLAND_DEVELOPMENT	GOBP_SALIVARY_GLAND_DEVELOPMENT		36	0.3396306	0.8877588	0.6447602	0.8187216	1.0	4073	tags=44%, list=21%, signal=56%	
GOMF_2_OXOGLUTARATE_DEPENDENT_DIOXYGENASE_ACTIVITY	GOMF_2_OXOGLUTARATE_DEPENDENT_DIOXYGENASE_ACTIVITY		51	0.31157544	0.8873217	0.6310345	0.81942457	1.0	1825	tags=18%, list=9%, signal=19%	
GOBP_REGULATION_OF_POTASSIUM_ION_TRANSPORT	GOBP_REGULATION_OF_POTASSIUM_ION_TRANSPORT		91	0.28484005	0.88696784	0.66616315	0.8199096	1.0	2823	tags=20%, list=15%, signal=23%	
GOCC_RNA_POLYMERASE_II_TRANSCRIPTION_REPRESSOR_COMPLEX	GOCC_RNA_POLYMERASE_II_TRANSCRIPTION_REPRESSOR_COMPLEX		15	0.38653335	0.8868333	0.6151079	0.8199241	1.0	2020	tags=27%, list=10%, signal=30%	
GOBP_VASODILATION	GOBP_VASODILATION		48	0.31290713	0.8867994	0.61624205	0.81968623	1.0	2893	tags=25%, list=15%, signal=29%	
GOBP_POSITIVE_REGULATION_OF_BINDING	GOBP_POSITIVE_REGULATION_OF_BINDING		102	0.28329596	0.8865044	0.67159766	0.82005525	1.0	1662	tags=15%, list=9%, signal=16%	
GOCC_LATE_ENDOSOME	GOCC_LATE_ENDOSOME		291	0.2509496	0.8864739	0.762516	0.81980973	1.0	3174	tags=20%, list=16%, signal=24%	
GOBP_REGULATION_OF_GLUCONEOGENESIS	GOBP_REGULATION_OF_GLUCONEOGENESIS		45	0.3196284	0.88623667	0.6660959	0.820025	1.0	1490	tags=11%, list=8%, signal=12%	
GOBP_NEGATIVE_REGULATION_OF_AMINE_TRANSPORT	GOBP_NEGATIVE_REGULATION_OF_AMINE_TRANSPORT		27	0.35191977	0.8861637	0.6271777	0.81988615	1.0	2708	tags=22%, list=14%, signal=26%	
GOMF_ENDOPEPTIDASE_ACTIVATOR_ACTIVITY	GOMF_ENDOPEPTIDASE_ACTIVATOR_ACTIVITY		18	0.3814581	0.88599443	0.6173285	0.8199367	1.0	2594	tags=28%, list=13%, signal=32%	
GOBP_EXCRETION	GOBP_EXCRETION		28	0.35220155	0.8859725	0.631016	0.8196778	1.0	1920	tags=21%, list=10%, signal=24%	
GOBP_MODULATION_BY_HOST_OF_SYMBIONT_PROCESS	GOBP_MODULATION_BY_HOST_OF_SYMBIONT_PROCESS		82	0.28671715	0.88561904	0.6493109	0.82016575	1.0	1850	tags=13%, list=10%, signal=15%	
GOBP_LUNG_EPITHELIUM_DEVELOPMENT	GOBP_LUNG_EPITHELIUM_DEVELOPMENT		44	0.31891167	0.8855872	0.65916955	0.8199359	1.0	2327	tags=23%, list=12%, signal=26%	
GOMF_SIGNALING_RECEPTOR_COMPLEX_ADAPTOR_ACTIVITY	GOMF_SIGNALING_RECEPTOR_COMPLEX_ADAPTOR_ACTIVITY		50	0.31520376	0.88518625	0.66392094	0.8205319	1.0	4084	tags=38%, list=21%, signal=48%	
GOBP_NEGATIVE_REGULATION_OF_NEURON_APOPTOTIC_PROCESS	GOBP_NEGATIVE_REGULATION_OF_NEURON_APOPTOTIC_PROCESS		155	0.26713693	0.88498175	0.70353985	0.82068133	1.0	2205	tags=15%, list=11%, signal=17%	
GOMF_METHYL_CPG_BINDING	GOMF_METHYL_CPG_BINDING		27	0.34901628	0.88481516	0.620438	0.8207744	1.0	83	tags=4%, list=0%, signal=4%	
GOBP_CALCIUM_ION_TRANSPORT_INTO_CYTOSOL	GOBP_CALCIUM_ION_TRANSPORT_INTO_CYTOSOL		26	0.35444042	0.8847915	0.61737525	0.8205172	1.0	5157	tags=42%, list=27%, signal=58%	
GOMF_ALPHA_TUBULIN_BINDING	GOMF_ALPHA_TUBULIN_BINDING		37	0.3321102	0.88401175	0.6624549	0.8219787	1.0	2692	tags=19%, list=14%, signal=22%	
GOBP_REGULATION_OF_INTRINSIC_APOPTOTIC_SIGNALING_PATHWAY	GOBP_REGULATION_OF_INTRINSIC_APOPTOTIC_SIGNALING_PATHWAY		165	0.2629719	0.8836764	0.74618584	0.82242113	1.0	3662	tags=25%, list=19%, signal=31%	
GOCC_EXTRINSIC_COMPONENT_OF_CYTOPLASMIC_SIDE_OF_PLASMA_MEMBRANE	GOCC_EXTRINSIC_COMPONENT_OF_CYTOPLASMIC_SIDE_OF_PLASMA_MEMBRANE		47	0.3142732	0.88367	0.6557093	0.8221244	1.0	3368	tags=32%, list=17%, signal=39%	
GOBP_EMBRYONIC_SKELETAL_SYSTEM_DEVELOPMENT	GOBP_EMBRYONIC_SKELETAL_SYSTEM_DEVELOPMENT		124	0.2732205	0.8835988	0.6975037	0.8219763	1.0	2990	tags=17%, list=15%, signal=20%	
GOMF_INSULIN_RECEPTOR_BINDING	GOMF_INSULIN_RECEPTOR_BINDING		22	0.3675561	0.88350075	0.62300885	0.821887	1.0	2029	tags=18%, list=10%, signal=20%	
GOBP_REGULATION_OF_ISOTYPE_SWITCHING	GOBP_REGULATION_OF_ISOTYPE_SWITCHING		34	0.33506238	0.88268155	0.6218638	0.8234255	1.0	3020	tags=24%, list=16%, signal=28%	
GOBP_CHAPERONE_COFACTOR_DEPENDENT_PROTEIN_REFOLDING	GOBP_CHAPERONE_COFACTOR_DEPENDENT_PROTEIN_REFOLDING		31	0.3417537	0.88255495	0.62654865	0.8233966	1.0	3791	tags=35%, list=20%, signal=44%	
GOMF_DNA_ENDONUCLEASE_ACTIVITY	GOMF_DNA_ENDONUCLEASE_ACTIVITY		39	0.32872838	0.8824653	0.6439523	0.8232883	1.0	1983	tags=10%, list=10%, signal=11%	
GOBP_POSITIVE_REGULATION_OF_MICROTUBULE_POLYMERIZATION_OR_DEPOLYMERIZATION	GOBP_POSITIVE_REGULATION_OF_MICROTUBULE_POLYMERIZATION_OR_DEPOLYMERIZATION		34	0.33215368	0.8816405	0.63603604	0.8248382	1.0	3610	tags=26%, list=19%, signal=32%	
GOBP_GLYCOLIPID_CATABOLIC_PROCESS	GOBP_GLYCOLIPID_CATABOLIC_PROCESS		22	0.36999637	0.8810296	0.61748636	0.8259678	1.0	2412	tags=23%, list=12%, signal=26%	
GOBP_POSITIVE_REGULATION_OF_T_HELPER_17_TYPE_IMMUNE_RESPONSE	GOBP_POSITIVE_REGULATION_OF_T_HELPER_17_TYPE_IMMUNE_RESPONSE		19	0.38212234	0.8807449	0.61764705	0.8263069	1.0	2553	tags=21%, list=13%, signal=24%	
GOBP_MONOATOMIC_ANION_TRANSPORT	GOBP_MONOATOMIC_ANION_TRANSPORT		165	0.26386324	0.8803907	0.724595	0.82681704	1.0	2132	tags=12%, list=11%, signal=14%	
GOCC_CLATHRIN_COATED_PIT	GOCC_CLATHRIN_COATED_PIT		74	0.29028872	0.8800872	0.67408586	0.8271658	1.0	3521	tags=28%, list=18%, signal=35%	
GOBP_REGULATION_OF_ERBB_SIGNALING_PATHWAY	GOBP_REGULATION_OF_ERBB_SIGNALING_PATHWAY		68	0.29358357	0.87969214	0.6710311	0.82773936	1.0	3374	tags=21%, list=17%, signal=25%	
GOBP_REGULATION_OF_SMOOTHENED_SIGNALING_PATHWAY	GOBP_REGULATION_OF_SMOOTHENED_SIGNALING_PATHWAY		78	0.2911547	0.8796327	0.664557	0.82756585	1.0	23	tags=3%, list=0%, signal=3%	
GOBP_REGULATION_OF_PROTEIN_IMPORT_INTO_NUCLEUS	GOBP_REGULATION_OF_PROTEIN_IMPORT_INTO_NUCLEUS		58	0.3054037	0.8795568	0.68296796	0.8274203	1.0	1764	tags=19%, list=9%, signal=21%	
GOBP_MORPHOGENESIS_OF_AN_ENDOTHELIUM	GOBP_MORPHOGENESIS_OF_AN_ENDOTHELIUM		16	0.38653922	0.87933457	0.6208897	0.82760924	1.0	2846	tags=38%, list=15%, signal=44%	
GOBP_VITAMIN_METABOLIC_PROCESS	GOBP_VITAMIN_METABOLIC_PROCESS		111	0.2700446	0.8792507	0.7248428	0.8274962	1.0	3058	tags=23%, list=16%, signal=27%	
GOMF_KINESIN_BINDING	GOMF_KINESIN_BINDING		39	0.32361227	0.87878764	0.6552901	0.828213	1.0	1566	tags=15%, list=8%, signal=17%	
GOBP_TRIGLYCERIDE_METABOLIC_PROCESS	GOBP_TRIGLYCERIDE_METABOLIC_PROCESS		101	0.27776167	0.8784901	0.6952381	0.828556	1.0	1630	tags=15%, list=8%, signal=16%	
GOBP_QUATERNARY_AMMONIUM_GROUP_TRANSPORT	GOBP_QUATERNARY_AMMONIUM_GROUP_TRANSPORT		18	0.3833841	0.8783817	0.6507092	0.8284976	1.0	1691	tags=17%, list=9%, signal=18%	
GOBP_REGULATION_OF_NUCLEOTIDE_CATABOLIC_PROCESS	GOBP_REGULATION_OF_NUCLEOTIDE_CATABOLIC_PROCESS		50	0.31364122	0.8783167	0.641196	0.8283302	1.0	3979	tags=24%, list=20%, signal=30%	
GOBP_MEIOTIC_CHROMOSOME_SEGREGATION	GOBP_MEIOTIC_CHROMOSOME_SEGREGATION		80	0.28543758	0.8779487	0.6886792	0.8288373	1.0	3163	tags=16%, list=16%, signal=19%	
GOMF_OXIDOREDUCTASE_ACTIVITY_ACTING_ON_SINGLE_DONORS_WITH_INCORPORATION_OF_MOLECULAR_OXYGEN	GOMF_OXIDOREDUCTASE_ACTIVITY_ACTING_ON_SINGLE_DONORS_WITH_INCORPORATION_OF_MOLECULAR_OXYGEN		25	0.35566548	0.8777639	0.63461536	0.8289255	1.0	1702	tags=24%, list=9%, signal=26%	
GOBP_RESPONSE_TO_MURAMYL_DIPEPTIDE	GOBP_RESPONSE_TO_MURAMYL_DIPEPTIDE		20	0.36880556	0.87748194	0.6	0.82925326	1.0	3683	tags=40%, list=19%, signal=49%	
GOBP_DEPHOSPHORYLATION	GOBP_DEPHOSPHORYLATION		258	0.2495329	0.8766939	0.7802341	0.83070564	1.0	2986	tags=19%, list=15%, signal=22%	
GOBP_POSITIVE_REGULATION_OF_BLOOD_CIRCULATION	GOBP_POSITIVE_REGULATION_OF_BLOOD_CIRCULATION		35	0.32644352	0.87661207	0.63484085	0.83058	1.0	1911	tags=17%, list=10%, signal=19%	
GOBP_NEGATIVE_REGULATION_OF_REACTIVE_OXYGEN_SPECIES_METABOLIC_PROCESS	GOBP_NEGATIVE_REGULATION_OF_REACTIVE_OXYGEN_SPECIES_METABOLIC_PROCESS		41	0.3187414	0.8765778	0.6384743	0.8303385	1.0	3300	tags=24%, list=17%, signal=29%	
GOBP_REGULATION_OF_SYNAPTIC_TRANSMISSION_GABAERGIC	GOBP_REGULATION_OF_SYNAPTIC_TRANSMISSION_GABAERGIC		33	0.33418894	0.8762947	0.6362007	0.8306839	1.0	2208	tags=15%, list=11%, signal=17%	
GOBP_NUCLEAR_TRANSPORT	GOBP_NUCLEAR_TRANSPORT		315	0.24557087	0.87603503	0.7923784	0.8309597	1.0	2381	tags=14%, list=12%, signal=15%	
GOBP_REGULATION_OF_CELLULAR_CATABOLIC_PROCESS	GOBP_REGULATION_OF_CELLULAR_CATABOLIC_PROCESS		432	0.23976657	0.8758023	0.82822084	0.8311445	1.0	3005	tags=16%, list=15%, signal=19%	
GOBP_SODIUM_ION_HOMEOSTASIS	GOBP_SODIUM_ION_HOMEOSTASIS		46	0.31298995	0.8754912	0.6547812	0.8315033	1.0	1940	tags=20%, list=10%, signal=22%	
GOBP_SLEEP	GOBP_SLEEP		22	0.3583242	0.87527865	0.62171626	0.8316551	1.0	3395	tags=23%, list=17%, signal=28%	
GOBP_CILIUM_MOVEMENT	GOBP_CILIUM_MOVEMENT		172	0.25945488	0.8751813	0.7361878	0.83155984	1.0	1904	tags=11%, list=10%, signal=12%	
GOBP_AMINO_ACID_BIOSYNTHETIC_PROCESS	GOBP_AMINO_ACID_BIOSYNTHETIC_PROCESS		72	0.29158524	0.874958	0.69448817	0.83175516	1.0	1834	tags=15%, list=9%, signal=17%	
GOBP_REGULATION_OF_PROTEIN_DEPHOSPHORYLATION	GOBP_REGULATION_OF_PROTEIN_DEPHOSPHORYLATION		67	0.29567313	0.87486047	0.6916933	0.8316605	1.0	2303	tags=22%, list=12%, signal=25%	
GOBP_PROTEIN_LOCALIZATION_TO_PLASMA_MEMBRANE	GOBP_PROTEIN_LOCALIZATION_TO_PLASMA_MEMBRANE		271	0.24864839	0.8748171	0.7930142	0.8314438	1.0	3055	tags=22%, list=16%, signal=26%	
GOCC_GOLGI_ASSOCIATED_VESICLE	GOCC_GOLGI_ASSOCIATED_VESICLE		90	0.2775183	0.8747724	0.7112782	0.83123666	1.0	2606	tags=20%, list=13%, signal=23%	
GOBP_POSITIVE_REGULATION_OF_POTASSIUM_ION_TRANSPORT	GOBP_POSITIVE_REGULATION_OF_POTASSIUM_ION_TRANSPORT		42	0.31897163	0.8745203	0.65108514	0.83148074	1.0	2106	tags=14%, list=11%, signal=16%	
GOMF_TRANSLATION_REGULATOR_ACTIVITY	GOMF_TRANSLATION_REGULATOR_ACTIVITY		132	0.2681855	0.8744968	0.74332345	0.83122766	1.0	3380	tags=18%, list=17%, signal=22%	
GOBP_CELLULAR_RESPONSE_TO_GLUCOCORTICOID_STIMULUS	GOBP_CELLULAR_RESPONSE_TO_GLUCOCORTICOID_STIMULUS		53	0.30454445	0.8743199	0.6627713	0.8313128	1.0	2678	tags=25%, list=14%, signal=28%	
GOMF_UDP_GLYCOSYLTRANSFERASE_ACTIVITY	GOMF_UDP_GLYCOSYLTRANSFERASE_ACTIVITY		138	0.26361156	0.8742016	0.712627	0.8312608	1.0	3052	tags=19%, list=16%, signal=22%	
GOBP_REGULATION_OF_MITOCHONDRION_ORGANIZATION	GOBP_REGULATION_OF_MITOCHONDRION_ORGANIZATION		138	0.2671856	0.8740044	0.73134327	0.8313922	1.0	3178	tags=20%, list=16%, signal=23%	
GOBP_PROTEIN_LOCALIZATION_TO_ENDOSOME	GOBP_PROTEIN_LOCALIZATION_TO_ENDOSOME		26	0.35505483	0.87341964	0.6637168	0.83235455	1.0	4131	tags=35%, list=21%, signal=44%	
GOCC_CYTOPLASMIC_MICROTUBULE	GOCC_CYTOPLASMIC_MICROTUBULE		88	0.2841977	0.8732359	0.7045101	0.83242375	1.0	1986	tags=15%, list=10%, signal=16%	
GOBP_CELLULAR_RESPONSE_TO_STEROID_HORMONE_STIMULUS	GOBP_CELLULAR_RESPONSE_TO_STEROID_HORMONE_STIMULUS		204	0.2544972	0.87314314	0.7688022	0.8323246	1.0	2749	tags=18%, list=14%, signal=20%	
GOBP_MAINTENANCE_OF_PROTEIN_LOCATION	GOBP_MAINTENANCE_OF_PROTEIN_LOCATION		88	0.28227887	0.87292695	0.69720495	0.8324984	1.0	3374	tags=27%, list=17%, signal=33%	
GOBP_L_ALPHA_AMINO_ACID_TRANSMEMBRANE_TRANSPORT	GOBP_L_ALPHA_AMINO_ACID_TRANSMEMBRANE_TRANSPORT		69	0.29380566	0.8727786	0.7109634	0.8325353	1.0	2424	tags=23%, list=12%, signal=26%	
GOMF_LYSOPHOSPHOLIPID_ACYLTRANSFERASE_ACTIVITY	GOMF_LYSOPHOSPHOLIPID_ACYLTRANSFERASE_ACTIVITY		20	0.36721072	0.8727164	0.6285178	0.83234936	1.0	2070	tags=25%, list=11%, signal=28%	
GOBP_REGULATION_OF_CHOLESTEROL_EFFLUX	GOBP_REGULATION_OF_CHOLESTEROL_EFFLUX		37	0.32159317	0.87270594	0.665529	0.8320663	1.0	2823	tags=30%, list=15%, signal=35%	
GOCC_NEUROMUSCULAR_JUNCTION	GOCC_NEUROMUSCULAR_JUNCTION		73	0.29261756	0.8726942	0.6919431	0.8317859	1.0	3290	tags=19%, list=17%, signal=23%	
GOBP_ANOIKIS	GOBP_ANOIKIS		33	0.33169442	0.8724109	0.6342756	0.83209705	1.0	3727	tags=36%, list=19%, signal=45%	
GOMF_PHOSPHATIDYLCHOLINE_TRANSPORTER_ACTIVITY	GOMF_PHOSPHATIDYLCHOLINE_TRANSPORTER_ACTIVITY		18	0.37904873	0.8721921	0.6387833	0.8323012	1.0	2660	tags=33%, list=14%, signal=39%	
GOCC_MRNA_CLEAVAGE_AND_POLYADENYLATION_SPECIFICITY_FACTOR_COMPLEX	GOCC_MRNA_CLEAVAGE_AND_POLYADENYLATION_SPECIFICITY_FACTOR_COMPLEX		18	0.36971715	0.8718735	0.64204544	0.8327089	1.0	123	tags=6%, list=1%, signal=6%	
GOBP_REGULATION_OF_ANDROGEN_RECEPTOR_SIGNALING_PATHWAY	GOBP_REGULATION_OF_ANDROGEN_RECEPTOR_SIGNALING_PATHWAY		28	0.34446135	0.87164664	0.6593807	0.83290416	1.0	20	tags=4%, list=0%, signal=4%	
GOBP_NEGATIVE_REGULATION_OF_CATION_CHANNEL_ACTIVITY	GOBP_NEGATIVE_REGULATION_OF_CATION_CHANNEL_ACTIVITY		32	0.34321618	0.87124735	0.6493739	0.833463	1.0	3211	tags=22%, list=17%, signal=26%	
GOBP_NUCLEOSIDE_MONOPHOSPHATE_CATABOLIC_PROCESS	GOBP_NUCLEOSIDE_MONOPHOSPHATE_CATABOLIC_PROCESS		19	0.37124836	0.87094146	0.6208113	0.83381116	1.0	3060	tags=32%, list=16%, signal=37%	
GOBP_SECONDARY_PALATE_DEVELOPMENT	GOBP_SECONDARY_PALATE_DEVELOPMENT		26	0.34796834	0.87061995	0.6457565	0.83419555	1.0	2391	tags=23%, list=12%, signal=26%	
GOBP_POSITIVE_REGULATION_OF_CATION_CHANNEL_ACTIVITY	GOBP_POSITIVE_REGULATION_OF_CATION_CHANNEL_ACTIVITY		41	0.31380188	0.87059397	0.65776294	0.8339452	1.0	961	tags=7%, list=5%, signal=8%	
GOBP_CYCLIC_NUCLEOTIDE_METABOLIC_PROCESS	GOBP_CYCLIC_NUCLEOTIDE_METABOLIC_PROCESS		38	0.32564402	0.8705784	0.66104555	0.83367354	1.0	1982	tags=13%, list=10%, signal=15%	
GOBP_NEGATIVE_REGULATION_OF_DEFENSE_RESPONSE_TO_VIRUS	GOBP_NEGATIVE_REGULATION_OF_DEFENSE_RESPONSE_TO_VIRUS		15	0.38250422	0.8704167	0.63919413	0.83372444	1.0	2539	tags=20%, list=13%, signal=23%	
GOBP_DETECTION_OF_VISIBLE_LIGHT	GOBP_DETECTION_OF_VISIBLE_LIGHT		48	0.3098735	0.87026715	0.67469877	0.8337612	1.0	3334	tags=15%, list=17%, signal=18%	
GOBP_COLLATERAL_SPROUTING	GOBP_COLLATERAL_SPROUTING		26	0.35043645	0.869865	0.6519337	0.8343255	1.0	965	tags=12%, list=5%, signal=12%	
GOBP_POSITIVE_REGULATION_OF_DEFENSE_RESPONSE_TO_VIRUS_BY_HOST	GOBP_POSITIVE_REGULATION_OF_DEFENSE_RESPONSE_TO_VIRUS_BY_HOST		26	0.34617582	0.8688088	0.6419048	0.8363177	1.0	2553	tags=27%, list=13%, signal=31%	
GOBP_VITAMIN_BIOSYNTHETIC_PROCESS	GOBP_VITAMIN_BIOSYNTHETIC_PROCESS		25	0.34739473	0.8687054	0.6353591	0.8362451	1.0	3342	tags=48%, list=17%, signal=58%	
GOBP_NLS_BEARING_PROTEIN_IMPORT_INTO_NUCLEUS	GOBP_NLS_BEARING_PROTEIN_IMPORT_INTO_NUCLEUS		17	0.37539655	0.8684703	0.64528304	0.8364543	1.0	5289	tags=59%, list=27%, signal=81%	
GOBP_REGULATION_OF_NEUROTRANSMITTER_UPTAKE	GOBP_REGULATION_OF_NEUROTRANSMITTER_UPTAKE		18	0.37381104	0.8679226	0.6394052	0.83735466	1.0	3055	tags=28%, list=16%, signal=33%	
GOCC_MOTILE_CILIUM	GOCC_MOTILE_CILIUM		238	0.24814214	0.8675436	0.7836022	0.837873	1.0	1986	tags=11%, list=10%, signal=12%	
GOBP_MEMBRANE_DEPOLARIZATION_DURING_ACTION_POTENTIAL	GOBP_MEMBRANE_DEPOLARIZATION_DURING_ACTION_POTENTIAL		27	0.35029748	0.86711556	0.65505224	0.83850944	1.0	30	tags=4%, list=0%, signal=4%	
GOBP_INTRINSIC_APOPTOTIC_SIGNALING_PATHWAY	GOBP_INTRINSIC_APOPTOTIC_SIGNALING_PATHWAY		290	0.24626078	0.8669819	0.8159269	0.8384902	1.0	3241	tags=21%, list=17%, signal=25%	
GOBP_POSITIVE_REGULATION_OF_GLUCOSE_IMPORT	GOBP_POSITIVE_REGULATION_OF_GLUCOSE_IMPORT		34	0.33025315	0.8667992	0.6613191	0.83859545	1.0	2658	tags=21%, list=14%, signal=24%	
GOBP_RESPONSE_TO_LEAD_ION	GOBP_RESPONSE_TO_LEAD_ION		21	0.3609166	0.8666664	0.6647834	0.83858734	1.0	2404	tags=19%, list=12%, signal=22%	
GOBP_CELLULAR_RESPONSE_TO_HYDROGEN_PEROXIDE	GOBP_CELLULAR_RESPONSE_TO_HYDROGEN_PEROXIDE		63	0.2923116	0.866359	0.68352365	0.83895177	1.0	3280	tags=24%, list=17%, signal=29%	
GOBP_INOSITOL_PHOSPHATE_BIOSYNTHETIC_PROCESS	GOBP_INOSITOL_PHOSPHATE_BIOSYNTHETIC_PROCESS		26	0.35219193	0.86567986	0.65953654	0.84012485	1.0	2629	tags=31%, list=14%, signal=36%	
GOBP_CELL_CELL_JUNCTION_MAINTENANCE	GOBP_CELL_CELL_JUNCTION_MAINTENANCE		16	0.3830918	0.8654894	0.63117874	0.84024817	1.0	2382	tags=38%, list=12%, signal=43%	
GOBP_CALCIUM_ION_REGULATED_EXOCYTOSIS_OF_NEUROTRANSMITTER	GOBP_CALCIUM_ION_REGULATED_EXOCYTOSIS_OF_NEUROTRANSMITTER		21	0.3633807	0.864872	0.6456401	0.8412537	1.0	1402	tags=14%, list=7%, signal=15%	
GOMF_LIGAND_GATED_CHANNEL_ACTIVITY	GOMF_LIGAND_GATED_CHANNEL_ACTIVITY		177	0.25716555	0.8647049	0.7749648	0.8413108	1.0	3668	tags=20%, list=19%, signal=24%	
GOBP_REGULATION_OF_EXTRACELLULAR_MATRIX_ASSEMBLY	GOBP_REGULATION_OF_EXTRACELLULAR_MATRIX_ASSEMBLY		20	0.36793354	0.8643589	0.6514599	0.84176	1.0	1843	tags=20%, list=9%, signal=22%	
GOBP_REGULATION_OF_INTRACELLULAR_PROTEIN_TRANSPORT	GOBP_REGULATION_OF_INTRACELLULAR_PROTEIN_TRANSPORT		143	0.25956395	0.8641438	0.7792398	0.84190875	1.0	2497	tags=18%, list=13%, signal=21%	
GOBP_NEPHRON_DEVELOPMENT	GOBP_NEPHRON_DEVELOPMENT		158	0.25899628	0.8629665	0.7691218	0.84412825	1.0	3112	tags=23%, list=16%, signal=27%	
GOBP_REGULATION_OF_STRIATED_MUSCLE_CELL_DIFFERENTIATION	GOBP_REGULATION_OF_STRIATED_MUSCLE_CELL_DIFFERENTIATION		82	0.2798141	0.8625249	0.7268519	0.84474975	1.0	1843	tags=13%, list=9%, signal=15%	
GOCC_TRANSPORTER_COMPLEX	GOCC_TRANSPORTER_COMPLEX		436	0.23499605	0.86234885	0.8817853	0.8448113	1.0	1724	tags=9%, list=9%, signal=10%	
GOBP_PROTEOGLYCAN_BIOSYNTHETIC_PROCESS	GOBP_PROTEOGLYCAN_BIOSYNTHETIC_PROCESS		65	0.29030386	0.8622386	0.7222222	0.8447388	1.0	1793	tags=14%, list=9%, signal=15%	
GOMF_METAL_ION_TRANSMEMBRANE_TRANSPORTER_ACTIVITY	GOMF_METAL_ION_TRANSMEMBRANE_TRANSPORTER_ACTIVITY		440	0.23504351	0.86208636	0.86499405	0.84475774	1.0	3040	tags=17%, list=16%, signal=19%	
GOBP_TELENCEPHALON_GLIAL_CELL_MIGRATION	GOBP_TELENCEPHALON_GLIAL_CELL_MIGRATION		25	0.34955245	0.8620002	0.67863554	0.8446243	1.0	1316	tags=16%, list=7%, signal=17%	
GOCC_ASTROCYTE_PROJECTION	GOCC_ASTROCYTE_PROJECTION		21	0.36181936	0.86164314	0.66545457	0.8450589	1.0	2205	tags=19%, list=11%, signal=21%	
GOBP_CELLULAR_RESPONSE_TO_ESTRADIOL_STIMULUS	GOBP_CELLULAR_RESPONSE_TO_ESTRADIOL_STIMULUS		37	0.31870252	0.86157733	0.67558527	0.84488916	1.0	3181	tags=19%, list=16%, signal=23%	
GOBP_NEUTRAL_LIPID_BIOSYNTHETIC_PROCESS	GOBP_NEUTRAL_LIPID_BIOSYNTHETIC_PROCESS		51	0.30274576	0.8613932	0.6672269	0.84494674	1.0	2826	tags=24%, list=15%, signal=27%	
GOMF_NEUROPEPTIDE_BINDING	GOMF_NEUROPEPTIDE_BINDING		31	0.33163732	0.8613257	0.6783831	0.8447789	1.0	1149	tags=6%, list=6%, signal=7%	
GOBP_PHOSPHOLIPID_TRANSPORT	GOBP_PHOSPHOLIPID_TRANSPORT		98	0.27602842	0.86090064	0.7216339	0.84539646	1.0	2845	tags=20%, list=15%, signal=24%	
GOBP_REGULATION_OF_FIBRINOLYSIS	GOBP_REGULATION_OF_FIBRINOLYSIS		17	0.38135263	0.8605474	0.66539925	0.8458617	1.0	1720	tags=24%, list=9%, signal=26%	
GOBP_REGULATION_OF_MACROPHAGE_DERIVED_FOAM_CELL_DIFFERENTIATION	GOBP_REGULATION_OF_MACROPHAGE_DERIVED_FOAM_CELL_DIFFERENTIATION		31	0.3275316	0.8602424	0.6723842	0.84619176	1.0	1568	tags=16%, list=8%, signal=18%	
GOBP_RENAL_SYSTEM_PROCESS	GOBP_RENAL_SYSTEM_PROCESS		123	0.2648747	0.8598852	0.7466267	0.84664774	1.0	3395	tags=24%, list=17%, signal=29%	
GOBP_REGULATION_OF_ACTIN_NUCLEATION	GOBP_REGULATION_OF_ACTIN_NUCLEATION		30	0.330791	0.85939294	0.6598291	0.8473732	1.0	2837	tags=23%, list=15%, signal=27%	
GOBP_ASPARTATE_TRANSMEMBRANE_TRANSPORT	GOBP_ASPARTATE_TRANSMEMBRANE_TRANSPORT		20	0.36367297	0.85869545	0.65498155	0.8485434	1.0	1995	tags=30%, list=10%, signal=33%	
GOCC_COATED_VESICLE_MEMBRANE	GOCC_COATED_VESICLE_MEMBRANE		195	0.25027567	0.858658	0.8029891	0.8483163	1.0	2626	tags=15%, list=14%, signal=17%	
GOBP_NEGATIVE_REGULATION_OF_LIPID_TRANSPORT	GOBP_NEGATIVE_REGULATION_OF_LIPID_TRANSPORT		26	0.33958378	0.858174	0.6589286	0.8490765	1.0	448	tags=8%, list=2%, signal=8%	
GOBP_REGULATION_OF_POSTSYNAPTIC_MEMBRANE_POTENTIAL	GOBP_REGULATION_OF_POSTSYNAPTIC_MEMBRANE_POTENTIAL		139	0.26030022	0.85806084	0.7693452	0.848991	1.0	1632	tags=11%, list=8%, signal=12%	
GOBP_ENERGY_DERIVATION_BY_OXIDATION_OF_ORGANIC_COMPOUNDS	GOBP_ENERGY_DERIVATION_BY_OXIDATION_OF_ORGANIC_COMPOUNDS		281	0.24281953	0.8575571	0.83681464	0.84974855	1.0	2530	tags=13%, list=13%, signal=15%	
GOBP_NEGATIVE_REGULATION_OF_BLOOD_PRESSURE	GOBP_NEGATIVE_REGULATION_OF_BLOOD_PRESSURE		45	0.30948496	0.85681945	0.6970228	0.8509729	1.0	2884	tags=24%, list=15%, signal=29%	
GOMF_STRUCTURAL_CONSTITUENT_OF_SYNAPSE	GOMF_STRUCTURAL_CONSTITUENT_OF_SYNAPSE		21	0.35493582	0.8567872	0.6564195	0.85072625	1.0	3612	tags=24%, list=19%, signal=29%	
GOBP_NEURON_MIGRATION	GOBP_NEURON_MIGRATION		174	0.25194356	0.85645837	0.80028737	0.851096	1.0	3611	tags=23%, list=19%, signal=28%	
GOMF_KINASE_INHIBITOR_ACTIVITY	GOMF_KINASE_INHIBITOR_ACTIVITY		73	0.284729	0.8562044	0.704	0.8513324	1.0	2987	tags=22%, list=15%, signal=26%	
GOMF_NUCLEOSIDE_DIPHOSPHATE_PHOSPHATASE_ACTIVITY	GOMF_NUCLEOSIDE_DIPHOSPHATE_PHOSPHATASE_ACTIVITY		17	0.37177294	0.8560604	0.65589356	0.8513279	1.0	89	tags=6%, list=0%, signal=6%	
GOBP_POSITIVE_REGULATION_OF_OLIGODENDROCYTE_DIFFERENTIATION	GOBP_POSITIVE_REGULATION_OF_OLIGODENDROCYTE_DIFFERENTIATION		26	0.33818772	0.85549986	0.6788321	0.85219014	1.0	2789	tags=23%, list=14%, signal=27%	
GOBP_REGULATION_OF_PROTEIN_LOCALIZATION_TO_CELL_SURFACE	GOBP_REGULATION_OF_PROTEIN_LOCALIZATION_TO_CELL_SURFACE		40	0.31756678	0.8552811	0.69527143	0.85234416	1.0	3305	tags=25%, list=17%, signal=30%	
GOBP_AUDITORY_RECEPTOR_CELL_MORPHOGENESIS	GOBP_AUDITORY_RECEPTOR_CELL_MORPHOGENESIS		19	0.35181397	0.8542999	0.6603774	0.8541347	1.0	2518	tags=26%, list=13%, signal=30%	
GOBP_INTRINSIC_APOPTOTIC_SIGNALING_PATHWAY_IN_RESPONSE_TO_OXIDATIVE_STRESS	GOBP_INTRINSIC_APOPTOTIC_SIGNALING_PATHWAY_IN_RESPONSE_TO_OXIDATIVE_STRESS		57	0.29280934	0.85356885	0.7147541	0.8554076	1.0	2556	tags=14%, list=13%, signal=16%	
GOBP_CEREBRAL_CORTEX_RADIALLY_ORIENTED_CELL_MIGRATION	GOBP_CEREBRAL_CORTEX_RADIALLY_ORIENTED_CELL_MIGRATION		34	0.31784856	0.8532571	0.6841187	0.8557589	1.0	1316	tags=12%, list=7%, signal=13%	
GOBP_INCLUSION_BODY_ASSEMBLY	GOBP_INCLUSION_BODY_ASSEMBLY		23	0.34428367	0.8530461	0.6685606	0.8558967	1.0	3795	tags=30%, list=20%, signal=38%	
GOBP_CILIUM_OR_FLAGELLUM_DEPENDENT_CELL_MOTILITY	GOBP_CILIUM_OR_FLAGELLUM_DEPENDENT_CELL_MOTILITY		146	0.25810227	0.8529792	0.797486	0.85571796	1.0	3716	tags=21%, list=19%, signal=26%	
GOBP_POSITIVE_REGULATION_OF_DNA_DAMAGE_RESPONSE_SIGNAL_TRANSDUCTION_BY_P53_CLASS_MEDIATOR	GOBP_POSITIVE_REGULATION_OF_DNA_DAMAGE_RESPONSE_SIGNAL_TRANSDUCTION_BY_P53_CLASS_MEDIATOR		15	0.38824227	0.8527746	0.6446125	0.8558396	1.0	2987	tags=33%, list=15%, signal=39%	
GOBP_PURINE_NUCLEOTIDE_TRANSPORT	GOBP_PURINE_NUCLEOTIDE_TRANSPORT		40	0.31329077	0.85173696	0.67832166	0.85768896	1.0	3057	tags=28%, list=16%, signal=33%	
GOBP_SUBSTANTIA_NIGRA_DEVELOPMENT	GOBP_SUBSTANTIA_NIGRA_DEVELOPMENT		38	0.31886268	0.8516105	0.6955782	0.857661	1.0	2978	tags=21%, list=15%, signal=25%	
GOBP_MAINTENANCE_OF_SYNAPSE_STRUCTURE	GOBP_MAINTENANCE_OF_SYNAPSE_STRUCTURE		24	0.34798455	0.8516104	0.6812977	0.85735106	1.0	3010	tags=25%, list=15%, signal=30%	
GOBP_PROTEIN_CONTAINING_COMPLEX_LOCALIZATION	GOBP_PROTEIN_CONTAINING_COMPLEX_LOCALIZATION		183	0.25005233	0.8516054	0.79972374	0.8570513	1.0	2497	tags=14%, list=13%, signal=16%	
GOMF_EPIDERMAL_GROWTH_FACTOR_RECEPTOR_BINDING	GOMF_EPIDERMAL_GROWTH_FACTOR_RECEPTOR_BINDING		34	0.3258684	0.8513212	0.6814159	0.85733527	1.0	3374	tags=32%, list=17%, signal=39%	
GOBP_INTRINSIC_APOPTOTIC_SIGNALING_PATHWAY_IN_RESPONSE_TO_DNA_DAMAGE	GOBP_INTRINSIC_APOPTOTIC_SIGNALING_PATHWAY_IN_RESPONSE_TO_DNA_DAMAGE		98	0.2707639	0.85128295	0.7469512	0.8571109	1.0	2395	tags=20%, list=12%, signal=23%	
GOBP_SYNAPTONEMAL_COMPLEX_ORGANIZATION	GOBP_SYNAPTONEMAL_COMPLEX_ORGANIZATION		23	0.3442493	0.85119647	0.671848	0.85698646	1.0	3387	tags=22%, list=17%, signal=26%	
GOBP_PEPTIDYL_THREONINE_MODIFICATION	GOBP_PEPTIDYL_THREONINE_MODIFICATION		101	0.26934317	0.8499903	0.7443609	0.8591964	1.0	4088	tags=28%, list=21%, signal=35%	
GOBP_POSITIVE_REGULATION_OF_CELL_MORPHOGENESIS	GOBP_POSITIVE_REGULATION_OF_CELL_MORPHOGENESIS		35	0.31759378	0.84828115	0.6875	0.8624879	1.0	2354	tags=23%, list=12%, signal=26%	
GOBP_ENDOCRINE_PANCREAS_DEVELOPMENT	GOBP_ENDOCRINE_PANCREAS_DEVELOPMENT		41	0.3115763	0.84823424	0.6701389	0.86227036	1.0	2542	tags=20%, list=13%, signal=22%	
GOBP_NEGATIVE_REGULATION_OF_TRANSMEMBRANE_TRANSPORT	GOBP_NEGATIVE_REGULATION_OF_TRANSMEMBRANE_TRANSPORT		113	0.26719823	0.84695995	0.7914201	0.86457914	1.0	3312	tags=22%, list=17%, signal=27%	
GOBP_POSITIVE_REGULATION_OF_PROTEIN_LOCALIZATION_TO_CELL_PERIPHERY	GOBP_POSITIVE_REGULATION_OF_PROTEIN_LOCALIZATION_TO_CELL_PERIPHERY		73	0.28493896	0.84667563	0.7561375	0.8648421	1.0	2741	tags=22%, list=14%, signal=25%	
GOCC_TRANSPORT_VESICLE_MEMBRANE	GOCC_TRANSPORT_VESICLE_MEMBRANE		231	0.24116993	0.84528154	0.8613728	0.86742127	1.0	1426	tags=10%, list=7%, signal=10%	
GOBP_RESPONSE_TO_NITRIC_OXIDE	GOBP_RESPONSE_TO_NITRIC_OXIDE		18	0.36987457	0.8449821	0.7167969	0.86773264	1.0	2796	tags=28%, list=14%, signal=32%	
GOBP_CELLULAR_RESPONSE_TO_NUTRIENT_LEVELS	GOBP_CELLULAR_RESPONSE_TO_NUTRIENT_LEVELS		227	0.24200612	0.84468955	0.85	0.86802703	1.0	3387	tags=20%, list=17%, signal=24%	
GOCC_MRNA_CLEAVAGE_FACTOR_COMPLEX	GOCC_MRNA_CLEAVAGE_FACTOR_COMPLEX		23	0.34256208	0.8444083	0.69525546	0.8682774	1.0	123	tags=4%, list=1%, signal=4%	
GOBP_REGULATION_OF_NUCLEOTIDE_BIOSYNTHETIC_PROCESS	GOBP_REGULATION_OF_NUCLEOTIDE_BIOSYNTHETIC_PROCESS		24	0.3413538	0.84419066	0.6860254	0.86842084	1.0	2650	tags=25%, list=14%, signal=29%	
GOBP_ORGANOPHOSPHATE_ESTER_TRANSPORT	GOBP_ORGANOPHOSPHATE_ESTER_TRANSPORT		149	0.252297	0.8432445	0.8295626	0.87005174	1.0	3090	tags=21%, list=16%, signal=25%	
GOBP_REGULATION_OF_VACUOLE_ORGANIZATION	GOBP_REGULATION_OF_VACUOLE_ORGANIZATION		56	0.29273075	0.84324276	0.7281879	0.86974055	1.0	2321	tags=14%, list=12%, signal=16%	
GOBP_POSITIVE_REGULATION_OF_GLYCOPROTEIN_METABOLIC_PROCESS	GOBP_POSITIVE_REGULATION_OF_GLYCOPROTEIN_METABOLIC_PROCESS		24	0.34789518	0.8431956	0.70566726	0.8695329	1.0	2796	tags=25%, list=14%, signal=29%	
GOBP_CAMP_MEDIATED_SIGNALING	GOBP_CAMP_MEDIATED_SIGNALING		55	0.29201666	0.84254414	0.7202073	0.870568	1.0	4686	tags=38%, list=24%, signal=50%	
GOMF_COMPLEMENT_BINDING	GOMF_COMPLEMENT_BINDING		25	0.33605498	0.84240365	0.66480446	0.87053865	1.0	1063	tags=16%, list=5%, signal=17%	
GOBP_NEGATIVE_REGULATION_OF_POTASSIUM_ION_TRANSMEMBRANE_TRANSPORTER_ACTIVITY	GOBP_NEGATIVE_REGULATION_OF_POTASSIUM_ION_TRANSMEMBRANE_TRANSPORTER_ACTIVITY		18	0.36330873	0.84217525	0.6966732	0.8706841	1.0	3305	tags=39%, list=17%, signal=47%	
GOBP_REGULATION_OF_CHOLESTEROL_STORAGE	GOBP_REGULATION_OF_CHOLESTEROL_STORAGE		17	0.3714363	0.84084165	0.6807692	0.8730964	1.0	3254	tags=35%, list=17%, signal=42%	
GOBP_EXTRACELLULAR_TRANSPORT	GOBP_EXTRACELLULAR_TRANSPORT		34	0.31540403	0.84083974	0.7047101	0.87278765	1.0	1818	tags=12%, list=9%, signal=13%	
GOMF_NARROW_PORE_CHANNEL_ACTIVITY	GOMF_NARROW_PORE_CHANNEL_ACTIVITY		19	0.3632692	0.8407477	0.6754717	0.8726697	1.0	51	tags=5%, list=0%, signal=5%	
GOBP_NEGATIVE_REGULATION_OF_CALCIUM_ION_TRANSPORT	GOBP_NEGATIVE_REGULATION_OF_CALCIUM_ION_TRANSPORT		59	0.28657293	0.84055066	0.72981876	0.8727489	1.0	548	tags=7%, list=3%, signal=7%	
GOBP_CELL_CELL_SIGNALING_INVOLVED_IN_CARDIAC_CONDUCTION	GOBP_CELL_CELL_SIGNALING_INVOLVED_IN_CARDIAC_CONDUCTION		32	0.32047597	0.84053254	0.7237762	0.8724714	1.0	3895	tags=28%, list=20%, signal=35%	
GOBP_MYOBLAST_DIFFERENTIATION	GOBP_MYOBLAST_DIFFERENTIATION		109	0.2639641	0.8401486	0.80377907	0.8729345	1.0	3683	tags=34%, list=19%, signal=42%	
GOBP_REGULATION_OF_DENDRITE_MORPHOGENESIS	GOBP_REGULATION_OF_DENDRITE_MORPHOGENESIS		61	0.29276884	0.83998007	0.71707314	0.87296194	1.0	2862	tags=23%, list=15%, signal=27%	
GOBP_DIGESTIVE_TRACT_MORPHOGENESIS	GOBP_DIGESTIVE_TRACT_MORPHOGENESIS		46	0.30195373	0.83980685	0.7397959	0.8729836	1.0	999	tags=11%, list=5%, signal=11%	
GOBP_REGULATION_OF_INTRACELLULAR_TRANSPORT	GOBP_REGULATION_OF_INTRACELLULAR_TRANSPORT		246	0.24042405	0.8390901	0.8491322	0.87412983	1.0	2497	tags=16%, list=13%, signal=18%	
GOBP_RESPONSE_TO_CATECHOLAMINE	GOBP_RESPONSE_TO_CATECHOLAMINE		58	0.2879792	0.83880544	0.7440678	0.8743959	1.0	3732	tags=22%, list=19%, signal=28%	
GOBP_POSITIVE_REGULATION_OF_SODIUM_ION_TRANSPORT	GOBP_POSITIVE_REGULATION_OF_SODIUM_ION_TRANSPORT		31	0.3237026	0.838778	0.6980462	0.8741412	1.0	3023	tags=23%, list=16%, signal=27%	
GOMF_PHOSPHATIDYLINOSITOL_3_5_BISPHOSPHATE_BINDING	GOMF_PHOSPHATIDYLINOSITOL_3_5_BISPHOSPHATE_BINDING		25	0.3394026	0.83850694	0.70304114	0.87439543	1.0	1859	tags=16%, list=10%, signal=18%	
GOBP_RHYTHMIC_PROCESS	GOBP_RHYTHMIC_PROCESS		289	0.23718451	0.83828926	0.8869908	0.87453127	1.0	3784	tags=23%, list=19%, signal=28%	
GOBP_CELL_JUNCTION_MAINTENANCE	GOBP_CELL_JUNCTION_MAINTENANCE		42	0.30450368	0.8380972	0.7150259	0.8746011	1.0	3010	tags=29%, list=15%, signal=34%	
GOMF_ATPASE_ACTIVATOR_ACTIVITY	GOMF_ATPASE_ACTIVATOR_ACTIVITY		26	0.3309865	0.83788425	0.7077206	0.87470645	1.0	3891	tags=35%, list=20%, signal=43%	
GOBP_PROTEIN_LOCALIZATION_TO_SYNAPSE	GOBP_PROTEIN_LOCALIZATION_TO_SYNAPSE		76	0.27944356	0.837834	0.73926866	0.8744953	1.0	2657	tags=16%, list=14%, signal=18%	
GOBP_HORMONE_MEDIATED_SIGNALING_PATHWAY	GOBP_HORMONE_MEDIATED_SIGNALING_PATHWAY		191	0.24415652	0.8377821	0.8435754	0.87428683	1.0	1911	tags=13%, list=10%, signal=14%	
GOBP_NEGATIVE_REGULATION_OF_MACROPHAGE_ACTIVATION	GOBP_NEGATIVE_REGULATION_OF_MACROPHAGE_ACTIVATION		15	0.37559983	0.836658	0.6815643	0.87620586	1.0	3421	tags=40%, list=18%, signal=49%	
GOBP_INNER_EAR_MORPHOGENESIS	GOBP_INNER_EAR_MORPHOGENESIS		103	0.26446334	0.8365632	0.8116386	0.8760849	1.0	2967	tags=20%, list=15%, signal=24%	
GOBP_CHONDROITIN_SULFATE_METABOLIC_PROCESS	GOBP_CHONDROITIN_SULFATE_METABOLIC_PROCESS		25	0.3369194	0.8365383	0.70185184	0.8758292	1.0	2972	tags=24%, list=15%, signal=28%	
GOMF_LIPASE_INHIBITOR_ACTIVITY	GOMF_LIPASE_INHIBITOR_ACTIVITY		15	0.374237	0.8365268	0.68235296	0.8755384	1.0	839	tags=13%, list=4%, signal=14%	
GOBP_STEROID_HORMONE_MEDIATED_SIGNALING_PATHWAY	GOBP_STEROID_HORMONE_MEDIATED_SIGNALING_PATHWAY		134	0.25610265	0.8365247	0.79562044	0.87523377	1.0	1789	tags=12%, list=9%, signal=13%	
GOBP_SYNAPTIC_TRANSMISSION_GLUTAMATERGIC	GOBP_SYNAPTIC_TRANSMISSION_GLUTAMATERGIC		103	0.26426739	0.8364837	0.79598147	0.87499523	1.0	2156	tags=12%, list=11%, signal=13%	
GOMF_PHOSPHOLIPASE_A2_ACTIVITY	GOMF_PHOSPHOLIPASE_A2_ACTIVITY		26	0.3328552	0.8361744	0.703125	0.8752925	1.0	69	tags=4%, list=0%, signal=4%	
GOBP_SERINE_FAMILY_AMINO_ACID_METABOLIC_PROCESS	GOBP_SERINE_FAMILY_AMINO_ACID_METABOLIC_PROCESS		32	0.32214442	0.8359054	0.7130584	0.8755148	1.0	208	tags=6%, list=1%, signal=6%	
GOBP_RESPONSE_TO_RADIATION	GOBP_RESPONSE_TO_RADIATION		406	0.22927548	0.8355338	0.90656567	0.8759505	1.0	3212	tags=16%, list=17%, signal=19%	
GOMF_LYSOPHOSPHOLIPASE_ACTIVITY	GOMF_LYSOPHOSPHOLIPASE_ACTIVITY		24	0.33734265	0.8352621	0.68327403	0.87616897	1.0	218	tags=8%, list=1%, signal=8%	
GOBP_POSITIVE_REGULATION_OF_PROTEIN_DEPHOSPHORYLATION	GOBP_POSITIVE_REGULATION_OF_PROTEIN_DEPHOSPHORYLATION		38	0.30529073	0.8351186	0.73544973	0.8761436	1.0	2303	tags=24%, list=12%, signal=27%	
GOBP_REGULATION_OF_TRANSLATION	GOBP_REGULATION_OF_TRANSLATION		353	0.23311462	0.83505714	0.90166026	0.87595177	1.0	3876	tags=21%, list=20%, signal=26%	
GOBP_STEM_CELL_DIVISION	GOBP_STEM_CELL_DIVISION		30	0.3206171	0.83439076	0.70642203	0.8769694	1.0	1843	tags=20%, list=9%, signal=22%	
GOBP_RESPONSE_TO_LEPTIN	GOBP_RESPONSE_TO_LEPTIN		21	0.35078093	0.8338509	0.68014705	0.877692	1.0	1018	tags=14%, list=5%, signal=15%	
GOBP_REGULATION_OF_INSULIN_SECRETION_INVOLVED_IN_CELLULAR_RESPONSE_TO_GLUCOSE_STIMULUS	GOBP_REGULATION_OF_INSULIN_SECRETION_INVOLVED_IN_CELLULAR_RESPONSE_TO_GLUCOSE_STIMULUS		51	0.29043788	0.8337369	0.7331081	0.87758595	1.0	1206	tags=8%, list=6%, signal=8%	
GOBP_NEGATIVE_REGULATION_OF_SMOOTHENED_SIGNALING_PATHWAY	GOBP_NEGATIVE_REGULATION_OF_SMOOTHENED_SIGNALING_PATHWAY		33	0.319104	0.8335267	0.7186964	0.8776941	1.0	23	tags=3%, list=0%, signal=3%	
GOMF_MICROFILAMENT_MOTOR_ACTIVITY	GOMF_MICROFILAMENT_MOTOR_ACTIVITY		37	0.30885625	0.83343256	0.72824156	0.8775763	1.0	1377	tags=14%, list=7%, signal=15%	
GOBP_REGULATION_OF_MICROTUBULE_DEPOLYMERIZATION	GOBP_REGULATION_OF_MICROTUBULE_DEPOLYMERIZATION		29	0.3285608	0.8332566	0.70731705	0.87759113	1.0	3535	tags=34%, list=18%, signal=42%	
GOBP_REGULATION_OF_STEM_CELL_PROLIFERATION	GOBP_REGULATION_OF_STEM_CELL_PROLIFERATION		81	0.27336064	0.8313883	0.7647975	0.88094777	1.0	2407	tags=20%, list=12%, signal=22%	
GOBP_ACYL_COA_METABOLIC_PROCESS	GOBP_ACYL_COA_METABOLIC_PROCESS		91	0.27095804	0.831213	0.80123264	0.8809779	1.0	2175	tags=13%, list=11%, signal=15%	
GOBP_POSITIVE_REGULATION_OF_G1_S_TRANSITION_OF_MITOTIC_CELL_CYCLE	GOBP_POSITIVE_REGULATION_OF_G1_S_TRANSITION_OF_MITOTIC_CELL_CYCLE		45	0.29789257	0.83117104	0.75084746	0.8807493	1.0	2081	tags=11%, list=11%, signal=12%	
GOBP_LEUKOTRIENE_BIOSYNTHETIC_PROCESS	GOBP_LEUKOTRIENE_BIOSYNTHETIC_PROCESS		18	0.34883657	0.8309675	0.7020873	0.8808498	1.0	2807	tags=28%, list=14%, signal=32%	
GOBP_PINOCYTOSIS	GOBP_PINOCYTOSIS		22	0.34143487	0.8309307	0.6982922	0.8806178	1.0	2823	tags=27%, list=15%, signal=32%	
GOMF_14_3_3_PROTEIN_BINDING	GOMF_14_3_3_PROTEIN_BINDING		30	0.32913274	0.8303089	0.7392857	0.8815095	1.0	4410	tags=33%, list=23%, signal=43%	
GOBP_MITOTIC_CELL_CYCLE_PHASE_TRANSITION	GOBP_MITOTIC_CELL_CYCLE_PHASE_TRANSITION		414	0.22934586	0.8301994	0.9259259	0.8814116	1.0	3269	tags=16%, list=17%, signal=19%	
GOBP_REGULATION_OF_FATTY_ACID_OXIDATION	GOBP_REGULATION_OF_FATTY_ACID_OXIDATION		33	0.31472582	0.83017516	0.72270364	0.88114756	1.0	1273	tags=12%, list=7%, signal=13%	
GOBP_SPECIFICATION_OF_SYMMETRY	GOBP_SPECIFICATION_OF_SYMMETRY		131	0.253433	0.8299947	0.83890575	0.8811695	1.0	2546	tags=15%, list=13%, signal=17%	
GOBP_VENOUS_BLOOD_VESSEL_DEVELOPMENT	GOBP_VENOUS_BLOOD_VESSEL_DEVELOPMENT		16	0.36523944	0.82977027	0.7112403	0.88128525	1.0	2802	tags=38%, list=14%, signal=44%	
GOBP_REGULATION_OF_PEPTIDYL_THREONINE_PHOSPHORYLATION	GOBP_REGULATION_OF_PEPTIDYL_THREONINE_PHOSPHORYLATION		40	0.30628496	0.82967204	0.73666096	0.88117063	1.0	4088	tags=30%, list=21%, signal=38%	
GOBP_ESTABLISHMENT_OF_ORGANELLE_LOCALIZATION	GOBP_ESTABLISHMENT_OF_ORGANELLE_LOCALIZATION		455	0.22585934	0.82929116	0.939759	0.88160276	1.0	2863	tags=16%, list=15%, signal=18%	
GOCC_CLATHRIN_COATED_VESICLE_MEMBRANE	GOCC_CLATHRIN_COATED_VESICLE_MEMBRANE		132	0.2558351	0.8290782	0.816839	0.881696	1.0	2626	tags=17%, list=14%, signal=20%	
GOMF_PHOSPHATASE_REGULATOR_ACTIVITY	GOMF_PHOSPHATASE_REGULATOR_ACTIVITY		92	0.26737392	0.82868785	0.80153847	0.88215595	1.0	2729	tags=20%, list=14%, signal=23%	
GOBP_POSITIVE_REGULATION_OF_PEPTIDYL_THREONINE_PHOSPHORYLATION	GOBP_POSITIVE_REGULATION_OF_PEPTIDYL_THREONINE_PHOSPHORYLATION		27	0.32326353	0.8283898	0.70705247	0.8824348	1.0	4088	tags=30%, list=21%, signal=37%	
GOBP_RESPONSE_TO_EPIDERMAL_GROWTH_FACTOR	GOBP_RESPONSE_TO_EPIDERMAL_GROWTH_FACTOR		45	0.29503715	0.82811874	0.74698794	0.8826488	1.0	3932	tags=36%, list=20%, signal=44%	
GOBP_MAINTENANCE_OF_PROTEIN_LOCATION_IN_CELL	GOBP_MAINTENANCE_OF_PROTEIN_LOCATION_IN_CELL		66	0.2814385	0.82807004	0.77287066	0.88243645	1.0	2837	tags=24%, list=15%, signal=28%	
GOMF_HEXOSYLTRANSFERASE_ACTIVITY	GOMF_HEXOSYLTRANSFERASE_ACTIVITY		188	0.2435063	0.8279424	0.8561549	0.88236636	1.0	3052	tags=18%, list=16%, signal=21%	
GOBP_AUDITORY_RECEPTOR_CELL_DEVELOPMENT	GOBP_AUDITORY_RECEPTOR_CELL_DEVELOPMENT		24	0.33644173	0.8273528	0.7151052	0.88318896	1.0	2955	tags=29%, list=15%, signal=34%	
GOBP_POSITIVE_REGULATION_OF_NUCLEOCYTOPLASMIC_TRANSPORT	GOBP_POSITIVE_REGULATION_OF_NUCLEOCYTOPLASMIC_TRANSPORT		63	0.28000936	0.8271203	0.7728	0.8833134	1.0	2362	tags=21%, list=12%, signal=23%	
GOBP_REGULATION_OF_REACTIVE_OXYGEN_SPECIES_BIOSYNTHETIC_PROCESS	GOBP_REGULATION_OF_REACTIVE_OXYGEN_SPECIES_BIOSYNTHETIC_PROCESS		38	0.30550516	0.8265418	0.7437604	0.88410753	1.0	2678	tags=21%, list=14%, signal=24%	
GOMF_INSULIN_LIKE_GROWTH_FACTOR_RECEPTOR_BINDING	GOMF_INSULIN_LIKE_GROWTH_FACTOR_RECEPTOR_BINDING		16	0.36928132	0.8263098	0.7084871	0.8842418	1.0	537	tags=13%, list=3%, signal=13%	
GOBP_REGULATION_OF_CENTRIOLE_REPLICATION	GOBP_REGULATION_OF_CENTRIOLE_REPLICATION		21	0.3466025	0.82598037	0.6994633	0.8845447	1.0	2081	tags=19%, list=11%, signal=21%	
GOBP_REGULATION_OF_FEEDING_BEHAVIOR	GOBP_REGULATION_OF_FEEDING_BEHAVIOR		27	0.32778135	0.82595414	0.69439423	0.88429075	1.0	2797	tags=22%, list=14%, signal=26%	
GOBP_POSITIVE_REGULATION_OF_HEART_RATE	GOBP_POSITIVE_REGULATION_OF_HEART_RATE		23	0.34055042	0.82580155	0.71666664	0.8842672	1.0	3895	tags=35%, list=20%, signal=43%	
GOBP_SEX_CHROMOSOME_DOSAGE_COMPENSATION	GOBP_SEX_CHROMOSOME_DOSAGE_COMPENSATION		15	0.3691368	0.82571894	0.6838095	0.8841194	1.0	4519	tags=47%, list=23%, signal=61%	
GOBP_ARGININE_METABOLIC_PROCESS	GOBP_ARGININE_METABOLIC_PROCESS		17	0.3618586	0.8256015	0.6792453	0.88403094	1.0	2004	tags=29%, list=10%, signal=33%	
GOBP_HEAD_MORPHOGENESIS	GOBP_HEAD_MORPHOGENESIS		37	0.31351846	0.8248885	0.70698464	0.8850883	1.0	2835	tags=22%, list=15%, signal=25%	
GOBP_REGULATION_OF_STRIATED_MUSCLE_TISSUE_DEVELOPMENT	GOBP_REGULATION_OF_STRIATED_MUSCLE_TISSUE_DEVELOPMENT		18	0.3476674	0.82486445	0.68565816	0.8848192	1.0	3222	tags=33%, list=17%, signal=40%	
GOBP_REGULATION_OF_DENDRITIC_SPINE_DEVELOPMENT	GOBP_REGULATION_OF_DENDRITIC_SPINE_DEVELOPMENT		54	0.28329584	0.82365066	0.8055556	0.886798	1.0	1800	tags=15%, list=9%, signal=16%	
GOBP_REGULATION_OF_NUCLEAR_TRANSCRIBED_MRNA_CATABOLIC_PROCESS_DEADENYLATION_DEPENDENT_DECAY	GOBP_REGULATION_OF_NUCLEAR_TRANSCRIBED_MRNA_CATABOLIC_PROCESS_DEADENYLATION_DEPENDENT_DECAY		21	0.34303367	0.82361555	0.70652175	0.8865579	1.0	4206	tags=38%, list=22%, signal=49%	
GOBP_MESENCHYMAL_TO_EPITHELIAL_TRANSITION	GOBP_MESENCHYMAL_TO_EPITHELIAL_TRANSITION		19	0.34745586	0.8236036	0.7011278	0.8862774	1.0	2239	tags=21%, list=12%, signal=24%	
GOBP_HEMATOPOIETIC_OR_LYMPHOID_ORGAN_DEVELOPMENT	GOBP_HEMATOPOIETIC_OR_LYMPHOID_ORGAN_DEVELOPMENT		96	0.25882208	0.8231169	0.8112927	0.8868812	1.0	2990	tags=20%, list=15%, signal=23%	
GOBP_PROTEIN_LOCALIZATION_TO_CELL_JUNCTION	GOBP_PROTEIN_LOCALIZATION_TO_CELL_JUNCTION		105	0.25913298	0.8230655	0.8155922	0.88667005	1.0	2790	tags=18%, list=14%, signal=21%	
GOBP_REGULATION_OF_PROGRAMMED_NECROTIC_CELL_DEATH	GOBP_REGULATION_OF_PROGRAMMED_NECROTIC_CELL_DEATH		30	0.31898347	0.8228387	0.7310469	0.88680476	1.0	3239	tags=30%, list=17%, signal=36%	
GOMF_G_PROTEIN_ACTIVITY	GOMF_G_PROTEIN_ACTIVITY		45	0.29585665	0.8226216	0.7711443	0.88689697	1.0	3294	tags=24%, list=17%, signal=29%	
GOMF_OXIDOREDUCTASE_ACTIVITY_ACTING_ON_THE_CH_CH_GROUP_OF_DONORS_NAD_OR_NADP_AS_ACCEPTOR	GOMF_OXIDOREDUCTASE_ACTIVITY_ACTING_ON_THE_CH_CH_GROUP_OF_DONORS_NAD_OR_NADP_AS_ACCEPTOR		31	0.3151789	0.82244927	0.74647886	0.88689125	1.0	3181	tags=29%, list=16%, signal=35%	
GOBP_REGULATION_OF_FATTY_ACID_METABOLIC_PROCESS	GOBP_REGULATION_OF_FATTY_ACID_METABOLIC_PROCESS		87	0.26699263	0.8220381	0.78971964	0.88737875	1.0	1771	tags=13%, list=9%, signal=14%	
GOMF_GLYCOSYLTRANSFERASE_ACTIVITY	GOMF_GLYCOSYLTRANSFERASE_ACTIVITY		259	0.23444048	0.8219586	0.8949468	0.88721377	1.0	3052	tags=18%, list=16%, signal=21%	
GOBP_MODIFICATION_OF_POSTSYNAPTIC_STRUCTURE	GOBP_MODIFICATION_OF_POSTSYNAPTIC_STRUCTURE		22	0.33478814	0.8210252	0.7201426	0.88861364	1.0	2806	tags=32%, list=14%, signal=37%	
GOBP_NEGATIVE_REGULATION_OF_MONOATOMIC_ION_TRANSMEMBRANE_TRANSPORT	GOBP_NEGATIVE_REGULATION_OF_MONOATOMIC_ION_TRANSMEMBRANE_TRANSPORT		85	0.26700896	0.820363	0.8147014	0.8895342	1.0	3699	tags=22%, list=19%, signal=27%	
GOCC_TRANS_GOLGI_NETWORK_MEMBRANE	GOCC_TRANS_GOLGI_NETWORK_MEMBRANE		101	0.26036948	0.8202162	0.8229955	0.88950074	1.0	2214	tags=15%, list=11%, signal=17%	
GOMF_FATTY_ACID_TRANSMEMBRANE_TRANSPORTER_ACTIVITY	GOMF_FATTY_ACID_TRANSMEMBRANE_TRANSPORTER_ACTIVITY		19	0.34926406	0.8202102	0.6917293	0.8892016	1.0	2900	tags=32%, list=15%, signal=37%	
GOBP_CIRCADIAN_RHYTHM	GOBP_CIRCADIAN_RHYTHM		198	0.23846313	0.81984967	0.89413446	0.889551	1.0	2924	tags=17%, list=15%, signal=20%	
GOBP_EPIGENETIC_REGULATION_OF_GENE_EXPRESSION	GOBP_EPIGENETIC_REGULATION_OF_GENE_EXPRESSION		216	0.23770677	0.8196439	0.8821955	0.88962245	1.0	4227	tags=22%, list=22%, signal=28%	
GOBP_POSITIVE_REGULATION_OF_ERYTHROCYTE_DIFFERENTIATION	GOBP_POSITIVE_REGULATION_OF_ERYTHROCYTE_DIFFERENTIATION		29	0.3233082	0.8184702	0.72958255	0.8914649	1.0	4108	tags=38%, list=21%, signal=48%	
GOMF_PHOSPHATASE_ACTIVITY	GOMF_PHOSPHATASE_ACTIVITY		251	0.23235199	0.8181391	0.9009009	0.8917513	1.0	3831	tags=24%, list=20%, signal=29%	
GOBP_NUCLEOTIDE_TRANSPORT	GOBP_NUCLEOTIDE_TRANSPORT		45	0.29743364	0.81783116	0.76869565	0.8920047	1.0	2342	tags=22%, list=12%, signal=25%	
GOBP_NEGATIVE_REGULATION_OF_MIRNA_METABOLIC_PROCESS	GOBP_NEGATIVE_REGULATION_OF_MIRNA_METABOLIC_PROCESS		26	0.3206672	0.81777954	0.7251773	0.8917947	1.0	4222	tags=50%, list=22%, signal=64%	
GOBP_VENTRAL_SPINAL_CORD_DEVELOPMENT	GOBP_VENTRAL_SPINAL_CORD_DEVELOPMENT		45	0.29666382	0.8175879	0.78246206	0.8918417	1.0	806	tags=9%, list=4%, signal=9%	
GOBP_NEUTRAL_LIPID_METABOLIC_PROCESS	GOBP_NEUTRAL_LIPID_METABOLIC_PROCESS		130	0.25539437	0.8175142	0.852071	0.8916687	1.0	1630	tags=12%, list=8%, signal=13%	
GOBP_REGULATION_OF_POST_TRANSLATIONAL_PROTEIN_MODIFICATION	GOBP_REGULATION_OF_POST_TRANSLATIONAL_PROTEIN_MODIFICATION		230	0.23424137	0.81737566	0.9129834	0.8916157	1.0	3297	tags=20%, list=17%, signal=23%	
GOBP_REGULATION_OF_NUCLEOCYTOPLASMIC_TRANSPORT	GOBP_REGULATION_OF_NUCLEOCYTOPLASMIC_TRANSPORT		109	0.25257677	0.8173597	0.8335766	0.8913422	1.0	2362	tags=19%, list=12%, signal=22%	
GOBP_REGULATION_OF_PROTEIN_UBIQUITINATION	GOBP_REGULATION_OF_PROTEIN_UBIQUITINATION		182	0.24153651	0.8173204	0.8891967	0.8911056	1.0	2929	tags=18%, list=15%, signal=21%	
GOBP_NOTCH_SIGNALING_PATHWAY	GOBP_NOTCH_SIGNALING_PATHWAY		171	0.24365939	0.8170887	0.88504153	0.8912212	1.0	3398	tags=23%, list=17%, signal=27%	
GOBP_MEMBRANE_DEPOLARIZATION	GOBP_MEMBRANE_DEPOLARIZATION		87	0.26601282	0.8164102	0.82886904	0.8921664	1.0	1724	tags=8%, list=9%, signal=9%	
GOBP_POSITIVE_REGULATION_OF_TRANSLATION	GOBP_POSITIVE_REGULATION_OF_TRANSLATION		126	0.25236398	0.8161704	0.8350365	0.8922979	1.0	4219	tags=27%, list=22%, signal=34%	
GOBP_NATURAL_KILLER_CELL_DIFFERENTIATION	GOBP_NATURAL_KILLER_CELL_DIFFERENTIATION		24	0.32964686	0.81594473	0.71119136	0.8923965	1.0	2792	tags=29%, list=14%, signal=34%	
GOBP_SYMPATHETIC_NERVOUS_SYSTEM_DEVELOPMENT	GOBP_SYMPATHETIC_NERVOUS_SYSTEM_DEVELOPMENT		22	0.3402861	0.81585956	0.7103825	0.8922449	1.0	1931	tags=18%, list=10%, signal=20%	
GOBP_ANDROGEN_METABOLIC_PROCESS	GOBP_ANDROGEN_METABOLIC_PROCESS		30	0.3168341	0.8149943	0.71836007	0.8934938	1.0	975	tags=10%, list=5%, signal=11%	
GOCC_AXONEMAL_MICROTUBULE	GOCC_AXONEMAL_MICROTUBULE		33	0.31288755	0.81483936	0.72900766	0.89346284	1.0	1986	tags=15%, list=10%, signal=17%	
GOBP_PROTEIN_AUTOUBIQUITINATION	GOBP_PROTEIN_AUTOUBIQUITINATION		67	0.27448165	0.8147534	0.7858347	0.8932996	1.0	2432	tags=13%, list=13%, signal=15%	
GOBP_CELLULAR_RESPONSE_TO_PH	GOBP_CELLULAR_RESPONSE_TO_PH		24	0.33253518	0.8143801	0.73170733	0.8936616	1.0	1685	tags=17%, list=9%, signal=18%	
GOBP_ORGAN_INDUCTION	GOBP_ORGAN_INDUCTION		22	0.33624265	0.81431067	0.7338262	0.8934745	1.0	2969	tags=27%, list=15%, signal=32%	
GOBP_REGULATION_OF_STEROL_TRANSPORT	GOBP_REGULATION_OF_STEROL_TRANSPORT		57	0.28020003	0.8141035	0.79802954	0.8935484	1.0	2823	tags=25%, list=15%, signal=29%	
GOCC_PROTEIN_KINASE_COMPLEX	GOCC_PROTEIN_KINASE_COMPLEX		143	0.24589181	0.81372994	0.84515196	0.8939139	1.0	3971	tags=22%, list=20%, signal=28%	
GOBP_TETRAPYRROLE_BIOSYNTHETIC_PROCESS	GOBP_TETRAPYRROLE_BIOSYNTHETIC_PROCESS		31	0.31290168	0.81320715	0.7436333	0.8945233	1.0	2774	tags=23%, list=14%, signal=26%	
GOCC_SYNAPTIC_MEMBRANE	GOCC_SYNAPTIC_MEMBRANE		390	0.22258301	0.8129411	0.9445145	0.89469606	1.0	3740	tags=21%, list=19%, signal=26%	
GOBP_PROTEIN_K63_LINKED_UBIQUITINATION	GOBP_PROTEIN_K63_LINKED_UBIQUITINATION		68	0.26963198	0.81247807	0.8031496	0.8952488	1.0	2489	tags=15%, list=13%, signal=17%	
GOCC_RNA_CAP_BINDING_COMPLEX	GOCC_RNA_CAP_BINDING_COMPLEX		15	0.35936004	0.8120417	0.6928839	0.89570934	1.0	2780	tags=13%, list=14%, signal=16%	
GOBP_REGULATION_OF_CELL_CELL_ADHESION_MEDIATED_BY_CADHERIN	GOBP_REGULATION_OF_CELL_CELL_ADHESION_MEDIATED_BY_CADHERIN		19	0.34122127	0.8120271	0.7267658	0.895424	1.0	1843	tags=16%, list=9%, signal=17%	
GOBP_NEGATIVE_REGULATION_OF_BLOOD_VESSEL_ENDOTHELIAL_CELL_MIGRATION	GOBP_NEGATIVE_REGULATION_OF_BLOOD_VESSEL_ENDOTHELIAL_CELL_MIGRATION		34	0.30698854	0.8118022	0.7403315	0.89551103	1.0	2166	tags=18%, list=11%, signal=20%	
GOBP_GENERATION_OF_PRECURSOR_METABOLITES_AND_ENERGY	GOBP_GENERATION_OF_PRECURSOR_METABOLITES_AND_ENERGY		407	0.2226495	0.8115646	0.9646772	0.8956283	1.0	3881	tags=23%, list=20%, signal=28%	
GOBP_SULFUR_COMPOUND_CATABOLIC_PROCESS	GOBP_SULFUR_COMPOUND_CATABOLIC_PROCESS		44	0.29308632	0.8112572	0.73905724	0.895877	1.0	1238	tags=11%, list=6%, signal=12%	
GOBP_LIPID_OXIDATION	GOBP_LIPID_OXIDATION		110	0.2562155	0.81105673	0.845815	0.8959208	1.0	3622	tags=25%, list=19%, signal=31%	
GOCC_LATE_ENDOSOME_MEMBRANE	GOCC_LATE_ENDOSOME_MEMBRANE		160	0.24123384	0.8099863	0.9033613	0.8975546	1.0	3153	tags=21%, list=16%, signal=24%	
GOBP_CAMP_METABOLIC_PROCESS	GOBP_CAMP_METABOLIC_PROCESS		23	0.33777565	0.80919415	0.768797	0.89862126	1.0	2601	tags=17%, list=13%, signal=20%	
GOMF_CGMP_BINDING	GOMF_CGMP_BINDING		15	0.37105948	0.80916035	0.7029126	0.8983789	1.0	452	tags=7%, list=2%, signal=7%	
GOBP_BILE_ACID_METABOLIC_PROCESS	GOBP_BILE_ACID_METABOLIC_PROCESS		47	0.2930505	0.80912006	0.7770598	0.89813083	1.0	2749	tags=26%, list=14%, signal=30%	
GOBP_ESTABLISHMENT_OF_ENDOTHELIAL_BARRIER	GOBP_ESTABLISHMENT_OF_ENDOTHELIAL_BARRIER		51	0.28405526	0.8089831	0.7973422	0.89806324	1.0	4080	tags=41%, list=21%, signal=52%	
GOMF_PROTEIN_PHOSPHATASE_1_BINDING	GOMF_PROTEIN_PHOSPHATASE_1_BINDING		20	0.33939293	0.80804837	0.71537	0.89937323	1.0	4258	tags=40%, list=22%, signal=51%	
GOCC_SPERM_PRINCIPAL_PIECE	GOCC_SPERM_PRINCIPAL_PIECE		30	0.3103269	0.8078151	0.72839504	0.899479	1.0	1818	tags=13%, list=9%, signal=15%	
GOBP_NEGATIVE_REGULATION_OF_RNA_CATABOLIC_PROCESS	GOBP_NEGATIVE_REGULATION_OF_RNA_CATABOLIC_PROCESS		78	0.26590672	0.80768	0.8146965	0.8993937	1.0	2840	tags=18%, list=15%, signal=21%	
GOBP_CELLULAR_RESPONSE_TO_RADIATION	GOBP_CELLULAR_RESPONSE_TO_RADIATION		171	0.24097863	0.8075995	0.8803419	0.8992163	1.0	3212	tags=16%, list=17%, signal=19%	
GOBP_MONOSACCHARIDE_BIOSYNTHETIC_PROCESS	GOBP_MONOSACCHARIDE_BIOSYNTHETIC_PROCESS		88	0.26142374	0.8074462	0.8213166	0.8991792	1.0	3816	tags=28%, list=20%, signal=35%	
GOBP_REGULATORY_NCRNA_PROCESSING	GOBP_REGULATORY_NCRNA_PROCESSING		65	0.27594858	0.80636936	0.81395346	0.90076447	1.0	3393	tags=18%, list=17%, signal=22%	
GOBP_IRON_ION_TRANSPORT	GOBP_IRON_ION_TRANSPORT		55	0.2815723	0.80586964	0.79695433	0.9013261	1.0	3367	tags=25%, list=17%, signal=31%	
GOCC_RIBBON_SYNAPSE	GOCC_RIBBON_SYNAPSE		15	0.35757968	0.8054	0.7058824	0.90180296	1.0	3627	tags=40%, list=19%, signal=49%	
GOBP_CALCIUM_ION_IMPORT_ACROSS_PLASMA_MEMBRANE	GOBP_CALCIUM_ION_IMPORT_ACROSS_PLASMA_MEMBRANE		36	0.2979373	0.80503887	0.758092	0.9021292	1.0	3699	tags=25%, list=19%, signal=31%	
GOBP_PROXIMAL_DISTAL_PATTERN_FORMATION	GOBP_PROXIMAL_DISTAL_PATTERN_FORMATION		34	0.31078273	0.804997	0.76936936	0.90188485	1.0	1623	tags=15%, list=8%, signal=16%	
GOBP_REGULATION_OF_CALCIUM_ION_TRANSPORT_INTO_CYTOSOL	GOBP_REGULATION_OF_CALCIUM_ION_TRANSPORT_INTO_CYTOSOL		16	0.35287857	0.8047603	0.7387218	0.9019762	1.0	4686	tags=38%, list=24%, signal=49%	
GOBP_MITOCHONDRIAL_OUTER_MEMBRANE_PERMEABILIZATION	GOBP_MITOCHONDRIAL_OUTER_MEMBRANE_PERMEABILIZATION		27	0.3168109	0.8031197	0.75308645	0.90443027	1.0	2896	tags=26%, list=15%, signal=30%	
GOBP_REGULATION_OF_MEMBRANE_PROTEIN_ECTODOMAIN_PROTEOLYSIS	GOBP_REGULATION_OF_MEMBRANE_PROTEIN_ECTODOMAIN_PROTEOLYSIS		27	0.31984133	0.8030565	0.754159	0.90422356	1.0	2156	tags=19%, list=11%, signal=21%	
GOBP_CHONDROITIN_SULFATE_PROTEOGLYCAN_METABOLIC_PROCESS	GOBP_CHONDROITIN_SULFATE_PROTEOGLYCAN_METABOLIC_PROCESS		30	0.30858526	0.80269593	0.7575221	0.9045184	1.0	2972	tags=23%, list=15%, signal=28%	
GOMF_HEPARAN_SULFATE_PROTEOGLYCAN_BINDING	GOMF_HEPARAN_SULFATE_PROTEOGLYCAN_BINDING		18	0.3485923	0.8021672	0.73392856	0.9051061	1.0	3673	tags=33%, list=19%, signal=41%	
GOMF_ACIDIC_AMINO_ACID_TRANSMEMBRANE_TRANSPORTER_ACTIVITY	GOMF_ACIDIC_AMINO_ACID_TRANSMEMBRANE_TRANSPORTER_ACTIVITY		18	0.34616163	0.80155617	0.7202925	0.90582573	1.0	3246	tags=39%, list=17%, signal=47%	
GOBP_NEGATIVE_REGULATION_OF_CYCLIN_DEPENDENT_PROTEIN_SERINE_THREONINE_KINASE_ACTIVITY	GOBP_NEGATIVE_REGULATION_OF_CYCLIN_DEPENDENT_PROTEIN_SERINE_THREONINE_KINASE_ACTIVITY		20	0.34153983	0.8009341	0.7400722	0.90656984	1.0	2924	tags=25%, list=15%, signal=29%	
GOBP_SIGNAL_TRANSDUCTION_BY_P53_CLASS_MEDIATOR	GOBP_SIGNAL_TRANSDUCTION_BY_P53_CLASS_MEDIATOR		168	0.23736627	0.80066806	0.9057377	0.9066803	1.0	2754	tags=16%, list=14%, signal=19%	
GOBP_RESPONSE_TO_SALT	GOBP_RESPONSE_TO_SALT		22	0.33183762	0.80062634	0.7337278	0.9064414	1.0	1829	tags=18%, list=9%, signal=20%	
GOBP_HIPPO_SIGNALING	GOBP_HIPPO_SIGNALING		54	0.27838266	0.8001547	0.8151815	0.90693986	1.0	2676	tags=17%, list=14%, signal=19%	
GOBP_LYMPH_VESSEL_DEVELOPMENT	GOBP_LYMPH_VESSEL_DEVELOPMENT		29	0.3136699	0.7995556	0.75261325	0.9076544	1.0	2961	tags=31%, list=15%, signal=37%	
GOBP_REGULATION_OF_CELLULAR_RESPONSE_TO_HEAT	GOBP_REGULATION_OF_CELLULAR_RESPONSE_TO_HEAT		16	0.3508974	0.79954916	0.735568	0.9073559	1.0	5449	tags=50%, list=28%, signal=69%	
GOBP_ATRIAL_CARDIAC_MUSCLE_CELL_TO_AV_NODE_CELL_COMMUNICATION	GOBP_ATRIAL_CARDIAC_MUSCLE_CELL_TO_AV_NODE_CELL_COMMUNICATION		18	0.35474208	0.7987978	0.7376426	0.9082732	1.0	3895	tags=28%, list=20%, signal=35%	
GOBP_NEGATIVE_REGULATION_OF_ERBB_SIGNALING_PATHWAY	GOBP_NEGATIVE_REGULATION_OF_ERBB_SIGNALING_PATHWAY		30	0.31240803	0.79828584	0.7529611	0.9088107	1.0	405	tags=7%, list=2%, signal=7%	
GOBP_POSITIVE_REGULATION_OF_STEM_CELL_DIFFERENTIATION	GOBP_POSITIVE_REGULATION_OF_STEM_CELL_DIFFERENTIATION		21	0.33025247	0.79795617	0.7518797	0.9090556	1.0	4272	tags=38%, list=22%, signal=49%	
GOBP_REGULATION_OF_MITOTIC_CELL_CYCLE_PHASE_TRANSITION	GOBP_REGULATION_OF_MITOTIC_CELL_CYCLE_PHASE_TRANSITION		318	0.22277702	0.7976044	0.9543147	0.9093445	1.0	2213	tags=11%, list=11%, signal=12%	
GOBP_REGULATION_OF_OXIDATIVE_STRESS_INDUCED_INTRINSIC_APOPTOTIC_SIGNALING_PATHWAY	GOBP_REGULATION_OF_OXIDATIVE_STRESS_INDUCED_INTRINSIC_APOPTOTIC_SIGNALING_PATHWAY		40	0.29564258	0.79703146	0.7837838	0.9099809	1.0	3005	tags=15%, list=15%, signal=18%	
GOBP_MITOCHONDRIAL_FISSION	GOBP_MITOCHONDRIAL_FISSION		36	0.29382378	0.79529077	0.7919708	0.9125578	1.0	2224	tags=17%, list=11%, signal=19%	
GOBP_MITOTIC_RECOMBINATION	GOBP_MITOTIC_RECOMBINATION		23	0.32156056	0.79487467	0.74690264	0.9129514	1.0	797	tags=9%, list=4%, signal=9%	
GOMF_HISTONE_ACETYLTRANSFERASE_BINDING	GOMF_HISTONE_ACETYLTRANSFERASE_BINDING		24	0.32631147	0.7948043	0.74345547	0.91275305	1.0	4001	tags=33%, list=21%, signal=42%	
GOBP_REGULATION_OF_CARBOHYDRATE_CATABOLIC_PROCESS	GOBP_REGULATION_OF_CARBOHYDRATE_CATABOLIC_PROCESS		60	0.27148032	0.79404217	0.7837838	0.91366816	1.0	1473	tags=10%, list=8%, signal=11%	
GOBP_POSITIVE_REGULATION_OF_CELL_CYCLE_G1_S_PHASE_TRANSITION	GOBP_POSITIVE_REGULATION_OF_CELL_CYCLE_G1_S_PHASE_TRANSITION		57	0.2723217	0.793328	0.82689077	0.91449547	1.0	2109	tags=14%, list=11%, signal=16%	
GOMF_TUBULIN_BINDING	GOMF_TUBULIN_BINDING		352	0.21915126	0.7925	0.97594935	0.91554075	1.0	3444	tags=19%, list=18%, signal=23%	
GOMF_POLY_PURINE_TRACT_BINDING	GOMF_POLY_PURINE_TRACT_BINDING		30	0.3050645	0.79166687	0.7749141	0.9165644	1.0	4206	tags=33%, list=22%, signal=42%	
GOBP_FLUID_TRANSPORT	GOBP_FLUID_TRANSPORT		37	0.2942868	0.7913731	0.807309	0.9167087	1.0	325	tags=5%, list=2%, signal=5%	
GOMF_XENOBIOTIC_TRANSMEMBRANE_TRANSPORTER_ACTIVITY	GOMF_XENOBIOTIC_TRANSMEMBRANE_TRANSPORTER_ACTIVITY		29	0.3042046	0.79119885	0.75042737	0.9166696	1.0	1636	tags=21%, list=8%, signal=23%	
GOMF_POSTSYNAPTIC_NEUROTRANSMITTER_RECEPTOR_ACTIVITY	GOMF_POSTSYNAPTIC_NEUROTRANSMITTER_RECEPTOR_ACTIVITY		68	0.25923592	0.7897589	0.8489933	0.9186795	1.0	47	tags=1%, list=0%, signal=1%	
GOBP_NEGATIVE_REGULATION_OF_REGULATED_SECRETORY_PATHWAY	GOBP_NEGATIVE_REGULATION_OF_REGULATED_SECRETORY_PATHWAY		24	0.32387257	0.7893099	0.76992756	0.9190763	1.0	2783	tags=25%, list=14%, signal=29%	
GOBP_POSITIVE_REGULATION_OF_MYOBLAST_DIFFERENTIATION	GOBP_POSITIVE_REGULATION_OF_MYOBLAST_DIFFERENTIATION		41	0.28762966	0.7884094	0.82441473	0.9201877	1.0	2196	tags=17%, list=11%, signal=19%	
GOBP_INTRACELLULAR_SODIUM_ION_HOMEOSTASIS	GOBP_INTRACELLULAR_SODIUM_ION_HOMEOSTASIS		21	0.3306391	0.7882182	0.76547843	0.9201869	1.0	1940	tags=24%, list=10%, signal=26%	
GOMF_OXIDOREDUCTASE_ACTIVITY_ACTING_ON_PAIRED_DONORS_WITH_INCORPORATION_OR_REDUCTION_OF_MOLECULAR_OXYGEN_NAD_P_H_AS_ONE_DONOR_AND_INCORPORATION_OF_ONE_ATOM_OF_OXYGEN	GOMF_OXIDOREDUCTASE_ACTIVITY_ACTING_ON_PAIRED_DONORS_WITH_INCORPORATION_OR_REDUCTION_OF_MOLECULAR_OXYGEN_NAD_P_H_AS_ONE_DONOR_AND_INCORPORATION_OF_ONE_ATOM_OF_OXYGEN		38	0.29034537	0.7867117	0.80453753	0.92221785	1.0	3291	tags=24%, list=17%, signal=28%	
GOBP_PORPHYRIN_CONTAINING_COMPOUND_METABOLIC_PROCESS	GOBP_PORPHYRIN_CONTAINING_COMPOUND_METABOLIC_PROCESS		49	0.28067738	0.78654575	0.78691274	0.92216927	1.0	3087	tags=22%, list=16%, signal=27%	
GOBP_RESPONSE_TO_DEXAMETHASONE	GOBP_RESPONSE_TO_DEXAMETHASONE		43	0.28790528	0.7855144	0.7960993	0.9234644	1.0	2150	tags=21%, list=11%, signal=23%	
GOBP_RESPONSE_TO_SALT_STRESS	GOBP_RESPONSE_TO_SALT_STRESS		24	0.31486604	0.785361	0.7777778	0.92338735	1.0	2401	tags=25%, list=12%, signal=28%	
GOCC_PHOTORECEPTOR_OUTER_SEGMENT	GOCC_PHOTORECEPTOR_OUTER_SEGMENT		86	0.25555393	0.78516	0.8628659	0.92337704	1.0	2291	tags=13%, list=12%, signal=14%	
GOMF_NUCLEAR_ESTROGEN_RECEPTOR_BINDING	GOMF_NUCLEAR_ESTROGEN_RECEPTOR_BINDING		37	0.2920195	0.78424394	0.7802385	0.9244671	1.0	1687	tags=14%, list=9%, signal=15%	
GOBP_POSITIVE_REGULATION_OF_T_CELL_RECEPTOR_SIGNALING_PATHWAY	GOBP_POSITIVE_REGULATION_OF_T_CELL_RECEPTOR_SIGNALING_PATHWAY		18	0.33152163	0.7836178	0.7463235	0.925136	1.0	3239	tags=33%, list=17%, signal=40%	
GOBP_REGULATION_OF_CAMP_MEDIATED_SIGNALING	GOBP_REGULATION_OF_CAMP_MEDIATED_SIGNALING		21	0.32451352	0.7835921	0.7356322	0.92485756	1.0	6069	tags=48%, list=31%, signal=69%	
GOMF_3_5_CYCLIC_AMP_PHOSPHODIESTERASE_ACTIVITY	GOMF_3_5_CYCLIC_AMP_PHOSPHODIESTERASE_ACTIVITY		22	0.32347655	0.7833285	0.7842004	0.92492574	1.0	3145	tags=27%, list=16%, signal=33%	
GOBP_REGULATION_OF_RAC_PROTEIN_SIGNAL_TRANSDUCTION	GOBP_REGULATION_OF_RAC_PROTEIN_SIGNAL_TRANSDUCTION		23	0.32113224	0.7831101	0.76760566	0.9249541	1.0	2497	tags=22%, list=13%, signal=25%	
GOCC_SPINDLE_POLE	GOCC_SPINDLE_POLE		172	0.23285356	0.78285074	0.9276944	0.9250331	1.0	2985	tags=17%, list=15%, signal=20%	
GOBP_REGULATION_OF_VESICLE_FUSION	GOBP_REGULATION_OF_VESICLE_FUSION		22	0.32513314	0.7820489	0.76568264	0.9259311	1.0	1167	tags=14%, list=6%, signal=14%	
GOBP_RNA_STABILIZATION	GOBP_RNA_STABILIZATION		67	0.25952458	0.78197294	0.844691	0.9257195	1.0	2840	tags=16%, list=15%, signal=19%	
GOMF_TRANSMEMBRANE_TRANSPORTER_BINDING	GOMF_TRANSMEMBRANE_TRANSPORTER_BINDING		130	0.23910113	0.78178096	0.90949553	0.9257007	1.0	4554	tags=34%, list=23%, signal=44%	
GOBP_REGULATION_OF_MICROTUBULE_BASED_PROCESS	GOBP_REGULATION_OF_MICROTUBULE_BASED_PROCESS		237	0.22554383	0.78155124	0.952	0.9257349	1.0	3964	tags=25%, list=20%, signal=31%	
GOBP_MODIFICATION_OF_SYNAPTIC_STRUCTURE	GOBP_MODIFICATION_OF_SYNAPTIC_STRUCTURE		27	0.30663997	0.78152966	0.7892857	0.9254588	1.0	2806	tags=30%, list=14%, signal=35%	
GOBP_REGULATION_OF_RECEPTOR_RECYCLING	GOBP_REGULATION_OF_RECEPTOR_RECYCLING		25	0.3165017	0.78085893	0.7804878	0.92615825	1.0	2235	tags=20%, list=12%, signal=23%	
GOBP_REGULATION_OF_POLYSACCHARIDE_BIOSYNTHETIC_PROCESS	GOBP_REGULATION_OF_POLYSACCHARIDE_BIOSYNTHETIC_PROCESS		32	0.30254456	0.7804599	0.8103757	0.9264443	1.0	3874	tags=28%, list=20%, signal=35%	
GOBP_POSITIVE_REGULATION_OF_NUCLEOTIDE_METABOLIC_PROCESS	GOBP_POSITIVE_REGULATION_OF_NUCLEOTIDE_METABOLIC_PROCESS		35	0.293454	0.7804335	0.7948276	0.9261648	1.0	2650	tags=20%, list=14%, signal=23%	
GOBP_REGULATION_OF_SYNAPSE_MATURATION	GOBP_REGULATION_OF_SYNAPSE_MATURATION		21	0.3224617	0.77984226	0.7561437	0.92672217	1.0	2862	tags=24%, list=15%, signal=28%	
GOMF_VOLTAGE_GATED_CALCIUM_CHANNEL_ACTIVITY	GOMF_VOLTAGE_GATED_CALCIUM_CHANNEL_ACTIVITY		43	0.28422797	0.7786126	0.8045977	0.9282914	1.0	2945	tags=21%, list=15%, signal=25%	
GOCC_9PLUS0_NON_MOTILE_CILIUM	GOCC_9PLUS0_NON_MOTILE_CILIUM		119	0.24191305	0.7783855	0.8933333	0.928321	1.0	2291	tags=12%, list=12%, signal=13%	
GOBP_CEREBRAL_CORTEX_CELL_MIGRATION	GOBP_CEREBRAL_CORTEX_CELL_MIGRATION		46	0.28362185	0.7775329	0.8330579	0.9292931	1.0	1316	tags=11%, list=7%, signal=12%	
GOBP_RESPONSE_TO_AMPHETAMINE	GOBP_RESPONSE_TO_AMPHETAMINE		35	0.2957816	0.77741826	0.8207885	0.92914635	1.0	2090	tags=17%, list=11%, signal=19%	
GOMF_PROLINE_RICH_REGION_BINDING	GOMF_PROLINE_RICH_REGION_BINDING		17	0.32768014	0.77689034	0.7669173	0.929612	1.0	133	tags=6%, list=1%, signal=6%	
GOCC_GOLGI_APPARATUS_SUBCOMPARTMENT	GOCC_GOLGI_APPARATUS_SUBCOMPARTMENT		347	0.215474	0.7768004	0.98876405	0.9294388	1.0	1854	tags=11%, list=10%, signal=12%	
GOMF_SODIUM_PROTON_ANTIPORTER_ACTIVITY	GOMF_SODIUM_PROTON_ANTIPORTER_ACTIVITY		16	0.3334503	0.77649194	0.73142856	0.9295934	1.0	1965	tags=13%, list=10%, signal=14%	
GOBP_NEURON_FATE_COMMITMENT	GOBP_NEURON_FATE_COMMITMENT		71	0.25966546	0.77647406	0.8548124	0.9293057	1.0	4344	tags=30%, list=22%, signal=38%	
GOBP_RENAL_SODIUM_ION_TRANSPORT	GOBP_RENAL_SODIUM_ION_TRANSPORT		15	0.34062865	0.77557546	0.73773587	0.9303368	1.0	2106	tags=20%, list=11%, signal=22%	
GOBP_RESPIRATORY_GASEOUS_EXCHANGE_BY_RESPIRATORY_SYSTEM	GOBP_RESPIRATORY_GASEOUS_EXCHANGE_BY_RESPIRATORY_SYSTEM		74	0.26016185	0.77513236	0.8690096	0.9306716	1.0	2573	tags=15%, list=13%, signal=17%	
GOBP_RESPONSE_TO_THYROID_HORMONE	GOBP_RESPONSE_TO_THYROID_HORMONE		23	0.3189839	0.7739298	0.7553192	0.93212277	1.0	3727	tags=30%, list=19%, signal=38%	
GOCC_9PLUS2_MOTILE_CILIUM	GOCC_9PLUS2_MOTILE_CILIUM		163	0.22855702	0.77383727	0.9395218	0.9319449	1.0	1858	tags=10%, list=10%, signal=11%	
GOBP_POSITIVE_REGULATION_OF_VASCULAR_ENDOTHELIAL_CELL_PROLIFERATION	GOBP_POSITIVE_REGULATION_OF_VASCULAR_ENDOTHELIAL_CELL_PROLIFERATION		18	0.32995027	0.77172726	0.77264655	0.93465304	1.0	606	tags=11%, list=3%, signal=11%	
GOBP_PYRIMIDINE_DEOXYRIBONUCLEOTIDE_METABOLIC_PROCESS	GOBP_PYRIMIDINE_DEOXYRIBONUCLEOTIDE_METABOLIC_PROCESS		23	0.31753725	0.7708729	0.77959925	0.9355644	1.0	3060	tags=22%, list=16%, signal=26%	
GOCC_CYTOSOLIC_LARGE_RIBOSOMAL_SUBUNIT	GOCC_CYTOSOLIC_LARGE_RIBOSOMAL_SUBUNIT		54	0.26758265	0.7706525	0.8324958	0.93556917	1.0	5098	tags=39%, list=26%, signal=53%	
GOBP_CENTROSOME_DUPLICATION	GOBP_CENTROSOME_DUPLICATION		72	0.25770912	0.77035505	0.8734375	0.93568444	1.0	2495	tags=14%, list=13%, signal=16%	
GOBP_ANGIOTENSIN_ACTIVATED_SIGNALING_PATHWAY	GOBP_ANGIOTENSIN_ACTIVATED_SIGNALING_PATHWAY		18	0.34233633	0.7702784	0.75238097	0.9354821	1.0	1714	tags=17%, list=9%, signal=18%	
GOBP_REGULATION_OF_MUSCLE_ORGAN_DEVELOPMENT	GOBP_REGULATION_OF_MUSCLE_ORGAN_DEVELOPMENT		22	0.31752333	0.7689301	0.7740213	0.93710846	1.0	1814	tags=18%, list=9%, signal=20%	
GOBP_PROTEIN_SUMOYLATION	GOBP_PROTEIN_SUMOYLATION		65	0.26245332	0.76705295	0.87903225	0.9394505	1.0	811	tags=8%, list=4%, signal=8%	
GOBP_EXOCYTIC_PROCESS	GOBP_EXOCYTIC_PROCESS		76	0.25469452	0.76702344	0.89320385	0.93917453	1.0	1840	tags=13%, list=9%, signal=14%	
GOBP_NUCLEAR_MEMBRANE_ORGANIZATION	GOBP_NUCLEAR_MEMBRANE_ORGANIZATION		44	0.273214	0.7660614	0.84615386	0.9401893	1.0	3221	tags=16%, list=17%, signal=19%	
GOCC_PRESYNAPTIC_MEMBRANE	GOCC_PRESYNAPTIC_MEMBRANE		167	0.23026966	0.76570725	0.954023	0.94037145	1.0	3692	tags=22%, list=19%, signal=27%	
GOBP_REGULATION_OF_CELL_COMMUNICATION_BY_ELECTRICAL_COUPLING	GOBP_REGULATION_OF_CELL_COMMUNICATION_BY_ELECTRICAL_COUPLING		16	0.33841643	0.7651025	0.7756286	0.94089884	1.0	3527	tags=31%, list=18%, signal=38%	
GOBP_OLIGOSACCHARIDE_METABOLIC_PROCESS	GOBP_OLIGOSACCHARIDE_METABOLIC_PROCESS		67	0.26113313	0.7647953	0.88906753	0.9410104	1.0	4715	tags=33%, list=24%, signal=43%	
GOBP_REGULATION_OF_MACROPHAGE_DIFFERENTIATION	GOBP_REGULATION_OF_MACROPHAGE_DIFFERENTIATION		23	0.31748277	0.7640713	0.7829861	0.94168127	1.0	2654	tags=22%, list=14%, signal=25%	
GOBP_BRANCHING_INVOLVED_IN_SALIVARY_GLAND_MORPHOGENESIS	GOBP_BRANCHING_INVOLVED_IN_SALIVARY_GLAND_MORPHOGENESIS		21	0.3143397	0.7634091	0.7963303	0.9422456	1.0	2156	tags=29%, list=11%, signal=32%	
GOMF_AMINO_ACID_MONOATOMIC_CATION_SYMPORTER_ACTIVITY	GOMF_AMINO_ACID_MONOATOMIC_CATION_SYMPORTER_ACTIVITY		29	0.29721674	0.76292354	0.8067376	0.9426038	1.0	2163	tags=17%, list=11%, signal=19%	
GOBP_CELLULAR_RESPONSE_TO_GAMMA_RADIATION	GOBP_CELLULAR_RESPONSE_TO_GAMMA_RADIATION		24	0.3062385	0.7626064	0.80255944	0.94271463	1.0	2395	tags=13%, list=12%, signal=14%	
GOCC_ENDOLYSOSOME	GOCC_ENDOLYSOSOME		28	0.28946483	0.7624813	0.8212996	0.9425658	1.0	3371	tags=29%, list=17%, signal=35%	
GOBP_INTESTINAL_EPITHELIAL_CELL_DIFFERENTIATION	GOBP_INTESTINAL_EPITHELIAL_CELL_DIFFERENTIATION		27	0.3048218	0.76102555	0.83522725	0.9441997	1.0	3578	tags=33%, list=18%, signal=41%	
GOMF_NUCLEAR_RECEPTOR_BINDING	GOMF_NUCLEAR_RECEPTOR_BINDING		134	0.23220913	0.7604197	0.92690057	0.9446927	1.0	3005	tags=17%, list=15%, signal=20%	
GOBP_ESTABLISHMENT_OF_TISSUE_POLARITY	GOBP_ESTABLISHMENT_OF_TISSUE_POLARITY		36	0.29085043	0.7604147	0.81450254	0.9443803	1.0	20	tags=3%, list=0%, signal=3%	
GOBP_POSITIVE_REGULATION_OF_PROTEIN_LOCALIZATION_TO_PLASMA_MEMBRANE	GOBP_POSITIVE_REGULATION_OF_PROTEIN_LOCALIZATION_TO_PLASMA_MEMBRANE		61	0.26073933	0.76041126	0.86860067	0.9440713	1.0	2983	tags=23%, list=15%, signal=27%	
GOBP_GLIAL_CELL_APOPTOTIC_PROCESS	GOBP_GLIAL_CELL_APOPTOTIC_PROCESS		17	0.3232813	0.7586906	0.7837838	0.9460321	1.0	4251	tags=53%, list=22%, signal=68%	
GOBP_RESPONSE_TO_LIGHT_STIMULUS	GOBP_RESPONSE_TO_LIGHT_STIMULUS		306	0.21145068	0.7582299	0.9960578	0.946332	1.0	3204	tags=16%, list=16%, signal=19%	
GOMF_ELECTRON_TRANSFER_ACTIVITY	GOMF_ELECTRON_TRANSFER_ACTIVITY		98	0.24257621	0.7572775	0.9114504	0.94726974	1.0	1097	tags=7%, list=6%, signal=8%	
GOBP_TRANSPORT_OF_VIRUS	GOBP_TRANSPORT_OF_VIRUS		22	0.3205581	0.75674474	0.7935943	0.9476141	1.0	3231	tags=27%, list=17%, signal=33%	
GOBP_PROTEIN_EXPORT_FROM_NUCLEUS	GOBP_PROTEIN_EXPORT_FROM_NUCLEUS		59	0.26034406	0.7565584	0.88511324	0.9475367	1.0	2362	tags=19%, list=12%, signal=21%	
GOBP_REGULATION_OF_INTRINSIC_APOPTOTIC_SIGNALING_PATHWAY_IN_RESPONSE_TO_DNA_DAMAGE_BY_P53_CLASS_MEDIATOR	GOBP_REGULATION_OF_INTRINSIC_APOPTOTIC_SIGNALING_PATHWAY_IN_RESPONSE_TO_DNA_DAMAGE_BY_P53_CLASS_MEDIATOR		15	0.33938795	0.75645155	0.80859375	0.9473588	1.0	3826	tags=40%, list=20%, signal=50%	
GOBP_MAMMARY_GLAND_EPITHELIAL_CELL_PROLIFERATION	GOBP_MAMMARY_GLAND_EPITHELIAL_CELL_PROLIFERATION		26	0.29882848	0.75636125	0.82631576	0.94716007	1.0	135	tags=4%, list=1%, signal=4%	
GOBP_MALE_MEIOSIS_I	GOBP_MALE_MEIOSIS_I		24	0.3107997	0.75627583	0.8056075	0.9469639	1.0	4500	tags=38%, list=23%, signal=49%	
GOBP_LATE_ENDOSOME_TO_LYSOSOME_TRANSPORT	GOBP_LATE_ENDOSOME_TO_LYSOSOME_TRANSPORT		21	0.31446832	0.75531024	0.81294966	0.9478474	1.0	840	tags=10%, list=4%, signal=10%	
GOBP_HYPEROSMOTIC_RESPONSE	GOBP_HYPEROSMOTIC_RESPONSE		27	0.29447338	0.75411016	0.8327526	0.94905514	1.0	3190	tags=30%, list=16%, signal=35%	
GOBP_PROTEIN_CONTAINING_COMPLEX_DISASSEMBLY	GOBP_PROTEIN_CONTAINING_COMPLEX_DISASSEMBLY		240	0.21664043	0.75311387	0.9839142	0.94997054	1.0	3376	tags=20%, list=17%, signal=24%	
GOBP_NEUROMUSCULAR_JUNCTION_DEVELOPMENT	GOBP_NEUROMUSCULAR_JUNCTION_DEVELOPMENT		52	0.2661634	0.75295687	0.8764608	0.9498543	1.0	2535	tags=17%, list=13%, signal=20%	
GOBP_POSITIVE_REGULATION_OF_PROTEIN_BINDING	GOBP_POSITIVE_REGULATION_OF_PROTEIN_BINDING		48	0.2679433	0.7528398	0.85524124	0.9496921	1.0	1517	tags=17%, list=8%, signal=18%	
GOMF_PROTEIN_MEMBRANE_ADAPTOR_ACTIVITY	GOMF_PROTEIN_MEMBRANE_ADAPTOR_ACTIVITY		34	0.28687212	0.75241625	0.8265139	0.9499189	1.0	616	tags=9%, list=3%, signal=9%	
GOBP_REGULATION_OF_CENTROSOME_CYCLE	GOBP_REGULATION_OF_CENTROSOME_CYCLE		50	0.263567	0.7522973	0.8639456	0.9497545	1.0	2495	tags=14%, list=13%, signal=16%	
GOBP_PROTEIN_KINASE_A_SIGNALING	GOBP_PROTEIN_KINASE_A_SIGNALING		38	0.277158	0.7520739	0.8429319	0.9497194	1.0	3066	tags=24%, list=16%, signal=28%	
GOBP_ASYMMETRIC_CELL_DIVISION	GOBP_ASYMMETRIC_CELL_DIVISION		19	0.3230361	0.751833	0.79962194	0.9497151	1.0	4647	tags=53%, list=24%, signal=69%	
GOBP_MEMBRANE_LIPID_CATABOLIC_PROCESS	GOBP_MEMBRANE_LIPID_CATABOLIC_PROCESS		49	0.26712692	0.7505096	0.87768596	0.95102525	1.0	1578	tags=14%, list=8%, signal=16%	
GOBP_NEGATIVE_REGULATION_OF_PROTEIN_LOCALIZATION_TO_NUCLEUS	GOBP_NEGATIVE_REGULATION_OF_PROTEIN_LOCALIZATION_TO_NUCLEUS		34	0.28891233	0.74970406	0.85077184	0.9517107	1.0	1764	tags=12%, list=9%, signal=13%	
GOMF_CHROMATIN_DNA_BINDING	GOMF_CHROMATIN_DNA_BINDING		103	0.23572533	0.7483523	0.9405488	0.95300657	1.0	2926	tags=14%, list=15%, signal=16%	
GOBP_POSITIVE_REGULATION_OF_DNA_BIOSYNTHETIC_PROCESS	GOBP_POSITIVE_REGULATION_OF_DNA_BIOSYNTHETIC_PROCESS		68	0.25284418	0.74769944	0.8817204	0.95348054	1.0	4157	tags=32%, list=21%, signal=41%	
GOBP_REGULATION_OF_ADENYLATE_CYCLASE_ACTIVITY	GOBP_REGULATION_OF_ADENYLATE_CYCLASE_ACTIVITY		43	0.27155036	0.74738675	0.8811189	0.95351535	1.0	2439	tags=16%, list=13%, signal=19%	
GOBP_SERINE_PHOSPHORYLATION_OF_STAT_PROTEIN	GOBP_SERINE_PHOSPHORYLATION_OF_STAT_PROTEIN		23	0.30844373	0.74736243	0.81226766	0.9532285	1.0	3637	tags=17%, list=19%, signal=21%	
GOBP_POSITIVE_REGULATION_OF_MACROAUTOPHAGY	GOBP_POSITIVE_REGULATION_OF_MACROAUTOPHAGY		80	0.24443564	0.7469405	0.9257504	0.95341855	1.0	3087	tags=20%, list=16%, signal=24%	
GOBP_B_CELL_APOPTOTIC_PROCESS	GOBP_B_CELL_APOPTOTIC_PROCESS		25	0.29900947	0.746921	0.81306714	0.9531236	1.0	1433	tags=16%, list=7%, signal=17%	
GOMF_LIPID_KINASE_ACTIVITY	GOMF_LIPID_KINASE_ACTIVITY		40	0.27118275	0.7469098	0.8695652	0.9528209	1.0	1051	tags=10%, list=5%, signal=11%	
GOMF_RIBOSOMAL_SMALL_SUBUNIT_BINDING	GOMF_RIBOSOMAL_SMALL_SUBUNIT_BINDING		17	0.33634657	0.7467226	0.7714286	0.9527343	1.0	1248	tags=12%, list=6%, signal=13%	
GOBP_INTRACELLULAR_LIPID_TRANSPORT	GOBP_INTRACELLULAR_LIPID_TRANSPORT		44	0.27123147	0.74643296	0.86243385	0.95275104	1.0	2749	tags=25%, list=14%, signal=29%	
GOBP_REGULATION_OF_OLIGODENDROCYTE_DIFFERENTIATION	GOBP_REGULATION_OF_OLIGODENDROCYTE_DIFFERENTIATION		44	0.26971102	0.7451272	0.8685524	0.95399	1.0	3164	tags=23%, list=16%, signal=27%	
GOBP_REGULATION_OF_EXECUTION_PHASE_OF_APOPTOSIS	GOBP_REGULATION_OF_EXECUTION_PHASE_OF_APOPTOSIS		21	0.30533904	0.7448001	0.8087954	0.95407224	1.0	3692	tags=33%, list=19%, signal=41%	
GOBP_NEGATIVE_REGULATION_OF_CELL_CYCLE_G2_M_PHASE_TRANSITION	GOBP_NEGATIVE_REGULATION_OF_CELL_CYCLE_G2_M_PHASE_TRANSITION		60	0.2540037	0.74476177	0.8954469	0.9538011	1.0	2718	tags=17%, list=14%, signal=19%	
GOBP_PROTEIN_DEPHOSPHORYLATION	GOBP_PROTEIN_DEPHOSPHORYLATION		189	0.21789664	0.7443177	0.96353436	0.95401686	1.0	3880	tags=28%, list=20%, signal=34%	
GOBP_REGULATION_OF_MITOCHONDRIAL_MEMBRANE_POTENTIAL	GOBP_REGULATION_OF_MITOCHONDRIAL_MEMBRANE_POTENTIAL		66	0.25424695	0.7440938	0.8894231	0.9539369	1.0	3395	tags=24%, list=17%, signal=29%	
GOCC_SCF_UBIQUITIN_LIGASE_COMPLEX	GOCC_SCF_UBIQUITIN_LIGASE_COMPLEX		57	0.2576675	0.7435477	0.8923328	0.95427954	1.0	2465	tags=16%, list=13%, signal=18%	
GOBP_RESPONSE_TO_IONIZING_RADIATION	GOBP_RESPONSE_TO_IONIZING_RADIATION		128	0.22593892	0.7428711	0.9622093	0.9547658	1.0	3212	tags=14%, list=17%, signal=17%	
GOBP_ENDOSOME_TO_LYSOSOME_TRANSPORT_VIA_MULTIVESICULAR_BODY_SORTING_PATHWAY	GOBP_ENDOSOME_TO_LYSOSOME_TRANSPORT_VIA_MULTIVESICULAR_BODY_SORTING_PATHWAY		17	0.32088065	0.74071145	0.789272	0.95694387	1.0	1187	tags=12%, list=6%, signal=13%	
GOBP_MICROTUBULE_NUCLEATION	GOBP_MICROTUBULE_NUCLEATION		42	0.27273387	0.7405687	0.85615253	0.9567897	1.0	3698	tags=29%, list=19%, signal=35%	
GOBP_RESPONSE_TO_MUSCLE_ACTIVITY	GOBP_RESPONSE_TO_MUSCLE_ACTIVITY		23	0.30479577	0.7402592	0.83512545	0.9568294	1.0	3181	tags=30%, list=16%, signal=36%	
GOBP_REGULATION_OF_ANOIKIS	GOBP_REGULATION_OF_ANOIKIS		23	0.2997208	0.73867077	0.8379374	0.958319	1.0	3585	tags=35%, list=18%, signal=43%	
GOBP_REGULATION_OF_PH	GOBP_REGULATION_OF_PH		102	0.23381028	0.73850715	0.9643411	0.9581924	1.0	2517	tags=14%, list=13%, signal=16%	
GOMF_MODIFIED_AMINO_ACID_TRANSMEMBRANE_TRANSPORTER_ACTIVITY	GOMF_MODIFIED_AMINO_ACID_TRANSMEMBRANE_TRANSPORTER_ACTIVITY		30	0.28933385	0.73839146	0.8472998	0.958011	1.0	1870	tags=17%, list=10%, signal=18%	
GOBP_CHOLESTEROL_STORAGE	GOBP_CHOLESTEROL_STORAGE		23	0.30329642	0.7366588	0.83244205	0.95962673	1.0	3254	tags=35%, list=17%, signal=42%	
GOBP_POSITIVE_REGULATION_OF_INTRACELLULAR_TRANSPORT	GOBP_POSITIVE_REGULATION_OF_INTRACELLULAR_TRANSPORT		132	0.22567907	0.73577386	0.9576138	0.9602749	1.0	2485	tags=16%, list=13%, signal=18%	
GOBP_NEGATIVE_REGULATION_OF_CILIUM_ASSEMBLY	GOBP_NEGATIVE_REGULATION_OF_CILIUM_ASSEMBLY		19	0.31645063	0.7356692	0.81359226	0.9600754	1.0	4410	tags=37%, list=23%, signal=48%	
GOMF_HEAT_SHOCK_PROTEIN_BINDING	GOMF_HEAT_SHOCK_PROTEIN_BINDING		120	0.22698039	0.73549163	0.958021	0.9599511	1.0	3887	tags=26%, list=20%, signal=32%	
GOBP_T_CELL_HOMEOSTASIS	GOBP_T_CELL_HOMEOSTASIS		45	0.26756653	0.7354624	0.8885246	0.95967025	1.0	2515	tags=18%, list=13%, signal=20%	
GOBP_POSITIVE_REGULATION_OF_MACROPHAGE_DIFFERENTIATION	GOBP_POSITIVE_REGULATION_OF_MACROPHAGE_DIFFERENTIATION		15	0.33430895	0.73478746	0.8214286	0.9601001	1.0	3874	tags=33%, list=20%, signal=42%	
GOBP_NEGATIVE_REGULATION_OF_TUMOR_NECROSIS_FACTOR_MEDIATED_SIGNALING_PATHWAY	GOBP_NEGATIVE_REGULATION_OF_TUMOR_NECROSIS_FACTOR_MEDIATED_SIGNALING_PATHWAY		26	0.29394498	0.73441017	0.8429603	0.96022254	1.0	3543	tags=35%, list=18%, signal=42%	
GOCC_CENTRIOLE	GOCC_CENTRIOLE		143	0.22151582	0.73369145	0.9713467	0.96070546	1.0	3859	tags=25%, list=20%, signal=31%	
GOBP_EPIGENETIC_PROGRAMMING_OF_GENE_EXPRESSION	GOBP_EPIGENETIC_PROGRAMMING_OF_GENE_EXPRESSION		30	0.28552166	0.7336374	0.8392555	0.9604501	1.0	3846	tags=27%, list=20%, signal=33%	
GOBP_MEIOSIS_I_CELL_CYCLE_PROCESS	GOBP_MEIOSIS_I_CELL_CYCLE_PROCESS		117	0.22605602	0.7335474	0.96920824	0.96023726	1.0	2605	tags=12%, list=13%, signal=14%	
GOCC_GTPASE_COMPLEX	GOCC_GTPASE_COMPLEX		38	0.2707608	0.73247355	0.8645833	0.96111506	1.0	2433	tags=24%, list=13%, signal=27%	
GOBP_REGULATION_OF_MITOCHONDRIAL_MEMBRANE_PERMEABILITY_INVOLVED_IN_APOPTOTIC_PROCESS	GOBP_REGULATION_OF_MITOCHONDRIAL_MEMBRANE_PERMEABILITY_INVOLVED_IN_APOPTOTIC_PROCESS		37	0.2710014	0.7324577	0.875	0.96081513	1.0	3178	tags=24%, list=16%, signal=29%	
GOBP_MONOCARBOXYLIC_ACID_CATABOLIC_PROCESS	GOBP_MONOCARBOXYLIC_ACID_CATABOLIC_PROCESS		125	0.22594702	0.73228186	0.9544073	0.9606717	1.0	3039	tags=17%, list=16%, signal=20%	
GOBP_INSULIN_SECRETION_INVOLVED_IN_CELLULAR_RESPONSE_TO_GLUCOSE_STIMULUS	GOBP_INSULIN_SECRETION_INVOLVED_IN_CELLULAR_RESPONSE_TO_GLUCOSE_STIMULUS		59	0.25333193	0.7316626	0.8899836	0.96099854	1.0	1206	tags=7%, list=6%, signal=7%	
GOMF_POLY_A_BINDING	GOMF_POLY_A_BINDING		24	0.2933856	0.73121285	0.8468468	0.96119153	1.0	3546	tags=29%, list=18%, signal=36%	
GOBP_REGULATION_OF_MESENCHYMAL_CELL_PROLIFERATION	GOBP_REGULATION_OF_MESENCHYMAL_CELL_PROLIFERATION		31	0.28046885	0.73041636	0.8554007	0.9617222	1.0	4125	tags=39%, list=21%, signal=49%	
GOBP_NEGATIVE_REGULATION_OF_CYCLASE_ACTIVITY	GOBP_NEGATIVE_REGULATION_OF_CYCLASE_ACTIVITY		15	0.32166508	0.7301499	0.8094374	0.96167743	1.0	2439	tags=20%, list=13%, signal=23%	
GOBP_PEPTIDYL_LYSINE_MODIFICATION	GOBP_PEPTIDYL_LYSINE_MODIFICATION		136	0.22299401	0.7296288	0.96622616	0.96192193	1.0	1931	tags=11%, list=10%, signal=12%	
GOBP_GLANDULAR_EPITHELIAL_CELL_DEVELOPMENT	GOBP_GLANDULAR_EPITHELIAL_CELL_DEVELOPMENT		33	0.27594233	0.72931856	0.8643761	0.9619387	1.0	3140	tags=24%, list=16%, signal=29%	
GOBP_SPINDLE_ORGANIZATION	GOBP_SPINDLE_ORGANIZATION		188	0.21268557	0.7285394	0.97979796	0.9624419	1.0	2970	tags=15%, list=15%, signal=17%	
GOMF_LONG_CHAIN_FATTY_ACID_TRANSMEMBRANE_TRANSPORTER_ACTIVITY	GOMF_LONG_CHAIN_FATTY_ACID_TRANSMEMBRANE_TRANSPORTER_ACTIVITY		16	0.32117638	0.7283538	0.807767	0.96231735	1.0	2900	tags=31%, list=15%, signal=37%	
GOBP_LAMELLIPODIUM_MORPHOGENESIS	GOBP_LAMELLIPODIUM_MORPHOGENESIS		18	0.31622323	0.7282838	0.83157897	0.962074	1.0	3698	tags=33%, list=19%, signal=41%	
GOBP_POSITIVE_REGULATION_OF_ADENYLATE_CYCLASE_ACTIVITY	GOBP_POSITIVE_REGULATION_OF_ADENYLATE_CYCLASE_ACTIVITY		29	0.28724742	0.72825104	0.8497409	0.9617956	1.0	1602	tags=14%, list=8%, signal=15%	
GOBP_POSITIVE_REGULATION_OF_NEURON_MIGRATION	GOBP_POSITIVE_REGULATION_OF_NEURON_MIGRATION		16	0.32137582	0.727828	0.7868526	0.96193624	1.0	1330	tags=19%, list=7%, signal=20%	
GOBP_XENOBIOTIC_TRANSMEMBRANE_TRANSPORT	GOBP_XENOBIOTIC_TRANSMEMBRANE_TRANSPORT		15	0.32759595	0.7277793	0.8258317	0.9616702	1.0	1636	tags=20%, list=8%, signal=22%	
GOBP_REGULATION_OF_SPINDLE_ASSEMBLY	GOBP_REGULATION_OF_SPINDLE_ASSEMBLY		32	0.27778	0.72774535	0.862254	0.9613921	1.0	2388	tags=16%, list=12%, signal=18%	
GOBP_DEOXYRIBONUCLEOSIDE_MONOPHOSPHATE_METABOLIC_PROCESS	GOBP_DEOXYRIBONUCLEOSIDE_MONOPHOSPHATE_METABOLIC_PROCESS		24	0.29565164	0.7260145	0.83558995	0.9628538	1.0	3060	tags=25%, list=16%, signal=30%	
GOBP_RESPONSE_TO_IMMOBILIZATION_STRESS	GOBP_RESPONSE_TO_IMMOBILIZATION_STRESS		26	0.2878795	0.725626	0.88745385	0.9629362	1.0	3915	tags=35%, list=20%, signal=43%	
GOCC_NON_MOTILE_CILIUM	GOCC_NON_MOTILE_CILIUM		150	0.21853916	0.72546	0.977433	0.96279204	1.0	2291	tags=11%, list=12%, signal=12%	
GOBP_STRIATUM_DEVELOPMENT	GOBP_STRIATUM_DEVELOPMENT		21	0.30335537	0.72492003	0.81867146	0.9630371	1.0	1994	tags=14%, list=10%, signal=16%	
GOBP_REGULATION_OF_MITOCHONDRIAL_DEPOLARIZATION	GOBP_REGULATION_OF_MITOCHONDRIAL_DEPOLARIZATION		20	0.30682528	0.7247644	0.8336484	0.96288365	1.0	2190	tags=20%, list=11%, signal=23%	
GOBP_NEGATIVE_REGULATION_OF_DEPHOSPHORYLATION	GOBP_NEGATIVE_REGULATION_OF_DEPHOSPHORYLATION		29	0.28916657	0.723272	0.87456447	0.9640493	1.0	3281	tags=31%, list=17%, signal=37%	
GOBP_NUCLEOTIDE_TRANSMEMBRANE_TRANSPORT	GOBP_NUCLEOTIDE_TRANSMEMBRANE_TRANSPORT		29	0.28421715	0.7221848	0.87713313	0.96480733	1.0	3057	tags=28%, list=16%, signal=33%	
GOBP_TRANSPOSITION	GOBP_TRANSPOSITION		31	0.27854595	0.72209805	0.8681898	0.96457905	1.0	800	tags=10%, list=4%, signal=10%	
GOBP_LOCOMOTOR_RHYTHM	GOBP_LOCOMOTOR_RHYTHM		16	0.31566066	0.7219166	0.8365019	0.96443963	1.0	2924	tags=31%, list=15%, signal=37%	
GOBP_OLIGOSACCHARIDE_BIOSYNTHETIC_PROCESS	GOBP_OLIGOSACCHARIDE_BIOSYNTHETIC_PROCESS		29	0.2836128	0.72189575	0.846293	0.9641472	1.0	1775	tags=14%, list=9%, signal=15%	
GOBP_LYMPH_VESSEL_MORPHOGENESIS	GOBP_LYMPH_VESSEL_MORPHOGENESIS		22	0.29784253	0.7214329	0.84171325	0.9642711	1.0	2961	tags=27%, list=15%, signal=32%	
GOBP_PIGMENT_GRANULE_ORGANIZATION	GOBP_PIGMENT_GRANULE_ORGANIZATION		39	0.26447645	0.7211735	0.8927336	0.96420187	1.0	2169	tags=21%, list=11%, signal=23%	
GOBP_PEPTIDYL_THREONINE_DEPHOSPHORYLATION	GOBP_PEPTIDYL_THREONINE_DEPHOSPHORYLATION		16	0.3185663	0.71960336	0.83733827	0.96541953	1.0	5383	tags=50%, list=28%, signal=69%	
GOMF_PHOSPHATASE_ACTIVATOR_ACTIVITY	GOMF_PHOSPHATASE_ACTIVATOR_ACTIVITY		18	0.30555892	0.7188178	0.8464351	0.9658811	1.0	2305	tags=17%, list=12%, signal=19%	
GOBP_HEART_TRABECULA_FORMATION	GOBP_HEART_TRABECULA_FORMATION		15	0.32313994	0.71868575	0.83208954	0.96569717	1.0	1825	tags=20%, list=9%, signal=22%	
GOBP_PROTEIN_TARGETING_TO_LYSOSOME	GOBP_PROTEIN_TARGETING_TO_LYSOSOME		32	0.2750051	0.71837217	0.8915663	0.96568394	1.0	2554	tags=16%, list=13%, signal=18%	
GOBP_SCHWANN_CELL_DIFFERENTIATION	GOBP_SCHWANN_CELL_DIFFERENTIATION		47	0.2548034	0.71829003	0.9180602	0.9654468	1.0	2003	tags=17%, list=10%, signal=19%	
GOBP_CENTRIOLE_ASSEMBLY	GOBP_CENTRIOLE_ASSEMBLY		44	0.2595208	0.71760386	0.872449	0.9657862	1.0	2081	tags=14%, list=11%, signal=15%	
GOBP_PLACENTA_BLOOD_VESSEL_DEVELOPMENT	GOBP_PLACENTA_BLOOD_VESSEL_DEVELOPMENT		29	0.28181177	0.71732783	0.86856127	0.9657304	1.0	2728	tags=21%, list=14%, signal=24%	
GOBP_CIRCADIAN_SLEEP_WAKE_CYCLE_SLEEP	GOBP_CIRCADIAN_SLEEP_WAKE_CYCLE_SLEEP		16	0.31905743	0.7166878	0.84375	0.96602756	1.0	3395	tags=25%, list=17%, signal=30%	
GOBP_RESPONSE_TO_FOLLICLE_STIMULATING_HORMONE	GOBP_RESPONSE_TO_FOLLICLE_STIMULATING_HORMONE		16	0.3165371	0.71557784	0.83302414	0.9667647	1.0	3181	tags=25%, list=16%, signal=30%	
GOBP_POSITIVE_REGULATION_OF_ORGANELLE_ASSEMBLY	GOBP_POSITIVE_REGULATION_OF_ORGANELLE_ASSEMBLY		81	0.2337505	0.7152013	0.95886075	0.9668207	1.0	3997	tags=25%, list=21%, signal=31%	
GOMF_TRANSLATION_REGULATOR_ACTIVITY_NUCLEIC_ACID_BINDING	GOMF_TRANSLATION_REGULATOR_ACTIVITY_NUCLEIC_ACID_BINDING		103	0.2242576	0.715133	0.9682081	0.9665765	1.0	3242	tags=17%, list=17%, signal=21%	
GOMF_NEUROPEPTIDE_RECEPTOR_BINDING	GOMF_NEUROPEPTIDE_RECEPTOR_BINDING		33	0.272619	0.7139876	0.87543255	0.96732545	1.0	3681	tags=21%, list=19%, signal=26%	
GOBP_CERAMIDE_CATABOLIC_PROCESS	GOBP_CERAMIDE_CATABOLIC_PROCESS		21	0.29452488	0.7125211	0.85895115	0.9683777	1.0	2412	tags=19%, list=12%, signal=22%	
GOCC_OUTER_MEMBRANE	GOCC_OUTER_MEMBRANE		228	0.2053852	0.7123673	0.9934726	0.9682111	1.0	2905	tags=16%, list=15%, signal=19%	
GOBP_MICROTUBULE_BASED_MOVEMENT	GOBP_MICROTUBULE_BASED_MOVEMENT		375	0.19759166	0.71177965	0.9987453	0.9684119	1.0	3763	tags=20%, list=19%, signal=24%	
GOCC_M_BAND	GOCC_M_BAND		27	0.283268	0.71114403	0.88351256	0.96868753	1.0	4218	tags=41%, list=22%, signal=52%	
GOBP_RESPONSE_TO_UV	GOBP_RESPONSE_TO_UV		150	0.21369961	0.7108924	0.97574896	0.96860784	1.0	2022	tags=11%, list=10%, signal=13%	
GOCC_CUL3_RING_UBIQUITIN_LIGASE_COMPLEX	GOCC_CUL3_RING_UBIQUITIN_LIGASE_COMPLEX		39	0.257652	0.71063936	0.9297012	0.9685305	1.0	2638	tags=15%, list=14%, signal=18%	
GOCC_SODIUM_CHANNEL_COMPLEX	GOCC_SODIUM_CHANNEL_COMPLEX		23	0.29377484	0.71041447	0.863388	0.96841407	1.0	5130	tags=43%, list=26%, signal=59%	
GOBP_LONG_CHAIN_FATTY_ACID_BIOSYNTHETIC_PROCESS	GOBP_LONG_CHAIN_FATTY_ACID_BIOSYNTHETIC_PROCESS		27	0.2847959	0.71026796	0.86126125	0.9682456	1.0	3848	tags=22%, list=20%, signal=28%	
GOMF_ACETYLCHOLINE_GATED_MONOATOMIC_CATION_SELECTIVE_CHANNEL_ACTIVITY	GOMF_ACETYLCHOLINE_GATED_MONOATOMIC_CATION_SELECTIVE_CHANNEL_ACTIVITY		16	0.30999115	0.7098952	0.8472505	0.9682658	1.0	13406	tags=100%, list=69%, signal=323%	
GOBP_ATP_TRANSPORT	GOBP_ATP_TRANSPORT		19	0.30491328	0.7092587	0.87145555	0.96851975	1.0	5062	tags=53%, list=26%, signal=71%	
GOBP_PROGESTERONE_METABOLIC_PROCESS	GOBP_PROGESTERONE_METABOLIC_PROCESS		16	0.31022036	0.70857817	0.84139264	0.9688159	1.0	4457	tags=50%, list=23%, signal=65%	
GOBP_COPPER_ION_TRANSPORT	GOBP_COPPER_ION_TRANSPORT		17	0.3123709	0.70831555	0.84555984	0.9687348	1.0	2943	tags=35%, list=15%, signal=42%	
GOBP_POSITIVE_REGULATION_OF_SMOOTH_MUSCLE_CELL_DIFFERENTIATION	GOBP_POSITIVE_REGULATION_OF_SMOOTH_MUSCLE_CELL_DIFFERENTIATION		16	0.31188503	0.7082544	0.8479532	0.9684767	1.0	5492	tags=63%, list=28%, signal=87%	
GOCC_MITOTIC_SPINDLE	GOCC_MITOTIC_SPINDLE		173	0.20989905	0.70791507	0.9917582	0.96844643	1.0	2929	tags=16%, list=15%, signal=18%	
GOBP_NEGATIVE_REGULATION_OF_TOR_SIGNALING	GOBP_NEGATIVE_REGULATION_OF_TOR_SIGNALING		61	0.24180216	0.70740485	0.9655172	0.9685925	1.0	3998	tags=25%, list=21%, signal=31%	
GOBP_REGULATION_OF_ARP2_3_COMPLEX_MEDIATED_ACTIN_NUCLEATION	GOBP_REGULATION_OF_ARP2_3_COMPLEX_MEDIATED_ACTIN_NUCLEATION		22	0.29552868	0.7073593	0.8504202	0.9683184	1.0	2527	tags=18%, list=13%, signal=21%	
GOMF_PHOSPHATASE_INHIBITOR_ACTIVITY	GOMF_PHOSPHATASE_INHIBITOR_ACTIVITY		37	0.26006058	0.7069525	0.9081803	0.9683549	1.0	2096	tags=14%, list=11%, signal=15%	
GOMF_SOLUTE_POTASSIUM_ANTIPORTER_ACTIVITY	GOMF_SOLUTE_POTASSIUM_ANTIPORTER_ACTIVITY		19	0.30447719	0.7045322	0.8631387	0.9701259	1.0	4462	tags=32%, list=23%, signal=41%	
GOMF_PHOSPHOLIPID_TRANSPORTER_ACTIVITY	GOMF_PHOSPHOLIPID_TRANSPORTER_ACTIVITY		61	0.24051566	0.7032869	0.94563425	0.97088134	1.0	3218	tags=25%, list=17%, signal=29%	
GOMF_DYNEIN_INTERMEDIATE_CHAIN_BINDING	GOMF_DYNEIN_INTERMEDIATE_CHAIN_BINDING		30	0.26797122	0.701382	0.88828826	0.9722021	1.0	156	tags=3%, list=1%, signal=3%	
GOCC_TRANS_GOLGI_NETWORK_TRANSPORT_VESICLE	GOCC_TRANS_GOLGI_NETWORK_TRANSPORT_VESICLE		36	0.26532468	0.7008404	0.88363636	0.9723364	1.0	2606	tags=25%, list=13%, signal=29%	
GOBP_REGULATION_OF_MICROTUBULE_CYTOSKELETON_ORGANIZATION	GOBP_REGULATION_OF_MICROTUBULE_CYTOSKELETON_ORGANIZATION		152	0.20859882	0.70025814	0.9928876	0.9725146	1.0	3698	tags=22%, list=19%, signal=27%	
GOBP_REGULATION_OF_ANIMAL_ORGAN_FORMATION	GOBP_REGULATION_OF_ANIMAL_ORGAN_FORMATION		28	0.2794748	0.6998345	0.887522	0.9725693	1.0	3315	tags=29%, list=17%, signal=34%	
GOBP_POSITIVE_REGULATION_OF_INTERFERON_BETA_PRODUCTION	GOBP_POSITIVE_REGULATION_OF_INTERFERON_BETA_PRODUCTION		38	0.25640067	0.69954026	0.91537136	0.9725043	1.0	3592	tags=26%, list=18%, signal=32%	
GOCC_ACETYLCHOLINE_GATED_CHANNEL_COMPLEX	GOCC_ACETYLCHOLINE_GATED_CHANNEL_COMPLEX		16	0.30999118	0.6992969	0.85583943	0.97238886	1.0	13406	tags=100%, list=69%, signal=323%	
GOCC_FILOPODIUM_TIP	GOCC_FILOPODIUM_TIP		18	0.30003804	0.6982604	0.86174244	0.9729277	1.0	278	tags=6%, list=1%, signal=6%	
GOBP_CYTOSKELETON_DEPENDENT_INTRACELLULAR_TRANSPORT	GOBP_CYTOSKELETON_DEPENDENT_INTRACELLULAR_TRANSPORT		190	0.20439452	0.69783247	0.9986468	0.9729762	1.0	3763	tags=21%, list=19%, signal=25%	
GOCC_P_BODY	GOCC_P_BODY		92	0.22507331	0.6968646	0.97178686	0.9734441	1.0	4138	tags=25%, list=21%, signal=32%	
GOMF_NUCLEAR_RECEPTOR_COACTIVATOR_ACTIVITY	GOMF_NUCLEAR_RECEPTOR_COACTIVATOR_ACTIVITY		53	0.24103796	0.6965576	0.9465154	0.97338045	1.0	3980	tags=26%, list=20%, signal=33%	
GOBP_FATTY_ACID_HOMEOSTASIS	GOBP_FATTY_ACID_HOMEOSTASIS		16	0.30611637	0.6961261	0.88432837	0.9734214	1.0	1419	tags=13%, list=7%, signal=13%	
GOBP_FUCOSYLATION	GOBP_FUCOSYLATION		17	0.3101948	0.6946218	0.8610603	0.9742832	1.0	2853	tags=24%, list=15%, signal=28%	
GOBP_ENDOSOME_TRANSPORT_VIA_MULTIVESICULAR_BODY_SORTING_PATHWAY	GOBP_ENDOSOME_TRANSPORT_VIA_MULTIVESICULAR_BODY_SORTING_PATHWAY		39	0.25199217	0.6943795	0.9253472	0.97416085	1.0	4334	tags=33%, list=22%, signal=43%	
GOBP_SKELETAL_MUSCLE_SATELLITE_CELL_PROLIFERATION	GOBP_SKELETAL_MUSCLE_SATELLITE_CELL_PROLIFERATION		17	0.30973864	0.6935923	0.848659	0.97446406	1.0	3832	tags=35%, list=20%, signal=44%	
GOBP_CEREBELLAR_PURKINJE_CELL_LAYER_DEVELOPMENT	GOBP_CEREBELLAR_PURKINJE_CELL_LAYER_DEVELOPMENT		25	0.27741098	0.6933046	0.8631387	0.974375	1.0	1605	tags=16%, list=8%, signal=17%	
GOBP_NEGATIVE_REGULATION_OF_KERATINOCYTE_PROLIFERATION	GOBP_NEGATIVE_REGULATION_OF_KERATINOCYTE_PROLIFERATION		21	0.28915823	0.69329906	0.86372364	0.9740673	1.0	3763	tags=38%, list=19%, signal=47%	
GOBP_NEGATIVE_REGULATION_OF_AMIDE_METABOLIC_PROCESS	GOBP_NEGATIVE_REGULATION_OF_AMIDE_METABOLIC_PROCESS		23	0.28962353	0.6932756	0.8892922	0.9737754	1.0	3161	tags=26%, list=16%, signal=31%	
GOBP_REGULATION_OF_DENDRITE_EXTENSION	GOBP_REGULATION_OF_DENDRITE_EXTENSION		24	0.27812365	0.692461	0.8959436	0.97410065	1.0	2264	tags=17%, list=12%, signal=19%	
GOBP_LACTATE_METABOLIC_PROCESS	GOBP_LACTATE_METABOLIC_PROCESS		16	0.30254707	0.6906591	0.85658914	0.97522426	1.0	3005	tags=25%, list=15%, signal=30%	
GOBP_NEGATIVE_REGULATION_OF_CELL_DIVISION	GOBP_NEGATIVE_REGULATION_OF_CELL_DIVISION		15	0.30065733	0.6905752	0.86337763	0.97497755	1.0	3112	tags=20%, list=16%, signal=24%	
GOBP_RECEPTOR_CLUSTERING	GOBP_RECEPTOR_CLUSTERING		58	0.23933673	0.6896038	0.9274448	0.97540146	1.0	1427	tags=10%, list=7%, signal=11%	
GOBP_MITOTIC_G1_S_TRANSITION_CHECKPOINT_SIGNALING	GOBP_MITOTIC_G1_S_TRANSITION_CHECKPOINT_SIGNALING		30	0.2680664	0.6895941	0.9026549	0.9750958	1.0	912	tags=7%, list=5%, signal=7%	
GOMF_NUCLEOSIDE_MONOPHOSPHATE_KINASE_ACTIVITY	GOMF_NUCLEOSIDE_MONOPHOSPHATE_KINASE_ACTIVITY		20	0.29184914	0.6870657	0.8895238	0.97673225	1.0	4834	tags=30%, list=25%, signal=40%	
GOBP_INTRINSIC_APOPTOTIC_SIGNALING_PATHWAY_IN_RESPONSE_TO_DNA_DAMAGE_BY_P53_CLASS_MEDIATOR	GOBP_INTRINSIC_APOPTOTIC_SIGNALING_PATHWAY_IN_RESPONSE_TO_DNA_DAMAGE_BY_P53_CLASS_MEDIATOR		42	0.25294283	0.68687814	0.923339	0.97654766	1.0	4273	tags=31%, list=22%, signal=40%	
GOBP_ZINC_ION_TRANSPORT	GOBP_ZINC_ION_TRANSPORT		28	0.27310514	0.68662626	0.9003623	0.97641605	1.0	419	tags=7%, list=2%, signal=7%	
GOBP_SPINAL_CORD_MOTOR_NEURON_DIFFERENTIATION	GOBP_SPINAL_CORD_MOTOR_NEURON_DIFFERENTIATION		28	0.26770195	0.6865713	0.9044118	0.9761486	1.0	83	tags=4%, list=0%, signal=4%	
GOBP_REGULATION_OF_JUN_KINASE_ACTIVITY	GOBP_REGULATION_OF_JUN_KINASE_ACTIVITY		37	0.25610366	0.68604696	0.920742	0.97621095	1.0	3697	tags=27%, list=19%, signal=33%	
GOBP_MICROTUBULE_DEPOLYMERIZATION	GOBP_MICROTUBULE_DEPOLYMERIZATION		42	0.24763507	0.6856785	0.92962354	0.9761866	1.0	3535	tags=26%, list=18%, signal=32%	
GOBP_MALE_MEIOTIC_NUCLEAR_DIVISION	GOBP_MALE_MEIOTIC_NUCLEAR_DIVISION		46	0.2461776	0.6855574	0.9351702	0.9759625	1.0	3269	tags=20%, list=17%, signal=23%	
GOBP_LIGAND_GATED_ION_CHANNEL_SIGNALING_PATHWAY	GOBP_LIGAND_GATED_ION_CHANNEL_SIGNALING_PATHWAY		31	0.2645607	0.68505496	0.8956522	0.97599167	1.0	3606	tags=26%, list=19%, signal=32%	
GOBP_MYELOID_DENDRITIC_CELL_DIFFERENTIATION	GOBP_MYELOID_DENDRITIC_CELL_DIFFERENTIATION		20	0.28934675	0.68453187	0.8923077	0.97603744	1.0	2350	tags=20%, list=12%, signal=23%	
GOBP_ORGANELLE_TRANSPORT_ALONG_MICROTUBULE	GOBP_ORGANELLE_TRANSPORT_ALONG_MICROTUBULE		87	0.22236799	0.68430907	0.96682465	0.97587985	1.0	3732	tags=22%, list=19%, signal=27%	
GOMF_VOLTAGE_GATED_SODIUM_CHANNEL_ACTIVITY	GOMF_VOLTAGE_GATED_SODIUM_CHANNEL_ACTIVITY		23	0.2783985	0.6832876	0.899635	0.97630334	1.0	5130	tags=43%, list=26%, signal=59%	
GOBP_NEGATIVE_REGULATION_OF_MACROAUTOPHAGY	GOBP_NEGATIVE_REGULATION_OF_MACROAUTOPHAGY		34	0.2554333	0.68248695	0.91442955	0.9765647	1.0	3387	tags=21%, list=17%, signal=25%	
GOMF_SODIUM_CHANNEL_REGULATOR_ACTIVITY	GOMF_SODIUM_CHANNEL_REGULATOR_ACTIVITY		38	0.25496337	0.6817853	0.9295533	0.97676706	1.0	3305	tags=21%, list=17%, signal=25%	
GOBP_VIRAL_BUDDING	GOBP_VIRAL_BUDDING		25	0.2760778	0.6801419	0.9045045	0.97759604	1.0	1716	tags=12%, list=9%, signal=13%	
GOBP_NEGATIVE_REGULATION_OF_LYASE_ACTIVITY	GOBP_NEGATIVE_REGULATION_OF_LYASE_ACTIVITY		17	0.29396015	0.679972	0.8660377	0.9773898	1.0	2439	tags=18%, list=13%, signal=20%	
GOBP_RESPONSE_TO_LIGHT_INTENSITY	GOBP_RESPONSE_TO_LIGHT_INTENSITY		15	0.30510837	0.6799585	0.86326534	0.9770848	1.0	2349	tags=20%, list=12%, signal=23%	
GOMF_PROTEIN_DEMETHYLASE_ACTIVITY	GOMF_PROTEIN_DEMETHYLASE_ACTIVITY		24	0.2710801	0.6773918	0.9039548	0.9785501	1.0	3477	tags=33%, list=18%, signal=41%	
GOMF_TRANSCRIPTION_COREPRESSOR_BINDING	GOMF_TRANSCRIPTION_COREPRESSOR_BINDING		44	0.24551356	0.6773034	0.95286196	0.9782994	1.0	4199	tags=27%, list=22%, signal=35%	
GOCC_HISTONE_DEACETYLASE_COMPLEX	GOCC_HISTONE_DEACETYLASE_COMPLEX		76	0.22246398	0.6764393	0.97846156	0.97854894	1.0	2731	tags=14%, list=14%, signal=17%	
GOBP_NEGATIVE_REGULATION_OF_ANOIKIS	GOBP_NEGATIVE_REGULATION_OF_ANOIKIS		18	0.28951013	0.6763902	0.8677536	0.9782651	1.0	3585	tags=39%, list=18%, signal=48%	
GOBP_REGULATION_OF_SPINDLE_ORGANIZATION	GOBP_REGULATION_OF_SPINDLE_ORGANIZATION		45	0.24064207	0.6748096	0.9396985	0.9790139	1.0	2709	tags=18%, list=14%, signal=21%	
GOCC_PHOSPHATIDYLINOSITOL_3_KINASE_COMPLEX	GOCC_PHOSPHATIDYLINOSITOL_3_KINASE_COMPLEX		28	0.26460198	0.6733694	0.91463417	0.9796277	1.0	790	tags=11%, list=4%, signal=11%	
GOBP_REGULATORY_NCRNA_MEDIATED_GENE_SILENCING	GOBP_REGULATORY_NCRNA_MEDIATED_GENE_SILENCING		118	0.20848987	0.67318016	0.9878788	0.9794414	1.0	3480	tags=17%, list=18%, signal=21%	
GOBP_SYNAPTIC_VESICLE_TRANSPORT	GOBP_SYNAPTIC_VESICLE_TRANSPORT		41	0.246033	0.6728837	0.9347079	0.9793184	1.0	3019	tags=22%, list=16%, signal=26%	
GOCC_PML_BODY	GOCC_PML_BODY		106	0.21188807	0.67225826	0.9860465	0.9794081	1.0	2924	tags=14%, list=15%, signal=17%	
GOBP_ACTIN_NUCLEATION	GOBP_ACTIN_NUCLEATION		48	0.23955168	0.6714947	0.9412752	0.9795956	1.0	3354	tags=27%, list=17%, signal=33%	
GOBP_NEGATIVE_REGULATION_OF_RECEPTOR_INTERNALIZATION	GOBP_NEGATIVE_REGULATION_OF_RECEPTOR_INTERNALIZATION		16	0.29702997	0.67147607	0.87476283	0.9792968	1.0	4015	tags=38%, list=21%, signal=47%	
GOBP_NEGATIVE_REGULATION_OF_CYTOPLASMIC_PATTERN_RECOGNITION_RECEPTOR_SIGNALING_PATHWAY	GOBP_NEGATIVE_REGULATION_OF_CYTOPLASMIC_PATTERN_RECOGNITION_RECEPTOR_SIGNALING_PATHWAY		49	0.23748574	0.6703474	0.9553719	0.9796991	1.0	2875	tags=20%, list=15%, signal=24%	
GOCC_COPI_COATED_VESICLE	GOCC_COPI_COATED_VESICLE		24	0.27095765	0.6698828	0.9052632	0.97966415	1.0	2557	tags=17%, list=13%, signal=19%	
GOBP_PROTEIN_POLYUBIQUITINATION	GOBP_PROTEIN_POLYUBIQUITINATION		255	0.1896394	0.6697877	1.0	0.97941667	1.0	2539	tags=11%, list=13%, signal=13%	
GOMF_LIGAND_ACTIVATED_TRANSCRIPTION_FACTOR_ACTIVITY	GOMF_LIGAND_ACTIVATED_TRANSCRIPTION_FACTOR_ACTIVITY		53	0.23172776	0.66721445	0.94755244	0.9806895	1.0	2448	tags=13%, list=13%, signal=15%	
GOBP_NEGATIVE_REGULATION_OF_PROTEIN_DEPHOSPHORYLATION	GOBP_NEGATIVE_REGULATION_OF_PROTEIN_DEPHOSPHORYLATION		26	0.26121593	0.6668157	0.9281768	0.9806376	1.0	2986	tags=27%, list=15%, signal=32%	
GOBP_PYRIMIDINE_NUCLEOSIDE_MONOPHOSPHATE_METABOLIC_PROCESS	GOBP_PYRIMIDINE_NUCLEOSIDE_MONOPHOSPHATE_METABOLIC_PROCESS		21	0.2797143	0.6666136	0.9082569	0.98045397	1.0	3060	tags=29%, list=16%, signal=34%	
GOBP_PYRIMIDINE_NUCLEOTIDE_METABOLIC_PROCESS	GOBP_PYRIMIDINE_NUCLEOTIDE_METABOLIC_PROCESS		52	0.23429404	0.66631943	0.9404762	0.98031795	1.0	3276	tags=21%, list=17%, signal=25%	
GOMF_DNA_NUCLEASE_ACTIVITY	GOMF_DNA_NUCLEASE_ACTIVITY		61	0.22814626	0.666198	0.96464646	0.98008466	1.0	384	tags=3%, list=2%, signal=3%	
GOMF_TAU_PROTEIN_BINDING	GOMF_TAU_PROTEIN_BINDING		42	0.23958018	0.66042334	0.9601386	0.9831812	1.0	4203	tags=24%, list=22%, signal=30%	
GOBP_N_GLYCAN_PROCESSING	GOBP_N_GLYCAN_PROCESSING		17	0.28724638	0.66042125	0.89568347	0.9828718	1.0	1779	tags=12%, list=9%, signal=13%	
GOBP_CYTOPLASMIC_SEQUESTERING_OF_PROTEIN	GOBP_CYTOPLASMIC_SEQUESTERING_OF_PROTEIN		16	0.29959556	0.65953207	0.9065041	0.9830585	1.0	4571	tags=38%, list=24%, signal=49%	
GOBP_REGULATION_OF_CYTOPLASMIC_TRANSLATION	GOBP_REGULATION_OF_CYTOPLASMIC_TRANSLATION		35	0.24796171	0.6570538	0.9440678	0.98414016	1.0	4206	tags=37%, list=22%, signal=47%	
GOCC_COPI_COATED_VESICLE_MEMBRANE	GOCC_COPI_COATED_VESICLE_MEMBRANE		17	0.28586853	0.65643966	0.9023941	0.9841745	1.0	2557	tags=18%, list=13%, signal=20%	
GOMF_LYSINE_N_METHYLTRANSFERASE_ACTIVITY	GOMF_LYSINE_N_METHYLTRANSFERASE_ACTIVITY		51	0.2284082	0.65538496	0.97118646	0.9844427	1.0	1890	tags=14%, list=10%, signal=15%	
GOCC_KINETOCHORE_MICROTUBULE	GOCC_KINETOCHORE_MICROTUBULE		19	0.2827799	0.65526193	0.89612675	0.98419356	1.0	545	tags=5%, list=3%, signal=5%	
GOBP_REGULATION_OF_PROTEIN_EXPORT_FROM_NUCLEUS	GOBP_REGULATION_OF_PROTEIN_EXPORT_FROM_NUCLEUS		35	0.24391788	0.65227956	0.9474606	0.98545766	1.0	2362	tags=20%, list=12%, signal=23%	
GOBP_REGULATION_OF_TRANSCRIPTION_BY_RNA_POLYMERASE_I	GOBP_REGULATION_OF_TRANSCRIPTION_BY_RNA_POLYMERASE_I		40	0.23967215	0.65213424	0.9459459	0.98522395	1.0	4227	tags=30%, list=22%, signal=38%	
GOBP_REGULATION_OF_STEM_CELL_DIFFERENTIATION	GOBP_REGULATION_OF_STEM_CELL_DIFFERENTIATION		80	0.21343698	0.65184873	0.9862595	0.9850476	1.0	4272	tags=30%, list=22%, signal=38%	
GOBP_NEURAL_NUCLEUS_DEVELOPMENT	GOBP_NEURAL_NUCLEUS_DEVELOPMENT		61	0.22403371	0.64940345	0.9713322	0.98603404	1.0	2978	tags=13%, list=15%, signal=15%	
GOBP_CIRCADIAN_REGULATION_OF_GENE_EXPRESSION	GOBP_CIRCADIAN_REGULATION_OF_GENE_EXPRESSION		65	0.22092414	0.6486314	0.9868204	0.98612344	1.0	3629	tags=23%, list=19%, signal=28%	
GOBP_MICROTUBULE_ORGANIZING_CENTER_LOCALIZATION	GOBP_MICROTUBULE_ORGANIZING_CENTER_LOCALIZATION		31	0.24777757	0.64692634	0.9435337	0.9866828	1.0	2670	tags=19%, list=14%, signal=22%	
GOBP_MITOCHONDRIAL_GENOME_MAINTENANCE	GOBP_MITOCHONDRIAL_GENOME_MAINTENANCE		29	0.2521875	0.64531296	0.9435626	0.9871814	1.0	3346	tags=24%, list=17%, signal=29%	
GOBP_RAB_PROTEIN_SIGNAL_TRANSDUCTION	GOBP_RAB_PROTEIN_SIGNAL_TRANSDUCTION		21	0.27016208	0.6446443	0.9476534	0.9872044	1.0	1798	tags=19%, list=9%, signal=21%	
GOCC_ESCRT_COMPLEX	GOCC_ESCRT_COMPLEX		29	0.24877931	0.6409025	0.9424084	0.9886523	1.0	2781	tags=17%, list=14%, signal=20%	
GOMF_LIPID_PHOSPHATASE_ACTIVITY	GOMF_LIPID_PHOSPHATASE_ACTIVITY		18	0.2715467	0.6395609	0.93454546	0.9889714	1.0	1549	tags=11%, list=8%, signal=12%	
GOBP_VESICLE_DOCKING_INVOLVED_IN_EXOCYTOSIS	GOBP_VESICLE_DOCKING_INVOLVED_IN_EXOCYTOSIS		35	0.24062373	0.63954943	0.9528796	0.98866653	1.0	1382	tags=9%, list=7%, signal=9%	
GOBP_SPINDLE_ASSEMBLY	GOBP_SPINDLE_ASSEMBLY		121	0.19701502	0.63918585	0.9969789	0.9885326	1.0	2970	tags=15%, list=15%, signal=17%	
GOCC_MITOTIC_SPINDLE_POLE	GOCC_MITOTIC_SPINDLE_POLE		38	0.23443346	0.6380221	0.9656357	0.98875624	1.0	2920	tags=18%, list=15%, signal=22%	
GOMF_CHROMATIN_PROTEIN_ADAPTOR_ACTIVITY	GOMF_CHROMATIN_PROTEIN_ADAPTOR_ACTIVITY		27	0.25105754	0.63645744	0.94434136	0.9891588	1.0	5011	tags=33%, list=26%, signal=45%	
GOBP_POSITIVE_REGULATION_OF_CYCLIN_DEPENDENT_PROTEIN_KINASE_ACTIVITY	GOBP_POSITIVE_REGULATION_OF_CYCLIN_DEPENDENT_PROTEIN_KINASE_ACTIVITY		15	0.27502576	0.6342492	0.91907513	0.98981035	1.0	2879	tags=27%, list=15%, signal=31%	
GOBP_INTRACILIARY_TRANSPORT	GOBP_INTRACILIARY_TRANSPORT		41	0.22842494	0.6309946	0.9735099	0.9908801	1.0	1062	tags=5%, list=5%, signal=5%	
GOBP_PYRIMIDINE_NUCLEOTIDE_CATABOLIC_PROCESS	GOBP_PYRIMIDINE_NUCLEOTIDE_CATABOLIC_PROCESS		21	0.2614484	0.630583	0.92911875	0.99074036	1.0	3060	tags=19%, list=16%, signal=23%	
GOBP_NEGATIVE_REGULATION_OF_NEURAL_PRECURSOR_CELL_PROLIFERATION	GOBP_NEGATIVE_REGULATION_OF_NEURAL_PRECURSOR_CELL_PROLIFERATION		25	0.253935	0.6303078	0.93333334	0.99054235	1.0	4258	tags=32%, list=22%, signal=41%	
GOBP_COPPER_ION_HOMEOSTASIS	GOBP_COPPER_ION_HOMEOSTASIS		21	0.26334804	0.62951225	0.92045456	0.990554	1.0	2943	tags=29%, list=15%, signal=34%	
GOBP_NEGATIVE_REGULATION_OF_PHOSPHATASE_ACTIVITY	GOBP_NEGATIVE_REGULATION_OF_PHOSPHATASE_ACTIVITY		19	0.27084756	0.6294429	0.9255121	0.99027336	1.0	2156	tags=21%, list=11%, signal=24%	
GOBP_REGULATION_OF_INTEGRIN_MEDIATED_SIGNALING_PATHWAY	GOBP_REGULATION_OF_INTEGRIN_MEDIATED_SIGNALING_PATHWAY		20	0.267095	0.6287126	0.9310345	0.99028325	1.0	3260	tags=25%, list=17%, signal=30%	
GOMF_DEATH_RECEPTOR_BINDING	GOMF_DEATH_RECEPTOR_BINDING		21	0.26282585	0.62724316	0.9357143	0.9905782	1.0	2933	tags=24%, list=15%, signal=28%	
GOCC_SAGA_TYPE_COMPLEX	GOCC_SAGA_TYPE_COMPLEX		34	0.23756497	0.6265007	0.94774777	0.9905709	1.0	2608	tags=15%, list=13%, signal=17%	
GOBP_CELLULAR_RESPONSE_TO_HEAT	GOBP_CELLULAR_RESPONSE_TO_HEAT		62	0.21353798	0.626272	0.97865355	0.99035406	1.0	3795	tags=24%, list=20%, signal=30%	
GOMF_TRANSLATION_ELONGATION_FACTOR_ACTIVITY	GOMF_TRANSLATION_ELONGATION_FACTOR_ACTIVITY		19	0.27521712	0.6255506	0.91698843	0.99033576	1.0	1202	tags=11%, list=6%, signal=11%	
GOBP_RESPONSE_TO_GAMMA_RADIATION	GOBP_RESPONSE_TO_GAMMA_RADIATION		49	0.21943694	0.6254754	0.9847973	0.99005735	1.0	3858	tags=20%, list=20%, signal=25%	
GOBP_MUSCLE_CELL_CELLULAR_HOMEOSTASIS	GOBP_MUSCLE_CELL_CELLULAR_HOMEOSTASIS		26	0.24597333	0.62441516	0.94962686	0.9901667	1.0	4954	tags=42%, list=26%, signal=57%	
GOBP_POSITIVE_REGULATION_OF_TRANSCRIPTION_BY_RNA_POLYMERASE_I	GOBP_POSITIVE_REGULATION_OF_TRANSCRIPTION_BY_RNA_POLYMERASE_I		31	0.23799653	0.6243269	0.9507042	0.98989725	1.0	4041	tags=26%, list=21%, signal=33%	
GOBP_RESPONSE_TO_HEPATOCYTE_GROWTH_FACTOR	GOBP_RESPONSE_TO_HEPATOCYTE_GROWTH_FACTOR		17	0.26356766	0.6153281	0.9249531	0.9929894	1.0	2190	tags=18%, list=11%, signal=20%	
GOMF_CAMP_BINDING	GOMF_CAMP_BINDING		23	0.24906787	0.61333	0.9504425	0.99340475	1.0	2601	tags=17%, list=13%, signal=20%	
GOBP_RESPONSE_TO_HYPEROXIA	GOBP_RESPONSE_TO_HYPEROXIA		18	0.26098812	0.6081617	0.94766355	0.9948519	1.0	2823	tags=22%, list=15%, signal=26%	
GOBP_REGULATION_OF_PROTEIN_EXIT_FROM_ENDOPLASMIC_RETICULUM	GOBP_REGULATION_OF_PROTEIN_EXIT_FROM_ENDOPLASMIC_RETICULUM		24	0.2501571	0.60754985	0.9567669	0.99475527	1.0	1630	tags=13%, list=8%, signal=14%	
GOMF_HISTONE_READER_ACTIVITY	GOMF_HISTONE_READER_ACTIVITY		17	0.26587716	0.6054126	0.9119266	0.9951394	1.0	4697	tags=35%, list=24%, signal=47%	
GOCC_CYTOSOLIC_RIBOSOME	GOCC_CYTOSOLIC_RIBOSOME		114	0.18850872	0.60501194	1.0	0.9949695	1.0	4779	tags=31%, list=25%, signal=40%	
GOBP_POSITIVE_REGULATION_OF_CYTOPLASMIC_TRANSLATION	GOBP_POSITIVE_REGULATION_OF_CYTOPLASMIC_TRANSLATION		16	0.2720452	0.6040495	0.94756556	0.9949673	1.0	4206	tags=38%, list=22%, signal=48%	
GOMF_MOLECULAR_CONDENSATE_SCAFFOLD_ACTIVITY	GOMF_MOLECULAR_CONDENSATE_SCAFFOLD_ACTIVITY		37	0.22521587	0.60249996	0.97754747	0.9951511	1.0	3333	tags=16%, list=17%, signal=20%	
GOBP_REGULATION_OF_CILIUM_ASSEMBLY	GOBP_REGULATION_OF_CILIUM_ASSEMBLY		88	0.19332218	0.60213685	1.0	0.99495685	1.0	3964	tags=23%, list=20%, signal=28%	
GOCC_ENDOLYSOSOME_MEMBRANE	GOCC_ENDOLYSOSOME_MEMBRANE		19	0.2592219	0.6017749	0.96303505	0.9947579	1.0	3371	tags=26%, list=17%, signal=32%	
GOBP_POSITIVE_REGULATION_OF_MUSCLE_HYPERTROPHY	GOBP_POSITIVE_REGULATION_OF_MUSCLE_HYPERTROPHY		26	0.2416156	0.6016378	0.96336997	0.9944874	1.0	4752	tags=42%, list=24%, signal=56%	
GOBP_FACULTATIVE_HETEROCHROMATIN_FORMATION	GOBP_FACULTATIVE_HETEROCHROMATIN_FORMATION		40	0.22091438	0.6012038	0.98448277	0.99430203	1.0	4649	tags=30%, list=24%, signal=39%	
GOBP_PROTEIN_LOCALIZATION_TO_LYSOSOME	GOBP_PROTEIN_LOCALIZATION_TO_LYSOSOME		57	0.20831633	0.6006936	0.9967213	0.99414605	1.0	3277	tags=16%, list=17%, signal=19%	
GOBP_TETRAPYRROLE_METABOLIC_PROCESS	GOBP_TETRAPYRROLE_METABOLIC_PROCESS		58	0.20381114	0.5960936	0.99159664	0.9951762	1.0	3087	tags=19%, list=16%, signal=22%	
GOBP_DE_NOVO_PROTEIN_FOLDING	GOBP_DE_NOVO_PROTEIN_FOLDING		40	0.21766192	0.5937993	0.9876325	0.99554396	1.0	3791	tags=30%, list=20%, signal=37%	
GOBP_PROTEIN_REFOLDING	GOBP_PROTEIN_REFOLDING		26	0.23349206	0.59241253	0.9823183	0.9956176	1.0	3592	tags=23%, list=18%, signal=28%	
GOBP_VOCALIZATION_BEHAVIOR	GOBP_VOCALIZATION_BEHAVIOR		18	0.25647604	0.59217227	0.9462572	0.9953841	1.0	3096	tags=17%, list=16%, signal=20%	
GOMF_NUCLEOSIDE_DIPHOSPHATE_KINASE_ACTIVITY	GOMF_NUCLEOSIDE_DIPHOSPHATE_KINASE_ACTIVITY		17	0.26582962	0.59069943	0.9354243	0.99548423	1.0	1986	tags=12%, list=10%, signal=13%	
GOBP_REGULATION_OF_GOLGI_ORGANIZATION	GOBP_REGULATION_OF_GOLGI_ORGANIZATION		16	0.2561786	0.5903414	0.93846154	0.99527156	1.0	3960	tags=38%, list=20%, signal=47%	
GOBP_MITOCHONDRION_DISTRIBUTION	GOBP_MITOCHONDRION_DISTRIBUTION		19	0.2502782	0.5865453	0.9618875	0.9959356	1.0	4543	tags=32%, list=23%, signal=41%	
GOBP_REGULATION_OF_HETEROCHROMATIN_FORMATION	GOBP_REGULATION_OF_HETEROCHROMATIN_FORMATION		20	0.24368516	0.5860672	0.9468864	0.9957549	1.0	4649	tags=35%, list=24%, signal=46%	
GOCC_TRANSCRIPTION_FACTOR_TFTC_COMPLEX	GOCC_TRANSCRIPTION_FACTOR_TFTC_COMPLEX		16	0.25684786	0.58453906	0.9394531	0.9958235	1.0	1941	tags=13%, list=10%, signal=14%	
GOBP_VIRAL_TRANSCRIPTION	GOBP_VIRAL_TRANSCRIPTION		51	0.20331864	0.58281404	0.98489934	0.9959484	1.0	3281	tags=20%, list=17%, signal=24%	
GOBP_MICROTUBULE_ORGANIZING_CENTER_ORGANIZATION	GOBP_MICROTUBULE_ORGANIZING_CENTER_ORGANIZATION		143	0.17737961	0.5783307	1.0	0.9967454	1.0	2575	tags=11%, list=13%, signal=13%	
GOBP_SODIUM_ION_IMPORT_ACROSS_PLASMA_MEMBRANE	GOBP_SODIUM_ION_IMPORT_ACROSS_PLASMA_MEMBRANE		23	0.23877704	0.5780288	0.9673321	0.9965102	1.0	5516	tags=48%, list=28%, signal=67%	
GOBP_CELLULAR_HYPEROSMOTIC_RESPONSE	GOBP_CELLULAR_HYPEROSMOTIC_RESPONSE		20	0.24455094	0.57671577	0.955684	0.9965344	1.0	4657	tags=45%, list=24%, signal=59%	
GOBP_GLYCOSYLCERAMIDE_METABOLIC_PROCESS	GOBP_GLYCOSYLCERAMIDE_METABOLIC_PROCESS		17	0.25562954	0.5764909	0.9551402	0.9962745	1.0	3924	tags=29%, list=20%, signal=37%	
GOBP_BLASTOCYST_GROWTH	GOBP_BLASTOCYST_GROWTH		22	0.23610832	0.5764526	0.97096187	0.99597645	1.0	537	tags=5%, list=3%, signal=5%	
GOBP_POSITIVE_REGULATION_OF_TOR_SIGNALING	GOBP_POSITIVE_REGULATION_OF_TOR_SIGNALING		68	0.19561672	0.5740783	0.9983845	0.9962184	1.0	2556	tags=12%, list=13%, signal=14%	
GOBP_POSITIVE_REGULATION_OF_CILIUM_ASSEMBLY	GOBP_POSITIVE_REGULATION_OF_CILIUM_ASSEMBLY		27	0.22396086	0.5667522	0.98458904	0.9974654	1.0	3964	tags=26%, list=20%, signal=33%	
GOBP_PROTEIN_K48_LINKED_UBIQUITINATION	GOBP_PROTEIN_K48_LINKED_UBIQUITINATION		95	0.17938487	0.565406	1.0	0.99741095	1.0	4124	tags=21%, list=21%, signal=27%	
GOBP_PROTEIN_LOCALIZATION_TO_VACUOLE	GOBP_PROTEIN_LOCALIZATION_TO_VACUOLE		84	0.18063171	0.56337386	1.0	0.99751097	1.0	3277	tags=17%, list=17%, signal=20%	
GOBP_POSITIVE_REGULATION_OF_RUFFLE_ASSEMBLY	GOBP_POSITIVE_REGULATION_OF_RUFFLE_ASSEMBLY		15	0.25227487	0.5572939	0.94924814	0.9983059	1.0	2577	tags=20%, list=13%, signal=23%	
GOCC_EUCHROMATIN	GOCC_EUCHROMATIN		48	0.19792382	0.5571864	0.9950495	0.9980152	1.0	3384	tags=17%, list=17%, signal=20%	
GOBP_REGULATION_OF_ADENYLATE_CYCLASE_ACTIVATING_G_PROTEIN_COUPLED_RECEPTOR_SIGNALING_PATHWAY	GOBP_REGULATION_OF_ADENYLATE_CYCLASE_ACTIVATING_G_PROTEIN_COUPLED_RECEPTOR_SIGNALING_PATHWAY		19	0.23334084	0.5545645	0.9681275	0.9981588	1.0	2884	tags=16%, list=15%, signal=19%	
GOBP_NEGATIVE_REGULATION_OF_TORC1_SIGNALING	GOBP_NEGATIVE_REGULATION_OF_TORC1_SIGNALING		42	0.20277847	0.5524521	0.99492383	0.9982164	1.0	3727	tags=19%, list=19%, signal=24%	
GOMF_NADPLUS_PROTEIN_ADP_RIBOSYLTRANSFERASE_ACTIVITY	GOMF_NADPLUS_PROTEIN_ADP_RIBOSYLTRANSFERASE_ACTIVITY		28	0.21357717	0.54724663	0.9801085	0.99872506	1.0	3443	tags=18%, list=18%, signal=22%	
GOBP_MULTIVESICULAR_BODY_ORGANIZATION	GOBP_MULTIVESICULAR_BODY_ORGANIZATION		32	0.21464695	0.5469925	0.9914966	0.9984606	1.0	1716	tags=9%, list=9%, signal=10%	
GOMF_FIBROBLAST_GROWTH_FACTOR_RECEPTOR_BINDING	GOMF_FIBROBLAST_GROWTH_FACTOR_RECEPTOR_BINDING		24	0.21403338	0.54491645	0.99256504	0.99847645	1.0	4520	tags=25%, list=23%, signal=33%	
GOBP_NEGATIVE_REGULATION_OF_CALCIUM_ION_TRANSMEMBRANE_TRANSPORT	GOBP_NEGATIVE_REGULATION_OF_CALCIUM_ION_TRANSMEMBRANE_TRANSPORT		44	0.19584975	0.5430719	1.0	0.99845386	1.0	4657	tags=25%, list=24%, signal=33%	
GOBP_MIRNA_MEDIATED_GENE_SILENCING_BY_INHIBITION_OF_TRANSLATION	GOBP_MIRNA_MEDIATED_GENE_SILENCING_BY_INHIBITION_OF_TRANSLATION		18	0.22668321	0.5428871	0.9721116	0.9981706	1.0	3871	tags=28%, list=20%, signal=35%	
GOBP_REGULATION_OF_DNA_METHYLATION_DEPENDENT_HETEROCHROMATIN_FORMATION	GOBP_REGULATION_OF_DNA_METHYLATION_DEPENDENT_HETEROCHROMATIN_FORMATION		15	0.23604105	0.5424729	0.97583646	0.99792725	1.0	4649	tags=40%, list=24%, signal=53%	
GOBP_REGULATION_OF_EXIT_FROM_MITOSIS	GOBP_REGULATION_OF_EXIT_FROM_MITOSIS		18	0.22887164	0.5380447	0.9830827	0.99826485	1.0	4106	tags=28%, list=21%, signal=35%	
GOBP_NEUROMUSCULAR_SYNAPTIC_TRANSMISSION	GOBP_NEUROMUSCULAR_SYNAPTIC_TRANSMISSION		29	0.20844659	0.5351949	0.9948542	0.99833494	1.0	3624	tags=21%, list=19%, signal=25%	
GOBP_NEGATIVE_REGULATION_OF_NUCLEOTIDE_CATABOLIC_PROCESS	GOBP_NEGATIVE_REGULATION_OF_NUCLEOTIDE_CATABOLIC_PROCESS		18	0.22603548	0.53427917	0.98285717	0.9981502	1.0	602	tags=6%, list=3%, signal=6%	
GOMF_NUCLEAR_LOCALIZATION_SEQUENCE_BINDING	GOMF_NUCLEAR_LOCALIZATION_SEQUENCE_BINDING		21	0.22095254	0.5312259	0.9794776	0.9982409	1.0	4700	tags=33%, list=24%, signal=44%	
GOBP_BINDING_OF_SPERM_TO_ZONA_PELLUCIDA	GOBP_BINDING_OF_SPERM_TO_ZONA_PELLUCIDA		38	0.19495739	0.52750826	0.9947276	0.9983871	1.0	4176	tags=21%, list=22%, signal=27%	
GOCC_H4_H2A_HISTONE_ACETYLTRANSFERASE_COMPLEX	GOCC_H4_H2A_HISTONE_ACETYLTRANSFERASE_COMPLEX		28	0.20602497	0.52217036	0.98920864	0.9986781	1.0	3336	tags=18%, list=17%, signal=22%	
GOBP_TORC1_SIGNALING	GOBP_TORC1_SIGNALING		94	0.1680368	0.52215797	1.0	0.9983723	1.0	2074	tags=9%, list=11%, signal=9%	
GOBP_NUCLEAR_MEMBRANE_REASSEMBLY	GOBP_NUCLEAR_MEMBRANE_REASSEMBLY		23	0.21204515	0.51432616	0.99065423	0.9988634	1.0	2940	tags=17%, list=15%, signal=20%	
GOBP_PEPTIDYL_LYSINE_METHYLATION	GOBP_PEPTIDYL_LYSINE_METHYLATION		16	0.21859774	0.50774384	0.9942857	0.99917257	1.0	1861	tags=13%, list=10%, signal=14%	
GOCC_NBAF_COMPLEX	GOCC_NBAF_COMPLEX		16	0.21964145	0.5023661	0.9830189	0.9993305	1.0	2196	tags=13%, list=11%, signal=14%	
GOBP_NEGATIVE_ADAPTATION_OF_SIGNALING_PATHWAY	GOBP_NEGATIVE_ADAPTATION_OF_SIGNALING_PATHWAY		18	0.21739429	0.49694282	0.9901575	0.99945056	1.0	3971	tags=22%, list=20%, signal=28%	
GOCC_RETROMER_COMPLEX	GOCC_RETROMER_COMPLEX		19	0.21006504	0.48723188	0.9925373	0.999821	1.0	1749	tags=11%, list=9%, signal=12%	
GOCC_H4_HISTONE_ACETYLTRANSFERASE_COMPLEX	GOCC_H4_HISTONE_ACETYLTRANSFERASE_COMPLEX		39	0.17639346	0.47454637	1.0	1.0	1.0	3675	tags=18%, list=19%, signal=22%	
GOBP_MITOTIC_G2_DNA_DAMAGE_CHECKPOINT_SIGNALING	GOBP_MITOTIC_G2_DNA_DAMAGE_CHECKPOINT_SIGNALING		31	0.18022038	0.4735865	0.99819493	1.0	1.0	2590	tags=16%, list=13%, signal=19%	
GOBP_REGULATION_OF_CHROMATIN_ORGANIZATION	GOBP_REGULATION_OF_CHROMATIN_ORGANIZATION		30	0.18277992	0.46738917	0.9946524	1.0	1.0	4649	tags=33%, list=24%, signal=44%	
GOBP_SYNAPTIC_TRANSMISSION_CHOLINERGIC	GOBP_SYNAPTIC_TRANSMISSION_CHOLINERGIC		31	0.18069309	0.46682817	0.9964539	0.9997532	1.0	15918	tags=100%, list=82%, signal=553%	
GOBP_MITOTIC_CYTOKINETIC_PROCESS	GOBP_MITOTIC_CYTOKINETIC_PROCESS		31	0.17968534	0.46582013	0.9965157	0.99948967	1.0	545	tags=3%, list=3%, signal=3%	
GOMF_NF_KAPPAB_BINDING	GOMF_NF_KAPPAB_BINDING		28	0.18139924	0.46216366	0.99821746	0.99934846	1.0	4797	tags=32%, list=25%, signal=43%	
GOMF_UBIQUITIN_LIKE_PROTEIN_CONJUGATING_ENZYME_ACTIVITY	GOMF_UBIQUITIN_LIKE_PROTEIN_CONJUGATING_ENZYME_ACTIVITY		38	0.1632836	0.4409346	1.0	0.9998361	1.0	4595	tags=24%, list=24%, signal=31%	
GOBP_EXIT_FROM_MITOSIS	GOBP_EXIT_FROM_MITOSIS		31	0.1686847	0.43250245	1.0	0.9997763	1.0	4106	tags=26%, list=21%, signal=33%	
GOBP_DETECTION_OF_STIMULUS_INVOLVED_IN_SENSORY_PERCEPTION	GOBP_DETECTION_OF_STIMULUS_INVOLVED_IN_SENSORY_PERCEPTION		485	0.108188674	0.4002684	1.0	1.0	1.0	3499	tags=7%, list=18%, signal=8%	
GOMF_ODORANT_BINDING	GOMF_ODORANT_BINDING		105	0.10604964	0.34223908	1.0	1.0	1.0	1194	tags=2%, list=6%, signal=2%	
GOBP_SENSORY_PERCEPTION_OF_CHEMICAL_STIMULUS	GOBP_SENSORY_PERCEPTION_OF_CHEMICAL_STIMULUS		465	0.072616614	0.26661974	1.0	0.9999997	1.0	1687	tags=2%, list=9%, signal=3%	
