NAME	GS<br> follow link to MSigDB	GS DETAILS	SIZE	ES	NES	NOM p-val	FDR q-val	FWER p-val	RANK AT MAX	LEADING EDGE	
GOCC_ORGANELLAR_RIBOSOME	GOCC_ORGANELLAR_RIBOSOME	Details ...	89	-0.6000897	-2.0602078	0.0	0.01298781	0.013	5947	tags=72%, list=31%, signal=103%	
GOCC_MITOCHONDRIAL_PROTEIN_CONTAINING_COMPLEX	GOCC_MITOCHONDRIAL_PROTEIN_CONTAINING_COMPLEX	Details ...	236	-0.5225095	-2.040477	0.0	0.010435087	0.021	6063	tags=60%, list=31%, signal=86%	
GOBP_MITOCHONDRIAL_TRANSLATION	GOBP_MITOCHONDRIAL_TRANSLATION	Details ...	126	-0.5469232	-1.9669014	0.0	0.030787537	0.089	6047	tags=67%, list=31%, signal=96%	
GOBP_NEGATIVE_REGULATION_OF_PROTEASOMAL_PROTEIN_CATABOLIC_PROCESS	GOBP_NEGATIVE_REGULATION_OF_PROTEASOMAL_PROTEIN_CATABOLIC_PROCESS	Details ...	49	-0.6239362	-1.9186066	0.0	0.062052365	0.235	4170	tags=45%, list=21%, signal=57%	
GOCC_ORGANELLE_MEMBRANE_CONTACT_SITE	GOCC_ORGANELLE_MEMBRANE_CONTACT_SITE	Details ...	45	-0.62946695	-1.908831	0.0	0.059330728	0.267	3504	tags=42%, list=18%, signal=51%	
GOBP_MITOCHONDRIAL_GENE_EXPRESSION	GOBP_MITOCHONDRIAL_GENE_EXPRESSION	Details ...	159	-0.4985637	-1.8632925	0.0	0.115639314	0.515	6047	tags=61%, list=31%, signal=88%	
GOCC_MITOCHONDRIAL_LARGE_RIBOSOMAL_SUBUNIT	GOCC_MITOCHONDRIAL_LARGE_RIBOSOMAL_SUBUNIT	Details ...	56	-0.59584284	-1.8534285	0.0	0.116600215	0.58	5885	tags=71%, list=30%, signal=102%	
GOBP_EYE_PHOTORECEPTOR_CELL_DEVELOPMENT	GOBP_EYE_PHOTORECEPTOR_CELL_DEVELOPMENT	Details ...	35	-0.64573306	-1.8480556	0.0	0.1115611	0.615	2407	tags=37%, list=12%, signal=42%	
GOBP_TRNA_METABOLIC_PROCESS	GOBP_TRNA_METABOLIC_PROCESS	Details ...	171	-0.48290443	-1.8302819	0.0	0.1301071	0.706	5777	tags=52%, list=30%, signal=73%	
GOBP_OUTFLOW_TRACT_SEPTUM_MORPHOGENESIS	GOBP_OUTFLOW_TRACT_SEPTUM_MORPHOGENESIS	Details ...	25	-0.69231457	-1.8204501	0.0	0.13558146	0.756	440	tags=28%, list=2%, signal=29%	
GOCC_ENDOPLASMIC_RETICULUM_PROTEIN_CONTAINING_COMPLEX	GOCC_ENDOPLASMIC_RETICULUM_PROTEIN_CONTAINING_COMPLEX	Details ...	112	-0.50878906	-1.8138508	0.0	0.13520257	0.784	3505	tags=41%, list=18%, signal=50%	
GOBP_ERAD_PATHWAY	GOBP_ERAD_PATHWAY	Details ...	103	-0.5125758	-1.8111027	0.0	0.12888595	0.796	4676	tags=46%, list=24%, signal=60%	
GOCC_HIGH_DENSITY_LIPOPROTEIN_PARTICLE	GOCC_HIGH_DENSITY_LIPOPROTEIN_PARTICLE	Details ...	26	-0.6624795	-1.798689	0.0	0.1434721	0.857	1145	tags=23%, list=6%, signal=24%	
GOBP_FEMALE_GENITALIA_DEVELOPMENT	GOBP_FEMALE_GENITALIA_DEVELOPMENT	Details ...	18	-0.7335806	-1.7963991	0.0	0.13710159	0.864	1655	tags=44%, list=9%, signal=49%	
GOBP_GENITALIA_DEVELOPMENT	GOBP_GENITALIA_DEVELOPMENT	Details ...	44	-0.5978434	-1.7899309	0.0	0.13976687	0.888	3622	tags=41%, list=19%, signal=50%	
GOBP_GLUCOCORTICOID_METABOLIC_PROCESS	GOBP_GLUCOCORTICOID_METABOLIC_PROCESS	Details ...	25	-0.6611975	-1.7810043	0.0022172949	0.14880723	0.912	1751	tags=32%, list=9%, signal=35%	
GOCC_INNER_MITOCHONDRIAL_MEMBRANE_PROTEIN_COMPLEX	GOCC_INNER_MITOCHONDRIAL_MEMBRANE_PROTEIN_COMPLEX	Details ...	114	-0.503726	-1.7711296	0.0	0.16058986	0.938	6465	tags=61%, list=33%, signal=91%	
GOCC_MITOCHONDRIAL_SMALL_RIBOSOMAL_SUBUNIT	GOCC_MITOCHONDRIAL_SMALL_RIBOSOMAL_SUBUNIT	Details ...	32	-0.62021744	-1.7672039	0.0	0.15926279	0.945	5947	tags=75%, list=31%, signal=108%	
GOMF_GLUCURONOSYLTRANSFERASE_ACTIVITY	GOMF_GLUCURONOSYLTRANSFERASE_ACTIVITY	Details ...	34	-0.61673373	-1.7669258	0.004842615	0.15140744	0.946	5160	tags=41%, list=27%, signal=56%	
GOBP_NEGATIVE_REGULATION_OF_DNA_REPAIR	GOBP_NEGATIVE_REGULATION_OF_DNA_REPAIR	Details ...	33	-0.6141034	-1.7540718	0.0023923444	0.17131066	0.965	5184	tags=61%, list=27%, signal=83%	
GOBP_EYE_PHOTORECEPTOR_CELL_DIFFERENTIATION	GOBP_EYE_PHOTORECEPTOR_CELL_DIFFERENTIATION		48	-0.57289404	-1.7537476	0.0	0.1638627	0.966	2431	tags=35%, list=13%, signal=40%	
GOBP_POLYPRENOL_METABOLIC_PROCESS	GOBP_POLYPRENOL_METABOLIC_PROCESS		25	-0.6494697	-1.7499456	0.0	0.16359563	0.968	5457	tags=72%, list=28%, signal=100%	
GOBP_POSITIVE_REGULATION_OF_LIPID_CATABOLIC_PROCESS	GOBP_POSITIVE_REGULATION_OF_LIPID_CATABOLIC_PROCESS		26	-0.6550217	-1.7491975	0.0023310024	0.15850401	0.97	3165	tags=38%, list=16%, signal=46%	
GOBP_REGULATION_OF_RESPONSE_TO_ENDOPLASMIC_RETICULUM_STRESS	GOBP_REGULATION_OF_RESPONSE_TO_ENDOPLASMIC_RETICULUM_STRESS		77	-0.51661074	-1.7469479	0.0	0.15686724	0.975	4470	tags=49%, list=23%, signal=64%	
GOBP_PHOTORECEPTOR_CELL_DEVELOPMENT	GOBP_PHOTORECEPTOR_CELL_DEVELOPMENT		48	-0.5694498	-1.7375122	0.0025839794	0.16954397	0.984	4527	tags=46%, list=23%, signal=60%	
GOBP_ACYLGLYCEROL_HOMEOSTASIS	GOBP_ACYLGLYCEROL_HOMEOSTASIS		40	-0.58102965	-1.7349014	0.004901961	0.16884577	0.986	2848	tags=33%, list=15%, signal=38%	
GOCC_PRERIBOSOME_LARGE_SUBUNIT_PRECURSOR	GOCC_PRERIBOSOME_LARGE_SUBUNIT_PRECURSOR		19	-0.69391733	-1.7338775	0.0042643924	0.1647141	0.988	2893	tags=47%, list=15%, signal=56%	
GOMF_CATALYTIC_ACTIVITY_ACTING_ON_A_TRNA	GOMF_CATALYTIC_ACTIVITY_ACTING_ON_A_TRNA		110	-0.48603868	-1.7305671	0.0	0.16652405	0.992	5745	tags=52%, list=30%, signal=73%	
GOBP_GLUTATHIONE_METABOLIC_PROCESS	GOBP_GLUTATHIONE_METABOLIC_PROCESS		54	-0.5448939	-1.7219872	0.0	0.17912123	0.995	2431	tags=31%, list=13%, signal=36%	
GOBP_OLIGOSACCHARIDE_LIPID_INTERMEDIATE_BIOSYNTHETIC_PROCESS	GOBP_OLIGOSACCHARIDE_LIPID_INTERMEDIATE_BIOSYNTHETIC_PROCESS		21	-0.6750924	-1.7157018	0.0	0.18857646	0.996	3898	tags=62%, list=20%, signal=77%	
GOBP_EMBRYONIC_HINDLIMB_MORPHOGENESIS	GOBP_EMBRYONIC_HINDLIMB_MORPHOGENESIS		28	-0.6311002	-1.7046375	0.0091743115	0.21051238	0.998	1225	tags=29%, list=6%, signal=30%	
GOCC_EXORIBONUCLEASE_COMPLEX	GOCC_EXORIBONUCLEASE_COMPLEX		24	-0.64018375	-1.6997536	0.009111618	0.21576871	0.998	2770	tags=46%, list=14%, signal=53%	
GOMF_RIBONUCLEOPROTEIN_COMPLEX_BINDING	GOMF_RIBONUCLEOPROTEIN_COMPLEX_BINDING		154	-0.45942953	-1.6974072	0.0	0.21548063	0.998	4624	tags=40%, list=24%, signal=52%	
GOMF_STEROL_TRANSFER_ACTIVITY	GOMF_STEROL_TRANSFER_ACTIVITY		23	-0.6518515	-1.69008	0.010752688	0.22691338	1.0	1959	tags=35%, list=10%, signal=39%	
GOBP_KIDNEY_MESENCHYME_DEVELOPMENT	GOBP_KIDNEY_MESENCHYME_DEVELOPMENT		17	-0.68700045	-1.6842239	0.0062111802	0.23634724	1.0	406	tags=29%, list=2%, signal=30%	
GOBP_PROTEIN_INSERTION_INTO_ER_MEMBRANE	GOBP_PROTEIN_INSERTION_INTO_ER_MEMBRANE		26	-0.6196679	-1.6827832	0.0021881838	0.23370478	1.0	4157	tags=58%, list=21%, signal=73%	
GOBP_PROTEIN_TRANSMEMBRANE_TRANSPORT	GOBP_PROTEIN_TRANSMEMBRANE_TRANSPORT		73	-0.4982948	-1.6795628	0.0027247956	0.23615271	1.0	3545	tags=37%, list=18%, signal=45%	
GOBP_METANEPHRIC_TUBULE_DEVELOPMENT	GOBP_METANEPHRIC_TUBULE_DEVELOPMENT		24	-0.63993603	-1.6788949	0.009237875	0.23150034	1.0	2924	tags=29%, list=15%, signal=34%	
GOCC_TRANSCRIPTION_ELONGATION_FACTOR_COMPLEX	GOCC_TRANSCRIPTION_ELONGATION_FACTOR_COMPLEX		45	-0.5610813	-1.6763812	0.0074074073	0.23314199	1.0	4192	tags=40%, list=22%, signal=51%	
GOBP_NEGATIVE_REGULATION_OF_UBIQUITIN_DEPENDENT_PROTEIN_CATABOLIC_PROCESS	GOBP_NEGATIVE_REGULATION_OF_UBIQUITIN_DEPENDENT_PROTEIN_CATABOLIC_PROCESS		51	-0.52860266	-1.6747814	0.0051150895	0.23163076	1.0	4831	tags=47%, list=25%, signal=62%	
GOBP_NEURAL_TUBE_PATTERNING	GOBP_NEURAL_TUBE_PATTERNING		32	-0.58856064	-1.669184	0.0048076925	0.2412821	1.0	1964	tags=28%, list=10%, signal=31%	
GOCC_NADH_DEHYDROGENASE_COMPLEX	GOCC_NADH_DEHYDROGENASE_COMPLEX		38	-0.5596486	-1.6671696	0.0	0.24104933	1.0	6597	tags=68%, list=34%, signal=103%	
GOBP_NEGATIVE_REGULATION_OF_NUCLEAR_DIVISION	GOBP_NEGATIVE_REGULATION_OF_NUCLEAR_DIVISION		61	-0.5206216	-1.6664383	0.0025062656	0.23748596	1.0	5663	tags=51%, list=29%, signal=72%	
GOBP_NONRIBOSOMAL_PEPTIDE_BIOSYNTHETIC_PROCESS	GOBP_NONRIBOSOMAL_PEPTIDE_BIOSYNTHETIC_PROCESS		18	-0.6716798	-1.6662613	0.010460251	0.23249163	1.0	3114	tags=44%, list=16%, signal=53%	
GOBP_PHOTORECEPTOR_CELL_DIFFERENTIATION	GOBP_PHOTORECEPTOR_CELL_DIFFERENTIATION		62	-0.51533926	-1.6614846	0.0	0.24020413	1.0	3315	tags=35%, list=17%, signal=43%	
GOMF_SULFATE_TRANSMEMBRANE_TRANSPORTER_ACTIVITY	GOMF_SULFATE_TRANSMEMBRANE_TRANSPORTER_ACTIVITY		15	-0.6928376	-1.6594398	0.008403362	0.24070695	1.0	3122	tags=40%, list=16%, signal=48%	
GOBP_TRNA_PROCESSING	GOBP_TRNA_PROCESSING		124	-0.4649721	-1.6548238	0.0	0.24824026	1.0	6047	tags=52%, list=31%, signal=74%	
GOBP_NEGATIVE_REGULATION_OF_PROTEASOMAL_UBIQUITIN_DEPENDENT_PROTEIN_CATABOLIC_PROCESS	GOBP_NEGATIVE_REGULATION_OF_PROTEASOMAL_UBIQUITIN_DEPENDENT_PROTEIN_CATABOLIC_PROCESS		36	-0.57137316	-1.652471	0.0022988506	0.24955577	1.0	3920	tags=39%, list=20%, signal=49%	
GOMF_TRNA_SPECIFIC_RIBONUCLEASE_ACTIVITY	GOMF_TRNA_SPECIFIC_RIBONUCLEASE_ACTIVITY		15	-0.71470755	-1.6479946	0.008333334	0.2566835	1.0	2291	tags=40%, list=12%, signal=45%	
GOCC_SNO_S_RNA_CONTAINING_RIBONUCLEOPROTEIN_COMPLEX	GOCC_SNO_S_RNA_CONTAINING_RIBONUCLEOPROTEIN_COMPLEX		25	-0.5973146	-1.6449138	0.006122449	0.2593325	1.0	5368	tags=56%, list=28%, signal=77%	
GOBP_CRANIOFACIAL_SUTURE_MORPHOGENESIS	GOBP_CRANIOFACIAL_SUTURE_MORPHOGENESIS		19	-0.6530066	-1.6410217	0.0125	0.26512092	1.0	1020	tags=32%, list=5%, signal=33%	
GOCC_MITOCHONDRIAL_MATRIX	GOCC_MITOCHONDRIAL_MATRIX		473	-0.3903826	-1.6392653	0.0	0.26501864	1.0	4544	tags=39%, list=23%, signal=50%	
GOMF_OXIDOREDUCTION_DRIVEN_ACTIVE_TRANSMEMBRANE_TRANSPORTER_ACTIVITY	GOMF_OXIDOREDUCTION_DRIVEN_ACTIVE_TRANSMEMBRANE_TRANSPORTER_ACTIVITY		50	-0.52933085	-1.6347677	0.0	0.27294528	1.0	6597	tags=64%, list=34%, signal=97%	
GOMF_CHOLESTEROL_BINDING	GOMF_CHOLESTEROL_BINDING		51	-0.5239828	-1.6297313	0.004750594	0.28305194	1.0	2594	tags=33%, list=13%, signal=38%	
GOMF_MYOSIN_V_BINDING	GOMF_MYOSIN_V_BINDING		17	-0.6732422	-1.6293772	0.00856531	0.27882126	1.0	1343	tags=29%, list=7%, signal=32%	
GOBP_POSITIVE_REGULATION_OF_TRANSCRIPTION_ELONGATION_BY_RNA_POLYMERASE_II	GOBP_POSITIVE_REGULATION_OF_TRANSCRIPTION_ELONGATION_BY_RNA_POLYMERASE_II		47	-0.52813905	-1.6291441	0.0070921984	0.27442768	1.0	5104	tags=51%, list=26%, signal=69%	
GOBP_BRANCHING_INVOLVED_IN_MAMMARY_GLAND_DUCT_MORPHOGENESIS	GOBP_BRANCHING_INVOLVED_IN_MAMMARY_GLAND_DUCT_MORPHOGENESIS		23	-0.6094422	-1.6287432	0.015086207	0.27047765	1.0	5165	tags=48%, list=27%, signal=65%	
GOBP_RIBOSOMAL_LARGE_SUBUNIT_BIOGENESIS	GOBP_RIBOSOMAL_LARGE_SUBUNIT_BIOGENESIS		62	-0.5070843	-1.6274209	0.0025125628	0.26960126	1.0	3029	tags=29%, list=16%, signal=34%	
GOMF_PROTEIN_TRANSMEMBRANE_TRANSPORTER_ACTIVITY	GOMF_PROTEIN_TRANSMEMBRANE_TRANSPORTER_ACTIVITY		26	-0.6066755	-1.6233783	0.004464286	0.27616552	1.0	5958	tags=69%, list=31%, signal=100%	
GOBP_SULFATE_TRANSPORT	GOBP_SULFATE_TRANSPORT		16	-0.65870917	-1.6147639	0.011086474	0.29594347	1.0	3122	tags=38%, list=16%, signal=45%	
GOBP_POSITIVE_REGULATION_OF_DNA_TEMPLATED_TRANSCRIPTION_ELONGATION	GOBP_POSITIVE_REGULATION_OF_DNA_TEMPLATED_TRANSCRIPTION_ELONGATION		56	-0.5098508	-1.6084819	0.0	0.3111787	1.0	5104	tags=46%, list=26%, signal=63%	
GOCC_AUTOPHAGOSOME_MEMBRANE	GOCC_AUTOPHAGOSOME_MEMBRANE		50	-0.51531506	-1.6083459	0.0024570024	0.30659187	1.0	4382	tags=40%, list=23%, signal=52%	
GOMF_ESTRADIOL_17_BETA_DEHYDROGENASE_NAD_P_ACTIVITY	GOMF_ESTRADIOL_17_BETA_DEHYDROGENASE_NAD_P_ACTIVITY		19	-0.6376847	-1.6042156	0.024663677	0.31399456	1.0	409	tags=26%, list=2%, signal=27%	
GOBP_REGULATION_OF_DNA_TEMPLATED_TRANSCRIPTION_ELONGATION	GOBP_REGULATION_OF_DNA_TEMPLATED_TRANSCRIPTION_ELONGATION		92	-0.47409642	-1.6032739	0.005524862	0.31207058	1.0	5104	tags=41%, list=26%, signal=56%	
GOBP_REGULATION_OF_VASCULOGENESIS	GOBP_REGULATION_OF_VASCULOGENESIS		15	-0.67324597	-1.6014673	0.018518519	0.31292763	1.0	2916	tags=53%, list=15%, signal=63%	
GOBP_METANEPHRIC_EPITHELIUM_DEVELOPMENT	GOBP_METANEPHRIC_EPITHELIUM_DEVELOPMENT		28	-0.5939778	-1.6002902	0.006818182	0.3117786	1.0	3622	tags=29%, list=19%, signal=35%	
GOMF_LIGASE_ACTIVITY	GOMF_LIGASE_ACTIVITY		125	-0.44352615	-1.5979339	0.003058104	0.31410122	1.0	4558	tags=42%, list=23%, signal=55%	
GOBP_MATURATION_OF_5_8S_RRNA	GOBP_MATURATION_OF_5_8S_RRNA		33	-0.55308723	-1.5976168	0.022779044	0.31023636	1.0	6202	tags=67%, list=32%, signal=98%	
GOBP_MATURATION_OF_5_8S_RRNA_FROM_TRICISTRONIC_RRNA_TRANSCRIPT_SSU_RRNA_5_8S_RRNA_LSU_RRNA	GOBP_MATURATION_OF_5_8S_RRNA_FROM_TRICISTRONIC_RRNA_TRANSCRIPT_SSU_RRNA_5_8S_RRNA_LSU_RRNA		23	-0.59801215	-1.5963573	0.023504274	0.3096902	1.0	6202	tags=74%, list=32%, signal=108%	
GOBP_PROTON_MOTIVE_FORCE_DRIVEN_ATP_SYNTHESIS	GOBP_PROTON_MOTIVE_FORCE_DRIVEN_ATP_SYNTHESIS		43	-0.53637475	-1.5961084	0.010256411	0.3058577	1.0	6465	tags=65%, list=33%, signal=97%	
GOMF_PHOSPHOTRANSFERASE_ACTIVITY_FOR_OTHER_SUBSTITUTED_PHOSPHATE_GROUPS	GOMF_PHOSPHOTRANSFERASE_ACTIVITY_FOR_OTHER_SUBSTITUTED_PHOSPHATE_GROUPS		21	-0.6150393	-1.5936937	0.018223235	0.30910882	1.0	2845	tags=43%, list=15%, signal=50%	
GOBP_PROTEIN_TRANSMEMBRANE_IMPORT_INTO_INTRACELLULAR_ORGANELLE	GOBP_PROTEIN_TRANSMEMBRANE_IMPORT_INTO_INTRACELLULAR_ORGANELLE		38	-0.54550076	-1.5928319	0.009803922	0.30702558	1.0	6771	tags=68%, list=35%, signal=105%	
GOCC_NUCLEAR_CHROMOSOME	GOCC_NUCLEAR_CHROMOSOME		217	-0.40876657	-1.5920329	0.0	0.30504748	1.0	4951	tags=36%, list=25%, signal=48%	
GOCC_CORE_MEDIATOR_COMPLEX	GOCC_CORE_MEDIATOR_COMPLEX		26	-0.5757055	-1.5919517	0.009280742	0.3010851	1.0	5460	tags=58%, list=28%, signal=80%	
GOMF_AROMATASE_ACTIVITY	GOMF_AROMATASE_ACTIVITY		26	-0.5937279	-1.5909836	0.021551725	0.29980132	1.0	1850	tags=27%, list=10%, signal=30%	
GOBP_DORSAL_VENTRAL_NEURAL_TUBE_PATTERNING	GOBP_DORSAL_VENTRAL_NEURAL_TUBE_PATTERNING		16	-0.6505493	-1.5871414	0.014373717	0.30691105	1.0	1465	tags=31%, list=8%, signal=34%	
GOMF_PROTEIN_TRANSPORTER_ACTIVITY	GOMF_PROTEIN_TRANSPORTER_ACTIVITY		39	-0.5376411	-1.5867254	0.0073891627	0.3041436	1.0	5958	tags=64%, list=31%, signal=92%	
GOBP_AROMATIC_AMINO_ACID_FAMILY_CATABOLIC_PROCESS	GOBP_AROMATIC_AMINO_ACID_FAMILY_CATABOLIC_PROCESS		16	-0.6563319	-1.5861821	0.018218623	0.3018033	1.0	1404	tags=38%, list=7%, signal=40%	
GOBP_QUINONE_METABOLIC_PROCESS	GOBP_QUINONE_METABOLIC_PROCESS		22	-0.60830826	-1.5846837	0.014084507	0.30202636	1.0	3832	tags=45%, list=20%, signal=57%	
GOBP_INTRACELLULAR_PROTEIN_TRANSMEMBRANE_TRANSPORT	GOBP_INTRACELLULAR_PROTEIN_TRANSMEMBRANE_TRANSPORT		31	-0.57076365	-1.5845176	0.011389522	0.2988069	1.0	5980	tags=65%, list=31%, signal=93%	
GOMF_SNRNA_BINDING	GOMF_SNRNA_BINDING		47	-0.52147126	-1.5842372	0.00243309	0.2958158	1.0	4944	tags=45%, list=25%, signal=60%	
GOBP_NEGATIVE_REGULATION_OF_DOUBLE_STRAND_BREAK_REPAIR_VIA_HOMOLOGOUS_RECOMBINATION	GOBP_NEGATIVE_REGULATION_OF_DOUBLE_STRAND_BREAK_REPAIR_VIA_HOMOLOGOUS_RECOMBINATION		20	-0.6318883	-1.5829843	0.009009009	0.29555774	1.0	6312	tags=75%, list=32%, signal=111%	
GOBP_HINDLIMB_MORPHOGENESIS	GOBP_HINDLIMB_MORPHOGENESIS		35	-0.5694828	-1.5818502	0.007075472	0.29496872	1.0	1225	tags=23%, list=6%, signal=24%	
GOBP_NEGATIVE_REGULATION_OF_CHROMOSOME_ORGANIZATION	GOBP_NEGATIVE_REGULATION_OF_CHROMOSOME_ORGANIZATION		88	-0.45527142	-1.5803807	0.0057306592	0.29530978	1.0	5919	tags=50%, list=30%, signal=72%	
GOBP_RIBOSOME_BIOGENESIS	GOBP_RIBOSOME_BIOGENESIS		292	-0.39575598	-1.5803266	0.0	0.2920318	1.0	5747	tags=41%, list=30%, signal=57%	
GOBP_REGULATION_OF_CALCIUM_ION_DEPENDENT_EXOCYTOSIS	GOBP_REGULATION_OF_CALCIUM_ION_DEPENDENT_EXOCYTOSIS		30	-0.5581767	-1.5802424	0.015283843	0.28884298	1.0	3584	tags=37%, list=18%, signal=45%	
GOBP_POSITIVE_REGULATION_OF_TRIGLYCERIDE_METABOLIC_PROCESS	GOBP_POSITIVE_REGULATION_OF_TRIGLYCERIDE_METABOLIC_PROCESS		21	-0.6099289	-1.5775676	0.03131524	0.29309914	1.0	3590	tags=52%, list=18%, signal=64%	
GOBP_UBIQUINONE_METABOLIC_PROCESS	GOBP_UBIQUINONE_METABOLIC_PROCESS		17	-0.6543413	-1.5774301	0.018058691	0.2901174	1.0	3832	tags=53%, list=20%, signal=66%	
GOBP_ATTACHMENT_OF_SPINDLE_MICROTUBULES_TO_KINETOCHORE	GOBP_ATTACHMENT_OF_SPINDLE_MICROTUBULES_TO_KINETOCHORE		51	-0.50404525	-1.5773369	0.005076142	0.2870802	1.0	3530	tags=37%, list=18%, signal=45%	
GOBP_PROTEIN_N_LINKED_GLYCOSYLATION	GOBP_PROTEIN_N_LINKED_GLYCOSYLATION		69	-0.48272082	-1.5759386	0.0054644807	0.287311	1.0	4380	tags=49%, list=23%, signal=63%	
GOBP_ADRENAL_GLAND_DEVELOPMENT	GOBP_ADRENAL_GLAND_DEVELOPMENT		27	-0.5719834	-1.5726005	0.01793722	0.29328084	1.0	1181	tags=19%, list=6%, signal=20%	
GOBP_RRNA_PROCESSING	GOBP_RRNA_PROCESSING		207	-0.41036558	-1.5711477	0.0	0.29441172	1.0	6395	tags=48%, list=33%, signal=71%	
GOBP_PIGMENT_CELL_DIFFERENTIATION	GOBP_PIGMENT_CELL_DIFFERENTIATION		35	-0.55010974	-1.5705955	0.020460358	0.2927529	1.0	2303	tags=31%, list=12%, signal=36%	
GOBP_ENDOPLASMIC_RETICULUM_UNFOLDED_PROTEIN_RESPONSE	GOBP_ENDOPLASMIC_RETICULUM_UNFOLDED_PROTEIN_RESPONSE		69	-0.46850485	-1.5690943	0.0	0.294004	1.0	4470	tags=43%, list=23%, signal=56%	
GOBP_METANEPHROS_MORPHOGENESIS	GOBP_METANEPHROS_MORPHOGENESIS		30	-0.5506423	-1.5667108	0.018867925	0.29750988	1.0	2924	tags=37%, list=15%, signal=43%	
GOBP_POST_TRANSLATIONAL_PROTEIN_TARGETING_TO_ENDOPLASMIC_RETICULUM_MEMBRANE	GOBP_POST_TRANSLATIONAL_PROTEIN_TARGETING_TO_ENDOPLASMIC_RETICULUM_MEMBRANE		15	-0.6580646	-1.5666234	0.023706896	0.29455537	1.0	4434	tags=67%, list=23%, signal=86%	
GOBP_RRNA_METABOLIC_PROCESS	GOBP_RRNA_METABOLIC_PROCESS		240	-0.4041502	-1.5662895	0.0	0.29244503	1.0	6395	tags=48%, list=33%, signal=71%	
GOBP_NEGATIVE_REGULATION_OF_FATTY_ACID_BIOSYNTHETIC_PROCESS	GOBP_NEGATIVE_REGULATION_OF_FATTY_ACID_BIOSYNTHETIC_PROCESS		18	-0.63235587	-1.5624408	0.014989293	0.300096	1.0	2597	tags=44%, list=13%, signal=51%	
GOBP_MITOTIC_INTRA_S_DNA_DAMAGE_CHECKPOINT_SIGNALING	GOBP_MITOTIC_INTRA_S_DNA_DAMAGE_CHECKPOINT_SIGNALING		15	-0.65987974	-1.5612127	0.023655914	0.30037194	1.0	4101	tags=53%, list=21%, signal=68%	
GOBP_NEGATIVE_REGULATION_OF_RESPONSE_TO_ENDOPLASMIC_RETICULUM_STRESS	GOBP_NEGATIVE_REGULATION_OF_RESPONSE_TO_ENDOPLASMIC_RETICULUM_STRESS		40	-0.52824444	-1.5601456	0.0050125313	0.30025744	1.0	4470	tags=55%, list=23%, signal=71%	
GOBP_ATTACHMENT_OF_MITOTIC_SPINDLE_MICROTUBULES_TO_KINETOCHORE	GOBP_ATTACHMENT_OF_MITOTIC_SPINDLE_MICROTUBULES_TO_KINETOCHORE		25	-0.58061814	-1.560033	0.01750547	0.29763585	1.0	3945	tags=48%, list=20%, signal=60%	
GOBP_TRNA_5_END_PROCESSING	GOBP_TRNA_5_END_PROCESSING		15	-0.6455598	-1.5598438	0.027659575	0.295231	1.0	3110	tags=40%, list=16%, signal=48%	
GOBP_SNRNA_METABOLIC_PROCESS	GOBP_SNRNA_METABOLIC_PROCESS		54	-0.5066155	-1.559121	0.0025316456	0.29451516	1.0	5922	tags=56%, list=30%, signal=80%	
GOMF_PALMITOYLTRANSFERASE_ACTIVITY	GOMF_PALMITOYLTRANSFERASE_ACTIVITY		35	-0.53291076	-1.5577592	0.016786572	0.2953071	1.0	3145	tags=40%, list=16%, signal=48%	
GOCC_CYTOPLASMIC_EXOSOME_RNASE_COMPLEX	GOCC_CYTOPLASMIC_EXOSOME_RNASE_COMPLEX		16	-0.64531416	-1.557562	0.034782607	0.29308808	1.0	5619	tags=69%, list=29%, signal=97%	
GOBP_PROTEIN_LOCALIZATION_TO_NUCLEOLUS	GOBP_PROTEIN_LOCALIZATION_TO_NUCLEOLUS		15	-0.6493916	-1.5560275	0.033195022	0.29490212	1.0	4164	tags=53%, list=21%, signal=68%	
GOMF_CHEMOREPELLENT_ACTIVITY	GOMF_CHEMOREPELLENT_ACTIVITY		28	-0.564835	-1.5541409	0.018735362	0.2971605	1.0	1381	tags=25%, list=7%, signal=27%	
GOBP_SMOOTH_MUSCLE_CELL_DIFFERENTIATION	GOBP_SMOOTH_MUSCLE_CELL_DIFFERENTIATION		62	-0.4773155	-1.5528908	0.007633588	0.297724	1.0	1655	tags=21%, list=9%, signal=23%	
GOMF_LIGASE_ACTIVITY_FORMING_CARBON_NITROGEN_BONDS	GOMF_LIGASE_ACTIVITY_FORMING_CARBON_NITROGEN_BONDS		46	-0.5068045	-1.5516307	0.014778325	0.29847786	1.0	3429	tags=46%, list=18%, signal=55%	
GOMF_UBIQUITIN_LIKE_PROTEIN_PEPTIDASE_ACTIVITY	GOMF_UBIQUITIN_LIKE_PROTEIN_PEPTIDASE_ACTIVITY		101	-0.4480491	-1.5493001	0.0	0.3021927	1.0	4741	tags=39%, list=24%, signal=51%	
GOBP_REGULATION_OF_STEROID_HORMONE_BIOSYNTHETIC_PROCESS	GOBP_REGULATION_OF_STEROID_HORMONE_BIOSYNTHETIC_PROCESS		15	-0.6379955	-1.5492426	0.03131524	0.2996212	1.0	1650	tags=40%, list=8%, signal=44%	
GOMF_DEUBIQUITINASE_ACTIVITY	GOMF_DEUBIQUITINASE_ACTIVITY		90	-0.45170203	-1.5481633	0.0028735632	0.29981503	1.0	4741	tags=40%, list=24%, signal=53%	
GOMF_ARACHIDONIC_ACID_MONOOXYGENASE_ACTIVITY	GOMF_ARACHIDONIC_ACID_MONOOXYGENASE_ACTIVITY		18	-0.6224645	-1.5443442	0.03887689	0.30706736	1.0	2975	tags=28%, list=15%, signal=33%	
GOMF_RECEPTOR_SERINE_THREONINE_KINASE_BINDING	GOMF_RECEPTOR_SERINE_THREONINE_KINASE_BINDING		27	-0.5616841	-1.54407	0.030805686	0.30521554	1.0	1522	tags=26%, list=8%, signal=28%	
GOBP_NUCLEOTIDE_SUGAR_BIOSYNTHETIC_PROCESS	GOBP_NUCLEOTIDE_SUGAR_BIOSYNTHETIC_PROCESS		17	-0.62472945	-1.5432104	0.029082773	0.3047195	1.0	2567	tags=53%, list=13%, signal=61%	
GOBP_AROMATIC_AMINO_ACID_METABOLIC_PROCESS	GOBP_AROMATIC_AMINO_ACID_METABOLIC_PROCESS		32	-0.5466971	-1.5412244	0.031042129	0.3074418	1.0	3592	tags=44%, list=18%, signal=54%	
GOBP_NEGATIVE_REGULATION_OF_ALPHA_BETA_T_CELL_PROLIFERATION	GOBP_NEGATIVE_REGULATION_OF_ALPHA_BETA_T_CELL_PROLIFERATION		15	-0.6584368	-1.5404961	0.034623217	0.30686757	1.0	2172	tags=53%, list=11%, signal=60%	
GOBP_DEVELOPMENTAL_PIGMENTATION	GOBP_DEVELOPMENTAL_PIGMENTATION		47	-0.4994814	-1.5400753	0.017676767	0.30561608	1.0	3592	tags=34%, list=18%, signal=42%	
GOBP_RIBOSOMAL_LARGE_SUBUNIT_ASSEMBLY	GOBP_RIBOSOMAL_LARGE_SUBUNIT_ASSEMBLY		21	-0.6061132	-1.5388842	0.031712472	0.30632856	1.0	6130	tags=67%, list=32%, signal=97%	
GOBP_RNA_5_END_PROCESSING	GOBP_RNA_5_END_PROCESSING		34	-0.53587514	-1.5377818	0.021327015	0.30665532	1.0	5547	tags=50%, list=29%, signal=70%	
GOCC_OUTER_KINETOCHORE	GOCC_OUTER_KINETOCHORE		20	-0.6014652	-1.5370905	0.042105265	0.30580357	1.0	4942	tags=50%, list=25%, signal=67%	
GOBP_PHOSPHOLIPID_BIOSYNTHETIC_PROCESS	GOBP_PHOSPHOLIPID_BIOSYNTHETIC_PROCESS		239	-0.3921821	-1.5359222	0.0	0.30645865	1.0	3846	tags=34%, list=20%, signal=42%	
GOBP_ER_NUCLEUS_SIGNALING_PATHWAY	GOBP_ER_NUCLEUS_SIGNALING_PATHWAY		44	-0.5008299	-1.5356625	0.01728395	0.30466565	1.0	6529	tags=70%, list=34%, signal=106%	
GOBP_SPHINGOMYELIN_METABOLIC_PROCESS	GOBP_SPHINGOMYELIN_METABOLIC_PROCESS		20	-0.6095305	-1.5354487	0.037656903	0.30282307	1.0	3178	tags=55%, list=16%, signal=66%	
GOMF_ATP_DEPENDENT_ACTIVITY_ACTING_ON_RNA	GOMF_ATP_DEPENDENT_ACTIVITY_ACTING_ON_RNA		70	-0.4651441	-1.5340868	0.0	0.30398482	1.0	5158	tags=47%, list=27%, signal=64%	
GOBP_MITOTIC_METAPHASE_CHROMOSOME_ALIGNMENT	GOBP_MITOTIC_METAPHASE_CHROMOSOME_ALIGNMENT		62	-0.46481398	-1.5334139	0.008720931	0.30342168	1.0	3945	tags=37%, list=20%, signal=46%	
GOBP_CAMERA_TYPE_EYE_PHOTORECEPTOR_CELL_DIFFERENTIATION	GOBP_CAMERA_TYPE_EYE_PHOTORECEPTOR_CELL_DIFFERENTIATION		31	-0.5285186	-1.5307142	0.03820225	0.30845487	1.0	2431	tags=35%, list=13%, signal=40%	
GOMF_NADH_DEHYDROGENASE_UBIQUINONE_ACTIVITY	GOMF_NADH_DEHYDROGENASE_UBIQUINONE_ACTIVITY		31	-0.53889036	-1.5306233	0.013921114	0.3062537	1.0	7172	tags=74%, list=37%, signal=117%	
GOBP_RIBONUCLEOPROTEIN_COMPLEX_BIOGENESIS	GOBP_RIBONUCLEOPROTEIN_COMPLEX_BIOGENESIS		431	-0.37053883	-1.5303929	0.0	0.30457687	1.0	5755	tags=39%, list=30%, signal=54%	
GOBP_REFLEX	GOBP_REFLEX		22	-0.5863349	-1.5289618	0.03125	0.30582747	1.0	938	tags=18%, list=5%, signal=19%	
GOBP_CRISTAE_FORMATION	GOBP_CRISTAE_FORMATION		16	-0.6453724	-1.5286303	0.03909465	0.304383	1.0	2989	tags=56%, list=15%, signal=66%	
GOMF_RIBOSOME_BINDING	GOMF_RIBOSOME_BINDING		96	-0.43819812	-1.5281482	0.008571428	0.30339912	1.0	5043	tags=46%, list=26%, signal=62%	
GOBP_CELL_CYCLE_DNA_REPLICATION	GOBP_CELL_CYCLE_DNA_REPLICATION		44	-0.5161202	-1.527095	0.010869565	0.30397195	1.0	1842	tags=30%, list=9%, signal=33%	
GOBP_TRNA_DECAY	GOBP_TRNA_DECAY		15	-0.64004755	-1.52703	0.038297873	0.3019689	1.0	5745	tags=73%, list=30%, signal=104%	
GOBP_SPLICEOSOMAL_SNRNP_ASSEMBLY	GOBP_SPLICEOSOMAL_SNRNP_ASSEMBLY		41	-0.5169809	-1.5264868	0.01909308	0.3012417	1.0	3908	tags=44%, list=20%, signal=55%	
GOBP_REGULATION_OF_ERAD_PATHWAY	GOBP_REGULATION_OF_ERAD_PATHWAY		22	-0.58362913	-1.5230898	0.042918455	0.30796668	1.0	4305	tags=55%, list=22%, signal=70%	
GOBP_POSITIVE_REGULATION_OF_STEROID_METABOLIC_PROCESS	GOBP_POSITIVE_REGULATION_OF_STEROID_METABOLIC_PROCESS		25	-0.5738949	-1.5224258	0.03218884	0.30770886	1.0	1189	tags=28%, list=6%, signal=30%	
GOMF_CATALYTIC_ACTIVITY_ACTING_ON_RNA	GOMF_CATALYTIC_ACTIVITY_ACTING_ON_RNA		344	-0.37523594	-1.5219167	0.0	0.3068283	1.0	5623	tags=45%, list=29%, signal=63%	
GOBP_SULFUR_AMINO_ACID_BIOSYNTHETIC_PROCESS	GOBP_SULFUR_AMINO_ACID_BIOSYNTHETIC_PROCESS		15	-0.64382315	-1.5213705	0.038135592	0.30596107	1.0	3054	tags=40%, list=16%, signal=47%	
GOBP_CELLULAR_RESPONSE_TO_TOPOLOGICALLY_INCORRECT_PROTEIN	GOBP_CELLULAR_RESPONSE_TO_TOPOLOGICALLY_INCORRECT_PROTEIN		96	-0.43691462	-1.5200639	0.0027472528	0.3070172	1.0	4470	tags=42%, list=23%, signal=54%	
GOCC_PROTEASOME_COMPLEX	GOCC_PROTEASOME_COMPLEX		60	-0.47978607	-1.5196916	0.014742015	0.30584973	1.0	6951	tags=60%, list=36%, signal=93%	
GOBP_EMBRYONIC_CAMERA_TYPE_EYE_MORPHOGENESIS	GOBP_EMBRYONIC_CAMERA_TYPE_EYE_MORPHOGENESIS		26	-0.568551	-1.5167255	0.03678161	0.31165013	1.0	1582	tags=27%, list=8%, signal=29%	
GOMF_ALCOHOL_DEHYDROGENASE_NADPPLUS_ACTIVITY	GOMF_ALCOHOL_DEHYDROGENASE_NADPPLUS_ACTIVITY		22	-0.58034015	-1.5136615	0.026200874	0.3175322	1.0	2800	tags=23%, list=14%, signal=27%	
GOCC_ENDONUCLEASE_COMPLEX	GOCC_ENDONUCLEASE_COMPLEX		37	-0.50168484	-1.5133727	0.024271844	0.31614247	1.0	3424	tags=32%, list=18%, signal=39%	
GOMF_ALKALI_METAL_ION_BINDING	GOMF_ALKALI_METAL_ION_BINDING		19	-0.59064525	-1.5133225	0.041666668	0.31411836	1.0	769	tags=16%, list=4%, signal=16%	
GOBP_ORGANELLE_DISASSEMBLY	GOBP_ORGANELLE_DISASSEMBLY		161	-0.41197953	-1.5123326	0.0	0.3146741	1.0	4403	tags=39%, list=23%, signal=50%	
GOBP_RNA_SURVEILLANCE	GOBP_RNA_SURVEILLANCE		18	-0.6093835	-1.510444	0.032967035	0.3175086	1.0	5619	tags=67%, list=29%, signal=94%	
GOBP_NADH_DEHYDROGENASE_COMPLEX_ASSEMBLY	GOBP_NADH_DEHYDROGENASE_COMPLEX_ASSEMBLY		48	-0.4978412	-1.5102566	0.018276762	0.31581768	1.0	6465	tags=60%, list=33%, signal=90%	
GOBP_INNER_MITOCHONDRIAL_MEMBRANE_ORGANIZATION	GOBP_INNER_MITOCHONDRIAL_MEMBRANE_ORGANIZATION		38	-0.5163716	-1.5093495	0.016587678	0.31619114	1.0	5732	tags=58%, list=30%, signal=82%	
GOCC_PROTEASOME_ACCESSORY_COMPLEX	GOCC_PROTEASOME_ACCESSORY_COMPLEX		24	-0.5824785	-1.5092001	0.033039648	0.3145188	1.0	6880	tags=79%, list=35%, signal=122%	
GOBP_POSITIVE_REGULATION_OF_EMBRYONIC_DEVELOPMENT	GOBP_POSITIVE_REGULATION_OF_EMBRYONIC_DEVELOPMENT		19	-0.6022472	-1.5088239	0.03501094	0.3135441	1.0	643	tags=26%, list=3%, signal=27%	
GOMF_RNA_ENDONUCLEASE_ACTIVITY_PRODUCING_5_PHOSPHOMONOESTERS	GOMF_RNA_ENDONUCLEASE_ACTIVITY_PRODUCING_5_PHOSPHOMONOESTERS		29	-0.5407417	-1.5072824	0.040723983	0.31545067	1.0	2291	tags=34%, list=12%, signal=39%	
GOMF_MISFOLDED_PROTEIN_BINDING	GOMF_MISFOLDED_PROTEIN_BINDING		16	-0.6158203	-1.5037204	0.03131524	0.3232562	1.0	3505	tags=44%, list=18%, signal=53%	
GOBP_PROTEIN_MODIFICATION_BY_SMALL_PROTEIN_REMOVAL	GOBP_PROTEIN_MODIFICATION_BY_SMALL_PROTEIN_REMOVAL		97	-0.42363256	-1.5024585	0.002770083	0.3246941	1.0	4741	tags=38%, list=24%, signal=50%	
GOBP_POSITIVE_REGULATION_OF_STRIATED_MUSCLE_CELL_DIFFERENTIATION	GOBP_POSITIVE_REGULATION_OF_STRIATED_MUSCLE_CELL_DIFFERENTIATION		41	-0.49730572	-1.5022675	0.028132992	0.32300654	1.0	1496	tags=24%, list=8%, signal=26%	
GOMF_OXIDOREDUCTASE_ACTIVITY_ACTING_ON_NAD_P_H_QUINONE_OR_SIMILAR_COMPOUND_AS_ACCEPTOR	GOMF_OXIDOREDUCTASE_ACTIVITY_ACTING_ON_NAD_P_H_QUINONE_OR_SIMILAR_COMPOUND_AS_ACCEPTOR		48	-0.49591643	-1.5021987	0.011876484	0.3211519	1.0	6597	tags=58%, list=34%, signal=88%	
GOMF_ACYL_COA_BINDING	GOMF_ACYL_COA_BINDING		19	-0.575828	-1.5021667	0.041322313	0.31915686	1.0	3286	tags=42%, list=17%, signal=51%	
GOBP_PROTEIN_DEUBIQUITINATION	GOBP_PROTEIN_DEUBIQUITINATION		78	-0.44537175	-1.5018493	0.005449591	0.31798115	1.0	4741	tags=42%, list=24%, signal=56%	
GOBP_TERPENOID_BIOSYNTHETIC_PROCESS	GOBP_TERPENOID_BIOSYNTHETIC_PROCESS		15	-0.6325176	-1.5016063	0.047008548	0.31655815	1.0	4983	tags=53%, list=26%, signal=72%	
GOBP_IRE1_MEDIATED_UNFOLDED_PROTEIN_RESPONSE	GOBP_IRE1_MEDIATED_UNFOLDED_PROTEIN_RESPONSE		19	-0.6023766	-1.501433	0.039473683	0.31494954	1.0	3667	tags=42%, list=19%, signal=52%	
GOCC_PRERIBOSOME	GOCC_PRERIBOSOME		102	-0.42471924	-1.4999763	0.0058139535	0.31675512	1.0	6356	tags=46%, list=33%, signal=68%	
GOBP_ESTABLISHMENT_OF_PIGMENT_GRANULE_LOCALIZATION	GOBP_ESTABLISHMENT_OF_PIGMENT_GRANULE_LOCALIZATION		23	-0.5645555	-1.4981138	0.0491453	0.3196732	1.0	2607	tags=30%, list=13%, signal=35%	
GOBP_SERTOLI_CELL_DIFFERENTIATION	GOBP_SERTOLI_CELL_DIFFERENTIATION		21	-0.58165526	-1.4978634	0.04793028	0.31834233	1.0	2267	tags=29%, list=12%, signal=32%	
GOBP_POST_ANAL_TAIL_MORPHOGENESIS	GOBP_POST_ANAL_TAIL_MORPHOGENESIS		18	-0.60347	-1.4976923	0.047227927	0.31685376	1.0	4228	tags=50%, list=22%, signal=64%	
GOBP_BRANCHED_CHAIN_AMINO_ACID_METABOLIC_PROCESS	GOBP_BRANCHED_CHAIN_AMINO_ACID_METABOLIC_PROCESS		28	-0.5467013	-1.4968612	0.026666667	0.31708094	1.0	4516	tags=46%, list=23%, signal=60%	
GOBP_PROTEIN_DNA_COMPLEX_ASSEMBLY	GOBP_PROTEIN_DNA_COMPLEX_ASSEMBLY		157	-0.4048038	-1.4961623	0.0	0.31694344	1.0	5104	tags=43%, list=26%, signal=57%	
GOBP_AMINO_ACID_BETAINE_METABOLIC_PROCESS	GOBP_AMINO_ACID_BETAINE_METABOLIC_PROCESS		17	-0.59901327	-1.4957201	0.037894737	0.31606928	1.0	3630	tags=47%, list=19%, signal=58%	
GOCC_NUCLEOID	GOCC_NUCLEOID		43	-0.48964253	-1.4937574	0.012224939	0.31950483	1.0	3386	tags=30%, list=17%, signal=37%	
GOBP_ALCOHOL_BIOSYNTHETIC_PROCESS	GOBP_ALCOHOL_BIOSYNTHETIC_PROCESS		131	-0.41320404	-1.4936064	0.003125	0.31797746	1.0	2738	tags=29%, list=14%, signal=34%	
GOMF_TRANSMEMBRANE_RECEPTOR_PROTEIN_SERINE_THREONINE_KINASE_BINDING	GOMF_TRANSMEMBRANE_RECEPTOR_PROTEIN_SERINE_THREONINE_KINASE_BINDING		21	-0.5772689	-1.4901662	0.046908315	0.32508326	1.0	1522	tags=29%, list=8%, signal=31%	
GOBP_PROTEIN_QUALITY_CONTROL_FOR_MISFOLDED_OR_INCOMPLETELY_SYNTHESIZED_PROTEINS	GOBP_PROTEIN_QUALITY_CONTROL_FOR_MISFOLDED_OR_INCOMPLETELY_SYNTHESIZED_PROTEINS		23	-0.5658174	-1.4894608	0.032258064	0.3249875	1.0	5176	tags=61%, list=27%, signal=83%	
GOBP_NEGATIVE_REGULATION_OF_PROTEOLYSIS_INVOLVED_IN_PROTEIN_CATABOLIC_PROCESS	GOBP_NEGATIVE_REGULATION_OF_PROTEOLYSIS_INVOLVED_IN_PROTEIN_CATABOLIC_PROCESS		64	-0.45839256	-1.4893885	0.004830918	0.32328787	1.0	4831	tags=47%, list=25%, signal=62%	
GOBP_EPOXYGENASE_P450_PATHWAY	GOBP_EPOXYGENASE_P450_PATHWAY		18	-0.60731673	-1.4883549	0.056277055	0.32415947	1.0	2975	tags=28%, list=15%, signal=33%	
GOBP_CHROMOSOME_SEPARATION	GOBP_CHROMOSOME_SEPARATION		80	-0.44108552	-1.4872315	0.008474576	0.32543442	1.0	5663	tags=45%, list=29%, signal=63%	
GOBP_ISOPRENOID_BIOSYNTHETIC_PROCESS	GOBP_ISOPRENOID_BIOSYNTHETIC_PROCESS		27	-0.5498435	-1.4860001	0.027027028	0.3268184	1.0	4983	tags=44%, list=26%, signal=60%	
GOCC_RIBOSOMAL_SUBUNIT	GOCC_RIBOSOMAL_SUBUNIT		181	-0.39452994	-1.484809	0.0033898305	0.32803157	1.0	5947	tags=44%, list=31%, signal=63%	
GOBP_REGULATION_OF_LOW_DENSITY_LIPOPROTEIN_PARTICLE_CLEARANCE	GOBP_REGULATION_OF_LOW_DENSITY_LIPOPROTEIN_PARTICLE_CLEARANCE		15	-0.6351388	-1.4843631	0.0583501	0.32718393	1.0	1685	tags=27%, list=9%, signal=29%	
GOMF_STEROID_BINDING	GOMF_STEROID_BINDING		104	-0.41678137	-1.4840927	0.0030864198	0.32594633	1.0	2969	tags=23%, list=15%, signal=27%	
GOBP_OLEFINIC_COMPOUND_BIOSYNTHETIC_PROCESS	GOBP_OLEFINIC_COMPOUND_BIOSYNTHETIC_PROCESS		28	-0.5358499	-1.4830649	0.037861917	0.32659966	1.0	1723	tags=32%, list=9%, signal=35%	
GOBP_RESPONSE_TO_GLUCAGON	GOBP_RESPONSE_TO_GLUCAGON		22	-0.57267135	-1.4824326	0.049327355	0.3264835	1.0	964	tags=18%, list=5%, signal=19%	
GOBP_REGULATION_OF_CELL_FATE_SPECIFICATION	GOBP_REGULATION_OF_CELL_FATE_SPECIFICATION		24	-0.5507429	-1.4821668	0.047826085	0.3254102	1.0	1583	tags=21%, list=8%, signal=23%	
GOBP_COTRANSLATIONAL_PROTEIN_TARGETING_TO_MEMBRANE	GOBP_COTRANSLATIONAL_PROTEIN_TARGETING_TO_MEMBRANE		23	-0.57161736	-1.4806783	0.04784689	0.3273714	1.0	4418	tags=52%, list=23%, signal=67%	
GOBP_POSITIVE_REGULATION_OF_DNA_TEMPLATED_TRANSCRIPTION_INITIATION	GOBP_POSITIVE_REGULATION_OF_DNA_TEMPLATED_TRANSCRIPTION_INITIATION		68	-0.45163918	-1.4793605	0.008379889	0.32903817	1.0	5460	tags=43%, list=28%, signal=59%	
GOCC_RESPIRASOME	GOCC_RESPIRASOME		79	-0.44085667	-1.4776905	0.00795756	0.33162743	1.0	6597	tags=57%, list=34%, signal=86%	
GOBP_DNA_TEMPLATED_TRANSCRIPTION_ELONGATION	GOBP_DNA_TEMPLATED_TRANSCRIPTION_ELONGATION		119	-0.41151133	-1.4774742	0.0031545742	0.3304264	1.0	5656	tags=45%, list=29%, signal=62%	
GOBP_KETONE_BIOSYNTHETIC_PROCESS	GOBP_KETONE_BIOSYNTHETIC_PROCESS		46	-0.48820838	-1.4772367	0.03	0.3293879	1.0	1723	tags=26%, list=9%, signal=29%	
GOBP_ESTABLISHMENT_OF_PROTEIN_LOCALIZATION_TO_ENDOPLASMIC_RETICULUM	GOBP_ESTABLISHMENT_OF_PROTEIN_LOCALIZATION_TO_ENDOPLASMIC_RETICULUM		39	-0.5046954	-1.4770836	0.021531101	0.3280908	1.0	6726	tags=64%, list=35%, signal=98%	
GOBP_PROTEIN_IMPORT_INTO_PEROXISOME_MATRIX	GOBP_PROTEIN_IMPORT_INTO_PEROXISOME_MATRIX		15	-0.6284685	-1.4758255	0.05172414	0.32974178	1.0	5958	tags=73%, list=31%, signal=106%	
GOBP_ECTOPIC_GERM_CELL_PROGRAMMED_CELL_DEATH	GOBP_ECTOPIC_GERM_CELL_PROGRAMMED_CELL_DEATH		17	-0.60451937	-1.4751632	0.036956523	0.32969144	1.0	1782	tags=29%, list=9%, signal=32%	
GOBP_RIBOSOME_DISASSEMBLY	GOBP_RIBOSOME_DISASSEMBLY		36	-0.5043231	-1.4747982	0.03217822	0.32895508	1.0	4993	tags=56%, list=26%, signal=75%	
GOBP_POSITIVE_REGULATION_OF_MEIOTIC_NUCLEAR_DIVISION	GOBP_POSITIVE_REGULATION_OF_MEIOTIC_NUCLEAR_DIVISION		15	-0.6246605	-1.4745046	0.05367793	0.3280507	1.0	296	tags=13%, list=2%, signal=14%	
GOBP_PIGMENT_GRANULE_LOCALIZATION	GOBP_PIGMENT_GRANULE_LOCALIZATION		25	-0.5593504	-1.4744915	0.04631579	0.3264139	1.0	2914	tags=32%, list=15%, signal=38%	
GOBP_MELANOCYTE_DIFFERENTIATION	GOBP_MELANOCYTE_DIFFERENTIATION		24	-0.55284095	-1.4728167	0.055427253	0.3291345	1.0	1996	tags=33%, list=10%, signal=37%	
GOBP_STEROID_METABOLIC_PROCESS	GOBP_STEROID_METABOLIC_PROCESS		312	-0.36997122	-1.4720082	0.00456621	0.32937902	1.0	2472	tags=21%, list=13%, signal=24%	
GOBP_REGULATION_OF_PHOSPHOLIPID_TRANSPORT	GOBP_REGULATION_OF_PHOSPHOLIPID_TRANSPORT		15	-0.6124702	-1.4718224	0.05982906	0.32811734	1.0	1414	tags=27%, list=7%, signal=29%	
GOMF_PEPTIDE_HORMONE_BINDING	GOMF_PEPTIDE_HORMONE_BINDING		48	-0.48007283	-1.4711611	0.02	0.3280391	1.0	3226	tags=29%, list=17%, signal=35%	
GOBP_MAINTENANCE_OF_GASTROINTESTINAL_EPITHELIUM	GOBP_MAINTENANCE_OF_GASTROINTESTINAL_EPITHELIUM		22	-0.5615239	-1.4706553	0.04888889	0.32767272	1.0	647	tags=23%, list=3%, signal=23%	
GOMF_OXIDOREDUCTASE_ACTIVITY_ACTING_ON_PAIRED_DONORS_WITH_INCORPORATION_OR_REDUCTION_OF_MOLECULAR_OXYGEN_REDUCED_FLAVIN_OR_FLAVOPROTEIN_AS_ONE_DONOR_AND_INCORPORATION_OF_ONE_ATOM_OF_OXYGEN	GOMF_OXIDOREDUCTASE_ACTIVITY_ACTING_ON_PAIRED_DONORS_WITH_INCORPORATION_OR_REDUCTION_OF_MOLECULAR_OXYGEN_REDUCED_FLAVIN_OR_FLAVOPROTEIN_AS_ONE_DONOR_AND_INCORPORATION_OF_ONE_ATOM_OF_OXYGEN		43	-0.4926801	-1.4683448	0.021686748	0.33213085	1.0	2330	tags=21%, list=12%, signal=24%	
GOBP_MUSCLE_CELL_FATE_COMMITMENT	GOBP_MUSCLE_CELL_FATE_COMMITMENT		16	-0.6192553	-1.4681212	0.048117153	0.33108342	1.0	179	tags=19%, list=1%, signal=19%	
GOBP_CELLULAR_KETONE_METABOLIC_PROCESS	GOBP_CELLULAR_KETONE_METABOLIC_PROCESS		208	-0.3791804	-1.4666504	0.0	0.33322743	1.0	3374	tags=28%, list=17%, signal=34%	
GOBP_TERTIARY_ALCOHOL_METABOLIC_PROCESS	GOBP_TERTIARY_ALCOHOL_METABOLIC_PROCESS		22	-0.5630275	-1.4664443	0.04	0.3319977	1.0	1458	tags=18%, list=8%, signal=20%	
GOCC_PEPTIDASE_COMPLEX	GOCC_PEPTIDASE_COMPLEX		114	-0.41393223	-1.4658123	0.0060975607	0.33190626	1.0	6951	tags=58%, list=36%, signal=90%	
GOBP_DICARBOXYLIC_ACID_CATABOLIC_PROCESS	GOBP_DICARBOXYLIC_ACID_CATABOLIC_PROCESS		17	-0.59636307	-1.465612	0.062893085	0.33078814	1.0	2860	tags=41%, list=15%, signal=48%	
GOBP_SRP_DEPENDENT_COTRANSLATIONAL_PROTEIN_TARGETING_TO_MEMBRANE	GOBP_SRP_DEPENDENT_COTRANSLATIONAL_PROTEIN_TARGETING_TO_MEMBRANE		18	-0.58528006	-1.4617802	0.06966292	0.33892453	1.0	4418	tags=56%, list=23%, signal=72%	
GOBP_LIPOPROTEIN_BIOSYNTHETIC_PROCESS	GOBP_LIPOPROTEIN_BIOSYNTHETIC_PROCESS		93	-0.42021698	-1.4615481	0.025641026	0.33786798	1.0	4211	tags=33%, list=22%, signal=42%	
GOBP_POSITIVE_REGULATION_OF_MEIOTIC_CELL_CYCLE	GOBP_POSITIVE_REGULATION_OF_MEIOTIC_CELL_CYCLE		24	-0.5552841	-1.4608289	0.04464286	0.33812767	1.0	2587	tags=25%, list=13%, signal=29%	
GOCC_CYTOPLASMIC_SIDE_OF_ENDOPLASMIC_RETICULUM_MEMBRANE	GOCC_CYTOPLASMIC_SIDE_OF_ENDOPLASMIC_RETICULUM_MEMBRANE		19	-0.582989	-1.4600773	0.050104383	0.33830035	1.0	5457	tags=63%, list=28%, signal=88%	
GOBP_CHROMOSOME_CONDENSATION	GOBP_CHROMOSOME_CONDENSATION		31	-0.52152145	-1.4593984	0.05357143	0.33841756	1.0	4745	tags=39%, list=24%, signal=51%	
GOBP_RETINAL_ROD_CELL_DIFFERENTIATION	GOBP_RETINAL_ROD_CELL_DIFFERENTIATION		17	-0.5940964	-1.4592959	0.06339468	0.33701092	1.0	2431	tags=41%, list=13%, signal=47%	
GOBP_CORONARY_VASCULATURE_DEVELOPMENT	GOBP_CORONARY_VASCULATURE_DEVELOPMENT		46	-0.48264036	-1.4586284	0.028061224	0.337282	1.0	1774	tags=26%, list=9%, signal=29%	
GOCC_GOLGI_CISTERNA	GOCC_GOLGI_CISTERNA		101	-0.41102052	-1.4581592	0.0057142857	0.33702826	1.0	5672	tags=46%, list=29%, signal=64%	
GOBP_AMIDE_BIOSYNTHETIC_PROCESS	GOBP_AMIDE_BIOSYNTHETIC_PROCESS		150	-0.3919301	-1.4579389	0.0	0.33603084	1.0	3869	tags=35%, list=20%, signal=43%	
GOMF_SULFUR_COMPOUND_TRANSMEMBRANE_TRANSPORTER_ACTIVITY	GOMF_SULFUR_COMPOUND_TRANSMEMBRANE_TRANSPORTER_ACTIVITY		58	-0.45788452	-1.4574604	0.010309278	0.3356864	1.0	3653	tags=36%, list=19%, signal=44%	
GOBP_INTRA_GOLGI_VESICLE_MEDIATED_TRANSPORT	GOBP_INTRA_GOLGI_VESICLE_MEDIATED_TRANSPORT		32	-0.5234808	-1.4568108	0.043378994	0.33575353	1.0	5649	tags=50%, list=29%, signal=70%	
GOBP_PROTEIN_RNA_COMPLEX_ORGANIZATION	GOBP_PROTEIN_RNA_COMPLEX_ORGANIZATION		200	-0.3744563	-1.4565762	0.0	0.334776	1.0	5239	tags=38%, list=27%, signal=51%	
GOBP_ENDOCARDIAL_CUSHION_MORPHOGENESIS	GOBP_ENDOCARDIAL_CUSHION_MORPHOGENESIS		43	-0.48663336	-1.4564519	0.030444965	0.3335014	1.0	1552	tags=30%, list=8%, signal=33%	
GOBP_REGULATION_OF_MRNA_PROCESSING	GOBP_REGULATION_OF_MRNA_PROCESSING		128	-0.4039152	-1.4548695	0.0	0.33611676	1.0	6351	tags=46%, list=33%, signal=68%	
GOBP_RIBOSOME_ASSEMBLY	GOBP_RIBOSOME_ASSEMBLY		58	-0.45656914	-1.4523119	0.007518797	0.34159392	1.0	6130	tags=47%, list=32%, signal=68%	
GOCC_ENDOPEPTIDASE_COMPLEX	GOCC_ENDOPEPTIDASE_COMPLEX		84	-0.4280825	-1.452292	0.01690141	0.34009767	1.0	4432	tags=36%, list=23%, signal=46%	
GOBP_METALLO_SULFUR_CLUSTER_ASSEMBLY	GOBP_METALLO_SULFUR_CLUSTER_ASSEMBLY		24	-0.5438505	-1.4516492	0.06318083	0.340211	1.0	5961	tags=58%, list=31%, signal=84%	
GOMF_FATTY_ACID_DERIVATIVE_BINDING	GOMF_FATTY_ACID_DERIVATIVE_BINDING		18	-0.58603346	-1.4511563	0.06464647	0.33988366	1.0	3286	tags=39%, list=17%, signal=47%	
GOMF_GABA_A_RECEPTOR_ACTIVITY	GOMF_GABA_A_RECEPTOR_ACTIVITY		19	-0.58608204	-1.4495473	0.051835854	0.3424356	1.0	6414	tags=47%, list=33%, signal=71%	
GOBP_REGULATION_OF_MEIOTIC_NUCLEAR_DIVISION	GOBP_REGULATION_OF_MEIOTIC_NUCLEAR_DIVISION		30	-0.5105538	-1.4494838	0.053418804	0.3410332	1.0	4705	tags=33%, list=24%, signal=44%	
GOBP_MESODERMAL_CELL_FATE_COMMITMENT	GOBP_MESODERMAL_CELL_FATE_COMMITMENT		18	-0.5798144	-1.4490331	0.074235804	0.3406736	1.0	1496	tags=22%, list=8%, signal=24%	
GOBP_EPITHELIAL_STRUCTURE_MAINTENANCE	GOBP_EPITHELIAL_STRUCTURE_MAINTENANCE		33	-0.5076463	-1.4464583	0.028571429	0.34574023	1.0	647	tags=18%, list=3%, signal=19%	
GOBP_SULFUR_COMPOUND_TRANSPORT	GOBP_SULFUR_COMPOUND_TRANSPORT		60	-0.45705786	-1.4464272	0.023195876	0.34427148	1.0	3653	tags=37%, list=19%, signal=45%	
GOBP_AMINO_ACID_ACTIVATION	GOBP_AMINO_ACID_ACTIVATION		24	-0.54116607	-1.4457555	0.054229934	0.34435788	1.0	4335	tags=58%, list=22%, signal=75%	
GOBP_VESICLE_TETHERING	GOBP_VESICLE_TETHERING		32	-0.51154464	-1.4457318	0.05437352	0.34290415	1.0	5990	tags=63%, list=31%, signal=90%	
GOBP_PROTEIN_ACETYLATION	GOBP_PROTEIN_ACETYLATION		52	-0.46185407	-1.4456168	0.027918782	0.3416795	1.0	5846	tags=52%, list=30%, signal=74%	
GOBP_RECOMBINATIONAL_REPAIR	GOBP_RECOMBINATIONAL_REPAIR		172	-0.38252887	-1.4456019	0.0035714286	0.34023264	1.0	5850	tags=47%, list=30%, signal=67%	
GOBP_LYSOSOMAL_PROTEIN_CATABOLIC_PROCESS	GOBP_LYSOSOMAL_PROTEIN_CATABOLIC_PROCESS		19	-0.5699097	-1.4432409	0.06212425	0.34474176	1.0	3198	tags=32%, list=16%, signal=38%	
GOMF_METAL_CLUSTER_BINDING	GOMF_METAL_CLUSTER_BINDING		68	-0.43078792	-1.4426429	0.016172506	0.34476718	1.0	5096	tags=47%, list=26%, signal=64%	
GOBP_DOUBLE_STRAND_BREAK_REPAIR	GOBP_DOUBLE_STRAND_BREAK_REPAIR		286	-0.35842288	-1.4425722	0.0	0.34343153	1.0	5991	tags=43%, list=31%, signal=62%	
GOBP_MEMBRANE_LIPID_BIOSYNTHETIC_PROCESS	GOBP_MEMBRANE_LIPID_BIOSYNTHETIC_PROCESS		141	-0.39335626	-1.4418285	0.0032051282	0.34372845	1.0	3882	tags=37%, list=20%, signal=46%	
GOBP_EMBRYONIC_CAMERA_TYPE_EYE_DEVELOPMENT	GOBP_EMBRYONIC_CAMERA_TYPE_EYE_DEVELOPMENT		37	-0.488848	-1.4417533	0.049763035	0.34245494	1.0	2583	tags=35%, list=13%, signal=40%	
GOBP_BRANCHED_CHAIN_AMINO_ACID_CATABOLIC_PROCESS	GOBP_BRANCHED_CHAIN_AMINO_ACID_CATABOLIC_PROCESS		22	-0.56383044	-1.4399502	0.06896552	0.34537163	1.0	5596	tags=55%, list=29%, signal=77%	
GOBP_RNA_SPLICING_VIA_TRANSESTERIFICATION_REACTIONS	GOBP_RNA_SPLICING_VIA_TRANSESTERIFICATION_REACTIONS		296	-0.3575802	-1.4381138	0.0	0.3489114	1.0	6428	tags=42%, list=33%, signal=62%	
GOBP_CARDIAC_SEPTUM_MORPHOGENESIS	GOBP_CARDIAC_SEPTUM_MORPHOGENESIS		68	-0.4356097	-1.4376394	0.031496063	0.34866613	1.0	1083	tags=21%, list=6%, signal=22%	
GOBP_DNA_REPLICATION_CHECKPOINT_SIGNALING	GOBP_DNA_REPLICATION_CHECKPOINT_SIGNALING		20	-0.56892097	-1.4365709	0.06609808	0.34996232	1.0	3905	tags=45%, list=20%, signal=56%	
GOBP_REGULATION_OF_ENDOPLASMIC_RETICULUM_UNFOLDED_PROTEIN_RESPONSE	GOBP_REGULATION_OF_ENDOPLASMIC_RETICULUM_UNFOLDED_PROTEIN_RESPONSE		27	-0.53163785	-1.4356334	0.051224943	0.35068715	1.0	3667	tags=41%, list=19%, signal=50%	
GOCC_ALPHA_KETOACID_DEHYDROGENASE_COMPLEX	GOCC_ALPHA_KETOACID_DEHYDROGENASE_COMPLEX		16	-0.5903974	-1.4342963	0.06736842	0.35274592	1.0	3651	tags=56%, list=19%, signal=69%	
GOCC_U2_TYPE_CATALYTIC_STEP_2_SPLICEOSOME	GOCC_U2_TYPE_CATALYTIC_STEP_2_SPLICEOSOME		30	-0.50837076	-1.4342501	0.045558088	0.3513987	1.0	5534	tags=47%, list=28%, signal=65%	
GOBP_ENDOCARDIAL_CUSHION_DEVELOPMENT	GOBP_ENDOCARDIAL_CUSHION_DEVELOPMENT		53	-0.4600453	-1.4331287	0.020050125	0.352794	1.0	1552	tags=26%, list=8%, signal=29%	
GOBP_SNRNA_TRANSCRIPTION	GOBP_SNRNA_TRANSCRIPTION		20	-0.56580657	-1.4329827	0.05506608	0.35170802	1.0	5922	tags=60%, list=30%, signal=86%	
GOBP_APICAL_PROTEIN_LOCALIZATION	GOBP_APICAL_PROTEIN_LOCALIZATION		15	-0.60626775	-1.432658	0.051172707	0.35107455	1.0	1507	tags=27%, list=8%, signal=29%	
GOBP_CELLULAR_METABOLIC_COMPOUND_SALVAGE	GOBP_CELLULAR_METABOLIC_COMPOUND_SALVAGE		31	-0.5109865	-1.432497	0.054245282	0.3499664	1.0	2250	tags=23%, list=12%, signal=25%	
GOBP_NEGATIVE_REGULATION_OF_INTRACELLULAR_ESTROGEN_RECEPTOR_SIGNALING_PATHWAY	GOBP_NEGATIVE_REGULATION_OF_INTRACELLULAR_ESTROGEN_RECEPTOR_SIGNALING_PATHWAY		15	-0.61021274	-1.4314833	0.058467742	0.35123068	1.0	1225	tags=27%, list=6%, signal=28%	
GOBP_MESENCHYME_MORPHOGENESIS	GOBP_MESENCHYME_MORPHOGENESIS		60	-0.44560397	-1.431342	0.035422344	0.35015732	1.0	1254	tags=27%, list=6%, signal=28%	
GOBP_GPI_ANCHOR_METABOLIC_PROCESS	GOBP_GPI_ANCHOR_METABOLIC_PROCESS		31	-0.4999345	-1.4310849	0.0520362	0.34934983	1.0	2928	tags=29%, list=15%, signal=34%	
GOBP_PROTEIN_CATABOLIC_PROCESS_IN_THE_VACUOLE	GOBP_PROTEIN_CATABOLIC_PROCESS_IN_THE_VACUOLE		23	-0.54070204	-1.4309626	0.052980132	0.34825307	1.0	3198	tags=30%, list=16%, signal=36%	
GOMF_S_ACYLTRANSFERASE_ACTIVITY	GOMF_S_ACYLTRANSFERASE_ACTIVITY		29	-0.51869446	-1.4303772	0.055045873	0.34837082	1.0	3360	tags=38%, list=17%, signal=46%	
GOCC_NUCLEAR_EXOSOME_RNASE_COMPLEX	GOCC_NUCLEAR_EXOSOME_RNASE_COMPLEX		15	-0.61291564	-1.4292715	0.064444445	0.3497911	1.0	5619	tags=67%, list=29%, signal=94%	
GOBP_STEROID_BIOSYNTHETIC_PROCESS	GOBP_STEROID_BIOSYNTHETIC_PROCESS		174	-0.37296486	-1.428636	0.003508772	0.35005048	1.0	1779	tags=19%, list=9%, signal=21%	
GOBP_AUTOPHAGOSOME_MATURATION	GOBP_AUTOPHAGOSOME_MATURATION		64	-0.43842962	-1.42858	0.04719764	0.34879214	1.0	4246	tags=39%, list=22%, signal=50%	
GOBP_ADENOHYPOPHYSIS_DEVELOPMENT	GOBP_ADENOHYPOPHYSIS_DEVELOPMENT		16	-0.5925147	-1.427544	0.082073435	0.35002762	1.0	912	tags=19%, list=5%, signal=20%	
GOBP_SNRNA_TRANSCRIPTION_BY_RNA_POLYMERASE_II	GOBP_SNRNA_TRANSCRIPTION_BY_RNA_POLYMERASE_II		16	-0.5819061	-1.4226499	0.077419356	0.36143923	1.0	5922	tags=63%, list=30%, signal=90%	
GOBP_MITOTIC_SISTER_CHROMATID_SEPARATION	GOBP_MITOTIC_SISTER_CHROMATID_SEPARATION		62	-0.4414101	-1.4225926	0.026666667	0.36016747	1.0	5663	tags=45%, list=29%, signal=64%	
GOBP_NADPH_REGENERATION	GOBP_NADPH_REGENERATION		22	-0.5474291	-1.4221965	0.06726457	0.35979438	1.0	3017	tags=32%, list=16%, signal=38%	
GOMF_MAGNESIUM_ION_TRANSMEMBRANE_TRANSPORTER_ACTIVITY	GOMF_MAGNESIUM_ION_TRANSMEMBRANE_TRANSPORTER_ACTIVITY		18	-0.57739323	-1.4210731	0.06696428	0.36119887	1.0	2255	tags=28%, list=12%, signal=31%	
GOCC_U1_SNRNP	GOCC_U1_SNRNP		17	-0.5912498	-1.4208422	0.07760532	0.3604518	1.0	5413	tags=65%, list=28%, signal=90%	
GOBP_ENDOPLASMIC_RETICULUM_TO_CYTOSOL_TRANSPORT	GOBP_ENDOPLASMIC_RETICULUM_TO_CYTOSOL_TRANSPORT		24	-0.54161865	-1.4205385	0.06666667	0.3598866	1.0	6374	tags=79%, list=33%, signal=118%	
GOBP_GLUCOSAMINE_CONTAINING_COMPOUND_METABOLIC_PROCESS	GOBP_GLUCOSAMINE_CONTAINING_COMPOUND_METABOLIC_PROCESS		23	-0.5411287	-1.4179635	0.056277055	0.36548978	1.0	2082	tags=30%, list=11%, signal=34%	
GOBP_VESICLE_COATING	GOBP_VESICLE_COATING		39	-0.48121548	-1.4162982	0.052884616	0.3684247	1.0	5558	tags=54%, list=29%, signal=75%	
GOMF_SINGLE_STRANDED_DNA_HELICASE_ACTIVITY	GOMF_SINGLE_STRANDED_DNA_HELICASE_ACTIVITY		22	-0.5432844	-1.4137244	0.057692308	0.37352547	1.0	4869	tags=55%, list=25%, signal=73%	
GOBP_GOLGI_VESICLE_TRANSPORT	GOBP_GOLGI_VESICLE_TRANSPORT		291	-0.35465607	-1.4124733	0.0	0.37557304	1.0	5419	tags=40%, list=28%, signal=54%	
GOBP_PULMONARY_VALVE_MORPHOGENESIS	GOBP_PULMONARY_VALVE_MORPHOGENESIS		20	-0.5484411	-1.412291	0.06734694	0.37465566	1.0	425	tags=30%, list=2%, signal=31%	
GOBP_RESCUE_OF_STALLED_RIBOSOME	GOBP_RESCUE_OF_STALLED_RIBOSOME		28	-0.515665	-1.4103584	0.06334842	0.37849414	1.0	3684	tags=50%, list=19%, signal=62%	
GOCC_CILIARY_TRANSITION_ZONE	GOCC_CILIARY_TRANSITION_ZONE		65	-0.43550527	-1.4101886	0.02255639	0.37754312	1.0	4091	tags=37%, list=21%, signal=47%	
GOCC_PROTON_TRANSPORTING_TWO_SECTOR_ATPASE_COMPLEX	GOCC_PROTON_TRANSPORTING_TWO_SECTOR_ATPASE_COMPLEX		28	-0.5177861	-1.4101816	0.07660455	0.37616158	1.0	5375	tags=57%, list=28%, signal=79%	
GOBP_TRNA_WOBBLE_BASE_MODIFICATION	GOBP_TRNA_WOBBLE_BASE_MODIFICATION		17	-0.57604957	-1.409174	0.071428575	0.37751138	1.0	5008	tags=53%, list=26%, signal=71%	
GOBP_VITAMIN_TRANSMEMBRANE_TRANSPORT	GOBP_VITAMIN_TRANSMEMBRANE_TRANSPORT		19	-0.57062817	-1.4086686	0.07755102	0.37743983	1.0	1312	tags=21%, list=7%, signal=23%	
GOBP_CHAPERONE_MEDIATED_PROTEIN_COMPLEX_ASSEMBLY	GOBP_CHAPERONE_MEDIATED_PROTEIN_COMPLEX_ASSEMBLY		22	-0.54935163	-1.4085785	0.07064018	0.3763258	1.0	3386	tags=36%, list=17%, signal=44%	
GOCC_SMALL_RIBOSOMAL_SUBUNIT	GOCC_SMALL_RIBOSOMAL_SUBUNIT		74	-0.4306005	-1.4082087	0.03448276	0.3758795	1.0	5070	tags=38%, list=26%, signal=51%	
GOBP_REGULATION_OF_DNA_REPAIR	GOBP_REGULATION_OF_DNA_REPAIR		200	-0.3661503	-1.408109	0.0036231885	0.37479657	1.0	5914	tags=44%, list=30%, signal=62%	
GOBP_PROTEIN_LOCALIZATION_TO_PHAGOPHORE_ASSEMBLY_SITE	GOBP_PROTEIN_LOCALIZATION_TO_PHAGOPHORE_ASSEMBLY_SITE		16	-0.5886992	-1.4068125	0.068897635	0.37688315	1.0	4211	tags=50%, list=22%, signal=64%	
GOBP_CELL_PROLIFERATION_INVOLVED_IN_HEART_MORPHOGENESIS	GOBP_CELL_PROLIFERATION_INVOLVED_IN_HEART_MORPHOGENESIS		19	-0.56111616	-1.4067645	0.060538117	0.3756496	1.0	912	tags=16%, list=5%, signal=17%	
GOCC_GABA_RECEPTOR_COMPLEX	GOCC_GABA_RECEPTOR_COMPLEX		21	-0.5477072	-1.4064176	0.077534795	0.37512815	1.0	6414	tags=43%, list=33%, signal=64%	
GOMF_ADENYLYLTRANSFERASE_ACTIVITY	GOMF_ADENYLYLTRANSFERASE_ACTIVITY		21	-0.54266316	-1.4064064	0.067653276	0.3738109	1.0	3820	tags=43%, list=20%, signal=53%	
GOMF_GABA_RECEPTOR_ACTIVITY	GOMF_GABA_RECEPTOR_ACTIVITY		22	-0.53123367	-1.4059913	0.08604651	0.37345698	1.0	6414	tags=41%, list=33%, signal=61%	
GOMF_LIPID_TRANSFER_ACTIVITY	GOMF_LIPID_TRANSFER_ACTIVITY		50	-0.4589798	-1.4057195	0.03504673	0.3728652	1.0	1959	tags=22%, list=10%, signal=24%	
GOCC_VESICLE_TETHERING_COMPLEX	GOCC_VESICLE_TETHERING_COMPLEX		63	-0.44544163	-1.4049013	0.03875969	0.37352726	1.0	6147	tags=57%, list=32%, signal=83%	
GOBP_RESPONSE_TO_MISFOLDED_PROTEIN	GOBP_RESPONSE_TO_MISFOLDED_PROTEIN		19	-0.55503523	-1.4043795	0.070776254	0.3734767	1.0	4872	tags=58%, list=25%, signal=77%	
GOBP_NUCLEOTIDE_SALVAGE	GOBP_NUCLEOTIDE_SALVAGE		17	-0.56597143	-1.4040728	0.07575758	0.37293366	1.0	2250	tags=24%, list=12%, signal=27%	
GOBP_GAMMA_AMINOBUTYRIC_ACID_TRANSPORT	GOBP_GAMMA_AMINOBUTYRIC_ACID_TRANSPORT		20	-0.55091035	-1.4027032	0.08597285	0.37534383	1.0	1461	tags=20%, list=8%, signal=22%	
GOBP_FATTY_ACID_BETA_OXIDATION	GOBP_FATTY_ACID_BETA_OXIDATION		72	-0.4247607	-1.4017673	0.020565553	0.37630555	1.0	3286	tags=32%, list=17%, signal=38%	
GOCC_ORGANELLE_INNER_MEMBRANE	GOCC_ORGANELLE_INNER_MEMBRANE		483	-0.3362383	-1.4014994	0.0	0.3757335	1.0	5615	tags=46%, list=29%, signal=62%	
GOBP_PERK_MEDIATED_UNFOLDED_PROTEIN_RESPONSE	GOBP_PERK_MEDIATED_UNFOLDED_PROTEIN_RESPONSE		20	-0.5396044	-1.4014413	0.06382979	0.37455496	1.0	3665	tags=50%, list=19%, signal=62%	
GOBP_CELLULAR_RESPONSE_TO_ALDEHYDE	GOBP_CELLULAR_RESPONSE_TO_ALDEHYDE		16	-0.589801	-1.4011981	0.090707965	0.37385184	1.0	1680	tags=31%, list=9%, signal=34%	
GOBP_POSITIVE_REGULATION_OF_RESPONSE_TO_ENDOPLASMIC_RETICULUM_STRESS	GOBP_POSITIVE_REGULATION_OF_RESPONSE_TO_ENDOPLASMIC_RETICULUM_STRESS		35	-0.4821455	-1.4002086	0.055928413	0.3751185	1.0	4470	tags=46%, list=23%, signal=59%	
GOBP_NEGATIVE_REGULATION_OF_CHROMOSOME_SEGREGATION	GOBP_NEGATIVE_REGULATION_OF_CHROMOSOME_SEGREGATION		50	-0.44627675	-1.3981929	0.043814432	0.37897408	1.0	5919	tags=46%, list=30%, signal=66%	
GOMF_O_METHYLTRANSFERASE_ACTIVITY	GOMF_O_METHYLTRANSFERASE_ACTIVITY		23	-0.5389951	-1.3968182	0.06593407	0.38110244	1.0	5340	tags=52%, list=27%, signal=72%	
GOBP_NEGATIVE_REGULATION_OF_MRNA_PROCESSING	GOBP_NEGATIVE_REGULATION_OF_MRNA_PROCESSING		21	-0.5387696	-1.3966652	0.085653104	0.38020632	1.0	4999	tags=38%, list=26%, signal=51%	
GOBP_AGGREPHAGY	GOBP_AGGREPHAGY		17	-0.5709028	-1.3965809	0.08661418	0.37916854	1.0	3723	tags=47%, list=19%, signal=58%	
GOBP_RESPONSE_TO_ENDOPLASMIC_RETICULUM_STRESS	GOBP_RESPONSE_TO_ENDOPLASMIC_RETICULUM_STRESS		249	-0.36053848	-1.3958427	0.008547009	0.37986812	1.0	4075	tags=35%, list=21%, signal=44%	
GOBP_NEGATIVE_CHEMOTAXIS	GOBP_NEGATIVE_CHEMOTAXIS		47	-0.45021167	-1.3950738	0.050119333	0.3803848	1.0	1381	tags=19%, list=7%, signal=21%	
GOBP_ALCOHOL_METABOLIC_PROCESS	GOBP_ALCOHOL_METABOLIC_PROCESS		354	-0.34577185	-1.3932213	0.0	0.3839969	1.0	2961	tags=26%, list=15%, signal=30%	
GOBP_MODULATION_BY_HOST_OF_VIRAL_GENOME_REPLICATION	GOBP_MODULATION_BY_HOST_OF_VIRAL_GENOME_REPLICATION		22	-0.5291488	-1.3931131	0.08061002	0.38305622	1.0	4740	tags=50%, list=24%, signal=66%	
GOMF_HELICASE_ACTIVITY	GOMF_HELICASE_ACTIVITY		142	-0.38041493	-1.3930607	0.012944984	0.381924	1.0	5158	tags=44%, list=27%, signal=59%	
GOBP_POSITIVE_REGULATION_OF_LIPID_METABOLIC_PROCESS	GOBP_POSITIVE_REGULATION_OF_LIPID_METABOLIC_PROCESS		117	-0.38404387	-1.3922627	0.006116208	0.3827488	1.0	3215	tags=26%, list=17%, signal=32%	
GOBP_REGULATION_OF_DNA_TEMPLATED_TRANSCRIPTION_INITIATION	GOBP_REGULATION_OF_DNA_TEMPLATED_TRANSCRIPTION_INITIATION		81	-0.4122566	-1.3920448	0.02259887	0.38214874	1.0	5503	tags=42%, list=28%, signal=58%	
GOCC_PROTEIN_FOLDING_CHAPERONE_COMPLEX	GOCC_PROTEIN_FOLDING_CHAPERONE_COMPLEX		39	-0.47654682	-1.3915149	0.06544503	0.3822215	1.0	5304	tags=44%, list=27%, signal=60%	
GOBP_RNA_METHYLATION	GOBP_RNA_METHYLATION		72	-0.4252317	-1.3912966	0.035422344	0.3815284	1.0	6371	tags=54%, list=33%, signal=80%	
GOBP_REGULATION_OF_DOUBLE_STRAND_BREAK_REPAIR	GOBP_REGULATION_OF_DOUBLE_STRAND_BREAK_REPAIR		127	-0.3852508	-1.3907164	0.015432099	0.3816779	1.0	5218	tags=42%, list=27%, signal=57%	
GOBP_CELL_DIFFERENTIATION_INVOLVED_IN_METANEPHROS_DEVELOPMENT	GOBP_CELL_DIFFERENTIATION_INVOLVED_IN_METANEPHROS_DEVELOPMENT		22	-0.53942424	-1.3900015	0.09050772	0.3822801	1.0	2634	tags=27%, list=14%, signal=32%	
GOBP_VESICLE_TARGETING	GOBP_VESICLE_TARGETING		64	-0.43133563	-1.3897055	0.0375	0.38177952	1.0	5990	tags=50%, list=31%, signal=72%	
GOMF_RNA_METHYLTRANSFERASE_ACTIVITY	GOMF_RNA_METHYLTRANSFERASE_ACTIVITY		58	-0.43337303	-1.3895866	0.023498695	0.3808137	1.0	6356	tags=53%, list=33%, signal=79%	
GOBP_ESTROGEN_METABOLIC_PROCESS	GOBP_ESTROGEN_METABOLIC_PROCESS		40	-0.46582615	-1.3891822	0.050239235	0.38060147	1.0	1850	tags=25%, list=10%, signal=28%	
GOBP_CARDIAC_SEPTUM_DEVELOPMENT	GOBP_CARDIAC_SEPTUM_DEVELOPMENT		104	-0.3891404	-1.3878708	0.013157895	0.3828184	1.0	1552	tags=20%, list=8%, signal=22%	
GOCC_SM_LIKE_PROTEIN_FAMILY_COMPLEX	GOCC_SM_LIKE_PROTEIN_FAMILY_COMPLEX		89	-0.39791656	-1.3871372	0.032163743	0.38347825	1.0	6421	tags=51%, list=33%, signal=75%	
GOCC_TERMINAL_BOUTON	GOCC_TERMINAL_BOUTON		45	-0.4495206	-1.3869059	0.058536585	0.38288093	1.0	4331	tags=33%, list=22%, signal=43%	
GOMF_NUCLEOTIDYLTRANSFERASE_ACTIVITY	GOMF_NUCLEOTIDYLTRANSFERASE_ACTIVITY		125	-0.38088804	-1.3867626	0.012232416	0.38201484	1.0	3820	tags=30%, list=20%, signal=37%	
GOBP_REGULATION_OF_NUCLEAR_DIVISION	GOBP_REGULATION_OF_NUCLEAR_DIVISION		139	-0.37652963	-1.3863213	0.0062695923	0.38205424	1.0	5321	tags=40%, list=27%, signal=54%	
GOBP_DNA_UNWINDING_INVOLVED_IN_DNA_REPLICATION	GOBP_DNA_UNWINDING_INVOLVED_IN_DNA_REPLICATION		20	-0.55375826	-1.3837987	0.08024691	0.38760886	1.0	4869	tags=55%, list=25%, signal=73%	
GOBP_ROOF_OF_MOUTH_DEVELOPMENT	GOBP_ROOF_OF_MOUTH_DEVELOPMENT		91	-0.404019	-1.3834548	0.024725275	0.38727117	1.0	1083	tags=18%, list=6%, signal=19%	
GOMF_STEROL_BINDING	GOMF_STEROL_BINDING		65	-0.42791304	-1.3828404	0.02962963	0.38771686	1.0	2594	tags=26%, list=13%, signal=30%	
GOBP_MITOTIC_SISTER_CHROMATID_SEGREGATION	GOBP_MITOTIC_SISTER_CHROMATID_SEGREGATION		183	-0.3607677	-1.3825343	0.0074626864	0.38729644	1.0	6466	tags=45%, list=33%, signal=67%	
GOMF_NEUTRAL_L_AMINO_ACID_TRANSMEMBRANE_TRANSPORTER_ACTIVITY	GOMF_NEUTRAL_L_AMINO_ACID_TRANSMEMBRANE_TRANSPORTER_ACTIVITY		42	-0.46565792	-1.3823875	0.06791569	0.38647398	1.0	1461	tags=21%, list=8%, signal=23%	
GOCC_LARGE_RIBOSOMAL_SUBUNIT	GOCC_LARGE_RIBOSOMAL_SUBUNIT		110	-0.3899395	-1.3823596	0.023952097	0.38532084	1.0	5885	tags=45%, list=30%, signal=65%	
GOBP_RETICULOPHAGY	GOBP_RETICULOPHAGY		16	-0.5797258	-1.3809332	0.08222222	0.387784	1.0	4075	tags=50%, list=21%, signal=63%	
GOBP_IMP_METABOLIC_PROCESS	GOBP_IMP_METABOLIC_PROCESS		16	-0.57734776	-1.379767	0.09090909	0.38953394	1.0	4010	tags=31%, list=21%, signal=39%	
GOBP_MEIOTIC_CELL_CYCLE_PHASE_TRANSITION	GOBP_MEIOTIC_CELL_CYCLE_PHASE_TRANSITION		15	-0.58290315	-1.3779893	0.10743801	0.3930835	1.0	4106	tags=47%, list=21%, signal=59%	
GOBP_NEGATIVE_REGULATION_OF_PROTEIN_CATABOLIC_PROCESS	GOBP_NEGATIVE_REGULATION_OF_PROTEIN_CATABOLIC_PROCESS		108	-0.38988727	-1.3762267	0.018691588	0.3966026	1.0	4395	tags=37%, list=23%, signal=48%	
GOBP_GLYCEROLIPID_BIOSYNTHETIC_PROCESS	GOBP_GLYCEROLIPID_BIOSYNTHETIC_PROCESS		239	-0.34922704	-1.3757824	0.007874016	0.3965972	1.0	3846	tags=31%, list=20%, signal=38%	
GOMF_DNA_REPLICATION_ORIGIN_BINDING	GOMF_DNA_REPLICATION_ORIGIN_BINDING		16	-0.5706196	-1.3754513	0.08649789	0.39627966	1.0	4870	tags=56%, list=25%, signal=75%	
GOBP_RETINA_MORPHOGENESIS_IN_CAMERA_TYPE_EYE	GOBP_RETINA_MORPHOGENESIS_IN_CAMERA_TYPE_EYE		64	-0.42393935	-1.3749094	0.04918033	0.3964469	1.0	4689	tags=42%, list=24%, signal=55%	
GOBP_POSITIVE_REGULATION_OF_DENDRITE_DEVELOPMENT	GOBP_POSITIVE_REGULATION_OF_DENDRITE_DEVELOPMENT		16	-0.568622	-1.3746027	0.07942974	0.39601058	1.0	1105	tags=31%, list=6%, signal=33%	
GOBP_REGULATION_OF_MRNA_SPLICING_VIA_SPLICEOSOME	GOBP_REGULATION_OF_MRNA_SPLICING_VIA_SPLICEOSOME		107	-0.3866536	-1.3743565	0.021084337	0.39544174	1.0	6351	tags=44%, list=33%, signal=65%	
GOCC_RIBOSOME	GOCC_RIBOSOME		226	-0.35044378	-1.3736578	0.008032128	0.39614	1.0	5885	tags=42%, list=30%, signal=60%	
GOBP_REGULATION_OF_NITRIC_OXIDE_SYNTHASE_ACTIVITY	GOBP_REGULATION_OF_NITRIC_OXIDE_SYNTHASE_ACTIVITY		21	-0.5392504	-1.3735574	0.10538117	0.39520594	1.0	1183	tags=24%, list=6%, signal=25%	
GOBP_REGULATION_OF_POSTSYNAPTIC_NEUROTRANSMITTER_RECEPTOR_INTERNALIZATION	GOBP_REGULATION_OF_POSTSYNAPTIC_NEUROTRANSMITTER_RECEPTOR_INTERNALIZATION		19	-0.53357065	-1.3734479	0.09650924	0.39428124	1.0	2471	tags=32%, list=13%, signal=36%	
GOBP_GLYCEROPHOSPHOLIPID_BIOSYNTHETIC_PROCESS	GOBP_GLYCEROPHOSPHOLIPID_BIOSYNTHETIC_PROCESS		199	-0.3590535	-1.372565	0.0036363637	0.39536005	1.0	3846	tags=31%, list=20%, signal=38%	
GOBP_PIGMENTATION	GOBP_PIGMENTATION		111	-0.38518485	-1.3719512	0.030120483	0.39575884	1.0	2034	tags=20%, list=10%, signal=22%	
GOCC_90S_PRERIBOSOME	GOCC_90S_PRERIBOSOME		26	-0.50772315	-1.3716716	0.08515284	0.3952259	1.0	6578	tags=62%, list=34%, signal=93%	
GOBP_PROTEIN_O_LINKED_MANNOSYLATION	GOBP_PROTEIN_O_LINKED_MANNOSYLATION		17	-0.56280255	-1.3707505	0.066523604	0.3964613	1.0	5315	tags=65%, list=27%, signal=89%	
GOBP_SNRNA_PROCESSING	GOBP_SNRNA_PROCESSING		25	-0.51591825	-1.3704544	0.077097505	0.39605975	1.0	5797	tags=60%, list=30%, signal=85%	
GOMF_SEMAPHORIN_RECEPTOR_BINDING	GOMF_SEMAPHORIN_RECEPTOR_BINDING		23	-0.51523936	-1.3697065	0.08888889	0.39682585	1.0	1381	tags=26%, list=7%, signal=28%	
GOBP_CYTOPLASM_ORGANIZATION	GOBP_CYTOPLASM_ORGANIZATION		15	-0.57504827	-1.3696858	0.10136452	0.39571318	1.0	2718	tags=40%, list=14%, signal=46%	
GOBP_CELLULAR_RESPONSE_TO_ARSENIC_CONTAINING_SUBSTANCE	GOBP_CELLULAR_RESPONSE_TO_ARSENIC_CONTAINING_SUBSTANCE		17	-0.5718127	-1.3692737	0.10438413	0.39562505	1.0	2298	tags=35%, list=12%, signal=40%	
GOBP_GLYCOSYLATION	GOBP_GLYCOSYLATION		226	-0.35029855	-1.3663343	0.011857707	0.4023683	1.0	4088	tags=33%, list=21%, signal=42%	
GOBP_MAMMARY_GLAND_MORPHOGENESIS	GOBP_MAMMARY_GLAND_MORPHOGENESIS		45	-0.45415217	-1.3661937	0.06712963	0.4015545	1.0	1020	tags=16%, list=5%, signal=16%	
GOBP_TRNA_MODIFICATION	GOBP_TRNA_MODIFICATION		84	-0.40300125	-1.3659198	0.053072624	0.4010622	1.0	5662	tags=44%, list=29%, signal=62%	
GOBP_NUCLEAR_TRANSCRIBED_MRNA_CATABOLIC_PROCESS	GOBP_NUCLEAR_TRANSCRIBED_MRNA_CATABOLIC_PROCESS		114	-0.38485953	-1.3651223	0.024242423	0.40189728	1.0	4657	tags=37%, list=24%, signal=48%	
GOBP_NUCLEAR_RNA_SURVEILLANCE	GOBP_NUCLEAR_RNA_SURVEILLANCE		15	-0.5803992	-1.3646135	0.11340206	0.40200615	1.0	5619	tags=60%, list=29%, signal=84%	
GOBP_REGULATION_OF_TRANSLATIONAL_INITIATION_IN_RESPONSE_TO_STRESS	GOBP_REGULATION_OF_TRANSLATIONAL_INITIATION_IN_RESPONSE_TO_STRESS		15	-0.57001674	-1.3641332	0.10020877	0.4020591	1.0	5378	tags=60%, list=28%, signal=83%	
GOBP_HEART_FIELD_SPECIFICATION	GOBP_HEART_FIELD_SPECIFICATION		17	-0.5510423	-1.3634186	0.08898305	0.40281743	1.0	224	tags=18%, list=1%, signal=18%	
GOBP_REGULATION_OF_TELOMERE_MAINTENANCE_IN_RESPONSE_TO_DNA_DAMAGE	GOBP_REGULATION_OF_TELOMERE_MAINTENANCE_IN_RESPONSE_TO_DNA_DAMAGE		19	-0.5341534	-1.362887	0.11297071	0.40301645	1.0	7171	tags=68%, list=37%, signal=108%	
GOBP_PROTEIN_LIPID_COMPLEX_ASSEMBLY	GOBP_PROTEIN_LIPID_COMPLEX_ASSEMBLY		29	-0.48902062	-1.3623769	0.0877193	0.40317184	1.0	1959	tags=24%, list=10%, signal=27%	
GOMF_STRUCTURAL_CONSTITUENT_OF_RIBOSOME	GOMF_STRUCTURAL_CONSTITUENT_OF_RIBOSOME		156	-0.36449337	-1.3619756	0.015576324	0.40303674	1.0	5947	tags=43%, list=31%, signal=61%	
GOBP_MAMMARY_GLAND_DEVELOPMENT	GOBP_MAMMARY_GLAND_DEVELOPMENT		133	-0.37466156	-1.3614844	0.024464833	0.40319556	1.0	1356	tags=16%, list=7%, signal=17%	
GOBP_SPHINGOLIPID_BIOSYNTHETIC_PROCESS	GOBP_SPHINGOLIPID_BIOSYNTHETIC_PROCESS		104	-0.3801543	-1.3601378	0.025069637	0.40567493	1.0	4004	tags=38%, list=21%, signal=48%	
GOBP_COCHLEA_DEVELOPMENT	GOBP_COCHLEA_DEVELOPMENT		48	-0.435025	-1.3600758	0.07334963	0.40465182	1.0	1552	tags=19%, list=8%, signal=20%	
GOBP_SPLICEOSOMAL_TRI_SNRNP_COMPLEX_ASSEMBLY	GOBP_SPLICEOSOMAL_TRI_SNRNP_COMPLEX_ASSEMBLY		16	-0.5712504	-1.3598249	0.11618257	0.40418983	1.0	3207	tags=44%, list=17%, signal=52%	
GOBP_MOTOR_NEURON_APOPTOTIC_PROCESS	GOBP_MOTOR_NEURON_APOPTOTIC_PROCESS		21	-0.52317345	-1.3589597	0.09090909	0.4053238	1.0	3784	tags=43%, list=19%, signal=53%	
GOCC_CAJAL_BODY	GOCC_CAJAL_BODY		65	-0.4176794	-1.3578409	0.045845274	0.40724927	1.0	5798	tags=45%, list=30%, signal=63%	
GOBP_SEX_DETERMINATION	GOBP_SEX_DETERMINATION		22	-0.51776713	-1.3565995	0.11015119	0.40935886	1.0	1856	tags=23%, list=10%, signal=25%	
GOBP_REGULATION_OF_CELL_FATE_COMMITMENT	GOBP_REGULATION_OF_CELL_FATE_COMMITMENT		40	-0.45807353	-1.356585	0.07263923	0.40824226	1.0	1583	tags=18%, list=8%, signal=19%	
GOBP_BLASTOCYST_FORMATION	GOBP_BLASTOCYST_FORMATION		45	-0.45504746	-1.3552226	0.052884616	0.4108279	1.0	3842	tags=36%, list=20%, signal=44%	
GOBP_SULFUR_COMPOUND_BIOSYNTHETIC_PROCESS	GOBP_SULFUR_COMPOUND_BIOSYNTHETIC_PROCESS		164	-0.36312315	-1.3544083	0.012738854	0.41198245	1.0	3222	tags=29%, list=17%, signal=34%	
GOMF_MAP_KINASE_KINASE_ACTIVITY	GOMF_MAP_KINASE_KINASE_ACTIVITY		15	-0.5694104	-1.3528382	0.108606555	0.41500363	1.0	1539	tags=27%, list=8%, signal=29%	
GOBP_REGULATION_OF_MITOTIC_SISTER_CHROMATID_SEGREGATION	GOBP_REGULATION_OF_MITOTIC_SISTER_CHROMATID_SEGREGATION		54	-0.43059102	-1.352642	0.057142857	0.4143978	1.0	5663	tags=44%, list=29%, signal=63%	
GOBP_MALE_GENITALIA_DEVELOPMENT	GOBP_MALE_GENITALIA_DEVELOPMENT		22	-0.5272933	-1.3526238	0.10864745	0.41328296	1.0	3920	tags=45%, list=20%, signal=57%	
GOBP_CAMERA_TYPE_EYE_MORPHOGENESIS	GOBP_CAMERA_TYPE_EYE_MORPHOGENESIS		132	-0.3739446	-1.3518178	0.032448377	0.41435683	1.0	2677	tags=27%, list=14%, signal=31%	
GOBP_MACROMOLECULE_METHYLATION	GOBP_MACROMOLECULE_METHYLATION		112	-0.3784134	-1.3518127	0.024242423	0.4132291	1.0	6371	tags=50%, list=33%, signal=74%	
GOBP_CORTICOSTEROID_HORMONE_SECRETION	GOBP_CORTICOSTEROID_HORMONE_SECRETION		18	-0.55181634	-1.3492069	0.1106383	0.41918427	1.0	2498	tags=39%, list=13%, signal=45%	
GOBP_DIOL_BIOSYNTHETIC_PROCESS	GOBP_DIOL_BIOSYNTHETIC_PROCESS		19	-0.54056823	-1.3484055	0.10652174	0.42029095	1.0	3843	tags=47%, list=20%, signal=59%	
GOMF_THREONINE_TYPE_PEPTIDASE_ACTIVITY	GOMF_THREONINE_TYPE_PEPTIDASE_ACTIVITY		18	-0.5484553	-1.348233	0.10151188	0.41959593	1.0	3720	tags=39%, list=19%, signal=48%	
GOBP_RENAL_SYSTEM_PROCESS_INVOLVED_IN_REGULATION_OF_SYSTEMIC_ARTERIAL_BLOOD_PRESSURE	GOBP_RENAL_SYSTEM_PROCESS_INVOLVED_IN_REGULATION_OF_SYSTEMIC_ARTERIAL_BLOOD_PRESSURE		25	-0.49530065	-1.3468033	0.11135371	0.42232236	1.0	2577	tags=36%, list=13%, signal=41%	
GOBP_MITOCHONDRIAL_RESPIRATORY_CHAIN_COMPLEX_ASSEMBLY	GOBP_MITOCHONDRIAL_RESPIRATORY_CHAIN_COMPLEX_ASSEMBLY		79	-0.40415058	-1.3459482	0.05645161	0.42348015	1.0	6063	tags=52%, list=31%, signal=75%	
GOCC_OUTER_MITOCHONDRIAL_MEMBRANE_PROTEIN_COMPLEX	GOCC_OUTER_MITOCHONDRIAL_MEMBRANE_PROTEIN_COMPLEX		19	-0.5393069	-1.3449687	0.113689095	0.42495465	1.0	6716	tags=63%, list=35%, signal=96%	
GOBP_CENTROMERE_COMPLEX_ASSEMBLY	GOBP_CENTROMERE_COMPLEX_ASSEMBLY		27	-0.48915425	-1.3438349	0.108843535	0.4267983	1.0	5045	tags=44%, list=26%, signal=60%	
GOBP_REGULATION_OF_PRESYNAPTIC_MEMBRANE_POTENTIAL	GOBP_REGULATION_OF_PRESYNAPTIC_MEMBRANE_POTENTIAL		29	-0.49674377	-1.3437828	0.10352941	0.42578983	1.0	209	tags=7%, list=1%, signal=7%	
GOMF_EXONUCLEASE_ACTIVITY	GOMF_EXONUCLEASE_ACTIVITY		83	-0.40322146	-1.3425248	0.054495912	0.4281556	1.0	5064	tags=45%, list=26%, signal=60%	
GOCC_SMALL_NUCLEAR_RIBONUCLEOPROTEIN_COMPLEX	GOCC_SMALL_NUCLEAR_RIBONUCLEOPROTEIN_COMPLEX		77	-0.39984682	-1.341883	0.047872342	0.42883718	1.0	6391	tags=51%, list=33%, signal=75%	
GOCC_MEDIATOR_COMPLEX	GOCC_MEDIATOR_COMPLEX		36	-0.45989716	-1.341509	0.08675799	0.42871636	1.0	5460	tags=50%, list=28%, signal=69%	
GOBP_DENDRITIC_SPINE_MAINTENANCE	GOBP_DENDRITIC_SPINE_MAINTENANCE		21	-0.5251326	-1.3408185	0.11510792	0.42946985	1.0	2739	tags=38%, list=14%, signal=44%	
GOCC_DYNEIN_COMPLEX	GOCC_DYNEIN_COMPLEX		43	-0.44418633	-1.3388914	0.07560976	0.43356586	1.0	5584	tags=49%, list=29%, signal=68%	
GOMF_DNA_HELICASE_ACTIVITY	GOMF_DNA_HELICASE_ACTIVITY		55	-0.41935614	-1.3377749	0.07329843	0.4353343	1.0	5306	tags=53%, list=27%, signal=72%	
GOBP_MUCUS_SECRETION	GOBP_MUCUS_SECRETION		19	-0.5283676	-1.3377744	0.12189616	0.43418518	1.0	1763	tags=26%, list=9%, signal=29%	
GOMF_ACID_AMINO_ACID_LIGASE_ACTIVITY	GOMF_ACID_AMINO_ACID_LIGASE_ACTIVITY		21	-0.5213003	-1.3359442	0.11868132	0.43810245	1.0	3046	tags=38%, list=16%, signal=45%	
GOBP_SNRNA_3_END_PROCESSING	GOBP_SNRNA_3_END_PROCESSING		21	-0.5204316	-1.3357129	0.12107623	0.4375359	1.0	5797	tags=62%, list=30%, signal=88%	
GOMF_MONOCARBOXYLATE_SODIUM_SYMPORTER_ACTIVITY	GOMF_MONOCARBOXYLATE_SODIUM_SYMPORTER_ACTIVITY		15	-0.56347203	-1.3344915	0.118568234	0.4397863	1.0	3320	tags=33%, list=17%, signal=40%	
GOBP_PULMONARY_VALVE_DEVELOPMENT	GOBP_PULMONARY_VALVE_DEVELOPMENT		24	-0.5084867	-1.3337187	0.121681415	0.4407873	1.0	425	tags=25%, list=2%, signal=26%	
GOBP_REGULATION_OF_CORTICOSTEROID_HORMONE_SECRETION	GOBP_REGULATION_OF_CORTICOSTEROID_HORMONE_SECRETION		16	-0.55563116	-1.3331139	0.1341719	0.44130275	1.0	2498	tags=44%, list=13%, signal=50%	
GOBP_TOXIN_METABOLIC_PROCESS	GOBP_TOXIN_METABOLIC_PROCESS		15	-0.5571268	-1.3317477	0.13107823	0.4438373	1.0	1596	tags=27%, list=8%, signal=29%	
GOBP_MITOTIC_CHROMOSOME_CONDENSATION	GOBP_MITOTIC_CHROMOSOME_CONDENSATION		17	-0.54538697	-1.3313178	0.10947368	0.44378218	1.0	6345	tags=53%, list=33%, signal=79%	
GOMF_ALDO_KETO_REDUCTASE_NADPH_ACTIVITY	GOMF_ALDO_KETO_REDUCTASE_NADPH_ACTIVITY		28	-0.48300174	-1.3298926	0.104700856	0.4467227	1.0	1751	tags=14%, list=9%, signal=16%	
GOBP_PHASIC_SMOOTH_MUSCLE_CONTRACTION	GOBP_PHASIC_SMOOTH_MUSCLE_CONTRACTION		24	-0.5013599	-1.328212	0.10091743	0.4502231	1.0	501	tags=13%, list=3%, signal=13%	
GOCC_SMN_SM_PROTEIN_COMPLEX	GOCC_SMN_SM_PROTEIN_COMPLEX		18	-0.533711	-1.3279979	0.114822544	0.44966388	1.0	5239	tags=56%, list=27%, signal=76%	
GOBP_REGULATION_OF_LIPID_BIOSYNTHETIC_PROCESS	GOBP_REGULATION_OF_LIPID_BIOSYNTHETIC_PROCESS		171	-0.3521935	-1.3279612	0.020408163	0.4486222	1.0	2844	tags=24%, list=15%, signal=28%	
GOCC_MITOCHONDRIA_ASSOCIATED_ENDOPLASMIC_RETICULUM_MEMBRANE_CONTACT_SITE	GOCC_MITOCHONDRIA_ASSOCIATED_ENDOPLASMIC_RETICULUM_MEMBRANE_CONTACT_SITE		22	-0.50792325	-1.3275732	0.1255814	0.44860473	1.0	3504	tags=27%, list=18%, signal=33%	
GOBP_NEUTRAL_AMINO_ACID_TRANSPORT	GOBP_NEUTRAL_AMINO_ACID_TRANSPORT		56	-0.4162517	-1.3274221	0.07197943	0.44786394	1.0	2116	tags=25%, list=11%, signal=28%	
GOMF_4_IRON_4_SULFUR_CLUSTER_BINDING	GOMF_4_IRON_4_SULFUR_CLUSTER_BINDING		43	-0.4408636	-1.3270215	0.08142494	0.44777137	1.0	3351	tags=40%, list=17%, signal=48%	
GOMF_DELAYED_RECTIFIER_POTASSIUM_CHANNEL_ACTIVITY	GOMF_DELAYED_RECTIFIER_POTASSIUM_CHANNEL_ACTIVITY		28	-0.4864153	-1.3266994	0.11007026	0.4475228	1.0	600	tags=14%, list=3%, signal=15%	
GOBP_REGULATION_OF_MITOCHONDRIAL_GENE_EXPRESSION	GOBP_REGULATION_OF_MITOCHONDRIAL_GENE_EXPRESSION		30	-0.4780163	-1.3255258	0.10784314	0.449705	1.0	4222	tags=37%, list=22%, signal=47%	
GOBP_CERAMIDE_BIOSYNTHETIC_PROCESS	GOBP_CERAMIDE_BIOSYNTHETIC_PROCESS		64	-0.40658516	-1.3238686	0.05785124	0.4531939	1.0	3869	tags=41%, list=20%, signal=51%	
GOBP_PROTEASOMAL_PROTEIN_CATABOLIC_PROCESS	GOBP_PROTEASOMAL_PROTEIN_CATABOLIC_PROCESS		498	-0.318634	-1.3235346	0.0	0.45298192	1.0	4919	tags=32%, list=25%, signal=42%	
GOBP_EMBRYONIC_DIGIT_MORPHOGENESIS	GOBP_EMBRYONIC_DIGIT_MORPHOGENESIS		56	-0.4223799	-1.3234214	0.08	0.4521521	1.0	2950	tags=34%, list=15%, signal=40%	
GOBP_CELL_FATE_COMMITMENT_INVOLVED_IN_FORMATION_OF_PRIMARY_GERM_LAYER	GOBP_CELL_FATE_COMMITMENT_INVOLVED_IN_FORMATION_OF_PRIMARY_GERM_LAYER		33	-0.46239886	-1.32268	0.10154525	0.4532154	1.0	2549	tags=21%, list=13%, signal=24%	
GOCC_CYTOCHROME_COMPLEX	GOCC_CYTOCHROME_COMPLEX		33	-0.46319586	-1.3226281	0.106132075	0.45222566	1.0	6597	tags=58%, list=34%, signal=87%	
GOBP_STEROL_BIOSYNTHETIC_PROCESS	GOBP_STEROL_BIOSYNTHETIC_PROCESS		60	-0.4146352	-1.3218158	0.06842105	0.45331514	1.0	2738	tags=28%, list=14%, signal=33%	
GOMF_MACROMOLECULE_TRANSMEMBRANE_TRANSPORTER_ACTIVITY	GOMF_MACROMOLECULE_TRANSMEMBRANE_TRANSPORTER_ACTIVITY		30	-0.47217083	-1.3217317	0.108294934	0.45241922	1.0	5958	tags=60%, list=31%, signal=86%	
GOMF_LIGASE_ACTIVITY_FORMING_CARBON_OXYGEN_BONDS	GOMF_LIGASE_ACTIVITY_FORMING_CARBON_OXYGEN_BONDS		20	-0.5191995	-1.3216988	0.11740042	0.45141912	1.0	4335	tags=60%, list=22%, signal=77%	
GOMF_MANNOSIDASE_ACTIVITY	GOMF_MANNOSIDASE_ACTIVITY		15	-0.56707716	-1.3212799	0.14747475	0.45145193	1.0	742	tags=20%, list=4%, signal=21%	
GOBP_PEROXISOMAL_TRANSPORT	GOBP_PEROXISOMAL_TRANSPORT		22	-0.51222396	-1.3211187	0.13473684	0.45075634	1.0	5958	tags=64%, list=31%, signal=92%	
GOBP_HEPATICOBILIARY_SYSTEM_DEVELOPMENT	GOBP_HEPATICOBILIARY_SYSTEM_DEVELOPMENT		145	-0.36126488	-1.3205503	0.031746034	0.45118695	1.0	2797	tags=23%, list=14%, signal=26%	
GOBP_AUTOPHAGY_OF_MITOCHONDRION	GOBP_AUTOPHAGY_OF_MITOCHONDRION		96	-0.38457412	-1.3200846	0.05357143	0.45134833	1.0	4738	tags=35%, list=24%, signal=47%	
GOBP_REVERSE_CHOLESTEROL_TRANSPORT	GOBP_REVERSE_CHOLESTEROL_TRANSPORT		17	-0.5318181	-1.3199389	0.12889813	0.45065272	1.0	2779	tags=41%, list=14%, signal=48%	
GOBP_OUTFLOW_TRACT_MORPHOGENESIS	GOBP_OUTFLOW_TRACT_MORPHOGENESIS		78	-0.3943829	-1.3189468	0.05027933	0.45225704	1.0	1552	tags=21%, list=8%, signal=22%	
GOMF_STEROID_HYDROXYLASE_ACTIVITY	GOMF_STEROID_HYDROXYLASE_ACTIVITY		26	-0.488304	-1.3182343	0.11135371	0.4531054	1.0	522	tags=15%, list=3%, signal=16%	
GOBP_RETROGRADE_VESICLE_MEDIATED_TRANSPORT_GOLGI_TO_ENDOPLASMIC_RETICULUM	GOBP_RETROGRADE_VESICLE_MEDIATED_TRANSPORT_GOLGI_TO_ENDOPLASMIC_RETICULUM		50	-0.42311487	-1.3179218	0.098958336	0.45286992	1.0	5910	tags=50%, list=30%, signal=72%	
GOBP_METHYLATION	GOBP_METHYLATION		192	-0.34351206	-1.3167828	0.024911031	0.4548752	1.0	6371	tags=47%, list=33%, signal=70%	
GOBP_POSITIVE_REGULATION_OF_CHROMOSOME_SEPARATION	GOBP_POSITIVE_REGULATION_OF_CHROMOSOME_SEPARATION		29	-0.482444	-1.3167498	0.10067114	0.45386004	1.0	6466	tags=59%, list=33%, signal=88%	
GOMF_C_ACYLTRANSFERASE_ACTIVITY	GOMF_C_ACYLTRANSFERASE_ACTIVITY		19	-0.5179231	-1.3166023	0.15044248	0.4532018	1.0	5242	tags=53%, list=27%, signal=72%	
GOBP_HEART_FORMATION	GOBP_HEART_FORMATION		33	-0.46744812	-1.31659	0.09174312	0.4521407	1.0	1930	tags=24%, list=10%, signal=27%	
GOBP_LYSOSOMAL_LUMEN_ACIDIFICATION	GOBP_LYSOSOMAL_LUMEN_ACIDIFICATION		24	-0.5002095	-1.3158401	0.11111111	0.4530987	1.0	4929	tags=50%, list=25%, signal=67%	
GOBP_POSITIVE_REGULATION_OF_BEHAVIOR	GOBP_POSITIVE_REGULATION_OF_BEHAVIOR		23	-0.5054375	-1.3153664	0.111597374	0.45328683	1.0	2729	tags=26%, list=14%, signal=30%	
GOBP_TRANSCRIPTION_PREINITIATION_COMPLEX_ASSEMBLY	GOBP_TRANSCRIPTION_PREINITIATION_COMPLEX_ASSEMBLY		67	-0.39729238	-1.314521	0.076712325	0.4546094	1.0	5460	tags=45%, list=28%, signal=62%	
GOCC_PROTON_TRANSPORTING_V_TYPE_ATPASE_COMPLEX	GOCC_PROTON_TRANSPORTING_V_TYPE_ATPASE_COMPLEX		27	-0.48893422	-1.3135608	0.1336207	0.45620567	1.0	5375	tags=56%, list=28%, signal=77%	
GOBP_CARDIAC_NEURAL_CREST_CELL_DIFFERENTIATION_INVOLVED_IN_HEART_DEVELOPMENT	GOBP_CARDIAC_NEURAL_CREST_CELL_DIFFERENTIATION_INVOLVED_IN_HEART_DEVELOPMENT		16	-0.544895	-1.3132113	0.14757709	0.45617217	1.0	912	tags=31%, list=5%, signal=33%	
GOBP_NEURON_PROJECTION_ARBORIZATION	GOBP_NEURON_PROJECTION_ARBORIZATION		32	-0.47058672	-1.3129772	0.11764706	0.45578888	1.0	2455	tags=34%, list=13%, signal=39%	
GOMF_TRNA_BINDING	GOMF_TRNA_BINDING		64	-0.40524623	-1.3128645	0.075520836	0.45502278	1.0	5662	tags=53%, list=29%, signal=75%	
GOBP_REGULATION_OF_MITOCHONDRIAL_TRANSLATION	GOBP_REGULATION_OF_MITOCHONDRIAL_TRANSLATION		24	-0.4956419	-1.3117338	0.11333334	0.45703843	1.0	4222	tags=38%, list=22%, signal=48%	
GOBP_FEMALE_SEX_DIFFERENTIATION	GOBP_FEMALE_SEX_DIFFERENTIATION		119	-0.36543146	-1.3096178	0.042813454	0.46195304	1.0	1782	tags=18%, list=9%, signal=20%	
GOBP_RIBOSOMAL_SMALL_SUBUNIT_BIOGENESIS	GOBP_RIBOSOMAL_SMALL_SUBUNIT_BIOGENESIS		100	-0.37757608	-1.309286	0.05730659	0.46173775	1.0	5735	tags=39%, list=30%, signal=55%	
GOBP_REGULATION_OF_PROTEASOMAL_PROTEIN_CATABOLIC_PROCESS	GOBP_REGULATION_OF_PROTEASOMAL_PROTEIN_CATABOLIC_PROCESS		176	-0.3456473	-1.3087958	0.016025642	0.4620375	1.0	4919	tags=35%, list=25%, signal=46%	
GOMF_PROTEIN_CARRIER_CHAPERONE	GOMF_PROTEIN_CARRIER_CHAPERONE		33	-0.4624212	-1.308515	0.09263658	0.4617343	1.0	5778	tags=45%, list=30%, signal=65%	
GOBP_O_GLYCAN_PROCESSING	GOBP_O_GLYCAN_PROCESSING		41	-0.44091946	-1.3073169	0.09879518	0.463999	1.0	1660	tags=24%, list=9%, signal=27%	
GOBP_RNA_SPLICING	GOBP_RNA_SPLICING		426	-0.31434295	-1.3067822	0.0054945056	0.4644116	1.0	5935	tags=37%, list=31%, signal=53%	
GOBP_METAPHASE_CHROMOSOME_ALIGNMENT	GOBP_METAPHASE_CHROMOSOME_ALIGNMENT		98	-0.37457484	-1.3060738	0.055072464	0.4653138	1.0	3945	tags=33%, list=20%, signal=41%	
GOBP_SNO_S_RNA_METABOLIC_PROCESS	GOBP_SNO_S_RNA_METABOLIC_PROCESS		16	-0.5403876	-1.3055837	0.1459566	0.4656584	1.0	6503	tags=63%, list=33%, signal=94%	
GOBP_EYE_MORPHOGENESIS	GOBP_EYE_MORPHOGENESIS		160	-0.34753567	-1.3047208	0.041297935	0.4669656	1.0	2677	tags=26%, list=14%, signal=29%	
GOBP_LOW_DENSITY_LIPOPROTEIN_PARTICLE_CLEARANCE	GOBP_LOW_DENSITY_LIPOPROTEIN_PARTICLE_CLEARANCE		27	-0.47826332	-1.3045218	0.12095033	0.4664003	1.0	2063	tags=26%, list=11%, signal=29%	
GOCC_GOLGI_CISTERNA_MEMBRANE	GOCC_GOLGI_CISTERNA_MEMBRANE		78	-0.38605908	-1.3041176	0.055702917	0.46640754	1.0	5813	tags=46%, list=30%, signal=66%	
GOBP_ENDOSOMAL_VESICLE_FUSION	GOBP_ENDOSOMAL_VESICLE_FUSION		15	-0.56355417	-1.302612	0.152809	0.46955657	1.0	5057	tags=67%, list=26%, signal=90%	
GOBP_AMINO_ACID_CATABOLIC_PROCESS	GOBP_AMINO_ACID_CATABOLIC_PROCESS		101	-0.37232432	-1.3009619	0.046783626	0.4729547	1.0	1906	tags=24%, list=10%, signal=26%	
GOCC_PHOTORECEPTOR_CONNECTING_CILIUM	GOCC_PHOTORECEPTOR_CONNECTING_CILIUM		38	-0.45114785	-1.2989563	0.099255584	0.47746783	1.0	4091	tags=37%, list=21%, signal=47%	
GOBP_REGULATION_OF_NUCLEOBASE_CONTAINING_COMPOUND_TRANSPORT	GOBP_REGULATION_OF_NUCLEOBASE_CONTAINING_COMPOUND_TRANSPORT		16	-0.5488838	-1.2988919	0.14692983	0.47656524	1.0	5538	tags=56%, list=29%, signal=79%	
GOMF_RRNA_BINDING	GOMF_RRNA_BINDING		60	-0.4025553	-1.2988477	0.08913649	0.4755807	1.0	4871	tags=37%, list=25%, signal=49%	
GOBP_PROTEIN_ACYLATION	GOBP_PROTEIN_ACYLATION		87	-0.3775683	-1.2965482	0.055979643	0.48112068	1.0	5488	tags=43%, list=28%, signal=59%	
GOBP_RETINAL_METABOLIC_PROCESS	GOBP_RETINAL_METABOLIC_PROCESS		17	-0.52427405	-1.2961985	0.14790288	0.48100924	1.0	4983	tags=35%, list=26%, signal=47%	
GOBP_SPLICEOSOMAL_COMPLEX_ASSEMBLY	GOBP_SPLICEOSOMAL_COMPLEX_ASSEMBLY		78	-0.38057858	-1.2953191	0.058666665	0.4824139	1.0	4999	tags=37%, list=26%, signal=50%	
GOCC_CONDENSED_CHROMOSOME	GOCC_CONDENSED_CHROMOSOME		261	-0.32919398	-1.2950581	0.016597511	0.48209193	1.0	4251	tags=27%, list=22%, signal=34%	
GOBP_PROTEIN_LOCALIZATION_TO_ENDOPLASMIC_RETICULUM	GOBP_PROTEIN_LOCALIZATION_TO_ENDOPLASMIC_RETICULUM		67	-0.39742702	-1.294181	0.077114426	0.4835392	1.0	4434	tags=37%, list=23%, signal=48%	
GOBP_METANEPHRIC_NEPHRON_MORPHOGENESIS	GOBP_METANEPHRIC_NEPHRON_MORPHOGENESIS		23	-0.50102866	-1.293858	0.1328976	0.48338357	1.0	2924	tags=35%, list=15%, signal=41%	
GOCC_CONDENSED_CHROMOSOME_CENTROMERIC_REGION	GOCC_CONDENSED_CHROMOSOME_CENTROMERIC_REGION		171	-0.34462985	-1.293797	0.023972603	0.482469	1.0	3690	tags=28%, list=19%, signal=34%	
GOBP_CHONDROITIN_SULFATE_PROTEOGLYCAN_BIOSYNTHETIC_PROCESS	GOBP_CHONDROITIN_SULFATE_PROTEOGLYCAN_BIOSYNTHETIC_PROCESS		24	-0.48676437	-1.2934388	0.14573991	0.4823353	1.0	3142	tags=38%, list=16%, signal=45%	
GOCC_SYNAPTIC_VESICLE_MEMBRANE	GOCC_SYNAPTIC_VESICLE_MEMBRANE		130	-0.3542506	-1.2932423	0.04075235	0.48183814	1.0	2806	tags=21%, list=14%, signal=24%	
GOMF_NEUROPEPTIDE_ACTIVITY	GOMF_NEUROPEPTIDE_ACTIVITY		28	-0.4642133	-1.2931873	0.1146789	0.48090896	1.0	1242	tags=14%, list=6%, signal=15%	
GOBP_MATURATION_OF_SSU_RRNA	GOBP_MATURATION_OF_SSU_RRNA		49	-0.41440552	-1.2930877	0.104218364	0.48012844	1.0	7526	tags=57%, list=39%, signal=93%	
GOBP_XENOBIOTIC_METABOLIC_PROCESS	GOBP_XENOBIOTIC_METABOLIC_PROCESS		123	-0.35790363	-1.2928144	0.038338657	0.47986156	1.0	2063	tags=18%, list=11%, signal=20%	
GOBP_REGULATION_OF_CHROMOSOME_ORGANIZATION	GOBP_REGULATION_OF_CHROMOSOME_ORGANIZATION		234	-0.33463532	-1.2928143	0.024390243	0.47879755	1.0	5786	tags=38%, list=30%, signal=54%	
GOBP_TELOMERE_MAINTENANCE_IN_RESPONSE_TO_DNA_DAMAGE	GOBP_TELOMERE_MAINTENANCE_IN_RESPONSE_TO_DNA_DAMAGE		30	-0.46408805	-1.2916542	0.124105014	0.4811018	1.0	5991	tags=53%, list=31%, signal=77%	
GOMF_ATP_DEPENDENT_ACTIVITY_ACTING_ON_DNA	GOMF_ATP_DEPENDENT_ACTIVITY_ACTING_ON_DNA		111	-0.36621383	-1.2899754	0.037572253	0.4848075	1.0	5473	tags=43%, list=28%, signal=60%	
GOBP_GLUTAMINE_FAMILY_AMINO_ACID_CATABOLIC_PROCESS	GOBP_GLUTAMINE_FAMILY_AMINO_ACID_CATABOLIC_PROCESS		25	-0.48015225	-1.2891557	0.15180723	0.48610234	1.0	1906	tags=28%, list=10%, signal=31%	
GOBP_SULFUR_COMPOUND_METABOLIC_PROCESS	GOBP_SULFUR_COMPOUND_METABOLIC_PROCESS		309	-0.32176268	-1.2891034	0.009049774	0.4851724	1.0	3374	tags=28%, list=17%, signal=34%	
GOBP_PHOSPHATIDYLINOSITOL_BIOSYNTHETIC_PROCESS	GOBP_PHOSPHATIDYLINOSITOL_BIOSYNTHETIC_PROCESS		123	-0.35464358	-1.2890426	0.0371517	0.48429036	1.0	4015	tags=32%, list=21%, signal=40%	
GOBP_REGULATION_OF_MITOTIC_NUCLEAR_DIVISION	GOBP_REGULATION_OF_MITOTIC_NUCLEAR_DIVISION		116	-0.36151034	-1.2889048	0.0477707	0.48365006	1.0	4154	tags=33%, list=21%, signal=41%	
GOBP_NEGATIVE_REGULATION_OF_MEIOTIC_CELL_CYCLE	GOBP_NEGATIVE_REGULATION_OF_MEIOTIC_CELL_CYCLE		16	-0.5333823	-1.2888199	0.13530655	0.48283556	1.0	3874	tags=38%, list=20%, signal=47%	
GOBP_ESTABLISHMENT_OF_PROTEIN_LOCALIZATION_TO_PEROXISOME	GOBP_ESTABLISHMENT_OF_PROTEIN_LOCALIZATION_TO_PEROXISOME		20	-0.50629205	-1.2873012	0.15754923	0.48604453	1.0	5958	tags=65%, list=31%, signal=94%	
GOBP_CELLULAR_MODIFIED_AMINO_ACID_CATABOLIC_PROCESS	GOBP_CELLULAR_MODIFIED_AMINO_ACID_CATABOLIC_PROCESS		30	-0.46425396	-1.2871011	0.1277533	0.48556808	1.0	3114	tags=33%, list=16%, signal=40%	
GOBP_ERYTHROSE_4_PHOSPHATE_PHOSPHOENOLPYRUVATE_FAMILY_AMINO_ACID_METABOLIC_PROCESS	GOBP_ERYTHROSE_4_PHOSPHATE_PHOSPHOENOLPYRUVATE_FAMILY_AMINO_ACID_METABOLIC_PROCESS		18	-0.5259729	-1.2865236	0.15221988	0.4861159	1.0	3592	tags=39%, list=18%, signal=48%	
GOBP_NEUTRAL_LIPID_CATABOLIC_PROCESS	GOBP_NEUTRAL_LIPID_CATABOLIC_PROCESS		38	-0.44706747	-1.2828249	0.12149533	0.49573752	1.0	2876	tags=29%, list=15%, signal=34%	
GOCC_INNER_KINETOCHORE	GOCC_INNER_KINETOCHORE		15	-0.5468139	-1.2823411	0.12757201	0.49608198	1.0	3389	tags=47%, list=17%, signal=56%	
GOBP_RESPONSE_TO_ARSENIC_CONTAINING_SUBSTANCE	GOBP_RESPONSE_TO_ARSENIC_CONTAINING_SUBSTANCE		31	-0.45449144	-1.2821116	0.13073395	0.49581236	1.0	2298	tags=23%, list=12%, signal=26%	
GOBP_REGULATION_OF_DNA_STRAND_ELONGATION	GOBP_REGULATION_OF_DNA_STRAND_ELONGATION		17	-0.5062442	-1.2819525	0.16067654	0.49515876	1.0	7171	tags=71%, list=37%, signal=112%	
GOBP_METANEPHROS_DEVELOPMENT	GOBP_METANEPHROS_DEVELOPMENT		90	-0.37258348	-1.2809199	0.07837838	0.49706382	1.0	1666	tags=18%, list=9%, signal=19%	
GOCC_PROTEIN_LIPID_COMPLEX	GOCC_PROTEIN_LIPID_COMPLEX		38	-0.439222	-1.280129	0.11463415	0.49826413	1.0	1145	tags=16%, list=6%, signal=17%	
GOBP_PIECEMEAL_MICROAUTOPHAGY_OF_THE_NUCLEUS	GOBP_PIECEMEAL_MICROAUTOPHAGY_OF_THE_NUCLEUS		17	-0.5172687	-1.2796937	0.18884121	0.4984381	1.0	4183	tags=41%, list=22%, signal=52%	
GOCC_INO80_COMPLEX	GOCC_INO80_COMPLEX		16	-0.5228175	-1.2793671	0.13871635	0.49836704	1.0	7171	tags=69%, list=37%, signal=109%	
GOBP_LENS_MORPHOGENESIS_IN_CAMERA_TYPE_EYE	GOBP_LENS_MORPHOGENESIS_IN_CAMERA_TYPE_EYE		22	-0.4938038	-1.2787133	0.14967462	0.4990432	1.0	2476	tags=27%, list=13%, signal=31%	
GOBP_POSITIVE_REGULATION_OF_MITOTIC_SISTER_CHROMATID_SEPARATION	GOBP_POSITIVE_REGULATION_OF_MITOTIC_SISTER_CHROMATID_SEPARATION		18	-0.52161896	-1.2781992	0.16591929	0.4994935	1.0	6466	tags=61%, list=33%, signal=92%	
GOBP_NEGATIVE_REGULATION_OF_LIPID_BIOSYNTHETIC_PROCESS	GOBP_NEGATIVE_REGULATION_OF_LIPID_BIOSYNTHETIC_PROCESS		54	-0.41129464	-1.2767985	0.096	0.50230867	1.0	2797	tags=28%, list=14%, signal=32%	
GOBP_TRIGLYCERIDE_CATABOLIC_PROCESS	GOBP_TRIGLYCERIDE_CATABOLIC_PROCESS		28	-0.4608297	-1.2762284	0.125	0.5028207	1.0	2848	tags=32%, list=15%, signal=38%	
GOBP_PHOSPHATIDYLCHOLINE_BIOSYNTHETIC_PROCESS	GOBP_PHOSPHATIDYLCHOLINE_BIOSYNTHETIC_PROCESS		29	-0.4654272	-1.2757819	0.12555066	0.5031213	1.0	3846	tags=41%, list=20%, signal=52%	
GOMF_UBIQUITIN_PROTEIN_TRANSFERASE_REGULATOR_ACTIVITY	GOMF_UBIQUITIN_PROTEIN_TRANSFERASE_REGULATOR_ACTIVITY		30	-0.45911664	-1.2753989	0.14617169	0.5032044	1.0	3901	tags=37%, list=20%, signal=46%	
GOBP_SECONDARY_METABOLIC_PROCESS	GOBP_SECONDARY_METABOLIC_PROCESS		56	-0.39536357	-1.2732254	0.083333336	0.50832695	1.0	1596	tags=20%, list=8%, signal=21%	
GOBP_NUCLEOPHAGY	GOBP_NUCLEOPHAGY		22	-0.49791172	-1.2726798	0.16877638	0.50890416	1.0	3248	tags=32%, list=17%, signal=38%	
GOCC_U2_TYPE_SPLICEOSOMAL_COMPLEX	GOCC_U2_TYPE_SPLICEOSOMAL_COMPLEX		91	-0.36405674	-1.2726394	0.05757576	0.50794727	1.0	7595	tags=56%, list=39%, signal=92%	
GOCC_RNA_POLYMERASE_COMPLEX	GOCC_RNA_POLYMERASE_COMPLEX		93	-0.36364046	-1.2717127	0.08498584	0.50963604	1.0	5959	tags=43%, list=31%, signal=62%	
GOCC_NUCLEAR_REPLICATION_FORK	GOCC_NUCLEAR_REPLICATION_FORK		39	-0.431129	-1.2716036	0.12713936	0.5089022	1.0	5669	tags=46%, list=29%, signal=65%	
GOBP_REGULATION_OF_AXON_EXTENSION_INVOLVED_IN_AXON_GUIDANCE	GOBP_REGULATION_OF_AXON_EXTENSION_INVOLVED_IN_AXON_GUIDANCE		17	-0.50878125	-1.2713681	0.15584415	0.50849813	1.0	1381	tags=29%, list=7%, signal=32%	
GOBP_CARDIAC_CELL_DEVELOPMENT	GOBP_CARDIAC_CELL_DEVELOPMENT		85	-0.37576404	-1.271046	0.07865169	0.5083777	1.0	2080	tags=20%, list=11%, signal=22%	
GOBP_ENDOCYTIC_RECYCLING	GOBP_ENDOCYTIC_RECYCLING		76	-0.37735486	-1.270706	0.0652819	0.5083099	1.0	3121	tags=22%, list=16%, signal=27%	
GOBP_FEEDING_BEHAVIOR	GOBP_FEEDING_BEHAVIOR		104	-0.3624558	-1.2703717	0.050445102	0.5082576	1.0	1774	tags=18%, list=9%, signal=20%	
GOCC_INO80_TYPE_COMPLEX	GOCC_INO80_TYPE_COMPLEX		27	-0.46119606	-1.2697698	0.14254385	0.50899136	1.0	7171	tags=63%, list=37%, signal=100%	
GOBP_REGULATION_OF_FATTY_ACID_BIOSYNTHETIC_PROCESS	GOBP_REGULATION_OF_FATTY_ACID_BIOSYNTHETIC_PROCESS		44	-0.4200523	-1.2693855	0.12351544	0.5090252	1.0	2782	tags=30%, list=14%, signal=34%	
GOBP_ISOPRENOID_METABOLIC_PROCESS	GOBP_ISOPRENOID_METABOLIC_PROCESS		133	-0.3479408	-1.2691929	0.043887146	0.5085795	1.0	3240	tags=27%, list=17%, signal=32%	
GOBP_RESPONSE_TO_MITOCHONDRIAL_DEPOLARISATION	GOBP_RESPONSE_TO_MITOCHONDRIAL_DEPOLARISATION		18	-0.5003643	-1.2689881	0.14712153	0.5081772	1.0	4403	tags=56%, list=23%, signal=72%	
GOBP_SISTER_CHROMATID_SEGREGATION	GOBP_SISTER_CHROMATID_SEGREGATION		222	-0.32595202	-1.2688267	0.034351144	0.5076111	1.0	6466	tags=42%, list=33%, signal=62%	
GOBP_PHOSPHOLIPID_METABOLIC_PROCESS	GOBP_PHOSPHOLIPID_METABOLIC_PROCESS		361	-0.312606	-1.2657762	0.004878049	0.51551944	1.0	3869	tags=31%, list=20%, signal=38%	
GOMF_RNA_EXONUCLEASE_ACTIVITY	GOMF_RNA_EXONUCLEASE_ACTIVITY		43	-0.43004367	-1.2656962	0.10705596	0.51474553	1.0	5793	tags=49%, list=30%, signal=69%	
GOMF_SUMO_BINDING	GOMF_SUMO_BINDING		16	-0.5323844	-1.2650226	0.17035398	0.515871	1.0	6104	tags=63%, list=31%, signal=91%	
GOBP_BODY_FLUID_SECRETION	GOBP_BODY_FLUID_SECRETION		93	-0.36598304	-1.2646068	0.06388889	0.51598656	1.0	3356	tags=27%, list=17%, signal=32%	
GOBP_POSITIVE_REGULATION_OF_RNA_SPLICING	GOBP_POSITIVE_REGULATION_OF_RNA_SPLICING		48	-0.40676048	-1.2641538	0.11508951	0.516364	1.0	7025	tags=44%, list=36%, signal=68%	
GOCC_EXTRINSIC_COMPONENT_OF_ORGANELLE_MEMBRANE	GOCC_EXTRINSIC_COMPONENT_OF_ORGANELLE_MEMBRANE		24	-0.4751313	-1.2635713	0.1738149	0.5170338	1.0	4308	tags=46%, list=22%, signal=59%	
GOMF_PLUS_END_DIRECTED_MICROTUBULE_MOTOR_ACTIVITY	GOMF_PLUS_END_DIRECTED_MICROTUBULE_MOTOR_ACTIVITY		16	-0.52528393	-1.2625588	0.17467248	0.518939	1.0	2533	tags=25%, list=13%, signal=29%	
GOBP_REGULATION_OF_SPINDLE_CHECKPOINT	GOBP_REGULATION_OF_SPINDLE_CHECKPOINT		23	-0.48851904	-1.2620121	0.16666667	0.5194844	1.0	5919	tags=61%, list=30%, signal=87%	
GOBP_ENAMEL_MINERALIZATION	GOBP_ENAMEL_MINERALIZATION		21	-0.49800658	-1.2619117	0.1659836	0.51878864	1.0	2494	tags=29%, list=13%, signal=33%	
GOBP_POSITIVE_REGULATION_OF_CHROMOSOME_ORGANIZATION	GOBP_POSITIVE_REGULATION_OF_CHROMOSOME_ORGANIZATION		105	-0.36090702	-1.2617656	0.072072074	0.5181236	1.0	6064	tags=44%, list=31%, signal=63%	
GOMF_MEMBRANE_INSERTASE_ACTIVITY	GOMF_MEMBRANE_INSERTASE_ACTIVITY		15	-0.53836876	-1.2616665	0.18683651	0.5173898	1.0	5732	tags=53%, list=30%, signal=76%	
GOCC_STEREOCILIUM_TIP	GOCC_STEREOCILIUM_TIP		19	-0.49709544	-1.261606	0.16099773	0.51654845	1.0	1572	tags=26%, list=8%, signal=29%	
GOBP_DNA_TEMPLATED_DNA_REPLICATION	GOBP_DNA_TEMPLATED_DNA_REPLICATION		152	-0.33980277	-1.2608591	0.031358887	0.51773727	1.0	4399	tags=33%, list=23%, signal=42%	
GOBP_RESPONSE_TO_NICOTINE	GOBP_RESPONSE_TO_NICOTINE		48	-0.41280973	-1.260725	0.13032581	0.5171089	1.0	6192	tags=44%, list=32%, signal=64%	
GOBP_CARDIOCYTE_DIFFERENTIATION	GOBP_CARDIOCYTE_DIFFERENTIATION		146	-0.3424233	-1.259782	0.052117262	0.5187847	1.0	2080	tags=19%, list=11%, signal=21%	
GOMF_EXONUCLEASE_ACTIVITY_ACTIVE_WITH_EITHER_RIBO_OR_DEOXYRIBONUCLEIC_ACIDS_AND_PRODUCING_5_PHOSPHOMONOESTERS	GOMF_EXONUCLEASE_ACTIVITY_ACTIVE_WITH_EITHER_RIBO_OR_DEOXYRIBONUCLEIC_ACIDS_AND_PRODUCING_5_PHOSPHOMONOESTERS		58	-0.3932801	-1.2595906	0.1004902	0.5182604	1.0	5884	tags=48%, list=30%, signal=69%	
GOBP_NEGATIVE_REGULATION_OF_TELOMERE_MAINTENANCE	GOBP_NEGATIVE_REGULATION_OF_TELOMERE_MAINTENANCE		33	-0.44208357	-1.2593193	0.13849765	0.51797485	1.0	5786	tags=58%, list=30%, signal=82%	
GOBP_REGULATION_OF_TRANSCRIPTION_BY_RNA_POLYMERASE_III	GOBP_REGULATION_OF_TRANSCRIPTION_BY_RNA_POLYMERASE_III		28	-0.44901174	-1.2592424	0.14383562	0.5171835	1.0	3870	tags=25%, list=20%, signal=31%	
GOMF_TRIGLYCERIDE_LIPASE_ACTIVITY	GOMF_TRIGLYCERIDE_LIPASE_ACTIVITY		25	-0.4723878	-1.2589225	0.16367713	0.51706296	1.0	2848	tags=28%, list=15%, signal=33%	
GOBP_TRANSLATIONAL_ELONGATION	GOBP_TRANSLATIONAL_ELONGATION		63	-0.38971373	-1.2588681	0.093333334	0.5161864	1.0	3693	tags=37%, list=19%, signal=45%	
GOBP_SYNAPTIC_VESICLE_CYTOSKELETAL_TRANSPORT	GOBP_SYNAPTIC_VESICLE_CYTOSKELETAL_TRANSPORT		19	-0.499509	-1.258237	0.16771488	0.51701474	1.0	5558	tags=58%, list=29%, signal=81%	
GOBP_HIGH_DENSITY_LIPOPROTEIN_PARTICLE_REMODELING	GOBP_HIGH_DENSITY_LIPOPROTEIN_PARTICLE_REMODELING		17	-0.52503365	-1.2567402	0.18292683	0.5203746	1.0	855	tags=24%, list=4%, signal=25%	
GOCC_GOLGI_STACK	GOCC_GOLGI_STACK		130	-0.34758374	-1.2561471	0.06097561	0.5210047	1.0	5126	tags=39%, list=26%, signal=53%	
GOBP_TRANSCRIPTION_BY_RNA_POLYMERASE_III	GOBP_TRANSCRIPTION_BY_RNA_POLYMERASE_III		56	-0.4024175	-1.2560339	0.14133333	0.52029556	1.0	4354	tags=32%, list=22%, signal=41%	
GOBP_CYTOKINESIS	GOBP_CYTOKINESIS		165	-0.3384926	-1.2559931	0.026755853	0.51938516	1.0	5347	tags=32%, list=28%, signal=43%	
GOBP_FIBRINOLYSIS	GOBP_FIBRINOLYSIS		26	-0.45558736	-1.2552167	0.14726841	0.5207156	1.0	3190	tags=38%, list=16%, signal=46%	
GOMF_RNA_ENDONUCLEASE_ACTIVITY	GOMF_RNA_ENDONUCLEASE_ACTIVITY		65	-0.3882522	-1.2551873	0.1075	0.5197908	1.0	2291	tags=26%, list=12%, signal=30%	
GOBP_PLASMA_LIPOPROTEIN_PARTICLE_CLEARANCE	GOBP_PLASMA_LIPOPROTEIN_PARTICLE_CLEARANCE		40	-0.41359198	-1.2541168	0.12559241	0.5219296	1.0	2063	tags=25%, list=11%, signal=28%	
GOBP_MICROAUTOPHAGY	GOBP_MICROAUTOPHAGY		22	-0.48385754	-1.254101	0.1719457	0.5209604	1.0	5103	tags=45%, list=26%, signal=62%	
GOMF_PHOSPHATIDYLETHANOLAMINE_BINDING	GOMF_PHOSPHATIDYLETHANOLAMINE_BINDING		16	-0.51458365	-1.2535425	0.19823788	0.52159	1.0	2396	tags=31%, list=12%, signal=36%	
GOBP_REGULATION_OF_TRIGLYCERIDE_METABOLIC_PROCESS	GOBP_REGULATION_OF_TRIGLYCERIDE_METABOLIC_PROCESS		42	-0.4123022	-1.2524165	0.13176471	0.5239959	1.0	3215	tags=33%, list=17%, signal=40%	
GOMF_PRENYLTRANSFERASE_ACTIVITY	GOMF_PRENYLTRANSFERASE_ACTIVITY		15	-0.52240455	-1.2522091	0.16595745	0.5235633	1.0	3714	tags=33%, list=19%, signal=41%	
GOBP_NEGATIVE_REGULATION_OF_SIGNAL_TRANSDUCTION_IN_ABSENCE_OF_LIGAND	GOBP_NEGATIVE_REGULATION_OF_SIGNAL_TRANSDUCTION_IN_ABSENCE_OF_LIGAND		33	-0.4396482	-1.251752	0.13176471	0.5240291	1.0	1655	tags=18%, list=9%, signal=20%	
GOCC_MICROTUBULE_END	GOCC_MICROTUBULE_END		30	-0.44977364	-1.2512393	0.17757009	0.52452016	1.0	3292	tags=37%, list=17%, signal=44%	
GOBP_POSITIVE_REGULATION_BY_HOST_OF_VIRAL_PROCESS	GOBP_POSITIVE_REGULATION_BY_HOST_OF_VIRAL_PROCESS		21	-0.48857778	-1.2509327	0.19067797	0.52442044	1.0	3768	tags=38%, list=19%, signal=47%	
GOBP_NEGATIVE_REGULATION_OF_EXTRINSIC_APOPTOTIC_SIGNALING_PATHWAY_VIA_DEATH_DOMAIN_RECEPTORS	GOBP_NEGATIVE_REGULATION_OF_EXTRINSIC_APOPTOTIC_SIGNALING_PATHWAY_VIA_DEATH_DOMAIN_RECEPTORS		29	-0.44910023	-1.249143	0.14754099	0.5285892	1.0	886	tags=21%, list=5%, signal=22%	
GOBP_NUCLEOTIDE_SUGAR_METABOLIC_PROCESS	GOBP_NUCLEOTIDE_SUGAR_METABOLIC_PROCESS		36	-0.44170162	-1.2487688	0.15311004	0.528749	1.0	2845	tags=33%, list=15%, signal=39%	
GOCC_DENDRITE_MEMBRANE	GOCC_DENDRITE_MEMBRANE		37	-0.42468178	-1.2483	0.13118279	0.529085	1.0	2706	tags=16%, list=14%, signal=19%	
GOBP_RNA_POLYMERASE_II_PREINITIATION_COMPLEX_ASSEMBLY	GOBP_RNA_POLYMERASE_II_PREINITIATION_COMPLEX_ASSEMBLY		54	-0.39474702	-1.2480949	0.12032086	0.5286626	1.0	5864	tags=50%, list=30%, signal=71%	
GOCC_MICROTUBULE_ASSOCIATED_COMPLEX	GOCC_MICROTUBULE_ASSOCIATED_COMPLEX		140	-0.34200174	-1.2473241	0.057142857	0.5298843	1.0	4496	tags=34%, list=23%, signal=43%	
GOBP_RRNA_MODIFICATION	GOBP_RRNA_MODIFICATION		30	-0.44476566	-1.2469746	0.15437788	0.52996093	1.0	6356	tags=57%, list=33%, signal=84%	
GOBP_REGULATION_OF_PROTEIN_ACETYLATION	GOBP_REGULATION_OF_PROTEIN_ACETYLATION		20	-0.4897225	-1.2468728	0.16593887	0.52924013	1.0	5452	tags=60%, list=28%, signal=83%	
GOMF_CYTOSKELETAL_ANCHOR_ACTIVITY	GOMF_CYTOSKELETAL_ANCHOR_ACTIVITY		24	-0.46618277	-1.2466043	0.17966904	0.5290309	1.0	3665	tags=33%, list=19%, signal=41%	
GOBP_RESPONSE_TO_STEROL_DEPLETION	GOBP_RESPONSE_TO_STEROL_DEPLETION		15	-0.5410033	-1.2465355	0.20454545	0.5282351	1.0	2797	tags=40%, list=14%, signal=47%	
GOBP_MESODERMAL_CELL_DIFFERENTIATION	GOBP_MESODERMAL_CELL_DIFFERENTIATION		31	-0.44163138	-1.2460093	0.1843318	0.5288623	1.0	2596	tags=23%, list=13%, signal=26%	
GOBP_MRNA_CIS_SPLICING_VIA_SPLICEOSOME	GOBP_MRNA_CIS_SPLICING_VIA_SPLICEOSOME		29	-0.44702363	-1.2458947	0.15192744	0.52817976	1.0	5521	tags=45%, list=28%, signal=63%	
GOCC_SNARE_COMPLEX	GOCC_SNARE_COMPLEX		50	-0.4052856	-1.2456534	0.13283208	0.5278912	1.0	4770	tags=44%, list=25%, signal=58%	
GOBP_AUTOPHAGY_OF_PEROXISOME	GOBP_AUTOPHAGY_OF_PEROXISOME		15	-0.52822477	-1.2449001	0.1827957	0.5290833	1.0	3768	tags=40%, list=19%, signal=50%	
GOMF_RNA_POLYMERASE_II_GENERAL_TRANSCRIPTION_INITIATION_FACTOR_BINDING	GOMF_RNA_POLYMERASE_II_GENERAL_TRANSCRIPTION_INITIATION_FACTOR_BINDING		24	-0.46207142	-1.244254	0.18764846	0.52997816	1.0	5412	tags=54%, list=28%, signal=75%	
GOBP_MEMBRANE_LIPID_METABOLIC_PROCESS	GOBP_MEMBRANE_LIPID_METABOLIC_PROCESS		205	-0.32703754	-1.2441729	0.03773585	0.5292613	1.0	3903	tags=33%, list=20%, signal=40%	
GOBP_SEX_DIFFERENTIATION	GOBP_SEX_DIFFERENTIATION		277	-0.3147491	-1.2437367	0.025316456	0.529557	1.0	2498	tags=19%, list=13%, signal=21%	
GOCC_CONDENSED_NUCLEAR_CHROMOSOME	GOCC_CONDENSED_NUCLEAR_CHROMOSOME		72	-0.37490267	-1.2435633	0.10427807	0.52912545	1.0	4378	tags=28%, list=23%, signal=36%	
GOBP_SHORT_CHAIN_FATTY_ACID_METABOLIC_PROCESS	GOBP_SHORT_CHAIN_FATTY_ACID_METABOLIC_PROCESS		15	-0.52686733	-1.2433528	0.19157895	0.52875704	1.0	4126	tags=33%, list=21%, signal=42%	
GOMF_MAP_KINASE_PHOSPHATASE_ACTIVITY	GOMF_MAP_KINASE_PHOSPHATASE_ACTIVITY		15	-0.5211539	-1.2426528	0.20987654	0.5297118	1.0	1506	tags=27%, list=8%, signal=29%	
GOBP_PROTEIN_TARGETING	GOBP_PROTEIN_TARGETING		307	-0.30665436	-1.2417206	0.005263158	0.53132933	1.0	4434	tags=32%, list=23%, signal=41%	
GOBP_POSITIVE_REGULATION_OF_LIPID_BIOSYNTHETIC_PROCESS	GOBP_POSITIVE_REGULATION_OF_LIPID_BIOSYNTHETIC_PROCESS		85	-0.36335364	-1.2416072	0.11884058	0.53067553	1.0	1282	tags=14%, list=7%, signal=15%	
GOMF_STEROID_DEHYDROGENASE_ACTIVITY_ACTING_ON_THE_CH_OH_GROUP_OF_DONORS_NAD_OR_NADP_AS_ACCEPTOR	GOMF_STEROID_DEHYDROGENASE_ACTIVITY_ACTING_ON_THE_CH_OH_GROUP_OF_DONORS_NAD_OR_NADP_AS_ACCEPTOR		31	-0.4457232	-1.2413542	0.17096019	0.5303913	1.0	409	tags=19%, list=2%, signal=20%	
GOCC_CHITOSOME	GOCC_CHITOSOME		22	-0.4697762	-1.2409488	0.18080357	0.5305524	1.0	3592	tags=36%, list=18%, signal=45%	
GOBP_REGULATION_OF_MOTOR_NEURON_APOPTOTIC_PROCESS	GOBP_REGULATION_OF_MOTOR_NEURON_APOPTOTIC_PROCESS		15	-0.53335255	-1.2400614	0.21604939	0.53240216	1.0	3784	tags=40%, list=19%, signal=50%	
GOBP_MATURATION_OF_SSU_RRNA_FROM_TRICISTRONIC_RRNA_TRANSCRIPT_SSU_RRNA_5_8S_RRNA_LSU_RRNA	GOBP_MATURATION_OF_SSU_RRNA_FROM_TRICISTRONIC_RRNA_TRANSCRIPT_SSU_RRNA_5_8S_RRNA_LSU_RRNA		31	-0.43484443	-1.2388213	0.14285715	0.53493935	1.0	6321	tags=52%, list=33%, signal=76%	
GOMF_CARBON_CARBON_LYASE_ACTIVITY	GOMF_CARBON_CARBON_LYASE_ACTIVITY		49	-0.3996294	-1.2383896	0.11933174	0.5352861	1.0	3136	tags=35%, list=16%, signal=41%	
GOMF_MAP_KINASE_ACTIVITY	GOMF_MAP_KINASE_ACTIVITY		16	-0.51730394	-1.2383096	0.20430107	0.5345247	1.0	1539	tags=31%, list=8%, signal=34%	
GOBP_MECHANORECEPTOR_DIFFERENTIATION	GOBP_MECHANORECEPTOR_DIFFERENTIATION		63	-0.3797579	-1.2378738	0.13793103	0.53486174	1.0	2002	tags=24%, list=10%, signal=26%	
GOBP_REGULATION_OF_FATTY_ACID_BETA_OXIDATION	GOBP_REGULATION_OF_FATTY_ACID_BETA_OXIDATION		19	-0.49200824	-1.2376543	0.18101545	0.53456193	1.0	3017	tags=26%, list=16%, signal=31%	
GOBP_NEUROTROPHIN_TRK_RECEPTOR_SIGNALING_PATHWAY	GOBP_NEUROTROPHIN_TRK_RECEPTOR_SIGNALING_PATHWAY		26	-0.45937547	-1.2363973	0.19654427	0.5373841	1.0	2339	tags=31%, list=12%, signal=35%	
GOBP_REGULATION_OF_MEIOTIC_CELL_CYCLE	GOBP_REGULATION_OF_MEIOTIC_CELL_CYCLE		62	-0.38526368	-1.2361805	0.11891892	0.5370306	1.0	4732	tags=34%, list=24%, signal=45%	
GOBP_DIOL_METABOLIC_PROCESS	GOBP_DIOL_METABOLIC_PROCESS		28	-0.4483707	-1.2354901	0.16541353	0.5380979	1.0	3137	tags=36%, list=16%, signal=43%	
GOBP_SYNAPTIC_VESICLE_MEMBRANE_ORGANIZATION	GOBP_SYNAPTIC_VESICLE_MEMBRANE_ORGANIZATION		28	-0.44769615	-1.2352941	0.18202247	0.5377429	1.0	4579	tags=39%, list=24%, signal=51%	
GOCC_METHYLTRANSFERASE_COMPLEX	GOCC_METHYLTRANSFERASE_COMPLEX		97	-0.35736635	-1.2346765	0.076246336	0.53860635	1.0	6183	tags=44%, list=32%, signal=65%	
GOMF_HISTONE_H4_ACETYLTRANSFERASE_ACTIVITY	GOMF_HISTONE_H4_ACETYLTRANSFERASE_ACTIVITY		19	-0.48732415	-1.2345439	0.19271949	0.53798795	1.0	5684	tags=42%, list=29%, signal=59%	
GOBP_MITOTIC_NUCLEAR_DIVISION	GOBP_MITOTIC_NUCLEAR_DIVISION		268	-0.31210974	-1.2341628	0.022222223	0.53816074	1.0	5570	tags=37%, list=29%, signal=51%	
GOBP_HORMONE_BIOSYNTHETIC_PROCESS	GOBP_HORMONE_BIOSYNTHETIC_PROCESS		66	-0.3790922	-1.2338674	0.11320755	0.53807324	1.0	1740	tags=23%, list=9%, signal=25%	
GOCC_SPLICEOSOMAL_TRI_SNRNP_COMPLEX	GOCC_SPLICEOSOMAL_TRI_SNRNP_COMPLEX		37	-0.4197044	-1.2338203	0.16625917	0.5372392	1.0	5755	tags=49%, list=30%, signal=69%	
GOBP_MRNA_PROCESSING	GOBP_MRNA_PROCESSING		458	-0.29511818	-1.2331841	0.011560693	0.5381251	1.0	5357	tags=33%, list=28%, signal=45%	
GOBP_SMOOTH_MUSCLE_TISSUE_DEVELOPMENT	GOBP_SMOOTH_MUSCLE_TISSUE_DEVELOPMENT		24	-0.4633683	-1.2330079	0.18526785	0.5376843	1.0	651	tags=17%, list=3%, signal=17%	
GOBP_NEGATIVE_REGULATION_OF_DNA_METABOLIC_PROCESS	GOBP_NEGATIVE_REGULATION_OF_DNA_METABOLIC_PROCESS		116	-0.34613517	-1.232943	0.09221902	0.53693426	1.0	5850	tags=52%, list=30%, signal=74%	
GOBP_POSITIVE_REGULATION_OF_SODIUM_ION_TRANSMEMBRANE_TRANSPORT	GOBP_POSITIVE_REGULATION_OF_SODIUM_ION_TRANSMEMBRANE_TRANSPORT		18	-0.50073826	-1.2321929	0.2117117	0.5381402	1.0	1901	tags=28%, list=10%, signal=31%	
GOBP_REGULATION_OF_AUTOPHAGOSOME_MATURATION	GOBP_REGULATION_OF_AUTOPHAGOSOME_MATURATION		16	-0.519412	-1.2318692	0.19381443	0.5380966	1.0	4183	tags=38%, list=22%, signal=48%	
GOBP_APPENDAGE_DEVELOPMENT	GOBP_APPENDAGE_DEVELOPMENT		175	-0.32347068	-1.2315974	0.050541516	0.5379665	1.0	3007	tags=23%, list=15%, signal=27%	
GOBP_VESICLE_MEDIATED_TRANSPORT_IN_SYNAPSE	GOBP_VESICLE_MEDIATED_TRANSPORT_IN_SYNAPSE		220	-0.31431103	-1.2313378	0.05703422	0.53781223	1.0	3121	tags=21%, list=16%, signal=25%	
GOMF_DAMAGED_DNA_BINDING	GOMF_DAMAGED_DNA_BINDING		71	-0.37480634	-1.2309318	0.14583333	0.53806376	1.0	6262	tags=48%, list=32%, signal=70%	
GOBP_CELLULAR_RESPONSE_TO_CHOLESTEROL	GOBP_CELLULAR_RESPONSE_TO_CHOLESTEROL		16	-0.5207361	-1.2307984	0.19916143	0.5374991	1.0	2738	tags=31%, list=14%, signal=36%	
GOBP_PEROXISOME_ORGANIZATION	GOBP_PEROXISOME_ORGANIZATION		33	-0.4353742	-1.2307675	0.1588785	0.53664756	1.0	5564	tags=55%, list=29%, signal=76%	
GOMF_TELOMERASE_RNA_BINDING	GOMF_TELOMERASE_RNA_BINDING		21	-0.47794506	-1.2300757	0.18863636	0.5376938	1.0	5356	tags=48%, list=28%, signal=66%	
GOBP_LACTATION	GOBP_LACTATION		41	-0.4020823	-1.2299943	0.14184397	0.536986	1.0	5367	tags=49%, list=28%, signal=67%	
GOBP_AMINO_SUGAR_METABOLIC_PROCESS	GOBP_AMINO_SUGAR_METABOLIC_PROCESS		40	-0.41388056	-1.2289267	0.16267942	0.53919154	1.0	2845	tags=30%, list=15%, signal=35%	
GOBP_CELL_CYCLE_CHECKPOINT_SIGNALING	GOBP_CELL_CYCLE_CHECKPOINT_SIGNALING		181	-0.32511303	-1.2283894	0.05	0.53990966	1.0	5669	tags=40%, list=29%, signal=56%	
GOBP_POLARIZED_EPITHELIAL_CELL_DIFFERENTIATION	GOBP_POLARIZED_EPITHELIAL_CELL_DIFFERENTIATION		25	-0.45105475	-1.2269573	0.20361991	0.5430936	1.0	1261	tags=28%, list=6%, signal=30%	
GOMF_CHLORIDE_CHANNEL_ACTIVITY	GOMF_CHLORIDE_CHANNEL_ACTIVITY		78	-0.3650316	-1.2268497	0.1086351	0.54249245	1.0	3337	tags=26%, list=17%, signal=31%	
GOBP_BASE_EXCISION_REPAIR	GOBP_BASE_EXCISION_REPAIR		43	-0.39821035	-1.2263563	0.15328467	0.5429542	1.0	7516	tags=67%, list=39%, signal=110%	
GOCC_ROUGH_ENDOPLASMIC_RETICULUM	GOCC_ROUGH_ENDOPLASMIC_RETICULUM		57	-0.3801871	-1.2248244	0.1308642	0.54653716	1.0	4058	tags=39%, list=21%, signal=49%	
GOBP_NEGATIVE_REGULATION_OF_AMINO_ACID_TRANSPORT	GOBP_NEGATIVE_REGULATION_OF_AMINO_ACID_TRANSPORT		15	-0.51187474	-1.2244205	0.2258727	0.54679763	1.0	443	tags=20%, list=2%, signal=20%	
GOBP_ENDOSOME_ORGANIZATION	GOBP_ENDOSOME_ORGANIZATION		89	-0.35934553	-1.2242552	0.13934426	0.54636127	1.0	5262	tags=40%, list=27%, signal=55%	
GOCC_REPLICATION_FORK	GOCC_REPLICATION_FORK		69	-0.37847644	-1.2235658	0.140625	0.5475132	1.0	5743	tags=46%, list=30%, signal=66%	
GOCC_MEMBRANE_COAT	GOCC_MEMBRANE_COAT		92	-0.35487258	-1.2232352	0.0978836	0.5475113	1.0	5803	tags=43%, list=30%, signal=62%	
GOBP_POSITIVE_REGULATION_OF_AMINE_TRANSPORT	GOBP_POSITIVE_REGULATION_OF_AMINE_TRANSPORT		40	-0.40962407	-1.2226491	0.17690417	0.5483871	1.0	1265	tags=20%, list=7%, signal=21%	
GOBP_CARDIAC_MUSCLE_CELL_DIFFERENTIATION	GOBP_CARDIAC_MUSCLE_CELL_DIFFERENTIATION		116	-0.33662522	-1.2224109	0.10030395	0.5481431	1.0	2080	tags=18%, list=11%, signal=20%	
GOBP_MANNOSYLATION	GOBP_MANNOSYLATION		23	-0.46146968	-1.2223012	0.1936842	0.54755765	1.0	5315	tags=57%, list=27%, signal=78%	
GOBP_CD4_POSITIVE_ALPHA_BETA_T_CELL_PROLIFERATION	GOBP_CD4_POSITIVE_ALPHA_BETA_T_CELL_PROLIFERATION		21	-0.47311765	-1.2220814	0.21113689	0.54721266	1.0	2172	tags=29%, list=11%, signal=32%	
GOBP_TRANSCYTOSIS	GOBP_TRANSCYTOSIS		21	-0.4845376	-1.2218173	0.19578947	0.54708415	1.0	1343	tags=24%, list=7%, signal=26%	
GOBP_DNA_STRAND_ELONGATION	GOBP_DNA_STRAND_ELONGATION		36	-0.41782364	-1.2213593	0.17056075	0.54750663	1.0	5473	tags=44%, list=28%, signal=62%	
GOBP_REGULATION_OF_DNA_REPLICATION	GOBP_REGULATION_OF_DNA_REPLICATION		120	-0.34293753	-1.2211677	0.091772154	0.5471205	1.0	5669	tags=40%, list=29%, signal=56%	
GOBP_NEGATIVE_REGULATION_OF_DNA_TEMPLATED_TRANSCRIPTION_ELONGATION	GOBP_NEGATIVE_REGULATION_OF_DNA_TEMPLATED_TRANSCRIPTION_ELONGATION		23	-0.46974054	-1.2207704	0.18640351	0.54740506	1.0	6117	tags=43%, list=31%, signal=63%	
GOMF_ATP_HYDROLYSIS_ACTIVITY	GOMF_ATP_HYDROLYSIS_ACTIVITY		380	-0.29621166	-1.2206738	0.018691588	0.5467973	1.0	4622	tags=35%, list=24%, signal=45%	
GOBP_CHONDROITIN_SULFATE_BIOSYNTHETIC_PROCESS	GOBP_CHONDROITIN_SULFATE_BIOSYNTHETIC_PROCESS		19	-0.47706634	-1.2205048	0.19067797	0.54636174	1.0	3142	tags=37%, list=16%, signal=44%	
GOMF_ALCOHOL_BINDING	GOMF_ALCOHOL_BINDING		88	-0.35439587	-1.2203023	0.10695187	0.54602075	1.0	2594	tags=24%, list=13%, signal=27%	
GOBP_NEGATIVE_REGULATION_OF_MUSCLE_CELL_APOPTOTIC_PROCESS	GOBP_NEGATIVE_REGULATION_OF_MUSCLE_CELL_APOPTOTIC_PROCESS		42	-0.4155326	-1.2201889	0.18015666	0.5454104	1.0	1552	tags=21%, list=8%, signal=23%	
GOMF_2_IRON_2_SULFUR_CLUSTER_BINDING	GOMF_2_IRON_2_SULFUR_CLUSTER_BINDING		23	-0.46387887	-1.2198416	0.19915254	0.5455572	1.0	4522	tags=43%, list=23%, signal=57%	
GOBP_CERAMIDE_METABOLIC_PROCESS	GOBP_CERAMIDE_METABOLIC_PROCESS		101	-0.35007346	-1.2196019	0.08454811	0.54532784	1.0	3903	tags=36%, list=20%, signal=44%	
GOBP_REGULATION_OF_HETEROTYPIC_CELL_CELL_ADHESION	GOBP_REGULATION_OF_HETEROTYPIC_CELL_CELL_ADHESION		24	-0.47037935	-1.2187783	0.1965812	0.5467755	1.0	1281	tags=25%, list=7%, signal=27%	
GOBP_REGULATION_OF_TRANSLATION_IN_RESPONSE_TO_STRESS	GOBP_REGULATION_OF_TRANSLATION_IN_RESPONSE_TO_STRESS		22	-0.46487537	-1.2181324	0.18834081	0.54783833	1.0	5378	tags=50%, list=28%, signal=69%	
GOCC_HIPPOCAMPAL_MOSSY_FIBER_TO_CA3_SYNAPSE	GOCC_HIPPOCAMPAL_MOSSY_FIBER_TO_CA3_SYNAPSE		43	-0.40374112	-1.216379	0.16083916	0.5520272	1.0	2864	tags=23%, list=15%, signal=27%	
GOBP_PEPTIDYL_L_CYSTEINE_S_PALMITOYLATION	GOBP_PEPTIDYL_L_CYSTEINE_S_PALMITOYLATION		22	-0.47583768	-1.2163086	0.18721461	0.5513057	1.0	2971	tags=27%, list=15%, signal=32%	
GOMF_STEROID_DEHYDROGENASE_ACTIVITY	GOMF_STEROID_DEHYDROGENASE_ACTIVITY		37	-0.4188367	-1.2161509	0.16851442	0.5508775	1.0	409	tags=16%, list=2%, signal=17%	
GOMF_NUCLEAR_STEROID_RECEPTOR_ACTIVITY	GOMF_NUCLEAR_STEROID_RECEPTOR_ACTIVITY		25	-0.45362586	-1.2161262	0.19733925	0.550028	1.0	5435	tags=48%, list=28%, signal=67%	
GOBP_REGULATION_OF_DELAYED_RECTIFIER_POTASSIUM_CHANNEL_ACTIVITY	GOBP_REGULATION_OF_DELAYED_RECTIFIER_POTASSIUM_CHANNEL_ACTIVITY		16	-0.5081904	-1.2161067	0.22150537	0.54917306	1.0	1207	tags=25%, list=6%, signal=27%	
GOBP_SULFUR_AMINO_ACID_METABOLIC_PROCESS	GOBP_SULFUR_AMINO_ACID_METABOLIC_PROCESS		31	-0.4300101	-1.2160962	0.16055046	0.5482993	1.0	3054	tags=32%, list=16%, signal=38%	
GOBP_POSITIVE_REGULATION_OF_MUSCLE_CELL_DIFFERENTIATION	GOBP_POSITIVE_REGULATION_OF_MUSCLE_CELL_DIFFERENTIATION		66	-0.36945128	-1.2160536	0.12339332	0.54750675	1.0	1496	tags=17%, list=8%, signal=18%	
GOBP_ENDOPLASMIC_RETICULUM_TO_GOLGI_VESICLE_MEDIATED_TRANSPORT	GOBP_ENDOPLASMIC_RETICULUM_TO_GOLGI_VESICLE_MEDIATED_TRANSPORT		131	-0.33158305	-1.2155211	0.078078076	0.54817206	1.0	5679	tags=44%, list=29%, signal=61%	
GOBP_POSITIVE_REGULATION_OF_ERAD_PATHWAY	GOBP_POSITIVE_REGULATION_OF_ERAD_PATHWAY		16	-0.51572067	-1.2146662	0.22894168	0.54969025	1.0	4305	tags=50%, list=22%, signal=64%	
GOBP_VESICLE_MEDIATED_TRANSPORT_TO_THE_PLASMA_MEMBRANE	GOBP_VESICLE_MEDIATED_TRANSPORT_TO_THE_PLASMA_MEMBRANE		141	-0.33580992	-1.2140834	0.083333336	0.55047464	1.0	3121	tags=21%, list=16%, signal=25%	
GOBP_REGULATION_OF_LYSOSOMAL_LUMEN_PH	GOBP_REGULATION_OF_LYSOSOMAL_LUMEN_PH		31	-0.42640722	-1.2140017	0.18568233	0.5498099	1.0	6132	tags=61%, list=32%, signal=89%	
GOBP_BRANCHING_MORPHOGENESIS_OF_AN_EPITHELIAL_TUBE	GOBP_BRANCHING_MORPHOGENESIS_OF_AN_EPITHELIAL_TUBE		153	-0.32504642	-1.213074	0.07615894	0.55167377	1.0	3979	tags=32%, list=20%, signal=40%	
GOBP_BENZENE_CONTAINING_COMPOUND_METABOLIC_PROCESS	GOBP_BENZENE_CONTAINING_COMPOUND_METABOLIC_PROCESS		26	-0.44448492	-1.212435	0.20588236	0.5526457	1.0	5039	tags=50%, list=26%, signal=67%	
GOBP_POSITIVE_REGULATION_OF_CELL_CYCLE_CHECKPOINT	GOBP_POSITIVE_REGULATION_OF_CELL_CYCLE_CHECKPOINT		18	-0.48922157	-1.212341	0.20386267	0.55201966	1.0	5663	tags=61%, list=29%, signal=86%	
GOCC_CHROMOSOMAL_REGION	GOCC_CHROMOSOMAL_REGION		355	-0.29558763	-1.212107	0.036082473	0.55180913	1.0	5361	tags=35%, list=28%, signal=48%	
GOCC_GOLGI_CIS_CISTERNA	GOCC_GOLGI_CIS_CISTERNA		16	-0.5128148	-1.2120136	0.23779193	0.5511939	1.0	5112	tags=44%, list=26%, signal=59%	
GOMF_LIPID_TRANSPORTER_ACTIVITY	GOMF_LIPID_TRANSPORTER_ACTIVITY		158	-0.3290872	-1.2117665	0.06557377	0.5510936	1.0	2769	tags=20%, list=14%, signal=23%	
GOMF_LIPOPROTEIN_PARTICLE_RECEPTOR_BINDING	GOMF_LIPOPROTEIN_PARTICLE_RECEPTOR_BINDING		28	-0.4510821	-1.2117383	0.17727272	0.5502963	1.0	2891	tags=25%, list=15%, signal=29%	
GOMF_HISTONE_BINDING	GOMF_HISTONE_BINDING		225	-0.312077	-1.2102178	0.05147059	0.5538422	1.0	4244	tags=30%, list=22%, signal=38%	
GOBP_METANEPHRIC_GLOMERULUS_DEVELOPMENT	GOBP_METANEPHRIC_GLOMERULUS_DEVELOPMENT		17	-0.49155253	-1.2102096	0.19574468	0.5529806	1.0	406	tags=18%, list=2%, signal=18%	
GOCC_NEURON_TO_NEURON_SYNAPSE	GOCC_NEURON_TO_NEURON_SYNAPSE		348	-0.2976697	-1.2101761	0.036697246	0.552192	1.0	3516	tags=21%, list=18%, signal=25%	
GOBP_PROTEIN_EXIT_FROM_ENDOPLASMIC_RETICULUM	GOBP_PROTEIN_EXIT_FROM_ENDOPLASMIC_RETICULUM		43	-0.4074019	-1.2097262	0.1635071	0.552727	1.0	6404	tags=60%, list=33%, signal=90%	
GOBP_REGULATION_OF_KETONE_BIOSYNTHETIC_PROCESS	GOBP_REGULATION_OF_KETONE_BIOSYNTHETIC_PROCESS		21	-0.46192878	-1.2095618	0.18820861	0.5522803	1.0	1458	tags=24%, list=8%, signal=26%	
GOBP_PROTEIN_LOCALIZATION_TO_MICROTUBULE_ORGANIZING_CENTER	GOBP_PROTEIN_LOCALIZATION_TO_MICROTUBULE_ORGANIZING_CENTER		36	-0.42581514	-1.2091677	0.19315404	0.5525646	1.0	3815	tags=33%, list=20%, signal=41%	
GOBP_LIPID_DROPLET_ORGANIZATION	GOBP_LIPID_DROPLET_ORGANIZATION		31	-0.43168458	-1.2088373	0.1764706	0.552616	1.0	2844	tags=32%, list=15%, signal=38%	
GOCC_PRESYNAPTIC_ACTIVE_ZONE_CYTOPLASMIC_COMPONENT	GOCC_PRESYNAPTIC_ACTIVE_ZONE_CYTOPLASMIC_COMPONENT		15	-0.52024	-1.2077098	0.21398304	0.5551076	1.0	2780	tags=33%, list=14%, signal=39%	
GOCC_CHROMOSOME_CENTROMERIC_REGION	GOCC_CHROMOSOME_CENTROMERIC_REGION		227	-0.3132009	-1.2075374	0.06995885	0.5547319	1.0	5246	tags=35%, list=27%, signal=47%	
GOMF_AMINO_ACID_TRANSMEMBRANE_TRANSPORTER_ACTIVITY	GOMF_AMINO_ACID_TRANSMEMBRANE_TRANSPORTER_ACTIVITY		96	-0.34481	-1.2074211	0.110192835	0.5542285	1.0	2116	tags=20%, list=11%, signal=22%	
GOCC_PERIKARYON	GOCC_PERIKARYON		145	-0.32514602	-1.2069759	0.08950617	0.55465233	1.0	4245	tags=30%, list=22%, signal=38%	
GOBP_GLYCOLIPID_BIOSYNTHETIC_PROCESS	GOBP_GLYCOLIPID_BIOSYNTHETIC_PROCESS		75	-0.36332372	-1.2065781	0.1468144	0.5549252	1.0	5517	tags=47%, list=28%, signal=65%	
GOBP_REGULATION_OF_ATTACHMENT_OF_SPINDLE_MICROTUBULES_TO_KINETOCHORE	GOBP_REGULATION_OF_ATTACHMENT_OF_SPINDLE_MICROTUBULES_TO_KINETOCHORE		22	-0.47296914	-1.2060124	0.208	0.55574226	1.0	2844	tags=36%, list=15%, signal=43%	
GOBP_NEGATIVE_REGULATION_OF_TELOMERE_MAINTENANCE_VIA_TELOMERE_LENGTHENING	GOBP_NEGATIVE_REGULATION_OF_TELOMERE_MAINTENANCE_VIA_TELOMERE_LENGTHENING		25	-0.4549758	-1.204841	0.2178899	0.5583533	1.0	5786	tags=60%, list=30%, signal=85%	
GOBP_INORGANIC_ANION_TRANSMEMBRANE_TRANSPORT	GOBP_INORGANIC_ANION_TRANSMEMBRANE_TRANSPORT		126	-0.3331166	-1.2047348	0.11411411	0.5577542	1.0	3337	tags=26%, list=17%, signal=31%	
GOBP_AMINO_ACID_METABOLIC_PROCESS	GOBP_AMINO_ACID_METABOLIC_PROCESS		265	-0.30010906	-1.2036873	0.033333335	0.5600293	1.0	3608	tags=33%, list=19%, signal=40%	
GOBP_EMBRYONIC_APPENDAGE_MORPHOGENESIS	GOBP_EMBRYONIC_APPENDAGE_MORPHOGENESIS		119	-0.3388456	-1.2029454	0.106583074	0.5612583	1.0	660	tags=14%, list=3%, signal=15%	
GOBP_POSITIVE_REGULATION_OF_POTASSIUM_ION_TRANSMEMBRANE_TRANSPORTER_ACTIVITY	GOBP_POSITIVE_REGULATION_OF_POTASSIUM_ION_TRANSMEMBRANE_TRANSPORTER_ACTIVITY		18	-0.48518234	-1.2028425	0.24845996	0.5606821	1.0	1820	tags=22%, list=9%, signal=24%	
GOBP_MAMMARY_GLAND_EPITHELIAL_CELL_DIFFERENTIATION	GOBP_MAMMARY_GLAND_EPITHELIAL_CELL_DIFFERENTIATION		17	-0.48893508	-1.2023709	0.22365591	0.5612346	1.0	3356	tags=35%, list=17%, signal=43%	
GOBP_PURINE_CONTAINING_COMPOUND_SALVAGE	GOBP_PURINE_CONTAINING_COMPOUND_SALVAGE		15	-0.49856007	-1.2021965	0.2107438	0.5608656	1.0	1579	tags=20%, list=8%, signal=22%	
GOBP_MESENCHYME_DEVELOPMENT	GOBP_MESENCHYME_DEVELOPMENT		304	-0.3036204	-1.2015623	0.039473683	0.56187826	1.0	1655	tags=19%, list=9%, signal=20%	
GOBP_LATERAL_MESODERM_DEVELOPMENT	GOBP_LATERAL_MESODERM_DEVELOPMENT		17	-0.4939877	-1.2013768	0.23076923	0.56154335	1.0	2266	tags=29%, list=12%, signal=33%	
GOBP_ALTERNATIVE_MRNA_SPLICING_VIA_SPLICEOSOME	GOBP_ALTERNATIVE_MRNA_SPLICING_VIA_SPLICEOSOME		70	-0.36000785	-1.200556	0.15561225	0.5630861	1.0	5357	tags=36%, list=28%, signal=49%	
GOMF_THIOLESTER_HYDROLASE_ACTIVITY	GOMF_THIOLESTER_HYDROLASE_ACTIVITY		41	-0.40620273	-1.2003835	0.20698254	0.56273526	1.0	3492	tags=22%, list=18%, signal=27%	
GOBP_PROTEASOME_MEDIATED_UBIQUITIN_DEPENDENT_PROTEIN_CATABOLIC_PROCESS	GOBP_PROTEASOME_MEDIATED_UBIQUITIN_DEPENDENT_PROTEIN_CATABOLIC_PROCESS		379	-0.2947064	-1.2003682	0.04950495	0.5618952	1.0	5868	tags=37%, list=30%, signal=53%	
GOMF_CIS_TRANS_ISOMERASE_ACTIVITY	GOMF_CIS_TRANS_ISOMERASE_ACTIVITY		40	-0.4138991	-1.2002404	0.17798595	0.5613632	1.0	4659	tags=35%, list=24%, signal=46%	
GOBP_PROTEIN_K63_LINKED_DEUBIQUITINATION	GOBP_PROTEIN_K63_LINKED_DEUBIQUITINATION		25	-0.44050893	-1.2002239	0.20627803	0.5605572	1.0	2207	tags=24%, list=11%, signal=27%	
GOBP_KINETOCHORE_ORGANIZATION	GOBP_KINETOCHORE_ORGANIZATION		20	-0.4789241	-1.1996523	0.22736841	0.5613061	1.0	7691	tags=60%, list=40%, signal=99%	
GOBP_MITOCHONDRIAL_CALCIUM_ION_TRANSMEMBRANE_TRANSPORT	GOBP_MITOCHONDRIAL_CALCIUM_ION_TRANSMEMBRANE_TRANSPORT		20	-0.4679937	-1.1994109	0.21973094	0.5611003	1.0	4884	tags=50%, list=25%, signal=67%	
GOBP_OLEFINIC_COMPOUND_METABOLIC_PROCESS	GOBP_OLEFINIC_COMPOUND_METABOLIC_PROCESS		159	-0.3221674	-1.1990863	0.08503401	0.5612308	1.0	2988	tags=25%, list=15%, signal=29%	
GOBP_REGULATION_OF_MEMBRANE_LIPID_METABOLIC_PROCESS	GOBP_REGULATION_OF_MEMBRANE_LIPID_METABOLIC_PROCESS		16	-0.49745125	-1.1975406	0.23828125	0.5649719	1.0	3492	tags=38%, list=18%, signal=46%	
GOBP_SPHINGOLIPID_METABOLIC_PROCESS	GOBP_SPHINGOLIPID_METABOLIC_PROCESS		159	-0.31739	-1.1974463	0.077181205	0.56441003	1.0	3903	tags=33%, list=20%, signal=41%	
GOBP_REGULATION_OF_EXTRINSIC_APOPTOTIC_SIGNALING_PATHWAY_IN_ABSENCE_OF_LIGAND	GOBP_REGULATION_OF_EXTRINSIC_APOPTOTIC_SIGNALING_PATHWAY_IN_ABSENCE_OF_LIGAND		43	-0.40513885	-1.1967938	0.19700748	0.5655209	1.0	1655	tags=16%, list=9%, signal=18%	
GOBP_REGULATION_OF_CHOLESTEROL_BIOSYNTHETIC_PROCESS	GOBP_REGULATION_OF_CHOLESTEROL_BIOSYNTHETIC_PROCESS		19	-0.4772347	-1.1958879	0.22698073	0.5672762	1.0	2434	tags=32%, list=13%, signal=36%	
GOMF_GENERAL_TRANSCRIPTION_INITIATION_FACTOR_ACTIVITY	GOMF_GENERAL_TRANSCRIPTION_INITIATION_FACTOR_ACTIVITY		52	-0.39058205	-1.1954969	0.1646778	0.56753165	1.0	5922	tags=50%, list=30%, signal=72%	
GOBP_INTERSTRAND_CROSS_LINK_REPAIR	GOBP_INTERSTRAND_CROSS_LINK_REPAIR		38	-0.40438092	-1.1951907	0.1882353	0.567532	1.0	4861	tags=47%, list=25%, signal=63%	
GOBP_CORONARY_VASCULATURE_MORPHOGENESIS	GOBP_CORONARY_VASCULATURE_MORPHOGENESIS		17	-0.48311222	-1.1950324	0.22874494	0.56715286	1.0	1552	tags=24%, list=8%, signal=26%	
GOMF_METHYLATION_DEPENDENT_PROTEIN_BINDING	GOMF_METHYLATION_DEPENDENT_PROTEIN_BINDING		76	-0.35877696	-1.1944337	0.14713897	0.5680775	1.0	4076	tags=32%, list=21%, signal=40%	
GOBP_STEROL_METABOLIC_PROCESS	GOBP_STEROL_METABOLIC_PROCESS		147	-0.32550007	-1.1944239	0.08490566	0.5672384	1.0	2788	tags=23%, list=14%, signal=27%	
GOBP_GLYCEROPHOSPHOLIPID_METABOLIC_PROCESS	GOBP_GLYCEROPHOSPHOLIPID_METABOLIC_PROCESS		285	-0.29854754	-1.1944138	0.02183406	0.5664034	1.0	3846	tags=28%, list=20%, signal=35%	
GOBP_BLOOD_VESSEL_REMODELING	GOBP_BLOOD_VESSEL_REMODELING		45	-0.3899934	-1.1941437	0.17326732	0.56636435	1.0	2812	tags=27%, list=14%, signal=31%	
GOBP_COENZYME_A_METABOLIC_PROCESS	GOBP_COENZYME_A_METABOLIC_PROCESS		17	-0.48628324	-1.1941329	0.23298968	0.56552863	1.0	3161	tags=29%, list=16%, signal=35%	
GOMF_TRNA_METHYLTRANSFERASE_ACTIVITY	GOMF_TRNA_METHYLTRANSFERASE_ACTIVITY		32	-0.42214337	-1.194094	0.19090909	0.5647967	1.0	5675	tags=47%, list=29%, signal=66%	
GOBP_NEGATIVE_REGULATION_OF_EPITHELIAL_CELL_DIFFERENTIATION	GOBP_NEGATIVE_REGULATION_OF_EPITHELIAL_CELL_DIFFERENTIATION		48	-0.3919117	-1.1940883	0.17010309	0.56396294	1.0	1882	tags=25%, list=10%, signal=28%	
GOBP_PROTEIN_PEPTIDYL_PROLYL_ISOMERIZATION	GOBP_PROTEIN_PEPTIDYL_PROLYL_ISOMERIZATION		19	-0.4875112	-1.1935692	0.24561404	0.5646394	1.0	3469	tags=37%, list=18%, signal=45%	
GOBP_PROTEIN_K6_LINKED_UBIQUITINATION	GOBP_PROTEIN_K6_LINKED_UBIQUITINATION		15	-0.50657046	-1.1929102	0.25366876	0.5657574	1.0	856	tags=20%, list=4%, signal=21%	
GOMF_ATPASE_COUPLED_ION_TRANSMEMBRANE_TRANSPORTER_ACTIVITY	GOMF_ATPASE_COUPLED_ION_TRANSMEMBRANE_TRANSPORTER_ACTIVITY		22	-0.46844956	-1.192357	0.22477064	0.56644773	1.0	5375	tags=55%, list=28%, signal=75%	
GOBP_REGULATION_OF_STEROID_METABOLIC_PROCESS	GOBP_REGULATION_OF_STEROID_METABOLIC_PROCESS		95	-0.34429547	-1.1923157	0.1436464	0.5657367	1.0	2738	tags=23%, list=14%, signal=27%	
GOBP_CALCIUM_ION_REGULATED_EXOCYTOSIS	GOBP_CALCIUM_ION_REGULATED_EXOCYTOSIS		65	-0.36520365	-1.1921911	0.15926893	0.56528133	1.0	1265	tags=17%, list=7%, signal=18%	
GOBP_ALANINE_TRANSPORT	GOBP_ALANINE_TRANSPORT		18	-0.4896481	-1.1918777	0.24353448	0.56543225	1.0	1461	tags=28%, list=8%, signal=30%	
GOBP_DNA_LIGATION	GOBP_DNA_LIGATION		16	-0.49512464	-1.1917459	0.24197002	0.56495035	1.0	5306	tags=44%, list=27%, signal=60%	
GOCC_CYTOPLASMIC_REGION	GOCC_CYTOPLASMIC_REGION		259	-0.3021904	-1.1916676	0.048672568	0.5643343	1.0	3794	tags=24%, list=20%, signal=30%	
GOBP_DNA_REPLICATION	GOBP_DNA_REPLICATION		263	-0.3032771	-1.1897936	0.07258064	0.5691508	1.0	5321	tags=35%, list=27%, signal=48%	
GOBP_REGULATION_OF_DOUBLE_STRAND_BREAK_REPAIR_VIA_HOMOLOGOUS_RECOMBINATION	GOBP_REGULATION_OF_DOUBLE_STRAND_BREAK_REPAIR_VIA_HOMOLOGOUS_RECOMBINATION		71	-0.36083937	-1.1893345	0.15584415	0.5697005	1.0	4604	tags=41%, list=24%, signal=53%	
GOBP_REGULATION_OF_GASTRULATION	GOBP_REGULATION_OF_GASTRULATION		15	-0.51007575	-1.1893172	0.27729258	0.56890965	1.0	2168	tags=20%, list=11%, signal=22%	
GOBP_PROTEIN_IMPORT_INTO_MITOCHONDRIAL_MATRIX	GOBP_PROTEIN_IMPORT_INTO_MITOCHONDRIAL_MATRIX		19	-0.46878856	-1.1892891	0.22244897	0.5681476	1.0	6716	tags=58%, list=35%, signal=88%	
GOMF_MONOATOMIC_ANION_CHANNEL_ACTIVITY	GOMF_MONOATOMIC_ANION_CHANNEL_ACTIVITY		94	-0.34861764	-1.1892227	0.12398922	0.5674949	1.0	2900	tags=23%, list=15%, signal=27%	
GOBP_MAMMARY_GLAND_EPITHELIUM_DEVELOPMENT	GOBP_MAMMARY_GLAND_EPITHELIUM_DEVELOPMENT		68	-0.36271206	-1.1891832	0.15	0.5667581	1.0	1050	tags=15%, list=5%, signal=15%	
GOBP_REGULATION_OF_SYNAPTIC_VESICLE_ENDOCYTOSIS	GOBP_REGULATION_OF_SYNAPTIC_VESICLE_ENDOCYTOSIS		18	-0.48072588	-1.1890035	0.22594142	0.5664667	1.0	904	tags=17%, list=5%, signal=17%	
GOBP_REGULATION_OF_CHOLESTEROL_METABOLIC_PROCESS	GOBP_REGULATION_OF_CHOLESTEROL_METABOLIC_PROCESS		35	-0.40757617	-1.1886855	0.2014742	0.5665065	1.0	2738	tags=31%, list=14%, signal=37%	
GOBP_RESPONSE_TO_ETHER	GOBP_RESPONSE_TO_ETHER		16	-0.49228165	-1.1880897	0.2494577	0.56743866	1.0	903	tags=19%, list=5%, signal=20%	
GOBP_SIGNAL_TRANSDUCTION_IN_ABSENCE_OF_LIGAND	GOBP_SIGNAL_TRANSDUCTION_IN_ABSENCE_OF_LIGAND		66	-0.36192426	-1.187813	0.16042781	0.56733453	1.0	2022	tags=17%, list=10%, signal=19%	
GOCC_NUCLEAR_SPECK	GOCC_NUCLEAR_SPECK		388	-0.29145077	-1.1870452	0.028436018	0.5687671	1.0	5634	tags=35%, list=29%, signal=48%	
GOMF_1_PHOSPHATIDYLINOSITOL_3_KINASE_REGULATOR_ACTIVITY	GOMF_1_PHOSPHATIDYLINOSITOL_3_KINASE_REGULATOR_ACTIVITY		15	-0.49750468	-1.1866944	0.2462845	0.56901044	1.0	4267	tags=33%, list=22%, signal=43%	
GOBP_PROTEIN_TARGETING_TO_MITOCHONDRION	GOBP_PROTEIN_TARGETING_TO_MITOCHONDRION		98	-0.34008193	-1.1865926	0.1450151	0.5684808	1.0	4292	tags=36%, list=22%, signal=46%	
GOCC_POSTSYNAPTIC_SPECIALIZATION_MEMBRANE	GOCC_POSTSYNAPTIC_SPECIALIZATION_MEMBRANE		126	-0.3237375	-1.186258	0.11728395	0.5686564	1.0	2455	tags=15%, list=13%, signal=17%	
GOBP_REGULATION_OF_DIGESTIVE_SYSTEM_PROCESS	GOBP_REGULATION_OF_DIGESTIVE_SYSTEM_PROCESS		40	-0.4025113	-1.1858882	0.19904077	0.5689685	1.0	1901	tags=23%, list=10%, signal=25%	
GOBP_POSITIVE_REGULATION_OF_MITOCHONDRIAL_TRANSLATION	GOBP_POSITIVE_REGULATION_OF_MITOCHONDRIAL_TRANSLATION		15	-0.50858104	-1.1857079	0.24439462	0.5686364	1.0	4222	tags=40%, list=22%, signal=51%	
GOMF_DNA_EXONUCLEASE_ACTIVITY	GOMF_DNA_EXONUCLEASE_ACTIVITY		24	-0.4438167	-1.1845006	0.24713959	0.5712875	1.0	5884	tags=50%, list=30%, signal=72%	
GOBP_NEUROTRANSMITTER_RECEPTOR_TRANSPORT_TO_PLASMA_MEMBRANE	GOBP_NEUROTRANSMITTER_RECEPTOR_TRANSPORT_TO_PLASMA_MEMBRANE		16	-0.48659056	-1.1842412	0.25107297	0.5711999	1.0	938	tags=19%, list=5%, signal=20%	
GOCC_AP_TYPE_MEMBRANE_COAT_ADAPTOR_COMPLEX	GOCC_AP_TYPE_MEMBRANE_COAT_ADAPTOR_COMPLEX		39	-0.41241932	-1.1839192	0.17553191	0.5713586	1.0	3298	tags=31%, list=17%, signal=37%	
GOBP_MRNA_SPLICE_SITE_RECOGNITION	GOBP_MRNA_SPLICE_SITE_RECOGNITION		32	-0.41546002	-1.1835351	0.17330211	0.5716868	1.0	4999	tags=41%, list=26%, signal=55%	
GOBP_PROTEIN_LOCALIZATION_TO_CHROMOSOME_TELOMERIC_REGION	GOBP_PROTEIN_LOCALIZATION_TO_CHROMOSOME_TELOMERIC_REGION		30	-0.4295657	-1.1830175	0.23245615	0.5724141	1.0	3880	tags=27%, list=20%, signal=33%	
GOMF_ACYLTRANSFERASE_ACTIVITY_TRANSFERRING_GROUPS_OTHER_THAN_AMINO_ACYL_GROUPS	GOMF_ACYLTRANSFERASE_ACTIVITY_TRANSFERRING_GROUPS_OTHER_THAN_AMINO_ACYL_GROUPS		209	-0.3045592	-1.1828221	0.07720588	0.5721349	1.0	4130	tags=27%, list=21%, signal=34%	
GOBP_CARDIAC_CONDUCTION_SYSTEM_DEVELOPMENT	GOBP_CARDIAC_CONDUCTION_SYSTEM_DEVELOPMENT		37	-0.40819776	-1.1826851	0.19861431	0.5717996	1.0	1552	tags=22%, list=8%, signal=23%	
GOBP_FEMALE_MEIOTIC_NUCLEAR_DIVISION	GOBP_FEMALE_MEIOTIC_NUCLEAR_DIVISION		31	-0.42224896	-1.1823703	0.21524663	0.5719246	1.0	4378	tags=45%, list=23%, signal=58%	
GOBP_EMBRYONIC_BRAIN_DEVELOPMENT	GOBP_EMBRYONIC_BRAIN_DEVELOPMENT		18	-0.47285196	-1.1823124	0.25465837	0.5712696	1.0	4618	tags=50%, list=24%, signal=66%	
GOBP_POST_GOLGI_VESICLE_MEDIATED_TRANSPORT	GOBP_POST_GOLGI_VESICLE_MEDIATED_TRANSPORT		106	-0.33543757	-1.1822275	0.16216215	0.5706971	1.0	3117	tags=25%, list=16%, signal=29%	
GOCC_RNAI_EFFECTOR_COMPLEX	GOCC_RNAI_EFFECTOR_COMPLEX		17	-0.4811739	-1.1812574	0.27027026	0.57274556	1.0	2605	tags=29%, list=13%, signal=34%	
GOCC_POSTSYNAPTIC_SPECIALIZATION	GOCC_POSTSYNAPTIC_SPECIALIZATION		334	-0.2933387	-1.1804168	0.025906736	0.57438546	1.0	3516	tags=20%, list=18%, signal=24%	
GOBP_REGULATION_OF_UBIQUITIN_PROTEIN_TRANSFERASE_ACTIVITY	GOBP_REGULATION_OF_UBIQUITIN_PROTEIN_TRANSFERASE_ACTIVITY		37	-0.40274146	-1.1794434	0.22347629	0.5765496	1.0	3874	tags=27%, list=20%, signal=34%	
GOBP_CYTOSKELETON_DEPENDENT_CYTOKINESIS	GOBP_CYTOSKELETON_DEPENDENT_CYTOKINESIS		101	-0.34335926	-1.1782433	0.13314448	0.57919866	1.0	5308	tags=34%, list=27%, signal=46%	
GOBP_NEGATIVE_REGULATION_OF_INTRACELLULAR_STEROID_HORMONE_RECEPTOR_SIGNALING_PATHWAY	GOBP_NEGATIVE_REGULATION_OF_INTRACELLULAR_STEROID_HORMONE_RECEPTOR_SIGNALING_PATHWAY		35	-0.40752512	-1.1773473	0.22222222	0.58109355	1.0	1513	tags=23%, list=8%, signal=25%	
GOBP_TRANSLESION_SYNTHESIS	GOBP_TRANSLESION_SYNTHESIS		25	-0.44945097	-1.1773095	0.22687225	0.5803698	1.0	6918	tags=68%, list=36%, signal=105%	
GOBP_SEMAPHORIN_PLEXIN_SIGNALING_PATHWAY	GOBP_SEMAPHORIN_PLEXIN_SIGNALING_PATHWAY		46	-0.38639402	-1.176569	0.19424461	0.58168	1.0	2873	tags=28%, list=15%, signal=33%	
GOBP_STEROID_CATABOLIC_PROCESS	GOBP_STEROID_CATABOLIC_PROCESS		25	-0.43563136	-1.1762134	0.23555556	0.5818867	1.0	409	tags=16%, list=2%, signal=16%	
GOBP_NEGATIVE_REGULATION_OF_STRIATED_MUSCLE_CELL_APOPTOTIC_PROCESS	GOBP_NEGATIVE_REGULATION_OF_STRIATED_MUSCLE_CELL_APOPTOTIC_PROCESS		26	-0.4375942	-1.1761054	0.24660634	0.5813899	1.0	1552	tags=19%, list=8%, signal=21%	
GOMF_INORGANIC_ANION_TRANSMEMBRANE_TRANSPORTER_ACTIVITY	GOMF_INORGANIC_ANION_TRANSMEMBRANE_TRANSPORTER_ACTIVITY		151	-0.31420797	-1.1748532	0.08695652	0.58435154	1.0	3427	tags=26%, list=18%, signal=32%	
GOBP_STEROID_HORMONE_BIOSYNTHETIC_PROCESS	GOBP_STEROID_HORMONE_BIOSYNTHETIC_PROCESS		44	-0.38941026	-1.1746205	0.20763724	0.5842169	1.0	1740	tags=25%, list=9%, signal=27%	
GOBP_PROGRAMMED_CELL_DEATH_INVOLVED_IN_CELL_DEVELOPMENT	GOBP_PROGRAMMED_CELL_DEATH_INVOLVED_IN_CELL_DEVELOPMENT		24	-0.4469971	-1.1741618	0.24770643	0.58475286	1.0	1782	tags=29%, list=9%, signal=32%	
GOBP_PIRNA_PROCESSING	GOBP_PIRNA_PROCESSING		19	-0.47842598	-1.1736392	0.2549889	0.5854489	1.0	291	tags=11%, list=1%, signal=11%	
GOMF_CATALYTIC_ACTIVITY_ACTING_ON_DNA	GOMF_CATALYTIC_ACTIVITY_ACTING_ON_DNA		231	-0.3023206	-1.1735158	0.08139535	0.5850122	1.0	5395	tags=36%, list=28%, signal=50%	
GOBP_SECRETION_BY_TISSUE	GOBP_SECRETION_BY_TISSUE		47	-0.38052893	-1.1734022	0.20232558	0.58451766	1.0	3267	tags=28%, list=17%, signal=33%	
GOBP_EMBRYONIC_EYE_MORPHOGENESIS	GOBP_EMBRYONIC_EYE_MORPHOGENESIS		35	-0.40799123	-1.1733804	0.22409639	0.58376324	1.0	903	tags=20%, list=5%, signal=21%	
GOBP_FATTY_ACID_CATABOLIC_PROCESS	GOBP_FATTY_ACID_CATABOLIC_PROCESS		100	-0.33622953	-1.1713066	0.1452514	0.58927166	1.0	3286	tags=25%, list=17%, signal=30%	
GOCC_PCG_PROTEIN_COMPLEX	GOCC_PCG_PROTEIN_COMPLEX		47	-0.3838897	-1.1690525	0.20698254	0.59534085	1.0	6183	tags=45%, list=32%, signal=65%	
GOMF_SMALL_MOLECULE_SENSOR_ACTIVITY	GOMF_SMALL_MOLECULE_SENSOR_ACTIVITY		44	-0.38691363	-1.1688122	0.20608899	0.59524703	1.0	4378	tags=32%, list=23%, signal=41%	
GOBP_POSITIVE_REGULATION_OF_TELOMERE_MAINTENANCE	GOBP_POSITIVE_REGULATION_OF_TELOMERE_MAINTENANCE		70	-0.35135692	-1.1680231	0.16842106	0.5968856	1.0	3880	tags=30%, list=20%, signal=37%	
GOBP_MESENCHYMAL_CELL_MIGRATION	GOBP_MESENCHYMAL_CELL_MIGRATION		60	-0.3630906	-1.1668129	0.17962466	0.59961414	1.0	1038	tags=20%, list=5%, signal=21%	
GOBP_RETINOL_METABOLIC_PROCESS	GOBP_RETINOL_METABOLIC_PROCESS		52	-0.37248296	-1.1667535	0.18858561	0.5989662	1.0	667	tags=12%, list=3%, signal=12%	
GOBP_KINETOCHORE_ASSEMBLY	GOBP_KINETOCHORE_ASSEMBLY		16	-0.5017345	-1.1665869	0.2631579	0.5986695	1.0	7691	tags=69%, list=40%, signal=114%	
GOCC_AUTOPHAGOSOME	GOCC_AUTOPHAGOSOME		108	-0.33440003	-1.166581	0.16190477	0.59785306	1.0	4402	tags=37%, list=23%, signal=48%	
GOBP_DNA_INTEGRITY_CHECKPOINT_SIGNALING	GOBP_DNA_INTEGRITY_CHECKPOINT_SIGNALING		126	-0.31987402	-1.1663638	0.13293052	0.5976984	1.0	5669	tags=40%, list=29%, signal=56%	
GOBP_ANTIVIRAL_INNATE_IMMUNE_RESPONSE	GOBP_ANTIVIRAL_INNATE_IMMUNE_RESPONSE		50	-0.3771735	-1.1663575	0.17874396	0.5968827	1.0	5364	tags=48%, list=28%, signal=66%	
GOBP_PHOSPHATIDYLINOSITOL_PHOSPHATE_BIOSYNTHETIC_PROCESS	GOBP_PHOSPHATIDYLINOSITOL_PHOSPHATE_BIOSYNTHETIC_PROCESS		61	-0.36368507	-1.1658014	0.19618529	0.5977623	1.0	4540	tags=41%, list=23%, signal=53%	
GOBP_REGULATION_OF_ALTERNATIVE_MRNA_SPLICING_VIA_SPLICEOSOME	GOBP_REGULATION_OF_ALTERNATIVE_MRNA_SPLICING_VIA_SPLICEOSOME		52	-0.37082294	-1.1632478	0.19612591	0.60462403	1.0	5357	tags=40%, list=28%, signal=56%	
GOMF_SNORNA_BINDING	GOMF_SNORNA_BINDING		30	-0.42446807	-1.1632372	0.26339287	0.6038268	1.0	7692	tags=70%, list=40%, signal=116%	
GOBP_ESTABLISHMENT_OF_PROTEIN_LOCALIZATION_TO_PLASMA_MEMBRANE	GOBP_ESTABLISHMENT_OF_PROTEIN_LOCALIZATION_TO_PLASMA_MEMBRANE		62	-0.3561584	-1.1630682	0.19633508	0.60351396	1.0	1207	tags=13%, list=6%, signal=14%	
GOMF_RNA_POLYMERASE_BINDING	GOMF_RNA_POLYMERASE_BINDING		54	-0.3619516	-1.1627448	0.19210526	0.6037487	1.0	4192	tags=33%, list=22%, signal=42%	
GOBP_VESICLE_LOCALIZATION	GOBP_VESICLE_LOCALIZATION		210	-0.30185205	-1.1625807	0.101123594	0.6034278	1.0	2931	tags=21%, list=15%, signal=25%	
GOBP_PERIPHERAL_NERVOUS_SYSTEM_NEURON_DIFFERENTIATION	GOBP_PERIPHERAL_NERVOUS_SYSTEM_NEURON_DIFFERENTIATION		15	-0.48194176	-1.1625779	0.28958333	0.6026082	1.0	894	tags=13%, list=5%, signal=14%	
GOCC_ATPASE_COMPLEX	GOCC_ATPASE_COMPLEX		117	-0.32132477	-1.1624668	0.14754099	0.60215396	1.0	5991	tags=42%, list=31%, signal=60%	
GOMF_ATPASE_BINDING	GOMF_ATPASE_BINDING		79	-0.34666842	-1.1624407	0.16011237	0.6014019	1.0	4974	tags=35%, list=26%, signal=47%	
GOBP_LUNG_ALVEOLUS_DEVELOPMENT	GOBP_LUNG_ALVEOLUS_DEVELOPMENT		52	-0.37497717	-1.1621245	0.19786096	0.60149753	1.0	1885	tags=23%, list=10%, signal=25%	
GOMF_PRIMARY_ACTIVE_TRANSMEMBRANE_TRANSPORTER_ACTIVITY	GOMF_PRIMARY_ACTIVE_TRANSMEMBRANE_TRANSPORTER_ACTIVITY		143	-0.31910923	-1.1613414	0.124223605	0.6030161	1.0	6063	tags=47%, list=31%, signal=68%	
GOCC_CELL_CORTEX_REGION	GOCC_CELL_CORTEX_REGION		33	-0.40842965	-1.1608427	0.22146119	0.60366297	1.0	6408	tags=55%, list=33%, signal=81%	
GOBP_REGULATION_OF_PROTEASOMAL_UBIQUITIN_DEPENDENT_PROTEIN_CATABOLIC_PROCESS	GOBP_REGULATION_OF_PROTEASOMAL_UBIQUITIN_DEPENDENT_PROTEIN_CATABOLIC_PROCESS		119	-0.31977364	-1.1605778	0.12386707	0.6036639	1.0	5633	tags=39%, list=29%, signal=55%	
GOMF_RNA_POLYMERASE_ACTIVITY	GOMF_RNA_POLYMERASE_ACTIVITY		28	-0.42758036	-1.1605489	0.24703088	0.6029298	1.0	5828	tags=46%, list=30%, signal=66%	
GOMF_SULFURIC_ESTER_HYDROLASE_ACTIVITY	GOMF_SULFURIC_ESTER_HYDROLASE_ACTIVITY		16	-0.47249898	-1.1604824	0.27865168	0.60230243	1.0	2755	tags=38%, list=14%, signal=44%	
GOBP_REGULATION_OF_ESTABLISHMENT_OF_PROTEIN_LOCALIZATION_TO_MITOCHONDRION	GOBP_REGULATION_OF_ESTABLISHMENT_OF_PROTEIN_LOCALIZATION_TO_MITOCHONDRION		43	-0.38484266	-1.1603117	0.2244898	0.601981	1.0	4292	tags=40%, list=22%, signal=51%	
GOBP_VESICLE_FUSION_TO_PLASMA_MEMBRANE	GOBP_VESICLE_FUSION_TO_PLASMA_MEMBRANE		23	-0.44515586	-1.1598073	0.25225225	0.6027002	1.0	4579	tags=39%, list=24%, signal=51%	
GOMF_ORGANIC_CATION_TRANSMEMBRANE_TRANSPORTER_ACTIVITY	GOMF_ORGANIC_CATION_TRANSMEMBRANE_TRANSPORTER_ACTIVITY		77	-0.346309	-1.1592662	0.1780822	0.60350096	1.0	1686	tags=22%, list=9%, signal=24%	
GOBP_GLYCEROLIPID_METABOLIC_PROCESS	GOBP_GLYCEROLIPID_METABOLIC_PROCESS		370	-0.28549922	-1.158808	0.046875	0.6041245	1.0	3846	tags=27%, list=20%, signal=33%	
GOBP_PYRIMIDINE_RIBONUCLEOSIDE_TRIPHOSPHATE_METABOLIC_PROCESS	GOBP_PYRIMIDINE_RIBONUCLEOSIDE_TRIPHOSPHATE_METABOLIC_PROCESS		17	-0.47500375	-1.158627	0.2665198	0.6038695	1.0	5562	tags=59%, list=29%, signal=82%	
GOBP_SUPPRESSION_OF_VIRAL_RELEASE_BY_HOST	GOBP_SUPPRESSION_OF_VIRAL_RELEASE_BY_HOST		15	-0.48193303	-1.1585996	0.25099602	0.60314566	1.0	4661	tags=47%, list=24%, signal=61%	
GOBP_PYRIMIDINE_NUCLEOSIDE_TRIPHOSPHATE_METABOLIC_PROCESS	GOBP_PYRIMIDINE_NUCLEOSIDE_TRIPHOSPHATE_METABOLIC_PROCESS		23	-0.4399669	-1.1584557	0.25	0.60278606	1.0	5562	tags=52%, list=29%, signal=73%	
GOBP_INORGANIC_ANION_TRANSPORT	GOBP_INORGANIC_ANION_TRANSPORT		166	-0.30493313	-1.1574225	0.09246575	0.6050771	1.0	3427	tags=25%, list=18%, signal=30%	
GOBP_RENAL_SYSTEM_DEVELOPMENT	GOBP_RENAL_SYSTEM_DEVELOPMENT		324	-0.2859725	-1.1568297	0.04950495	0.6060183	1.0	1469	tags=16%, list=8%, signal=17%	
GOCC_PRESPLICEOSOME	GOCC_PRESPLICEOSOME		16	-0.48213282	-1.1564369	0.28318584	0.6064197	1.0	4548	tags=44%, list=23%, signal=57%	
GOBP_MITOTIC_CYTOKINESIS	GOBP_MITOTIC_CYTOKINESIS		87	-0.33783403	-1.1562176	0.1890411	0.6062656	1.0	6526	tags=44%, list=34%, signal=65%	
GOCC_TRAPP_COMPLEX	GOCC_TRAPP_COMPLEX		15	-0.49204087	-1.1560234	0.30526316	0.6060873	1.0	5360	tags=60%, list=28%, signal=83%	
GOBP_RESPONSE_TO_FOOD	GOBP_RESPONSE_TO_FOOD		38	-0.39734787	-1.1559159	0.19672132	0.6055997	1.0	2577	tags=29%, list=13%, signal=33%	
GOBP_REGULATION_OF_SISTER_CHROMATID_SEGREGATION	GOBP_REGULATION_OF_SISTER_CHROMATID_SEGREGATION		102	-0.32119492	-1.155676	0.16056338	0.60552573	1.0	5919	tags=37%, list=30%, signal=53%	
GOCC_TRIGLYCERIDE_RICH_PLASMA_LIPOPROTEIN_PARTICLE	GOCC_TRIGLYCERIDE_RICH_PLASMA_LIPOPROTEIN_PARTICLE		19	-0.46224356	-1.1556609	0.2546973	0.6047796	1.0	1145	tags=21%, list=6%, signal=22%	
GOBP_NEGATIVE_REGULATION_OF_PROTEIN_LOCALIZATION_TO_CELL_PERIPHERY	GOBP_NEGATIVE_REGULATION_OF_PROTEIN_LOCALIZATION_TO_CELL_PERIPHERY		30	-0.41137972	-1.1556567	0.24145299	0.6039896	1.0	4242	tags=37%, list=22%, signal=47%	
GOCC_EXON_EXON_JUNCTION_COMPLEX	GOCC_EXON_EXON_JUNCTION_COMPLEX		20	-0.4526364	-1.1554258	0.27066115	0.60391575	1.0	3688	tags=35%, list=19%, signal=43%	
GOMF_SINGLE_STRANDED_DNA_BINDING	GOMF_SINGLE_STRANDED_DNA_BINDING		110	-0.32472357	-1.1553322	0.14402173	0.60338104	1.0	4869	tags=35%, list=25%, signal=46%	
GOBP_VIRAL_TRANSLATION	GOBP_VIRAL_TRANSLATION		18	-0.46613663	-1.15488	0.2462845	0.60394716	1.0	4183	tags=39%, list=22%, signal=50%	
GOBP_POSITIVE_REGULATION_OF_TELOMERE_CAPPING	GOBP_POSITIVE_REGULATION_OF_TELOMERE_CAPPING		17	-0.46503353	-1.1548322	0.25894737	0.6032894	1.0	2073	tags=41%, list=11%, signal=46%	
GOBP_REGULATION_OF_UBIQUITIN_DEPENDENT_PROTEIN_CATABOLIC_PROCESS	GOBP_REGULATION_OF_UBIQUITIN_DEPENDENT_PROTEIN_CATABOLIC_PROCESS		158	-0.3090327	-1.1544822	0.12662338	0.6035038	1.0	4916	tags=34%, list=25%, signal=45%	
GOMF_CALCIUM_ION_TRANSMEMBRANE_TRANSPORTER_ACTIVITY	GOMF_CALCIUM_ION_TRANSMEMBRANE_TRANSPORTER_ACTIVITY		138	-0.3137086	-1.1533397	0.11801242	0.6061361	1.0	834	tags=9%, list=4%, signal=10%	
GOBP_MODULATION_BY_HOST_OF_VIRAL_PROCESS	GOBP_MODULATION_BY_HOST_OF_VIRAL_PROCESS		45	-0.37741065	-1.1531371	0.23979592	0.6059102	1.0	4259	tags=36%, list=22%, signal=45%	
GOBP_SULFATION	GOBP_SULFATION		20	-0.453204	-1.1528769	0.23542117	0.6059079	1.0	2504	tags=30%, list=13%, signal=34%	
GOBP_POSITIVE_REGULATION_OF_DNA_REPAIR	GOBP_POSITIVE_REGULATION_OF_DNA_REPAIR		124	-0.3180446	-1.152506	0.16037735	0.6062345	1.0	5991	tags=40%, list=31%, signal=57%	
GOBP_METHIONINE_METABOLIC_PROCESS	GOBP_METHIONINE_METABOLIC_PROCESS		15	-0.48964262	-1.1524664	0.2811159	0.6055487	1.0	3054	tags=27%, list=16%, signal=32%	
GOBP_MAMMARY_GLAND_DUCT_MORPHOGENESIS	GOBP_MAMMARY_GLAND_DUCT_MORPHOGENESIS		31	-0.41819012	-1.1523986	0.23004694	0.6049619	1.0	1655	tags=16%, list=9%, signal=18%	
GOBP_REGULATION_OF_AMYLOID_FIBRIL_FORMATION	GOBP_REGULATION_OF_AMYLOID_FIBRIL_FORMATION		16	-0.48391774	-1.151303	0.28077754	0.6074168	1.0	6298	tags=63%, list=32%, signal=92%	
GOBP_VIRAL_PROTEIN_PROCESSING	GOBP_VIRAL_PROTEIN_PROCESSING		31	-0.41156435	-1.1510868	0.26046512	0.6072998	1.0	4167	tags=42%, list=21%, signal=53%	
GOBP_PROTEIN_LOCALIZATION_TO_MITOCHONDRION	GOBP_PROTEIN_LOCALIZATION_TO_MITOCHONDRION		118	-0.31573963	-1.1508542	0.1559633	0.6072341	1.0	4292	tags=32%, list=22%, signal=41%	
GOBP_POSITIVE_REGULATION_OF_RESPONSE_TO_WOUNDING	GOBP_POSITIVE_REGULATION_OF_RESPONSE_TO_WOUNDING		71	-0.34981823	-1.150408	0.22727273	0.6077427	1.0	1688	tags=21%, list=9%, signal=23%	
GOBP_MALE_SEX_DIFFERENTIATION	GOBP_MALE_SEX_DIFFERENTIATION		168	-0.30840456	-1.1503934	0.115523465	0.6070038	1.0	2988	tags=23%, list=15%, signal=27%	
GOBP_ATP_SYNTHESIS_COUPLED_ELECTRON_TRANSPORT	GOBP_ATP_SYNTHESIS_COUPLED_ELECTRON_TRANSPORT		76	-0.34670883	-1.1502976	0.19836956	0.6065064	1.0	6698	tags=55%, list=34%, signal=84%	
GOBP_DNA_TEMPLATED_TRANSCRIPTION_INITIATION	GOBP_DNA_TEMPLATED_TRANSCRIPTION_INITIATION		182	-0.30300614	-1.1488094	0.13468014	0.61017597	1.0	5207	tags=40%, list=27%, signal=54%	
GOBP_NEGATIVE_REGULATION_OF_EXTRINSIC_APOPTOTIC_SIGNALING_PATHWAY	GOBP_NEGATIVE_REGULATION_OF_EXTRINSIC_APOPTOTIC_SIGNALING_PATHWAY		93	-0.32716388	-1.1487197	0.16147308	0.60967475	1.0	1729	tags=17%, list=9%, signal=19%	
GOMF_ATP_DEPENDENT_DNA_DAMAGE_SENSOR_ACTIVITY	GOMF_ATP_DEPENDENT_DNA_DAMAGE_SENSOR_ACTIVITY		16	-0.48142135	-1.1486436	0.3043478	0.60908663	1.0	5743	tags=50%, list=30%, signal=71%	
GOBP_RESPIRATORY_CHAIN_COMPLEX_IV_ASSEMBLY	GOBP_RESPIRATORY_CHAIN_COMPLEX_IV_ASSEMBLY		21	-0.44444808	-1.1484307	0.2657952	0.6089451	1.0	5335	tags=57%, list=27%, signal=79%	
GOMF_GTP_DEPENDENT_PROTEIN_BINDING	GOMF_GTP_DEPENDENT_PROTEIN_BINDING		19	-0.45736277	-1.1482708	0.29589632	0.6086554	1.0	1551	tags=21%, list=8%, signal=23%	
GOBP_POSTREPLICATION_REPAIR	GOBP_POSTREPLICATION_REPAIR		35	-0.40123278	-1.147986	0.24418604	0.6087478	1.0	4399	tags=34%, list=23%, signal=44%	
GOBP_CHROMOSOME_LOCALIZATION	GOBP_CHROMOSOME_LOCALIZATION		116	-0.31881547	-1.1477927	0.1433121	0.60854226	1.0	3945	tags=28%, list=20%, signal=34%	
GOBP_MESONEPHROS_DEVELOPMENT	GOBP_MESONEPHROS_DEVELOPMENT		102	-0.32261094	-1.1474565	0.19277108	0.60875666	1.0	1067	tags=16%, list=5%, signal=17%	
GOBP_MITOCHONDRION_ORGANIZATION	GOBP_MITOCHONDRION_ORGANIZATION		457	-0.2783081	-1.1471537	0.05	0.6089343	1.0	5082	tags=37%, list=26%, signal=48%	
GOBP_PROTEIN_N_LINKED_GLYCOSYLATION_VIA_ASPARAGINE	GOBP_PROTEIN_N_LINKED_GLYCOSYLATION_VIA_ASPARAGINE		23	-0.4394322	-1.1470307	0.26973686	0.6084854	1.0	5742	tags=48%, list=30%, signal=68%	
GOBP_PROTEIN_O_LINKED_GLYCOSYLATION	GOBP_PROTEIN_O_LINKED_GLYCOSYLATION		92	-0.3319965	-1.1468413	0.19505495	0.6082898	1.0	2082	tags=18%, list=11%, signal=21%	
GOBP_REGULATION_OF_PROTEOLYSIS_INVOLVED_IN_PROTEIN_CATABOLIC_PROCESS	GOBP_REGULATION_OF_PROTEOLYSIS_INVOLVED_IN_PROTEIN_CATABOLIC_PROCESS		213	-0.29679197	-1.1466843	0.101123594	0.6079625	1.0	4919	tags=34%, list=25%, signal=45%	
GOBP_REGULATION_OF_STEROID_BIOSYNTHETIC_PROCESS	GOBP_REGULATION_OF_STEROID_BIOSYNTHETIC_PROCESS		73	-0.3436729	-1.1461166	0.17402597	0.6088681	1.0	1650	tags=18%, list=8%, signal=19%	
GOBP_NEGATIVE_REGULATION_OF_DNA_RECOMBINATION	GOBP_NEGATIVE_REGULATION_OF_DNA_RECOMBINATION		35	-0.39821425	-1.1457977	0.25603864	0.60908556	1.0	4426	tags=46%, list=23%, signal=59%	
GOBP_VENTRICULAR_SEPTUM_DEVELOPMENT	GOBP_VENTRICULAR_SEPTUM_DEVELOPMENT		70	-0.34389198	-1.1452127	0.22307692	0.6100784	1.0	1261	tags=19%, list=6%, signal=20%	
GOBP_CARDIAC_CHAMBER_DEVELOPMENT	GOBP_CARDIAC_CHAMBER_DEVELOPMENT		163	-0.3042659	-1.1450137	0.13245033	0.6098591	1.0	1669	tags=18%, list=9%, signal=19%	
GOBP_SENSORY_PERCEPTION_OF_LIGHT_STIMULUS	GOBP_SENSORY_PERCEPTION_OF_LIGHT_STIMULUS		215	-0.29158425	-1.1450124	0.11065574	0.6090842	1.0	2900	tags=16%, list=15%, signal=18%	
GOBP_REGULATION_OF_CELL_CYCLE_CHECKPOINT	GOBP_REGULATION_OF_CELL_CYCLE_CHECKPOINT		43	-0.3788742	-1.1447798	0.23809524	0.608995	1.0	5919	tags=47%, list=30%, signal=67%	
GOBP_REGULATION_OF_TELOMERE_MAINTENANCE	GOBP_REGULATION_OF_TELOMERE_MAINTENANCE		101	-0.3294897	-1.1442105	0.17403315	0.6099454	1.0	5786	tags=42%, list=30%, signal=59%	
GOBP_PHOSPHOLIPID_HOMEOSTASIS	GOBP_PHOSPHOLIPID_HOMEOSTASIS		17	-0.46400076	-1.1436995	0.30232558	0.6106984	1.0	606	tags=24%, list=3%, signal=24%	
GOCC_SMALL_SUBUNIT_PROCESSOME	GOCC_SMALL_SUBUNIT_PROCESSOME		69	-0.3474321	-1.1433735	0.22597402	0.610907	1.0	6593	tags=43%, list=34%, signal=66%	
GOBP_ACIDIC_AMINO_ACID_TRANSPORT	GOBP_ACIDIC_AMINO_ACID_TRANSPORT		65	-0.34776127	-1.143051	0.2133995	0.6111091	1.0	1749	tags=17%, list=9%, signal=19%	
GOBP_REGULATION_OF_CARDIAC_MUSCLE_CELL_DIFFERENTIATION	GOBP_REGULATION_OF_CARDIAC_MUSCLE_CELL_DIFFERENTIATION		16	-0.4807332	-1.1429869	0.29359823	0.6105168	1.0	649	tags=19%, list=3%, signal=19%	
GOBP_MITOTIC_CELL_CYCLE_CHECKPOINT_SIGNALING	GOBP_MITOTIC_CELL_CYCLE_CHECKPOINT_SIGNALING		135	-0.31263697	-1.1427413	0.15028901	0.6104483	1.0	5663	tags=41%, list=29%, signal=57%	
GOBP_EAR_DEVELOPMENT	GOBP_EAR_DEVELOPMENT		217	-0.29248214	-1.1423887	0.1380597	0.6107166	1.0	2002	tags=17%, list=10%, signal=18%	
GOBP_REGULATION_OF_CARDIOCYTE_DIFFERENTIATION	GOBP_REGULATION_OF_CARDIOCYTE_DIFFERENTIATION		25	-0.41707927	-1.1420323	0.2682927	0.6110894	1.0	1552	tags=24%, list=8%, signal=26%	
GOBP_FOREBRAIN_NEURON_DEVELOPMENT	GOBP_FOREBRAIN_NEURON_DEVELOPMENT		23	-0.44304028	-1.1420178	0.26067415	0.610371	1.0	2159	tags=22%, list=11%, signal=24%	
GOBP_POSITIVE_REGULATION_OF_NEUROTRANSMITTER_SECRETION	GOBP_POSITIVE_REGULATION_OF_NEUROTRANSMITTER_SECRETION		18	-0.46463424	-1.1414691	0.30368763	0.61126715	1.0	2552	tags=33%, list=13%, signal=38%	
GOBP_SENSORY_ORGAN_MORPHOGENESIS	GOBP_SENSORY_ORGAN_MORPHOGENESIS		273	-0.28598088	-1.1413116	0.11158799	0.61097723	1.0	2708	tags=21%, list=14%, signal=24%	
GOBP_NEURAL_RETINA_DEVELOPMENT	GOBP_NEURAL_RETINA_DEVELOPMENT		80	-0.33983463	-1.1409564	0.1961326	0.6113174	1.0	4304	tags=33%, list=22%, signal=42%	
GOBP_STEROL_TRANSPORT	GOBP_STEROL_TRANSPORT		106	-0.32204878	-1.1408033	0.18644068	0.610968	1.0	1959	tags=20%, list=10%, signal=22%	
GOMF_CATALYTIC_ACTIVITY_ACTING_ON_A_RRNA	GOMF_CATALYTIC_ACTIVITY_ACTING_ON_A_RRNA		19	-0.45573288	-1.1406354	0.28540772	0.6107516	1.0	6356	tags=68%, list=33%, signal=102%	
GOCC_INHIBITORY_SYNAPSE	GOCC_INHIBITORY_SYNAPSE		15	-0.47833312	-1.1406093	0.29867256	0.6100872	1.0	5204	tags=40%, list=27%, signal=55%	
GOBP_REGULATION_OF_LIPOPROTEIN_PARTICLE_CLEARANCE	GOBP_REGULATION_OF_LIPOPROTEIN_PARTICLE_CLEARANCE		21	-0.4418583	-1.1395503	0.25477707	0.6124586	1.0	1685	tags=24%, list=9%, signal=26%	
GOCC_POLE_PLASM	GOCC_POLE_PLASM		25	-0.42959407	-1.1393191	0.284689	0.61242616	1.0	3206	tags=24%, list=17%, signal=29%	
GOBP_ENDODERMAL_CELL_FATE_COMMITMENT	GOBP_ENDODERMAL_CELL_FATE_COMMITMENT		15	-0.4832437	-1.1391615	0.3224401	0.6120923	1.0	2549	tags=27%, list=13%, signal=31%	
GOMF_PROTEIN_FOLDING_CHAPERONE_BINDING	GOMF_PROTEIN_FOLDING_CHAPERONE_BINDING		126	-0.3107104	-1.1391029	0.15197569	0.61149025	1.0	3505	tags=25%, list=18%, signal=31%	
GOCC_PIGMENT_GRANULE	GOCC_PIGMENT_GRANULE		111	-0.32217735	-1.1390796	0.16119403	0.6108156	1.0	4382	tags=31%, list=23%, signal=39%	
GOMF_FLAVIN_ADENINE_DINUCLEOTIDE_BINDING	GOMF_FLAVIN_ADENINE_DINUCLEOTIDE_BINDING		85	-0.33424747	-1.1389827	0.18258427	0.61032015	1.0	2330	tags=28%, list=12%, signal=32%	
GOBP_REGULATION_OF_DNA_TEMPLATED_DNA_REPLICATION	GOBP_REGULATION_OF_DNA_TEMPLATED_DNA_REPLICATION		46	-0.37318736	-1.1388849	0.2685422	0.609875	1.0	2528	tags=26%, list=13%, signal=30%	
GOBP_CYTOCHROME_COMPLEX_ASSEMBLY	GOBP_CYTOCHROME_COMPLEX_ASSEMBLY		30	-0.40959847	-1.1387306	0.25179857	0.6095755	1.0	5507	tags=53%, list=28%, signal=74%	
GOBP_GLUCOCORTICOID_BIOSYNTHETIC_PROCESS	GOBP_GLUCOCORTICOID_BIOSYNTHETIC_PROCESS		16	-0.46677142	-1.138432	0.3035343	0.60971314	1.0	1458	tags=19%, list=8%, signal=20%	
GOMF_CHLORIDE_TRANSMEMBRANE_TRANSPORTER_ACTIVITY	GOMF_CHLORIDE_TRANSMEMBRANE_TRANSPORTER_ACTIVITY		114	-0.31468403	-1.1369916	0.17302053	0.6132805	1.0	2900	tags=25%, list=15%, signal=29%	
GOBP_NEGATIVE_REGULATION_OF_DNA_REPLICATION	GOBP_NEGATIVE_REGULATION_OF_DNA_REPLICATION		23	-0.43133435	-1.136704	0.25694445	0.6134289	1.0	3874	tags=39%, list=20%, signal=49%	
GOBP_KERATAN_SULFATE_METABOLIC_PROCESS	GOBP_KERATAN_SULFATE_METABOLIC_PROCESS		18	-0.45969495	-1.136329	0.2857143	0.6138081	1.0	1660	tags=33%, list=9%, signal=36%	
GOMF_CLATHRIN_BINDING	GOMF_CLATHRIN_BINDING		55	-0.36023852	-1.1359117	0.22119816	0.6143099	1.0	2586	tags=22%, list=13%, signal=25%	
GOBP_REGULATION_OF_VIRAL_TRANSCRIPTION	GOBP_REGULATION_OF_VIRAL_TRANSCRIPTION		19	-0.4450875	-1.1359074	0.31041667	0.61356765	1.0	3364	tags=37%, list=17%, signal=45%	
GOBP_APPENDAGE_MORPHOGENESIS	GOBP_APPENDAGE_MORPHOGENESIS		142	-0.3097664	-1.1358613	0.15644172	0.6129628	1.0	660	tags=12%, list=3%, signal=12%	
GOMF_IONOTROPIC_GLUTAMATE_RECEPTOR_BINDING	GOMF_IONOTROPIC_GLUTAMATE_RECEPTOR_BINDING		24	-0.4276149	-1.135729	0.28873238	0.6126145	1.0	4082	tags=29%, list=21%, signal=37%	
GOBP_REGULATION_OF_MITOTIC_CYTOKINESIS	GOBP_REGULATION_OF_MITOTIC_CYTOKINESIS		15	-0.4807826	-1.1346564	0.3195021	0.61517274	1.0	2375	tags=27%, list=12%, signal=30%	
GOBP_ENDOCRINE_HORMONE_SECRETION	GOBP_ENDOCRINE_HORMONE_SECRETION		54	-0.36282352	-1.1345661	0.22772278	0.6147011	1.0	1305	tags=22%, list=7%, signal=24%	
GOBP_TRNA_METHYLATION	GOBP_TRNA_METHYLATION		38	-0.39106998	-1.1343958	0.23665893	0.6144946	1.0	5660	tags=45%, list=29%, signal=63%	
GOCC_PHOTORECEPTOR_INNER_SEGMENT	GOCC_PHOTORECEPTOR_INNER_SEGMENT		66	-0.34717384	-1.1339813	0.23955432	0.6148979	1.0	4651	tags=30%, list=24%, signal=40%	
GOBP_NEURAL_CREST_CELL_DIFFERENTIATION	GOBP_NEURAL_CREST_CELL_DIFFERENTIATION		92	-0.32198748	-1.1337693	0.17045455	0.61477864	1.0	1038	tags=16%, list=5%, signal=17%	
GOMF_ENDONUCLEASE_ACTIVITY_ACTIVE_WITH_EITHER_RIBO_OR_DEOXYRIBONUCLEIC_ACIDS_AND_PRODUCING_5_PHOSPHOMONOESTERS	GOMF_ENDONUCLEASE_ACTIVITY_ACTIVE_WITH_EITHER_RIBO_OR_DEOXYRIBONUCLEIC_ACIDS_AND_PRODUCING_5_PHOSPHOMONOESTERS		38	-0.38185737	-1.1335673	0.24170616	0.6146524	1.0	2519	tags=32%, list=13%, signal=36%	
GOMF_NADP_BINDING	GOMF_NADP_BINDING		53	-0.3604248	-1.1332757	0.26943004	0.6147537	1.0	2969	tags=25%, list=15%, signal=29%	
GOBP_RESPONSE_TO_TOPOLOGICALLY_INCORRECT_PROTEIN	GOBP_RESPONSE_TO_TOPOLOGICALLY_INCORRECT_PROTEIN		145	-0.31139237	-1.1331344	0.14469454	0.6144202	1.0	4470	tags=35%, list=23%, signal=45%	
GOCC_SPLICEOSOMAL_COMPLEX	GOCC_SPLICEOSOMAL_COMPLEX		195	-0.2953362	-1.132837	0.16296296	0.6145535	1.0	6428	tags=38%, list=33%, signal=57%	
GOBP_ENDOCARDIAL_CUSHION_FORMATION	GOBP_ENDOCARDIAL_CUSHION_FORMATION		31	-0.41052446	-1.1326735	0.28708133	0.6142733	1.0	1552	tags=29%, list=8%, signal=32%	
GOCC_NUCLEAR_UBIQUITIN_LIGASE_COMPLEX	GOCC_NUCLEAR_UBIQUITIN_LIGASE_COMPLEX		46	-0.37690064	-1.1320277	0.25814536	0.6155083	1.0	4732	tags=30%, list=24%, signal=40%	
GOCC_POSTSYNAPTIC_DENSITY_MEMBRANE	GOCC_POSTSYNAPTIC_DENSITY_MEMBRANE		98	-0.32645145	-1.1320088	0.1630094	0.61482817	1.0	1899	tags=14%, list=10%, signal=16%	
GOBP_GOLGI_ORGANIZATION	GOBP_GOLGI_ORGANIZATION		139	-0.3077947	-1.1315693	0.14826499	0.61539745	1.0	5408	tags=35%, list=28%, signal=48%	
GOBP_MESENCHYMAL_CELL_PROLIFERATION	GOBP_MESENCHYMAL_CELL_PROLIFERATION		43	-0.37163705	-1.1313093	0.2238806	0.61539084	1.0	827	tags=14%, list=4%, signal=15%	
GOBP_NEUROTROPHIN_SIGNALING_PATHWAY	GOBP_NEUROTROPHIN_SIGNALING_PATHWAY		39	-0.39066437	-1.1310371	0.24822696	0.6154732	1.0	2339	tags=26%, list=12%, signal=29%	
GOMF_LIGAND_GATED_SODIUM_CHANNEL_ACTIVITY	GOMF_LIGAND_GATED_SODIUM_CHANNEL_ACTIVITY		15	-0.47703412	-1.1302521	0.2857143	0.6170128	1.0	2930	tags=40%, list=15%, signal=47%	
GOBP_PROTEIN_HOMOOLIGOMERIZATION	GOBP_PROTEIN_HOMOOLIGOMERIZATION		195	-0.29302582	-1.1295946	0.11153846	0.6182571	1.0	606	tags=10%, list=3%, signal=10%	
GOMF_RNA_STEM_LOOP_BINDING	GOMF_RNA_STEM_LOOP_BINDING		15	-0.48285383	-1.1292002	0.32522124	0.61871266	1.0	5227	tags=40%, list=27%, signal=55%	
GOBP_NOSE_DEVELOPMENT	GOBP_NOSE_DEVELOPMENT		16	-0.47316036	-1.128294	0.32762313	0.62065285	1.0	1020	tags=19%, list=5%, signal=20%	
GOBP_VACUOLE_ORGANIZATION	GOBP_VACUOLE_ORGANIZATION		222	-0.2914646	-1.1277716	0.14979757	0.62145215	1.0	5270	tags=40%, list=27%, signal=54%	
GOBP_REGULATION_OF_INTRACELLULAR_STEROID_HORMONE_RECEPTOR_SIGNALING_PATHWAY	GOBP_REGULATION_OF_INTRACELLULAR_STEROID_HORMONE_RECEPTOR_SIGNALING_PATHWAY		68	-0.33840373	-1.1273874	0.22194514	0.62192625	1.0	3667	tags=29%, list=19%, signal=36%	
GOBP_CELL_MIGRATION_INVOLVED_IN_HEART_DEVELOPMENT	GOBP_CELL_MIGRATION_INVOLVED_IN_HEART_DEVELOPMENT		20	-0.43214953	-1.1270648	0.29752067	0.62210876	1.0	1496	tags=25%, list=8%, signal=27%	
GOBP_LINOLEIC_ACID_METABOLIC_PROCESS	GOBP_LINOLEIC_ACID_METABOLIC_PROCESS		20	-0.45206186	-1.126899	0.29565218	0.6218638	1.0	2521	tags=35%, list=13%, signal=40%	
GOBP_ORGANIC_ACID_CATABOLIC_PROCESS	GOBP_ORGANIC_ACID_CATABOLIC_PROCESS		242	-0.2887526	-1.1266559	0.13157895	0.62187016	1.0	3286	tags=25%, list=17%, signal=29%	
GOMF_TRANSFERASE_ACTIVITY_TRANSFERRING_SULPHUR_CONTAINING_GROUPS	GOMF_TRANSFERASE_ACTIVITY_TRANSFERRING_SULPHUR_CONTAINING_GROUPS		67	-0.34400877	-1.1266371	0.21315789	0.6211896	1.0	3142	tags=27%, list=16%, signal=32%	
GOBP_REGULATION_OF_MRNA_METABOLIC_PROCESS	GOBP_REGULATION_OF_MRNA_METABOLIC_PROCESS		284	-0.28515044	-1.1258408	0.092369474	0.6227652	1.0	5548	tags=39%, list=29%, signal=53%	
GOBP_NEGATIVE_REGULATION_OF_REACTIVE_OXYGEN_SPECIES_BIOSYNTHETIC_PROCESS	GOBP_NEGATIVE_REGULATION_OF_REACTIVE_OXYGEN_SPECIES_BIOSYNTHETIC_PROCESS		15	-0.48307282	-1.1254824	0.30463576	0.62309223	1.0	6062	tags=67%, list=31%, signal=97%	
GOBP_STARTLE_RESPONSE	GOBP_STARTLE_RESPONSE		25	-0.4228499	-1.1253707	0.26785713	0.62268317	1.0	4155	tags=24%, list=21%, signal=30%	
GOBP_POSTSYNAPTIC_NEUROTRANSMITTER_RECEPTOR_INTERNALIZATION	GOBP_POSTSYNAPTIC_NEUROTRANSMITTER_RECEPTOR_INTERNALIZATION		27	-0.41621566	-1.1253577	0.29478458	0.62198544	1.0	4281	tags=37%, list=22%, signal=47%	
GOBP_POSITIVE_REGULATION_OF_UBIQUITIN_PROTEIN_TRANSFERASE_ACTIVITY	GOBP_POSITIVE_REGULATION_OF_UBIQUITIN_PROTEIN_TRANSFERASE_ACTIVITY		21	-0.4330834	-1.1248894	0.28329298	0.6226437	1.0	2883	tags=29%, list=15%, signal=34%	
GOBP_NEGATIVE_REGULATION_OF_COLD_INDUCED_THERMOGENESIS	GOBP_NEGATIVE_REGULATION_OF_COLD_INDUCED_THERMOGENESIS		46	-0.3690657	-1.1244346	0.25252524	0.6232205	1.0	4371	tags=35%, list=23%, signal=45%	
GOBP_POSITIVE_REGULATION_OF_ESTABLISHMENT_OF_PROTEIN_LOCALIZATION_TO_MITOCHONDRION	GOBP_POSITIVE_REGULATION_OF_ESTABLISHMENT_OF_PROTEIN_LOCALIZATION_TO_MITOCHONDRION		32	-0.40466273	-1.1241554	0.28883496	0.62329495	1.0	4292	tags=41%, list=22%, signal=52%	
GOBP_ENDONUCLEOLYTIC_CLEAVAGE_OF_TRICISTRONIC_RRNA_TRANSCRIPT_SSU_RRNA_5_8S_RRNA_LSU_RRNA	GOBP_ENDONUCLEOLYTIC_CLEAVAGE_OF_TRICISTRONIC_RRNA_TRANSCRIPT_SSU_RRNA_5_8S_RRNA_LSU_RRNA		16	-0.47138354	-1.12393	0.30652174	0.62325895	1.0	6321	tags=56%, list=33%, signal=83%	
GOBP_POSITIVE_REGULATION_OF_NEUROTRANSMITTER_TRANSPORT	GOBP_POSITIVE_REGULATION_OF_NEUROTRANSMITTER_TRANSPORT		23	-0.42675975	-1.1235725	0.30969268	0.6236684	1.0	2552	tags=30%, list=13%, signal=35%	
GOBP_INTESTINAL_CHOLESTEROL_ABSORPTION	GOBP_INTESTINAL_CHOLESTEROL_ABSORPTION		18	-0.45485574	-1.1223291	0.308204	0.6266021	1.0	1676	tags=22%, list=9%, signal=24%	
GOMF_FRIZZLED_BINDING	GOMF_FRIZZLED_BINDING		35	-0.38685656	-1.1218413	0.26872247	0.6273925	1.0	2636	tags=31%, list=14%, signal=36%	
GOBP_L_AMINO_ACID_CATABOLIC_PROCESS	GOBP_L_AMINO_ACID_CATABOLIC_PROCESS		65	-0.3454878	-1.1214832	0.24418604	0.6277455	1.0	1906	tags=25%, list=10%, signal=27%	
GOBP_POSITIVE_REGULATION_OF_CYTOKINESIS	GOBP_POSITIVE_REGULATION_OF_CYTOKINESIS		49	-0.36445704	-1.1214489	0.24533333	0.62710696	1.0	2375	tags=16%, list=12%, signal=19%	
GOBP_3_UTR_MEDIATED_MRNA_DESTABILIZATION	GOBP_3_UTR_MEDIATED_MRNA_DESTABILIZATION		18	-0.44823384	-1.1214484	0.2979684	0.62637943	1.0	1908	tags=28%, list=10%, signal=31%	
GOBP_POSITIVE_REGULATION_OF_P38MAPK_CASCADE	GOBP_POSITIVE_REGULATION_OF_P38MAPK_CASCADE		27	-0.41458705	-1.1212542	0.2822757	0.626224	1.0	521	tags=22%, list=3%, signal=23%	
GOCC_U5_SNRNP	GOCC_U5_SNRNP		19	-0.4526772	-1.1208086	0.30866808	0.6268017	1.0	7595	tags=79%, list=39%, signal=130%	
GOBP_RESPONSE_TO_ALKALOID	GOBP_RESPONSE_TO_ALKALOID		96	-0.32254568	-1.1207266	0.21929824	0.62631446	1.0	2677	tags=21%, list=14%, signal=24%	
GOBP_NEGATIVE_REGULATION_OF_HIPPO_SIGNALING	GOBP_NEGATIVE_REGULATION_OF_HIPPO_SIGNALING		22	-0.42846206	-1.1201613	0.28988764	0.62731117	1.0	4009	tags=36%, list=21%, signal=46%	
GOMF_PROTEIN_HORMONE_RECEPTOR_ACTIVITY	GOMF_PROTEIN_HORMONE_RECEPTOR_ACTIVITY		20	-0.44537202	-1.1201096	0.28448275	0.62674016	1.0	1181	tags=20%, list=6%, signal=21%	
GOCC_STEREOCILIUM_BUNDLE	GOCC_STEREOCILIUM_BUNDLE		58	-0.3450009	-1.1194766	0.24533333	0.6278828	1.0	1851	tags=19%, list=10%, signal=21%	
GOBP_POSITIVE_REGULATION_OF_CELL_CYCLE	GOBP_POSITIVE_REGULATION_OF_CELL_CYCLE		308	-0.27577108	-1.1187472	0.12844037	0.6293773	1.0	5337	tags=33%, list=27%, signal=45%	
GOBP_REGULATION_OF_PLASMA_LIPOPROTEIN_PARTICLE_LEVELS	GOBP_REGULATION_OF_PLASMA_LIPOPROTEIN_PARTICLE_LEVELS		76	-0.32832626	-1.1183714	0.20596206	0.6298098	1.0	2135	tags=24%, list=11%, signal=27%	
GOBP_POSITIVE_REGULATION_OF_MRNA_PROCESSING	GOBP_POSITIVE_REGULATION_OF_MRNA_PROCESSING		38	-0.38102293	-1.1177733	0.2733485	0.63089895	1.0	3020	tags=18%, list=16%, signal=22%	
GOBP_INNER_EAR_RECEPTOR_CELL_DEVELOPMENT	GOBP_INNER_EAR_RECEPTOR_CELL_DEVELOPMENT		42	-0.36929464	-1.1163877	0.24009325	0.63436097	1.0	2924	tags=29%, list=15%, signal=34%	
GOBP_REGULATION_OF_CELLULAR_KETONE_METABOLIC_PROCESS	GOBP_REGULATION_OF_CELLULAR_KETONE_METABOLIC_PROCESS		128	-0.3033845	-1.1162742	0.1704918	0.63396406	1.0	2782	tags=23%, list=14%, signal=26%	
GOBP_LIPID_DIGESTION	GOBP_LIPID_DIGESTION		22	-0.43347764	-1.1161649	0.30201343	0.63353765	1.0	1676	tags=18%, list=9%, signal=20%	
GOBP_POSITIVE_REGULATION_OF_MONOOXYGENASE_ACTIVITY	GOBP_POSITIVE_REGULATION_OF_MONOOXYGENASE_ACTIVITY		24	-0.42239884	-1.1161554	0.2801724	0.6328376	1.0	196	tags=13%, list=1%, signal=13%	
GOBP_PYRIMIDINE_CONTAINING_COMPOUND_BIOSYNTHETIC_PROCESS	GOBP_PYRIMIDINE_CONTAINING_COMPOUND_BIOSYNTHETIC_PROCESS		41	-0.37481683	-1.1157951	0.27294686	0.6332408	1.0	3199	tags=24%, list=16%, signal=29%	
GOMF_MANNOSYLTRANSFERASE_ACTIVITY	GOMF_MANNOSYLTRANSFERASE_ACTIVITY		22	-0.42795712	-1.1156884	0.3325527	0.6328586	1.0	5315	tags=50%, list=27%, signal=69%	
GOBP_REGULATION_OF_INTRACELLULAR_ESTROGEN_RECEPTOR_SIGNALING_PATHWAY	GOBP_REGULATION_OF_INTRACELLULAR_ESTROGEN_RECEPTOR_SIGNALING_PATHWAY		32	-0.40187532	-1.1156613	0.3037037	0.63222146	1.0	4075	tags=34%, list=21%, signal=43%	
GOBP_REGULATION_OF_URINE_VOLUME	GOBP_REGULATION_OF_URINE_VOLUME		22	-0.43033227	-1.1151557	0.29295155	0.63305986	1.0	501	tags=14%, list=3%, signal=14%	
GOBP_POSITIVE_REGULATION_OF_COLLAGEN_METABOLIC_PROCESS	GOBP_POSITIVE_REGULATION_OF_COLLAGEN_METABOLIC_PROCESS		23	-0.42937443	-1.1149268	0.32444444	0.63303685	1.0	224	tags=9%, list=1%, signal=9%	
GOMF_MONOATOMIC_ANION_TRANSMEMBRANE_TRANSPORTER_ACTIVITY	GOMF_MONOATOMIC_ANION_TRANSMEMBRANE_TRANSPORTER_ACTIVITY		137	-0.30688623	-1.1141907	0.19565217	0.6345248	1.0	2900	tags=23%, list=15%, signal=27%	
GOMF_OXIDOREDUCTASE_ACTIVITY_ACTING_ON_THE_ALDEHYDE_OR_OXO_GROUP_OF_DONORS	GOMF_OXIDOREDUCTASE_ACTIVITY_ACTING_ON_THE_ALDEHYDE_OR_OXO_GROUP_OF_DONORS		49	-0.35963798	-1.1139526	0.2757732	0.63450366	1.0	3360	tags=29%, list=17%, signal=34%	
GOBP_ESTABLISHMENT_OR_MAINTENANCE_OF_MONOPOLAR_CELL_POLARITY	GOBP_ESTABLISHMENT_OR_MAINTENANCE_OF_MONOPOLAR_CELL_POLARITY		25	-0.4155475	-1.1130631	0.2879121	0.63640374	1.0	2177	tags=32%, list=11%, signal=36%	
GOBP_KIDNEY_MORPHOGENESIS	GOBP_KIDNEY_MORPHOGENESIS		97	-0.3206407	-1.1125063	0.19559228	0.6374041	1.0	1666	tags=19%, list=9%, signal=20%	
GOBP_NEURONAL_ACTION_POTENTIAL	GOBP_NEURONAL_ACTION_POTENTIAL		31	-0.39402786	-1.1122758	0.30232558	0.6373743	1.0	100	tags=6%, list=1%, signal=6%	
GOBP_REGULATION_OF_BROWN_FAT_CELL_DIFFERENTIATION	GOBP_REGULATION_OF_BROWN_FAT_CELL_DIFFERENTIATION		24	-0.41413137	-1.1119727	0.30155212	0.63761973	1.0	2714	tags=38%, list=14%, signal=44%	
GOMF_ANTIPORTER_ACTIVITY	GOMF_ANTIPORTER_ACTIVITY		131	-0.30681425	-1.111426	0.20952381	0.6386013	1.0	4845	tags=31%, list=25%, signal=40%	
GOBP_ORGANELLE_FUSION	GOBP_ORGANELLE_FUSION		157	-0.30165106	-1.1114253	0.20578778	0.63788116	1.0	4583	tags=34%, list=24%, signal=45%	
GOMF_APOLIPOPROTEIN_BINDING	GOMF_APOLIPOPROTEIN_BINDING		16	-0.45340094	-1.110135	0.3197425	0.64118314	1.0	201	tags=13%, list=1%, signal=13%	
GOBP_MITOCHONDRIAL_MEMBRANE_ORGANIZATION	GOBP_MITOCHONDRIAL_MEMBRANE_ORGANIZATION		102	-0.31574255	-1.1100615	0.23140496	0.64064986	1.0	6419	tags=51%, list=33%, signal=76%	
GOBP_L_AMINO_ACID_METABOLIC_PROCESS	GOBP_L_AMINO_ACID_METABOLIC_PROCESS		169	-0.2970351	-1.109781	0.18566775	0.64077723	1.0	3592	tags=34%, list=18%, signal=42%	
GOBP_PYRIMIDINE_NUCLEOSIDE_TRIPHOSPHATE_BIOSYNTHETIC_PROCESS	GOBP_PYRIMIDINE_NUCLEOSIDE_TRIPHOSPHATE_BIOSYNTHETIC_PROCESS		18	-0.4433906	-1.1094903	0.33551198	0.64097947	1.0	5556	tags=56%, list=29%, signal=78%	
GOBP_REGULATION_OF_CYTOKINESIS	GOBP_REGULATION_OF_CYTOKINESIS		89	-0.3195276	-1.1093214	0.24661246	0.64075744	1.0	6682	tags=42%, list=34%, signal=63%	
GOBP_NEGATIVE_REGULATION_OF_STEM_CELL_POPULATION_MAINTENANCE	GOBP_NEGATIVE_REGULATION_OF_STEM_CELL_POPULATION_MAINTENANCE		24	-0.41746664	-1.1088856	0.30769232	0.64139116	1.0	4913	tags=33%, list=25%, signal=45%	
GOBP_STRIATED_MUSCLE_CELL_APOPTOTIC_PROCESS	GOBP_STRIATED_MUSCLE_CELL_APOPTOTIC_PROCESS		43	-0.3637985	-1.1087079	0.2617284	0.6412028	1.0	2050	tags=16%, list=11%, signal=18%	
GOBP_TELOMERE_CAPPING	GOBP_TELOMERE_CAPPING		36	-0.37798735	-1.1081927	0.27525252	0.6420375	1.0	4139	tags=39%, list=21%, signal=49%	
GOBP_ALPHA_AMINO_ACID_METABOLIC_PROCESS	GOBP_ALPHA_AMINO_ACID_METABOLIC_PROCESS		203	-0.2874213	-1.1077014	0.16	0.64276266	1.0	3592	tags=33%, list=18%, signal=39%	
GOCC_AXOLEMMA	GOCC_AXOLEMMA		15	-0.4700418	-1.1075785	0.32093024	0.642424	1.0	2100	tags=13%, list=11%, signal=15%	
GOBP_DEVELOPMENTAL_INDUCTION	GOBP_DEVELOPMENTAL_INDUCTION		33	-0.3832627	-1.1075039	0.2951945	0.641928	1.0	1655	tags=15%, list=9%, signal=17%	
GOBP_STEM_CELL_DEVELOPMENT	GOBP_STEM_CELL_DEVELOPMENT		85	-0.33053398	-1.1073251	0.23901099	0.6417461	1.0	1444	tags=18%, list=7%, signal=19%	
GOCC_AXONEMAL_DYNEIN_COMPLEX	GOCC_AXONEMAL_DYNEIN_COMPLEX		17	-0.4521095	-1.1057954	0.33401638	0.645752	1.0	2256	tags=29%, list=12%, signal=33%	
GOMF_SNAP_RECEPTOR_ACTIVITY	GOMF_SNAP_RECEPTOR_ACTIVITY		37	-0.37397698	-1.1057891	0.28235295	0.6450516	1.0	4734	tags=43%, list=24%, signal=57%	
GOBP_REGULATION_OF_ENDOPLASMIC_RETICULUM_STRESS_INDUCED_INTRINSIC_APOPTOTIC_SIGNALING_PATHWAY	GOBP_REGULATION_OF_ENDOPLASMIC_RETICULUM_STRESS_INDUCED_INTRINSIC_APOPTOTIC_SIGNALING_PATHWAY		29	-0.40327933	-1.1055268	0.30322582	0.6451243	1.0	4470	tags=41%, list=23%, signal=54%	
GOBP_CELLULAR_RESPONSE_TO_STEROL	GOBP_CELLULAR_RESPONSE_TO_STEROL		21	-0.43257484	-1.1053504	0.32079646	0.6449483	1.0	2738	tags=24%, list=14%, signal=28%	
GOBP_DETERMINATION_OF_ADULT_LIFESPAN	GOBP_DETERMINATION_OF_ADULT_LIFESPAN		32	-0.39550105	-1.1053479	0.2850877	0.644237	1.0	1913	tags=25%, list=10%, signal=28%	
GOBP_RECEPTOR_CATABOLIC_PROCESS	GOBP_RECEPTOR_CATABOLIC_PROCESS		25	-0.40789118	-1.1048588	0.3059867	0.64498466	1.0	4360	tags=36%, list=22%, signal=46%	
GOBP_POLYOL_BIOSYNTHETIC_PROCESS	GOBP_POLYOL_BIOSYNTHETIC_PROCESS		57	-0.34677687	-1.1048225	0.27913278	0.64440256	1.0	3137	tags=30%, list=16%, signal=35%	
GOBP_PROTEIN_LOCALIZATION_TO_CHROMOSOME	GOBP_PROTEIN_LOCALIZATION_TO_CHROMOSOME		101	-0.31445193	-1.1046457	0.22255193	0.6442141	1.0	4212	tags=27%, list=22%, signal=34%	
GOCC_EARLY_ENDOSOME	GOCC_EARLY_ENDOSOME		408	-0.2673013	-1.104441	0.15544042	0.6441148	1.0	2303	tags=15%, list=12%, signal=17%	
GOMF_PEPTIDE_N_ACETYLTRANSFERASE_ACTIVITY	GOMF_PEPTIDE_N_ACETYLTRANSFERASE_ACTIVITY		50	-0.35709482	-1.1036996	0.2973684	0.6456786	1.0	3831	tags=26%, list=20%, signal=32%	
GOMF_LRR_DOMAIN_BINDING	GOMF_LRR_DOMAIN_BINDING		15	-0.46491256	-1.103284	0.32793522	0.6462726	1.0	3432	tags=33%, list=18%, signal=40%	
GOCC_HISTONE_METHYLTRANSFERASE_COMPLEX	GOCC_HISTONE_METHYLTRANSFERASE_COMPLEX		67	-0.33547473	-1.1022681	0.25925925	0.64859056	1.0	7170	tags=54%, list=37%, signal=85%	
GOBP_EARLY_ENDOSOME_TO_GOLGI_TRANSPORT	GOBP_EARLY_ENDOSOME_TO_GOLGI_TRANSPORT		16	-0.4602732	-1.1017672	0.3347548	0.6493464	1.0	5408	tags=56%, list=28%, signal=78%	
GOBP_TERPENOID_METABOLIC_PROCESS	GOBP_TERPENOID_METABOLIC_PROCESS		98	-0.31200135	-1.1010222	0.231454	0.65093774	1.0	670	tags=10%, list=3%, signal=11%	
GOMF_PROTEIN_TYROSINE_SERINE_THREONINE_PHOSPHATASE_ACTIVITY	GOMF_PROTEIN_TYROSINE_SERINE_THREONINE_PHOSPHATASE_ACTIVITY		25	-0.41281387	-1.100972	0.31208792	0.65039057	1.0	1506	tags=16%, list=8%, signal=17%	
GOBP_GANGLION_DEVELOPMENT	GOBP_GANGLION_DEVELOPMENT		17	-0.4547424	-1.100784	0.32769555	0.6502419	1.0	3126	tags=41%, list=16%, signal=49%	
GOCC_GUANYL_NUCLEOTIDE_EXCHANGE_FACTOR_COMPLEX	GOCC_GUANYL_NUCLEOTIDE_EXCHANGE_FACTOR_COMPLEX		21	-0.42468703	-1.1004355	0.3090129	0.65063703	1.0	4819	tags=33%, list=25%, signal=44%	
GOMF_CULLIN_FAMILY_PROTEIN_BINDING	GOMF_CULLIN_FAMILY_PROTEIN_BINDING		24	-0.4226535	-1.0995085	0.31712964	0.652814	1.0	5044	tags=42%, list=26%, signal=56%	
GOBP_COCHLEA_MORPHOGENESIS	GOBP_COCHLEA_MORPHOGENESIS		24	-0.41437843	-1.0991954	0.28884026	0.65304273	1.0	1261	tags=13%, list=6%, signal=13%	
GOBP_INDOLE_CONTAINING_COMPOUND_METABOLIC_PROCESS	GOBP_INDOLE_CONTAINING_COMPOUND_METABOLIC_PROCESS		24	-0.40978152	-1.0990802	0.32403433	0.65271324	1.0	1404	tags=21%, list=7%, signal=22%	
GOBP_RESPIRATORY_SYSTEM_PROCESS	GOBP_RESPIRATORY_SYSTEM_PROCESS		40	-0.37744784	-1.0974629	0.30769232	0.65709525	1.0	3448	tags=28%, list=18%, signal=33%	
GOBP_PROTEIN_K48_LINKED_DEUBIQUITINATION	GOBP_PROTEIN_K48_LINKED_DEUBIQUITINATION		24	-0.41420215	-1.096718	0.34606743	0.65868634	1.0	4741	tags=38%, list=24%, signal=50%	
GOCC_CILIARY_PLASM	GOCC_CILIARY_PLASM		138	-0.29504365	-1.0961236	0.22260274	0.65985835	1.0	3780	tags=26%, list=19%, signal=32%	
GOBP_EATING_BEHAVIOR	GOBP_EATING_BEHAVIOR		38	-0.3778341	-1.0954515	0.31	0.6611992	1.0	1662	tags=21%, list=9%, signal=23%	
GOBP_DIGESTIVE_SYSTEM_PROCESS	GOBP_DIGESTIVE_SYSTEM_PROCESS		104	-0.3131826	-1.0953554	0.25409836	0.66076475	1.0	1676	tags=17%, list=9%, signal=19%	
GOBP_REGULATION_OF_TELOMERE_CAPPING	GOBP_REGULATION_OF_TELOMERE_CAPPING		26	-0.4134541	-1.095133	0.3219178	0.6607306	1.0	4139	tags=46%, list=21%, signal=59%	
GOBP_CELL_FATE_DETERMINATION	GOBP_CELL_FATE_DETERMINATION		42	-0.3608051	-1.0948775	0.30445546	0.66084427	1.0	1496	tags=17%, list=8%, signal=18%	
GOBP_POSITIVE_REGULATION_OF_TELOMERASE_RNA_LOCALIZATION_TO_CAJAL_BODY	GOBP_POSITIVE_REGULATION_OF_TELOMERASE_RNA_LOCALIZATION_TO_CAJAL_BODY		15	-0.45925373	-1.0943093	0.34261242	0.6619433	1.0	7766	tags=67%, list=40%, signal=111%	
GOMF_3_5_EXONUCLEASE_ACTIVITY	GOMF_3_5_EXONUCLEASE_ACTIVITY		56	-0.34908667	-1.0942638	0.28894472	0.66137743	1.0	6140	tags=48%, list=32%, signal=70%	
GOBP_CHOLESTEROL_EFFLUX	GOBP_CHOLESTEROL_EFFLUX		57	-0.34571078	-1.0938796	0.29280397	0.66187155	1.0	3215	tags=32%, list=17%, signal=38%	
GOMF_SPECTRIN_BINDING	GOMF_SPECTRIN_BINDING		26	-0.4046978	-1.0934243	0.3243243	0.66255856	1.0	2011	tags=23%, list=10%, signal=26%	
GOBP_PHOTORECEPTOR_CELL_MAINTENANCE	GOBP_PHOTORECEPTOR_CELL_MAINTENANCE		43	-0.36774796	-1.0933436	0.27901235	0.6621133	1.0	4534	tags=35%, list=23%, signal=45%	
GOMF_CARBOXY_LYASE_ACTIVITY	GOMF_CARBOXY_LYASE_ACTIVITY		32	-0.39020902	-1.0932859	0.3234568	0.6615686	1.0	3136	tags=34%, list=16%, signal=41%	
GOMF_SNARE_BINDING	GOMF_SNARE_BINDING		106	-0.30811185	-1.0920403	0.26	0.66466564	1.0	2937	tags=23%, list=15%, signal=27%	
GOBP_SENSORY_SYSTEM_DEVELOPMENT	GOBP_SENSORY_SYSTEM_DEVELOPMENT		397	-0.26743713	-1.091135	0.12972973	0.66669226	1.0	2603	tags=19%, list=13%, signal=22%	
GOBP_VITAMIN_TRANSPORT	GOBP_VITAMIN_TRANSPORT		48	-0.35280675	-1.0909983	0.30024213	0.6664348	1.0	1312	tags=17%, list=7%, signal=18%	
GOBP_VACUOLAR_TRANSPORT	GOBP_VACUOLAR_TRANSPORT		165	-0.2923363	-1.0898713	0.24113475	0.6693156	1.0	4403	tags=30%, list=23%, signal=38%	
GOBP_C21_STEROID_HORMONE_BIOSYNTHETIC_PROCESS	GOBP_C21_STEROID_HORMONE_BIOSYNTHETIC_PROCESS		20	-0.43155128	-1.0898031	0.3253796	0.66882247	1.0	1723	tags=25%, list=9%, signal=27%	
GOCC_CILIARY_BASAL_BODY	GOCC_CILIARY_BASAL_BODY		152	-0.29536295	-1.089386	0.20198676	0.6694073	1.0	4667	tags=34%, list=24%, signal=45%	
GOCC_NEURON_PROJECTION_MEMBRANE	GOCC_NEURON_PROJECTION_MEMBRANE		56	-0.34388107	-1.0888056	0.29533678	0.67052823	1.0	1203	tags=9%, list=6%, signal=9%	
GOBP_AMINE_CATABOLIC_PROCESS	GOBP_AMINE_CATABOLIC_PROCESS		18	-0.4335845	-1.0887636	0.36458334	0.6699436	1.0	3630	tags=44%, list=19%, signal=55%	
GOBP_PROTEIN_PALMITOYLATION	GOBP_PROTEIN_PALMITOYLATION		30	-0.39397958	-1.0886548	0.3546911	0.6695636	1.0	3227	tags=30%, list=17%, signal=36%	
GOMF_HISTONE_H4_METHYLTRANSFERASE_ACTIVITY	GOMF_HISTONE_H4_METHYLTRANSFERASE_ACTIVITY		15	-0.4616042	-1.0884241	0.37424546	0.66956687	1.0	4859	tags=53%, list=25%, signal=71%	
GOBP_DNA_STRAND_ELONGATION_INVOLVED_IN_DNA_REPLICATION	GOBP_DNA_STRAND_ELONGATION_INVOLVED_IN_DNA_REPLICATION		15	-0.46689066	-1.0878462	0.3561947	0.67067564	1.0	4869	tags=47%, list=25%, signal=62%	
GOBP_CARDIOBLAST_DIFFERENTIATION	GOBP_CARDIOBLAST_DIFFERENTIATION		16	-0.45733118	-1.0874748	0.33403805	0.67121863	1.0	824	tags=19%, list=4%, signal=20%	
GOBP_POSITIVE_REGULATION_OF_CIRCADIAN_RHYTHM	GOBP_POSITIVE_REGULATION_OF_CIRCADIAN_RHYTHM		15	-0.4662919	-1.0868659	0.35820895	0.6724367	1.0	2844	tags=33%, list=15%, signal=39%	
GOBP_NEGATIVE_REGULATION_OF_ACTIVIN_RECEPTOR_SIGNALING_PATHWAY	GOBP_NEGATIVE_REGULATION_OF_ACTIVIN_RECEPTOR_SIGNALING_PATHWAY		16	-0.4450853	-1.0867456	0.36504424	0.672105	1.0	2023	tags=38%, list=10%, signal=42%	
GOBP_RRNA_METHYLATION	GOBP_RRNA_METHYLATION		21	-0.43399453	-1.0863208	0.35607675	0.6727727	1.0	6356	tags=62%, list=33%, signal=92%	
GOMF_DICARBOXYLIC_ACID_TRANSMEMBRANE_TRANSPORTER_ACTIVITY	GOMF_DICARBOXYLIC_ACID_TRANSMEMBRANE_TRANSPORTER_ACTIVITY		29	-0.392031	-1.0861803	0.35308057	0.67247134	1.0	3122	tags=28%, list=16%, signal=33%	
GOBP_NADP_METABOLIC_PROCESS	GOBP_NADP_METABOLIC_PROCESS		44	-0.3547465	-1.0861485	0.31322506	0.67186993	1.0	2218	tags=18%, list=11%, signal=20%	
GOCC_AMPA_GLUTAMATE_RECEPTOR_COMPLEX	GOCC_AMPA_GLUTAMATE_RECEPTOR_COMPLEX		23	-0.41609716	-1.0857494	0.32735425	0.6723978	1.0	267	tags=9%, list=1%, signal=9%	
GOMF_RNA_EXONUCLEASE_ACTIVITY_PRODUCING_5_PHOSPHOMONOESTERS	GOMF_RNA_EXONUCLEASE_ACTIVITY_PRODUCING_5_PHOSPHOMONOESTERS		38	-0.36425027	-1.085671	0.30075186	0.6719159	1.0	5064	tags=39%, list=26%, signal=53%	
GOBP_REGULATION_OF_EPITHELIAL_CELL_DIFFERENTIATION	GOBP_REGULATION_OF_EPITHELIAL_CELL_DIFFERENTIATION		148	-0.29660994	-1.084904	0.25625	0.67356515	1.0	2056	tags=20%, list=11%, signal=22%	
GOCC_EXOCYTIC_VESICLE	GOCC_EXOCYTIC_VESICLE		231	-0.27729377	-1.0847815	0.2	0.673261	1.0	1562	tags=13%, list=8%, signal=14%	
GOCC_TELOMERASE_HOLOENZYME_COMPLEX	GOCC_TELOMERASE_HOLOENZYME_COMPLEX		22	-0.4218781	-1.0846981	0.355042	0.6728601	1.0	5747	tags=45%, list=30%, signal=64%	
GOBP_GLUTAMATE_RECEPTOR_SIGNALING_PATHWAY	GOBP_GLUTAMATE_RECEPTOR_SIGNALING_PATHWAY		50	-0.34971696	-1.0839311	0.3316583	0.6745898	1.0	2834	tags=18%, list=15%, signal=21%	
GOMF_FLIPPASE_ACTIVITY	GOMF_FLIPPASE_ACTIVITY		16	-0.44466856	-1.0836933	0.3558952	0.6746121	1.0	2610	tags=38%, list=13%, signal=43%	
GOMF_BASAL_TRANSCRIPTION_MACHINERY_BINDING	GOMF_BASAL_TRANSCRIPTION_MACHINERY_BINDING		57	-0.3398968	-1.0831558	0.31105992	0.67561907	1.0	5412	tags=42%, list=28%, signal=58%	
GOBP_APOPTOTIC_PROCESS_INVOLVED_IN_DEVELOPMENT	GOBP_APOPTOTIC_PROCESS_INVOLVED_IN_DEVELOPMENT		39	-0.36116123	-1.0830889	0.33816424	0.67511636	1.0	3910	tags=28%, list=20%, signal=35%	
GOBP_GLYCOPROTEIN_BIOSYNTHETIC_PROCESS	GOBP_GLYCOPROTEIN_BIOSYNTHETIC_PROCESS		296	-0.27279666	-1.0827317	0.20179372	0.67548585	1.0	4393	tags=32%, list=23%, signal=40%	
GOBP_COPII_COATED_VESICLE_BUDDING	GOBP_COPII_COATED_VESICLE_BUDDING		42	-0.35628745	-1.0826944	0.3181818	0.67489856	1.0	5679	tags=43%, list=29%, signal=60%	
GOBP_MITOTIC_DNA_REPLICATION	GOBP_MITOTIC_DNA_REPLICATION		16	-0.45426318	-1.0826756	0.3382046	0.6742611	1.0	1759	tags=31%, list=9%, signal=34%	
GOBP_GLYCEROLIPID_CATABOLIC_PROCESS	GOBP_GLYCEROLIPID_CATABOLIC_PROCESS		63	-0.33506507	-1.0823078	0.2887828	0.67470205	1.0	3492	tags=32%, list=18%, signal=39%	
GOBP_REGULATION_OF_DNA_DAMAGE_CHECKPOINT	GOBP_REGULATION_OF_DNA_DAMAGE_CHECKPOINT		19	-0.42946178	-1.0819999	0.32838982	0.6749634	1.0	4251	tags=32%, list=22%, signal=40%	
GOBP_REGULATION_OF_PIGMENTATION	GOBP_REGULATION_OF_PIGMENTATION		16	-0.44984877	-1.0818706	0.35729846	0.6746545	1.0	2914	tags=31%, list=15%, signal=37%	
GOBP_GONADOTROPIN_SECRETION	GOBP_GONADOTROPIN_SECRETION		17	-0.45545584	-1.0814768	0.37843552	0.6751372	1.0	987	tags=18%, list=5%, signal=19%	
GOBP_RETINA_HOMEOSTASIS	GOBP_RETINA_HOMEOSTASIS		54	-0.3484441	-1.0809721	0.29722223	0.6759847	1.0	2610	tags=24%, list=13%, signal=28%	
GOBP_POSITIVE_REGULATION_OF_TELOMERE_MAINTENANCE_VIA_TELOMERE_LENGTHENING	GOBP_POSITIVE_REGULATION_OF_TELOMERE_MAINTENANCE_VIA_TELOMERE_LENGTHENING		38	-0.3670878	-1.0807475	0.35194173	0.675993	1.0	3838	tags=34%, list=20%, signal=43%	
GOMF_CALCIUM_DEPENDENT_PHOSPHOLIPID_BINDING	GOMF_CALCIUM_DEPENDENT_PHOSPHOLIPID_BINDING		50	-0.349945	-1.0801941	0.3069307	0.6769969	1.0	1021	tags=12%, list=5%, signal=13%	
GOMF_HORMONE_BINDING	GOMF_HORMONE_BINDING		90	-0.31706277	-1.0798914	0.28448275	0.6772238	1.0	3226	tags=23%, list=17%, signal=28%	
GOBP_NEGATIVE_REGULATION_OF_CELL_CYCLE_PROCESS	GOBP_NEGATIVE_REGULATION_OF_CELL_CYCLE_PROCESS		276	-0.27235523	-1.0798855	0.21428572	0.6765449	1.0	4296	tags=29%, list=22%, signal=37%	
GOMF_NUCLEASE_ACTIVITY	GOMF_NUCLEASE_ACTIVITY		200	-0.2822245	-1.0792295	0.22348484	0.67786586	1.0	5088	tags=38%, list=26%, signal=51%	
GOMF_PROTEIN_SERINE_THREONINE_TYROSINE_KINASE_ACTIVITY	GOMF_PROTEIN_SERINE_THREONINE_TYROSINE_KINASE_ACTIVITY		41	-0.36371115	-1.0790975	0.342246	0.6776006	1.0	2074	tags=20%, list=11%, signal=22%	
GOBP_MITOCHONDRIAL_CALCIUM_ION_HOMEOSTASIS	GOBP_MITOCHONDRIAL_CALCIUM_ION_HOMEOSTASIS		22	-0.4126489	-1.0788496	0.35730338	0.67764544	1.0	1426	tags=18%, list=7%, signal=20%	
GOBP_VESICLE_TARGETING_TO_FROM_OR_WITHIN_GOLGI	GOBP_VESICLE_TARGETING_TO_FROM_OR_WITHIN_GOLGI		33	-0.37724409	-1.0778912	0.35747662	0.67990714	1.0	5398	tags=39%, list=28%, signal=54%	
GOBP_SPECIFICATION_OF_ANIMAL_ORGAN_IDENTITY	GOBP_SPECIFICATION_OF_ANIMAL_ORGAN_IDENTITY		36	-0.37275943	-1.0777133	0.3425	0.67977774	1.0	1655	tags=17%, list=9%, signal=18%	
GOBP_BLASTOCYST_DEVELOPMENT	GOBP_BLASTOCYST_DEVELOPMENT		111	-0.30090097	-1.0773064	0.2760736	0.6804195	1.0	3860	tags=26%, list=20%, signal=32%	
GOBP_CYTOPLASMIC_MICROTUBULE_ORGANIZATION	GOBP_CYTOPLASMIC_MICROTUBULE_ORGANIZATION		56	-0.33860537	-1.077251	0.30071598	0.6798973	1.0	3292	tags=21%, list=17%, signal=26%	
GOBP_N_TERMINAL_PROTEIN_AMINO_ACID_MODIFICATION	GOBP_N_TERMINAL_PROTEIN_AMINO_ACID_MODIFICATION		25	-0.4001841	-1.0771413	0.31264368	0.67954814	1.0	3634	tags=36%, list=19%, signal=44%	
GOBP_POSITIVE_REGULATION_OF_DENDRITIC_SPINE_DEVELOPMENT	GOBP_POSITIVE_REGULATION_OF_DENDRITIC_SPINE_DEVELOPMENT		38	-0.36494178	-1.0767558	0.35664335	0.6800104	1.0	2739	tags=26%, list=14%, signal=31%	
GOMF_AMINO_ACID_SODIUM_SYMPORTER_ACTIVITY	GOMF_AMINO_ACID_SODIUM_SYMPORTER_ACTIVITY		23	-0.3961882	-1.0767205	0.3542601	0.6794305	1.0	2116	tags=22%, list=11%, signal=24%	
GOMF_MINUS_END_DIRECTED_MICROTUBULE_MOTOR_ACTIVITY	GOMF_MINUS_END_DIRECTED_MICROTUBULE_MOTOR_ACTIVITY		16	-0.46435323	-1.076538	0.36017898	0.679277	1.0	5584	tags=50%, list=29%, signal=70%	
GOBP_PURINE_DEOXYRIBONUCLEOTIDE_METABOLIC_PROCESS	GOBP_PURINE_DEOXYRIBONUCLEOTIDE_METABOLIC_PROCESS		16	-0.4456641	-1.0754215	0.3593429	0.6820141	1.0	2197	tags=25%, list=11%, signal=28%	
GOBP_DETECTION_OF_CHEMICAL_STIMULUS_INVOLVED_IN_SENSORY_PERCEPTION_OF_TASTE	GOBP_DETECTION_OF_CHEMICAL_STIMULUS_INVOLVED_IN_SENSORY_PERCEPTION_OF_TASTE		46	-0.3510036	-1.0751305	0.29816514	0.6822602	1.0	775	tags=7%, list=4%, signal=7%	
GOBP_RIBONUCLEOSIDE_MONOPHOSPHATE_BIOSYNTHETIC_PROCESS	GOBP_RIBONUCLEOSIDE_MONOPHOSPHATE_BIOSYNTHETIC_PROCESS		33	-0.38128504	-1.0743706	0.33886257	0.6839594	1.0	3258	tags=24%, list=17%, signal=29%	
GOBP_MESODERM_MORPHOGENESIS	GOBP_MESODERM_MORPHOGENESIS		69	-0.32736465	-1.0743605	0.30769232	0.683291	1.0	2683	tags=22%, list=14%, signal=25%	
GOBP_ORGANELLE_FISSION	GOBP_ORGANELLE_FISSION		444	-0.25928822	-1.0738379	0.1875	0.68424255	1.0	4378	tags=25%, list=23%, signal=32%	
GOBP_REGULATION_OF_PROTEIN_CATABOLIC_PROCESS	GOBP_REGULATION_OF_PROTEIN_CATABOLIC_PROCESS		339	-0.26089007	-1.0737517	0.18226601	0.6838076	1.0	4432	tags=30%, list=23%, signal=38%	
GOBP_PROTEIN_INSERTION_INTO_MEMBRANE	GOBP_PROTEIN_INSERTION_INTO_MEMBRANE		41	-0.36284047	-1.0735562	0.3308642	0.68370765	1.0	4157	tags=41%, list=21%, signal=53%	
GOBP_POSITIVE_REGULATION_OF_NEURON_DIFFERENTIATION	GOBP_POSITIVE_REGULATION_OF_NEURON_DIFFERENTIATION		90	-0.31046912	-1.0730171	0.2918919	0.68471146	1.0	754	tags=9%, list=4%, signal=9%	
GOMF_CYCLASE_ACTIVITY	GOMF_CYCLASE_ACTIVITY		17	-0.432826	-1.072905	0.3429158	0.6843662	1.0	4880	tags=47%, list=25%, signal=63%	
GOBP_NEGATIVE_REGULATION_OF_FATTY_ACID_METABOLIC_PROCESS	GOBP_NEGATIVE_REGULATION_OF_FATTY_ACID_METABOLIC_PROCESS		34	-0.37568933	-1.0719975	0.3548387	0.68657476	1.0	3017	tags=26%, list=16%, signal=31%	
GOBP_CELLULAR_RESPONSE_TO_XENOBIOTIC_STIMULUS	GOBP_CELLULAR_RESPONSE_TO_XENOBIOTIC_STIMULUS		191	-0.27915218	-1.0715243	0.23461539	0.687368	1.0	2063	tags=15%, list=11%, signal=16%	
GOBP_STEROID_HORMONE_SECRETION	GOBP_STEROID_HORMONE_SECRETION		25	-0.39552683	-1.0707718	0.3604651	0.6890836	1.0	1189	tags=24%, list=6%, signal=26%	
GOBP_MESONEPHRIC_TUBULE_MORPHOGENESIS	GOBP_MESONEPHRIC_TUBULE_MORPHOGENESIS		67	-0.33494157	-1.0706775	0.29503918	0.68866765	1.0	1067	tags=16%, list=5%, signal=17%	
GOBP_ESTABLISHMENT_OF_EPITHELIAL_CELL_APICAL_BASAL_POLARITY	GOBP_ESTABLISHMENT_OF_EPITHELIAL_CELL_APICAL_BASAL_POLARITY		17	-0.4444303	-1.0704348	0.3858093	0.6887521	1.0	2177	tags=35%, list=11%, signal=40%	
GOBP_NUCLEAR_TRANSCRIBED_MRNA_CATABOLIC_PROCESS_DEADENYLATION_DEPENDENT_DECAY	GOBP_NUCLEAR_TRANSCRIBED_MRNA_CATABOLIC_PROCESS_DEADENYLATION_DEPENDENT_DECAY		57	-0.3324683	-1.0702345	0.3030303	0.6887343	1.0	4657	tags=37%, list=24%, signal=48%	
GOBP_HAIR_FOLLICLE_MATURATION	GOBP_HAIR_FOLLICLE_MATURATION		15	-0.4533115	-1.0699772	0.36263737	0.68882203	1.0	378	tags=20%, list=2%, signal=20%	
GOCC_CILIARY_TIP	GOCC_CILIARY_TIP		41	-0.3589515	-1.0693389	0.33411765	0.6901646	1.0	4017	tags=37%, list=21%, signal=46%	
GOBP_PRIMARY_ALCOHOL_METABOLIC_PROCESS	GOBP_PRIMARY_ALCOHOL_METABOLIC_PROCESS		99	-0.30649742	-1.0689926	0.28947368	0.6905678	1.0	2395	tags=19%, list=12%, signal=22%	
GOBP_LYTIC_VACUOLE_ORGANIZATION	GOBP_LYTIC_VACUOLE_ORGANIZATION		104	-0.30269444	-1.0689402	0.31092438	0.6900627	1.0	5249	tags=42%, list=27%, signal=58%	
GOBP_POLYOL_METABOLIC_PROCESS	GOBP_POLYOL_METABOLIC_PROCESS		101	-0.3062083	-1.0687687	0.26436782	0.6899574	1.0	3361	tags=28%, list=17%, signal=33%	
GOBP_REGULATION_OF_CELLULAR_RESPONSE_TO_STRESS	GOBP_REGULATION_OF_CELLULAR_RESPONSE_TO_STRESS		475	-0.25684732	-1.0686946	0.1957672	0.6894852	1.0	4738	tags=31%, list=24%, signal=40%	
GOMF_S_ADENOSYL_L_METHIONINE_BINDING	GOMF_S_ADENOSYL_L_METHIONINE_BINDING		19	-0.4267238	-1.0680026	0.36404493	0.69094914	1.0	4167	tags=37%, list=21%, signal=47%	
GOBP_CELLULAR_RESPONSE_TO_ALKALOID	GOBP_CELLULAR_RESPONSE_TO_ALKALOID		36	-0.36480653	-1.0679779	0.32439023	0.6903393	1.0	3109	tags=25%, list=16%, signal=30%	
GOMF_LIGAND_GATED_MONOATOMIC_ION_CHANNEL_ACTIVITY_INVOLVED_IN_REGULATION_OF_PRESYNAPTIC_MEMBRANE_POTENTIAL	GOMF_LIGAND_GATED_MONOATOMIC_ION_CHANNEL_ACTIVITY_INVOLVED_IN_REGULATION_OF_PRESYNAPTIC_MEMBRANE_POTENTIAL		16	-0.43948737	-1.0678364	0.39130434	0.69008946	1.0	209	tags=6%, list=1%, signal=6%	
GOBP_N_ACETYLGLUCOSAMINE_METABOLIC_PROCESS	GOBP_N_ACETYLGLUCOSAMINE_METABOLIC_PROCESS		17	-0.4434871	-1.0673717	0.38377193	0.6908615	1.0	5981	tags=53%, list=31%, signal=76%	
GOBP_POSITIVE_REGULATION_OF_COAGULATION	GOBP_POSITIVE_REGULATION_OF_COAGULATION		28	-0.3852627	-1.0673387	0.36069113	0.69027466	1.0	1438	tags=25%, list=7%, signal=27%	
GOMF_METALLOCARBOXYPEPTIDASE_ACTIVITY	GOMF_METALLOCARBOXYPEPTIDASE_ACTIVITY		30	-0.38105643	-1.0669949	0.35714287	0.6906666	1.0	490	tags=13%, list=3%, signal=14%	
GOBP_REGULATION_OF_TELOMERE_MAINTENANCE_VIA_TELOMERE_LENGTHENING	GOBP_REGULATION_OF_TELOMERE_MAINTENANCE_VIA_TELOMERE_LENGTHENING		60	-0.3340704	-1.0667564	0.32967034	0.69072855	1.0	4139	tags=32%, list=21%, signal=40%	
GOBP_MITOCHONDRIAL_FUSION	GOBP_MITOCHONDRIAL_FUSION		33	-0.36827698	-1.0665158	0.34351146	0.69080436	1.0	5082	tags=42%, list=26%, signal=57%	
GOBP_VIRAL_GENE_EXPRESSION	GOBP_VIRAL_GENE_EXPRESSION		99	-0.30424258	-1.0663601	0.29912025	0.69060016	1.0	4329	tags=33%, list=22%, signal=43%	
GOBP_FATTY_ACID_DERIVATIVE_BIOSYNTHETIC_PROCESS	GOBP_FATTY_ACID_DERIVATIVE_BIOSYNTHETIC_PROCESS		48	-0.3520466	-1.0662318	0.31552163	0.6903039	1.0	475	tags=13%, list=2%, signal=13%	
GOBP_RETINA_LAYER_FORMATION	GOBP_RETINA_LAYER_FORMATION		23	-0.41065255	-1.0661348	0.36179775	0.6899176	1.0	4689	tags=43%, list=24%, signal=57%	
GOBP_EMBRYONIC_AXIS_SPECIFICATION	GOBP_EMBRYONIC_AXIS_SPECIFICATION		38	-0.36166954	-1.0654651	0.37558687	0.6913337	1.0	1590	tags=18%, list=8%, signal=20%	
GOBP_POSITIVE_REGULATION_OF_BROWN_FAT_CELL_DIFFERENTIATION	GOBP_POSITIVE_REGULATION_OF_BROWN_FAT_CELL_DIFFERENTIATION		16	-0.44460246	-1.0653882	0.40677965	0.69088703	1.0	2714	tags=38%, list=14%, signal=44%	
GOMF_SIGNALING_RECEPTOR_INHIBITOR_ACTIVITY	GOMF_SIGNALING_RECEPTOR_INHIBITOR_ACTIVITY		28	-0.38962892	-1.0646483	0.37241378	0.69256175	1.0	2129	tags=25%, list=11%, signal=28%	
GOBP_POLYAMINE_TRANSPORT	GOBP_POLYAMINE_TRANSPORT		15	-0.4481228	-1.0645232	0.39555556	0.6922514	1.0	1245	tags=27%, list=6%, signal=28%	
GOMF_DNA_DAMAGE_SENSOR_ACTIVITY	GOMF_DNA_DAMAGE_SENSOR_ACTIVITY		20	-0.41660598	-1.0644225	0.3867277	0.6919127	1.0	7795	tags=60%, list=40%, signal=100%	
GOMF_TRANSFERASE_ACTIVITY_TRANSFERRING_ONE_CARBON_GROUPS	GOMF_TRANSFERASE_ACTIVITY_TRANSFERRING_ONE_CARBON_GROUPS		190	-0.27877086	-1.0642729	0.27797833	0.691692	1.0	5093	tags=33%, list=26%, signal=45%	
GOBP_POSITIVE_REGULATION_OF_WOUND_HEALING	GOBP_POSITIVE_REGULATION_OF_WOUND_HEALING		59	-0.33462188	-1.0641907	0.32446808	0.69128996	1.0	1688	tags=20%, list=9%, signal=22%	
GOBP_SYNAPTIC_VESICLE_RECYCLING	GOBP_SYNAPTIC_VESICLE_RECYCLING		81	-0.3171774	-1.0639337	0.31830987	0.6914032	1.0	2616	tags=20%, list=13%, signal=23%	
GOBP_PROTEIN_LIPID_COMPLEX_ORGANIZATION	GOBP_PROTEIN_LIPID_COMPLEX_ORGANIZATION		53	-0.33574554	-1.0628182	0.32923833	0.6943236	1.0	2135	tags=25%, list=11%, signal=27%	
GOBP_MESENCHYMAL_CELL_APOPTOTIC_PROCESS	GOBP_MESENCHYMAL_CELL_APOPTOTIC_PROCESS		16	-0.44282088	-1.0627862	0.40425533	0.6937591	1.0	4281	tags=38%, list=22%, signal=48%	
GOCC_PHAGOPHORE_ASSEMBLY_SITE	GOCC_PHAGOPHORE_ASSEMBLY_SITE		34	-0.3683446	-1.0618985	0.35576922	0.6959593	1.0	4211	tags=35%, list=22%, signal=45%	
GOBP_REGULATION_OF_STEROID_HORMONE_SECRETION	GOBP_REGULATION_OF_STEROID_HORMONE_SECRETION		21	-0.41343492	-1.0617633	0.39262474	0.6957527	1.0	1189	tags=29%, list=6%, signal=30%	
GOBP_POSITIVE_REGULATION_OF_CALCINEURIN_MEDIATED_SIGNALING	GOBP_POSITIVE_REGULATION_OF_CALCINEURIN_MEDIATED_SIGNALING		18	-0.43366426	-1.0616043	0.3892473	0.69557846	1.0	1084	tags=22%, list=6%, signal=24%	
GOBP_REGULATION_OF_CILIUM_MOVEMENT	GOBP_REGULATION_OF_CILIUM_MOVEMENT		34	-0.37009203	-1.0613725	0.37719297	0.69560355	1.0	2782	tags=21%, list=14%, signal=24%	
GOMF_BITTER_TASTE_RECEPTOR_ACTIVITY	GOMF_BITTER_TASTE_RECEPTOR_ACTIVITY		24	-0.40424848	-1.0613055	0.37719297	0.6951379	1.0	178	tags=4%, list=1%, signal=4%	
GOBP_GLUTAMINE_FAMILY_AMINO_ACID_METABOLIC_PROCESS	GOBP_GLUTAMINE_FAMILY_AMINO_ACID_METABOLIC_PROCESS		70	-0.31837103	-1.0611336	0.31926122	0.6950443	1.0	3548	tags=34%, list=18%, signal=42%	
GOBP_INNER_EAR_RECEPTOR_CELL_STEREOCILIUM_ORGANIZATION	GOBP_INNER_EAR_RECEPTOR_CELL_STEREOCILIUM_ORGANIZATION		30	-0.3782355	-1.0605541	0.3735763	0.69613725	1.0	2924	tags=33%, list=15%, signal=39%	
GOMF_VITAMIN_TRANSMEMBRANE_TRANSPORTER_ACTIVITY	GOMF_VITAMIN_TRANSMEMBRANE_TRANSPORTER_ACTIVITY		33	-0.384348	-1.0604846	0.36941177	0.69567287	1.0	1312	tags=18%, list=7%, signal=19%	
GOBP_HEAT_GENERATION	GOBP_HEAT_GENERATION		18	-0.42242208	-1.0601895	0.3888889	0.6959508	1.0	501	tags=28%, list=3%, signal=28%	
GOBP_CELL_FATE_SPECIFICATION	GOBP_CELL_FATE_SPECIFICATION		105	-0.30196714	-1.0601703	0.30476192	0.6953348	1.0	3126	tags=15%, list=16%, signal=18%	
GOBP_NEGATIVE_REGULATION_OF_NEURON_DIFFERENTIATION	GOBP_NEGATIVE_REGULATION_OF_NEURON_DIFFERENTIATION		71	-0.31882963	-1.0601366	0.36246786	0.6947604	1.0	5192	tags=35%, list=27%, signal=48%	
GOMF_S_ADENOSYLMETHIONINE_DEPENDENT_METHYLTRANSFERASE_ACTIVITY	GOMF_S_ADENOSYLMETHIONINE_DEPENDENT_METHYLTRANSFERASE_ACTIVITY		142	-0.2888946	-1.0596656	0.32615384	0.6955932	1.0	6356	tags=45%, list=33%, signal=67%	
GOBP_RNA_MODIFICATION	GOBP_RNA_MODIFICATION		153	-0.28855464	-1.059083	0.30379745	0.6967888	1.0	5662	tags=41%, list=29%, signal=58%	
GOMF_LIGAND_GATED_MONOATOMIC_ANION_CHANNEL_ACTIVITY	GOMF_LIGAND_GATED_MONOATOMIC_ANION_CHANNEL_ACTIVITY		44	-0.35208926	-1.0589398	0.33651552	0.696546	1.0	3337	tags=16%, list=17%, signal=19%	
GOCC_NEURON_PROJECTION_CYTOPLASM	GOCC_NEURON_PROJECTION_CYTOPLASM		89	-0.30875728	-1.0584614	0.28783384	0.69738036	1.0	3039	tags=19%, list=16%, signal=23%	
GOBP_CELLULAR_RESPONSE_TO_GLUCOSE_STARVATION	GOBP_CELLULAR_RESPONSE_TO_GLUCOSE_STARVATION		43	-0.3554752	-1.0582551	0.34793815	0.69735783	1.0	4738	tags=40%, list=24%, signal=52%	
GOBP_PHAGOSOME_MATURATION	GOBP_PHAGOSOME_MATURATION		30	-0.38189328	-1.0571501	0.36829838	0.70012206	1.0	1216	tags=23%, list=6%, signal=25%	
GOCC_REPLISOME	GOCC_REPLISOME		24	-0.3997857	-1.0563533	0.367713	0.70196056	1.0	4869	tags=42%, list=25%, signal=56%	
GOMF_FAD_BINDING	GOMF_FAD_BINDING		38	-0.36354098	-1.0559893	0.34894612	0.70236665	1.0	1680	tags=24%, list=9%, signal=26%	
GOBP_REGULATION_OF_ENDOCRINE_PROCESS	GOBP_REGULATION_OF_ENDOCRINE_PROCESS		39	-0.36011463	-1.05573	0.35844156	0.70252573	1.0	1189	tags=21%, list=6%, signal=22%	
GOBP_GOLGI_TO_ENDOSOME_TRANSPORT	GOBP_GOLGI_TO_ENDOSOME_TRANSPORT		15	-0.43419793	-1.0547359	0.40748897	0.70504487	1.0	4403	tags=47%, list=23%, signal=60%	
GOMF_CARBOHYDRATE_MONOATOMIC_CATION_SYMPORTER_ACTIVITY	GOMF_CARBOHYDRATE_MONOATOMIC_CATION_SYMPORTER_ACTIVITY		16	-0.44007844	-1.0544912	0.39484978	0.7051522	1.0	773	tags=13%, list=4%, signal=13%	
GOMF_UBIQUITIN_LIKE_PROTEIN_BINDING	GOMF_UBIQUITIN_LIKE_PROTEIN_BINDING		115	-0.29433918	-1.0540198	0.3149847	0.70595825	1.0	4676	tags=36%, list=24%, signal=47%	
GOCC_CALCIUM_CHANNEL_COMPLEX	GOCC_CALCIUM_CHANNEL_COMPLEX		65	-0.32763082	-1.0534068	0.36787564	0.70720416	1.0	846	tags=11%, list=4%, signal=11%	
GOBP_ORGANIC_HYDROXY_COMPOUND_BIOSYNTHETIC_PROCESS	GOBP_ORGANIC_HYDROXY_COMPOUND_BIOSYNTHETIC_PROCESS		231	-0.27125198	-1.0521979	0.27969348	0.7103425	1.0	2738	tags=20%, list=14%, signal=23%	
GOBP_DENDRITE_EXTENSION	GOBP_DENDRITE_EXTENSION		34	-0.37227812	-1.052004	0.38443395	0.71025956	1.0	2043	tags=18%, list=11%, signal=20%	
GOCC_UBIQUITIN_LIGASE_COMPLEX	GOCC_UBIQUITIN_LIGASE_COMPLEX		295	-0.26313844	-1.051984	0.26122448	0.7096439	1.0	4899	tags=29%, list=25%, signal=39%	
GOBP_ASPARTATE_FAMILY_AMINO_ACID_BIOSYNTHETIC_PROCESS	GOBP_ASPARTATE_FAMILY_AMINO_ACID_BIOSYNTHETIC_PROCESS		20	-0.4027577	-1.0515277	0.41163793	0.7103776	1.0	3054	tags=35%, list=16%, signal=41%	
GOBP_SISTER_CHROMATID_COHESION	GOBP_SISTER_CHROMATID_COHESION		49	-0.3371333	-1.0513465	0.34417343	0.7102902	1.0	2073	tags=18%, list=11%, signal=21%	
GOBP_RNA_EXPORT_FROM_NUCLEUS	GOBP_RNA_EXPORT_FROM_NUCLEUS		83	-0.3102358	-1.050289	0.3620178	0.7130908	1.0	6133	tags=42%, list=32%, signal=61%	
GOBP_PROTEIN_LOCALIZATION_TO_CILIUM	GOBP_PROTEIN_LOCALIZATION_TO_CILIUM		65	-0.32209018	-1.0501063	0.3443038	0.7129449	1.0	3193	tags=25%, list=16%, signal=29%	
GOBP_GOLGI_TO_PLASMA_MEMBRANE_TRANSPORT	GOBP_GOLGI_TO_PLASMA_MEMBRANE_TRANSPORT		63	-0.3254794	-1.0500298	0.38120106	0.7125147	1.0	3117	tags=21%, list=16%, signal=24%	
GOBP_LOW_DENSITY_LIPOPROTEIN_PARTICLE_REMODELING	GOBP_LOW_DENSITY_LIPOPROTEIN_PARTICLE_REMODELING		16	-0.43344116	-1.0499895	0.4	0.7119608	1.0	909	tags=25%, list=5%, signal=26%	
GOCC_MICROBODY_MEMBRANE	GOCC_MICROBODY_MEMBRANE		62	-0.32495326	-1.0495492	0.36074272	0.7126866	1.0	4005	tags=29%, list=21%, signal=36%	
GOBP_NEUROTRANSMITTER_RECEPTOR_TRANSPORT	GOBP_NEUROTRANSMITTER_RECEPTOR_TRANSPORT		25	-0.38717353	-1.0492176	0.3809524	0.7131178	1.0	3121	tags=20%, list=16%, signal=24%	
GOBP_REGULATION_OF_RNA_SPLICING	GOBP_REGULATION_OF_RNA_SPLICING		174	-0.2776882	-1.0488498	0.3	0.7136475	1.0	6351	tags=40%, list=33%, signal=58%	
GOBP_MITOCHONDRIAL_ELECTRON_TRANSPORT_NADH_TO_UBIQUINONE	GOBP_MITOCHONDRIAL_ELECTRON_TRANSPORT_NADH_TO_UBIQUINONE		39	-0.35172552	-1.0482852	0.38215104	0.714808	1.0	6597	tags=62%, list=34%, signal=93%	
GOBP_STRESS_GRANULE_ASSEMBLY	GOBP_STRESS_GRANULE_ASSEMBLY		34	-0.3670667	-1.0481496	0.37259614	0.7145752	1.0	5701	tags=41%, list=29%, signal=58%	
GOBP_PHOSPHATIDYLINOSITOL_METABOLIC_PROCESS	GOBP_PHOSPHATIDYLINOSITOL_METABOLIC_PROCESS		152	-0.2809169	-1.048098	0.32068965	0.71404845	1.0	4015	tags=29%, list=21%, signal=36%	
GOBP_POSTSYNAPTIC_MEMBRANE_ORGANIZATION	GOBP_POSTSYNAPTIC_MEMBRANE_ORGANIZATION		39	-0.35154417	-1.0477515	0.36915886	0.71449584	1.0	3506	tags=28%, list=18%, signal=34%	
GOBP_POSITIVE_REGULATION_OF_CYCLASE_ACTIVITY	GOBP_POSITIVE_REGULATION_OF_CYCLASE_ACTIVITY		36	-0.36059445	-1.0472686	0.3842482	0.71533364	1.0	1089	tags=11%, list=6%, signal=12%	
GOCC_GERM_CELL_NUCLEUS	GOCC_GERM_CELL_NUCLEUS		60	-0.32353237	-1.0472108	0.3638814	0.7148545	1.0	4738	tags=28%, list=24%, signal=37%	
GOBP_INTRACELLULAR_STEROL_TRANSPORT	GOBP_INTRACELLULAR_STEROL_TRANSPORT		31	-0.37075204	-1.045979	0.39092872	0.7181709	1.0	1959	tags=23%, list=10%, signal=25%	
GOBP_POSITIVE_REGULATION_OF_BMP_SIGNALING_PATHWAY	GOBP_POSITIVE_REGULATION_OF_BMP_SIGNALING_PATHWAY		33	-0.36006305	-1.0457077	0.37588653	0.7184241	1.0	2936	tags=27%, list=15%, signal=32%	
GOMF_MONOOXYGENASE_ACTIVITY	GOMF_MONOOXYGENASE_ACTIVITY		102	-0.29520687	-1.0451053	0.35795453	0.7196031	1.0	2975	tags=23%, list=15%, signal=26%	
GOMF_DNA_POLYMERASE_BINDING	GOMF_DNA_POLYMERASE_BINDING		19	-0.42162502	-1.0450873	0.39678898	0.71898943	1.0	4251	tags=42%, list=22%, signal=54%	
GOBP_EMBRYONIC_DIGESTIVE_TRACT_DEVELOPMENT	GOBP_EMBRYONIC_DIGESTIVE_TRACT_DEVELOPMENT		32	-0.37423873	-1.0449487	0.3862069	0.71877724	1.0	3165	tags=41%, list=16%, signal=48%	
GOMF_ACETYLATION_DEPENDENT_PROTEIN_BINDING	GOMF_ACETYLATION_DEPENDENT_PROTEIN_BINDING		25	-0.3913562	-1.044267	0.38646287	0.72028583	1.0	4231	tags=24%, list=22%, signal=31%	
GOBP_POSITIVE_REGULATION_OF_SMAD_PROTEIN_SIGNAL_TRANSDUCTION	GOBP_POSITIVE_REGULATION_OF_SMAD_PROTEIN_SIGNAL_TRANSDUCTION		38	-0.35940522	-1.0441006	0.3938053	0.72010696	1.0	1189	tags=16%, list=6%, signal=17%	
GOBP_DEVELOPMENT_OF_PRIMARY_SEXUAL_CHARACTERISTICS	GOBP_DEVELOPMENT_OF_PRIMARY_SEXUAL_CHARACTERISTICS		230	-0.26511964	-1.0440439	0.30215827	0.71961904	1.0	2498	tags=17%, list=13%, signal=19%	
GOBP_NUCLEOSIDE_TRIPHOSPHATE_BIOSYNTHETIC_PROCESS	GOBP_NUCLEOSIDE_TRIPHOSPHATE_BIOSYNTHETIC_PROCESS		86	-0.30465892	-1.043463	0.35795453	0.7208032	1.0	6063	tags=51%, list=31%, signal=74%	
GOBP_CELLULAR_MODIFIED_AMINO_ACID_BIOSYNTHETIC_PROCESS	GOBP_CELLULAR_MODIFIED_AMINO_ACID_BIOSYNTHETIC_PROCESS		45	-0.34666404	-1.0434479	0.39322916	0.72017604	1.0	3374	tags=33%, list=17%, signal=40%	
GOBP_RENAL_VESICLE_DEVELOPMENT	GOBP_RENAL_VESICLE_DEVELOPMENT		17	-0.43060702	-1.0431559	0.40169132	0.72044045	1.0	2436	tags=24%, list=13%, signal=27%	
GOBP_GOLGI_TO_VACUOLE_TRANSPORT	GOBP_GOLGI_TO_VACUOLE_TRANSPORT		20	-0.41101822	-1.0429796	0.40552017	0.7203262	1.0	2960	tags=35%, list=15%, signal=41%	
GOBP_S_ADENOSYLMETHIONINE_METABOLIC_PROCESS	GOBP_S_ADENOSYLMETHIONINE_METABOLIC_PROCESS		16	-0.43874276	-1.0424653	0.40820736	0.72134453	1.0	4944	tags=31%, list=25%, signal=42%	
GOBP_REGULATION_OF_HORMONE_BIOSYNTHETIC_PROCESS	GOBP_REGULATION_OF_HORMONE_BIOSYNTHETIC_PROCESS		24	-0.39285424	-1.0417936	0.37777779	0.7228359	1.0	1650	tags=25%, list=8%, signal=27%	
GOBP_CELLULAR_LIPID_CATABOLIC_PROCESS	GOBP_CELLULAR_LIPID_CATABOLIC_PROCESS		226	-0.26910314	-1.041773	0.29583332	0.72223425	1.0	4697	tags=34%, list=24%, signal=44%	
GOCC_MICROTUBULE_PLUS_END	GOCC_MICROTUBULE_PLUS_END		21	-0.41369194	-1.0417184	0.4129979	0.7217476	1.0	3292	tags=33%, list=17%, signal=40%	
GOBP_GANGLIOSIDE_BIOSYNTHETIC_PROCESS	GOBP_GANGLIOSIDE_BIOSYNTHETIC_PROCESS		16	-0.43117723	-1.0411059	0.41649485	0.72309124	1.0	3783	tags=44%, list=19%, signal=54%	
GOBP_PROTEIN_LOCALIZATION_TO_GOLGI_APPARATUS	GOBP_PROTEIN_LOCALIZATION_TO_GOLGI_APPARATUS		28	-0.38411	-1.0407895	0.38809523	0.72340393	1.0	2133	tags=21%, list=11%, signal=24%	
GOBP_PROTEIN_CONTAINING_COMPLEX_REMODELING	GOBP_PROTEIN_CONTAINING_COMPLEX_REMODELING		37	-0.35908407	-1.0403203	0.38630807	0.7242376	1.0	909	tags=19%, list=5%, signal=20%	
GOMF_ABC_TYPE_TRANSPORTER_ACTIVITY	GOMF_ABC_TYPE_TRANSPORTER_ACTIVITY		45	-0.3470351	-1.0389686	0.37176472	0.72787327	1.0	2769	tags=27%, list=14%, signal=31%	
GOBP_MEIOTIC_CELL_CYCLE	GOBP_MEIOTIC_CELL_CYCLE		252	-0.26352775	-1.0374907	0.31451613	0.7320469	1.0	4732	tags=25%, list=24%, signal=33%	
GOBP_STEM_CELL_PROLIFERATION	GOBP_STEM_CELL_PROLIFERATION		109	-0.2922971	-1.0374482	0.3529412	0.7315062	1.0	2090	tags=20%, list=11%, signal=22%	
GOBP_REGULATION_OF_CYCLASE_ACTIVITY	GOBP_REGULATION_OF_CYCLASE_ACTIVITY		52	-0.32669783	-1.0369407	0.38265306	0.7324212	1.0	1089	tags=10%, list=6%, signal=10%	
GOBP_REPRODUCTIVE_SYSTEM_DEVELOPMENT	GOBP_REPRODUCTIVE_SYSTEM_DEVELOPMENT		297	-0.26316255	-1.0362573	0.31451613	0.73402566	1.0	2498	tags=18%, list=13%, signal=21%	
GOBP_LIPID_HOMEOSTASIS	GOBP_LIPID_HOMEOSTASIS		154	-0.27931073	-1.0361376	0.3035144	0.733734	1.0	2950	tags=20%, list=15%, signal=24%	
GOCC_PHAGOPHORE_ASSEMBLY_SITE_MEMBRANE	GOCC_PHAGOPHORE_ASSEMBLY_SITE_MEMBRANE		21	-0.40370622	-1.0360249	0.38958332	0.7334405	1.0	4211	tags=38%, list=22%, signal=49%	
GOBP_POSITIVE_REGULATION_OF_AMINO_ACID_TRANSPORT	GOBP_POSITIVE_REGULATION_OF_AMINO_ACID_TRANSPORT		23	-0.40075254	-1.0355089	0.38577586	0.7344784	1.0	1242	tags=17%, list=6%, signal=19%	
GOBP_ORGANELLE_MEMBRANE_FUSION	GOBP_ORGANELLE_MEMBRANE_FUSION		117	-0.2935769	-1.0354711	0.353125	0.73392165	1.0	4402	tags=32%, list=23%, signal=42%	
GOBP_METANEPHRIC_NEPHRON_DEVELOPMENT	GOBP_METANEPHRIC_NEPHRON_DEVELOPMENT		40	-0.34595957	-1.0349249	0.3955224	0.73504	1.0	2924	tags=28%, list=15%, signal=32%	
GOMF_UBIQUITIN_PROTEIN_TRANSFERASE_ACTIVATOR_ACTIVITY	GOMF_UBIQUITIN_PROTEIN_TRANSFERASE_ACTIVATOR_ACTIVITY		15	-0.44159174	-1.0349137	0.41318682	0.7344021	1.0	3469	tags=33%, list=18%, signal=41%	
GOBP_AXONEMAL_DYNEIN_COMPLEX_ASSEMBLY	GOBP_AXONEMAL_DYNEIN_COMPLEX_ASSEMBLY		24	-0.38618118	-1.0346761	0.41121495	0.7344448	1.0	2849	tags=33%, list=15%, signal=39%	
GOBP_GOLGI_TO_PLASMA_MEMBRANE_PROTEIN_TRANSPORT	GOBP_GOLGI_TO_PLASMA_MEMBRANE_PROTEIN_TRANSPORT		41	-0.3455439	-1.0345315	0.3825	0.73424494	1.0	2404	tags=17%, list=12%, signal=19%	
GOBP_HEMATOPOIETIC_STEM_CELL_PROLIFERATION	GOBP_HEMATOPOIETIC_STEM_CELL_PROLIFERATION		32	-0.36706638	-1.0343486	0.405	0.7341853	1.0	2777	tags=28%, list=14%, signal=33%	
GOBP_SEQUESTERING_OF_TRIGLYCERIDE	GOBP_SEQUESTERING_OF_TRIGLYCERIDE		17	-0.42165908	-1.0342165	0.42765957	0.7339634	1.0	2848	tags=41%, list=15%, signal=48%	
GOBP_REGULATION_OF_CHROMOSOME_SEGREGATION	GOBP_REGULATION_OF_CHROMOSOME_SEGREGATION		126	-0.28598312	-1.03402	0.34195402	0.73389757	1.0	6108	tags=37%, list=31%, signal=54%	
GOBP_REGULATION_OF_NEURON_PROJECTION_ARBORIZATION	GOBP_REGULATION_OF_NEURON_PROJECTION_ARBORIZATION		15	-0.44034487	-1.0338973	0.40042827	0.7336527	1.0	2177	tags=27%, list=11%, signal=30%	
GOCC_CATALYTIC_STEP_2_SPLICEOSOME	GOCC_CATALYTIC_STEP_2_SPLICEOSOME		87	-0.30032253	-1.0338122	0.35911602	0.7332498	1.0	6178	tags=39%, list=32%, signal=57%	
GOBP_POSITIVE_REGULATION_OF_CARTILAGE_DEVELOPMENT	GOBP_POSITIVE_REGULATION_OF_CARTILAGE_DEVELOPMENT		29	-0.3772318	-1.0337237	0.41314554	0.7328692	1.0	1020	tags=14%, list=5%, signal=15%	
GOCC_KINESIN_COMPLEX	GOCC_KINESIN_COMPLEX		45	-0.33794934	-1.0333266	0.3955774	0.7334305	1.0	2962	tags=27%, list=15%, signal=31%	
GOBP_REGULATION_OF_TELOMERASE_ACTIVITY	GOBP_REGULATION_OF_TELOMERASE_ACTIVITY		44	-0.34218147	-1.0331382	0.41396508	0.73340386	1.0	2798	tags=30%, list=14%, signal=34%	
GOBP_ESTABLISHMENT_OF_PROTEIN_LOCALIZATION_TO_MEMBRANE	GOBP_ESTABLISHMENT_OF_PROTEIN_LOCALIZATION_TO_MEMBRANE		256	-0.25920397	-1.0325382	0.35622317	0.7346678	1.0	4434	tags=29%, list=23%, signal=37%	
GOBP_CELL_DIFFERENTIATION_INVOLVED_IN_KIDNEY_DEVELOPMENT	GOBP_CELL_DIFFERENTIATION_INVOLVED_IN_KIDNEY_DEVELOPMENT		58	-0.32543096	-1.0324836	0.38256657	0.7341855	1.0	2921	tags=24%, list=15%, signal=28%	
GOBP_AXONEME_ASSEMBLY	GOBP_AXONEME_ASSEMBLY		73	-0.30973315	-1.032168	0.36528498	0.73456144	1.0	2874	tags=22%, list=15%, signal=26%	
GOBP_NEGATIVE_REGULATION_OF_MITOTIC_CELL_CYCLE	GOBP_NEGATIVE_REGULATION_OF_MITOTIC_CELL_CYCLE		216	-0.26996472	-1.0316958	0.34519574	0.7354029	1.0	5663	tags=39%, list=29%, signal=54%	
GOMF_TELOMERIC_DNA_BINDING	GOMF_TELOMERIC_DNA_BINDING		37	-0.34859776	-1.0316424	0.39302325	0.7349144	1.0	3880	tags=30%, list=20%, signal=37%	
GOBP_AMINO_ACID_TRANSMEMBRANE_TRANSPORT	GOBP_AMINO_ACID_TRANSMEMBRANE_TRANSPORT		99	-0.29529297	-1.0315338	0.3768116	0.7345954	1.0	2178	tags=20%, list=11%, signal=23%	
GOBP_REGULATION_OF_P38MAPK_CASCADE	GOBP_REGULATION_OF_P38MAPK_CASCADE		41	-0.34129816	-1.0314046	0.38765433	0.73435473	1.0	576	tags=17%, list=3%, signal=18%	
GOBP_DIGESTIVE_SYSTEM_DEVELOPMENT	GOBP_DIGESTIVE_SYSTEM_DEVELOPMENT		139	-0.2874131	-1.0314043	0.37704918	0.73369396	1.0	3267	tags=26%, list=17%, signal=31%	
GOBP_SPLEEN_DEVELOPMENT	GOBP_SPLEEN_DEVELOPMENT		38	-0.35102013	-1.0309271	0.40931374	0.734523	1.0	3979	tags=32%, list=20%, signal=40%	
GOBP_GLAND_DEVELOPMENT	GOBP_GLAND_DEVELOPMENT		439	-0.25199085	-1.0307128	0.3220339	0.73458105	1.0	2821	tags=19%, list=15%, signal=21%	
GOMF_OXIDOREDUCTASE_ACTIVITY_ACTING_ON_THE_CH_CH_GROUP_OF_DONORS	GOMF_OXIDOREDUCTASE_ACTIVITY_ACTING_ON_THE_CH_CH_GROUP_OF_DONORS		57	-0.32258067	-1.030648	0.37209302	0.7341488	1.0	2302	tags=25%, list=12%, signal=28%	
GOMF_VOLTAGE_GATED_MONOATOMIC_ANION_CHANNEL_ACTIVITY	GOMF_VOLTAGE_GATED_MONOATOMIC_ANION_CHANNEL_ACTIVITY		17	-0.4226127	-1.03056	0.41086957	0.73374003	1.0	6123	tags=53%, list=32%, signal=77%	
GOBP_NEGATIVE_REGULATION_OF_NERVOUS_SYSTEM_PROCESS	GOBP_NEGATIVE_REGULATION_OF_NERVOUS_SYSTEM_PROCESS		15	-0.44202954	-1.030252	0.44311377	0.7340741	1.0	1709	tags=27%, list=9%, signal=29%	
GOMF_PROMOTER_SPECIFIC_CHROMATIN_BINDING	GOMF_PROMOTER_SPECIFIC_CHROMATIN_BINDING		66	-0.3168559	-1.03018	0.40482575	0.7336362	1.0	5169	tags=33%, list=27%, signal=45%	
GOBP_ENDOSOME_TO_LYSOSOME_TRANSPORT	GOBP_ENDOSOME_TO_LYSOSOME_TRANSPORT		71	-0.30841362	-1.0301113	0.3601108	0.7331896	1.0	4272	tags=30%, list=22%, signal=38%	
GOMF_PURINE_RIBONUCLEOTIDE_TRANSMEMBRANE_TRANSPORTER_ACTIVITY	GOMF_PURINE_RIBONUCLEOTIDE_TRANSMEMBRANE_TRANSPORTER_ACTIVITY		21	-0.39592284	-1.0298985	0.41387025	0.7332683	1.0	2599	tags=29%, list=13%, signal=33%	
GOBP_NUCLEOSIDE_PHOSPHATE_BIOSYNTHETIC_PROCESS	GOBP_NUCLEOSIDE_PHOSPHATE_BIOSYNTHETIC_PROCESS		242	-0.26131678	-1.0292603	0.34375	0.7346374	1.0	4592	tags=29%, list=24%, signal=37%	
GOMF_INSULIN_LIKE_GROWTH_FACTOR_BINDING	GOMF_INSULIN_LIKE_GROWTH_FACTOR_BINDING		18	-0.41773343	-1.0291965	0.42274678	0.7341826	1.0	2596	tags=39%, list=13%, signal=45%	
GOMF_PHOSPHATIDYLINOSITOL_3_5_BISPHOSPHATE_PHOSPHATASE_ACTIVITY	GOMF_PHOSPHATIDYLINOSITOL_3_5_BISPHOSPHATE_PHOSPHATASE_ACTIVITY		15	-0.44012126	-1.0291469	0.4327731	0.73369414	1.0	5709	tags=67%, list=29%, signal=94%	
GOBP_CILIUM_ORGANIZATION	GOBP_CILIUM_ORGANIZATION		376	-0.250466	-1.0286438	0.3523316	0.73463964	1.0	4022	tags=24%, list=21%, signal=29%	
GOBP_PHOSPHATIDYLCHOLINE_METABOLIC_PROCESS	GOBP_PHOSPHATIDYLCHOLINE_METABOLIC_PROCESS		71	-0.30875602	-1.0283059	0.37017995	0.735081	1.0	1282	tags=15%, list=7%, signal=17%	
GOCC_MLL1_2_COMPLEX	GOCC_MLL1_2_COMPLEX		31	-0.36467794	-1.028037	0.4164706	0.7352583	1.0	7122	tags=61%, list=37%, signal=97%	
GOCC_RNA_POLYMERASE_II_HOLOENZYME	GOCC_RNA_POLYMERASE_II_HOLOENZYME		68	-0.31337956	-1.0273573	0.38630137	0.7367318	1.0	5959	tags=40%, list=31%, signal=57%	
GOBP_NEPHRON_MORPHOGENESIS	GOBP_NEPHRON_MORPHOGENESIS		80	-0.30152223	-1.0272459	0.39237058	0.7364162	1.0	3979	tags=36%, list=20%, signal=45%	
GOBP_OXIDATIVE_PHOSPHORYLATION	GOBP_OXIDATIVE_PHOSPHORYLATION		103	-0.29255074	-1.0271139	0.34870318	0.73616636	1.0	6499	tags=51%, list=33%, signal=77%	
GOCC_CLUSTER_OF_ACTIN_BASED_CELL_PROJECTIONS	GOCC_CLUSTER_OF_ACTIN_BASED_CELL_PROJECTIONS		156	-0.27633297	-1.025798	0.35855263	0.7397182	1.0	1923	tags=15%, list=10%, signal=17%	
GOBP_CHLORIDE_TRANSPORT	GOBP_CHLORIDE_TRANSPORT		120	-0.28666145	-1.0256448	0.37465563	0.7395312	1.0	2900	tags=23%, list=15%, signal=26%	
GOBP_PYRIMIDINE_NUCLEOSIDE_MONOPHOSPHATE_BIOSYNTHETIC_PROCESS	GOBP_PYRIMIDINE_NUCLEOSIDE_MONOPHOSPHATE_BIOSYNTHETIC_PROCESS		15	-0.43752372	-1.025624	0.43128964	0.73895276	1.0	2250	tags=27%, list=12%, signal=30%	
GOBP_NON_MOTILE_CILIUM_ASSEMBLY	GOBP_NON_MOTILE_CILIUM_ASSEMBLY		62	-0.32152668	-1.0252601	0.3972973	0.73949134	1.0	3683	tags=26%, list=19%, signal=32%	
GOMF_TRANSLATION_INITIATION_FACTOR_BINDING	GOMF_TRANSLATION_INITIATION_FACTOR_BINDING		29	-0.36972132	-1.0251087	0.42637363	0.7393092	1.0	5425	tags=45%, list=28%, signal=62%	
GOMF_RNA_POLYMERASE_II_GENERAL_TRANSCRIPTION_INITIATION_FACTOR_ACTIVITY	GOMF_RNA_POLYMERASE_II_GENERAL_TRANSCRIPTION_INITIATION_FACTOR_ACTIVITY		39	-0.34989613	-1.0247675	0.40714285	0.7397605	1.0	5922	tags=49%, list=30%, signal=70%	
GOBP_VESICLE_TARGETING_ROUGH_ER_TO_CIS_GOLGI	GOBP_VESICLE_TARGETING_ROUGH_ER_TO_CIS_GOLGI		26	-0.39418694	-1.0242409	0.414966	0.7407449	1.0	5398	tags=38%, list=28%, signal=53%	
GOBP_RESPONSE_TO_STEROL	GOBP_RESPONSE_TO_STEROL		31	-0.364652	-1.0230528	0.40697673	0.74385726	1.0	1959	tags=19%, list=10%, signal=21%	
GOCC_MICROTUBULE	GOCC_MICROTUBULE		426	-0.24676293	-1.0230527	0.32954547	0.7432033	1.0	3856	tags=26%, list=20%, signal=31%	
GOBP_RESPONSE_TO_STARVATION	GOBP_RESPONSE_TO_STARVATION		199	-0.26793787	-1.0227252	0.40377358	0.7436322	1.0	3582	tags=23%, list=18%, signal=28%	
GOMF_DEACETYLASE_ACTIVITY	GOMF_DEACETYLASE_ACTIVITY		37	-0.35725784	-1.0221533	0.41371158	0.74479836	1.0	4751	tags=30%, list=24%, signal=39%	
GOMF_5_3_EXONUCLEASE_ACTIVITY	GOMF_5_3_EXONUCLEASE_ACTIVITY		17	-0.41440725	-1.0219795	0.4055794	0.7446975	1.0	4991	tags=53%, list=26%, signal=71%	
GOBP_POSITIVE_REGULATION_OF_LYASE_ACTIVITY	GOBP_POSITIVE_REGULATION_OF_LYASE_ACTIVITY		37	-0.3540663	-1.0218835	0.4164706	0.74435365	1.0	376	tags=8%, list=2%, signal=8%	
GOMF_COA_LIGASE_ACTIVITY	GOMF_COA_LIGASE_ACTIVITY		27	-0.37978044	-1.0217929	0.4217687	0.7439851	1.0	187	tags=7%, list=1%, signal=7%	
GOCC_AXON_INITIAL_SEGMENT	GOCC_AXON_INITIAL_SEGMENT		20	-0.3948046	-1.0217648	0.4159664	0.7434187	1.0	100	tags=10%, list=1%, signal=10%	
GOBP_PHOSPHATE_ION_TRANSPORT	GOBP_PHOSPHATE_ION_TRANSPORT		27	-0.37322363	-1.0214713	0.38789237	0.74370027	1.0	1923	tags=19%, list=10%, signal=21%	
GOBP_SYNAPTIC_VESICLE_MATURATION	GOBP_SYNAPTIC_VESICLE_MATURATION		25	-0.38755423	-1.0209984	0.41607565	0.7445235	1.0	5375	tags=52%, list=28%, signal=72%	
GOBP_ENDOSOME_TO_PLASMA_MEMBRANE_PROTEIN_TRANSPORT	GOBP_ENDOSOME_TO_PLASMA_MEMBRANE_PROTEIN_TRANSPORT		16	-0.42475206	-1.0206364	0.4486607	0.7450129	1.0	607	tags=13%, list=3%, signal=13%	
GOBP_CELLULAR_RESPONSE_TO_STARVATION	GOBP_CELLULAR_RESPONSE_TO_STARVATION		161	-0.27433372	-1.0203193	0.3843648	0.74540925	1.0	3838	tags=26%, list=20%, signal=32%	
GOBP_KIDNEY_EPITHELIUM_DEVELOPMENT	GOBP_KIDNEY_EPITHELIUM_DEVELOPMENT		150	-0.2807498	-1.0203147	0.39372823	0.74477476	1.0	1067	tags=13%, list=5%, signal=14%	
GOBP_NUCLEOTIDE_EXCISION_REPAIR	GOBP_NUCLEOTIDE_EXCISION_REPAIR		82	-0.3008498	-1.0201453	0.408	0.7446737	1.0	6071	tags=40%, list=31%, signal=58%	
GOBP_POSITIVE_REGULATION_OF_CELL_CYCLE_PROCESS	GOBP_POSITIVE_REGULATION_OF_CELL_CYCLE_PROCESS		244	-0.2610071	-1.0198307	0.35820895	0.7450123	1.0	2950	tags=18%, list=15%, signal=21%	
GOMF_INTRAMOLECULAR_TRANSFERASE_ACTIVITY	GOMF_INTRAMOLECULAR_TRANSFERASE_ACTIVITY		28	-0.37890017	-1.0196311	0.45495495	0.74503386	1.0	2492	tags=25%, list=13%, signal=29%	
GOBP_PROTEIN_COMPLEX_OLIGOMERIZATION	GOBP_PROTEIN_COMPLEX_OLIGOMERIZATION		255	-0.26039356	-1.0195563	0.3677686	0.7446189	1.0	3110	tags=21%, list=16%, signal=25%	
GOBP_REGULATION_OF_POTASSIUM_ION_TRANSMEMBRANE_TRANSPORTER_ACTIVITY	GOBP_REGULATION_OF_POTASSIUM_ION_TRANSMEMBRANE_TRANSPORTER_ACTIVITY		47	-0.33276153	-1.019487	0.44818652	0.7441974	1.0	2499	tags=19%, list=13%, signal=22%	
GOBP_RESPONSE_TO_INTERLEUKIN_17	GOBP_RESPONSE_TO_INTERLEUKIN_17		17	-0.416595	-1.0193449	0.45286885	0.74398506	1.0	1598	tags=24%, list=8%, signal=26%	
GOCC_RNA_POLYMERASE_III_COMPLEX	GOCC_RNA_POLYMERASE_III_COMPLEX		16	-0.42927817	-1.0191109	0.43736264	0.744072	1.0	1417	tags=19%, list=7%, signal=20%	
GOBP_SEMINIFEROUS_TUBULE_DEVELOPMENT	GOBP_SEMINIFEROUS_TUBULE_DEVELOPMENT		16	-0.42983153	-1.018802	0.416122	0.7444363	1.0	1460	tags=13%, list=8%, signal=14%	
GOBP_PROTEIN_KINASE_C_ACTIVATING_G_PROTEIN_COUPLED_RECEPTOR_SIGNALING_PATHWAY	GOBP_PROTEIN_KINASE_C_ACTIVATING_G_PROTEIN_COUPLED_RECEPTOR_SIGNALING_PATHWAY		27	-0.3669556	-1.0185742	0.43333334	0.7445021	1.0	3795	tags=26%, list=20%, signal=32%	
GOBP_LIPID_MODIFICATION	GOBP_LIPID_MODIFICATION		186	-0.26962897	-1.0179975	0.37769786	0.7457061	1.0	3286	tags=25%, list=17%, signal=30%	
GOBP_SYNAPTIC_VESICLE_LOCALIZATION	GOBP_SYNAPTIC_VESICLE_LOCALIZATION		53	-0.32826385	-1.0178248	0.39746836	0.7456097	1.0	2806	tags=25%, list=14%, signal=29%	
GOBP_POSITIVE_REGULATION_OF_OSTEOBLAST_DIFFERENTIATION	GOBP_POSITIVE_REGULATION_OF_OSTEOBLAST_DIFFERENTIATION		65	-0.31146634	-1.0175622	0.40625	0.7458317	1.0	1225	tags=14%, list=6%, signal=15%	
GOCC_ROUGH_ENDOPLASMIC_RETICULUM_MEMBRANE	GOCC_ROUGH_ENDOPLASMIC_RETICULUM_MEMBRANE		24	-0.3882914	-1.017454	0.42657343	0.7455298	1.0	4504	tags=54%, list=23%, signal=70%	
GOMF_PEPTIDE_LYSINE_N_ACETYLTRANSFERASE_ACTIVITY	GOMF_PEPTIDE_LYSINE_N_ACETYLTRANSFERASE_ACTIVITY		46	-0.33308393	-1.0170666	0.42822966	0.74610496	1.0	3831	tags=24%, list=20%, signal=30%	
GOBP_POSITIVE_REGULATION_OF_TELOMERASE_ACTIVITY	GOBP_POSITIVE_REGULATION_OF_TELOMERASE_ACTIVITY		30	-0.36204055	-1.0170195	0.42951542	0.745616	1.0	2692	tags=33%, list=14%, signal=39%	
GOBP_CDC42_PROTEIN_SIGNAL_TRANSDUCTION	GOBP_CDC42_PROTEIN_SIGNAL_TRANSDUCTION		16	-0.42545152	-1.0166135	0.4498934	0.74622524	1.0	70	tags=13%, list=0%, signal=13%	
GOBP_TELOMERASE_RNA_LOCALIZATION	GOBP_TELOMERASE_RNA_LOCALIZATION		19	-0.4061895	-1.0165701	0.44	0.74572694	1.0	7766	tags=68%, list=40%, signal=114%	
GOBP_POSITIVE_REGULATION_OF_CHROMOSOME_SEGREGATION	GOBP_POSITIVE_REGULATION_OF_CHROMOSOME_SEGREGATION		27	-0.3661558	-1.0165594	0.43119267	0.74512243	1.0	3577	tags=33%, list=18%, signal=41%	
GOBP_TELOMERE_MAINTENANCE_VIA_TELOMERE_LENGTHENING	GOBP_TELOMERE_MAINTENANCE_VIA_TELOMERE_LENGTHENING		78	-0.29968137	-1.0164297	0.4164456	0.74490243	1.0	4251	tags=29%, list=22%, signal=38%	
GOCC_TRICARBOXYLIC_ACID_CYCLE_HETEROMERIC_ENZYME_COMPLEX	GOCC_TRICARBOXYLIC_ACID_CYCLE_HETEROMERIC_ENZYME_COMPLEX		18	-0.4104363	-1.0162635	0.4409938	0.74477345	1.0	3136	tags=33%, list=16%, signal=40%	
GOBP_VASCULOGENESIS	GOBP_VASCULOGENESIS		78	-0.29693907	-1.0161755	0.42372882	0.7444291	1.0	2945	tags=23%, list=15%, signal=27%	
GOBP_LIPOPROTEIN_METABOLIC_PROCESS	GOBP_LIPOPROTEIN_METABOLIC_PROCESS		131	-0.27788806	-1.016154	0.384127	0.7438701	1.0	3333	tags=27%, list=17%, signal=32%	
GOBP_NEGATIVE_REGULATION_OF_ACTIN_FILAMENT_BUNDLE_ASSEMBLY	GOBP_NEGATIVE_REGULATION_OF_ACTIN_FILAMENT_BUNDLE_ASSEMBLY		29	-0.37000695	-1.0157772	0.44345897	0.7444644	1.0	1624	tags=21%, list=8%, signal=23%	
GOMF_PROTEIN_PHOSPHATASE_2A_BINDING	GOMF_PROTEIN_PHOSPHATASE_2A_BINDING		27	-0.3770278	-1.0156113	0.45898005	0.7443783	1.0	7294	tags=52%, list=38%, signal=83%	
GOCC_ANAPHASE_PROMOTING_COMPLEX	GOCC_ANAPHASE_PROMOTING_COMPLEX		22	-0.39563397	-1.0140804	0.40803382	0.7486296	1.0	4732	tags=32%, list=24%, signal=42%	
GOBP_POSITIVE_REGULATION_OF_NUCLEAR_DIVISION	GOBP_POSITIVE_REGULATION_OF_NUCLEAR_DIVISION		57	-0.31824487	-1.0137992	0.4387755	0.7488703	1.0	1942	tags=14%, list=10%, signal=16%	
GOBP_REGULATION_OF_LYASE_ACTIVITY	GOBP_REGULATION_OF_LYASE_ACTIVITY		55	-0.31779987	-1.013626	0.4296875	0.74880916	1.0	501	tags=7%, list=3%, signal=7%	
GOMF_OUTWARD_RECTIFIER_POTASSIUM_CHANNEL_ACTIVITY	GOMF_OUTWARD_RECTIFIER_POTASSIUM_CHANNEL_ACTIVITY		27	-0.37169123	-1.0133237	0.43155453	0.7490963	1.0	537	tags=15%, list=3%, signal=15%	
GOCC_SCHAFFER_COLLATERAL_CA1_SYNAPSE	GOCC_SCHAFFER_COLLATERAL_CA1_SYNAPSE		91	-0.2985483	-1.0129565	0.38274932	0.7496294	1.0	4181	tags=26%, list=22%, signal=33%	
GOMF_L_AMINO_ACID_TRANSMEMBRANE_TRANSPORTER_ACTIVITY	GOMF_L_AMINO_ACID_TRANSMEMBRANE_TRANSPORTER_ACTIVITY		63	-0.310784	-1.0122973	0.40871936	0.75108534	1.0	1749	tags=19%, list=9%, signal=21%	
GOMF_PROTEIN_PHOSPHATASE_BINDING	GOMF_PROTEIN_PHOSPHATASE_BINDING		133	-0.27640754	-1.0121335	0.42675158	0.75094676	1.0	5058	tags=35%, list=26%, signal=47%	
GOBP_RNA_TEMPLATED_DNA_BIOSYNTHETIC_PROCESS	GOBP_RNA_TEMPLATED_DNA_BIOSYNTHETIC_PROCESS		68	-0.30972296	-1.0120248	0.42535213	0.75065696	1.0	3838	tags=26%, list=20%, signal=33%	
GOBP_ATP_BIOSYNTHETIC_PROCESS	GOBP_ATP_BIOSYNTHETIC_PROCESS		62	-0.31392866	-1.0120009	0.38781163	0.75010365	1.0	6063	tags=52%, list=31%, signal=75%	
GOMF_SYNTAXIN_BINDING	GOMF_SYNTAXIN_BINDING		60	-0.32060003	-1.0119399	0.4387755	0.74969804	1.0	4150	tags=35%, list=21%, signal=44%	
GOCC_LIPID_DROPLET	GOCC_LIPID_DROPLET		98	-0.2934865	-1.0119321	0.41389728	0.74908394	1.0	3590	tags=32%, list=18%, signal=39%	
GOBP_FEMALE_GAMETE_GENERATION	GOBP_FEMALE_GAMETE_GENERATION		147	-0.2737099	-1.011531	0.42011833	0.74967617	1.0	2345	tags=14%, list=12%, signal=16%	
GOBP_FORMATION_OF_EXTRACHROMOSOMAL_CIRCULAR_DNA	GOBP_FORMATION_OF_EXTRACHROMOSOMAL_CIRCULAR_DNA		15	-0.42823434	-1.0109959	0.4509804	0.7507867	1.0	5786	tags=53%, list=30%, signal=76%	
GOBP_INTESTINAL_LIPID_ABSORPTION	GOBP_INTESTINAL_LIPID_ABSORPTION		22	-0.38601688	-1.0098827	0.47357294	0.75361675	1.0	1676	tags=18%, list=9%, signal=20%	
GOBP_POSITIVE_REGULATION_OF_INSULIN_SECRETION	GOBP_POSITIVE_REGULATION_OF_INSULIN_SECRETION		83	-0.29848295	-1.0097284	0.45132744	0.75346667	1.0	1021	tags=10%, list=5%, signal=10%	
GOBP_REGULATION_OF_INTRINSIC_APOPTOTIC_SIGNALING_PATHWAY_BY_P53_CLASS_MEDIATOR	GOBP_REGULATION_OF_INTRINSIC_APOPTOTIC_SIGNALING_PATHWAY_BY_P53_CLASS_MEDIATOR		29	-0.3709003	-1.0094256	0.44666666	0.7537959	1.0	1556	tags=21%, list=8%, signal=22%	
GOMF_MECHANOSENSITIVE_MONOATOMIC_ION_CHANNEL_ACTIVITY	GOMF_MECHANOSENSITIVE_MONOATOMIC_ION_CHANNEL_ACTIVITY		16	-0.42386952	-1.0094168	0.46753246	0.75318986	1.0	1907	tags=25%, list=10%, signal=28%	
GOBP_PEPTIDYL_LYSINE_ACETYLATION	GOBP_PEPTIDYL_LYSINE_ACETYLATION		22	-0.38989308	-1.009232	0.44130436	0.7531519	1.0	5107	tags=45%, list=26%, signal=62%	
GOBP_UTERUS_DEVELOPMENT	GOBP_UTERUS_DEVELOPMENT		24	-0.37853947	-1.0089055	0.46376812	0.7535623	1.0	257	tags=13%, list=1%, signal=13%	
GOBP_LYSOSOMAL_TRANSPORT	GOBP_LYSOSOMAL_TRANSPORT		131	-0.27663898	-1.0088603	0.4205298	0.75306535	1.0	4314	tags=27%, list=22%, signal=35%	
GOBP_POSITIVE_REGULATION_OF_SIGNAL_TRANSDUCTION_BY_P53_CLASS_MEDIATOR	GOBP_POSITIVE_REGULATION_OF_SIGNAL_TRANSDUCTION_BY_P53_CLASS_MEDIATOR		28	-0.36986238	-1.0086535	0.4318182	0.7530622	1.0	1494	tags=21%, list=8%, signal=23%	
GOBP_IONOTROPIC_GLUTAMATE_RECEPTOR_SIGNALING_PATHWAY	GOBP_IONOTROPIC_GLUTAMATE_RECEPTOR_SIGNALING_PATHWAY		23	-0.38662654	-1.0085034	0.4282655	0.75291246	1.0	1071	tags=13%, list=6%, signal=14%	
GOBP_RNA_DECAPPING	GOBP_RNA_DECAPPING		18	-0.39609724	-1.0081891	0.43196544	0.75326145	1.0	4107	tags=39%, list=21%, signal=49%	
GOBP_C4_DICARBOXYLATE_TRANSPORT	GOBP_C4_DICARBOXYLATE_TRANSPORT		28	-0.36474055	-1.0080254	0.44622424	0.75316167	1.0	2178	tags=32%, list=11%, signal=36%	
GOCC_PRC1_COMPLEX	GOCC_PRC1_COMPLEX		18	-0.4100002	-1.0079691	0.4327731	0.75271666	1.0	6183	tags=44%, list=32%, signal=65%	
GOBP_REGULATION_OF_CELL_GROWTH_INVOLVED_IN_CARDIAC_MUSCLE_CELL_DEVELOPMENT	GOBP_REGULATION_OF_CELL_GROWTH_INVOLVED_IN_CARDIAC_MUSCLE_CELL_DEVELOPMENT		16	-0.42231306	-1.0078696	0.44397464	0.75242007	1.0	2795	tags=38%, list=14%, signal=44%	
GOMF_N_ACETYLTRANSFERASE_ACTIVITY	GOMF_N_ACETYLTRANSFERASE_ACTIVITY		66	-0.31120518	-1.0075823	0.43222508	0.7526959	1.0	6133	tags=39%, list=32%, signal=57%	
GOBP_GLUTAMATE_METABOLIC_PROCESS	GOBP_GLUTAMATE_METABOLIC_PROCESS		33	-0.35284507	-1.0074414	0.44691357	0.75251776	1.0	2880	tags=27%, list=15%, signal=32%	
GOBP_REGULATION_OF_DNA_METABOLIC_PROCESS	GOBP_REGULATION_OF_DNA_METABOLIC_PROCESS		460	-0.24110043	-1.0069523	0.4076087	0.7533852	1.0	5218	tags=33%, list=27%, signal=44%	
GOBP_NEGATIVE_REGULATION_OF_RNA_SPLICING	GOBP_NEGATIVE_REGULATION_OF_RNA_SPLICING		25	-0.37704462	-1.0065458	0.42669585	0.7539928	1.0	4999	tags=32%, list=26%, signal=43%	
GOBP_RESPONSE_TO_FLUID_SHEAR_STRESS	GOBP_RESPONSE_TO_FLUID_SHEAR_STRESS		32	-0.3591214	-1.0064191	0.4439141	0.7537596	1.0	2527	tags=25%, list=13%, signal=29%	
GOMF_MICROTUBULE_MOTOR_ACTIVITY	GOMF_MICROTUBULE_MOTOR_ACTIVITY		62	-0.31909043	-1.0059887	0.4274809	0.75448203	1.0	3780	tags=27%, list=19%, signal=34%	
GOCC_PROTEASOME_CORE_COMPLEX	GOCC_PROTEASOME_CORE_COMPLEX		19	-0.40072542	-1.0056597	0.42735043	0.754925	1.0	7588	tags=58%, list=39%, signal=95%	
GOBP_AORTIC_VALVE_MORPHOGENESIS	GOBP_AORTIC_VALVE_MORPHOGENESIS		39	-0.34124044	-1.0055782	0.41686746	0.75455886	1.0	425	tags=15%, list=2%, signal=16%	
GOMF_CYCLOSPORIN_A_BINDING	GOMF_CYCLOSPORIN_A_BINDING		19	-0.40214148	-1.0055611	0.45901638	0.7539857	1.0	2529	tags=21%, list=13%, signal=24%	
GOMF_STRUCTURAL_CONSTITUENT_OF_NUCLEAR_PORE	GOMF_STRUCTURAL_CONSTITUENT_OF_NUCLEAR_PORE		22	-0.38352796	-1.0053875	0.43881857	0.7539342	1.0	2624	tags=18%, list=14%, signal=21%	
GOCC_RESPIRATORY_CHAIN_COMPLEX_IV	GOCC_RESPIRATORY_CHAIN_COMPLEX_IV		22	-0.39166507	-1.0049111	0.4650113	0.7548462	1.0	6597	tags=45%, list=34%, signal=69%	
GOBP_PROTEIN_TARGETING_TO_MEMBRANE	GOBP_PROTEIN_TARGETING_TO_MEMBRANE		117	-0.28124505	-1.0048653	0.4707792	0.75437146	1.0	4434	tags=32%, list=23%, signal=41%	
GOBP_POSITIVE_REGULATION_OF_PEPTIDE_SECRETION	GOBP_POSITIVE_REGULATION_OF_PEPTIDE_SECRETION		109	-0.28887546	-1.0046571	0.41379312	0.75442326	1.0	1021	tags=10%, list=5%, signal=11%	
GOBP_REGULATION_OF_MONOOXYGENASE_ACTIVITY	GOBP_REGULATION_OF_MONOOXYGENASE_ACTIVITY		34	-0.35149822	-1.0043801	0.45475638	0.75466514	1.0	256	tags=12%, list=1%, signal=12%	
GOMF_ACID_THIOL_LIGASE_ACTIVITY	GOMF_ACID_THIOL_LIGASE_ACTIVITY		31	-0.35748914	-1.0042027	0.41860464	0.7546126	1.0	187	tags=6%, list=1%, signal=7%	
GOBP_MACROAUTOPHAGY	GOBP_MACROAUTOPHAGY		340	-0.25037086	-1.0040783	0.42152467	0.7543515	1.0	4738	tags=32%, list=24%, signal=41%	
GOBP_PHAGOLYSOSOME_ASSEMBLY	GOBP_PHAGOLYSOSOME_ASSEMBLY		19	-0.3990055	-1.003138	0.44490644	0.7567515	1.0	1061	tags=26%, list=5%, signal=28%	
GOMF_HYDROLASE_ACTIVITY_HYDROLYZING_O_GLYCOSYL_COMPOUNDS	GOMF_HYDROLASE_ACTIVITY_HYDROLYZING_O_GLYCOSYL_COMPOUNDS		86	-0.29368198	-1.002664	0.46627566	0.7577137	1.0	1618	tags=14%, list=8%, signal=15%	
GOBP_NEGATIVE_REGULATION_OF_RECEPTOR_SIGNALING_PATHWAY_VIA_JAK_STAT	GOBP_NEGATIVE_REGULATION_OF_RECEPTOR_SIGNALING_PATHWAY_VIA_JAK_STAT		20	-0.39794108	-1.0015543	0.47488585	0.7606309	1.0	517	tags=10%, list=3%, signal=10%	
GOBP_TRANSEPITHELIAL_TRANSPORT	GOBP_TRANSEPITHELIAL_TRANSPORT		35	-0.34526303	-1.0001674	0.44549763	0.7645055	1.0	938	tags=20%, list=5%, signal=21%	
GOCC_BRUSH_BORDER_MEMBRANE	GOCC_BRUSH_BORDER_MEMBRANE		56	-0.31859118	-1.000007	0.41133004	0.7644187	1.0	2322	tags=21%, list=12%, signal=24%	
GOBP_AEROBIC_RESPIRATION	GOBP_AEROBIC_RESPIRATION		148	-0.27193072	-0.9999577	0.4730539	0.7639494	1.0	6703	tags=51%, list=35%, signal=78%	
GOBP_POSITIVE_REGULATION_OF_STEROL_TRANSPORT	GOBP_POSITIVE_REGULATION_OF_STEROL_TRANSPORT		34	-0.3499837	-0.99966836	0.4556355	0.7642626	1.0	1959	tags=24%, list=10%, signal=26%	
GOBP_RESPONSE_TO_COCAINE	GOBP_RESPONSE_TO_COCAINE		55	-0.31878987	-0.9994477	0.4642857	0.76436126	1.0	1426	tags=16%, list=7%, signal=18%	
GOBP_CELLULAR_COMPONENT_MAINTENANCE	GOBP_CELLULAR_COMPONENT_MAINTENANCE		66	-0.30892074	-0.9993599	0.46049047	0.7639989	1.0	2780	tags=26%, list=14%, signal=30%	
GOBP_RESPONSE_TO_ELECTRICAL_STIMULUS	GOBP_RESPONSE_TO_ELECTRICAL_STIMULUS		40	-0.33466128	-0.99911046	0.4683841	0.7641787	1.0	2708	tags=20%, list=14%, signal=23%	
GOBP_LIPOSACCHARIDE_METABOLIC_PROCESS	GOBP_LIPOSACCHARIDE_METABOLIC_PROCESS		106	-0.2845964	-0.9990781	0.43567252	0.7636489	1.0	5517	tags=42%, list=28%, signal=58%	
GOCC_SPINDLE_MIDZONE	GOCC_SPINDLE_MIDZONE		33	-0.3518081	-0.99903876	0.46575344	0.763149	1.0	6100	tags=52%, list=31%, signal=75%	
GOBP_ENDOPLASMIC_RETICULUM_ORGANIZATION	GOBP_ENDOPLASMIC_RETICULUM_ORGANIZATION		85	-0.29358903	-0.9988539	0.43333334	0.7631306	1.0	4198	tags=39%, list=22%, signal=49%	
GOMF_NUCLEOSOME_BINDING	GOMF_NUCLEOSOME_BINDING		52	-0.3152681	-0.9986334	0.442029	0.7631764	1.0	5656	tags=35%, list=29%, signal=49%	
GOBP_TELOMERE_MAINTENANCE	GOBP_TELOMERE_MAINTENANCE		150	-0.26827568	-0.9983416	0.4375	0.76350516	1.0	5884	tags=42%, list=30%, signal=60%	
GOBP_POSITIVE_REGULATION_OF_CHOLESTEROL_EFFLUX	GOBP_POSITIVE_REGULATION_OF_CHOLESTEROL_EFFLUX		26	-0.36726442	-0.99832666	0.4491726	0.7629314	1.0	3215	tags=35%, list=17%, signal=41%	
GOBP_RNA_CATABOLIC_PROCESS	GOBP_RNA_CATABOLIC_PROCESS		276	-0.24868305	-0.9967972	0.43283582	0.7672165	1.0	4187	tags=31%, list=22%, signal=39%	
GOBP_PEPTIDYL_CYSTEINE_MODIFICATION	GOBP_PEPTIDYL_CYSTEINE_MODIFICATION		41	-0.32776234	-0.99679244	0.44827586	0.7666077	1.0	3374	tags=27%, list=17%, signal=32%	
GOBP_CERAMIDE_TRANSPORT	GOBP_CERAMIDE_TRANSPORT		15	-0.42629427	-0.99619937	0.47245762	0.7678881	1.0	1061	tags=20%, list=5%, signal=21%	
GOCC_CCR4_NOT_COMPLEX	GOCC_CCR4_NOT_COMPLEX		15	-0.42517728	-0.9958385	0.47974414	0.7684362	1.0	4657	tags=33%, list=24%, signal=44%	
GOBP_RESPONSE_TO_NERVE_GROWTH_FACTOR	GOBP_RESPONSE_TO_NERVE_GROWTH_FACTOR		51	-0.31615025	-0.9957681	0.44810125	0.7680434	1.0	982	tags=12%, list=5%, signal=12%	
GOBP_EMBRYONIC_PATTERN_SPECIFICATION	GOBP_EMBRYONIC_PATTERN_SPECIFICATION		68	-0.30527815	-0.9957329	0.45128205	0.76754	1.0	1655	tags=16%, list=9%, signal=18%	
GOBP_HAIR_CELL_DIFFERENTIATION	GOBP_HAIR_CELL_DIFFERENTIATION		49	-0.3162285	-0.9957197	0.46962616	0.7669638	1.0	1827	tags=18%, list=9%, signal=20%	
GOBP_NEGATIVE_REGULATION_OF_ENDOPLASMIC_RETICULUM_STRESS_INDUCED_INTRINSIC_APOPTOTIC_SIGNALING_PATHWAY	GOBP_NEGATIVE_REGULATION_OF_ENDOPLASMIC_RETICULUM_STRESS_INDUCED_INTRINSIC_APOPTOTIC_SIGNALING_PATHWAY		17	-0.40425074	-0.99554324	0.45550847	0.76690364	1.0	4470	tags=47%, list=23%, signal=61%	
GOBP_LIPID_CATABOLIC_PROCESS	GOBP_LIPID_CATABOLIC_PROCESS		327	-0.24422914	-0.9953646	0.43055555	0.7669015	1.0	3379	tags=23%, list=17%, signal=28%	
GOMF_MRNA_BINDING	GOMF_MRNA_BINDING		327	-0.24499375	-0.9952085	0.43192488	0.7667764	1.0	4648	tags=28%, list=24%, signal=37%	
GOBP_MITOPHAGY	GOBP_MITOPHAGY		61	-0.30991173	-0.9945534	0.46630728	0.7682596	1.0	4738	tags=33%, list=24%, signal=43%	
GOCC_INTRACILIARY_TRANSPORT_PARTICLE	GOCC_INTRACILIARY_TRANSPORT_PARTICLE		22	-0.3814156	-0.99395984	0.45824412	0.7695023	1.0	4676	tags=36%, list=24%, signal=48%	
GOBP_CELLULAR_RESPONSE_TO_FATTY_ACID	GOBP_CELLULAR_RESPONSE_TO_FATTY_ACID		33	-0.3446412	-0.9937738	0.4516854	0.76946545	1.0	1996	tags=21%, list=10%, signal=24%	
GOBP_MUSCLE_CELL_APOPTOTIC_PROCESS	GOBP_MUSCLE_CELL_APOPTOTIC_PROCESS		78	-0.29628366	-0.9936705	0.44970414	0.7691839	1.0	1610	tags=15%, list=8%, signal=17%	
GOBP_NEURON_PROJECTION_EXTENSION_INVOLVED_IN_NEURON_PROJECTION_GUIDANCE	GOBP_NEURON_PROJECTION_EXTENSION_INVOLVED_IN_NEURON_PROJECTION_GUIDANCE		21	-0.38740617	-0.9936561	0.47956988	0.76860607	1.0	1381	tags=24%, list=7%, signal=26%	
GOBP_GAMMA_AMINOBUTYRIC_ACID_SIGNALING_PATHWAY	GOBP_GAMMA_AMINOBUTYRIC_ACID_SIGNALING_PATHWAY		27	-0.36791474	-0.99332345	0.48550725	0.76902825	1.0	11	tags=4%, list=0%, signal=4%	
GOBP_DNA_CONFORMATION_CHANGE	GOBP_DNA_CONFORMATION_CHANGE		83	-0.29012385	-0.993133	0.43342775	0.76900715	1.0	4604	tags=39%, list=24%, signal=50%	
GOBP_REGULATION_OF_ACTIVIN_RECEPTOR_SIGNALING_PATHWAY	GOBP_REGULATION_OF_ACTIVIN_RECEPTOR_SIGNALING_PATHWAY		26	-0.37008643	-0.99302596	0.4662162	0.768721	1.0	2023	tags=27%, list=10%, signal=30%	
GOBP_ANAPHASE_PROMOTING_COMPLEX_DEPENDENT_CATABOLIC_PROCESS	GOBP_ANAPHASE_PROMOTING_COMPLEX_DEPENDENT_CATABOLIC_PROCESS		23	-0.37981185	-0.99241775	0.4553377	0.76999533	1.0	5499	tags=35%, list=28%, signal=48%	
GOBP_RESPONSE_TO_L_GLUTAMATE	GOBP_RESPONSE_TO_L_GLUTAMATE		15	-0.42311296	-0.99185973	0.47698745	0.77113956	1.0	3667	tags=40%, list=19%, signal=49%	
GOBP_REGULATION_OF_DOUBLE_STRAND_BREAK_REPAIR_VIA_NONHOMOLOGOUS_END_JOINING	GOBP_REGULATION_OF_DOUBLE_STRAND_BREAK_REPAIR_VIA_NONHOMOLOGOUS_END_JOINING		23	-0.38130528	-0.9918141	0.45852536	0.7706631	1.0	2744	tags=26%, list=14%, signal=30%	
GOBP_COLUMNAR_CUBOIDAL_EPITHELIAL_CELL_DIFFERENTIATION	GOBP_COLUMNAR_CUBOIDAL_EPITHELIAL_CELL_DIFFERENTIATION		119	-0.27985486	-0.99150425	0.47575757	0.77105194	1.0	1513	tags=11%, list=8%, signal=12%	
GOBP_NEGATIVE_REGULATION_OF_VIRAL_TRANSCRIPTION	GOBP_NEGATIVE_REGULATION_OF_VIRAL_TRANSCRIPTION		15	-0.41702333	-0.9912036	0.4752688	0.7713831	1.0	4329	tags=40%, list=22%, signal=51%	
GOCC_CYTOPLASMIC_DYNEIN_COMPLEX	GOCC_CYTOPLASMIC_DYNEIN_COMPLEX		17	-0.41546714	-0.990951	0.49115044	0.7715908	1.0	5538	tags=47%, list=29%, signal=66%	
GOBP_NEUROTRANSMITTER_RECEPTOR_INTERNALIZATION	GOBP_NEUROTRANSMITTER_RECEPTOR_INTERNALIZATION		34	-0.34376922	-0.9909148	0.46712017	0.77109253	1.0	4281	tags=29%, list=22%, signal=38%	
GOBP_NEGATIVE_REGULATION_OF_SMOOTH_MUSCLE_CELL_PROLIFERATION	GOBP_NEGATIVE_REGULATION_OF_SMOOTH_MUSCLE_CELL_PROLIFERATION		48	-0.32324705	-0.9905815	0.46420324	0.7714941	1.0	2361	tags=23%, list=12%, signal=26%	
GOBP_GLOMERULUS_DEVELOPMENT	GOBP_GLOMERULUS_DEVELOPMENT		72	-0.29684278	-0.99013877	0.48641303	0.7722209	1.0	1444	tags=18%, list=7%, signal=19%	
GOMF_RNA_NUCLEASE_ACTIVITY	GOMF_RNA_NUCLEASE_ACTIVITY		119	-0.2812182	-0.99005145	0.4643963	0.771866	1.0	2291	tags=19%, list=12%, signal=22%	
GOBP_GLUTAMATE_SECRETION	GOBP_GLUTAMATE_SECRETION		28	-0.36475718	-0.9898853	0.4772182	0.7717545	1.0	1242	tags=14%, list=6%, signal=15%	
GOMF_ORGANIC_ANION_TRANSMEMBRANE_TRANSPORTER_ACTIVITY	GOMF_ORGANIC_ANION_TRANSMEMBRANE_TRANSPORTER_ACTIVITY		261	-0.25058472	-0.98895943	0.48046875	0.7741162	1.0	1749	tags=13%, list=9%, signal=14%	
GOCC_FIBRILLAR_CENTER	GOCC_FIBRILLAR_CENTER		143	-0.27248794	-0.98887086	0.48297215	0.77377164	1.0	4992	tags=34%, list=26%, signal=45%	
GOBP_POSITIVE_REGULATION_OF_VASCULAR_ENDOTHELIAL_GROWTH_FACTOR_PRODUCTION	GOBP_POSITIVE_REGULATION_OF_VASCULAR_ENDOTHELIAL_GROWTH_FACTOR_PRODUCTION		30	-0.35501954	-0.988626	0.454343	0.7739693	1.0	645	tags=17%, list=3%, signal=17%	
GOMF_TASTE_RECEPTOR_ACTIVITY	GOMF_TASTE_RECEPTOR_ACTIVITY		30	-0.35442552	-0.98845565	0.46888888	0.77391654	1.0	178	tags=3%, list=1%, signal=3%	
GOMF_ATPASE_COUPLED_MONOATOMIC_CATION_TRANSMEMBRANE_TRANSPORTER_ACTIVITY	GOMF_ATPASE_COUPLED_MONOATOMIC_CATION_TRANSMEMBRANE_TRANSPORTER_ACTIVITY		52	-0.31198278	-0.9881504	0.46778044	0.77427614	1.0	5375	tags=40%, list=28%, signal=56%	
GOCC_PERICENTRIOLAR_MATERIAL	GOCC_PERICENTRIOLAR_MATERIAL		21	-0.38971496	-0.9872683	0.49156117	0.7764544	1.0	4381	tags=43%, list=23%, signal=55%	
GOBP_PROTEIN_LOCALIZATION_TO_CYTOSKELETON	GOBP_PROTEIN_LOCALIZATION_TO_CYTOSKELETON		60	-0.30503973	-0.9868181	0.46825397	0.77722144	1.0	3408	tags=28%, list=18%, signal=34%	
GOBP_SENSORY_PERCEPTION_OF_BITTER_TASTE	GOBP_SENSORY_PERCEPTION_OF_BITTER_TASTE		43	-0.3256923	-0.9862539	0.46697038	0.77836925	1.0	775	tags=7%, list=4%, signal=7%	
GOCC_SAGA_COMPLEX	GOCC_SAGA_COMPLEX		20	-0.38819307	-0.98571306	0.47472528	0.7794422	1.0	6437	tags=55%, list=33%, signal=82%	
GOBP_NEGATIVE_REGULATION_OF_PROTEIN_LOCALIZATION	GOBP_NEGATIVE_REGULATION_OF_PROTEIN_LOCALIZATION		196	-0.2562066	-0.9853671	0.4913495	0.7799698	1.0	4242	tags=31%, list=22%, signal=39%	
GOBP_TRANSCRIPTION_INITIATION_AT_RNA_POLYMERASE_II_PROMOTER	GOBP_TRANSCRIPTION_INITIATION_AT_RNA_POLYMERASE_II_PROMOTER		146	-0.26205865	-0.9852394	0.4745223	0.77975243	1.0	5539	tags=42%, list=29%, signal=58%	
GOBP_NEGATIVE_REGULATION_OF_CHONDROCYTE_DIFFERENTIATION	GOBP_NEGATIVE_REGULATION_OF_CHONDROCYTE_DIFFERENTIATION		20	-0.39007753	-0.98514813	0.46943232	0.77943206	1.0	1274	tags=25%, list=7%, signal=27%	
GOBP_EMBRYONIC_FORELIMB_MORPHOGENESIS	GOBP_EMBRYONIC_FORELIMB_MORPHOGENESIS		33	-0.35375467	-0.9851215	0.47887325	0.77890027	1.0	406	tags=15%, list=2%, signal=15%	
GOBP_MOTILE_CILIUM_ASSEMBLY	GOBP_MOTILE_CILIUM_ASSEMBLY		63	-0.30586845	-0.9847809	0.50793654	0.7793678	1.0	2277	tags=16%, list=12%, signal=18%	
GOBP_POSITIVE_REGULATION_OF_DNA_METABOLIC_PROCESS	GOBP_POSITIVE_REGULATION_OF_DNA_METABOLIC_PROCESS		279	-0.2465165	-0.9845701	0.49609375	0.77944994	1.0	5265	tags=33%, list=27%, signal=45%	
GOMF_PHOSPHOTRANSFERASE_ACTIVITY_PHOSPHATE_GROUP_AS_ACCEPTOR	GOMF_PHOSPHOTRANSFERASE_ACTIVITY_PHOSPHATE_GROUP_AS_ACCEPTOR		35	-0.34339154	-0.98356897	0.48346055	0.78201663	1.0	4583	tags=31%, list=24%, signal=41%	
GOBP_AXIS_ELONGATION	GOBP_AXIS_ELONGATION		29	-0.35729763	-0.98318493	0.49339208	0.7826562	1.0	2767	tags=38%, list=14%, signal=44%	
GOBP_RETROGRADE_TRANSPORT_ENDOSOME_TO_GOLGI	GOBP_RETROGRADE_TRANSPORT_ENDOSOME_TO_GOLGI		92	-0.28178805	-0.98269546	0.46760562	0.7836382	1.0	4817	tags=28%, list=25%, signal=37%	
GOBP_VIRAL_RELEASE_FROM_HOST_CELL	GOBP_VIRAL_RELEASE_FROM_HOST_CELL		27	-0.36031234	-0.9821533	0.5159091	0.78483623	1.0	3690	tags=37%, list=19%, signal=46%	
GOCC_MALE_GERM_CELL_NUCLEUS	GOCC_MALE_GERM_CELL_NUCLEUS		48	-0.3163873	-0.98213655	0.5	0.78428406	1.0	4378	tags=27%, list=23%, signal=35%	
GOCC_CHROMOSOME_TELOMERIC_REGION	GOCC_CHROMOSOME_TELOMERIC_REGION		142	-0.2648	-0.98186266	0.50949365	0.7845628	1.0	5850	tags=39%, list=30%, signal=56%	
GOMF_UNFOLDED_PROTEIN_BINDING	GOMF_UNFOLDED_PROTEIN_BINDING		110	-0.27927005	-0.98172	0.5	0.78436136	1.0	5935	tags=40%, list=31%, signal=57%	
GOBP_FORELIMB_MORPHOGENESIS	GOBP_FORELIMB_MORPHOGENESIS		39	-0.33016542	-0.9816917	0.4655582	0.78382766	1.0	406	tags=13%, list=2%, signal=13%	
GOBP_REGULATION_OF_HORMONE_METABOLIC_PROCESS	GOBP_REGULATION_OF_HORMONE_METABOLIC_PROCESS		39	-0.33485356	-0.98163486	0.5011338	0.783403	1.0	1650	tags=21%, list=8%, signal=22%	
GOBP_NEGATIVE_REGULATION_OF_ORGANIC_ACID_TRANSPORT	GOBP_NEGATIVE_REGULATION_OF_ORGANIC_ACID_TRANSPORT		22	-0.37275186	-0.9809456	0.47761193	0.7850156	1.0	443	tags=14%, list=2%, signal=14%	
GOBP_PROTEIN_AUTOPROCESSING	GOBP_PROTEIN_AUTOPROCESSING		26	-0.3675219	-0.9808084	0.48842594	0.78479826	1.0	4511	tags=42%, list=23%, signal=55%	
GOBP_REPLICATIVE_SENESCENCE	GOBP_REPLICATIVE_SENESCENCE		16	-0.40921104	-0.98080826	0.50688076	0.7841875	1.0	5676	tags=56%, list=29%, signal=79%	
GOMF_MODIFICATION_DEPENDENT_PROTEIN_BINDING	GOMF_MODIFICATION_DEPENDENT_PROTEIN_BINDING		171	-0.25878713	-0.9805417	0.5	0.784419	1.0	4317	tags=26%, list=22%, signal=34%	
GOMF_ACETYLTRANSFERASE_ACTIVITY	GOMF_ACETYLTRANSFERASE_ACTIVITY		93	-0.28265154	-0.9800148	0.5181518	0.78546405	1.0	5684	tags=37%, list=29%, signal=51%	
GOBP_MITOCHONDRIAL_RNA_METABOLIC_PROCESS	GOBP_MITOCHONDRIAL_RNA_METABOLIC_PROCESS		50	-0.31525993	-0.9797584	0.47142857	0.7856351	1.0	5191	tags=38%, list=27%, signal=52%	
GOBP_NEGATIVE_REGULATION_OF_REPRODUCTIVE_PROCESS	GOBP_NEGATIVE_REGULATION_OF_REPRODUCTIVE_PROCESS		69	-0.29563567	-0.9795631	0.47969544	0.7856566	1.0	3874	tags=28%, list=20%, signal=34%	
GOMF_AMINE_BINDING	GOMF_AMINE_BINDING		15	-0.4167969	-0.9794268	0.48945147	0.78547704	1.0	4130	tags=33%, list=21%, signal=42%	
GOBP_2_OXOGLUTARATE_METABOLIC_PROCESS	GOBP_2_OXOGLUTARATE_METABOLIC_PROCESS		17	-0.4097538	-0.9791832	0.52016985	0.7856656	1.0	2794	tags=35%, list=14%, signal=41%	
GOMF_PHOSPHATIDYLINOSITOL_3_PHOSPHATE_BINDING	GOMF_PHOSPHATIDYLINOSITOL_3_PHOSPHATE_BINDING		41	-0.32821247	-0.9791023	0.47916666	0.7852969	1.0	2308	tags=27%, list=12%, signal=30%	
GOBP_RESPONSE_TO_AUDITORY_STIMULUS	GOBP_RESPONSE_TO_AUDITORY_STIMULUS		31	-0.35608894	-0.97854763	0.45515695	0.7865087	1.0	1414	tags=10%, list=7%, signal=10%	
GOBP_MAMMARY_GLAND_ALVEOLUS_DEVELOPMENT	GOBP_MAMMARY_GLAND_ALVEOLUS_DEVELOPMENT		20	-0.38328788	-0.9780412	0.51096493	0.7875116	1.0	827	tags=10%, list=4%, signal=10%	
GOCC_PRECATALYTIC_SPLICEOSOME	GOCC_PRECATALYTIC_SPLICEOSOME		52	-0.315262	-0.9779208	0.47933885	0.7872933	1.0	7595	tags=60%, list=39%, signal=98%	
GOBP_SODIUM_ION_EXPORT_ACROSS_PLASMA_MEMBRANE	GOBP_SODIUM_ION_EXPORT_ACROSS_PLASMA_MEMBRANE		15	-0.4082704	-0.9776201	0.49894738	0.78763306	1.0	4102	tags=40%, list=21%, signal=51%	
GOBP_POSITIVE_REGULATION_OF_DENDRITIC_SPINE_MORPHOGENESIS	GOBP_POSITIVE_REGULATION_OF_DENDRITIC_SPINE_MORPHOGENESIS		18	-0.38847014	-0.9775327	0.4741573	0.7873088	1.0	2209	tags=33%, list=11%, signal=38%	
GOBP_ADENYLATE_CYCLASE_ACTIVATING_ADRENERGIC_RECEPTOR_SIGNALING_PATHWAY	GOBP_ADENYLATE_CYCLASE_ACTIVATING_ADRENERGIC_RECEPTOR_SIGNALING_PATHWAY		22	-0.37991795	-0.9774637	0.49247313	0.78692144	1.0	3249	tags=27%, list=17%, signal=33%	
GOBP_DICARBOXYLIC_ACID_TRANSPORT	GOBP_DICARBOXYLIC_ACID_TRANSPORT		98	-0.2788514	-0.9774159	0.51488096	0.7864645	1.0	2348	tags=18%, list=12%, signal=21%	
GOBP_POSITIVE_REGULATION_OF_EPITHELIAL_CELL_DIFFERENTIATION	GOBP_POSITIVE_REGULATION_OF_EPITHELIAL_CELL_DIFFERENTIATION		58	-0.3088249	-0.97697806	0.4960212	0.7872604	1.0	2046	tags=21%, list=11%, signal=23%	
GOBP_MEIOTIC_CELL_CYCLE_PROCESS	GOBP_MEIOTIC_CELL_CYCLE_PROCESS		184	-0.25626662	-0.9761195	0.52398527	0.78933036	1.0	4251	tags=23%, list=22%, signal=29%	
GOBP_TRANSLATIONAL_TERMINATION	GOBP_TRANSLATIONAL_TERMINATION		15	-0.41500723	-0.9759764	0.49499	0.7892154	1.0	5756	tags=60%, list=30%, signal=85%	
GOBP_RENAL_SYSTEM_VASCULATURE_DEVELOPMENT	GOBP_RENAL_SYSTEM_VASCULATURE_DEVELOPMENT		32	-0.34421378	-0.97567505	0.47247708	0.7895449	1.0	1311	tags=19%, list=7%, signal=20%	
GOBP_SERTOLI_CELL_DEVELOPMENT	GOBP_SERTOLI_CELL_DEVELOPMENT		15	-0.4112796	-0.9756053	0.4813278	0.78915215	1.0	1696	tags=20%, list=9%, signal=22%	
GOBP_L_AMINO_ACID_TRANSPORT	GOBP_L_AMINO_ACID_TRANSPORT		91	-0.2847337	-0.97558886	0.46666667	0.788596	1.0	1749	tags=16%, list=9%, signal=18%	
GOMF_ENDONUCLEASE_ACTIVITY	GOMF_ENDONUCLEASE_ACTIVITY		114	-0.2766829	-0.97537875	0.49858356	0.78864986	1.0	2291	tags=21%, list=12%, signal=24%	
GOBP_ELECTRON_TRANSPORT_CHAIN	GOBP_ELECTRON_TRANSPORT_CHAIN		104	-0.28043622	-0.9753761	0.5169492	0.7880518	1.0	6465	tags=49%, list=33%, signal=73%	
GOCC_EARLY_ENDOSOME_MEMBRANE	GOCC_EARLY_ENDOSOME_MEMBRANE		179	-0.25669512	-0.9748379	0.5322034	0.7891339	1.0	1061	tags=11%, list=5%, signal=12%	
GOBP_PROTEIN_METHYLATION	GOBP_PROTEIN_METHYLATION		42	-0.3238445	-0.9748005	0.48106903	0.78865945	1.0	6312	tags=45%, list=32%, signal=67%	
GOBP_POSITIVE_REGULATION_OF_MRNA_METABOLIC_PROCESS	GOBP_POSITIVE_REGULATION_OF_MRNA_METABOLIC_PROCESS		133	-0.2663594	-0.9744151	0.5294118	0.78928	1.0	5819	tags=39%, list=30%, signal=55%	
GOBP_TELOMERE_ORGANIZATION	GOBP_TELOMERE_ORGANIZATION		155	-0.26578107	-0.9740844	0.5177305	0.7896991	1.0	5884	tags=41%, list=30%, signal=59%	
GOBP_RENAL_TUBULE_DEVELOPMENT	GOBP_RENAL_TUBULE_DEVELOPMENT		103	-0.2774737	-0.973876	0.4954683	0.78976333	1.0	1067	tags=14%, list=5%, signal=14%	
GOMF_ACTIVE_TRANSMEMBRANE_TRANSPORTER_ACTIVITY	GOMF_ACTIVE_TRANSMEMBRANE_TRANSPORTER_ACTIVITY		430	-0.23675528	-0.97370905	0.5945946	0.7897031	1.0	3760	tags=21%, list=19%, signal=26%	
GOCC_NODE_OF_RANVIER	GOCC_NODE_OF_RANVIER		16	-0.411885	-0.97345173	0.49799198	0.78995234	1.0	1762	tags=13%, list=9%, signal=14%	
GOCC_PERICENTRIC_HETEROCHROMATIN	GOCC_PERICENTRIC_HETEROCHROMATIN		27	-0.3546388	-0.97266227	0.49217004	0.7918886	1.0	5197	tags=37%, list=27%, signal=50%	
GOBP_MEMBRANE_BIOGENESIS	GOBP_MEMBRANE_BIOGENESIS		62	-0.30417404	-0.9726178	0.505291	0.79144263	1.0	3291	tags=23%, list=17%, signal=27%	
GOMF_PRE_MRNA_BINDING	GOMF_PRE_MRNA_BINDING		41	-0.32773605	-0.97261053	0.48251748	0.7908642	1.0	5357	tags=32%, list=28%, signal=44%	
GOBP_PHYSIOLOGICAL_CARDIAC_MUSCLE_HYPERTROPHY	GOBP_PHYSIOLOGICAL_CARDIAC_MUSCLE_HYPERTROPHY		23	-0.367014	-0.9716336	0.4888393	0.7933278	1.0	2795	tags=26%, list=14%, signal=30%	
GOBP_REGULATION_OF_INSULIN_SECRETION	GOBP_REGULATION_OF_INSULIN_SECRETION		158	-0.2601129	-0.9713939	0.543131	0.79348785	1.0	2275	tags=16%, list=12%, signal=18%	
GOBP_BRANCH_ELONGATION_OF_AN_EPITHELIUM	GOBP_BRANCH_ELONGATION_OF_AN_EPITHELIUM		19	-0.38455218	-0.9712769	0.5031185	0.793235	1.0	2746	tags=32%, list=14%, signal=37%	
GOBP_REGULATION_OF_CELLULAR_RESPONSE_TO_OXIDATIVE_STRESS	GOBP_REGULATION_OF_CELLULAR_RESPONSE_TO_OXIDATIVE_STRESS		19	-0.39334095	-0.9697235	0.51138717	0.7975302	1.0	3039	tags=26%, list=16%, signal=31%	
GOBP_REGULATION_OF_RESPIRATORY_SYSTEM_PROCESS	GOBP_REGULATION_OF_RESPIRATORY_SYSTEM_PROCESS		16	-0.41076997	-0.96966505	0.5214592	0.7971124	1.0	3448	tags=31%, list=18%, signal=38%	
GOMF_PROTEIN_TYROSINE_PHOSPHATASE_ACTIVITY	GOMF_PROTEIN_TYROSINE_PHOSPHATASE_ACTIVITY		94	-0.28378442	-0.9695777	0.5095368	0.7968057	1.0	2644	tags=20%, list=14%, signal=23%	
GOMF_ATPASE_COUPLED_TRANSMEMBRANE_TRANSPORTER_ACTIVITY	GOMF_ATPASE_COUPLED_TRANSMEMBRANE_TRANSPORTER_ACTIVITY		93	-0.27972448	-0.96956396	0.54571426	0.7962404	1.0	5439	tags=40%, list=28%, signal=55%	
GOBP_PERIPHERAL_NERVOUS_SYSTEM_DEVELOPMENT	GOBP_PERIPHERAL_NERVOUS_SYSTEM_DEVELOPMENT		83	-0.2902861	-0.9694191	0.5210843	0.79611593	1.0	2767	tags=18%, list=14%, signal=21%	
GOBP_NUCLEOSIDE_BISPHOSPHATE_METABOLIC_PROCESS	GOBP_NUCLEOSIDE_BISPHOSPHATE_METABOLIC_PROCESS		118	-0.26712272	-0.9690878	0.5158501	0.79656404	1.0	3360	tags=23%, list=17%, signal=27%	
GOBP_NEGATIVE_REGULATION_OF_SIGNAL_TRANSDUCTION_BY_P53_CLASS_MEDIATOR	GOBP_NEGATIVE_REGULATION_OF_SIGNAL_TRANSDUCTION_BY_P53_CLASS_MEDIATOR		28	-0.34942025	-0.96872175	0.48920864	0.7970665	1.0	1556	tags=21%, list=8%, signal=23%	
GOBP_ESTABLISHMENT_OF_EPITHELIAL_CELL_POLARITY	GOBP_ESTABLISHMENT_OF_EPITHELIAL_CELL_POLARITY		33	-0.34362242	-0.9684109	0.4954751	0.7974407	1.0	1272	tags=24%, list=7%, signal=26%	
GOBP_CALCIUM_ION_TRANSMEMBRANE_TRANSPORT_VIA_HIGH_VOLTAGE_GATED_CALCIUM_CHANNEL	GOBP_CALCIUM_ION_TRANSMEMBRANE_TRANSPORT_VIA_HIGH_VOLTAGE_GATED_CALCIUM_CHANNEL		18	-0.39585903	-0.9681524	0.4967742	0.7976475	1.0	5664	tags=39%, list=29%, signal=55%	
GOBP_REGULATION_OF_EMBRYONIC_DEVELOPMENT	GOBP_REGULATION_OF_EMBRYONIC_DEVELOPMENT		87	-0.2797732	-0.9673814	0.5311653	0.79953426	1.0	1469	tags=15%, list=8%, signal=16%	
GOBP_ESTABLISHMENT_OF_PROTEIN_LOCALIZATION_TO_CHROMOSOME	GOBP_ESTABLISHMENT_OF_PROTEIN_LOCALIZATION_TO_CHROMOSOME		24	-0.3562934	-0.9669579	0.5117371	0.8002622	1.0	4451	tags=21%, list=23%, signal=27%	
GOBP_REGULATION_OF_RECEPTOR_INTERNALIZATION	GOBP_REGULATION_OF_RECEPTOR_INTERNALIZATION		63	-0.30066216	-0.9667268	0.4852547	0.8003931	1.0	2570	tags=22%, list=13%, signal=26%	
GOBP_REGULATION_OF_MACROAUTOPHAGY	GOBP_REGULATION_OF_MACROAUTOPHAGY		172	-0.25401124	-0.96669203	0.5694444	0.79991096	1.0	4738	tags=32%, list=24%, signal=42%	
GOBP_RRNA_TRANSCRIPTION	GOBP_RRNA_TRANSCRIPTION		32	-0.34207913	-0.96629	0.5316159	0.8005906	1.0	5339	tags=44%, list=27%, signal=60%	
GOMF_ALANINE_TRANSMEMBRANE_TRANSPORTER_ACTIVITY	GOMF_ALANINE_TRANSMEMBRANE_TRANSPORTER_ACTIVITY		16	-0.40818748	-0.9659169	0.51898736	0.80118006	1.0	1461	tags=25%, list=8%, signal=27%	
GOBP_SPHINGOID_METABOLIC_PROCESS	GOBP_SPHINGOID_METABOLIC_PROCESS		20	-0.37887356	-0.9649373	0.51868135	0.8036328	1.0	3843	tags=40%, list=20%, signal=50%	
GOBP_PERICARDIUM_DEVELOPMENT	GOBP_PERICARDIUM_DEVELOPMENT		18	-0.3841737	-0.96381027	0.50110865	0.8065586	1.0	2731	tags=28%, list=14%, signal=32%	
GOBP_PROTEIN_HETEROOLIGOMERIZATION	GOBP_PROTEIN_HETEROOLIGOMERIZATION		29	-0.3463266	-0.9636612	0.50955415	0.8064273	1.0	3101	tags=34%, list=16%, signal=41%	
GOBP_EPITHELIAL_TO_MESENCHYMAL_TRANSITION_INVOLVED_IN_ENDOCARDIAL_CUSHION_FORMATION	GOBP_EPITHELIAL_TO_MESENCHYMAL_TRANSITION_INVOLVED_IN_ENDOCARDIAL_CUSHION_FORMATION		18	-0.39365196	-0.96351725	0.5212121	0.806287	1.0	1552	tags=28%, list=8%, signal=30%	
GOBP_INTRINSIC_APOPTOTIC_SIGNALING_PATHWAY_IN_RESPONSE_TO_ENDOPLASMIC_RETICULUM_STRESS	GOBP_INTRINSIC_APOPTOTIC_SIGNALING_PATHWAY_IN_RESPONSE_TO_ENDOPLASMIC_RETICULUM_STRESS		59	-0.30678973	-0.96297765	0.52459013	0.8072911	1.0	3665	tags=31%, list=19%, signal=37%	
GOBP_C21_STEROID_HORMONE_METABOLIC_PROCESS	GOBP_C21_STEROID_HORMONE_METABOLIC_PROCESS		37	-0.33020067	-0.96297216	0.5208845	0.8067039	1.0	1189	tags=19%, list=6%, signal=20%	
GOBP_NEUROTRANSMITTER_SECRETION	GOBP_NEUROTRANSMITTER_SECRETION		142	-0.26457185	-0.9629319	0.53271025	0.8062188	1.0	1265	tags=12%, list=7%, signal=13%	
GOBP_ANATOMICAL_STRUCTURE_REGRESSION	GOBP_ANATOMICAL_STRUCTURE_REGRESSION		15	-0.40799057	-0.96289176	0.5092025	0.8057573	1.0	3872	tags=27%, list=20%, signal=33%	
GOMF_GLUTAMATE_RECEPTOR_BINDING	GOMF_GLUTAMATE_RECEPTOR_BINDING		43	-0.3256544	-0.9628028	0.51399493	0.80543786	1.0	902	tags=9%, list=5%, signal=10%	
GOBP_REGULATION_OF_GLUTAMATE_SECRETION	GOBP_REGULATION_OF_GLUTAMATE_SECRETION		19	-0.37332764	-0.9625229	0.5042373	0.80571896	1.0	1242	tags=16%, list=6%, signal=17%	
GOBP_ODONTOGENESIS_OF_DENTIN_CONTAINING_TOOTH	GOBP_ODONTOGENESIS_OF_DENTIN_CONTAINING_TOOTH		91	-0.2833885	-0.96243834	0.5552326	0.80538696	1.0	1301	tags=13%, list=7%, signal=14%	
GOMF_MICROTUBULE_PLUS_END_BINDING	GOMF_MICROTUBULE_PLUS_END_BINDING		21	-0.37307638	-0.9623309	0.49543378	0.8051178	1.0	3292	tags=29%, list=17%, signal=34%	
GOBP_AMINOGLYCAN_BIOSYNTHETIC_PROCESS	GOBP_AMINOGLYCAN_BIOSYNTHETIC_PROCESS		76	-0.28166747	-0.9620019	0.54285717	0.80554146	1.0	3222	tags=29%, list=17%, signal=35%	
GOBP_DNA_SYNTHESIS_INVOLVED_IN_DNA_REPAIR	GOBP_DNA_SYNTHESIS_INVOLVED_IN_DNA_REPAIR		39	-0.32906353	-0.9615641	0.51363635	0.8063252	1.0	4399	tags=41%, list=23%, signal=53%	
GOBP_SYNAPTIC_VESICLE_LUMEN_ACIDIFICATION	GOBP_SYNAPTIC_VESICLE_LUMEN_ACIDIFICATION		17	-0.39075413	-0.961181	0.47736627	0.80692035	1.0	5925	tags=65%, list=31%, signal=93%	
GOBP_SPERM_AXONEME_ASSEMBLY	GOBP_SPERM_AXONEME_ASSEMBLY		30	-0.34678483	-0.9603151	0.51566267	0.8090279	1.0	2277	tags=23%, list=12%, signal=26%	
GOBP_DNA_TEMPLATED_TRANSCRIPTION_TERMINATION	GOBP_DNA_TEMPLATED_TRANSCRIPTION_TERMINATION		22	-0.36584255	-0.9602164	0.50782996	0.8087404	1.0	5231	tags=32%, list=27%, signal=43%	
GOBP_NUCLEOSIDE_BISPHOSPHATE_BIOSYNTHETIC_PROCESS	GOBP_NUCLEOSIDE_BISPHOSPHATE_BIOSYNTHETIC_PROCESS		55	-0.29801747	-0.9601951	0.4957265	0.8082188	1.0	3651	tags=25%, list=19%, signal=31%	
GOBP_IMPORT_INTO_THE_MITOCHONDRION	GOBP_IMPORT_INTO_THE_MITOCHONDRION		47	-0.3172757	-0.960103	0.5095694	0.807911	1.0	3545	tags=30%, list=18%, signal=36%	
GOBP_ESTABLISHMENT_OF_PROTEIN_LOCALIZATION_TO_ORGANELLE	GOBP_ESTABLISHMENT_OF_PROTEIN_LOCALIZATION_TO_ORGANELLE		423	-0.23352577	-0.9598274	0.6768293	0.80818397	1.0	4452	tags=30%, list=23%, signal=38%	
GOCC_NUCLEAR_OUTER_MEMBRANE	GOCC_NUCLEAR_OUTER_MEMBRANE		29	-0.34365782	-0.9592751	0.515625	0.8093241	1.0	5296	tags=45%, list=27%, signal=62%	
GOBP_DNA_RECOMBINATION	GOBP_DNA_RECOMBINATION		298	-0.23906353	-0.9590352	0.6134454	0.8095135	1.0	5395	tags=36%, list=28%, signal=48%	
GOMF_CYTOSKELETAL_MOTOR_ACTIVITY	GOMF_CYTOSKELETAL_MOTOR_ACTIVITY		106	-0.27493343	-0.9580674	0.56379825	0.81194437	1.0	2962	tags=22%, list=15%, signal=25%	
GOBP_NEGATIVE_REGULATION_OF_NOTCH_SIGNALING_PATHWAY	GOBP_NEGATIVE_REGULATION_OF_NOTCH_SIGNALING_PATHWAY		36	-0.3249462	-0.95779955	0.52901787	0.81217325	1.0	4105	tags=42%, list=21%, signal=53%	
GOBP_UBIQUITIN_DEPENDENT_PROTEIN_CATABOLIC_PROCESS_VIA_THE_MULTIVESICULAR_BODY_SORTING_PATHWAY	GOBP_UBIQUITIN_DEPENDENT_PROTEIN_CATABOLIC_PROCESS_VIA_THE_MULTIVESICULAR_BODY_SORTING_PATHWAY		36	-0.3308243	-0.957635	0.51970446	0.8120866	1.0	5262	tags=47%, list=27%, signal=65%	
GOMF_SOLUTE_SODIUM_SYMPORTER_ACTIVITY	GOMF_SOLUTE_SODIUM_SYMPORTER_ACTIVITY		80	-0.28143957	-0.9572749	0.53672314	0.81266177	1.0	2896	tags=19%, list=15%, signal=22%	
GOCC_PHOTORECEPTOR_DISC_MEMBRANE	GOCC_PHOTORECEPTOR_DISC_MEMBRANE		22	-0.36709428	-0.9572656	0.48931116	0.81209326	1.0	43	tags=5%, list=0%, signal=5%	
GOMF_DOUBLE_STRANDED_RNA_BINDING	GOMF_DOUBLE_STRANDED_RNA_BINDING		70	-0.28679717	-0.95719653	0.52956986	0.8117196	1.0	4339	tags=30%, list=22%, signal=38%	
GOBP_NEPHRON_EPITHELIUM_DEVELOPMENT	GOBP_NEPHRON_EPITHELIUM_DEVELOPMENT		121	-0.26502666	-0.95685667	0.5654762	0.8122074	1.0	1067	tags=12%, list=5%, signal=13%	
GOBP_PANCREAS_DEVELOPMENT	GOBP_PANCREAS_DEVELOPMENT		72	-0.29495776	-0.95665073	0.5409836	0.81225497	1.0	2398	tags=19%, list=12%, signal=22%	
GOBP_STABILIZATION_OF_MEMBRANE_POTENTIAL	GOBP_STABILIZATION_OF_MEMBRANE_POTENTIAL		17	-0.3855973	-0.95601416	0.53195876	0.8136638	1.0	1765	tags=29%, list=9%, signal=32%	
GOCC_ZYMOGEN_GRANULE	GOCC_ZYMOGEN_GRANULE		18	-0.37222996	-0.9556687	0.53023255	0.81408465	1.0	2656	tags=22%, list=14%, signal=26%	
GOBP_POSITIVE_REGULATION_OF_MRNA_CATABOLIC_PROCESS	GOBP_POSITIVE_REGULATION_OF_MRNA_CATABOLIC_PROCESS		97	-0.27018085	-0.95526916	0.54518074	0.8146826	1.0	4107	tags=31%, list=21%, signal=39%	
GOBP_CHROMOSOME_SEGREGATION	GOBP_CHROMOSOME_SEGREGATION		391	-0.23151188	-0.95507133	0.68472904	0.81468695	1.0	5321	tags=31%, list=27%, signal=42%	
GOBP_APOPTOTIC_PROCESS_INVOLVED_IN_MORPHOGENESIS	GOBP_APOPTOTIC_PROCESS_INVOLVED_IN_MORPHOGENESIS		25	-0.3633731	-0.954983	0.49887133	0.81435466	1.0	2950	tags=24%, list=15%, signal=28%	
GOCC_RIBONUCLEOPROTEIN_GRANULE	GOCC_RIBONUCLEOPROTEIN_GRANULE		255	-0.24312934	-0.9549103	0.620438	0.81397	1.0	5155	tags=33%, list=27%, signal=44%	
GOMF_HSP90_PROTEIN_BINDING	GOMF_HSP90_PROTEIN_BINDING		37	-0.3332889	-0.95467144	0.54241073	0.8141399	1.0	5560	tags=46%, list=29%, signal=64%	
GOMF_VITAMIN_B6_BINDING	GOMF_VITAMIN_B6_BINDING		52	-0.3099526	-0.9546014	0.5318066	0.8137412	1.0	2860	tags=33%, list=15%, signal=38%	
GOBP_STRESS_ACTIVATED_PROTEIN_KINASE_SIGNALING_CASCADE	GOBP_STRESS_ACTIVATED_PROTEIN_KINASE_SIGNALING_CASCADE		54	-0.30303928	-0.95411897	0.56455696	0.8146672	1.0	2050	tags=19%, list=11%, signal=21%	
GOBP_CLATHRIN_COAT_ASSEMBLY	GOBP_CLATHRIN_COAT_ASSEMBLY		18	-0.38065097	-0.95371366	0.51632655	0.8153023	1.0	2586	tags=28%, list=13%, signal=32%	
GOBP_GROOMING_BEHAVIOR	GOBP_GROOMING_BEHAVIOR		19	-0.38023695	-0.9535758	0.52863437	0.8151255	1.0	1242	tags=16%, list=6%, signal=17%	
GOBP_POST_TRANSCRIPTIONAL_REGULATION_OF_GENE_EXPRESSION	GOBP_POST_TRANSCRIPTIONAL_REGULATION_OF_GENE_EXPRESSION		493	-0.22788358	-0.95278347	0.7329193	0.81695247	1.0	4222	tags=27%, list=22%, signal=33%	
GOMF_ORGANIC_ACID_TRANSMEMBRANE_TRANSPORTER_ACTIVITY	GOMF_ORGANIC_ACID_TRANSMEMBRANE_TRANSPORTER_ACTIVITY		179	-0.2522022	-0.95226586	0.5729167	0.81795233	1.0	1749	tags=12%, list=9%, signal=13%	
GOBP_VESICLE_ORGANIZATION	GOBP_VESICLE_ORGANIZATION		351	-0.23437475	-0.9520518	0.68161434	0.81800276	1.0	5419	tags=35%, list=28%, signal=48%	
GOBP_AMYLOID_FIBRIL_FORMATION	GOBP_AMYLOID_FIBRIL_FORMATION		40	-0.31695762	-0.9519532	0.5059952	0.817711	1.0	2123	tags=20%, list=11%, signal=22%	
GOBP_OVARIAN_FOLLICLE_DEVELOPMENT	GOBP_OVARIAN_FOLLICLE_DEVELOPMENT		56	-0.29792148	-0.9516082	0.5678392	0.81813836	1.0	3735	tags=23%, list=19%, signal=29%	
GOBP_POSITIVE_REGULATION_OF_CARDIAC_MUSCLE_CELL_PROLIFERATION	GOBP_POSITIVE_REGULATION_OF_CARDIAC_MUSCLE_CELL_PROLIFERATION		22	-0.36282206	-0.95144856	0.5321101	0.8180454	1.0	1552	tags=18%, list=8%, signal=20%	
GOBP_NUCLEAR_CHROMOSOME_SEGREGATION	GOBP_NUCLEAR_CHROMOSOME_SEGREGATION		297	-0.23706385	-0.9513047	0.5936255	0.8178938	1.0	4637	tags=26%, list=24%, signal=34%	
GOMF_SODIUM_CHANNEL_ACTIVITY	GOMF_SODIUM_CHANNEL_ACTIVITY		45	-0.31863612	-0.9511949	0.5375587	0.8176408	1.0	2930	tags=20%, list=15%, signal=23%	
GOCC_MULTIVESICULAR_BODY_MEMBRANE	GOCC_MULTIVESICULAR_BODY_MEMBRANE		27	-0.34669113	-0.9509792	0.51282054	0.81768954	1.0	3690	tags=30%, list=19%, signal=37%	
GOBP_PROTEIN_HETEROTETRAMERIZATION	GOBP_PROTEIN_HETEROTETRAMERIZATION		16	-0.38793063	-0.95024294	0.5425532	0.81941795	1.0	3061	tags=44%, list=16%, signal=52%	
GOBP_NUCLEOSOME_ORGANIZATION	GOBP_NUCLEOSOME_ORGANIZATION		69	-0.2914943	-0.94904655	0.53350514	0.8225132	1.0	5045	tags=41%, list=26%, signal=55%	
GOBP_INSULIN_SECRETION	GOBP_INSULIN_SECRETION		188	-0.2475199	-0.94894046	0.63432837	0.82224876	1.0	2275	tags=15%, list=12%, signal=17%	
GOMF_AMINOACYLTRANSFERASE_ACTIVITY	GOMF_AMINOACYLTRANSFERASE_ACTIVITY		451	-0.22900824	-0.9486133	0.72680414	0.82268983	1.0	4899	tags=28%, list=25%, signal=37%	
GOBP_CEREBRAL_CORTEX_NEURON_DIFFERENTIATION	GOBP_CEREBRAL_CORTEX_NEURON_DIFFERENTIATION		26	-0.34962228	-0.9481801	0.5550661	0.8234636	1.0	1210	tags=12%, list=6%, signal=12%	
GOMF_STRUCTURAL_CONSTITUENT_OF_EYE_LENS	GOMF_STRUCTURAL_CONSTITUENT_OF_EYE_LENS		22	-0.3651855	-0.94815135	0.53555554	0.8229706	1.0	1468	tags=9%, list=8%, signal=10%	
GOMF_PROTEIN_SERINE_THREONINE_PHOSPHATASE_ACTIVITY	GOMF_PROTEIN_SERINE_THREONINE_PHOSPHATASE_ACTIVITY		90	-0.27551883	-0.9480135	0.5479042	0.8228052	1.0	5310	tags=36%, list=27%, signal=49%	
GOBP_REGULATION_OF_SYSTEMIC_ARTERIAL_BLOOD_PRESSURE_BY_HORMONE	GOBP_REGULATION_OF_SYSTEMIC_ARTERIAL_BLOOD_PRESSURE_BY_HORMONE		38	-0.3286281	-0.94746834	0.57476634	0.82385033	1.0	503	tags=13%, list=3%, signal=13%	
GOBP_PTERIDINE_CONTAINING_COMPOUND_METABOLIC_PROCESS	GOBP_PTERIDINE_CONTAINING_COMPOUND_METABOLIC_PROCESS		32	-0.33698177	-0.94707394	0.51913875	0.82452494	1.0	4517	tags=38%, list=23%, signal=49%	
GOBP_PEPTIDYL_PROLINE_MODIFICATION	GOBP_PEPTIDYL_PROLINE_MODIFICATION		31	-0.33513984	-0.94678855	0.54299754	0.82475597	1.0	2821	tags=35%, list=15%, signal=41%	
GOBP_CELLULAR_RESPONSE_TO_DSRNA	GOBP_CELLULAR_RESPONSE_TO_DSRNA		20	-0.3662568	-0.9467227	0.53571427	0.82438916	1.0	4339	tags=45%, list=22%, signal=58%	
GOBP_PEPTIDYL_TYROSINE_AUTOPHOSPHORYLATION	GOBP_PEPTIDYL_TYROSINE_AUTOPHOSPHORYLATION		16	-0.38782752	-0.94648474	0.53961456	0.82453465	1.0	982	tags=19%, list=5%, signal=20%	
GOMF_I_SMAD_BINDING	GOMF_I_SMAD_BINDING		16	-0.38900775	-0.946262	0.52666664	0.82465106	1.0	1522	tags=25%, list=8%, signal=27%	
GOBP_OOCYTE_DIFFERENTIATION	GOBP_OOCYTE_DIFFERENTIATION		57	-0.3001448	-0.9460307	0.58760107	0.82477903	1.0	3874	tags=25%, list=20%, signal=31%	
GOBP_NEGATIVE_REGULATION_OF_ESTABLISHMENT_OF_PROTEIN_LOCALIZATION	GOBP_NEGATIVE_REGULATION_OF_ESTABLISHMENT_OF_PROTEIN_LOCALIZATION		119	-0.26568252	-0.9456686	0.55898875	0.8252802	1.0	2188	tags=19%, list=11%, signal=22%	
GOBP_L_GLUTAMATE_IMPORT	GOBP_L_GLUTAMATE_IMPORT		39	-0.3186058	-0.9449273	0.54460096	0.82692826	1.0	938	tags=13%, list=5%, signal=13%	
GOMF_ADRENERGIC_RECEPTOR_BINDING	GOMF_ADRENERGIC_RECEPTOR_BINDING		16	-0.39431655	-0.9448571	0.5345912	0.82653004	1.0	1662	tags=13%, list=9%, signal=14%	
GOBP_REGULATION_OF_MITOCHONDRIAL_MEMBRANE_PERMEABILITY	GOBP_REGULATION_OF_MITOCHONDRIAL_MEMBRANE_PERMEABILITY		49	-0.3018418	-0.9445024	0.5523114	0.8270378	1.0	3018	tags=24%, list=16%, signal=29%	
GOBP_POSITIVE_REGULATION_OF_INTRINSIC_APOPTOTIC_SIGNALING_PATHWAY	GOBP_POSITIVE_REGULATION_OF_INTRINSIC_APOPTOTIC_SIGNALING_PATHWAY		56	-0.29768533	-0.94407624	0.5647668	0.8277038	1.0	3993	tags=34%, list=21%, signal=43%	
GOBP_NEGATIVE_REGULATION_OF_HORMONE_SECRETION	GOBP_NEGATIVE_REGULATION_OF_HORMONE_SECRETION		65	-0.2888313	-0.9435872	0.57106596	0.82864666	1.0	2180	tags=22%, list=11%, signal=24%	
GOBP_NEUROEPITHELIAL_CELL_DIFFERENTIATION	GOBP_NEUROEPITHELIAL_CELL_DIFFERENTIATION		42	-0.31644952	-0.94344485	0.5707071	0.8285071	1.0	912	tags=12%, list=5%, signal=12%	
GOBP_FEAR_RESPONSE	GOBP_FEAR_RESPONSE		48	-0.30716252	-0.9434273	0.5507614	0.8279684	1.0	2840	tags=23%, list=15%, signal=27%	
GOBP_RIBOSE_PHOSPHATE_BIOSYNTHETIC_PROCESS	GOBP_RIBOSE_PHOSPHATE_BIOSYNTHETIC_PROCESS		187	-0.2483315	-0.94270205	0.61290324	0.8295548	1.0	4592	tags=29%, list=24%, signal=37%	
GOBP_DICARBOXYLIC_ACID_METABOLIC_PROCESS	GOBP_DICARBOXYLIC_ACID_METABOLIC_PROCESS		88	-0.28037673	-0.9413873	0.6028572	0.832919	1.0	2983	tags=23%, list=15%, signal=27%	
GOBP_CYTOSOLIC_TRANSPORT	GOBP_CYTOSOLIC_TRANSPORT		127	-0.260095	-0.9411924	0.6079734	0.8329526	1.0	4817	tags=28%, list=25%, signal=37%	
GOMF_ORGANIC_ACID_SODIUM_SYMPORTER_ACTIVITY	GOMF_ORGANIC_ACID_SODIUM_SYMPORTER_ACTIVITY		35	-0.32747233	-0.9408489	0.56621003	0.8334219	1.0	3320	tags=23%, list=17%, signal=28%	
GOBP_ADRENERGIC_RECEPTOR_SIGNALING_PATHWAY	GOBP_ADRENERGIC_RECEPTOR_SIGNALING_PATHWAY		29	-0.3426132	-0.9406306	0.55684453	0.833487	1.0	3249	tags=24%, list=17%, signal=29%	
GOCC_CATION_CHANNEL_COMPLEX	GOCC_CATION_CHANNEL_COMPLEX		198	-0.24710165	-0.94048864	0.6431227	0.83333194	1.0	846	tags=8%, list=4%, signal=8%	
GOBP_REGULATION_OF_UBIQUITIN_PROTEIN_LIGASE_ACTIVITY	GOBP_REGULATION_OF_UBIQUITIN_PROTEIN_LIGASE_ACTIVITY		17	-0.38384822	-0.940438	0.5375	0.8329044	1.0	3874	tags=24%, list=20%, signal=29%	
GOBP_GLOMERULAR_EPITHELIUM_DEVELOPMENT	GOBP_GLOMERULAR_EPITHELIUM_DEVELOPMENT		27	-0.34902254	-0.9398253	0.57391304	0.83408767	1.0	6548	tags=56%, list=34%, signal=84%	
GOBP_VESICLE_BUDDING_FROM_MEMBRANE	GOBP_VESICLE_BUDDING_FROM_MEMBRANE		81	-0.2795456	-0.93892103	0.56629837	0.83625144	1.0	5679	tags=44%, list=29%, signal=63%	
GOBP_LIMBIC_SYSTEM_DEVELOPMENT	GOBP_LIMBIC_SYSTEM_DEVELOPMENT		125	-0.2624701	-0.93887657	0.6493902	0.835795	1.0	4916	tags=29%, list=25%, signal=38%	
GOBP_PLATELET_DENSE_GRANULE_ORGANIZATION	GOBP_PLATELET_DENSE_GRANULE_ORGANIZATION		24	-0.35546246	-0.93855876	0.5600907	0.83618647	1.0	2303	tags=21%, list=12%, signal=24%	
GOBP_RIBOSOMAL_SUBUNIT_EXPORT_FROM_NUCLEUS	GOBP_RIBOSOMAL_SUBUNIT_EXPORT_FROM_NUCLEUS		15	-0.3972712	-0.93855643	0.542	0.8356049	1.0	3349	tags=27%, list=17%, signal=32%	
GOBP_U2_TYPE_PRESPLICEOSOME_ASSEMBLY	GOBP_U2_TYPE_PRESPLICEOSOME_ASSEMBLY		25	-0.35390955	-0.9378554	0.5393519	0.8371291	1.0	6391	tags=52%, list=33%, signal=77%	
GOMF_SECONDARY_ACTIVE_TRANSMEMBRANE_TRANSPORTER_ACTIVITY	GOMF_SECONDARY_ACTIVE_TRANSMEMBRANE_TRANSPORTER_ACTIVITY		283	-0.2373234	-0.93763405	0.6735537	0.8372153	1.0	3653	tags=21%, list=19%, signal=26%	
GOBP_SURFACTANT_HOMEOSTASIS	GOBP_SURFACTANT_HOMEOSTASIS		20	-0.36260444	-0.93761605	0.52842104	0.83667535	1.0	690	tags=15%, list=4%, signal=16%	
GOCC_CLATHRIN_COAT	GOCC_CLATHRIN_COAT		49	-0.30349302	-0.9367631	0.5596817	0.8387515	1.0	5709	tags=41%, list=29%, signal=58%	
GOBP_VESICLE_TRANSPORT_ALONG_MICROTUBULE	GOBP_VESICLE_TRANSPORT_ALONG_MICROTUBULE		46	-0.30637085	-0.93623996	0.5932642	0.8397672	1.0	5558	tags=39%, list=29%, signal=55%	
GOBP_VACUOLAR_ACIDIFICATION	GOBP_VACUOLAR_ACIDIFICATION		36	-0.32288465	-0.9358768	0.53669727	0.8403021	1.0	5163	tags=42%, list=27%, signal=57%	
GOBP_P38MAPK_CASCADE	GOBP_P38MAPK_CASCADE		53	-0.30291837	-0.9353611	0.57106596	0.8412231	1.0	2362	tags=23%, list=12%, signal=26%	
GOBP_TRICARBOXYLIC_ACID_CYCLE	GOBP_TRICARBOXYLIC_ACID_CYCLE		30	-0.33914313	-0.9352674	0.5753425	0.84090936	1.0	3360	tags=33%, list=17%, signal=40%	
GOBP_MITOTIC_DNA_INTEGRITY_CHECKPOINT_SIGNALING	GOBP_MITOTIC_DNA_INTEGRITY_CHECKPOINT_SIGNALING		80	-0.2809637	-0.93459994	0.5795148	0.8423216	1.0	5647	tags=41%, list=29%, signal=58%	
GOBP_CELL_VOLUME_HOMEOSTASIS	GOBP_CELL_VOLUME_HOMEOSTASIS		34	-0.32289672	-0.9345366	0.5600907	0.841909	1.0	2646	tags=32%, list=14%, signal=37%	
GOBP_PYRIMIDINE_RIBONUCLEOTIDE_BIOSYNTHETIC_PROCESS	GOBP_PYRIMIDINE_RIBONUCLEOTIDE_BIOSYNTHETIC_PROCESS		23	-0.35913268	-0.9343248	0.5405983	0.84193456	1.0	3082	tags=26%, list=16%, signal=31%	
GOBP_REGULATION_OF_RYANODINE_SENSITIVE_CALCIUM_RELEASE_CHANNEL_ACTIVITY	GOBP_REGULATION_OF_RYANODINE_SENSITIVE_CALCIUM_RELEASE_CHANNEL_ACTIVITY		22	-0.35252386	-0.9341915	0.5685841	0.8417576	1.0	846	tags=9%, list=4%, signal=9%	
GOBP_NEGATIVE_REGULATION_OF_INTRACELLULAR_PROTEIN_TRANSPORT	GOBP_NEGATIVE_REGULATION_OF_INTRACELLULAR_PROTEIN_TRANSPORT		31	-0.3365116	-0.9332849	0.5510689	0.8438365	1.0	4075	tags=39%, list=21%, signal=49%	
GOBP_PROTEIN_K11_LINKED_UBIQUITINATION	GOBP_PROTEIN_K11_LINKED_UBIQUITINATION		33	-0.3294766	-0.9330084	0.5688487	0.844098	1.0	4872	tags=33%, list=25%, signal=44%	
GOBP_NEGATIVE_REGULATION_OF_ORGANELLE_ORGANIZATION	GOBP_NEGATIVE_REGULATION_OF_ORGANELLE_ORGANIZATION		330	-0.23265468	-0.9329631	0.7407407	0.84364295	1.0	3995	tags=25%, list=21%, signal=30%	
GOMF_NEUROTRANSMITTER_RECEPTOR_ACTIVITY_INVOLVED_IN_REGULATION_OF_POSTSYNAPTIC_MEMBRANE_POTENTIAL	GOMF_NEUROTRANSMITTER_RECEPTOR_ACTIVITY_INVOLVED_IN_REGULATION_OF_POSTSYNAPTIC_MEMBRANE_POTENTIAL		54	-0.29679254	-0.9325925	0.58290154	0.8441395	1.0	2900	tags=9%, list=15%, signal=11%	
GOMF_INTRACELLULARLY_LIGAND_GATED_MONOATOMIC_ION_CHANNEL_ACTIVITY	GOMF_INTRACELLULARLY_LIGAND_GATED_MONOATOMIC_ION_CHANNEL_ACTIVITY		30	-0.3321524	-0.9320052	0.58156025	0.8453191	1.0	4290	tags=30%, list=22%, signal=38%	
GOMF_CYSTEINE_TYPE_PEPTIDASE_ACTIVITY	GOMF_CYSTEINE_TYPE_PEPTIDASE_ACTIVITY		152	-0.25011918	-0.93181354	0.66225165	0.8452819	1.0	4624	tags=33%, list=24%, signal=43%	
GOMF_SOLUTE_INORGANIC_ANION_ANTIPORTER_ACTIVITY	GOMF_SOLUTE_INORGANIC_ANION_ANTIPORTER_ACTIVITY		31	-0.33683178	-0.93174124	0.53828305	0.844911	1.0	3302	tags=26%, list=17%, signal=31%	
GOMF_PURINE_NUCLEOTIDE_TRANSMEMBRANE_TRANSPORTER_ACTIVITY	GOMF_PURINE_NUCLEOTIDE_TRANSMEMBRANE_TRANSPORTER_ACTIVITY		27	-0.34203967	-0.93094033	0.5620609	0.8467123	1.0	2735	tags=26%, list=14%, signal=30%	
GOBP_NEUROENDOCRINE_CELL_DIFFERENTIATION	GOBP_NEUROENDOCRINE_CELL_DIFFERENTIATION		16	-0.39667347	-0.9307904	0.5553279	0.84654313	1.0	912	tags=13%, list=5%, signal=13%	
GOBP_MICROTUBULE_CYTOSKELETON_ORGANIZATION_INVOLVED_IN_MITOSIS	GOBP_MICROTUBULE_CYTOSKELETON_ORGANIZATION_INVOLVED_IN_MITOSIS		157	-0.25016198	-0.93067414	0.66768295	0.8463024	1.0	3690	tags=24%, list=19%, signal=30%	
GOBP_PROTEIN_STABILIZATION	GOBP_PROTEIN_STABILIZATION		193	-0.24270213	-0.9296167	0.7035573	0.8487826	1.0	2586	tags=19%, list=13%, signal=21%	
GOMF_MIRNA_BINDING	GOMF_MIRNA_BINDING		34	-0.32934433	-0.9293494	0.5633484	0.848981	1.0	3044	tags=21%, list=16%, signal=24%	
GOMF_CATALYTIC_ACTIVITY_ACTING_ON_A_GLYCOPROTEIN	GOMF_CATALYTIC_ACTIVITY_ACTING_ON_A_GLYCOPROTEIN		21	-0.35966116	-0.9286895	0.5597484	0.8503342	1.0	1789	tags=19%, list=9%, signal=21%	
GOBP_PEPTIDYL_GLUTAMIC_ACID_MODIFICATION	GOBP_PEPTIDYL_GLUTAMIC_ACID_MODIFICATION		24	-0.35929385	-0.92838824	0.5869565	0.8506408	1.0	3552	tags=29%, list=18%, signal=36%	
GOBP_PYRIMIDINE_RIBONUCLEOSIDE_MONOPHOSPHATE_METABOLIC_PROCESS	GOBP_PYRIMIDINE_RIBONUCLEOSIDE_MONOPHOSPHATE_METABOLIC_PROCESS		16	-0.3938646	-0.92833245	0.5705522	0.8502514	1.0	2250	tags=25%, list=12%, signal=28%	
GOBP_CELLULAR_RESPONSE_TO_CORTICOSTEROID_STIMULUS	GOBP_CELLULAR_RESPONSE_TO_CORTICOSTEROID_STIMULUS		62	-0.29014328	-0.92831546	0.60330576	0.84972066	1.0	837	tags=11%, list=4%, signal=12%	
GOBP_DOUBLE_STRAND_BREAK_REPAIR_VIA_NONHOMOLOGOUS_END_JOINING	GOBP_DOUBLE_STRAND_BREAK_REPAIR_VIA_NONHOMOLOGOUS_END_JOINING		64	-0.2833416	-0.927927	0.61518985	0.8503195	1.0	5884	tags=38%, list=30%, signal=54%	
GOBP_PROTEIN_FOLDING	GOBP_PROTEIN_FOLDING		207	-0.24309412	-0.9276266	0.6573705	0.85066104	1.0	5740	tags=39%, list=30%, signal=54%	
GOBP_EPITHELIAL_TUBE_BRANCHING_INVOLVED_IN_LUNG_MORPHOGENESIS	GOBP_EPITHELIAL_TUBE_BRANCHING_INVOLVED_IN_LUNG_MORPHOGENESIS		29	-0.3322938	-0.92580795	0.58099353	0.855354	1.0	1882	tags=24%, list=10%, signal=27%	
GOBP_EMBRYONIC_DIGESTIVE_TRACT_MORPHOGENESIS	GOBP_EMBRYONIC_DIGESTIVE_TRACT_MORPHOGENESIS		16	-0.37773478	-0.9252686	0.5639413	0.8563584	1.0	3019	tags=38%, list=16%, signal=44%	
GOBP_PROTEIN_ACTIVATION_CASCADE	GOBP_PROTEIN_ACTIVATION_CASCADE		20	-0.361937	-0.92518574	0.5858369	0.8560141	1.0	1972	tags=35%, list=10%, signal=39%	
GOBP_REGULATION_OF_TRIGLYCERIDE_BIOSYNTHETIC_PROCESS	GOBP_REGULATION_OF_TRIGLYCERIDE_BIOSYNTHETIC_PROCESS		20	-0.36562425	-0.92516756	0.54385966	0.8554713	1.0	3590	tags=40%, list=18%, signal=49%	
GOMF_LNCRNA_BINDING	GOMF_LNCRNA_BINDING		17	-0.37132755	-0.9245766	0.52705413	0.856652	1.0	5216	tags=41%, list=27%, signal=56%	
GOBP_SPERM_FLAGELLUM_ASSEMBLY	GOBP_SPERM_FLAGELLUM_ASSEMBLY		45	-0.30567288	-0.92448646	0.6102088	0.85634077	1.0	2277	tags=18%, list=12%, signal=20%	
GOBP_FATTY_ACYL_COA_BIOSYNTHETIC_PROCESS	GOBP_FATTY_ACYL_COA_BIOSYNTHETIC_PROCESS		26	-0.33761558	-0.9243539	0.5694444	0.8561242	1.0	430	tags=12%, list=2%, signal=12%	
GOMF_LYASE_ACTIVITY	GOMF_LYASE_ACTIVITY		186	-0.2426164	-0.92419326	0.7070707	0.8560021	1.0	3435	tags=27%, list=18%, signal=32%	
GOCC_GABA_ERGIC_SYNAPSE	GOCC_GABA_ERGIC_SYNAPSE		75	-0.27321005	-0.9241307	0.6091644	0.8556196	1.0	3356	tags=19%, list=17%, signal=22%	
GOBP_POSITIVE_REGULATION_OF_BLOOD_PRESSURE	GOBP_POSITIVE_REGULATION_OF_BLOOD_PRESSURE		31	-0.3359408	-0.9240491	0.5608592	0.8552583	1.0	2044	tags=26%, list=11%, signal=29%	
GOMF_UBIQUITIN_LIKE_PROTEIN_CONJUGATING_ENZYME_BINDING	GOMF_UBIQUITIN_LIKE_PROTEIN_CONJUGATING_ENZYME_BINDING		33	-0.32157084	-0.9240439	0.5919811	0.85468733	1.0	3798	tags=36%, list=20%, signal=45%	
GOMF_SODIUM_ION_TRANSMEMBRANE_TRANSPORTER_ACTIVITY	GOMF_SODIUM_ION_TRANSMEMBRANE_TRANSPORTER_ACTIVITY		160	-0.24740857	-0.92346996	0.68471336	0.85581195	1.0	2930	tags=17%, list=15%, signal=20%	
GOBP_NEGATIVE_REGULATION_OF_CELL_CYCLE	GOBP_NEGATIVE_REGULATION_OF_CELL_CYCLE		355	-0.22446692	-0.9233951	0.78846157	0.8554447	1.0	4361	tags=28%, list=22%, signal=36%	
GOCC_AXON_CYTOPLASM	GOCC_AXON_CYTOPLASM		64	-0.2844456	-0.9225078	0.591687	0.85744387	1.0	5558	tags=33%, list=29%, signal=46%	
GOBP_AMELOGENESIS	GOBP_AMELOGENESIS		26	-0.34268698	-0.921962	0.5589623	0.8584096	1.0	2494	tags=23%, list=13%, signal=26%	
GOBP_NEGATIVE_REGULATION_OF_SMALL_MOLECULE_METABOLIC_PROCESS	GOBP_NEGATIVE_REGULATION_OF_SMALL_MOLECULE_METABOLIC_PROCESS		97	-0.26227465	-0.92194337	0.6366279	0.8578838	1.0	4919	tags=34%, list=25%, signal=45%	
GOBP_REGULATION_OF_RECEPTOR_CLUSTERING	GOBP_REGULATION_OF_RECEPTOR_CLUSTERING		15	-0.38650212	-0.92160434	0.552017	0.85829324	1.0	201	tags=7%, list=1%, signal=7%	
GOBP_NEGATIVE_REGULATION_OF_ALPHA_BETA_T_CELL_ACTIVATION	GOBP_NEGATIVE_REGULATION_OF_ALPHA_BETA_T_CELL_ACTIVATION		44	-0.30078065	-0.9213746	0.627204	0.85837674	1.0	1571	tags=20%, list=8%, signal=22%	
GOBP_RETINA_DEVELOPMENT_IN_CAMERA_TYPE_EYE	GOBP_RETINA_DEVELOPMENT_IN_CAMERA_TYPE_EYE		159	-0.24877945	-0.9211323	0.6970684	0.85851276	1.0	2726	tags=19%, list=14%, signal=22%	
GOBP_GAP_JUNCTION_ASSEMBLY	GOBP_GAP_JUNCTION_ASSEMBLY		18	-0.3688936	-0.9206101	0.55756205	0.85947233	1.0	2135	tags=28%, list=11%, signal=31%	
GOBP_REGULATION_OF_NOTCH_SIGNALING_PATHWAY	GOBP_REGULATION_OF_NOTCH_SIGNALING_PATHWAY		88	-0.26795053	-0.9201238	0.65597665	0.8602725	1.0	4158	tags=33%, list=21%, signal=42%	
GOMF_TRANSFERASE_ACTIVITY_TRANSFERRING_ALKYL_OR_ARYL_OTHER_THAN_METHYL_GROUPS	GOMF_TRANSFERASE_ACTIVITY_TRANSFERRING_ALKYL_OR_ARYL_OTHER_THAN_METHYL_GROUPS		59	-0.29030693	-0.9197397	0.62334216	0.8608074	1.0	1707	tags=15%, list=9%, signal=17%	
GOMF_TRANSCRIPTION_COACTIVATOR_ACTIVITY	GOMF_TRANSCRIPTION_COACTIVATOR_ACTIVITY		258	-0.23257744	-0.91962695	0.77559054	0.860558	1.0	4899	tags=31%, list=25%, signal=40%	
GOBP_REGULATION_OF_ENDOTHELIAL_CELL_DIFFERENTIATION	GOBP_REGULATION_OF_ENDOTHELIAL_CELL_DIFFERENTIATION		35	-0.31856084	-0.9194702	0.5942029	0.8604376	1.0	1254	tags=17%, list=6%, signal=18%	
GOBP_SUBPALLIUM_DEVELOPMENT	GOBP_SUBPALLIUM_DEVELOPMENT		27	-0.33428845	-0.91928023	0.5956044	0.8604307	1.0	3126	tags=26%, list=16%, signal=31%	
GOBP_DNA_REPLICATION_INITIATION	GOBP_DNA_REPLICATION_INITIATION		36	-0.31259832	-0.918866	0.5921376	0.8610884	1.0	5159	tags=44%, list=27%, signal=60%	
GOBP_REGULATION_OF_ALCOHOL_BIOSYNTHETIC_PROCESS	GOBP_REGULATION_OF_ALCOHOL_BIOSYNTHETIC_PROCESS		47	-0.29813656	-0.9187116	0.5984042	0.86093223	1.0	1458	tags=17%, list=8%, signal=18%	
GOCC_DNA_POLYMERASE_COMPLEX	GOCC_DNA_POLYMERASE_COMPLEX		20	-0.35675114	-0.91849655	0.5695067	0.8609719	1.0	4869	tags=40%, list=25%, signal=53%	
GOBP_ADULT_BEHAVIOR	GOBP_ADULT_BEHAVIOR		141	-0.24995726	-0.91833484	0.70234114	0.8608508	1.0	4564	tags=30%, list=23%, signal=39%	
GOCC_RECYCLING_ENDOSOME	GOCC_RECYCLING_ENDOSOME		195	-0.238618	-0.91829437	0.7570422	0.86038136	1.0	3470	tags=20%, list=18%, signal=24%	
GOBP_REGULATION_OF_SYSTEMIC_ARTERIAL_BLOOD_PRESSURE_BY_RENIN_ANGIOTENSIN	GOBP_REGULATION_OF_SYSTEMIC_ARTERIAL_BLOOD_PRESSURE_BY_RENIN_ANGIOTENSIN		24	-0.34126878	-0.9179091	0.59157896	0.8609142	1.0	2577	tags=29%, list=13%, signal=34%	
GOBP_NUCLEOBASE_BIOSYNTHETIC_PROCESS	GOBP_NUCLEOBASE_BIOSYNTHETIC_PROCESS		18	-0.37359703	-0.91729647	0.56112224	0.86199665	1.0	4010	tags=28%, list=21%, signal=35%	
GOBP_CYTOPLASMIC_TRANSLATIONAL_INITIATION	GOBP_CYTOPLASMIC_TRANSLATIONAL_INITIATION		40	-0.31463405	-0.9169058	0.6086956	0.8625271	1.0	5357	tags=38%, list=28%, signal=52%	
GOBP_BODY_MORPHOGENESIS	GOBP_BODY_MORPHOGENESIS		50	-0.29533997	-0.9167235	0.6304348	0.86247075	1.0	653	tags=10%, list=3%, signal=10%	
GOMF_PHOSPHATASE_BINDING	GOMF_PHOSPHATASE_BINDING		176	-0.24402228	-0.91631013	0.75757575	0.8630605	1.0	3836	tags=27%, list=20%, signal=33%	
GOMF_TRANSCRIPTION_COREGULATOR_ACTIVITY	GOMF_TRANSCRIPTION_COREGULATOR_ACTIVITY		470	-0.22206339	-0.91597766	0.8736842	0.8634497	1.0	4746	tags=28%, list=24%, signal=37%	
GOBP_BEHAVIORAL_RESPONSE_TO_COCAINE	GOBP_BEHAVIORAL_RESPONSE_TO_COCAINE		16	-0.3818242	-0.9156946	0.57051283	0.86365044	1.0	2677	tags=31%, list=14%, signal=36%	
GOMF_MHC_CLASS_I_PROTEIN_BINDING	GOMF_MHC_CLASS_I_PROTEIN_BINDING		16	-0.38664037	-0.9155878	0.5619658	0.86335766	1.0	2955	tags=38%, list=15%, signal=44%	
GOMF_GLUTAMATE_GATED_RECEPTOR_ACTIVITY	GOMF_GLUTAMATE_GATED_RECEPTOR_ACTIVITY		16	-0.38227513	-0.9155191	0.57537156	0.8629419	1.0	209	tags=6%, list=1%, signal=6%	
GOBP_NEURON_FATE_SPECIFICATION	GOBP_NEURON_FATE_SPECIFICATION		35	-0.316934	-0.914857	0.594132	0.8642571	1.0	3589	tags=17%, list=18%, signal=21%	
GOBP_NEGATIVE_REGULATION_OF_VIRAL_ENTRY_INTO_HOST_CELL	GOBP_NEGATIVE_REGULATION_OF_VIRAL_ENTRY_INTO_HOST_CELL		22	-0.35096174	-0.9147852	0.5980861	0.8638965	1.0	3272	tags=36%, list=17%, signal=44%	
GOBP_NUCLEAR_TRANSCRIBED_MRNA_CATABOLIC_PROCESS_NONSENSE_MEDIATED_DECAY	GOBP_NUCLEAR_TRANSCRIBED_MRNA_CATABOLIC_PROCESS_NONSENSE_MEDIATED_DECAY		40	-0.30403093	-0.9145716	0.6233184	0.86393446	1.0	5202	tags=35%, list=27%, signal=48%	
GOBP_REGULATION_OF_RECEPTOR_MEDIATED_ENDOCYTOSIS	GOBP_REGULATION_OF_RECEPTOR_MEDIATED_ENDOCYTOSIS		109	-0.25844547	-0.9140035	0.63848394	0.86504436	1.0	2891	tags=20%, list=15%, signal=24%	
GOBP_MEMBRANE_FUSION	GOBP_MEMBRANE_FUSION		171	-0.24236432	-0.9139589	0.75179857	0.86460125	1.0	4484	tags=33%, list=23%, signal=43%	
GOBP_ESTABLISHMENT_OR_MAINTENANCE_OF_BIPOLAR_CELL_POLARITY	GOBP_ESTABLISHMENT_OR_MAINTENANCE_OF_BIPOLAR_CELL_POLARITY		56	-0.28456426	-0.9139268	0.60152286	0.8641118	1.0	2177	tags=21%, list=11%, signal=24%	
GOBP_REGULATION_OF_VOLTAGE_GATED_CALCIUM_CHANNEL_ACTIVITY	GOBP_REGULATION_OF_VOLTAGE_GATED_CALCIUM_CHANNEL_ACTIVITY		24	-0.33973405	-0.913145	0.6030369	0.86576223	1.0	1183	tags=8%, list=6%, signal=9%	
GOMF_MYOSIN_PHOSPHATASE_ACTIVITY	GOMF_MYOSIN_PHOSPHATASE_ACTIVITY		70	-0.27328494	-0.91298735	0.64985996	0.8656449	1.0	5310	tags=34%, list=27%, signal=47%	
GOBP_RESPONSE_TO_UV_B	GOBP_RESPONSE_TO_UV_B		20	-0.36352763	-0.9125432	0.56092435	0.86633307	1.0	5458	tags=45%, list=28%, signal=63%	
GOBP_NEGATIVE_REGULATION_OF_VIRAL_LIFE_CYCLE	GOBP_NEGATIVE_REGULATION_OF_VIRAL_LIFE_CYCLE		25	-0.33863562	-0.9124282	0.56643355	0.8660516	1.0	3272	tags=32%, list=17%, signal=38%	
GOMF_PROTON_TRANSMEMBRANE_TRANSPORTER_ACTIVITY	GOMF_PROTON_TRANSMEMBRANE_TRANSPORTER_ACTIVITY		146	-0.24777599	-0.9124178	0.7283237	0.8655014	1.0	6063	tags=39%, list=31%, signal=56%	
GOBP_POLYSACCHARIDE_CATABOLIC_PROCESS	GOBP_POLYSACCHARIDE_CATABOLIC_PROCESS		27	-0.34032658	-0.91212755	0.58836687	0.86575335	1.0	4183	tags=33%, list=22%, signal=42%	
GOCC_U12_TYPE_SPLICEOSOMAL_COMPLEX	GOCC_U12_TYPE_SPLICEOSOMAL_COMPLEX		27	-0.32751662	-0.91189545	0.5995575	0.8658011	1.0	3908	tags=26%, list=20%, signal=32%	
GOBP_ENTEROENDOCRINE_CELL_DIFFERENTIATION	GOBP_ENTEROENDOCRINE_CELL_DIFFERENTIATION		32	-0.3178663	-0.9118539	0.60697675	0.8653369	1.0	2022	tags=16%, list=10%, signal=17%	
GOBP_EMBRYONIC_HEART_TUBE_MORPHOGENESIS	GOBP_EMBRYONIC_HEART_TUBE_MORPHOGENESIS		70	-0.2747199	-0.91151345	0.64931506	0.8657164	1.0	1590	tags=11%, list=8%, signal=12%	
GOMF_ALDEHYDE_DEHYDROGENASE_NAD_P_PLUS_ACTIVITY	GOMF_ALDEHYDE_DEHYDROGENASE_NAD_P_PLUS_ACTIVITY		17	-0.37583926	-0.91141284	0.5726496	0.86541224	1.0	3043	tags=29%, list=16%, signal=35%	
GOMF_K63_LINKED_DEUBIQUITINASE_ACTIVITY	GOMF_K63_LINKED_DEUBIQUITINASE_ACTIVITY		15	-0.38613433	-0.91102374	0.60954446	0.8659164	1.0	2123	tags=20%, list=11%, signal=22%	
GOCC_NEURON_SPINE	GOCC_NEURON_SPINE		167	-0.24153703	-0.9109986	0.7183099	0.86541027	1.0	4069	tags=23%, list=21%, signal=29%	
GOBP_REGULATION_OF_DNA_RECOMBINATION	GOBP_REGULATION_OF_DNA_RECOMBINATION		118	-0.25387496	-0.91076773	0.7	0.86550677	1.0	4451	tags=35%, list=23%, signal=45%	
GOBP_NEGATIVE_REGULATION_OF_CELLULAR_RESPONSE_TO_INSULIN_STIMULUS	GOBP_NEGATIVE_REGULATION_OF_CELLULAR_RESPONSE_TO_INSULIN_STIMULUS		41	-0.30421624	-0.9107019	0.62305987	0.8651175	1.0	5004	tags=41%, list=26%, signal=56%	
GOBP_NEGATIVE_REGULATION_OF_PROTEIN_LOCALIZATION_TO_MEMBRANE	GOBP_NEGATIVE_REGULATION_OF_PROTEIN_LOCALIZATION_TO_MEMBRANE		37	-0.31165853	-0.9101244	0.5833333	0.86617696	1.0	4242	tags=35%, list=22%, signal=45%	
GOBP_MULTICELLULAR_ORGANISMAL_LEVEL_WATER_HOMEOSTASIS	GOBP_MULTICELLULAR_ORGANISMAL_LEVEL_WATER_HOMEOSTASIS		33	-0.32023418	-0.9100755	0.59294116	0.8657586	1.0	4919	tags=36%, list=25%, signal=49%	
GOBP_MITOTIC_SPINDLE_ASSEMBLY	GOBP_MITOTIC_SPINDLE_ASSEMBLY		70	-0.2758493	-0.90833175	0.6770833	0.87008685	1.0	6791	tags=46%, list=35%, signal=70%	
GOBP_POSITIVE_REGULATION_OF_CELL_CYCLE_G2_M_PHASE_TRANSITION	GOBP_POSITIVE_REGULATION_OF_CELL_CYCLE_G2_M_PHASE_TRANSITION		31	-0.33043024	-0.9081632	0.5767442	0.8699713	1.0	4423	tags=29%, list=23%, signal=38%	
GOCC_CILIARY_MEMBRANE	GOCC_CILIARY_MEMBRANE		73	-0.2801308	-0.90758353	0.668693	0.8709497	1.0	5377	tags=33%, list=28%, signal=45%	
GOBP_SYNAPTIC_TRANSMISSION_GABAERGIC	GOBP_SYNAPTIC_TRANSMISSION_GABAERGIC		58	-0.28670052	-0.9075028	0.6276042	0.8706009	1.0	2971	tags=22%, list=15%, signal=26%	
GOBP_NUCLEAR_EXPORT	GOBP_NUCLEAR_EXPORT		157	-0.24451233	-0.9072542	0.7278481	0.8707683	1.0	5618	tags=36%, list=29%, signal=51%	
GOMF_SPHINGOLIPID_TRANSPORTER_ACTIVITY	GOMF_SPHINGOLIPID_TRANSPORTER_ACTIVITY		16	-0.3812548	-0.90703315	0.59591836	0.87081313	1.0	1959	tags=25%, list=10%, signal=28%	
GOBP_REGULATION_OF_SISTER_CHROMATID_COHESION	GOBP_REGULATION_OF_SISTER_CHROMATID_COHESION		16	-0.37691376	-0.9062546	0.5866388	0.87244856	1.0	2073	tags=25%, list=11%, signal=28%	
GOBP_NUCLEOSIDE_MONOPHOSPHATE_BIOSYNTHETIC_PROCESS	GOBP_NUCLEOSIDE_MONOPHOSPHATE_BIOSYNTHETIC_PROCESS		40	-0.3048086	-0.9060394	0.60520095	0.8724728	1.0	3258	tags=20%, list=17%, signal=24%	
GOBP_DEVELOPMENT_OF_PRIMARY_FEMALE_SEXUAL_CHARACTERISTICS	GOBP_DEVELOPMENT_OF_PRIMARY_FEMALE_SEXUAL_CHARACTERISTICS		104	-0.26105687	-0.9056245	0.6812866	0.87306017	1.0	1782	tags=14%, list=9%, signal=16%	
GOBP_AUTOPHAGOSOME_ORGANIZATION	GOBP_AUTOPHAGOSOME_ORGANIZATION		115	-0.25218162	-0.90513974	0.7296417	0.87382585	1.0	4458	tags=31%, list=23%, signal=40%	
GOCC_ACETYLTRANSFERASE_COMPLEX	GOCC_ACETYLTRANSFERASE_COMPLEX		92	-0.26254934	-0.90470237	0.6965318	0.8744696	1.0	5870	tags=36%, list=30%, signal=51%	
GOCC_U2_SNRNP	GOCC_U2_SNRNP		26	-0.3276752	-0.904377	0.60599077	0.87477976	1.0	6391	tags=50%, list=33%, signal=74%	
GOBP_RNA_3_END_PROCESSING	GOBP_RNA_3_END_PROCESSING		83	-0.26517114	-0.90412545	0.66849315	0.87487805	1.0	3721	tags=27%, list=19%, signal=33%	
GOBP_NEGATIVE_REGULATION_OF_PROTEIN_SECRETION	GOBP_NEGATIVE_REGULATION_OF_PROTEIN_SECRETION		64	-0.2793673	-0.9040216	0.67639256	0.8745956	1.0	2180	tags=23%, list=11%, signal=26%	
GOMF_UBIQUITIN_LIKE_PROTEIN_LIGASE_ACTIVITY	GOMF_UBIQUITIN_LIKE_PROTEIN_LIGASE_ACTIVITY		338	-0.22341238	-0.90370864	0.8733032	0.8749022	1.0	4899	tags=29%, list=25%, signal=38%	
GOBP_BRANCHING_INVOLVED_IN_BLOOD_VESSEL_MORPHOGENESIS	GOBP_BRANCHING_INVOLVED_IN_BLOOD_VESSEL_MORPHOGENESIS		33	-0.32362717	-0.90309644	0.6122931	0.87600803	1.0	3920	tags=30%, list=20%, signal=38%	
GOBP_MITOTIC_SISTER_CHROMATID_COHESION	GOBP_MITOTIC_SISTER_CHROMATID_COHESION		27	-0.33764538	-0.9030445	0.61946905	0.8755678	1.0	2073	tags=15%, list=11%, signal=17%	
GOMF_GABA_RECEPTOR_BINDING	GOMF_GABA_RECEPTOR_BINDING		16	-0.38472885	-0.9027958	0.610245	0.87565446	1.0	4563	tags=38%, list=23%, signal=49%	
GOBP_NEGATIVE_REGULATION_OF_LIPID_METABOLIC_PROCESS	GOBP_NEGATIVE_REGULATION_OF_LIPID_METABOLIC_PROCESS		95	-0.25982213	-0.90223986	0.69942194	0.87658715	1.0	2797	tags=21%, list=14%, signal=24%	
GOBP_3_UTR_MEDIATED_MRNA_STABILIZATION	GOBP_3_UTR_MEDIATED_MRNA_STABILIZATION		24	-0.33737126	-0.9022265	0.6016771	0.8760435	1.0	5003	tags=38%, list=26%, signal=50%	
GOBP_INTRINSIC_APOPTOTIC_SIGNALING_PATHWAY_BY_P53_CLASS_MEDIATOR	GOBP_INTRINSIC_APOPTOTIC_SIGNALING_PATHWAY_BY_P53_CLASS_MEDIATOR		78	-0.2664206	-0.9017412	0.6793478	0.8767918	1.0	4738	tags=29%, list=24%, signal=39%	
GOBP_RECEPTOR_METABOLIC_PROCESS	GOBP_RECEPTOR_METABOLIC_PROCESS		67	-0.27646068	-0.901457	0.6375321	0.876972	1.0	2123	tags=18%, list=11%, signal=20%	
GOBP_NEGATIVE_REGULATION_OF_CD4_POSITIVE_ALPHA_BETA_T_CELL_ACTIVATION	GOBP_NEGATIVE_REGULATION_OF_CD4_POSITIVE_ALPHA_BETA_T_CELL_ACTIVATION		32	-0.32314685	-0.90073377	0.61915886	0.878335	1.0	1571	tags=22%, list=8%, signal=24%	
GOBP_REGULATION_OF_PROTEIN_LOCALIZATION_TO_NUCLEUS	GOBP_REGULATION_OF_PROTEIN_LOCALIZATION_TO_NUCLEUS		138	-0.24359798	-0.90072984	0.7669903	0.87777144	1.0	4164	tags=30%, list=21%, signal=38%	
GOCC_EXCITATORY_SYNAPSE	GOCC_EXCITATORY_SYNAPSE		62	-0.2789978	-0.9006922	0.66492146	0.87730336	1.0	3676	tags=21%, list=19%, signal=26%	
GOBP_POSITIVE_REGULATION_OF_OXIDOREDUCTASE_ACTIVITY	GOBP_POSITIVE_REGULATION_OF_OXIDOREDUCTASE_ACTIVITY		36	-0.3108451	-0.9006811	0.6363636	0.87675714	1.0	196	tags=8%, list=1%, signal=8%	
GOCC_ENDOPLASMIC_RETICULUM_EXIT_SITE	GOCC_ENDOPLASMIC_RETICULUM_EXIT_SITE		30	-0.3267127	-0.90055424	0.6353712	0.876531	1.0	5419	tags=43%, list=28%, signal=60%	
GOBP_MITOTIC_SPINDLE_ORGANIZATION	GOBP_MITOTIC_SPINDLE_ORGANIZATION		127	-0.24701163	-0.9000968	0.6730159	0.87720656	1.0	3690	tags=25%, list=19%, signal=31%	
GOMF_N_ACYLTRANSFERASE_ACTIVITY	GOMF_N_ACYLTRANSFERASE_ACTIVITY		84	-0.2581559	-0.8998635	0.69714284	0.87728906	1.0	6133	tags=36%, list=32%, signal=52%	
GOBP_POSITIVE_REGULATION_OF_STEM_CELL_PROLIFERATION	GOBP_POSITIVE_REGULATION_OF_STEM_CELL_PROLIFERATION		46	-0.2937981	-0.89986014	0.6255814	0.8767264	1.0	2000	tags=20%, list=10%, signal=22%	
GOMF_P_TYPE_TRANSMEMBRANE_TRANSPORTER_ACTIVITY	GOMF_P_TYPE_TRANSMEMBRANE_TRANSPORTER_ACTIVITY		25	-0.33792186	-0.8995976	0.6441048	0.87687206	1.0	1816	tags=20%, list=9%, signal=22%	
GOBP_MITOCHONDRIAL_TRANSPORT	GOBP_MITOCHONDRIAL_TRANSPORT		168	-0.24113998	-0.899447	0.72757477	0.87671953	1.0	3545	tags=24%, list=18%, signal=30%	
GOBP_PERIPHERAL_NERVOUS_SYSTEM_AXON_ENSHEATHMENT	GOBP_PERIPHERAL_NERVOUS_SYSTEM_AXON_ENSHEATHMENT		27	-0.3284762	-0.89776987	0.6041667	0.88079894	1.0	2596	tags=22%, list=13%, signal=26%	
GOBP_AXONAL_TRANSPORT	GOBP_AXONAL_TRANSPORT		67	-0.2719895	-0.8975932	0.67105263	0.88069516	1.0	5025	tags=27%, list=26%, signal=36%	
GOMF_G_PROTEIN_BETA_SUBUNIT_BINDING	GOMF_G_PROTEIN_BETA_SUBUNIT_BINDING		21	-0.34827244	-0.897052	0.65806454	0.8816038	1.0	992	tags=14%, list=5%, signal=15%	
GOCC_GAMMA_TUBULIN_COMPLEX	GOCC_GAMMA_TUBULIN_COMPLEX		17	-0.3715796	-0.8963641	0.61422414	0.8828743	1.0	3159	tags=29%, list=16%, signal=35%	
GOBP_NEGATIVE_REGULATION_OF_EPITHELIAL_CELL_APOPTOTIC_PROCESS	GOBP_NEGATIVE_REGULATION_OF_EPITHELIAL_CELL_APOPTOTIC_PROCESS		61	-0.27596068	-0.8960773	0.67076164	0.88310134	1.0	2781	tags=21%, list=14%, signal=25%	
GOBP_REGULATION_OF_SODIUM_ION_TRANSMEMBRANE_TRANSPORT	GOBP_REGULATION_OF_SODIUM_ION_TRANSMEMBRANE_TRANSPORT		55	-0.28390294	-0.89570564	0.68434346	0.8835415	1.0	3448	tags=24%, list=18%, signal=29%	
GOBP_DENTATE_GYRUS_DEVELOPMENT	GOBP_DENTATE_GYRUS_DEVELOPMENT		24	-0.3389643	-0.89506185	0.61050326	0.8846911	1.0	4593	tags=38%, list=24%, signal=49%	
GOBP_XENOBIOTIC_CATABOLIC_PROCESS	GOBP_XENOBIOTIC_CATABOLIC_PROCESS		25	-0.33750623	-0.8950249	0.61290324	0.8842016	1.0	16	tags=4%, list=0%, signal=4%	
GOBP_MONOCYTE_CHEMOTACTIC_PROTEIN_1_PRODUCTION	GOBP_MONOCYTE_CHEMOTACTIC_PROTEIN_1_PRODUCTION		19	-0.3617934	-0.8947035	0.6021277	0.8844971	1.0	576	tags=16%, list=3%, signal=16%	
GOBP_3_PHOSPHOADENOSINE_5_PHOSPHOSULFATE_METABOLIC_PROCESS	GOBP_3_PHOSPHOADENOSINE_5_PHOSPHOSULFATE_METABOLIC_PROCESS		16	-0.38404202	-0.8938333	0.6296296	0.8862185	1.0	4431	tags=44%, list=23%, signal=57%	
GOCC_VESICLE_COAT	GOCC_VESICLE_COAT		58	-0.28106225	-0.8937305	0.657754	0.88592315	1.0	5649	tags=38%, list=29%, signal=53%	
GOBP_PROGRAMMED_NECROTIC_CELL_DEATH	GOBP_PROGRAMMED_NECROTIC_CELL_DEATH		50	-0.29091373	-0.8935843	0.65445024	0.88573563	1.0	4738	tags=36%, list=24%, signal=47%	
GOMF_SECONDARY_ACTIVE_MONOCARBOXYLATE_TRANSMEMBRANE_TRANSPORTER_ACTIVITY	GOMF_SECONDARY_ACTIVE_MONOCARBOXYLATE_TRANSMEMBRANE_TRANSPORTER_ACTIVITY		19	-0.35596222	-0.8935375	0.6134454	0.8852936	1.0	3320	tags=26%, list=17%, signal=32%	
GOBP_REGULATION_OF_SODIUM_ION_TRANSMEMBRANE_TRANSPORTER_ACTIVITY	GOBP_REGULATION_OF_SODIUM_ION_TRANSMEMBRANE_TRANSPORTER_ACTIVITY		45	-0.29353684	-0.8935009	0.649635	0.88481605	1.0	1084	tags=13%, list=6%, signal=14%	
GOBP_REGULATION_OF_CELLULAR_RESPONSE_TO_VASCULAR_ENDOTHELIAL_GROWTH_FACTOR_STIMULUS	GOBP_REGULATION_OF_CELLULAR_RESPONSE_TO_VASCULAR_ENDOTHELIAL_GROWTH_FACTOR_STIMULUS		24	-0.336896	-0.8933053	0.62527716	0.8847647	1.0	2306	tags=25%, list=12%, signal=28%	
GOBP_MITOCHONDRIAL_TRANSMEMBRANE_TRANSPORT	GOBP_MITOCHONDRIAL_TRANSMEMBRANE_TRANSPORT		95	-0.25617373	-0.8928418	0.7180157	0.8854104	1.0	3545	tags=25%, list=18%, signal=31%	
GOBP_AMP_METABOLIC_PROCESS	GOBP_AMP_METABOLIC_PROCESS		21	-0.34563422	-0.8927628	0.5900901	0.8850827	1.0	4010	tags=33%, list=21%, signal=42%	
GOBP_REGULATION_OF_MRNA_CATABOLIC_PROCESS	GOBP_REGULATION_OF_MRNA_CATABOLIC_PROCESS		175	-0.239459	-0.8926527	0.7804878	0.8848035	1.0	4187	tags=30%, list=22%, signal=38%	
GOBP_MOTOR_BEHAVIOR	GOBP_MOTOR_BEHAVIOR		22	-0.3436491	-0.89225006	0.6207675	0.8853046	1.0	1820	tags=23%, list=9%, signal=25%	
GOBP_MORPHOGENESIS_OF_A_POLARIZED_EPITHELIUM	GOBP_MORPHOGENESIS_OF_A_POLARIZED_EPITHELIUM		60	-0.28100148	-0.89224225	0.66997516	0.88476866	1.0	3356	tags=27%, list=17%, signal=32%	
GOCC_ATPASE_DEPENDENT_TRANSMEMBRANE_TRANSPORT_COMPLEX	GOCC_ATPASE_DEPENDENT_TRANSMEMBRANE_TRANSPORT_COMPLEX		25	-0.33044943	-0.89218974	0.63616556	0.8843266	1.0	1820	tags=20%, list=9%, signal=22%	
GOMF_MICROTUBULE_BINDING	GOMF_MICROTUBULE_BINDING		257	-0.22549306	-0.8918633	0.8523207	0.8846205	1.0	3546	tags=22%, list=18%, signal=26%	
GOBP_REGULATION_OF_CILIUM_DEPENDENT_CELL_MOTILITY	GOBP_REGULATION_OF_CILIUM_DEPENDENT_CELL_MOTILITY		27	-0.33075488	-0.89170814	0.62098503	0.88446075	1.0	2782	tags=22%, list=14%, signal=26%	
GOBP_INTRACELLULAR_ESTROGEN_RECEPTOR_SIGNALING_PATHWAY	GOBP_INTRACELLULAR_ESTROGEN_RECEPTOR_SIGNALING_PATHWAY		51	-0.28700548	-0.89155656	0.66746986	0.8842893	1.0	3667	tags=25%, list=19%, signal=31%	
GOBP_REGULATION_OF_HEMATOPOIETIC_PROGENITOR_CELL_DIFFERENTIATION	GOBP_REGULATION_OF_HEMATOPOIETIC_PROGENITOR_CELL_DIFFERENTIATION		41	-0.29803374	-0.8905848	0.64492756	0.8862946	1.0	3554	tags=32%, list=18%, signal=39%	
GOBP_VITAMIN_D_METABOLIC_PROCESS	GOBP_VITAMIN_D_METABOLIC_PROCESS		21	-0.35026598	-0.8902455	0.60770977	0.8866553	1.0	390	tags=10%, list=2%, signal=10%	
GOMF_NADPH_BINDING	GOMF_NADPH_BINDING		16	-0.3682886	-0.8894432	0.62993765	0.8880994	1.0	2760	tags=25%, list=14%, signal=29%	
GOBP_EPITHELIAL_CELL_CELL_ADHESION	GOBP_EPITHELIAL_CELL_CELL_ADHESION		16	-0.3756234	-0.8888223	0.62815124	0.88916457	1.0	1883	tags=25%, list=10%, signal=28%	
GOBP_HIPPOCAMPUS_DEVELOPMENT	GOBP_HIPPOCAMPUS_DEVELOPMENT		95	-0.25642267	-0.8885907	0.73002756	0.88920784	1.0	4701	tags=32%, list=24%, signal=41%	
GOMF_ACTIVE_MONOATOMIC_ION_TRANSMEMBRANE_TRANSPORTER_ACTIVITY	GOMF_ACTIVE_MONOATOMIC_ION_TRANSMEMBRANE_TRANSPORTER_ACTIVITY		268	-0.22278439	-0.88855976	0.87447697	0.8887196	1.0	3978	tags=22%, list=20%, signal=27%	
GOBP_EMBRYONIC_HEART_TUBE_DEVELOPMENT	GOBP_EMBRYONIC_HEART_TUBE_DEVELOPMENT		82	-0.26123267	-0.88827664	0.7025496	0.8889008	1.0	2717	tags=16%, list=14%, signal=18%	
GOBP_CELLULAR_PIGMENTATION	GOBP_CELLULAR_PIGMENTATION		62	-0.27072713	-0.8879889	0.68767124	0.88909066	1.0	2914	tags=19%, list=15%, signal=23%	
GOBP_MITOCHONDRIAL_TRANSCRIPTION	GOBP_MITOCHONDRIAL_TRANSCRIPTION		19	-0.34393162	-0.88797307	0.63146067	0.88856137	1.0	2532	tags=21%, list=13%, signal=24%	
GOCC_NUCLEOSOME	GOCC_NUCLEOSOME		39	-0.29436788	-0.88788265	0.6635514	0.8882335	1.0	4604	tags=28%, list=24%, signal=37%	
GOBP_CYTOKINETIC_PROCESS	GOBP_CYTOKINETIC_PROCESS		46	-0.2936335	-0.8877489	0.6728232	0.8879934	1.0	5245	tags=35%, list=27%, signal=48%	
GOBP_ALDEHYDE_BIOSYNTHETIC_PROCESS	GOBP_ALDEHYDE_BIOSYNTHETIC_PROCESS		18	-0.36345452	-0.8876589	0.61587983	0.88767606	1.0	1189	tags=17%, list=6%, signal=18%	
GOBP_POSITIVE_REGULATION_OF_DOUBLE_STRAND_BREAK_REPAIR	GOBP_POSITIVE_REGULATION_OF_DOUBLE_STRAND_BREAK_REPAIR		85	-0.2602043	-0.88754666	0.7057221	0.88739586	1.0	5914	tags=39%, list=30%, signal=56%	
GOBP_PURINE_RIBONUCLEOSIDE_METABOLIC_PROCESS	GOBP_PURINE_RIBONUCLEOSIDE_METABOLIC_PROCESS		20	-0.34798992	-0.88735825	0.6310273	0.88732874	1.0	1579	tags=15%, list=8%, signal=16%	
GOBP_VESICLE_MEDIATED_TRANSPORT_BETWEEN_ENDOSOMAL_COMPARTMENTS	GOBP_VESICLE_MEDIATED_TRANSPORT_BETWEEN_ENDOSOMAL_COMPARTMENTS		46	-0.28949207	-0.88685155	0.70068026	0.88807905	1.0	4172	tags=26%, list=21%, signal=33%	
GOBP_FOAM_CELL_DIFFERENTIATION	GOBP_FOAM_CELL_DIFFERENTIATION		38	-0.30278346	-0.88678575	0.6674473	0.8876918	1.0	2848	tags=29%, list=15%, signal=34%	
GOBP_XENOBIOTIC_TRANSPORT	GOBP_XENOBIOTIC_TRANSPORT		45	-0.29466555	-0.88643676	0.67263424	0.88802	1.0	1673	tags=18%, list=9%, signal=19%	
GOBP_EMBRYONIC_CRANIAL_SKELETON_MORPHOGENESIS	GOBP_EMBRYONIC_CRANIAL_SKELETON_MORPHOGENESIS		43	-0.29519364	-0.8862089	0.6453901	0.8880554	1.0	1083	tags=14%, list=6%, signal=15%	
GOMF_DEMETHYLASE_ACTIVITY	GOMF_DEMETHYLASE_ACTIVITY		33	-0.31482777	-0.8860019	0.62723213	0.888057	1.0	2923	tags=24%, list=15%, signal=28%	
GOBP_REGULATION_OF_MITOTIC_CELL_CYCLE	GOBP_REGULATION_OF_MITOTIC_CELL_CYCLE		478	-0.21229762	-0.885427	0.93296087	0.8889873	1.0	5337	tags=33%, list=27%, signal=44%	
GOCC_ENDOPLASMIC_RETICULUM_GOLGI_INTERMEDIATE_COMPARTMENT_MEMBRANE	GOCC_ENDOPLASMIC_RETICULUM_GOLGI_INTERMEDIATE_COMPARTMENT_MEMBRANE		79	-0.25904548	-0.8853714	0.7240437	0.88856524	1.0	4502	tags=34%, list=23%, signal=44%	
GOMF_NUCLEOBASE_CONTAINING_COMPOUND_KINASE_ACTIVITY	GOMF_NUCLEOBASE_CONTAINING_COMPOUND_KINASE_ACTIVITY		41	-0.2957991	-0.8846962	0.67464113	0.889708	1.0	3359	tags=22%, list=17%, signal=26%	
GOBP_DNA_TEMPLATED_DNA_REPLICATION_MAINTENANCE_OF_FIDELITY	GOBP_DNA_TEMPLATED_DNA_REPLICATION_MAINTENANCE_OF_FIDELITY		54	-0.28424323	-0.884546	0.6893733	0.88953227	1.0	5848	tags=35%, list=30%, signal=50%	
GOBP_CELL_PROLIFERATION_IN_FOREBRAIN	GOBP_CELL_PROLIFERATION_IN_FOREBRAIN		26	-0.32784092	-0.88439375	0.65986395	0.88934183	1.0	1329	tags=15%, list=7%, signal=16%	
GOBP_NEGATIVE_REGULATION_OF_CATABOLIC_PROCESS	GOBP_NEGATIVE_REGULATION_OF_CATABOLIC_PROCESS		328	-0.22115585	-0.884382	0.91555554	0.88881516	1.0	5413	tags=37%, list=28%, signal=51%	
GOMF_UBIQUITIN_BINDING	GOMF_UBIQUITIN_BINDING		97	-0.2546945	-0.8843769	0.7256637	0.8882674	1.0	4676	tags=34%, list=24%, signal=45%	
GOBP_P_BODY_ASSEMBLY	GOBP_P_BODY_ASSEMBLY		20	-0.34523714	-0.8840471	0.62203026	0.8885307	1.0	5795	tags=40%, list=30%, signal=57%	
GOCC_RECYCLING_ENDOSOME_MEMBRANE	GOCC_RECYCLING_ENDOSOME_MEMBRANE		104	-0.2522268	-0.8827685	0.7238372	0.8911568	1.0	3433	tags=20%, list=18%, signal=24%	
GOCC_DENDRITIC_SHAFT	GOCC_DENDRITIC_SHAFT		39	-0.29446006	-0.8823578	0.69020504	0.8916426	1.0	4421	tags=33%, list=23%, signal=43%	
GOBP_GLUCOSE_6_PHOSPHATE_METABOLIC_PROCESS	GOBP_GLUCOSE_6_PHOSPHATE_METABOLIC_PROCESS		27	-0.32752725	-0.8820442	0.646789	0.891855	1.0	3017	tags=26%, list=16%, signal=31%	
GOBP_NEGATIVE_REGULATION_OF_GLUCOSE_TRANSMEMBRANE_TRANSPORT	GOBP_NEGATIVE_REGULATION_OF_GLUCOSE_TRANSMEMBRANE_TRANSPORT		17	-0.36302063	-0.8813384	0.6404255	0.8930701	1.0	2022	tags=29%, list=10%, signal=33%	
GOBP_POSITIVE_REGULATION_OF_HEART_GROWTH	GOBP_POSITIVE_REGULATION_OF_HEART_GROWTH		30	-0.31299958	-0.8813084	0.6643836	0.89259374	1.0	3795	tags=33%, list=20%, signal=41%	
GOMF_DNA_DIRECTED_DNA_POLYMERASE_ACTIVITY	GOMF_DNA_DIRECTED_DNA_POLYMERASE_ACTIVITY		23	-0.3349994	-0.8812505	0.650108	0.8921664	1.0	5821	tags=39%, list=30%, signal=56%	
GOBP_REGULATION_OF_ODONTOGENESIS	GOBP_REGULATION_OF_ODONTOGENESIS		19	-0.35454908	-0.8808928	0.6301075	0.8924468	1.0	3920	tags=37%, list=20%, signal=46%	
GOBP_THIOESTER_BIOSYNTHETIC_PROCESS	GOBP_THIOESTER_BIOSYNTHETIC_PROCESS		45	-0.2903049	-0.8807227	0.69082123	0.892287	1.0	430	tags=9%, list=2%, signal=9%	
GOMF_LIGASE_ACTIVITY_FORMING_CARBON_SULFUR_BONDS	GOMF_LIGASE_ACTIVITY_FORMING_CARBON_SULFUR_BONDS		41	-0.2933002	-0.8805552	0.65789473	0.8921316	1.0	187	tags=5%, list=1%, signal=5%	
GOBP_TETRAHYDROFOLATE_METABOLIC_PROCESS	GOBP_TETRAHYDROFOLATE_METABOLIC_PROCESS		17	-0.35141277	-0.8790421	0.6413502	0.89533806	1.0	4506	tags=35%, list=23%, signal=46%	
GOCC_CILIARY_BASE	GOCC_CILIARY_BASE		37	-0.2982239	-0.87902117	0.6493827	0.8948299	1.0	3683	tags=24%, list=19%, signal=30%	
GOBP_GLYCOSPHINGOLIPID_BIOSYNTHETIC_PROCESS	GOBP_GLYCOSPHINGOLIPID_BIOSYNTHETIC_PROCESS		38	-0.30253312	-0.8790085	0.6832918	0.894302	1.0	5455	tags=47%, list=28%, signal=66%	
GOBP_REGULATION_OF_VESICLE_SIZE	GOBP_REGULATION_OF_VESICLE_SIZE		18	-0.35281464	-0.87865734	0.63135594	0.89465487	1.0	1367	tags=17%, list=7%, signal=18%	
GOMF_O_ACYLTRANSFERASE_ACTIVITY	GOMF_O_ACYLTRANSFERASE_ACTIVITY		52	-0.28544864	-0.8785862	0.68599033	0.89427376	1.0	2338	tags=19%, list=12%, signal=22%	
GOBP_ESTABLISHMENT_OF_PROTEIN_LOCALIZATION_TO_TELOMERE	GOBP_ESTABLISHMENT_OF_PROTEIN_LOCALIZATION_TO_TELOMERE		18	-0.35796517	-0.8785844	0.6459227	0.89371943	1.0	3880	tags=17%, list=20%, signal=21%	
GOMF_TRANSCRIPTION_COREPRESSOR_ACTIVITY	GOMF_TRANSCRIPTION_COREPRESSOR_ACTIVITY		186	-0.23112321	-0.8779608	0.8210526	0.89470816	1.0	3617	tags=21%, list=19%, signal=26%	
GOBP_RESPONSE_TO_AMINE	GOBP_RESPONSE_TO_AMINE		51	-0.28421116	-0.8777067	0.7135417	0.89477175	1.0	1035	tags=12%, list=5%, signal=12%	
GOCC_HETEROCHROMATIN	GOCC_HETEROCHROMATIN		72	-0.26413265	-0.87717503	0.75186104	0.89549714	1.0	6183	tags=35%, list=32%, signal=51%	
GOBP_REGULATION_OF_CELL_CYCLE_PHASE_TRANSITION	GOBP_REGULATION_OF_CELL_CYCLE_PHASE_TRANSITION		405	-0.21203417	-0.876599	0.9424084	0.89634633	1.0	5669	tags=34%, list=29%, signal=47%	
GOBP_POSITIVE_REGULATION_OF_PROTEASOMAL_PROTEIN_CATABOLIC_PROCESS	GOBP_POSITIVE_REGULATION_OF_PROTEASOMAL_PROTEIN_CATABOLIC_PROCESS		101	-0.25024387	-0.87659687	0.755618	0.89579433	1.0	4305	tags=29%, list=22%, signal=37%	
GOBP_NUCLEAR_BODY_ORGANIZATION	GOBP_NUCLEAR_BODY_ORGANIZATION		17	-0.35578817	-0.8762418	0.6451613	0.8960859	1.0	4689	tags=35%, list=24%, signal=46%	
GOMF_TRANSLATION_INITIATION_FACTOR_ACTIVITY	GOMF_TRANSLATION_INITIATION_FACTOR_ACTIVITY		48	-0.28591084	-0.8761203	0.71532845	0.8958151	1.0	4322	tags=25%, list=22%, signal=32%	
GOBP_NUCLEOBASE_CONTAINING_SMALL_MOLECULE_BIOSYNTHETIC_PROCESS	GOBP_NUCLEOBASE_CONTAINING_SMALL_MOLECULE_BIOSYNTHETIC_PROCESS		17	-0.35914433	-0.87567276	0.63247865	0.89636713	1.0	2250	tags=18%, list=12%, signal=20%	
GOMF_NUCLEAR_IMPORT_SIGNAL_RECEPTOR_ACTIVITY	GOMF_NUCLEAR_IMPORT_SIGNAL_RECEPTOR_ACTIVITY		19	-0.35426444	-0.8750031	0.64788735	0.8974922	1.0	3516	tags=32%, list=18%, signal=39%	
GOBP_REGULATION_OF_MEMBRANE_LIPID_DISTRIBUTION	GOBP_REGULATION_OF_MEMBRANE_LIPID_DISTRIBUTION		59	-0.27353242	-0.8743084	0.72894734	0.89859104	1.0	2610	tags=20%, list=13%, signal=23%	
GOCC_PROTEIN_PHOSPHATASE_TYPE_2A_COMPLEX	GOCC_PROTEIN_PHOSPHATASE_TYPE_2A_COMPLEX		18	-0.35719174	-0.8741569	0.66049385	0.89840096	1.0	4041	tags=39%, list=21%, signal=49%	
GOBP_TRICARBOXYLIC_ACID_METABOLIC_PROCESS	GOBP_TRICARBOXYLIC_ACID_METABOLIC_PROCESS		16	-0.365437	-0.8740187	0.66444445	0.8981707	1.0	3351	tags=31%, list=17%, signal=38%	
GOBP_PYRIDINE_NUCLEOTIDE_BIOSYNTHETIC_PROCESS	GOBP_PYRIDINE_NUCLEOTIDE_BIOSYNTHETIC_PROCESS		28	-0.31271547	-0.8739503	0.6868009	0.89776593	1.0	1404	tags=21%, list=7%, signal=23%	
GOMF_ATPASE_COUPLED_INTRAMEMBRANE_LIPID_TRANSPORTER_ACTIVITY	GOMF_ATPASE_COUPLED_INTRAMEMBRANE_LIPID_TRANSPORTER_ACTIVITY		27	-0.31633192	-0.8737702	0.6768559	0.8976569	1.0	3053	tags=33%, list=16%, signal=39%	
GOMF_MRNA_3_UTR_AU_RICH_REGION_BINDING	GOMF_MRNA_3_UTR_AU_RICH_REGION_BINDING		29	-0.3167634	-0.8736046	0.6804598	0.8975014	1.0	1275	tags=17%, list=7%, signal=18%	
GOMF_GLUTAMATE_RECEPTOR_ACTIVITY	GOMF_GLUTAMATE_RECEPTOR_ACTIVITY		25	-0.33113712	-0.87330604	0.6873563	0.89765763	1.0	2834	tags=12%, list=15%, signal=14%	
GOMF_NUCLEAR_ANDROGEN_RECEPTOR_BINDING	GOMF_NUCLEAR_ANDROGEN_RECEPTOR_BINDING		26	-0.32701516	-0.8729226	0.6746725	0.8980342	1.0	162	tags=8%, list=1%, signal=8%	
GOMF_NUCLEOBASE_CONTAINING_COMPOUND_TRANSMEMBRANE_TRANSPORTER_ACTIVITY	GOMF_NUCLEOBASE_CONTAINING_COMPOUND_TRANSMEMBRANE_TRANSPORTER_ACTIVITY		54	-0.27492556	-0.8724477	0.71907216	0.89863104	1.0	2735	tags=20%, list=14%, signal=24%	
GOBP_POST_EMBRYONIC_DEVELOPMENT	GOBP_POST_EMBRYONIC_DEVELOPMENT		84	-0.2560589	-0.87165916	0.7583333	0.89995646	1.0	3408	tags=20%, list=18%, signal=24%	
GOMF_ENZYME_SUBSTRATE_ADAPTOR_ACTIVITY	GOMF_ENZYME_SUBSTRATE_ADAPTOR_ACTIVITY		71	-0.26480103	-0.87119013	0.7213542	0.90054053	1.0	3578	tags=25%, list=18%, signal=31%	
GOBP_FOREBRAIN_GENERATION_OF_NEURONS	GOBP_FOREBRAIN_GENERATION_OF_NEURONS		51	-0.28163126	-0.8708078	0.7209302	0.90091443	1.0	1020	tags=12%, list=5%, signal=12%	
GOBP_INHIBITORY_SYNAPSE_ASSEMBLY	GOBP_INHIBITORY_SYNAPSE_ASSEMBLY		26	-0.32055256	-0.870254	0.63419914	0.90170944	1.0	2275	tags=15%, list=12%, signal=17%	
GOBP_MRNA_EXPORT_FROM_NUCLEUS	GOBP_MRNA_EXPORT_FROM_NUCLEUS		65	-0.26597482	-0.8702181	0.72031665	0.90123487	1.0	6133	tags=42%, list=32%, signal=61%	
GOBP_REGULATION_OF_PROTEIN_STABILITY	GOBP_REGULATION_OF_PROTEIN_STABILITY		298	-0.217801	-0.8698744	0.9527897	0.9014841	1.0	2841	tags=17%, list=15%, signal=20%	
GOBP_L_GLUTAMATE_TRANSMEMBRANE_TRANSPORT	GOBP_L_GLUTAMATE_TRANSMEMBRANE_TRANSPORT		29	-0.3164295	-0.869859	0.69138753	0.9009697	1.0	938	tags=14%, list=5%, signal=14%	
GOMF_ACETYLGLUCOSAMINYLTRANSFERASE_ACTIVITY	GOMF_ACETYLGLUCOSAMINYLTRANSFERASE_ACTIVITY		41	-0.28904966	-0.8692613	0.6756757	0.9018661	1.0	1828	tags=22%, list=9%, signal=24%	
GOBP_MITOCHONDRIAL_ELECTRON_TRANSPORT_CYTOCHROME_C_TO_OXYGEN	GOBP_MITOCHONDRIAL_ELECTRON_TRANSPORT_CYTOCHROME_C_TO_OXYGEN		17	-0.34966642	-0.86883265	0.68710357	0.90236187	1.0	6597	tags=41%, list=34%, signal=62%	
GOBP_NEGATIVE_REGULATION_OF_FAT_CELL_DIFFERENTIATION	GOBP_NEGATIVE_REGULATION_OF_FAT_CELL_DIFFERENTIATION		49	-0.27972707	-0.8684081	0.6910569	0.90283257	1.0	2000	tags=20%, list=10%, signal=23%	
GOBP_NUCLEAR_TRANSCRIBED_MRNA_POLY_A_TAIL_SHORTENING	GOBP_NUCLEAR_TRANSCRIBED_MRNA_POLY_A_TAIL_SHORTENING		29	-0.3110156	-0.8682937	0.65654206	0.90254533	1.0	4657	tags=34%, list=24%, signal=45%	
GOCC_VOLTAGE_GATED_CALCIUM_CHANNEL_COMPLEX	GOCC_VOLTAGE_GATED_CALCIUM_CHANNEL_COMPLEX		40	-0.2890844	-0.8670145	0.71121716	0.9049167	1.0	846	tags=10%, list=4%, signal=10%	
GOBP_POSITIVE_REGULATION_OF_MITOTIC_CELL_CYCLE	GOBP_POSITIVE_REGULATION_OF_MITOTIC_CELL_CYCLE		121	-0.24436978	-0.8669112	0.8333333	0.90458745	1.0	5337	tags=36%, list=27%, signal=49%	
GOCC_NUCLEAR_MEMBRANE	GOCC_NUCLEAR_MEMBRANE		295	-0.21606717	-0.86669886	0.93721974	0.90451914	1.0	4911	tags=29%, list=25%, signal=38%	
GOBP_GANGLIOSIDE_METABOLIC_PROCESS	GOBP_GANGLIOSIDE_METABOLIC_PROCESS		27	-0.31586915	-0.86534065	0.66744184	0.9071184	1.0	1660	tags=22%, list=9%, signal=24%	
GOBP_MICROTUBULE_BUNDLE_FORMATION	GOBP_MICROTUBULE_BUNDLE_FORMATION		101	-0.24960677	-0.8648345	0.77437323	0.90774244	1.0	2977	tags=20%, list=15%, signal=23%	
GOBP_RNA_LOCALIZATION	GOBP_RNA_LOCALIZATION		187	-0.22607239	-0.8648252	0.8778878	0.9072086	1.0	5894	tags=34%, list=30%, signal=49%	
GOCC_SIN3_TYPE_COMPLEX	GOCC_SIN3_TYPE_COMPLEX		21	-0.32767227	-0.8646779	0.6375546	0.907017	1.0	4913	tags=33%, list=25%, signal=45%	
GOBP_ANTERIOR_POSTERIOR_AXIS_SPECIFICATION	GOBP_ANTERIOR_POSTERIOR_AXIS_SPECIFICATION		55	-0.27346954	-0.86444634	0.73880595	0.90700054	1.0	1989	tags=13%, list=10%, signal=14%	
GOBP_MICROTUBULE_ANCHORING	GOBP_MICROTUBULE_ANCHORING		23	-0.33254245	-0.864374	0.6797386	0.9066166	1.0	5788	tags=43%, list=30%, signal=62%	
GOBP_MATURATION_OF_LSU_RRNA	GOBP_MATURATION_OF_LSU_RRNA		23	-0.33466426	-0.86434186	0.6561798	0.90613866	1.0	2629	tags=17%, list=14%, signal=20%	
GOBP_NEGATIVE_REGULATION_OF_NUCLEOCYTOPLASMIC_TRANSPORT	GOBP_NEGATIVE_REGULATION_OF_NUCLEOCYTOPLASMIC_TRANSPORT		23	-0.32747093	-0.8643242	0.6458333	0.90562725	1.0	4075	tags=35%, list=21%, signal=44%	
GOBP_ACETYL_COA_BIOSYNTHETIC_PROCESS	GOBP_ACETYL_COA_BIOSYNTHETIC_PROCESS		18	-0.34522623	-0.86428213	0.6505495	0.9051862	1.0	3651	tags=22%, list=19%, signal=27%	
GOBP_SCF_DEPENDENT_PROTEASOMAL_UBIQUITIN_DEPENDENT_PROTEIN_CATABOLIC_PROCESS	GOBP_SCF_DEPENDENT_PROTEASOMAL_UBIQUITIN_DEPENDENT_PROTEIN_CATABOLIC_PROCESS		41	-0.28919765	-0.8642303	0.7169312	0.9047541	1.0	5451	tags=32%, list=28%, signal=44%	
GOBP_GLYCOSIDE_METABOLIC_PROCESS	GOBP_GLYCOSIDE_METABOLIC_PROCESS		20	-0.3462802	-0.86411893	0.6760563	0.90446615	1.0	4438	tags=25%, list=23%, signal=32%	
GOBP_URETER_DEVELOPMENT	GOBP_URETER_DEVELOPMENT		18	-0.35049146	-0.8639243	0.6638478	0.9044004	1.0	2395	tags=28%, list=12%, signal=32%	
GOBP_ACTIVATION_OF_ADENYLATE_CYCLASE_ACTIVITY	GOBP_ACTIVATION_OF_ADENYLATE_CYCLASE_ACTIVITY		24	-0.32464814	-0.8635852	0.6768559	0.90465593	1.0	376	tags=8%, list=2%, signal=8%	
GOMF_NOTCH_BINDING	GOMF_NOTCH_BINDING		22	-0.33529547	-0.8634055	0.67014617	0.90450096	1.0	4019	tags=41%, list=21%, signal=52%	
GOBP_NEUROTRANSMITTER_GATED_ION_CHANNEL_CLUSTERING	GOBP_NEUROTRANSMITTER_GATED_ION_CHANNEL_CLUSTERING		15	-0.3819081	-0.86155134	0.66590387	0.9082276	1.0	2900	tags=27%, list=15%, signal=31%	
GOBP_SODIUM_ION_TRANSMEMBRANE_TRANSPORT	GOBP_SODIUM_ION_TRANSMEMBRANE_TRANSPORT		183	-0.2296575	-0.8614946	0.8877551	0.9078142	1.0	3470	tags=19%, list=18%, signal=23%	
GOBP_BILE_ACID_BIOSYNTHETIC_PROCESS	GOBP_BILE_ACID_BIOSYNTHETIC_PROCESS		35	-0.30054367	-0.8614579	0.6782407	0.9073494	1.0	187	tags=6%, list=1%, signal=6%	
GOBP_POSITIVE_REGULATION_OF_FATTY_ACID_METABOLIC_PROCESS	GOBP_POSITIVE_REGULATION_OF_FATTY_ACID_METABOLIC_PROCESS		37	-0.297821	-0.8611093	0.7202797	0.90759385	1.0	3215	tags=30%, list=17%, signal=36%	
GOMF_SULFOTRANSFERASE_ACTIVITY	GOMF_SULFOTRANSFERASE_ACTIVITY		51	-0.28021404	-0.86032355	0.720548	0.908877	1.0	3142	tags=25%, list=16%, signal=30%	
GOBP_REGULATION_OF_SKELETAL_MUSCLE_TISSUE_DEVELOPMENT	GOBP_REGULATION_OF_SKELETAL_MUSCLE_TISSUE_DEVELOPMENT		25	-0.31942642	-0.85934794	0.6689342	0.91048414	1.0	2000	tags=20%, list=10%, signal=22%	
GOCC_SPINDLE	GOCC_SPINDLE		399	-0.2084872	-0.858749	0.984127	0.91128784	1.0	4001	tags=23%, list=21%, signal=28%	
GOMF_PHOSPHOPROTEIN_PHOSPHATASE_ACTIVITY	GOMF_PHOSPHOPROTEIN_PHOSPHATASE_ACTIVITY		162	-0.23243982	-0.85860085	0.8666667	0.9110835	1.0	3270	tags=19%, list=17%, signal=23%	
GOBP_NEUROMUSCULAR_PROCESS_CONTROLLING_POSTURE	GOBP_NEUROMUSCULAR_PROCESS_CONTROLLING_POSTURE		18	-0.34857118	-0.8584604	0.66105264	0.9108536	1.0	4389	tags=39%, list=23%, signal=50%	
GOBP_MEIOTIC_SPINDLE_ORGANIZATION	GOBP_MEIOTIC_SPINDLE_ORGANIZATION		17	-0.35616475	-0.85842	0.6399177	0.9103974	1.0	5735	tags=53%, list=30%, signal=75%	
GOBP_REGULATION_OF_RESPONSE_TO_OXIDATIVE_STRESS	GOBP_REGULATION_OF_RESPONSE_TO_OXIDATIVE_STRESS		29	-0.3097471	-0.85820025	0.67713004	0.91033924	1.0	3039	tags=21%, list=16%, signal=24%	
GOMF_RECEPTOR_ANTAGONIST_ACTIVITY	GOMF_RECEPTOR_ANTAGONIST_ACTIVITY		18	-0.35214543	-0.8572789	0.67405766	0.9117671	1.0	1586	tags=22%, list=8%, signal=24%	
GOBP_RIBONUCLEOSIDE_MONOPHOSPHATE_CATABOLIC_PROCESS	GOBP_RIBONUCLEOSIDE_MONOPHOSPHATE_CATABOLIC_PROCESS		15	-0.35569328	-0.8565735	0.65082645	0.91279805	1.0	724	tags=13%, list=4%, signal=14%	
GOBP_POSITIVE_REGULATION_OF_PROTEIN_LOCALIZATION_TO_NUCLEUS	GOBP_POSITIVE_REGULATION_OF_PROTEIN_LOCALIZATION_TO_NUCLEUS		92	-0.2460115	-0.8565551	0.79045093	0.9122852	1.0	4154	tags=28%, list=21%, signal=36%	
GOBP_ENTRAINMENT_OF_CIRCADIAN_CLOCK	GOBP_ENTRAINMENT_OF_CIRCADIAN_CLOCK		27	-0.31177542	-0.8565274	0.69196427	0.91180915	1.0	5467	tags=48%, list=28%, signal=67%	
GOBP_BEHAVIORAL_RESPONSE_TO_PAIN	GOBP_BEHAVIORAL_RESPONSE_TO_PAIN		17	-0.353901	-0.85575324	0.66150445	0.9129254	1.0	982	tags=18%, list=5%, signal=19%	
GOBP_RETROGRADE_AXONAL_TRANSPORT	GOBP_RETROGRADE_AXONAL_TRANSPORT		22	-0.33152008	-0.85497355	0.6629956	0.9140529	1.0	3430	tags=18%, list=18%, signal=22%	
GOMF_PHOSPHORUS_OXYGEN_LYASE_ACTIVITY	GOMF_PHOSPHORUS_OXYGEN_LYASE_ACTIVITY		20	-0.33811894	-0.85327023	0.6730361	0.91729575	1.0	4880	tags=45%, list=25%, signal=60%	
GOCC_MIDBODY	GOCC_MIDBODY		190	-0.22581021	-0.8529739	0.90601504	0.9174318	1.0	3782	tags=22%, list=19%, signal=27%	
GOMF_NUCLEOTIDE_TRANSMEMBRANE_TRANSPORTER_ACTIVITY	GOMF_NUCLEOTIDE_TRANSMEMBRANE_TRANSPORTER_ACTIVITY		31	-0.30185333	-0.85284823	0.7004717	0.9171789	1.0	3199	tags=26%, list=16%, signal=31%	
GOBP_GLUTAMATERGIC_NEURON_DIFFERENTIATION	GOBP_GLUTAMATERGIC_NEURON_DIFFERENTIATION		17	-0.35191104	-0.85100627	0.6864989	0.9206833	1.0	3539	tags=41%, list=18%, signal=50%	
GOBP_REGULATION_OF_FLAGELLATED_SPERM_MOTILITY	GOBP_REGULATION_OF_FLAGELLATED_SPERM_MOTILITY		19	-0.33390054	-0.850801	0.70640177	0.92058456	1.0	2782	tags=16%, list=14%, signal=18%	
GOCC_BRUSH_BORDER	GOCC_BRUSH_BORDER		103	-0.2437852	-0.8502248	0.84302324	0.92129546	1.0	2635	tags=17%, list=14%, signal=19%	
GOCC_MANCHETTE	GOCC_MANCHETTE		21	-0.329498	-0.84983224	0.6912065	0.92160225	1.0	6214	tags=33%, list=32%, signal=49%	
GOBP_WALKING_BEHAVIOR	GOBP_WALKING_BEHAVIOR		34	-0.29876173	-0.8497948	0.7404762	0.92113036	1.0	4689	tags=38%, list=24%, signal=50%	
GOBP_POSITIVE_REGULATION_OF_PROTEIN_LOCALIZATION_TO_MEMBRANE	GOBP_POSITIVE_REGULATION_OF_PROTEIN_LOCALIZATION_TO_MEMBRANE		102	-0.24186692	-0.8494048	0.8074713	0.9213798	1.0	3267	tags=22%, list=17%, signal=26%	
GOBP_POSITIVE_REGULATION_OF_UBIQUITIN_DEPENDENT_PROTEIN_CATABOLIC_PROCESS	GOBP_POSITIVE_REGULATION_OF_UBIQUITIN_DEPENDENT_PROTEIN_CATABOLIC_PROCESS		96	-0.24255095	-0.8490103	0.8483965	0.92166036	1.0	3011	tags=22%, list=16%, signal=26%	
GOMF_INTRAMEMBRANE_LIPID_TRANSPORTER_ACTIVITY	GOMF_INTRAMEMBRANE_LIPID_TRANSPORTER_ACTIVITY		42	-0.2848408	-0.84872144	0.765	0.9217493	1.0	3053	tags=24%, list=16%, signal=28%	
GOCC_SPINDLE_MICROTUBULE	GOCC_SPINDLE_MICROTUBULE		75	-0.25376695	-0.8483799	0.80108994	0.9219491	1.0	3291	tags=21%, list=17%, signal=26%	
GOMF_RNA_POLYMERASE_CORE_ENZYME_BINDING	GOMF_RNA_POLYMERASE_CORE_ENZYME_BINDING		38	-0.29052562	-0.8476927	0.7330211	0.92286336	1.0	4192	tags=32%, list=22%, signal=40%	
GOBP_VASCULAR_ENDOTHELIAL_CELL_PROLIFERATION	GOBP_VASCULAR_ENDOTHELIAL_CELL_PROLIFERATION		26	-0.31636155	-0.8472798	0.7083333	0.9232136	1.0	2395	tags=27%, list=12%, signal=31%	
GOMF_TRANSPORTER_INHIBITOR_ACTIVITY	GOMF_TRANSPORTER_INHIBITOR_ACTIVITY		40	-0.28521666	-0.84688556	0.75	0.92349654	1.0	2939	tags=18%, list=15%, signal=21%	
GOBP_GLYCOSPHINGOLIPID_METABOLIC_PROCESS	GOBP_GLYCOSPHINGOLIPID_METABOLIC_PROCESS		64	-0.25801098	-0.84641767	0.7667494	0.9239485	1.0	5455	tags=42%, list=28%, signal=58%	
GOBP_ALDITOL_METABOLIC_PROCESS	GOBP_ALDITOL_METABOLIC_PROCESS		22	-0.32432213	-0.8462685	0.69148934	0.923687	1.0	3361	tags=32%, list=17%, signal=38%	
GOBP_MITOCHONDRIAL_DEPOLARIZATION	GOBP_MITOCHONDRIAL_DEPOLARIZATION		24	-0.31595927	-0.8460275	0.6764706	0.92366445	1.0	1729	tags=21%, list=9%, signal=23%	
GOMF_ASPARTIC_TYPE_PEPTIDASE_ACTIVITY	GOMF_ASPARTIC_TYPE_PEPTIDASE_ACTIVITY		27	-0.315002	-0.8459984	0.70886075	0.92317283	1.0	5270	tags=44%, list=27%, signal=61%	
GOBP_CIRCADIAN_SLEEP_WAKE_CYCLE	GOBP_CIRCADIAN_SLEEP_WAKE_CYCLE		21	-0.32984328	-0.8458711	0.6788793	0.9228943	1.0	903	tags=10%, list=5%, signal=10%	
GOBP_REGULATION_OF_PROTEIN_TARGETING	GOBP_REGULATION_OF_PROTEIN_TARGETING		75	-0.25499043	-0.845683	0.769863	0.92274386	1.0	4292	tags=32%, list=22%, signal=41%	
GOBP_PARAXIAL_MESODERM_DEVELOPMENT	GOBP_PARAXIAL_MESODERM_DEVELOPMENT		19	-0.33528346	-0.8452019	0.6697039	0.9231985	1.0	809	tags=11%, list=4%, signal=11%	
GOBP_POSITIVE_REGULATION_OF_REPRODUCTIVE_PROCESS	GOBP_POSITIVE_REGULATION_OF_REPRODUCTIVE_PROCESS		83	-0.24511915	-0.8451099	0.838806	0.9228482	1.0	1238	tags=10%, list=6%, signal=10%	
GOBP_POSITIVE_REGULATION_OF_DNA_REPLICATION	GOBP_POSITIVE_REGULATION_OF_DNA_REPLICATION		41	-0.28921658	-0.8450492	0.7281106	0.9224372	1.0	5499	tags=37%, list=28%, signal=51%	
GOBP_PROTEIN_MONOUBIQUITINATION	GOBP_PROTEIN_MONOUBIQUITINATION		45	-0.28264573	-0.84449583	0.74634147	0.9230367	1.0	5958	tags=42%, list=31%, signal=61%	
GOMF_EXTRACELLULAR_LIGAND_GATED_MONOATOMIC_ION_CHANNEL_ACTIVITY	GOMF_EXTRACELLULAR_LIGAND_GATED_MONOATOMIC_ION_CHANNEL_ACTIVITY		70	-0.25956717	-0.8443214	0.8186813	0.92285424	1.0	209	tags=3%, list=1%, signal=3%	
GOCC_SITE_OF_DNA_DAMAGE	GOCC_SITE_OF_DNA_DAMAGE		115	-0.2365058	-0.84303516	0.8593272	0.9250711	1.0	4073	tags=27%, list=21%, signal=34%	
GOBP_HISTONE_MRNA_METABOLIC_PROCESS	GOBP_HISTONE_MRNA_METABOLIC_PROCESS		20	-0.33600202	-0.8429405	0.6879121	0.9247228	1.0	4811	tags=35%, list=25%, signal=46%	
GOMF_CARBOHYDRATE_DERIVATIVE_TRANSMEMBRANE_TRANSPORTER_ACTIVITY	GOMF_CARBOHYDRATE_DERIVATIVE_TRANSMEMBRANE_TRANSPORTER_ACTIVITY		55	-0.2659203	-0.8428874	0.76363635	0.92429745	1.0	2599	tags=18%, list=13%, signal=21%	
GOBP_ESTABLISHMENT_OF_SKIN_BARRIER	GOBP_ESTABLISHMENT_OF_SKIN_BARRIER		33	-0.2921495	-0.84253263	0.726601	0.92451096	1.0	2870	tags=24%, list=15%, signal=28%	
GOMF_CARGO_ADAPTOR_ACTIVITY	GOMF_CARGO_ADAPTOR_ACTIVITY		20	-0.33098537	-0.84245706	0.6755102	0.9241269	1.0	2891	tags=25%, list=15%, signal=29%	
GOBP_CELLULAR_RESPONSE_TO_LIGHT_STIMULUS	GOBP_CELLULAR_RESPONSE_TO_LIGHT_STIMULUS		116	-0.23260903	-0.8419763	0.8782051	0.92461765	1.0	3363	tags=20%, list=17%, signal=24%	
GOMF_INTERLEUKIN_1_RECEPTOR_BINDING	GOMF_INTERLEUKIN_1_RECEPTOR_BINDING		17	-0.34910354	-0.84192616	0.70132744	0.9241704	1.0	1586	tags=24%, list=8%, signal=26%	
GOBP_OOGENESIS	GOBP_OOGENESIS		99	-0.24370462	-0.8415697	0.82608694	0.9243751	1.0	3874	tags=18%, list=20%, signal=23%	
GOMF_METAL_CATION_PROTON_ANTIPORTER_ACTIVITY	GOMF_METAL_CATION_PROTON_ANTIPORTER_ACTIVITY		26	-0.3205177	-0.84144735	0.7181208	0.9240773	1.0	3433	tags=19%, list=18%, signal=23%	
GOMF_ORGANOPHOSPHATE_ESTER_TRANSMEMBRANE_TRANSPORTER_ACTIVITY	GOMF_ORGANOPHOSPHATE_ESTER_TRANSMEMBRANE_TRANSPORTER_ACTIVITY		37	-0.28667155	-0.84116954	0.74559194	0.9240811	1.0	5439	tags=41%, list=28%, signal=56%	
GOMF_MRNA_3_UTR_BINDING	GOMF_MRNA_3_UTR_BINDING		106	-0.23848607	-0.8404374	0.83798885	0.9249724	1.0	4062	tags=29%, list=21%, signal=37%	
GOCC_TRANSCRIPTION_FACTOR_TFIID_COMPLEX	GOCC_TRANSCRIPTION_FACTOR_TFIID_COMPLEX		33	-0.29706138	-0.839821	0.7482993	0.9256557	1.0	5864	tags=42%, list=30%, signal=61%	
GOBP_SPINDLE_LOCALIZATION	GOBP_SPINDLE_LOCALIZATION		59	-0.26530802	-0.8394622	0.78470254	0.92586356	1.0	3683	tags=20%, list=19%, signal=25%	
GOBP_NEGATIVE_REGULATION_OF_STEM_CELL_DIFFERENTIATION	GOBP_NEGATIVE_REGULATION_OF_STEM_CELL_DIFFERENTIATION		26	-0.31132075	-0.8384902	0.73922414	0.92728424	1.0	912	tags=12%, list=5%, signal=12%	
GOMF_REGULATORY_RNA_BINDING	GOMF_REGULATORY_RNA_BINDING		46	-0.2718182	-0.8384851	0.7518797	0.9267518	1.0	3153	tags=20%, list=16%, signal=23%	
GOBP_POSITIVE_REGULATION_OF_PROTEOLYSIS_INVOLVED_IN_PROTEIN_CATABOLIC_PROCESS	GOBP_POSITIVE_REGULATION_OF_PROTEOLYSIS_INVOLVED_IN_PROTEIN_CATABOLIC_PROCESS		123	-0.23381764	-0.838096	0.8888889	0.92701	1.0	4305	tags=28%, list=22%, signal=36%	
GOBP_SIGNAL_TRANSDUCTION_INVOLVED_IN_REGULATION_OF_GENE_EXPRESSION	GOBP_SIGNAL_TRANSDUCTION_INVOLVED_IN_REGULATION_OF_GENE_EXPRESSION		23	-0.31826606	-0.8380321	0.72911966	0.92658937	1.0	1496	tags=17%, list=8%, signal=19%	
GOCC_NUCLEAR_ENVELOPE	GOCC_NUCLEAR_ENVELOPE		471	-0.20198983	-0.83801883	0.9883721	0.92607623	1.0	4648	tags=26%, list=24%, signal=34%	
GOBP_NEGATIVE_REGULATION_OF_INTRINSIC_APOPTOTIC_SIGNALING_PATHWAY_BY_P53_CLASS_MEDIATOR	GOBP_NEGATIVE_REGULATION_OF_INTRINSIC_APOPTOTIC_SIGNALING_PATHWAY_BY_P53_CLASS_MEDIATOR		19	-0.3291635	-0.8376569	0.690367	0.9262448	1.0	1556	tags=21%, list=8%, signal=23%	
GOMF_ZINC_ION_TRANSMEMBRANE_TRANSPORTER_ACTIVITY	GOMF_ZINC_ION_TRANSMEMBRANE_TRANSPORTER_ACTIVITY		24	-0.31864914	-0.8376413	0.6898048	0.9257336	1.0	6846	tags=67%, list=35%, signal=103%	
GOBP_POSITIVE_REGULATION_OF_CELL_CYCLE_PHASE_TRANSITION	GOBP_POSITIVE_REGULATION_OF_CELL_CYCLE_PHASE_TRANSITION		107	-0.23743677	-0.8375655	0.86609685	0.92535067	1.0	2549	tags=16%, list=13%, signal=18%	
GOBP_REGULATION_OF_NEURON_MIGRATION	GOBP_REGULATION_OF_NEURON_MIGRATION		43	-0.28158966	-0.8371782	0.7927711	0.92559785	1.0	1456	tags=12%, list=7%, signal=13%	
GOBP_RENAL_ABSORPTION	GOBP_RENAL_ABSORPTION		34	-0.2852461	-0.8371351	0.7577938	0.92514837	1.0	4621	tags=35%, list=24%, signal=46%	
GOMF_POLY_PYRIMIDINE_TRACT_BINDING	GOMF_POLY_PYRIMIDINE_TRACT_BINDING		27	-0.31558946	-0.83552533	0.71428573	0.9277421	1.0	1508	tags=15%, list=8%, signal=16%	
GOBP_PROTEIN_LOCALIZATION_TO_CONDENSED_CHROMOSOME	GOBP_PROTEIN_LOCALIZATION_TO_CONDENSED_CHROMOSOME		15	-0.3541952	-0.8354443	0.6976242	0.9273648	1.0	2233	tags=20%, list=11%, signal=23%	
GOBP_RHYTHMIC_BEHAVIOR	GOBP_RHYTHMIC_BEHAVIOR		45	-0.27378196	-0.8350918	0.79097384	0.9275371	1.0	2872	tags=18%, list=15%, signal=21%	
GOBP_RESPONSE_TO_ALDOSTERONE	GOBP_RESPONSE_TO_ALDOSTERONE		18	-0.34280837	-0.83441234	0.71398747	0.92836213	1.0	1680	tags=28%, list=9%, signal=30%	
GOBP_REGULATION_OF_RESPONSE_TO_OSMOTIC_STRESS	GOBP_REGULATION_OF_RESPONSE_TO_OSMOTIC_STRESS		16	-0.34468845	-0.83429927	0.6974249	0.92806756	1.0	1061	tags=19%, list=5%, signal=20%	
GOBP_SPINAL_CORD_PATTERNING	GOBP_SPINAL_CORD_PATTERNING		17	-0.34174654	-0.8342163	0.72077924	0.92769516	1.0	3920	tags=41%, list=20%, signal=52%	
GOMF_DYNEIN_LIGHT_INTERMEDIATE_CHAIN_BINDING	GOMF_DYNEIN_LIGHT_INTERMEDIATE_CHAIN_BINDING		26	-0.31373653	-0.8333751	0.7295455	0.92889094	1.0	3780	tags=23%, list=19%, signal=29%	
GOBP_GLUTAMINE_METABOLIC_PROCESS	GOBP_GLUTAMINE_METABOLIC_PROCESS		27	-0.30287695	-0.8332006	0.7328767	0.92870915	1.0	3548	tags=37%, list=18%, signal=45%	
GOMF_DNA_POLYMERASE_ACTIVITY	GOMF_DNA_POLYMERASE_ACTIVITY		30	-0.29689655	-0.8330304	0.74523807	0.92850167	1.0	5821	tags=33%, list=30%, signal=48%	
GOBP_MRNA_TRANSPORT	GOBP_MRNA_TRANSPORT		120	-0.23097111	-0.8327159	0.8861538	0.9285883	1.0	6178	tags=38%, list=32%, signal=56%	
GOCC_NUCLEAR_PORE	GOCC_NUCLEAR_PORE		89	-0.24196137	-0.8318564	0.852459	0.92976105	1.0	6347	tags=38%, list=33%, signal=56%	
GOBP_GLANDULAR_EPITHELIAL_CELL_DIFFERENTIATION	GOBP_GLANDULAR_EPITHELIAL_CELL_DIFFERENTIATION		67	-0.25251096	-0.8311801	0.8368984	0.9305711	1.0	2331	tags=12%, list=12%, signal=14%	
GOBP_FATTY_ACYL_COA_METABOLIC_PROCESS	GOBP_FATTY_ACYL_COA_METABOLIC_PROCESS		38	-0.28433266	-0.8310264	0.76119405	0.93033576	1.0	1626	tags=13%, list=8%, signal=14%	
GOMF_ACETYLGALACTOSAMINYLTRANSFERASE_ACTIVITY	GOMF_ACETYLGALACTOSAMINYLTRANSFERASE_ACTIVITY		33	-0.29408944	-0.83099514	0.7541766	0.9298614	1.0	4393	tags=36%, list=23%, signal=47%	
GOBP_REGULATION_OF_PROTEIN_LOCALIZATION_TO_PLASMA_MEMBRANE	GOBP_REGULATION_OF_PROTEIN_LOCALIZATION_TO_PLASMA_MEMBRANE		107	-0.23766258	-0.8309137	0.8942598	0.9294844	1.0	4242	tags=28%, list=22%, signal=36%	
GOBP_NEGATIVE_REGULATION_OF_MRNA_METABOLIC_PROCESS	GOBP_NEGATIVE_REGULATION_OF_MRNA_METABOLIC_PROCESS		89	-0.24210192	-0.83079153	0.8551532	0.92920864	1.0	3640	tags=28%, list=19%, signal=34%	
GOBP_REGULATION_OF_AUTOPHAGY_OF_MITOCHONDRION	GOBP_REGULATION_OF_AUTOPHAGY_OF_MITOCHONDRION		39	-0.2799377	-0.83074963	0.78486997	0.92876	1.0	4738	tags=36%, list=24%, signal=47%	
GOMF_ATP_DEPENDENT_CHROMATIN_REMODELER_ACTIVITY	GOMF_ATP_DEPENDENT_CHROMATIN_REMODELER_ACTIVITY		34	-0.28988272	-0.82859564	0.77304965	0.9323453	1.0	5473	tags=41%, list=28%, signal=57%	
GOBP_STEROL_HOMEOSTASIS	GOBP_STEROL_HOMEOSTASIS		85	-0.24353123	-0.82851136	0.84813756	0.9319724	1.0	3384	tags=20%, list=17%, signal=24%	
GOMF_UBIQUITIN_CONJUGATING_ENZYME_BINDING	GOMF_UBIQUITIN_CONJUGATING_ENZYME_BINDING		27	-0.30449155	-0.8282487	0.7253521	0.9319446	1.0	3523	tags=33%, list=18%, signal=41%	
GOBP_ENDOSOMAL_TRANSPORT	GOBP_ENDOSOMAL_TRANSPORT		265	-0.21205434	-0.82824504	0.96747965	0.9314148	1.0	3794	tags=20%, list=20%, signal=25%	
GOMF_UBIQUITIN_LIKE_LIGASE_SUBSTRATE_ADAPTOR_ACTIVITY	GOMF_UBIQUITIN_LIKE_LIGASE_SUBSTRATE_ADAPTOR_ACTIVITY		58	-0.25955302	-0.82810044	0.82631576	0.93115723	1.0	2797	tags=22%, list=14%, signal=26%	
GOBP_DNA_BIOSYNTHETIC_PROCESS	GOBP_DNA_BIOSYNTHETIC_PROCESS		180	-0.22136112	-0.827349	0.9158249	0.93205667	1.0	4811	tags=29%, list=25%, signal=39%	
GOBP_MICROTUBULE_BASED_TRANSPORT	GOBP_MICROTUBULE_BASED_TRANSPORT		193	-0.2152727	-0.82728416	0.9618056	0.9316439	1.0	3686	tags=21%, list=19%, signal=26%	
GOBP_RESPONSE_TO_DSRNA	GOBP_RESPONSE_TO_DSRNA		54	-0.26054484	-0.8268009	0.79187816	0.9320259	1.0	3197	tags=22%, list=16%, signal=27%	
GOBP_NEURON_CELL_CELL_ADHESION	GOBP_NEURON_CELL_CELL_ADHESION		16	-0.34296533	-0.82643884	0.70444447	0.9321433	1.0	4342	tags=31%, list=22%, signal=40%	
GOBP_HOMOLOGOUS_RECOMBINATION	GOBP_HOMOLOGOUS_RECOMBINATION		56	-0.26343292	-0.8262634	0.8153846	0.9319195	1.0	6494	tags=41%, list=33%, signal=62%	
GOBP_RIBOSOMAL_SMALL_SUBUNIT_ASSEMBLY	GOBP_RIBOSOMAL_SMALL_SUBUNIT_ASSEMBLY		18	-0.33346874	-0.8256404	0.68329716	0.9325814	1.0	5055	tags=33%, list=26%, signal=45%	
GOBP_REGULATION_OF_MEMBRANE_DEPOLARIZATION	GOBP_REGULATION_OF_MEMBRANE_DEPOLARIZATION		45	-0.27663857	-0.825611	0.77395576	0.93210465	1.0	1729	tags=13%, list=9%, signal=15%	
GOBP_RIG_I_SIGNALING_PATHWAY	GOBP_RIG_I_SIGNALING_PATHWAY		24	-0.3060798	-0.8250062	0.73766816	0.93270314	1.0	3103	tags=25%, list=16%, signal=30%	
GOBP_VERY_LONG_CHAIN_FATTY_ACID_METABOLIC_PROCESS	GOBP_VERY_LONG_CHAIN_FATTY_ACID_METABOLIC_PROCESS		35	-0.28732288	-0.8248156	0.74444443	0.9325118	1.0	1626	tags=11%, list=8%, signal=12%	
GOBP_PSEUDOURIDINE_SYNTHESIS	GOBP_PSEUDOURIDINE_SYNTHESIS		18	-0.3378507	-0.82478887	0.7290749	0.9320287	1.0	5280	tags=33%, list=27%, signal=46%	
GOMF_PROTEASOME_BINDING	GOMF_PROTEASOME_BINDING		16	-0.3426312	-0.82437056	0.7033195	0.93229616	1.0	6723	tags=50%, list=35%, signal=76%	
GOCC_CARBOXY_TERMINAL_DOMAIN_PROTEIN_KINASE_COMPLEX	GOCC_CARBOXY_TERMINAL_DOMAIN_PROTEIN_KINASE_COMPLEX		19	-0.3345998	-0.824166	0.7538126	0.9321404	1.0	5959	tags=37%, list=31%, signal=53%	
GOBP_TYPE_B_PANCREATIC_CELL_DEVELOPMENT	GOBP_TYPE_B_PANCREATIC_CELL_DEVELOPMENT		21	-0.31827864	-0.82383794	0.72943723	0.9322421	1.0	2022	tags=19%, list=10%, signal=21%	
GOBP_REGULATION_OF_HEPATOCYTE_PROLIFERATION	GOBP_REGULATION_OF_HEPATOCYTE_PROLIFERATION		16	-0.34229824	-0.8238073	0.703252	0.9317711	1.0	748	tags=13%, list=4%, signal=13%	
GOCC_PARALLEL_FIBER_TO_PURKINJE_CELL_SYNAPSE	GOCC_PARALLEL_FIBER_TO_PURKINJE_CELL_SYNAPSE		19	-0.32859114	-0.8237353	0.712743	0.93138224	1.0	546	tags=11%, list=3%, signal=11%	
GOBP_POSITIVE_REGULATION_OF_DNA_RECOMBINATION	GOBP_POSITIVE_REGULATION_OF_DNA_RECOMBINATION		70	-0.2504848	-0.8226449	0.83246076	0.93285114	1.0	4604	tags=33%, list=24%, signal=43%	
GOBP_NEGATIVE_REGULATION_OF_PROTEIN_UBIQUITINATION	GOBP_NEGATIVE_REGULATION_OF_PROTEIN_UBIQUITINATION		71	-0.24697754	-0.82241017	0.8360215	0.93274325	1.0	4161	tags=25%, list=21%, signal=32%	
GOBP_PURINE_NUCLEOSIDE_MONOPHOSPHATE_BIOSYNTHETIC_PROCESS	GOBP_PURINE_NUCLEOSIDE_MONOPHOSPHATE_BIOSYNTHETIC_PROCESS		19	-0.32470205	-0.82233757	0.7308642	0.93233484	1.0	4010	tags=26%, list=21%, signal=33%	
GOBP_REGULATION_OF_SYNAPTIC_VESICLE_RECYCLING	GOBP_REGULATION_OF_SYNAPTIC_VESICLE_RECYCLING		25	-0.30020413	-0.821846	0.725	0.93269044	1.0	904	tags=12%, list=5%, signal=13%	
GOBP_RIBONUCLEOSIDE_MONOPHOSPHATE_METABOLIC_PROCESS	GOBP_RIBONUCLEOSIDE_MONOPHOSPHATE_METABOLIC_PROCESS		57	-0.2619867	-0.820874	0.82767624	0.9339487	1.0	3359	tags=19%, list=17%, signal=23%	
GOBP_COLUMNAR_CUBOIDAL_EPITHELIAL_CELL_DEVELOPMENT	GOBP_COLUMNAR_CUBOIDAL_EPITHELIAL_CELL_DEVELOPMENT		50	-0.26404002	-0.8205105	0.7978437	0.93408614	1.0	2022	tags=14%, list=10%, signal=16%	
GOMF_ATPASE_REGULATOR_ACTIVITY	GOMF_ATPASE_REGULATOR_ACTIVITY		46	-0.2635644	-0.82009387	0.79285717	0.9343244	1.0	1820	tags=17%, list=9%, signal=19%	
GOBP_POSITIVE_REGULATION_OF_FATTY_ACID_BIOSYNTHETIC_PROCESS	GOBP_POSITIVE_REGULATION_OF_FATTY_ACID_BIOSYNTHETIC_PROCESS		21	-0.31849286	-0.81961405	0.72687227	0.93467945	1.0	3215	tags=29%, list=17%, signal=34%	
GOBP_FOLIC_ACID_CONTAINING_COMPOUND_METABOLIC_PROCESS	GOBP_FOLIC_ACID_CONTAINING_COMPOUND_METABOLIC_PROCESS		26	-0.29797947	-0.819338	0.7627907	0.9346709	1.0	4517	tags=38%, list=23%, signal=50%	
GOBP_VENTRICULAR_SYSTEM_DEVELOPMENT	GOBP_VENTRICULAR_SYSTEM_DEVELOPMENT		31	-0.29747924	-0.8191391	0.7945545	0.9344887	1.0	2407	tags=16%, list=12%, signal=18%	
GOBP_PROTEIN_NEDDYLATION	GOBP_PROTEIN_NEDDYLATION		28	-0.30174473	-0.8190107	0.7430998	0.9341984	1.0	5044	tags=32%, list=26%, signal=43%	
GOMF_C4_DICARBOXYLATE_TRANSMEMBRANE_TRANSPORTER_ACTIVITY	GOMF_C4_DICARBOXYLATE_TRANSMEMBRANE_TRANSPORTER_ACTIVITY		15	-0.34407493	-0.81854886	0.7409639	0.93450487	1.0	2896	tags=33%, list=15%, signal=39%	
GOBP_REGULATION_OF_DNA_BIOSYNTHETIC_PROCESS	GOBP_REGULATION_OF_DNA_BIOSYNTHETIC_PROCESS		112	-0.22876261	-0.8184159	0.89880955	0.93421406	1.0	3880	tags=25%, list=20%, signal=31%	
GOBP_INTRACELLULAR_PH_REDUCTION	GOBP_INTRACELLULAR_PH_REDUCTION		57	-0.25817484	-0.8179559	0.825	0.9345235	1.0	4466	tags=35%, list=23%, signal=45%	
GOCC_BLOC_COMPLEX	GOCC_BLOC_COMPLEX		19	-0.33083	-0.8176339	0.7467533	0.9345618	1.0	1525	tags=16%, list=8%, signal=17%	
GOBP_CELLULAR_RESPONSE_TO_UV	GOBP_CELLULAR_RESPONSE_TO_UV		87	-0.24106905	-0.81717724	0.9005848	0.9348403	1.0	3329	tags=22%, list=17%, signal=26%	
GOBP_ESTABLISHMENT_OF_PROTEIN_LOCALIZATION_TO_MITOCHONDRIAL_MEMBRANE	GOBP_ESTABLISHMENT_OF_PROTEIN_LOCALIZATION_TO_MITOCHONDRIAL_MEMBRANE		31	-0.2876597	-0.817128	0.768018	0.9343944	1.0	5881	tags=39%, list=30%, signal=55%	
GOBP_SYNAPTIC_VESICLE_PRIMING	GOBP_SYNAPTIC_VESICLE_PRIMING		19	-0.32440814	-0.816955	0.7170213	0.93418545	1.0	1265	tags=21%, list=7%, signal=22%	
GOBP_REGULATION_OF_CIRCADIAN_RHYTHM	GOBP_REGULATION_OF_CIRCADIAN_RHYTHM		108	-0.22756857	-0.8166673	0.9260355	0.9341411	1.0	3353	tags=23%, list=17%, signal=28%	
GOMF_PROTEIN_METHYLTRANSFERASE_ACTIVITY	GOMF_PROTEIN_METHYLTRANSFERASE_ACTIVITY		83	-0.24122271	-0.8155693	0.86507934	0.93556166	1.0	6510	tags=42%, list=34%, signal=63%	
GOMF_GDP_BINDING	GOMF_GDP_BINDING		74	-0.2438177	-0.81523216	0.86868685	0.93566185	1.0	4382	tags=27%, list=23%, signal=35%	
GOBP_POSITIVE_REGULATION_OF_MITOCHONDRIAL_FISSION	GOBP_POSITIVE_REGULATION_OF_MITOCHONDRIAL_FISSION		19	-0.3229845	-0.81418425	0.76282054	0.93698794	1.0	4824	tags=47%, list=25%, signal=63%	
GOBP_TRANSITION_METAL_ION_TRANSPORT	GOBP_TRANSITION_METAL_ION_TRANSPORT		95	-0.23799855	-0.8138128	0.89606744	0.9371292	1.0	3494	tags=27%, list=18%, signal=33%	
GOBP_VIRION_ASSEMBLY	GOBP_VIRION_ASSEMBLY		34	-0.27751386	-0.81379604	0.8062201	0.9366386	1.0	5245	tags=38%, list=27%, signal=52%	
GOBP_NEGATIVE_REGULATION_OF_PROTEIN_IMPORT_INTO_NUCLEUS	GOBP_NEGATIVE_REGULATION_OF_PROTEIN_IMPORT_INTO_NUCLEUS		15	-0.34863862	-0.8136572	0.73277664	0.93634075	1.0	4075	tags=40%, list=21%, signal=51%	
GOBP_NEGATIVE_REGULATION_OF_TELOMERE_MAINTENANCE_VIA_TELOMERASE	GOBP_NEGATIVE_REGULATION_OF_TELOMERE_MAINTENANCE_VIA_TELOMERASE		18	-0.33229858	-0.8123651	0.74623656	0.9381124	1.0	5747	tags=44%, list=30%, signal=63%	
GOBP_REGULATION_OF_VASCULAR_PERMEABILITY	GOBP_REGULATION_OF_VASCULAR_PERMEABILITY		47	-0.25847918	-0.8114218	0.8123393	0.93925214	1.0	1538	tags=11%, list=8%, signal=12%	
GOMF_PROTEIN_FOLDING_CHAPERONE	GOMF_PROTEIN_FOLDING_CHAPERONE		63	-0.25375125	-0.8112778	0.84102565	0.9389523	1.0	5869	tags=38%, list=30%, signal=54%	
GOBP_REGULATION_OF_MEMBRANE_PERMEABILITY	GOBP_REGULATION_OF_MEMBRANE_PERMEABILITY		62	-0.25074092	-0.81088793	0.8514589	0.93907917	1.0	3018	tags=21%, list=16%, signal=25%	
GOMF_1_PHOSPHATIDYLINOSITOL_BINDING	GOMF_1_PHOSPHATIDYLINOSITOL_BINDING		15	-0.33407736	-0.8107396	0.7233202	0.9387913	1.0	4172	tags=27%, list=21%, signal=34%	
GOMF_NUCLEAR_VITAMIN_D_RECEPTOR_BINDING	GOMF_NUCLEAR_VITAMIN_D_RECEPTOR_BINDING		15	-0.34074068	-0.8095926	0.7130621	0.94028574	1.0	5104	tags=40%, list=26%, signal=54%	
GOBP_REGULATION_OF_SIGNAL_TRANSDUCTION_BY_P53_CLASS_MEDIATOR	GOBP_REGULATION_OF_SIGNAL_TRANSDUCTION_BY_P53_CLASS_MEDIATOR		98	-0.23213609	-0.809377	0.9032258	0.9401173	1.0	2554	tags=17%, list=13%, signal=20%	
GOBP_CELL_REDOX_HOMEOSTASIS	GOBP_CELL_REDOX_HOMEOSTASIS		36	-0.27863166	-0.80932516	0.7708333	0.9396832	1.0	4608	tags=25%, list=24%, signal=33%	
GOBP_POSITIVE_REGULATION_OF_NOTCH_SIGNALING_PATHWAY	GOBP_POSITIVE_REGULATION_OF_NOTCH_SIGNALING_PATHWAY		43	-0.2682224	-0.8090951	0.7966903	0.9395496	1.0	3126	tags=28%, list=16%, signal=33%	
GOBP_EPITHELIAL_CELL_MATURATION	GOBP_EPITHELIAL_CELL_MATURATION		27	-0.29934165	-0.8089096	0.7664399	0.9393606	1.0	1223	tags=11%, list=6%, signal=12%	
GOBP_NEGATIVE_REGULATION_OF_MITOTIC_CELL_CYCLE_PHASE_TRANSITION	GOBP_NEGATIVE_REGULATION_OF_MITOTIC_CELL_CYCLE_PHASE_TRANSITION		169	-0.21273576	-0.8073018	0.94949496	0.94161224	1.0	5663	tags=37%, list=29%, signal=51%	
GOBP_MRNA_3_END_PROCESSING	GOBP_MRNA_3_END_PROCESSING		37	-0.27535415	-0.80697215	0.79223746	0.9416262	1.0	3628	tags=27%, list=19%, signal=33%	
GOBP_REGULATION_OF_MICROTUBULE_BASED_MOVEMENT	GOBP_REGULATION_OF_MICROTUBULE_BASED_MOVEMENT		49	-0.2626238	-0.8064973	0.80927837	0.9418908	1.0	3039	tags=20%, list=16%, signal=24%	
GOBP_VESICLE_CYTOSKELETAL_TRAFFICKING	GOBP_VESICLE_CYTOSKELETAL_TRAFFICKING		59	-0.25590158	-0.8063764	0.86288416	0.94158006	1.0	5558	tags=34%, list=29%, signal=47%	
GOBP_DEOXYRIBONUCLEOTIDE_CATABOLIC_PROCESS	GOBP_DEOXYRIBONUCLEOTIDE_CATABOLIC_PROCESS		28	-0.2919882	-0.8063516	0.78911567	0.94109184	1.0	2197	tags=18%, list=11%, signal=20%	
GOMF_NEUROTRANSMITTER_RECEPTOR_ACTIVITY	GOMF_NEUROTRANSMITTER_RECEPTOR_ACTIVITY		95	-0.23658952	-0.8062085	0.88304096	0.94078493	1.0	280	tags=3%, list=1%, signal=3%	
GOBP_INTESTINAL_EPITHELIAL_CELL_DEVELOPMENT	GOBP_INTESTINAL_EPITHELIAL_CELL_DEVELOPMENT		17	-0.32027808	-0.8057232	0.7647059	0.9410451	1.0	1141	tags=12%, list=6%, signal=12%	
GOBP_TYPE_B_PANCREATIC_CELL_DIFFERENTIATION	GOBP_TYPE_B_PANCREATIC_CELL_DIFFERENTIATION		26	-0.3007016	-0.8056264	0.7757009	0.94069415	1.0	2022	tags=15%, list=10%, signal=17%	
GOBP_DEOXYRIBONUCLEOTIDE_METABOLIC_PROCESS	GOBP_DEOXYRIBONUCLEOTIDE_METABOLIC_PROCESS		42	-0.27064312	-0.805259	0.773494	0.94078994	1.0	2197	tags=17%, list=11%, signal=19%	
GOMF_HYDROLASE_ACTIVITY_ACTING_ON_CARBON_NITROGEN_BUT_NOT_PEPTIDE_BONDS_IN_LINEAR_AMIDES	GOMF_HYDROLASE_ACTIVITY_ACTING_ON_CARBON_NITROGEN_BUT_NOT_PEPTIDE_BONDS_IN_LINEAR_AMIDES		71	-0.24233739	-0.8052017	0.85271317	0.9403591	1.0	4815	tags=35%, list=25%, signal=47%	
GOBP_GLYCOSYL_COMPOUND_BIOSYNTHETIC_PROCESS	GOBP_GLYCOSYL_COMPOUND_BIOSYNTHETIC_PROCESS		21	-0.30954152	-0.804626	0.76231265	0.940819	1.0	2970	tags=19%, list=15%, signal=22%	
GOBP_PYRIDINE_CONTAINING_COMPOUND_BIOSYNTHETIC_PROCESS	GOBP_PYRIDINE_CONTAINING_COMPOUND_BIOSYNTHETIC_PROCESS		31	-0.2886061	-0.803908	0.7912088	0.9414273	1.0	1404	tags=19%, list=7%, signal=21%	
GOBP_NEGATIVE_REGULATION_OF_RECEPTOR_SIGNALING_PATHWAY_VIA_STAT	GOBP_NEGATIVE_REGULATION_OF_RECEPTOR_SIGNALING_PATHWAY_VIA_STAT		23	-0.30878365	-0.8037424	0.7494647	0.9411879	1.0	517	tags=9%, list=3%, signal=9%	
GOCC_CENTRIOLAR_SATELLITE	GOCC_CENTRIOLAR_SATELLITE		122	-0.22255217	-0.80280805	0.94585985	0.9421887	1.0	3350	tags=18%, list=17%, signal=22%	
GOBP_NUCLEAR_PORE_ORGANIZATION	GOBP_NUCLEAR_PORE_ORGANIZATION		15	-0.3406401	-0.8023686	0.7614108	0.9424075	1.0	8501	tags=73%, list=44%, signal=130%	
GOBP_REGULATION_OF_HEMATOPOIETIC_STEM_CELL_DIFFERENTIATION	GOBP_REGULATION_OF_HEMATOPOIETIC_STEM_CELL_DIFFERENTIATION		17	-0.33094573	-0.8023294	0.74572647	0.9419494	1.0	5469	tags=53%, list=28%, signal=74%	
GOMF_SUMO_TRANSFERASE_ACTIVITY	GOMF_SUMO_TRANSFERASE_ACTIVITY		24	-0.30043617	-0.8018835	0.751693	0.94215333	1.0	6714	tags=54%, list=35%, signal=83%	
GOCC_PLATELET_DENSE_GRANULE	GOCC_PLATELET_DENSE_GRANULE		20	-0.31584525	-0.798784	0.7626775	0.9466258	1.0	467	tags=10%, list=2%, signal=10%	
GOBP_CELLULAR_RESPIRATION	GOBP_CELLULAR_RESPIRATION		190	-0.20982087	-0.7983741	0.970696	0.9467462	1.0	6147	tags=43%, list=32%, signal=62%	
GOMF_PHOSPHATIDYLINOSITOL_5_PHOSPHATE_BINDING	GOMF_PHOSPHATIDYLINOSITOL_5_PHOSPHATE_BINDING		16	-0.3377957	-0.7982719	0.7742616	0.9464083	1.0	2101	tags=25%, list=11%, signal=28%	
GOBP_MYELIN_MAINTENANCE	GOBP_MYELIN_MAINTENANCE		16	-0.332392	-0.79797447	0.7247899	0.9463334	1.0	2249	tags=19%, list=12%, signal=21%	
GOMF_UBIQUITIN_LIKE_PROTEIN_LIGASE_BINDING	GOMF_UBIQUITIN_LIKE_PROTEIN_LIGASE_BINDING		311	-0.19794501	-0.7976788	1.0	0.94630384	1.0	5288	tags=31%, list=27%, signal=41%	
GOBP_NUCLEOBASE_CONTAINING_COMPOUND_TRANSPORT	GOBP_NUCLEOBASE_CONTAINING_COMPOUND_TRANSPORT		215	-0.21000187	-0.7976548	0.9692308	0.9458274	1.0	5554	tags=33%, list=29%, signal=46%	
GOBP_CELL_CYCLE_G2_M_PHASE_TRANSITION	GOBP_CELL_CYCLE_G2_M_PHASE_TRANSITION		141	-0.21790577	-0.7973357	0.95364237	0.9457791	1.0	5684	tags=36%, list=29%, signal=51%	
GOBP_NEGATIVE_REGULATION_OF_STEROID_METABOLIC_PROCESS	GOBP_NEGATIVE_REGULATION_OF_STEROID_METABOLIC_PROCESS		27	-0.2956755	-0.79690933	0.78318584	0.9459316	1.0	1650	tags=15%, list=8%, signal=16%	
GOBP_HYPOTHALAMUS_DEVELOPMENT	GOBP_HYPOTHALAMUS_DEVELOPMENT		29	-0.284535	-0.7968132	0.83255816	0.94556105	1.0	1008	tags=7%, list=5%, signal=7%	
GOBP_REGULATION_OF_TRANSLATIONAL_INITIATION	GOBP_REGULATION_OF_TRANSLATIONAL_INITIATION		82	-0.23960255	-0.7961815	0.902439	0.9460084	1.0	3998	tags=23%, list=21%, signal=29%	
GOBP_ESTABLISHMENT_OF_RNA_LOCALIZATION	GOBP_ESTABLISHMENT_OF_RNA_LOCALIZATION		149	-0.2151588	-0.7957557	0.9522293	0.94617605	1.0	5618	tags=32%, list=29%, signal=44%	
GOBP_NEGATIVE_REGULATION_OF_CELL_MIGRATION_INVOLVED_IN_SPROUTING_ANGIOGENESIS	GOBP_NEGATIVE_REGULATION_OF_CELL_MIGRATION_INVOLVED_IN_SPROUTING_ANGIOGENESIS		15	-0.33163616	-0.7954203	0.738149	0.94618887	1.0	1185	tags=13%, list=6%, signal=14%	
GOBP_PROTON_TRANSMEMBRANE_TRANSPORT	GOBP_PROTON_TRANSMEMBRANE_TRANSPORT		126	-0.21719146	-0.79529345	0.9514563	0.94587696	1.0	5375	tags=32%, list=28%, signal=44%	
GOBP_NEGATIVE_REGULATION_OF_INTRACELLULAR_TRANSPORT	GOBP_NEGATIVE_REGULATION_OF_INTRACELLULAR_TRANSPORT		45	-0.2600127	-0.79430145	0.85336536	0.9468697	1.0	4075	tags=31%, list=21%, signal=39%	
GOBP_SIGNAL_TRANSDUCTION_IN_RESPONSE_TO_DNA_DAMAGE	GOBP_SIGNAL_TRANSDUCTION_IN_RESPONSE_TO_DNA_DAMAGE		176	-0.20865716	-0.7941181	0.9756944	0.9466466	1.0	4251	tags=26%, list=22%, signal=32%	
GOBP_POSITIVE_REGULATION_OF_PROTEIN_CATABOLIC_PROCESS	GOBP_POSITIVE_REGULATION_OF_PROTEIN_CATABOLIC_PROCESS		191	-0.20853476	-0.79399747	0.98916966	0.9463325	1.0	4360	tags=27%, list=22%, signal=34%	
GOBP_INTRACILIARY_ANTEROGRADE_TRANSPORT	GOBP_INTRACILIARY_ANTEROGRADE_TRANSPORT		15	-0.33412018	-0.7937477	0.7473684	0.9462025	1.0	6168	tags=47%, list=32%, signal=68%	
GOBP_GMP_METABOLIC_PROCESS	GOBP_GMP_METABOLIC_PROCESS		27	-0.29542786	-0.7936357	0.75431037	0.9458335	1.0	4010	tags=19%, list=21%, signal=23%	
GOMF_CYCLIN_DEPENDENT_PROTEIN_KINASE_ACTIVITY	GOMF_CYCLIN_DEPENDENT_PROTEIN_KINASE_ACTIVITY		27	-0.2927492	-0.7931013	0.78833693	0.94612956	1.0	5499	tags=37%, list=28%, signal=52%	
GOMF_NUCLEOCYTOPLASMIC_CARRIER_ACTIVITY	GOMF_NUCLEOCYTOPLASMIC_CARRIER_ACTIVITY		30	-0.28229854	-0.79307145	0.7837209	0.9456576	1.0	5309	tags=33%, list=27%, signal=46%	
GOMF_SIALYLTRANSFERASE_ACTIVITY	GOMF_SIALYLTRANSFERASE_ACTIVITY		20	-0.3149011	-0.79305893	0.76160336	0.9451582	1.0	2433	tags=30%, list=13%, signal=34%	
GOBP_REGULATION_OF_THE_FORCE_OF_HEART_CONTRACTION	GOBP_REGULATION_OF_THE_FORCE_OF_HEART_CONTRACTION		26	-0.29254177	-0.793024	0.78654295	0.94469476	1.0	2080	tags=19%, list=11%, signal=22%	
GOBP_NEGATIVE_REGULATION_OF_SYSTEMIC_ARTERIAL_BLOOD_PRESSURE	GOBP_NEGATIVE_REGULATION_OF_SYSTEMIC_ARTERIAL_BLOOD_PRESSURE		19	-0.32084328	-0.7925527	0.7796976	0.9448815	1.0	2407	tags=16%, list=12%, signal=18%	
GOMF_MANGANESE_ION_BINDING	GOMF_MANGANESE_ION_BINDING		61	-0.24751571	-0.79243064	0.8720627	0.94454753	1.0	5000	tags=28%, list=26%, signal=37%	
GOMF_MITOGEN_ACTIVATED_PROTEIN_KINASE_BINDING	GOMF_MITOGEN_ACTIVATED_PROTEIN_KINASE_BINDING		29	-0.28959343	-0.79188865	0.8039216	0.9448881	1.0	1281	tags=14%, list=7%, signal=15%	
GOBP_CARTILAGE_CONDENSATION	GOBP_CARTILAGE_CONDENSATION		18	-0.32166776	-0.7910266	0.7718121	0.945663	1.0	2493	tags=17%, list=13%, signal=19%	
GOBP_CHAPERONE_MEDIATED_PROTEIN_FOLDING	GOBP_CHAPERONE_MEDIATED_PROTEIN_FOLDING		75	-0.23696992	-0.7898505	0.9093484	0.9469169	1.0	5724	tags=39%, list=29%, signal=55%	
GOBP_POSITIVE_REGULATION_OF_METAPHASE_ANAPHASE_TRANSITION_OF_CELL_CYCLE	GOBP_POSITIVE_REGULATION_OF_METAPHASE_ANAPHASE_TRANSITION_OF_CELL_CYCLE		15	-0.3316554	-0.7897363	0.77281946	0.9465549	1.0	6466	tags=47%, list=33%, signal=70%	
GOMF_POLYUBIQUITIN_MODIFICATION_DEPENDENT_PROTEIN_BINDING	GOMF_POLYUBIQUITIN_MODIFICATION_DEPENDENT_PROTEIN_BINDING		49	-0.25599036	-0.7897243	0.8706697	0.9460634	1.0	4956	tags=33%, list=26%, signal=44%	
GOMF_PHOSPHATIDYLINOSITOL_PHOSPHATE_PHOSPHATASE_ACTIVITY	GOMF_PHOSPHATIDYLINOSITOL_PHOSPHATE_PHOSPHATASE_ACTIVITY		26	-0.2896234	-0.7888882	0.7760181	0.94675416	1.0	5709	tags=46%, list=29%, signal=65%	
GOCC_CULLIN_RING_UBIQUITIN_LIGASE_COMPLEX	GOCC_CULLIN_RING_UBIQUITIN_LIGASE_COMPLEX		172	-0.21177152	-0.78871804	0.9619377	0.9464883	1.0	4812	tags=27%, list=25%, signal=35%	
GOMF_PHOSPHOLIPID_SCRAMBLASE_ACTIVITY	GOMF_PHOSPHOLIPID_SCRAMBLASE_ACTIVITY		15	-0.3325489	-0.78843385	0.7510638	0.94637597	1.0	297	tags=7%, list=2%, signal=7%	
GOCC_GOLGI_ASSOCIATED_VESICLE_MEMBRANE	GOCC_GOLGI_ASSOCIATED_VESICLE_MEMBRANE		54	-0.24506167	-0.7882204	0.8864198	0.946171	1.0	4232	tags=26%, list=22%, signal=33%	
GOBP_DETECTION_OF_LIGHT_STIMULUS	GOBP_DETECTION_OF_LIGHT_STIMULUS		63	-0.24263868	-0.78771955	0.8894472	0.9463395	1.0	5022	tags=29%, list=26%, signal=38%	
GOCC_CLATHRIN_VESICLE_COAT	GOCC_CLATHRIN_VESICLE_COAT		33	-0.2749028	-0.7870015	0.82891566	0.9469015	1.0	6799	tags=48%, list=35%, signal=74%	
GOBP_NEUROMUSCULAR_PROCESS_CONTROLLING_BALANCE	GOBP_NEUROMUSCULAR_PROCESS_CONTROLLING_BALANCE		50	-0.25488764	-0.78693736	0.8574879	0.94648063	1.0	3903	tags=26%, list=20%, signal=32%	
GOBP_CELL_DIFFERENTIATION_IN_SPINAL_CORD	GOBP_CELL_DIFFERENTIATION_IN_SPINAL_CORD		49	-0.2562992	-0.7869305	0.83879095	0.9459732	1.0	4158	tags=29%, list=21%, signal=36%	
GOBP_TROPHECTODERMAL_CELL_DIFFERENTIATION	GOBP_TROPHECTODERMAL_CELL_DIFFERENTIATION		19	-0.30649227	-0.78674024	0.8144105	0.94571847	1.0	3414	tags=21%, list=18%, signal=26%	
GOBP_CELLULAR_RESPONSE_TO_REACTIVE_NITROGEN_SPECIES	GOBP_CELLULAR_RESPONSE_TO_REACTIVE_NITROGEN_SPECIES		15	-0.3343351	-0.78634626	0.73362446	0.945814	1.0	3252	tags=33%, list=17%, signal=40%	
GOBP_COPII_COATED_VESICLE_CARGO_LOADING	GOBP_COPII_COATED_VESICLE_CARGO_LOADING		16	-0.3305224	-0.7857824	0.74840087	0.94610953	1.0	5679	tags=50%, list=29%, signal=71%	
GOBP_REGULATION_OF_CLATHRIN_DEPENDENT_ENDOCYTOSIS	GOBP_REGULATION_OF_CLATHRIN_DEPENDENT_ENDOCYTOSIS		17	-0.31951535	-0.7857144	0.78913045	0.9457018	1.0	2586	tags=24%, list=13%, signal=27%	
GOBP_MAINTENANCE_OF_PROTEIN_LOCATION_IN_NUCLEUS	GOBP_MAINTENANCE_OF_PROTEIN_LOCATION_IN_NUCLEUS		24	-0.2900731	-0.7853988	0.8009259	0.94563603	1.0	4661	tags=25%, list=24%, signal=33%	
GOBP_PHOTOTRANSDUCTION	GOBP_PHOTOTRANSDUCTION		44	-0.25962728	-0.78498876	0.83538085	0.9457317	1.0	590	tags=7%, list=3%, signal=7%	
GOBP_GENOMIC_IMPRINTING	GOBP_GENOMIC_IMPRINTING		18	-0.31205654	-0.78497654	0.78826	0.94524455	1.0	2022	tags=22%, list=10%, signal=25%	
GOBP_RECEPTOR_RECYCLING	GOBP_RECEPTOR_RECYCLING		45	-0.2582528	-0.78417665	0.8549223	0.9459136	1.0	2123	tags=18%, list=11%, signal=20%	
GOCC_TRANSCRIPTION_REPRESSOR_COMPLEX	GOCC_TRANSCRIPTION_REPRESSOR_COMPLEX		78	-0.23146023	-0.7837014	0.91644907	0.9461122	1.0	4738	tags=29%, list=24%, signal=39%	
GOMF_TRANSCRIPTION_REGULATOR_INHIBITOR_ACTIVITY	GOMF_TRANSCRIPTION_REGULATOR_INHIBITOR_ACTIVITY		30	-0.28293368	-0.78369254	0.8097448	0.945615	1.0	3839	tags=30%, list=20%, signal=37%	
GOBP_REGULATION_OF_RESPIRATORY_GASEOUS_EXCHANGE	GOBP_REGULATION_OF_RESPIRATORY_GASEOUS_EXCHANGE		25	-0.29371724	-0.78301805	0.7909091	0.9460551	1.0	2349	tags=20%, list=12%, signal=23%	
GOCC_PORE_COMPLEX	GOCC_PORE_COMPLEX		25	-0.29117107	-0.78283006	0.79347825	0.94580126	1.0	3018	tags=20%, list=16%, signal=24%	
GOBP_PURINE_NUCLEOSIDE_METABOLIC_PROCESS	GOBP_PURINE_NUCLEOSIDE_METABOLIC_PROCESS		25	-0.29536042	-0.78251815	0.795045	0.9457304	1.0	1579	tags=12%, list=8%, signal=13%	
GOMF_INTRACELLULARLY_GATED_CALCIUM_CHANNEL_ACTIVITY	GOMF_INTRACELLULARLY_GATED_CALCIUM_CHANNEL_ACTIVITY		17	-0.3241663	-0.7820577	0.790224	0.9458827	1.0	4911	tags=47%, list=25%, signal=63%	
GOCC_SWI_SNF_SUPERFAMILY_TYPE_COMPLEX	GOCC_SWI_SNF_SUPERFAMILY_TYPE_COMPLEX		85	-0.22979312	-0.78043157	0.91150445	0.94769305	1.0	5991	tags=35%, list=31%, signal=51%	
GOCC_NEUROTRANSMITTER_RECEPTOR_COMPLEX	GOCC_NEUROTRANSMITTER_RECEPTOR_COMPLEX		43	-0.2621013	-0.78038096	0.84863526	0.9472678	1.0	267	tags=5%, list=1%, signal=5%	
GOBP_PYRIMIDINE_RIBONUCLEOTIDE_METABOLIC_PROCESS	GOBP_PYRIMIDINE_RIBONUCLEOTIDE_METABOLIC_PROCESS		31	-0.2770009	-0.7794144	0.82339954	0.9480881	1.0	3082	tags=23%, list=16%, signal=27%	
GOBP_HEPARIN_METABOLIC_PROCESS	GOBP_HEPARIN_METABOLIC_PROCESS		17	-0.32137045	-0.7792397	0.7881356	0.9478084	1.0	1828	tags=24%, list=9%, signal=26%	
GOBP_NEGATIVE_REGULATION_OF_GENE_EXPRESSION_EPIGENETIC	GOBP_NEGATIVE_REGULATION_OF_GENE_EXPRESSION_EPIGENETIC		133	-0.21296044	-0.77867484	0.9579288	0.9480697	1.0	3837	tags=22%, list=20%, signal=27%	
GOBP_NEGATIVE_REGULATION_OF_TRANSLATIONAL_INITIATION	GOBP_NEGATIVE_REGULATION_OF_TRANSLATIONAL_INITIATION		20	-0.30157176	-0.77863073	0.7871854	0.9476251	1.0	5538	tags=40%, list=29%, signal=56%	
GOBP_REGULATION_OF_HIPPO_SIGNALING	GOBP_REGULATION_OF_HIPPO_SIGNALING		36	-0.27385524	-0.778557	0.8141809	0.94721574	1.0	4009	tags=28%, list=21%, signal=35%	
GOBP_NEGATIVE_REGULATION_OF_RELEASE_OF_CYTOCHROME_C_FROM_MITOCHONDRIA	GOBP_NEGATIVE_REGULATION_OF_RELEASE_OF_CYTOCHROME_C_FROM_MITOCHONDRIA		19	-0.31489894	-0.7779713	0.79310346	0.9474813	1.0	5029	tags=32%, list=26%, signal=43%	
GOBP_PHOTOPERIODISM	GOBP_PHOTOPERIODISM		26	-0.29052278	-0.77743226	0.80361176	0.94772273	1.0	5467	tags=42%, list=28%, signal=59%	
GOBP_ANTEROGRADE_AXONAL_TRANSPORT	GOBP_ANTEROGRADE_AXONAL_TRANSPORT		51	-0.24699184	-0.7757512	0.8628429	0.9494502	1.0	5025	tags=29%, list=26%, signal=40%	
GOMF_BETA_TUBULIN_BINDING	GOMF_BETA_TUBULIN_BINDING		38	-0.26511025	-0.77346	0.8526077	0.9520658	1.0	4637	tags=37%, list=24%, signal=48%	
GOMF_LIGAND_GATED_CALCIUM_CHANNEL_ACTIVITY	GOMF_LIGAND_GATED_CALCIUM_CHANNEL_ACTIVITY		29	-0.2800303	-0.77293706	0.8321678	0.95227134	1.0	2930	tags=21%, list=15%, signal=24%	
GOBP_ESTABLISHMENT_OF_SPINDLE_ORIENTATION	GOBP_ESTABLISHMENT_OF_SPINDLE_ORIENTATION		40	-0.25985697	-0.77277035	0.87530565	0.95197093	1.0	4361	tags=28%, list=22%, signal=35%	
GOBP_REGULATION_OF_CD8_POSITIVE_ALPHA_BETA_T_CELL_ACTIVATION	GOBP_REGULATION_OF_CD8_POSITIVE_ALPHA_BETA_T_CELL_ACTIVATION		18	-0.30898386	-0.77269405	0.7954023	0.9515465	1.0	1571	tags=22%, list=8%, signal=24%	
GOMF_OXIDOREDUCTASE_ACTIVITY_ACTING_ON_NAD_P_H	GOMF_OXIDOREDUCTASE_ACTIVITY_ACTING_ON_NAD_P_H		77	-0.22983201	-0.77100873	0.9307692	0.953273	1.0	6063	tags=42%, list=31%, signal=60%	
GOMF_TRANSLATION_FACTOR_ACTIVITY_RNA_BINDING	GOMF_TRANSLATION_FACTOR_ACTIVITY_RNA_BINDING		80	-0.22880931	-0.7709783	0.9453552	0.9528087	1.0	4444	tags=26%, list=23%, signal=34%	
GOMF_BICARBONATE_TRANSMEMBRANE_TRANSPORTER_ACTIVITY	GOMF_BICARBONATE_TRANSMEMBRANE_TRANSPORTER_ACTIVITY		31	-0.27470377	-0.77072847	0.82823527	0.9526497	1.0	2348	tags=19%, list=12%, signal=22%	
GOBP_POSITIVE_REGULATION_OF_MITOCHONDRIAL_MEMBRANE_PERMEABILITY	GOBP_POSITIVE_REGULATION_OF_MITOCHONDRIAL_MEMBRANE_PERMEABILITY		35	-0.26589695	-0.770259	0.83658534	0.952764	1.0	3018	tags=23%, list=16%, signal=27%	
GOBP_MONOACYLGLYCEROL_METABOLIC_PROCESS	GOBP_MONOACYLGLYCEROL_METABOLIC_PROCESS		16	-0.3295916	-0.7690754	0.825	0.9538144	1.0	5087	tags=38%, list=26%, signal=51%	
GOCC_CATION_TRANSPORTING_ATPASE_COMPLEX	GOCC_CATION_TRANSPORTING_ATPASE_COMPLEX		19	-0.30494604	-0.76804405	0.80361176	0.95467615	1.0	4102	tags=32%, list=21%, signal=40%	
GOCC_PROTEIN_PHOSPHATASE_TYPE_1_COMPLEX	GOCC_PROTEIN_PHOSPHATASE_TYPE_1_COMPLEX		17	-0.3184582	-0.76800627	0.79458237	0.9542192	1.0	4445	tags=35%, list=23%, signal=46%	
GOBP_PROTEIN_LOCALIZATION_TO_CHROMOSOME_CENTROMERIC_REGION	GOBP_PROTEIN_LOCALIZATION_TO_CHROMOSOME_CENTROMERIC_REGION		22	-0.30064905	-0.76468366	0.8271605	0.9579704	1.0	2233	tags=18%, list=11%, signal=21%	
GOMF_LOW_DENSITY_LIPOPROTEIN_PARTICLE_RECEPTOR_BINDING	GOMF_LOW_DENSITY_LIPOPROTEIN_PARTICLE_RECEPTOR_BINDING		23	-0.2919492	-0.7641164	0.8156182	0.9581638	1.0	2891	tags=22%, list=15%, signal=26%	
GOBP_NEGATIVE_REGULATION_OF_DIGESTIVE_SYSTEM_PROCESS	GOBP_NEGATIVE_REGULATION_OF_DIGESTIVE_SYSTEM_PROCESS		15	-0.32482967	-0.7628987	0.80122954	0.9591645	1.0	3165	tags=27%, list=16%, signal=32%	
GOBP_MITOCHONDRIAL_DNA_METABOLIC_PROCESS	GOBP_MITOCHONDRIAL_DNA_METABOLIC_PROCESS		21	-0.3006155	-0.7626272	0.82666665	0.9589915	1.0	5656	tags=52%, list=29%, signal=74%	
GOCC_TRANSFERASE_COMPLEX_TRANSFERRING_PHOSPHORUS_CONTAINING_GROUPS	GOCC_TRANSFERASE_COMPLEX_TRANSFERRING_PHOSPHORUS_CONTAINING_GROUPS		276	-0.19278021	-0.7624873	1.0	0.9586549	1.0	4613	tags=26%, list=24%, signal=34%	
GOBP_PROTEIN_LOCALIZATION_TO_CHROMATIN	GOBP_PROTEIN_LOCALIZATION_TO_CHROMATIN		36	-0.26187953	-0.7620731	0.85012287	0.9586583	1.0	4813	tags=31%, list=25%, signal=41%	
GOCC_SYNAPTONEMAL_STRUCTURE	GOCC_SYNAPTONEMAL_STRUCTURE		35	-0.26432282	-0.7609989	0.872093	0.959433	1.0	2375	tags=11%, list=12%, signal=13%	
GOCC_DENDRITE_CYTOPLASM	GOCC_DENDRITE_CYTOPLASM		27	-0.2817442	-0.760652	0.8367816	0.9593496	1.0	2876	tags=22%, list=15%, signal=26%	
GOBP_NEGATIVE_REGULATION_OF_POST_TRANSLATIONAL_PROTEIN_MODIFICATION	GOBP_NEGATIVE_REGULATION_OF_POST_TRANSLATIONAL_PROTEIN_MODIFICATION		87	-0.22032885	-0.7604749	0.95415473	0.95905966	1.0	4161	tags=24%, list=21%, signal=31%	
GOMF_HISTONE_MODIFYING_ACTIVITY	GOMF_HISTONE_MODIFYING_ACTIVITY		189	-0.19854386	-0.75976884	0.99626863	0.9594266	1.0	5265	tags=29%, list=27%, signal=40%	
GOCC_TRANS_GOLGI_NETWORK_TRANSPORT_VESICLE_MEMBRANE	GOCC_TRANS_GOLGI_NETWORK_TRANSPORT_VESICLE_MEMBRANE		18	-0.304946	-0.75924087	0.8104575	0.9595582	1.0	2891	tags=22%, list=15%, signal=26%	
GOBP_ESTABLISHMENT_OF_BLOOD_BRAIN_BARRIER	GOBP_ESTABLISHMENT_OF_BLOOD_BRAIN_BARRIER		16	-0.3141301	-0.7591733	0.8135246	0.95912814	1.0	2950	tags=31%, list=15%, signal=37%	
GOCC_EXOCYST	GOCC_EXOCYST		16	-0.31355655	-0.7581039	0.81653225	0.9599167	1.0	6526	tags=56%, list=34%, signal=85%	
GOMF_NUCLEAR_THYROID_HORMONE_RECEPTOR_BINDING	GOMF_NUCLEAR_THYROID_HORMONE_RECEPTOR_BINDING		28	-0.27497637	-0.7572545	0.8348214	0.9604184	1.0	5846	tags=36%, list=30%, signal=51%	
GOBP_MITOCHONDRIAL_RNA_PROCESSING	GOBP_MITOCHONDRIAL_RNA_PROCESSING		21	-0.2905272	-0.75710803	0.8391039	0.9600846	1.0	6496	tags=48%, list=33%, signal=71%	
GOMF_GENERAL_TRANSCRIPTION_INITIATION_FACTOR_BINDING	GOMF_GENERAL_TRANSCRIPTION_INITIATION_FACTOR_BINDING		53	-0.24425519	-0.7570893	0.8787062	0.9596047	1.0	5412	tags=43%, list=28%, signal=60%	
GOBP_POSITIVE_REGULATION_OF_TORC1_SIGNALING	GOBP_POSITIVE_REGULATION_OF_TORC1_SIGNALING		49	-0.2404544	-0.75651985	0.9	0.959794	1.0	4978	tags=33%, list=26%, signal=44%	
GOMF_UBIQUITIN_LIKE_PROTEIN_READER_ACTIVITY	GOMF_UBIQUITIN_LIKE_PROTEIN_READER_ACTIVITY		20	-0.29343924	-0.7563192	0.8275109	0.959517	1.0	4993	tags=45%, list=26%, signal=61%	
GOBP_REGULATION_OF_EXOSOMAL_SECRETION	GOBP_REGULATION_OF_EXOSOMAL_SECRETION		18	-0.3007275	-0.7561924	0.8333333	0.95915806	1.0	5262	tags=39%, list=27%, signal=53%	
GOMF_DYNEIN_COMPLEX_BINDING	GOMF_DYNEIN_COMPLEX_BINDING		23	-0.29304326	-0.7543837	0.84598213	0.9607875	1.0	3322	tags=30%, list=17%, signal=37%	
GOBP_NEGATIVE_REGULATION_OF_CARBOHYDRATE_METABOLIC_PROCESS	GOBP_NEGATIVE_REGULATION_OF_CARBOHYDRATE_METABOLIC_PROCESS		47	-0.24685752	-0.7542908	0.9025641	0.9603942	1.0	4919	tags=36%, list=25%, signal=48%	
GOBP_POSITIVE_REGULATION_OF_DOUBLE_STRAND_BREAK_REPAIR_VIA_HOMOLOGOUS_RECOMBINATION	GOBP_POSITIVE_REGULATION_OF_DOUBLE_STRAND_BREAK_REPAIR_VIA_HOMOLOGOUS_RECOMBINATION		41	-0.25092396	-0.75343776	0.8838863	0.96091115	1.0	4604	tags=34%, list=24%, signal=45%	
GOCC_SITE_OF_DOUBLE_STRAND_BREAK	GOCC_SITE_OF_DOUBLE_STRAND_BREAK		89	-0.22007164	-0.7528638	0.9592391	0.9610923	1.0	4745	tags=30%, list=24%, signal=40%	
GOCC_EUKARYOTIC_48S_PREINITIATION_COMPLEX	GOCC_EUKARYOTIC_48S_PREINITIATION_COMPLEX		16	-0.31497103	-0.7527764	0.8146552	0.9606888	1.0	3491	tags=25%, list=18%, signal=30%	
GOBP_NEGATIVE_REGULATION_OF_VASCULAR_PERMEABILITY	GOBP_NEGATIVE_REGULATION_OF_VASCULAR_PERMEABILITY		17	-0.30430543	-0.7524416	0.81458336	0.96058065	1.0	1538	tags=12%, list=8%, signal=13%	
GOBP_EXTRACELLULAR_VESICLE_BIOGENESIS	GOBP_EXTRACELLULAR_VESICLE_BIOGENESIS		24	-0.2813126	-0.7522633	0.84334767	0.9602905	1.0	3742	tags=25%, list=19%, signal=31%	
GOBP_SENSORY_PERCEPTION_OF_TASTE	GOBP_SENSORY_PERCEPTION_OF_TASTE		63	-0.23103358	-0.75145674	0.9484536	0.96070874	1.0	837	tags=6%, list=4%, signal=7%	
GOBP_FAT_CELL_PROLIFERATION	GOBP_FAT_CELL_PROLIFERATION		15	-0.32098958	-0.7510704	0.81390136	0.9606573	1.0	3964	tags=47%, list=20%, signal=59%	
GOBP_LIVER_REGENERATION	GOBP_LIVER_REGENERATION		31	-0.27628842	-0.75099736	0.8719647	0.96024996	1.0	5246	tags=35%, list=27%, signal=49%	
GOCC_FAR_SIN_STRIPAK_COMPLEX	GOCC_FAR_SIN_STRIPAK_COMPLEX		17	-0.30784357	-0.75082827	0.83035713	0.959953	1.0	4001	tags=29%, list=21%, signal=37%	
GOBP_REGULATION_OF_CELL_CYCLE_G2_M_PHASE_TRANSITION	GOBP_REGULATION_OF_CELL_CYCLE_G2_M_PHASE_TRANSITION		104	-0.21697684	-0.75035465	0.96100277	0.95996547	1.0	5647	tags=31%, list=29%, signal=43%	
GOBP_TRANSLATIONAL_INITIATION	GOBP_TRANSLATIONAL_INITIATION		117	-0.20997228	-0.74862236	0.9818731	0.9613913	1.0	5538	tags=31%, list=29%, signal=43%	
GOBP_NEGATIVE_REGULATION_OF_BLOOD_CIRCULATION	GOBP_NEGATIVE_REGULATION_OF_BLOOD_CIRCULATION		22	-0.2921581	-0.7468254	0.8348624	0.9629577	1.0	2127	tags=18%, list=11%, signal=20%	
GOBP_ENDOPLASMIC_RETICULUM_CALCIUM_ION_HOMEOSTASIS	GOBP_ENDOPLASMIC_RETICULUM_CALCIUM_ION_HOMEOSTASIS		22	-0.2902907	-0.7459502	0.8366013	0.9634107	1.0	6382	tags=55%, list=33%, signal=81%	
GOBP_VESICLE_CARGO_LOADING	GOBP_VESICLE_CARGO_LOADING		31	-0.2678297	-0.74558645	0.8449438	0.9633071	1.0	2937	tags=23%, list=15%, signal=27%	
GOMF_CYCLIC_NUCLEOTIDE_BINDING	GOMF_CYCLIC_NUCLEOTIDE_BINDING		35	-0.26083353	-0.7426115	0.9045454	0.966059	1.0	1721	tags=14%, list=9%, signal=16%	
GOBP_REGULATION_OF_SMOOTH_MUSCLE_CELL_DIFFERENTIATION	GOBP_REGULATION_OF_SMOOTH_MUSCLE_CELL_DIFFERENTIATION		35	-0.25705755	-0.74092585	0.9033079	0.96735376	1.0	1552	tags=11%, list=8%, signal=12%	
GOBP_NUCLEOLUS_ORGANIZATION	GOBP_NUCLEOLUS_ORGANIZATION		16	-0.3096065	-0.7397434	0.8301075	0.9681229	1.0	5608	tags=44%, list=29%, signal=61%	
GOCC_PHOSPHATASE_COMPLEX	GOCC_PHOSPHATASE_COMPLEX		50	-0.23867872	-0.7391691	0.9065156	0.9682148	1.0	4041	tags=26%, list=21%, signal=33%	
GOBP_L_GLUTAMATE_IMPORT_ACROSS_PLASMA_MEMBRANE	GOBP_L_GLUTAMATE_IMPORT_ACROSS_PLASMA_MEMBRANE		16	-0.30798241	-0.7381929	0.83507305	0.96876377	1.0	938	tags=13%, list=5%, signal=13%	
GOBP_REGULATION_OF_STEM_CELL_POPULATION_MAINTENANCE	GOBP_REGULATION_OF_STEM_CELL_POPULATION_MAINTENANCE		68	-0.22343028	-0.7381422	0.95465994	0.9683104	1.0	5003	tags=26%, list=26%, signal=36%	
GOBP_NUCLEOLAR_LARGE_RRNA_TRANSCRIPTION_BY_RNA_POLYMERASE_I	GOBP_NUCLEOLAR_LARGE_RRNA_TRANSCRIPTION_BY_RNA_POLYMERASE_I		18	-0.3000114	-0.7379985	0.84309626	0.96795774	1.0	5339	tags=44%, list=27%, signal=61%	
GOBP_CELLULAR_GLUCURONIDATION	GOBP_CELLULAR_GLUCURONIDATION		20	-0.2903397	-0.7378165	0.805668	0.967654	1.0	6568	tags=25%, list=34%, signal=38%	
GOCC_INTRACILIARY_TRANSPORT_PARTICLE_B	GOCC_INTRACILIARY_TRANSPORT_PARTICLE_B		15	-0.30563062	-0.7368146	0.85263157	0.96819377	1.0	6168	tags=47%, list=32%, signal=68%	
GOBP_HISTAMINE_TRANSPORT	GOBP_HISTAMINE_TRANSPORT		16	-0.30949807	-0.7367451	0.82304525	0.96776086	1.0	1207	tags=19%, list=6%, signal=20%	
GOBP_AXO_DENDRITIC_TRANSPORT	GOBP_AXO_DENDRITIC_TRANSPORT		79	-0.21769796	-0.73493713	0.9498681	0.96908516	1.0	3039	tags=15%, list=16%, signal=18%	
GOBP_NON_PROTEINOGENIC_AMINO_ACID_CATABOLIC_PROCESS	GOBP_NON_PROTEINOGENIC_AMINO_ACID_CATABOLIC_PROCESS		18	-0.29574838	-0.7343097	0.8559322	0.96922606	1.0	2880	tags=28%, list=15%, signal=33%	
GOBP_LATE_ENDOSOME_TO_VACUOLE_TRANSPORT	GOBP_LATE_ENDOSOME_TO_VACUOLE_TRANSPORT		35	-0.2576681	-0.7341593	0.8851675	0.9688698	1.0	3742	tags=29%, list=19%, signal=35%	
GOBP_THYMUS_DEVELOPMENT	GOBP_THYMUS_DEVELOPMENT		47	-0.24178304	-0.7319114	0.9129464	0.9705775	1.0	4401	tags=32%, list=23%, signal=41%	
GOBP_POSITIVE_REGULATION_OF_MITOTIC_NUCLEAR_DIVISION	GOBP_POSITIVE_REGULATION_OF_MITOTIC_NUCLEAR_DIVISION		43	-0.24128957	-0.731305	0.91962177	0.9706656	1.0	2950	tags=19%, list=15%, signal=22%	
GOBP_RENAL_WATER_HOMEOSTASIS	GOBP_RENAL_WATER_HOMEOSTASIS		24	-0.27306014	-0.7300198	0.8622222	0.9714229	1.0	5858	tags=46%, list=30%, signal=66%	
GOMF_HISTONE_METHYLTRANSFERASE_ACTIVITY	GOMF_HISTONE_METHYLTRANSFERASE_ACTIVITY		59	-0.2258383	-0.7294257	0.96062994	0.9714708	1.0	5093	tags=32%, list=26%, signal=44%	
GOBP_POSITIVE_REGULATION_OF_PROTEASOMAL_UBIQUITIN_DEPENDENT_PROTEIN_CATABOLIC_PROCESS	GOBP_POSITIVE_REGULATION_OF_PROTEASOMAL_UBIQUITIN_DEPENDENT_PROTEIN_CATABOLIC_PROCESS		71	-0.21734476	-0.7291851	0.9662338	0.971204	1.0	3011	tags=20%, list=16%, signal=23%	
GOBP_DNA_DOUBLE_STRAND_BREAK_PROCESSING	GOBP_DNA_DOUBLE_STRAND_BREAK_PROCESSING		20	-0.2811971	-0.7281125	0.85281384	0.9717367	1.0	7275	tags=55%, list=37%, signal=88%	
GOBP_REGULATION_OF_ENDOCYTIC_RECYCLING	GOBP_REGULATION_OF_ENDOCYTIC_RECYCLING		18	-0.30069956	-0.7276718	0.8306998	0.9716619	1.0	3121	tags=22%, list=16%, signal=26%	
GOBP_ESTABLISHMENT_OF_PROTEIN_LOCALIZATION_TO_VACUOLE	GOBP_ESTABLISHMENT_OF_PROTEIN_LOCALIZATION_TO_VACUOLE		63	-0.2243831	-0.7253755	0.95013124	0.97328055	1.0	5523	tags=37%, list=28%, signal=51%	
GOCC_TRANSLATION_PREINITIATION_COMPLEX	GOCC_TRANSLATION_PREINITIATION_COMPLEX		18	-0.29605296	-0.7248403	0.87473005	0.9732803	1.0	3491	tags=22%, list=18%, signal=27%	
GOMF_MAP_KINASE_KINASE_KINASE_ACTIVITY	GOMF_MAP_KINASE_KINASE_KINASE_ACTIVITY		24	-0.27579445	-0.72464305	0.8758465	0.9729664	1.0	4807	tags=46%, list=25%, signal=61%	
GOBP_RESPONSE_TO_AMINO_ACID_STARVATION	GOBP_RESPONSE_TO_AMINO_ACID_STARVATION		52	-0.231974	-0.7243978	0.9395466	0.97268796	1.0	5958	tags=40%, list=31%, signal=58%	
GOBP_HETEROCHROMATIN_FORMATION	GOBP_HETEROCHROMATIN_FORMATION		101	-0.2067674	-0.7236575	0.9915014	0.97287357	1.0	3309	tags=15%, list=17%, signal=18%	
GOMF_PROTEIN_LYSINE_DEACETYLASE_ACTIVITY	GOMF_PROTEIN_LYSINE_DEACETYLASE_ACTIVITY		23	-0.26965284	-0.72097296	0.8789809	0.9748417	1.0	6680	tags=39%, list=34%, signal=60%	
GOBP_MATURATION_OF_LSU_RRNA_FROM_TRICISTRONIC_RRNA_TRANSCRIPT_SSU_RRNA_5_8S_RRNA_LSU_RRNA	GOBP_MATURATION_OF_LSU_RRNA_FROM_TRICISTRONIC_RRNA_TRANSCRIPT_SSU_RRNA_5_8S_RRNA_LSU_RRNA		15	-0.30460984	-0.7207386	0.85091746	0.97454387	1.0	2156	tags=13%, list=11%, signal=15%	
GOBP_FAT_SOLUBLE_VITAMIN_METABOLIC_PROCESS	GOBP_FAT_SOLUBLE_VITAMIN_METABOLIC_PROCESS		47	-0.23621571	-0.7201238	0.9435666	0.97458035	1.0	5160	tags=34%, list=27%, signal=46%	
GOMF_N_METHYLTRANSFERASE_ACTIVITY	GOMF_N_METHYLTRANSFERASE_ACTIVITY		83	-0.21232325	-0.7189643	0.96961325	0.9751031	1.0	6356	tags=43%, list=33%, signal=64%	
GOBP_POSITIVE_REGULATION_OF_STEM_CELL_POPULATION_MAINTENANCE	GOBP_POSITIVE_REGULATION_OF_STEM_CELL_POPULATION_MAINTENANCE		45	-0.24000068	-0.7188322	0.9059406	0.9747101	1.0	4913	tags=27%, list=25%, signal=36%	
GOMF_RNA_CAP_BINDING	GOMF_RNA_CAP_BINDING		18	-0.2870766	-0.71648604	0.87772924	0.9762814	1.0	1884	tags=17%, list=10%, signal=18%	
GOBP_NEGATIVE_REGULATION_OF_RECEPTOR_MEDIATED_ENDOCYTOSIS	GOBP_NEGATIVE_REGULATION_OF_RECEPTOR_MEDIATED_ENDOCYTOSIS		31	-0.25581294	-0.716383	0.90163934	0.9758727	1.0	771	tags=6%, list=4%, signal=7%	
GOBP_ECTODERM_DEVELOPMENT	GOBP_ECTODERM_DEVELOPMENT		20	-0.27956197	-0.7148924	0.84549356	0.9766975	1.0	4474	tags=35%, list=23%, signal=45%	
GOBP_REGULATION_OF_MITOPHAGY	GOBP_REGULATION_OF_MITOPHAGY		32	-0.24868289	-0.711254	0.9367682	0.97934663	1.0	4738	tags=31%, list=24%, signal=41%	
GOBP_REGULATION_OF_PROTEIN_NEDDYLATION	GOBP_REGULATION_OF_PROTEIN_NEDDYLATION		19	-0.28090224	-0.71117145	0.8773006	0.9789205	1.0	5007	tags=32%, list=26%, signal=43%	
GOBP_INTRACELLULAR_MRNA_LOCALIZATION	GOBP_INTRACELLULAR_MRNA_LOCALIZATION		15	-0.298789	-0.71040064	0.8504273	0.97906506	1.0	824	tags=13%, list=4%, signal=14%	
GOCC_INTEGRATOR_COMPLEX	GOCC_INTEGRATOR_COMPLEX		15	-0.2993439	-0.7098428	0.86530614	0.97903746	1.0	4205	tags=27%, list=22%, signal=34%	
GOMF_FLOPPASE_ACTIVITY	GOMF_FLOPPASE_ACTIVITY		16	-0.29530272	-0.7093176	0.85833335	0.97895575	1.0	3898	tags=31%, list=20%, signal=39%	
GOBP_DIACYLGLYCEROL_METABOLIC_PROCESS	GOBP_DIACYLGLYCEROL_METABOLIC_PROCESS		27	-0.26014706	-0.7082098	0.8891509	0.979352	1.0	3846	tags=26%, list=20%, signal=32%	
GOMF_SINGLE_STRANDED_RNA_BINDING	GOMF_SINGLE_STRANDED_RNA_BINDING		79	-0.20653236	-0.70792174	0.9839142	0.9790776	1.0	3838	tags=20%, list=20%, signal=25%	
GOBP_TRACHEA_DEVELOPMENT	GOBP_TRACHEA_DEVELOPMENT		19	-0.283213	-0.707012	0.8673684	0.97932583	1.0	827	tags=11%, list=4%, signal=11%	
GOCC_SPERM_MIDPIECE	GOCC_SPERM_MIDPIECE		50	-0.2294451	-0.7065982	0.94527364	0.97916967	1.0	2823	tags=14%, list=15%, signal=16%	
GOCC_ESC_E_Z_COMPLEX	GOCC_ESC_E_Z_COMPLEX		15	-0.29882565	-0.70559675	0.8637363	0.9794927	1.0	3509	tags=27%, list=18%, signal=33%	
GOMF_GALACTOSYLTRANSFERASE_ACTIVITY	GOMF_GALACTOSYLTRANSFERASE_ACTIVITY		32	-0.24761386	-0.70501447	0.9035294	0.9794574	1.0	5455	tags=34%, list=28%, signal=48%	
GOBP_MULTIVESICULAR_BODY_SORTING_PATHWAY	GOBP_MULTIVESICULAR_BODY_SORTING_PATHWAY		47	-0.22798385	-0.70462775	0.95652175	0.97927654	1.0	3742	tags=26%, list=19%, signal=32%	
GOCC_POSTSYNAPTIC_SPECIALIZATION_INTRACELLULAR_COMPONENT	GOCC_POSTSYNAPTIC_SPECIALIZATION_INTRACELLULAR_COMPONENT		20	-0.27804318	-0.70458573	0.8701299	0.97880906	1.0	3145	tags=25%, list=16%, signal=30%	
GOBP_PHOTOTRANSDUCTION_VISIBLE_LIGHT	GOBP_PHOTOTRANSDUCTION_VISIBLE_LIGHT		18	-0.27872145	-0.70447	0.8681319	0.9784007	1.0	4880	tags=33%, list=25%, signal=44%	
GOMF_TRANSITION_METAL_ION_TRANSMEMBRANE_TRANSPORTER_ACTIVITY	GOMF_TRANSITION_METAL_ION_TRANSMEMBRANE_TRANSPORTER_ACTIVITY		42	-0.24130695	-0.70358074	0.9447236	0.9785859	1.0	2771	tags=21%, list=14%, signal=25%	
GOBP_MRNA_METHYLGUANOSINE_CAP_DECAPPING	GOBP_MRNA_METHYLGUANOSINE_CAP_DECAPPING		15	-0.29884154	-0.70191103	0.8668122	0.9793732	1.0	2422	tags=20%, list=12%, signal=23%	
GOCC_PHOTORECEPTOR_OUTER_SEGMENT_MEMBRANE	GOCC_PHOTORECEPTOR_OUTER_SEGMENT_MEMBRANE		15	-0.29790807	-0.70078593	0.8862661	0.97972333	1.0	3284	tags=33%, list=17%, signal=40%	
GOMF_PROTEIN_SERINE_THREONINE_KINASE_INHIBITOR_ACTIVITY	GOMF_PROTEIN_SERINE_THREONINE_KINASE_INHIBITOR_ACTIVITY		36	-0.2425302	-0.69914836	0.9444444	0.98047215	1.0	1947	tags=17%, list=10%, signal=18%	
GOBP_BRAIN_MORPHOGENESIS	GOBP_BRAIN_MORPHOGENESIS		36	-0.24110892	-0.69903487	0.9268293	0.980064	1.0	2708	tags=17%, list=14%, signal=19%	
GOBP_NEGATIVE_REGULATION_OF_NUCLEOTIDE_METABOLIC_PROCESS	GOBP_NEGATIVE_REGULATION_OF_NUCLEOTIDE_METABOLIC_PROCESS		26	-0.26300898	-0.69812435	0.86757994	0.9802657	1.0	5656	tags=46%, list=29%, signal=65%	
GOBP_POLY_A_PLUS_MRNA_EXPORT_FROM_NUCLEUS	GOBP_POLY_A_PLUS_MRNA_EXPORT_FROM_NUCLEUS		21	-0.26652265	-0.69767123	0.90217394	0.98011464	1.0	6133	tags=52%, list=32%, signal=76%	
GOBP_NEGATIVE_REGULATION_OF_ORGANELLE_ASSEMBLY	GOBP_NEGATIVE_REGULATION_OF_ORGANELLE_ASSEMBLY		43	-0.23449413	-0.69744724	0.9451074	0.9797772	1.0	4734	tags=30%, list=24%, signal=40%	
GOBP_CYCLIC_NUCLEOTIDE_BIOSYNTHETIC_PROCESS	GOBP_CYCLIC_NUCLEOTIDE_BIOSYNTHETIC_PROCESS		18	-0.2848131	-0.69742274	0.88274336	0.9792989	1.0	4880	tags=33%, list=25%, signal=44%	
GOBP_NEGATIVE_REGULATION_OF_SMOOTH_MUSCLE_CELL_DIFFERENTIATION	GOBP_NEGATIVE_REGULATION_OF_SMOOTH_MUSCLE_CELL_DIFFERENTIATION		17	-0.28376272	-0.6955189	0.90191895	0.9801926	1.0	4633	tags=29%, list=24%, signal=39%	
GOBP_NEGATIVE_REGULATION_OF_DNA_BIOSYNTHETIC_PROCESS	GOBP_NEGATIVE_REGULATION_OF_DNA_BIOSYNTHETIC_PROCESS		31	-0.24869885	-0.69516116	0.9444444	0.9799455	1.0	5747	tags=39%, list=30%, signal=55%	
GOBP_MEMBRANE_DOCKING	GOBP_MEMBRANE_DOCKING		83	-0.2049073	-0.69462967	0.997449	0.9798317	1.0	3178	tags=16%, list=16%, signal=19%	
GOBP_PURINE_NUCLEOSIDE_MONOPHOSPHATE_METABOLIC_PROCESS	GOBP_PURINE_NUCLEOSIDE_MONOPHOSPHATE_METABOLIC_PROCESS		40	-0.23194633	-0.6929206	0.9380734	0.98057073	1.0	3359	tags=18%, list=17%, signal=21%	
GOBP_REGULATION_OF_RIG_I_SIGNALING_PATHWAY	GOBP_REGULATION_OF_RIG_I_SIGNALING_PATHWAY		18	-0.27612343	-0.6907888	0.856531	0.9816006	1.0	3103	tags=28%, list=16%, signal=33%	
GOCC_SPERM_HEAD	GOCC_SPERM_HEAD		17	-0.2739915	-0.68994784	0.8871332	0.9816697	1.0	2909	tags=12%, list=15%, signal=14%	
GOBP_POSITIVE_REGULATION_OF_MEMBRANE_PERMEABILITY	GOBP_POSITIVE_REGULATION_OF_MEMBRANE_PERMEABILITY		39	-0.23434967	-0.68955636	0.95454544	0.9814628	1.0	3018	tags=21%, list=16%, signal=24%	
GOCC_CLATHRIN_COAT_OF_COATED_PIT	GOCC_CLATHRIN_COAT_OF_COATED_PIT		18	-0.27531973	-0.68838	0.8668172	0.98176557	1.0	6799	tags=50%, list=35%, signal=77%	
GOCC_CIS_GOLGI_NETWORK	GOCC_CIS_GOLGI_NETWORK		57	-0.21861762	-0.6877772	0.971223	0.981658	1.0	4353	tags=30%, list=22%, signal=38%	
GOBP_LATE_ENDOSOME_TO_VACUOLE_TRANSPORT_VIA_MULTIVESICULAR_BODY_SORTING_PATHWAY	GOBP_LATE_ENDOSOME_TO_VACUOLE_TRANSPORT_VIA_MULTIVESICULAR_BODY_SORTING_PATHWAY		26	-0.2550687	-0.68591034	0.90631807	0.98243785	1.0	3742	tags=31%, list=19%, signal=38%	
GOMF_ATP_DEPENDENT_PROTEIN_FOLDING_CHAPERONE	GOMF_ATP_DEPENDENT_PROTEIN_FOLDING_CHAPERONE		31	-0.24693541	-0.6846738	0.9413146	0.9827727	1.0	2146	tags=16%, list=11%, signal=18%	
GOMF_PHOSPHATIDYLINOSITOL_4_PHOSPHATE_BINDING	GOMF_PHOSPHATIDYLINOSITOL_4_PHOSPHATE_BINDING		25	-0.25756288	-0.68425167	0.9230769	0.9825456	1.0	2133	tags=16%, list=11%, signal=18%	
GOBP_PLASMA_MEMBRANE_REPAIR	GOBP_PLASMA_MEMBRANE_REPAIR		28	-0.2530983	-0.68383276	0.93333334	0.9823296	1.0	5245	tags=36%, list=27%, signal=49%	
GOBP_NECROPTOTIC_PROCESS	GOBP_NECROPTOTIC_PROCESS		39	-0.23454984	-0.68373704	0.96313363	0.98188484	1.0	4738	tags=33%, list=24%, signal=44%	
GOBP_MELANOSOME_ASSEMBLY	GOBP_MELANOSOME_ASSEMBLY		18	-0.2782879	-0.68373156	0.9151376	0.9813962	1.0	2303	tags=17%, list=12%, signal=19%	
GOBP_ESTABLISHMENT_OF_MITOTIC_SPINDLE_LOCALIZATION	GOBP_ESTABLISHMENT_OF_MITOTIC_SPINDLE_LOCALIZATION		38	-0.23638308	-0.68279	0.93793106	0.9815408	1.0	3683	tags=21%, list=19%, signal=26%	
GOBP_VASCULAR_ASSOCIATED_SMOOTH_MUSCLE_CELL_DIFFERENTIATION	GOBP_VASCULAR_ASSOCIATED_SMOOTH_MUSCLE_CELL_DIFFERENTIATION		29	-0.24436611	-0.6826958	0.9330453	0.9811051	1.0	1552	tags=14%, list=8%, signal=15%	
GOBP_DORSAL_SPINAL_CORD_DEVELOPMENT	GOBP_DORSAL_SPINAL_CORD_DEVELOPMENT		19	-0.27850375	-0.6812921	0.9035088	0.98149556	1.0	179	tags=5%, list=1%, signal=5%	
GOMF_OXIDOREDUCTASE_ACTIVITY_ACTING_ON_METAL_IONS	GOMF_OXIDOREDUCTASE_ACTIVITY_ACTING_ON_METAL_IONS		15	-0.2857249	-0.68111163	0.88517743	0.9811161	1.0	1462	tags=20%, list=8%, signal=22%	
GOBP_ARP2_3_COMPLEX_MEDIATED_ACTIN_NUCLEATION	GOBP_ARP2_3_COMPLEX_MEDIATED_ACTIN_NUCLEATION		37	-0.23001389	-0.6801897	0.9505882	0.98121935	1.0	4571	tags=30%, list=24%, signal=39%	
GOBP_DNA_METHYLATION_DEPENDENT_HETEROCHROMATIN_FORMATION	GOBP_DNA_METHYLATION_DEPENDENT_HETEROCHROMATIN_FORMATION		32	-0.23457333	-0.67725605	0.9478908	0.98258656	1.0	4745	tags=22%, list=24%, signal=29%	
GOBP_RESPONSE_TO_INCREASED_OXYGEN_LEVELS	GOBP_RESPONSE_TO_INCREASED_OXYGEN_LEVELS		25	-0.25138095	-0.67606974	0.92235297	0.9828412	1.0	4929	tags=32%, list=25%, signal=43%	
GOMF_ACYL_COA_HYDROLASE_ACTIVITY	GOMF_ACYL_COA_HYDROLASE_ACTIVITY		23	-0.2537392	-0.675902	0.9444444	0.98245007	1.0	5504	tags=26%, list=28%, signal=36%	
GOBP_POSITIVE_REGULATION_OF_EXOSOMAL_SECRETION	GOBP_POSITIVE_REGULATION_OF_EXOSOMAL_SECRETION		15	-0.2834784	-0.6757385	0.9054945	0.982055	1.0	5262	tags=40%, list=27%, signal=55%	
GOCC_CYTOSOLIC_SMALL_RIBOSOMAL_SUBUNIT	GOCC_CYTOSOLIC_SMALL_RIBOSOMAL_SUBUNIT		42	-0.2236098	-0.67427206	0.9608802	0.98246044	1.0	4898	tags=19%, list=25%, signal=25%	
GOMF_INTRACELLULARLY_CALCIUM_GATED_CHLORIDE_CHANNEL_ACTIVITY	GOMF_INTRACELLULARLY_CALCIUM_GATED_CHLORIDE_CHANNEL_ACTIVITY		19	-0.26659605	-0.6713314	0.9221968	0.98365945	1.0	4728	tags=32%, list=24%, signal=42%	
GOBP_POSITIVE_REGULATION_OF_PROTEIN_EXPORT_FROM_NUCLEUS	GOBP_POSITIVE_REGULATION_OF_PROTEIN_EXPORT_FROM_NUCLEUS		20	-0.26933664	-0.66942096	0.9112554	0.9842184	1.0	3340	tags=20%, list=17%, signal=24%	
GOBP_PROTEIN_TARGETING_TO_VACUOLE	GOBP_PROTEIN_TARGETING_TO_VACUOLE		46	-0.22067955	-0.66728437	0.9688249	0.9849102	1.0	5744	tags=43%, list=30%, signal=62%	
GOBP_NEGATIVE_REGULATION_OF_RHO_PROTEIN_SIGNAL_TRANSDUCTION	GOBP_NEGATIVE_REGULATION_OF_RHO_PROTEIN_SIGNAL_TRANSDUCTION		19	-0.26563796	-0.6640836	0.9134021	0.98624754	1.0	5132	tags=42%, list=26%, signal=57%	
GOBP_NUCLEOSIDE_MONOPHOSPHATE_METABOLIC_PROCESS	GOBP_NUCLEOSIDE_MONOPHOSPHATE_METABOLIC_PROCESS		74	-0.19852147	-0.662226	0.9916667	0.98676944	1.0	3359	tags=16%, list=17%, signal=20%	
GOBP_TONGUE_DEVELOPMENT	GOBP_TONGUE_DEVELOPMENT		21	-0.2607597	-0.66219157	0.9194215	0.98629844	1.0	2000	tags=14%, list=10%, signal=16%	
GOBP_REGULATION_OF_PROTEIN_KINASE_C_SIGNALING	GOBP_REGULATION_OF_PROTEIN_KINASE_C_SIGNALING		17	-0.2712336	-0.6565763	0.9230769	0.98871446	1.0	2961	tags=24%, list=15%, signal=28%	
GOMF_K63_LINKED_POLYUBIQUITIN_MODIFICATION_DEPENDENT_PROTEIN_BINDING	GOMF_K63_LINKED_POLYUBIQUITIN_MODIFICATION_DEPENDENT_PROTEIN_BINDING		23	-0.25124627	-0.65642005	0.9495614	0.9883071	1.0	5522	tags=39%, list=28%, signal=55%	
GOBP_VESICLE_DOCKING	GOBP_VESICLE_DOCKING		57	-0.20786683	-0.6554291	0.9745547	0.9883224	1.0	4640	tags=25%, list=24%, signal=32%	
GOBP_NUCLEUS_ORGANIZATION	GOBP_NUCLEUS_ORGANIZATION		137	-0.17705007	-0.6546472	1.0	0.9881955	1.0	4969	tags=26%, list=26%, signal=35%	
GOCC_CUL2_RING_UBIQUITIN_LIGASE_COMPLEX	GOCC_CUL2_RING_UBIQUITIN_LIGASE_COMPLEX		23	-0.24424064	-0.65228117	0.9336283	0.98881817	1.0	4812	tags=26%, list=25%, signal=35%	
GOMF_TRANSLATION_REPRESSOR_ACTIVITY	GOMF_TRANSLATION_REPRESSOR_ACTIVITY		31	-0.23518357	-0.6522604	0.9490741	0.9883349	1.0	3243	tags=23%, list=17%, signal=27%	
GOMF_PENTOSYLTRANSFERASE_ACTIVITY	GOMF_PENTOSYLTRANSFERASE_ACTIVITY		51	-0.2084277	-0.6505384	0.97820824	0.9886438	1.0	4304	tags=24%, list=22%, signal=30%	
GOBP_CYTOPLASMIC_TRANSLATION	GOBP_CYTOPLASMIC_TRANSLATION		154	-0.17562386	-0.65002126	0.9967949	0.9884131	1.0	5357	tags=24%, list=28%, signal=33%	
GOBP_PROTEIN_TRANSPORT_TO_VACUOLE_INVOLVED_IN_UBIQUITIN_DEPENDENT_PROTEIN_CATABOLIC_PROCESS_VIA_THE_MULTIVESICULAR_BODY_SORTING_PATHWAY	GOBP_PROTEIN_TRANSPORT_TO_VACUOLE_INVOLVED_IN_UBIQUITIN_DEPENDENT_PROTEIN_CATABOLIC_PROCESS_VIA_THE_MULTIVESICULAR_BODY_SORTING_PATHWAY		15	-0.27420542	-0.64881194	0.89591837	0.9884794	1.0	3742	tags=27%, list=19%, signal=33%	
GOBP_REGULATION_OF_EARLY_ENDOSOME_TO_LATE_ENDOSOME_TRANSPORT	GOBP_REGULATION_OF_EARLY_ENDOSOME_TO_LATE_ENDOSOME_TRANSPORT		17	-0.2664698	-0.647726	0.9291667	0.9884967	1.0	3794	tags=24%, list=20%, signal=29%	
GOBP_MIDBODY_ABSCISSION	GOBP_MIDBODY_ABSCISSION		17	-0.26431403	-0.64747924	0.9268293	0.9881333	1.0	6345	tags=53%, list=33%, signal=79%	
GOBP_MAINTENANCE_OF_PROTEIN_LOCALIZATION_IN_ORGANELLE	GOBP_MAINTENANCE_OF_PROTEIN_LOCALIZATION_IN_ORGANELLE		42	-0.21267904	-0.6461634	0.98205125	0.9882182	1.0	3737	tags=19%, list=19%, signal=24%	
GOBP_TRANSCRIPTION_BY_RNA_POLYMERASE_I	GOBP_TRANSCRIPTION_BY_RNA_POLYMERASE_I		60	-0.2016024	-0.6448432	0.9925187	0.9882902	1.0	5339	tags=30%, list=27%, signal=41%	
GOBP_CENTRIOLE_CENTRIOLE_COHESION	GOBP_CENTRIOLE_CENTRIOLE_COHESION		15	-0.2765397	-0.64404076	0.9166667	0.98816115	1.0	5602	tags=33%, list=29%, signal=47%	
GOBP_POSITIVE_REGULATION_OF_TRANSLATIONAL_INITIATION	GOBP_POSITIVE_REGULATION_OF_TRANSLATIONAL_INITIATION		28	-0.23084389	-0.6433166	0.96350366	0.9879987	1.0	5378	tags=32%, list=28%, signal=44%	
GOCC_CUL4_RING_E3_UBIQUITIN_LIGASE_COMPLEX	GOCC_CUL4_RING_E3_UBIQUITIN_LIGASE_COMPLEX		34	-0.2180873	-0.64075243	0.96543777	0.9886189	1.0	2938	tags=18%, list=15%, signal=21%	
GOBP_ORGANISM_EMERGENCE_FROM_PROTECTIVE_STRUCTURE	GOBP_ORGANISM_EMERGENCE_FROM_PROTECTIVE_STRUCTURE		22	-0.24382293	-0.6398431	0.9618644	0.988515	1.0	4614	tags=32%, list=24%, signal=42%	
GOMF_METAL_CATION_MONOATOMIC_CATION_ANTIPORTER_ACTIVITY	GOMF_METAL_CATION_MONOATOMIC_CATION_ANTIPORTER_ACTIVITY		42	-0.21464649	-0.6391524	0.98053527	0.9883114	1.0	1606	tags=10%, list=8%, signal=10%	
GOBP_POSITIVE_REGULATION_OF_JUN_KINASE_ACTIVITY	GOBP_POSITIVE_REGULATION_OF_JUN_KINASE_ACTIVITY		26	-0.23684579	-0.6368683	0.9493392	0.98873657	1.0	4658	tags=35%, list=24%, signal=45%	
GOMF_INOSITOL_PHOSPHATE_PHOSPHATASE_ACTIVITY	GOMF_INOSITOL_PHOSPHATE_PHOSPHATASE_ACTIVITY		18	-0.25536093	-0.63493866	0.9222689	0.98907614	1.0	2929	tags=22%, list=15%, signal=26%	
GOBP_POSITIVE_REGULATION_OF_ISOTYPE_SWITCHING	GOBP_POSITIVE_REGULATION_OF_ISOTYPE_SWITCHING		25	-0.23692131	-0.6333262	0.95981085	0.9892275	1.0	3435	tags=24%, list=18%, signal=29%	
GOBP_NEGATIVE_REGULATION_OF_PEPTIDYL_THREONINE_PHOSPHORYLATION	GOBP_NEGATIVE_REGULATION_OF_PEPTIDYL_THREONINE_PHOSPHORYLATION		16	-0.26490092	-0.6259823	0.9235955	0.9915044	1.0	2306	tags=19%, list=12%, signal=21%	
GOBP_POSITIVE_REGULATION_OF_TRANSCRIPTION_BY_RNA_POLYMERASE_III	GOBP_POSITIVE_REGULATION_OF_TRANSCRIPTION_BY_RNA_POLYMERASE_III		17	-0.24896306	-0.6250566	0.9506438	0.9913496	1.0	7503	tags=47%, list=39%, signal=77%	
GOBP_SPERMATID_NUCLEUS_DIFFERENTIATION	GOBP_SPERMATID_NUCLEUS_DIFFERENTIATION		24	-0.23219962	-0.6201009	0.96659243	0.9925841	1.0	1220	tags=8%, list=6%, signal=9%	
GOBP_REGULATION_OF_AMPA_RECEPTOR_ACTIVITY	GOBP_REGULATION_OF_AMPA_RECEPTOR_ACTIVITY		16	-0.25533184	-0.61860186	0.9445676	0.9926247	1.0	5040	tags=25%, list=26%, signal=34%	
GOBP_PYRIMIDINE_NUCLEOTIDE_BIOSYNTHETIC_PROCESS	GOBP_PYRIMIDINE_NUCLEOTIDE_BIOSYNTHETIC_PROCESS		31	-0.21855722	-0.6178903	0.9800995	0.9923872	1.0	4583	tags=29%, list=24%, signal=38%	
GOBP_MEMBRANE_FISSION	GOBP_MEMBRANE_FISSION		44	-0.20377481	-0.6153114	0.992891	0.9927519	1.0	6526	tags=45%, list=34%, signal=68%	
GOBP_REGULATION_OF_MITOTIC_SPINDLE_ASSEMBLY	GOBP_REGULATION_OF_MITOTIC_SPINDLE_ASSEMBLY		22	-0.23076919	-0.61474735	0.95051545	0.9924461	1.0	6345	tags=45%, list=33%, signal=67%	
GOBP_REGULATION_OF_MITOCHONDRIAL_OUTER_MEMBRANE_PERMEABILIZATION_INVOLVED_IN_APOPTOTIC_SIGNALING_PATHWAY	GOBP_REGULATION_OF_MITOCHONDRIAL_OUTER_MEMBRANE_PERMEABILIZATION_INVOLVED_IN_APOPTOTIC_SIGNALING_PATHWAY		19	-0.24634713	-0.6141518	0.94588745	0.99215287	1.0	6062	tags=47%, list=31%, signal=69%	
GOBP_OOCYTE_MATURATION	GOBP_OOCYTE_MATURATION		28	-0.22731419	-0.6135319	0.96330273	0.99184835	1.0	3874	tags=25%, list=20%, signal=31%	
GOMF_MITOGEN_ACTIVATED_PROTEIN_KINASE_KINASE_KINASE_BINDING	GOMF_MITOGEN_ACTIVATED_PROTEIN_KINASE_KINASE_KINASE_BINDING		15	-0.26015562	-0.6119323	0.9246862	0.9918698	1.0	4219	tags=33%, list=22%, signal=43%	
GOBP_TRNA_THREONYLCARBAMOYLADENOSINE_METABOLIC_PROCESS	GOBP_TRNA_THREONYLCARBAMOYLADENOSINE_METABOLIC_PROCESS		19	-0.23991738	-0.60717684	0.950783	0.99284667	1.0	6007	tags=32%, list=31%, signal=46%	
GOBP_PROTEIN_LOCALIZATION_TO_MICROTUBULE	GOBP_PROTEIN_LOCALIZATION_TO_MICROTUBULE		19	-0.24130283	-0.6043156	0.966805	0.99322826	1.0	3408	tags=26%, list=18%, signal=32%	
GOMF_TAU_PROTEIN_KINASE_ACTIVITY	GOMF_TAU_PROTEIN_KINASE_ACTIVITY		22	-0.23485127	-0.6042998	0.9706546	0.992745	1.0	4916	tags=32%, list=25%, signal=43%	
GOBP_MISMATCH_REPAIR	GOBP_MISMATCH_REPAIR		30	-0.2149276	-0.6041769	0.97321427	0.99229366	1.0	5395	tags=37%, list=28%, signal=51%	
GOMF_NUCLEOSOMAL_DNA_BINDING	GOMF_NUCLEOSOMAL_DNA_BINDING		23	-0.2276772	-0.6018566	0.9610984	0.99248856	1.0	5361	tags=26%, list=28%, signal=36%	
GOBP_MITOTIC_G2_M_TRANSITION_CHECKPOINT	GOBP_MITOTIC_G2_M_TRANSITION_CHECKPOINT		47	-0.20007549	-0.59827214	0.99501246	0.9929668	1.0	6343	tags=32%, list=33%, signal=47%	
GOBP_NEGATIVE_REGULATION_OF_GLUCONEOGENESIS	GOBP_NEGATIVE_REGULATION_OF_GLUCONEOGENESIS		15	-0.25853005	-0.5974015	0.9380342	0.9927004	1.0	3130	tags=20%, list=16%, signal=24%	
GOCC_DNA_REPAIR_COMPLEX	GOCC_DNA_REPAIR_COMPLEX		20	-0.23378384	-0.5954807	0.94572026	0.99272054	1.0	2944	tags=20%, list=15%, signal=24%	
GOBP_DNA_DAMAGE_RESPONSE_SIGNAL_TRANSDUCTION_RESULTING_IN_TRANSCRIPTION	GOBP_DNA_DAMAGE_RESPONSE_SIGNAL_TRANSDUCTION_RESULTING_IN_TRANSCRIPTION		15	-0.2563192	-0.59481156	0.94310725	0.99241406	1.0	2844	tags=20%, list=15%, signal=23%	
GOBP_NEGATIVE_REGULATION_OF_OXIDATIVE_STRESS_INDUCED_INTRINSIC_APOPTOTIC_SIGNALING_PATHWAY	GOBP_NEGATIVE_REGULATION_OF_OXIDATIVE_STRESS_INDUCED_INTRINSIC_APOPTOTIC_SIGNALING_PATHWAY		27	-0.22038838	-0.59359527	0.9809976	0.99224097	1.0	4158	tags=26%, list=21%, signal=33%	
GOCC_CLATHRIN_ADAPTOR_COMPLEX	GOCC_CLATHRIN_ADAPTOR_COMPLEX		25	-0.2180703	-0.5930493	0.97885835	0.9918938	1.0	5648	tags=36%, list=29%, signal=51%	
GOBP_REGULATION_OF_CARDIAC_MUSCLE_CONTRACTION_BY_CALCIUM_ION_SIGNALING	GOBP_REGULATION_OF_CARDIAC_MUSCLE_CONTRACTION_BY_CALCIUM_ION_SIGNALING		25	-0.220155	-0.59262127	0.98734176	0.9915181	1.0	1885	tags=12%, list=10%, signal=13%	
GOMF_PHOSPHATE_TRANSMEMBRANE_TRANSPORTER_ACTIVITY	GOMF_PHOSPHATE_TRANSMEMBRANE_TRANSPORTER_ACTIVITY		16	-0.24871838	-0.59249705	0.9716599	0.9910627	1.0	6006	tags=50%, list=31%, signal=72%	
GOBP_DNA_REPAIR_DEPENDENT_CHROMATIN_REMODELING	GOBP_DNA_REPAIR_DEPENDENT_CHROMATIN_REMODELING		21	-0.22816317	-0.5882485	0.96781117	0.991575	1.0	2844	tags=14%, list=15%, signal=17%	
GOBP_COLLECTING_DUCT_DEVELOPMENT	GOBP_COLLECTING_DUCT_DEVELOPMENT		15	-0.23974966	-0.5779094	0.95522386	0.99337757	1.0	3920	tags=20%, list=20%, signal=25%	
GOBP_HYDROGEN_PEROXIDE_BIOSYNTHETIC_PROCESS	GOBP_HYDROGEN_PEROXIDE_BIOSYNTHETIC_PROCESS		16	-0.2428046	-0.57399684	0.9564315	0.99367297	1.0	6569	tags=44%, list=34%, signal=66%	
GOMF_SIGNAL_SEQUENCE_BINDING	GOMF_SIGNAL_SEQUENCE_BINDING		43	-0.19036411	-0.57028157	0.99040765	0.99389756	1.0	4242	tags=26%, list=22%, signal=33%	
GOBP_POSITIVE_REGULATION_OF_AUTOPHAGOSOME_ASSEMBLY	GOBP_POSITIVE_REGULATION_OF_AUTOPHAGOSOME_ASSEMBLY		17	-0.2291644	-0.54929143	0.9775281	0.9969814	1.0	4643	tags=29%, list=24%, signal=39%	
GOBP_REGULATION_OF_CARDIAC_MUSCLE_CONTRACTION_BY_REGULATION_OF_THE_RELEASE_OF_SEQUESTERED_CALCIUM_ION	GOBP_REGULATION_OF_CARDIAC_MUSCLE_CONTRACTION_BY_REGULATION_OF_THE_RELEASE_OF_SEQUESTERED_CALCIUM_ION		20	-0.20876014	-0.52714133	0.991342	0.9992087	1.0	3448	tags=15%, list=18%, signal=18%	
GOBP_URONIC_ACID_METABOLIC_PROCESS	GOBP_URONIC_ACID_METABOLIC_PROCESS		25	-0.20003825	-0.5221589	0.9955556	0.9992162	1.0	6568	tags=24%, list=34%, signal=36%	
GOBP_ORGANELLE_INHERITANCE	GOBP_ORGANELLE_INHERITANCE		15	-0.21813722	-0.52123415	0.9868421	0.998822	1.0	4827	tags=27%, list=25%, signal=35%	
GOBP_C_TERMINAL_PROTEIN_AMINO_ACID_MODIFICATION	GOBP_C_TERMINAL_PROTEIN_AMINO_ACID_MODIFICATION		16	-0.22366114	-0.5201522	0.9829424	0.9984403	1.0	5657	tags=38%, list=29%, signal=53%	
GOCC_EUKARYOTIC_TRANSLATION_INITIATION_FACTOR_3_COMPLEX	GOCC_EUKARYOTIC_TRANSLATION_INITIATION_FACTOR_3_COMPLEX		15	-0.22133286	-0.51293564	0.987526	0.99864364	1.0	3491	tags=20%, list=18%, signal=24%	
GOBP_DETECTION_OF_LIGHT_STIMULUS_INVOLVED_IN_SENSORY_PERCEPTION	GOBP_DETECTION_OF_LIGHT_STIMULUS_INVOLVED_IN_SENSORY_PERCEPTION		21	-0.20236902	-0.51039886	0.991453	0.9983745	1.0	5022	tags=24%, list=26%, signal=32%	
GOBP_POSITIVE_REGULATION_OF_VACUOLE_ORGANIZATION	GOBP_POSITIVE_REGULATION_OF_VACUOLE_ORGANIZATION		21	-0.19143581	-0.48019138	0.991684	0.9999108	1.0	4643	tags=24%, list=24%, signal=31%	
GOMF_RNA_POLYMERASE_II_CTD_HEPTAPEPTIDE_REPEAT_MODIFYING_ACTIVITY	GOMF_RNA_POLYMERASE_II_CTD_HEPTAPEPTIDE_REPEAT_MODIFYING_ACTIVITY		16	-0.19562699	-0.47187373	0.99176955	0.9998249	1.0	1236	tags=6%, list=6%, signal=7%	
GOBP_REGULATION_OF_NUCLEOTIDE_EXCISION_REPAIR	GOBP_REGULATION_OF_NUCLEOTIDE_EXCISION_REPAIR		26	-0.16832465	-0.45458257	1.0	1.0	1.0	5914	tags=27%, list=30%, signal=39%	
GOMF_OLFACTORY_RECEPTOR_ACTIVITY	GOMF_OLFACTORY_RECEPTOR_ACTIVITY		368	-0.11010455	-0.44829524	1.0	0.99973595	1.0	16354	tags=99%, list=84%, signal=616%	
GOBP_POSITIVE_REGULATION_BY_HOST_OF_VIRAL_TRANSCRIPTION	GOBP_POSITIVE_REGULATION_BY_HOST_OF_VIRAL_TRANSCRIPTION		17	-0.17754713	-0.43280956	0.99597585	0.99964565	1.0	6075	tags=35%, list=31%, signal=51%	
GOBP_SENSORY_PERCEPTION_OF_SMELL	GOBP_SENSORY_PERCEPTION_OF_SMELL		394	-0.06488967	-0.2668864	1.0	1.0	1.0	9128	tags=36%, list=47%, signal=66%	
