NAME	GS<br> follow link to MSigDB	GS DETAILS	SIZE	ES	NES	NOM p-val	FDR q-val	FWER p-val	RANK AT MAX	LEADING EDGE	
GOCC_FICOLIN_1_RICH_GRANULE_MEMBRANE	GOCC_FICOLIN_1_RICH_GRANULE_MEMBRANE	Details ...	58	-0.68009186	-2.2580512	0.0	0.0	0.0	1907	tags=36%, list=10%, signal=40%	
GOBP_RESPONSE_TO_FUNGUS	GOBP_RESPONSE_TO_FUNGUS	Details ...	66	-0.62883985	-2.1279337	0.0	0.001027985	0.002	2488	tags=44%, list=13%, signal=50%	
GOCC_TERTIARY_GRANULE_MEMBRANE	GOCC_TERTIARY_GRANULE_MEMBRANE	Details ...	69	-0.62104654	-2.0587823	0.0	0.0069099492	0.02	2325	tags=41%, list=12%, signal=46%	
GOCC_TERTIARY_GRANULE	GOCC_TERTIARY_GRANULE	Details ...	157	-0.5396721	-2.0323272	0.0	0.00877986	0.034	2553	tags=34%, list=13%, signal=39%	
GOBP_DEFENSE_RESPONSE_TO_FUNGUS	GOBP_DEFENSE_RESPONSE_TO_FUNGUS	Details ...	55	-0.62752646	-2.0168612	0.0	0.010151521	0.049	2488	tags=44%, list=13%, signal=50%	
GOCC_SPECIFIC_GRANULE_MEMBRANE	GOCC_SPECIFIC_GRANULE_MEMBRANE	Details ...	88	-0.57517505	-2.0029993	0.0	0.011231995	0.064	2553	tags=39%, list=13%, signal=44%	
GOBP_REGULATION_OF_INFLAMMATORY_RESPONSE_TO_ANTIGENIC_STIMULUS	GOBP_REGULATION_OF_INFLAMMATORY_RESPONSE_TO_ANTIGENIC_STIMULUS	Details ...	41	-0.6525988	-1.9971384	0.0	0.01038229	0.069	2238	tags=44%, list=12%, signal=50%	
GOBP_INFLAMMATORY_RESPONSE_TO_ANTIGENIC_STIMULUS	GOBP_INFLAMMATORY_RESPONSE_TO_ANTIGENIC_STIMULUS	Details ...	72	-0.5775237	-1.9785779	0.0	0.012851447	0.093	4254	tags=57%, list=22%, signal=73%	
GOBP_DETECTION_OF_OTHER_ORGANISM	GOBP_DETECTION_OF_OTHER_ORGANISM	Details ...	19	-0.7716055	-1.962729	0.0	0.01706367	0.137	2164	tags=53%, list=11%, signal=59%	
GOBP_CELLULAR_RESPONSE_TO_MOLECULE_OF_BACTERIAL_ORIGIN	GOBP_CELLULAR_RESPONSE_TO_MOLECULE_OF_BACTERIAL_ORIGIN	Details ...	215	-0.49047932	-1.9530412	0.0	0.01838701	0.162	3050	tags=36%, list=16%, signal=42%	
GOMF_PATTERN_RECOGNITION_RECEPTOR_ACTIVITY	GOMF_PATTERN_RECOGNITION_RECEPTOR_ACTIVITY	Details ...	33	-0.66356575	-1.9473526	0.0	0.019169582	0.185	3118	tags=52%, list=16%, signal=61%	
GOCC_SECONDARY_LYSOSOME	GOCC_SECONDARY_LYSOSOME	Details ...	23	-0.7247376	-1.945665	0.0	0.018004369	0.187	1983	tags=43%, list=10%, signal=48%	
GOBP_RESPONSE_TO_PROTOZOAN	GOBP_RESPONSE_TO_PROTOZOAN	Details ...	29	-0.6857223	-1.9304136	0.0	0.020777846	0.234	2340	tags=52%, list=12%, signal=59%	
GOBP_CELLULAR_RESPONSE_TO_BIOTIC_STIMULUS	GOBP_CELLULAR_RESPONSE_TO_BIOTIC_STIMULUS	Details ...	241	-0.48275378	-1.9098514	0.0	0.028403435	0.326	3206	tags=36%, list=17%, signal=43%	
GOBP_NEGATIVE_REGULATION_OF_TYPE_II_INTERFERON_PRODUCTION	GOBP_NEGATIVE_REGULATION_OF_TYPE_II_INTERFERON_PRODUCTION	Details ...	39	-0.6290656	-1.9061599	0.0022675737	0.0284545	0.345	2298	tags=46%, list=12%, signal=52%	
GOBP_DETECTION_OF_BACTERIUM	GOBP_DETECTION_OF_BACTERIUM	Details ...	16	-0.78441656	-1.9004655	0.0	0.02948032	0.372	1780	tags=50%, list=9%, signal=55%	
GOBP_REGULATION_OF_LEUKOCYTE_DEGRANULATION	GOBP_REGULATION_OF_LEUKOCYTE_DEGRANULATION	Details ...	44	-0.6100743	-1.8917062	0.0	0.031962797	0.416	1243	tags=30%, list=6%, signal=31%	
GOBP_POSITIVE_REGULATION_OF_CD4_POSITIVE_ALPHA_BETA_T_CELL_DIFFERENTIATION	GOBP_POSITIVE_REGULATION_OF_CD4_POSITIVE_ALPHA_BETA_T_CELL_DIFFERENTIATION	Details ...	37	-0.6256717	-1.8856866	0.0	0.033057395	0.446	4298	tags=54%, list=22%, signal=69%	
GOCC_CANONICAL_INFLAMMASOME_COMPLEX	GOCC_CANONICAL_INFLAMMASOME_COMPLEX	Details ...	17	-0.7591964	-1.8708943	0.0	0.039177746	0.521	3118	tags=71%, list=16%, signal=84%	
GOBP_TOLL_LIKE_RECEPTOR_SIGNALING_PATHWAY	GOBP_TOLL_LIKE_RECEPTOR_SIGNALING_PATHWAY	Details ...	75	-0.55047673	-1.8671179	0.0	0.0394465	0.547	3647	tags=45%, list=19%, signal=56%	
GOCC_SPECIFIC_GRANULE	GOCC_SPECIFIC_GRANULE		156	-0.48484287	-1.8552998	0.0	0.045981012	0.616	2553	tags=35%, list=13%, signal=40%	
GOBP_KILLING_BY_HOST_OF_SYMBIONT_CELLS	GOBP_KILLING_BY_HOST_OF_SYMBIONT_CELLS		27	-0.672496	-1.8466446	0.0021231424	0.050079606	0.655	1391	tags=26%, list=7%, signal=28%	
GOBP_ANTIMICROBIAL_HUMORAL_IMMUNE_RESPONSE_MEDIATED_BY_ANTIMICROBIAL_PEPTIDE	GOBP_ANTIMICROBIAL_HUMORAL_IMMUNE_RESPONSE_MEDIATED_BY_ANTIMICROBIAL_PEPTIDE		99	-0.5124133	-1.839645	0.0	0.053543255	0.696	1940	tags=23%, list=10%, signal=26%	
GOBP_POSITIVE_REGULATION_OF_B_CELL_DIFFERENTIATION	GOBP_POSITIVE_REGULATION_OF_B_CELL_DIFFERENTIATION		17	-0.74775285	-1.8316228	0.0021367522	0.05788422	0.743	3147	tags=65%, list=16%, signal=77%	
GOBP_INTERLEUKIN_1_PRODUCTION	GOBP_INTERLEUKIN_1_PRODUCTION		106	-0.50109637	-1.8199401	0.0	0.06574407	0.798	2238	tags=37%, list=12%, signal=41%	
GOBP_POSITIVE_REGULATION_OF_HUMORAL_IMMUNE_RESPONSE	GOBP_POSITIVE_REGULATION_OF_HUMORAL_IMMUNE_RESPONSE		20	-0.6940562	-1.8175079	0.0	0.06597421	0.82	2689	tags=40%, list=14%, signal=46%	
GOBP_FEMALE_GENITALIA_DEVELOPMENT	GOBP_FEMALE_GENITALIA_DEVELOPMENT		18	-0.71159136	-1.790519	0.004347826	0.09418447	0.912	2288	tags=39%, list=12%, signal=44%	
GOBP_NEGATIVE_REGULATION_OF_SIGNAL_TRANSDUCTION_IN_ABSENCE_OF_LIGAND	GOBP_NEGATIVE_REGULATION_OF_SIGNAL_TRANSDUCTION_IN_ABSENCE_OF_LIGAND		33	-0.59771156	-1.7875553	0.0022123894	0.0952349	0.922	2089	tags=30%, list=11%, signal=34%	
GOBP_REGULATION_OF_LYSOSOMAL_LUMEN_PH	GOBP_REGULATION_OF_LYSOSOMAL_LUMEN_PH		31	-0.627447	-1.7861539	0.0	0.093664154	0.926	4200	tags=48%, list=22%, signal=62%	
GOBP_ANTIMICROBIAL_HUMORAL_RESPONSE	GOBP_ANTIMICROBIAL_HUMORAL_RESPONSE		137	-0.46903953	-1.7756957	0.0	0.10451986	0.955	3145	tags=29%, list=16%, signal=35%	
GOBP_REGULATION_OF_PHAGOCYTOSIS	GOBP_REGULATION_OF_PHAGOCYTOSIS		95	-0.5063271	-1.7750796	0.0	0.102085456	0.957	3619	tags=42%, list=19%, signal=51%	
GOBP_POSITIVE_REGULATION_OF_INTERLEUKIN_1_BETA_PRODUCTION	GOBP_POSITIVE_REGULATION_OF_INTERLEUKIN_1_BETA_PRODUCTION		58	-0.54160464	-1.7743977	0.0	0.09951209	0.957	2164	tags=41%, list=11%, signal=46%	
GOBP_REGULATION_OF_B_CELL_ACTIVATION	GOBP_REGULATION_OF_B_CELL_ACTIVATION		125	-0.4765353	-1.7701116	0.0	0.102380626	0.964	3738	tags=34%, list=19%, signal=42%	
GOBP_SEQUESTERING_OF_TRIGLYCERIDE	GOBP_SEQUESTERING_OF_TRIGLYCERIDE		17	-0.6924295	-1.763912	0.0063829785	0.10827787	0.976	1513	tags=41%, list=8%, signal=45%	
GOBP_REGULATION_OF_B_CELL_DIFFERENTIATION	GOBP_REGULATION_OF_B_CELL_DIFFERENTIATION		34	-0.5899442	-1.7589144	0.004415011	0.112041526	0.978	3227	tags=47%, list=17%, signal=56%	
GOBP_INNATE_IMMUNE_RESPONSE_IN_MUCOSA	GOBP_INNATE_IMMUNE_RESPONSE_IN_MUCOSA		18	-0.6931043	-1.7537661	0.0	0.11634369	0.984	807	tags=39%, list=4%, signal=41%	
GOBP_B_CELL_PROLIFERATION	GOBP_B_CELL_PROLIFERATION		103	-0.4850404	-1.7520008	0.0026809652	0.116318524	0.988	3615	tags=33%, list=19%, signal=40%	
GOBP_POSITIVE_REGULATION_OF_INTERLEUKIN_1_PRODUCTION	GOBP_POSITIVE_REGULATION_OF_INTERLEUKIN_1_PRODUCTION		69	-0.5252881	-1.7512014	0.0	0.114461035	0.988	2164	tags=36%, list=11%, signal=41%	
GOMF_PEPTIDOGLYCAN_MURALYTIC_ACTIVITY	GOMF_PEPTIDOGLYCAN_MURALYTIC_ACTIVITY		15	-0.7252499	-1.7468005	0.0042643924	0.117503494	0.991	2476	tags=27%, list=13%, signal=31%	
GOBP_NEUTROPHIL_MIGRATION	GOBP_NEUTROPHIL_MIGRATION		101	-0.48326394	-1.7457087	0.0	0.11628601	0.993	1228	tags=25%, list=6%, signal=26%	
GOBP_NEGATIVE_REGULATION_OF_INFLAMMATORY_RESPONSE_TO_ANTIGENIC_STIMULUS	GOBP_NEGATIVE_REGULATION_OF_INFLAMMATORY_RESPONSE_TO_ANTIGENIC_STIMULUS		27	-0.63460976	-1.7358449	0.0	0.1276154	0.997	2238	tags=44%, list=12%, signal=50%	
GOBP_ACUTE_INFLAMMATORY_RESPONSE_TO_ANTIGENIC_STIMULUS	GOBP_ACUTE_INFLAMMATORY_RESPONSE_TO_ANTIGENIC_STIMULUS		24	-0.63567287	-1.7358298	0.004524887	0.12457693	0.997	1790	tags=42%, list=9%, signal=46%	
GOBP_DICARBOXYLIC_ACID_CATABOLIC_PROCESS	GOBP_DICARBOXYLIC_ACID_CATABOLIC_PROCESS		17	-0.68388295	-1.7329091	0.008163265	0.12601131	0.998	1794	tags=29%, list=9%, signal=32%	
GOCC_SECRETORY_GRANULE_MEMBRANE	GOCC_SECRETORY_GRANULE_MEMBRANE		304	-0.42118183	-1.7316477	0.0	0.12496672	0.998	2388	tags=28%, list=12%, signal=31%	
GOBP_POSITIVE_REGULATION_OF_INFLAMMATORY_RESPONSE	GOBP_POSITIVE_REGULATION_OF_INFLAMMATORY_RESPONSE		138	-0.4634261	-1.7311878	0.0	0.12272018	0.998	3788	tags=42%, list=20%, signal=52%	
GOBP_LYSOSOMAL_LUMEN_ACIDIFICATION	GOBP_LYSOSOMAL_LUMEN_ACIDIFICATION		24	-0.627095	-1.7264915	0.0021834061	0.12754661	1.0	4200	tags=50%, list=22%, signal=64%	
GOBP_LYMPHOCYTE_HOMEOSTASIS	GOBP_LYMPHOCYTE_HOMEOSTASIS		74	-0.51355463	-1.7254295	0.0	0.12646882	1.0	3491	tags=39%, list=18%, signal=48%	
GOBP_LYMPHOCYTE_ACTIVATION_INVOLVED_IN_IMMUNE_RESPONSE	GOBP_LYMPHOCYTE_ACTIVATION_INVOLVED_IN_IMMUNE_RESPONSE		210	-0.43490642	-1.7248812	0.0	0.12442058	1.0	3745	tags=32%, list=19%, signal=40%	
GOBP_NEGATIVE_REGULATION_OF_LYMPHOCYTE_ACTIVATION	GOBP_NEGATIVE_REGULATION_OF_LYMPHOCYTE_ACTIVATION		156	-0.4526024	-1.7248209	0.0	0.12196667	1.0	3080	tags=35%, list=16%, signal=41%	
GOBP_RESPIRATORY_BURST	GOBP_RESPIRATORY_BURST		35	-0.580642	-1.7246661	0.0022172949	0.11981505	1.0	2325	tags=51%, list=12%, signal=58%	
GOBP_POSITIVE_REGULATION_OF_PHAGOCYTOSIS	GOBP_POSITIVE_REGULATION_OF_PHAGOCYTOSIS		69	-0.5150483	-1.724559	0.0	0.11758685	1.0	3788	tags=43%, list=20%, signal=54%	
GOBP_INTERLEUKIN_6_PRODUCTION	GOBP_INTERLEUKIN_6_PRODUCTION		144	-0.45917934	-1.7234436	0.0	0.11674368	1.0	2479	tags=32%, list=13%, signal=36%	
GOBP_IMMUNE_RESPONSE_REGULATING_CELL_SURFACE_RECEPTOR_SIGNALING_PATHWAY	GOBP_IMMUNE_RESPONSE_REGULATING_CELL_SURFACE_RECEPTOR_SIGNALING_PATHWAY		324	-0.41408092	-1.7180781	0.0	0.12244045	1.0	3703	tags=38%, list=19%, signal=46%	
GOBP_B_CELL_ACTIVATION	GOBP_B_CELL_ACTIVATION		269	-0.41861466	-1.7163247	0.0	0.122860976	1.0	3738	tags=31%, list=19%, signal=38%	
GOBP_NEUTROPHIL_CHEMOTAXIS	GOBP_NEUTROPHIL_CHEMOTAXIS		81	-0.4970992	-1.7136153	0.0	0.124165095	1.0	1128	tags=26%, list=6%, signal=27%	
GOBP_MYELOID_LEUKOCYTE_MEDIATED_IMMUNITY	GOBP_MYELOID_LEUKOCYTE_MEDIATED_IMMUNITY		105	-0.47284108	-1.7078123	0.0	0.13013542	1.0	2582	tags=33%, list=13%, signal=38%	
GOBP_REGULATION_OF_B_CELL_PROLIFERATION	GOBP_REGULATION_OF_B_CELL_PROLIFERATION		64	-0.5118914	-1.7073412	0.002469136	0.12856361	1.0	3491	tags=36%, list=18%, signal=44%	
GOBP_ACYLGLYCEROL_HOMEOSTASIS	GOBP_ACYLGLYCEROL_HOMEOSTASIS		40	-0.56034356	-1.7067941	0.006993007	0.12702952	1.0	2896	tags=35%, list=15%, signal=41%	
GOBP_NEGATIVE_REGULATION_OF_INTERLEUKIN_6_PRODUCTION	GOBP_NEGATIVE_REGULATION_OF_INTERLEUKIN_6_PRODUCTION		45	-0.5479594	-1.7062325	0.002232143	0.12554553	1.0	3700	tags=42%, list=19%, signal=52%	
GOBP_POSITIVE_REGULATION_OF_CD4_POSITIVE_ALPHA_BETA_T_CELL_ACTIVATION	GOBP_POSITIVE_REGULATION_OF_CD4_POSITIVE_ALPHA_BETA_T_CELL_ACTIVATION		47	-0.55657566	-1.6993788	0.0	0.13329728	1.0	4041	tags=51%, list=21%, signal=64%	
GOBP_LEUKOCYTE_DEGRANULATION	GOBP_LEUKOCYTE_DEGRANULATION		76	-0.4997539	-1.6984178	0.0024752475	0.13251057	1.0	1946	tags=30%, list=10%, signal=34%	
GOBP_REGULATION_OF_TOLL_LIKE_RECEPTOR_SIGNALING_PATHWAY	GOBP_REGULATION_OF_TOLL_LIKE_RECEPTOR_SIGNALING_PATHWAY		31	-0.5890337	-1.697466	0.0022988506	0.13157736	1.0	2924	tags=45%, list=15%, signal=53%	
GOBP_POSITIVE_REGULATION_OF_B_CELL_ACTIVATION	GOBP_POSITIVE_REGULATION_OF_B_CELL_ACTIVATION		81	-0.4844193	-1.6951092	0.0	0.13295302	1.0	3738	tags=35%, list=19%, signal=43%	
GOBP_NEGATIVE_REGULATION_OF_REGULATED_SECRETORY_PATHWAY	GOBP_NEGATIVE_REGULATION_OF_REGULATED_SECRETORY_PATHWAY		24	-0.6302075	-1.6948953	0.008695652	0.13107063	1.0	1198	tags=29%, list=6%, signal=31%	
GOCC_ENDOLYSOSOME	GOCC_ENDOLYSOSOME		28	-0.6013927	-1.694756	0.0042918455	0.12932399	1.0	3876	tags=46%, list=20%, signal=58%	
GOBP_PYROPTOSIS	GOBP_PYROPTOSIS		34	-0.5772822	-1.694561	0.0067114094	0.12769473	1.0	3745	tags=50%, list=19%, signal=62%	
GOBP_RESPONSE_TO_MOLECULE_OF_BACTERIAL_ORIGIN	GOBP_RESPONSE_TO_MOLECULE_OF_BACTERIAL_ORIGIN		341	-0.4123952	-1.6896485	0.0	0.1329639	1.0	3175	tags=33%, list=16%, signal=39%	
GOBP_NEGATIVE_REGULATION_OF_RESPONSE_TO_ENDOPLASMIC_RETICULUM_STRESS	GOBP_NEGATIVE_REGULATION_OF_RESPONSE_TO_ENDOPLASMIC_RETICULUM_STRESS		40	-0.55283517	-1.6877211	0.0022727272	0.13417737	1.0	3781	tags=43%, list=19%, signal=53%	
GOBP_MYD88_DEPENDENT_TOLL_LIKE_RECEPTOR_SIGNALING_PATHWAY	GOBP_MYD88_DEPENDENT_TOLL_LIKE_RECEPTOR_SIGNALING_PATHWAY		20	-0.66064554	-1.686999	0.004454343	0.13310559	1.0	3381	tags=50%, list=17%, signal=60%	
GOBP_REGULATION_OF_EXTRINSIC_APOPTOTIC_SIGNALING_PATHWAY_IN_ABSENCE_OF_LIGAND	GOBP_REGULATION_OF_EXTRINSIC_APOPTOTIC_SIGNALING_PATHWAY_IN_ABSENCE_OF_LIGAND		43	-0.5532439	-1.6868138	0.0	0.13145639	1.0	2272	tags=30%, list=12%, signal=34%	
GOBP_KERATAN_SULFATE_METABOLIC_PROCESS	GOBP_KERATAN_SULFATE_METABOLIC_PROCESS		18	-0.66853946	-1.6831766	0.006263048	0.13523915	1.0	4293	tags=44%, list=22%, signal=57%	
GOBP_POSITIVE_REGULATION_OF_B_CELL_MEDIATED_IMMUNITY	GOBP_POSITIVE_REGULATION_OF_B_CELL_MEDIATED_IMMUNITY		39	-0.5622886	-1.6812733	0.0	0.13624924	1.0	4108	tags=46%, list=21%, signal=58%	
GOBP_HYDROGEN_PEROXIDE_BIOSYNTHETIC_PROCESS	GOBP_HYDROGEN_PEROXIDE_BIOSYNTHETIC_PROCESS		16	-0.6813933	-1.680494	0.004132231	0.1354958	1.0	3133	tags=44%, list=16%, signal=52%	
GOCC_FICOLIN_1_RICH_GRANULE	GOCC_FICOLIN_1_RICH_GRANULE		181	-0.42769378	-1.6801769	0.0	0.13404253	1.0	2347	tags=22%, list=12%, signal=24%	
GOBP_ANTIGEN_RECEPTOR_MEDIATED_SIGNALING_PATHWAY	GOBP_ANTIGEN_RECEPTOR_MEDIATED_SIGNALING_PATHWAY		179	-0.43683195	-1.6794484	0.0	0.13331999	1.0	3647	tags=35%, list=19%, signal=43%	
GOBP_HYPERSENSITIVITY	GOBP_HYPERSENSITIVITY		15	-0.6771128	-1.6746888	0.006060606	0.13879141	1.0	4108	tags=80%, list=21%, signal=101%	
GOBP_DISRUPTION_OF_ANATOMICAL_STRUCTURE_IN_ANOTHER_ORGANISM	GOBP_DISRUPTION_OF_ANATOMICAL_STRUCTURE_IN_ANOTHER_ORGANISM		90	-0.47496897	-1.6737597	0.0024752475	0.13840789	1.0	3481	tags=33%, list=18%, signal=40%	
GOBP_POSITIVE_REGULATION_OF_INTERLEUKIN_6_PRODUCTION	GOBP_POSITIVE_REGULATION_OF_INTERLEUKIN_6_PRODUCTION		94	-0.46469015	-1.6730506	0.0	0.13760641	1.0	2479	tags=35%, list=13%, signal=40%	
GOBP_DETECTION_OF_EXTERNAL_BIOTIC_STIMULUS	GOBP_DETECTION_OF_EXTERNAL_BIOTIC_STIMULUS		26	-0.6034435	-1.6704782	0.010775862	0.13922264	1.0	3050	tags=50%, list=16%, signal=59%	
GOBP_B_CELL_RECEPTOR_SIGNALING_PATHWAY	GOBP_B_CELL_RECEPTOR_SIGNALING_PATHWAY		61	-0.5126243	-1.6701107	0.0	0.1380657	1.0	3847	tags=44%, list=20%, signal=55%	
GOBP_LEUKOCYTE_ACTIVATION_INVOLVED_IN_INFLAMMATORY_RESPONSE	GOBP_LEUKOCYTE_ACTIVATION_INVOLVED_IN_INFLAMMATORY_RESPONSE		48	-0.525835	-1.6674235	0.0022172949	0.14046378	1.0	4268	tags=48%, list=22%, signal=61%	
GOMF_PALMITOYLTRANSFERASE_ACTIVITY	GOMF_PALMITOYLTRANSFERASE_ACTIVITY		35	-0.5673748	-1.6670874	0.004282655	0.13933207	1.0	5140	tags=51%, list=26%, signal=70%	
GOBP_FC_GAMMA_RECEPTOR_SIGNALING_PATHWAY	GOBP_FC_GAMMA_RECEPTOR_SIGNALING_PATHWAY		33	-0.57846516	-1.6627768	0.0045351475	0.14450787	1.0	3354	tags=48%, list=17%, signal=59%	
GOBP_GAMMA_AMINOBUTYRIC_ACID_TRANSPORT	GOBP_GAMMA_AMINOBUTYRIC_ACID_TRANSPORT		20	-0.64107513	-1.6624777	0.015021459	0.14327054	1.0	2130	tags=30%, list=11%, signal=34%	
GOBP_NEGATIVE_REGULATION_OF_CELLULAR_RESPONSE_TO_INSULIN_STIMULUS	GOBP_NEGATIVE_REGULATION_OF_CELLULAR_RESPONSE_TO_INSULIN_STIMULUS		41	-0.5465827	-1.6620728	0.011764706	0.142269	1.0	3997	tags=39%, list=21%, signal=49%	
GOBP_ACTIVATION_OF_INNATE_IMMUNE_RESPONSE	GOBP_ACTIVATION_OF_INNATE_IMMUNE_RESPONSE		287	-0.40946937	-1.6620461	0.0	0.14065078	1.0	3465	tags=33%, list=18%, signal=39%	
GOBP_POSITIVE_REGULATION_OF_ACUTE_INFLAMMATORY_RESPONSE	GOBP_POSITIVE_REGULATION_OF_ACUTE_INFLAMMATORY_RESPONSE		27	-0.58999765	-1.6607308	0.009765625	0.1411001	1.0	1382	tags=33%, list=7%, signal=36%	
GOBP_SUPEROXIDE_ANION_GENERATION	GOBP_SUPEROXIDE_ANION_GENERATION		41	-0.5487226	-1.6574168	0.0	0.14469127	1.0	3147	tags=44%, list=16%, signal=52%	
GOBP_TYPE_II_INTERFERON_PRODUCTION	GOBP_TYPE_II_INTERFERON_PRODUCTION		113	-0.46262333	-1.6573334	0.0	0.14321716	1.0	2981	tags=39%, list=15%, signal=46%	
GOBP_POSITIVE_REGULATION_OF_INTERLEUKIN_10_PRODUCTION	GOBP_POSITIVE_REGULATION_OF_INTERLEUKIN_10_PRODUCTION		39	-0.540561	-1.6560496	0.011210762	0.14364198	1.0	3147	tags=41%, list=16%, signal=49%	
GOCC_ENDOPLASMIC_RETICULUM_PROTEIN_CONTAINING_COMPLEX	GOCC_ENDOPLASMIC_RETICULUM_PROTEIN_CONTAINING_COMPLEX		112	-0.45987046	-1.6559218	0.0	0.14232706	1.0	4997	tags=47%, list=26%, signal=63%	
GOBP_REGULATION_OF_MYELOID_LEUKOCYTE_MEDIATED_IMMUNITY	GOBP_REGULATION_OF_MYELOID_LEUKOCYTE_MEDIATED_IMMUNITY		55	-0.519115	-1.6532502	0.0	0.14490913	1.0	1322	tags=29%, list=7%, signal=31%	
GOBP_T_CELL_HOMEOSTASIS	GOBP_T_CELL_HOMEOSTASIS		45	-0.52725405	-1.6522933	0.0023364485	0.14504766	1.0	3197	tags=33%, list=16%, signal=40%	
GOBP_NATURAL_KILLER_CELL_DIFFERENTIATION	GOBP_NATURAL_KILLER_CELL_DIFFERENTIATION		24	-0.6107242	-1.6477411	0.006302521	0.15072174	1.0	2689	tags=33%, list=14%, signal=39%	
GOMF_HYDROLASE_ACTIVITY_HYDROLYZING_N_GLYCOSYL_COMPOUNDS	GOMF_HYDROLASE_ACTIVITY_HYDROLYZING_N_GLYCOSYL_COMPOUNDS		39	-0.5473398	-1.6477194	0.009090909	0.14915697	1.0	4210	tags=51%, list=22%, signal=65%	
GOBP_GLIAL_CELL_ACTIVATION	GOBP_GLIAL_CELL_ACTIVATION		53	-0.51068306	-1.6470145	0.0	0.14855613	1.0	4268	tags=47%, list=22%, signal=60%	
GOBP_NEGATIVE_REGULATION_OF_LEUKOCYTE_PROLIFERATION	GOBP_NEGATIVE_REGULATION_OF_LEUKOCYTE_PROLIFERATION		93	-0.46322006	-1.645768	0.008064516	0.14883544	1.0	2238	tags=37%, list=12%, signal=41%	
GOBP_TRIGLYCERIDE_CATABOLIC_PROCESS	GOBP_TRIGLYCERIDE_CATABOLIC_PROCESS		28	-0.58900446	-1.6437654	0.004524887	0.15011266	1.0	1730	tags=25%, list=9%, signal=27%	
GOBP_POSITIVE_REGULATION_OF_CYTOKINE_PRODUCTION	GOBP_POSITIVE_REGULATION_OF_CYTOKINE_PRODUCTION		473	-0.3842347	-1.6377645	0.0	0.15816002	1.0	3381	tags=33%, list=17%, signal=39%	
GOBP_REGULATION_OF_BIOLOGICAL_PROCESS_INVOLVED_IN_SYMBIOTIC_INTERACTION	GOBP_REGULATION_OF_BIOLOGICAL_PROCESS_INVOLVED_IN_SYMBIOTIC_INTERACTION		60	-0.49511883	-1.6370984	0.0023980816	0.15775019	1.0	1331	tags=23%, list=7%, signal=25%	
GOBP_NEGATIVE_REGULATION_OF_B_CELL_ACTIVATION	GOBP_NEGATIVE_REGULATION_OF_B_CELL_ACTIVATION		31	-0.5754652	-1.6350663	0.006666667	0.15933678	1.0	2238	tags=35%, list=12%, signal=40%	
GOBP_REGULATION_OF_INNATE_IMMUNE_RESPONSE	GOBP_REGULATION_OF_INNATE_IMMUNE_RESPONSE		428	-0.38902283	-1.6350466	0.0	0.15781538	1.0	3819	tags=35%, list=20%, signal=42%	
GOBP_POSITIVE_REGULATION_OF_LIPID_CATABOLIC_PROCESS	GOBP_POSITIVE_REGULATION_OF_LIPID_CATABOLIC_PROCESS		26	-0.5958094	-1.6338556	0.013667426	0.15824084	1.0	1669	tags=23%, list=9%, signal=25%	
GOBP_B_CELL_DIFFERENTIATION	GOBP_B_CELL_DIFFERENTIATION		154	-0.42940667	-1.6332717	0.0	0.15753683	1.0	3647	tags=32%, list=19%, signal=39%	
GOBP_ADAPTIVE_IMMUNE_RESPONSE	GOBP_ADAPTIVE_IMMUNE_RESPONSE		462	-0.38484055	-1.6318748	0.0	0.15827335	1.0	3745	tags=35%, list=19%, signal=42%	
GOBP_NEUTRAL_LIPID_CATABOLIC_PROCESS	GOBP_NEUTRAL_LIPID_CATABOLIC_PROCESS		38	-0.54753715	-1.6307127	0.0065645515	0.15853544	1.0	4151	tags=37%, list=21%, signal=47%	
GOBP_PROTEIN_EXIT_FROM_ENDOPLASMIC_RETICULUM	GOBP_PROTEIN_EXIT_FROM_ENDOPLASMIC_RETICULUM		43	-0.52957964	-1.6306314	0.002375297	0.15721942	1.0	5415	tags=47%, list=28%, signal=64%	
GOBP_INTERLEUKIN_12_PRODUCTION	GOBP_INTERLEUKIN_12_PRODUCTION		63	-0.49287075	-1.6283505	0.0045454544	0.15970139	1.0	3481	tags=44%, list=18%, signal=54%	
GOBP_MODULATION_BY_SYMBIONT_OF_ENTRY_INTO_HOST	GOBP_MODULATION_BY_SYMBIONT_OF_ENTRY_INTO_HOST		54	-0.5156561	-1.6274755	0.0072289156	0.15980713	1.0	1331	tags=24%, list=7%, signal=26%	
GOBP_NEUTRAL_LIPID_BIOSYNTHETIC_PROCESS	GOBP_NEUTRAL_LIPID_BIOSYNTHETIC_PROCESS		51	-0.5131309	-1.625989	0.00921659	0.16065852	1.0	4183	tags=47%, list=22%, signal=60%	
GOBP_POSITIVE_REGULATION_OF_CHEMOKINE_PRODUCTION	GOBP_POSITIVE_REGULATION_OF_CHEMOKINE_PRODUCTION		70	-0.4850219	-1.6258842	0.002283105	0.1594084	1.0	3481	tags=43%, list=18%, signal=52%	
GOMF_MAP_KINASE_KINASE_ACTIVITY	GOMF_MAP_KINASE_KINASE_ACTIVITY		15	-0.6660053	-1.6245009	0.010615711	0.16009977	1.0	2918	tags=53%, list=15%, signal=63%	
GOMF_ENDOPEPTIDASE_ACTIVATOR_ACTIVITY	GOMF_ENDOPEPTIDASE_ACTIVATOR_ACTIVITY		18	-0.64416796	-1.6232941	0.016771488	0.16070093	1.0	3969	tags=61%, list=20%, signal=77%	
GOBP_POSITIVE_REGULATION_OF_IMMUNE_EFFECTOR_PROCESS	GOBP_POSITIVE_REGULATION_OF_IMMUNE_EFFECTOR_PROCESS		251	-0.4086559	-1.6232561	0.0	0.15937324	1.0	4188	tags=38%, list=22%, signal=48%	
GOBP_POSITIVE_REGULATION_OF_REACTIVE_OXYGEN_SPECIES_BIOSYNTHETIC_PROCESS	GOBP_POSITIVE_REGULATION_OF_REACTIVE_OXYGEN_SPECIES_BIOSYNTHETIC_PROCESS		17	-0.6555855	-1.6231973	0.008421052	0.15810409	1.0	3619	tags=47%, list=19%, signal=58%	
GOBP_POSITIVE_REGULATION_OF_RESPONSE_TO_BIOTIC_STIMULUS	GOBP_POSITIVE_REGULATION_OF_RESPONSE_TO_BIOTIC_STIMULUS		379	-0.3893881	-1.6221644	0.0	0.1584608	1.0	3819	tags=35%, list=20%, signal=42%	
GOMF_IMMUNE_RECEPTOR_ACTIVITY	GOMF_IMMUNE_RECEPTOR_ACTIVITY		141	-0.43169692	-1.6190869	0.0	0.16157681	1.0	3309	tags=39%, list=17%, signal=47%	
GOBP_MYELOID_LEUKOCYTE_ACTIVATION	GOBP_MYELOID_LEUKOCYTE_ACTIVATION		231	-0.40788686	-1.6159846	0.0	0.16530469	1.0	1783	tags=26%, list=9%, signal=28%	
GOBP_CELL_KILLING	GOBP_CELL_KILLING		221	-0.4076809	-1.6146989	0.0	0.16609105	1.0	3825	tags=36%, list=20%, signal=44%	
GOBP_LEUKOCYTE_PROLIFERATION	GOBP_LEUKOCYTE_PROLIFERATION		340	-0.3870651	-1.6127291	0.0	0.16819009	1.0	2308	tags=26%, list=12%, signal=29%	
GOBP_REGULATION_OF_LEUKOCYTE_MEDIATED_IMMUNITY	GOBP_REGULATION_OF_LEUKOCYTE_MEDIATED_IMMUNITY		240	-0.39924842	-1.6118947	0.0	0.16822375	1.0	3213	tags=31%, list=17%, signal=37%	
GOBP_POSITIVE_REGULATION_OF_DEFENSE_RESPONSE	GOBP_POSITIVE_REGULATION_OF_DEFENSE_RESPONSE		476	-0.37836426	-1.6098653	0.0	0.17053202	1.0	3819	tags=34%, list=20%, signal=41%	
GOMF_SIALIC_ACID_BINDING	GOMF_SIALIC_ACID_BINDING		21	-0.6089829	-1.6087545	0.013363029	0.17094167	1.0	1282	tags=33%, list=7%, signal=36%	
GOBP_POSITIVE_REGULATION_OF_P38MAPK_CASCADE	GOBP_POSITIVE_REGULATION_OF_P38MAPK_CASCADE		27	-0.57722515	-1.6083478	0.017316017	0.1701247	1.0	2385	tags=44%, list=12%, signal=51%	
GOBP_T_CELL_ACTIVATION_INVOLVED_IN_IMMUNE_RESPONSE	GOBP_T_CELL_ACTIVATION_INVOLVED_IN_IMMUNE_RESPONSE		125	-0.43673465	-1.6069129	0.0	0.1712113	1.0	3858	tags=35%, list=20%, signal=44%	
GOBP_REGULATION_OF_ADAPTIVE_IMMUNE_RESPONSE	GOBP_REGULATION_OF_ADAPTIVE_IMMUNE_RESPONSE		203	-0.4091192	-1.6057774	0.0	0.17178696	1.0	3788	tags=38%, list=20%, signal=47%	
GOBP_CELL_ACTIVATION_INVOLVED_IN_IMMUNE_RESPONSE	GOBP_CELL_ACTIVATION_INVOLVED_IN_IMMUNE_RESPONSE		298	-0.398507	-1.6056637	0.0	0.17061302	1.0	3745	tags=34%, list=19%, signal=41%	
GOBP_DEFENSE_RESPONSE_TO_BACTERIUM	GOBP_DEFENSE_RESPONSE_TO_BACTERIUM		294	-0.39302558	-1.6050612	0.0	0.17028701	1.0	3226	tags=31%, list=17%, signal=37%	
GOBP_HUMORAL_IMMUNE_RESPONSE	GOBP_HUMORAL_IMMUNE_RESPONSE		257	-0.3923968	-1.6023064	0.0	0.17329189	1.0	2832	tags=25%, list=15%, signal=28%	
GOBP_AUTOPHAGY_OF_MITOCHONDRION	GOBP_AUTOPHAGY_OF_MITOCHONDRION		96	-0.45587382	-1.6013964	0.0026525198	0.17342673	1.0	3306	tags=34%, list=17%, signal=41%	
GOBP_GAMMA_DELTA_T_CELL_ACTIVATION	GOBP_GAMMA_DELTA_T_CELL_ACTIVATION		24	-0.59815353	-1.6011378	0.017777778	0.17257859	1.0	3314	tags=54%, list=17%, signal=65%	
GOBP_POSITIVE_REGULATION_OF_INTERLEUKIN_2_PRODUCTION	GOBP_POSITIVE_REGULATION_OF_INTERLEUKIN_2_PRODUCTION		34	-0.5470431	-1.5993453	0.004484305	0.1740068	1.0	3227	tags=44%, list=17%, signal=53%	
GOBP_LEUKOCYTE_MEDIATED_IMMUNITY	GOBP_LEUKOCYTE_MEDIATED_IMMUNITY		385	-0.3803078	-1.5982453	0.0	0.17449574	1.0	3804	tags=34%, list=20%, signal=41%	
GOBP_GRANULOCYTE_MIGRATION	GOBP_GRANULOCYTE_MIGRATION		145	-0.42527944	-1.5980676	0.0026809652	0.17348856	1.0	1638	tags=24%, list=8%, signal=26%	
GOBP_DENDRITIC_CELL_ANTIGEN_PROCESSING_AND_PRESENTATION	GOBP_DENDRITIC_CELL_ANTIGEN_PROCESSING_AND_PRESENTATION		16	-0.64903027	-1.5957752	0.0088495575	0.1760946	1.0	1463	tags=50%, list=8%, signal=54%	
GOMF_G_PROTEIN_COUPLED_CHEMOATTRACTANT_RECEPTOR_ACTIVITY	GOMF_G_PROTEIN_COUPLED_CHEMOATTRACTANT_RECEPTOR_ACTIVITY		26	-0.5824491	-1.5953691	0.015486726	0.1756035	1.0	2708	tags=35%, list=14%, signal=40%	
GOMF_S_ACYLTRANSFERASE_ACTIVITY	GOMF_S_ACYLTRANSFERASE_ACTIVITY		29	-0.56574917	-1.5946294	0.013793103	0.17569438	1.0	2227	tags=31%, list=11%, signal=35%	
GOMF_WATER_TRANSMEMBRANE_TRANSPORTER_ACTIVITY	GOMF_WATER_TRANSMEMBRANE_TRANSPORTER_ACTIVITY		18	-0.6304859	-1.5945188	0.018907564	0.1746165	1.0	1992	tags=33%, list=10%, signal=37%	
GOBP_ECTOPIC_GERM_CELL_PROGRAMMED_CELL_DEATH	GOBP_ECTOPIC_GERM_CELL_PROGRAMMED_CELL_DEATH		17	-0.63452464	-1.5939955	0.021881837	0.17422073	1.0	2605	tags=29%, list=13%, signal=34%	
GOBP_NATURAL_KILLER_CELL_ACTIVATION_INVOLVED_IN_IMMUNE_RESPONSE	GOBP_NATURAL_KILLER_CELL_ACTIVATION_INVOLVED_IN_IMMUNE_RESPONSE		34	-0.53849167	-1.5898117	0.014285714	0.17970613	1.0	3737	tags=26%, list=19%, signal=33%	
GOBP_ER_NUCLEUS_SIGNALING_PATHWAY	GOBP_ER_NUCLEUS_SIGNALING_PATHWAY		44	-0.51436573	-1.5886859	0.006849315	0.18047045	1.0	3965	tags=43%, list=20%, signal=54%	
GOBP_LEUKOCYTE_HOMEOSTASIS	GOBP_LEUKOCYTE_HOMEOSTASIS		104	-0.44300094	-1.5851038	0.0024875621	0.1852826	1.0	3491	tags=36%, list=18%, signal=43%	
GOBP_T_CELL_RECEPTOR_SIGNALING_PATHWAY	GOBP_T_CELL_RECEPTOR_SIGNALING_PATHWAY		134	-0.42440367	-1.5845686	0.0	0.18490846	1.0	3610	tags=34%, list=19%, signal=41%	
GOBP_POSITIVE_REGULATION_OF_JNK_CASCADE	GOBP_POSITIVE_REGULATION_OF_JNK_CASCADE		95	-0.44143522	-1.5827081	0.0	0.18670306	1.0	2319	tags=27%, list=12%, signal=31%	
GOBP_POSITIVE_REGULATION_OF_CANONICAL_NF_KAPPAB_SIGNAL_TRANSDUCTION	GOBP_POSITIVE_REGULATION_OF_CANONICAL_NF_KAPPAB_SIGNAL_TRANSDUCTION		209	-0.40354934	-1.5823505	0.0	0.18605289	1.0	3248	tags=29%, list=17%, signal=34%	
GOBP_POSITIVE_REGULATION_OF_ALPHA_BETA_T_CELL_DIFFERENTIATION	GOBP_POSITIVE_REGULATION_OF_ALPHA_BETA_T_CELL_DIFFERENTIATION		54	-0.48776862	-1.5809324	0.012224939	0.18713304	1.0	3997	tags=43%, list=21%, signal=53%	
GOBP_INTERLEUKIN_10_PRODUCTION	GOBP_INTERLEUKIN_10_PRODUCTION		56	-0.48320693	-1.5781788	0.004640371	0.19061968	1.0	3147	tags=39%, list=16%, signal=47%	
GOBP_REGULATION_OF_HETEROTYPIC_CELL_CELL_ADHESION	GOBP_REGULATION_OF_HETEROTYPIC_CELL_CELL_ADHESION		24	-0.59278387	-1.5769494	0.013452915	0.19146857	1.0	2669	tags=42%, list=14%, signal=48%	
GOBP_DENDRITIC_CELL_CYTOKINE_PRODUCTION	GOBP_DENDRITIC_CELL_CYTOKINE_PRODUCTION		17	-0.6355731	-1.5769447	0.021505376	0.19019745	1.0	2164	tags=29%, list=11%, signal=33%	
GOBP_POSITIVE_REGULATION_OF_PRODUCTION_OF_MOLECULAR_MEDIATOR_OF_IMMUNE_RESPONSE	GOBP_POSITIVE_REGULATION_OF_PRODUCTION_OF_MOLECULAR_MEDIATOR_OF_IMMUNE_RESPONSE		130	-0.42780083	-1.5764651	0.0	0.18973999	1.0	4160	tags=41%, list=21%, signal=52%	
GOBP_NEUTROPHIL_MEDIATED_IMMUNITY	GOBP_NEUTROPHIL_MEDIATED_IMMUNITY		36	-0.53088725	-1.5759379	0.018223235	0.18948835	1.0	2308	tags=39%, list=12%, signal=44%	
GOBP_POSITIVE_REGULATION_OF_INTERLEUKIN_17_PRODUCTION	GOBP_POSITIVE_REGULATION_OF_INTERLEUKIN_17_PRODUCTION		27	-0.56908643	-1.5755689	0.010799136	0.18891841	1.0	3299	tags=41%, list=17%, signal=49%	
GOBP_NEGATIVE_REGULATION_OF_INTERLEUKIN_12_PRODUCTION	GOBP_NEGATIVE_REGULATION_OF_INTERLEUKIN_12_PRODUCTION		18	-0.6092672	-1.5746737	0.024774775	0.18917072	1.0	2803	tags=61%, list=14%, signal=71%	
GOBP_MYELOID_DENDRITIC_CELL_ACTIVATION	GOBP_MYELOID_DENDRITIC_CELL_ACTIVATION		29	-0.5629066	-1.5739083	0.017897092	0.18939696	1.0	2238	tags=31%, list=12%, signal=35%	
GOBP_REGULATION_OF_INFLAMMATORY_RESPONSE	GOBP_REGULATION_OF_INFLAMMATORY_RESPONSE		365	-0.37452325	-1.5737365	0.0	0.18853544	1.0	3877	tags=39%, list=20%, signal=48%	
GOBP_INTERLEUKIN_17_PRODUCTION	GOBP_INTERLEUKIN_17_PRODUCTION		39	-0.5188164	-1.5727732	0.015765766	0.18908373	1.0	3481	tags=41%, list=18%, signal=50%	
GOBP_GRANULOCYTE_ACTIVATION	GOBP_GRANULOCYTE_ACTIVATION		48	-0.50352824	-1.5723616	0.006880734	0.1885615	1.0	1946	tags=40%, list=10%, signal=44%	
GOBP_PEPTIDYL_CYSTEINE_MODIFICATION	GOBP_PEPTIDYL_CYSTEINE_MODIFICATION		41	-0.51453143	-1.5701108	0.013452915	0.19124225	1.0	2308	tags=29%, list=12%, signal=33%	
GOBP_REGULATION_OF_ENDOPLASMIC_RETICULUM_STRESS_INDUCED_INTRINSIC_APOPTOTIC_SIGNALING_PATHWAY	GOBP_REGULATION_OF_ENDOPLASMIC_RETICULUM_STRESS_INDUCED_INTRINSIC_APOPTOTIC_SIGNALING_PATHWAY		29	-0.5568859	-1.5688379	0.017021276	0.19235921	1.0	3786	tags=41%, list=19%, signal=51%	
GOBP_PROTEIN_ACTIVATION_CASCADE	GOBP_PROTEIN_ACTIVATION_CASCADE		20	-0.6061524	-1.5687876	0.026143791	0.19124757	1.0	3210	tags=50%, list=17%, signal=60%	
GOBP_NEGATIVE_REGULATION_OF_B_CELL_PROLIFERATION	GOBP_NEGATIVE_REGULATION_OF_B_CELL_PROLIFERATION		16	-0.6367662	-1.5676072	0.031712472	0.19207947	1.0	2238	tags=50%, list=12%, signal=56%	
GOMF_SULFATE_TRANSMEMBRANE_TRANSPORTER_ACTIVITY	GOMF_SULFATE_TRANSMEMBRANE_TRANSPORTER_ACTIVITY		15	-0.63922155	-1.566661	0.046153847	0.19245854	1.0	2662	tags=40%, list=14%, signal=46%	
GOBP_T_CELL_MEDIATED_IMMUNITY	GOBP_T_CELL_MEDIATED_IMMUNITY		128	-0.4239866	-1.5649849	0.0055555557	0.19396177	1.0	4660	tags=48%, list=24%, signal=62%	
GOBP_BLOOD_COAGULATION_FIBRIN_CLOT_FORMATION	GOBP_BLOOD_COAGULATION_FIBRIN_CLOT_FORMATION		16	-0.64446205	-1.5648403	0.016701462	0.19300677	1.0	3210	tags=63%, list=17%, signal=75%	
GOBP_POSITIVE_REGULATION_OF_T_HELPER_CELL_DIFFERENTIATION	GOBP_POSITIVE_REGULATION_OF_T_HELPER_CELL_DIFFERENTIATION		25	-0.5710953	-1.5645999	0.017660044	0.19229655	1.0	4999	tags=52%, list=26%, signal=70%	
GOBP_ANTIBACTERIAL_HUMORAL_RESPONSE	GOBP_ANTIBACTERIAL_HUMORAL_RESPONSE		52	-0.49091136	-1.5638185	0.021028038	0.19263943	1.0	2343	tags=29%, list=12%, signal=33%	
GOBP_DETECTION_OF_BIOTIC_STIMULUS	GOBP_DETECTION_OF_BIOTIC_STIMULUS		37	-0.5324514	-1.5615463	0.022522522	0.19526988	1.0	3745	tags=49%, list=19%, signal=60%	
GOMF_CYTOKINE_RECEPTOR_ACTIVITY	GOMF_CYTOKINE_RECEPTOR_ACTIVITY		95	-0.4385047	-1.5601391	0.0	0.19653495	1.0	3057	tags=36%, list=16%, signal=42%	
GOMF_HYDROLASE_ACTIVITY_ACTING_ON_GLYCOSYL_BONDS	GOMF_HYDROLASE_ACTIVITY_ACTING_ON_GLYCOSYL_BONDS		126	-0.4152375	-1.5596068	0.0	0.19646789	1.0	3276	tags=30%, list=17%, signal=36%	
GOBP_NEUTRAL_LIPID_METABOLIC_PROCESS	GOBP_NEUTRAL_LIPID_METABOLIC_PROCESS		130	-0.42249212	-1.559165	0.0	0.19603933	1.0	4522	tags=38%, list=23%, signal=50%	
GOBP_REGULATION_OF_T_CELL_MEDIATED_IMMUNITY	GOBP_REGULATION_OF_T_CELL_MEDIATED_IMMUNITY		100	-0.4378508	-1.5583183	0.0025906735	0.19646466	1.0	3745	tags=39%, list=19%, signal=48%	
GOBP_DIOL_BIOSYNTHETIC_PROCESS	GOBP_DIOL_BIOSYNTHETIC_PROCESS		19	-0.6028745	-1.5570077	0.04255319	0.1978386	1.0	3449	tags=42%, list=18%, signal=51%	
GOBP_NEGATIVE_REGULATION_OF_INTERLEUKIN_1_PRODUCTION	GOBP_NEGATIVE_REGULATION_OF_INTERLEUKIN_1_PRODUCTION		34	-0.5404354	-1.5559669	0.026666667	0.19851033	1.0	2238	tags=47%, list=12%, signal=53%	
GOBP_GRANULOCYTE_CHEMOTAXIS	GOBP_GRANULOCYTE_CHEMOTAXIS		121	-0.4200925	-1.5550987	0.0	0.19881536	1.0	1776	tags=25%, list=9%, signal=27%	
GOBP_GLYCEROLIPID_BIOSYNTHETIC_PROCESS	GOBP_GLYCEROLIPID_BIOSYNTHETIC_PROCESS		239	-0.38771117	-1.5546695	0.0	0.19853817	1.0	3997	tags=35%, list=21%, signal=44%	
GOBP_LYMPHOCYTE_DIFFERENTIATION	GOBP_LYMPHOCYTE_DIFFERENTIATION		423	-0.3686018	-1.5539263	0.0	0.19862667	1.0	3699	tags=31%, list=19%, signal=38%	
GOBP_REGULATION_OF_LEUKOCYTE_PROLIFERATION	GOBP_REGULATION_OF_LEUKOCYTE_PROLIFERATION		256	-0.38545513	-1.5536014	0.0	0.19812618	1.0	2274	tags=27%, list=12%, signal=31%	
GOCC_AUTOPHAGOSOME_MEMBRANE	GOCC_AUTOPHAGOSOME_MEMBRANE		50	-0.4946209	-1.5535623	0.0022123894	0.19712406	1.0	3909	tags=38%, list=20%, signal=47%	
GOBP_MONOCYTE_CHEMOTACTIC_PROTEIN_1_PRODUCTION	GOBP_MONOCYTE_CHEMOTACTIC_PROTEIN_1_PRODUCTION		19	-0.59492654	-1.5534012	0.033195022	0.19627784	1.0	2164	tags=32%, list=11%, signal=36%	
GOBP_POSITIVE_REGULATION_OF_TUMOR_NECROSIS_FACTOR_SUPERFAMILY_CYTOKINE_PRODUCTION	GOBP_POSITIVE_REGULATION_OF_TUMOR_NECROSIS_FACTOR_SUPERFAMILY_CYTOKINE_PRODUCTION		106	-0.4338973	-1.5506535	0.0024875621	0.19965354	1.0	4266	tags=46%, list=22%, signal=59%	
GOMF_ARACHIDONIC_ACID_MONOOXYGENASE_ACTIVITY	GOMF_ARACHIDONIC_ACID_MONOOXYGENASE_ACTIVITY		18	-0.6237279	-1.548644	0.032822758	0.20226432	1.0	3229	tags=33%, list=17%, signal=40%	
GOBP_MYELOID_CELL_HOMEOSTASIS	GOBP_MYELOID_CELL_HOMEOSTASIS		170	-0.39852145	-1.547711	0.0	0.20268063	1.0	2582	tags=25%, list=13%, signal=29%	
GOBP_SULFATE_TRANSPORT	GOBP_SULFATE_TRANSPORT		16	-0.636428	-1.5462661	0.035564855	0.2040113	1.0	2662	tags=38%, list=14%, signal=43%	
GOBP_REGULATION_OF_RESPONSE_TO_ENDOPLASMIC_RETICULUM_STRESS	GOBP_REGULATION_OF_RESPONSE_TO_ENDOPLASMIC_RETICULUM_STRESS		77	-0.45154965	-1.5459801	0.007556675	0.20354687	1.0	4734	tags=45%, list=24%, signal=60%	
GOBP_POSITIVE_REGULATION_OF_ADAPTIVE_IMMUNE_RESPONSE	GOBP_POSITIVE_REGULATION_OF_ADAPTIVE_IMMUNE_RESPONSE		127	-0.41716412	-1.5450343	0.0	0.20400992	1.0	4188	tags=40%, list=22%, signal=51%	
GOMF_PROTEIN_TRANSPORTER_ACTIVITY	GOMF_PROTEIN_TRANSPORTER_ACTIVITY		39	-0.513097	-1.542535	0.013793103	0.20749383	1.0	4053	tags=41%, list=21%, signal=52%	
GOBP_POSITIVE_REGULATION_OF_NF_KAPPAB_TRANSCRIPTION_FACTOR_ACTIVITY	GOBP_POSITIVE_REGULATION_OF_NF_KAPPAB_TRANSCRIPTION_FACTOR_ACTIVITY		133	-0.414436	-1.5413429	0.0025316456	0.20850846	1.0	3381	tags=35%, list=17%, signal=42%	
GOBP_POST_TRANSLATIONAL_PROTEIN_TARGETING_TO_ENDOPLASMIC_RETICULUM_MEMBRANE	GOBP_POST_TRANSLATIONAL_PROTEIN_TARGETING_TO_ENDOPLASMIC_RETICULUM_MEMBRANE		15	-0.62929094	-1.5383862	0.034764826	0.21271302	1.0	4053	tags=47%, list=21%, signal=59%	
GOBP_LYMPHOCYTE_MEDIATED_IMMUNITY	GOBP_LYMPHOCYTE_MEDIATED_IMMUNITY		293	-0.3750174	-1.5373821	0.0	0.21346802	1.0	3804	tags=35%, list=20%, signal=43%	
GOBP_VIRAL_RNA_GENOME_REPLICATION	GOBP_VIRAL_RNA_GENOME_REPLICATION		27	-0.5467309	-1.537199	0.029748283	0.21266158	1.0	1542	tags=22%, list=8%, signal=24%	
GOMF_AROMATASE_ACTIVITY	GOMF_AROMATASE_ACTIVITY		26	-0.54992265	-1.5370815	0.017621145	0.21174912	1.0	838	tags=23%, list=4%, signal=24%	
GOBP_TOLL_LIKE_RECEPTOR_2_SIGNALING_PATHWAY	GOBP_TOLL_LIKE_RECEPTOR_2_SIGNALING_PATHWAY		17	-0.62547326	-1.5363512	0.020501139	0.21198724	1.0	3587	tags=59%, list=18%, signal=72%	
GOBP_INTERLEUKIN_2_PRODUCTION	GOBP_INTERLEUKIN_2_PRODUCTION		63	-0.46578637	-1.5363196	0.012345679	0.21092594	1.0	4310	tags=46%, list=22%, signal=59%	
GOBP_EYE_PHOTORECEPTOR_CELL_DEVELOPMENT	GOBP_EYE_PHOTORECEPTOR_CELL_DEVELOPMENT		35	-0.5262207	-1.5346467	0.016018307	0.21282834	1.0	2036	tags=26%, list=10%, signal=29%	
GOBP_REGULATION_OF_IMMUNE_EFFECTOR_PROCESS	GOBP_REGULATION_OF_IMMUNE_EFFECTOR_PROCESS		379	-0.3702564	-1.5343366	0.0	0.21234939	1.0	3213	tags=31%, list=17%, signal=36%	
GOBP_REGULATION_OF_LYMPHOCYTE_MEDIATED_IMMUNITY	GOBP_REGULATION_OF_LYMPHOCYTE_MEDIATED_IMMUNITY		182	-0.39792055	-1.5341009	0.0	0.211674	1.0	3804	tags=37%, list=20%, signal=45%	
GOCC_AUTOPHAGOSOME	GOCC_AUTOPHAGOSOME		108	-0.4266552	-1.533423	0.0025	0.21198575	1.0	3496	tags=35%, list=18%, signal=43%	
GOBP_ENDOPLASMIC_RETICULUM_TO_CYTOSOL_TRANSPORT	GOBP_ENDOPLASMIC_RETICULUM_TO_CYTOSOL_TRANSPORT		24	-0.5725381	-1.5333285	0.053333335	0.2110996	1.0	4699	tags=54%, list=24%, signal=71%	
GOBP_LEUKOCYTE_MEDIATED_CYTOTOXICITY	GOBP_LEUKOCYTE_MEDIATED_CYTOTOXICITY		140	-0.41017154	-1.5329099	0.0025125628	0.2107898	1.0	3221	tags=33%, list=17%, signal=39%	
GOBP_REGULATION_OF_P38MAPK_CASCADE	GOBP_REGULATION_OF_P38MAPK_CASCADE		41	-0.5002279	-1.5324425	0.027027028	0.21058601	1.0	2575	tags=34%, list=13%, signal=39%	
GOBP_SIGNAL_TRANSDUCTION_IN_ABSENCE_OF_LIGAND	GOBP_SIGNAL_TRANSDUCTION_IN_ABSENCE_OF_LIGAND		66	-0.45380867	-1.5324152	0.0051020407	0.20957978	1.0	2288	tags=26%, list=12%, signal=29%	
GOBP_MYELOID_LEUKOCYTE_MIGRATION	GOBP_MYELOID_LEUKOCYTE_MIGRATION		223	-0.3831433	-1.5320885	0.0	0.20915227	1.0	1783	tags=22%, list=9%, signal=24%	
GOBP_REGULATION_OF_PHOSPHOLIPID_TRANSPORT	GOBP_REGULATION_OF_PHOSPHOLIPID_TRANSPORT		15	-0.63176584	-1.5295591	0.04077253	0.21281806	1.0	2072	tags=33%, list=11%, signal=37%	
GOBP_POSITIVE_REGULATION_OF_INTERLEUKIN_12_PRODUCTION	GOBP_POSITIVE_REGULATION_OF_INTERLEUKIN_12_PRODUCTION		43	-0.49534804	-1.5291126	0.01173709	0.21264073	1.0	3481	tags=42%, list=18%, signal=51%	
GOCC_MLL1_2_COMPLEX	GOCC_MLL1_2_COMPLEX		31	-0.5344126	-1.5271453	0.01091703	0.21495642	1.0	3415	tags=35%, list=18%, signal=43%	
GOCC_PHAGOPHORE_ASSEMBLY_SITE_MEMBRANE	GOCC_PHAGOPHORE_ASSEMBLY_SITE_MEMBRANE		21	-0.5834	-1.5257341	0.025917927	0.21665055	1.0	2522	tags=33%, list=13%, signal=38%	
GOBP_PHAGOCYTOSIS	GOBP_PHAGOCYTOSIS		231	-0.3796933	-1.5236712	0.0	0.21935965	1.0	3481	tags=33%, list=18%, signal=40%	
GOMF_ACYLGLYCEROL_O_ACYLTRANSFERASE_ACTIVITY	GOMF_ACYLGLYCEROL_O_ACYLTRANSFERASE_ACTIVITY		29	-0.5524252	-1.5235121	0.02838428	0.21855596	1.0	3897	tags=48%, list=20%, signal=60%	
GOBP_NEGATIVE_REGULATION_OF_EXOCYTOSIS	GOBP_NEGATIVE_REGULATION_OF_EXOCYTOSIS		34	-0.51732296	-1.5222495	0.022624435	0.21966644	1.0	1198	tags=21%, list=6%, signal=22%	
GOBP_PRODUCTION_OF_MOLECULAR_MEDIATOR_OF_IMMUNE_RESPONSE	GOBP_PRODUCTION_OF_MOLECULAR_MEDIATOR_OF_IMMUNE_RESPONSE		217	-0.3831787	-1.5212215	0.0	0.2204656	1.0	2981	tags=29%, list=15%, signal=34%	
GOBP_DEFENSE_RESPONSE_TO_GRAM_POSITIVE_BACTERIUM	GOBP_DEFENSE_RESPONSE_TO_GRAM_POSITIVE_BACTERIUM		108	-0.4195166	-1.5197881	0.0046620048	0.22198834	1.0	3218	tags=35%, list=17%, signal=42%	
GOBP_POSITIVE_REGULATION_OF_T_CELL_RECEPTOR_SIGNALING_PATHWAY	GOBP_POSITIVE_REGULATION_OF_T_CELL_RECEPTOR_SIGNALING_PATHWAY		18	-0.58476794	-1.5192436	0.03930131	0.22195521	1.0	3847	tags=50%, list=20%, signal=62%	
GOCC_T_CELL_RECEPTOR_COMPLEX	GOCC_T_CELL_RECEPTOR_COMPLEX		17	-0.618697	-1.5184903	0.03292181	0.22223444	1.0	3195	tags=59%, list=16%, signal=70%	
GOBP_LYMPH_NODE_DEVELOPMENT	GOBP_LYMPH_NODE_DEVELOPMENT		18	-0.59688675	-1.5177852	0.03526971	0.22253324	1.0	5883	tags=61%, list=30%, signal=88%	
GOBP_POSITIVE_REGULATION_OF_B_CELL_PROLIFERATION	GOBP_POSITIVE_REGULATION_OF_B_CELL_PROLIFERATION		45	-0.49459466	-1.5143775	0.028350515	0.22784714	1.0	1587	tags=22%, list=8%, signal=24%	
GOCC_EXORIBONUCLEASE_COMPLEX	GOCC_EXORIBONUCLEASE_COMPLEX		24	-0.56162673	-1.5123892	0.037117902	0.2305622	1.0	5337	tags=54%, list=27%, signal=75%	
GOBP_ALPHA_BETA_T_CELL_DIFFERENTIATION	GOBP_ALPHA_BETA_T_CELL_DIFFERENTIATION		125	-0.41255334	-1.5120069	0.0	0.23009801	1.0	4047	tags=42%, list=21%, signal=52%	
GOBP_IMMUNOGLOBULIN_PRODUCTION	GOBP_IMMUNOGLOBULIN_PRODUCTION		101	-0.42908764	-1.5115082	0.007518797	0.23002869	1.0	4944	tags=39%, list=25%, signal=52%	
GOBP_REGULATION_OF_ACUTE_INFLAMMATORY_RESPONSE	GOBP_REGULATION_OF_ACUTE_INFLAMMATORY_RESPONSE		45	-0.4963938	-1.5108056	0.028639618	0.23018663	1.0	1884	tags=36%, list=10%, signal=39%	
GOBP_TUMOR_NECROSIS_FACTOR_SUPERFAMILY_CYTOKINE_PRODUCTION	GOBP_TUMOR_NECROSIS_FACTOR_SUPERFAMILY_CYTOKINE_PRODUCTION		166	-0.39781734	-1.5102141	0.0	0.23032393	1.0	4266	tags=42%, list=22%, signal=54%	
GOBP_NEGATIVE_REGULATION_OF_CELL_ACTIVATION	GOBP_NEGATIVE_REGULATION_OF_CELL_ACTIVATION		200	-0.38030943	-1.5085646	0.0	0.23242036	1.0	2911	tags=32%, list=15%, signal=37%	
GOBP_REGULATION_OF_CD4_POSITIVE_ALPHA_BETA_T_CELL_ACTIVATION	GOBP_REGULATION_OF_CD4_POSITIVE_ALPHA_BETA_T_CELL_ACTIVATION		78	-0.4355836	-1.5070095	0.005076142	0.2343222	1.0	4041	tags=47%, list=21%, signal=60%	
GOBP_CHEMOKINE_PRODUCTION	GOBP_CHEMOKINE_PRODUCTION		93	-0.43072057	-1.5061195	0.0026455026	0.23489664	1.0	2238	tags=29%, list=12%, signal=33%	
GOBP_CANONICAL_NF_KAPPAB_SIGNAL_TRANSDUCTION	GOBP_CANONICAL_NF_KAPPAB_SIGNAL_TRANSDUCTION		296	-0.37006116	-1.5053787	0.0	0.23518267	1.0	3522	tags=29%, list=18%, signal=35%	
GOBP_WATER_TRANSPORT	GOBP_WATER_TRANSPORT		27	-0.5371511	-1.504654	0.0247191	0.23563212	1.0	1992	tags=33%, list=10%, signal=37%	
GOBP_GLUCOSAMINE_CONTAINING_COMPOUND_METABOLIC_PROCESS	GOBP_GLUCOSAMINE_CONTAINING_COMPOUND_METABOLIC_PROCESS		23	-0.56872916	-1.5043744	0.04185022	0.23517813	1.0	1615	tags=30%, list=8%, signal=33%	
GOMF_C_C_CHEMOKINE_BINDING	GOMF_C_C_CHEMOKINE_BINDING		24	-0.5592293	-1.5040213	0.02783726	0.23481949	1.0	407	tags=21%, list=2%, signal=21%	
GOMF_MISFOLDED_PROTEIN_BINDING	GOMF_MISFOLDED_PROTEIN_BINDING		16	-0.6122965	-1.5039139	0.029017856	0.23396218	1.0	2359	tags=38%, list=12%, signal=43%	
GOBP_REGULATION_OF_REGULATED_SECRETORY_PATHWAY	GOBP_REGULATION_OF_REGULATED_SECRETORY_PATHWAY		113	-0.4146009	-1.5037347	0.008219178	0.23333532	1.0	2008	tags=21%, list=10%, signal=24%	
GOBP_LEUKOTRIENE_METABOLIC_PROCESS	GOBP_LEUKOTRIENE_METABOLIC_PROCESS		30	-0.53073984	-1.5035142	0.024390243	0.23281276	1.0	3767	tags=33%, list=19%, signal=41%	
GOBP_REGULATION_OF_GRANULOCYTE_DIFFERENTIATION	GOBP_REGULATION_OF_GRANULOCYTE_DIFFERENTIATION		15	-0.6256616	-1.5018293	0.038383838	0.23520187	1.0	3230	tags=47%, list=17%, signal=56%	
GOBP_ERYTHROSE_4_PHOSPHATE_PHOSPHOENOLPYRUVATE_FAMILY_AMINO_ACID_METABOLIC_PROCESS	GOBP_ERYTHROSE_4_PHOSPHATE_PHOSPHOENOLPYRUVATE_FAMILY_AMINO_ACID_METABOLIC_PROCESS		18	-0.58833563	-1.5017399	0.029288704	0.23442082	1.0	1613	tags=28%, list=8%, signal=30%	
GOBP_TRIGLYCERIDE_METABOLIC_PROCESS	GOBP_TRIGLYCERIDE_METABOLIC_PROCESS		101	-0.4205728	-1.5016224	0.007352941	0.23357478	1.0	3965	tags=35%, list=20%, signal=43%	
GOBP_REGULATION_OF_PRODUCTION_OF_MOLECULAR_MEDIATOR_OF_IMMUNE_RESPONSE	GOBP_REGULATION_OF_PRODUCTION_OF_MOLECULAR_MEDIATOR_OF_IMMUNE_RESPONSE		182	-0.3848675	-1.5002695	0.0	0.23506391	1.0	2981	tags=31%, list=15%, signal=37%	
GOBP_REGULATION_OF_IMMUNOGLOBULIN_PRODUCTION	GOBP_REGULATION_OF_IMMUNOGLOBULIN_PRODUCTION		71	-0.44183183	-1.4987272	0.00982801	0.23695871	1.0	2689	tags=25%, list=14%, signal=29%	
GOBP_P38MAPK_CASCADE	GOBP_P38MAPK_CASCADE		53	-0.4680312	-1.4981376	0.017114915	0.23711681	1.0	2918	tags=32%, list=15%, signal=38%	
GOBP_DEFENSE_RESPONSE_TO_VIRUS	GOBP_DEFENSE_RESPONSE_TO_VIRUS		295	-0.36751837	-1.497567	0.0	0.23713727	1.0	4719	tags=38%, list=24%, signal=49%	
GOMF_PROTEIN_HORMONE_RECEPTOR_ACTIVITY	GOMF_PROTEIN_HORMONE_RECEPTOR_ACTIVITY		20	-0.57787424	-1.4955138	0.037694015	0.24016324	1.0	1431	tags=25%, list=7%, signal=27%	
GOBP_NEGATIVE_REGULATION_OF_T_CELL_PROLIFERATION	GOBP_NEGATIVE_REGULATION_OF_T_CELL_PROLIFERATION		69	-0.44145474	-1.4942938	0.017857144	0.24147874	1.0	2238	tags=36%, list=12%, signal=41%	
GOBP_RESPONSE_TO_STEROL_DEPLETION	GOBP_RESPONSE_TO_STEROL_DEPLETION		15	-0.6270472	-1.4937402	0.033826638	0.24145767	1.0	3965	tags=60%, list=20%, signal=75%	
GOBP_MYELOID_DENDRITIC_CELL_DIFFERENTIATION	GOBP_MYELOID_DENDRITIC_CELL_DIFFERENTIATION		20	-0.5704144	-1.4899157	0.04255319	0.24795943	1.0	776	tags=20%, list=4%, signal=21%	
GOBP_N_ACETYLGLUCOSAMINE_METABOLIC_PROCESS	GOBP_N_ACETYLGLUCOSAMINE_METABOLIC_PROCESS		17	-0.5924271	-1.487603	0.04329897	0.25152335	1.0	1615	tags=35%, list=8%, signal=38%	
GOBP_CD4_POSITIVE_ALPHA_BETA_T_CELL_DIFFERENTIATION	GOBP_CD4_POSITIVE_ALPHA_BETA_T_CELL_DIFFERENTIATION		95	-0.42294034	-1.4871644	0.0050125313	0.25153527	1.0	4047	tags=43%, list=21%, signal=54%	
GOBP_POSITIVE_REGULATION_OF_ANTIGEN_RECEPTOR_MEDIATED_SIGNALING_PATHWAY	GOBP_POSITIVE_REGULATION_OF_ANTIGEN_RECEPTOR_MEDIATED_SIGNALING_PATHWAY		26	-0.5290028	-1.4867096	0.04185022	0.25145367	1.0	3227	tags=46%, list=17%, signal=55%	
GOBP_B_CELL_APOPTOTIC_PROCESS	GOBP_B_CELL_APOPTOTIC_PROCESS		25	-0.5482126	-1.4848181	0.04535637	0.25399077	1.0	3850	tags=40%, list=20%, signal=50%	
GOMF_CHEMOKINE_ACTIVITY	GOMF_CHEMOKINE_ACTIVITY		46	-0.47032192	-1.4845496	0.010504202	0.25345573	1.0	1329	tags=24%, list=7%, signal=26%	
GOBP_I_KAPPAB_PHOSPHORYLATION	GOBP_I_KAPPAB_PHOSPHORYLATION		15	-0.61443776	-1.4830508	0.047826085	0.2554213	1.0	1903	tags=33%, list=10%, signal=37%	
GOBP_POSITIVE_REGULATION_OF_JUN_KINASE_ACTIVITY	GOBP_POSITIVE_REGULATION_OF_JUN_KINASE_ACTIVITY		26	-0.5327507	-1.4827874	0.03941909	0.25490776	1.0	4940	tags=54%, list=25%, signal=72%	
GOBP_LEUKOCYTE_CHEMOTAXIS	GOBP_LEUKOCYTE_CHEMOTAXIS		224	-0.37093762	-1.482653	0.0031948881	0.25417152	1.0	1783	tags=23%, list=9%, signal=25%	
GOCC_ORGANELLE_MEMBRANE_CONTACT_SITE	GOCC_ORGANELLE_MEMBRANE_CONTACT_SITE		45	-0.47738612	-1.4817141	0.014888338	0.25514272	1.0	2099	tags=27%, list=11%, signal=30%	
GOMF_PEPTIDOGLYCAN_BINDING	GOMF_PEPTIDOGLYCAN_BINDING		18	-0.5936215	-1.4802667	0.04185022	0.25693196	1.0	3745	tags=39%, list=19%, signal=48%	
GOBP_PEPTIDYL_L_CYSTEINE_S_PALMITOYLATION	GOBP_PEPTIDYL_L_CYSTEINE_S_PALMITOYLATION		22	-0.55289584	-1.4801271	0.047722343	0.25624928	1.0	2227	tags=32%, list=11%, signal=36%	
GOBP_GENITALIA_DEVELOPMENT	GOBP_GENITALIA_DEVELOPMENT		44	-0.48480925	-1.4781535	0.021321962	0.2591696	1.0	3047	tags=27%, list=16%, signal=32%	
GOCC_LATE_ENDOSOME_MEMBRANE	GOCC_LATE_ENDOSOME_MEMBRANE		160	-0.38580236	-1.477825	0.0056338026	0.25874135	1.0	3733	tags=34%, list=19%, signal=42%	
GOBP_T_CELL_DIFFERENTIATION	GOBP_T_CELL_DIFFERENTIATION		303	-0.36180004	-1.4776907	0.0	0.25804847	1.0	4047	tags=35%, list=21%, signal=43%	
GOBP_BIOLOGICAL_PROCESS_INVOLVED_IN_SYMBIOTIC_INTERACTION	GOBP_BIOLOGICAL_PROCESS_INVOLVED_IN_SYMBIOTIC_INTERACTION		298	-0.36344427	-1.4769582	0.0	0.2586873	1.0	3314	tags=26%, list=17%, signal=31%	
GOBP_NEURONAL_ACTION_POTENTIAL	GOBP_NEURONAL_ACTION_POTENTIAL		31	-0.50546616	-1.476383	0.026490066	0.25883588	1.0	1795	tags=16%, list=9%, signal=18%	
GOBP_TRIGLYCERIDE_BIOSYNTHETIC_PROCESS	GOBP_TRIGLYCERIDE_BIOSYNTHETIC_PROCESS		41	-0.48510468	-1.4751234	0.02494331	0.26033038	1.0	4183	tags=44%, list=22%, signal=56%	
GOMF_PEPTIDE_RECEPTOR_ACTIVITY	GOMF_PEPTIDE_RECEPTOR_ACTIVITY		128	-0.39769858	-1.473306	0.008797654	0.26297247	1.0	1542	tags=15%, list=8%, signal=16%	
GOBP_EYE_PHOTORECEPTOR_CELL_DIFFERENTIATION	GOBP_EYE_PHOTORECEPTOR_CELL_DIFFERENTIATION		48	-0.467696	-1.4730377	0.031746034	0.2624873	1.0	2036	tags=23%, list=10%, signal=26%	
GOBP_T_CELL_PROLIFERATION	GOBP_T_CELL_PROLIFERATION		204	-0.3767326	-1.4702736	0.0	0.26714498	1.0	2274	tags=28%, list=12%, signal=31%	
GOBP_PHOSPHATIDYLINOSITOL_BIOSYNTHETIC_PROCESS	GOBP_PHOSPHATIDYLINOSITOL_BIOSYNTHETIC_PROCESS		123	-0.403196	-1.4702104	0.008426966	0.26625243	1.0	3081	tags=29%, list=16%, signal=35%	
GOCC_TERTIARY_GRANULE_LUMEN	GOCC_TERTIARY_GRANULE_LUMEN		53	-0.46656963	-1.468611	0.03073286	0.2684667	1.0	2476	tags=32%, list=13%, signal=37%	
GOBP_POSITIVE_REGULATION_OF_NON_CANONICAL_NF_KAPPAB_SIGNAL_TRANSDUCTION	GOBP_POSITIVE_REGULATION_OF_NON_CANONICAL_NF_KAPPAB_SIGNAL_TRANSDUCTION		62	-0.45778427	-1.468085	0.012285012	0.26859424	1.0	5009	tags=47%, list=26%, signal=63%	
GOBP_NEGATIVE_REGULATION_OF_LEUKOCYTE_MEDIATED_IMMUNITY	GOBP_NEGATIVE_REGULATION_OF_LEUKOCYTE_MEDIATED_IMMUNITY		68	-0.43562117	-1.4669259	0.023696683	0.26982442	1.0	2689	tags=34%, list=14%, signal=39%	
GOBP_ERYTHROCYTE_HOMEOSTASIS	GOBP_ERYTHROCYTE_HOMEOSTASIS		139	-0.39257318	-1.4654129	0.0027322404	0.2719837	1.0	1557	tags=20%, list=8%, signal=22%	
GOBP_LOW_DENSITY_LIPOPROTEIN_PARTICLE_CLEARANCE	GOBP_LOW_DENSITY_LIPOPROTEIN_PARTICLE_CLEARANCE		27	-0.52994746	-1.4653667	0.05	0.2710201	1.0	3656	tags=48%, list=19%, signal=59%	
GOBP_PROTEIN_INSERTION_INTO_ER_MEMBRANE	GOBP_PROTEIN_INSERTION_INTO_ER_MEMBRANE		26	-0.5188636	-1.4646281	0.057007127	0.2715322	1.0	4913	tags=50%, list=25%, signal=67%	
GOBP_LATE_ENDOSOME_TO_LYSOSOME_TRANSPORT	GOBP_LATE_ENDOSOME_TO_LYSOSOME_TRANSPORT		21	-0.5565402	-1.4638786	0.04989154	0.2720697	1.0	4373	tags=52%, list=23%, signal=68%	
GOMF_MAP_KINASE_KINASE_KINASE_ACTIVITY	GOMF_MAP_KINASE_KINASE_KINASE_ACTIVITY		24	-0.5312064	-1.4635981	0.04978355	0.27159214	1.0	2812	tags=38%, list=14%, signal=44%	
GOBP_NONRIBOSOMAL_PEPTIDE_BIOSYNTHETIC_PROCESS	GOBP_NONRIBOSOMAL_PEPTIDE_BIOSYNTHETIC_PROCESS		18	-0.59407455	-1.4632211	0.054298643	0.27135697	1.0	3334	tags=33%, list=17%, signal=40%	
GOBP_REGULATION_OF_PATTERN_RECOGNITION_RECEPTOR_SIGNALING_PATHWAY	GOBP_REGULATION_OF_PATTERN_RECOGNITION_RECEPTOR_SIGNALING_PATHWAY		157	-0.38887787	-1.4631672	0.0060975607	0.27046975	1.0	4430	tags=38%, list=23%, signal=49%	
GOMF_MHC_CLASS_I_PROTEIN_BINDING	GOMF_MHC_CLASS_I_PROTEIN_BINDING		16	-0.58961457	-1.4626648	0.07249467	0.27036437	1.0	5451	tags=69%, list=28%, signal=95%	
GOMF_HEPARAN_SULFATE_PROTEOGLYCAN_BINDING	GOMF_HEPARAN_SULFATE_PROTEOGLYCAN_BINDING		18	-0.5646069	-1.4618509	0.051835854	0.27104348	1.0	4522	tags=44%, list=23%, signal=58%	
GOBP_T_CELL_DIFFERENTIATION_INVOLVED_IN_IMMUNE_RESPONSE	GOBP_T_CELL_DIFFERENTIATION_INVOLVED_IN_IMMUNE_RESPONSE		85	-0.42009932	-1.4610857	0.013477089	0.27168354	1.0	3858	tags=39%, list=20%, signal=48%	
GOBP_REGULATION_OF_ALPHA_BETA_T_CELL_DIFFERENTIATION	GOBP_REGULATION_OF_ALPHA_BETA_T_CELL_DIFFERENTIATION		74	-0.42677677	-1.4605436	0.015345269	0.27176228	1.0	3997	tags=43%, list=21%, signal=54%	
GOBP_SINGLE_STRANDED_VIRAL_RNA_REPLICATION_VIA_DOUBLE_STRANDED_DNA_INTERMEDIATE	GOBP_SINGLE_STRANDED_VIRAL_RNA_REPLICATION_VIA_DOUBLE_STRANDED_DNA_INTERMEDIATE		18	-0.59090227	-1.4591402	0.056962024	0.27361375	1.0	1542	tags=28%, list=8%, signal=30%	
GOBP_NEGATIVE_REGULATION_OF_INTERLEUKIN_1_BETA_PRODUCTION	GOBP_NEGATIVE_REGULATION_OF_INTERLEUKIN_1_BETA_PRODUCTION		28	-0.51517767	-1.458954	0.035789475	0.27300736	1.0	2072	tags=43%, list=11%, signal=48%	
GOBP_MODULATION_BY_HOST_OF_VIRAL_GENOME_REPLICATION	GOBP_MODULATION_BY_HOST_OF_VIRAL_GENOME_REPLICATION		22	-0.5557072	-1.4577975	0.04418605	0.27440295	1.0	5540	tags=59%, list=29%, signal=83%	
GOBP_POSITIVE_REGULATION_OF_CYTOKINE_PRODUCTION_INVOLVED_IN_IMMUNE_RESPONSE	GOBP_POSITIVE_REGULATION_OF_CYTOKINE_PRODUCTION_INVOLVED_IN_IMMUNE_RESPONSE		80	-0.4240111	-1.4570059	0.01724138	0.27510795	1.0	4160	tags=46%, list=21%, signal=59%	
GOBP_REGULATION_OF_CD4_POSITIVE_ALPHA_BETA_T_CELL_DIFFERENTIATION	GOBP_REGULATION_OF_CD4_POSITIVE_ALPHA_BETA_T_CELL_DIFFERENTIATION		57	-0.45295063	-1.4560996	0.01459854	0.27586284	1.0	3997	tags=47%, list=21%, signal=59%	
GOBP_CD4_POSITIVE_ALPHA_BETA_T_CELL_ACTIVATION	GOBP_CD4_POSITIVE_ALPHA_BETA_T_CELL_ACTIVATION		120	-0.40092948	-1.4558231	0.0077720205	0.27555758	1.0	4047	tags=43%, list=21%, signal=53%	
GOBP_RESPONSE_TO_MITOCHONDRIAL_DEPOLARISATION	GOBP_RESPONSE_TO_MITOCHONDRIAL_DEPOLARISATION		18	-0.5792843	-1.4557743	0.043659043	0.27470464	1.0	2222	tags=28%, list=11%, signal=31%	
GOBP_T_CELL_CYTOKINE_PRODUCTION	GOBP_T_CELL_CYTOKINE_PRODUCTION		37	-0.48915225	-1.4554125	0.042035397	0.2744391	1.0	3990	tags=46%, list=21%, signal=58%	
GOBP_POSITIVE_REGULATION_OF_LEUKOCYTE_MEDIATED_IMMUNITY	GOBP_POSITIVE_REGULATION_OF_LEUKOCYTE_MEDIATED_IMMUNITY		145	-0.38955376	-1.455393	0.0029325513	0.27350143	1.0	3804	tags=34%, list=20%, signal=42%	
GOBP_REGULATION_OF_T_CELL_PROLIFERATION	GOBP_REGULATION_OF_T_CELL_PROLIFERATION		171	-0.381202	-1.4551204	0.0	0.27315694	1.0	2274	tags=30%, list=12%, signal=33%	
GOBP_FC_RECEPTOR_MEDIATED_STIMULATORY_SIGNALING_PATHWAY	GOBP_FC_RECEPTOR_MEDIATED_STIMULATORY_SIGNALING_PATHWAY		31	-0.50316495	-1.4545125	0.05	0.27343845	1.0	3430	tags=42%, list=18%, signal=51%	
GOBP_CYTOKINE_PRODUCTION_INVOLVED_IN_IMMUNE_RESPONSE	GOBP_CYTOKINE_PRODUCTION_INVOLVED_IN_IMMUNE_RESPONSE		120	-0.39614624	-1.4540172	0.0053619305	0.27358472	1.0	2981	tags=36%, list=15%, signal=42%	
GOBP_POSITIVE_REGULATION_OF_T_HELPER_1_TYPE_IMMUNE_RESPONSE	GOBP_POSITIVE_REGULATION_OF_T_HELPER_1_TYPE_IMMUNE_RESPONSE		18	-0.5704071	-1.4523919	0.061269145	0.27581656	1.0	3699	tags=56%, list=19%, signal=69%	
GOMF_CARD_DOMAIN_BINDING	GOMF_CARD_DOMAIN_BINDING		15	-0.6097914	-1.4508072	0.05856833	0.27800983	1.0	3227	tags=53%, list=17%, signal=64%	
GOBP_SYMBIONT_ENTRY_INTO_HOST	GOBP_SYMBIONT_ENTRY_INTO_HOST		159	-0.38433707	-1.4496312	0.005524862	0.27960017	1.0	2934	tags=28%, list=15%, signal=33%	
GOBP_CELLULAR_RESPONSE_TO_EXTERNAL_STIMULUS	GOBP_CELLULAR_RESPONSE_TO_EXTERNAL_STIMULUS		74	-0.42483035	-1.4489783	0.017326733	0.27996823	1.0	3267	tags=42%, list=17%, signal=50%	
GOMF_LIPASE_ACTIVATOR_ACTIVITY	GOMF_LIPASE_ACTIVATOR_ACTIVITY		21	-0.5503433	-1.4479045	0.048625793	0.28129286	1.0	1690	tags=24%, list=9%, signal=26%	
GOBP_POSITIVE_REGULATION_OF_MYELOID_LEUKOCYTE_MEDIATED_IMMUNITY	GOBP_POSITIVE_REGULATION_OF_MYELOID_LEUKOCYTE_MEDIATED_IMMUNITY		20	-0.5645564	-1.4466165	0.058064517	0.2830667	1.0	1985	tags=30%, list=10%, signal=33%	
GOMF_SEMAPHORIN_RECEPTOR_BINDING	GOMF_SEMAPHORIN_RECEPTOR_BINDING		23	-0.54112375	-1.4465923	0.043841336	0.28215984	1.0	1368	tags=30%, list=7%, signal=33%	
GOMF_CYSTEINE_TYPE_ENDOPEPTIDASE_REGULATOR_ACTIVITY_INVOLVED_IN_APOPTOTIC_PROCESS	GOMF_CYSTEINE_TYPE_ENDOPEPTIDASE_REGULATOR_ACTIVITY_INVOLVED_IN_APOPTOTIC_PROCESS		41	-0.4666477	-1.445771	0.026845638	0.2829279	1.0	3100	tags=37%, list=16%, signal=43%	
GOMF_NADPLUS_NUCLEOTIDASE_CYCLIC_ADP_RIBOSE_GENERATING	GOMF_NADPLUS_NUCLEOTIDASE_CYCLIC_ADP_RIBOSE_GENERATING		16	-0.58172345	-1.4441471	0.06681035	0.2853305	1.0	3587	tags=75%, list=18%, signal=92%	
GOBP_GLYCEROLIPID_CATABOLIC_PROCESS	GOBP_GLYCEROLIPID_CATABOLIC_PROCESS		63	-0.43506727	-1.4438083	0.023923445	0.28508076	1.0	4323	tags=40%, list=22%, signal=51%	
GOBP_POSITIVE_REGULATION_OF_LYMPHOCYTE_DIFFERENTIATION	GOBP_POSITIVE_REGULATION_OF_LYMPHOCYTE_DIFFERENTIATION		131	-0.38381	-1.4421206	0.0	0.28762966	1.0	3858	tags=33%, list=20%, signal=41%	
GOCC_AUTOLYSOSOME	GOCC_AUTOLYSOSOME		15	-0.59868735	-1.4419826	0.057569295	0.28699282	1.0	3282	tags=40%, list=17%, signal=48%	
GOBP_POSITIVE_REGULATION_OF_TRIGLYCERIDE_METABOLIC_PROCESS	GOBP_POSITIVE_REGULATION_OF_TRIGLYCERIDE_METABOLIC_PROCESS		21	-0.5479219	-1.4410896	0.04661017	0.28783712	1.0	5315	tags=62%, list=27%, signal=85%	
GOBP_GLUCOSE_6_PHOSPHATE_METABOLIC_PROCESS	GOBP_GLUCOSE_6_PHOSPHATE_METABOLIC_PROCESS		27	-0.5109007	-1.4406879	0.057815846	0.2876602	1.0	2885	tags=41%, list=15%, signal=48%	
GOBP_MONOCYTE_CHEMOTAXIS	GOBP_MONOCYTE_CHEMOTAXIS		50	-0.45803237	-1.4390932	0.03587444	0.28999192	1.0	2721	tags=30%, list=14%, signal=35%	
GOCC_PHAGOCYTIC_CUP	GOCC_PHAGOCYTIC_CUP		27	-0.51905394	-1.437206	0.05970149	0.29302004	1.0	2240	tags=37%, list=12%, signal=42%	
GOBP_REGULATION_OF_EXOCYTOSIS	GOBP_REGULATION_OF_EXOCYTOSIS		166	-0.37876487	-1.4354391	0.0027100272	0.29604363	1.0	2008	tags=19%, list=10%, signal=21%	
GOBP_LEUKOCYTE_MIGRATION	GOBP_LEUKOCYTE_MIGRATION		376	-0.3442962	-1.4352498	0.0	0.2954702	1.0	1790	tags=20%, list=9%, signal=22%	
GOBP_NEGATIVE_REGULATION_OF_LEUKOCYTE_CELL_CELL_ADHESION	GOBP_NEGATIVE_REGULATION_OF_LEUKOCYTE_CELL_CELL_ADHESION		133	-0.38287866	-1.4352058	0.013297873	0.29466346	1.0	3080	tags=32%, list=16%, signal=38%	
GOBP_REGULATION_OF_SUPEROXIDE_METABOLIC_PROCESS	GOBP_REGULATION_OF_SUPEROXIDE_METABOLIC_PROCESS		27	-0.5196555	-1.4348316	0.056306306	0.29454017	1.0	3147	tags=37%, list=16%, signal=44%	
GOBP_ALPHA_BETA_T_CELL_ACTIVATION	GOBP_ALPHA_BETA_T_CELL_ACTIVATION		177	-0.37186417	-1.4348297	0.0062305294	0.293587	1.0	4108	tags=42%, list=21%, signal=53%	
GOBP_ASTROCYTE_ACTIVATION	GOBP_ASTROCYTE_ACTIVATION		23	-0.5338388	-1.4336116	0.0518018	0.295235	1.0	4531	tags=57%, list=23%, signal=74%	
GOBP_NEGATIVE_REGULATION_OF_TOLL_LIKE_RECEPTOR_SIGNALING_PATHWAY	GOBP_NEGATIVE_REGULATION_OF_TOLL_LIKE_RECEPTOR_SIGNALING_PATHWAY		19	-0.5511059	-1.4332021	0.06431536	0.2951453	1.0	2149	tags=32%, list=11%, signal=35%	
GOBP_INTRINSIC_APOPTOTIC_SIGNALING_PATHWAY_IN_RESPONSE_TO_ENDOPLASMIC_RETICULUM_STRESS	GOBP_INTRINSIC_APOPTOTIC_SIGNALING_PATHWAY_IN_RESPONSE_TO_ENDOPLASMIC_RETICULUM_STRESS		59	-0.444669	-1.432637	0.025510205	0.29552904	1.0	3786	tags=39%, list=19%, signal=48%	
GOBP_REGULATION_OF_LYMPHOCYTE_ACTIVATION	GOBP_REGULATION_OF_LYMPHOCYTE_ACTIVATION		483	-0.3360742	-1.4314886	0.0	0.2970167	1.0	3227	tags=28%, list=17%, signal=32%	
GOBP_REACTIVE_OXYGEN_SPECIES_BIOSYNTHETIC_PROCESS	GOBP_REACTIVE_OXYGEN_SPECIES_BIOSYNTHETIC_PROCESS		51	-0.4486079	-1.4307462	0.023809524	0.2975929	1.0	3768	tags=35%, list=19%, signal=44%	
GOCC_NADPH_OXIDASE_COMPLEX	GOCC_NADPH_OXIDASE_COMPLEX		18	-0.56771827	-1.4304882	0.056277055	0.29711923	1.0	2325	tags=44%, list=12%, signal=50%	
GOBP_AROMATIC_AMINO_ACID_METABOLIC_PROCESS	GOBP_AROMATIC_AMINO_ACID_METABOLIC_PROCESS		32	-0.48670286	-1.4303676	0.057446808	0.29645896	1.0	1613	tags=22%, list=8%, signal=24%	
GOBP_REGULATION_OF_LYMPHOCYTE_DIFFERENTIATION	GOBP_REGULATION_OF_LYMPHOCYTE_DIFFERENTIATION		208	-0.3612029	-1.4302596	0.003144654	0.29574963	1.0	3858	tags=32%, list=20%, signal=40%	
GOBP_REGULATION_OF_LOW_DENSITY_LIPOPROTEIN_PARTICLE_CLEARANCE	GOBP_REGULATION_OF_LOW_DENSITY_LIPOPROTEIN_PARTICLE_CLEARANCE		15	-0.5837136	-1.4300843	0.07098121	0.29521808	1.0	3656	tags=47%, list=19%, signal=57%	
GOBP_BIOLOGICAL_PROCESS_INVOLVED_IN_INTERACTION_WITH_HOST	GOBP_BIOLOGICAL_PROCESS_INVOLVED_IN_INTERACTION_WITH_HOST		194	-0.36288178	-1.4293128	0.0031055901	0.2958903	1.0	3314	tags=28%, list=17%, signal=33%	
GOBP_ADAPTIVE_IMMUNE_RESPONSE_BASED_ON_SOMATIC_RECOMBINATION_OF_IMMUNE_RECEPTORS_BUILT_FROM_IMMUNOGLOBULIN_SUPERFAMILY_DOMAINS	GOBP_ADAPTIVE_IMMUNE_RESPONSE_BASED_ON_SOMATIC_RECOMBINATION_OF_IMMUNE_RECEPTORS_BUILT_FROM_IMMUNOGLOBULIN_SUPERFAMILY_DOMAINS		304	-0.34827805	-1.429129	0.0	0.29534194	1.0	2981	tags=28%, list=15%, signal=33%	
GOBP_GLYCOLYTIC_PROCESS_THROUGH_FRUCTOSE_6_PHOSPHATE	GOBP_GLYCOLYTIC_PROCESS_THROUGH_FRUCTOSE_6_PHOSPHATE		24	-0.5289547	-1.4290495	0.083333336	0.2945704	1.0	754	tags=17%, list=4%, signal=17%	
GOBP_REGULATION_OF_ANTIGEN_PROCESSING_AND_PRESENTATION	GOBP_REGULATION_OF_ANTIGEN_PROCESSING_AND_PRESENTATION		20	-0.5508062	-1.428969	0.06263499	0.293791	1.0	1699	tags=35%, list=9%, signal=38%	
GOBP_LEUKOCYTE_APOPTOTIC_PROCESS	GOBP_LEUKOCYTE_APOPTOTIC_PROCESS		112	-0.38908175	-1.4279739	0.010752688	0.294932	1.0	3197	tags=33%, list=16%, signal=39%	
GOBP_NADPH_REGENERATION	GOBP_NADPH_REGENERATION		22	-0.51674473	-1.4242686	0.045454547	0.30180848	1.0	2663	tags=36%, list=14%, signal=42%	
GOBP_ORGANELLE_DISASSEMBLY	GOBP_ORGANELLE_DISASSEMBLY		161	-0.37550685	-1.4223585	0.008645534	0.3050541	1.0	3001	tags=27%, list=15%, signal=32%	
GOCC_CELL_TRAILING_EDGE	GOCC_CELL_TRAILING_EDGE		15	-0.58264714	-1.4215014	0.0720339	0.30609047	1.0	1790	tags=47%, list=9%, signal=51%	
GOBP_CHEMOKINE_C_X_C_MOTIF_LIGAND_2_PRODUCTION	GOBP_CHEMOKINE_C_X_C_MOTIF_LIGAND_2_PRODUCTION		18	-0.5672143	-1.4210483	0.08385744	0.30614266	1.0	1420	tags=28%, list=7%, signal=30%	
GOBP_NEGATIVE_REGULATION_OF_PROTEASOMAL_PROTEIN_CATABOLIC_PROCESS	GOBP_NEGATIVE_REGULATION_OF_PROTEASOMAL_PROTEIN_CATABOLIC_PROCESS		49	-0.44227013	-1.4202734	0.023255814	0.30679443	1.0	6130	tags=45%, list=32%, signal=65%	
GOBP_POSTSYNAPTIC_NEUROTRANSMITTER_RECEPTOR_INTERNALIZATION	GOBP_POSTSYNAPTIC_NEUROTRANSMITTER_RECEPTOR_INTERNALIZATION		27	-0.511634	-1.4202667	0.056179777	0.30588087	1.0	5794	tags=63%, list=30%, signal=90%	
GOBP_SERTOLI_CELL_DIFFERENTIATION	GOBP_SERTOLI_CELL_DIFFERENTIATION		21	-0.52526414	-1.4200168	0.059633028	0.30553633	1.0	3194	tags=33%, list=16%, signal=40%	
GOBP_LYMPHOCYTE_APOPTOTIC_PROCESS	GOBP_LYMPHOCYTE_APOPTOTIC_PROCESS		79	-0.41941413	-1.419166	0.030690538	0.30652228	1.0	4234	tags=43%, list=22%, signal=55%	
GOBP_REGULATION_OF_TRIGLYCERIDE_METABOLIC_PROCESS	GOBP_REGULATION_OF_TRIGLYCERIDE_METABOLIC_PROCESS		42	-0.4554791	-1.4187037	0.044289045	0.30657786	1.0	3869	tags=40%, list=20%, signal=50%	
GOBP_POLYOL_BIOSYNTHETIC_PROCESS	GOBP_POLYOL_BIOSYNTHETIC_PROCESS		57	-0.43649006	-1.418409	0.023809524	0.30635858	1.0	3449	tags=33%, list=18%, signal=40%	
GOCC_PROTON_TRANSPORTING_TWO_SECTOR_ATPASE_COMPLEX	GOCC_PROTON_TRANSPORTING_TWO_SECTOR_ATPASE_COMPLEX		28	-0.5098748	-1.4179457	0.051764704	0.30644223	1.0	4307	tags=46%, list=22%, signal=60%	
GOBP_REGULATION_OF_LIPOPROTEIN_PARTICLE_CLEARANCE	GOBP_REGULATION_OF_LIPOPROTEIN_PARTICLE_CLEARANCE		21	-0.5344381	-1.4176229	0.07096774	0.30623952	1.0	3869	tags=48%, list=20%, signal=59%	
GOBP_TETRAPYRROLE_BIOSYNTHETIC_PROCESS	GOBP_TETRAPYRROLE_BIOSYNTHETIC_PROCESS		31	-0.4989102	-1.4169692	0.0523918	0.3066846	1.0	2698	tags=32%, list=14%, signal=37%	
GOMF_NEUTRAL_L_AMINO_ACID_TRANSMEMBRANE_TRANSPORTER_ACTIVITY	GOMF_NEUTRAL_L_AMINO_ACID_TRANSMEMBRANE_TRANSPORTER_ACTIVITY		42	-0.46300742	-1.416942	0.051886793	0.30585483	1.0	1861	tags=26%, list=10%, signal=29%	
GOBP_LIPOPROTEIN_BIOSYNTHETIC_PROCESS	GOBP_LIPOPROTEIN_BIOSYNTHETIC_PROCESS		93	-0.40316445	-1.416069	0.0053908355	0.30681124	1.0	3206	tags=29%, list=17%, signal=35%	
GOBP_NEGATIVE_REGULATION_OF_ALPHA_BETA_T_CELL_PROLIFERATION	GOBP_NEGATIVE_REGULATION_OF_ALPHA_BETA_T_CELL_PROLIFERATION		15	-0.581661	-1.4159482	0.07910751	0.3061356	1.0	2172	tags=53%, list=11%, signal=60%	
GOBP_CYTOPLASMIC_PATTERN_RECOGNITION_RECEPTOR_SIGNALING_PATHWAY	GOBP_CYTOPLASMIC_PATTERN_RECOGNITION_RECEPTOR_SIGNALING_PATHWAY		159	-0.37458798	-1.4159155	0.0027173914	0.305305	1.0	3381	tags=27%, list=17%, signal=32%	
GOBP_NEUTROPHIL_ACTIVATION_INVOLVED_IN_IMMUNE_RESPONSE	GOBP_NEUTROPHIL_ACTIVATION_INVOLVED_IN_IMMUNE_RESPONSE		21	-0.53713554	-1.415183	0.0867679	0.30590978	1.0	1946	tags=43%, list=10%, signal=48%	
GOCC_TRIGLYCERIDE_RICH_PLASMA_LIPOPROTEIN_PARTICLE	GOCC_TRIGLYCERIDE_RICH_PLASMA_LIPOPROTEIN_PARTICLE		19	-0.5629693	-1.4148608	0.07249467	0.305661	1.0	2072	tags=26%, list=11%, signal=29%	
GOBP_SUPEROXIDE_METABOLIC_PROCESS	GOBP_SUPEROXIDE_METABOLIC_PROCESS		68	-0.42283636	-1.4148034	0.032663316	0.30487302	1.0	3147	tags=32%, list=16%, signal=38%	
GOBP_BICARBONATE_TRANSPORT	GOBP_BICARBONATE_TRANSPORT		36	-0.486319	-1.4147074	0.039719626	0.30421886	1.0	2641	tags=31%, list=14%, signal=35%	
GOBP_REGULATION_OF_INSULIN_RECEPTOR_SIGNALING_PATHWAY	GOBP_REGULATION_OF_INSULIN_RECEPTOR_SIGNALING_PATHWAY		66	-0.41909015	-1.4145857	0.030588236	0.30355933	1.0	3781	tags=38%, list=19%, signal=47%	
GOMF_1_PHOSPHATIDYLINOSITOL_BINDING	GOMF_1_PHOSPHATIDYLINOSITOL_BINDING		15	-0.5900587	-1.4138917	0.06365503	0.30409208	1.0	3370	tags=40%, list=17%, signal=48%	
GOBP_REGULATION_OF_SUPEROXIDE_ANION_GENERATION	GOBP_REGULATION_OF_SUPEROXIDE_ANION_GENERATION		20	-0.55771464	-1.4137443	0.06437768	0.30348414	1.0	3147	tags=40%, list=16%, signal=48%	
GOBP_POSITIVE_REGULATION_OF_STEROID_METABOLIC_PROCESS	GOBP_POSITIVE_REGULATION_OF_STEROID_METABOLIC_PROCESS		25	-0.51293343	-1.412957	0.052742615	0.30425996	1.0	2494	tags=44%, list=13%, signal=50%	
GOBP_MAST_CELL_ACTIVATION	GOBP_MAST_CELL_ACTIVATION		68	-0.41906366	-1.4126261	0.026634382	0.30400956	1.0	1433	tags=24%, list=7%, signal=25%	
GOBP_NEGATIVE_REGULATION_OF_CARBOHYDRATE_METABOLIC_PROCESS	GOBP_NEGATIVE_REGULATION_OF_CARBOHYDRATE_METABOLIC_PROCESS		47	-0.45682016	-1.4123995	0.038724374	0.30366874	1.0	3768	tags=38%, list=19%, signal=47%	
GOBP_HEMOGLOBIN_METABOLIC_PROCESS	GOBP_HEMOGLOBIN_METABOLIC_PROCESS		18	-0.55899376	-1.4118999	0.09677419	0.3037856	1.0	2400	tags=39%, list=12%, signal=44%	
GOBP_DENDRITIC_CELL_DIFFERENTIATION	GOBP_DENDRITIC_CELL_DIFFERENTIATION		46	-0.45222938	-1.4114586	0.04491726	0.30382958	1.0	1536	tags=24%, list=8%, signal=26%	
GOBP_LYTIC_VACUOLE_ORGANIZATION	GOBP_LYTIC_VACUOLE_ORGANIZATION		104	-0.3937915	-1.4107143	0.010781671	0.3045573	1.0	4438	tags=38%, list=23%, signal=50%	
GOBP_REGULATION_OF_MICROGLIAL_CELL_ACTIVATION	GOBP_REGULATION_OF_MICROGLIAL_CELL_ACTIVATION		17	-0.5700637	-1.4097972	0.08179959	0.30570993	1.0	3732	tags=53%, list=19%, signal=65%	
GOMF_INTERLEUKIN_1_RECEPTOR_BINDING	GOMF_INTERLEUKIN_1_RECEPTOR_BINDING		17	-0.5633671	-1.4094657	0.07268722	0.30551225	1.0	3023	tags=47%, list=16%, signal=56%	
GOCC_HISTONE_METHYLTRANSFERASE_COMPLEX	GOCC_HISTONE_METHYLTRANSFERASE_COMPLEX		67	-0.4231046	-1.4085127	0.031862747	0.30674598	1.0	3805	tags=31%, list=20%, signal=39%	
GOCC_AXONEMAL_DYNEIN_COMPLEX	GOCC_AXONEMAL_DYNEIN_COMPLEX		17	-0.559613	-1.4078066	0.07905983	0.30744478	1.0	2768	tags=35%, list=14%, signal=41%	
GOBP_POSITIVE_REGULATION_OF_VIRAL_LIFE_CYCLE	GOBP_POSITIVE_REGULATION_OF_VIRAL_LIFE_CYCLE		24	-0.5270681	-1.4077171	0.075431034	0.30678868	1.0	1198	tags=17%, list=6%, signal=18%	
GOBP_IMMUNOLOGICAL_MEMORY_PROCESS	GOBP_IMMUNOLOGICAL_MEMORY_PROCESS		19	-0.552641	-1.4076571	0.075664625	0.3060932	1.0	3602	tags=42%, list=19%, signal=52%	
GOCC_TRANSCRIPTION_ELONGATION_FACTOR_COMPLEX	GOCC_TRANSCRIPTION_ELONGATION_FACTOR_COMPLEX		45	-0.45254266	-1.4071121	0.05386417	0.30642864	1.0	3641	tags=38%, list=19%, signal=46%	
GOBP_NEGATIVE_REGULATION_OF_FATTY_ACID_BIOSYNTHETIC_PROCESS	GOBP_NEGATIVE_REGULATION_OF_FATTY_ACID_BIOSYNTHETIC_PROCESS		18	-0.56247556	-1.4068547	0.0987395	0.30612373	1.0	3965	tags=50%, list=20%, signal=63%	
GOCC_SPERM_MIDPIECE	GOCC_SPERM_MIDPIECE		50	-0.44552106	-1.4052397	0.0518018	0.30863488	1.0	2761	tags=24%, list=14%, signal=28%	
GOBP_PURINERGIC_NUCLEOTIDE_RECEPTOR_SIGNALING_PATHWAY	GOBP_PURINERGIC_NUCLEOTIDE_RECEPTOR_SIGNALING_PATHWAY		28	-0.5081397	-1.4042823	0.062084258	0.3097994	1.0	3106	tags=36%, list=16%, signal=42%	
GOMF_TUMOR_NECROSIS_FACTOR_RECEPTOR_BINDING	GOMF_TUMOR_NECROSIS_FACTOR_RECEPTOR_BINDING		30	-0.49151266	-1.4029559	0.05620609	0.31188115	1.0	3602	tags=40%, list=19%, signal=49%	
GOBP_NEGATIVE_REGULATION_OF_ENDOPLASMIC_RETICULUM_STRESS_INDUCED_INTRINSIC_APOPTOTIC_SIGNALING_PATHWAY	GOBP_NEGATIVE_REGULATION_OF_ENDOPLASMIC_RETICULUM_STRESS_INDUCED_INTRINSIC_APOPTOTIC_SIGNALING_PATHWAY		17	-0.56010336	-1.4020536	0.081196584	0.3130688	1.0	3683	tags=41%, list=19%, signal=51%	
GOBP_POSITIVE_REGULATION_OF_CELL_ACTIVATION	GOBP_POSITIVE_REGULATION_OF_CELL_ACTIVATION		359	-0.33458218	-1.4018655	0.0	0.31253162	1.0	3858	tags=34%, list=20%, signal=41%	
GOBP_MACROPHAGE_ACTIVATION	GOBP_MACROPHAGE_ACTIVATION		103	-0.3911957	-1.4012285	0.020253165	0.31301165	1.0	4268	tags=43%, list=22%, signal=54%	
GOBP_MONONUCLEAR_CELL_MIGRATION	GOBP_MONONUCLEAR_CELL_MIGRATION		210	-0.3548178	-1.4010003	0.005988024	0.31266838	1.0	1913	tags=21%, list=10%, signal=24%	
GOBP_MONOACYLGLYCEROL_METABOLIC_PROCESS	GOBP_MONOACYLGLYCEROL_METABOLIC_PROCESS		16	-0.56616414	-1.4004487	0.081932776	0.31301123	1.0	5097	tags=44%, list=26%, signal=59%	
GOCC_EXTERNAL_SIDE_OF_PLASMA_MEMBRANE	GOCC_EXTERNAL_SIDE_OF_PLASMA_MEMBRANE		382	-0.33450267	-1.4003565	0.0	0.31237847	1.0	3213	tags=31%, list=17%, signal=36%	
GOBP_REGULATION_OF_B_CELL_MEDIATED_IMMUNITY	GOBP_REGULATION_OF_B_CELL_MEDIATED_IMMUNITY		57	-0.43397892	-1.4002928	0.038004752	0.3117068	1.0	4108	tags=40%, list=21%, signal=51%	
GOMF_ACYLTRANSFERASE_ACTIVITY_TRANSFERRING_GROUPS_OTHER_THAN_AMINO_ACYL_GROUPS	GOMF_ACYLTRANSFERASE_ACTIVITY_TRANSFERRING_GROUPS_OTHER_THAN_AMINO_ACYL_GROUPS		209	-0.3558401	-1.4002504	0.0030864198	0.3109719	1.0	4329	tags=29%, list=22%, signal=37%	
GOBP_PROTEIN_PALMITOYLATION	GOBP_PROTEIN_PALMITOYLATION		30	-0.49099335	-1.3996499	0.088552915	0.31142554	1.0	2227	tags=27%, list=11%, signal=30%	
GOBP_ORGAN_OR_TISSUE_SPECIFIC_IMMUNE_RESPONSE	GOBP_ORGAN_OR_TISSUE_SPECIFIC_IMMUNE_RESPONSE		32	-0.4852764	-1.3991225	0.042600896	0.31177267	1.0	2251	tags=34%, list=12%, signal=39%	
GOBP_REGULATION_OF_CELL_MATURATION	GOBP_REGULATION_OF_CELL_MATURATION		20	-0.5484638	-1.3989484	0.09172259	0.31131777	1.0	2164	tags=35%, list=11%, signal=39%	
GOBP_HOMEOSTASIS_OF_NUMBER_OF_CELLS	GOBP_HOMEOSTASIS_OF_NUMBER_OF_CELLS		309	-0.34053898	-1.398511	0.0	0.31140587	1.0	2582	tags=23%, list=13%, signal=26%	
GOBP_POSITIVE_REGULATION_OF_MACROAUTOPHAGY	GOBP_POSITIVE_REGULATION_OF_MACROAUTOPHAGY		80	-0.40803456	-1.3970708	0.030612245	0.31356105	1.0	2562	tags=28%, list=13%, signal=32%	
GOBP_REGULATION_OF_PROTEIN_EXIT_FROM_ENDOPLASMIC_RETICULUM	GOBP_REGULATION_OF_PROTEIN_EXIT_FROM_ENDOPLASMIC_RETICULUM		24	-0.5100667	-1.396635	0.07918552	0.31367782	1.0	5415	tags=46%, list=28%, signal=63%	
GOBP_REGULATION_OF_MEMBRANE_LIPID_METABOLIC_PROCESS	GOBP_REGULATION_OF_MEMBRANE_LIPID_METABOLIC_PROCESS		16	-0.5667192	-1.3960041	0.08351178	0.31420904	1.0	3299	tags=38%, list=17%, signal=45%	
GOBP_TETRAPYRROLE_METABOLIC_PROCESS	GOBP_TETRAPYRROLE_METABOLIC_PROCESS		58	-0.42410508	-1.3958911	0.035714287	0.31364468	1.0	2698	tags=24%, list=14%, signal=28%	
GOBP_POSITIVE_REGULATION_OF_CYTOKINE_PRODUCTION_INVOLVED_IN_INFLAMMATORY_RESPONSE	GOBP_POSITIVE_REGULATION_OF_CYTOKINE_PRODUCTION_INVOLVED_IN_INFLAMMATORY_RESPONSE		26	-0.49758464	-1.3958535	0.07368421	0.31290066	1.0	1553	tags=42%, list=8%, signal=46%	
GOMF_MYOSIN_V_BINDING	GOMF_MYOSIN_V_BINDING		17	-0.55385244	-1.3954623	0.08264463	0.31287286	1.0	3941	tags=35%, list=20%, signal=44%	
GOMF_GLUTAMATE_RECEPTOR_BINDING	GOMF_GLUTAMATE_RECEPTOR_BINDING		43	-0.44692516	-1.3953805	0.054502368	0.31225884	1.0	1983	tags=19%, list=10%, signal=21%	
GOBP_NEGATIVE_REGULATION_OF_NUCLEOTIDE_METABOLIC_PROCESS	GOBP_NEGATIVE_REGULATION_OF_NUCLEOTIDE_METABOLIC_PROCESS		26	-0.5084003	-1.3952239	0.06487696	0.31182122	1.0	3109	tags=31%, list=16%, signal=37%	
GOMF_CYTOKINE_ACTIVITY	GOMF_CYTOKINE_ACTIVITY		227	-0.34758767	-1.3942343	0.0	0.31312323	1.0	2865	tags=28%, list=15%, signal=32%	
GOBP_PHOSPHOLIPID_BIOSYNTHETIC_PROCESS	GOBP_PHOSPHOLIPID_BIOSYNTHETIC_PROCESS		239	-0.35223052	-1.3934796	0.003125	0.31392682	1.0	3081	tags=27%, list=16%, signal=32%	
GOBP_NEGATIVE_REGULATION_OF_LYMPHOCYTE_DIFFERENTIATION	GOBP_NEGATIVE_REGULATION_OF_LYMPHOCYTE_DIFFERENTIATION		53	-0.4330643	-1.393417	0.04784689	0.31323877	1.0	3080	tags=32%, list=16%, signal=38%	
GOBP_REGULATION_OF_ALPHA_BETA_T_CELL_ACTIVATION	GOBP_REGULATION_OF_ALPHA_BETA_T_CELL_ACTIVATION		113	-0.38339952	-1.392706	0.029411765	0.31397358	1.0	3481	tags=40%, list=18%, signal=48%	
GOMF_TRIGLYCERIDE_LIPASE_ACTIVITY	GOMF_TRIGLYCERIDE_LIPASE_ACTIVITY		25	-0.51759565	-1.3921161	0.07188161	0.31435063	1.0	2688	tags=24%, list=14%, signal=28%	
GOMF_SNRNA_BINDING	GOMF_SNRNA_BINDING		47	-0.453153	-1.3917625	0.033707865	0.31433806	1.0	3596	tags=34%, list=19%, signal=42%	
GOBP_PORPHYRIN_CONTAINING_COMPOUND_METABOLIC_PROCESS	GOBP_PORPHYRIN_CONTAINING_COMPOUND_METABOLIC_PROCESS		49	-0.4411754	-1.39095	0.06117647	0.31532454	1.0	2698	tags=27%, list=14%, signal=31%	
GOCC_SYNAPTIC_VESICLE_MEMBRANE	GOCC_SYNAPTIC_VESICLE_MEMBRANE		130	-0.37919864	-1.3901272	0.01690141	0.31627384	1.0	4307	tags=31%, list=22%, signal=39%	
GOMF_BICARBONATE_TRANSMEMBRANE_TRANSPORTER_ACTIVITY	GOMF_BICARBONATE_TRANSMEMBRANE_TRANSPORTER_ACTIVITY		31	-0.47235125	-1.3893464	0.06306306	0.31724623	1.0	4004	tags=39%, list=21%, signal=49%	
GOBP_CERAMIDE_METABOLIC_PROCESS	GOBP_CERAMIDE_METABOLIC_PROCESS		101	-0.3850386	-1.3889034	0.025839793	0.3172769	1.0	3449	tags=34%, list=18%, signal=41%	
GOBP_NEGATIVE_ADAPTATION_OF_SIGNALING_PATHWAY	GOBP_NEGATIVE_ADAPTATION_OF_SIGNALING_PATHWAY		18	-0.54760164	-1.3880057	0.07399577	0.3185246	1.0	2006	tags=28%, list=10%, signal=31%	
GOBP_ONE_CARBON_METABOLIC_PROCESS	GOBP_ONE_CARBON_METABOLIC_PROCESS		37	-0.4666909	-1.3876003	0.062084258	0.31854388	1.0	1748	tags=19%, list=9%, signal=21%	
GOBP_TAXIS	GOBP_TAXIS		441	-0.32679218	-1.3868984	0.0	0.31919986	1.0	1790	tags=19%, list=9%, signal=21%	
GOBP_INTERLEUKIN_8_PRODUCTION	GOBP_INTERLEUKIN_8_PRODUCTION		80	-0.39915535	-1.3863324	0.024271844	0.31971568	1.0	3147	tags=33%, list=16%, signal=39%	
GOBP_PYRIMIDINE_NUCLEOTIDE_CATABOLIC_PROCESS	GOBP_PYRIMIDINE_NUCLEOTIDE_CATABOLIC_PROCESS		21	-0.5262969	-1.3846766	0.07610994	0.3224407	1.0	4030	tags=43%, list=21%, signal=54%	
GOBP_NEUROINFLAMMATORY_RESPONSE	GOBP_NEUROINFLAMMATORY_RESPONSE		76	-0.40544036	-1.3839881	0.02538071	0.32309026	1.0	4268	tags=45%, list=22%, signal=57%	
GOMF_CARBONATE_DEHYDRATASE_ACTIVITY	GOMF_CARBONATE_DEHYDRATASE_ACTIVITY		15	-0.56726986	-1.3837627	0.09090909	0.32279736	1.0	1748	tags=33%, list=9%, signal=37%	
GOBP_NEGATIVE_REGULATION_OF_VIRAL_ENTRY_INTO_HOST_CELL	GOBP_NEGATIVE_REGULATION_OF_VIRAL_ENTRY_INTO_HOST_CELL		22	-0.5179505	-1.3835242	0.07789474	0.32241872	1.0	2501	tags=36%, list=13%, signal=42%	
GOBP_RESPONSE_TO_NICOTINE	GOBP_RESPONSE_TO_NICOTINE		48	-0.4418462	-1.3833337	0.06127451	0.32206196	1.0	2039	tags=19%, list=10%, signal=21%	
GOBP_DEMETHYLATION	GOBP_DEMETHYLATION		37	-0.46469948	-1.3821954	0.06349207	0.32372847	1.0	1169	tags=16%, list=6%, signal=17%	
GOMF_SIGNALING_RECEPTOR_INHIBITOR_ACTIVITY	GOMF_SIGNALING_RECEPTOR_INHIBITOR_ACTIVITY		28	-0.48912078	-1.3818887	0.07446808	0.32362652	1.0	2760	tags=36%, list=14%, signal=42%	
GOMF_CHEMOKINE_RECEPTOR_BINDING	GOMF_CHEMOKINE_RECEPTOR_BINDING		64	-0.41681692	-1.3818597	0.041284405	0.3228806	1.0	1329	tags=19%, list=7%, signal=20%	
GOMF_O_ACYLTRANSFERASE_ACTIVITY	GOMF_O_ACYLTRANSFERASE_ACTIVITY		52	-0.43502107	-1.3818077	0.045	0.32220748	1.0	3897	tags=35%, list=20%, signal=43%	
GOBP_POSITIVE_REGULATION_OF_INTERLEUKIN_8_PRODUCTION	GOBP_POSITIVE_REGULATION_OF_INTERLEUKIN_8_PRODUCTION		61	-0.4250957	-1.381365	0.023980815	0.3223925	1.0	2517	tags=30%, list=13%, signal=34%	
GOMF_5_3_EXONUCLEASE_ACTIVITY	GOMF_5_3_EXONUCLEASE_ACTIVITY		17	-0.5547335	-1.377091	0.093023255	0.33107486	1.0	5460	tags=59%, list=28%, signal=82%	
GOBP_ALANINE_TRANSPORT	GOBP_ALANINE_TRANSPORT		18	-0.53704566	-1.3767359	0.10373444	0.3310343	1.0	1611	tags=33%, list=8%, signal=36%	
GOCC_VACUOLAR_MEMBRANE	GOCC_VACUOLAR_MEMBRANE		454	-0.325593	-1.3766727	0.0	0.33036983	1.0	3941	tags=31%, list=20%, signal=38%	
GOBP_RIBOSOMAL_LARGE_SUBUNIT_ASSEMBLY	GOBP_RIBOSOMAL_LARGE_SUBUNIT_ASSEMBLY		21	-0.52309704	-1.3761864	0.09663866	0.3306611	1.0	966	tags=19%, list=5%, signal=20%	
GOBP_RESPONSE_TO_VIRUS	GOBP_RESPONSE_TO_VIRUS		384	-0.3284345	-1.3746141	0.0	0.33329308	1.0	3197	tags=25%, list=16%, signal=30%	
GOBP_VIRAL_RELEASE_FROM_HOST_CELL	GOBP_VIRAL_RELEASE_FROM_HOST_CELL		27	-0.49014363	-1.3742298	0.069716774	0.33334273	1.0	4409	tags=44%, list=23%, signal=57%	
GOBP_GLYCEROLIPID_METABOLIC_PROCESS	GOBP_GLYCEROLIPID_METABOLIC_PROCESS		370	-0.33041808	-1.3739625	0.0	0.3331447	1.0	3997	tags=32%, list=21%, signal=39%	
GOBP_NEGATIVE_REGULATION_OF_LIPID_CATABOLIC_PROCESS	GOBP_NEGATIVE_REGULATION_OF_LIPID_CATABOLIC_PROCESS		26	-0.49739704	-1.3727221	0.07333333	0.33507574	1.0	1821	tags=31%, list=9%, signal=34%	
GOBP_CYTOKINE_MEDIATED_SIGNALING_PATHWAY	GOBP_CYTOKINE_MEDIATED_SIGNALING_PATHWAY		493	-0.32545024	-1.3725164	0.0	0.3347672	1.0	2981	tags=25%, list=15%, signal=29%	
GOBP_GLYCEROPHOSPHOLIPID_BIOSYNTHETIC_PROCESS	GOBP_GLYCEROPHOSPHOLIPID_BIOSYNTHETIC_PROCESS		199	-0.34653533	-1.3722327	0.0027472528	0.3345316	1.0	3997	tags=33%, list=21%, signal=41%	
GOBP_POSITIVE_REGULATION_OF_CELLULAR_CATABOLIC_PROCESS	GOBP_POSITIVE_REGULATION_OF_CELLULAR_CATABOLIC_PROCESS		211	-0.34596682	-1.3714836	0.0061919503	0.33538994	1.0	2176	tags=20%, list=11%, signal=23%	
GOMF_NUCLEOTIDE_RECEPTOR_ACTIVITY	GOMF_NUCLEOTIDE_RECEPTOR_ACTIVITY		18	-0.53878087	-1.3705201	0.09090909	0.33668992	1.0	3106	tags=39%, list=16%, signal=46%	
GOBP_REGULATION_OF_JNK_CASCADE	GOBP_REGULATION_OF_JNK_CASCADE		136	-0.37055033	-1.3704654	0.013368984	0.3360501	1.0	2575	tags=24%, list=13%, signal=27%	
GOBP_INOSITOL_PHOSPHATE_BIOSYNTHETIC_PROCESS	GOBP_INOSITOL_PHOSPHATE_BIOSYNTHETIC_PROCESS		26	-0.50316536	-1.3700656	0.09271523	0.3361221	1.0	3094	tags=35%, list=16%, signal=41%	
GOMF_CARBOHYDRATE_TRANSMEMBRANE_TRANSPORTER_ACTIVITY	GOMF_CARBOHYDRATE_TRANSMEMBRANE_TRANSPORTER_ACTIVITY		40	-0.4544355	-1.3689221	0.04222222	0.3378933	1.0	1584	tags=18%, list=8%, signal=19%	
GOBP_REGULATION_OF_VESICLE_FUSION	GOBP_REGULATION_OF_VESICLE_FUSION		22	-0.51639897	-1.3679439	0.10046729	0.33943853	1.0	4268	tags=45%, list=22%, signal=58%	
GOBP_NEGATIVE_REGULATION_OF_VIRAL_LIFE_CYCLE	GOBP_NEGATIVE_REGULATION_OF_VIRAL_LIFE_CYCLE		25	-0.49902412	-1.3672051	0.09492274	0.34040865	1.0	3444	tags=40%, list=18%, signal=49%	
GOCC_NUCLEAR_EXOSOME_RNASE_COMPLEX	GOCC_NUCLEAR_EXOSOME_RNASE_COMPLEX		15	-0.5623586	-1.3659639	0.11255411	0.34239173	1.0	5337	tags=53%, list=27%, signal=73%	
GOBP_PHOSPHOLIPID_METABOLIC_PROCESS	GOBP_PHOSPHOLIPID_METABOLIC_PROCESS		361	-0.3306977	-1.365418	0.0071174377	0.3428046	1.0	3081	tags=27%, list=16%, signal=31%	
GOBP_NEGATIVE_REGULATION_OF_INFLAMMATORY_RESPONSE	GOBP_NEGATIVE_REGULATION_OF_INFLAMMATORY_RESPONSE		154	-0.3628343	-1.3654169	0.017391304	0.34200847	1.0	2238	tags=28%, list=12%, signal=31%	
GOBP_CD4_POSITIVE_ALPHA_BETA_T_CELL_CYTOKINE_PRODUCTION	GOBP_CD4_POSITIVE_ALPHA_BETA_T_CELL_CYTOKINE_PRODUCTION		19	-0.5371141	-1.3633289	0.1091703	0.34581077	1.0	3990	tags=53%, list=21%, signal=66%	
GOBP_REGULATED_EXOCYTOSIS	GOBP_REGULATED_EXOCYTOSIS		217	-0.34467635	-1.3623451	0.014285714	0.3472693	1.0	2200	tags=21%, list=11%, signal=23%	
GOBP_NEGATIVE_REGULATION_OF_IMMUNE_RESPONSE	GOBP_NEGATIVE_REGULATION_OF_IMMUNE_RESPONSE		186	-0.35605946	-1.3621104	0.010752688	0.34696427	1.0	3003	tags=30%, list=15%, signal=35%	
GOBP_ENDOSOMAL_VESICLE_FUSION	GOBP_ENDOSOMAL_VESICLE_FUSION		15	-0.555798	-1.3617113	0.12017167	0.34702164	1.0	4373	tags=53%, list=23%, signal=69%	
GOBP_ANTIFUNGAL_INNATE_IMMUNE_RESPONSE	GOBP_ANTIFUNGAL_INNATE_IMMUNE_RESPONSE		23	-0.5119425	-1.3599427	0.09772728	0.35028866	1.0	3218	tags=43%, list=17%, signal=52%	
GOBP_BIOLOGICAL_PROCESS_INVOLVED_IN_INTERACTION_WITH_SYMBIONT	GOBP_BIOLOGICAL_PROCESS_INVOLVED_IN_INTERACTION_WITH_SYMBIONT		114	-0.37037566	-1.3594342	0.021447722	0.3506416	1.0	2564	tags=21%, list=13%, signal=24%	
GOMF_OXIDOREDUCTASE_ACTIVITY_ACTING_ON_NAD_P_H_OXYGEN_AS_ACCEPTOR	GOMF_OXIDOREDUCTASE_ACTIVITY_ACTING_ON_NAD_P_H_OXYGEN_AS_ACCEPTOR		16	-0.55922264	-1.3591038	0.10504202	0.35058063	1.0	2325	tags=44%, list=12%, signal=50%	
GOMF_GABA_RECEPTOR_ACTIVITY	GOMF_GABA_RECEPTOR_ACTIVITY		22	-0.5163319	-1.3586439	0.08074534	0.35093147	1.0	7193	tags=59%, list=37%, signal=94%	
GOCC_ENDOPLASMIC_RETICULUM_GOLGI_INTERMEDIATE_COMPARTMENT_MEMBRANE	GOCC_ENDOPLASMIC_RETICULUM_GOLGI_INTERMEDIATE_COMPARTMENT_MEMBRANE		79	-0.39666253	-1.3579497	0.038554218	0.35172492	1.0	4878	tags=46%, list=25%, signal=61%	
GOBP_B_CELL_HOMEOSTASIS	GOBP_B_CELL_HOMEOSTASIS		32	-0.47313386	-1.3578812	0.07589286	0.35107154	1.0	2932	tags=31%, list=15%, signal=37%	
GOBP_STABILIZATION_OF_MEMBRANE_POTENTIAL	GOBP_STABILIZATION_OF_MEMBRANE_POTENTIAL		17	-0.55115885	-1.3570106	0.114285715	0.35222104	1.0	1481	tags=29%, list=8%, signal=32%	
GOBP_REGULATION_OF_RIG_I_SIGNALING_PATHWAY	GOBP_REGULATION_OF_RIG_I_SIGNALING_PATHWAY		18	-0.5413422	-1.3563726	0.10138249	0.35295203	1.0	3078	tags=39%, list=16%, signal=46%	
GOBP_RESPONSE_TO_ENDOPLASMIC_RETICULUM_STRESS	GOBP_RESPONSE_TO_ENDOPLASMIC_RETICULUM_STRESS		249	-0.3385882	-1.3563296	0.0057803467	0.35226506	1.0	4878	tags=39%, list=25%, signal=51%	
GOCC_BLOC_COMPLEX	GOCC_BLOC_COMPLEX		19	-0.52704996	-1.3558586	0.102564104	0.35259783	1.0	3417	tags=42%, list=18%, signal=51%	
GOBP_AUTOPHAGOSOME_MATURATION	GOBP_AUTOPHAGOSOME_MATURATION		64	-0.40298408	-1.3546888	0.036585364	0.35440007	1.0	4712	tags=39%, list=24%, signal=51%	
GOBP_FIBRINOLYSIS	GOBP_FIBRINOLYSIS		26	-0.4998399	-1.3545963	0.0797546	0.35380313	1.0	3210	tags=42%, list=17%, signal=51%	
GOMF_CXCR_CHEMOKINE_RECEPTOR_BINDING	GOMF_CXCR_CHEMOKINE_RECEPTOR_BINDING		17	-0.54539335	-1.354547	0.108510636	0.353127	1.0	261	tags=29%, list=1%, signal=30%	
GOBP_ERAD_PATHWAY	GOBP_ERAD_PATHWAY		103	-0.37831998	-1.3536559	0.023936171	0.35431287	1.0	5615	tags=46%, list=29%, signal=64%	
GOBP_PROTEIN_ACYLATION	GOBP_PROTEIN_ACYLATION		87	-0.38701773	-1.3533137	0.04187192	0.3543303	1.0	4923	tags=40%, list=25%, signal=54%	
GOBP_POSITIVE_REGULATION_OF_ENDOCYTOSIS	GOBP_POSITIVE_REGULATION_OF_ENDOCYTOSIS		150	-0.35536397	-1.3531305	0.00882353	0.35396817	1.0	3147	tags=29%, list=16%, signal=35%	
GOBP_LIVER_REGENERATION	GOBP_LIVER_REGENERATION		31	-0.47483358	-1.3527409	0.06682028	0.35408494	1.0	2496	tags=26%, list=13%, signal=30%	
GOBP_REGULATION_OF_ANTIGEN_RECEPTOR_MEDIATED_SIGNALING_PATHWAY	GOBP_REGULATION_OF_ANTIGEN_RECEPTOR_MEDIATED_SIGNALING_PATHWAY		64	-0.4019592	-1.351893	0.061085973	0.35534203	1.0	3227	tags=31%, list=17%, signal=37%	
GOBP_REGULATION_OF_NITRIC_OXIDE_SYNTHASE_ACTIVITY	GOBP_REGULATION_OF_NITRIC_OXIDE_SYNTHASE_ACTIVITY		21	-0.518047	-1.351685	0.09728507	0.35506386	1.0	2896	tags=38%, list=15%, signal=45%	
GOBP_T_CELL_DIFFERENTIATION_IN_THYMUS	GOBP_T_CELL_DIFFERENTIATION_IN_THYMUS		85	-0.3883356	-1.3514183	0.036319613	0.35486877	1.0	4188	tags=38%, list=22%, signal=48%	
GOBP_O_GLYCAN_PROCESSING	GOBP_O_GLYCAN_PROCESSING		41	-0.440374	-1.3501277	0.06928407	0.35703513	1.0	2725	tags=32%, list=14%, signal=37%	
GOBP_TRANSPOSITION	GOBP_TRANSPOSITION		31	-0.47480258	-1.3496923	0.096491225	0.35722077	1.0	2727	tags=32%, list=14%, signal=37%	
GOBP_AMINO_SUGAR_METABOLIC_PROCESS	GOBP_AMINO_SUGAR_METABOLIC_PROCESS		40	-0.439921	-1.3496665	0.06651376	0.35649484	1.0	1615	tags=20%, list=8%, signal=22%	
GOBP_REGULATION_OF_REACTIVE_OXYGEN_SPECIES_BIOSYNTHETIC_PROCESS	GOBP_REGULATION_OF_REACTIVE_OXYGEN_SPECIES_BIOSYNTHETIC_PROCESS		38	-0.44860905	-1.3494749	0.071428575	0.35617754	1.0	4554	tags=39%, list=23%, signal=51%	
GOBP_POSITIVE_REGULATION_OF_TYPE_II_INTERFERON_PRODUCTION	GOBP_POSITIVE_REGULATION_OF_TYPE_II_INTERFERON_PRODUCTION		75	-0.39955518	-1.3493862	0.04691358	0.35558686	1.0	2981	tags=39%, list=15%, signal=46%	
GOBP_LIPOPOLYSACCHARIDE_MEDIATED_SIGNALING_PATHWAY	GOBP_LIPOPOLYSACCHARIDE_MEDIATED_SIGNALING_PATHWAY		54	-0.41992402	-1.3468904	0.06666667	0.3606864	1.0	3050	tags=33%, list=16%, signal=39%	
GOBP_AMINO_ACID_BETAINE_METABOLIC_PROCESS	GOBP_AMINO_ACID_BETAINE_METABOLIC_PROCESS		17	-0.54350793	-1.3463317	0.098684214	0.36118197	1.0	5235	tags=59%, list=27%, signal=80%	
GOBP_REGULATION_OF_MAST_CELL_DEGRANULATION	GOBP_REGULATION_OF_MAST_CELL_DEGRANULATION		27	-0.4769182	-1.3463296	0.089171976	0.3604013	1.0	4963	tags=48%, list=26%, signal=65%	
GOBP_RIG_I_SIGNALING_PATHWAY	GOBP_RIG_I_SIGNALING_PATHWAY		24	-0.50139123	-1.3451245	0.10042735	0.36224785	1.0	3525	tags=38%, list=18%, signal=46%	
GOBP_REGULATION_OF_PH	GOBP_REGULATION_OF_PH		102	-0.37977996	-1.3449003	0.020512821	0.36197627	1.0	4307	tags=34%, list=22%, signal=44%	
GOCC_AZUROPHIL_GRANULE_LUMEN	GOCC_AZUROPHIL_GRANULE_LUMEN		90	-0.384836	-1.3436884	0.050938338	0.36393422	1.0	2476	tags=28%, list=13%, signal=32%	
GOBP_REGULATION_OF_T_HELPER_CELL_DIFFERENTIATION	GOBP_REGULATION_OF_T_HELPER_CELL_DIFFERENTIATION		44	-0.43690673	-1.343163	0.07954545	0.36440045	1.0	3858	tags=41%, list=20%, signal=51%	
GOBP_POSITIVE_REGULATION_OF_IMMUNOGLOBULIN_PRODUCTION	GOBP_POSITIVE_REGULATION_OF_IMMUNOGLOBULIN_PRODUCTION		50	-0.42823705	-1.3426362	0.07542579	0.36486217	1.0	2689	tags=26%, list=14%, signal=30%	
GOBP_NEGATIVE_REGULATION_OF_T_CELL_MEDIATED_IMMUNITY	GOBP_NEGATIVE_REGULATION_OF_T_CELL_MEDIATED_IMMUNITY		31	-0.46533665	-1.3424349	0.104347825	0.36458352	1.0	1928	tags=35%, list=10%, signal=39%	
GOBP_NUCLEOTIDE_SALVAGE	GOBP_NUCLEOTIDE_SALVAGE		17	-0.5364062	-1.3419554	0.11633109	0.36494792	1.0	2420	tags=24%, list=12%, signal=27%	
GOBP_NEGATIVE_REGULATION_OF_ALPHA_BETA_T_CELL_ACTIVATION	GOBP_NEGATIVE_REGULATION_OF_ALPHA_BETA_T_CELL_ACTIVATION		44	-0.43461883	-1.3418483	0.06511628	0.36441228	1.0	3080	tags=39%, list=16%, signal=46%	
GOBP_CELL_CHEMOTAXIS	GOBP_CELL_CHEMOTAXIS		299	-0.32909632	-1.3418063	0.007017544	0.3637063	1.0	1783	tags=20%, list=9%, signal=22%	
GOBP_LIPID_STORAGE	GOBP_LIPID_STORAGE		86	-0.38389504	-1.3417906	0.03529412	0.3629611	1.0	3788	tags=40%, list=20%, signal=49%	
GOBP_PLASMA_LIPOPROTEIN_PARTICLE_CLEARANCE	GOBP_PLASMA_LIPOPROTEIN_PARTICLE_CLEARANCE		40	-0.43962777	-1.3404979	0.061643835	0.36530343	1.0	3869	tags=43%, list=20%, signal=53%	
GOBP_REGULATION_OF_TRIGLYCERIDE_BIOSYNTHETIC_PROCESS	GOBP_REGULATION_OF_TRIGLYCERIDE_BIOSYNTHETIC_PROCESS		20	-0.51442754	-1.3402919	0.11061947	0.36501095	1.0	5315	tags=65%, list=27%, signal=89%	
GOBP_DEOXYRIBONUCLEOTIDE_METABOLIC_PROCESS	GOBP_DEOXYRIBONUCLEOTIDE_METABOLIC_PROCESS		42	-0.4378486	-1.3401542	0.064665124	0.36457285	1.0	4030	tags=29%, list=21%, signal=36%	
GOBP_CELL_CYCLE_DNA_REPLICATION	GOBP_CELL_CYCLE_DNA_REPLICATION		44	-0.42903924	-1.3397112	0.06904232	0.36479497	1.0	4403	tags=39%, list=23%, signal=50%	
GOMF_HEXOSE_TRANSMEMBRANE_TRANSPORTER_ACTIVITY	GOMF_HEXOSE_TRANSMEMBRANE_TRANSPORTER_ACTIVITY		25	-0.49084887	-1.3384788	0.09070295	0.36692014	1.0	2451	tags=20%, list=13%, signal=23%	
GOBP_NEGATIVE_REGULATION_OF_TRANSLATIONAL_INITIATION	GOBP_NEGATIVE_REGULATION_OF_TRANSLATIONAL_INITIATION		20	-0.51311755	-1.3376586	0.10619469	0.3680455	1.0	4017	tags=40%, list=21%, signal=50%	
GOCC_PHAGOCYTIC_VESICLE	GOCC_PHAGOCYTIC_VESICLE		139	-0.36203957	-1.3366992	0.027855154	0.36954385	1.0	2388	tags=25%, list=12%, signal=29%	
GOBP_DIACYLGLYCEROL_METABOLIC_PROCESS	GOBP_DIACYLGLYCEROL_METABOLIC_PROCESS		27	-0.47358376	-1.3361578	0.09610984	0.37001115	1.0	4504	tags=52%, list=23%, signal=67%	
GOBP_PROTEIN_LIPID_COMPLEX_ASSEMBLY	GOBP_PROTEIN_LIPID_COMPLEX_ASSEMBLY		29	-0.46469158	-1.3348459	0.11210762	0.3723093	1.0	4922	tags=52%, list=25%, signal=69%	
GOMF_LYSOPHOSPHOLIPID_ACYLTRANSFERASE_ACTIVITY	GOMF_LYSOPHOSPHOLIPID_ACYLTRANSFERASE_ACTIVITY		20	-0.5176314	-1.3339547	0.09361702	0.37352175	1.0	3897	tags=50%, list=20%, signal=62%	
GOBP_T_CELL_SELECTION	GOBP_T_CELL_SELECTION		58	-0.40731627	-1.3338772	0.06053269	0.3729005	1.0	5081	tags=48%, list=26%, signal=65%	
GOBP_POSITIVE_REGULATION_OF_LEUKOCYTE_ADHESION_TO_VASCULAR_ENDOTHELIAL_CELL	GOBP_POSITIVE_REGULATION_OF_LEUKOCYTE_ADHESION_TO_VASCULAR_ENDOTHELIAL_CELL		24	-0.48994774	-1.3322068	0.10042735	0.37622505	1.0	3767	tags=38%, list=19%, signal=46%	
GOCC_GABA_RECEPTOR_COMPLEX	GOCC_GABA_RECEPTOR_COMPLEX		21	-0.50791556	-1.3317708	0.10375276	0.37644985	1.0	7193	tags=57%, list=37%, signal=91%	
GOBP_POSITIVE_REGULATION_OF_MEMBRANE_PROTEIN_ECTODOMAIN_PROTEOLYSIS	GOBP_POSITIVE_REGULATION_OF_MEMBRANE_PROTEIN_ECTODOMAIN_PROTEOLYSIS		16	-0.5272707	-1.330455	0.13480885	0.3788845	1.0	888	tags=31%, list=5%, signal=33%	
GOMF_PHOSPHOLIPASE_BINDING	GOMF_PHOSPHOLIPASE_BINDING		21	-0.5059341	-1.3302914	0.13052632	0.37840787	1.0	5261	tags=48%, list=27%, signal=65%	
GOBP_SYNAPTIC_VESICLE_LOCALIZATION	GOBP_SYNAPTIC_VESICLE_LOCALIZATION		53	-0.41960567	-1.3300049	0.061926607	0.37833142	1.0	3874	tags=30%, list=20%, signal=38%	
GOBP_ERYTHROCYTE_DEVELOPMENT	GOBP_ERYTHROCYTE_DEVELOPMENT		42	-0.43667904	-1.3294703	0.0771028	0.3788663	1.0	2487	tags=31%, list=13%, signal=35%	
GOMF_GABA_A_RECEPTOR_ACTIVITY	GOMF_GABA_A_RECEPTOR_ACTIVITY		19	-0.5053673	-1.3291517	0.13852814	0.3788434	1.0	7193	tags=58%, list=37%, signal=92%	
GOBP_NEGATIVE_REGULATION_OF_TUMOR_NECROSIS_FACTOR_SUPERFAMILY_CYTOKINE_PRODUCTION	GOBP_NEGATIVE_REGULATION_OF_TUMOR_NECROSIS_FACTOR_SUPERFAMILY_CYTOKINE_PRODUCTION		59	-0.4102787	-1.329086	0.058956917	0.37822545	1.0	2238	tags=31%, list=12%, signal=34%	
GOBP_DIOL_METABOLIC_PROCESS	GOBP_DIOL_METABOLIC_PROCESS		28	-0.47506228	-1.3285325	0.1012931	0.37876177	1.0	3449	tags=39%, list=18%, signal=48%	
GOMF_MONOCARBOXYLATE_SODIUM_SYMPORTER_ACTIVITY	GOMF_MONOCARBOXYLATE_SODIUM_SYMPORTER_ACTIVITY		15	-0.5551457	-1.3283582	0.12266112	0.37840882	1.0	2839	tags=27%, list=15%, signal=31%	
GOBP_REGULATION_OF_NON_CANONICAL_NF_KAPPAB_SIGNAL_TRANSDUCTION	GOBP_REGULATION_OF_NON_CANONICAL_NF_KAPPAB_SIGNAL_TRANSDUCTION		92	-0.38050237	-1.3277445	0.050666668	0.3791607	1.0	5105	tags=42%, list=26%, signal=57%	
GOMF_SODIUM_PROTON_ANTIPORTER_ACTIVITY	GOMF_SODIUM_PROTON_ANTIPORTER_ACTIVITY		16	-0.5455833	-1.3277304	0.1252485	0.37843174	1.0	2327	tags=31%, list=12%, signal=35%	
GOBP_ESTABLISHMENT_OF_SKIN_BARRIER	GOBP_ESTABLISHMENT_OF_SKIN_BARRIER		33	-0.4624214	-1.3273671	0.0877193	0.37856138	1.0	3465	tags=33%, list=18%, signal=41%	
GOBP_INTRACELLULAR_PROTEIN_TRANSMEMBRANE_TRANSPORT	GOBP_INTRACELLULAR_PROTEIN_TRANSMEMBRANE_TRANSPORT		31	-0.46568844	-1.3265954	0.0809628	0.37961873	1.0	4053	tags=35%, list=21%, signal=45%	
GOBP_POLYOL_METABOLIC_PROCESS	GOBP_POLYOL_METABOLIC_PROCESS		101	-0.37155682	-1.3258675	0.04136253	0.38058543	1.0	3449	tags=30%, list=18%, signal=36%	
GOCC_PHAGOPHORE_ASSEMBLY_SITE	GOCC_PHAGOPHORE_ASSEMBLY_SITE		34	-0.4585994	-1.3256959	0.08387097	0.38023308	1.0	2522	tags=29%, list=13%, signal=34%	
GOMF_PHOSPHATIDYLETHANOLAMINE_BINDING	GOMF_PHOSPHATIDYLETHANOLAMINE_BINDING		16	-0.5404596	-1.3252021	0.1122449	0.38066792	1.0	3156	tags=44%, list=16%, signal=52%	
GOCC_SPECIFIC_GRANULE_LUMEN	GOCC_SPECIFIC_GRANULE_LUMEN		61	-0.39582786	-1.3245813	0.067669176	0.38138026	1.0	616	tags=20%, list=3%, signal=20%	
GOBP_CD4_POSITIVE_ALPHA_BETA_T_CELL_PROLIFERATION	GOBP_CD4_POSITIVE_ALPHA_BETA_T_CELL_PROLIFERATION		21	-0.50969034	-1.3239458	0.11642411	0.38215092	1.0	3227	tags=43%, list=17%, signal=51%	
GOMF_PHOSPHOLIPASE_ACTIVATOR_ACTIVITY	GOMF_PHOSPHOLIPASE_ACTIVATOR_ACTIVITY		17	-0.5386586	-1.3235444	0.13097712	0.38232502	1.0	1690	tags=24%, list=9%, signal=26%	
GOMF_STEROL_TRANSFER_ACTIVITY	GOMF_STEROL_TRANSFER_ACTIVITY		23	-0.4947758	-1.3230926	0.1278826	0.38261992	1.0	2072	tags=30%, list=11%, signal=34%	
GOBP_RESPONSE_TO_CHEMOKINE	GOBP_RESPONSE_TO_CHEMOKINE		94	-0.37411296	-1.3226402	0.043037973	0.38295817	1.0	1329	tags=18%, list=7%, signal=19%	
GOBP_IRON_ION_TRANSMEMBRANE_TRANSPORT	GOBP_IRON_ION_TRANSMEMBRANE_TRANSPORT		21	-0.50151503	-1.321754	0.11853448	0.3842469	1.0	3481	tags=48%, list=18%, signal=58%	
GOBP_PROTEIN_LOCALIZATION_TO_PHAGOPHORE_ASSEMBLY_SITE	GOBP_PROTEIN_LOCALIZATION_TO_PHAGOPHORE_ASSEMBLY_SITE		16	-0.5363279	-1.3203357	0.11276596	0.38688874	1.0	3001	tags=25%, list=15%, signal=30%	
GOBP_VACUOLAR_ACIDIFICATION	GOBP_VACUOLAR_ACIDIFICATION		36	-0.44470868	-1.319692	0.10467706	0.3876274	1.0	4307	tags=47%, list=22%, signal=61%	
GOBP_LIPID_DROPLET_ORGANIZATION	GOBP_LIPID_DROPLET_ORGANIZATION		31	-0.46473372	-1.3192412	0.10043668	0.3878908	1.0	1998	tags=32%, list=10%, signal=36%	
GOBP_REGULATION_OF_T_HELPER_1_TYPE_IMMUNE_RESPONSE	GOBP_REGULATION_OF_T_HELPER_1_TYPE_IMMUNE_RESPONSE		31	-0.45098332	-1.3170042	0.114224136	0.39260185	1.0	2981	tags=42%, list=15%, signal=49%	
GOBP_MYELOID_CELL_ACTIVATION_INVOLVED_IN_IMMUNE_RESPONSE	GOBP_MYELOID_CELL_ACTIVATION_INVOLVED_IN_IMMUNE_RESPONSE		94	-0.37231898	-1.3168274	0.03241895	0.3922431	1.0	1699	tags=26%, list=9%, signal=28%	
GOBP_POSITIVE_REGULATION_OF_PROTEIN_POLYUBIQUITINATION	GOBP_POSITIVE_REGULATION_OF_PROTEIN_POLYUBIQUITINATION		15	-0.54176337	-1.3164016	0.15118791	0.39252445	1.0	962	tags=20%, list=5%, signal=21%	
GOBP_ALCOHOL_BIOSYNTHETIC_PROCESS	GOBP_ALCOHOL_BIOSYNTHETIC_PROCESS		131	-0.352111	-1.3152914	0.03208556	0.39442545	1.0	3449	tags=31%, list=18%, signal=37%	
GOBP_NEGATIVE_REGULATION_OF_CYTOKINE_PRODUCTION	GOBP_NEGATIVE_REGULATION_OF_CYTOKINE_PRODUCTION		274	-0.3283678	-1.3150206	0.00949367	0.39434037	1.0	2353	tags=24%, list=12%, signal=27%	
GOBP_POSITIVE_REGULATION_OF_ALPHA_BETA_T_CELL_ACTIVATION	GOBP_POSITIVE_REGULATION_OF_ALPHA_BETA_T_CELL_ACTIVATION		72	-0.3874967	-1.3146459	0.07304786	0.39448607	1.0	4108	tags=44%, list=21%, signal=56%	
GOMF_CHEMOKINE_BINDING	GOMF_CHEMOKINE_BINDING		33	-0.45375404	-1.3144714	0.109375	0.39411303	1.0	2708	tags=30%, list=14%, signal=35%	
GOBP_REGULATION_OF_CELL_KILLING	GOBP_REGULATION_OF_CELL_KILLING		110	-0.36220193	-1.3143169	0.043814432	0.3937042	1.0	3213	tags=34%, list=17%, signal=40%	
GOBP_ACUTE_INFLAMMATORY_RESPONSE	GOBP_ACUTE_INFLAMMATORY_RESPONSE		101	-0.3711382	-1.3136672	0.049751244	0.39451095	1.0	1884	tags=25%, list=10%, signal=27%	
GOBP_JNK_CASCADE	GOBP_JNK_CASCADE		168	-0.33841512	-1.3130931	0.02507837	0.39515334	1.0	2319	tags=21%, list=12%, signal=24%	
GOBP_NEGATIVE_REGULATION_OF_PHAGOCYTOSIS	GOBP_NEGATIVE_REGULATION_OF_PHAGOCYTOSIS		19	-0.51740426	-1.3119124	0.14446953	0.39714712	1.0	662	tags=16%, list=3%, signal=16%	
GOBP_REGULATION_OF_LEUKOCYTE_DIFFERENTIATION	GOBP_REGULATION_OF_LEUKOCYTE_DIFFERENTIATION		313	-0.32196915	-1.3118049	0.0068259384	0.39661756	1.0	4188	tags=33%, list=22%, signal=41%	
GOBP_VACUOLE_ORGANIZATION	GOBP_VACUOLE_ORGANIZATION		222	-0.3291488	-1.311636	0.017857144	0.3962721	1.0	4438	tags=34%, list=23%, signal=43%	
GOMF_CARBOHYDRATE_BINDING	GOMF_CARBOHYDRATE_BINDING		264	-0.32617533	-1.3115518	0.0034129692	0.39569506	1.0	2206	tags=21%, list=11%, signal=24%	
GOCC_PML_BODY	GOCC_PML_BODY		106	-0.36791995	-1.3105155	0.04918033	0.39726973	1.0	5267	tags=42%, list=27%, signal=57%	
GOBP_REGULATION_OF_T_CELL_RECEPTOR_SIGNALING_PATHWAY	GOBP_REGULATION_OF_T_CELL_RECEPTOR_SIGNALING_PATHWAY		47	-0.41829222	-1.31046	0.086448595	0.39665315	1.0	3227	tags=30%, list=17%, signal=36%	
GOBP_MYELOID_CELL_DIFFERENTIATION	GOBP_MYELOID_CELL_DIFFERENTIATION		408	-0.3140744	-1.3101542	0.0	0.39659923	1.0	2285	tags=21%, list=12%, signal=23%	
GOBP_REGULATION_OF_HEMATOPOIETIC_PROGENITOR_CELL_DIFFERENTIATION	GOBP_REGULATION_OF_HEMATOPOIETIC_PROGENITOR_CELL_DIFFERENTIATION		41	-0.42272174	-1.3099473	0.097613886	0.3963316	1.0	4762	tags=39%, list=25%, signal=52%	
GOBP_NEGATIVE_REGULATION_OF_DEFENSE_RESPONSE	GOBP_NEGATIVE_REGULATION_OF_DEFENSE_RESPONSE		242	-0.32683587	-1.3092506	0.00625	0.39722303	1.0	2238	tags=24%, list=12%, signal=27%	
GOBP_NON_CANONICAL_NF_KAPPAB_SIGNAL_TRANSDUCTION	GOBP_NON_CANONICAL_NF_KAPPAB_SIGNAL_TRANSDUCTION		118	-0.3576805	-1.3089613	0.038043477	0.3972125	1.0	3521	tags=30%, list=18%, signal=36%	
GOCC_PROTON_TRANSPORTING_V_TYPE_ATPASE_COMPLEX	GOCC_PROTON_TRANSPORTING_V_TYPE_ATPASE_COMPLEX		27	-0.47734597	-1.3088009	0.11512415	0.39684966	1.0	4843	tags=48%, list=25%, signal=64%	
GOBP_FC_RECEPTOR_SIGNALING_PATHWAY	GOBP_FC_RECEPTOR_SIGNALING_PATHWAY		56	-0.4041909	-1.3074405	0.06142506	0.39939675	1.0	3354	tags=38%, list=17%, signal=45%	
GOCC_CYTOPLASMIC_EXOSOME_RNASE_COMPLEX	GOCC_CYTOPLASMIC_EXOSOME_RNASE_COMPLEX		16	-0.5248178	-1.306283	0.11812627	0.40157735	1.0	3399	tags=38%, list=17%, signal=45%	
GOBP_POSITIVE_REGULATION_OF_NEUTROPHIL_MIGRATION	GOBP_POSITIVE_REGULATION_OF_NEUTROPHIL_MIGRATION		32	-0.44389853	-1.3057218	0.12581345	0.40222743	1.0	391	tags=19%, list=2%, signal=19%	
GOMF_2_IRON_2_SULFUR_CLUSTER_BINDING	GOMF_2_IRON_2_SULFUR_CLUSTER_BINDING		23	-0.49275604	-1.3056654	0.1416309	0.4015922	1.0	3364	tags=39%, list=17%, signal=47%	
GOBP_REGULATION_OF_TRANSLATIONAL_INITIATION_IN_RESPONSE_TO_STRESS	GOBP_REGULATION_OF_TRANSLATIONAL_INITIATION_IN_RESPONSE_TO_STRESS		15	-0.5514592	-1.3035997	0.12473118	0.40591705	1.0	4017	tags=47%, list=21%, signal=59%	
GOBP_INTEGRATED_STRESS_RESPONSE_SIGNALING	GOBP_INTEGRATED_STRESS_RESPONSE_SIGNALING		45	-0.41460666	-1.3028662	0.09154929	0.40694854	1.0	4156	tags=38%, list=21%, signal=48%	
GOBP_AGGREPHAGY	GOBP_AGGREPHAGY		17	-0.5319396	-1.3027086	0.13555992	0.40654948	1.0	4686	tags=59%, list=24%, signal=77%	
GOBP_PROTEIN_ACETYLATION	GOBP_PROTEIN_ACETYLATION		52	-0.4093074	-1.3017807	0.08735632	0.40796915	1.0	5267	tags=48%, list=27%, signal=66%	
GOBP_STRESS_ACTIVATED_PROTEIN_KINASE_SIGNALING_CASCADE	GOBP_STRESS_ACTIVATED_PROTEIN_KINASE_SIGNALING_CASCADE		54	-0.4067494	-1.3016694	0.08240534	0.40749723	1.0	2569	tags=28%, list=13%, signal=32%	
GOMF_HYDROLASE_ACTIVITY_HYDROLYZING_O_GLYCOSYL_COMPOUNDS	GOMF_HYDROLASE_ACTIVITY_HYDROLYZING_O_GLYCOSYL_COMPOUNDS		86	-0.37634796	-1.3016574	0.072864324	0.4067686	1.0	3168	tags=27%, list=16%, signal=32%	
GOBP_RESPONSE_TO_L_GLUTAMATE	GOBP_RESPONSE_TO_L_GLUTAMATE		15	-0.53676826	-1.3012261	0.14959016	0.40703124	1.0	1963	tags=27%, list=10%, signal=30%	
GOBP_POSITIVE_REGULATION_OF_MACROPHAGE_CYTOKINE_PRODUCTION	GOBP_POSITIVE_REGULATION_OF_MACROPHAGE_CYTOKINE_PRODUCTION		24	-0.4762708	-1.3003038	0.11691023	0.40843827	1.0	1903	tags=38%, list=10%, signal=42%	
GOBP_EXOCYTOSIS	GOBP_EXOCYTOSIS		335	-0.3169131	-1.3002666	0.010752688	0.40777385	1.0	4004	tags=28%, list=21%, signal=35%	
GOBP_POSITIVE_T_CELL_SELECTION	GOBP_POSITIVE_T_CELL_SELECTION		45	-0.41568995	-1.3001428	0.08874459	0.4072798	1.0	5081	tags=49%, list=26%, signal=66%	
GOBP_DEOXYRIBONUCLEOTIDE_CATABOLIC_PROCESS	GOBP_DEOXYRIBONUCLEOTIDE_CATABOLIC_PROCESS		28	-0.46796003	-1.2996529	0.11506276	0.40770647	1.0	4030	tags=29%, list=21%, signal=36%	
GOBP_NATURAL_KILLER_CELL_ACTIVATION	GOBP_NATURAL_KILLER_CELL_ACTIVATION		93	-0.37102807	-1.2996073	0.050890584	0.40707096	1.0	2969	tags=24%, list=15%, signal=28%	
GOCC_MULTIVESICULAR_BODY_MEMBRANE	GOCC_MULTIVESICULAR_BODY_MEMBRANE		27	-0.46765792	-1.2991118	0.111597374	0.4075092	1.0	3909	tags=44%, list=20%, signal=56%	
GOBP_SULFATION	GOBP_SULFATION		20	-0.5039134	-1.2988285	0.13761468	0.4074439	1.0	4915	tags=55%, list=25%, signal=74%	
GOBP_RESPONSE_TO_STEROL	GOBP_RESPONSE_TO_STEROL		31	-0.4604898	-1.2983891	0.114967465	0.40787664	1.0	1943	tags=23%, list=10%, signal=25%	
GOBP_NEGATIVE_REGULATION_OF_UBIQUITIN_DEPENDENT_PROTEIN_CATABOLIC_PROCESS	GOBP_NEGATIVE_REGULATION_OF_UBIQUITIN_DEPENDENT_PROTEIN_CATABOLIC_PROCESS		51	-0.40842253	-1.2977513	0.08928572	0.40873736	1.0	4970	tags=39%, list=26%, signal=53%	
GOBP_ANTIGEN_PROCESSING_AND_PRESENTATION	GOBP_ANTIGEN_PROCESSING_AND_PRESENTATION		111	-0.35902166	-1.2972965	0.05822785	0.40913865	1.0	1837	tags=21%, list=9%, signal=23%	
GOBP_REGULATION_OF_T_CELL_ACTIVATION	GOBP_REGULATION_OF_T_CELL_ACTIVATION		367	-0.31260362	-1.2966284	0.0039525693	0.41014493	1.0	3227	tags=27%, list=17%, signal=32%	
GOBP_REGULATION_OF_CYSTEINE_TYPE_ENDOPEPTIDASE_ACTIVITY	GOBP_REGULATION_OF_CYSTEINE_TYPE_ENDOPEPTIDASE_ACTIVITY		182	-0.33550492	-1.2966193	0.021212121	0.40942505	1.0	2646	tags=24%, list=14%, signal=27%	
GOBP_PHOSPHATIDYLINOSITOL_METABOLIC_PROCESS	GOBP_PHOSPHATIDYLINOSITOL_METABOLIC_PROCESS		152	-0.34204733	-1.2965163	0.040920716	0.40890166	1.0	3160	tags=28%, list=16%, signal=33%	
GOBP_TYPE_II_INTERFERON_MEDIATED_SIGNALING_PATHWAY	GOBP_TYPE_II_INTERFERON_MEDIATED_SIGNALING_PATHWAY		25	-0.46910417	-1.2964687	0.11904762	0.4082597	1.0	4958	tags=56%, list=26%, signal=75%	
GOBP_REGULATION_OF_GLUTAMATE_SECRETION	GOBP_REGULATION_OF_GLUTAMATE_SECRETION		19	-0.50212276	-1.2964572	0.14649682	0.40754914	1.0	4268	tags=32%, list=22%, signal=40%	
GOBP_PEPTIDE_CROSS_LINKING	GOBP_PEPTIDE_CROSS_LINKING		26	-0.47121012	-1.2961566	0.12995595	0.40756193	1.0	855	tags=27%, list=4%, signal=28%	
GOBP_IMMUNE_RESPONSE_REGULATING_CELL_SURFACE_RECEPTOR_SIGNALING_PATHWAY_INVOLVED_IN_PHAGOCYTOSIS	GOBP_IMMUNE_RESPONSE_REGULATING_CELL_SURFACE_RECEPTOR_SIGNALING_PATHWAY_INVOLVED_IN_PHAGOCYTOSIS		22	-0.49464136	-1.2957993	0.14285715	0.4077265	1.0	1690	tags=32%, list=9%, signal=35%	
GOBP_POSITIVE_REGULATION_OF_LEUKOCYTE_APOPTOTIC_PROCESS	GOBP_POSITIVE_REGULATION_OF_LEUKOCYTE_APOPTOTIC_PROCESS		26	-0.4697289	-1.295751	0.13118279	0.40709487	1.0	2238	tags=27%, list=12%, signal=30%	
GOBP_INTRACELLULAR_PH_REDUCTION	GOBP_INTRACELLULAR_PH_REDUCTION		57	-0.4008393	-1.2949795	0.08980583	0.4084051	1.0	2336	tags=28%, list=12%, signal=32%	
GOBP_POSITIVE_REGULATION_OF_PROTEIN_BINDING	GOBP_POSITIVE_REGULATION_OF_PROTEIN_BINDING		48	-0.41379473	-1.2948533	0.101149425	0.40800172	1.0	3387	tags=31%, list=17%, signal=38%	
GOMF_OLIGOSACCHARIDE_BINDING	GOMF_OLIGOSACCHARIDE_BINDING		17	-0.5350644	-1.2946868	0.16973415	0.40767246	1.0	3102	tags=24%, list=16%, signal=28%	
GOBP_ADENOHYPOPHYSIS_DEVELOPMENT	GOBP_ADENOHYPOPHYSIS_DEVELOPMENT		16	-0.51259637	-1.292427	0.14644352	0.41251102	1.0	1281	tags=13%, list=7%, signal=13%	
GOBP_PLASMA_MEMBRANE_PHOSPHOLIPID_SCRAMBLING	GOBP_PLASMA_MEMBRANE_PHOSPHOLIPID_SCRAMBLING		25	-0.46851695	-1.2923799	0.13174947	0.41190487	1.0	102	tags=8%, list=1%, signal=8%	
GOBP_REGULATION_OF_ENDOPLASMIC_RETICULUM_UNFOLDED_PROTEIN_RESPONSE	GOBP_REGULATION_OF_ENDOPLASMIC_RETICULUM_UNFOLDED_PROTEIN_RESPONSE		27	-0.46606305	-1.2921766	0.104575165	0.41166773	1.0	3781	tags=33%, list=19%, signal=41%	
GOMF_PEPTIDASE_ACTIVATOR_ACTIVITY_INVOLVED_IN_APOPTOTIC_PROCESS	GOMF_PEPTIDASE_ACTIVATOR_ACTIVITY_INVOLVED_IN_APOPTOTIC_PROCESS		23	-0.48269624	-1.2918912	0.13247864	0.41166556	1.0	1893	tags=35%, list=10%, signal=38%	
GOBP_LEUKOCYTE_CELL_CELL_ADHESION	GOBP_LEUKOCYTE_CELL_CELL_ADHESION		395	-0.31010693	-1.2913098	0.007017544	0.41238108	1.0	2940	tags=25%, list=15%, signal=29%	
GOBP_POSITIVE_REGULATION_OF_NITRIC_OXIDE_SYNTHASE_BIOSYNTHETIC_PROCESS	GOBP_POSITIVE_REGULATION_OF_NITRIC_OXIDE_SYNTHASE_BIOSYNTHETIC_PROCESS		16	-0.52405447	-1.2905043	0.15432099	0.41368073	1.0	3481	tags=50%, list=18%, signal=61%	
GOMF_MITOGEN_ACTIVATED_PROTEIN_KINASE_BINDING	GOMF_MITOGEN_ACTIVATED_PROTEIN_KINASE_BINDING		29	-0.46161547	-1.2902154	0.13752913	0.41368386	1.0	3412	tags=38%, list=18%, signal=46%	
GOMF_TRANSITION_METAL_ION_TRANSMEMBRANE_TRANSPORTER_ACTIVITY	GOMF_TRANSITION_METAL_ION_TRANSMEMBRANE_TRANSPORTER_ACTIVITY		42	-0.42088968	-1.2901326	0.10918114	0.4131532	1.0	1793	tags=24%, list=9%, signal=26%	
GOBP_ORGANELLE_FUSION	GOBP_ORGANELLE_FUSION		157	-0.33346707	-1.2864342	0.04076087	0.4215416	1.0	4438	tags=32%, list=23%, signal=42%	
GOCC_PLASMA_MEMBRANE_SIGNALING_RECEPTOR_COMPLEX	GOCC_PLASMA_MEMBRANE_SIGNALING_RECEPTOR_COMPLEX		185	-0.32778502	-1.2858642	0.03064067	0.4222392	1.0	3252	tags=26%, list=17%, signal=32%	
GOBP_SULFUR_COMPOUND_TRANSPORT	GOBP_SULFUR_COMPOUND_TRANSPORT		60	-0.39106306	-1.2857071	0.104477614	0.42190352	1.0	2820	tags=30%, list=15%, signal=35%	
GOBP_REGULATION_OF_ESTABLISHMENT_OF_PROTEIN_LOCALIZATION_TO_MITOCHONDRION	GOBP_REGULATION_OF_ESTABLISHMENT_OF_PROTEIN_LOCALIZATION_TO_MITOCHONDRION		43	-0.4180829	-1.2855252	0.125	0.42159584	1.0	4828	tags=44%, list=25%, signal=59%	
GOCC_AZUROPHIL_GRANULE	GOCC_AZUROPHIL_GRANULE		153	-0.34020287	-1.2854981	0.045945946	0.42091823	1.0	2476	tags=24%, list=13%, signal=27%	
GOBP_NEGATIVE_REGULATION_OF_CELL_CELL_ADHESION	GOBP_NEGATIVE_REGULATION_OF_CELL_CELL_ADHESION		186	-0.3298206	-1.2847707	0.025	0.42197946	1.0	3080	tags=28%, list=16%, signal=34%	
GOMF_CYSTEINE_TYPE_ENDOPEPTIDASE_ACTIVITY	GOMF_CYSTEINE_TYPE_ENDOPEPTIDASE_ACTIVITY		81	-0.37040067	-1.2837808	0.061904762	0.42367023	1.0	4750	tags=38%, list=24%, signal=50%	
GOBP_REGULATION_OF_B_CELL_APOPTOTIC_PROCESS	GOBP_REGULATION_OF_B_CELL_APOPTOTIC_PROCESS		19	-0.48799783	-1.2835149	0.15369262	0.42357072	1.0	6488	tags=58%, list=33%, signal=87%	
GOCC_ENDOLYSOSOME_MEMBRANE	GOCC_ENDOLYSOSOME_MEMBRANE		19	-0.5015079	-1.2831225	0.16071428	0.42381197	1.0	3876	tags=42%, list=20%, signal=53%	
GOBP_PHOTORECEPTOR_CELL_DEVELOPMENT	GOBP_PHOTORECEPTOR_CELL_DEVELOPMENT		48	-0.4070055	-1.2828945	0.119804405	0.42363268	1.0	2036	tags=19%, list=10%, signal=21%	
GOBP_CELLULAR_RESPONSE_TO_INTERLEUKIN_1	GOBP_CELLULAR_RESPONSE_TO_INTERLEUKIN_1		82	-0.36786157	-1.2826811	0.06142506	0.4234348	1.0	2183	tags=26%, list=11%, signal=29%	
GOCC_LATE_ENDOSOME	GOCC_LATE_ENDOSOME		291	-0.312829	-1.2822114	0.016949153	0.4238379	1.0	3733	tags=29%, list=19%, signal=35%	
GOBP_NEGATIVE_REGULATION_OF_LYMPHOCYTE_MEDIATED_IMMUNITY	GOBP_NEGATIVE_REGULATION_OF_LYMPHOCYTE_MEDIATED_IMMUNITY		57	-0.39675033	-1.2821167	0.09411765	0.4233122	1.0	2207	tags=30%, list=11%, signal=34%	
GOBP_POLYSACCHARIDE_CATABOLIC_PROCESS	GOBP_POLYSACCHARIDE_CATABOLIC_PROCESS		27	-0.46196133	-1.2812271	0.13605443	0.42479268	1.0	2522	tags=33%, list=13%, signal=38%	
GOMF_TUMOR_NECROSIS_FACTOR_RECEPTOR_SUPERFAMILY_BINDING	GOMF_TUMOR_NECROSIS_FACTOR_RECEPTOR_SUPERFAMILY_BINDING		49	-0.40058595	-1.2802737	0.107317075	0.42637634	1.0	3033	tags=33%, list=16%, signal=39%	
GOBP_PURINE_CONTAINING_COMPOUND_SALVAGE	GOBP_PURINE_CONTAINING_COMPOUND_SALVAGE		15	-0.524103	-1.2802029	0.14705883	0.42582417	1.0	749	tags=20%, list=4%, signal=21%	
GOBP_CELLULAR_DEFENSE_RESPONSE	GOBP_CELLULAR_DEFENSE_RESPONSE		52	-0.40121675	-1.2797627	0.09090909	0.4262184	1.0	2582	tags=33%, list=13%, signal=38%	
GOBP_POSITIVE_REGULATION_OF_HORMONE_SECRETION	GOBP_POSITIVE_REGULATION_OF_HORMONE_SECRETION		140	-0.33748317	-1.2794354	0.034300793	0.4263109	1.0	2346	tags=20%, list=12%, signal=23%	
GOBP_POSITIVE_REGULATION_OF_AUTOPHAGY	GOBP_POSITIVE_REGULATION_OF_AUTOPHAGY		148	-0.33570054	-1.278808	0.044155844	0.42712727	1.0	2562	tags=22%, list=13%, signal=25%	
GOBP_RECOMBINATIONAL_REPAIR	GOBP_RECOMBINATIONAL_REPAIR		172	-0.33519956	-1.2784925	0.042857144	0.42718437	1.0	5075	tags=40%, list=26%, signal=53%	
GOBP_RESPONSE_TO_INTERLEUKIN_4	GOBP_RESPONSE_TO_INTERLEUKIN_4		37	-0.43199623	-1.277962	0.12528473	0.4278134	1.0	2382	tags=24%, list=12%, signal=28%	
GOBP_CARBOHYDRATE_PHOSPHORYLATION	GOBP_CARBOHYDRATE_PHOSPHORYLATION		22	-0.4754312	-1.2776097	0.1521739	0.42791468	1.0	3165	tags=36%, list=16%, signal=43%	
GOCC_PROTEIN_LIPID_COMPLEX	GOCC_PROTEIN_LIPID_COMPLEX		38	-0.4241006	-1.2773099	0.13043478	0.4279264	1.0	2072	tags=18%, list=11%, signal=21%	
GOBP_KERATINIZATION	GOBP_KERATINIZATION		78	-0.36998087	-1.2771943	0.06994819	0.42750713	1.0	2083	tags=18%, list=11%, signal=20%	
GOBP_INFLAMMASOME_MEDIATED_SIGNALING_PATHWAY	GOBP_INFLAMMASOME_MEDIATED_SIGNALING_PATHWAY		41	-0.4170332	-1.27683	0.12527473	0.42769867	1.0	2720	tags=27%, list=14%, signal=31%	
GOBP_IMMUNOGLOBULIN_PRODUCTION_INVOLVED_IN_IMMUNOGLOBULIN_MEDIATED_IMMUNE_RESPONSE	GOBP_IMMUNOGLOBULIN_PRODUCTION_INVOLVED_IN_IMMUNOGLOBULIN_MEDIATED_IMMUNE_RESPONSE		54	-0.39301568	-1.2768224	0.105726875	0.4269962	1.0	4041	tags=31%, list=21%, signal=40%	
GOMF_PHOSPHATIDYLINOSITOL_3_4_5_TRISPHOSPHATE_BINDING	GOMF_PHOSPHATIDYLINOSITOL_3_4_5_TRISPHOSPHATE_BINDING		37	-0.42587632	-1.276655	0.11956522	0.4267307	1.0	2412	tags=30%, list=12%, signal=34%	
GOBP_ANTIGEN_PROCESSING_AND_PRESENTATION_OF_EXOGENOUS_PEPTIDE_ANTIGEN	GOBP_ANTIGEN_PROCESSING_AND_PRESENTATION_OF_EXOGENOUS_PEPTIDE_ANTIGEN		39	-0.42268732	-1.2764783	0.118987344	0.4264365	1.0	1837	tags=26%, list=9%, signal=28%	
GOBP_POSITIVE_REGULATION_OF_LEUKOCYTE_PROLIFERATION	GOBP_POSITIVE_REGULATION_OF_LEUKOCYTE_PROLIFERATION		158	-0.3334324	-1.2761958	0.043613706	0.42643824	1.0	2816	tags=26%, list=14%, signal=30%	
GOBP_REGULATION_OF_VESICLE_MEDIATED_TRANSPORT	GOBP_REGULATION_OF_VESICLE_MEDIATED_TRANSPORT		489	-0.30012542	-1.275476	0.003921569	0.42747942	1.0	3102	tags=23%, list=16%, signal=27%	
GOMF_CYSTEINE_TYPE_ENDOPEPTIDASE_INHIBITOR_ACTIVITY_INVOLVED_IN_APOPTOTIC_PROCESS	GOMF_CYSTEINE_TYPE_ENDOPEPTIDASE_INHIBITOR_ACTIVITY_INVOLVED_IN_APOPTOTIC_PROCESS		20	-0.4847666	-1.2745429	0.15450644	0.42901623	1.0	3100	tags=35%, list=16%, signal=42%	
GOBP_AMELOGENESIS	GOBP_AMELOGENESIS		26	-0.47136912	-1.2732377	0.14155251	0.43152592	1.0	3893	tags=35%, list=20%, signal=43%	
GOMF_O_METHYLTRANSFERASE_ACTIVITY	GOMF_O_METHYLTRANSFERASE_ACTIVITY		23	-0.47942883	-1.2729801	0.14767933	0.43146044	1.0	3008	tags=30%, list=15%, signal=36%	
GOBP_RESPONSE_TO_TUMOR_CELL	GOBP_RESPONSE_TO_TUMOR_CELL		41	-0.41324678	-1.2726134	0.108843535	0.43164983	1.0	3282	tags=32%, list=17%, signal=38%	
GOBP_REVERSE_CHOLESTEROL_TRANSPORT	GOBP_REVERSE_CHOLESTEROL_TRANSPORT		17	-0.50528586	-1.2725816	0.16666667	0.43102366	1.0	4739	tags=53%, list=24%, signal=70%	
GOMF_GTPASE_ACTIVATOR_ACTIVITY	GOMF_GTPASE_ACTIVATOR_ACTIVITY		250	-0.31702337	-1.2725165	0.029411765	0.43047184	1.0	2856	tags=24%, list=15%, signal=28%	
GOMF_AMINE_BINDING	GOMF_AMINE_BINDING		15	-0.5190507	-1.2724432	0.16317992	0.4299624	1.0	4003	tags=33%, list=21%, signal=42%	
GOMF_MACROMOLECULE_TRANSMEMBRANE_TRANSPORTER_ACTIVITY	GOMF_MACROMOLECULE_TRANSMEMBRANE_TRANSPORTER_ACTIVITY		30	-0.44282198	-1.2717843	0.1367713	0.43092456	1.0	5329	tags=47%, list=27%, signal=64%	
GOBP_NEGATIVE_REGULATION_OF_CELL_KILLING	GOBP_NEGATIVE_REGULATION_OF_CELL_KILLING		29	-0.45361015	-1.2712163	0.13194445	0.43155673	1.0	2932	tags=41%, list=15%, signal=49%	
GOBP_GLYCEROPHOSPHOLIPID_METABOLIC_PROCESS	GOBP_GLYCEROPHOSPHOLIPID_METABOLIC_PROCESS		285	-0.31212422	-1.2699523	0.02909091	0.43408078	1.0	3081	tags=26%, list=16%, signal=31%	
GOBP_POSITIVE_REGULATION_OF_TRANSCRIPTION_ELONGATION_BY_RNA_POLYMERASE_II	GOBP_POSITIVE_REGULATION_OF_TRANSCRIPTION_ELONGATION_BY_RNA_POLYMERASE_II		47	-0.40328482	-1.2695538	0.10786517	0.4343914	1.0	5205	tags=45%, list=27%, signal=61%	
GOBP_POSITIVE_REGULATION_OF_NEURON_APOPTOTIC_PROCESS	GOBP_POSITIVE_REGULATION_OF_NEURON_APOPTOTIC_PROCESS		62	-0.38129297	-1.2694811	0.09417041	0.43382916	1.0	4866	tags=40%, list=25%, signal=54%	
GOBP_REGULATION_OF_ENDOCYTOSIS	GOBP_REGULATION_OF_ENDOCYTOSIS		279	-0.31466004	-1.2684703	0.015527951	0.43558446	1.0	3683	tags=29%, list=19%, signal=36%	
GOBP_ORGANELLE_MEMBRANE_FUSION	GOBP_ORGANELLE_MEMBRANE_FUSION		117	-0.34580773	-1.2670436	0.05464481	0.43851358	1.0	4438	tags=34%, list=23%, signal=44%	
GOMF_CHEMOREPELLENT_ACTIVITY	GOMF_CHEMOREPELLENT_ACTIVITY		28	-0.4400914	-1.2661349	0.14529915	0.44012868	1.0	3629	tags=39%, list=19%, signal=48%	
GOBP_CELLULAR_RESPONSE_TO_STARVATION	GOBP_CELLULAR_RESPONSE_TO_STARVATION		161	-0.33516	-1.2658762	0.04573171	0.4400814	1.0	2890	tags=23%, list=15%, signal=27%	
GOBP_VASCULAR_ENDOTHELIAL_GROWTH_FACTOR_PRODUCTION	GOBP_VASCULAR_ENDOTHELIAL_GROWTH_FACTOR_PRODUCTION		36	-0.42246205	-1.2658035	0.11111111	0.43955675	1.0	2737	tags=31%, list=14%, signal=36%	
GOBP_REGULATION_OF_VESICLE_SIZE	GOBP_REGULATION_OF_VESICLE_SIZE		18	-0.49814066	-1.2655932	0.16523606	0.43935734	1.0	3417	tags=39%, list=18%, signal=47%	
GOMF_PROTEIN_TRANSMEMBRANE_TRANSPORTER_ACTIVITY	GOMF_PROTEIN_TRANSMEMBRANE_TRANSPORTER_ACTIVITY		26	-0.46601406	-1.2655063	0.14473684	0.43885395	1.0	5329	tags=50%, list=27%, signal=69%	
GOBP_ACTIVATION_OF_PHOSPHOLIPASE_C_ACTIVITY	GOBP_ACTIVATION_OF_PHOSPHOLIPASE_C_ACTIVITY		23	-0.47285005	-1.264852	0.17621145	0.4398544	1.0	2217	tags=30%, list=11%, signal=34%	
GOBP_REGULATION_OF_HUMORAL_IMMUNE_RESPONSE	GOBP_REGULATION_OF_HUMORAL_IMMUNE_RESPONSE		41	-0.40660378	-1.2640111	0.12727273	0.44124177	1.0	2957	tags=32%, list=15%, signal=37%	
GOBP_GRANULOCYTE_DIFFERENTIATION	GOBP_GRANULOCYTE_DIFFERENTIATION		39	-0.4192099	-1.2634408	0.12413793	0.44195068	1.0	3230	tags=31%, list=17%, signal=37%	
GOMF_CLATHRIN_BINDING	GOMF_CLATHRIN_BINDING		55	-0.39082137	-1.2634356	0.12149533	0.44124898	1.0	2494	tags=25%, list=13%, signal=29%	
GOMF_1_PHOSPHATIDYLINOSITOL_3_KINASE_REGULATOR_ACTIVITY	GOMF_1_PHOSPHATIDYLINOSITOL_3_KINASE_REGULATOR_ACTIVITY		15	-0.5196954	-1.2633282	0.14791666	0.44079682	1.0	4430	tags=53%, list=23%, signal=69%	
GOBP_GLYCINE_TRANSPORT	GOBP_GLYCINE_TRANSPORT		15	-0.5267659	-1.2630463	0.20682302	0.44087395	1.0	1861	tags=27%, list=10%, signal=29%	
GOBP_POSITIVE_REGULATION_OF_ERYTHROCYTE_DIFFERENTIATION	GOBP_POSITIVE_REGULATION_OF_ERYTHROCYTE_DIFFERENTIATION		29	-0.4476	-1.2628814	0.1425532	0.4405504	1.0	1498	tags=21%, list=8%, signal=22%	
GOCC_CLATHRIN_COATED_VESICLE_MEMBRANE	GOCC_CLATHRIN_COATED_VESICLE_MEMBRANE		132	-0.33979475	-1.2620108	0.061333332	0.44208968	1.0	3300	tags=27%, list=17%, signal=32%	
GOBP_ACTIVATION_OF_CYSTEINE_TYPE_ENDOPEPTIDASE_ACTIVITY_INVOLVED_IN_APOPTOTIC_PROCESS	GOBP_ACTIVATION_OF_CYSTEINE_TYPE_ENDOPEPTIDASE_ACTIVITY_INVOLVED_IN_APOPTOTIC_PROCESS		68	-0.37257966	-1.2604752	0.09701493	0.4455232	1.0	2646	tags=28%, list=14%, signal=32%	
GOBP_PIRNA_PROCESSING	GOBP_PIRNA_PROCESSING		19	-0.48861113	-1.2593297	0.17307693	0.44783342	1.0	4277	tags=26%, list=22%, signal=34%	
GOBP_POSITIVE_REGULATION_OF_CYSTEINE_TYPE_ENDOPEPTIDASE_ACTIVITY	GOBP_POSITIVE_REGULATION_OF_CYSTEINE_TYPE_ENDOPEPTIDASE_ACTIVITY		122	-0.34508556	-1.2561569	0.062015504	0.45544997	1.0	3847	tags=32%, list=20%, signal=40%	
GOBP_MYELOID_CELL_DEVELOPMENT	GOBP_MYELOID_CELL_DEVELOPMENT		85	-0.36304414	-1.25608	0.08695652	0.45494503	1.0	3306	tags=35%, list=17%, signal=42%	
GOBP_PROTEIN_LOCALIZATION_TO_CHROMATIN	GOBP_PROTEIN_LOCALIZATION_TO_CHROMATIN		36	-0.42611915	-1.2557377	0.14123006	0.45512435	1.0	5627	tags=44%, list=29%, signal=62%	
GOBP_NEGATIVE_REGULATION_OF_PROTEASOMAL_UBIQUITIN_DEPENDENT_PROTEIN_CATABOLIC_PROCESS	GOBP_NEGATIVE_REGULATION_OF_PROTEASOMAL_UBIQUITIN_DEPENDENT_PROTEIN_CATABOLIC_PROCESS		36	-0.42998132	-1.2553949	0.1294964	0.4553082	1.0	4970	tags=36%, list=26%, signal=48%	
GOBP_VACUOLAR_LOCALIZATION	GOBP_VACUOLAR_LOCALIZATION		81	-0.3698092	-1.2552536	0.08121827	0.454996	1.0	4758	tags=42%, list=24%, signal=55%	
GOBP_QUINONE_METABOLIC_PROCESS	GOBP_QUINONE_METABOLIC_PROCESS		22	-0.4756425	-1.2546067	0.1877637	0.4559176	1.0	2504	tags=23%, list=13%, signal=26%	
GOBP_VITAMIN_TRANSPORT	GOBP_VITAMIN_TRANSPORT		48	-0.39334273	-1.2541811	0.105747126	0.4563436	1.0	2974	tags=27%, list=15%, signal=32%	
GOBP_PERK_MEDIATED_UNFOLDED_PROTEIN_RESPONSE	GOBP_PERK_MEDIATED_UNFOLDED_PROTEIN_RESPONSE		20	-0.48180088	-1.2541199	0.17982456	0.45576534	1.0	3786	tags=35%, list=19%, signal=43%	
GOBP_REGULATION_OF_POSTSYNAPTIC_NEUROTRANSMITTER_RECEPTOR_INTERNALIZATION	GOBP_REGULATION_OF_POSTSYNAPTIC_NEUROTRANSMITTER_RECEPTOR_INTERNALIZATION		19	-0.48819652	-1.2540603	0.17672414	0.455215	1.0	5794	tags=58%, list=30%, signal=82%	
GOBP_ALDITOL_METABOLIC_PROCESS	GOBP_ALDITOL_METABOLIC_PROCESS		22	-0.4749976	-1.253805	0.16313559	0.4551537	1.0	2761	tags=32%, list=14%, signal=37%	
GOBP_MULTICELLULAR_ORGANISMAL_LEVEL_IRON_ION_HOMEOSTASIS	GOBP_MULTICELLULAR_ORGANISMAL_LEVEL_IRON_ION_HOMEOSTASIS		24	-0.47233978	-1.2528632	0.16530612	0.45690227	1.0	1686	tags=33%, list=9%, signal=36%	
GOBP_REGULATION_OF_CELL_CELL_ADHESION	GOBP_REGULATION_OF_CELL_CELL_ADHESION		473	-0.29373968	-1.2523814	0.007968128	0.45743072	1.0	3858	tags=31%, list=20%, signal=38%	
GOBP_DENDRITIC_CELL_CHEMOTAXIS	GOBP_DENDRITIC_CELL_CHEMOTAXIS		23	-0.46229365	-1.2523156	0.17043121	0.4568767	1.0	2582	tags=30%, list=13%, signal=35%	
GOBP_LIPOSACCHARIDE_METABOLIC_PROCESS	GOBP_LIPOSACCHARIDE_METABOLIC_PROCESS		106	-0.34602946	-1.2512444	0.067204304	0.45902976	1.0	4293	tags=34%, list=22%, signal=43%	
GOMF_OXIDOREDUCTASE_ACTIVITY_ACTING_ON_PAIRED_DONORS_WITH_INCORPORATION_OR_REDUCTION_OF_MOLECULAR_OXYGEN_REDUCED_FLAVIN_OR_FLAVOPROTEIN_AS_ONE_DONOR_AND_INCORPORATION_OF_ONE_ATOM_OF_OXYGEN	GOMF_OXIDOREDUCTASE_ACTIVITY_ACTING_ON_PAIRED_DONORS_WITH_INCORPORATION_OR_REDUCTION_OF_MOLECULAR_OXYGEN_REDUCED_FLAVIN_OR_FLAVOPROTEIN_AS_ONE_DONOR_AND_INCORPORATION_OF_ONE_ATOM_OF_OXYGEN		43	-0.41095707	-1.2507323	0.13875598	0.45964068	1.0	838	tags=16%, list=4%, signal=17%	
GOBP_SPLEEN_DEVELOPMENT	GOBP_SPLEEN_DEVELOPMENT		38	-0.41801792	-1.2502934	0.15333334	0.46009505	1.0	4749	tags=39%, list=24%, signal=52%	
GOMF_METAL_CLUSTER_BINDING	GOMF_METAL_CLUSTER_BINDING		68	-0.3786084	-1.2502831	0.11111111	0.45940802	1.0	4383	tags=37%, list=23%, signal=47%	
GOBP_CERAMIDE_BIOSYNTHETIC_PROCESS	GOBP_CERAMIDE_BIOSYNTHETIC_PROCESS		64	-0.38448483	-1.2484998	0.09546539	0.46343902	1.0	3682	tags=38%, list=19%, signal=46%	
GOBP_POSITIVE_REGULATION_OF_MYELOID_LEUKOCYTE_CYTOKINE_PRODUCTION_INVOLVED_IN_IMMUNE_RESPONSE	GOBP_POSITIVE_REGULATION_OF_MYELOID_LEUKOCYTE_CYTOKINE_PRODUCTION_INVOLVED_IN_IMMUNE_RESPONSE		34	-0.42739037	-1.2481359	0.1594533	0.46368122	1.0	1985	tags=29%, list=10%, signal=33%	
GOBP_PROTEIN_KINASE_C_ACTIVATING_G_PROTEIN_COUPLED_RECEPTOR_SIGNALING_PATHWAY	GOBP_PROTEIN_KINASE_C_ACTIVATING_G_PROTEIN_COUPLED_RECEPTOR_SIGNALING_PATHWAY		27	-0.45628452	-1.2474337	0.15638767	0.46481043	1.0	4688	tags=37%, list=24%, signal=49%	
GOBP_POSITIVE_REGULATION_OF_DEFENSE_RESPONSE_TO_VIRUS_BY_HOST	GOBP_POSITIVE_REGULATION_OF_DEFENSE_RESPONSE_TO_VIRUS_BY_HOST		26	-0.44717485	-1.247226	0.15296803	0.46464875	1.0	3196	tags=46%, list=16%, signal=55%	
GOBP_NITRIC_OXIDE_SYNTHASE_BIOSYNTHETIC_PROCESS	GOBP_NITRIC_OXIDE_SYNTHASE_BIOSYNTHETIC_PROCESS		18	-0.5015609	-1.2466241	0.19375	0.46557662	1.0	3481	tags=44%, list=18%, signal=54%	
GOBP_PROTEIN_TRANSMEMBRANE_TRANSPORT	GOBP_PROTEIN_TRANSMEMBRANE_TRANSPORT		73	-0.368711	-1.2461131	0.08983452	0.4662401	1.0	4053	tags=30%, list=21%, signal=38%	
GOBP_REGULATION_OF_NEUROINFLAMMATORY_RESPONSE	GOBP_REGULATION_OF_NEUROINFLAMMATORY_RESPONSE		33	-0.43008408	-1.2457626	0.16666667	0.46647093	1.0	4151	tags=55%, list=21%, signal=69%	
GOBP_HEMATOPOIETIC_OR_LYMPHOID_ORGAN_DEVELOPMENT	GOBP_HEMATOPOIETIC_OR_LYMPHOID_ORGAN_DEVELOPMENT		96	-0.35582262	-1.245339	0.069767445	0.46690476	1.0	4306	tags=31%, list=22%, signal=40%	
GOBP_PHOTORECEPTOR_CELL_DIFFERENTIATION	GOBP_PHOTORECEPTOR_CELL_DIFFERENTIATION		62	-0.37979814	-1.2451978	0.10757946	0.46657473	1.0	2036	tags=18%, list=10%, signal=20%	
GOMF_PROTEIN_MEMBRANE_ADAPTOR_ACTIVITY	GOMF_PROTEIN_MEMBRANE_ADAPTOR_ACTIVITY		34	-0.4316478	-1.2441055	0.16972478	0.46869192	1.0	3639	tags=32%, list=19%, signal=40%	
GOBP_POSITIVE_REGULATION_OF_INSULIN_SECRETION	GOBP_POSITIVE_REGULATION_OF_INSULIN_SECRETION		83	-0.35698125	-1.243755	0.08629441	0.4688147	1.0	3190	tags=24%, list=16%, signal=29%	
GOBP_CELL_SURFACE_PATTERN_RECOGNITION_RECEPTOR_SIGNALING_PATHWAY	GOBP_CELL_SURFACE_PATTERN_RECOGNITION_RECEPTOR_SIGNALING_PATHWAY		73	-0.36411944	-1.2431067	0.098280095	0.46981332	1.0	3587	tags=36%, list=18%, signal=44%	
GOBP_CYTOPLASM_ORGANIZATION	GOBP_CYTOPLASM_ORGANIZATION		15	-0.5167278	-1.2422105	0.19175258	0.4715468	1.0	5585	tags=47%, list=29%, signal=65%	
GOBP_REGULATION_OF_ERYTHROCYTE_DIFFERENTIATION	GOBP_REGULATION_OF_ERYTHROCYTE_DIFFERENTIATION		42	-0.40583572	-1.2417892	0.1369863	0.4720007	1.0	1498	tags=21%, list=8%, signal=23%	
GOBP_REGULATION_OF_DEFENSE_RESPONSE_TO_VIRUS	GOBP_REGULATION_OF_DEFENSE_RESPONSE_TO_VIRUS		56	-0.38447374	-1.2412785	0.12529002	0.47261715	1.0	3196	tags=36%, list=16%, signal=43%	
GOBP_REGULATION_OF_VIRAL_PROCESS	GOBP_REGULATION_OF_VIRAL_PROCESS		157	-0.32256383	-1.2412299	0.053521127	0.47202846	1.0	4766	tags=33%, list=25%, signal=44%	
GOMF_DYNEIN_LIGHT_INTERMEDIATE_CHAIN_BINDING	GOMF_DYNEIN_LIGHT_INTERMEDIATE_CHAIN_BINDING		26	-0.45600763	-1.2409316	0.15631692	0.47214326	1.0	2232	tags=23%, list=11%, signal=26%	
GOBP_REGULATION_OF_LYMPHOCYTE_APOPTOTIC_PROCESS	GOBP_REGULATION_OF_LYMPHOCYTE_APOPTOTIC_PROCESS		58	-0.38632533	-1.240735	0.15061729	0.47193626	1.0	4234	tags=43%, list=22%, signal=55%	
GOBP_INNATE_IMMUNE_RESPONSE_ACTIVATING_CELL_SURFACE_RECEPTOR_SIGNALING_PATHWAY	GOBP_INNATE_IMMUNE_RESPONSE_ACTIVATING_CELL_SURFACE_RECEPTOR_SIGNALING_PATHWAY		93	-0.35127702	-1.239389	0.08937198	0.47479373	1.0	3587	tags=35%, list=18%, signal=43%	
GOBP_T_HELPER_1_TYPE_IMMUNE_RESPONSE	GOBP_T_HELPER_1_TYPE_IMMUNE_RESPONSE		48	-0.3945848	-1.2382965	0.12383178	0.4769926	1.0	2981	tags=35%, list=15%, signal=42%	
GOBP_MEMBRANE_LIPID_BIOSYNTHETIC_PROCESS	GOBP_MEMBRANE_LIPID_BIOSYNTHETIC_PROCESS		141	-0.3317987	-1.2380586	0.06849315	0.47689965	1.0	3449	tags=30%, list=18%, signal=37%	
GOBP_B_CELL_ACTIVATION_INVOLVED_IN_IMMUNE_RESPONSE	GOBP_B_CELL_ACTIVATION_INVOLVED_IN_IMMUNE_RESPONSE		84	-0.3620153	-1.2374252	0.09569378	0.4778733	1.0	2689	tags=21%, list=14%, signal=25%	
GOBP_REGULATION_OF_LEUKOCYTE_APOPTOTIC_PROCESS	GOBP_REGULATION_OF_LEUKOCYTE_APOPTOTIC_PROCESS		85	-0.35427055	-1.2373198	0.101265825	0.47740018	1.0	3197	tags=31%, list=16%, signal=36%	
GOBP_PROTEIN_TARGETING	GOBP_PROTEIN_TARGETING		307	-0.30368748	-1.236763	0.020833334	0.47813344	1.0	3196	tags=23%, list=16%, signal=27%	
GOCC_FLEMMING_BODY	GOCC_FLEMMING_BODY		34	-0.42219839	-1.236659	0.1550926	0.4776928	1.0	7019	tags=50%, list=36%, signal=78%	
GOBP_REGULATION_OF_CYTOPLASMIC_PATTERN_RECOGNITION_RECEPTOR_SIGNALING_PATHWAY	GOBP_REGULATION_OF_CYTOPLASMIC_PATTERN_RECOGNITION_RECEPTOR_SIGNALING_PATHWAY		107	-0.33848718	-1.2353419	0.083333336	0.48058808	1.0	4392	tags=32%, list=23%, signal=41%	
GOBP_BRANCHING_INVOLVED_IN_MAMMARY_GLAND_DUCT_MORPHOGENESIS	GOBP_BRANCHING_INVOLVED_IN_MAMMARY_GLAND_DUCT_MORPHOGENESIS		23	-0.4685079	-1.2346758	0.17211328	0.481662	1.0	1798	tags=17%, list=9%, signal=19%	
GOBP_REGULATION_OF_PROTEIN_DEPHOSPHORYLATION	GOBP_REGULATION_OF_PROTEIN_DEPHOSPHORYLATION		67	-0.3706816	-1.2345172	0.12857144	0.4814108	1.0	2149	tags=22%, list=11%, signal=25%	
GOBP_3_PHOSPHOADENOSINE_5_PHOSPHOSULFATE_METABOLIC_PROCESS	GOBP_3_PHOSPHOADENOSINE_5_PHOSPHOSULFATE_METABOLIC_PROCESS		16	-0.5070321	-1.233759	0.20124482	0.48277164	1.0	4016	tags=50%, list=21%, signal=63%	
GOBP_REGULATION_OF_NUCLEOBASE_CONTAINING_COMPOUND_TRANSPORT	GOBP_REGULATION_OF_NUCLEOBASE_CONTAINING_COMPOUND_TRANSPORT		16	-0.5026436	-1.2335954	0.18888889	0.48250332	1.0	4804	tags=50%, list=25%, signal=66%	
GOBP_POSITIVE_REGULATION_OF_TORC1_SIGNALING	GOBP_POSITIVE_REGULATION_OF_TORC1_SIGNALING		49	-0.3989486	-1.2333797	0.15111111	0.4823827	1.0	4351	tags=37%, list=22%, signal=47%	
GOBP_HIGH_DENSITY_LIPOPROTEIN_PARTICLE_REMODELING	GOBP_HIGH_DENSITY_LIPOPROTEIN_PARTICLE_REMODELING		17	-0.50397825	-1.2329826	0.20281124	0.48276073	1.0	2896	tags=35%, list=15%, signal=41%	
GOCC_AGGRESOME	GOCC_AGGRESOME		34	-0.41272166	-1.2315843	0.16063349	0.48594365	1.0	2359	tags=26%, list=12%, signal=30%	
GOBP_NEGATIVE_REGULATION_OF_SECRETION	GOBP_NEGATIVE_REGULATION_OF_SECRETION		160	-0.32180727	-1.2308444	0.047486033	0.48722634	1.0	2161	tags=17%, list=11%, signal=19%	
GOBP_ANTIGEN_PROCESSING_AND_PRESENTATION_OF_EXOGENOUS_ANTIGEN	GOBP_ANTIGEN_PROCESSING_AND_PRESENTATION_OF_EXOGENOUS_ANTIGEN		48	-0.39107773	-1.2302951	0.14558473	0.48796368	1.0	1837	tags=23%, list=9%, signal=25%	
GOBP_MAINTENANCE_OF_GASTROINTESTINAL_EPITHELIUM	GOBP_MAINTENANCE_OF_GASTROINTESTINAL_EPITHELIUM		22	-0.46659952	-1.2294064	0.19181034	0.48974144	1.0	1599	tags=23%, list=8%, signal=25%	
GOBP_CELLULAR_RESPONSE_TO_FATTY_ACID	GOBP_CELLULAR_RESPONSE_TO_FATTY_ACID		33	-0.41880804	-1.2292645	0.14965986	0.48938066	1.0	1919	tags=27%, list=10%, signal=30%	
GOCC_IMMUNOLOGICAL_SYNAPSE	GOCC_IMMUNOLOGICAL_SYNAPSE		44	-0.3992777	-1.2292228	0.138322	0.48876846	1.0	1752	tags=20%, list=9%, signal=22%	
GOBP_ANTIGEN_PROCESSING_AND_PRESENTATION_OF_PEPTIDE_ANTIGEN_VIA_MHC_CLASS_I	GOBP_ANTIGEN_PROCESSING_AND_PRESENTATION_OF_PEPTIDE_ANTIGEN_VIA_MHC_CLASS_I		37	-0.40707144	-1.2288879	0.15536106	0.4889658	1.0	4878	tags=51%, list=25%, signal=68%	
GOBP_NEGATIVE_REGULATION_OF_AMINO_ACID_TRANSPORT	GOBP_NEGATIVE_REGULATION_OF_AMINO_ACID_TRANSPORT		15	-0.5032782	-1.22836	0.19271949	0.48962894	1.0	2039	tags=27%, list=10%, signal=30%	
GOBP_NEGATIVE_REGULATION_OF_IMMUNE_EFFECTOR_PROCESS	GOBP_NEGATIVE_REGULATION_OF_IMMUNE_EFFECTOR_PROCESS		120	-0.33575293	-1.2282388	0.0828877	0.4892339	1.0	2238	tags=28%, list=12%, signal=32%	
GOBP_NEUROTRANSMITTER_RECEPTOR_INTERNALIZATION	GOBP_NEUROTRANSMITTER_RECEPTOR_INTERNALIZATION		34	-0.42357174	-1.2279234	0.15659955	0.4893906	1.0	5794	tags=53%, list=30%, signal=75%	
GOBP_REGULATION_OF_INFLAMMASOME_MEDIATED_SIGNALING_PATHWAY	GOBP_REGULATION_OF_INFLAMMASOME_MEDIATED_SIGNALING_PATHWAY		36	-0.41234833	-1.227627	0.16289593	0.48947263	1.0	2720	tags=25%, list=14%, signal=29%	
GOBP_REGULATION_OF_URINE_VOLUME	GOBP_REGULATION_OF_URINE_VOLUME		22	-0.45537716	-1.22757	0.19603524	0.4889029	1.0	4688	tags=50%, list=24%, signal=66%	
GOBP_IMMUNE_SYSTEM_DEVELOPMENT	GOBP_IMMUNE_SYSTEM_DEVELOPMENT		187	-0.31722412	-1.2271038	0.038235296	0.48948053	1.0	4306	tags=30%, list=22%, signal=39%	
GOBP_T_CELL_APOPTOTIC_PROCESS	GOBP_T_CELL_APOPTOTIC_PROCESS		57	-0.3774238	-1.2262654	0.11380145	0.49105433	1.0	4234	tags=42%, list=22%, signal=54%	
GOMF_MHC_PROTEIN_BINDING	GOMF_MHC_PROTEIN_BINDING		28	-0.44931486	-1.2258555	0.17660044	0.49141908	1.0	5001	tags=46%, list=26%, signal=62%	
GOCC_RNAI_EFFECTOR_COMPLEX	GOCC_RNAI_EFFECTOR_COMPLEX		17	-0.4990773	-1.2256321	0.21729958	0.49130926	1.0	4232	tags=41%, list=22%, signal=53%	
GOBP_DEOXYRIBONUCLEOSIDE_MONOPHOSPHATE_METABOLIC_PROCESS	GOBP_DEOXYRIBONUCLEOSIDE_MONOPHOSPHATE_METABOLIC_PROCESS		24	-0.4624808	-1.2250347	0.18238993	0.4921983	1.0	3605	tags=29%, list=19%, signal=36%	
GOBP_NATURAL_KILLER_CELL_PROLIFERATION	GOBP_NATURAL_KILLER_CELL_PROLIFERATION		15	-0.5009948	-1.2249135	0.2	0.49182197	1.0	4108	tags=53%, list=21%, signal=68%	
GOMF_HYDROLASE_ACTIVITY_ACTING_ON_CARBON_NITROGEN_BUT_NOT_PEPTIDE_BONDS_IN_LINEAR_AMIDES	GOMF_HYDROLASE_ACTIVITY_ACTING_ON_CARBON_NITROGEN_BUT_NOT_PEPTIDE_BONDS_IN_LINEAR_AMIDES		71	-0.35783696	-1.2247058	0.1142132	0.49165797	1.0	3828	tags=31%, list=20%, signal=38%	
GOBP_SYNAPTIC_VESICLE_TRANSPORT	GOBP_SYNAPTIC_VESICLE_TRANSPORT		41	-0.40084326	-1.2245767	0.1496437	0.49129292	1.0	3874	tags=34%, list=20%, signal=43%	
GOBP_UBIQUINONE_METABOLIC_PROCESS	GOBP_UBIQUINONE_METABOLIC_PROCESS		17	-0.49594715	-1.2244345	0.20974576	0.4909787	1.0	2504	tags=24%, list=13%, signal=27%	
GOBP_POSITIVE_REGULATION_OF_DNA_TEMPLATED_TRANSCRIPTION_ELONGATION	GOBP_POSITIVE_REGULATION_OF_DNA_TEMPLATED_TRANSCRIPTION_ELONGATION		56	-0.37823424	-1.2237909	0.13333334	0.49195087	1.0	5205	tags=43%, list=27%, signal=58%	
GOBP_REGULATION_OF_PEPTIDASE_ACTIVITY	GOBP_REGULATION_OF_PEPTIDASE_ACTIVITY		280	-0.30182967	-1.223317	0.027210884	0.49256024	1.0	2787	tags=24%, list=14%, signal=27%	
GOBP_POSITIVE_REGULATION_OF_CELL_CELL_ADHESION	GOBP_POSITIVE_REGULATION_OF_CELL_CELL_ADHESION		314	-0.2985142	-1.2230599	0.031034483	0.49256286	1.0	3481	tags=29%, list=18%, signal=35%	
GOBP_RESPONSE_TO_INTERLEUKIN_17	GOBP_RESPONSE_TO_INTERLEUKIN_17		17	-0.4863451	-1.222819	0.19166666	0.4924954	1.0	2550	tags=35%, list=13%, signal=41%	
GOCC_CYTOPLASMIC_SIDE_OF_MEMBRANE	GOCC_CYTOPLASMIC_SIDE_OF_MEMBRANE		196	-0.3121744	-1.2223161	0.046647232	0.49326003	1.0	3683	tags=31%, list=19%, signal=37%	
GOBP_SYNAPTIC_VESICLE_MATURATION	GOBP_SYNAPTIC_VESICLE_MATURATION		25	-0.43947926	-1.2222418	0.19354838	0.49277705	1.0	4843	tags=44%, list=25%, signal=59%	
GOBP_REGULATION_OF_CELLULAR_CATABOLIC_PROCESS	GOBP_REGULATION_OF_CELLULAR_CATABOLIC_PROCESS		432	-0.2921745	-1.2221581	0.018115941	0.4923042	1.0	2615	tags=20%, list=13%, signal=23%	
GOBP_EPOXYGENASE_P450_PATHWAY	GOBP_EPOXYGENASE_P450_PATHWAY		18	-0.48805907	-1.2220786	0.1904762	0.49181986	1.0	3229	tags=33%, list=17%, signal=40%	
GOBP_NEGATIVE_REGULATION_OF_CD4_POSITIVE_ALPHA_BETA_T_CELL_ACTIVATION	GOBP_NEGATIVE_REGULATION_OF_CD4_POSITIVE_ALPHA_BETA_T_CELL_ACTIVATION		32	-0.42632058	-1.2219657	0.19037199	0.49142838	1.0	2445	tags=34%, list=13%, signal=39%	
GOBP_NEGATIVE_REGULATION_OF_PROTEOLYSIS	GOBP_NEGATIVE_REGULATION_OF_PROTEOLYSIS		209	-0.3124773	-1.2219219	0.041666668	0.49084762	1.0	3885	tags=30%, list=20%, signal=37%	
GOBP_PRODUCTION_OF_MOLECULAR_MEDIATOR_INVOLVED_IN_INFLAMMATORY_RESPONSE	GOBP_PRODUCTION_OF_MOLECULAR_MEDIATOR_INVOLVED_IN_INFLAMMATORY_RESPONSE		85	-0.34736618	-1.2217785	0.10697675	0.49057078	1.0	1776	tags=27%, list=9%, signal=30%	
GOBP_RIBONUCLEOSIDE_CATABOLIC_PROCESS	GOBP_RIBONUCLEOSIDE_CATABOLIC_PROCESS		20	-0.46015477	-1.2214823	0.18777293	0.49065503	1.0	1169	tags=20%, list=6%, signal=21%	
GOBP_PHOSPHATIDYLINOSITOL_PHOSPHATE_BIOSYNTHETIC_PROCESS	GOBP_PHOSPHATIDYLINOSITOL_PHOSPHATE_BIOSYNTHETIC_PROCESS		61	-0.367224	-1.2214339	0.122969836	0.49007398	1.0	2980	tags=28%, list=15%, signal=33%	
GOBP_LIGAND_GATED_ION_CHANNEL_SIGNALING_PATHWAY	GOBP_LIGAND_GATED_ION_CHANNEL_SIGNALING_PATHWAY		31	-0.42832214	-1.2211995	0.17582418	0.49002004	1.0	1612	tags=16%, list=8%, signal=18%	
GOBP_MEMBRANE_LIPID_METABOLIC_PROCESS	GOBP_MEMBRANE_LIPID_METABOLIC_PROCESS		205	-0.30825818	-1.2210705	0.053977273	0.4897004	1.0	3490	tags=28%, list=18%, signal=34%	
GOBP_NEGATIVE_REGULATION_OF_IMMUNE_SYSTEM_PROCESS	GOBP_NEGATIVE_REGULATION_OF_IMMUNE_SYSTEM_PROCESS		481	-0.28684446	-1.2208574	0.016129032	0.4896243	1.0	3322	tags=28%, list=17%, signal=33%	
GOBP_PROGRAMMED_NECROTIC_CELL_DEATH	GOBP_PROGRAMMED_NECROTIC_CELL_DEATH		50	-0.38110137	-1.220149	0.1408776	0.49075764	1.0	3197	tags=28%, list=16%, signal=33%	
GOBP_POSITIVE_REGULATION_OF_PEPTIDE_SECRETION	GOBP_POSITIVE_REGULATION_OF_PEPTIDE_SECRETION		109	-0.33575812	-1.2196777	0.09042553	0.49137783	1.0	2817	tags=23%, list=15%, signal=27%	
GOBP_REGULATION_OF_MONOATOMIC_ANION_TRANSPORT	GOBP_REGULATION_OF_MONOATOMIC_ANION_TRANSPORT		15	-0.5123024	-1.2184149	0.22342733	0.49405578	1.0	4804	tags=53%, list=25%, signal=71%	
GOCC_ENDOCYTIC_VESICLE	GOCC_ENDOCYTIC_VESICLE		339	-0.29559514	-1.216922	0.028846154	0.49748167	1.0	2388	tags=20%, list=12%, signal=22%	
GOBP_REGULATION_OF_NEUTROPHIL_MIGRATION	GOBP_REGULATION_OF_NEUTROPHIL_MIGRATION		43	-0.3971303	-1.2159923	0.15581395	0.49928722	1.0	697	tags=21%, list=4%, signal=22%	
GOMF_OXYGEN_BINDING	GOMF_OXYGEN_BINDING		32	-0.4319224	-1.2156773	0.16517857	0.49951	1.0	838	tags=25%, list=4%, signal=26%	
GOBP_PROGRAMMED_CELL_DEATH_INVOLVED_IN_CELL_DEVELOPMENT	GOBP_PROGRAMMED_CELL_DEATH_INVOLVED_IN_CELL_DEVELOPMENT		24	-0.45047843	-1.2154311	0.20217392	0.49947912	1.0	773	tags=17%, list=4%, signal=17%	
GOBP_SNRNA_3_END_PROCESSING	GOBP_SNRNA_3_END_PROCESSING		21	-0.46568194	-1.2139671	0.19547325	0.502775	1.0	3399	tags=33%, list=17%, signal=40%	
GOBP_REGULATION_OF_MONOOXYGENASE_ACTIVITY	GOBP_REGULATION_OF_MONOOXYGENASE_ACTIVITY		34	-0.4083454	-1.2137719	0.17906977	0.5025753	1.0	2226	tags=26%, list=11%, signal=30%	
GOBP_NEGATIVE_REGULATION_OF_CYTOPLASMIC_PATTERN_RECOGNITION_RECEPTOR_SIGNALING_PATHWAY	GOBP_NEGATIVE_REGULATION_OF_CYTOPLASMIC_PATTERN_RECOGNITION_RECEPTOR_SIGNALING_PATHWAY		49	-0.38577622	-1.21362	0.15037593	0.5023232	1.0	4392	tags=37%, list=23%, signal=47%	
GOMF_PEPTIDE_HORMONE_BINDING	GOMF_PEPTIDE_HORMONE_BINDING		48	-0.38972616	-1.2134492	0.1567696	0.5020722	1.0	1281	tags=17%, list=7%, signal=18%	
GOBP_POSITIVE_REGULATION_OF_PEPTIDASE_ACTIVITY	GOBP_POSITIVE_REGULATION_OF_PEPTIDASE_ACTIVITY		155	-0.3167552	-1.2133591	0.0726257	0.5016373	1.0	3969	tags=33%, list=20%, signal=41%	
GOBP_POSITIVE_REGULATION_OF_HEMOPOIESIS	GOBP_POSITIVE_REGULATION_OF_HEMOPOIESIS		185	-0.3146131	-1.213057	0.054495912	0.50182176	1.0	3230	tags=24%, list=17%, signal=29%	
GOMF_ADENYLYLTRANSFERASE_ACTIVITY	GOMF_ADENYLYLTRANSFERASE_ACTIVITY		21	-0.47084087	-1.2125933	0.21348314	0.5024162	1.0	4253	tags=43%, list=22%, signal=55%	
GOBP_REACTIVE_OXYGEN_SPECIES_METABOLIC_PROCESS	GOBP_REACTIVE_OXYGEN_SPECIES_METABOLIC_PROCESS		218	-0.30803072	-1.2125113	0.05279503	0.5019516	1.0	2737	tags=23%, list=14%, signal=26%	
GOCC_RESPIRATORY_CHAIN_COMPLEX_IV	GOCC_RESPIRATORY_CHAIN_COMPLEX_IV		22	-0.45613143	-1.2115929	0.18340611	0.5038193	1.0	5106	tags=32%, list=26%, signal=43%	
GOBP_SERTOLI_CELL_DEVELOPMENT	GOBP_SERTOLI_CELL_DEVELOPMENT		15	-0.49904773	-1.2114795	0.2235529	0.50342464	1.0	3051	tags=33%, list=16%, signal=40%	
GOBP_NUCLEOSOME_ORGANIZATION	GOBP_NUCLEOSOME_ORGANIZATION		69	-0.35750607	-1.2109199	0.15183246	0.5043214	1.0	4436	tags=30%, list=23%, signal=39%	
GOCC_SNO_S_RNA_CONTAINING_RIBONUCLEOPROTEIN_COMPLEX	GOCC_SNO_S_RNA_CONTAINING_RIBONUCLEOPROTEIN_COMPLEX		25	-0.43890417	-1.2107512	0.19700214	0.5041255	1.0	3860	tags=36%, list=20%, signal=45%	
GOBP_DETERMINATION_OF_ADULT_LIFESPAN	GOBP_DETERMINATION_OF_ADULT_LIFESPAN		32	-0.417529	-1.2106817	0.16628702	0.50362146	1.0	1688	tags=25%, list=9%, signal=27%	
GOBP_VESICLE_FUSION_TO_PLASMA_MEMBRANE	GOBP_VESICLE_FUSION_TO_PLASMA_MEMBRANE		23	-0.44328773	-1.2102758	0.2164009	0.5040884	1.0	1511	tags=22%, list=8%, signal=24%	
GOMF_SUGAR_TRANSMEMBRANE_TRANSPORTER_ACTIVITY	GOMF_SUGAR_TRANSMEMBRANE_TRANSPORTER_ACTIVITY		29	-0.43654573	-1.2100978	0.18380743	0.5039078	1.0	2974	tags=21%, list=15%, signal=24%	
GOBP_LIPOPROTEIN_METABOLIC_PROCESS	GOBP_LIPOPROTEIN_METABOLIC_PROCESS		131	-0.32641172	-1.2099153	0.09770115	0.50369775	1.0	3206	tags=27%, list=17%, signal=32%	
GOBP_REGULATION_OF_PRESYNAPTIC_MEMBRANE_POTENTIAL	GOBP_REGULATION_OF_PRESYNAPTIC_MEMBRANE_POTENTIAL		29	-0.42141628	-1.2096844	0.16923077	0.50366133	1.0	1612	tags=10%, list=8%, signal=11%	
GOBP_PURINE_DEOXYRIBONUCLEOTIDE_METABOLIC_PROCESS	GOBP_PURINE_DEOXYRIBONUCLEOTIDE_METABOLIC_PROCESS		16	-0.4924982	-1.2096184	0.20338982	0.50317174	1.0	3605	tags=25%, list=19%, signal=31%	
GOBP_NEGATIVE_REGULATION_OF_PEPTIDASE_ACTIVITY	GOBP_NEGATIVE_REGULATION_OF_PEPTIDASE_ACTIVITY		119	-0.33203486	-1.2091509	0.11204482	0.5037618	1.0	1990	tags=21%, list=10%, signal=23%	
GOCC_VESICLE_LUMEN	GOCC_VESICLE_LUMEN		321	-0.2938931	-1.2086254	0.02166065	0.50454056	1.0	2476	tags=23%, list=13%, signal=26%	
GOCC_CHITOSOME	GOCC_CHITOSOME		22	-0.45386848	-1.2086226	0.20305677	0.5038626	1.0	1602	tags=23%, list=8%, signal=25%	
GOBP_PIGMENT_METABOLIC_PROCESS	GOBP_PIGMENT_METABOLIC_PROCESS		75	-0.3506753	-1.2085657	0.114285715	0.5033342	1.0	2698	tags=21%, list=14%, signal=25%	
GOBP_PHAGOCYTOSIS_ENGULFMENT	GOBP_PHAGOCYTOSIS_ENGULFMENT		50	-0.3866322	-1.2083845	0.15222482	0.50320876	1.0	2116	tags=24%, list=11%, signal=27%	
GOMF_GLUTAMATE_GATED_RECEPTOR_ACTIVITY	GOMF_GLUTAMATE_GATED_RECEPTOR_ACTIVITY		16	-0.48540214	-1.2081618	0.21017699	0.5030698	1.0	2525	tags=19%, list=13%, signal=22%	
GOCC_RECEPTOR_COMPLEX	GOCC_RECEPTOR_COMPLEX		397	-0.2884555	-1.2075355	0.03436426	0.5040502	1.0	2217	tags=19%, list=11%, signal=21%	
GOMF_POLYUBIQUITIN_MODIFICATION_DEPENDENT_PROTEIN_BINDING	GOMF_POLYUBIQUITIN_MODIFICATION_DEPENDENT_PROTEIN_BINDING		49	-0.38410577	-1.207507	0.1632184	0.50344855	1.0	5185	tags=43%, list=27%, signal=58%	
GOBP_FLUID_TRANSPORT	GOBP_FLUID_TRANSPORT		37	-0.3979928	-1.2070379	0.17431192	0.50407195	1.0	2566	tags=27%, list=13%, signal=31%	
GOBP_CELLULAR_RESPONSE_TO_ARSENIC_CONTAINING_SUBSTANCE	GOBP_CELLULAR_RESPONSE_TO_ARSENIC_CONTAINING_SUBSTANCE		17	-0.4770235	-1.2069784	0.23210412	0.50356036	1.0	4548	tags=41%, list=23%, signal=54%	
GOBP_CELLULAR_RESPONSE_TO_GLUCOSE_STARVATION	GOBP_CELLULAR_RESPONSE_TO_GLUCOSE_STARVATION		43	-0.38852054	-1.2068341	0.15227273	0.503286	1.0	2451	tags=21%, list=13%, signal=24%	
GOMF_EXTRACELLULAR_LIGAND_GATED_MONOATOMIC_ION_CHANNEL_ACTIVITY	GOMF_EXTRACELLULAR_LIGAND_GATED_MONOATOMIC_ION_CHANNEL_ACTIVITY		70	-0.35520256	-1.2049983	0.115869015	0.50765896	1.0	4284	tags=19%, list=22%, signal=24%	
GOBP_REGULATION_OF_MACROPHAGE_ACTIVATION	GOBP_REGULATION_OF_MACROPHAGE_ACTIVATION		55	-0.37572646	-1.2043413	0.15296803	0.50882834	1.0	1614	tags=29%, list=8%, signal=32%	
GOBP_NEGATIVE_REGULATION_OF_NUCLEOTIDE_CATABOLIC_PROCESS	GOBP_NEGATIVE_REGULATION_OF_NUCLEOTIDE_CATABOLIC_PROCESS		18	-0.47666618	-1.2039162	0.23568282	0.5093269	1.0	3109	tags=28%, list=16%, signal=33%	
GOMF_TELOMERASE_RNA_BINDING	GOMF_TELOMERASE_RNA_BINDING		21	-0.46331468	-1.2037773	0.21348314	0.509056	1.0	4179	tags=33%, list=22%, signal=42%	
GOBP_REGULATION_OF_BODY_FLUID_LEVELS	GOBP_REGULATION_OF_BODY_FLUID_LEVELS		369	-0.28947744	-1.2036363	0.020761246	0.5087736	1.0	2969	tags=24%, list=15%, signal=28%	
GOBP_POSITIVE_REGULATION_OF_HYDROLASE_ACTIVITY	GOBP_POSITIVE_REGULATION_OF_HYDROLASE_ACTIVITY		424	-0.28639406	-1.2034427	0.019607844	0.508672	1.0	2791	tags=23%, list=14%, signal=26%	
GOMF_OXIDOREDUCTASE_ACTIVITY_ACTING_ON_THE_CH_CH_GROUP_OF_DONORS_NAD_OR_NADP_AS_ACCEPTOR	GOMF_OXIDOREDUCTASE_ACTIVITY_ACTING_ON_THE_CH_CH_GROUP_OF_DONORS_NAD_OR_NADP_AS_ACCEPTOR		31	-0.41546378	-1.203307	0.19376393	0.50835127	1.0	1991	tags=19%, list=10%, signal=22%	
GOBP_CRISTAE_FORMATION	GOBP_CRISTAE_FORMATION		16	-0.50004363	-1.2025802	0.2258772	0.5096105	1.0	3812	tags=38%, list=20%, signal=47%	
GOMF_SULFUR_COMPOUND_TRANSMEMBRANE_TRANSPORTER_ACTIVITY	GOMF_SULFUR_COMPOUND_TRANSMEMBRANE_TRANSPORTER_ACTIVITY		58	-0.3674809	-1.2022794	0.16626506	0.509879	1.0	2820	tags=28%, list=15%, signal=32%	
GOBP_POST_EMBRYONIC_DEVELOPMENT	GOBP_POST_EMBRYONIC_DEVELOPMENT		84	-0.3481291	-1.2019653	0.12878788	0.5100934	1.0	2288	tags=21%, list=12%, signal=24%	
GOBP_DENDRITIC_CELL_MIGRATION	GOBP_DENDRITIC_CELL_MIGRATION		30	-0.42310408	-1.2017249	0.18663594	0.510093	1.0	2582	tags=27%, list=13%, signal=31%	
GOBP_SEMAPHORIN_PLEXIN_SIGNALING_PATHWAY	GOBP_SEMAPHORIN_PLEXIN_SIGNALING_PATHWAY		46	-0.3793611	-1.2013673	0.1463964	0.5104521	1.0	1650	tags=24%, list=8%, signal=26%	
GOBP_T_HELPER_17_CELL_LINEAGE_COMMITMENT	GOBP_T_HELPER_17_CELL_LINEAGE_COMMITMENT		19	-0.47007138	-1.2013339	0.21729958	0.50987774	1.0	4047	tags=47%, list=21%, signal=60%	
GOBP_HEMOSTASIS	GOBP_HEMOSTASIS		231	-0.30338278	-1.201164	0.07058824	0.50967866	1.0	2209	tags=21%, list=11%, signal=23%	
GOBP_VIRAL_LIFE_CYCLE	GOBP_VIRAL_LIFE_CYCLE		306	-0.2912006	-1.2010952	0.043010753	0.50919515	1.0	4842	tags=34%, list=25%, signal=45%	
GOBP_NUCLEOPHAGY	GOBP_NUCLEOPHAGY		22	-0.46179628	-1.2009958	0.21777777	0.508817	1.0	3001	tags=36%, list=15%, signal=43%	
GOBP_IONOTROPIC_GLUTAMATE_RECEPTOR_SIGNALING_PATHWAY	GOBP_IONOTROPIC_GLUTAMATE_RECEPTOR_SIGNALING_PATHWAY		23	-0.4456104	-1.2002403	0.22939867	0.51019144	1.0	2525	tags=22%, list=13%, signal=25%	
GOBP_POSITIVE_REGULATION_OF_T_CELL_PROLIFERATION	GOBP_POSITIVE_REGULATION_OF_T_CELL_PROLIFERATION		98	-0.33606708	-1.1999816	0.11873351	0.5102809	1.0	2940	tags=31%, list=15%, signal=36%	
GOBP_NEGATIVE_REGULATION_OF_T_CELL_DIFFERENTIATION	GOBP_NEGATIVE_REGULATION_OF_T_CELL_DIFFERENTIATION		44	-0.38750714	-1.1999146	0.14187643	0.5097775	1.0	3080	tags=30%, list=16%, signal=35%	
GOBP_MITOPHAGY	GOBP_MITOPHAGY		61	-0.3616277	-1.1997381	0.13744076	0.50959086	1.0	4017	tags=33%, list=21%, signal=41%	
GOMF_ORGANIC_CATION_TRANSMEMBRANE_TRANSPORTER_ACTIVITY	GOMF_ORGANIC_CATION_TRANSMEMBRANE_TRANSPORTER_ACTIVITY		77	-0.34918344	-1.1984688	0.1407767	0.5124286	1.0	2820	tags=30%, list=15%, signal=35%	
GOBP_POSITIVE_REGULATION_OF_LEUKOCYTE_CELL_CELL_ADHESION	GOBP_POSITIVE_REGULATION_OF_LEUKOCYTE_CELL_CELL_ADHESION		266	-0.296451	-1.196977	0.053125	0.5158812	1.0	3858	tags=31%, list=20%, signal=38%	
GOBP_T_CELL_MIGRATION	GOBP_T_CELL_MIGRATION		69	-0.3548312	-1.1968765	0.15529412	0.51547676	1.0	3457	tags=41%, list=18%, signal=49%	
GOMF_LIGAND_GATED_MONOATOMIC_ION_CHANNEL_ACTIVITY_INVOLVED_IN_REGULATION_OF_PRESYNAPTIC_MEMBRANE_POTENTIAL	GOMF_LIGAND_GATED_MONOATOMIC_ION_CHANNEL_ACTIVITY_INVOLVED_IN_REGULATION_OF_PRESYNAPTIC_MEMBRANE_POTENTIAL		16	-0.4896747	-1.1962284	0.23838384	0.5166329	1.0	4284	tags=31%, list=22%, signal=40%	
GOBP_MALE_GENITALIA_DEVELOPMENT	GOBP_MALE_GENITALIA_DEVELOPMENT		22	-0.44497135	-1.1952047	0.21797752	0.5187927	1.0	5658	tags=45%, list=29%, signal=64%	
GOBP_MODULATION_BY_HOST_OF_VIRAL_PROCESS	GOBP_MODULATION_BY_HOST_OF_VIRAL_PROCESS		45	-0.38861483	-1.1937654	0.17985612	0.5221638	1.0	4866	tags=40%, list=25%, signal=53%	
GOBP_EMBRYO_IMPLANTATION	GOBP_EMBRYO_IMPLANTATION		54	-0.37294766	-1.1936901	0.18246445	0.5217062	1.0	4551	tags=41%, list=23%, signal=53%	
GOBP_VIRAL_PROCESS	GOBP_VIRAL_PROCESS		407	-0.2855428	-1.1936684	0.03914591	0.521099	1.0	4842	tags=34%, list=25%, signal=44%	
GOBP_POSITIVE_REGULATION_OF_MONOCYTE_CHEMOTAXIS	GOBP_POSITIVE_REGULATION_OF_MONOCYTE_CHEMOTAXIS		20	-0.4604169	-1.193662	0.22765957	0.5204465	1.0	2582	tags=35%, list=13%, signal=40%	
GOBP_PROTEIN_TARGETING_TO_MEMBRANE	GOBP_PROTEIN_TARGETING_TO_MEMBRANE		117	-0.32888708	-1.19365	0.11256544	0.5198171	1.0	2994	tags=24%, list=15%, signal=28%	
GOMF_DAMAGED_DNA_BINDING	GOMF_DAMAGED_DNA_BINDING		71	-0.34668967	-1.19363	0.14840183	0.5192052	1.0	4815	tags=35%, list=25%, signal=47%	
GOMF_RNA_EXONUCLEASE_ACTIVITY	GOMF_RNA_EXONUCLEASE_ACTIVITY		43	-0.38650602	-1.193065	0.16786571	0.5202393	1.0	5700	tags=40%, list=29%, signal=56%	
GOBP_NEUTRAL_AMINO_ACID_TRANSPORT	GOBP_NEUTRAL_AMINO_ACID_TRANSPORT		56	-0.36188465	-1.1925398	0.17298578	0.5210308	1.0	3514	tags=34%, list=18%, signal=41%	
GOMF_PHOSPHOTYROSINE_RESIDUE_BINDING	GOMF_PHOSPHOTYROSINE_RESIDUE_BINDING		47	-0.37002194	-1.1922835	0.172949	0.5211216	1.0	3147	tags=30%, list=16%, signal=35%	
GOBP_DNA_REPLICATION_CHECKPOINT_SIGNALING	GOBP_DNA_REPLICATION_CHECKPOINT_SIGNALING		20	-0.46118766	-1.192228	0.2344086	0.52063304	1.0	6352	tags=55%, list=33%, signal=82%	
GOBP_OLIGOSACCHARIDE_LIPID_INTERMEDIATE_BIOSYNTHETIC_PROCESS	GOBP_OLIGOSACCHARIDE_LIPID_INTERMEDIATE_BIOSYNTHETIC_PROCESS		21	-0.44896027	-1.1918837	0.22633745	0.5209397	1.0	5369	tags=43%, list=28%, signal=59%	
GOBP_MATURE_B_CELL_DIFFERENTIATION	GOBP_MATURE_B_CELL_DIFFERENTIATION		38	-0.39462972	-1.191825	0.18246445	0.520423	1.0	3465	tags=32%, list=18%, signal=38%	
GOBP_DNA_RECOMBINATION	GOBP_DNA_RECOMBINATION		298	-0.29196548	-1.1913873	0.055363324	0.52099645	1.0	5120	tags=35%, list=26%, signal=47%	
GOMF_LYSOPHOSPHOLIPASE_ACTIVITY	GOMF_LYSOPHOSPHOLIPASE_ACTIVITY		24	-0.43924633	-1.1913553	0.20824295	0.52042234	1.0	2630	tags=29%, list=14%, signal=34%	
GOBP_SOMATIC_DIVERSIFICATION_OF_IMMUNE_RECEPTORS	GOBP_SOMATIC_DIVERSIFICATION_OF_IMMUNE_RECEPTORS		73	-0.34303877	-1.1910819	0.14868106	0.52054673	1.0	4944	tags=34%, list=25%, signal=46%	
GOMF_SH2_DOMAIN_BINDING	GOMF_SH2_DOMAIN_BINDING		42	-0.38695332	-1.1908637	0.19257541	0.52052206	1.0	4141	tags=31%, list=21%, signal=39%	
GOBP_REGULATION_OF_TRANSLATION_IN_RESPONSE_TO_STRESS	GOBP_REGULATION_OF_TRANSLATION_IN_RESPONSE_TO_STRESS		22	-0.45675257	-1.1906348	0.21818182	0.5205154	1.0	4017	tags=41%, list=21%, signal=52%	
GOMF_ALANINE_TRANSMEMBRANE_TRANSPORTER_ACTIVITY	GOMF_ALANINE_TRANSMEMBRANE_TRANSPORTER_ACTIVITY		16	-0.47898957	-1.1901642	0.23399559	0.5212205	1.0	2819	tags=38%, list=15%, signal=44%	
GOCC_ENDOPLASMIC_RETICULUM_GOLGI_INTERMEDIATE_COMPARTMENT	GOCC_ENDOPLASMIC_RETICULUM_GOLGI_INTERMEDIATE_COMPARTMENT		130	-0.31829184	-1.1896324	0.10928962	0.52206784	1.0	4212	tags=34%, list=22%, signal=43%	
GOBP_ENDOSOME_TO_PLASMA_MEMBRANE_PROTEIN_TRANSPORT	GOBP_ENDOSOME_TO_PLASMA_MEMBRANE_PROTEIN_TRANSPORT		16	-0.48995116	-1.189232	0.2570281	0.5225222	1.0	3191	tags=38%, list=16%, signal=45%	
GOBP_MAINTENANCE_OF_CELL_POLARITY	GOBP_MAINTENANCE_OF_CELL_POLARITY		17	-0.48504332	-1.1882104	0.2539326	0.5247408	1.0	3387	tags=47%, list=17%, signal=57%	
GOCC_OUTER_MITOCHONDRIAL_MEMBRANE_PROTEIN_COMPLEX	GOCC_OUTER_MITOCHONDRIAL_MEMBRANE_PROTEIN_COMPLEX		19	-0.46544406	-1.1882071	0.22993493	0.5240866	1.0	4667	tags=37%, list=24%, signal=48%	
GOBP_EARLY_ENDOSOME_TO_GOLGI_TRANSPORT	GOBP_EARLY_ENDOSOME_TO_GOLGI_TRANSPORT		16	-0.48686224	-1.1879822	0.23770492	0.52402806	1.0	4816	tags=44%, list=25%, signal=58%	
GOMF_MECHANOSENSITIVE_MONOATOMIC_ION_CHANNEL_ACTIVITY	GOMF_MECHANOSENSITIVE_MONOATOMIC_ION_CHANNEL_ACTIVITY		16	-0.47521302	-1.1877724	0.26086956	0.52397376	1.0	3222	tags=50%, list=17%, signal=60%	
GOBP_FEEDING_BEHAVIOR	GOBP_FEEDING_BEHAVIOR		104	-0.3274301	-1.1873282	0.13164558	0.5244976	1.0	2385	tags=23%, list=12%, signal=26%	
GOBP_EXOCYTIC_PROCESS	GOBP_EXOCYTIC_PROCESS		76	-0.35260817	-1.1867114	0.1625	0.5255639	1.0	4268	tags=36%, list=22%, signal=45%	
GOBP_TUMOR_NECROSIS_FACTOR_MEDIATED_SIGNALING_PATHWAY	GOBP_TUMOR_NECROSIS_FACTOR_MEDIATED_SIGNALING_PATHWAY		108	-0.32735422	-1.1863282	0.13368984	0.525991	1.0	3647	tags=32%, list=19%, signal=40%	
GOBP_NUCLEOTIDE_BINDING_OLIGOMERIZATION_DOMAIN_CONTAINING_2_SIGNALING_PATHWAY	GOBP_NUCLEOTIDE_BINDING_OLIGOMERIZATION_DOMAIN_CONTAINING_2_SIGNALING_PATHWAY		17	-0.47663867	-1.1859415	0.21551724	0.5263867	1.0	1420	tags=18%, list=7%, signal=19%	
GOBP_REGULATION_OF_DNA_TEMPLATED_TRANSCRIPTION_ELONGATION	GOBP_REGULATION_OF_DNA_TEMPLATED_TRANSCRIPTION_ELONGATION		92	-0.34169406	-1.1857766	0.13128492	0.5262224	1.0	5205	tags=39%, list=27%, signal=53%	
GOBP_CARBOHYDRATE_CATABOLIC_PROCESS	GOBP_CARBOHYDRATE_CATABOLIC_PROCESS		166	-0.30929282	-1.185485	0.10781671	0.526357	1.0	3481	tags=25%, list=18%, signal=31%	
GOBP_HEAT_GENERATION	GOBP_HEAT_GENERATION		18	-0.46401417	-1.1854206	0.2407809	0.52588356	1.0	2039	tags=39%, list=10%, signal=43%	
GOBP_PROTEIN_TARGETING_TO_MITOCHONDRION	GOBP_PROTEIN_TARGETING_TO_MITOCHONDRION		98	-0.33299866	-1.1844213	0.13520408	0.52802396	1.0	4828	tags=36%, list=25%, signal=47%	
GOMF_GLUTAMATE_RECEPTOR_ACTIVITY	GOMF_GLUTAMATE_RECEPTOR_ACTIVITY		25	-0.43491694	-1.1842093	0.21689498	0.52800083	1.0	2525	tags=16%, list=13%, signal=18%	
GOBP_CD4_POSITIVE_OR_CD8_POSITIVE_ALPHA_BETA_T_CELL_LINEAGE_COMMITMENT	GOBP_CD4_POSITIVE_OR_CD8_POSITIVE_ALPHA_BETA_T_CELL_LINEAGE_COMMITMENT		30	-0.40853566	-1.1827074	0.21145375	0.5315918	1.0	5081	tags=47%, list=26%, signal=63%	
GOBP_POSITIVE_REGULATION_OF_T_CELL_MEDIATED_IMMUNITY	GOBP_POSITIVE_REGULATION_OF_T_CELL_MEDIATED_IMMUNITY		68	-0.34954166	-1.1825558	0.16197184	0.5313568	1.0	4188	tags=38%, list=22%, signal=49%	
GOBP_NUCLEOBASE_CONTAINING_SMALL_MOLECULE_CATABOLIC_PROCESS	GOBP_NUCLEOBASE_CONTAINING_SMALL_MOLECULE_CATABOLIC_PROCESS		30	-0.41998014	-1.1825023	0.23927765	0.5308688	1.0	2929	tags=30%, list=15%, signal=35%	
GOBP_SNRNA_PROCESSING	GOBP_SNRNA_PROCESSING		25	-0.4351941	-1.1818476	0.23529412	0.53203166	1.0	3399	tags=28%, list=17%, signal=34%	
GOBP_NEGATIVE_REGULATION_OF_MACROPHAGE_ACTIVATION	GOBP_NEGATIVE_REGULATION_OF_MACROPHAGE_ACTIVATION		15	-0.502276	-1.1810461	0.26639345	0.53368735	1.0	2791	tags=53%, list=14%, signal=62%	
GOBP_NEGATIVE_REGULATION_OF_PROTEIN_LOCALIZATION_TO_MEMBRANE	GOBP_NEGATIVE_REGULATION_OF_PROTEIN_LOCALIZATION_TO_MEMBRANE		37	-0.40511635	-1.1810446	0.1954023	0.5330385	1.0	1835	tags=27%, list=9%, signal=30%	
GOBP_VITAMIN_TRANSMEMBRANE_TRANSPORT	GOBP_VITAMIN_TRANSMEMBRANE_TRANSPORT		19	-0.4644836	-1.1804589	0.22757111	0.5340903	1.0	2974	tags=32%, list=15%, signal=37%	
GOBP_CAMERA_TYPE_EYE_PHOTORECEPTOR_CELL_DIFFERENTIATION	GOBP_CAMERA_TYPE_EYE_PHOTORECEPTOR_CELL_DIFFERENTIATION		31	-0.41724735	-1.1801511	0.20833333	0.53428924	1.0	5939	tags=48%, list=31%, signal=70%	
GOBP_LIPID_LOCALIZATION	GOBP_LIPID_LOCALIZATION		458	-0.27620503	-1.1789969	0.03846154	0.5369726	1.0	3147	tags=22%, list=16%, signal=26%	
GOBP_ENDOPLASMIC_RETICULUM_UNFOLDED_PROTEIN_RESPONSE	GOBP_ENDOPLASMIC_RETICULUM_UNFOLDED_PROTEIN_RESPONSE		69	-0.3451291	-1.1787864	0.12832929	0.5369216	1.0	4567	tags=32%, list=24%, signal=42%	
GOBP_ANTIVIRAL_INNATE_IMMUNE_RESPONSE	GOBP_ANTIVIRAL_INNATE_IMMUNE_RESPONSE		50	-0.37152955	-1.1783302	0.17752808	0.5375716	1.0	4719	tags=34%, list=24%, signal=45%	
GOBP_NEGATIVE_REGULATION_OF_HYDROLASE_ACTIVITY	GOBP_NEGATIVE_REGULATION_OF_HYDROLASE_ACTIVITY		181	-0.30485588	-1.1777086	0.089020774	0.538678	1.0	1990	tags=18%, list=10%, signal=20%	
GOBP_POSITIVE_REGULATION_OF_DNA_BINDING_TRANSCRIPTION_FACTOR_ACTIVITY	GOBP_POSITIVE_REGULATION_OF_DNA_BINDING_TRANSCRIPTION_FACTOR_ACTIVITY		210	-0.29807055	-1.1775318	0.08	0.5385353	1.0	3381	tags=26%, list=17%, signal=31%	
GOBP_SPHINGOMYELIN_METABOLIC_PROCESS	GOBP_SPHINGOMYELIN_METABOLIC_PROCESS		20	-0.44689927	-1.1774781	0.24053451	0.53802854	1.0	4203	tags=45%, list=22%, signal=57%	
GOBP_NEGATIVE_REGULATION_OF_COLD_INDUCED_THERMOGENESIS	GOBP_NEGATIVE_REGULATION_OF_COLD_INDUCED_THERMOGENESIS		46	-0.3720385	-1.1772784	0.18693693	0.53791666	1.0	5008	tags=48%, list=26%, signal=64%	
GOBP_HETEROTYPIC_CELL_CELL_ADHESION	GOBP_HETEROTYPIC_CELL_CELL_ADHESION		62	-0.35317063	-1.177243	0.16904762	0.53736526	1.0	2689	tags=31%, list=14%, signal=35%	
GOBP_PROTEIN_MONOUBIQUITINATION	GOBP_PROTEIN_MONOUBIQUITINATION		45	-0.3788125	-1.1772236	0.16956522	0.5367735	1.0	5231	tags=38%, list=27%, signal=52%	
GOBP_TOXIN_METABOLIC_PROCESS	GOBP_TOXIN_METABOLIC_PROCESS		15	-0.4821296	-1.1771163	0.2627451	0.536391	1.0	270	tags=13%, list=1%, signal=14%	
GOMF_ATP_DEPENDENT_ACTIVITY_ACTING_ON_RNA	GOMF_ATP_DEPENDENT_ACTIVITY_ACTING_ON_RNA		70	-0.35330075	-1.1767799	0.17402597	0.5366563	1.0	4169	tags=24%, list=21%, signal=31%	
GOBP_ANTIGEN_PROCESSING_AND_PRESENTATION_OF_PEPTIDE_ANTIGEN	GOBP_ANTIGEN_PROCESSING_AND_PRESENTATION_OF_PEPTIDE_ANTIGEN		68	-0.35008436	-1.1757346	0.17468354	0.538971	1.0	2710	tags=26%, list=14%, signal=31%	
GOBP_AUTOPHAGY_OF_PEROXISOME	GOBP_AUTOPHAGY_OF_PEROXISOME		15	-0.47628143	-1.1752857	0.2710084	0.53956956	1.0	2522	tags=33%, list=13%, signal=38%	
GOBP_PHOSPHOLIPASE_C_ACTIVATING_G_PROTEIN_COUPLED_RECEPTOR_SIGNALING_PATHWAY	GOBP_PHOSPHOLIPASE_C_ACTIVATING_G_PROTEIN_COUPLED_RECEPTOR_SIGNALING_PATHWAY		115	-0.32225367	-1.175183	0.123324394	0.5392266	1.0	2108	tags=17%, list=11%, signal=19%	
GOBP_CELLULAR_METABOLIC_COMPOUND_SALVAGE	GOBP_CELLULAR_METABOLIC_COMPOUND_SALVAGE		31	-0.4098983	-1.1746782	0.21255061	0.54001194	1.0	2420	tags=19%, list=12%, signal=22%	
GOBP_REGULATION_OF_PROTEIN_TARGETING	GOBP_REGULATION_OF_PROTEIN_TARGETING		75	-0.34076518	-1.1743445	0.1622276	0.54030955	1.0	4828	tags=39%, list=25%, signal=51%	
GOBP_CYTOKINE_PRODUCTION_INVOLVED_IN_INFLAMMATORY_RESPONSE	GOBP_CYTOKINE_PRODUCTION_INVOLVED_IN_INFLAMMATORY_RESPONSE		57	-0.3607359	-1.1739304	0.17917676	0.5408629	1.0	1699	tags=28%, list=9%, signal=31%	
GOBP_NEGATIVE_REGULATION_OF_DNA_REPAIR	GOBP_NEGATIVE_REGULATION_OF_DNA_REPAIR		33	-0.41428632	-1.1736747	0.21830986	0.5409513	1.0	5506	tags=48%, list=28%, signal=68%	
GOBP_REGULATION_OF_AUTOPHAGY_OF_MITOCHONDRION	GOBP_REGULATION_OF_AUTOPHAGY_OF_MITOCHONDRION		39	-0.39470464	-1.172967	0.20861678	0.5422857	1.0	2216	tags=31%, list=11%, signal=35%	
GOBP_POSITIVE_REGULATION_OF_LEUKOCYTE_MIGRATION	GOBP_POSITIVE_REGULATION_OF_LEUKOCYTE_MIGRATION		146	-0.31147406	-1.1722274	0.13031161	0.54363155	1.0	1913	tags=21%, list=10%, signal=23%	
GOBP_POSITIVE_REGULATION_OF_BROWN_FAT_CELL_DIFFERENTIATION	GOBP_POSITIVE_REGULATION_OF_BROWN_FAT_CELL_DIFFERENTIATION		16	-0.4780099	-1.1721056	0.254818	0.5433281	1.0	2669	tags=38%, list=14%, signal=43%	
GOBP_REGULATION_OF_MACROAUTOPHAGY	GOBP_REGULATION_OF_MACROAUTOPHAGY		172	-0.30939937	-1.171951	0.13467048	0.5431077	1.0	2615	tags=23%, list=13%, signal=27%	
GOBP_GLYCOSYL_COMPOUND_CATABOLIC_PROCESS	GOBP_GLYCOSYL_COMPOUND_CATABOLIC_PROCESS		34	-0.3955757	-1.1718868	0.20941177	0.54264134	1.0	2929	tags=26%, list=15%, signal=31%	
GOBP_LYMPHOCYTE_COSTIMULATION	GOBP_LYMPHOCYTE_COSTIMULATION		47	-0.3710873	-1.171835	0.20501138	0.54216284	1.0	2207	tags=32%, list=11%, signal=36%	
GOBP_CELLULAR_RESPONSE_TO_CHOLESTEROL	GOBP_CELLULAR_RESPONSE_TO_CHOLESTEROL		16	-0.47986937	-1.1710693	0.2526096	0.5436969	1.0	1609	tags=25%, list=8%, signal=27%	
GOBP_NEGATIVE_REGULATION_OF_BONE_MINERALIZATION	GOBP_NEGATIVE_REGULATION_OF_BONE_MINERALIZATION		17	-0.47467294	-1.1709785	0.25110132	0.54331005	1.0	929	tags=18%, list=5%, signal=19%	
GOBP_SPLICEOSOMAL_TRI_SNRNP_COMPLEX_ASSEMBLY	GOBP_SPLICEOSOMAL_TRI_SNRNP_COMPLEX_ASSEMBLY		16	-0.48682147	-1.1706834	0.27152318	0.54356915	1.0	3834	tags=38%, list=20%, signal=47%	
GOCC_VACUOLAR_LUMEN	GOCC_VACUOLAR_LUMEN		174	-0.30133587	-1.1705053	0.115485564	0.54339844	1.0	2723	tags=24%, list=14%, signal=28%	
GOMF_PROTEIN_SERINE_THREONINE_TYROSINE_KINASE_ACTIVITY	GOMF_PROTEIN_SERINE_THREONINE_TYROSINE_KINASE_ACTIVITY		41	-0.38044298	-1.1695839	0.20495495	0.54537386	1.0	3100	tags=29%, list=16%, signal=35%	
GOBP_PROTEIN_CATABOLIC_PROCESS_IN_THE_VACUOLE	GOBP_PROTEIN_CATABOLIC_PROCESS_IN_THE_VACUOLE		23	-0.4326228	-1.169569	0.24719101	0.54476905	1.0	2287	tags=26%, list=12%, signal=30%	
GOBP_POSITIVE_REGULATION_OF_VASCULAR_ENDOTHELIAL_CELL_PROLIFERATION	GOBP_POSITIVE_REGULATION_OF_VASCULAR_ENDOTHELIAL_CELL_PROLIFERATION		18	-0.46980867	-1.1691868	0.24301076	0.5452256	1.0	1724	tags=28%, list=9%, signal=30%	
GOBP_GLUTAMATE_RECEPTOR_SIGNALING_PATHWAY	GOBP_GLUTAMATE_RECEPTOR_SIGNALING_PATHWAY		50	-0.36749038	-1.1691792	0.19634703	0.54459786	1.0	1690	tags=16%, list=9%, signal=17%	
GOBP_DNA_TEMPLATED_TRANSCRIPTION_ELONGATION	GOBP_DNA_TEMPLATED_TRANSCRIPTION_ELONGATION		119	-0.31951126	-1.1690843	0.14606741	0.5442277	1.0	5205	tags=37%, list=27%, signal=50%	
GOCC_CORE_MEDIATOR_COMPLEX	GOCC_CORE_MEDIATOR_COMPLEX		26	-0.42300618	-1.1689385	0.2451193	0.54401594	1.0	5766	tags=54%, list=30%, signal=76%	
GOBP_NEGATIVE_REGULATION_OF_ADAPTIVE_IMMUNE_RESPONSE	GOBP_NEGATIVE_REGULATION_OF_ADAPTIVE_IMMUNE_RESPONSE		61	-0.35529763	-1.1684204	0.20574163	0.5449252	1.0	1928	tags=30%, list=10%, signal=33%	
GOBP_VESICLE_TARGETING	GOBP_VESICLE_TARGETING		64	-0.34658673	-1.1674339	0.17798595	0.54704833	1.0	5947	tags=41%, list=31%, signal=58%	
GOBP_SNRNA_METABOLIC_PROCESS	GOBP_SNRNA_METABOLIC_PROCESS		54	-0.3640798	-1.1672858	0.18453865	0.5468311	1.0	4285	tags=28%, list=22%, signal=36%	
GOMF_CHOLESTEROL_BINDING	GOMF_CHOLESTEROL_BINDING		51	-0.36737347	-1.1671813	0.19770116	0.5465002	1.0	2799	tags=27%, list=14%, signal=32%	
GOBP_MYELOID_LEUKOCYTE_DIFFERENTIATION	GOBP_MYELOID_LEUKOCYTE_DIFFERENTIATION		227	-0.29115754	-1.1663516	0.09508197	0.548095	1.0	4188	tags=33%, list=22%, signal=41%	
GOMF_LYASE_ACTIVITY	GOMF_LYASE_ACTIVITY		186	-0.3012357	-1.1661253	0.11504425	0.54808134	1.0	3738	tags=28%, list=19%, signal=34%	
GOBP_REGULATION_OF_CYSTEINE_TYPE_ENDOPEPTIDASE_ACTIVITY_INVOLVED_IN_APOPTOTIC_PROCESS	GOBP_REGULATION_OF_CYSTEINE_TYPE_ENDOPEPTIDASE_ACTIVITY_INVOLVED_IN_APOPTOTIC_PROCESS		152	-0.31225452	-1.1658089	0.12919897	0.54830664	1.0	3877	tags=31%, list=20%, signal=38%	
GOMF_VITAMIN_TRANSMEMBRANE_TRANSPORTER_ACTIVITY	GOMF_VITAMIN_TRANSMEMBRANE_TRANSPORTER_ACTIVITY		33	-0.3983073	-1.1656945	0.21461187	0.54797786	1.0	1032	tags=15%, list=5%, signal=16%	
GOMF_COA_LIGASE_ACTIVITY	GOMF_COA_LIGASE_ACTIVITY		27	-0.41193944	-1.1633971	0.22863741	0.5538529	1.0	1386	tags=15%, list=7%, signal=16%	
GOBP_REGULATION_OF_PLASMA_LIPOPROTEIN_PARTICLE_LEVELS	GOBP_REGULATION_OF_PLASMA_LIPOPROTEIN_PARTICLE_LEVELS		76	-0.3331237	-1.1627	0.15492958	0.55520976	1.0	3702	tags=37%, list=19%, signal=45%	
GOBP_MAMMARY_GLAND_DUCT_MORPHOGENESIS	GOBP_MAMMARY_GLAND_DUCT_MORPHOGENESIS		31	-0.40870002	-1.1625975	0.22857143	0.55485713	1.0	2089	tags=19%, list=11%, signal=22%	
GOBP_IRON_ION_TRANSPORT	GOBP_IRON_ION_TRANSPORT		55	-0.3637759	-1.16236	0.19059406	0.55489355	1.0	3579	tags=36%, list=18%, signal=44%	
GOBP_MEMBRANE_INVAGINATION	GOBP_MEMBRANE_INVAGINATION		65	-0.3487355	-1.1616378	0.18203883	0.5563499	1.0	3048	tags=26%, list=16%, signal=31%	
GOBP_POSITIVE_REGULATION_OF_MAPK_CASCADE	GOBP_POSITIVE_REGULATION_OF_MAPK_CASCADE		437	-0.27665317	-1.1613793	0.041666668	0.55653054	1.0	2385	tags=20%, list=12%, signal=22%	
GOBP_B_CELL_MEDIATED_IMMUNITY	GOBP_B_CELL_MEDIATED_IMMUNITY		131	-0.31382722	-1.1605257	0.13445379	0.5583821	1.0	3153	tags=28%, list=16%, signal=33%	
GOBP_VESICLE_MEDIATED_TRANSPORT_IN_SYNAPSE	GOBP_VESICLE_MEDIATED_TRANSPORT_IN_SYNAPSE		220	-0.29458857	-1.1603669	0.08529412	0.5581845	1.0	1931	tags=15%, list=10%, signal=17%	
GOBP_CELLULAR_EXTRAVASATION	GOBP_CELLULAR_EXTRAVASATION		73	-0.34414077	-1.1596793	0.17705736	0.55956775	1.0	3457	tags=33%, list=18%, signal=40%	
GOBP_POSITIVE_REGULATION_OF_MACROPHAGE_ACTIVATION	GOBP_POSITIVE_REGULATION_OF_MACROPHAGE_ACTIVATION		24	-0.42475763	-1.1594406	0.25369978	0.5596023	1.0	1420	tags=33%, list=7%, signal=36%	
GOBP_NEGATIVE_REGULATION_OF_DNA_TEMPLATED_TRANSCRIPTION_ELONGATION	GOBP_NEGATIVE_REGULATION_OF_DNA_TEMPLATED_TRANSCRIPTION_ELONGATION		23	-0.4248482	-1.1593468	0.23356009	0.55925083	1.0	3983	tags=35%, list=21%, signal=44%	
GOBP_DEFENSE_RESPONSE_TO_GRAM_NEGATIVE_BACTERIUM	GOBP_DEFENSE_RESPONSE_TO_GRAM_NEGATIVE_BACTERIUM		91	-0.3306248	-1.156983	0.18639798	0.56550866	1.0	2476	tags=22%, list=13%, signal=25%	
GOBP_PROTEIN_HETEROTETRAMERIZATION	GOBP_PROTEIN_HETEROTETRAMERIZATION		16	-0.47971267	-1.1569264	0.26781857	0.565039	1.0	1550	tags=31%, list=8%, signal=34%	
GOBP_CD8_POSITIVE_ALPHA_BETA_T_CELL_ACTIVATION	GOBP_CD8_POSITIVE_ALPHA_BETA_T_CELL_ACTIVATION		25	-0.42712498	-1.1568663	0.25274727	0.56455594	1.0	4108	tags=52%, list=21%, signal=66%	
GOBP_MATURE_B_CELL_DIFFERENTIATION_INVOLVED_IN_IMMUNE_RESPONSE	GOBP_MATURE_B_CELL_DIFFERENTIATION_INVOLVED_IN_IMMUNE_RESPONSE		32	-0.3944668	-1.1561067	0.24942791	0.5662446	1.0	2238	tags=25%, list=12%, signal=28%	
GOBP_REGULATION_OF_TUMOR_NECROSIS_FACTOR_MEDIATED_SIGNALING_PATHWAY	GOBP_REGULATION_OF_TUMOR_NECROSIS_FACTOR_MEDIATED_SIGNALING_PATHWAY		59	-0.34863484	-1.1555724	0.19809069	0.5671656	1.0	3647	tags=36%, list=19%, signal=44%	
GOBP_SURFACTANT_HOMEOSTASIS	GOBP_SURFACTANT_HOMEOSTASIS		20	-0.44610932	-1.1555381	0.2662474	0.5666213	1.0	2084	tags=30%, list=11%, signal=34%	
GOCC_P_BODY	GOCC_P_BODY		92	-0.33247125	-1.1553303	0.17054264	0.5666023	1.0	2085	tags=18%, list=11%, signal=21%	
GOBP_SNRNA_TRANSCRIPTION_BY_RNA_POLYMERASE_II	GOBP_SNRNA_TRANSCRIPTION_BY_RNA_POLYMERASE_II		16	-0.46464476	-1.1543306	0.2733051	0.56891626	1.0	4240	tags=38%, list=22%, signal=48%	
GOMF_MRNA_3_UTR_BINDING	GOMF_MRNA_3_UTR_BINDING		106	-0.31901956	-1.1534318	0.15281501	0.5708611	1.0	3635	tags=29%, list=19%, signal=36%	
GOCC_CLATHRIN_COATED_ENDOCYTIC_VESICLE	GOCC_CLATHRIN_COATED_ENDOCYTIC_VESICLE		88	-0.3307704	-1.153103	0.17322835	0.57118094	1.0	3282	tags=25%, list=17%, signal=30%	
GOBP_RESPONSE_TO_INTERLEUKIN_1	GOBP_RESPONSE_TO_INTERLEUKIN_1		105	-0.3162862	-1.1526886	0.17027026	0.5717752	1.0	1778	tags=20%, list=9%, signal=22%	
GOBP_STEROL_BIOSYNTHETIC_PROCESS	GOBP_STEROL_BIOSYNTHETIC_PROCESS		60	-0.34932846	-1.1524608	0.1880734	0.571824	1.0	4522	tags=40%, list=23%, signal=52%	
GOCC_POLE_PLASM	GOCC_POLE_PLASM		25	-0.42358238	-1.1523525	0.24261603	0.57149565	1.0	4767	tags=36%, list=25%, signal=48%	
GOMF_SIGNALING_RECEPTOR_COMPLEX_ADAPTOR_ACTIVITY	GOMF_SIGNALING_RECEPTOR_COMPLEX_ADAPTOR_ACTIVITY		50	-0.36048394	-1.1522288	0.2309417	0.57123536	1.0	3195	tags=32%, list=16%, signal=38%	
GOMF_CALMODULIN_DEPENDENT_PROTEIN_KINASE_ACTIVITY	GOMF_CALMODULIN_DEPENDENT_PROTEIN_KINASE_ACTIVITY		26	-0.41812155	-1.1519297	0.27162978	0.57147	1.0	3650	tags=42%, list=19%, signal=52%	
GOMF_CARBOHYDRATE_MONOATOMIC_CATION_SYMPORTER_ACTIVITY	GOMF_CARBOHYDRATE_MONOATOMIC_CATION_SYMPORTER_ACTIVITY		16	-0.45921752	-1.151727	0.27593362	0.57137704	1.0	3621	tags=25%, list=19%, signal=31%	
GOBP_TYPE_I_INTERFERON_PRODUCTION	GOBP_TYPE_I_INTERFERON_PRODUCTION		116	-0.31225094	-1.1512427	0.1640625	0.5722048	1.0	4285	tags=32%, list=22%, signal=41%	
GOMF_ORGANIC_ACID_SODIUM_SYMPORTER_ACTIVITY	GOMF_ORGANIC_ACID_SODIUM_SYMPORTER_ACTIVITY		35	-0.387808	-1.1507665	0.25165564	0.57296246	1.0	3704	tags=26%, list=19%, signal=32%	
GOBP_INTRACELLULAR_ESTROGEN_RECEPTOR_SIGNALING_PATHWAY	GOBP_INTRACELLULAR_ESTROGEN_RECEPTOR_SIGNALING_PATHWAY		51	-0.36300844	-1.1502112	0.22222222	0.5739629	1.0	2737	tags=24%, list=14%, signal=27%	
GOBP_REGULATION_OF_NEUTROPHIL_CHEMOTAXIS	GOBP_REGULATION_OF_NEUTROPHIL_CHEMOTAXIS		32	-0.4022044	-1.149671	0.25	0.57485163	1.0	697	tags=22%, list=4%, signal=23%	
GOBP_NEGATIVE_REGULATION_OF_CYSTEINE_TYPE_ENDOPEPTIDASE_ACTIVITY	GOBP_NEGATIVE_REGULATION_OF_CYSTEINE_TYPE_ENDOPEPTIDASE_ACTIVITY		60	-0.35317785	-1.1496221	0.20843673	0.5743531	1.0	2466	tags=23%, list=13%, signal=27%	
GOBP_POSITIVE_REGULATION_OF_ISOTYPE_SWITCHING	GOBP_POSITIVE_REGULATION_OF_ISOTYPE_SWITCHING		25	-0.42803043	-1.1495913	0.25336322	0.5738035	1.0	4772	tags=36%, list=25%, signal=48%	
GOMF_ORGANIC_HYDROXY_COMPOUND_TRANSMEMBRANE_TRANSPORTER_ACTIVITY	GOMF_ORGANIC_HYDROXY_COMPOUND_TRANSMEMBRANE_TRANSPORTER_ACTIVITY		52	-0.3568325	-1.1494551	0.21100917	0.57356817	1.0	2958	tags=21%, list=15%, signal=25%	
GOBP_MODULATION_BY_HOST_OF_SYMBIONT_PROCESS	GOBP_MODULATION_BY_HOST_OF_SYMBIONT_PROCESS		82	-0.3315972	-1.1494524	0.19537275	0.5729392	1.0	4866	tags=39%, list=25%, signal=52%	
GOBP_NEGATIVE_REGULATION_OF_RESPONSE_TO_EXTERNAL_STIMULUS	GOBP_NEGATIVE_REGULATION_OF_RESPONSE_TO_EXTERNAL_STIMULUS		370	-0.27362546	-1.1488811	0.06338028	0.5740284	1.0	3309	tags=28%, list=17%, signal=33%	
GOBP_RESPONSE_TO_TYPE_II_INTERFERON	GOBP_RESPONSE_TO_TYPE_II_INTERFERON		114	-0.3146235	-1.1480663	0.15088758	0.5757503	1.0	4958	tags=39%, list=26%, signal=53%	
GOCC_CYTOPLASMIC_SIDE_OF_PLASMA_MEMBRANE	GOCC_CYTOPLASMIC_SIDE_OF_PLASMA_MEMBRANE		158	-0.30289426	-1.1476092	0.14730878	0.57639235	1.0	3381	tags=28%, list=17%, signal=34%	
GOBP_BASE_EXCISION_REPAIR	GOBP_BASE_EXCISION_REPAIR		43	-0.3676654	-1.1472894	0.23956044	0.5767274	1.0	4289	tags=37%, list=22%, signal=48%	
GOBP_POSITIVE_REGULATION_OF_INTERFERON_BETA_PRODUCTION	GOBP_POSITIVE_REGULATION_OF_INTERFERON_BETA_PRODUCTION		38	-0.3800383	-1.1472418	0.2321839	0.5762291	1.0	4809	tags=45%, list=25%, signal=59%	
GOBP_SOMATIC_DIVERSIFICATION_OF_IMMUNOGLOBULINS	GOBP_SOMATIC_DIVERSIFICATION_OF_IMMUNOGLOBULINS		61	-0.3529572	-1.1470463	0.24220623	0.57618356	1.0	4944	tags=34%, list=25%, signal=46%	
GOBP_PYRIMIDINE_NUCLEOSIDE_METABOLIC_PROCESS	GOBP_PYRIMIDINE_NUCLEOSIDE_METABOLIC_PROCESS		25	-0.41780302	-1.1467379	0.25106382	0.57650864	1.0	2929	tags=28%, list=15%, signal=33%	
GOBP_REGULATION_OF_ISOTYPE_SWITCHING	GOBP_REGULATION_OF_ISOTYPE_SWITCHING		34	-0.3888247	-1.1462675	0.23713647	0.5772569	1.0	4041	tags=29%, list=21%, signal=37%	
GOCC_HIGH_DENSITY_LIPOPROTEIN_PARTICLE	GOCC_HIGH_DENSITY_LIPOPROTEIN_PARTICLE		26	-0.41738567	-1.1462572	0.24836601	0.57664514	1.0	2072	tags=19%, list=11%, signal=21%	
GOBP_TRANSITION_METAL_ION_TRANSPORT	GOBP_TRANSITION_METAL_ION_TRANSPORT		95	-0.32366168	-1.1457877	0.20537898	0.57737005	1.0	3863	tags=32%, list=20%, signal=39%	
GOBP_NEGATIVE_REGULATION_OF_MYOBLAST_DIFFERENTIATION	GOBP_NEGATIVE_REGULATION_OF_MYOBLAST_DIFFERENTIATION		25	-0.42672175	-1.1453742	0.2690583	0.57795846	1.0	2843	tags=36%, list=15%, signal=42%	
GOBP_POSITIVE_REGULATION_OF_PROTEIN_CONTAINING_COMPLEX_DISASSEMBLY	GOBP_POSITIVE_REGULATION_OF_PROTEIN_CONTAINING_COMPLEX_DISASSEMBLY		33	-0.3947237	-1.1446332	0.25657895	0.5795339	1.0	2401	tags=33%, list=12%, signal=38%	
GOBP_LEUKOCYTE_MIGRATION_INVOLVED_IN_INFLAMMATORY_RESPONSE	GOBP_LEUKOCYTE_MIGRATION_INVOLVED_IN_INFLAMMATORY_RESPONSE		19	-0.45401388	-1.1445003	0.26947367	0.57928765	1.0	1776	tags=32%, list=9%, signal=35%	
GOBP_NEGATIVE_REGULATION_OF_NERVOUS_SYSTEM_PROCESS	GOBP_NEGATIVE_REGULATION_OF_NERVOUS_SYSTEM_PROCESS		15	-0.46905652	-1.143917	0.26190478	0.58033824	1.0	1841	tags=27%, list=9%, signal=29%	
GOBP_GLYCOLYTIC_PROCESS_THROUGH_GLUCOSE_6_PHOSPHATE	GOBP_GLYCOLYTIC_PROCESS_THROUGH_GLUCOSE_6_PHOSPHATE		20	-0.44047907	-1.1435223	0.2769556	0.5808433	1.0	754	tags=15%, list=4%, signal=16%	
GOBP_T_CELL_MEDIATED_CYTOTOXICITY	GOBP_T_CELL_MEDIATED_CYTOTOXICITY		59	-0.3521558	-1.1435053	0.20101781	0.58025765	1.0	4660	tags=42%, list=24%, signal=56%	
GOBP_PEPTIDYL_TYROSINE_AUTOPHOSPHORYLATION	GOBP_PEPTIDYL_TYROSINE_AUTOPHOSPHORYLATION		16	-0.47125778	-1.1434427	0.29051384	0.5797996	1.0	519	tags=19%, list=3%, signal=19%	
GOBP_T_HELPER_CELL_LINEAGE_COMMITMENT	GOBP_T_HELPER_CELL_LINEAGE_COMMITMENT		23	-0.4273006	-1.1429688	0.2580645	0.5805908	1.0	5081	tags=52%, list=26%, signal=71%	
GOBP_ALPHA_BETA_T_CELL_PROLIFERATION	GOBP_ALPHA_BETA_T_CELL_PROLIFERATION		44	-0.3686358	-1.1425184	0.24460432	0.5812715	1.0	3227	tags=43%, list=17%, signal=52%	
GOBP_RESPONSE_TO_STARVATION	GOBP_RESPONSE_TO_STARVATION		199	-0.29276258	-1.1424679	0.1260997	0.5807816	1.0	2890	tags=21%, list=15%, signal=24%	
GOBP_REGULATION_OF_HORMONE_SECRETION	GOBP_REGULATION_OF_HORMONE_SECRETION		246	-0.28636074	-1.1421151	0.123123124	0.58119833	1.0	2099	tags=15%, list=11%, signal=17%	
GOBP_SIGNAL_RELEASE	GOBP_SIGNAL_RELEASE		469	-0.2706261	-1.142072	0.06363636	0.58069694	1.0	2265	tags=17%, list=12%, signal=19%	
GOMF_IMMUNOGLOBULIN_BINDING	GOMF_IMMUNOGLOBULIN_BINDING		24	-0.41552895	-1.1418658	0.2634855	0.5806742	1.0	1011	tags=33%, list=5%, signal=35%	
GOBP_MUCUS_SECRETION	GOBP_MUCUS_SECRETION		19	-0.4463224	-1.1418365	0.26280624	0.5801494	1.0	2632	tags=32%, list=14%, signal=36%	
GOBP_SEX_DETERMINATION	GOBP_SEX_DETERMINATION		22	-0.442835	-1.1415716	0.25977013	0.5802996	1.0	2051	tags=18%, list=11%, signal=20%	
GOBP_PLATELET_DENSE_GRANULE_ORGANIZATION	GOBP_PLATELET_DENSE_GRANULE_ORGANIZATION		24	-0.4203198	-1.1414117	0.26904762	0.5801452	1.0	1609	tags=17%, list=8%, signal=18%	
GOBP_PROTEIN_LOCALIZATION_TO_MITOCHONDRION	GOBP_PROTEIN_LOCALIZATION_TO_MITOCHONDRION		118	-0.3075018	-1.1413817	0.15142857	0.5796115	1.0	4828	tags=35%, list=25%, signal=46%	
GOBP_REGULATION_OF_T_CELL_MEDIATED_CYTOTOXICITY	GOBP_REGULATION_OF_T_CELL_MEDIATED_CYTOTOXICITY		49	-0.36321375	-1.1409799	0.23222749	0.58017474	1.0	3197	tags=33%, list=16%, signal=39%	
GOBP_VESICLE_TETHERING	GOBP_VESICLE_TETHERING		32	-0.3866131	-1.1409136	0.2347826	0.57974327	1.0	6146	tags=50%, list=32%, signal=73%	
GOCC_NUCLEAR_CHROMOSOME	GOCC_NUCLEAR_CHROMOSOME		217	-0.28965318	-1.1407145	0.14193548	0.57965046	1.0	5732	tags=37%, list=30%, signal=52%	
GOBP_POSITIVE_REGULATION_OF_LIPID_LOCALIZATION	GOBP_POSITIVE_REGULATION_OF_LIPID_LOCALIZATION		103	-0.3152702	-1.1382872	0.20151134	0.5862589	1.0	2265	tags=22%, list=12%, signal=25%	
GOBP_POSITIVE_REGULATION_OF_STRESS_ACTIVATED_PROTEIN_KINASE_SIGNALING_CASCADE	GOBP_POSITIVE_REGULATION_OF_STRESS_ACTIVATED_PROTEIN_KINASE_SIGNALING_CASCADE		21	-0.43951115	-1.1381464	0.27038628	0.58608115	1.0	2569	tags=33%, list=13%, signal=38%	
GOBP_REGULATION_OF_DEFENSE_RESPONSE_TO_VIRUS_BY_HOST	GOBP_REGULATION_OF_DEFENSE_RESPONSE_TO_VIRUS_BY_HOST		38	-0.37772852	-1.137692	0.27166277	0.58680326	1.0	3807	tags=42%, list=20%, signal=52%	
GOCC_CLATHRIN_COATED_VESICLE	GOCC_CLATHRIN_COATED_VESICLE		210	-0.28838435	-1.1376714	0.11621621	0.5862266	1.0	4208	tags=29%, list=22%, signal=36%	
GOBP_LYMPHOCYTE_MIGRATION	GOBP_LYMPHOCYTE_MIGRATION		100	-0.3206984	-1.1376293	0.18	0.5857187	1.0	4416	tags=42%, list=23%, signal=54%	
GOMF_AMIDE_TRANSMEMBRANE_TRANSPORTER_ACTIVITY	GOMF_AMIDE_TRANSMEMBRANE_TRANSPORTER_ACTIVITY		34	-0.38574752	-1.1375829	0.26754385	0.58523697	1.0	1756	tags=24%, list=9%, signal=26%	
GOBP_INTERFERON_BETA_PRODUCTION	GOBP_INTERFERON_BETA_PRODUCTION		56	-0.3499325	-1.1374751	0.21315193	0.5848924	1.0	4809	tags=38%, list=25%, signal=50%	
GOBP_NEUTROPHIL_HOMEOSTASIS	GOBP_NEUTROPHIL_HOMEOSTASIS		19	-0.44389415	-1.1373974	0.29978117	0.58447725	1.0	3177	tags=37%, list=16%, signal=44%	
GOBP_PROTEIN_DNA_COMPLEX_ASSEMBLY	GOBP_PROTEIN_DNA_COMPLEX_ASSEMBLY		157	-0.2985153	-1.1370963	0.14942528	0.58477247	1.0	5269	tags=36%, list=27%, signal=49%	
GOMF_ATPASE_COUPLED_ION_TRANSMEMBRANE_TRANSPORTER_ACTIVITY	GOMF_ATPASE_COUPLED_ION_TRANSMEMBRANE_TRANSPORTER_ACTIVITY		22	-0.42264298	-1.136112	0.26385808	0.5871245	1.0	4843	tags=45%, list=25%, signal=60%	
GOCC_EXOCYTIC_VESICLE	GOCC_EXOCYTIC_VESICLE		231	-0.28578806	-1.1354971	0.1262136	0.58825463	1.0	4438	tags=30%, list=23%, signal=38%	
GOBP_POSITIVE_REGULATION_OF_NITRIC_OXIDE_METABOLIC_PROCESS	GOBP_POSITIVE_REGULATION_OF_NITRIC_OXIDE_METABOLIC_PROCESS		35	-0.3876921	-1.1352404	0.261851	0.5884023	1.0	4688	tags=49%, list=24%, signal=64%	
GOBP_VIRAL_PROTEIN_PROCESSING	GOBP_VIRAL_PROTEIN_PROCESSING		31	-0.39682034	-1.1350857	0.26450115	0.5882134	1.0	3807	tags=42%, list=20%, signal=52%	
GOBP_POSITIVE_REGULATION_OF_INFLAMMASOME_MEDIATED_SIGNALING_PATHWAY	GOBP_POSITIVE_REGULATION_OF_INFLAMMASOME_MEDIATED_SIGNALING_PATHWAY		21	-0.4287095	-1.1331116	0.28991598	0.5935586	1.0	1420	tags=24%, list=7%, signal=26%	
GOBP_PROTEIN_LOCALIZATION_TO_GOLGI_APPARATUS	GOBP_PROTEIN_LOCALIZATION_TO_GOLGI_APPARATUS		28	-0.41117415	-1.1328793	0.27659574	0.59364367	1.0	2237	tags=18%, list=12%, signal=20%	
GOBP_AROMATIC_AMINO_ACID_FAMILY_CATABOLIC_PROCESS	GOBP_AROMATIC_AMINO_ACID_FAMILY_CATABOLIC_PROCESS		16	-0.47168112	-1.1328079	0.28008753	0.59323215	1.0	1613	tags=25%, list=8%, signal=27%	
GOBP_NEGATIVE_REGULATION_OF_HEMOPOIESIS	GOBP_NEGATIVE_REGULATION_OF_HEMOPOIESIS		107	-0.31369874	-1.1325607	0.20110193	0.5933208	1.0	3699	tags=36%, list=19%, signal=45%	
GOBP_REGULATION_OF_STRESS_ACTIVATED_PROTEIN_KINASE_SIGNALING_CASCADE	GOBP_REGULATION_OF_STRESS_ACTIVATED_PROTEIN_KINASE_SIGNALING_CASCADE		38	-0.3812574	-1.1314079	0.25925925	0.59628725	1.0	2569	tags=26%, list=13%, signal=30%	
GOMF_LIPASE_INHIBITOR_ACTIVITY	GOMF_LIPASE_INHIBITOR_ACTIVITY		15	-0.46625695	-1.131402	0.29399142	0.59566784	1.0	1946	tags=20%, list=10%, signal=22%	
GOBP_SYNAPTIC_VESICLE_MEMBRANE_ORGANIZATION	GOBP_SYNAPTIC_VESICLE_MEMBRANE_ORGANIZATION		28	-0.4039446	-1.1308867	0.2827443	0.5965299	1.0	1511	tags=18%, list=8%, signal=19%	
GOMF_MONOSACCHARIDE_BINDING	GOMF_MONOSACCHARIDE_BINDING		74	-0.33237067	-1.1303362	0.21354167	0.59753954	1.0	3777	tags=32%, list=19%, signal=40%	
GOBP_POSITIVE_REGULATION_OF_ERK1_AND_ERK2_CASCADE	GOBP_POSITIVE_REGULATION_OF_ERK1_AND_ERK2_CASCADE		180	-0.2915766	-1.1302845	0.13527851	0.5970617	1.0	2385	tags=21%, list=12%, signal=24%	
GOBP_TORC1_SIGNALING	GOBP_TORC1_SIGNALING		94	-0.3177754	-1.1301801	0.19854721	0.5967591	1.0	5534	tags=37%, list=28%, signal=52%	
GOBP_SYNAPTIC_TRANSMISSION_DOPAMINERGIC	GOBP_SYNAPTIC_TRANSMISSION_DOPAMINERGIC		27	-0.40337136	-1.1299917	0.30066815	0.59671074	1.0	2958	tags=30%, list=15%, signal=35%	
GOMF_N_ACYLTRANSFERASE_ACTIVITY	GOMF_N_ACYLTRANSFERASE_ACTIVITY		84	-0.32799104	-1.1297334	0.21105528	0.59684914	1.0	5267	tags=32%, list=27%, signal=44%	
GOBP_REGULATION_OF_HEMOPOIESIS	GOBP_REGULATION_OF_HEMOPOIESIS		389	-0.27096185	-1.1297151	0.08988764	0.5962778	1.0	3804	tags=27%, list=20%, signal=33%	
GOBP_NUCLEOTIDE_SUGAR_BIOSYNTHETIC_PROCESS	GOBP_NUCLEOTIDE_SUGAR_BIOSYNTHETIC_PROCESS		17	-0.45329446	-1.1290927	0.28341013	0.5975096	1.0	2680	tags=29%, list=14%, signal=34%	
GOMF_LIPID_TRANSFER_ACTIVITY	GOMF_LIPID_TRANSFER_ACTIVITY		50	-0.36281455	-1.1290455	0.26477543	0.5970161	1.0	2099	tags=24%, list=11%, signal=27%	
GOMF_G_PROTEIN_COUPLED_RECEPTOR_BINDING	GOMF_G_PROTEIN_COUPLED_RECEPTOR_BINDING		265	-0.28033367	-1.1289092	0.13450292	0.59679234	1.0	3267	tags=24%, list=17%, signal=29%	
GOCC_TRANSPORT_VESICLE_MEMBRANE	GOCC_TRANSPORT_VESICLE_MEMBRANE		231	-0.2825589	-1.1287336	0.13274336	0.5967181	1.0	4307	tags=28%, list=22%, signal=36%	
GOMF_MAP_KINASE_ACTIVITY	GOMF_MAP_KINASE_ACTIVITY		16	-0.4627186	-1.1278825	0.30165288	0.5986889	1.0	2183	tags=38%, list=11%, signal=42%	
GOBP_INFLAMMATORY_CELL_APOPTOTIC_PROCESS	GOBP_INFLAMMATORY_CELL_APOPTOTIC_PROCESS		21	-0.4283447	-1.1277437	0.29347825	0.5984451	1.0	2924	tags=33%, list=15%, signal=39%	
GOBP_HORMONE_TRANSPORT	GOBP_HORMONE_TRANSPORT		309	-0.27468172	-1.127627	0.14939025	0.5981392	1.0	2217	tags=16%, list=11%, signal=18%	
GOBP_DENDRITE_EXTENSION	GOBP_DENDRITE_EXTENSION		34	-0.38778138	-1.127585	0.27789935	0.5976361	1.0	687	tags=9%, list=4%, signal=9%	
GOBP_REGULATION_OF_MEMBRANE_PROTEIN_ECTODOMAIN_PROTEOLYSIS	GOBP_REGULATION_OF_MEMBRANE_PROTEIN_ECTODOMAIN_PROTEOLYSIS		27	-0.40411046	-1.1273594	0.29910713	0.5976686	1.0	2496	tags=33%, list=13%, signal=38%	
GOMF_EXONUCLEASE_ACTIVITY_ACTIVE_WITH_EITHER_RIBO_OR_DEOXYRIBONUCLEIC_ACIDS_AND_PRODUCING_5_PHOSPHOMONOESTERS	GOMF_EXONUCLEASE_ACTIVITY_ACTIVE_WITH_EITHER_RIBO_OR_DEOXYRIBONUCLEIC_ACIDS_AND_PRODUCING_5_PHOSPHOMONOESTERS		58	-0.34847587	-1.1270704	0.24213076	0.59789944	1.0	5700	tags=43%, list=29%, signal=61%	
GOBP_REGULATION_OF_BROWN_FAT_CELL_DIFFERENTIATION	GOBP_REGULATION_OF_BROWN_FAT_CELL_DIFFERENTIATION		24	-0.4104654	-1.1264148	0.2820513	0.5992285	1.0	2856	tags=33%, list=15%, signal=39%	
GOBP_POSITIVE_REGULATION_OF_MONOOXYGENASE_ACTIVITY	GOBP_POSITIVE_REGULATION_OF_MONOOXYGENASE_ACTIVITY		24	-0.4148174	-1.1257236	0.28991598	0.6007712	1.0	1286	tags=21%, list=7%, signal=22%	
GOMF_COMPLEMENT_BINDING	GOMF_COMPLEMENT_BINDING		25	-0.41139042	-1.1254846	0.28265524	0.6008727	1.0	2859	tags=28%, list=15%, signal=33%	
GOBP_POSITIVE_REGULATION_OF_ALCOHOL_BIOSYNTHETIC_PROCESS	GOBP_POSITIVE_REGULATION_OF_ALCOHOL_BIOSYNTHETIC_PROCESS		24	-0.40702385	-1.1251967	0.2857143	0.6010973	1.0	2517	tags=29%, list=13%, signal=33%	
GOCC_MICROTUBULE_ASSOCIATED_COMPLEX	GOCC_MICROTUBULE_ASSOCIATED_COMPLEX		140	-0.30022755	-1.124939	0.16751269	0.601272	1.0	3698	tags=26%, list=19%, signal=32%	
GOBP_REGULATION_OF_FEEDING_BEHAVIOR	GOBP_REGULATION_OF_FEEDING_BEHAVIOR		27	-0.40564868	-1.1249199	0.2613391	0.6006989	1.0	1271	tags=22%, list=7%, signal=24%	
GOMF_SOLUTE_INORGANIC_ANION_ANTIPORTER_ACTIVITY	GOMF_SOLUTE_INORGANIC_ANION_ANTIPORTER_ACTIVITY		31	-0.38688797	-1.124266	0.28	0.60209095	1.0	5434	tags=42%, list=28%, signal=58%	
GOBP_POSITIVE_REGULATION_OF_CELL_KILLING	GOBP_POSITIVE_REGULATION_OF_CELL_KILLING		74	-0.32411382	-1.1242062	0.24090908	0.6016474	1.0	3213	tags=27%, list=17%, signal=32%	
GOBP_AMIDE_BIOSYNTHETIC_PROCESS	GOBP_AMIDE_BIOSYNTHETIC_PROCESS		150	-0.29929298	-1.1237336	0.18956044	0.60242844	1.0	3720	tags=29%, list=19%, signal=36%	
GOBP_MACROPHAGE_DIFFERENTIATION	GOBP_MACROPHAGE_DIFFERENTIATION		61	-0.3437178	-1.1233729	0.23287672	0.6029147	1.0	4188	tags=39%, list=22%, signal=50%	
GOBP_REGULATION_OF_RESPONSE_TO_TUMOR_CELL	GOBP_REGULATION_OF_RESPONSE_TO_TUMOR_CELL		24	-0.41895166	-1.1228284	0.29956895	0.60401475	1.0	3282	tags=33%, list=17%, signal=40%	
GOCC_COATED_VESICLE	GOCC_COATED_VESICLE		305	-0.27234793	-1.1227924	0.124590166	0.60350245	1.0	4317	tags=29%, list=22%, signal=37%	
GOBP_REGULATION_OF_HAIR_CYCLE	GOBP_REGULATION_OF_HAIR_CYCLE		28	-0.40161258	-1.122698	0.29475984	0.6031786	1.0	2844	tags=29%, list=15%, signal=33%	
GOBP_POSITIVE_REGULATION_OF_GLIAL_CELL_PROLIFERATION	GOBP_POSITIVE_REGULATION_OF_GLIAL_CELL_PROLIFERATION		21	-0.4236684	-1.1221131	0.3094737	0.6043457	1.0	2217	tags=38%, list=11%, signal=43%	
GOBP_CELLULAR_RESPONSE_TO_AMYLOID_BETA	GOBP_CELLULAR_RESPONSE_TO_AMYLOID_BETA		39	-0.37416577	-1.1218297	0.27149323	0.60461795	1.0	1690	tags=26%, list=9%, signal=28%	
GOMF_PROTEIN_PHOSPHATASE_BINDING	GOMF_PROTEIN_PHOSPHATASE_BINDING		133	-0.2987875	-1.1212482	0.198939	0.60580814	1.0	4548	tags=31%, list=23%, signal=40%	
GOBP_POSITIVE_REGULATION_OF_REGULATORY_T_CELL_DIFFERENTIATION	GOBP_POSITIVE_REGULATION_OF_REGULATORY_T_CELL_DIFFERENTIATION		21	-0.42083788	-1.1207595	0.2801724	0.6067462	1.0	1906	tags=29%, list=10%, signal=32%	
GOBP_NEGATIVE_REGULATION_OF_COAGULATION	GOBP_NEGATIVE_REGULATION_OF_COAGULATION		51	-0.35116842	-1.1206725	0.23950617	0.6063757	1.0	1990	tags=24%, list=10%, signal=26%	
GOMF_PHOSPHATASE_BINDING	GOMF_PHOSPHATASE_BINDING		176	-0.28630102	-1.120521	0.1661891	0.6062442	1.0	4577	tags=31%, list=24%, signal=40%	
GOBP_NEGATIVE_REGULATION_OF_EXTRINSIC_APOPTOTIC_SIGNALING_PATHWAY_VIA_DEATH_DOMAIN_RECEPTORS	GOBP_NEGATIVE_REGULATION_OF_EXTRINSIC_APOPTOTIC_SIGNALING_PATHWAY_VIA_DEATH_DOMAIN_RECEPTORS		29	-0.39950243	-1.1203038	0.29017857	0.60629004	1.0	4554	tags=48%, list=23%, signal=63%	
GOBP_NEUROTRANSMITTER_TRANSPORT	GOBP_NEUROTRANSMITTER_TRANSPORT		204	-0.28445145	-1.1202235	0.17901234	0.60592014	1.0	2214	tags=16%, list=11%, signal=18%	
GOCC_CLATHRIN_COATED_ENDOCYTIC_VESICLE_MEMBRANE	GOCC_CLATHRIN_COATED_ENDOCYTIC_VESICLE_MEMBRANE		71	-0.32819787	-1.119864	0.2264151	0.6064231	1.0	3282	tags=27%, list=17%, signal=32%	
GOBP_RESPONSE_TO_SALT_STRESS	GOBP_RESPONSE_TO_SALT_STRESS		24	-0.4156187	-1.1186056	0.3014862	0.6096137	1.0	3116	tags=29%, list=16%, signal=35%	
GOCC_RNA_POLYMERASE_II_TRANSCRIPTION_REPRESSOR_COMPLEX	GOCC_RNA_POLYMERASE_II_TRANSCRIPTION_REPRESSOR_COMPLEX		15	-0.465397	-1.1181716	0.2991632	0.61036927	1.0	3834	tags=40%, list=20%, signal=50%	
GOMF_HORMONE_BINDING	GOMF_HORMONE_BINDING		90	-0.31393683	-1.117927	0.20681265	0.61047775	1.0	2217	tags=20%, list=11%, signal=22%	
GOBP_FATTY_ACID_DERIVATIVE_METABOLIC_PROCESS	GOBP_FATTY_ACID_DERIVATIVE_METABOLIC_PROCESS		73	-0.33194432	-1.1178606	0.23543124	0.61006755	1.0	2262	tags=21%, list=12%, signal=23%	
GOBP_MAINTENANCE_OF_LOCATION	GOBP_MAINTENANCE_OF_LOCATION		323	-0.2727695	-1.1177667	0.13265306	0.6097238	1.0	2281	tags=20%, list=12%, signal=22%	
GOCC_TERMINAL_BOUTON	GOCC_TERMINAL_BOUTON		45	-0.36364242	-1.1176715	0.2626728	0.60940045	1.0	2525	tags=20%, list=13%, signal=23%	
GOBP_RESPONSE_TO_INTERLEUKIN_7	GOBP_RESPONSE_TO_INTERLEUKIN_7		16	-0.4536368	-1.1169119	0.30603448	0.6111252	1.0	3057	tags=38%, list=16%, signal=44%	
GOMF_AMINO_ACID_SODIUM_SYMPORTER_ACTIVITY	GOMF_AMINO_ACID_SODIUM_SYMPORTER_ACTIVITY		23	-0.4143006	-1.1169046	0.3148936	0.6105329	1.0	1579	tags=17%, list=8%, signal=19%	
GOBP_REGULATION_OF_LIPID_CATABOLIC_PROCESS	GOBP_REGULATION_OF_LIPID_CATABOLIC_PROCESS		60	-0.34068015	-1.1167928	0.25174826	0.6102268	1.0	2896	tags=28%, list=15%, signal=33%	
GOBP_POSITIVE_REGULATION_OF_GRANULOCYTE_CHEMOTAXIS	GOBP_POSITIVE_REGULATION_OF_GRANULOCYTE_CHEMOTAXIS		26	-0.40409425	-1.1167157	0.2924731	0.60984594	1.0	354	tags=15%, list=2%, signal=16%	
GOBP_REGULATION_OF_LIPID_STORAGE	GOBP_REGULATION_OF_LIPID_STORAGE		49	-0.35410807	-1.1163746	0.23414634	0.6102652	1.0	2896	tags=31%, list=15%, signal=36%	
GOBP_REGULATION_OF_COAGULATION	GOBP_REGULATION_OF_COAGULATION		71	-0.33024573	-1.1159788	0.24691358	0.610841	1.0	1990	tags=23%, list=10%, signal=25%	
GOBP_IRE1_MEDIATED_UNFOLDED_PROTEIN_RESPONSE	GOBP_IRE1_MEDIATED_UNFOLDED_PROTEIN_RESPONSE		19	-0.429828	-1.1157784	0.32525253	0.61083746	1.0	3721	tags=32%, list=19%, signal=39%	
GOBP_DENDRITIC_SPINE_MAINTENANCE	GOBP_DENDRITIC_SPINE_MAINTENANCE		21	-0.41870093	-1.115381	0.29385966	0.6114519	1.0	3768	tags=43%, list=19%, signal=53%	
GOBP_POSITIVE_REGULATION_OF_LEUKOCYTE_DEGRANULATION	GOBP_POSITIVE_REGULATION_OF_LEUKOCYTE_DEGRANULATION		24	-0.40760323	-1.1153165	0.30368763	0.6110271	1.0	1243	tags=17%, list=6%, signal=18%	
GOBP_AMYLOID_BETA_CLEARANCE	GOBP_AMYLOID_BETA_CLEARANCE		36	-0.3763458	-1.1152958	0.2917647	0.6104791	1.0	2182	tags=28%, list=11%, signal=31%	
GOBP_STEROL_METABOLIC_PROCESS	GOBP_STEROL_METABOLIC_PROCESS		147	-0.2966569	-1.1152173	0.21649484	0.6101159	1.0	4536	tags=35%, list=23%, signal=46%	
GOBP_POSITIVE_REGULATION_OF_PROTEIN_DEPHOSPHORYLATION	GOBP_POSITIVE_REGULATION_OF_PROTEIN_DEPHOSPHORYLATION		38	-0.37226662	-1.1149452	0.3018868	0.6103354	1.0	1906	tags=21%, list=10%, signal=23%	
GOBP_PROTEIN_AUTOPROCESSING	GOBP_PROTEIN_AUTOPROCESSING		26	-0.39663354	-1.1147034	0.26984128	0.6104493	1.0	1363	tags=23%, list=7%, signal=25%	
GOBP_REGULATION_OF_LEUKOCYTE_MIGRATION	GOBP_REGULATION_OF_LEUKOCYTE_MIGRATION		218	-0.28374448	-1.1145629	0.190625	0.61027473	1.0	2106	tags=20%, list=11%, signal=22%	
GOBP_POSITIVE_REGULATION_OF_GTPASE_ACTIVITY	GOBP_POSITIVE_REGULATION_OF_GTPASE_ACTIVITY		189	-0.28573257	-1.1143322	0.18263473	0.610355	1.0	2721	tags=24%, list=14%, signal=27%	
GOBP_RESPONSE_TO_AMINO_ACID_STARVATION	GOBP_RESPONSE_TO_AMINO_ACID_STARVATION		52	-0.34938723	-1.1136645	0.26128265	0.6117555	1.0	2856	tags=21%, list=15%, signal=25%	
GOBP_OVARIAN_FOLLICLE_DEVELOPMENT	GOBP_OVARIAN_FOLLICLE_DEVELOPMENT		56	-0.34862393	-1.1136122	0.27586207	0.6112917	1.0	4443	tags=29%, list=23%, signal=37%	
GOBP_POSITIVE_REGULATION_OF_T_CELL_CYTOKINE_PRODUCTION	GOBP_POSITIVE_REGULATION_OF_T_CELL_CYTOKINE_PRODUCTION		26	-0.40075868	-1.1135665	0.29336187	0.6108184	1.0	3990	tags=46%, list=21%, signal=58%	
GOBP_CELL_PROLIFERATION_INVOLVED_IN_HEART_MORPHOGENESIS	GOBP_CELL_PROLIFERATION_INVOLVED_IN_HEART_MORPHOGENESIS		19	-0.42823365	-1.1135468	0.3169165	0.61027277	1.0	2385	tags=21%, list=12%, signal=24%	
GOMF_TRANSFERASE_ACTIVITY_TRANSFERRING_SULPHUR_CONTAINING_GROUPS	GOMF_TRANSFERASE_ACTIVITY_TRANSFERRING_SULPHUR_CONTAINING_GROUPS		67	-0.33175224	-1.1133143	0.25376883	0.61033636	1.0	4088	tags=34%, list=21%, signal=43%	
GOMF_HSP90_PROTEIN_BINDING	GOMF_HSP90_PROTEIN_BINDING		37	-0.37814718	-1.113267	0.2931818	0.60985696	1.0	4629	tags=41%, list=24%, signal=53%	
GOBP_NEGATIVE_REGULATION_OF_INTERLEUKIN_2_PRODUCTION	GOBP_NEGATIVE_REGULATION_OF_INTERLEUKIN_2_PRODUCTION		28	-0.39284882	-1.1128396	0.27729258	0.6106498	1.0	4922	tags=50%, list=25%, signal=67%	
GOBP_REGULATION_OF_PHOSPHOPROTEIN_PHOSPHATASE_ACTIVITY	GOBP_REGULATION_OF_PHOSPHOPROTEIN_PHOSPHATASE_ACTIVITY		39	-0.366945	-1.1127119	0.28082192	0.6104237	1.0	3471	tags=28%, list=18%, signal=34%	
GOMF_SECONDARY_ACTIVE_MONOCARBOXYLATE_TRANSMEMBRANE_TRANSPORTER_ACTIVITY	GOMF_SECONDARY_ACTIVE_MONOCARBOXYLATE_TRANSMEMBRANE_TRANSPORTER_ACTIVITY		19	-0.43760806	-1.112193	0.31504065	0.61142606	1.0	2839	tags=26%, list=15%, signal=31%	
GOBP_SNRNA_TRANSCRIPTION	GOBP_SNRNA_TRANSCRIPTION		20	-0.42144707	-1.1121678	0.30107528	0.6108962	1.0	4285	tags=35%, list=22%, signal=45%	
GOBP_PROTEIN_HETEROOLIGOMERIZATION	GOBP_PROTEIN_HETEROOLIGOMERIZATION		29	-0.397477	-1.1121503	0.28798187	0.61033785	1.0	2525	tags=31%, list=13%, signal=36%	
GOBP_POSITIVE_REGULATION_OF_MONONUCLEAR_CELL_MIGRATION	GOBP_POSITIVE_REGULATION_OF_MONONUCLEAR_CELL_MIGRATION		90	-0.31974313	-1.1119068	0.24	0.6104893	1.0	2090	tags=26%, list=11%, signal=29%	
GOBP_TOLERANCE_INDUCTION	GOBP_TOLERANCE_INDUCTION		27	-0.39335215	-1.1118053	0.298441	0.6102194	1.0	2565	tags=33%, list=13%, signal=38%	
GOBP_TETRAHYDROFOLATE_METABOLIC_PROCESS	GOBP_TETRAHYDROFOLATE_METABOLIC_PROCESS		17	-0.441241	-1.1115565	0.30490404	0.6103636	1.0	4966	tags=41%, list=26%, signal=55%	
GOBP_ACTIVATION_OF_GTPASE_ACTIVITY	GOBP_ACTIVATION_OF_GTPASE_ACTIVITY		84	-0.31941986	-1.1115286	0.23459716	0.6098477	1.0	2683	tags=29%, list=14%, signal=33%	
GOMF_SULFOTRANSFERASE_ACTIVITY	GOMF_SULFOTRANSFERASE_ACTIVITY		51	-0.35092193	-1.1111896	0.24654378	0.61027575	1.0	2603	tags=25%, list=13%, signal=29%	
GOMF_NUCLEOSIDE_TRIPHOSPHATASE_REGULATOR_ACTIVITY	GOMF_NUCLEOSIDE_TRIPHOSPHATASE_REGULATOR_ACTIVITY		456	-0.2631288	-1.1109905	0.0785124	0.6102791	1.0	2879	tags=21%, list=15%, signal=24%	
GOMF_SIGNALING_ADAPTOR_ACTIVITY	GOMF_SIGNALING_ADAPTOR_ACTIVITY		114	-0.3077001	-1.1108534	0.22015916	0.6100865	1.0	2494	tags=25%, list=13%, signal=28%	
GOBP_CIRCADIAN_SLEEP_WAKE_CYCLE	GOBP_CIRCADIAN_SLEEP_WAKE_CYCLE		21	-0.4237999	-1.1105604	0.3267974	0.61038065	1.0	3478	tags=33%, list=18%, signal=41%	
GOBP_REGULATION_OF_LIPID_LOCALIZATION	GOBP_REGULATION_OF_LIPID_LOCALIZATION		154	-0.29408374	-1.1099303	0.1826087	0.61166275	1.0	3147	tags=27%, list=16%, signal=32%	
GOBP_LACTATION	GOBP_LACTATION		41	-0.35660964	-1.1091188	0.2760181	0.61347926	1.0	1897	tags=24%, list=10%, signal=27%	
GOBP_REGULATION_OF_HAIR_FOLLICLE_DEVELOPMENT	GOBP_REGULATION_OF_HAIR_FOLLICLE_DEVELOPMENT		20	-0.42093283	-1.1079623	0.2968421	0.6164241	1.0	616	tags=20%, list=3%, signal=21%	
GOCC_MITOCHONDRIA_ASSOCIATED_ENDOPLASMIC_RETICULUM_MEMBRANE_CONTACT_SITE	GOCC_MITOCHONDRIA_ASSOCIATED_ENDOPLASMIC_RETICULUM_MEMBRANE_CONTACT_SITE		22	-0.4210958	-1.1072565	0.30851063	0.61801875	1.0	2059	tags=23%, list=11%, signal=25%	
GOBP_DETECTION_OF_LIGHT_STIMULUS	GOBP_DETECTION_OF_LIGHT_STIMULUS		63	-0.34073776	-1.1072092	0.25681818	0.61755574	1.0	2130	tags=16%, list=11%, signal=18%	
GOBP_NEGATIVE_REGULATION_OF_PHOSPHATASE_ACTIVITY	GOBP_NEGATIVE_REGULATION_OF_PHOSPHATASE_ACTIVITY		19	-0.423108	-1.1071637	0.31196582	0.6170903	1.0	3471	tags=37%, list=18%, signal=45%	
GOCC_ROUGH_ENDOPLASMIC_RETICULUM	GOCC_ROUGH_ENDOPLASMIC_RETICULUM		57	-0.34072137	-1.1069523	0.25862068	0.6170919	1.0	1990	tags=18%, list=10%, signal=19%	
GOBP_MYD88_INDEPENDENT_TOLL_LIKE_RECEPTOR_SIGNALING_PATHWAY	GOBP_MYD88_INDEPENDENT_TOLL_LIKE_RECEPTOR_SIGNALING_PATHWAY		16	-0.44726145	-1.1065632	0.29847494	0.61765724	1.0	1928	tags=31%, list=10%, signal=35%	
GOBP_ESTABLISHMENT_OF_PROTEIN_LOCALIZATION_TO_ENDOPLASMIC_RETICULUM	GOBP_ESTABLISHMENT_OF_PROTEIN_LOCALIZATION_TO_ENDOPLASMIC_RETICULUM		39	-0.36913902	-1.1063721	0.2609756	0.6176393	1.0	4441	tags=31%, list=23%, signal=40%	
GOBP_PROTEIN_LOCALIZATION_TO_ENDOPLASMIC_RETICULUM	GOBP_PROTEIN_LOCALIZATION_TO_ENDOPLASMIC_RETICULUM		67	-0.3340628	-1.1062849	0.26056337	0.6173059	1.0	4567	tags=34%, list=24%, signal=45%	
GOMF_SNARE_BINDING	GOMF_SNARE_BINDING		106	-0.30914214	-1.1061156	0.21899736	0.6172394	1.0	3154	tags=22%, list=16%, signal=26%	
GOBP_MEGAKARYOCYTE_DEVELOPMENT	GOBP_MEGAKARYOCYTE_DEVELOPMENT		21	-0.42361808	-1.1060243	0.31428573	0.61692077	1.0	2249	tags=38%, list=12%, signal=43%	
GOBP_PEPTIDE_BIOSYNTHETIC_PROCESS	GOBP_PEPTIDE_BIOSYNTHETIC_PROCESS		27	-0.40096033	-1.1059836	0.2943723	0.6164419	1.0	3334	tags=37%, list=17%, signal=45%	
GOBP_ALCOHOL_METABOLIC_PROCESS	GOBP_ALCOHOL_METABOLIC_PROCESS		354	-0.26342687	-1.1058946	0.13494809	0.6161257	1.0	3094	tags=23%, list=16%, signal=27%	
GOBP_SPHINGOLIPID_METABOLIC_PROCESS	GOBP_SPHINGOLIPID_METABOLIC_PROCESS		159	-0.2903451	-1.1055499	0.19498608	0.61655164	1.0	3682	tags=29%, list=19%, signal=35%	
GOBP_NEGATIVE_REGULATION_OF_DOUBLE_STRAND_BREAK_REPAIR_VIA_HOMOLOGOUS_RECOMBINATION	GOBP_NEGATIVE_REGULATION_OF_DOUBLE_STRAND_BREAK_REPAIR_VIA_HOMOLOGOUS_RECOMBINATION		20	-0.42332733	-1.1055166	0.33182845	0.6160667	1.0	5506	tags=55%, list=28%, signal=77%	
GOBP_NEGATIVE_REGULATION_OF_AMINE_TRANSPORT	GOBP_NEGATIVE_REGULATION_OF_AMINE_TRANSPORT		27	-0.38824952	-1.1055095	0.27593818	0.6154957	1.0	2039	tags=22%, list=10%, signal=25%	
GOBP_ORGANIC_HYDROXY_COMPOUND_TRANSPORT	GOBP_ORGANIC_HYDROXY_COMPOUND_TRANSPORT		258	-0.27389354	-1.1049598	0.17567568	0.6165336	1.0	3147	tags=23%, list=16%, signal=27%	
GOMF_PROTEIN_DEMETHYLASE_ACTIVITY	GOMF_PROTEIN_DEMETHYLASE_ACTIVITY		24	-0.40080467	-1.1048084	0.30752212	0.6163859	1.0	5857	tags=50%, list=30%, signal=71%	
GOBP_FEMALE_SEX_DIFFERENTIATION	GOBP_FEMALE_SEX_DIFFERENTIATION		119	-0.3018493	-1.10457	0.24068768	0.6165605	1.0	2288	tags=18%, list=12%, signal=20%	
GOBP_REGULATION_OF_TYPE_2_IMMUNE_RESPONSE	GOBP_REGULATION_OF_TYPE_2_IMMUNE_RESPONSE		34	-0.37212628	-1.103915	0.2642369	0.61787575	1.0	765	tags=15%, list=4%, signal=15%	
GOBP_RETINAL_ROD_CELL_DIFFERENTIATION	GOBP_RETINAL_ROD_CELL_DIFFERENTIATION		17	-0.4469742	-1.1035864	0.31736526	0.6182236	1.0	2702	tags=29%, list=14%, signal=34%	
GOBP_G_PROTEIN_COUPLED_RECEPTOR_SIGNALING_PATHWAY_COUPLED_TO_CYCLIC_NUCLEOTIDE_SECOND_MESSENGER	GOBP_G_PROTEIN_COUPLED_RECEPTOR_SIGNALING_PATHWAY_COUPLED_TO_CYCLIC_NUCLEOTIDE_SECOND_MESSENGER		56	-0.33815697	-1.1033825	0.28850856	0.61830753	1.0	1572	tags=13%, list=8%, signal=14%	
GOBP_NEGATIVE_REGULATION_OF_GLUCOSE_TRANSMEMBRANE_TRANSPORT	GOBP_NEGATIVE_REGULATION_OF_GLUCOSE_TRANSMEMBRANE_TRANSPORT		17	-0.44900224	-1.1029191	0.33193278	0.61907923	1.0	2817	tags=41%, list=15%, signal=48%	
GOBP_POSITIVE_REGULATION_OF_LYMPHOCYTE_APOPTOTIC_PROCESS	GOBP_POSITIVE_REGULATION_OF_LYMPHOCYTE_APOPTOTIC_PROCESS		17	-0.44589344	-1.1027563	0.33615223	0.61895484	1.0	4185	tags=35%, list=22%, signal=45%	
GOBP_LINOLEIC_ACID_METABOLIC_PROCESS	GOBP_LINOLEIC_ACID_METABOLIC_PROCESS		20	-0.4280486	-1.1026877	0.3174274	0.6185488	1.0	2675	tags=40%, list=14%, signal=46%	
GOBP_POSITIVE_REGULATION_OF_T_HELPER_17_TYPE_IMMUNE_RESPONSE	GOBP_POSITIVE_REGULATION_OF_T_HELPER_17_TYPE_IMMUNE_RESPONSE		19	-0.42804226	-1.1020689	0.31863728	0.619776	1.0	3858	tags=37%, list=20%, signal=46%	
GOMF_SMALL_MOLECULE_SENSOR_ACTIVITY	GOMF_SMALL_MOLECULE_SENSOR_ACTIVITY		44	-0.3531889	-1.1020559	0.29262674	0.61922324	1.0	4337	tags=36%, list=22%, signal=47%	
GOBP_ORGANISM_EMERGENCE_FROM_PROTECTIVE_STRUCTURE	GOBP_ORGANISM_EMERGENCE_FROM_PROTECTIVE_STRUCTURE		22	-0.41056558	-1.1015731	0.3340858	0.6200868	1.0	5800	tags=45%, list=30%, signal=65%	
GOBP_REGULATION_OF_MONOCYTE_DIFFERENTIATION	GOBP_REGULATION_OF_MONOCYTE_DIFFERENTIATION		19	-0.42940766	-1.1012027	0.32599118	0.62064344	1.0	3538	tags=37%, list=18%, signal=45%	
GOBP_MITOCHONDRION_ORGANIZATION	GOBP_MITOCHONDRION_ORGANIZATION		457	-0.25924796	-1.1009505	0.13852814	0.6208019	1.0	3943	tags=25%, list=20%, signal=31%	
GOMF_IONOTROPIC_GLUTAMATE_RECEPTOR_BINDING	GOMF_IONOTROPIC_GLUTAMATE_RECEPTOR_BINDING		24	-0.41318387	-1.1008534	0.2943723	0.6204937	1.0	4669	tags=25%, list=24%, signal=33%	
GOBP_NEGATIVE_REGULATION_OF_VIRAL_PROCESS	GOBP_NEGATIVE_REGULATION_OF_VIRAL_PROCESS		85	-0.3135397	-1.1007499	0.23969072	0.62025154	1.0	4253	tags=34%, list=22%, signal=43%	
GOMF_PHOSPHOTRANSFERASE_ACTIVITY_FOR_OTHER_SUBSTITUTED_PHOSPHATE_GROUPS	GOMF_PHOSPHOTRANSFERASE_ACTIVITY_FOR_OTHER_SUBSTITUTED_PHOSPHATE_GROUPS		21	-0.43109894	-1.1006914	0.310559	0.61983275	1.0	3081	tags=38%, list=16%, signal=45%	
GOBP_INNER_MITOCHONDRIAL_MEMBRANE_ORGANIZATION	GOBP_INNER_MITOCHONDRIAL_MEMBRANE_ORGANIZATION		38	-0.36428422	-1.100442	0.2977273	0.6199988	1.0	4583	tags=32%, list=24%, signal=41%	
GOBP_MEGAKARYOCYTE_DIFFERENTIATION	GOBP_MEGAKARYOCYTE_DIFFERENTIATION		50	-0.35154366	-1.1000873	0.27954546	0.6204878	1.0	2249	tags=26%, list=12%, signal=29%	
GOBP_NATURAL_KILLER_CELL_MEDIATED_IMMUNITY	GOBP_NATURAL_KILLER_CELL_MEDIATED_IMMUNITY		81	-0.3167629	-1.0999054	0.24489796	0.62048185	1.0	3804	tags=36%, list=20%, signal=44%	
GOBP_REGULATION_OF_REACTIVE_OXYGEN_SPECIES_METABOLIC_PROCESS	GOBP_REGULATION_OF_REACTIVE_OXYGEN_SPECIES_METABOLIC_PROCESS		134	-0.29509845	-1.0988265	0.2413793	0.6231108	1.0	3197	tags=24%, list=16%, signal=28%	
GOBP_GLUTAMATE_SECRETION	GOBP_GLUTAMATE_SECRETION		28	-0.38869166	-1.0984882	0.30574712	0.62355155	1.0	4268	tags=29%, list=22%, signal=37%	
GOBP_ENDOSOME_TO_LYSOSOME_TRANSPORT	GOBP_ENDOSOME_TO_LYSOSOME_TRANSPORT		71	-0.32325608	-1.0983372	0.25310174	0.6234652	1.0	4548	tags=34%, list=23%, signal=44%	
GOBP_REGULATION_OF_MYELINATION	GOBP_REGULATION_OF_MYELINATION		43	-0.35601225	-1.0981785	0.27868852	0.6233433	1.0	2374	tags=26%, list=12%, signal=29%	
GOBP_STEROID_METABOLIC_PROCESS	GOBP_STEROID_METABOLIC_PROCESS		312	-0.27103537	-1.0981346	0.15705128	0.6228856	1.0	2639	tags=20%, list=14%, signal=22%	
GOBP_REGULATION_OF_AUTOPHAGY	GOBP_REGULATION_OF_AUTOPHAGY		344	-0.26453188	-1.098049	0.147651	0.6225339	1.0	2615	tags=19%, list=13%, signal=22%	
GOBP_POSITIVE_REGULATION_BY_HOST_OF_VIRAL_PROCESS	GOBP_POSITIVE_REGULATION_BY_HOST_OF_VIRAL_PROCESS		21	-0.41787392	-1.0975627	0.31914893	0.6234572	1.0	5540	tags=48%, list=29%, signal=67%	
GOBP_NEGATIVE_REGULATION_OF_EPIDERMAL_GROWTH_FACTOR_RECEPTOR_SIGNALING_PATHWAY	GOBP_NEGATIVE_REGULATION_OF_EPIDERMAL_GROWTH_FACTOR_RECEPTOR_SIGNALING_PATHWAY		26	-0.40110812	-1.0973856	0.31707317	0.62341154	1.0	3623	tags=35%, list=19%, signal=42%	
GOBP_POSITIVE_REGULATION_OF_REACTIVE_OXYGEN_SPECIES_METABOLIC_PROCESS	GOBP_POSITIVE_REGULATION_OF_REACTIVE_OXYGEN_SPECIES_METABOLIC_PROCESS		66	-0.32843965	-1.09734	0.29339853	0.62297845	1.0	3197	tags=29%, list=16%, signal=34%	
GOBP_PYRIDINE_CONTAINING_COMPOUND_METABOLIC_PROCESS	GOBP_PYRIDINE_CONTAINING_COMPOUND_METABOLIC_PROCESS		169	-0.28838208	-1.0971338	0.23906706	0.62299687	1.0	2955	tags=22%, list=15%, signal=26%	
GOMF_RIBONUCLEOPROTEIN_COMPLEX_BINDING	GOMF_RIBONUCLEOPROTEIN_COMPLEX_BINDING		154	-0.29063243	-1.0970856	0.22985074	0.62257016	1.0	4053	tags=27%, list=21%, signal=34%	
GOMF_HYDROLASE_ACTIVITY_ACTING_ON_CARBON_NITROGEN_BUT_NOT_PEPTIDE_BONDS	GOMF_HYDROLASE_ACTIVITY_ACTING_ON_CARBON_NITROGEN_BUT_NOT_PEPTIDE_BONDS		132	-0.295051	-1.0969598	0.22527473	0.6223472	1.0	2512	tags=19%, list=13%, signal=22%	
GOCC_ENDOCYTIC_VESICLE_MEMBRANE	GOCC_ENDOCYTIC_VESICLE_MEMBRANE		197	-0.2814452	-1.0966915	0.2215909	0.622584	1.0	3114	tags=25%, list=16%, signal=29%	
GOBP_MULTICELLULAR_ORGANISMAL_LEVEL_CHEMICAL_HOMEOSTASIS	GOBP_MULTICELLULAR_ORGANISMAL_LEVEL_CHEMICAL_HOMEOSTASIS		75	-0.32647666	-1.0966146	0.27518427	0.6222455	1.0	2084	tags=24%, list=11%, signal=27%	
GOBP_MAMMARY_GLAND_MORPHOGENESIS	GOBP_MAMMARY_GLAND_MORPHOGENESIS		45	-0.34795433	-1.0963066	0.28337237	0.62258077	1.0	2089	tags=20%, list=11%, signal=22%	
GOBP_APICAL_PROTEIN_LOCALIZATION	GOBP_APICAL_PROTEIN_LOCALIZATION		15	-0.4493886	-1.0956762	0.34029227	0.623867	1.0	1833	tags=33%, list=9%, signal=37%	
GOMF_RRNA_BINDING	GOMF_RRNA_BINDING		60	-0.32678497	-1.0956253	0.26241136	0.62341845	1.0	4099	tags=27%, list=21%, signal=34%	
GOMF_CARBOXYLIC_ESTER_HYDROLASE_ACTIVITY	GOMF_CARBOXYLIC_ESTER_HYDROLASE_ACTIVITY		135	-0.29561728	-1.0948812	0.23661971	0.62507755	1.0	2738	tags=23%, list=14%, signal=27%	
GOBP_PHASIC_SMOOTH_MUSCLE_CONTRACTION	GOBP_PHASIC_SMOOTH_MUSCLE_CONTRACTION		24	-0.4070365	-1.0946385	0.30357143	0.6252257	1.0	2161	tags=21%, list=11%, signal=23%	
GOBP_SPHINGOID_METABOLIC_PROCESS	GOBP_SPHINGOID_METABOLIC_PROCESS		20	-0.4280482	-1.0946087	0.34408602	0.62472695	1.0	3449	tags=40%, list=18%, signal=49%	
GOMF_PHOSPHATIDYLINOSITOL_BINDING	GOMF_PHOSPHATIDYLINOSITOL_BINDING		261	-0.27224132	-1.0945023	0.18237083	0.62446505	1.0	2526	tags=20%, list=13%, signal=23%	
GOBP_RECEPTOR_INTERNALIZATION	GOBP_RECEPTOR_INTERNALIZATION		126	-0.29639456	-1.093839	0.24468085	0.62592053	1.0	2494	tags=21%, list=13%, signal=24%	
GOCC_NUCLEAR_OUTER_MEMBRANE	GOCC_NUCLEAR_OUTER_MEMBRANE		29	-0.38087782	-1.0938084	0.311804	0.6254296	1.0	2979	tags=28%, list=15%, signal=33%	
GOBP_DOUBLE_STRAND_BREAK_REPAIR	GOBP_DOUBLE_STRAND_BREAK_REPAIR		286	-0.27131477	-1.0936267	0.18481848	0.6253738	1.0	5247	tags=35%, list=27%, signal=48%	
GOMF_PHOSPHATIDYLINOSITOL_PHOSPHATE_BINDING	GOMF_PHOSPHATIDYLINOSITOL_PHOSPHATE_BINDING		169	-0.28738466	-1.0932982	0.22807017	0.6258505	1.0	2526	tags=22%, list=13%, signal=25%	
GOBP_REGULATION_OF_CELLULAR_RESPONSE_TO_INSULIN_STIMULUS	GOBP_REGULATION_OF_CELLULAR_RESPONSE_TO_INSULIN_STIMULUS		71	-0.3214578	-1.0922495	0.28388748	0.62837696	1.0	3781	tags=32%, list=19%, signal=40%	
GOBP_NEGATIVE_REGULATION_OF_PEPTIDYL_TYROSINE_PHOSPHORYLATION	GOBP_NEGATIVE_REGULATION_OF_PEPTIDYL_TYROSINE_PHOSPHORYLATION		41	-0.35277218	-1.0919268	0.29256594	0.6287756	1.0	3997	tags=41%, list=21%, signal=52%	
GOCC_METHYLTRANSFERASE_COMPLEX	GOCC_METHYLTRANSFERASE_COMPLEX		97	-0.30992752	-1.0917624	0.25797874	0.62867826	1.0	3972	tags=28%, list=20%, signal=35%	
GOBP_REGULATION_OF_STEROID_HORMONE_BIOSYNTHETIC_PROCESS	GOBP_REGULATION_OF_STEROID_HORMONE_BIOSYNTHETIC_PROCESS		15	-0.4510937	-1.0913829	0.36134455	0.6292785	1.0	1594	tags=20%, list=8%, signal=22%	
GOMF_APOLIPOPROTEIN_BINDING	GOMF_APOLIPOPROTEIN_BINDING		16	-0.45082107	-1.0910547	0.3295964	0.6296725	1.0	3348	tags=31%, list=17%, signal=38%	
GOBP_REGULATION_OF_EPIDERMAL_GROWTH_FACTOR_ACTIVATED_RECEPTOR_ACTIVITY	GOBP_REGULATION_OF_EPIDERMAL_GROWTH_FACTOR_ACTIVATED_RECEPTOR_ACTIVITY		17	-0.43153188	-1.0905395	0.33887735	0.63070196	1.0	3623	tags=41%, list=19%, signal=51%	
GOBP_REGULATION_OF_AUTOPHAGOSOME_MATURATION	GOBP_REGULATION_OF_AUTOPHAGOSOME_MATURATION		16	-0.44510755	-1.090108	0.32532752	0.6314827	1.0	2615	tags=31%, list=13%, signal=36%	
GOBP_MITOCHONDRIAL_FUSION	GOBP_MITOCHONDRIAL_FUSION		33	-0.37961528	-1.0897934	0.30045873	0.63192004	1.0	3943	tags=30%, list=20%, signal=38%	
GOCC_CORNIFIED_ENVELOPE	GOCC_CORNIFIED_ENVELOPE		57	-0.33698288	-1.0894955	0.2992874	0.63228035	1.0	3039	tags=26%, list=16%, signal=31%	
GOBP_THYMUS_DEVELOPMENT	GOBP_THYMUS_DEVELOPMENT		47	-0.3503348	-1.0894371	0.29099306	0.6318753	1.0	4222	tags=30%, list=22%, signal=38%	
GOBP_NEGATIVE_REGULATION_OF_INTRACELLULAR_ESTROGEN_RECEPTOR_SIGNALING_PATHWAY	GOBP_NEGATIVE_REGULATION_OF_INTRACELLULAR_ESTROGEN_RECEPTOR_SIGNALING_PATHWAY		15	-0.44779342	-1.0889133	0.34747475	0.6328796	1.0	2737	tags=40%, list=14%, signal=47%	
GOBP_PROTEIN_N_LINKED_GLYCOSYLATION	GOBP_PROTEIN_N_LINKED_GLYCOSYLATION		69	-0.32453898	-1.0886579	0.2763819	0.6330325	1.0	5581	tags=43%, list=29%, signal=61%	
GOCC_NUCLEAR_INNER_MEMBRANE	GOCC_NUCLEAR_INNER_MEMBRANE		52	-0.3455888	-1.0886071	0.32289156	0.6326092	1.0	1382	tags=17%, list=7%, signal=19%	
GOMF_RNA_NUCLEASE_ACTIVITY	GOMF_RNA_NUCLEASE_ACTIVITY		119	-0.29964775	-1.088028	0.21978022	0.63380504	1.0	5460	tags=38%, list=28%, signal=52%	
GOMF_PHOSPHATIDYLINOSITOL_3_PHOSPHATE_BINDING	GOMF_PHOSPHATIDYLINOSITOL_3_PHOSPHATE_BINDING		41	-0.35122037	-1.0879072	0.31460676	0.6335823	1.0	1998	tags=29%, list=10%, signal=33%	
GOMF_ALCOHOL_BINDING	GOMF_ALCOHOL_BINDING		88	-0.304379	-1.0878729	0.27602905	0.63312644	1.0	2072	tags=18%, list=11%, signal=20%	
GOBP_REGULATION_OF_DNA_RECOMBINATION	GOBP_REGULATION_OF_DNA_RECOMBINATION		118	-0.29849717	-1.0876429	0.25344354	0.63327116	1.0	4800	tags=36%, list=25%, signal=48%	
GOBP_RECEPTOR_MEDIATED_ENDOCYTOSIS	GOBP_RECEPTOR_MEDIATED_ENDOCYTOSIS		251	-0.2702887	-1.0872487	0.207483	0.6338896	1.0	2399	tags=20%, list=12%, signal=22%	
GOBP_MACROAUTOPHAGY	GOBP_MACROAUTOPHAGY		340	-0.26266953	-1.0869772	0.18773946	0.6341207	1.0	4392	tags=29%, list=23%, signal=36%	
GOBP_NEGATIVE_REGULATION_OF_ENDOCYTOSIS	GOBP_NEGATIVE_REGULATION_OF_ENDOCYTOSIS		67	-0.32570702	-1.086379	0.30075186	0.6353472	1.0	4273	tags=33%, list=22%, signal=42%	
GOBP_POSITIVE_REGULATION_OF_NEUROTRANSMITTER_SECRETION	GOBP_POSITIVE_REGULATION_OF_NEUROTRANSMITTER_SECRETION		18	-0.42266387	-1.0861819	0.32438478	0.6354237	1.0	4268	tags=33%, list=22%, signal=43%	
GOBP_REGULATION_OF_NATURAL_KILLER_CELL_ACTIVATION	GOBP_REGULATION_OF_NATURAL_KILLER_CELL_ACTIVATION		39	-0.3575163	-1.0853153	0.321513	0.637523	1.0	2969	tags=31%, list=15%, signal=36%	
GOMF_MANNOSE_BINDING	GOMF_MANNOSE_BINDING		25	-0.40085018	-1.0851152	0.32327586	0.63754725	1.0	1899	tags=20%, list=10%, signal=22%	
GOBP_PROTEIN_COMPLEX_OLIGOMERIZATION	GOBP_PROTEIN_COMPLEX_OLIGOMERIZATION		255	-0.27257368	-1.0845991	0.22461538	0.6385833	1.0	2691	tags=21%, list=14%, signal=24%	
GOMF_SPECTRIN_BINDING	GOMF_SPECTRIN_BINDING		26	-0.39875236	-1.084338	0.34204793	0.6388534	1.0	3071	tags=38%, list=16%, signal=46%	
GOCC_CCR4_NOT_COMPLEX	GOCC_CCR4_NOT_COMPLEX		15	-0.45283157	-1.0841054	0.3650108	0.63901556	1.0	6108	tags=40%, list=31%, signal=58%	
GOBP_EMBRYONIC_HINDLIMB_MORPHOGENESIS	GOBP_EMBRYONIC_HINDLIMB_MORPHOGENESIS		28	-0.39023003	-1.0836686	0.33842796	0.63975847	1.0	1166	tags=21%, list=6%, signal=23%	
GOBP_PLATELET_ACTIVATION	GOBP_PLATELET_ACTIVATION		136	-0.28796133	-1.0831354	0.24543081	0.6408268	1.0	2209	tags=23%, list=11%, signal=26%	
GOMF_STEROL_BINDING	GOMF_STEROL_BINDING		65	-0.3249944	-1.0829314	0.2874693	0.6408893	1.0	4455	tags=37%, list=23%, signal=48%	
GOBP_DNA_UNWINDING_INVOLVED_IN_DNA_REPLICATION	GOBP_DNA_UNWINDING_INVOLVED_IN_DNA_REPLICATION		20	-0.42119202	-1.0827992	0.36129034	0.64072865	1.0	4403	tags=50%, list=23%, signal=65%	
GOBP_TYPE_2_IMMUNE_RESPONSE	GOBP_TYPE_2_IMMUNE_RESPONSE		42	-0.35424367	-1.0826399	0.32832617	0.6406527	1.0	3108	tags=29%, list=16%, signal=34%	
GOMF_DEMETHYLASE_ACTIVITY	GOMF_DEMETHYLASE_ACTIVITY		33	-0.368865	-1.0819558	0.32142857	0.6421621	1.0	2758	tags=21%, list=14%, signal=25%	
GOBP_REGULATION_OF_AXON_EXTENSION_INVOLVED_IN_AXON_GUIDANCE	GOBP_REGULATION_OF_AXON_EXTENSION_INVOLVED_IN_AXON_GUIDANCE		17	-0.43939638	-1.0812864	0.35581395	0.6435939	1.0	2001	tags=35%, list=10%, signal=39%	
GOBP_ENDOSOME_ORGANIZATION	GOBP_ENDOSOME_ORGANIZATION		89	-0.31235084	-1.0808756	0.29411766	0.6442769	1.0	4002	tags=28%, list=21%, signal=35%	
GOBP_ENDOSOME_TO_LYSOSOME_TRANSPORT_VIA_MULTIVESICULAR_BODY_SORTING_PATHWAY	GOBP_ENDOSOME_TO_LYSOSOME_TRANSPORT_VIA_MULTIVESICULAR_BODY_SORTING_PATHWAY		17	-0.4368609	-1.0804964	0.35758835	0.64484495	1.0	4548	tags=47%, list=23%, signal=61%	
GOBP_NEGATIVE_REGULATION_OF_MYELOID_LEUKOCYTE_DIFFERENTIATION	GOBP_NEGATIVE_REGULATION_OF_MYELOID_LEUKOCYTE_DIFFERENTIATION		49	-0.34703678	-1.080158	0.32413793	0.64529884	1.0	3675	tags=39%, list=19%, signal=48%	
GOBP_NUCLEOTIDE_BINDING_DOMAIN_LEUCINE_RICH_REPEAT_CONTAINING_RECEPTOR_SIGNALING_PATHWAY	GOBP_NUCLEOTIDE_BINDING_DOMAIN_LEUCINE_RICH_REPEAT_CONTAINING_RECEPTOR_SIGNALING_PATHWAY		27	-0.38835883	-1.0800725	0.36160713	0.6449874	1.0	3165	tags=22%, list=16%, signal=27%	
GOBP_LYSOSOMAL_TRANSPORT	GOBP_LYSOSOMAL_TRANSPORT		131	-0.29230505	-1.0797895	0.25753424	0.6452974	1.0	3938	tags=26%, list=20%, signal=32%	
GOCC_FICOLIN_1_RICH_GRANULE_LUMEN	GOCC_FICOLIN_1_RICH_GRANULE_LUMEN		123	-0.29098737	-1.0795594	0.26771653	0.6454295	1.0	3877	tags=24%, list=20%, signal=30%	
GOBP_REGULATION_OF_NUCLEOTIDE_BINDING_DOMAIN_LEUCINE_RICH_REPEAT_CONTAINING_RECEPTOR_SIGNALING_PATHWAY	GOBP_REGULATION_OF_NUCLEOTIDE_BINDING_DOMAIN_LEUCINE_RICH_REPEAT_CONTAINING_RECEPTOR_SIGNALING_PATHWAY		15	-0.45384574	-1.0790503	0.35084033	0.64638555	1.0	4059	tags=40%, list=21%, signal=51%	
GOBP_POSITIVE_REGULATION_OF_CHROMOSOME_SEPARATION	GOBP_POSITIVE_REGULATION_OF_CHROMOSOME_SEPARATION		29	-0.37848932	-1.0787174	0.33333334	0.6468559	1.0	6782	tags=59%, list=35%, signal=90%	
GOBP_PYRIMIDINE_DEOXYRIBONUCLEOTIDE_METABOLIC_PROCESS	GOBP_PYRIMIDINE_DEOXYRIBONUCLEOTIDE_METABOLIC_PROCESS		23	-0.4024648	-1.0783045	0.34422657	0.6475303	1.0	4030	tags=30%, list=21%, signal=38%	
GOMF_PROTEIN_PHOSPHORYLATED_AMINO_ACID_BINDING	GOMF_PROTEIN_PHOSPHORYLATED_AMINO_ACID_BINDING		59	-0.32906815	-1.0779505	0.3221957	0.6480981	1.0	3306	tags=27%, list=17%, signal=33%	
GOBP_MONOSACCHARIDE_METABOLIC_PROCESS	GOBP_MONOSACCHARIDE_METABOLIC_PROCESS		240	-0.27234232	-1.077705	0.21832883	0.6483278	1.0	3141	tags=25%, list=16%, signal=29%	
GOBP_NEGATIVE_REGULATION_OF_HORMONE_SECRETION	GOBP_NEGATIVE_REGULATION_OF_HORMONE_SECRETION		65	-0.32280758	-1.0774583	0.2815534	0.64854485	1.0	1433	tags=15%, list=7%, signal=17%	
GOBP_ESTABLISHMENT_OF_PROTEIN_LOCALIZATION_TO_MEMBRANE	GOBP_ESTABLISHMENT_OF_PROTEIN_LOCALIZATION_TO_MEMBRANE		256	-0.26681176	-1.0772108	0.20845921	0.6487768	1.0	4067	tags=27%, list=21%, signal=34%	
GOCC_LIPID_DROPLET	GOCC_LIPID_DROPLET		98	-0.3028605	-1.07714	0.2620321	0.6484196	1.0	2061	tags=21%, list=11%, signal=24%	
GOBP_FATTY_ACID_DERIVATIVE_CATABOLIC_PROCESS	GOBP_FATTY_ACID_DERIVATIVE_CATABOLIC_PROCESS		17	-0.43602592	-1.0769737	0.35550934	0.64833266	1.0	1504	tags=24%, list=8%, signal=25%	
GOBP_IMMUNE_RESPONSE_TO_TUMOR_CELL	GOBP_IMMUNE_RESPONSE_TO_TUMOR_CELL		28	-0.38262162	-1.0766147	0.3310811	0.6488524	1.0	3282	tags=29%, list=17%, signal=34%	
GOBP_POSITIVE_REGULATION_OF_VASCULAR_ENDOTHELIAL_GROWTH_FACTOR_PRODUCTION	GOBP_POSITIVE_REGULATION_OF_VASCULAR_ENDOTHELIAL_GROWTH_FACTOR_PRODUCTION		30	-0.37721345	-1.0762954	0.34541577	0.6492628	1.0	2090	tags=23%, list=11%, signal=26%	
GOBP_VIRAL_GENE_EXPRESSION	GOBP_VIRAL_GENE_EXPRESSION		99	-0.30337858	-1.076038	0.27763495	0.64948267	1.0	4776	tags=36%, list=25%, signal=48%	
GOBP_CELLULAR_RESPONSE_TO_INSULIN_STIMULUS	GOBP_CELLULAR_RESPONSE_TO_INSULIN_STIMULUS		202	-0.27414814	-1.0758895	0.23235294	0.64937633	1.0	2977	tags=22%, list=15%, signal=25%	
GOBP_SPHINGOLIPID_BIOSYNTHETIC_PROCESS	GOBP_SPHINGOLIPID_BIOSYNTHETIC_PROCESS		104	-0.301132	-1.0751089	0.3238342	0.6512074	1.0	3682	tags=32%, list=19%, signal=39%	
GOBP_REGULATION_OF_NITRIC_OXIDE_METABOLIC_PROCESS	GOBP_REGULATION_OF_NITRIC_OXIDE_METABOLIC_PROCESS		55	-0.3351493	-1.0747048	0.34455958	0.65191185	1.0	2238	tags=27%, list=12%, signal=31%	
GOBP_MORPHOGENESIS_OF_AN_ENDOTHELIUM	GOBP_MORPHOGENESIS_OF_AN_ENDOTHELIUM		16	-0.43016988	-1.074494	0.3553719	0.6520391	1.0	3261	tags=44%, list=17%, signal=53%	
GOMF_LIPOPOLYSACCHARIDE_BINDING	GOMF_LIPOPOLYSACCHARIDE_BINDING		39	-0.35685784	-1.0735968	0.3238512	0.654166	1.0	3425	tags=31%, list=18%, signal=37%	
GOBP_NEGATIVE_REGULATION_OF_MAP_KINASE_ACTIVITY	GOBP_NEGATIVE_REGULATION_OF_MAP_KINASE_ACTIVITY		43	-0.34832242	-1.0732774	0.31346577	0.6546341	1.0	1669	tags=19%, list=9%, signal=20%	
GOBP_INTRA_GOLGI_VESICLE_MEDIATED_TRANSPORT	GOBP_INTRA_GOLGI_VESICLE_MEDIATED_TRANSPORT		32	-0.37102106	-1.0714319	0.34851936	0.6598415	1.0	6126	tags=44%, list=32%, signal=64%	
GOBP_INTERLEUKIN_1_MEDIATED_SIGNALING_PATHWAY	GOBP_INTERLEUKIN_1_MEDIATED_SIGNALING_PATHWAY		30	-0.3724375	-1.0710676	0.34146342	0.66043794	1.0	3274	tags=30%, list=17%, signal=36%	
GOMF_CATALYTIC_ACTIVITY_ACTING_ON_RNA	GOMF_CATALYTIC_ACTIVITY_ACTING_ON_RNA		344	-0.25791135	-1.0703918	0.22364217	0.66197324	1.0	5460	tags=33%, list=28%, signal=44%	
GOBP_NEGATIVE_REGULATION_OF_FATTY_ACID_METABOLIC_PROCESS	GOBP_NEGATIVE_REGULATION_OF_FATTY_ACID_METABOLIC_PROCESS		34	-0.36444798	-1.0695152	0.3476298	0.6641816	1.0	3965	tags=32%, list=20%, signal=41%	
GOBP_LYSOSOMAL_PROTEIN_CATABOLIC_PROCESS	GOBP_LYSOSOMAL_PROTEIN_CATABOLIC_PROCESS		19	-0.42286506	-1.0692137	0.3611691	0.6644831	1.0	3348	tags=32%, list=17%, signal=38%	
GOBP_MICROAUTOPHAGY	GOBP_MICROAUTOPHAGY		22	-0.40300176	-1.0692136	0.36105034	0.6639036	1.0	3001	tags=27%, list=15%, signal=32%	
GOMF_AMINOACYLTRANSFERASE_ACTIVITY	GOMF_AMINOACYLTRANSFERASE_ACTIVITY		451	-0.25376907	-1.0682982	0.1953125	0.66629463	1.0	5052	tags=30%, list=26%, signal=40%	
GOBP_NEGATIVE_REGULATION_OF_NON_CANONICAL_NF_KAPPAB_SIGNAL_TRANSDUCTION	GOBP_NEGATIVE_REGULATION_OF_NON_CANONICAL_NF_KAPPAB_SIGNAL_TRANSDUCTION		26	-0.38953373	-1.0671563	0.35076252	0.66930306	1.0	4333	tags=42%, list=22%, signal=54%	
GOBP_NEGATIVE_REGULATION_OF_PROTEOLYSIS_INVOLVED_IN_PROTEIN_CATABOLIC_PROCESS	GOBP_NEGATIVE_REGULATION_OF_PROTEOLYSIS_INVOLVED_IN_PROTEIN_CATABOLIC_PROCESS		64	-0.32197016	-1.0669554	0.3221957	0.6693359	1.0	4970	tags=36%, list=26%, signal=48%	
GOCC_CYTOCHROME_COMPLEX	GOCC_CYTOCHROME_COMPLEX		33	-0.3683773	-1.0659178	0.3404711	0.6721087	1.0	5106	tags=30%, list=26%, signal=41%	
GOBP_POSITIVE_REGULATION_OF_CELL_ADHESION_MEDIATED_BY_INTEGRIN	GOBP_POSITIVE_REGULATION_OF_CELL_ADHESION_MEDIATED_BY_INTEGRIN		22	-0.40262085	-1.0653423	0.36622807	0.67338836	1.0	3222	tags=45%, list=17%, signal=54%	
GOBP_RIBOSOME_ASSEMBLY	GOBP_RIBOSOME_ASSEMBLY		58	-0.32391563	-1.0648739	0.3	0.67430663	1.0	2087	tags=16%, list=11%, signal=17%	
GOBP_AMIDE_TRANSPORT	GOBP_AMIDE_TRANSPORT		299	-0.2601453	-1.0643771	0.26625386	0.6753189	1.0	2217	tags=16%, list=11%, signal=17%	
GOBP_POSITIVE_REGULATION_OF_PROTEOLYSIS	GOBP_POSITIVE_REGULATION_OF_PROTEOLYSIS		318	-0.25893205	-1.0643407	0.23049645	0.67485774	1.0	3914	tags=28%, list=20%, signal=34%	
GOMF_STRUCTURAL_CONSTITUENT_OF_SKIN_EPIDERMIS	GOMF_STRUCTURAL_CONSTITUENT_OF_SKIN_EPIDERMIS		35	-0.3546248	-1.0643272	0.3156682	0.6743251	1.0	2083	tags=20%, list=11%, signal=22%	
GOMF_MAP_KINASE_PHOSPHATASE_ACTIVITY	GOMF_MAP_KINASE_PHOSPHATASE_ACTIVITY		15	-0.43602002	-1.0642029	0.36526945	0.6741172	1.0	5098	tags=53%, list=26%, signal=72%	
GOBP_AUTOPHAGOSOME_ORGANIZATION	GOBP_AUTOPHAGOSOME_ORGANIZATION		115	-0.29008102	-1.0640742	0.29057592	0.67392814	1.0	3206	tags=23%, list=17%, signal=28%	
GOBP_REGULATION_OF_B_CELL_RECEPTOR_SIGNALING_PATHWAY	GOBP_REGULATION_OF_B_CELL_RECEPTOR_SIGNALING_PATHWAY		20	-0.42056832	-1.06397	0.35531914	0.6736708	1.0	3647	tags=40%, list=19%, signal=49%	
GOBP_PIECEMEAL_MICROAUTOPHAGY_OF_THE_NUCLEUS	GOBP_PIECEMEAL_MICROAUTOPHAGY_OF_THE_NUCLEUS		17	-0.42718723	-1.0633068	0.3691275	0.6751121	1.0	3001	tags=35%, list=15%, signal=42%	
GOCC_OUTER_MEMBRANE	GOCC_OUTER_MEMBRANE		228	-0.2709626	-1.063303	0.2640264	0.6745403	1.0	3990	tags=24%, list=21%, signal=30%	
GOBP_REGULATION_OF_T_CELL_APOPTOTIC_PROCESS	GOBP_REGULATION_OF_T_CELL_APOPTOTIC_PROCESS		40	-0.35187355	-1.0629866	0.3497758	0.6749932	1.0	4234	tags=45%, list=22%, signal=57%	
GOBP_NEUROTRANSMITTER_SECRETION	GOBP_NEUROTRANSMITTER_SECRETION		142	-0.28127086	-1.0629722	0.2627346	0.6744547	1.0	2214	tags=16%, list=11%, signal=18%	
GOMF_PROTEIN_TYROSINE_SERINE_THREONINE_PHOSPHATASE_ACTIVITY	GOMF_PROTEIN_TYROSINE_SERINE_THREONINE_PHOSPHATASE_ACTIVITY		25	-0.3756169	-1.0625088	0.3536036	0.6753268	1.0	5098	tags=40%, list=26%, signal=54%	
GOBP_BODY_FLUID_SECRETION	GOBP_BODY_FLUID_SECRETION		93	-0.30042017	-1.0623107	0.33152175	0.6753758	1.0	2815	tags=25%, list=14%, signal=29%	
GOBP_NEGATIVE_REGULATION_OF_PROTEIN_LOCALIZATION_TO_CELL_PERIPHERY	GOBP_NEGATIVE_REGULATION_OF_PROTEIN_LOCALIZATION_TO_CELL_PERIPHERY		30	-0.3726679	-1.0619262	0.3340471	0.6759659	1.0	1835	tags=23%, list=9%, signal=26%	
GOBP_INSULIN_SECRETION	GOBP_INSULIN_SECRETION		188	-0.27203834	-1.0614704	0.27941176	0.6767647	1.0	2817	tags=18%, list=15%, signal=20%	
GOBP_RESPONSE_TO_TUMOR_NECROSIS_FACTOR	GOBP_RESPONSE_TO_TUMOR_NECROSIS_FACTOR		220	-0.26969182	-1.0603186	0.29051986	0.67996824	1.0	3403	tags=25%, list=18%, signal=30%	
GOMF_CARBOHYDRATE_KINASE_ACTIVITY	GOMF_CARBOHYDRATE_KINASE_ACTIVITY		21	-0.40232775	-1.0597467	0.35280374	0.6812388	1.0	3165	tags=33%, list=16%, signal=40%	
GOBP_NEGATIVE_REGULATION_OF_SMALL_MOLECULE_METABOLIC_PROCESS	GOBP_NEGATIVE_REGULATION_OF_SMALL_MOLECULE_METABOLIC_PROCESS		97	-0.29542148	-1.059149	0.3116883	0.68256426	1.0	3109	tags=25%, list=16%, signal=29%	
GOBP_POSITIVE_REGULATION_OF_TOR_SIGNALING	GOBP_POSITIVE_REGULATION_OF_TOR_SIGNALING		68	-0.31399295	-1.058225	0.3182898	0.6849934	1.0	4351	tags=31%, list=22%, signal=40%	
GOCC_PRESPLICEOSOME	GOCC_PRESPLICEOSOME		16	-0.41789907	-1.0581293	0.37328094	0.6847216	1.0	7718	tags=69%, list=40%, signal=114%	
GOBP_CELLULAR_COMPONENT_DISASSEMBLY	GOBP_CELLULAR_COMPONENT_DISASSEMBLY		497	-0.2503499	-1.058022	0.20622568	0.68446594	1.0	3549	tags=24%, list=18%, signal=29%	
GOBP_POSITIVE_REGULATION_OF_PROTEIN_SECRETION	GOBP_POSITIVE_REGULATION_OF_PROTEIN_SECRETION		142	-0.2810406	-1.057176	0.30362117	0.6865709	1.0	3190	tags=25%, list=16%, signal=30%	
GOMF_DYNEIN_INTERMEDIATE_CHAIN_BINDING	GOMF_DYNEIN_INTERMEDIATE_CHAIN_BINDING		30	-0.3685173	-1.057107	0.379015	0.6862005	1.0	1736	tags=17%, list=9%, signal=18%	
GOMF_CYSTEINE_TYPE_PEPTIDASE_ACTIVITY	GOMF_CYSTEINE_TYPE_PEPTIDASE_ACTIVITY		152	-0.28402677	-1.0571017	0.31564245	0.68562937	1.0	3565	tags=23%, list=18%, signal=28%	
GOBP_REGULATION_OF_HUMORAL_IMMUNE_RESPONSE_MEDIATED_BY_CIRCULATING_IMMUNOGLOBULIN	GOBP_REGULATION_OF_HUMORAL_IMMUNE_RESPONSE_MEDIATED_BY_CIRCULATING_IMMUNOGLOBULIN		16	-0.43319407	-1.0562187	0.3822314	0.68786454	1.0	2689	tags=44%, list=14%, signal=51%	
GOCC_COATED_VESICLE_MEMBRANE	GOCC_COATED_VESICLE_MEMBRANE		195	-0.26915964	-1.0559978	0.29090908	0.68797356	1.0	4317	tags=30%, list=22%, signal=39%	
GOBP_REGULATION_OF_TRANSCRIPTION_BY_RNA_POLYMERASE_III	GOBP_REGULATION_OF_TRANSCRIPTION_BY_RNA_POLYMERASE_III		28	-0.37673056	-1.0558374	0.34649122	0.6879151	1.0	3184	tags=29%, list=16%, signal=34%	
GOBP_REGULATION_OF_PHOSPHATASE_ACTIVITY	GOBP_REGULATION_OF_PHOSPHATASE_ACTIVITY		50	-0.33274722	-1.0556223	0.32624114	0.68803024	1.0	3481	tags=28%, list=18%, signal=34%	
GOMF_PHOSPHOPROTEIN_BINDING	GOMF_PHOSPHOPROTEIN_BINDING		90	-0.30003202	-1.0545297	0.32994923	0.6909704	1.0	4849	tags=34%, list=25%, signal=46%	
GOBP_NEGATIVE_REGULATION_OF_RECEPTOR_INTERNALIZATION	GOBP_NEGATIVE_REGULATION_OF_RECEPTOR_INTERNALIZATION		16	-0.41756305	-1.0538442	0.3542977	0.6926117	1.0	4273	tags=38%, list=22%, signal=48%	
GOBP_PHOSPHATIDYLCHOLINE_METABOLIC_PROCESS	GOBP_PHOSPHATIDYLCHOLINE_METABOLIC_PROCESS		71	-0.30645293	-1.0534539	0.35645932	0.69326454	1.0	3833	tags=38%, list=20%, signal=47%	
GOBP_POSITIVE_REGULATION_OF_MEIOTIC_CELL_CYCLE	GOBP_POSITIVE_REGULATION_OF_MEIOTIC_CELL_CYCLE		24	-0.39245188	-1.0520991	0.4	0.6971012	1.0	4679	tags=42%, list=24%, signal=55%	
GOBP_RESPONSE_TO_ETHER	GOBP_RESPONSE_TO_ETHER		16	-0.42966253	-1.0520532	0.4025974	0.6966569	1.0	2631	tags=31%, list=14%, signal=36%	
GOMF_LIPID_KINASE_ACTIVITY	GOMF_LIPID_KINASE_ACTIVITY		40	-0.34746674	-1.052048	0.36818182	0.696079	1.0	4504	tags=40%, list=23%, signal=52%	
GOBP_REGULATION_OF_DEPHOSPHORYLATION	GOBP_REGULATION_OF_DEPHOSPHORYLATION		91	-0.3012383	-1.0519878	0.36434108	0.6956955	1.0	3799	tags=30%, list=20%, signal=37%	
GOBP_LEUKOCYTE_TETHERING_OR_ROLLING	GOBP_LEUKOCYTE_TETHERING_OR_ROLLING		34	-0.35850152	-1.0516812	0.36307055	0.6960939	1.0	2690	tags=35%, list=14%, signal=41%	
GOBP_PROTEIN_DEUBIQUITINATION	GOBP_PROTEIN_DEUBIQUITINATION		78	-0.308715	-1.0512643	0.33563218	0.6967642	1.0	5065	tags=31%, list=26%, signal=41%	
GOMF_PHOSPHATIDYLINOSITOL_3_KINASE_BINDING	GOMF_PHOSPHATIDYLINOSITOL_3_KINASE_BINDING		25	-0.38292974	-1.0500909	0.37442923	0.69995254	1.0	4430	tags=36%, list=23%, signal=47%	
GOBP_NEGATIVE_REGULATION_OF_PROTEIN_CATABOLIC_PROCESS	GOBP_NEGATIVE_REGULATION_OF_PROTEIN_CATABOLIC_PROCESS		108	-0.29001746	-1.0499451	0.2992126	0.6998451	1.0	2601	tags=19%, list=13%, signal=22%	
GOBP_PIGMENT_BIOSYNTHETIC_PROCESS	GOBP_PIGMENT_BIOSYNTHETIC_PROCESS		53	-0.33234018	-1.0496033	0.34725276	0.70035255	1.0	2698	tags=23%, list=14%, signal=26%	
GOBP_REGULATION_OF_MITOCHONDRIAL_MEMBRANE_PERMEABILITY	GOBP_REGULATION_OF_MITOCHONDRIAL_MEMBRANE_PERMEABILITY		49	-0.3286205	-1.0489403	0.34570765	0.701918	1.0	3653	tags=27%, list=19%, signal=33%	
GOMF_GTP_DEPENDENT_PROTEIN_BINDING	GOMF_GTP_DEPENDENT_PROTEIN_BINDING		19	-0.41008282	-1.0486184	0.3931624	0.70235205	1.0	373	tags=11%, list=2%, signal=11%	
GOMF_MANNOSIDASE_ACTIVITY	GOMF_MANNOSIDASE_ACTIVITY		15	-0.44900212	-1.0483174	0.40522876	0.7027544	1.0	4943	tags=47%, list=25%, signal=63%	
GOBP_POSITIVE_REGULATION_OF_TYPE_I_INTERFERON_PRODUCTION	GOBP_POSITIVE_REGULATION_OF_TYPE_I_INTERFERON_PRODUCTION		70	-0.3099048	-1.0475057	0.36430317	0.70477176	1.0	4809	tags=39%, list=25%, signal=51%	
GOMF_C_ACYLTRANSFERASE_ACTIVITY	GOMF_C_ACYLTRANSFERASE_ACTIVITY		19	-0.41387695	-1.0473275	0.38650307	0.70474654	1.0	3449	tags=26%, list=18%, signal=32%	
GOBP_GLUTAMATE_METABOLIC_PROCESS	GOBP_GLUTAMATE_METABOLIC_PROCESS		33	-0.35909873	-1.0468013	0.36504424	0.70591444	1.0	2969	tags=30%, list=15%, signal=36%	
GOBP_CELLULAR_RESPONSE_TO_STEROL	GOBP_CELLULAR_RESPONSE_TO_STEROL		21	-0.39512485	-1.0468001	0.39148936	0.7053255	1.0	1609	tags=19%, list=8%, signal=21%	
GOBP_REGULATION_OF_PEPTIDE_TRANSPORT	GOBP_REGULATION_OF_PEPTIDE_TRANSPORT		190	-0.2653359	-1.0466727	0.2835821	0.70517015	1.0	3768	tags=24%, list=19%, signal=30%	
GOMF_ACID_THIOL_LIGASE_ACTIVITY	GOMF_ACID_THIOL_LIGASE_ACTIVITY		31	-0.3646626	-1.0465794	0.38084632	0.70488137	1.0	1386	tags=13%, list=7%, signal=14%	
GOBP_GLYCOLIPID_BIOSYNTHETIC_PROCESS	GOBP_GLYCOLIPID_BIOSYNTHETIC_PROCESS		75	-0.30453026	-1.0465144	0.3317647	0.70449823	1.0	4293	tags=33%, list=22%, signal=43%	
GOBP_MITOCHONDRIAL_MEMBRANE_ORGANIZATION	GOBP_MITOCHONDRIAL_MEMBRANE_ORGANIZATION		102	-0.2917042	-1.0465138	0.35443038	0.70391166	1.0	4633	tags=28%, list=24%, signal=37%	
GOBP_POLYAMINE_TRANSPORT	GOBP_POLYAMINE_TRANSPORT		15	-0.43287808	-1.0465038	0.39455783	0.7033616	1.0	3134	tags=27%, list=16%, signal=32%	
GOBP_POSITIVE_REGULATION_OF_HORMONE_METABOLIC_PROCESS	GOBP_POSITIVE_REGULATION_OF_HORMONE_METABOLIC_PROCESS		15	-0.4452331	-1.0464972	0.38864627	0.7027976	1.0	1602	tags=33%, list=8%, signal=36%	
GOBP_RNA_5_END_PROCESSING	GOBP_RNA_5_END_PROCESSING		34	-0.35732123	-1.0459892	0.34772727	0.70383817	1.0	3658	tags=29%, list=19%, signal=36%	
GOBP_POSITIVE_REGULATION_OF_RESPONSE_TO_CYTOKINE_STIMULUS	GOBP_POSITIVE_REGULATION_OF_RESPONSE_TO_CYTOKINE_STIMULUS		60	-0.31761646	-1.0456357	0.3640898	0.70447147	1.0	3050	tags=28%, list=16%, signal=34%	
GOMF_MEMBRANE_INSERTASE_ACTIVITY	GOMF_MEMBRANE_INSERTASE_ACTIVITY		15	-0.4293917	-1.0451978	0.4111349	0.7053053	1.0	4913	tags=53%, list=25%, signal=71%	
GOBP_NEGATIVE_REGULATION_OF_AXON_EXTENSION	GOBP_NEGATIVE_REGULATION_OF_AXON_EXTENSION		31	-0.35904583	-1.044577	0.36489606	0.70669657	1.0	4414	tags=45%, list=23%, signal=58%	
GOMF_STEROID_BINDING	GOMF_STEROID_BINDING		104	-0.290141	-1.0441477	0.3381089	0.707571	1.0	4455	tags=31%, list=23%, signal=40%	
GOBP_PTERIDINE_CONTAINING_COMPOUND_METABOLIC_PROCESS	GOBP_PTERIDINE_CONTAINING_COMPOUND_METABOLIC_PROCESS		32	-0.36182567	-1.0440854	0.3650108	0.7071712	1.0	1450	tags=16%, list=7%, signal=17%	
GOBP_NEGATIVE_REGULATION_OF_DEPHOSPHORYLATION	GOBP_NEGATIVE_REGULATION_OF_DEPHOSPHORYLATION		29	-0.37202793	-1.0438918	0.38972163	0.7072327	1.0	3471	tags=34%, list=18%, signal=42%	
GOBP_INSULIN_RECEPTOR_SIGNALING_PATHWAY	GOBP_INSULIN_RECEPTOR_SIGNALING_PATHWAY		123	-0.2827748	-1.043891	0.32843137	0.70665216	1.0	3781	tags=29%, list=19%, signal=36%	
GOBP_INTRACELLULAR_IRON_ION_HOMEOSTASIS	GOBP_INTRACELLULAR_IRON_ION_HOMEOSTASIS		66	-0.31503826	-1.043876	0.36629215	0.7061222	1.0	3481	tags=27%, list=18%, signal=33%	
GOCC_MITOCHONDRIAL_SMALL_RIBOSOMAL_SUBUNIT	GOCC_MITOCHONDRIAL_SMALL_RIBOSOMAL_SUBUNIT		32	-0.36269882	-1.0437975	0.37313432	0.7058229	1.0	6763	tags=47%, list=35%, signal=72%	
GOBP_REGULATION_OF_RESPONSE_TO_CYTOKINE_STIMULUS	GOBP_REGULATION_OF_RESPONSE_TO_CYTOKINE_STIMULUS		163	-0.2759663	-1.0437926	0.3362319	0.70525753	1.0	3807	tags=30%, list=20%, signal=37%	
GOMF_PROTEIN_CARRIER_CHAPERONE	GOMF_PROTEIN_CARRIER_CHAPERONE		33	-0.35887024	-1.0433758	0.38221154	0.7060206	1.0	4913	tags=39%, list=25%, signal=53%	
GOMF_GABA_RECEPTOR_BINDING	GOMF_GABA_RECEPTOR_BINDING		16	-0.4303786	-1.0431828	0.40292275	0.7060689	1.0	3561	tags=25%, list=18%, signal=31%	
GOBP_ANTIGEN_PROCESSING_AND_PRESENTATION_OF_EXOGENOUS_PEPTIDE_ANTIGEN_VIA_MHC_CLASS_II	GOBP_ANTIGEN_PROCESSING_AND_PRESENTATION_OF_EXOGENOUS_PEPTIDE_ANTIGEN_VIA_MHC_CLASS_II		29	-0.36820456	-1.0430621	0.40172786	0.70590013	1.0	1292	tags=17%, list=7%, signal=18%	
GOBP_INTRINSIC_APOPTOTIC_SIGNALING_PATHWAY	GOBP_INTRINSIC_APOPTOTIC_SIGNALING_PATHWAY		290	-0.2573488	-1.0426073	0.27017543	0.70679325	1.0	3877	tags=28%, list=20%, signal=35%	
GOBP_CELLULAR_RESPONSE_TO_UV	GOBP_CELLULAR_RESPONSE_TO_UV		87	-0.30258393	-1.0424132	0.35	0.7068434	1.0	3877	tags=28%, list=20%, signal=34%	
GOMF_NUCLEOSIDE_DIPHOSPHATE_PHOSPHATASE_ACTIVITY	GOMF_NUCLEOSIDE_DIPHOSPHATE_PHOSPHATASE_ACTIVITY		17	-0.41841674	-1.0422179	0.42197803	0.7069089	1.0	3871	tags=41%, list=20%, signal=51%	
GOBP_MAMMARY_GLAND_ALVEOLUS_DEVELOPMENT	GOBP_MAMMARY_GLAND_ALVEOLUS_DEVELOPMENT		20	-0.4030717	-1.0420239	0.4117647	0.70697105	1.0	3011	tags=25%, list=16%, signal=30%	
GOBP_THYMIC_T_CELL_SELECTION	GOBP_THYMIC_T_CELL_SELECTION		24	-0.38542795	-1.041602	0.37826088	0.7077605	1.0	4902	tags=50%, list=25%, signal=67%	
GOBP_NUCLEAR_TRANSCRIBED_MRNA_CATABOLIC_PROCESS	GOBP_NUCLEAR_TRANSCRIBED_MRNA_CATABOLIC_PROCESS		114	-0.2853581	-1.041439	0.34517765	0.70771265	1.0	5703	tags=34%, list=29%, signal=48%	
GOCC_TRANS_GOLGI_NETWORK	GOCC_TRANS_GOLGI_NETWORK		242	-0.2630862	-1.040614	0.32228917	0.7097488	1.0	1705	tags=14%, list=9%, signal=16%	
GOMF_PHOSPHOLIPID_BINDING	GOMF_PHOSPHOLIPID_BINDING		457	-0.2450357	-1.0402623	0.29182878	0.71030223	1.0	2526	tags=18%, list=13%, signal=20%	
GOBP_PIGMENT_GRANULE_LOCALIZATION	GOBP_PIGMENT_GRANULE_LOCALIZATION		25	-0.37929755	-1.0400159	0.39148936	0.7105656	1.0	3937	tags=40%, list=20%, signal=50%	
GOBP_TRNA_DECAY	GOBP_TRNA_DECAY		15	-0.43483007	-1.0400158	0.4113924	0.7099865	1.0	3399	tags=33%, list=17%, signal=40%	
GOBP_RESPONSE_TO_FATTY_ACID	GOBP_RESPONSE_TO_FATTY_ACID		55	-0.31983393	-1.03979	0.37037036	0.7101408	1.0	1492	tags=18%, list=8%, signal=20%	
GOBP_LIPID_CATABOLIC_PROCESS	GOBP_LIPID_CATABOLIC_PROCESS		327	-0.2516687	-1.0397863	0.30322582	0.7095707	1.0	3022	tags=19%, list=16%, signal=22%	
GOBP_APOPTOTIC_CELL_CLEARANCE	GOBP_APOPTOTIC_CELL_CLEARANCE		48	-0.32932508	-1.0397658	0.3828829	0.70907086	1.0	4229	tags=38%, list=22%, signal=48%	
GOCC_KINESIN_COMPLEX	GOCC_KINESIN_COMPLEX		45	-0.33589923	-1.0397466	0.40722892	0.70856637	1.0	2286	tags=22%, list=12%, signal=25%	
GOBP_REGULATION_OF_DNA_BINDING_TRANSCRIPTION_FACTOR_ACTIVITY	GOBP_REGULATION_OF_DNA_BINDING_TRANSCRIPTION_FACTOR_ACTIVITY		336	-0.2529346	-1.0396053	0.30935252	0.70842236	1.0	3299	tags=24%, list=17%, signal=28%	
GOBP_TRANSCRIPTION_PREINITIATION_COMPLEX_ASSEMBLY	GOBP_TRANSCRIPTION_PREINITIATION_COMPLEX_ASSEMBLY		67	-0.31052473	-1.0394478	0.35626537	0.7083603	1.0	5786	tags=43%, list=30%, signal=61%	
GOMF_PEPTIDE_N_ACETYLTRANSFERASE_ACTIVITY	GOMF_PEPTIDE_N_ACETYLTRANSFERASE_ACTIVITY		50	-0.3320789	-1.0393939	0.3781321	0.70796853	1.0	5782	tags=40%, list=30%, signal=57%	
GOBP_POSITIVE_REGULATION_OF_COAGULATION	GOBP_POSITIVE_REGULATION_OF_COAGULATION		28	-0.36931667	-1.0391662	0.38828632	0.7081337	1.0	2690	tags=29%, list=14%, signal=33%	
GOBP_EATING_BEHAVIOR	GOBP_EATING_BEHAVIOR		38	-0.3541162	-1.038672	0.4164706	0.7091927	1.0	2308	tags=26%, list=12%, signal=30%	
GOBP_REGULATORY_T_CELL_DIFFERENTIATION	GOBP_REGULATORY_T_CELL_DIFFERENTIATION		36	-0.3459271	-1.0384	0.3840909	0.7095281	1.0	4041	tags=42%, list=21%, signal=53%	
GOBP_MATURATION_OF_5_8S_RRNA_FROM_TRICISTRONIC_RRNA_TRANSCRIPT_SSU_RRNA_5_8S_RRNA_LSU_RRNA	GOBP_MATURATION_OF_5_8S_RRNA_FROM_TRICISTRONIC_RRNA_TRANSCRIPT_SSU_RRNA_5_8S_RRNA_LSU_RRNA		23	-0.3861984	-1.0382667	0.3935484	0.7094175	1.0	3399	tags=30%, list=17%, signal=37%	
GOBP_NEGATIVE_REGULATION_OF_ERBB_SIGNALING_PATHWAY	GOBP_NEGATIVE_REGULATION_OF_ERBB_SIGNALING_PATHWAY		30	-0.36345404	-1.0374916	0.38723403	0.7113445	1.0	3623	tags=30%, list=19%, signal=37%	
GOBP_CELLULAR_MODIFIED_AMINO_ACID_CATABOLIC_PROCESS	GOBP_CELLULAR_MODIFIED_AMINO_ACID_CATABOLIC_PROCESS		30	-0.37059155	-1.0365636	0.4120482	0.71378475	1.0	1450	tags=13%, list=7%, signal=14%	
GOCC_EARLY_ENDOSOME	GOCC_EARLY_ENDOSOME		408	-0.24758314	-1.0364405	0.29032257	0.7135771	1.0	3938	tags=27%, list=20%, signal=33%	
GOBP_REGULATION_OF_CLATHRIN_DEPENDENT_ENDOCYTOSIS	GOBP_REGULATION_OF_CLATHRIN_DEPENDENT_ENDOCYTOSIS		17	-0.41131616	-1.0364221	0.4065934	0.71307635	1.0	2266	tags=29%, list=12%, signal=33%	
GOBP_REGULATION_OF_PROTEIN_BINDING	GOBP_REGULATION_OF_PROTEIN_BINDING		116	-0.2866244	-1.0363407	0.34748012	0.71277577	1.0	3387	tags=29%, list=17%, signal=35%	
GOMF_HSP70_PROTEIN_BINDING	GOMF_HSP70_PROTEIN_BINDING		48	-0.33257326	-1.0357322	0.38785046	0.71424806	1.0	1790	tags=19%, list=9%, signal=21%	
GOBP_LEUKOCYTE_ADHESION_TO_VASCULAR_ENDOTHELIAL_CELL	GOBP_LEUKOCYTE_ADHESION_TO_VASCULAR_ENDOTHELIAL_CELL		48	-0.3324416	-1.0356783	0.39479905	0.7138682	1.0	2690	tags=27%, list=14%, signal=31%	
GOBP_MODIFIED_AMINO_ACID_TRANSPORT	GOBP_MODIFIED_AMINO_ACID_TRANSPORT		39	-0.3476084	-1.0352836	0.4028436	0.714557	1.0	1981	tags=23%, list=10%, signal=26%	
GOMF_RNA_EXONUCLEASE_ACTIVITY_PRODUCING_5_PHOSPHOMONOESTERS	GOMF_RNA_EXONUCLEASE_ACTIVITY_PRODUCING_5_PHOSPHOMONOESTERS		38	-0.34408173	-1.0349164	0.37011495	0.71518207	1.0	5700	tags=37%, list=29%, signal=52%	
GOBP_AMINOGLYCAN_BIOSYNTHETIC_PROCESS	GOBP_AMINOGLYCAN_BIOSYNTHETIC_PROCESS		76	-0.3036333	-1.0346785	0.3888889	0.71538854	1.0	803	tags=12%, list=4%, signal=12%	
GOBP_CELLULAR_LIPID_CATABOLIC_PROCESS	GOBP_CELLULAR_LIPID_CATABOLIC_PROCESS		226	-0.26095444	-1.0342945	0.36285713	0.71609056	1.0	3702	tags=23%, list=19%, signal=29%	
GOBP_NEGATIVE_REGULATION_OF_NUCLEAR_DIVISION	GOBP_NEGATIVE_REGULATION_OF_NUCLEAR_DIVISION		61	-0.31617147	-1.0342022	0.3598131	0.7158203	1.0	5988	tags=43%, list=31%, signal=61%	
GOBP_RESPONSE_TO_MURAMYL_DIPEPTIDE	GOBP_RESPONSE_TO_MURAMYL_DIPEPTIDE		20	-0.3996641	-1.0336438	0.41422594	0.7170325	1.0	1888	tags=25%, list=10%, signal=28%	
GOBP_ACTIVATION_OF_ADENYLATE_CYCLASE_ACTIVITY	GOBP_ACTIVATION_OF_ADENYLATE_CYCLASE_ACTIVITY		24	-0.3852583	-1.0328772	0.39777777	0.71896476	1.0	2012	tags=17%, list=10%, signal=19%	
GOBP_REGULATION_OF_JUN_KINASE_ACTIVITY	GOBP_REGULATION_OF_JUN_KINASE_ACTIVITY		37	-0.3491284	-1.0319488	0.41395348	0.7213536	1.0	2051	tags=22%, list=11%, signal=24%	
GOBP_NAD_METABOLIC_PROCESS	GOBP_NAD_METABOLIC_PROCESS		62	-0.3159501	-1.031688	0.4	0.721624	1.0	2885	tags=26%, list=15%, signal=30%	
GOMF_SNAP_RECEPTOR_ACTIVITY	GOMF_SNAP_RECEPTOR_ACTIVITY		37	-0.34881952	-1.0314635	0.36533958	0.7217545	1.0	5620	tags=43%, list=29%, signal=61%	
GOMF_CYSTEINE_TYPE_ENDOPEPTIDASE_INHIBITOR_ACTIVITY	GOMF_CYSTEINE_TYPE_ENDOPEPTIDASE_INHIBITOR_ACTIVITY		34	-0.34945333	-1.0312488	0.40625	0.72191024	1.0	1614	tags=21%, list=8%, signal=22%	
GOBP_REGULATION_OF_LIPASE_ACTIVITY	GOBP_REGULATION_OF_LIPASE_ACTIVITY		63	-0.3144493	-1.030634	0.39099526	0.7233735	1.0	4268	tags=27%, list=22%, signal=34%	
GOBP_REGULATION_OF_INTRINSIC_APOPTOTIC_SIGNALING_PATHWAY	GOBP_REGULATION_OF_INTRINSIC_APOPTOTIC_SIGNALING_PATHWAY		165	-0.26748812	-1.0303286	0.36813188	0.72377634	1.0	3952	tags=33%, list=20%, signal=41%	
GOBP_MAINTENANCE_OF_PROTEIN_LOCATION	GOBP_MAINTENANCE_OF_PROTEIN_LOCATION		88	-0.28738943	-1.0300908	0.38873994	0.7239339	1.0	2351	tags=18%, list=12%, signal=21%	
GOBP_L_GLUTAMATE_IMPORT_ACROSS_PLASMA_MEMBRANE	GOBP_L_GLUTAMATE_IMPORT_ACROSS_PLASMA_MEMBRANE		16	-0.41690204	-1.0299712	0.3943355	0.7237395	1.0	1446	tags=19%, list=7%, signal=20%	
GOCC_AZUROPHIL_GRANULE_MEMBRANE	GOCC_AZUROPHIL_GRANULE_MEMBRANE		56	-0.32004234	-1.0292168	0.40435836	0.7257376	1.0	6018	tags=52%, list=31%, signal=75%	
GOBP_REGULATION_OF_NEURON_APOPTOTIC_PROCESS	GOBP_REGULATION_OF_NEURON_APOPTOTIC_PROCESS		230	-0.25756472	-1.0289448	0.37082067	0.7260255	1.0	1906	tags=17%, list=10%, signal=18%	
GOBP_ENAMEL_MINERALIZATION	GOBP_ENAMEL_MINERALIZATION		21	-0.38702652	-1.0289026	0.44130436	0.7255924	1.0	3893	tags=33%, list=20%, signal=42%	
GOBP_POSITIVE_REGULATION_OF_OXIDOREDUCTASE_ACTIVITY	GOBP_POSITIVE_REGULATION_OF_OXIDOREDUCTASE_ACTIVITY		36	-0.34387708	-1.0288228	0.38317758	0.7252806	1.0	1286	tags=14%, list=7%, signal=15%	
GOBP_DIGESTIVE_SYSTEM_PROCESS	GOBP_DIGESTIVE_SYSTEM_PROCESS		104	-0.29054633	-1.0284827	0.38753387	0.72578174	1.0	3063	tags=25%, list=16%, signal=30%	
GOBP_GANGLIOSIDE_METABOLIC_PROCESS	GOBP_GANGLIOSIDE_METABOLIC_PROCESS		27	-0.36289737	-1.0284005	0.41758242	0.72548646	1.0	3682	tags=37%, list=19%, signal=46%	
GOBP_CELLULAR_RESPONSE_TO_NUTRIENT_LEVELS	GOBP_CELLULAR_RESPONSE_TO_NUTRIENT_LEVELS		227	-0.2598253	-1.0282797	0.36445785	0.72528833	1.0	2890	tags=20%, list=15%, signal=23%	
GOBP_PROTEIN_DEPHOSPHORYLATION	GOBP_PROTEIN_DEPHOSPHORYLATION		189	-0.26348174	-1.0281339	0.35964912	0.7252026	1.0	2894	tags=20%, list=15%, signal=23%	
GOBP_PROTEIN_QUALITY_CONTROL_FOR_MISFOLDED_OR_INCOMPLETELY_SYNTHESIZED_PROTEINS	GOBP_PROTEIN_QUALITY_CONTROL_FOR_MISFOLDED_OR_INCOMPLETELY_SYNTHESIZED_PROTEINS		23	-0.37754038	-1.0279498	0.40393013	0.7252188	1.0	5104	tags=52%, list=26%, signal=71%	
GOBP_NEGATIVE_REGULATION_OF_RECEPTOR_MEDIATED_ENDOCYTOSIS	GOBP_NEGATIVE_REGULATION_OF_RECEPTOR_MEDIATED_ENDOCYTOSIS		31	-0.36077714	-1.0278853	0.39529914	0.7248516	1.0	4273	tags=35%, list=22%, signal=45%	
GOMF_PEPTIDE_LYSINE_N_ACETYLTRANSFERASE_ACTIVITY	GOMF_PEPTIDE_LYSINE_N_ACETYLTRANSFERASE_ACTIVITY		46	-0.33499083	-1.0276461	0.41703057	0.72508055	1.0	5782	tags=39%, list=30%, signal=56%	
GOMF_HEAT_SHOCK_PROTEIN_BINDING	GOMF_HEAT_SHOCK_PROTEIN_BINDING		120	-0.27440512	-1.0276409	0.39247313	0.7245228	1.0	4629	tags=33%, list=24%, signal=42%	
GOBP_NEGATIVE_REGULATION_OF_EXTRINSIC_APOPTOTIC_SIGNALING_PATHWAY	GOBP_NEGATIVE_REGULATION_OF_EXTRINSIC_APOPTOTIC_SIGNALING_PATHWAY		93	-0.2916007	-1.0273095	0.4009901	0.72501624	1.0	2795	tags=25%, list=14%, signal=29%	
GOBP_REGULATION_OF_HOMOTYPIC_CELL_CELL_ADHESION	GOBP_REGULATION_OF_HOMOTYPIC_CELL_CELL_ADHESION		36	-0.34677044	-1.0272969	0.39041096	0.7244797	1.0	1669	tags=28%, list=9%, signal=30%	
GOBP_ATTACHMENT_OF_SPINDLE_MICROTUBULES_TO_KINETOCHORE	GOBP_ATTACHMENT_OF_SPINDLE_MICROTUBULES_TO_KINETOCHORE		51	-0.31731385	-1.0272162	0.38995215	0.7241866	1.0	5988	tags=51%, list=31%, signal=74%	
GOBP_POSITIVE_REGULATION_OF_HOMOTYPIC_CELL_CELL_ADHESION	GOBP_POSITIVE_REGULATION_OF_HOMOTYPIC_CELL_CELL_ADHESION		17	-0.41029286	-1.0262339	0.4261954	0.7268069	1.0	1391	tags=29%, list=7%, signal=32%	
GOBP_MEMBRANE_FUSION	GOBP_MEMBRANE_FUSION		171	-0.2668386	-1.025595	0.3659218	0.72828954	1.0	4438	tags=32%, list=23%, signal=41%	
GOMF_UBIQUITIN_LIKE_PROTEIN_LIGASE_ACTIVITY	GOMF_UBIQUITIN_LIKE_PROTEIN_LIGASE_ACTIVITY		338	-0.2463209	-1.0255334	0.34256056	0.72793764	1.0	4717	tags=28%, list=24%, signal=36%	
GOBP_POSITIVE_REGULATION_OF_RESPONSE_TO_ENDOPLASMIC_RETICULUM_STRESS	GOBP_POSITIVE_REGULATION_OF_RESPONSE_TO_ENDOPLASMIC_RETICULUM_STRESS		35	-0.35176787	-1.0254633	0.3976744	0.72760445	1.0	4734	tags=46%, list=24%, signal=60%	
GOBP_REGULATION_OF_MEMBRANE_LIPID_DISTRIBUTION	GOBP_REGULATION_OF_MEMBRANE_LIPID_DISTRIBUTION		59	-0.30702144	-1.025123	0.3846154	0.7281956	1.0	2433	tags=15%, list=13%, signal=17%	
GOMF_MODIFICATION_DEPENDENT_PROTEIN_BINDING	GOMF_MODIFICATION_DEPENDENT_PROTEIN_BINDING		171	-0.26531968	-1.0249017	0.37068966	0.72835046	1.0	5185	tags=35%, list=27%, signal=47%	
GOBP_MAMMARY_GLAND_EPITHELIUM_DEVELOPMENT	GOBP_MAMMARY_GLAND_EPITHELIUM_DEVELOPMENT		68	-0.30477226	-1.024831	0.3995327	0.7280314	1.0	2089	tags=16%, list=11%, signal=18%	
GOCC_BASAL_PART_OF_CELL	GOCC_BASAL_PART_OF_CELL		303	-0.2510558	-1.0248067	0.36619717	0.7275456	1.0	3348	tags=25%, list=17%, signal=29%	
GOBP_NEGATIVE_REGULATION_OF_CD4_POSITIVE_ALPHA_BETA_T_CELL_DIFFERENTIATION	GOBP_NEGATIVE_REGULATION_OF_CD4_POSITIVE_ALPHA_BETA_T_CELL_DIFFERENTIATION		21	-0.39039114	-1.0247451	0.42604858	0.7271797	1.0	3080	tags=33%, list=16%, signal=40%	
GOBP_NEGATIVE_REGULATION_OF_NEURON_APOPTOTIC_PROCESS	GOBP_NEGATIVE_REGULATION_OF_NEURON_APOPTOTIC_PROCESS		155	-0.2684534	-1.0242724	0.38108882	0.728178	1.0	2238	tags=18%, list=12%, signal=20%	
GOBP_ISOPRENOID_BIOSYNTHETIC_PROCESS	GOBP_ISOPRENOID_BIOSYNTHETIC_PROCESS		27	-0.3640662	-1.0239338	0.40880504	0.72869426	1.0	3271	tags=30%, list=17%, signal=36%	
GOCC_OXIDOREDUCTASE_COMPLEX	GOCC_OXIDOREDUCTASE_COMPLEX		104	-0.29076168	-1.0238059	0.39772728	0.7285296	1.0	2942	tags=15%, list=15%, signal=18%	
GOBP_P_BODY_ASSEMBLY	GOBP_P_BODY_ASSEMBLY		20	-0.39544535	-1.023323	0.42152467	0.7294743	1.0	4232	tags=25%, list=22%, signal=32%	
GOCC_SNARE_COMPLEX	GOCC_SNARE_COMPLEX		50	-0.324685	-1.0232794	0.38779956	0.7290413	1.0	5387	tags=38%, list=28%, signal=52%	
GOBP_3_UTR_MEDIATED_MRNA_DESTABILIZATION	GOBP_3_UTR_MEDIATED_MRNA_DESTABILIZATION		18	-0.4109636	-1.0231774	0.40376568	0.72881913	1.0	2526	tags=33%, list=13%, signal=38%	
GOBP_TRNA_5_END_PROCESSING	GOBP_TRNA_5_END_PROCESSING		15	-0.4279666	-1.0229778	0.45217392	0.7288917	1.0	3658	tags=33%, list=19%, signal=41%	
GOBP_ASTROCYTE_DEVELOPMENT	GOBP_ASTROCYTE_DEVELOPMENT		41	-0.339894	-1.0225307	0.42630386	0.729775	1.0	2217	tags=27%, list=11%, signal=30%	
GOMF_GALACTOSYLTRANSFERASE_ACTIVITY	GOMF_GALACTOSYLTRANSFERASE_ACTIVITY		32	-0.3563189	-1.0219368	0.41594827	0.7311222	1.0	3563	tags=22%, list=18%, signal=27%	
GOMF_CIS_TRANS_ISOMERASE_ACTIVITY	GOMF_CIS_TRANS_ISOMERASE_ACTIVITY		40	-0.34234533	-1.0218483	0.41149426	0.7308541	1.0	1872	tags=20%, list=10%, signal=22%	
GOBP_DOPAMINE_SECRETION	GOBP_DOPAMINE_SECRETION		29	-0.35493705	-1.0217289	0.38530067	0.73066336	1.0	2817	tags=24%, list=15%, signal=28%	
GOBP_POSITIVE_REGULATION_OF_PROTEIN_TRANSPORT	GOBP_POSITIVE_REGULATION_OF_PROTEIN_TRANSPORT		243	-0.25290522	-1.0208207	0.38658148	0.7330854	1.0	3190	tags=22%, list=16%, signal=26%	
GOMF_PHOSPHATIDYLINOSITOL_PHOSPHATE_PHOSPHATASE_ACTIVITY	GOMF_PHOSPHATIDYLINOSITOL_PHOSPHATE_PHOSPHATASE_ACTIVITY		26	-0.37223262	-1.0199858	0.4016563	0.7352794	1.0	1947	tags=23%, list=10%, signal=26%	
GOBP_NEGATIVE_REGULATION_OF_RESPONSE_TO_BIOTIC_STIMULUS	GOBP_NEGATIVE_REGULATION_OF_RESPONSE_TO_BIOTIC_STIMULUS		116	-0.28171796	-1.0197338	0.3864865	0.73558444	1.0	3768	tags=29%, list=19%, signal=36%	
GOBP_REGULATION_OF_MAST_CELL_ACTIVATION	GOBP_REGULATION_OF_MAST_CELL_ACTIVATION		18	-0.40317255	-1.0196208	0.4235808	0.7353859	1.0	1095	tags=22%, list=6%, signal=24%	
GOBP_MITOTIC_DNA_REPLICATION	GOBP_MITOTIC_DNA_REPLICATION		16	-0.40541345	-1.0196103	0.4234234	0.7348538	1.0	3884	tags=38%, list=20%, signal=47%	
GOBP_PYRIMIDINE_CONTAINING_COMPOUND_CATABOLIC_PROCESS	GOBP_PYRIMIDINE_CONTAINING_COMPOUND_CATABOLIC_PROCESS		42	-0.32556617	-1.0192077	0.41402715	0.7356181	1.0	3597	tags=31%, list=19%, signal=38%	
GOCC_EXOCYST	GOCC_EXOCYST		16	-0.41936556	-1.0188397	0.43866944	0.7362376	1.0	3966	tags=38%, list=20%, signal=47%	
GOBP_REGULATION_OF_MYOBLAST_FUSION	GOBP_REGULATION_OF_MYOBLAST_FUSION		19	-0.39968425	-1.0187916	0.42526317	0.73582464	1.0	2546	tags=26%, list=13%, signal=30%	
GOCC_MULTIVESICULAR_BODY	GOCC_MULTIVESICULAR_BODY		63	-0.30941224	-1.018688	0.41105768	0.7356211	1.0	3281	tags=29%, list=17%, signal=34%	
GOBP_EXTRINSIC_APOPTOTIC_SIGNALING_PATHWAY_VIA_DEATH_DOMAIN_RECEPTORS	GOBP_EXTRINSIC_APOPTOTIC_SIGNALING_PATHWAY_VIA_DEATH_DOMAIN_RECEPTORS		81	-0.29189587	-1.0184658	0.40963855	0.73579895	1.0	1818	tags=19%, list=9%, signal=20%	
GOBP_POSITIVE_REGULATION_OF_ESTABLISHMENT_OF_PROTEIN_LOCALIZATION	GOBP_POSITIVE_REGULATION_OF_ESTABLISHMENT_OF_PROTEIN_LOCALIZATION		315	-0.24788564	-1.0182304	0.38867924	0.7360345	1.0	3412	tags=23%, list=18%, signal=28%	
GOBP_SRP_DEPENDENT_COTRANSLATIONAL_PROTEIN_TARGETING_TO_MEMBRANE	GOBP_SRP_DEPENDENT_COTRANSLATIONAL_PROTEIN_TARGETING_TO_MEMBRANE		18	-0.39916906	-1.017813	0.4197002	0.7367949	1.0	4441	tags=33%, list=23%, signal=43%	
GOBP_POSITIVE_REGULATION_OF_SIGNALING_RECEPTOR_ACTIVITY	GOBP_POSITIVE_REGULATION_OF_SIGNALING_RECEPTOR_ACTIVITY		24	-0.3845247	-1.0176831	0.40451744	0.73666584	1.0	4982	tags=54%, list=26%, signal=73%	
GOBP_CARBOHYDRATE_DERIVATIVE_CATABOLIC_PROCESS	GOBP_CARBOHYDRATE_DERIVATIVE_CATABOLIC_PROCESS		264	-0.25255856	-1.0168606	0.38255033	0.738839	1.0	3165	tags=22%, list=16%, signal=26%	
GOCC_RECYCLING_ENDOSOME_MEMBRANE	GOCC_RECYCLING_ENDOSOME_MEMBRANE		104	-0.2868288	-1.01678	0.3888889	0.7385462	1.0	2412	tags=19%, list=12%, signal=22%	
GOCC_EXTRINSIC_COMPONENT_OF_ORGANELLE_MEMBRANE	GOCC_EXTRINSIC_COMPONENT_OF_ORGANELLE_MEMBRANE		24	-0.37176752	-1.0166994	0.4508547	0.73822683	1.0	1998	tags=21%, list=10%, signal=23%	
GOMF_SOLUTE_POTASSIUM_ANTIPORTER_ACTIVITY	GOMF_SOLUTE_POTASSIUM_ANTIPORTER_ACTIVITY		19	-0.38736847	-1.0163804	0.41794312	0.73868626	1.0	2327	tags=26%, list=12%, signal=30%	
GOBP_PROTEIN_CONTAINING_COMPLEX_DISASSEMBLY	GOBP_PROTEIN_CONTAINING_COMPLEX_DISASSEMBLY		240	-0.2519224	-1.016198	0.39076924	0.73870224	1.0	3957	tags=26%, list=20%, signal=32%	
GOBP_MHC_CLASS_II_BIOSYNTHETIC_PROCESS	GOBP_MHC_CLASS_II_BIOSYNTHETIC_PROCESS		19	-0.4003954	-1.016177	0.42675158	0.73821664	1.0	4076	tags=37%, list=21%, signal=47%	
GOBP_PROTEIN_LOCALIZATION_TO_NUCLEOLUS	GOBP_PROTEIN_LOCALIZATION_TO_NUCLEOLUS		15	-0.41890752	-1.0161486	0.43589744	0.7377318	1.0	3018	tags=27%, list=16%, signal=32%	
GOBP_NEGATIVE_REGULATION_OF_DNA_RECOMBINATION	GOBP_NEGATIVE_REGULATION_OF_DNA_RECOMBINATION		35	-0.34825101	-1.0160822	0.4161074	0.7373836	1.0	5712	tags=46%, list=29%, signal=65%	
GOBP_NEGATIVE_REGULATION_OF_T_HELPER_CELL_DIFFERENTIATION	GOBP_NEGATIVE_REGULATION_OF_T_HELPER_CELL_DIFFERENTIATION		17	-0.40571344	-1.0160406	0.4111349	0.73693806	1.0	2445	tags=29%, list=13%, signal=34%	
GOBP_REGULATION_OF_RECEPTOR_MEDIATED_ENDOCYTOSIS	GOBP_REGULATION_OF_RECEPTOR_MEDIATED_ENDOCYTOSIS		109	-0.27808756	-1.0159123	0.424	0.73679024	1.0	2494	tags=23%, list=13%, signal=26%	
GOMF_QUATERNARY_AMMONIUM_GROUP_BINDING	GOMF_QUATERNARY_AMMONIUM_GROUP_BINDING		40	-0.33483356	-1.0152473	0.41588786	0.7383584	1.0	4319	tags=40%, list=22%, signal=51%	
GOBP_RESPONSE_TO_INSULIN	GOBP_RESPONSE_TO_INSULIN		262	-0.25194395	-1.0152334	0.38484848	0.73784244	1.0	3050	tags=21%, list=16%, signal=25%	
GOBP_HISTAMINE_TRANSPORT	GOBP_HISTAMINE_TRANSPORT		16	-0.4111655	-1.0146134	0.4389234	0.7392914	1.0	1095	tags=19%, list=6%, signal=20%	
GOBP_CELLULAR_RESPONSE_TO_ABIOTIC_STIMULUS	GOBP_CELLULAR_RESPONSE_TO_ABIOTIC_STIMULUS		321	-0.2455888	-1.0137988	0.371134	0.74135256	1.0	3267	tags=24%, list=17%, signal=28%	
GOMF_DOUBLE_STRANDED_RNA_BINDING	GOMF_DOUBLE_STRANDED_RNA_BINDING		70	-0.29706365	-1.0136613	0.4039409	0.74122846	1.0	1985	tags=16%, list=10%, signal=17%	
GOBP_REGULATION_OF_T_CELL_DIFFERENTIATION_IN_THYMUS	GOBP_REGULATION_OF_T_CELL_DIFFERENTIATION_IN_THYMUS		25	-0.3726077	-1.0119995	0.44104803	0.74614	1.0	5970	tags=60%, list=31%, signal=87%	
GOMF_RECEPTOR_ANTAGONIST_ACTIVITY	GOMF_RECEPTOR_ANTAGONIST_ACTIVITY		18	-0.4023254	-1.0119718	0.4364035	0.74565846	1.0	2519	tags=28%, list=13%, signal=32%	
GOBP_MAMMARY_GLAND_EPITHELIAL_CELL_DIFFERENTIATION	GOBP_MAMMARY_GLAND_EPITHELIAL_CELL_DIFFERENTIATION		17	-0.41433948	-1.0114948	0.438326	0.74666405	1.0	1897	tags=18%, list=10%, signal=20%	
GOMF_LIGASE_ACTIVITY_FORMING_CARBON_SULFUR_BONDS	GOMF_LIGASE_ACTIVITY_FORMING_CARBON_SULFUR_BONDS		41	-0.33747682	-1.010086	0.43058825	0.75069195	1.0	2833	tags=17%, list=15%, signal=20%	
GOCC_ORGANELLAR_RIBOSOME	GOCC_ORGANELLAR_RIBOSOME		89	-0.28742415	-1.0099151	0.42105263	0.7507351	1.0	6842	tags=44%, list=35%, signal=67%	
GOBP_RRNA_METHYLATION	GOBP_RRNA_METHYLATION		21	-0.38213477	-1.0099113	0.4289044	0.75018287	1.0	3450	tags=33%, list=18%, signal=40%	
GOBP_GPI_ANCHOR_METABOLIC_PROCESS	GOBP_GPI_ANCHOR_METABOLIC_PROCESS		31	-0.356829	-1.0095452	0.42669585	0.750808	1.0	3081	tags=26%, list=16%, signal=31%	
GOBP_REGULATION_OF_MITOPHAGY	GOBP_REGULATION_OF_MITOPHAGY		32	-0.34808794	-1.0094591	0.43192488	0.7505057	1.0	2216	tags=28%, list=11%, signal=32%	
GOBP_RESPONSE_TO_DSRNA	GOBP_RESPONSE_TO_DSRNA		54	-0.31507188	-1.0092529	0.4192771	0.75060594	1.0	1985	tags=15%, list=10%, signal=16%	
GOBP_REGULATION_OF_RESPIRATORY_BURST	GOBP_REGULATION_OF_RESPIRATORY_BURST		17	-0.39677885	-1.0090876	0.4357798	0.75058043	1.0	2164	tags=35%, list=11%, signal=40%	
GOBP_NEGATIVE_REGULATION_OF_PHOSPHORUS_METABOLIC_PROCESS	GOBP_NEGATIVE_REGULATION_OF_PHOSPHORUS_METABOLIC_PROCESS		335	-0.24704595	-1.0089927	0.4226804	0.75033236	1.0	2917	tags=20%, list=15%, signal=23%	
GOBP_CHOLESTEROL_STORAGE	GOBP_CHOLESTEROL_STORAGE		23	-0.38304856	-1.0089751	0.44857767	0.74981874	1.0	4536	tags=48%, list=23%, signal=62%	
GOMF_EXOGENOUS_PROTEIN_BINDING	GOMF_EXOGENOUS_PROTEIN_BINDING		81	-0.29311883	-1.0086672	0.43867925	0.75027156	1.0	3314	tags=30%, list=17%, signal=36%	
GOBP_ENDOPLASMIC_RETICULUM_TO_GOLGI_VESICLE_MEDIATED_TRANSPORT	GOBP_ENDOPLASMIC_RETICULUM_TO_GOLGI_VESICLE_MEDIATED_TRANSPORT		131	-0.27167448	-1.0085824	0.4375	0.74996746	1.0	5590	tags=36%, list=29%, signal=50%	
GOCC_AP_TYPE_MEMBRANE_COAT_ADAPTOR_COMPLEX	GOCC_AP_TYPE_MEMBRANE_COAT_ADAPTOR_COMPLEX		39	-0.33684912	-1.0081882	0.4561028	0.75069547	1.0	3630	tags=28%, list=19%, signal=35%	
GOBP_RETROGRADE_TRANSPORT_ENDOSOME_TO_GOLGI	GOBP_RETROGRADE_TRANSPORT_ENDOSOME_TO_GOLGI		92	-0.28689587	-1.0081539	0.45	0.75025725	1.0	3733	tags=26%, list=19%, signal=32%	
GOCC_PRESYNAPTIC_ACTIVE_ZONE_CYTOPLASMIC_COMPONENT	GOCC_PRESYNAPTIC_ACTIVE_ZONE_CYTOPLASMIC_COMPONENT		15	-0.41765833	-1.0078962	0.43960395	0.7505493	1.0	5723	tags=60%, list=29%, signal=85%	
GOMF_NUCLEOTIDYLTRANSFERASE_ACTIVITY	GOMF_NUCLEOTIDYLTRANSFERASE_ACTIVITY		125	-0.27115273	-1.0078543	0.4464752	0.75014454	1.0	4285	tags=29%, list=22%, signal=37%	
GOBP_VESICLE_LOCALIZATION	GOBP_VESICLE_LOCALIZATION		210	-0.25545982	-1.0075383	0.41246292	0.75064856	1.0	4161	tags=27%, list=21%, signal=34%	
GOBP_POSITIVE_REGULATION_OF_APOPTOTIC_SIGNALING_PATHWAY	GOBP_POSITIVE_REGULATION_OF_APOPTOTIC_SIGNALING_PATHWAY		131	-0.27414027	-1.0073702	0.4364641	0.7506541	1.0	2917	tags=27%, list=15%, signal=32%	
GOBP_WATER_SOLUBLE_VITAMIN_METABOLIC_PROCESS	GOBP_WATER_SOLUBLE_VITAMIN_METABOLIC_PROCESS		60	-0.3098238	-1.0068153	0.44269663	0.7519438	1.0	3383	tags=20%, list=17%, signal=24%	
GOBP_POLARIZED_EPITHELIAL_CELL_DIFFERENTIATION	GOBP_POLARIZED_EPITHELIAL_CELL_DIFFERENTIATION		25	-0.36254418	-1.0061382	0.4142539	0.753659	1.0	1340	tags=20%, list=7%, signal=21%	
GOBP_SYNAPTIC_VESICLE_LUMEN_ACIDIFICATION	GOBP_SYNAPTIC_VESICLE_LUMEN_ACIDIFICATION		17	-0.4050923	-1.0057732	0.48319328	0.7543389	1.0	6752	tags=65%, list=35%, signal=99%	
GOBP_REGULATION_OF_ESTABLISHMENT_OF_PROTEIN_LOCALIZATION	GOBP_REGULATION_OF_ESTABLISHMENT_OF_PROTEIN_LOCALIZATION		498	-0.2355451	-1.0057055	0.4392157	0.7539865	1.0	3990	tags=25%, list=21%, signal=31%	
GOBP_T_HELPER_1_CELL_DIFFERENTIATION	GOBP_T_HELPER_1_CELL_DIFFERENTIATION		23	-0.37573633	-1.0055866	0.43655914	0.7538074	1.0	1971	tags=26%, list=10%, signal=29%	
GOMF_ENDONUCLEASE_ACTIVITY_ACTIVE_WITH_EITHER_RIBO_OR_DEOXYRIBONUCLEIC_ACIDS_AND_PRODUCING_3_PHOSPHOMONOESTERS	GOMF_ENDONUCLEASE_ACTIVITY_ACTIVE_WITH_EITHER_RIBO_OR_DEOXYRIBONUCLEIC_ACIDS_AND_PRODUCING_3_PHOSPHOMONOESTERS		18	-0.39626455	-1.0050607	0.45208332	0.7549258	1.0	2998	tags=28%, list=15%, signal=33%	
GOBP_NEGATIVE_REGULATION_OF_TELOMERE_MAINTENANCE	GOBP_NEGATIVE_REGULATION_OF_TELOMERE_MAINTENANCE		33	-0.34131405	-1.0050079	0.4384449	0.75455034	1.0	1276	tags=12%, list=7%, signal=13%	
GOBP_ENDOPLASMIC_RETICULUM_CALCIUM_ION_HOMEOSTASIS	GOBP_ENDOPLASMIC_RETICULUM_CALCIUM_ION_HOMEOSTASIS		22	-0.37885702	-1.0049154	0.42765957	0.7542975	1.0	2288	tags=27%, list=12%, signal=31%	
GOMF_AMINO_ACID_TRANSMEMBRANE_TRANSPORTER_ACTIVITY	GOMF_AMINO_ACID_TRANSMEMBRANE_TRANSPORTER_ACTIVITY		96	-0.2868125	-1.0048764	0.44607842	0.7538425	1.0	2819	tags=23%, list=15%, signal=27%	
GOBP_COTRANSLATIONAL_PROTEIN_TARGETING_TO_MEMBRANE	GOBP_COTRANSLATIONAL_PROTEIN_TARGETING_TO_MEMBRANE		23	-0.37914756	-1.0046722	0.46781117	0.7539513	1.0	4441	tags=35%, list=23%, signal=45%	
GOMF_SINGLE_STRANDED_DNA_BINDING	GOMF_SINGLE_STRANDED_DNA_BINDING		110	-0.279391	-1.0040678	0.45169714	0.7554075	1.0	5521	tags=37%, list=28%, signal=52%	
GOBP_REGULATION_OF_PLATELET_ACTIVATION	GOBP_REGULATION_OF_PLATELET_ACTIVATION		52	-0.31978786	-1.0040315	0.4600939	0.7549915	1.0	3398	tags=38%, list=17%, signal=46%	
GOBP_REGULATION_OF_INSULIN_SECRETION	GOBP_REGULATION_OF_INSULIN_SECRETION		158	-0.26374468	-1.003898	0.4281609	0.75487196	1.0	3767	tags=23%, list=19%, signal=28%	
GOBP_ODONTOGENESIS_OF_DENTIN_CONTAINING_TOOTH	GOBP_ODONTOGENESIS_OF_DENTIN_CONTAINING_TOOTH		91	-0.28412807	-1.0032117	0.44473007	0.75656945	1.0	2935	tags=21%, list=15%, signal=24%	
GOBP_NEGATIVE_REGULATION_OF_ALPHA_BETA_T_CELL_DIFFERENTIATION	GOBP_NEGATIVE_REGULATION_OF_ALPHA_BETA_T_CELL_DIFFERENTIATION		26	-0.36141944	-1.0032014	0.4366812	0.75604135	1.0	3997	tags=38%, list=21%, signal=48%	
GOMF_POTASSIUM_ION_LEAK_CHANNEL_ACTIVITY	GOMF_POTASSIUM_ION_LEAK_CHANNEL_ACTIVITY		16	-0.41171464	-1.0030855	0.4600432	0.7558676	1.0	2511	tags=25%, list=13%, signal=29%	
GOBP_REGULATION_OF_MAP_KINASE_ACTIVITY	GOBP_REGULATION_OF_MAP_KINASE_ACTIVITY		126	-0.27241609	-1.0029458	0.45454547	0.75577646	1.0	2217	tags=21%, list=11%, signal=23%	
GOBP_NEGATIVE_REGULATION_OF_PROTEIN_LOCALIZATION	GOBP_NEGATIVE_REGULATION_OF_PROTEIN_LOCALIZATION		196	-0.25161716	-1.0028265	0.45597485	0.7555928	1.0	1919	tags=15%, list=10%, signal=16%	
GOBP_CELLULAR_RESPONSE_TO_TYPE_II_INTERFERON	GOBP_CELLULAR_RESPONSE_TO_TYPE_II_INTERFERON		92	-0.28639194	-1.002812	0.4543147	0.7550752	1.0	4183	tags=33%, list=22%, signal=41%	
GOBP_PROTEIN_AUTOUBIQUITINATION	GOBP_PROTEIN_AUTOUBIQUITINATION		67	-0.29986554	-1.0026987	0.4436451	0.75487965	1.0	4505	tags=33%, list=23%, signal=43%	
GOBP_REGULATION_OF_CD8_POSITIVE_ALPHA_BETA_T_CELL_ACTIVATION	GOBP_REGULATION_OF_CD8_POSITIVE_ALPHA_BETA_T_CELL_ACTIVATION		18	-0.39596802	-1.0026897	0.44494382	0.7543638	1.0	4108	tags=56%, list=21%, signal=70%	
GOBP_NEGATIVE_REGULATION_OF_DNA_METABOLIC_PROCESS	GOBP_NEGATIVE_REGULATION_OF_DNA_METABOLIC_PROCESS		116	-0.27411923	-1.0022211	0.44642857	0.7553426	1.0	5728	tags=34%, list=29%, signal=49%	
GOBP_MYELOID_CELL_APOPTOTIC_PROCESS	GOBP_MYELOID_CELL_APOPTOTIC_PROCESS		37	-0.3368823	-1.0018337	0.44395605	0.75609815	1.0	1811	tags=24%, list=9%, signal=27%	
GOBP_RESPONSE_TO_LEPTIN	GOBP_RESPONSE_TO_LEPTIN		21	-0.37887245	-1.0017242	0.45190156	0.755905	1.0	1068	tags=19%, list=5%, signal=20%	
GOBP_REGULATION_OF_PHOSPHOLIPASE_C_ACTIVITY	GOBP_REGULATION_OF_PHOSPHOLIPASE_C_ACTIVITY		34	-0.3427525	-1.0015477	0.46261683	0.7559291	1.0	2217	tags=21%, list=11%, signal=23%	
GOBP_REGULATION_OF_GRANULOCYTE_CHEMOTAXIS	GOBP_REGULATION_OF_GRANULOCYTE_CHEMOTAXIS		50	-0.31517446	-1.001536	0.44700462	0.7554109	1.0	799	tags=16%, list=4%, signal=17%	
GOBP_EOSINOPHIL_MIGRATION	GOBP_EOSINOPHIL_MIGRATION		29	-0.3604057	-1.0014318	0.479638	0.75519365	1.0	1623	tags=24%, list=8%, signal=26%	
GOBP_REGULATION_OF_INOSITOL_PHOSPHATE_BIOSYNTHETIC_PROCESS	GOBP_REGULATION_OF_INOSITOL_PHOSPHATE_BIOSYNTHETIC_PROCESS		15	-0.4126373	-1.001174	0.4491018	0.7554924	1.0	2517	tags=27%, list=13%, signal=31%	
GOBP_REGULATION_OF_RESPONSE_TO_OSMOTIC_STRESS	GOBP_REGULATION_OF_RESPONSE_TO_OSMOTIC_STRESS		16	-0.4100077	-1.0009837	0.45738044	0.75556713	1.0	2678	tags=31%, list=14%, signal=36%	
GOBP_PHOTOTRANSDUCTION	GOBP_PHOTOTRANSDUCTION		44	-0.32302067	-1.000881	0.4240363	0.7553171	1.0	1775	tags=14%, list=9%, signal=15%	
GOBP_REGULATION_OF_MITOTIC_SPINDLE_ASSEMBLY	GOBP_REGULATION_OF_MITOTIC_SPINDLE_ASSEMBLY		22	-0.3651662	-1.0005391	0.46608314	0.7559513	1.0	5720	tags=41%, list=29%, signal=58%	
GOBP_PEPTIDE_METABOLIC_PROCESS	GOBP_PEPTIDE_METABOLIC_PROCESS		75	-0.29542592	-0.9995306	0.4647202	0.7586878	1.0	3371	tags=31%, list=17%, signal=37%	
GOBP_REGULATION_OF_MONOCYTE_CHEMOTAXIS	GOBP_REGULATION_OF_MONOCYTE_CHEMOTAXIS		26	-0.36449814	-0.99949855	0.43032786	0.75823975	1.0	2582	tags=31%, list=13%, signal=35%	
GOCC_SITE_OF_DOUBLE_STRAND_BREAK	GOCC_SITE_OF_DOUBLE_STRAND_BREAK		89	-0.28649136	-0.9990467	0.454321	0.7592484	1.0	4919	tags=30%, list=25%, signal=40%	
GOMF_SINGLE_STRANDED_DNA_HELICASE_ACTIVITY	GOMF_SINGLE_STRANDED_DNA_HELICASE_ACTIVITY		22	-0.37927982	-0.99899006	0.46187365	0.75887614	1.0	5983	tags=55%, list=31%, signal=79%	
GOBP_PYRIMIDINE_NUCLEOSIDE_CATABOLIC_PROCESS	GOBP_PYRIMIDINE_NUCLEOSIDE_CATABOLIC_PROCESS		17	-0.3968914	-0.99872905	0.46121594	0.7591566	1.0	2929	tags=29%, list=15%, signal=35%	
GOBP_REGULATION_OF_ALCOHOL_BIOSYNTHETIC_PROCESS	GOBP_REGULATION_OF_ALCOHOL_BIOSYNTHETIC_PROCESS		47	-0.31556666	-0.9978468	0.43333334	0.76146245	1.0	2517	tags=23%, list=13%, signal=27%	
GOMF_DEUBIQUITINASE_ACTIVITY	GOMF_DEUBIQUITINASE_ACTIVITY		90	-0.28720257	-0.99784493	0.44702843	0.7609187	1.0	5065	tags=30%, list=26%, signal=40%	
GOCC_ATPASE_COMPLEX	GOCC_ATPASE_COMPLEX		117	-0.273833	-0.99762684	0.47692308	0.7610738	1.0	5058	tags=31%, list=26%, signal=41%	
GOBP_HOMOTYPIC_CELL_CELL_ADHESION	GOBP_HOMOTYPIC_CELL_CELL_ADHESION		98	-0.27729678	-0.9975227	0.43367347	0.7608455	1.0	2207	tags=24%, list=11%, signal=27%	
GOBP_NEGATIVE_REGULATION_OF_INTERLEUKIN_10_PRODUCTION	GOBP_NEGATIVE_REGULATION_OF_INTERLEUKIN_10_PRODUCTION		18	-0.39071867	-0.99729407	0.44489795	0.7610444	1.0	2274	tags=39%, list=12%, signal=44%	
GOBP_RESPONSE_TO_NERVE_GROWTH_FACTOR	GOBP_RESPONSE_TO_NERVE_GROWTH_FACTOR		51	-0.31337938	-0.99721384	0.46910754	0.7607382	1.0	753	tags=8%, list=4%, signal=8%	
GOBP_MAINTENANCE_OF_PROTEIN_LOCALIZATION_IN_ORGANELLE	GOBP_MAINTENANCE_OF_PROTEIN_LOCALIZATION_IN_ORGANELLE		42	-0.32157138	-0.99719	0.43309003	0.7602663	1.0	1676	tags=14%, list=9%, signal=16%	
GOBP_STEROL_TRANSPORT	GOBP_STEROL_TRANSPORT		106	-0.27631417	-0.99700284	0.45386535	0.7603119	1.0	4522	tags=38%, list=23%, signal=49%	
GOBP_MATURATION_OF_SSU_RRNA_FROM_TRICISTRONIC_RRNA_TRANSCRIPT_SSU_RRNA_5_8S_RRNA_LSU_RRNA	GOBP_MATURATION_OF_SSU_RRNA_FROM_TRICISTRONIC_RRNA_TRANSCRIPT_SSU_RRNA_5_8S_RRNA_LSU_RRNA		31	-0.34775907	-0.9966815	0.44658118	0.7607875	1.0	3566	tags=23%, list=18%, signal=28%	
GOBP_POSITIVE_REGULATION_OF_MORPHOGENESIS_OF_AN_EPITHELIUM	GOBP_POSITIVE_REGULATION_OF_MORPHOGENESIS_OF_AN_EPITHELIUM		37	-0.3371812	-0.9963289	0.4600939	0.76139885	1.0	1254	tags=19%, list=6%, signal=20%	
GOBP_REGULATION_OF_MYELOID_LEUKOCYTE_DIFFERENTIATION	GOBP_REGULATION_OF_MYELOID_LEUKOCYTE_DIFFERENTIATION		118	-0.27126542	-0.9959324	0.47381547	0.7621364	1.0	4188	tags=31%, list=22%, signal=39%	
GOBP_ONE_CARBON_COMPOUND_TRANSPORT	GOBP_ONE_CARBON_COMPOUND_TRANSPORT		26	-0.36865675	-0.9954088	0.43141592	0.76327324	1.0	1992	tags=31%, list=10%, signal=34%	
GOCC_VESICLE_TETHERING_COMPLEX	GOCC_VESICLE_TETHERING_COMPLEX		63	-0.30481684	-0.9953686	0.44584382	0.76284796	1.0	4373	tags=32%, list=23%, signal=41%	
GOBP_THYMOCYTE_APOPTOTIC_PROCESS	GOBP_THYMOCYTE_APOPTOTIC_PROCESS		19	-0.3891381	-0.99517226	0.45588234	0.76297486	1.0	2793	tags=32%, list=14%, signal=37%	
GOBP_MAMMARY_GLAND_DEVELOPMENT	GOBP_MAMMARY_GLAND_DEVELOPMENT		133	-0.26612496	-0.99511784	0.4831169	0.76260126	1.0	2089	tags=17%, list=11%, signal=18%	
GOBP_NEGATIVE_REGULATION_OF_PRODUCTION_OF_MOLECULAR_MEDIATOR_OF_IMMUNE_RESPONSE	GOBP_NEGATIVE_REGULATION_OF_PRODUCTION_OF_MOLECULAR_MEDIATOR_OF_IMMUNE_RESPONSE		44	-0.32400495	-0.9951161	0.45754716	0.762062	1.0	2238	tags=27%, list=12%, signal=31%	
GOCC_LAMELLAR_BODY	GOCC_LAMELLAR_BODY		17	-0.4000505	-0.99478364	0.46252677	0.76259583	1.0	2194	tags=24%, list=11%, signal=27%	
GOBP_ADIPOSE_TISSUE_DEVELOPMENT	GOBP_ADIPOSE_TISSUE_DEVELOPMENT		57	-0.30563825	-0.99474907	0.45862883	0.76216966	1.0	1325	tags=14%, list=7%, signal=15%	
GOBP_NEGATIVE_REGULATION_OF_TELOMERE_MAINTENANCE_VIA_TELOMERE_LENGTHENING	GOBP_NEGATIVE_REGULATION_OF_TELOMERE_MAINTENANCE_VIA_TELOMERE_LENGTHENING		25	-0.3600953	-0.9947083	0.47193348	0.7617587	1.0	1276	tags=12%, list=7%, signal=13%	
GOMF_AMIDE_BINDING	GOMF_AMIDE_BINDING		237	-0.24761744	-0.9945181	0.4633431	0.7618242	1.0	1872	tags=16%, list=10%, signal=18%	
GOBP_REGULATION_OF_MYELOID_CELL_APOPTOTIC_PROCESS	GOBP_REGULATION_OF_MYELOID_CELL_APOPTOTIC_PROCESS		30	-0.34035206	-0.99444807	0.47165534	0.76151067	1.0	1724	tags=23%, list=9%, signal=26%	
GOMF_OXIDOREDUCTASE_ACTIVITY_ACTING_ON_NAD_P_H	GOMF_OXIDOREDUCTASE_ACTIVITY_ACTING_ON_NAD_P_H		77	-0.29019475	-0.9942648	0.46505377	0.7615809	1.0	3680	tags=22%, list=19%, signal=27%	
GOBP_POSITIVE_REGULATION_OF_PROTEIN_LOCALIZATION	GOBP_POSITIVE_REGULATION_OF_PROTEIN_LOCALIZATION		464	-0.23468764	-0.9941907	0.4334601	0.7612596	1.0	3412	tags=22%, list=18%, signal=26%	
GOBP_POSITIVE_REGULATION_OF_PROTEIN_MATURATION	GOBP_POSITIVE_REGULATION_OF_PROTEIN_MATURATION		25	-0.3629693	-0.9939937	0.4591195	0.7613337	1.0	789	tags=16%, list=4%, signal=17%	
GOBP_NEGATIVE_REGULATION_OF_ESTABLISHMENT_OF_PROTEIN_LOCALIZATION	GOBP_NEGATIVE_REGULATION_OF_ESTABLISHMENT_OF_PROTEIN_LOCALIZATION		119	-0.2710645	-0.9937539	0.46505377	0.76158315	1.0	1919	tags=15%, list=10%, signal=17%	
GOBP_FATTY_ACID_DERIVATIVE_BIOSYNTHETIC_PROCESS	GOBP_FATTY_ACID_DERIVATIVE_BIOSYNTHETIC_PROCESS		48	-0.31642586	-0.9936092	0.44285715	0.76153404	1.0	2262	tags=21%, list=12%, signal=24%	
GOCC_MITOCHONDRIAL_PROTEIN_CONTAINING_COMPLEX	GOCC_MITOCHONDRIAL_PROTEIN_CONTAINING_COMPLEX		236	-0.2520807	-0.9935745	0.46246246	0.76109576	1.0	6018	tags=35%, list=31%, signal=50%	
GOBP_CIRCADIAN_RHYTHM	GOBP_CIRCADIAN_RHYTHM		198	-0.2558137	-0.9934954	0.4751553	0.7608046	1.0	3478	tags=24%, list=18%, signal=29%	
GOMF_MODIFIED_AMINO_ACID_TRANSMEMBRANE_TRANSPORTER_ACTIVITY	GOMF_MODIFIED_AMINO_ACID_TRANSMEMBRANE_TRANSPORTER_ACTIVITY		30	-0.34221655	-0.9933929	0.47629797	0.76062745	1.0	1981	tags=23%, list=10%, signal=26%	
GOMF_MRNA_3_UTR_AU_RICH_REGION_BINDING	GOMF_MRNA_3_UTR_AU_RICH_REGION_BINDING		29	-0.35338596	-0.99236584	0.4263393	0.7634165	1.0	2628	tags=28%, list=14%, signal=32%	
GOBP_MAST_CELL_ACTIVATION_INVOLVED_IN_IMMUNE_RESPONSE	GOBP_MAST_CELL_ACTIVATION_INVOLVED_IN_IMMUNE_RESPONSE		54	-0.31026796	-0.9922753	0.4608076	0.7631797	1.0	1433	tags=20%, list=7%, signal=22%	
GOBP_T_CELL_CHEMOTAXIS	GOBP_T_CELL_CHEMOTAXIS		26	-0.35648912	-0.9922088	0.47483587	0.7628654	1.0	2796	tags=38%, list=14%, signal=45%	
GOMF_UBIQUITIN_LIKE_PROTEIN_PEPTIDASE_ACTIVITY	GOMF_UBIQUITIN_LIKE_PROTEIN_PEPTIDASE_ACTIVITY		101	-0.27480587	-0.9918672	0.45544556	0.7634423	1.0	2488	tags=16%, list=13%, signal=18%	
GOMF_RNA_ENDONUCLEASE_ACTIVITY	GOMF_RNA_ENDONUCLEASE_ACTIVITY		65	-0.2966329	-0.9917785	0.47980997	0.7631778	1.0	3956	tags=29%, list=20%, signal=37%	
GOCC_PERINUCLEAR_ENDOPLASMIC_RETICULUM	GOCC_PERINUCLEAR_ENDOPLASMIC_RETICULUM		21	-0.37899083	-0.9915549	0.46774194	0.7633755	1.0	2724	tags=29%, list=14%, signal=33%	
GOBP_POSITIVE_REGULATION_OF_INTRINSIC_APOPTOTIC_SIGNALING_PATHWAY	GOBP_POSITIVE_REGULATION_OF_INTRINSIC_APOPTOTIC_SIGNALING_PATHWAY		56	-0.30358946	-0.9914942	0.4654378	0.76303405	1.0	4394	tags=45%, list=23%, signal=58%	
GOMF_N_ACETYLTRANSFERASE_ACTIVITY	GOMF_N_ACETYLTRANSFERASE_ACTIVITY		66	-0.29498363	-0.99139297	0.45742092	0.76282465	1.0	5894	tags=38%, list=30%, signal=54%	
GOBP_NEGATIVE_REGULATION_OF_LIPID_METABOLIC_PROCESS	GOBP_NEGATIVE_REGULATION_OF_LIPID_METABOLIC_PROCESS		95	-0.27817255	-0.9912441	0.4713217	0.7627829	1.0	3965	tags=31%, list=20%, signal=38%	
GOBP_RECEPTOR_METABOLIC_PROCESS	GOBP_RECEPTOR_METABOLIC_PROCESS		67	-0.28996813	-0.991154	0.47582698	0.7625434	1.0	3981	tags=27%, list=20%, signal=34%	
GOBP_REGULATION_OF_LEUKOCYTE_ADHESION_TO_VASCULAR_ENDOTHELIAL_CELL	GOBP_REGULATION_OF_LEUKOCYTE_ADHESION_TO_VASCULAR_ENDOTHELIAL_CELL		31	-0.34533733	-0.9911178	0.46854663	0.76211154	1.0	3767	tags=32%, list=19%, signal=40%	
GOMF_OXIDOREDUCTASE_ACTIVITY_ACTING_ON_THE_CH_NH_GROUP_OF_DONORS	GOMF_OXIDOREDUCTASE_ACTIVITY_ACTING_ON_THE_CH_NH_GROUP_OF_DONORS		24	-0.36575443	-0.9909771	0.45898005	0.7620148	1.0	2093	tags=29%, list=11%, signal=33%	
GOBP_REGULATION_OF_CYCLASE_ACTIVITY	GOBP_REGULATION_OF_CYCLASE_ACTIVITY		52	-0.30764621	-0.9905309	0.4497717	0.76296145	1.0	2658	tags=15%, list=14%, signal=18%	
GOBP_INTESTINAL_ABSORPTION	GOBP_INTESTINAL_ABSORPTION		41	-0.32738265	-0.99045604	0.48769575	0.76268506	1.0	3558	tags=29%, list=18%, signal=36%	
GOBP_REGULATION_OF_PROTEIN_MATURATION	GOBP_REGULATION_OF_PROTEIN_MATURATION		67	-0.29508325	-0.990435	0.44810125	0.76221776	1.0	1893	tags=19%, list=10%, signal=21%	
GOBP_TRABECULA_FORMATION	GOBP_TRABECULA_FORMATION		27	-0.34970814	-0.990287	0.45594713	0.7621277	1.0	1798	tags=30%, list=9%, signal=33%	
GOBP_POSITIVE_REGULATION_OF_PATTERN_RECOGNITION_RECEPTOR_SIGNALING_PATHWAY	GOBP_POSITIVE_REGULATION_OF_PATTERN_RECOGNITION_RECEPTOR_SIGNALING_PATHWAY		66	-0.300269	-0.9902351	0.47710842	0.761749	1.0	3990	tags=32%, list=21%, signal=40%	
GOBP_VACUOLAR_TRANSPORT	GOBP_VACUOLAR_TRANSPORT		165	-0.2558619	-0.9895992	0.49456522	0.76334935	1.0	3938	tags=24%, list=20%, signal=29%	
GOBP_NEGATIVE_REGULATION_OF_CANONICAL_NF_KAPPAB_SIGNAL_TRANSDUCTION	GOBP_NEGATIVE_REGULATION_OF_CANONICAL_NF_KAPPAB_SIGNAL_TRANSDUCTION		53	-0.3149941	-0.98948807	0.4613583	0.7631933	1.0	3375	tags=26%, list=17%, signal=32%	
GOBP_INOSITOL_PHOSPHATE_METABOLIC_PROCESS	GOBP_INOSITOL_PHOSPHATE_METABOLIC_PROCESS		40	-0.32861057	-0.98931354	0.49217004	0.7632391	1.0	3094	tags=28%, list=16%, signal=33%	
GOBP_PROTEIN_HOMOOLIGOMERIZATION	GOBP_PROTEIN_HOMOOLIGOMERIZATION		195	-0.25463903	-0.9891548	0.46348315	0.76323134	1.0	2691	tags=21%, list=14%, signal=24%	
GOCC_90S_PRERIBOSOME	GOCC_90S_PRERIBOSOME		26	-0.35892943	-0.9889922	0.47215497	0.763201	1.0	5166	tags=46%, list=27%, signal=63%	
GOBP_PROTEIN_MODIFICATION_BY_SMALL_PROTEIN_REMOVAL	GOBP_PROTEIN_MODIFICATION_BY_SMALL_PROTEIN_REMOVAL		97	-0.27907613	-0.98805803	0.4739454	0.7657113	1.0	5065	tags=28%, list=26%, signal=37%	
GOCC_BRUSH_BORDER_MEMBRANE	GOCC_BRUSH_BORDER_MEMBRANE		56	-0.3079034	-0.9879376	0.47129187	0.76556915	1.0	2817	tags=23%, list=15%, signal=27%	
GOCC_SMALL_NUCLEAR_RIBONUCLEOPROTEIN_COMPLEX	GOCC_SMALL_NUCLEAR_RIBONUCLEOPROTEIN_COMPLEX		77	-0.287592	-0.9875479	0.4925	0.766247	1.0	5399	tags=36%, list=28%, signal=50%	
GOMF_PHOSPHATIDYLINOSITOL_KINASE_ACTIVITY	GOMF_PHOSPHATIDYLINOSITOL_KINASE_ACTIVITY		25	-0.3623888	-0.987001	0.47511312	0.7674738	1.0	3787	tags=40%, list=19%, signal=50%	
GOBP_NEGATIVE_REGULATION_OF_TYPE_I_INTERFERON_PRODUCTION	GOBP_NEGATIVE_REGULATION_OF_TYPE_I_INTERFERON_PRODUCTION		40	-0.32082132	-0.98640335	0.46031746	0.7688932	1.0	3403	tags=25%, list=18%, signal=30%	
GOBP_REPLICATIVE_SENESCENCE	GOBP_REPLICATIVE_SENESCENCE		16	-0.40487456	-0.9862653	0.48434237	0.7687826	1.0	2793	tags=25%, list=14%, signal=29%	
GOBP_NEGATIVE_REGULATION_OF_CATABOLIC_PROCESS	GOBP_NEGATIVE_REGULATION_OF_CATABOLIC_PROCESS		328	-0.24058858	-0.9859849	0.5118644	0.7691953	1.0	3635	tags=22%, list=19%, signal=26%	
GOBP_NEGATIVE_REGULATION_OF_PROTEIN_DEPHOSPHORYLATION	GOBP_NEGATIVE_REGULATION_OF_PROTEIN_DEPHOSPHORYLATION		26	-0.36137572	-0.9857704	0.48297873	0.76936066	1.0	3471	tags=35%, list=18%, signal=42%	
GOBP_NEGATIVE_REGULATION_OF_SYSTEMIC_ARTERIAL_BLOOD_PRESSURE	GOBP_NEGATIVE_REGULATION_OF_SYSTEMIC_ARTERIAL_BLOOD_PRESSURE		19	-0.38026106	-0.9850239	0.44642857	0.77126247	1.0	4159	tags=32%, list=21%, signal=40%	
GOMF_NEUROPEPTIDE_BINDING	GOMF_NEUROPEPTIDE_BINDING		31	-0.3393794	-0.9847931	0.4638009	0.7714454	1.0	347	tags=6%, list=2%, signal=7%	
GOBP_ACTIVATED_T_CELL_PROLIFERATION	GOBP_ACTIVATED_T_CELL_PROLIFERATION		45	-0.31832635	-0.9845731	0.4585366	0.7715985	1.0	3197	tags=33%, list=16%, signal=40%	
GOBP_PHOSPHOLIPID_TRANSPORT	GOBP_PHOSPHOLIPID_TRANSPORT		98	-0.27528518	-0.98433477	0.4648241	0.771827	1.0	2310	tags=16%, list=12%, signal=18%	
GOBP_MELANOSOME_ASSEMBLY	GOBP_MELANOSOME_ASSEMBLY		18	-0.39437816	-0.98421365	0.4834025	0.7716774	1.0	1362	tags=17%, list=7%, signal=18%	
GOBP_POSITIVE_REGULATION_OF_NATURAL_KILLER_CELL_ACTIVATION	GOBP_POSITIVE_REGULATION_OF_NATURAL_KILLER_CELL_ACTIVATION		21	-0.37232724	-0.98401505	0.49052632	0.7717723	1.0	4108	tags=43%, list=21%, signal=54%	
GOBP_REGULATION_OF_CELLULAR_EXTRAVASATION	GOBP_REGULATION_OF_CELLULAR_EXTRAVASATION		40	-0.32105464	-0.9835131	0.50961536	0.7728308	1.0	3441	tags=35%, list=18%, signal=42%	
GOBP_POSITIVE_REGULATION_OF_ALPHA_BETA_T_CELL_PROLIFERATION	GOBP_POSITIVE_REGULATION_OF_ALPHA_BETA_T_CELL_PROLIFERATION		23	-0.36243626	-0.98323977	0.481982	0.7732029	1.0	4108	tags=52%, list=21%, signal=66%	
GOBP_PYRIDINE_CONTAINING_COMPOUND_CATABOLIC_PROCESS	GOBP_PYRIDINE_CONTAINING_COMPOUND_CATABOLIC_PROCESS		98	-0.27476814	-0.9819218	0.50127226	0.7769213	1.0	2052	tags=15%, list=11%, signal=17%	
GOBP_INTERLEUKIN_4_PRODUCTION	GOBP_INTERLEUKIN_4_PRODUCTION		33	-0.3379527	-0.9813139	0.45777777	0.7783437	1.0	1659	tags=24%, list=9%, signal=26%	
GOBP_STARTLE_RESPONSE	GOBP_STARTLE_RESPONSE		25	-0.36937964	-0.98117554	0.46882218	0.77827275	1.0	2854	tags=16%, list=15%, signal=19%	
GOBP_POSITIVE_REGULATION_OF_LIPID_STORAGE	GOBP_POSITIVE_REGULATION_OF_LIPID_STORAGE		23	-0.366949	-0.98114544	0.48218527	0.77783304	1.0	4463	tags=48%, list=23%, signal=62%	
GOBP_POSITIVE_REGULATION_OF_LIPID_BIOSYNTHETIC_PROCESS	GOBP_POSITIVE_REGULATION_OF_LIPID_BIOSYNTHETIC_PROCESS		85	-0.2821812	-0.9806905	0.49187934	0.7788181	1.0	1919	tags=19%, list=10%, signal=21%	
GOBP_T_CELL_LINEAGE_COMMITMENT	GOBP_T_CELL_LINEAGE_COMMITMENT		36	-0.33790547	-0.9798596	0.5202703	0.780998	1.0	5081	tags=39%, list=26%, signal=53%	
GOBP_REGULATION_OF_NUCLEAR_DIVISION	GOBP_REGULATION_OF_NUCLEAR_DIVISION		139	-0.25951743	-0.9796712	0.5054645	0.78106934	1.0	5338	tags=35%, list=27%, signal=48%	
GOBP_POLYPRENOL_METABOLIC_PROCESS	GOBP_POLYPRENOL_METABOLIC_PROCESS		25	-0.3647165	-0.9796497	0.49889624	0.7806	1.0	5369	tags=40%, list=28%, signal=55%	
GOBP_RIBOSOMAL_LARGE_SUBUNIT_BIOGENESIS	GOBP_RIBOSOMAL_LARGE_SUBUNIT_BIOGENESIS		62	-0.29681394	-0.9790123	0.48157248	0.78217363	1.0	4152	tags=26%, list=21%, signal=33%	
GOMF_PROTEIN_TYROSINE_PHOSPHATASE_ACTIVITY	GOMF_PROTEIN_TYROSINE_PHOSPHATASE_ACTIVITY		94	-0.27487668	-0.9788031	0.5	0.7823381	1.0	3683	tags=29%, list=19%, signal=35%	
GOBP_VESICLE_ORGANIZATION	GOBP_VESICLE_ORGANIZATION		351	-0.23394719	-0.97850657	0.5253623	0.7827696	1.0	4273	tags=26%, list=22%, signal=33%	
GOBP_REGULATION_OF_VASCULOGENESIS	GOBP_REGULATION_OF_VASCULOGENESIS		15	-0.41412044	-0.9780863	0.504329	0.783622	1.0	4339	tags=40%, list=22%, signal=51%	
GOBP_MAINTENANCE_OF_PROTEIN_LOCATION_IN_CELL	GOBP_MAINTENANCE_OF_PROTEIN_LOCATION_IN_CELL		66	-0.2934566	-0.977983	0.509434	0.78340447	1.0	1676	tags=15%, list=9%, signal=17%	
GOBP_DETECTION_OF_CHEMICAL_STIMULUS_INVOLVED_IN_SENSORY_PERCEPTION_OF_TASTE	GOBP_DETECTION_OF_CHEMICAL_STIMULUS_INVOLVED_IN_SENSORY_PERCEPTION_OF_TASTE		46	-0.31125993	-0.9775826	0.50119334	0.78418803	1.0	320	tags=7%, list=2%, signal=7%	
GOBP_PROTEIN_N_LINKED_GLYCOSYLATION_VIA_ASPARAGINE	GOBP_PROTEIN_N_LINKED_GLYCOSYLATION_VIA_ASPARAGINE		23	-0.36177537	-0.97738653	0.50222224	0.7842537	1.0	6516	tags=48%, list=34%, signal=72%	
GOBP_REGULATION_OF_MITOTIC_NUCLEAR_DIVISION	GOBP_REGULATION_OF_MITOTIC_NUCLEAR_DIVISION		116	-0.26306957	-0.97708833	0.5086207	0.7846535	1.0	5324	tags=35%, list=27%, signal=48%	
GOBP_SYNAPTIC_VESICLE_CYTOSKELETAL_TRANSPORT	GOBP_SYNAPTIC_VESICLE_CYTOSKELETAL_TRANSPORT		19	-0.3819667	-0.9769515	0.49044585	0.78455126	1.0	3417	tags=42%, list=18%, signal=51%	
GOBP_RNA_CATABOLIC_PROCESS	GOBP_RNA_CATABOLIC_PROCESS		276	-0.24337654	-0.9768436	0.54448396	0.7843735	1.0	4742	tags=29%, list=24%, signal=38%	
GOBP_MITOCHONDRIAL_TRANSCRIPTION	GOBP_MITOCHONDRIAL_TRANSCRIPTION		19	-0.37294424	-0.9767018	0.4808989	0.7843034	1.0	1116	tags=16%, list=6%, signal=17%	
GOBP_REGULATION_OF_TOLERANCE_INDUCTION	GOBP_REGULATION_OF_TOLERANCE_INDUCTION		17	-0.39270756	-0.9765992	0.5	0.7840781	1.0	2565	tags=29%, list=13%, signal=34%	
GOMF_G_PROTEIN_BETA_SUBUNIT_BINDING	GOMF_G_PROTEIN_BETA_SUBUNIT_BINDING		21	-0.36565557	-0.97611666	0.46934462	0.785115	1.0	4276	tags=38%, list=22%, signal=49%	
GOBP_DNA_DAMAGE_RESPONSE_SIGNAL_TRANSDUCTION_RESULTING_IN_TRANSCRIPTION	GOBP_DNA_DAMAGE_RESPONSE_SIGNAL_TRANSDUCTION_RESULTING_IN_TRANSCRIPTION		15	-0.40538913	-0.9754506	0.4819533	0.7867528	1.0	2793	tags=20%, list=14%, signal=23%	
GOMF_VITAMIN_B6_BINDING	GOMF_VITAMIN_B6_BINDING		52	-0.3074531	-0.97479033	0.48642534	0.7883408	1.0	2384	tags=21%, list=12%, signal=24%	
GOCC_OUTER_KINETOCHORE	GOCC_OUTER_KINETOCHORE		20	-0.3739791	-0.9739759	0.4778761	0.79034513	1.0	5233	tags=50%, list=27%, signal=68%	
GOCC_GOLGI_CISTERNA	GOCC_GOLGI_CISTERNA		101	-0.27330837	-0.9735736	0.5091863	0.79104143	1.0	3446	tags=25%, list=18%, signal=30%	
GOCC_PROTEASOME_ACCESSORY_COMPLEX	GOCC_PROTEASOME_ACCESSORY_COMPLEX		24	-0.3647674	-0.9732609	0.4838013	0.7915054	1.0	5499	tags=42%, list=28%, signal=58%	
GOMF_PEPTIDASE_ACTIVATOR_ACTIVITY	GOMF_PEPTIDASE_ACTIVATOR_ACTIVITY		56	-0.29967746	-0.97326064	0.5140187	0.7909693	1.0	2769	tags=29%, list=14%, signal=33%	
GOBP_NEGATIVE_REGULATION_OF_ANTIGEN_RECEPTOR_MEDIATED_SIGNALING_PATHWAY	GOBP_NEGATIVE_REGULATION_OF_ANTIGEN_RECEPTOR_MEDIATED_SIGNALING_PATHWAY		32	-0.33208004	-0.97266036	0.5054466	0.79238725	1.0	2207	tags=19%, list=11%, signal=21%	
GOBP_NADP_METABOLIC_PROCESS	GOBP_NADP_METABOLIC_PROCESS		44	-0.31181473	-0.9719035	0.47086248	0.79430056	1.0	3954	tags=36%, list=20%, signal=46%	
GOBP_POSITIVE_REGULATION_OF_VACUOLE_ORGANIZATION	GOBP_POSITIVE_REGULATION_OF_VACUOLE_ORGANIZATION		21	-0.37857628	-0.9717237	0.50566894	0.7943396	1.0	2522	tags=33%, list=13%, signal=38%	
GOBP_DEPHOSPHORYLATION	GOBP_DEPHOSPHORYLATION		258	-0.24315977	-0.9712098	0.5621118	0.79548746	1.0	3799	tags=24%, list=20%, signal=30%	
GOBP_ESTABLISHMENT_OF_PIGMENT_GRANULE_LOCALIZATION	GOBP_ESTABLISHMENT_OF_PIGMENT_GRANULE_LOCALIZATION		23	-0.36267778	-0.97111636	0.47912526	0.79527915	1.0	3937	tags=39%, list=20%, signal=49%	
GOBP_REGULATION_OF_PROTEIN_LOCALIZATION_TO_PLASMA_MEMBRANE	GOBP_REGULATION_OF_PROTEIN_LOCALIZATION_TO_PLASMA_MEMBRANE		107	-0.27121815	-0.9707342	0.55526316	0.79602134	1.0	2894	tags=21%, list=15%, signal=25%	
GOBP_DETECTION_OF_ABIOTIC_STIMULUS	GOBP_DETECTION_OF_ABIOTIC_STIMULUS		135	-0.26057482	-0.97047293	0.5178082	0.7963502	1.0	2934	tags=19%, list=15%, signal=22%	
GOBP_REGULATION_OF_FATTY_ACID_BIOSYNTHETIC_PROCESS	GOBP_REGULATION_OF_FATTY_ACID_BIOSYNTHETIC_PROCESS		44	-0.31677684	-0.9702227	0.48372093	0.7966057	1.0	4183	tags=32%, list=22%, signal=40%	
GOBP_CELLULAR_RESPONSE_TO_LIPOPROTEIN_PARTICLE_STIMULUS	GOBP_CELLULAR_RESPONSE_TO_LIPOPROTEIN_PARTICLE_STIMULUS		34	-0.3276241	-0.9699498	0.5145414	0.79698795	1.0	2681	tags=29%, list=14%, signal=34%	
GOBP_RESPONSE_TO_INTERLEUKIN_6	GOBP_RESPONSE_TO_INTERLEUKIN_6		34	-0.33525133	-0.96903986	0.4911111	0.7994435	1.0	1680	tags=21%, list=9%, signal=22%	
GOBP_PEPTIDYL_PROLINE_MODIFICATION	GOBP_PEPTIDYL_PROLINE_MODIFICATION		31	-0.33668047	-0.96848565	0.47435898	0.80069935	1.0	3863	tags=35%, list=20%, signal=44%	
GOBP_LYMPHOCYTE_CHEMOTAXIS	GOBP_LYMPHOCYTE_CHEMOTAXIS		43	-0.31395036	-0.9682884	0.49168646	0.80079204	1.0	2796	tags=30%, list=14%, signal=35%	
GOMF_4_IRON_4_SULFUR_CLUSTER_BINDING	GOMF_4_IRON_4_SULFUR_CLUSTER_BINDING		43	-0.3155304	-0.96762174	0.50985223	0.8024218	1.0	4383	tags=35%, list=23%, signal=45%	
GOCC_INO80_TYPE_COMPLEX	GOCC_INO80_TYPE_COMPLEX		27	-0.3422438	-0.9675215	0.5011389	0.8021737	1.0	5707	tags=37%, list=29%, signal=52%	
GOBP_POSITIVE_REGULATION_OF_PHOSPHOLIPASE_ACTIVITY	GOBP_POSITIVE_REGULATION_OF_PHOSPHOLIPASE_ACTIVITY		39	-0.32190868	-0.967296	0.4888889	0.8023786	1.0	2217	tags=18%, list=11%, signal=20%	
GOBP_POSITIVE_REGULATION_OF_AUTOPHAGOSOME_ASSEMBLY	GOBP_POSITIVE_REGULATION_OF_AUTOPHAGOSOME_ASSEMBLY		17	-0.38657007	-0.9672695	0.5125	0.8019243	1.0	2522	tags=35%, list=13%, signal=41%	
GOBP_RESPONSE_TO_FOOD	GOBP_RESPONSE_TO_FOOD		38	-0.3258084	-0.967025	0.50340134	0.8021439	1.0	3019	tags=24%, list=16%, signal=28%	
GOMF_HISTONE_BINDING	GOMF_HISTONE_BINDING		225	-0.24465929	-0.9669895	0.5506329	0.8017266	1.0	5128	tags=32%, list=26%, signal=43%	
GOBP_ANTIGEN_PROCESSING_AND_PRESENTATION_OF_ENDOGENOUS_PEPTIDE_ANTIGEN	GOBP_ANTIGEN_PROCESSING_AND_PRESENTATION_OF_ENDOGENOUS_PEPTIDE_ANTIGEN		24	-0.35162723	-0.966188	0.5	0.80378	1.0	660	tags=13%, list=3%, signal=13%	
GOMF_TRNA_BINDING	GOMF_TRNA_BINDING		64	-0.28885663	-0.96553904	0.5013405	0.80536467	1.0	3907	tags=25%, list=20%, signal=31%	
GOBP_VESICLE_BUDDING_FROM_MEMBRANE	GOBP_VESICLE_BUDDING_FROM_MEMBRANE		81	-0.2761059	-0.9650099	0.54862845	0.80654216	1.0	5720	tags=37%, list=29%, signal=52%	
GOBP_INTERFERON_ALPHA_PRODUCTION	GOBP_INTERFERON_ALPHA_PRODUCTION		28	-0.34621945	-0.964978	0.5157658	0.8061033	1.0	2924	tags=29%, list=15%, signal=34%	
GOMF_NARROW_PORE_CHANNEL_ACTIVITY	GOMF_NARROW_PORE_CHANNEL_ACTIVITY		19	-0.37906283	-0.9649704	0.5285088	0.8055906	1.0	1481	tags=21%, list=8%, signal=23%	
GOCC_CAJAL_BODY	GOCC_CAJAL_BODY		65	-0.2912545	-0.96428573	0.5294118	0.80729455	1.0	3128	tags=20%, list=16%, signal=24%	
GOMF_VITAMIN_BINDING	GOMF_VITAMIN_BINDING		139	-0.25296614	-0.96402335	0.5541237	0.80759364	1.0	3557	tags=24%, list=18%, signal=30%	
GOMF_PROTEIN_SEQUESTERING_ACTIVITY	GOMF_PROTEIN_SEQUESTERING_ACTIVITY		26	-0.34395424	-0.9638086	0.51785713	0.8077233	1.0	2372	tags=27%, list=12%, signal=31%	
GOBP_T_HELPER_17_TYPE_IMMUNE_RESPONSE	GOBP_T_HELPER_17_TYPE_IMMUNE_RESPONSE		47	-0.31012347	-0.96367526	0.48955917	0.8076197	1.0	4047	tags=38%, list=21%, signal=48%	
GOBP_RESPONSE_TO_LEAD_ION	GOBP_RESPONSE_TO_LEAD_ION		21	-0.37196815	-0.9635272	0.4967033	0.80754024	1.0	2272	tags=24%, list=12%, signal=27%	
GOBP_RETICULOPHAGY	GOBP_RETICULOPHAGY		16	-0.39514127	-0.9634254	0.5265306	0.80733067	1.0	2095	tags=25%, list=11%, signal=28%	
GOMF_MINUS_END_DIRECTED_MICROTUBULE_MOTOR_ACTIVITY	GOMF_MINUS_END_DIRECTED_MICROTUBULE_MOTOR_ACTIVITY		16	-0.39319348	-0.9633534	0.5	0.80702996	1.0	1736	tags=19%, list=9%, signal=21%	
GOBP_SISTER_CHROMATID_COHESION	GOBP_SISTER_CHROMATID_COHESION		49	-0.30261302	-0.9628207	0.5225653	0.80817497	1.0	5338	tags=41%, list=27%, signal=56%	
GOBP_PHOSPHOLIPID_CATABOLIC_PROCESS	GOBP_PHOSPHOLIPID_CATABOLIC_PROCESS		53	-0.3106309	-0.9627975	0.5284738	0.8077128	1.0	3981	tags=34%, list=20%, signal=43%	
GOBP_INORGANIC_ANION_TRANSMEMBRANE_TRANSPORT	GOBP_INORGANIC_ANION_TRANSMEMBRANE_TRANSPORT		126	-0.2595736	-0.96277714	0.55	0.80723804	1.0	4837	tags=29%, list=25%, signal=39%	
GOMF_PROMOTER_SPECIFIC_CHROMATIN_BINDING	GOMF_PROMOTER_SPECIFIC_CHROMATIN_BINDING		66	-0.29037684	-0.962481	0.53406596	0.8076703	1.0	3766	tags=23%, list=19%, signal=28%	
GOMF_ACYL_COA_BINDING	GOMF_ACYL_COA_BINDING		19	-0.37708724	-0.9619293	0.5276596	0.80889213	1.0	4805	tags=42%, list=25%, signal=56%	
GOBP_NEGATIVE_REGULATION_OF_CYSTEINE_TYPE_ENDOPEPTIDASE_ACTIVITY_INVOLVED_IN_APOPTOTIC_PROCESS	GOBP_NEGATIVE_REGULATION_OF_CYSTEINE_TYPE_ENDOPEPTIDASE_ACTIVITY_INVOLVED_IN_APOPTOTIC_PROCESS		47	-0.31654438	-0.9612654	0.5011601	0.8105548	1.0	1254	tags=17%, list=6%, signal=18%	
GOBP_BEHAVIORAL_RESPONSE_TO_COCAINE	GOBP_BEHAVIORAL_RESPONSE_TO_COCAINE		16	-0.39134762	-0.96054596	0.50614756	0.8123657	1.0	4188	tags=44%, list=22%, signal=56%	
GOBP_MEMBRANE_PROTEIN_ECTODOMAIN_PROTEOLYSIS	GOBP_MEMBRANE_PROTEIN_ECTODOMAIN_PROTEOLYSIS		50	-0.30137837	-0.9605024	0.5294118	0.8119669	1.0	2496	tags=26%, list=13%, signal=30%	
GOMF_ANTIPORTER_ACTIVITY	GOMF_ANTIPORTER_ACTIVITY		131	-0.2623691	-0.9603911	0.55807364	0.81177646	1.0	4553	tags=31%, list=23%, signal=40%	
GOBP_POSITIVE_REGULATION_OF_REGULATED_SECRETORY_PATHWAY	GOBP_POSITIVE_REGULATION_OF_REGULATED_SECRETORY_PATHWAY		43	-0.3110953	-0.96030796	0.52115816	0.8115244	1.0	5387	tags=40%, list=28%, signal=55%	
GOCC_PHAGOCYTIC_VESICLE_MEMBRANE	GOCC_PHAGOCYTIC_VESICLE_MEMBRANE		78	-0.28383866	-0.9601965	0.53517586	0.81134033	1.0	3050	tags=28%, list=16%, signal=33%	
GOBP_REGULATION_OF_CALCIUM_ION_DEPENDENT_EXOCYTOSIS	GOBP_REGULATION_OF_CALCIUM_ION_DEPENDENT_EXOCYTOSIS		30	-0.34569097	-0.9593561	0.52422905	0.8136122	1.0	2008	tags=13%, list=10%, signal=15%	
GOBP_APOPTOTIC_MITOCHONDRIAL_CHANGES	GOBP_APOPTOTIC_MITOCHONDRIAL_CHANGES		98	-0.26962203	-0.9591639	0.5315534	0.8137052	1.0	2581	tags=20%, list=13%, signal=23%	
GOMF_ANKYRIN_BINDING	GOMF_ANKYRIN_BINDING		19	-0.38232	-0.95904326	0.515625	0.8135233	1.0	2689	tags=32%, list=14%, signal=37%	
GOBP_VESICLE_COATING	GOBP_VESICLE_COATING		39	-0.3150696	-0.9590325	0.50359714	0.81302357	1.0	5549	tags=38%, list=29%, signal=54%	
GOBP_PHAGOCYTOSIS_RECOGNITION	GOBP_PHAGOCYTOSIS_RECOGNITION		29	-0.34496337	-0.959027	0.52838427	0.81250125	1.0	3444	tags=38%, list=18%, signal=46%	
GOMF_AMYLOID_BETA_BINDING	GOMF_AMYLOID_BETA_BINDING		85	-0.27179018	-0.95879996	0.5272277	0.81268144	1.0	1654	tags=18%, list=9%, signal=19%	
GOBP_RESPONSE_TO_ELECTRICAL_STIMULUS	GOBP_RESPONSE_TO_ELECTRICAL_STIMULUS		40	-0.3134527	-0.95839345	0.54214126	0.8134147	1.0	2327	tags=20%, list=12%, signal=23%	
GOMF_CARBON_CARBON_LYASE_ACTIVITY	GOMF_CARBON_CARBON_LYASE_ACTIVITY		49	-0.30201042	-0.95811427	0.518931	0.81379867	1.0	3724	tags=29%, list=19%, signal=35%	
GOMF_ATPASE_COUPLED_MONOATOMIC_CATION_TRANSMEMBRANE_TRANSPORTER_ACTIVITY	GOMF_ATPASE_COUPLED_MONOATOMIC_CATION_TRANSMEMBRANE_TRANSPORTER_ACTIVITY		52	-0.29998815	-0.9579174	0.52347416	0.8139042	1.0	2551	tags=19%, list=13%, signal=22%	
GOMF_ORGANIC_ANION_TRANSMEMBRANE_TRANSPORTER_ACTIVITY	GOMF_ORGANIC_ANION_TRANSMEMBRANE_TRANSPORTER_ACTIVITY		261	-0.23956487	-0.9578614	0.57894737	0.81356966	1.0	2974	tags=20%, list=15%, signal=23%	
GOBP_POSITIVE_REGULATION_OF_AUTOPHAGY_OF_MITOCHONDRION	GOBP_POSITIVE_REGULATION_OF_AUTOPHAGY_OF_MITOCHONDRION		15	-0.39162022	-0.9572884	0.53125	0.81489706	1.0	1906	tags=27%, list=10%, signal=30%	
GOBP_GLYCOSYLATION	GOBP_GLYCOSYLATION		226	-0.24110952	-0.9572159	0.60071945	0.8146001	1.0	3682	tags=25%, list=19%, signal=31%	
GOMF_ACETYLTRANSFERASE_ACTIVITY	GOMF_ACETYLTRANSFERASE_ACTIVITY		93	-0.27435243	-0.9569466	0.53940886	0.81494176	1.0	5894	tags=38%, list=30%, signal=54%	
GOMF_LIPASE_ACTIVITY	GOMF_LIPASE_ACTIVITY		123	-0.25690132	-0.95660764	0.56438357	0.8155216	1.0	2979	tags=20%, list=15%, signal=24%	
GOBP_PROTEIN_LIPID_COMPLEX_ORGANIZATION	GOBP_PROTEIN_LIPID_COMPLEX_ORGANIZATION		53	-0.29604095	-0.9563847	0.5421687	0.8157166	1.0	4231	tags=40%, list=22%, signal=51%	
GOBP_BLASTOCYST_DEVELOPMENT	GOBP_BLASTOCYST_DEVELOPMENT		111	-0.2635812	-0.9555446	0.5640327	0.8178927	1.0	3617	tags=23%, list=19%, signal=29%	
GOMF_CHLORIDE_TRANSMEMBRANE_TRANSPORTER_ACTIVITY	GOMF_CHLORIDE_TRANSMEMBRANE_TRANSPORTER_ACTIVITY		114	-0.26122734	-0.9548914	0.5672043	0.8194954	1.0	4621	tags=30%, list=24%, signal=39%	
GOBP_ANIMAL_ORGAN_REGENERATION	GOBP_ANIMAL_ORGAN_REGENERATION		66	-0.28967866	-0.95449364	0.5555556	0.8202677	1.0	4462	tags=33%, list=23%, signal=43%	
GOBP_REGULATION_OF_LIPOPOLYSACCHARIDE_MEDIATED_SIGNALING_PATHWAY	GOBP_REGULATION_OF_LIPOPOLYSACCHARIDE_MEDIATED_SIGNALING_PATHWAY		26	-0.34634456	-0.95429116	0.53418803	0.8203684	1.0	2897	tags=27%, list=15%, signal=32%	
GOBP_POSITIVE_REGULATION_OF_LIPASE_ACTIVITY	GOBP_POSITIVE_REGULATION_OF_LIPASE_ACTIVITY		49	-0.30851856	-0.95347315	0.5418719	0.8224509	1.0	3145	tags=20%, list=16%, signal=24%	
GOBP_NEGATIVE_REGULATION_OF_TYPE_2_IMMUNE_RESPONSE	GOBP_NEGATIVE_REGULATION_OF_TYPE_2_IMMUNE_RESPONSE		15	-0.390426	-0.95335555	0.506383	0.8223008	1.0	82	tags=13%, list=0%, signal=13%	
GOBP_MONOATOMIC_ANION_TRANSPORT	GOBP_MONOATOMIC_ANION_TRANSPORT		165	-0.24685277	-0.952732	0.5793872	0.8238094	1.0	2650	tags=16%, list=14%, signal=19%	
GOBP_PROTEIN_PEPTIDYL_PROLYL_ISOMERIZATION	GOBP_PROTEIN_PEPTIDYL_PROLYL_ISOMERIZATION		19	-0.3753951	-0.95215666	0.5140998	0.8250949	1.0	3863	tags=37%, list=20%, signal=46%	
GOMF_P_TYPE_TRANSMEMBRANE_TRANSPORTER_ACTIVITY	GOMF_P_TYPE_TRANSMEMBRANE_TRANSPORTER_ACTIVITY		25	-0.35219684	-0.95186365	0.54357797	0.8254552	1.0	2369	tags=20%, list=12%, signal=23%	
GOBP_POSITIVE_REGULATION_OF_COLLAGEN_METABOLIC_PROCESS	GOBP_POSITIVE_REGULATION_OF_COLLAGEN_METABOLIC_PROCESS		23	-0.3637727	-0.9518245	0.52505445	0.8250464	1.0	673	tags=13%, list=3%, signal=13%	
GOCC_NUCLEAR_SPECK	GOCC_NUCLEAR_SPECK		388	-0.22686033	-0.9518192	0.69550174	0.82452893	1.0	5059	tags=29%, list=26%, signal=38%	
GOBP_PROTEIN_EXPORT_FROM_NUCLEUS	GOBP_PROTEIN_EXPORT_FROM_NUCLEUS		59	-0.28950647	-0.95141965	0.552381	0.8252524	1.0	3963	tags=27%, list=20%, signal=34%	
GOMF_TASTE_RECEPTOR_ACTIVITY	GOMF_TASTE_RECEPTOR_ACTIVITY		30	-0.3364495	-0.95100564	0.5089286	0.82600784	1.0	1746	tags=7%, list=9%, signal=7%	
GOCC_MEMBRANE_COAT	GOCC_MEMBRANE_COAT		92	-0.2662012	-0.95029205	0.562341	0.8277572	1.0	4442	tags=29%, list=23%, signal=38%	
GOMF_NEUROTRANSMITTER_RECEPTOR_ACTIVITY	GOMF_NEUROTRANSMITTER_RECEPTOR_ACTIVITY		95	-0.2690053	-0.9498403	0.5829146	0.82868147	1.0	2037	tags=8%, list=10%, signal=9%	
GOBP_POSITIVE_REGULATION_OF_BEHAVIOR	GOBP_POSITIVE_REGULATION_OF_BEHAVIOR		23	-0.3552466	-0.94939286	0.5300668	0.8295305	1.0	1130	tags=17%, list=6%, signal=18%	
GOBP_SECRETION_BY_TISSUE	GOBP_SECRETION_BY_TISSUE		47	-0.29811773	-0.9492566	0.5627907	0.82941836	1.0	2791	tags=26%, list=14%, signal=30%	
GOBP_TRANSCRIPTION_BY_RNA_POLYMERASE_III	GOBP_TRANSCRIPTION_BY_RNA_POLYMERASE_III		56	-0.29535156	-0.9484831	0.5459057	0.83134776	1.0	5081	tags=36%, list=26%, signal=48%	
GOBP_NEGATIVE_REGULATION_OF_INNATE_IMMUNE_RESPONSE	GOBP_NEGATIVE_REGULATION_OF_INNATE_IMMUNE_RESPONSE		86	-0.2670208	-0.94823456	0.58549225	0.8316235	1.0	4352	tags=34%, list=22%, signal=43%	
GOBP_NEGATIVE_REGULATION_OF_APOPTOTIC_SIGNALING_PATHWAY	GOBP_NEGATIVE_REGULATION_OF_APOPTOTIC_SIGNALING_PATHWAY		217	-0.24020791	-0.9481191	0.615625	0.83145446	1.0	2795	tags=20%, list=14%, signal=23%	
GOBP_SECONDARY_METABOLIC_PROCESS	GOBP_SECONDARY_METABOLIC_PROCESS		56	-0.29496467	-0.94762886	0.54672897	0.8325096	1.0	838	tags=11%, list=4%, signal=11%	
GOMF_STEROID_HYDROXYLASE_ACTIVITY	GOMF_STEROID_HYDROXYLASE_ACTIVITY		26	-0.34777868	-0.94744503	0.5349345	0.83258194	1.0	593	tags=12%, list=3%, signal=12%	
GOBP_GLYCOSPHINGOLIPID_METABOLIC_PROCESS	GOBP_GLYCOSPHINGOLIPID_METABOLIC_PROCESS		64	-0.28778496	-0.94694686	0.54477614	0.8336443	1.0	4293	tags=33%, list=22%, signal=42%	
GOBP_VASCULAR_WOUND_HEALING	GOBP_VASCULAR_WOUND_HEALING		18	-0.37751254	-0.94622844	0.534632	0.8354495	1.0	1254	tags=28%, list=6%, signal=30%	
GOMF_MOLECULAR_CARRIER_ACTIVITY	GOMF_MOLECULAR_CARRIER_ACTIVITY		91	-0.26721406	-0.9462167	0.558753	0.8349438	1.0	4131	tags=31%, list=21%, signal=39%	
GOBP_REGULATION_OF_APPETITE	GOBP_REGULATION_OF_APPETITE		22	-0.35910723	-0.94581044	0.55411255	0.8356797	1.0	1130	tags=14%, list=6%, signal=14%	
GOBP_DNA_CONFORMATION_CHANGE	GOBP_DNA_CONFORMATION_CHANGE		83	-0.2746601	-0.9452985	0.5497382	0.8367775	1.0	5102	tags=39%, list=26%, signal=52%	
GOBP_MITOTIC_INTRA_S_DNA_DAMAGE_CHECKPOINT_SIGNALING	GOBP_MITOTIC_INTRA_S_DNA_DAMAGE_CHECKPOINT_SIGNALING		15	-0.38811713	-0.9445324	0.5466102	0.8387396	1.0	4643	tags=40%, list=24%, signal=53%	
GOCC_AXOLEMMA	GOCC_AXOLEMMA		15	-0.38809815	-0.94439834	0.51950717	0.83862567	1.0	2854	tags=20%, list=15%, signal=23%	
GOBP_INTRACELLULAR_RECEPTOR_SIGNALING_PATHWAY	GOBP_INTRACELLULAR_RECEPTOR_SIGNALING_PATHWAY		359	-0.22679763	-0.9442109	0.6923077	0.8387033	1.0	3381	tags=23%, list=17%, signal=27%	
GOMF_RETINOL_BINDING	GOMF_RETINOL_BINDING		16	-0.3847508	-0.94387424	0.54468083	0.83924174	1.0	1365	tags=19%, list=7%, signal=20%	
GOBP_CELLULAR_RESPONSE_TO_HYDROGEN_PEROXIDE	GOBP_CELLULAR_RESPONSE_TO_HYDROGEN_PEROXIDE		63	-0.28292295	-0.9437731	0.5723982	0.839021	1.0	3431	tags=24%, list=18%, signal=29%	
GOBP_REGULATION_OF_LEUKOCYTE_TETHERING_OR_ROLLING	GOBP_REGULATION_OF_LEUKOCYTE_TETHERING_OR_ROLLING		18	-0.37111008	-0.9433212	0.534632	0.8399057	1.0	3441	tags=44%, list=18%, signal=54%	
GOCC_INNER_MITOCHONDRIAL_MEMBRANE_PROTEIN_COMPLEX	GOCC_INNER_MITOCHONDRIAL_MEMBRANE_PROTEIN_COMPLEX		114	-0.25646234	-0.9431478	0.55324674	0.839918	1.0	6018	tags=34%, list=31%, signal=49%	
GOBP_REGULATION_OF_MITOCHONDRION_ORGANIZATION	GOBP_REGULATION_OF_MITOCHONDRION_ORGANIZATION		138	-0.25400308	-0.9417279	0.61218834	0.8438001	1.0	4017	tags=29%, list=21%, signal=36%	
GOMF_OXIDOREDUCTASE_ACTIVITY_ACTING_ON_THE_CH_CH_GROUP_OF_DONORS	GOMF_OXIDOREDUCTASE_ACTIVITY_ACTING_ON_THE_CH_CH_GROUP_OF_DONORS		57	-0.28989303	-0.94147676	0.5772947	0.84405565	1.0	5533	tags=40%, list=28%, signal=56%	
GOBP_CELLULAR_RESPONSE_TO_XENOBIOTIC_STIMULUS	GOBP_CELLULAR_RESPONSE_TO_XENOBIOTIC_STIMULUS		191	-0.2410675	-0.94142	0.62952644	0.84370214	1.0	3327	tags=21%, list=17%, signal=25%	
GOBP_CERAMIDE_CATABOLIC_PROCESS	GOBP_CERAMIDE_CATABOLIC_PROCESS		21	-0.36190432	-0.9407885	0.5667396	0.84516007	1.0	5740	tags=48%, list=30%, signal=68%	
GOBP_RIBONUCLEOSIDE_METABOLIC_PROCESS	GOBP_RIBONUCLEOSIDE_METABOLIC_PROCESS		35	-0.31824723	-0.9404532	0.58450705	0.8456538	1.0	1169	tags=14%, list=6%, signal=15%	
GOCC_PHOSPHATIDYLINOSITOL_3_KINASE_COMPLEX	GOCC_PHOSPHATIDYLINOSITOL_3_KINASE_COMPLEX		28	-0.32892004	-0.94014513	0.53052634	0.8460812	1.0	3997	tags=36%, list=21%, signal=45%	
GOBP_SYNAPTIC_VESICLE_RECYCLING	GOBP_SYNAPTIC_VESICLE_RECYCLING		81	-0.2713724	-0.9400493	0.57360405	0.8458368	1.0	2339	tags=15%, list=12%, signal=17%	
GOMF_UBIQUITIN_LIKE_PROTEIN_READER_ACTIVITY	GOMF_UBIQUITIN_LIKE_PROTEIN_READER_ACTIVITY		20	-0.3692728	-0.9397043	0.552	0.8464159	1.0	4772	tags=45%, list=25%, signal=60%	
GOBP_ENDOPLASMIC_RETICULUM_ORGANIZATION	GOBP_ENDOPLASMIC_RETICULUM_ORGANIZATION		85	-0.26895377	-0.93931997	0.61182517	0.8471175	1.0	4203	tags=33%, list=22%, signal=42%	
GOCC_GOLGI_APPARATUS_SUBCOMPARTMENT	GOCC_GOLGI_APPARATUS_SUBCOMPARTMENT		347	-0.22555059	-0.9392497	0.73129255	0.84679735	1.0	3317	tags=20%, list=17%, signal=24%	
GOBP_REGULATION_OF_ATTACHMENT_OF_SPINDLE_MICROTUBULES_TO_KINETOCHORE	GOBP_REGULATION_OF_ATTACHMENT_OF_SPINDLE_MICROTUBULES_TO_KINETOCHORE		22	-0.34812933	-0.9385647	0.5376106	0.84842384	1.0	6286	tags=64%, list=32%, signal=94%	
GOMF_PHOSPHORUS_OXYGEN_LYASE_ACTIVITY	GOMF_PHOSPHORUS_OXYGEN_LYASE_ACTIVITY		20	-0.36228094	-0.9381715	0.54375	0.8491569	1.0	3632	tags=25%, list=19%, signal=31%	
GOBP_DNA_DEMETHYLATION	GOBP_DNA_DEMETHYLATION		20	-0.35895678	-0.9379564	0.5391705	0.8492859	1.0	1169	tags=15%, list=6%, signal=16%	
GOBP_PROTEASOMAL_PROTEIN_CATABOLIC_PROCESS	GOBP_PROTEASOMAL_PROTEIN_CATABOLIC_PROCESS		498	-0.22014102	-0.93755805	0.8072289	0.8499809	1.0	5746	tags=35%, list=30%, signal=49%	
GOMF_NUCLEASE_ACTIVITY	GOMF_NUCLEASE_ACTIVITY		200	-0.24000844	-0.9374944	0.6694915	0.84963936	1.0	5490	tags=36%, list=28%, signal=49%	
GOCC_RIBONUCLEOPROTEIN_GRANULE	GOCC_RIBONUCLEOPROTEIN_GRANULE		255	-0.23285021	-0.93703675	0.6996587	0.8505458	1.0	3997	tags=22%, list=21%, signal=27%	
GOMF_LOW_DENSITY_LIPOPROTEIN_PARTICLE_RECEPTOR_ACTIVITY	GOMF_LOW_DENSITY_LIPOPROTEIN_PARTICLE_RECEPTOR_ACTIVITY		15	-0.37223575	-0.936633	0.5591398	0.85130006	1.0	1492	tags=33%, list=8%, signal=36%	
GOBP_ESTROGEN_METABOLIC_PROCESS	GOBP_ESTROGEN_METABOLIC_PROCESS		40	-0.30806193	-0.9361773	0.5744186	0.8521527	1.0	1214	tags=13%, list=6%, signal=13%	
GOBP_REGULATION_OF_PROTEIN_ACETYLATION	GOBP_REGULATION_OF_PROTEIN_ACETYLATION		20	-0.35453406	-0.9360305	0.5456389	0.8520564	1.0	4868	tags=40%, list=25%, signal=53%	
GOMF_UBIQUITIN_LIKE_PROTEIN_BINDING	GOMF_UBIQUITIN_LIKE_PROTEIN_BINDING		115	-0.253827	-0.9348582	0.6456044	0.8552016	1.0	4030	tags=26%, list=21%, signal=33%	
GOBP_CELLULAR_RESPONSE_TO_TOPOLOGICALLY_INCORRECT_PROTEIN	GOBP_CELLULAR_RESPONSE_TO_TOPOLOGICALLY_INCORRECT_PROTEIN		96	-0.26364052	-0.93451613	0.62439024	0.8557367	1.0	4567	tags=30%, list=24%, signal=39%	
GOBP_GOLGI_VESICLE_TRANSPORT	GOBP_GOLGI_VESICLE_TRANSPORT		291	-0.22842488	-0.93429095	0.7237237	0.8558645	1.0	4816	tags=26%, list=25%, signal=34%	
GOBP_RETROGRADE_VESICLE_MEDIATED_TRANSPORT_GOLGI_TO_ENDOPLASMIC_RETICULUM	GOBP_RETROGRADE_VESICLE_MEDIATED_TRANSPORT_GOLGI_TO_ENDOPLASMIC_RETICULUM		50	-0.29688728	-0.93426144	0.5924276	0.85541123	1.0	4810	tags=30%, list=25%, signal=40%	
GOCC_AMPA_GLUTAMATE_RECEPTOR_COMPLEX	GOCC_AMPA_GLUTAMATE_RECEPTOR_COMPLEX		23	-0.34162167	-0.9341567	0.5548654	0.8552015	1.0	5705	tags=35%, list=29%, signal=49%	
GOMF_PRENYLTRANSFERASE_ACTIVITY	GOMF_PRENYLTRANSFERASE_ACTIVITY		15	-0.38784584	-0.933276	0.5676768	0.8574939	1.0	2504	tags=20%, list=13%, signal=23%	
GOBP_CHLORIDE_TRANSPORT	GOBP_CHLORIDE_TRANSPORT		120	-0.25326353	-0.9332738	0.63812155	0.8569574	1.0	4621	tags=27%, list=24%, signal=35%	
GOBP_TRNA_WOBBLE_BASE_MODIFICATION	GOBP_TRNA_WOBBLE_BASE_MODIFICATION		17	-0.37323764	-0.9324376	0.5435685	0.85896343	1.0	5126	tags=41%, list=26%, signal=56%	
GOMF_ANTIGEN_BINDING	GOMF_ANTIGEN_BINDING		67	-0.28013837	-0.9319906	0.61702126	0.85976446	1.0	1780	tags=16%, list=9%, signal=18%	
GOBP_POSITIVE_THYMIC_T_CELL_SELECTION	GOBP_POSITIVE_THYMIC_T_CELL_SELECTION		15	-0.3862443	-0.93173265	0.5590062	0.8600182	1.0	1308	tags=20%, list=7%, signal=21%	
GOMF_ENDONUCLEASE_ACTIVITY	GOMF_ENDONUCLEASE_ACTIVITY		114	-0.2578347	-0.93149287	0.6351706	0.8602003	1.0	3956	tags=25%, list=20%, signal=32%	
GOMF_LIPID_TRANSPORTER_ACTIVITY	GOMF_LIPID_TRANSPORTER_ACTIVITY		158	-0.24346519	-0.9313585	0.6786787	0.8601011	1.0	2116	tags=15%, list=11%, signal=16%	
GOBP_POSITIVE_REGULATION_OF_MITOTIC_NUCLEAR_DIVISION	GOBP_POSITIVE_REGULATION_OF_MITOTIC_NUCLEAR_DIVISION		43	-0.3085481	-0.9309382	0.57451403	0.8609073	1.0	4096	tags=33%, list=21%, signal=41%	
GOBP_PHOTOPERIODISM	GOBP_PHOTOPERIODISM		26	-0.3340232	-0.9308868	0.5604396	0.8605327	1.0	2883	tags=23%, list=15%, signal=27%	
GOBP_REGULATION_OF_DOUBLE_STRAND_BREAK_REPAIR_VIA_HOMOLOGOUS_RECOMBINATION	GOBP_REGULATION_OF_DOUBLE_STRAND_BREAK_REPAIR_VIA_HOMOLOGOUS_RECOMBINATION		71	-0.2724025	-0.9308492	0.59359604	0.8601186	1.0	4800	tags=38%, list=25%, signal=50%	
GOBP_POSITIVE_REGULATION_OF_DNA_REPLICATION	GOBP_POSITIVE_REGULATION_OF_DNA_REPLICATION		41	-0.30983388	-0.93078595	0.5808656	0.8597765	1.0	2446	tags=15%, list=13%, signal=17%	
GOBP_NECROPTOTIC_PROCESS	GOBP_NECROPTOTIC_PROCESS		39	-0.30848187	-0.9303181	0.5829268	0.86071473	1.0	4804	tags=38%, list=25%, signal=51%	
GOBP_POSITIVE_REGULATION_OF_DNA_RECOMBINATION	GOBP_POSITIVE_REGULATION_OF_DNA_RECOMBINATION		70	-0.27437696	-0.93025863	0.63104326	0.860355	1.0	4800	tags=37%, list=25%, signal=49%	
GOBP_SYNAPTIC_VESICLE_EXOCYTOSIS	GOBP_SYNAPTIC_VESICLE_EXOCYTOSIS		94	-0.26077768	-0.9301986	0.627451	0.8600087	1.0	1931	tags=15%, list=10%, signal=16%	
GOMF_K63_LINKED_DEUBIQUITINASE_ACTIVITY	GOMF_K63_LINKED_DEUBIQUITINASE_ACTIVITY		15	-0.38385764	-0.9299163	0.5729167	0.86034197	1.0	2353	tags=20%, list=12%, signal=23%	
GOBP_POSITIVE_REGULATION_OF_MAP_KINASE_ACTIVITY	GOBP_POSITIVE_REGULATION_OF_MAP_KINASE_ACTIVITY		78	-0.27643704	-0.9298066	0.595122	0.86013246	1.0	3804	tags=35%, list=20%, signal=43%	
GOBP_CELLULAR_RESPONSE_TO_LIGHT_STIMULUS	GOBP_CELLULAR_RESPONSE_TO_LIGHT_STIMULUS		116	-0.25887656	-0.92925066	0.61170214	0.8612952	1.0	3877	tags=23%, list=20%, signal=29%	
GOBP_NUCLEOSIDE_METABOLIC_PROCESS	GOBP_NUCLEOSIDE_METABOLIC_PROCESS		54	-0.2902674	-0.9291853	0.62009805	0.860964	1.0	2969	tags=20%, list=15%, signal=24%	
GOBP_REGULATION_OF_T_CELL_MIGRATION	GOBP_REGULATION_OF_T_CELL_MIGRATION		45	-0.30233485	-0.92881453	0.589372	0.8615712	1.0	4416	tags=49%, list=23%, signal=63%	
GOBP_STRESS_GRANULE_ASSEMBLY	GOBP_STRESS_GRANULE_ASSEMBLY		34	-0.31677598	-0.928575	0.57929516	0.8618147	1.0	2030	tags=12%, list=10%, signal=13%	
GOBP_RETROGRADE_AXONAL_TRANSPORT	GOBP_RETROGRADE_AXONAL_TRANSPORT		22	-0.34776366	-0.92856073	0.5661605	0.86132556	1.0	936	tags=9%, list=5%, signal=10%	
GOBP_NUCLEOSIDE_DIPHOSPHATE_CATABOLIC_PROCESS	GOBP_NUCLEOSIDE_DIPHOSPHATE_CATABOLIC_PROCESS		102	-0.25914064	-0.92820245	0.6603774	0.861845	1.0	2885	tags=19%, list=15%, signal=22%	
GOBP_NEURON_PROJECTION_ARBORIZATION	GOBP_NEURON_PROJECTION_ARBORIZATION		32	-0.3186572	-0.92785835	0.5768374	0.8623666	1.0	1263	tags=19%, list=7%, signal=20%	
GOBP_NEGATIVE_REGULATION_OF_LIPID_STORAGE	GOBP_NEGATIVE_REGULATION_OF_LIPID_STORAGE		21	-0.3586445	-0.927765	0.5795918	0.8621056	1.0	2859	tags=33%, list=15%, signal=39%	
GOMF_INSULIN_LIKE_GROWTH_FACTOR_BINDING	GOMF_INSULIN_LIKE_GROWTH_FACTOR_BINDING		18	-0.36673564	-0.927171	0.53846157	0.8634182	1.0	1849	tags=33%, list=10%, signal=37%	
GOBP_NEGATIVE_REGULATION_OF_G_PROTEIN_COUPLED_RECEPTOR_SIGNALING_PATHWAY	GOBP_NEGATIVE_REGULATION_OF_G_PROTEIN_COUPLED_RECEPTOR_SIGNALING_PATHWAY		61	-0.28171682	-0.926995	0.5981308	0.8634301	1.0	2538	tags=21%, list=13%, signal=24%	
GOBP_NUCLEAR_MIGRATION	GOBP_NUCLEAR_MIGRATION		24	-0.3519232	-0.9265152	0.56578946	0.8643651	1.0	924	tags=13%, list=5%, signal=13%	
GOBP_METANEPHROS_MORPHOGENESIS	GOBP_METANEPHROS_MORPHOGENESIS		30	-0.32323837	-0.9262407	0.56041664	0.86467046	1.0	4691	tags=40%, list=24%, signal=53%	
GOCC_PIGMENT_GRANULE	GOCC_PIGMENT_GRANULE		111	-0.25507402	-0.9261071	0.6426735	0.86454195	1.0	3937	tags=30%, list=20%, signal=37%	
GOMF_PHOSPHOTRANSFERASE_ACTIVITY_PHOSPHATE_GROUP_AS_ACCEPTOR	GOMF_PHOSPHOTRANSFERASE_ACTIVITY_PHOSPHATE_GROUP_AS_ACCEPTOR		35	-0.3150384	-0.9256155	0.5939675	0.86548805	1.0	4578	tags=31%, list=24%, signal=41%	
GOMF_MAGNESIUM_ION_TRANSMEMBRANE_TRANSPORTER_ACTIVITY	GOMF_MAGNESIUM_ION_TRANSMEMBRANE_TRANSPORTER_ACTIVITY		18	-0.3717618	-0.9251226	0.55852157	0.8664816	1.0	3516	tags=33%, list=18%, signal=41%	
GOMF_NON_MEMBRANE_SPANNING_PROTEIN_TYROSINE_KINASE_ACTIVITY	GOMF_NON_MEMBRANE_SPANNING_PROTEIN_TYROSINE_KINASE_ACTIVITY		42	-0.3011752	-0.9249998	0.5975	0.86631954	1.0	4385	tags=36%, list=23%, signal=46%	
GOBP_PROTEIN_INSERTION_INTO_MEMBRANE	GOBP_PROTEIN_INSERTION_INTO_MEMBRANE		41	-0.30115792	-0.92496514	0.61214954	0.8659011	1.0	4452	tags=39%, list=23%, signal=51%	
GOBP_NEGATIVE_REGULATION_OF_MEIOTIC_CELL_CYCLE	GOBP_NEGATIVE_REGULATION_OF_MEIOTIC_CELL_CYCLE		16	-0.37632704	-0.9248754	0.5802998	0.8656108	1.0	6860	tags=44%, list=35%, signal=68%	
GOCC_GOLGI_STACK	GOCC_GOLGI_STACK		130	-0.2524268	-0.9241812	0.64444447	0.8672111	1.0	3446	tags=24%, list=18%, signal=29%	
GOBP_POSITIVE_REGULATION_OF_VASOCONSTRICTION	GOBP_POSITIVE_REGULATION_OF_VASOCONSTRICTION		31	-0.3232685	-0.9240178	0.58027524	0.86717933	1.0	3611	tags=39%, list=19%, signal=47%	
GOBP_REACTIVE_NITROGEN_SPECIES_METABOLIC_PROCESS	GOBP_REACTIVE_NITROGEN_SPECIES_METABOLIC_PROCESS		74	-0.27282268	-0.9232548	0.6363636	0.868949	1.0	3741	tags=31%, list=19%, signal=38%	
GOBP_LEUKOTRIENE_BIOSYNTHETIC_PROCESS	GOBP_LEUKOTRIENE_BIOSYNTHETIC_PROCESS		18	-0.36962783	-0.9231208	0.5604396	0.8688067	1.0	6276	tags=56%, list=32%, signal=82%	
GOCC_PEPTIDASE_COMPLEX	GOCC_PEPTIDASE_COMPLEX		114	-0.255948	-0.9229007	0.6648794	0.8689458	1.0	5499	tags=34%, list=28%, signal=47%	
GOCC_PHOTORECEPTOR_INNER_SEGMENT	GOCC_PHOTORECEPTOR_INNER_SEGMENT		66	-0.2791122	-0.9226851	0.59600997	0.869088	1.0	3007	tags=18%, list=15%, signal=21%	
GOBP_ANTIGEN_PROCESSING_AND_PRESENTATION_OF_PEPTIDE_OR_POLYSACCHARIDE_ANTIGEN_VIA_MHC_CLASS_II	GOBP_ANTIGEN_PROCESSING_AND_PRESENTATION_OF_PEPTIDE_OR_POLYSACCHARIDE_ANTIGEN_VIA_MHC_CLASS_II		33	-0.3142496	-0.92252153	0.5785877	0.86902493	1.0	1699	tags=18%, list=9%, signal=20%	
GOBP_PROTEIN_SUMOYLATION	GOBP_PROTEIN_SUMOYLATION		65	-0.2760914	-0.92252094	0.5957944	0.8684915	1.0	5542	tags=43%, list=29%, signal=60%	
GOCC_DYNEIN_COMPLEX	GOCC_DYNEIN_COMPLEX		43	-0.30151725	-0.92173594	0.5848214	0.8703431	1.0	4238	tags=33%, list=22%, signal=42%	
GOCC_CLATHRIN_COATED_PIT	GOCC_CLATHRIN_COATED_PIT		74	-0.27333295	-0.92143714	0.6506024	0.8706706	1.0	4112	tags=32%, list=21%, signal=41%	
GOBP_HEPATICOBILIARY_SYSTEM_DEVELOPMENT	GOBP_HEPATICOBILIARY_SYSTEM_DEVELOPMENT		145	-0.2474262	-0.92065436	0.66753244	0.87248284	1.0	3431	tags=20%, list=18%, signal=24%	
GOMF_METAL_CATION_PROTON_ANTIPORTER_ACTIVITY	GOMF_METAL_CATION_PROTON_ANTIPORTER_ACTIVITY		26	-0.34007648	-0.92050034	0.55172414	0.8723912	1.0	2327	tags=23%, list=12%, signal=26%	
GOMF_G_PROTEIN_ALPHA_SUBUNIT_BINDING	GOMF_G_PROTEIN_ALPHA_SUBUNIT_BINDING		28	-0.32631102	-0.920461	0.5779626	0.87197226	1.0	2554	tags=21%, list=13%, signal=25%	
GOBP_PYRIDINE_CONTAINING_COMPOUND_BIOSYNTHETIC_PROCESS	GOBP_PYRIDINE_CONTAINING_COMPOUND_BIOSYNTHETIC_PROCESS		31	-0.32112294	-0.92039126	0.6137339	0.8716527	1.0	760	tags=16%, list=4%, signal=17%	
GOBP_FC_EPSILON_RECEPTOR_SIGNALING_PATHWAY	GOBP_FC_EPSILON_RECEPTOR_SIGNALING_PATHWAY		25	-0.33656922	-0.9200808	0.5825688	0.87205	1.0	2236	tags=24%, list=12%, signal=27%	
GOBP_NADH_METABOLIC_PROCESS	GOBP_NADH_METABOLIC_PROCESS		32	-0.31524578	-0.9195886	0.5875576	0.87298244	1.0	2052	tags=19%, list=11%, signal=21%	
GOBP_PRESYNAPTIC_MODULATION_OF_CHEMICAL_SYNAPTIC_TRANSMISSION	GOBP_PRESYNAPTIC_MODULATION_OF_CHEMICAL_SYNAPTIC_TRANSMISSION		35	-0.31047377	-0.9195676	0.60183066	0.87250984	1.0	3445	tags=29%, list=18%, signal=35%	
GOBP_RETINA_MORPHOGENESIS_IN_CAMERA_TYPE_EYE	GOBP_RETINA_MORPHOGENESIS_IN_CAMERA_TYPE_EYE		64	-0.27989754	-0.91954905	0.62857145	0.87203854	1.0	2702	tags=19%, list=14%, signal=22%	
GOBP_RESPONSE_TO_COLD	GOBP_RESPONSE_TO_COLD		42	-0.30121627	-0.9195376	0.594533	0.87153697	1.0	2631	tags=26%, list=14%, signal=30%	
GOBP_VITAMIN_METABOLIC_PROCESS	GOBP_VITAMIN_METABOLIC_PROCESS		111	-0.25355074	-0.91947883	0.6692112	0.87118196	1.0	3481	tags=21%, list=18%, signal=25%	
GOCC_M_BAND	GOCC_M_BAND		27	-0.33212933	-0.9192951	0.6031746	0.87121385	1.0	1908	tags=22%, list=10%, signal=25%	
GOBP_POSITIVE_REGULATION_OF_NUCLEAR_DIVISION	GOBP_POSITIVE_REGULATION_OF_NUCLEAR_DIVISION		57	-0.28878435	-0.9186287	0.6061321	0.87263286	1.0	4160	tags=32%, list=21%, signal=40%	
GOBP_ENDOCYTIC_RECYCLING	GOBP_ENDOCYTIC_RECYCLING		76	-0.26818237	-0.91788673	0.64547676	0.8742819	1.0	3191	tags=22%, list=16%, signal=27%	
GOMF_MONOATOMIC_ANION_TRANSMEMBRANE_TRANSPORTER_ACTIVITY	GOMF_MONOATOMIC_ANION_TRANSMEMBRANE_TRANSPORTER_ACTIVITY		137	-0.24539642	-0.91710645	0.707989	0.8760953	1.0	4405	tags=28%, list=23%, signal=36%	
GOBP_EMBRYONIC_HEMOPOIESIS	GOBP_EMBRYONIC_HEMOPOIESIS		24	-0.3405232	-0.91705495	0.5823666	0.87571406	1.0	1254	tags=17%, list=6%, signal=18%	
GOBP_REGULATION_OF_RECEPTOR_INTERNALIZATION	GOBP_REGULATION_OF_RECEPTOR_INTERNALIZATION		63	-0.279538	-0.9168943	0.5995086	0.87567365	1.0	3147	tags=29%, list=16%, signal=34%	
GOBP_REGULATION_OF_MYELOID_CELL_DIFFERENTIATION	GOBP_REGULATION_OF_MYELOID_CELL_DIFFERENTIATION		188	-0.23835427	-0.9167202	0.7342857	0.87566805	1.0	4477	tags=30%, list=23%, signal=38%	
GOBP_POSITIVE_REGULATION_OF_CYCLASE_ACTIVITY	GOBP_POSITIVE_REGULATION_OF_CYCLASE_ACTIVITY		36	-0.30657023	-0.91654927	0.6331096	0.87565297	1.0	2658	tags=17%, list=14%, signal=19%	
GOBP_IMP_METABOLIC_PROCESS	GOBP_IMP_METABOLIC_PROCESS		16	-0.3787513	-0.91647744	0.60475165	0.8753532	1.0	202	tags=6%, list=1%, signal=6%	
GOBP_CORTICAL_ACTIN_CYTOSKELETON_ORGANIZATION	GOBP_CORTICAL_ACTIN_CYTOSKELETON_ORGANIZATION		41	-0.3035021	-0.91642636	0.6361556	0.8749687	1.0	1483	tags=15%, list=8%, signal=16%	
GOBP_SYNAPTIC_TRANSMISSION_GLUTAMATERGIC	GOBP_SYNAPTIC_TRANSMISSION_GLUTAMATERGIC		103	-0.25533196	-0.9162423	0.6553525	0.8749917	1.0	2854	tags=17%, list=15%, signal=20%	
GOBP_RECEPTOR_CATABOLIC_PROCESS	GOBP_RECEPTOR_CATABOLIC_PROCESS		25	-0.3341861	-0.9161797	0.5804989	0.8746648	1.0	4522	tags=28%, list=23%, signal=36%	
GOBP_REGULATION_OF_POSTSYNAPTIC_MEMBRANE_NEUROTRANSMITTER_RECEPTOR_LEVELS	GOBP_REGULATION_OF_POSTSYNAPTIC_MEMBRANE_NEUROTRANSMITTER_RECEPTOR_LEVELS		91	-0.2581488	-0.916	0.65882355	0.8746725	1.0	4328	tags=30%, list=22%, signal=38%	
GOBP_REGULATION_OF_G_PROTEIN_COUPLED_RECEPTOR_SIGNALING_PATHWAY	GOBP_REGULATION_OF_G_PROTEIN_COUPLED_RECEPTOR_SIGNALING_PATHWAY		143	-0.24336492	-0.9152595	0.7117647	0.8763209	1.0	2561	tags=20%, list=13%, signal=22%	
GOBP_PROTEIN_POLYUBIQUITINATION	GOBP_PROTEIN_POLYUBIQUITINATION		255	-0.22823365	-0.91504455	0.73939395	0.87643874	1.0	4013	tags=25%, list=21%, signal=31%	
GOBP_SPHINGOLIPID_MEDIATED_SIGNALING_PATHWAY	GOBP_SPHINGOLIPID_MEDIATED_SIGNALING_PATHWAY		17	-0.368533	-0.9149995	0.5862069	0.8760417	1.0	1499	tags=24%, list=8%, signal=25%	
GOBP_BASE_CONVERSION_OR_SUBSTITUTION_EDITING	GOBP_BASE_CONVERSION_OR_SUBSTITUTION_EDITING		18	-0.36317194	-0.9149959	0.5882353	0.875522	1.0	1169	tags=17%, list=6%, signal=18%	
GOBP_RESPONSE_TO_PH	GOBP_RESPONSE_TO_PH		38	-0.30346346	-0.9148621	0.6028708	0.8753848	1.0	3190	tags=32%, list=16%, signal=38%	
GOBP_3_UTR_MEDIATED_MRNA_STABILIZATION	GOBP_3_UTR_MEDIATED_MRNA_STABILIZATION		24	-0.33600938	-0.91454065	0.61255413	0.8758186	1.0	3635	tags=29%, list=19%, signal=36%	
GOMF_RECEPTOR_SERINE_THREONINE_KINASE_BINDING	GOMF_RECEPTOR_SERINE_THREONINE_KINASE_BINDING		27	-0.32685277	-0.91450405	0.5991091	0.8753971	1.0	2669	tags=22%, list=14%, signal=26%	
GOBP_GRANULOCYTE_MACROPHAGE_COLONY_STIMULATING_FACTOR_PRODUCTION	GOBP_GRANULOCYTE_MACROPHAGE_COLONY_STIMULATING_FACTOR_PRODUCTION		17	-0.36472854	-0.9139992	0.62309366	0.87637013	1.0	4664	tags=59%, list=24%, signal=77%	
GOBP_RESPONSE_TO_INTERFERON_BETA	GOBP_RESPONSE_TO_INTERFERON_BETA		29	-0.325191	-0.9139785	0.5849462	0.87591517	1.0	3118	tags=24%, list=16%, signal=29%	
GOBP_COPPER_ION_HOMEOSTASIS	GOBP_COPPER_ION_HOMEOSTASIS		21	-0.34482896	-0.9138737	0.60334027	0.8756806	1.0	2988	tags=29%, list=15%, signal=34%	
GOBP_NUCLEAR_TRANSCRIBED_MRNA_POLY_A_TAIL_SHORTENING	GOBP_NUCLEAR_TRANSCRIBED_MRNA_POLY_A_TAIL_SHORTENING		29	-0.3247648	-0.913097	0.6040724	0.8774677	1.0	6108	tags=38%, list=31%, signal=55%	
GOCC_SM_LIKE_PROTEIN_FAMILY_COMPLEX	GOCC_SM_LIKE_PROTEIN_FAMILY_COMPLEX		89	-0.25682637	-0.9130894	0.6691358	0.8769629	1.0	5399	tags=35%, list=28%, signal=48%	
GOBP_NEUROTRANSMITTER_RECEPTOR_TRANSPORT_TO_PLASMA_MEMBRANE	GOBP_NEUROTRANSMITTER_RECEPTOR_TRANSPORT_TO_PLASMA_MEMBRANE		16	-0.36368197	-0.91224885	0.59876543	0.87891525	1.0	1129	tags=19%, list=6%, signal=20%	
GOBP_REGULATION_OF_CHOLESTEROL_STORAGE	GOBP_REGULATION_OF_CHOLESTEROL_STORAGE		17	-0.36089018	-0.9119658	0.58836687	0.8792098	1.0	2896	tags=29%, list=15%, signal=35%	
GOBP_NUCLEOSIDE_DIPHOSPHATE_METABOLIC_PROCESS	GOBP_NUCLEOSIDE_DIPHOSPHATE_METABOLIC_PROCESS		125	-0.24793449	-0.9112267	0.6878453	0.88091207	1.0	3484	tags=21%, list=18%, signal=25%	
GOBP_BLASTOCYST_FORMATION	GOBP_BLASTOCYST_FORMATION		45	-0.2963169	-0.9112207	0.6219239	0.8804106	1.0	3506	tags=22%, list=18%, signal=27%	
GOMF_GUANYL_NUCLEOTIDE_EXCHANGE_FACTOR_ACTIVITY	GOMF_GUANYL_NUCLEOTIDE_EXCHANGE_FACTOR_ACTIVITY		214	-0.2293491	-0.91043675	0.74164134	0.8821528	1.0	2775	tags=18%, list=14%, signal=20%	
GOBP_DETECTION_OF_STIMULUS_INVOLVED_IN_SENSORY_PERCEPTION_OF_PAIN	GOBP_DETECTION_OF_STIMULUS_INVOLVED_IN_SENSORY_PERCEPTION_OF_PAIN		27	-0.3264313	-0.91004366	0.59908885	0.8827248	1.0	2934	tags=33%, list=15%, signal=39%	
GOMF_K63_LINKED_POLYUBIQUITIN_MODIFICATION_DEPENDENT_PROTEIN_BINDING	GOMF_K63_LINKED_POLYUBIQUITIN_MODIFICATION_DEPENDENT_PROTEIN_BINDING		23	-0.3415598	-0.9095805	0.5853132	0.88355184	1.0	3979	tags=30%, list=20%, signal=38%	
GOMF_NEUROTRANSMITTER_RECEPTOR_ACTIVITY_INVOLVED_IN_REGULATION_OF_POSTSYNAPTIC_MEMBRANE_POTENTIAL	GOMF_NEUROTRANSMITTER_RECEPTOR_ACTIVITY_INVOLVED_IN_REGULATION_OF_POSTSYNAPTIC_MEMBRANE_POTENTIAL		54	-0.27874333	-0.90943295	0.63869464	0.8834787	1.0	2037	tags=7%, list=10%, signal=8%	
GOBP_POSITIVE_REGULATION_OF_MRNA_PROCESSING	GOBP_POSITIVE_REGULATION_OF_MRNA_PROCESSING		38	-0.30910093	-0.9092791	0.6267281	0.88340133	1.0	5094	tags=26%, list=26%, signal=36%	
GOBP_MONOSACCHARIDE_CATABOLIC_PROCESS	GOBP_MONOSACCHARIDE_CATABOLIC_PROCESS		49	-0.29076138	-0.9083027	0.61904764	0.8857005	1.0	3453	tags=24%, list=18%, signal=30%	
GOBP_REGULATION_OF_HORMONE_BIOSYNTHETIC_PROCESS	GOBP_REGULATION_OF_HORMONE_BIOSYNTHETIC_PROCESS		24	-0.33621973	-0.9080665	0.59871244	0.8858701	1.0	1594	tags=21%, list=8%, signal=23%	
GOBP_INTRACELLULAR_STEROL_TRANSPORT	GOBP_INTRACELLULAR_STEROL_TRANSPORT		31	-0.31501102	-0.90794724	0.58313817	0.885706	1.0	4455	tags=42%, list=23%, signal=54%	
GOBP_ORGANOPHOSPHATE_ESTER_TRANSPORT	GOBP_ORGANOPHOSPHATE_ESTER_TRANSPORT		149	-0.24133106	-0.90792036	0.73816156	0.88525873	1.0	2310	tags=16%, list=12%, signal=18%	
GOCC_INCLUSION_BODY	GOCC_INCLUSION_BODY		69	-0.2707353	-0.90790176	0.64524424	0.88479006	1.0	4734	tags=35%, list=24%, signal=46%	
GOBP_T_HELPER_17_CELL_DIFFERENTIATION	GOBP_T_HELPER_17_CELL_DIFFERENTIATION		34	-0.31126052	-0.90770644	0.5995475	0.8848043	1.0	4047	tags=38%, list=21%, signal=48%	
GOBP_REGULATION_OF_PROTEIN_TARGETING_TO_MEMBRANE	GOBP_REGULATION_OF_PROTEIN_TARGETING_TO_MEMBRANE		34	-0.30307066	-0.9075886	0.6083916	0.88459265	1.0	2917	tags=24%, list=15%, signal=28%	
GOBP_FOREBRAIN_NEURON_DEVELOPMENT	GOBP_FOREBRAIN_NEURON_DEVELOPMENT		23	-0.34112084	-0.90719396	0.59423506	0.8851666	1.0	1466	tags=17%, list=8%, signal=19%	
GOBP_REGULATION_OF_DIGESTIVE_SYSTEM_PROCESS	GOBP_REGULATION_OF_DIGESTIVE_SYSTEM_PROCESS		40	-0.30106592	-0.90714544	0.6142857	0.88477993	1.0	3063	tags=30%, list=16%, signal=36%	
GOMF_OUTWARD_RECTIFIER_POTASSIUM_CHANNEL_ACTIVITY	GOMF_OUTWARD_RECTIFIER_POTASSIUM_CHANNEL_ACTIVITY		27	-0.3262157	-0.90695614	0.60897434	0.88480675	1.0	1481	tags=15%, list=8%, signal=16%	
GOCC_SMALL_RIBOSOMAL_SUBUNIT	GOCC_SMALL_RIBOSOMAL_SUBUNIT		74	-0.26755905	-0.90687096	0.6753247	0.8845277	1.0	6008	tags=30%, list=31%, signal=43%	
GOBP_POSITIVE_REGULATION_OF_PROTEIN_LOCALIZATION_TO_MEMBRANE	GOBP_POSITIVE_REGULATION_OF_PROTEIN_LOCALIZATION_TO_MEMBRANE		102	-0.25561818	-0.90682745	0.6790451	0.8841257	1.0	2917	tags=21%, list=15%, signal=24%	
GOBP_REGULATION_OF_TRANSLATIONAL_INITIATION	GOBP_REGULATION_OF_TRANSLATIONAL_INITIATION		82	-0.265937	-0.9067038	0.640625	0.8839594	1.0	5297	tags=33%, list=27%, signal=45%	
GOBP_REGULATION_OF_HORMONE_METABOLIC_PROCESS	GOBP_REGULATION_OF_HORMONE_METABOLIC_PROCESS		39	-0.30338532	-0.90647894	0.61187214	0.8840502	1.0	4339	tags=41%, list=22%, signal=53%	
GOBP_ENDODERMAL_CELL_FATE_COMMITMENT	GOBP_ENDODERMAL_CELL_FATE_COMMITMENT		15	-0.37939334	-0.9061796	0.6008316	0.8844109	1.0	3915	tags=33%, list=20%, signal=42%	
GOBP_MESENCHYMAL_CELL_MIGRATION	GOBP_MESENCHYMAL_CELL_MIGRATION		60	-0.27628458	-0.90605044	0.63793105	0.88426924	1.0	2797	tags=27%, list=14%, signal=31%	
GOMF_GLYCOLIPID_BINDING	GOMF_GLYCOLIPID_BINDING		29	-0.32167697	-0.9054238	0.5950226	0.88557225	1.0	1695	tags=17%, list=9%, signal=19%	
GOBP_MONOSACCHARIDE_BIOSYNTHETIC_PROCESS	GOBP_MONOSACCHARIDE_BIOSYNTHETIC_PROCESS		88	-0.25808147	-0.9050146	0.68	0.8861989	1.0	2795	tags=22%, list=14%, signal=25%	
GOBP_PYRIDINE_NUCLEOTIDE_BIOSYNTHETIC_PROCESS	GOBP_PYRIDINE_NUCLEOTIDE_BIOSYNTHETIC_PROCESS		28	-0.32747832	-0.9050121	0.617849	0.8856851	1.0	760	tags=18%, list=4%, signal=19%	
GOBP_NEGATIVE_REGULATION_OF_PEPTIDYL_THREONINE_PHOSPHORYLATION	GOBP_NEGATIVE_REGULATION_OF_PEPTIDYL_THREONINE_PHOSPHORYLATION		16	-0.36516148	-0.9048329	0.60240966	0.885684	1.0	1785	tags=19%, list=9%, signal=21%	
GOBP_VESICLE_TARGETING_TO_FROM_OR_WITHIN_GOLGI	GOBP_VESICLE_TARGETING_TO_FROM_OR_WITHIN_GOLGI		33	-0.31053385	-0.9045672	0.6048565	0.88593787	1.0	5549	tags=39%, list=29%, signal=55%	
GOMF_RNA_POLYMERASE_BINDING	GOMF_RNA_POLYMERASE_BINDING		54	-0.27853024	-0.9040214	0.6099291	0.8869911	1.0	5088	tags=35%, list=26%, signal=48%	
GOCC_NODE_OF_RANVIER	GOCC_NODE_OF_RANVIER		16	-0.36453658	-0.9038863	0.59016395	0.8868355	1.0	4105	tags=25%, list=21%, signal=32%	
GOCC_INHIBITORY_SYNAPSE	GOCC_INHIBITORY_SYNAPSE		15	-0.36202458	-0.9036749	0.5910064	0.88694453	1.0	307	tags=7%, list=2%, signal=7%	
GOBP_GLYCOSYL_COMPOUND_METABOLIC_PROCESS	GOBP_GLYCOSYL_COMPOUND_METABOLIC_PROCESS		78	-0.2633522	-0.90359795	0.6761658	0.88664794	1.0	2969	tags=19%, list=15%, signal=23%	
GOMF_BITTER_TASTE_RECEPTOR_ACTIVITY	GOMF_BITTER_TASTE_RECEPTOR_ACTIVITY		24	-0.33797902	-0.90274525	0.6219239	0.8885908	1.0	320	tags=4%, list=2%, signal=4%	
GOBP_NUCLEAR_EXPORT	GOBP_NUCLEAR_EXPORT		157	-0.23435943	-0.9024838	0.7709497	0.8888027	1.0	4922	tags=28%, list=25%, signal=37%	
GOBP_POST_TRANSCRIPTIONAL_REGULATION_OF_GENE_EXPRESSION	GOBP_POST_TRANSCRIPTIONAL_REGULATION_OF_GENE_EXPRESSION		493	-0.21420187	-0.90173763	0.90612245	0.8904642	1.0	3857	tags=21%, list=20%, signal=26%	
GOBP_NEGATIVE_REGULATION_OF_MUSCLE_CELL_APOPTOTIC_PROCESS	GOBP_NEGATIVE_REGULATION_OF_MUSCLE_CELL_APOPTOTIC_PROCESS		42	-0.29256824	-0.9016997	0.65570176	0.89004827	1.0	2669	tags=26%, list=14%, signal=30%	
GOBP_ORGANELLE_INHERITANCE	GOBP_ORGANELLE_INHERITANCE		15	-0.36240646	-0.90142506	0.57715434	0.8903047	1.0	2963	tags=27%, list=15%, signal=31%	
GOBP_PROTEIN_O_LINKED_GLYCOSYLATION	GOBP_PROTEIN_O_LINKED_GLYCOSYLATION		92	-0.25552118	-0.90118325	0.6851852	0.89047724	1.0	3665	tags=26%, list=19%, signal=32%	
GOBP_RESPONSE_TO_INCREASED_OXYGEN_LEVELS	GOBP_RESPONSE_TO_INCREASED_OXYGEN_LEVELS		25	-0.32737654	-0.9006351	0.6160714	0.8915261	1.0	4195	tags=40%, list=22%, signal=51%	
GOBP_REGULATION_OF_PROTEIN_KINASE_C_SIGNALING	GOBP_REGULATION_OF_PROTEIN_KINASE_C_SIGNALING		17	-0.36003986	-0.9005016	0.6160714	0.89137197	1.0	4194	tags=41%, list=22%, signal=52%	
GOMF_SUMO_BINDING	GOMF_SUMO_BINDING		16	-0.37209293	-0.9002375	0.60171306	0.89157706	1.0	4868	tags=44%, list=25%, signal=58%	
GOMF_SYNTAXIN_BINDING	GOMF_SYNTAXIN_BINDING		60	-0.2774788	-0.899156	0.6879607	0.8940962	1.0	4438	tags=25%, list=23%, signal=32%	
GOBP_POSITIVE_REGULATION_OF_NOTCH_SIGNALING_PATHWAY	GOBP_POSITIVE_REGULATION_OF_NOTCH_SIGNALING_PATHWAY		43	-0.3001389	-0.8991285	0.61915886	0.8936547	1.0	4042	tags=30%, list=21%, signal=38%	
GOBP_NEGATIVE_REGULATION_OF_MYELOID_CELL_APOPTOTIC_PROCESS	GOBP_NEGATIVE_REGULATION_OF_MYELOID_CELL_APOPTOTIC_PROCESS		18	-0.355331	-0.8988627	0.6075388	0.8938833	1.0	1151	tags=22%, list=6%, signal=24%	
GOCC_RNA_POLYMERASE_II_TRANSCRIPTION_REGULATOR_COMPLEX	GOCC_RNA_POLYMERASE_II_TRANSCRIPTION_REGULATOR_COMPLEX		238	-0.22578233	-0.89815134	0.810241	0.8953696	1.0	4183	tags=26%, list=22%, signal=33%	
GOMF_RNA_METHYLTRANSFERASE_ACTIVITY	GOMF_RNA_METHYLTRANSFERASE_ACTIVITY		58	-0.27579644	-0.8978697	0.6775	0.89563483	1.0	3900	tags=24%, list=20%, signal=30%	
GOCC_MITOCHONDRIAL_LARGE_RIBOSOMAL_SUBUNIT	GOCC_MITOCHONDRIAL_LARGE_RIBOSOMAL_SUBUNIT		56	-0.27652174	-0.89713347	0.66233766	0.89713264	1.0	5900	tags=34%, list=30%, signal=49%	
GOBP_METANEPHRIC_NEPHRON_MORPHOGENESIS	GOBP_METANEPHRIC_NEPHRON_MORPHOGENESIS		23	-0.3321494	-0.8965606	0.58733624	0.8981983	1.0	673	tags=13%, list=3%, signal=13%	
GOBP_NEGATIVE_REGULATION_OF_MYELOID_CELL_DIFFERENTIATION	GOBP_NEGATIVE_REGULATION_OF_MYELOID_CELL_DIFFERENTIATION		76	-0.2604089	-0.8964892	0.7061728	0.89786077	1.0	2117	tags=21%, list=11%, signal=24%	
GOBP_ARP2_3_COMPLEX_MEDIATED_ACTIN_NUCLEATION	GOBP_ARP2_3_COMPLEX_MEDIATED_ACTIN_NUCLEATION		37	-0.29568678	-0.8957533	0.6363636	0.89934134	1.0	2322	tags=19%, list=12%, signal=21%	
GOBP_REGULATION_OF_T_HELPER_17_CELL_DIFFERENTIATION	GOBP_REGULATION_OF_T_HELPER_17_CELL_DIFFERENTIATION		23	-0.33554414	-0.89546216	0.63559324	0.8996526	1.0	3858	tags=43%, list=20%, signal=54%	
GOBP_TOR_SIGNALING	GOBP_TOR_SIGNALING		153	-0.23684663	-0.89544356	0.8033241	0.8991832	1.0	5393	tags=34%, list=28%, signal=47%	
GOBP_HOMEOSTASIS_OF_NUMBER_OF_CELLS_WITHIN_A_TISSUE	GOBP_HOMEOSTASIS_OF_NUMBER_OF_CELLS_WITHIN_A_TISSUE		36	-0.30249864	-0.8954374	0.6102088	0.89867276	1.0	2582	tags=22%, list=13%, signal=26%	
GOMF_2_OXOGLUTARATE_DEPENDENT_DIOXYGENASE_ACTIVITY	GOMF_2_OXOGLUTARATE_DEPENDENT_DIOXYGENASE_ACTIVITY		51	-0.28426313	-0.895286	0.64476883	0.8985858	1.0	2758	tags=24%, list=14%, signal=27%	
GOBP_CHOLESTEROL_EFFLUX	GOBP_CHOLESTEROL_EFFLUX		57	-0.27411586	-0.89499986	0.6924779	0.898852	1.0	4882	tags=44%, list=25%, signal=58%	
GOBP_REGULATION_OF_ERBB_SIGNALING_PATHWAY	GOBP_REGULATION_OF_ERBB_SIGNALING_PATHWAY		68	-0.26695248	-0.89498264	0.67407405	0.89837533	1.0	2872	tags=22%, list=15%, signal=26%	
GOBP_SENSORY_PERCEPTION_OF_BITTER_TASTE	GOBP_SENSORY_PERCEPTION_OF_BITTER_TASTE		43	-0.29396448	-0.8949749	0.6217494	0.8978696	1.0	320	tags=7%, list=2%, signal=7%	
GOBP_NEGATIVE_REGULATION_OF_PROTEIN_SECRETION	GOBP_NEGATIVE_REGULATION_OF_PROTEIN_SECRETION		64	-0.2722878	-0.8944083	0.6691919	0.89889044	1.0	1433	tags=13%, list=7%, signal=13%	
GOBP_TOLL_LIKE_RECEPTOR_4_SIGNALING_PATHWAY	GOBP_TOLL_LIKE_RECEPTOR_4_SIGNALING_PATHWAY		58	-0.27080294	-0.89434534	0.6674757	0.8985626	1.0	1983	tags=21%, list=10%, signal=23%	
GOBP_RNA_SURVEILLANCE	GOBP_RNA_SURVEILLANCE		18	-0.35426557	-0.89421666	0.63123643	0.89839906	1.0	5337	tags=44%, list=27%, signal=61%	
GOMF_TAU_PROTEIN_KINASE_ACTIVITY	GOMF_TAU_PROTEIN_KINASE_ACTIVITY		22	-0.33553082	-0.89348465	0.66292137	0.8998846	1.0	4456	tags=45%, list=23%, signal=59%	
GOBP_REGULATION_OF_PHOSPHOLIPASE_ACTIVITY	GOBP_REGULATION_OF_PHOSPHOLIPASE_ACTIVITY		48	-0.2834867	-0.89346576	0.67906976	0.8994218	1.0	3869	tags=23%, list=20%, signal=29%	
GOBP_INFLAMMATORY_RESPONSE_TO_WOUNDING	GOBP_INFLAMMATORY_RESPONSE_TO_WOUNDING		26	-0.3305876	-0.8933367	0.6296296	0.8992672	1.0	3767	tags=38%, list=19%, signal=48%	
GOBP_POSITIVE_REGULATION_OF_BONE_RESORPTION	GOBP_POSITIVE_REGULATION_OF_BONE_RESORPTION		19	-0.35148704	-0.8923436	0.6107383	0.90141165	1.0	3147	tags=32%, list=16%, signal=38%	
GOBP_MACROPHAGE_ACTIVATION_INVOLVED_IN_IMMUNE_RESPONSE	GOBP_MACROPHAGE_ACTIVATION_INVOLVED_IN_IMMUNE_RESPONSE		19	-0.34972462	-0.89205444	0.63135594	0.90170926	1.0	4229	tags=42%, list=22%, signal=54%	
GOBP_NEGATIVE_REGULATION_OF_TUMOR_NECROSIS_FACTOR_MEDIATED_SIGNALING_PATHWAY	GOBP_NEGATIVE_REGULATION_OF_TUMOR_NECROSIS_FACTOR_MEDIATED_SIGNALING_PATHWAY		26	-0.3230025	-0.8915844	0.62473345	0.9024611	1.0	4069	tags=38%, list=21%, signal=49%	
GOBP_TELOMERE_CAPPING	GOBP_TELOMERE_CAPPING		36	-0.3045364	-0.8915309	0.63529414	0.9020898	1.0	3239	tags=25%, list=17%, signal=30%	
GOBP_REGULATION_OF_DOUBLE_STRAND_BREAK_REPAIR_VIA_NONHOMOLOGOUS_END_JOINING	GOBP_REGULATION_OF_DOUBLE_STRAND_BREAK_REPAIR_VIA_NONHOMOLOGOUS_END_JOINING		23	-0.33380416	-0.8909593	0.63811564	0.9030922	1.0	3473	tags=30%, list=18%, signal=37%	
GOMF_LIGAND_GATED_MONOATOMIC_ANION_CHANNEL_ACTIVITY	GOMF_LIGAND_GATED_MONOATOMIC_ANION_CHANNEL_ACTIVITY		44	-0.2883067	-0.8907018	0.67808217	0.9032722	1.0	7193	tags=50%, list=37%, signal=79%	
GOBP_MITOCHONDRIAL_DNA_METABOLIC_PROCESS	GOBP_MITOCHONDRIAL_DNA_METABOLIC_PROCESS		21	-0.34138668	-0.8903376	0.6197479	0.9037129	1.0	3075	tags=33%, list=16%, signal=40%	
GOMF_NUCLEOBASE_CONTAINING_COMPOUND_KINASE_ACTIVITY	GOMF_NUCLEOBASE_CONTAINING_COMPOUND_KINASE_ACTIVITY		41	-0.2954084	-0.88997513	0.64801866	0.90416604	1.0	4482	tags=32%, list=23%, signal=41%	
GOBP_POSITIVE_REGULATION_OF_EXOCYTOSIS	GOBP_POSITIVE_REGULATION_OF_EXOCYTOSIS		77	-0.25970906	-0.8896285	0.69974554	0.9045935	1.0	4438	tags=30%, list=23%, signal=39%	
GOBP_ZYMOGEN_ACTIVATION	GOBP_ZYMOGEN_ACTIVATION		56	-0.27786434	-0.88904303	0.71428573	0.9056328	1.0	2710	tags=23%, list=14%, signal=27%	
GOBP_NEGATIVE_REGULATION_OF_CHEMOKINE_PRODUCTION	GOBP_NEGATIVE_REGULATION_OF_CHEMOKINE_PRODUCTION		21	-0.33539057	-0.8877417	0.6452282	0.9086139	1.0	2238	tags=19%, list=12%, signal=22%	
GOBP_C_TERMINAL_PROTEIN_AMINO_ACID_MODIFICATION	GOBP_C_TERMINAL_PROTEIN_AMINO_ACID_MODIFICATION		16	-0.36362556	-0.8876342	0.6326964	0.90837085	1.0	3855	tags=31%, list=20%, signal=39%	
GOBP_POSITIVE_REGULATION_OF_INTERFERON_ALPHA_PRODUCTION	GOBP_POSITIVE_REGULATION_OF_INTERFERON_ALPHA_PRODUCTION		22	-0.34141627	-0.8868861	0.63076925	0.9098442	1.0	1985	tags=27%, list=10%, signal=30%	
GOBP_REGULATION_OF_MITOCHONDRIAL_MEMBRANE_POTENTIAL	GOBP_REGULATION_OF_MITOCHONDRIAL_MEMBRANE_POTENTIAL		66	-0.2691032	-0.8868432	0.6751269	0.9094378	1.0	4548	tags=29%, list=23%, signal=37%	
GOMF_CATALYTIC_ACTIVITY_ACTING_ON_A_GLYCOPROTEIN	GOMF_CATALYTIC_ACTIVITY_ACTING_ON_A_GLYCOPROTEIN		21	-0.33939725	-0.8862376	0.6076759	0.9105594	1.0	2725	tags=24%, list=14%, signal=28%	
GOBP_POSITIVE_REGULATION_OF_BINDING	GOBP_POSITIVE_REGULATION_OF_BINDING		102	-0.25066152	-0.88596976	0.76623374	0.91075885	1.0	4113	tags=28%, list=21%, signal=36%	
GOBP_INTERSTRAND_CROSS_LINK_REPAIR	GOBP_INTERSTRAND_CROSS_LINK_REPAIR		38	-0.29821515	-0.8855692	0.6813187	0.911268	1.0	5075	tags=37%, list=26%, signal=50%	
GOBP_NUCLEUS_LOCALIZATION	GOBP_NUCLEUS_LOCALIZATION		31	-0.3037881	-0.88550025	0.6563877	0.9109294	1.0	924	tags=10%, list=5%, signal=10%	
GOBP_POSITIVE_REGULATION_OF_VIRAL_PROCESS	GOBP_POSITIVE_REGULATION_OF_VIRAL_PROCESS		62	-0.2669626	-0.885096	0.7004505	0.9115332	1.0	4766	tags=27%, list=25%, signal=36%	
GOMF_UBIQUITIN_BINDING	GOMF_UBIQUITIN_BINDING		97	-0.2536959	-0.8850875	0.72378516	0.91103876	1.0	4028	tags=26%, list=21%, signal=32%	
GOBP_CD40_SIGNALING_PATHWAY	GOBP_CD40_SIGNALING_PATHWAY		15	-0.36860693	-0.884936	0.6270492	0.9108791	1.0	5507	tags=67%, list=28%, signal=93%	
GOBP_CELL_REDOX_HOMEOSTASIS	GOBP_CELL_REDOX_HOMEOSTASIS		36	-0.2927309	-0.884869	0.6502242	0.9105317	1.0	4163	tags=31%, list=21%, signal=39%	
GOCC_MITOCHONDRIAL_MATRIX	GOCC_MITOCHONDRIAL_MATRIX		473	-0.20866384	-0.8845193	0.954023	0.9109635	1.0	4748	tags=28%, list=24%, signal=36%	
GOBP_FORMATION_OF_EXTRACHROMOSOMAL_CIRCULAR_DNA	GOBP_FORMATION_OF_EXTRACHROMOSOMAL_CIRCULAR_DNA		15	-0.36275834	-0.882888	0.6129754	0.9147533	1.0	4483	tags=40%, list=23%, signal=52%	
GOMF_PENTOSYLTRANSFERASE_ACTIVITY	GOMF_PENTOSYLTRANSFERASE_ACTIVITY		51	-0.27245435	-0.8827095	0.68585134	0.91470987	1.0	2757	tags=18%, list=14%, signal=21%	
GOBP_ESTABLISHMENT_OF_PROTEIN_LOCALIZATION_TO_PLASMA_MEMBRANE	GOBP_ESTABLISHMENT_OF_PROTEIN_LOCALIZATION_TO_PLASMA_MEMBRANE		62	-0.26670858	-0.8823918	0.7099237	0.9150499	1.0	3870	tags=24%, list=20%, signal=30%	
GOMF_ALKALI_METAL_ION_BINDING	GOMF_ALKALI_METAL_ION_BINDING		19	-0.33869135	-0.8818433	0.6479167	0.91592944	1.0	4609	tags=26%, list=24%, signal=34%	
GOBP_NEUROMUSCULAR_PROCESS_CONTROLLING_POSTURE	GOBP_NEUROMUSCULAR_PROCESS_CONTROLLING_POSTURE		18	-0.35294458	-0.8815969	0.6550308	0.9160388	1.0	1984	tags=28%, list=10%, signal=31%	
GOBP_DECIDUALIZATION	GOBP_DECIDUALIZATION		25	-0.32332972	-0.88084537	0.6277533	0.9175109	1.0	4551	tags=40%, list=23%, signal=52%	
GOBP_NEGATIVE_REGULATION_OF_ORGANIC_ACID_TRANSPORT	GOBP_NEGATIVE_REGULATION_OF_ORGANIC_ACID_TRANSPORT		22	-0.32716	-0.880742	0.64615387	0.91726047	1.0	2039	tags=18%, list=10%, signal=20%	
GOBP_REGULATION_OF_ADENYLATE_CYCLASE_ACTIVITY	GOBP_REGULATION_OF_ADENYLATE_CYCLASE_ACTIVITY		43	-0.28685424	-0.88069403	0.6974596	0.9168745	1.0	2582	tags=14%, list=13%, signal=16%	
GOBP_REGULATION_OF_PROTEIN_POLYUBIQUITINATION	GOBP_REGULATION_OF_PROTEIN_POLYUBIQUITINATION		24	-0.32343408	-0.88061017	0.6381579	0.9165732	1.0	962	tags=13%, list=5%, signal=13%	
GOBP_RECEPTOR_RECYCLING	GOBP_RECEPTOR_RECYCLING		45	-0.28660142	-0.8805878	0.6891892	0.9161188	1.0	4268	tags=31%, list=22%, signal=40%	
GOMF_HYDROLASE_ACTIVITY_ACTING_ON_CARBON_NITROGEN_BUT_NOT_PEPTIDE_BONDS_IN_CYCLIC_AMIDINES	GOMF_HYDROLASE_ACTIVITY_ACTING_ON_CARBON_NITROGEN_BUT_NOT_PEPTIDE_BONDS_IN_CYCLIC_AMIDINES		33	-0.30309942	-0.88042074	0.65065503	0.91602093	1.0	2347	tags=18%, list=12%, signal=21%	
GOBP_POST_ANAL_TAIL_MORPHOGENESIS	GOBP_POST_ANAL_TAIL_MORPHOGENESIS		18	-0.3539884	-0.8800024	0.6450939	0.9165837	1.0	1339	tags=22%, list=7%, signal=24%	
GOBP_POSITIVE_REGULATION_OF_MITOTIC_SISTER_CHROMATID_SEPARATION	GOBP_POSITIVE_REGULATION_OF_MITOTIC_SISTER_CHROMATID_SEPARATION		18	-0.34933987	-0.87951	0.64377683	0.9173166	1.0	5278	tags=44%, list=27%, signal=61%	
GOBP_CYTOSOLIC_TRANSPORT	GOBP_CYTOSOLIC_TRANSPORT		127	-0.23608105	-0.87906337	0.8092643	0.9179351	1.0	2543	tags=18%, list=13%, signal=21%	
GOBP_REGULATION_OF_TELOMERE_MAINTENANCE	GOBP_REGULATION_OF_TELOMERE_MAINTENANCE		101	-0.24458978	-0.8790339	0.7545692	0.9174939	1.0	5086	tags=29%, list=26%, signal=39%	
GOMF_FATTY_ACID_DERIVATIVE_BINDING	GOMF_FATTY_ACID_DERIVATIVE_BINDING		18	-0.34703264	-0.87884396	0.62882096	0.9174835	1.0	4805	tags=33%, list=25%, signal=44%	
GOMF_LONG_CHAIN_FATTY_ACID_COA_LIGASE_ACTIVITY	GOMF_LONG_CHAIN_FATTY_ACID_COA_LIGASE_ACTIVITY		15	-0.35546982	-0.8777086	0.6247191	0.9199521	1.0	4611	tags=33%, list=24%, signal=44%	
GOBP_NEGATIVE_REGULATION_OF_INTRACELLULAR_STEROID_HORMONE_RECEPTOR_SIGNALING_PATHWAY	GOBP_NEGATIVE_REGULATION_OF_INTRACELLULAR_STEROID_HORMONE_RECEPTOR_SIGNALING_PATHWAY		35	-0.29688618	-0.8776923	0.67741936	0.91947085	1.0	3112	tags=31%, list=16%, signal=37%	
GOBP_EPITHELIAL_STRUCTURE_MAINTENANCE	GOBP_EPITHELIAL_STRUCTURE_MAINTENANCE		33	-0.3011268	-0.8776438	0.6579521	0.9190763	1.0	2117	tags=18%, list=11%, signal=20%	
GOBP_POSITIVE_REGULATION_OF_T_CELL_MEDIATED_CYTOTOXICITY	GOBP_POSITIVE_REGULATION_OF_T_CELL_MEDIATED_CYTOTOXICITY		39	-0.2929247	-0.8775392	0.69515014	0.9188243	1.0	4660	tags=38%, list=24%, signal=51%	
GOMF_UBIQUITIN_LIKE_PROTEIN_LIGASE_BINDING	GOMF_UBIQUITIN_LIKE_PROTEIN_LIGASE_BINDING		311	-0.21405771	-0.8771962	0.894081	0.9191957	1.0	5378	tags=34%, list=28%, signal=47%	
GOBP_TERPENOID_BIOSYNTHETIC_PROCESS	GOBP_TERPENOID_BIOSYNTHETIC_PROCESS		15	-0.35741243	-0.8771892	0.6380753	0.9186952	1.0	3271	tags=33%, list=17%, signal=40%	
GOBP_MITOTIC_METAPHASE_CHROMOSOME_ALIGNMENT	GOBP_MITOTIC_METAPHASE_CHROMOSOME_ALIGNMENT		62	-0.26623267	-0.8771869	0.7334852	0.91818297	1.0	5805	tags=42%, list=30%, signal=60%	
GOMF_SULFURIC_ESTER_HYDROLASE_ACTIVITY	GOMF_SULFURIC_ESTER_HYDROLASE_ACTIVITY		16	-0.35210314	-0.8771024	0.6106195	0.91789204	1.0	3756	tags=38%, list=19%, signal=46%	
GOBP_RESPONSE_TO_IRON_ION	GOBP_RESPONSE_TO_IRON_ION		29	-0.3112544	-0.87613493	0.6929638	0.9198952	1.0	2439	tags=21%, list=13%, signal=24%	
GOCC_RIBOSOME	GOCC_RIBOSOME		226	-0.22076282	-0.87568927	0.8773006	0.9205636	1.0	5944	tags=30%, list=31%, signal=43%	
GOBP_IMMUNOLOGICAL_SYNAPSE_FORMATION	GOBP_IMMUNOLOGICAL_SYNAPSE_FORMATION		17	-0.34840038	-0.8753862	0.63991326	0.9207777	1.0	1752	tags=18%, list=9%, signal=19%	
GOBP_POSITIVE_REGULATION_OF_MITOCHONDRIAL_MEMBRANE_PERMEABILITY	GOBP_POSITIVE_REGULATION_OF_MITOCHONDRIAL_MEMBRANE_PERMEABILITY		35	-0.29309085	-0.8748944	0.66741574	0.9215286	1.0	3653	tags=26%, list=19%, signal=32%	
GOBP_POSITIVE_REGULATION_OF_PROTEIN_CONTAINING_COMPLEX_ASSEMBLY	GOBP_POSITIVE_REGULATION_OF_PROTEIN_CONTAINING_COMPLEX_ASSEMBLY		187	-0.22647001	-0.87481165	0.83489096	0.92123485	1.0	3542	tags=22%, list=18%, signal=27%	
GOBP_SYMPATHETIC_NERVOUS_SYSTEM_DEVELOPMENT	GOBP_SYMPATHETIC_NERVOUS_SYSTEM_DEVELOPMENT		22	-0.3213978	-0.8744967	0.6624738	0.92149705	1.0	519	tags=14%, list=3%, signal=14%	
GOBP_NEGATIVE_REGULATION_OF_BLOOD_PRESSURE	GOBP_NEGATIVE_REGULATION_OF_BLOOD_PRESSURE		45	-0.28115514	-0.8743988	0.6849642	0.9212276	1.0	4389	tags=31%, list=23%, signal=40%	
GOBP_GLYCOLIPID_CATABOLIC_PROCESS	GOBP_GLYCOLIPID_CATABOLIC_PROCESS		22	-0.33183333	-0.87437564	0.6492693	0.9207707	1.0	6009	tags=45%, list=31%, signal=66%	
GOBP_NUCLEOTIDE_SUGAR_METABOLIC_PROCESS	GOBP_NUCLEOTIDE_SUGAR_METABOLIC_PROCESS		36	-0.29397258	-0.8732509	0.68421054	0.92306226	1.0	3390	tags=25%, list=17%, signal=30%	
GOMF_ENDONUCLEASE_ACTIVITY_ACTIVE_WITH_EITHER_RIBO_OR_DEOXYRIBONUCLEIC_ACIDS_AND_PRODUCING_5_PHOSPHOMONOESTERS	GOMF_ENDONUCLEASE_ACTIVITY_ACTIVE_WITH_EITHER_RIBO_OR_DEOXYRIBONUCLEIC_ACIDS_AND_PRODUCING_5_PHOSPHOMONOESTERS		38	-0.28908482	-0.8729812	0.67201835	0.9232197	1.0	2446	tags=21%, list=13%, signal=24%	
GOMF_RIBOSOME_BINDING	GOMF_RIBOSOME_BINDING		96	-0.24249433	-0.8728795	0.7603912	0.9229487	1.0	4053	tags=23%, list=21%, signal=29%	
GOMF_PHOSPHOLIPID_SCRAMBLASE_ACTIVITY	GOMF_PHOSPHOLIPID_SCRAMBLASE_ACTIVITY		15	-0.36555836	-0.87259984	0.64300203	0.9231323	1.0	3140	tags=20%, list=16%, signal=24%	
GOBP_POSITIVE_REGULATION_OF_MRNA_METABOLIC_PROCESS	GOBP_POSITIVE_REGULATION_OF_MRNA_METABOLIC_PROCESS		133	-0.23413748	-0.87259626	0.79538906	0.92262775	1.0	5164	tags=29%, list=27%, signal=39%	
GOBP_OOCYTE_MATURATION	GOBP_OOCYTE_MATURATION		28	-0.30976835	-0.8724936	0.6689189	0.92236847	1.0	4919	tags=32%, list=25%, signal=43%	
GOMF_HELICASE_ACTIVITY	GOMF_HELICASE_ACTIVITY		142	-0.23172253	-0.8724329	0.8083067	0.9220111	1.0	5399	tags=30%, list=28%, signal=42%	
GOBP_PINOCYTOSIS	GOBP_PINOCYTOSIS		22	-0.32488745	-0.8722974	0.6271552	0.9218096	1.0	5161	tags=55%, list=27%, signal=74%	
GOCC_MITOTIC_SPINDLE	GOCC_MITOTIC_SPINDLE		173	-0.22604644	-0.8717482	0.833795	0.9226816	1.0	4481	tags=27%, list=23%, signal=35%	
GOBP_GLYCOPROTEIN_CATABOLIC_PROCESS	GOBP_GLYCOPROTEIN_CATABOLIC_PROCESS		33	-0.2987403	-0.8716374	0.6594203	0.9224295	1.0	2710	tags=27%, list=14%, signal=32%	
GOBP_REGULATION_OF_PROTEIN_LOCALIZATION_TO_CELL_SURFACE	GOBP_REGULATION_OF_PROTEIN_LOCALIZATION_TO_CELL_SURFACE		40	-0.28556272	-0.870807	0.690367	0.92397887	1.0	2182	tags=15%, list=11%, signal=17%	
GOMF_ACTIVE_MONOATOMIC_ION_TRANSMEMBRANE_TRANSPORTER_ACTIVITY	GOMF_ACTIVE_MONOATOMIC_ION_TRANSMEMBRANE_TRANSPORTER_ACTIVITY		268	-0.21518481	-0.8705335	0.9102564	0.9241294	1.0	2974	tags=16%, list=15%, signal=19%	
GOBP_REGULATION_OF_LYASE_ACTIVITY	GOBP_REGULATION_OF_LYASE_ACTIVITY		55	-0.27041188	-0.8703828	0.7331787	0.92401856	1.0	4716	tags=22%, list=24%, signal=29%	
GOCC_SITE_OF_DNA_DAMAGE	GOCC_SITE_OF_DNA_DAMAGE		115	-0.23963165	-0.87037927	0.8041237	0.9235162	1.0	4941	tags=31%, list=25%, signal=42%	
GOBP_INSULIN_SECRETION_INVOLVED_IN_CELLULAR_RESPONSE_TO_GLUCOSE_STIMULUS	GOBP_INSULIN_SECRETION_INVOLVED_IN_CELLULAR_RESPONSE_TO_GLUCOSE_STIMULUS		59	-0.26928464	-0.87019914	0.70049506	0.9234662	1.0	3893	tags=27%, list=20%, signal=34%	
GOBP_DETECTION_OF_LIGHT_STIMULUS_INVOLVED_IN_SENSORY_PERCEPTION	GOBP_DETECTION_OF_LIGHT_STIMULUS_INVOLVED_IN_SENSORY_PERCEPTION		21	-0.3287281	-0.8701402	0.6531915	0.92310077	1.0	2130	tags=14%, list=11%, signal=16%	
GOBP_REGULATION_OF_T_HELPER_17_TYPE_IMMUNE_RESPONSE	GOBP_REGULATION_OF_T_HELPER_17_TYPE_IMMUNE_RESPONSE		33	-0.29837117	-0.86983335	0.6576577	0.92336017	1.0	3858	tags=39%, list=20%, signal=49%	
GOBP_REGULATION_OF_DOPAMINE_SECRETION	GOBP_REGULATION_OF_DOPAMINE_SECRETION		24	-0.32929197	-0.86976004	0.6568182	0.9230399	1.0	2817	tags=21%, list=15%, signal=24%	
GOMF_INORGANIC_ANION_TRANSMEMBRANE_TRANSPORTER_ACTIVITY	GOMF_INORGANIC_ANION_TRANSMEMBRANE_TRANSPORTER_ACTIVITY		151	-0.23013408	-0.8697472	0.8306011	0.9225552	1.0	4621	tags=28%, list=24%, signal=36%	
GOBP_MEMBRANE_LIPID_CATABOLIC_PROCESS	GOBP_MEMBRANE_LIPID_CATABOLIC_PROCESS		49	-0.28176126	-0.86934453	0.67560977	0.92306274	1.0	3299	tags=24%, list=17%, signal=29%	
GOCC_STEREOCILIUM_TIP	GOCC_STEREOCILIUM_TIP		19	-0.3427099	-0.8690913	0.6460905	0.9231713	1.0	1231	tags=16%, list=6%, signal=17%	
GOBP_REGULATION_OF_INTRACELLULAR_ESTROGEN_RECEPTOR_SIGNALING_PATHWAY	GOBP_REGULATION_OF_INTRACELLULAR_ESTROGEN_RECEPTOR_SIGNALING_PATHWAY		32	-0.29643962	-0.8689482	0.6884058	0.92301977	1.0	3766	tags=28%, list=19%, signal=35%	
GOMF_EXCITATORY_EXTRACELLULAR_LIGAND_GATED_MONOATOMIC_ION_CHANNEL_ACTIVITY	GOMF_EXCITATORY_EXTRACELLULAR_LIGAND_GATED_MONOATOMIC_ION_CHANNEL_ACTIVITY		33	-0.29050863	-0.8683941	0.67932487	0.92391676	1.0	4267	tags=18%, list=22%, signal=23%	
GOBP_SYNAPTIC_TRANSMISSION_GABAERGIC	GOBP_SYNAPTIC_TRANSMISSION_GABAERGIC		58	-0.26831245	-0.86824644	0.71532845	0.9237662	1.0	2178	tags=16%, list=11%, signal=17%	
GOBP_PROTEIN_AUTOPHOSPHORYLATION	GOBP_PROTEIN_AUTOPHOSPHORYLATION		183	-0.22707883	-0.86806685	0.8821656	0.92367333	1.0	3912	tags=26%, list=20%, signal=33%	
GOMF_PHOSPHATIDYLCHOLINE_BINDING	GOMF_PHOSPHATIDYLCHOLINE_BINDING		30	-0.3021878	-0.8676734	0.6805252	0.92413735	1.0	3804	tags=33%, list=20%, signal=41%	
GOMF_LIPOPROTEIN_PARTICLE_RECEPTOR_ACTIVITY	GOMF_LIPOPROTEIN_PARTICLE_RECEPTOR_ACTIVITY		18	-0.33738333	-0.8674313	0.6389452	0.9242233	1.0	1492	tags=28%, list=8%, signal=30%	
GOMF_DNA_POLYMERASE_BINDING	GOMF_DNA_POLYMERASE_BINDING		19	-0.33724865	-0.8670491	0.6519916	0.92463225	1.0	4383	tags=32%, list=23%, signal=41%	
GOBP_REGULATION_OF_PROTEIN_UBIQUITINATION	GOBP_REGULATION_OF_PROTEIN_UBIQUITINATION		182	-0.22396687	-0.86679333	0.851312	0.9247472	1.0	4136	tags=26%, list=21%, signal=33%	
GOMF_DEAMINASE_ACTIVITY	GOMF_DEAMINASE_ACTIVITY		32	-0.30020842	-0.86676294	0.6857143	0.92430943	1.0	2347	tags=19%, list=12%, signal=21%	
GOMF_TRANSLATION_INITIATION_FACTOR_BINDING	GOMF_TRANSLATION_INITIATION_FACTOR_BINDING		29	-0.30809286	-0.8667476	0.6650367	0.9238474	1.0	6304	tags=45%, list=32%, signal=66%	
GOBP_VESICLE_MEDIATED_TRANSPORT_TO_THE_PLASMA_MEMBRANE	GOBP_VESICLE_MEDIATED_TRANSPORT_TO_THE_PLASMA_MEMBRANE		141	-0.23339362	-0.8666322	0.8305085	0.9236189	1.0	2351	tags=15%, list=12%, signal=17%	
GOBP_POSITIVE_REGULATION_OF_MYELOID_CELL_DIFFERENTIATION	GOBP_POSITIVE_REGULATION_OF_MYELOID_CELL_DIFFERENTIATION		97	-0.2437789	-0.8665384	0.7855153	0.9233219	1.0	3230	tags=19%, list=17%, signal=22%	
GOBP_RESPONSE_TO_MANGANESE_ION	GOBP_RESPONSE_TO_MANGANESE_ION		17	-0.3446799	-0.8663386	0.6695652	0.9233021	1.0	3786	tags=41%, list=19%, signal=51%	
GOBP_POST_GOLGI_VESICLE_MEDIATED_TRANSPORT	GOBP_POST_GOLGI_VESICLE_MEDIATED_TRANSPORT		106	-0.24099982	-0.8662553	0.79831934	0.9230277	1.0	2616	tags=15%, list=13%, signal=17%	
GOBP_LIPID_MODIFICATION	GOBP_LIPID_MODIFICATION		186	-0.22320315	-0.8661748	0.89204544	0.92271924	1.0	3767	tags=24%, list=19%, signal=29%	
GOBP_CHONDROITIN_SULFATE_BIOSYNTHETIC_PROCESS	GOBP_CHONDROITIN_SULFATE_BIOSYNTHETIC_PROCESS		19	-0.34858656	-0.8660691	0.6516129	0.9224646	1.0	4799	tags=42%, list=25%, signal=56%	
GOBP_ESTABLISHMENT_OF_PROTEIN_LOCALIZATION_TO_ORGANELLE	GOBP_ESTABLISHMENT_OF_PROTEIN_LOCALIZATION_TO_ORGANELLE		423	-0.20569617	-0.8660183	0.95686275	0.9220601	1.0	3481	tags=19%, list=18%, signal=23%	
GOMF_SNORNA_BINDING	GOMF_SNORNA_BINDING		30	-0.30674487	-0.8659579	0.69074494	0.92172015	1.0	3871	tags=30%, list=20%, signal=37%	
GOCC_ENDOPEPTIDASE_COMPLEX	GOCC_ENDOPEPTIDASE_COMPLEX		84	-0.25056922	-0.8657797	0.774026	0.9216605	1.0	5499	tags=33%, list=28%, signal=46%	
GOMF_TELOMERIC_DNA_BINDING	GOMF_TELOMERIC_DNA_BINDING		37	-0.28859478	-0.86567044	0.70913464	0.9214094	1.0	3799	tags=24%, list=20%, signal=30%	
GOBP_REGULATION_OF_CIRCADIAN_RHYTHM	GOBP_REGULATION_OF_CIRCADIAN_RHYTHM		108	-0.23783438	-0.86563164	0.82800984	0.9209947	1.0	3635	tags=25%, list=19%, signal=31%	
GOBP_POSITIVE_REGULATION_OF_ESTABLISHMENT_OF_PROTEIN_LOCALIZATION_TO_MITOCHONDRION	GOBP_POSITIVE_REGULATION_OF_ESTABLISHMENT_OF_PROTEIN_LOCALIZATION_TO_MITOCHONDRION		32	-0.2990598	-0.86477107	0.7048055	0.92251474	1.0	4828	tags=38%, list=25%, signal=50%	
GOBP_RESPONSE_TO_IMMOBILIZATION_STRESS	GOBP_RESPONSE_TO_IMMOBILIZATION_STRESS		26	-0.3158401	-0.86473244	0.6695843	0.92209774	1.0	3224	tags=23%, list=17%, signal=28%	
GOBP_INORGANIC_ANION_TRANSPORT	GOBP_INORGANIC_ANION_TRANSPORT		166	-0.22633542	-0.86405563	0.8197674	0.9232269	1.0	4621	tags=27%, list=24%, signal=35%	
GOMF_CATALYTIC_ACTIVITY_ACTING_ON_A_RRNA	GOMF_CATALYTIC_ACTIVITY_ACTING_ON_A_RRNA		19	-0.33780563	-0.86353105	0.65806454	0.9239823	1.0	3450	tags=32%, list=18%, signal=38%	
GOCC_GOLGI_CISTERNA_MEMBRANE	GOCC_GOLGI_CISTERNA_MEMBRANE		78	-0.25047305	-0.86337113	0.7621483	0.923858	1.0	4208	tags=29%, list=22%, signal=37%	
GOBP_REGULATION_OF_PLATELET_DERIVED_GROWTH_FACTOR_RECEPTOR_SIGNALING_PATHWAY	GOBP_REGULATION_OF_PLATELET_DERIVED_GROWTH_FACTOR_RECEPTOR_SIGNALING_PATHWAY		22	-0.32997334	-0.8632861	0.6837782	0.9235555	1.0	799	tags=14%, list=4%, signal=14%	
GOBP_CELLULAR_RESPONSE_TO_CAMP	GOBP_CELLULAR_RESPONSE_TO_CAMP		48	-0.27698842	-0.86326164	0.7079439	0.9231063	1.0	4551	tags=38%, list=23%, signal=49%	
GOMF_DNA_REPLICATION_ORIGIN_BINDING	GOMF_DNA_REPLICATION_ORIGIN_BINDING		16	-0.3568247	-0.863209	0.6639676	0.9227479	1.0	5190	tags=44%, list=27%, signal=60%	
GOBP_FUCOSYLATION	GOBP_FUCOSYLATION		17	-0.3485022	-0.8618605	0.68421054	0.92545754	1.0	3665	tags=29%, list=19%, signal=36%	
GOBP_ANTIGEN_PROCESSING_AND_PRESENTATION_OF_ENDOGENOUS_ANTIGEN	GOBP_ANTIGEN_PROCESSING_AND_PRESENTATION_OF_ENDOGENOUS_ANTIGEN		31	-0.30435455	-0.86132747	0.6759259	0.92621046	1.0	2058	tags=16%, list=11%, signal=18%	
GOBP_INTERFERON_MEDIATED_SIGNALING_PATHWAY	GOBP_INTERFERON_MEDIATED_SIGNALING_PATHWAY		103	-0.24252959	-0.86058223	0.81136954	0.92746043	1.0	5065	tags=34%, list=26%, signal=46%	
GOBP_CELLULAR_RESPONSE_TO_INTERFERON_BETA	GOBP_CELLULAR_RESPONSE_TO_INTERFERON_BETA		23	-0.32371646	-0.8603684	0.6621622	0.92747337	1.0	3118	tags=26%, list=16%, signal=31%	
GOBP_RESPONSE_TO_LIGHT_STIMULUS	GOBP_RESPONSE_TO_LIGHT_STIMULUS		306	-0.21051309	-0.8601429	0.9440559	0.9274972	1.0	2706	tags=15%, list=14%, signal=18%	
GOBP_PROTEIN_K6_LINKED_UBIQUITINATION	GOBP_PROTEIN_K6_LINKED_UBIQUITINATION		15	-0.35268185	-0.8600937	0.6721992	0.92710906	1.0	4828	tags=33%, list=25%, signal=44%	
GOCC_ZYMOGEN_GRANULE	GOCC_ZYMOGEN_GRANULE		18	-0.34077844	-0.8596195	0.6645833	0.9276918	1.0	2065	tags=28%, list=11%, signal=31%	
GOBP_TRNA_PROCESSING	GOBP_TRNA_PROCESSING		124	-0.23336433	-0.8593878	0.85106385	0.9277197	1.0	4278	tags=27%, list=22%, signal=34%	
GOMF_OXIDOREDUCTASE_ACTIVITY_ACTING_ON_SINGLE_DONORS_WITH_INCORPORATION_OF_MOLECULAR_OXYGEN	GOMF_OXIDOREDUCTASE_ACTIVITY_ACTING_ON_SINGLE_DONORS_WITH_INCORPORATION_OF_MOLECULAR_OXYGEN		25	-0.3105766	-0.8589475	0.6695843	0.9282317	1.0	2034	tags=20%, list=10%, signal=22%	
GOBP_REGULATION_OF_PIGMENTATION	GOBP_REGULATION_OF_PIGMENTATION		16	-0.3517978	-0.85888803	0.6593407	0.92787194	1.0	3496	tags=25%, list=18%, signal=30%	
GOBP_REGULATION_OF_INTRACELLULAR_PROTEIN_TRANSPORT	GOBP_REGULATION_OF_INTRACELLULAR_PROTEIN_TRANSPORT		143	-0.22845532	-0.858438	0.819407	0.9284115	1.0	3965	tags=25%, list=20%, signal=31%	
GOBP_REGULATION_OF_MEMBRANE_INVAGINATION	GOBP_REGULATION_OF_MEMBRANE_INVAGINATION		15	-0.35281387	-0.85788095	0.6625259	0.92918605	1.0	1555	tags=20%, list=8%, signal=22%	
GOBP_T_HELPER_2_CELL_DIFFERENTIATION	GOBP_T_HELPER_2_CELL_DIFFERENTIATION		18	-0.3396972	-0.8578096	0.68043476	0.9288437	1.0	3108	tags=33%, list=16%, signal=40%	
GOBP_NEGATIVE_REGULATION_OF_REACTIVE_OXYGEN_SPECIES_METABOLIC_PROCESS	GOBP_NEGATIVE_REGULATION_OF_REACTIVE_OXYGEN_SPECIES_METABOLIC_PROCESS		41	-0.2777653	-0.8574778	0.74840087	0.9291147	1.0	2737	tags=22%, list=14%, signal=25%	
GOMF_DIOXYGENASE_ACTIVITY	GOMF_DIOXYGENASE_ACTIVITY		83	-0.24676165	-0.85744536	0.7775	0.9286981	1.0	3512	tags=25%, list=18%, signal=31%	
GOMF_DNA_HELICASE_ACTIVITY	GOMF_DNA_HELICASE_ACTIVITY		55	-0.26477027	-0.8564466	0.737819	0.9305119	1.0	5102	tags=36%, list=26%, signal=49%	
GOBP_RESPONSE_TO_LECTIN	GOBP_RESPONSE_TO_LECTIN		22	-0.32104972	-0.85517603	0.7078189	0.93289196	1.0	3440	tags=36%, list=18%, signal=44%	
GOBP_PHAGOSOME_MATURATION	GOBP_PHAGOSOME_MATURATION		30	-0.30163696	-0.85486805	0.6820084	0.9330573	1.0	4438	tags=33%, list=23%, signal=43%	
GOBP_REGULATION_OF_MRNA_METABOLIC_PROCESS	GOBP_REGULATION_OF_MRNA_METABOLIC_PROCESS		284	-0.21260993	-0.8542666	0.9423077	0.93390524	1.0	5164	tags=31%, list=27%, signal=42%	
GOMF_EXONUCLEASE_ACTIVITY	GOMF_EXONUCLEASE_ACTIVITY		83	-0.24455974	-0.8539266	0.7828283	0.9341777	1.0	5700	tags=40%, list=29%, signal=56%	
GOBP_SHORT_CHAIN_FATTY_ACID_METABOLIC_PROCESS	GOBP_SHORT_CHAIN_FATTY_ACID_METABOLIC_PROCESS		15	-0.35063437	-0.8539248	0.6598778	0.9336797	1.0	1172	tags=13%, list=6%, signal=14%	
GOBP_NEGATIVE_REGULATION_OF_CYCLASE_ACTIVITY	GOBP_NEGATIVE_REGULATION_OF_CYCLASE_ACTIVITY		15	-0.35431415	-0.8536843	0.67114097	0.9336909	1.0	4194	tags=20%, list=22%, signal=25%	
GOBP_TELOMERE_MAINTENANCE_VIA_TELOMERE_LENGTHENING	GOBP_TELOMERE_MAINTENANCE_VIA_TELOMERE_LENGTHENING		78	-0.24625683	-0.85366505	0.80841124	0.9332254	1.0	4679	tags=26%, list=24%, signal=34%	
GOBP_DNA_MODIFICATION	GOBP_DNA_MODIFICATION		41	-0.28320858	-0.85365003	0.7453271	0.93275774	1.0	4229	tags=29%, list=22%, signal=37%	
GOBP_POSITIVE_REGULATION_OF_MRNA_CATABOLIC_PROCESS	GOBP_POSITIVE_REGULATION_OF_MRNA_CATABOLIC_PROCESS		97	-0.23870534	-0.8531387	0.8374384	0.933384	1.0	5164	tags=31%, list=27%, signal=42%	
GOMF_CHLORIDE_CHANNEL_ACTIVITY	GOMF_CHLORIDE_CHANNEL_ACTIVITY		78	-0.2464015	-0.8530107	0.7933673	0.93318635	1.0	4576	tags=28%, list=24%, signal=37%	
GOBP_REGULATION_OF_INSULIN_SECRETION_INVOLVED_IN_CELLULAR_RESPONSE_TO_GLUCOSE_STIMULUS	GOBP_REGULATION_OF_INSULIN_SECRETION_INVOLVED_IN_CELLULAR_RESPONSE_TO_GLUCOSE_STIMULUS		51	-0.26912642	-0.85287374	0.7444717	0.9329987	1.0	1130	tags=12%, list=6%, signal=12%	
GOBP_RRNA_MODIFICATION	GOBP_RRNA_MODIFICATION		30	-0.29943737	-0.85115284	0.718894	0.9363304	1.0	3450	tags=23%, list=18%, signal=28%	
GOCC_EARLY_ENDOSOME_MEMBRANE	GOCC_EARLY_ENDOSOME_MEMBRANE		179	-0.22171575	-0.8506212	0.88109756	0.9370347	1.0	4151	tags=27%, list=21%, signal=34%	
GOBP_NEGATIVE_REGULATION_OF_MUSCLE_HYPERTROPHY	GOBP_NEGATIVE_REGULATION_OF_MUSCLE_HYPERTROPHY		28	-0.29665756	-0.85055614	0.7118644	0.93667156	1.0	3205	tags=21%, list=17%, signal=26%	
GOBP_PHOSPHATIDYLINOSITOL_MEDIATED_SIGNALING	GOBP_PHOSPHATIDYLINOSITOL_MEDIATED_SIGNALING		23	-0.3213121	-0.8504168	0.67021275	0.9364553	1.0	571	tags=13%, list=3%, signal=13%	
GOBP_POSITIVE_REGULATION_OF_NEUROTRANSMITTER_TRANSPORT	GOBP_POSITIVE_REGULATION_OF_NEUROTRANSMITTER_TRANSPORT		23	-0.32391906	-0.85003436	0.68	0.9368162	1.0	4268	tags=30%, list=22%, signal=39%	
GOMF_TRNA_SPECIFIC_RIBONUCLEASE_ACTIVITY	GOMF_TRNA_SPECIFIC_RIBONUCLEASE_ACTIVITY		15	-0.35341334	-0.84989864	0.7	0.93662435	1.0	5401	tags=40%, list=28%, signal=55%	
GOMF_MIRNA_BINDING	GOMF_MIRNA_BINDING		34	-0.29061067	-0.8492186	0.7376344	0.9376412	1.0	2158	tags=12%, list=11%, signal=13%	
GOMF_LIGASE_ACTIVITY	GOMF_LIGASE_ACTIVITY		125	-0.22855897	-0.84895915	0.88161206	0.9376847	1.0	4887	tags=30%, list=25%, signal=40%	
GOBP_AMINE_CATABOLIC_PROCESS	GOBP_AMINE_CATABOLIC_PROCESS		18	-0.33017954	-0.8486509	0.68839103	0.9378739	1.0	5030	tags=50%, list=26%, signal=67%	
GOMF_TRANSMEMBRANE_RECEPTOR_PROTEIN_SERINE_THREONINE_KINASE_BINDING	GOMF_TRANSMEMBRANE_RECEPTOR_PROTEIN_SERINE_THREONINE_KINASE_BINDING		21	-0.32334495	-0.8485055	0.68308353	0.93767667	1.0	2669	tags=24%, list=14%, signal=28%	
GOBP_REGULATION_OF_EXTRINSIC_APOPTOTIC_SIGNALING_PATHWAY_VIA_DEATH_DOMAIN_RECEPTORS	GOBP_REGULATION_OF_EXTRINSIC_APOPTOTIC_SIGNALING_PATHWAY_VIA_DEATH_DOMAIN_RECEPTORS		46	-0.27292794	-0.84835327	0.75490195	0.9375073	1.0	1818	tags=20%, list=9%, signal=22%	
GOBP_POSITIVE_REGULATION_OF_DEPHOSPHORYLATION	GOBP_POSITIVE_REGULATION_OF_DEPHOSPHORYLATION		48	-0.2687969	-0.8478408	0.76642334	0.93813455	1.0	2200	tags=19%, list=11%, signal=21%	
GOCC_PERICENTRIC_HETEROCHROMATIN	GOCC_PERICENTRIC_HETEROCHROMATIN		27	-0.30654985	-0.84749395	0.70124483	0.93837404	1.0	5583	tags=41%, list=29%, signal=57%	
GOCC_TRANSCRIPTION_REPRESSOR_COMPLEX	GOCC_TRANSCRIPTION_REPRESSOR_COMPLEX		78	-0.24505559	-0.8458328	0.8108108	0.9415041	1.0	3864	tags=26%, list=20%, signal=32%	
GOBP_RRNA_PROCESSING	GOBP_RRNA_PROCESSING		207	-0.21355973	-0.8456474	0.9506173	0.94140524	1.0	4494	tags=23%, list=23%, signal=30%	
GOCC_CYTOSOLIC_SMALL_RIBOSOMAL_SUBUNIT	GOCC_CYTOSOLIC_SMALL_RIBOSOMAL_SUBUNIT		42	-0.27425435	-0.84564203	0.76674366	0.9409185	1.0	2461	tags=10%, list=13%, signal=11%	
GOBP_ESTABLISHMENT_OF_ORGANELLE_LOCALIZATION	GOBP_ESTABLISHMENT_OF_ORGANELLE_LOCALIZATION		455	-0.20003915	-0.8442103	0.9962547	0.9434912	1.0	4165	tags=24%, list=21%, signal=29%	
GOMF_LIPOPROTEIN_PARTICLE_RECEPTOR_BINDING	GOMF_LIPOPROTEIN_PARTICLE_RECEPTOR_BINDING		28	-0.2993987	-0.84410596	0.7202797	0.9432265	1.0	3348	tags=29%, list=17%, signal=34%	
GOBP_RNA_POLYMERASE_II_PREINITIATION_COMPLEX_ASSEMBLY	GOBP_RNA_POLYMERASE_II_PREINITIATION_COMPLEX_ASSEMBLY		54	-0.25951067	-0.8438898	0.7894737	0.94320107	1.0	5205	tags=35%, list=27%, signal=48%	
GOMF_PHOSPHOPROTEIN_PHOSPHATASE_ACTIVITY	GOMF_PHOSPHOPROTEIN_PHOSPHATASE_ACTIVITY		162	-0.21660382	-0.8437955	0.9457143	0.9429044	1.0	2894	tags=19%, list=15%, signal=22%	
GOBP_NEGATIVE_REGULATION_OF_GENE_EXPRESSION_EPIGENETIC	GOBP_NEGATIVE_REGULATION_OF_GENE_EXPRESSION_EPIGENETIC		133	-0.22684358	-0.8436007	0.87267905	0.94282097	1.0	4277	tags=23%, list=22%, signal=29%	
GOBP_POSITIVE_REGULATION_OF_DNA_TEMPLATED_TRANSCRIPTION_INITIATION	GOBP_POSITIVE_REGULATION_OF_DNA_TEMPLATED_TRANSCRIPTION_INITIATION		68	-0.2548547	-0.84340984	0.769802	0.9427054	1.0	5205	tags=34%, list=27%, signal=46%	
GOBP_NUCLEAR_TRANSCRIBED_MRNA_CATABOLIC_PROCESS_DEADENYLATION_DEPENDENT_DECAY	GOBP_NUCLEAR_TRANSCRIBED_MRNA_CATABOLIC_PROCESS_DEADENYLATION_DEPENDENT_DECAY		57	-0.2579971	-0.84312886	0.77517563	0.9428427	1.0	6326	tags=39%, list=33%, signal=57%	
GOBP_NEGATIVE_REGULATION_OF_CALCINEURIN_MEDIATED_SIGNALING	GOBP_NEGATIVE_REGULATION_OF_CALCINEURIN_MEDIATED_SIGNALING		15	-0.34782976	-0.8425621	0.70711297	0.943532	1.0	1293	tags=20%, list=7%, signal=21%	
GOBP_REGULATION_OF_UBIQUITIN_DEPENDENT_PROTEIN_CATABOLIC_PROCESS	GOBP_REGULATION_OF_UBIQUITIN_DEPENDENT_PROTEIN_CATABOLIC_PROCESS		158	-0.22140077	-0.8414291	0.9085366	0.94542795	1.0	4970	tags=30%, list=26%, signal=40%	
GOBP_REGULATION_OF_OXIDATIVE_STRESS_INDUCED_INTRINSIC_APOPTOTIC_SIGNALING_PATHWAY	GOBP_REGULATION_OF_OXIDATIVE_STRESS_INDUCED_INTRINSIC_APOPTOTIC_SIGNALING_PATHWAY		40	-0.27567557	-0.8413594	0.7692308	0.94506615	1.0	3848	tags=30%, list=20%, signal=37%	
GOMF_HISTONE_MODIFYING_ACTIVITY	GOMF_HISTONE_MODIFYING_ACTIVITY		189	-0.21973181	-0.84129137	0.91267604	0.94471455	1.0	5055	tags=29%, list=26%, signal=38%	
GOBP_REGULATION_OF_ENDOCYTIC_RECYCLING	GOBP_REGULATION_OF_ENDOCYTIC_RECYCLING		18	-0.33050182	-0.8412253	0.6687764	0.9443635	1.0	2227	tags=28%, list=11%, signal=31%	
GOBP_VIRAL_TRANSCRIPTION	GOBP_VIRAL_TRANSCRIPTION		51	-0.26499113	-0.8410857	0.76122934	0.94418174	1.0	4348	tags=29%, list=22%, signal=38%	
GOBP_REGULATION_OF_MRNA_CATABOLIC_PROCESS	GOBP_REGULATION_OF_MRNA_CATABOLIC_PROCESS		175	-0.21823914	-0.84080756	0.9174312	0.9442888	1.0	5164	tags=31%, list=27%, signal=42%	
GOBP_RESPONSE_TO_TYPE_I_INTERFERON	GOBP_RESPONSE_TO_TYPE_I_INTERFERON		85	-0.23724142	-0.8399066	0.82474226	0.9456261	1.0	5065	tags=31%, list=26%, signal=41%	
GOBP_NEGATIVE_REGULATION_OF_OSTEOCLAST_DIFFERENTIATION	GOBP_NEGATIVE_REGULATION_OF_OSTEOCLAST_DIFFERENTIATION		31	-0.30264094	-0.8398885	0.713615	0.94517046	1.0	3675	tags=39%, list=19%, signal=48%	
GOMF_UBIQUITIN_PROTEIN_TRANSFERASE_REGULATOR_ACTIVITY	GOMF_UBIQUITIN_PROTEIN_TRANSFERASE_REGULATOR_ACTIVITY		30	-0.2942283	-0.8390575	0.73318875	0.94642854	1.0	5483	tags=30%, list=28%, signal=42%	
GOBP_POSITIVE_REGULATION_OF_SODIUM_ION_TRANSMEMBRANE_TRANSPORT	GOBP_POSITIVE_REGULATION_OF_SODIUM_ION_TRANSMEMBRANE_TRANSPORT		18	-0.32592532	-0.8388632	0.7478992	0.94636625	1.0	3159	tags=33%, list=16%, signal=40%	
GOBP_PROTON_MOTIVE_FORCE_DRIVEN_ATP_SYNTHESIS	GOBP_PROTON_MOTIVE_FORCE_DRIVEN_ATP_SYNTHESIS		43	-0.27203706	-0.83854246	0.77803206	0.9465351	1.0	6018	tags=30%, list=31%, signal=44%	
GOBP_POSITIVE_REGULATION_OF_ADENYLATE_CYCLASE_ACTIVITY	GOBP_POSITIVE_REGULATION_OF_ADENYLATE_CYCLASE_ACTIVITY		29	-0.29998532	-0.83829933	0.70851064	0.94652694	1.0	2012	tags=14%, list=10%, signal=15%	
GOBP_RRNA_METABOLIC_PROCESS	GOBP_RRNA_METABOLIC_PROCESS		240	-0.2094705	-0.83792037	0.9378882	0.94683295	1.0	5350	tags=29%, list=28%, signal=40%	
GOMF_ZINC_ION_TRANSMEMBRANE_TRANSPORTER_ACTIVITY	GOMF_ZINC_ION_TRANSMEMBRANE_TRANSPORTER_ACTIVITY		24	-0.30623457	-0.83769166	0.716129	0.9468219	1.0	1291	tags=13%, list=7%, signal=13%	
GOBP_VIRAL_TRANSLATION	GOBP_VIRAL_TRANSLATION		18	-0.33303893	-0.8376534	0.7157895	0.946396	1.0	1327	tags=17%, list=7%, signal=18%	
GOCC_GUANYL_NUCLEOTIDE_EXCHANGE_FACTOR_COMPLEX	GOCC_GUANYL_NUCLEOTIDE_EXCHANGE_FACTOR_COMPLEX		21	-0.31342512	-0.8374924	0.69978404	0.9462513	1.0	1898	tags=19%, list=10%, signal=21%	
GOBP_MATURATION_OF_5_8S_RRNA	GOBP_MATURATION_OF_5_8S_RRNA		33	-0.2891361	-0.83745	0.7360179	0.9458421	1.0	3399	tags=24%, list=17%, signal=29%	
GOBP_LYMPHOID_PROGENITOR_CELL_DIFFERENTIATION	GOBP_LYMPHOID_PROGENITOR_CELL_DIFFERENTIATION		24	-0.3070984	-0.8373606	0.71681416	0.9455313	1.0	4882	tags=42%, list=25%, signal=56%	
GOBP_TROPHOBLAST_CELL_MIGRATION	GOBP_TROPHOBLAST_CELL_MIGRATION		15	-0.35147974	-0.83726025	0.69957083	0.9452331	1.0	3252	tags=27%, list=17%, signal=32%	
GOBP_TRNA_METABOLIC_PROCESS	GOBP_TRNA_METABOLIC_PROCESS		171	-0.21679406	-0.8362344	0.9343284	0.94689316	1.0	4278	tags=26%, list=22%, signal=33%	
GOBP_METALLO_SULFUR_CLUSTER_ASSEMBLY	GOBP_METALLO_SULFUR_CLUSTER_ASSEMBLY		24	-0.3129611	-0.835487	0.72688174	0.9479154	1.0	4894	tags=38%, list=25%, signal=50%	
GOBP_NEGATIVE_REGULATION_OF_CHROMOSOME_ORGANIZATION	GOBP_NEGATIVE_REGULATION_OF_CHROMOSOME_ORGANIZATION		88	-0.23773913	-0.83507717	0.8341837	0.9482139	1.0	5278	tags=30%, list=27%, signal=40%	
GOMF_PHOSPHATASE_ACTIVITY	GOMF_PHOSPHATASE_ACTIVITY		251	-0.20792508	-0.8345563	0.9529781	0.9488083	1.0	3981	tags=23%, list=20%, signal=29%	
GOCC_NEURON_PROJECTION_CYTOPLASM	GOCC_NEURON_PROJECTION_CYTOPLASM		89	-0.23414387	-0.83427674	0.8636364	0.9488479	1.0	3735	tags=20%, list=19%, signal=25%	
GOBP_CELLULAR_PIGMENTATION	GOBP_CELLULAR_PIGMENTATION		62	-0.25043982	-0.8338648	0.8252427	0.9492272	1.0	3937	tags=29%, list=20%, signal=36%	
GOBP_POSITIVE_REGULATION_OF_CHROMOSOME_SEGREGATION	GOBP_POSITIVE_REGULATION_OF_CHROMOSOME_SEGREGATION		27	-0.29583395	-0.8338379	0.7139738	0.94879276	1.0	6782	tags=56%, list=35%, signal=85%	
GOBP_DOUBLE_STRAND_BREAK_REPAIR_VIA_NONHOMOLOGOUS_END_JOINING	GOBP_DOUBLE_STRAND_BREAK_REPAIR_VIA_NONHOMOLOGOUS_END_JOINING		64	-0.2524154	-0.833747	0.82494	0.9484867	1.0	4781	tags=31%, list=25%, signal=41%	
GOCC_CONDENSED_NUCLEAR_CHROMOSOME	GOCC_CONDENSED_NUCLEAR_CHROMOSOME		72	-0.24844253	-0.8333445	0.82843137	0.94878036	1.0	5732	tags=39%, list=30%, signal=55%	
GOBP_RESCUE_OF_STALLED_RIBOSOME	GOBP_RESCUE_OF_STALLED_RIBOSOME		28	-0.302944	-0.8333185	0.72283816	0.9483377	1.0	5900	tags=57%, list=30%, signal=82%	
GOBP_SERINE_PHOSPHORYLATION_OF_STAT_PROTEIN	GOBP_SERINE_PHOSPHORYLATION_OF_STAT_PROTEIN		23	-0.3047025	-0.83317715	0.7477876	0.94812053	1.0	3481	tags=17%, list=18%, signal=21%	
GOBP_REGULATION_OF_MOTOR_NEURON_APOPTOTIC_PROCESS	GOBP_REGULATION_OF_MOTOR_NEURON_APOPTOTIC_PROCESS		15	-0.3481104	-0.83279806	0.71428573	0.9484046	1.0	3660	tags=40%, list=19%, signal=49%	
GOBP_GANGLIOSIDE_BIOSYNTHETIC_PROCESS	GOBP_GANGLIOSIDE_BIOSYNTHETIC_PROCESS		16	-0.33338317	-0.83250934	0.7030303	0.94847983	1.0	3682	tags=44%, list=19%, signal=54%	
GOBP_ETHER_METABOLIC_PROCESS	GOBP_ETHER_METABOLIC_PROCESS		24	-0.30007446	-0.831048	0.73186815	0.95096767	1.0	3767	tags=33%, list=19%, signal=41%	
GOBP_GLYCEROPHOSPHOLIPID_CATABOLIC_PROCESS	GOBP_GLYCEROPHOSPHOLIPID_CATABOLIC_PROCESS		32	-0.28380588	-0.8298558	0.7584746	0.9528225	1.0	4323	tags=38%, list=22%, signal=48%	
GOBP_NUCLEAR_TRANSCRIBED_MRNA_CATABOLIC_PROCESS_NONSENSE_MEDIATED_DECAY	GOBP_NUCLEAR_TRANSCRIBED_MRNA_CATABOLIC_PROCESS_NONSENSE_MEDIATED_DECAY		40	-0.27350152	-0.8295949	0.7902098	0.9528435	1.0	4625	tags=28%, list=24%, signal=36%	
GOBP_PROTEIN_K48_LINKED_DEUBIQUITINATION	GOBP_PROTEIN_K48_LINKED_DEUBIQUITINATION		24	-0.30575266	-0.8291808	0.73378074	0.953177	1.0	5463	tags=29%, list=28%, signal=41%	
GOCC_CONDENSED_CHROMOSOME_CENTROMERIC_REGION	GOCC_CONDENSED_CHROMOSOME_CENTROMERIC_REGION		171	-0.2151807	-0.8291235	0.9427711	0.9528053	1.0	4238	tags=25%, list=22%, signal=32%	
GOCC_PRERIBOSOME_LARGE_SUBUNIT_PRECURSOR	GOCC_PRERIBOSOME_LARGE_SUBUNIT_PRECURSOR		19	-0.32991907	-0.828924	0.75	0.95271367	1.0	4152	tags=37%, list=21%, signal=47%	
GOMF_DNA_EXONUCLEASE_ACTIVITY	GOMF_DNA_EXONUCLEASE_ACTIVITY		24	-0.3106372	-0.82871133	0.7459207	0.9526036	1.0	5371	tags=50%, list=28%, signal=69%	
GOBP_REGULATION_OF_GLIAL_CELL_PROLIFERATION	GOBP_REGULATION_OF_GLIAL_CELL_PROLIFERATION		38	-0.27608454	-0.8285408	0.77011496	0.95242697	1.0	3224	tags=29%, list=17%, signal=35%	
GOCC_SPLICEOSOMAL_TRI_SNRNP_COMPLEX	GOCC_SPLICEOSOMAL_TRI_SNRNP_COMPLEX		37	-0.28045633	-0.82733077	0.7853881	0.9543034	1.0	5277	tags=41%, list=27%, signal=56%	
GOBP_DNA_TEMPLATED_DNA_REPLICATION	GOBP_DNA_TEMPLATED_DNA_REPLICATION		152	-0.21908812	-0.8270492	0.91930836	0.95433277	1.0	4876	tags=30%, list=25%, signal=40%	
GOBP_ATTACHMENT_OF_MITOTIC_SPINDLE_MICROTUBULES_TO_KINETOCHORE	GOBP_ATTACHMENT_OF_MITOTIC_SPINDLE_MICROTUBULES_TO_KINETOCHORE		25	-0.3008087	-0.8264117	0.7350993	0.95507896	1.0	5278	tags=48%, list=27%, signal=66%	
GOMF_THIOLESTER_HYDROLASE_ACTIVITY	GOMF_THIOLESTER_HYDROLASE_ACTIVITY		41	-0.2656894	-0.82593924	0.7729358	0.955537	1.0	2630	tags=22%, list=14%, signal=25%	
GOBP_POSITIVE_REGULATION_OF_AMIDE_METABOLIC_PROCESS	GOBP_POSITIVE_REGULATION_OF_AMIDE_METABOLIC_PROCESS		28	-0.29199973	-0.82591367	0.7483871	0.955093	1.0	3481	tags=25%, list=18%, signal=30%	
GOMF_CARBOXY_LYASE_ACTIVITY	GOMF_CARBOXY_LYASE_ACTIVITY		32	-0.28049403	-0.8256222	0.7654867	0.9551464	1.0	5579	tags=41%, list=29%, signal=57%	
GOMF_PHOSPHATIDYLINOSITOL_3_5_BISPHOSPHATE_PHOSPHATASE_ACTIVITY	GOMF_PHOSPHATIDYLINOSITOL_3_5_BISPHOSPHATE_PHOSPHATASE_ACTIVITY		15	-0.34266534	-0.82515997	0.7167756	0.9555432	1.0	2880	tags=27%, list=15%, signal=31%	
GOBP_RESPONSE_TO_AUDITORY_STIMULUS	GOBP_RESPONSE_TO_AUDITORY_STIMULUS		31	-0.2871454	-0.8248791	0.73239434	0.95559806	1.0	3295	tags=19%, list=17%, signal=23%	
GOBP_PHAGOLYSOSOME_ASSEMBLY	GOBP_PHAGOLYSOSOME_ASSEMBLY		19	-0.3229813	-0.82404923	0.720339	0.9566804	1.0	4438	tags=37%, list=23%, signal=48%	
GOBP_AMYLOID_FIBRIL_FORMATION	GOBP_AMYLOID_FIBRIL_FORMATION		40	-0.2718925	-0.82373667	0.7704545	0.95676595	1.0	1727	tags=13%, list=9%, signal=14%	
GOBP_TELOMERE_ORGANIZATION	GOBP_TELOMERE_ORGANIZATION		155	-0.21882944	-0.8235476	0.91689754	0.9566343	1.0	4679	tags=27%, list=24%, signal=35%	
GOBP_ENTRAINMENT_OF_CIRCADIAN_CLOCK	GOBP_ENTRAINMENT_OF_CIRCADIAN_CLOCK		27	-0.2974245	-0.82304764	0.7476852	0.9570842	1.0	2883	tags=22%, list=15%, signal=26%	
GOMF_RNA_ENDONUCLEASE_ACTIVITY_PRODUCING_5_PHOSPHOMONOESTERS	GOMF_RNA_ENDONUCLEASE_ACTIVITY_PRODUCING_5_PHOSPHOMONOESTERS		29	-0.29177114	-0.822546	0.7658643	0.9575283	1.0	4892	tags=31%, list=25%, signal=41%	
GOBP_REGULATION_OF_AUTOPHAGOSOME_ASSEMBLY	GOBP_REGULATION_OF_AUTOPHAGOSOME_ASSEMBLY		46	-0.27022833	-0.822335	0.77304965	0.9574174	1.0	3109	tags=26%, list=16%, signal=31%	
GOBP_MATURATION_OF_SSU_RRNA	GOBP_MATURATION_OF_SSU_RRNA		49	-0.25727892	-0.8219926	0.8116279	0.9575846	1.0	5717	tags=37%, list=29%, signal=52%	
GOMF_PHOSPHATIDYLCHOLINE_TRANSPORTER_ACTIVITY	GOMF_PHOSPHATIDYLCHOLINE_TRANSPORTER_ACTIVITY		18	-0.3246484	-0.8218999	0.74686193	0.9572496	1.0	2310	tags=22%, list=12%, signal=25%	
GOBP_RIBOSOME_BIOGENESIS	GOBP_RIBOSOME_BIOGENESIS		292	-0.2006234	-0.82176346	0.9832215	0.95701593	1.0	4152	tags=20%, list=21%, signal=25%	
GOBP_WALKING_BEHAVIOR	GOBP_WALKING_BEHAVIOR		34	-0.28116336	-0.8203745	0.79481643	0.95913255	1.0	1996	tags=18%, list=10%, signal=20%	
GOBP_CELLULAR_RESPONSE_TO_ESTRADIOL_STIMULUS	GOBP_CELLULAR_RESPONSE_TO_ESTRADIOL_STIMULUS		37	-0.2770119	-0.8202349	0.77991456	0.95890325	1.0	5704	tags=38%, list=29%, signal=53%	
GOBP_DNA_REPLICATION	GOBP_DNA_REPLICATION		263	-0.20241956	-0.82017845	0.98784196	0.95852137	1.0	4483	tags=24%, list=23%, signal=31%	
GOBP_INTERLEUKIN_13_PRODUCTION	GOBP_INTERLEUKIN_13_PRODUCTION		21	-0.30760667	-0.8194346	0.7173913	0.9594461	1.0	2816	tags=29%, list=14%, signal=33%	
GOBP_REGULATION_OF_SISTER_CHROMATID_COHESION	GOBP_REGULATION_OF_SISTER_CHROMATID_COHESION		16	-0.32834563	-0.8194305	0.71827954	0.958963	1.0	2153	tags=25%, list=11%, signal=28%	
GOBP_CHROMOSOME_SEPARATION	GOBP_CHROMOSOME_SEPARATION		80	-0.23505212	-0.8191207	0.84689	0.95905584	1.0	6115	tags=40%, list=31%, signal=58%	
GOBP_MIDBODY_ABSCISSION	GOBP_MIDBODY_ABSCISSION		17	-0.32432753	-0.81860447	0.70481926	0.95951927	1.0	3909	tags=29%, list=20%, signal=37%	
GOBP_POSITIVE_REGULATION_OF_TRANSLATIONAL_INITIATION	GOBP_POSITIVE_REGULATION_OF_TRANSLATIONAL_INITIATION		28	-0.29135174	-0.81782377	0.7717391	0.9604711	1.0	1271	tags=11%, list=7%, signal=11%	
GOBP_TELOMERE_MAINTENANCE	GOBP_TELOMERE_MAINTENANCE		150	-0.21739437	-0.8166	0.9506849	0.9623036	1.0	4679	tags=27%, list=24%, signal=35%	
GOMF_ADRENERGIC_RECEPTOR_BINDING	GOMF_ADRENERGIC_RECEPTOR_BINDING		16	-0.33539495	-0.8164021	0.7171717	0.96216244	1.0	4273	tags=38%, list=22%, signal=48%	
GOCC_ENDONUCLEASE_COMPLEX	GOCC_ENDONUCLEASE_COMPLEX		37	-0.27210444	-0.8142749	0.773494	0.9655036	1.0	3956	tags=24%, list=20%, signal=30%	
GOBP_POSITIVE_REGULATION_OF_CIRCADIAN_RHYTHM	GOBP_POSITIVE_REGULATION_OF_CIRCADIAN_RHYTHM		15	-0.33484954	-0.81402403	0.74327123	0.96545035	1.0	2854	tags=27%, list=15%, signal=31%	
GOCC_ENDOCYTIC_VESICLE_LUMEN	GOCC_ENDOCYTIC_VESICLE_LUMEN		23	-0.3084615	-0.8137414	0.75609756	0.9654447	1.0	2710	tags=26%, list=14%, signal=30%	
GOBP_REGULATION_OF_CELL_FATE_COMMITMENT	GOBP_REGULATION_OF_CELL_FATE_COMMITMENT		40	-0.26970044	-0.81245935	0.7991266	0.9671957	1.0	3915	tags=28%, list=20%, signal=34%	
GOBP_NEUROTRANSMITTER_RECEPTOR_TRANSPORT	GOBP_NEUROTRANSMITTER_RECEPTOR_TRANSPORT		25	-0.29650036	-0.81241244	0.7325843	0.96678555	1.0	1129	tags=12%, list=6%, signal=13%	
GOBP_TRANSLATIONAL_ELONGATION	GOBP_TRANSLATIONAL_ELONGATION		63	-0.24349043	-0.81158745	0.86600494	0.9677653	1.0	2919	tags=22%, list=15%, signal=26%	
GOBP_POSITIVE_REGULATION_OF_UBIQUITIN_PROTEIN_TRANSFERASE_ACTIVITY	GOBP_POSITIVE_REGULATION_OF_UBIQUITIN_PROTEIN_TRANSFERASE_ACTIVITY		21	-0.30664405	-0.81123805	0.73333335	0.96789706	1.0	5440	tags=38%, list=28%, signal=53%	
GOBP_MOTOR_NEURON_APOPTOTIC_PROCESS	GOBP_MOTOR_NEURON_APOPTOTIC_PROCESS		21	-0.31066036	-0.81106335	0.75738394	0.9677212	1.0	2223	tags=24%, list=11%, signal=27%	
GOBP_ENDOLYSOSOMAL_TOLL_LIKE_RECEPTOR_SIGNALING_PATHWAY	GOBP_ENDOLYSOSOMAL_TOLL_LIKE_RECEPTOR_SIGNALING_PATHWAY		50	-0.2546764	-0.8096664	0.8552036	0.9696713	1.0	1228	tags=12%, list=6%, signal=13%	
GOMF_RNA_POLYMERASE_CORE_ENZYME_BINDING	GOMF_RNA_POLYMERASE_CORE_ENZYME_BINDING		38	-0.26570836	-0.8086999	0.8141593	0.97084904	1.0	2729	tags=21%, list=14%, signal=24%	
GOMF_PHOSPHATASE_INHIBITOR_ACTIVITY	GOMF_PHOSPHATASE_INHIBITOR_ACTIVITY		37	-0.27425677	-0.80815	0.80717486	0.9713182	1.0	127	tags=5%, list=1%, signal=5%	
GOCC_U2_TYPE_SPLICEOSOMAL_COMPLEX	GOCC_U2_TYPE_SPLICEOSOMAL_COMPLEX		91	-0.2309006	-0.80807126	0.8817481	0.9709571	1.0	3999	tags=24%, list=21%, signal=30%	
GOBP_TOLL_LIKE_RECEPTOR_9_SIGNALING_PATHWAY	GOBP_TOLL_LIKE_RECEPTOR_9_SIGNALING_PATHWAY		20	-0.31476656	-0.80789375	0.7627812	0.97076863	1.0	549	tags=10%, list=3%, signal=10%	
GOBP_NEUROENDOCRINE_CELL_DIFFERENTIATION	GOBP_NEUROENDOCRINE_CELL_DIFFERENTIATION		16	-0.333489	-0.8074929	0.7526205	0.9709746	1.0	68	tags=6%, list=0%, signal=6%	
GOBP_REGULATION_OF_PROTEASOMAL_UBIQUITIN_DEPENDENT_PROTEIN_CATABOLIC_PROCESS	GOBP_REGULATION_OF_PROTEASOMAL_UBIQUITIN_DEPENDENT_PROTEIN_CATABOLIC_PROCESS		119	-0.21989754	-0.80730176	0.9427861	0.97079945	1.0	3634	tags=23%, list=19%, signal=28%	
GOBP_NEGATIVE_REGULATION_OF_CALCIUM_MEDIATED_SIGNALING	GOBP_NEGATIVE_REGULATION_OF_CALCIUM_MEDIATED_SIGNALING		21	-0.30869222	-0.8073016	0.77350426	0.9703072	1.0	3933	tags=38%, list=20%, signal=48%	
GOCC_CHROMOSOME_CENTROMERIC_REGION	GOCC_CHROMOSOME_CENTROMERIC_REGION		227	-0.20511396	-0.80666703	0.977707	0.97088367	1.0	4238	tags=24%, list=22%, signal=30%	
GOBP_NEGATIVE_REGULATION_OF_DEFENSE_RESPONSE_TO_VIRUS	GOBP_NEGATIVE_REGULATION_OF_DEFENSE_RESPONSE_TO_VIRUS		15	-0.33604106	-0.8066621	0.73596674	0.9703976	1.0	3605	tags=27%, list=19%, signal=33%	
GOBP_POSITIVE_REGULATION_OF_INSULIN_SECRETION_INVOLVED_IN_CELLULAR_RESPONSE_TO_GLUCOSE_STIMULUS	GOBP_POSITIVE_REGULATION_OF_INSULIN_SECRETION_INVOLVED_IN_CELLULAR_RESPONSE_TO_GLUCOSE_STIMULUS		30	-0.28500983	-0.80665666	0.7707865	0.9699153	1.0	2346	tags=17%, list=12%, signal=19%	
GOBP_POSITIVE_REGULATION_OF_MYELOID_LEUKOCYTE_DIFFERENTIATION	GOBP_POSITIVE_REGULATION_OF_MYELOID_LEUKOCYTE_DIFFERENTIATION		58	-0.25140554	-0.8064623	0.8558559	0.9697709	1.0	4188	tags=26%, list=22%, signal=33%	
GOMF_3_5_EXONUCLEASE_ACTIVITY	GOMF_3_5_EXONUCLEASE_ACTIVITY		56	-0.25201568	-0.80640596	0.87344915	0.96936786	1.0	5700	tags=36%, list=29%, signal=50%	
GOBP_INTRINSIC_APOPTOTIC_SIGNALING_PATHWAY_BY_P53_CLASS_MEDIATOR	GOBP_INTRINSIC_APOPTOTIC_SIGNALING_PATHWAY_BY_P53_CLASS_MEDIATOR		78	-0.23301071	-0.8062665	0.8796069	0.96912855	1.0	3641	tags=21%, list=19%, signal=25%	
GOCC_CYTOSOLIC_REGION	GOCC_CYTOSOLIC_REGION		19	-0.31474933	-0.80620486	0.72727275	0.9687545	1.0	2817	tags=21%, list=15%, signal=25%	
GOBP_NEGATIVE_REGULATION_OF_MUSCLE_CONTRACTION	GOBP_NEGATIVE_REGULATION_OF_MUSCLE_CONTRACTION		19	-0.31828928	-0.8061496	0.75	0.968367	1.0	1382	tags=11%, list=7%, signal=11%	
GOBP_REGULATION_OF_NEUROTRANSMITTER_UPTAKE	GOBP_REGULATION_OF_NEUROTRANSMITTER_UPTAKE		18	-0.32532147	-0.8056108	0.73706007	0.96883935	1.0	1747	tags=17%, list=9%, signal=18%	
GOCC_DNA_REPAIR_COMPLEX	GOCC_DNA_REPAIR_COMPLEX		20	-0.3068318	-0.8052167	0.747807	0.96900296	1.0	4772	tags=40%, list=25%, signal=53%	
GOMF_OXIDOREDUCTION_DRIVEN_ACTIVE_TRANSMEMBRANE_TRANSPORTER_ACTIVITY	GOMF_OXIDOREDUCTION_DRIVEN_ACTIVE_TRANSMEMBRANE_TRANSPORTER_ACTIVITY		50	-0.25580755	-0.805079	0.8276699	0.96876544	1.0	6018	tags=32%, list=31%, signal=46%	
GOBP_SENSORY_PERCEPTION_OF_LIGHT_STIMULUS	GOBP_SENSORY_PERCEPTION_OF_LIGHT_STIMULUS		215	-0.20248622	-0.8050362	0.9697885	0.9683459	1.0	2935	tags=13%, list=15%, signal=15%	
GOBP_FOLIC_ACID_CONTAINING_COMPOUND_METABOLIC_PROCESS	GOBP_FOLIC_ACID_CONTAINING_COMPOUND_METABOLIC_PROCESS		26	-0.2903114	-0.8050294	0.8031674	0.96786755	1.0	1450	tags=12%, list=7%, signal=12%	
GOBP_POSITIVE_REGULATION_OF_LYASE_ACTIVITY	GOBP_POSITIVE_REGULATION_OF_LYASE_ACTIVITY		37	-0.2710087	-0.8047651	0.79814386	0.96781284	1.0	4716	tags=24%, list=24%, signal=32%	
GOBP_REGULATION_OF_DOUBLE_STRAND_BREAK_REPAIR	GOBP_REGULATION_OF_DOUBLE_STRAND_BREAK_REPAIR		127	-0.2159987	-0.80448127	0.9244792	0.9678234	1.0	4868	tags=31%, list=25%, signal=41%	
GOCC_PRERIBOSOME	GOCC_PRERIBOSOME		102	-0.22313763	-0.80408204	0.9189189	0.9679955	1.0	3850	tags=22%, list=20%, signal=27%	
GOBP_POLY_A_PLUS_MRNA_EXPORT_FROM_NUCLEUS	GOBP_POLY_A_PLUS_MRNA_EXPORT_FROM_NUCLEUS		21	-0.31032744	-0.80406946	0.7703863	0.9675332	1.0	7219	tags=62%, list=37%, signal=98%	
GOMF_ATP_DEPENDENT_DNA_DAMAGE_SENSOR_ACTIVITY	GOMF_ATP_DEPENDENT_DNA_DAMAGE_SENSOR_ACTIVITY		16	-0.33193597	-0.8040211	0.74222225	0.96714354	1.0	4919	tags=38%, list=25%, signal=50%	
GOBP_NEGATIVE_REGULATION_OF_INTERLEUKIN_8_PRODUCTION	GOBP_NEGATIVE_REGULATION_OF_INTERLEUKIN_8_PRODUCTION		15	-0.33368385	-0.803924	0.70726496	0.9668051	1.0	2238	tags=27%, list=12%, signal=30%	
GOBP_REGULATION_OF_CARBOHYDRATE_CATABOLIC_PROCESS	GOBP_REGULATION_OF_CARBOHYDRATE_CATABOLIC_PROCESS		60	-0.24916081	-0.8033221	0.8408072	0.9673243	1.0	2272	tags=15%, list=12%, signal=17%	
GOMF_HISTONE_H4_ACETYLTRANSFERASE_ACTIVITY	GOMF_HISTONE_H4_ACETYLTRANSFERASE_ACTIVITY		19	-0.31436962	-0.80325586	0.7542017	0.96695393	1.0	1148	tags=11%, list=6%, signal=11%	
GOBP_NEURON_CELLULAR_HOMEOSTASIS	GOBP_NEURON_CELLULAR_HOMEOSTASIS		63	-0.24794471	-0.8027127	0.86416864	0.96742946	1.0	4350	tags=33%, list=22%, signal=43%	
GOMF_DNA_DIRECTED_DNA_POLYMERASE_ACTIVITY	GOMF_DNA_DIRECTED_DNA_POLYMERASE_ACTIVITY		23	-0.30419877	-0.8024839	0.7573222	0.96732014	1.0	4436	tags=30%, list=23%, signal=39%	
GOBP_MALE_MEIOTIC_NUCLEAR_DIVISION	GOBP_MALE_MEIOTIC_NUCLEAR_DIVISION		46	-0.2537516	-0.8015596	0.8466819	0.9683241	1.0	2786	tags=13%, list=14%, signal=15%	
GOMF_ALCOHOL_DEHYDROGENASE_NADPPLUS_ACTIVITY	GOMF_ALCOHOL_DEHYDROGENASE_NADPPLUS_ACTIVITY		22	-0.29954675	-0.80100805	0.7929515	0.9687393	1.0	5012	tags=36%, list=26%, signal=49%	
GOBP_RESPONSE_TO_THYROID_HORMONE	GOBP_RESPONSE_TO_THYROID_HORMONE		23	-0.29530573	-0.8006821	0.7802691	0.96881425	1.0	4902	tags=30%, list=25%, signal=41%	
GOMF_GENERAL_TRANSCRIPTION_INITIATION_FACTOR_ACTIVITY	GOMF_GENERAL_TRANSCRIPTION_INITIATION_FACTOR_ACTIVITY		52	-0.25296673	-0.8003684	0.8523002	0.9688241	1.0	3342	tags=21%, list=17%, signal=25%	
GOCC_AXON_CYTOPLASM	GOCC_AXON_CYTOPLASM		64	-0.23902556	-0.7993351	0.8827751	0.9700282	1.0	3735	tags=23%, list=19%, signal=29%	
GOBP_NEGATIVE_REGULATION_OF_CARDIAC_MUSCLE_TISSUE_GROWTH	GOBP_NEGATIVE_REGULATION_OF_CARDIAC_MUSCLE_TISSUE_GROWTH		21	-0.3032028	-0.79928595	0.7852632	0.9696225	1.0	3205	tags=29%, list=17%, signal=34%	
GOBP_NEGATIVE_REGULATION_OF_OSSIFICATION	GOBP_NEGATIVE_REGULATION_OF_OSSIFICATION		37	-0.27277744	-0.7964948	0.8375286	0.9736777	1.0	929	tags=11%, list=5%, signal=11%	
GOBP_MAINTENANCE_OF_PROTEIN_LOCATION_IN_NUCLEUS	GOBP_MAINTENANCE_OF_PROTEIN_LOCATION_IN_NUCLEUS		24	-0.2932592	-0.79648525	0.7665289	0.9732036	1.0	1676	tags=13%, list=9%, signal=14%	
GOMF_MANGANESE_ION_BINDING	GOMF_MANGANESE_ION_BINDING		61	-0.24212025	-0.7961704	0.8614319	0.9732284	1.0	2442	tags=15%, list=13%, signal=17%	
GOMF_METHYL_CPG_BINDING	GOMF_METHYL_CPG_BINDING		27	-0.290589	-0.79615504	0.7752809	0.97277004	1.0	2107	tags=19%, list=11%, signal=21%	
GOMF_RNA_STEM_LOOP_BINDING	GOMF_RNA_STEM_LOOP_BINDING		15	-0.33073115	-0.79614276	0.76582277	0.9723055	1.0	1653	tags=13%, list=9%, signal=15%	
GOBP_NEGATIVE_REGULATION_OF_RECEPTOR_SIGNALING_PATHWAY_VIA_JAK_STAT	GOBP_NEGATIVE_REGULATION_OF_RECEPTOR_SIGNALING_PATHWAY_VIA_JAK_STAT		20	-0.30284128	-0.7959563	0.7944915	0.97211385	1.0	2121	tags=20%, list=11%, signal=22%	
GOCC_RIBOSOMAL_SUBUNIT	GOCC_RIBOSOMAL_SUBUNIT		181	-0.20421086	-0.7951231	0.98333335	0.97296846	1.0	6008	tags=27%, list=31%, signal=39%	
GOMF_ATP_HYDROLYSIS_ACTIVITY	GOMF_ATP_HYDROLYSIS_ACTIVITY		380	-0.18972327	-0.7947663	1.0	0.9730396	1.0	2497	tags=13%, list=13%, signal=14%	
GOBP_DNA_DOUBLE_STRAND_BREAK_PROCESSING	GOBP_DNA_DOUBLE_STRAND_BREAK_PROCESSING		20	-0.30881792	-0.7944093	0.76958525	0.9731382	1.0	2899	tags=25%, list=15%, signal=29%	
GOBP_POSITIVE_REGULATION_OF_PROTEIN_LOCALIZATION_TO_CELL_SURFACE	GOBP_POSITIVE_REGULATION_OF_PROTEIN_LOCALIZATION_TO_CELL_SURFACE		19	-0.30645198	-0.79428434	0.7908497	0.97286886	1.0	1897	tags=16%, list=10%, signal=17%	
GOBP_NUCLEOBASE_CONTAINING_SMALL_MOLECULE_BIOSYNTHETIC_PROCESS	GOBP_NUCLEOBASE_CONTAINING_SMALL_MOLECULE_BIOSYNTHETIC_PROCESS		17	-0.32045633	-0.7941095	0.7295082	0.9726944	1.0	749	tags=12%, list=4%, signal=12%	
GOBP_REGULATION_OF_MEMBRANE_PERMEABILITY	GOBP_REGULATION_OF_MEMBRANE_PERMEABILITY		62	-0.2407786	-0.79262036	0.8888889	0.9745146	1.0	2510	tags=16%, list=13%, signal=18%	
GOBP_REGULATION_OF_EARLY_ENDOSOME_TO_LATE_ENDOSOME_TRANSPORT	GOBP_REGULATION_OF_EARLY_ENDOSOME_TO_LATE_ENDOSOME_TRANSPORT		17	-0.3151319	-0.79258907	0.74115044	0.9740779	1.0	2609	tags=24%, list=13%, signal=27%	
GOBP_POSITIVE_REGULATION_OF_NATURAL_KILLER_CELL_MEDIATED_CYTOTOXICITY	GOBP_POSITIVE_REGULATION_OF_NATURAL_KILLER_CELL_MEDIATED_CYTOTOXICITY		28	-0.2868976	-0.79167044	0.8059361	0.9750156	1.0	4108	tags=36%, list=21%, signal=45%	
GOBP_CHROMOSOME_CONDENSATION	GOBP_CHROMOSOME_CONDENSATION		31	-0.2740814	-0.79141265	0.80607474	0.9749078	1.0	6829	tags=42%, list=35%, signal=65%	
GOCC_CLATHRIN_COAT	GOCC_CLATHRIN_COAT		49	-0.25334194	-0.7913175	0.8819444	0.97456974	1.0	5640	tags=41%, list=29%, signal=57%	
GOBP_MITOCHONDRIAL_ELECTRON_TRANSPORT_CYTOCHROME_C_TO_OXYGEN	GOBP_MITOCHONDRIAL_ELECTRON_TRANSPORT_CYTOCHROME_C_TO_OXYGEN		17	-0.31220913	-0.7905513	0.75103736	0.97529656	1.0	5847	tags=35%, list=30%, signal=50%	
GOBP_RESPONSE_TO_ARSENIC_CONTAINING_SUBSTANCE	GOBP_RESPONSE_TO_ARSENIC_CONTAINING_SUBSTANCE		31	-0.28012648	-0.7897663	0.8103448	0.9760126	1.0	2183	tags=19%, list=11%, signal=22%	
GOCC_CONDENSED_CHROMOSOME	GOCC_CONDENSED_CHROMOSOME		261	-0.19457048	-0.78957784	0.98671097	0.9758076	1.0	5338	tags=31%, list=27%, signal=42%	
GOBP_MITOTIC_CHROMOSOME_CONDENSATION	GOBP_MITOTIC_CHROMOSOME_CONDENSATION		17	-0.32312104	-0.78919834	0.7690722	0.9758991	1.0	6829	tags=59%, list=35%, signal=91%	
GOBP_REGULATION_OF_PROTEASOMAL_PROTEIN_CATABOLIC_PROCESS	GOBP_REGULATION_OF_PROTEASOMAL_PROTEIN_CATABOLIC_PROCESS		176	-0.20422174	-0.7885874	0.97928995	0.97636986	1.0	5542	tags=35%, list=29%, signal=49%	
GOMF_PROTEIN_PHOSPHATASE_1_BINDING	GOMF_PROTEIN_PHOSPHATASE_1_BINDING		20	-0.30543357	-0.7885032	0.7900433	0.9760198	1.0	3837	tags=30%, list=20%, signal=37%	
GOBP_S_ADENOSYLMETHIONINE_METABOLIC_PROCESS	GOBP_S_ADENOSYLMETHIONINE_METABOLIC_PROCESS		16	-0.31888494	-0.78836936	0.76617956	0.9757265	1.0	1653	tags=13%, list=9%, signal=14%	
GOBP_POSITIVE_REGULATION_OF_EMBRYONIC_DEVELOPMENT	GOBP_POSITIVE_REGULATION_OF_EMBRYONIC_DEVELOPMENT		19	-0.30623823	-0.7874465	0.76293105	0.9766454	1.0	1146	tags=11%, list=6%, signal=11%	
GOBP_ZINC_ION_TRANSPORT	GOBP_ZINC_ION_TRANSPORT		28	-0.28327405	-0.78728557	0.8009259	0.9764064	1.0	1291	tags=11%, list=7%, signal=11%	
GOBP_LONG_CHAIN_FATTY_ACID_BIOSYNTHETIC_PROCESS	GOBP_LONG_CHAIN_FATTY_ACID_BIOSYNTHETIC_PROCESS		27	-0.281304	-0.78639615	0.8108108	0.9772157	1.0	2639	tags=26%, list=14%, signal=30%	
GOBP_NEGATIVE_REGULATION_OF_VIRAL_TRANSCRIPTION	GOBP_NEGATIVE_REGULATION_OF_VIRAL_TRANSCRIPTION		15	-0.32018876	-0.7861859	0.7787234	0.97705793	1.0	1269	tags=13%, list=7%, signal=14%	
GOBP_CELLULAR_RESPONSE_TO_PH	GOBP_CELLULAR_RESPONSE_TO_PH		24	-0.29517144	-0.7860895	0.80222225	0.9767126	1.0	2511	tags=29%, list=13%, signal=33%	
GOBP_PLASMA_MEMBRANE_REPAIR	GOBP_PLASMA_MEMBRANE_REPAIR		28	-0.27734146	-0.78512406	0.8278146	0.97768945	1.0	4438	tags=32%, list=23%, signal=42%	
GOCC_RNA_POLYMERASE_III_COMPLEX	GOCC_RNA_POLYMERASE_III_COMPLEX		16	-0.31507573	-0.7850325	0.77350426	0.97734296	1.0	4809	tags=44%, list=25%, signal=58%	
GOBP_TROPHECTODERMAL_CELL_DIFFERENTIATION	GOBP_TROPHECTODERMAL_CELL_DIFFERENTIATION		19	-0.3069173	-0.78415555	0.78	0.9781481	1.0	1870	tags=16%, list=10%, signal=17%	
GOBP_MITOTIC_NUCLEAR_DIVISION	GOBP_MITOTIC_NUCLEAR_DIVISION		268	-0.19486251	-0.7835129	1.0	0.9785965	1.0	4196	tags=21%, list=22%, signal=27%	
GOBP_NEGATIVE_REGULATION_OF_GLUCONEOGENESIS	GOBP_NEGATIVE_REGULATION_OF_GLUCONEOGENESIS		15	-0.3251631	-0.78324276	0.73593074	0.9784955	1.0	3768	tags=33%, list=19%, signal=41%	
GOBP_RIBONUCLEOPROTEIN_COMPLEX_BIOGENESIS	GOBP_RIBONUCLEOPROTEIN_COMPLEX_BIOGENESIS		431	-0.18388133	-0.7825699	1.0	0.97899824	1.0	5350	tags=26%, list=28%, signal=36%	
GOBP_MISMATCH_REPAIR	GOBP_MISMATCH_REPAIR		30	-0.27369842	-0.7820255	0.80841124	0.97929156	1.0	5075	tags=37%, list=26%, signal=50%	
GOBP_CELLULAR_MODIFIED_AMINO_ACID_BIOSYNTHETIC_PROCESS	GOBP_CELLULAR_MODIFIED_AMINO_ACID_BIOSYNTHETIC_PROCESS		45	-0.25008908	-0.78166986	0.8611111	0.9793484	1.0	3334	tags=24%, list=17%, signal=29%	
GOBP_PURINE_NUCLEOSIDE_MONOPHOSPHATE_BIOSYNTHETIC_PROCESS	GOBP_PURINE_NUCLEOSIDE_MONOPHOSPHATE_BIOSYNTHETIC_PROCESS		19	-0.29931167	-0.78059375	0.8067416	0.98042023	1.0	6574	tags=42%, list=34%, signal=64%	
GOBP_NEGATIVE_REGULATION_OF_LYASE_ACTIVITY	GOBP_NEGATIVE_REGULATION_OF_LYASE_ACTIVITY		17	-0.30755678	-0.7802833	0.7922607	0.980376	1.0	4194	tags=18%, list=22%, signal=22%	
GOBP_GOLGI_TO_ENDOSOME_TRANSPORT	GOBP_GOLGI_TO_ENDOSOME_TRANSPORT		15	-0.3137607	-0.77984196	0.7705263	0.9805241	1.0	2522	tags=27%, list=13%, signal=31%	
GOBP_FATTY_ACID_CATABOLIC_PROCESS	GOBP_FATTY_ACID_CATABOLIC_PROCESS		100	-0.21847822	-0.77953714	0.95710456	0.98048115	1.0	3695	tags=21%, list=19%, signal=26%	
GOBP_METAPHASE_CHROMOSOME_ALIGNMENT	GOBP_METAPHASE_CHROMOSOME_ALIGNMENT		98	-0.21703294	-0.77944094	0.9513382	0.9801359	1.0	5988	tags=42%, list=31%, signal=60%	
GOBP_PROTEIN_RNA_COMPLEX_ORGANIZATION	GOBP_PROTEIN_RNA_COMPLEX_ORGANIZATION		200	-0.20179471	-0.77935684	0.99088144	0.9797647	1.0	5467	tags=28%, list=28%, signal=38%	
GOBP_REGULATION_OF_TELOMERE_MAINTENANCE_VIA_TELOMERE_LENGTHENING	GOBP_REGULATION_OF_TELOMERE_MAINTENANCE_VIA_TELOMERE_LENGTHENING		60	-0.23935978	-0.7793153	0.9035533	0.9793371	1.0	4679	tags=27%, list=24%, signal=35%	
GOBP_STRIATUM_DEVELOPMENT	GOBP_STRIATUM_DEVELOPMENT		21	-0.29662472	-0.7788655	0.8	0.97948927	1.0	4654	tags=29%, list=24%, signal=38%	
GOMF_CATALYTIC_ACTIVITY_ACTING_ON_A_TRNA	GOMF_CATALYTIC_ACTIVITY_ACTING_ON_A_TRNA		110	-0.21298228	-0.7787928	0.9501385	0.9791098	1.0	3901	tags=22%, list=20%, signal=27%	
GOBP_REGULATION_OF_VACUOLE_ORGANIZATION	GOBP_REGULATION_OF_VACUOLE_ORGANIZATION		56	-0.24315274	-0.7785327	0.8894231	0.9789615	1.0	3109	tags=25%, list=16%, signal=30%	
GOCC_EXON_EXON_JUNCTION_COMPLEX	GOCC_EXON_EXON_JUNCTION_COMPLEX		20	-0.29513362	-0.7783226	0.79157895	0.9787782	1.0	3799	tags=30%, list=20%, signal=37%	
GOCC_SMALL_SUBUNIT_PROCESSOME	GOCC_SMALL_SUBUNIT_PROCESSOME		69	-0.23228562	-0.778312	0.9197995	0.97831315	1.0	3815	tags=17%, list=20%, signal=22%	
GOBP_COPPER_ION_TRANSPORT	GOBP_COPPER_ION_TRANSPORT		17	-0.31446102	-0.778156	0.78854626	0.9780392	1.0	4131	tags=41%, list=21%, signal=52%	
GOBP_NEGATIVE_REGULATION_OF_DNA_REPLICATION	GOBP_NEGATIVE_REGULATION_OF_DNA_REPLICATION		23	-0.28776544	-0.7771966	0.7986871	0.9788348	1.0	6162	tags=39%, list=32%, signal=57%	
GOBP_POSITIVE_REGULATION_OF_DNA_METABOLIC_PROCESS	GOBP_POSITIVE_REGULATION_OF_DNA_METABOLIC_PROCESS		279	-0.19199538	-0.7761872	1.0	0.97976965	1.0	2737	tags=14%, list=14%, signal=16%	
GOBP_REGULATION_OF_CHROMOSOME_ORGANIZATION	GOBP_REGULATION_OF_CHROMOSOME_ORGANIZATION		234	-0.19519491	-0.7760381	0.9930796	0.97948855	1.0	5278	tags=27%, list=27%, signal=37%	
GOBP_REGULATION_OF_SYNAPTIC_VESICLE_RECYCLING	GOBP_REGULATION_OF_SYNAPTIC_VESICLE_RECYCLING		25	-0.27839103	-0.7753935	0.8241525	0.9798579	1.0	1886	tags=16%, list=10%, signal=18%	
GOBP_REGULATION_OF_TYPE_I_INTERFERON_MEDIATED_SIGNALING_PATHWAY	GOBP_REGULATION_OF_TYPE_I_INTERFERON_MEDIATED_SIGNALING_PATHWAY		42	-0.25477898	-0.7749141	0.8603604	0.98003596	1.0	4959	tags=40%, list=26%, signal=54%	
GOBP_PIGMENT_GRANULE_ORGANIZATION	GOBP_PIGMENT_GRANULE_ORGANIZATION		39	-0.25990075	-0.7747254	0.8663595	0.97980356	1.0	3932	tags=26%, list=20%, signal=32%	
GOBP_GLUCOSE_CATABOLIC_PROCESS	GOBP_GLUCOSE_CATABOLIC_PROCESS		26	-0.27962548	-0.774408	0.8322148	0.9797325	1.0	754	tags=8%, list=4%, signal=8%	
GOBP_NUCLEAR_RNA_SURVEILLANCE	GOBP_NUCLEAR_RNA_SURVEILLANCE		15	-0.31991673	-0.7741317	0.7822581	0.97963345	1.0	5337	tags=40%, list=27%, signal=55%	
GOBP_RESPONSE_TO_MISFOLDED_PROTEIN	GOBP_RESPONSE_TO_MISFOLDED_PROTEIN		19	-0.30338007	-0.7740509	0.81041664	0.97925943	1.0	4734	tags=47%, list=24%, signal=63%	
GOMF_ACTIN_MONOMER_BINDING	GOMF_ACTIN_MONOMER_BINDING		25	-0.28445897	-0.7724526	0.83521444	0.9809425	1.0	1908	tags=20%, list=10%, signal=22%	
GOBP_PROTEIN_LOCALIZATION_TO_ENDOSOME	GOBP_PROTEIN_LOCALIZATION_TO_ENDOSOME		26	-0.28527334	-0.7720881	0.8179916	0.9809583	1.0	4559	tags=35%, list=23%, signal=45%	
GOBP_APOPTOTIC_PROCESS_INVOLVED_IN_MORPHOGENESIS	GOBP_APOPTOTIC_PROCESS_INVOLVED_IN_MORPHOGENESIS		25	-0.2882243	-0.77076	0.826484	0.9822415	1.0	2669	tags=24%, list=14%, signal=28%	
GOBP_POSITIVE_REGULATION_OF_MEMBRANE_PERMEABILITY	GOBP_POSITIVE_REGULATION_OF_MEMBRANE_PERMEABILITY		39	-0.25518414	-0.7703795	0.8301435	0.98226255	1.0	3653	tags=23%, list=19%, signal=28%	
GOCC_U1_SNRNP	GOCC_U1_SNRNP		17	-0.30947933	-0.77027464	0.793722	0.9819231	1.0	4969	tags=35%, list=26%, signal=47%	
GOMF_DNA_ENDONUCLEASE_ACTIVITY	GOMF_DNA_ENDONUCLEASE_ACTIVITY		39	-0.24853264	-0.7692278	0.8758782	0.98278964	1.0	2446	tags=18%, list=13%, signal=20%	
GOBP_NEGATIVE_REGULATION_OF_OXIDATIVE_STRESS_INDUCED_INTRINSIC_APOPTOTIC_SIGNALING_PATHWAY	GOBP_NEGATIVE_REGULATION_OF_OXIDATIVE_STRESS_INDUCED_INTRINSIC_APOPTOTIC_SIGNALING_PATHWAY		27	-0.2783484	-0.76889604	0.85555553	0.98274785	1.0	3848	tags=30%, list=20%, signal=37%	
GOBP_HISTONE_MRNA_METABOLIC_PROCESS	GOBP_HISTONE_MRNA_METABOLIC_PROCESS		20	-0.29978442	-0.7684945	0.7915743	0.9828038	1.0	1540	tags=15%, list=8%, signal=16%	
GOBP_MITOTIC_CYTOKINESIS	GOBP_MITOTIC_CYTOKINESIS		87	-0.22020867	-0.76764876	0.9522613	0.9834289	1.0	6146	tags=37%, list=32%, signal=54%	
GOBP_DORSAL_VENTRAL_NEURAL_TUBE_PATTERNING	GOBP_DORSAL_VENTRAL_NEURAL_TUBE_PATTERNING		16	-0.31301588	-0.7671172	0.7863248	0.983644	1.0	1834	tags=19%, list=9%, signal=21%	
GOBP_REGULATION_OF_MEIOTIC_CELL_CYCLE	GOBP_REGULATION_OF_MEIOTIC_CELL_CYCLE		62	-0.23458534	-0.76636755	0.9132653	0.9841363	1.0	5098	tags=29%, list=26%, signal=39%	
GOBP_RESPONSE_TO_NITRIC_OXIDE	GOBP_RESPONSE_TO_NITRIC_OXIDE		18	-0.30121422	-0.7644617	0.8	0.9861348	1.0	1880	tags=11%, list=10%, signal=12%	
GOMF_REGULATORY_RNA_BINDING	GOMF_REGULATORY_RNA_BINDING		46	-0.24132383	-0.7634156	0.8969555	0.9869642	1.0	2158	tags=11%, list=11%, signal=12%	
GOBP_POSITIVE_REGULATION_OF_TELOMERE_MAINTENANCE	GOBP_POSITIVE_REGULATION_OF_TELOMERE_MAINTENANCE		70	-0.2273989	-0.7633402	0.9325301	0.9865878	1.0	3239	tags=17%, list=17%, signal=20%	
GOBP_CELLULAR_RESPONSE_TO_HEAT	GOBP_CELLULAR_RESPONSE_TO_HEAT		62	-0.22954747	-0.7629058	0.9066986	0.98662925	1.0	5081	tags=35%, list=26%, signal=48%	
GOCC_ASTROCYTE_PROJECTION	GOCC_ASTROCYTE_PROJECTION		21	-0.2873953	-0.76150125	0.81497794	0.9878955	1.0	2493	tags=14%, list=13%, signal=16%	
GOBP_RNA_EXPORT_FROM_NUCLEUS	GOBP_RNA_EXPORT_FROM_NUCLEUS		83	-0.21619119	-0.7611315	0.93622446	0.9879018	1.0	4759	tags=27%, list=25%, signal=35%	
GOBP_POSITIVE_REGULATION_OF_TELOMERE_CAPPING	GOBP_POSITIVE_REGULATION_OF_TELOMERE_CAPPING		17	-0.30455345	-0.7597054	0.8090349	0.98916644	1.0	5086	tags=47%, list=26%, signal=64%	
GOBP_ESTABLISHMENT_OF_LYMPHOCYTE_POLARITY	GOBP_ESTABLISHMENT_OF_LYMPHOCYTE_POLARITY		15	-0.30800816	-0.7596503	0.8122271	0.98876077	1.0	108	tags=7%, list=1%, signal=7%	
GOBP_TELOMERE_MAINTENANCE_IN_RESPONSE_TO_DNA_DAMAGE	GOBP_TELOMERE_MAINTENANCE_IN_RESPONSE_TO_DNA_DAMAGE		30	-0.2676787	-0.75870365	0.833713	0.9894281	1.0	2954	tags=17%, list=15%, signal=20%	
GOCC_CHROMOSOMAL_REGION	GOCC_CHROMOSOMAL_REGION		355	-0.18222743	-0.7585547	1.0	0.98912483	1.0	5300	tags=29%, list=27%, signal=39%	
GOCC_CYTOPLASMIC_SIDE_OF_ENDOPLASMIC_RETICULUM_MEMBRANE	GOCC_CYTOPLASMIC_SIDE_OF_ENDOPLASMIC_RETICULUM_MEMBRANE		19	-0.29541805	-0.75837255	0.81663114	0.9888688	1.0	3683	tags=26%, list=19%, signal=32%	
GOMF_PROTEIN_SERINE_THREONINE_PHOSPHATASE_ACTIVITY	GOMF_PROTEIN_SERINE_THREONINE_PHOSPHATASE_ACTIVITY		90	-0.21987557	-0.7576117	0.9383378	0.98930377	1.0	5098	tags=27%, list=26%, signal=36%	
GOMF_LIPID_PHOSPHATASE_ACTIVITY	GOMF_LIPID_PHOSPHATASE_ACTIVITY		18	-0.30282196	-0.75726604	0.7939914	0.9892277	1.0	3022	tags=28%, list=16%, signal=33%	
GOBP_MYELIN_MAINTENANCE	GOBP_MYELIN_MAINTENANCE		16	-0.30348748	-0.7558679	0.8201754	0.99043584	1.0	2545	tags=19%, list=13%, signal=22%	
GOMF_SUMO_TRANSFERASE_ACTIVITY	GOMF_SUMO_TRANSFERASE_ACTIVITY		24	-0.28577888	-0.75491655	0.83668905	0.9911285	1.0	4868	tags=42%, list=25%, signal=56%	
GOBP_REGULATION_OF_PEPTIDYL_THREONINE_PHOSPHORYLATION	GOBP_REGULATION_OF_PEPTIDYL_THREONINE_PHOSPHORYLATION		40	-0.24428666	-0.7546959	0.9108434	0.990909	1.0	4160	tags=25%, list=21%, signal=32%	
GOMF_CYCLOSPORIN_A_BINDING	GOMF_CYCLOSPORIN_A_BINDING		19	-0.29536995	-0.75466484	0.8143712	0.9904765	1.0	1528	tags=16%, list=8%, signal=17%	
GOBP_PROTEIN_IMPORT_INTO_PEROXISOME_MATRIX	GOBP_PROTEIN_IMPORT_INTO_PEROXISOME_MATRIX		15	-0.30672944	-0.7541827	0.79565215	0.99055797	1.0	3957	tags=27%, list=20%, signal=33%	
GOBP_TRANSCYTOSIS	GOBP_TRANSCYTOSIS		21	-0.28735584	-0.7537278	0.82743365	0.99061817	1.0	2182	tags=24%, list=11%, signal=27%	
GOMF_CATALYTIC_ACTIVITY_ACTING_ON_DNA	GOMF_CATALYTIC_ACTIVITY_ACTING_ON_DNA		231	-0.19159329	-0.7536548	1.0	0.9902227	1.0	5120	tags=29%, list=26%, signal=39%	
GOBP_ESTABLISHMENT_OF_PROTEIN_LOCALIZATION_TO_PEROXISOME	GOBP_ESTABLISHMENT_OF_PROTEIN_LOCALIZATION_TO_PEROXISOME		20	-0.29170606	-0.75300777	0.82241017	0.9905122	1.0	3957	tags=25%, list=20%, signal=31%	
GOBP_HEART_FIELD_SPECIFICATION	GOBP_HEART_FIELD_SPECIFICATION		17	-0.30583528	-0.7530049	0.81390595	0.99004126	1.0	4160	tags=41%, list=21%, signal=52%	
GOBP_MITOTIC_SPINDLE_ASSEMBLY	GOBP_MITOTIC_SPINDLE_ASSEMBLY		70	-0.22172816	-0.75250983	0.9338235	0.99018407	1.0	3412	tags=23%, list=18%, signal=28%	
GOBP_DNA_INTEGRITY_CHECKPOINT_SIGNALING	GOBP_DNA_INTEGRITY_CHECKPOINT_SIGNALING		126	-0.20473254	-0.7519761	0.98595506	0.99033195	1.0	5310	tags=33%, list=27%, signal=44%	
GOBP_REGULATION_OF_MITOCHONDRIAL_GENE_EXPRESSION	GOBP_REGULATION_OF_MITOCHONDRIAL_GENE_EXPRESSION		30	-0.2696721	-0.7513785	0.8652968	0.99052054	1.0	2087	tags=13%, list=11%, signal=15%	
GOBP_INTRINSIC_APOPTOTIC_SIGNALING_PATHWAY_IN_RESPONSE_TO_OXIDATIVE_STRESS	GOBP_INTRINSIC_APOPTOTIC_SIGNALING_PATHWAY_IN_RESPONSE_TO_OXIDATIVE_STRESS		57	-0.23459521	-0.7508638	0.9198218	0.99063563	1.0	4068	tags=28%, list=21%, signal=35%	
GOBP_ENDONUCLEOLYTIC_CLEAVAGE_OF_TRICISTRONIC_RRNA_TRANSCRIPT_SSU_RRNA_5_8S_RRNA_LSU_RRNA	GOBP_ENDONUCLEOLYTIC_CLEAVAGE_OF_TRICISTRONIC_RRNA_TRANSCRIPT_SSU_RRNA_5_8S_RRNA_LSU_RRNA		16	-0.30351624	-0.7504929	0.81400436	0.99056435	1.0	3566	tags=31%, list=18%, signal=38%	
GOBP_COLLECTING_DUCT_DEVELOPMENT	GOBP_COLLECTING_DUCT_DEVELOPMENT		15	-0.3119527	-0.7502678	0.80717486	0.99034244	1.0	6822	tags=60%, list=35%, signal=92%	
GOBP_INCLUSION_BODY_ASSEMBLY	GOBP_INCLUSION_BODY_ASSEMBLY		23	-0.2829145	-0.7495965	0.82388663	0.99064505	1.0	4735	tags=39%, list=24%, signal=52%	
GOBP_MRNA_TRANSPORT	GOBP_MRNA_TRANSPORT		120	-0.20525011	-0.7495445	0.9822335	0.99023116	1.0	4759	tags=24%, list=25%, signal=32%	
GOBP_REGULATION_OF_PROTEIN_SUMOYLATION	GOBP_REGULATION_OF_PROTEIN_SUMOYLATION		24	-0.2721368	-0.74926037	0.875817	0.99008334	1.0	4994	tags=50%, list=26%, signal=67%	
GOMF_LAMIN_BINDING	GOMF_LAMIN_BINDING		16	-0.30472106	-0.74921834	0.8087318	0.9896555	1.0	1676	tags=19%, list=9%, signal=21%	
GOBP_COENZYME_A_METABOLIC_PROCESS	GOBP_COENZYME_A_METABOLIC_PROCESS		17	-0.2955171	-0.7488464	0.82663846	0.9895969	1.0	2637	tags=18%, list=14%, signal=20%	
GOBP_TRANSLATIONAL_TERMINATION	GOBP_TRANSLATIONAL_TERMINATION		15	-0.31318665	-0.74859875	0.82438016	0.9893879	1.0	5900	tags=53%, list=30%, signal=77%	
GOBP_CLATHRIN_COAT_ASSEMBLY	GOBP_CLATHRIN_COAT_ASSEMBLY		18	-0.29610372	-0.7479486	0.8209607	0.9896178	1.0	1594	tags=17%, list=8%, signal=18%	
GOBP_POSITIVE_REGULATION_OF_CHROMOSOME_ORGANIZATION	GOBP_POSITIVE_REGULATION_OF_CHROMOSOME_ORGANIZATION		105	-0.2072051	-0.7479334	0.97172236	0.98916477	1.0	5086	tags=25%, list=26%, signal=33%	
GOCC_INO80_COMPLEX	GOCC_INO80_COMPLEX		16	-0.3108701	-0.74768025	0.8340249	0.98895466	1.0	4332	tags=25%, list=22%, signal=32%	
GOBP_OXIDATIVE_PHOSPHORYLATION	GOBP_OXIDATIVE_PHOSPHORYLATION		103	-0.20784663	-0.7467391	0.9688312	0.98955184	1.0	6282	tags=34%, list=32%, signal=50%	
GOBP_RNA_MODIFICATION	GOBP_RNA_MODIFICATION		153	-0.19828108	-0.7466699	0.9814324	0.98915493	1.0	3940	tags=20%, list=20%, signal=24%	
GOBP_XENOBIOTIC_TRANSPORT	GOBP_XENOBIOTIC_TRANSPORT		45	-0.24006225	-0.7455726	0.90762126	0.9898683	1.0	5434	tags=40%, list=28%, signal=55%	
GOBP_CYTOKINETIC_PROCESS	GOBP_CYTOKINETIC_PROCESS		46	-0.23787083	-0.7449077	0.91784036	0.99010634	1.0	3909	tags=22%, list=20%, signal=27%	
GOBP_CENTRIOLE_CENTRIOLE_COHESION	GOBP_CENTRIOLE_CENTRIOLE_COHESION		15	-0.30936918	-0.74371046	0.80338264	0.9909531	1.0	3612	tags=27%, list=19%, signal=33%	
GOBP_PROTEIN_LOCALIZATION_TO_CHROMOSOME	GOBP_PROTEIN_LOCALIZATION_TO_CHROMOSOME		101	-0.20976867	-0.7434749	0.9830508	0.99074197	1.0	5233	tags=31%, list=27%, signal=42%	
GOCC_CYTOSOLIC_RIBOSOME	GOCC_CYTOSOLIC_RIBOSOME		114	-0.20320916	-0.74238014	0.97715735	0.9914307	1.0	3026	tags=12%, list=16%, signal=14%	
GOBP_TOOTH_MINERALIZATION	GOBP_TOOTH_MINERALIZATION		32	-0.2565588	-0.74156576	0.8966292	0.99186456	1.0	3893	tags=25%, list=20%, signal=31%	
GOBP_DNA_SYNTHESIS_INVOLVED_IN_DNA_REPAIR	GOBP_DNA_SYNTHESIS_INVOLVED_IN_DNA_REPAIR		39	-0.2509439	-0.74145657	0.8832952	0.9915094	1.0	2757	tags=18%, list=14%, signal=21%	
GOBP_RESPONSE_TO_GLUCAGON	GOBP_RESPONSE_TO_GLUCAGON		22	-0.28069586	-0.7413896	0.875	0.99110824	1.0	5341	tags=41%, list=27%, signal=56%	
GOBP_OOCYTE_DIFFERENTIATION	GOBP_OOCYTE_DIFFERENTIATION		57	-0.22939657	-0.7410494	0.9319249	0.9909798	1.0	4919	tags=28%, list=25%, signal=37%	
GOBP_POSITIVE_REGULATION_OF_SIGNAL_TRANSDUCTION_BY_P53_CLASS_MEDIATOR	GOBP_POSITIVE_REGULATION_OF_SIGNAL_TRANSDUCTION_BY_P53_CLASS_MEDIATOR		28	-0.26636672	-0.7408267	0.87916666	0.9907397	1.0	2401	tags=18%, list=12%, signal=20%	
GOBP_REGULATORY_NCRNA_MEDIATED_GENE_SILENCING	GOBP_REGULATORY_NCRNA_MEDIATED_GENE_SILENCING		118	-0.2017231	-0.74053794	0.98740554	0.99055	1.0	2605	tags=12%, list=13%, signal=14%	
GOBP_RIBOSOME_DISASSEMBLY	GOBP_RIBOSOME_DISASSEMBLY		36	-0.25359508	-0.740359	0.91235954	0.99026865	1.0	5310	tags=44%, list=27%, signal=61%	
GOMF_FERROUS_IRON_BINDING	GOMF_FERROUS_IRON_BINDING		26	-0.2701437	-0.73958933	0.8472803	0.9906231	1.0	1409	tags=15%, list=7%, signal=17%	
GOBP_MRNA_EXPORT_FROM_NUCLEUS	GOBP_MRNA_EXPORT_FROM_NUCLEUS		65	-0.22189467	-0.7393651	0.9387255	0.990392	1.0	4759	tags=28%, list=25%, signal=37%	
GOBP_PROTEASOME_MEDIATED_UBIQUITIN_DEPENDENT_PROTEIN_CATABOLIC_PROCESS	GOBP_PROTEASOME_MEDIATED_UBIQUITIN_DEPENDENT_PROTEIN_CATABOLIC_PROCESS		379	-0.17730512	-0.7393014	1.0	0.9900027	1.0	4028	tags=21%, list=21%, signal=25%	
GOBP_RNA_TEMPLATED_DNA_BIOSYNTHETIC_PROCESS	GOBP_RNA_TEMPLATED_DNA_BIOSYNTHETIC_PROCESS		68	-0.22106114	-0.7384124	0.9589041	0.9904387	1.0	3239	tags=16%, list=17%, signal=19%	
GOCC_REPLISOME	GOCC_REPLISOME		24	-0.273497	-0.7374014	0.8565121	0.99097085	1.0	4289	tags=25%, list=22%, signal=32%	
GOCC_ESC_E_Z_COMPLEX	GOCC_ESC_E_Z_COMPLEX		15	-0.3103422	-0.73727363	0.8295964	0.99062985	1.0	3574	tags=33%, list=18%, signal=41%	
GOMF_STRUCTURAL_CONSTITUENT_OF_NUCLEAR_PORE	GOMF_STRUCTURAL_CONSTITUENT_OF_NUCLEAR_PORE		22	-0.27942923	-0.73719525	0.8663793	0.9902564	1.0	3412	tags=23%, list=18%, signal=28%	
GOCC_NUCLEAR_PORE	GOCC_NUCLEAR_PORE		89	-0.21032327	-0.73537356	0.97820824	0.991582	1.0	4080	tags=24%, list=21%, signal=30%	
GOBP_REGULATION_OF_VIRAL_TRANSCRIPTION	GOBP_REGULATION_OF_VIRAL_TRANSCRIPTION		19	-0.2883077	-0.73467124	0.8574713	0.99180585	1.0	4180	tags=26%, list=22%, signal=33%	
GOBP_TRANSLATIONAL_INITIATION	GOBP_TRANSLATIONAL_INITIATION		117	-0.2011193	-0.73449045	0.9889197	0.9915064	1.0	5690	tags=30%, list=29%, signal=42%	
GOBP_RESPIRATORY_CHAIN_COMPLEX_IV_ASSEMBLY	GOBP_RESPIRATORY_CHAIN_COMPLEX_IV_ASSEMBLY		21	-0.2811397	-0.7343823	0.8623656	0.99115247	1.0	4452	tags=38%, list=23%, signal=49%	
GOBP_POSITIVE_REGULATION_OF_TYPE_2_IMMUNE_RESPONSE	GOBP_POSITIVE_REGULATION_OF_TYPE_2_IMMUNE_RESPONSE		18	-0.2916575	-0.7341219	0.84375	0.9909312	1.0	3990	tags=33%, list=21%, signal=42%	
GOMF_METHYLATION_DEPENDENT_PROTEIN_BINDING	GOMF_METHYLATION_DEPENDENT_PROTEIN_BINDING		76	-0.21820225	-0.7333905	0.9557292	0.99119955	1.0	5128	tags=33%, list=26%, signal=45%	
GOMF_STRUCTURAL_CONSTITUENT_OF_RIBOSOME	GOMF_STRUCTURAL_CONSTITUENT_OF_RIBOSOME		156	-0.19180469	-0.73286176	0.9943343	0.9912835	1.0	5683	tags=24%, list=29%, signal=34%	
GOBP_REGULATION_OF_HEMATOPOIETIC_STEM_CELL_DIFFERENTIATION	GOBP_REGULATION_OF_HEMATOPOIETIC_STEM_CELL_DIFFERENTIATION		17	-0.2892394	-0.7327551	0.84521383	0.99092436	1.0	1010	tags=12%, list=5%, signal=12%	
GOBP_POSITIVE_REGULATION_OF_RNA_SPLICING	GOBP_POSITIVE_REGULATION_OF_RNA_SPLICING		48	-0.23620197	-0.73151517	0.92152464	0.9916789	1.0	5102	tags=29%, list=26%, signal=39%	
GOMF_NUCLEOSIDE_MONOPHOSPHATE_KINASE_ACTIVITY	GOMF_NUCLEOSIDE_MONOPHOSPHATE_KINASE_ACTIVITY		20	-0.2833723	-0.73102546	0.87637967	0.99168414	1.0	4482	tags=30%, list=23%, signal=39%	
GOCC_MEDIATOR_COMPLEX	GOCC_MEDIATOR_COMPLEX		36	-0.24599543	-0.7268542	0.9139073	0.9952041	1.0	5766	tags=47%, list=30%, signal=67%	
GOBP_ESTABLISHMENT_OF_EPITHELIAL_CELL_APICAL_BASAL_POLARITY	GOBP_ESTABLISHMENT_OF_EPITHELIAL_CELL_APICAL_BASAL_POLARITY		17	-0.2861858	-0.7267344	0.8443497	0.99484384	1.0	1340	tags=18%, list=7%, signal=19%	
GOMF_PROTEIN_FOLDING_CHAPERONE	GOMF_PROTEIN_FOLDING_CHAPERONE		63	-0.22064222	-0.72654814	0.9335038	0.99456346	1.0	4304	tags=27%, list=22%, signal=35%	
GOBP_MITOCHONDRIAL_TRANSLATION	GOBP_MITOCHONDRIAL_TRANSLATION		126	-0.20010023	-0.72600466	0.9921875	0.99460393	1.0	6011	tags=34%, list=31%, signal=49%	
GOBP_INTERLEUKIN_6_MEDIATED_SIGNALING_PATHWAY	GOBP_INTERLEUKIN_6_MEDIATED_SIGNALING_PATHWAY		18	-0.2853475	-0.7259709	0.8689516	0.99416465	1.0	1480	tags=17%, list=8%, signal=18%	
GOBP_CHONDROITIN_SULFATE_PROTEOGLYCAN_BIOSYNTHETIC_PROCESS	GOBP_CHONDROITIN_SULFATE_PROTEOGLYCAN_BIOSYNTHETIC_PROCESS		24	-0.2682364	-0.7249363	0.85871965	0.994628	1.0	4799	tags=42%, list=25%, signal=55%	
GOBP_CYTOSKELETON_DEPENDENT_CYTOKINESIS	GOBP_CYTOSKELETON_DEPENDENT_CYTOKINESIS		101	-0.20238422	-0.72485214	0.97044337	0.99423844	1.0	5324	tags=29%, list=27%, signal=39%	
GOBP_UBIQUITIN_DEPENDENT_PROTEIN_CATABOLIC_PROCESS_VIA_THE_MULTIVESICULAR_BODY_SORTING_PATHWAY	GOBP_UBIQUITIN_DEPENDENT_PROTEIN_CATABOLIC_PROCESS_VIA_THE_MULTIVESICULAR_BODY_SORTING_PATHWAY		36	-0.24135242	-0.7229997	0.90625	0.99548703	1.0	3909	tags=25%, list=20%, signal=31%	
GOBP_DNA_LIGATION	GOBP_DNA_LIGATION		16	-0.29724786	-0.7207695	0.87603307	0.9970455	1.0	4815	tags=31%, list=25%, signal=42%	
GOBP_MEIOTIC_SPINDLE_ORGANIZATION	GOBP_MEIOTIC_SPINDLE_ORGANIZATION		17	-0.28694212	-0.72040147	0.8463158	0.9969175	1.0	1547	tags=12%, list=8%, signal=13%	
GOBP_PROTEIN_TRANSMEMBRANE_IMPORT_INTO_INTRACELLULAR_ORGANELLE	GOBP_PROTEIN_TRANSMEMBRANE_IMPORT_INTO_INTRACELLULAR_ORGANELLE		38	-0.2406317	-0.720377	0.91845495	0.99647427	1.0	5329	tags=32%, list=27%, signal=43%	
GOBP_HETEROCHROMATIN_FORMATION	GOBP_HETEROCHROMATIN_FORMATION		101	-0.20318568	-0.7186816	0.98245615	0.9975267	1.0	3642	tags=15%, list=19%, signal=18%	
GOMF_MOLECULAR_CONDENSATE_SCAFFOLD_ACTIVITY	GOMF_MOLECULAR_CONDENSATE_SCAFFOLD_ACTIVITY		37	-0.2391708	-0.71702874	0.9300226	0.99848574	1.0	4776	tags=35%, list=25%, signal=47%	
GOCC_LARGE_RIBOSOMAL_SUBUNIT	GOCC_LARGE_RIBOSOMAL_SUBUNIT		110	-0.19523847	-0.7168476	0.9861111	0.9981844	1.0	4771	tags=20%, list=25%, signal=26%	
GOBP_RESPONSE_TO_HYPEROXIA	GOBP_RESPONSE_TO_HYPEROXIA		18	-0.28709352	-0.7158253	0.8375	0.9985791	1.0	4195	tags=39%, list=22%, signal=50%	
GOMF_PRIMARY_ACTIVE_TRANSMEMBRANE_TRANSPORTER_ACTIVITY	GOMF_PRIMARY_ACTIVE_TRANSMEMBRANE_TRANSPORTER_ACTIVITY		143	-0.19004877	-0.7127217	0.9971671	1.0	1.0	6018	tags=34%, list=31%, signal=49%	
GOBP_KERATINOCYTE_MIGRATION	GOBP_KERATINOCYTE_MIGRATION		19	-0.2770257	-0.711768	0.870021	1.0	1.0	355	tags=11%, list=2%, signal=11%	
GOMF_SINGLE_STRANDED_RNA_BINDING	GOMF_SINGLE_STRANDED_RNA_BINDING		79	-0.20685562	-0.7111354	0.99014777	1.0	1.0	2487	tags=13%, list=13%, signal=14%	
GOBP_PROTEIN_DNA_COMPLEX_DISASSEMBLY	GOBP_PROTEIN_DNA_COMPLEX_DISASSEMBLY		19	-0.2774899	-0.7101978	0.8809035	1.0	1.0	1454	tags=11%, list=7%, signal=11%	
GOMF_ATPASE_COUPLED_TRANSMEMBRANE_TRANSPORTER_ACTIVITY	GOMF_ATPASE_COUPLED_TRANSMEMBRANE_TRANSPORTER_ACTIVITY		93	-0.20440455	-0.709319	0.9948454	1.0	1.0	2551	tags=15%, list=13%, signal=17%	
GOMF_DNA_DAMAGE_SENSOR_ACTIVITY	GOMF_DNA_DAMAGE_SENSOR_ACTIVITY		20	-0.27289048	-0.7081527	0.8877339	1.0	1.0	4919	tags=30%, list=25%, signal=40%	
GOBP_MITOCHONDRIAL_GENE_EXPRESSION	GOBP_MITOCHONDRIAL_GENE_EXPRESSION		159	-0.18438269	-0.70772356	1.0	1.0	1.0	6011	tags=33%, list=31%, signal=47%	
GOMF_NEUROPEPTIDE_ACTIVITY	GOMF_NEUROPEPTIDE_ACTIVITY		28	-0.25478455	-0.7072144	0.9140969	1.0	1.0	3038	tags=18%, list=16%, signal=21%	
GOBP_RNA_SPLICING_VIA_TRANSESTERIFICATION_REACTIONS	GOBP_RNA_SPLICING_VIA_TRANSESTERIFICATION_REACTIONS		296	-0.17417371	-0.70673585	1.0	1.0	1.0	5153	tags=27%, list=27%, signal=36%	
GOBP_DNA_REPLICATION_INITIATION	GOBP_DNA_REPLICATION_INITIATION		36	-0.23936337	-0.7065916	0.92152464	1.0	1.0	3204	tags=22%, list=16%, signal=27%	
GOMF_DNA_NUCLEASE_ACTIVITY	GOMF_DNA_NUCLEASE_ACTIVITY		61	-0.21549776	-0.70539886	0.96460176	1.0	1.0	4815	tags=31%, list=25%, signal=41%	
GOBP_GLYCOSYL_COMPOUND_BIOSYNTHETIC_PROCESS	GOBP_GLYCOSYL_COMPOUND_BIOSYNTHETIC_PROCESS		21	-0.26786524	-0.70493716	0.88069415	1.0	1.0	749	tags=10%, list=4%, signal=10%	
GOBP_TRANSLESION_SYNTHESIS	GOBP_TRANSLESION_SYNTHESIS		25	-0.2538602	-0.70447683	0.9020045	1.0	1.0	2757	tags=16%, list=14%, signal=19%	
GOBP_REGULATION_OF_CENTROSOME_CYCLE	GOBP_REGULATION_OF_CENTROSOME_CYCLE		50	-0.22104132	-0.70420957	0.9546539	1.0	1.0	3909	tags=24%, list=20%, signal=30%	
GOBP_CLATHRIN_DEPENDENT_ENDOCYTOSIS	GOBP_CLATHRIN_DEPENDENT_ENDOCYTOSIS		48	-0.22249563	-0.7029455	0.95238096	1.0	1.0	2339	tags=17%, list=12%, signal=19%	
GOBP_GLYCOSIDE_METABOLIC_PROCESS	GOBP_GLYCOSIDE_METABOLIC_PROCESS		20	-0.2719923	-0.7009881	0.92	1.0	1.0	2584	tags=20%, list=13%, signal=23%	
GOBP_SPLICEOSOMAL_COMPLEX_ASSEMBLY	GOBP_SPLICEOSOMAL_COMPLEX_ASSEMBLY		78	-0.20077613	-0.7003541	0.98245615	1.0	1.0	6014	tags=36%, list=31%, signal=52%	
GOMF_LNCRNA_BINDING	GOMF_LNCRNA_BINDING		17	-0.28311536	-0.70001096	0.8940678	1.0	1.0	3431	tags=18%, list=18%, signal=21%	
GOBP_REGULATION_OF_TELOMERE_CAPPING	GOBP_REGULATION_OF_TELOMERE_CAPPING		26	-0.24782696	-0.6997634	0.8995215	1.0	1.0	5086	tags=38%, list=26%, signal=52%	
GOBP_RIBOSOMAL_SMALL_SUBUNIT_BIOGENESIS	GOBP_RIBOSOMAL_SMALL_SUBUNIT_BIOGENESIS		100	-0.19586532	-0.69945914	0.99450547	1.0	1.0	3815	tags=19%, list=20%, signal=24%	
GOBP_NEGATIVE_REGULATION_OF_TORC1_SIGNALING	GOBP_NEGATIVE_REGULATION_OF_TORC1_SIGNALING		42	-0.22863045	-0.6988843	0.9575472	1.0	1.0	5954	tags=36%, list=31%, signal=51%	
GOBP_REGULATION_OF_CHOLESTEROL_BIOSYNTHETIC_PROCESS	GOBP_REGULATION_OF_CHOLESTEROL_BIOSYNTHETIC_PROCESS		19	-0.2769393	-0.69840664	0.88866395	1.0	1.0	3806	tags=32%, list=20%, signal=39%	
GOCC_GTPASE_COMPLEX	GOCC_GTPASE_COMPLEX		38	-0.23471193	-0.69837254	0.94166666	1.0	1.0	2530	tags=16%, list=13%, signal=18%	
GOBP_REGULATION_OF_DENDRITE_EXTENSION	GOBP_REGULATION_OF_DENDRITE_EXTENSION		24	-0.25610763	-0.6971868	0.9195652	1.0	1.0	5421	tags=33%, list=28%, signal=46%	
GOBP_PURINE_NUCLEOSIDE_MONOPHOSPHATE_METABOLIC_PROCESS	GOBP_PURINE_NUCLEOSIDE_MONOPHOSPHATE_METABOLIC_PROCESS		40	-0.22881468	-0.6971442	0.9469879	1.0	1.0	3605	tags=20%, list=19%, signal=25%	
GOMF_BASAL_TRANSCRIPTION_MACHINERY_BINDING	GOMF_BASAL_TRANSCRIPTION_MACHINERY_BINDING		57	-0.21601003	-0.6968066	0.9543147	1.0	1.0	5152	tags=30%, list=27%, signal=40%	
GOBP_VIRION_ASSEMBLY	GOBP_VIRION_ASSEMBLY		34	-0.23558234	-0.6964149	0.94013304	1.0	1.0	4522	tags=26%, list=23%, signal=34%	
GOBP_RESPONSE_TO_MACROPHAGE_COLONY_STIMULATING_FACTOR	GOBP_RESPONSE_TO_MACROPHAGE_COLONY_STIMULATING_FACTOR		17	-0.28251255	-0.6948708	0.8958333	1.0	1.0	1420	tags=12%, list=7%, signal=13%	
GOBP_MALE_MEIOSIS_I	GOBP_MALE_MEIOSIS_I		24	-0.25690624	-0.69466484	0.90105265	1.0	1.0	1847	tags=13%, list=10%, signal=14%	
GOMF_NUCLEAR_VITAMIN_D_RECEPTOR_BINDING	GOMF_NUCLEAR_VITAMIN_D_RECEPTOR_BINDING		15	-0.29445776	-0.69433796	0.88429755	1.0	1.0	6264	tags=47%, list=32%, signal=69%	
GOMF_CYTOSKELETAL_ANCHOR_ACTIVITY	GOMF_CYTOSKELETAL_ANCHOR_ACTIVITY		24	-0.25334072	-0.6942813	0.9106754	1.0	1.0	1996	tags=17%, list=10%, signal=19%	
GOBP_VESICLE_DOCKING_INVOLVED_IN_EXOCYTOSIS	GOBP_VESICLE_DOCKING_INVOLVED_IN_EXOCYTOSIS		35	-0.23541526	-0.69354314	0.93541205	1.0	1.0	6146	tags=51%, list=32%, signal=75%	
GOCC_NEUROTRANSMITTER_RECEPTOR_COMPLEX	GOCC_NEUROTRANSMITTER_RECEPTOR_COMPLEX		43	-0.22435172	-0.69316906	0.95862067	1.0	1.0	5705	tags=26%, list=29%, signal=36%	
GOCC_SPLICEOSOMAL_COMPLEX	GOCC_SPLICEOSOMAL_COMPLEX		195	-0.17889638	-0.69235647	0.9969697	1.0	1.0	5153	tags=26%, list=27%, signal=35%	
GOMF_OPSONIN_BINDING	GOMF_OPSONIN_BINDING		20	-0.26596972	-0.6921153	0.8891304	1.0	1.0	2859	tags=25%, list=15%, signal=29%	
GOBP_PEPTIDYL_LYSINE_ACETYLATION	GOBP_PEPTIDYL_LYSINE_ACETYLATION		22	-0.267388	-0.6911789	0.8933054	1.0	1.0	4907	tags=36%, list=25%, signal=49%	
GOBP_REGULATION_OF_FATTY_ACID_BETA_OXIDATION	GOBP_REGULATION_OF_FATTY_ACID_BETA_OXIDATION		19	-0.27073294	-0.69114095	0.8984547	1.0	1.0	2144	tags=16%, list=11%, signal=18%	
GOBP_REGULATION_OF_MACROPHAGE_DIFFERENTIATION	GOBP_REGULATION_OF_MACROPHAGE_DIFFERENTIATION		23	-0.25640213	-0.69059354	0.9133065	1.0	1.0	2897	tags=17%, list=15%, signal=20%	
GOBP_POSITIVE_REGULATION_OF_PHOSPHOPROTEIN_PHOSPHATASE_ACTIVITY	GOBP_POSITIVE_REGULATION_OF_PHOSPHOPROTEIN_PHOSPHATASE_ACTIVITY		17	-0.27401993	-0.69043267	0.8637317	0.9998201	1.0	5616	tags=35%, list=29%, signal=50%	
GOBP_PYRIMIDINE_NUCLEOSIDE_MONOPHOSPHATE_METABOLIC_PROCESS	GOBP_PYRIMIDINE_NUCLEOSIDE_MONOPHOSPHATE_METABOLIC_PROCESS		21	-0.26386663	-0.69026804	0.8957447	0.999479	1.0	2929	tags=19%, list=15%, signal=22%	
GOBP_RIBOSOMAL_SUBUNIT_EXPORT_FROM_NUCLEUS	GOBP_RIBOSOMAL_SUBUNIT_EXPORT_FROM_NUCLEUS		15	-0.2842938	-0.6902548	0.8736617	0.99903107	1.0	2709	tags=20%, list=14%, signal=23%	
GOBP_REGULATION_OF_OXIDATIVE_PHOSPHORYLATION	GOBP_REGULATION_OF_OXIDATIVE_PHOSPHORYLATION		20	-0.2679919	-0.6900111	0.9056604	0.99874276	1.0	633	tags=10%, list=3%, signal=10%	
GOMF_ACETYLATION_DEPENDENT_PROTEIN_BINDING	GOMF_ACETYLATION_DEPENDENT_PROTEIN_BINDING		25	-0.24847095	-0.6865788	0.9256017	1.0	1.0	4999	tags=32%, list=26%, signal=43%	
GOMF_RNA_POLYMERASE_II_CORE_PROMOTER_SEQUENCE_SPECIFIC_DNA_BINDING	GOMF_RNA_POLYMERASE_II_CORE_PROMOTER_SEQUENCE_SPECIFIC_DNA_BINDING		17	-0.2778144	-0.68650484	0.8802521	1.0	1.0	4691	tags=35%, list=24%, signal=46%	
GOMF_NUCLEOCYTOPLASMIC_CARRIER_ACTIVITY	GOMF_NUCLEOCYTOPLASMIC_CARRIER_ACTIVITY		30	-0.24425071	-0.68621176	0.9281046	0.9998635	1.0	4064	tags=27%, list=21%, signal=34%	
GOBP_MITOTIC_SISTER_CHROMATID_SEGREGATION	GOBP_MITOTIC_SISTER_CHROMATID_SEGREGATION		183	-0.17738752	-0.6847787	1.0	1.0	1.0	5858	tags=32%, list=30%, signal=46%	
GOBP_PEROXISOME_ORGANIZATION	GOBP_PEROXISOME_ORGANIZATION		33	-0.23815686	-0.6846115	0.95154184	0.9999579	1.0	3957	tags=24%, list=20%, signal=30%	
GOBP_SPLICEOSOMAL_SNRNP_ASSEMBLY	GOBP_SPLICEOSOMAL_SNRNP_ASSEMBLY		41	-0.224012	-0.6840864	0.9504717	0.9998283	1.0	5277	tags=32%, list=27%, signal=43%	
GOBP_GOLGI_TO_PLASMA_MEMBRANE_PROTEIN_TRANSPORT	GOBP_GOLGI_TO_PLASMA_MEMBRANE_PROTEIN_TRANSPORT		41	-0.2276723	-0.6832267	0.96055686	0.99991375	1.0	1048	tags=10%, list=5%, signal=10%	
GOBP_INDOLE_CONTAINING_COMPOUND_METABOLIC_PROCESS	GOBP_INDOLE_CONTAINING_COMPOUND_METABOLIC_PROCESS		24	-0.25128546	-0.68222755	0.9239374	1.0	1.0	2604	tags=17%, list=13%, signal=19%	
GOBP_REGULATION_OF_MITOTIC_SISTER_CHROMATID_SEGREGATION	GOBP_REGULATION_OF_MITOTIC_SISTER_CHROMATID_SEGREGATION		54	-0.21163759	-0.6813511	0.97536945	1.0	1.0	5988	tags=39%, list=31%, signal=56%	
GOMF_LIGASE_ACTIVITY_FORMING_CARBON_NITROGEN_BONDS	GOMF_LIGASE_ACTIVITY_FORMING_CARBON_NITROGEN_BONDS		46	-0.21675512	-0.67880803	0.96642685	1.0	1.0	4887	tags=37%, list=25%, signal=49%	
GOMF_STRUCTURAL_CONSTITUENT_OF_EYE_LENS	GOMF_STRUCTURAL_CONSTITUENT_OF_EYE_LENS		22	-0.2597137	-0.6786437	0.9287212	1.0	1.0	356	tags=5%, list=2%, signal=5%	
GOBP_REGULATION_OF_VOLTAGE_GATED_CALCIUM_CHANNEL_ACTIVITY	GOBP_REGULATION_OF_VOLTAGE_GATED_CALCIUM_CHANNEL_ACTIVITY		24	-0.25271013	-0.674028	0.92477876	1.0	1.0	2226	tags=13%, list=11%, signal=14%	
GOBP_CENTROMERE_COMPLEX_ASSEMBLY	GOBP_CENTROMERE_COMPLEX_ASSEMBLY		27	-0.24060713	-0.67335725	0.9362187	1.0	1.0	5019	tags=30%, list=26%, signal=40%	
GOMF_BILE_ACID_TRANSMEMBRANE_TRANSPORTER_ACTIVITY	GOMF_BILE_ACID_TRANSMEMBRANE_TRANSPORTER_ACTIVITY		20	-0.25706762	-0.67259	0.92391306	1.0	1.0	701	tags=5%, list=4%, signal=5%	
GOBP_MITOTIC_SISTER_CHROMATID_SEPARATION	GOBP_MITOTIC_SISTER_CHROMATID_SEPARATION		62	-0.20280786	-0.67247456	0.9820972	1.0	1.0	5988	tags=37%, list=31%, signal=53%	
GOBP_GMP_METABOLIC_PROCESS	GOBP_GMP_METABOLIC_PROCESS		27	-0.2449412	-0.67205036	0.9466951	1.0	1.0	5395	tags=33%, list=28%, signal=46%	
GOBP_INTESTINAL_LIPID_ABSORPTION	GOBP_INTESTINAL_LIPID_ABSORPTION		22	-0.25521946	-0.6706071	0.91938996	1.0	1.0	3558	tags=32%, list=18%, signal=39%	
GOBP_RNA_METHYLATION	GOBP_RNA_METHYLATION		72	-0.19758657	-0.6695289	0.9904762	1.0	1.0	3455	tags=18%, list=18%, signal=22%	
GOBP_RESPONSE_TO_UV_B	GOBP_RESPONSE_TO_UV_B		20	-0.25291127	-0.66886127	0.9082569	1.0	1.0	2589	tags=20%, list=13%, signal=23%	
GOBP_RIBOSOMAL_SMALL_SUBUNIT_ASSEMBLY	GOBP_RIBOSOMAL_SMALL_SUBUNIT_ASSEMBLY		18	-0.26606485	-0.66852415	0.90929705	1.0	1.0	5683	tags=33%, list=29%, signal=47%	
GOCC_PCG_PROTEIN_COMPLEX	GOCC_PCG_PROTEIN_COMPLEX		47	-0.2134897	-0.6664322	0.968599	1.0	1.0	4350	tags=28%, list=22%, signal=36%	
GOBP_POSITIVE_REGULATION_OF_PROTEIN_TARGETING_TO_MEMBRANE	GOBP_POSITIVE_REGULATION_OF_PROTEIN_TARGETING_TO_MEMBRANE		28	-0.23868212	-0.665253	0.94196427	1.0	1.0	2917	tags=21%, list=15%, signal=25%	
GOMF_TRANSCRIPTION_COREPRESSOR_BINDING	GOMF_TRANSCRIPTION_COREPRESSOR_BINDING		44	-0.2136265	-0.6647338	0.9842697	1.0	1.0	5095	tags=32%, list=26%, signal=43%	
GOMF_UBIQUITIN_PROTEIN_TRANSFERASE_ACTIVATOR_ACTIVITY	GOMF_UBIQUITIN_PROTEIN_TRANSFERASE_ACTIVATOR_ACTIVITY		15	-0.28205523	-0.6600604	0.8960499	1.0	1.0	8404	tags=60%, list=43%, signal=106%	
GOBP_REGULATION_OF_RESPONSE_TO_OXIDATIVE_STRESS	GOBP_REGULATION_OF_RESPONSE_TO_OXIDATIVE_STRESS		29	-0.23521139	-0.65983856	0.9557522	1.0	1.0	2669	tags=17%, list=14%, signal=20%	
GOBP_POSITIVE_REGULATION_OF_FATTY_ACID_BIOSYNTHETIC_PROCESS	GOBP_POSITIVE_REGULATION_OF_FATTY_ACID_BIOSYNTHETIC_PROCESS		21	-0.25266382	-0.65962225	0.9269406	1.0	1.0	6684	tags=57%, list=34%, signal=87%	
GOBP_TYPE_B_PANCREATIC_CELL_PROLIFERATION	GOBP_TYPE_B_PANCREATIC_CELL_PROLIFERATION		26	-0.24597351	-0.659263	0.94004285	1.0	1.0	1845	tags=15%, list=9%, signal=17%	
GOMF_UBIQUITIN_LIKE_PROTEIN_CONJUGATING_ENZYME_ACTIVITY	GOMF_UBIQUITIN_LIKE_PROTEIN_CONJUGATING_ENZYME_ACTIVITY		38	-0.22284691	-0.65894675	0.9638826	1.0	1.0	4828	tags=32%, list=25%, signal=42%	
GOBP_MIRNA_MEDIATED_GENE_SILENCING_BY_INHIBITION_OF_TRANSLATION	GOBP_MIRNA_MEDIATED_GENE_SILENCING_BY_INHIBITION_OF_TRANSLATION		18	-0.26112834	-0.6588122	0.90945673	1.0	1.0	1215	tags=11%, list=6%, signal=12%	
GOMF_LOW_DENSITY_LIPOPROTEIN_PARTICLE_RECEPTOR_BINDING	GOMF_LOW_DENSITY_LIPOPROTEIN_PARTICLE_RECEPTOR_BINDING		23	-0.24788529	-0.65859395	0.9537815	1.0	1.0	2859	tags=22%, list=15%, signal=25%	
GOMF_RNA_POLYMERASE_II_GENERAL_TRANSCRIPTION_INITIATION_FACTOR_ACTIVITY	GOMF_RNA_POLYMERASE_II_GENERAL_TRANSCRIPTION_INITIATION_FACTOR_ACTIVITY		39	-0.21744658	-0.65739715	0.97196263	1.0	1.0	3342	tags=23%, list=17%, signal=28%	
GOBP_POSITIVE_REGULATION_OF_METAPHASE_ANAPHASE_TRANSITION_OF_CELL_CYCLE	GOBP_POSITIVE_REGULATION_OF_METAPHASE_ANAPHASE_TRANSITION_OF_CELL_CYCLE		15	-0.2670846	-0.6572005	0.9270386	1.0	1.0	4933	tags=33%, list=25%, signal=45%	
GOBP_POSITIVE_REGULATION_OF_DENDRITE_DEVELOPMENT	GOBP_POSITIVE_REGULATION_OF_DENDRITE_DEVELOPMENT		16	-0.26883936	-0.6569874	0.92738587	1.0	1.0	4765	tags=44%, list=25%, signal=58%	
GOCC_ENDOPLASMIC_RETICULUM_EXIT_SITE	GOCC_ENDOPLASMIC_RETICULUM_EXIT_SITE		30	-0.23086452	-0.65620583	0.9506726	1.0	1.0	2718	tags=17%, list=14%, signal=19%	
GOBP_PEROXISOMAL_TRANSPORT	GOBP_PEROXISOMAL_TRANSPORT		22	-0.24619868	-0.65529794	0.938326	1.0	1.0	4891	tags=27%, list=25%, signal=36%	
GOMF_RNA_POLYMERASE_II_GENERAL_TRANSCRIPTION_INITIATION_FACTOR_BINDING	GOMF_RNA_POLYMERASE_II_GENERAL_TRANSCRIPTION_INITIATION_FACTOR_BINDING		24	-0.24217156	-0.6552185	0.9584245	1.0	1.0	6354	tags=42%, list=33%, signal=62%	
GOCC_CUL4_RING_E3_UBIQUITIN_LIGASE_COMPLEX	GOCC_CUL4_RING_E3_UBIQUITIN_LIGASE_COMPLEX		34	-0.22721115	-0.6548127	0.9581498	1.0	1.0	3898	tags=21%, list=20%, signal=26%	
GOBP_POSITIVE_REGULATION_OF_TRANSCRIPTION_BY_RNA_POLYMERASE_III	GOBP_POSITIVE_REGULATION_OF_TRANSCRIPTION_BY_RNA_POLYMERASE_III		17	-0.26528957	-0.65342426	0.92948717	1.0	1.0	1512	tags=12%, list=8%, signal=13%	
GOMF_TYPE_I_INTERFERON_RECEPTOR_BINDING	GOMF_TYPE_I_INTERFERON_RECEPTOR_BINDING		17	-0.2613366	-0.6518828	0.9156118	1.0	1.0	1025	tags=6%, list=5%, signal=6%	
GOMF_ATP_DEPENDENT_ACTIVITY_ACTING_ON_DNA	GOMF_ATP_DEPENDENT_ACTIVITY_ACTING_ON_DNA		111	-0.18225546	-0.65026766	1.0	1.0	1.0	5102	tags=29%, list=26%, signal=39%	
GOBP_REGULATION_OF_TELOMERE_MAINTENANCE_IN_RESPONSE_TO_DNA_DAMAGE	GOBP_REGULATION_OF_TELOMERE_MAINTENANCE_IN_RESPONSE_TO_DNA_DAMAGE		19	-0.24887045	-0.647841	0.9431579	1.0	1.0	4383	tags=21%, list=23%, signal=27%	
GOBP_PHOSPHATE_ION_TRANSPORT	GOBP_PHOSPHATE_ION_TRANSPORT		27	-0.22985421	-0.6477707	0.9552573	1.0	1.0	5434	tags=37%, list=28%, signal=51%	
GOMF_INOSITOL_PHOSPHATE_PHOSPHATASE_ACTIVITY	GOMF_INOSITOL_PHOSPHATE_PHOSPHATASE_ACTIVITY		18	-0.25731978	-0.6470087	0.9239374	1.0	1.0	2617	tags=22%, list=13%, signal=26%	
GOMF_MYOSIN_PHOSPHATASE_ACTIVITY	GOMF_MYOSIN_PHOSPHATASE_ACTIVITY		70	-0.1908465	-0.6469906	0.9929245	1.0	1.0	5098	tags=24%, list=26%, signal=33%	
GOMF_CULLIN_FAMILY_PROTEIN_BINDING	GOMF_CULLIN_FAMILY_PROTEIN_BINDING		24	-0.23885353	-0.6459722	0.9541485	1.0	1.0	5231	tags=38%, list=27%, signal=51%	
GOBP_CEREBELLAR_PURKINJE_CELL_LAYER_MORPHOGENESIS	GOBP_CEREBELLAR_PURKINJE_CELL_LAYER_MORPHOGENESIS		17	-0.2613242	-0.6426215	0.9159836	1.0	1.0	6239	tags=47%, list=32%, signal=69%	
GOBP_REGULATION_OF_DNA_REPLICATION	GOBP_REGULATION_OF_DNA_REPLICATION		120	-0.17463803	-0.6425601	0.99722224	1.0	1.0	4907	tags=23%, list=25%, signal=30%	
GOMF_GLUCURONOSYLTRANSFERASE_ACTIVITY	GOMF_GLUCURONOSYLTRANSFERASE_ACTIVITY		34	-0.21839763	-0.64216876	0.96	1.0	1.0	4723	tags=21%, list=24%, signal=27%	
GOMF_TRANSMEMBRANE_RECEPTOR_PROTEIN_TYROSINE_KINASE_ADAPTOR_ACTIVITY	GOMF_TRANSMEMBRANE_RECEPTOR_PROTEIN_TYROSINE_KINASE_ADAPTOR_ACTIVITY		17	-0.2555695	-0.6402716	0.93926245	1.0	1.0	4758	tags=29%, list=24%, signal=39%	
GOCC_CARBOXY_TERMINAL_DOMAIN_PROTEIN_KINASE_COMPLEX	GOCC_CARBOXY_TERMINAL_DOMAIN_PROTEIN_KINASE_COMPLEX		19	-0.2492587	-0.63859504	0.93958336	1.0	1.0	6504	tags=47%, list=33%, signal=71%	
GOMF_NUCLEAR_ANDROGEN_RECEPTOR_BINDING	GOMF_NUCLEAR_ANDROGEN_RECEPTOR_BINDING		26	-0.22994302	-0.63846844	0.9650655	1.0	1.0	4878	tags=35%, list=25%, signal=46%	
GOBP_NUCLEOLUS_ORGANIZATION	GOBP_NUCLEOLUS_ORGANIZATION		16	-0.25803554	-0.63575464	0.932914	1.0	1.0	4249	tags=25%, list=22%, signal=32%	
GOBP_DETECTION_OF_STIMULUS_INVOLVED_IN_SENSORY_PERCEPTION	GOBP_DETECTION_OF_STIMULUS_INVOLVED_IN_SENSORY_PERCEPTION		485	-0.15037167	-0.63423705	1.0	1.0	1.0	2949	tags=7%, list=15%, signal=8%	
GOCC_RETROMER_COMPLEX	GOCC_RETROMER_COMPLEX		19	-0.24450807	-0.6327354	0.9531915	1.0	1.0	2103	tags=16%, list=11%, signal=18%	
GOBP_OLIGOSACCHARIDE_CATABOLIC_PROCESS	GOBP_OLIGOSACCHARIDE_CATABOLIC_PROCESS		16	-0.25329176	-0.6321954	0.93263155	1.0	1.0	2596	tags=19%, list=13%, signal=22%	
GOCC_U2_TYPE_CATALYTIC_STEP_2_SPLICEOSOME	GOCC_U2_TYPE_CATALYTIC_STEP_2_SPLICEOSOME		30	-0.22009641	-0.63203734	0.96822035	1.0	1.0	3860	tags=23%, list=20%, signal=29%	
GOBP_NEURON_CELL_CELL_ADHESION	GOBP_NEURON_CELL_CELL_ADHESION		16	-0.25677437	-0.631988	0.93088555	1.0	1.0	5244	tags=44%, list=27%, signal=60%	
GOBP_SUBPALLIUM_DEVELOPMENT	GOBP_SUBPALLIUM_DEVELOPMENT		27	-0.21994437	-0.63041425	0.9621053	1.0	1.0	4654	tags=22%, list=24%, signal=29%	
GOBP_NUCLEOSIDE_MONOPHOSPHATE_METABOLIC_PROCESS	GOBP_NUCLEOSIDE_MONOPHOSPHATE_METABOLIC_PROCESS		74	-0.18615459	-0.6284484	0.99509805	1.0	1.0	4506	tags=23%, list=23%, signal=30%	
GOMF_DEACETYLASE_ACTIVITY	GOMF_DEACETYLASE_ACTIVITY		37	-0.21016195	-0.6277052	0.9778271	1.0	1.0	4310	tags=22%, list=22%, signal=28%	
GOBP_FEMALE_MEIOTIC_NUCLEAR_DIVISION	GOBP_FEMALE_MEIOTIC_NUCLEAR_DIVISION		31	-0.21918976	-0.62737095	0.9680851	1.0	1.0	4417	tags=26%, list=23%, signal=33%	
GOBP_REGULATION_OF_SPINDLE_CHECKPOINT	GOBP_REGULATION_OF_SPINDLE_CHECKPOINT		23	-0.23254853	-0.6268444	0.96103895	1.0	1.0	5278	tags=39%, list=27%, signal=54%	
GOCC_ALPHA_KETOACID_DEHYDROGENASE_COMPLEX	GOCC_ALPHA_KETOACID_DEHYDROGENASE_COMPLEX		16	-0.25797734	-0.62664163	0.94178796	1.0	1.0	4319	tags=31%, list=22%, signal=40%	
GOBP_POSITIVE_REGULATION_OF_EPIDERMIS_DEVELOPMENT	GOBP_POSITIVE_REGULATION_OF_EPIDERMIS_DEVELOPMENT		26	-0.225147	-0.62538916	0.98109245	1.0	1.0	2034	tags=15%, list=10%, signal=17%	
GOBP_MITOTIC_CYTOKINETIC_PROCESS	GOBP_MITOTIC_CYTOKINETIC_PROCESS		31	-0.21347405	-0.62365776	0.97129184	1.0	1.0	3909	tags=19%, list=20%, signal=24%	
GOBP_VESICLE_TARGETING_ROUGH_ER_TO_CIS_GOLGI	GOBP_VESICLE_TARGETING_ROUGH_ER_TO_CIS_GOLGI		26	-0.2292483	-0.6227616	0.9600887	1.0	1.0	5549	tags=35%, list=29%, signal=48%	
GOBP_SUPPRESSION_OF_VIRAL_RELEASE_BY_HOST	GOBP_SUPPRESSION_OF_VIRAL_RELEASE_BY_HOST		15	-0.25482687	-0.620818	0.9429175	1.0	1.0	5892	tags=47%, list=30%, signal=67%	
GOCC_INTEGRATOR_COMPLEX	GOCC_INTEGRATOR_COMPLEX		15	-0.2531988	-0.61931	0.95	1.0	1.0	1972	tags=13%, list=10%, signal=15%	
GOCC_CLATHRIN_VESICLE_COAT	GOCC_CLATHRIN_VESICLE_COAT		33	-0.21172222	-0.6190374	0.97598255	1.0	1.0	5640	tags=39%, list=29%, signal=55%	
GOCC_PROTEASOME_CORE_COMPLEX	GOCC_PROTEASOME_CORE_COMPLEX		19	-0.23752834	-0.6148098	0.95991564	1.0	1.0	14815	tags=100%, list=76%, signal=421%	
GOMF_PHOSPHATIDYLINOSITOL_4_PHOSPHATE_BINDING	GOMF_PHOSPHATIDYLINOSITOL_4_PHOSPHATE_BINDING		25	-0.22255315	-0.6136004	0.9678801	1.0	1.0	3745	tags=28%, list=19%, signal=35%	
GOBP_NEGATIVE_REGULATION_OF_CHROMOSOME_SEGREGATION	GOBP_NEGATIVE_REGULATION_OF_CHROMOSOME_SEGREGATION		50	-0.19441149	-0.61304396	0.99523807	1.0	1.0	5988	tags=36%, list=31%, signal=52%	
GOBP_REGULATION_OF_CILIUM_MOVEMENT	GOBP_REGULATION_OF_CILIUM_MOVEMENT		34	-0.2102398	-0.61304396	0.9777283	1.0	1.0	86	tags=3%, list=0%, signal=3%	
GOCC_TELOMERASE_HOLOENZYME_COMPLEX	GOCC_TELOMERASE_HOLOENZYME_COMPLEX		22	-0.23417154	-0.61237156	0.96595746	1.0	1.0	3799	tags=23%, list=20%, signal=28%	
GOBP_NUCLEAR_MEMBRANE_REASSEMBLY	GOBP_NUCLEAR_MEMBRANE_REASSEMBLY		23	-0.23007308	-0.6118094	0.9601677	1.0	1.0	3909	tags=26%, list=20%, signal=33%	
GOBP_SPERMATID_NUCLEUS_DIFFERENTIATION	GOBP_SPERMATID_NUCLEUS_DIFFERENTIATION		24	-0.22407047	-0.61008006	0.96483517	1.0	1.0	5453	tags=29%, list=28%, signal=41%	
GOBP_NEGATIVE_REGULATION_OF_STEM_CELL_POPULATION_MAINTENANCE	GOBP_NEGATIVE_REGULATION_OF_STEM_CELL_POPULATION_MAINTENANCE		24	-0.22446452	-0.60968786	0.9821826	1.0	1.0	3574	tags=25%, list=18%, signal=31%	
GOBP_OOGENESIS	GOBP_OOGENESIS		99	-0.17122242	-0.6091938	1.0	1.0	1.0	4688	tags=20%, list=24%, signal=26%	
GOBP_POSTREPLICATION_REPAIR	GOBP_POSTREPLICATION_REPAIR		35	-0.2049767	-0.6074979	0.9845133	1.0	1.0	2757	tags=14%, list=14%, signal=17%	
GOBP_ISOTYPE_SWITCHING_TO_IGG_ISOTYPES	GOBP_ISOTYPE_SWITCHING_TO_IGG_ISOTYPES		16	-0.24924591	-0.6069148	0.9564356	0.9997324	1.0	4041	tags=25%, list=21%, signal=32%	
GOBP_U2_TYPE_PRESPLICEOSOME_ASSEMBLY	GOBP_U2_TYPE_PRESPLICEOSOME_ASSEMBLY		25	-0.22231698	-0.6051858	0.9794521	0.999751	1.0	5953	tags=36%, list=31%, signal=52%	
GOCC_TRAPP_COMPLEX	GOCC_TRAPP_COMPLEX		15	-0.25228584	-0.6000603	0.93801653	1.0	1.0	5549	tags=40%, list=29%, signal=56%	
GOCC_U2_SNRNP	GOCC_U2_SNRNP		26	-0.21421224	-0.5998554	0.9797753	1.0	1.0	6973	tags=46%, list=36%, signal=72%	
GOCC_TRANS_GOLGI_NETWORK_TRANSPORT_VESICLE_MEMBRANE	GOCC_TRANS_GOLGI_NETWORK_TRANSPORT_VESICLE_MEMBRANE		18	-0.23937358	-0.59967566	0.9607438	0.9998202	1.0	1655	tags=11%, list=9%, signal=12%	
GOMF_NADH_DEHYDROGENASE_UBIQUINONE_ACTIVITY	GOMF_NADH_DEHYDROGENASE_UBIQUINONE_ACTIVITY		31	-0.20699258	-0.59922594	0.9850107	0.99949336	1.0	15410	tags=100%, list=79%, signal=483%	
GOCC_RESPIRASOME	GOCC_RESPIRASOME		79	-0.1752993	-0.5982438	1.0	0.9993012	1.0	6282	tags=30%, list=32%, signal=45%	
GOBP_REGULATION_OF_DNA_STRAND_ELONGATION	GOBP_REGULATION_OF_DNA_STRAND_ELONGATION		17	-0.24076425	-0.597758	0.9550781	0.9989743	1.0	2128	tags=12%, list=11%, signal=13%	
GOMF_DNA_POLYMERASE_ACTIVITY	GOMF_DNA_POLYMERASE_ACTIVITY		30	-0.2098341	-0.59655106	0.97732425	0.9988221	1.0	3085	tags=17%, list=16%, signal=20%	
GOCC_TRICARBOXYLIC_ACID_CYCLE_HETEROMERIC_ENZYME_COMPLEX	GOCC_TRICARBOXYLIC_ACID_CYCLE_HETEROMERIC_ENZYME_COMPLEX		18	-0.23395014	-0.5946436	0.9715536	0.99882096	1.0	4319	tags=28%, list=22%, signal=36%	
GOBP_NEGATIVE_REGULATION_OF_TELOMERE_MAINTENANCE_VIA_TELOMERASE	GOBP_NEGATIVE_REGULATION_OF_TELOMERE_MAINTENANCE_VIA_TELOMERASE		18	-0.22931643	-0.5921938	0.9574468	0.99893117	1.0	474	tags=6%, list=2%, signal=6%	
GOBP_MAMMARY_GLAND_EPITHELIAL_CELL_PROLIFERATION	GOBP_MAMMARY_GLAND_EPITHELIAL_CELL_PROLIFERATION		26	-0.21629436	-0.58993304	0.98755187	0.9989839	1.0	6488	tags=42%, list=33%, signal=63%	
GOCC_SPINDLE_MICROTUBULE	GOCC_SPINDLE_MICROTUBULE		75	-0.17280744	-0.5879295	1.0	0.9989742	1.0	6220	tags=37%, list=32%, signal=55%	
GOMF_PROTEIN_PHOSPHATASE_2A_BINDING	GOMF_PROTEIN_PHOSPHATASE_2A_BINDING		27	-0.21099508	-0.5843043	0.98206276	0.9992683	1.0	4691	tags=26%, list=24%, signal=34%	
GOCC_CALYX_OF_HELD	GOCC_CALYX_OF_HELD		18	-0.22712906	-0.5824493	0.9590517	0.99919915	1.0	5872	tags=28%, list=30%, signal=40%	
GOBP_V_D_J_RECOMBINATION	GOBP_V_D_J_RECOMBINATION		18	-0.23199628	-0.5800868	0.96617335	0.99921405	1.0	4254	tags=28%, list=22%, signal=36%	
GOCC_KINETOCHORE_MICROTUBULE	GOCC_KINETOCHORE_MICROTUBULE		19	-0.22503673	-0.57990545	0.97619045	0.99881345	1.0	3909	tags=26%, list=20%, signal=33%	
GOBP_POSITIVE_REGULATION_OF_PEPTIDYL_THREONINE_PHOSPHORYLATION	GOBP_POSITIVE_REGULATION_OF_PEPTIDYL_THREONINE_PHOSPHORYLATION		27	-0.20822468	-0.5793075	0.97727275	0.99850637	1.0	4160	tags=26%, list=21%, signal=33%	
GOBP_ATP_SYNTHESIS_COUPLED_ELECTRON_TRANSPORT	GOBP_ATP_SYNTHESIS_COUPLED_ELECTRON_TRANSPORT		76	-0.16944562	-0.57845217	1.0	0.9982332	1.0	6405	tags=32%, list=33%, signal=47%	
GOBP_PYRIMIDINE_RIBONUCLEOSIDE_MONOPHOSPHATE_METABOLIC_PROCESS	GOBP_PYRIMIDINE_RIBONUCLEOSIDE_MONOPHOSPHATE_METABOLIC_PROCESS		16	-0.23147765	-0.5782427	0.9623431	0.9978358	1.0	2929	tags=19%, list=15%, signal=22%	
GOMF_OXIDOREDUCTASE_ACTIVITY_ACTING_ON_NAD_P_H_QUINONE_OR_SIMILAR_COMPOUND_AS_ACCEPTOR	GOMF_OXIDOREDUCTASE_ACTIVITY_ACTING_ON_NAD_P_H_QUINONE_OR_SIMILAR_COMPOUND_AS_ACCEPTOR		48	-0.18343776	-0.5778872	0.98858446	0.9974655	1.0	3680	tags=17%, list=19%, signal=21%	
GOBP_NUCLEAR_BODY_ORGANIZATION	GOBP_NUCLEAR_BODY_ORGANIZATION		17	-0.23193818	-0.57666624	0.9605809	0.9972504	1.0	2223	tags=12%, list=11%, signal=13%	
GOCC_NUCLEAR_REPLICATION_FORK	GOCC_NUCLEAR_REPLICATION_FORK		39	-0.19156328	-0.5755421	0.9930716	0.99702096	1.0	4289	tags=21%, list=22%, signal=26%	
GOMF_NUCLEAR_THYROID_HORMONE_RECEPTOR_BINDING	GOMF_NUCLEAR_THYROID_HORMONE_RECEPTOR_BINDING		28	-0.20740949	-0.5715802	0.99343544	0.9972972	1.0	3766	tags=21%, list=19%, signal=27%	
GOBP_REGULATION_OF_CHROMOSOME_SEGREGATION	GOBP_REGULATION_OF_CHROMOSOME_SEGREGATION		126	-0.15534696	-0.5706894	1.0	0.99701995	1.0	5988	tags=31%, list=31%, signal=44%	
GOBP_MRNA_SPLICE_SITE_RECOGNITION	GOBP_MRNA_SPLICE_SITE_RECOGNITION		32	-0.1970612	-0.56703496	0.9911308	0.99719214	1.0	7658	tags=53%, list=39%, signal=88%	
GOBP_REGULATION_OF_UBIQUITIN_PROTEIN_LIGASE_ACTIVITY	GOBP_REGULATION_OF_UBIQUITIN_PROTEIN_LIGASE_ACTIVITY		17	-0.23229535	-0.56526005	0.9835391	0.9970467	1.0	5440	tags=24%, list=28%, signal=33%	
GOBP_REGULATION_OF_SISTER_CHROMATID_SEGREGATION	GOBP_REGULATION_OF_SISTER_CHROMATID_SEGREGATION		102	-0.15869744	-0.56364185	1.0	0.9968608	1.0	5278	tags=26%, list=27%, signal=36%	
GOBP_REGULATION_OF_MITOTIC_CYTOKINESIS	GOBP_REGULATION_OF_MITOTIC_CYTOKINESIS		15	-0.22742276	-0.5508439	0.9820717	0.9982454	1.0	6654	tags=53%, list=34%, signal=81%	
GOBP_CERAMIDE_TRANSPORT	GOBP_CERAMIDE_TRANSPORT		15	-0.22899902	-0.5501689	0.96929824	0.9978935	1.0	1886	tags=13%, list=10%, signal=15%	
GOBP_HOMOLOGOUS_RECOMBINATION	GOBP_HOMOLOGOUS_RECOMBINATION		56	-0.16773649	-0.547065	1.0	0.99783546	1.0	5099	tags=25%, list=26%, signal=34%	
GOCC_PROTEASOME_COMPLEX	GOCC_PROTEASOME_COMPLEX		60	-0.16367882	-0.541657	1.0	0.9980162	1.0	5499	tags=32%, list=28%, signal=44%	
GOBP_POSITIVE_REGULATION_OF_MACROPHAGE_DIFFERENTIATION	GOBP_POSITIVE_REGULATION_OF_MACROPHAGE_DIFFERENTIATION		15	-0.22571048	-0.5408047	0.9826255	0.9976722	1.0	4804	tags=33%, list=25%, signal=44%	
GOBP_REGULATION_OF_MITOCHONDRIAL_TRANSLATION	GOBP_REGULATION_OF_MITOCHONDRIAL_TRANSLATION		24	-0.19836771	-0.5351445	0.98678416	0.9978425	1.0	5332	tags=29%, list=27%, signal=40%	
GOMF_ACETYLCHOLINE_GATED_MONOATOMIC_CATION_SELECTIVE_CHANNEL_ACTIVITY	GOMF_ACETYLCHOLINE_GATED_MONOATOMIC_CATION_SELECTIVE_CHANNEL_ACTIVITY		16	-0.21399495	-0.5234669	0.9802761	0.9985367	1.0	15271	tags=100%, list=79%, signal=467%	
GOBP_SNO_S_RNA_METABOLIC_PROCESS	GOBP_SNO_S_RNA_METABOLIC_PROCESS		16	-0.21153547	-0.51834494	0.98678416	0.9985299	1.0	5949	tags=31%, list=31%, signal=45%	
GOCC_NADH_DEHYDROGENASE_COMPLEX	GOCC_NADH_DEHYDROGENASE_COMPLEX		38	-0.1705973	-0.51279044	1.0	0.99855644	1.0	6193	tags=29%, list=32%, signal=42%	
GOBP_CYTOPLASMIC_TRANSLATIONAL_INITIATION	GOBP_CYTOPLASMIC_TRANSLATIONAL_INITIATION		40	-0.16911376	-0.51071846	0.99523807	0.9982873	1.0	6659	tags=40%, list=34%, signal=61%	
GOBP_NUCLEOLAR_LARGE_RRNA_TRANSCRIPTION_BY_RNA_POLYMERASE_I	GOBP_NUCLEOLAR_LARGE_RRNA_TRANSCRIPTION_BY_RNA_POLYMERASE_I		18	-0.17487933	-0.43636748	0.9957356	1.0	1.0	6414	tags=44%, list=33%, signal=66%	
GOBP_DNA_STRAND_ELONGATION_INVOLVED_IN_DNA_REPLICATION	GOBP_DNA_STRAND_ELONGATION_INVOLVED_IN_DNA_REPLICATION		15	-0.15841202	-0.3849088	1.0	1.0	1.0	3075	tags=13%, list=16%, signal=16%	
GOMF_OLFACTORY_RECEPTOR_ACTIVITY	GOMF_OLFACTORY_RECEPTOR_ACTIVITY		368	-0.092126496	-0.3822192	1.0	1.0	1.0	8377	tags=33%, list=43%, signal=56%	
GOMF_ODORANT_BINDING	GOMF_ODORANT_BINDING		105	-0.102936566	-0.37921035	1.0	1.0	1.0	14984	tags=98%, list=77%, signal=427%	
GOBP_SENSORY_PERCEPTION_OF_SMELL	GOBP_SENSORY_PERCEPTION_OF_SMELL		394	-0.055594355	-0.23331253	1.0	1.0	1.0	8377	tags=32%, list=43%, signal=55%	
