NAME	GS<br> follow link to MSigDB	GS DETAILS	SIZE	ES	NES	NOM p-val	FDR q-val	FWER p-val	RANK AT MAX	LEADING EDGE	
GOCC_I_BAND	GOCC_I_BAND	Details ...	140	0.6778232	2.401146	0.0	0.0	0.0	2571	tags=41%, list=13%, signal=47%	
GOCC_CONTRACTILE_MUSCLE_FIBER	GOCC_CONTRACTILE_MUSCLE_FIBER	Details ...	241	0.628396	2.3315058	0.0	0.0	0.0	2587	tags=39%, list=13%, signal=45%	
GOCC_ACTIN_FILAMENT_BUNDLE	GOCC_ACTIN_FILAMENT_BUNDLE	Details ...	88	0.6975433	2.3017771	0.0	0.0	0.0	1845	tags=42%, list=9%, signal=46%	
GOCC_ACTOMYOSIN	GOCC_ACTOMYOSIN	Details ...	87	0.6922037	2.277737	0.0	0.0	0.0	3335	tags=54%, list=17%, signal=65%	
GOMF_EXTRACELLULAR_MATRIX_STRUCTURAL_CONSTITUENT	GOMF_EXTRACELLULAR_MATRIX_STRUCTURAL_CONSTITUENT	Details ...	158	0.62036616	2.1964774	0.0	0.0	0.0	2072	tags=39%, list=11%, signal=44%	
GOCC_SARCOLEMMA	GOCC_SARCOLEMMA	Details ...	139	0.59859276	2.0653267	0.0	0.002430501	0.015	2529	tags=33%, list=13%, signal=38%	
GOMF_ACTININ_BINDING	GOMF_ACTININ_BINDING	Details ...	37	0.72318566	2.044186	0.0	0.0024979713	0.018	2176	tags=43%, list=11%, signal=49%	
GOCC_COLLAGEN_CONTAINING_EXTRACELLULAR_MATRIX	GOCC_COLLAGEN_CONTAINING_EXTRACELLULAR_MATRIX	Details ...	414	0.5187899	2.0246222	0.0	0.0033981605	0.028	2484	tags=33%, list=13%, signal=37%	
GOMF_HORMONE_RECEPTOR_BINDING	GOMF_HORMONE_RECEPTOR_BINDING	Details ...	33	0.72876453	2.0200517	0.0	0.0035578404	0.033	1864	tags=36%, list=10%, signal=40%	
GOMF_WNT_PROTEIN_BINDING	GOMF_WNT_PROTEIN_BINDING	Details ...	31	0.743284	2.0140705	0.0	0.0034916757	0.036	2552	tags=58%, list=13%, signal=67%	
GOMF_ALPHA_ACTININ_BINDING	GOMF_ALPHA_ACTININ_BINDING	Details ...	28	0.7626227	2.0138955	0.0	0.0031742505	0.036	1165	tags=39%, list=6%, signal=42%	
GOBP_CARDIAC_CONDUCTION	GOBP_CARDIAC_CONDUCTION	Details ...	95	0.6003965	1.9991387	0.0	0.0050248425	0.062	1261	tags=21%, list=6%, signal=22%	
GOBP_ACTIN_MEDIATED_CELL_CONTRACTION	GOBP_ACTIN_MEDIATED_CELL_CONTRACTION	Details ...	109	0.58205605	1.9958218	0.0	0.005167231	0.069	2661	tags=33%, list=14%, signal=38%	
GOMF_CELL_ADHESION_MEDIATOR_ACTIVITY	GOMF_CELL_ADHESION_MEDIATOR_ACTIVITY	Details ...	66	0.63096994	1.993378	0.0	0.005073787	0.073	2008	tags=33%, list=10%, signal=37%	
GOBP_EXTRACELLULAR_MATRIX_ASSEMBLY	GOBP_EXTRACELLULAR_MATRIX_ASSEMBLY	Details ...	46	0.6751719	1.9767284	0.0	0.007337963	0.108	2747	tags=52%, list=14%, signal=61%	
GOBP_MUSCLE_CONTRACTION	GOBP_MUSCLE_CONTRACTION	Details ...	337	0.51185185	1.9623523	0.0	0.008709981	0.133	1387	tags=20%, list=7%, signal=21%	
GOCC_COSTAMERE	GOCC_COSTAMERE	Details ...	18	0.7970776	1.9464204	0.0	0.010887622	0.171	1570	tags=61%, list=8%, signal=66%	
GOBP_REGULATION_OF_PRESYNAPSE_ORGANIZATION	GOBP_REGULATION_OF_PRESYNAPSE_ORGANIZATION	Details ...	34	0.69338906	1.9362093	0.0	0.0123925395	0.2	3105	tags=38%, list=16%, signal=45%	
GOMF_COLLAGEN_BINDING	GOMF_COLLAGEN_BINDING	Details ...	66	0.6217213	1.9312022	0.0	0.012767079	0.218	2534	tags=45%, list=13%, signal=52%	
GOMF_MUSCLE_ALPHA_ACTININ_BINDING	GOMF_MUSCLE_ALPHA_ACTININ_BINDING	Details ...	15	0.8235531	1.9205507	0.0018691589	0.015291468	0.267	947	tags=47%, list=5%, signal=49%	
GOBP_REGULATION_OF_HEART_CONTRACTION	GOBP_REGULATION_OF_HEART_CONTRACTION		199	0.52510333	1.9141812	0.0	0.016513897	0.298	1334	tags=21%, list=7%, signal=22%	
GOBP_MUSCLE_ORGAN_DEVELOPMENT	GOBP_MUSCLE_ORGAN_DEVELOPMENT		336	0.49550226	1.9123774	0.0	0.016644176	0.31	2571	tags=29%, list=13%, signal=33%	
GOMF_EXTRACELLULAR_MATRIX_STRUCTURAL_CONSTITUENT_CONFERRING_COMPRESSION_RESISTANCE	GOMF_EXTRACELLULAR_MATRIX_STRUCTURAL_CONSTITUENT_CONFERRING_COMPRESSION_RESISTANCE		21	0.76797485	1.9089803	0.0	0.016977483	0.329	768	tags=29%, list=4%, signal=30%	
GOCC_FILAMENTOUS_ACTIN	GOCC_FILAMENTOUS_ACTIN		31	0.6933997	1.9067163	0.0018867925	0.016552834	0.334	1698	tags=35%, list=9%, signal=39%	
GOBP_MUSCLE_SYSTEM_PROCESS	GOBP_MUSCLE_SYSTEM_PROCESS		423	0.48818925	1.9058645	0.0	0.01608447	0.337	1982	tags=22%, list=10%, signal=24%	
GOMF_CELL_CELL_ADHESION_MEDIATOR_ACTIVITY	GOMF_CELL_CELL_ADHESION_MEDIATOR_ACTIVITY		52	0.6292803	1.9013143	0.0	0.017038427	0.368	2008	tags=31%, list=10%, signal=34%	
GOMF_EXTRACELLULAR_MATRIX_STRUCTURAL_CONSTITUENT_CONFERRING_TENSILE_STRENGTH	GOMF_EXTRACELLULAR_MATRIX_STRUCTURAL_CONSTITUENT_CONFERRING_TENSILE_STRENGTH		44	0.65057343	1.8925177	0.0	0.019647596	0.434	1960	tags=43%, list=10%, signal=48%	
GOBP_REGULATION_OF_SYSTEMIC_ARTERIAL_BLOOD_PRESSURE_BY_HORMONE	GOBP_REGULATION_OF_SYSTEMIC_ARTERIAL_BLOOD_PRESSURE_BY_HORMONE		38	0.668388	1.8896731	0.0	0.020056272	0.452	1241	tags=26%, list=6%, signal=28%	
GOBP_SKELETAL_MUSCLE_ADAPTATION	GOBP_SKELETAL_MUSCLE_ADAPTATION		22	0.7425812	1.8835496	0.0	0.021477055	0.487	3340	tags=55%, list=17%, signal=66%	
GOMF_WNT_RECEPTOR_ACTIVITY	GOMF_WNT_RECEPTOR_ACTIVITY		17	0.7816033	1.8831582	0.0	0.020826379	0.488	2552	tags=71%, list=13%, signal=81%	
GOBP_CELL_COMMUNICATION_BY_ELECTRICAL_COUPLING	GOBP_CELL_COMMUNICATION_BY_ELECTRICAL_COUPLING		33	0.6841523	1.8830407	0.0	0.020186136	0.488	1041	tags=30%, list=5%, signal=32%	
GOBP_CARDIAC_MUSCLE_CELL_CONTRACTION	GOBP_CARDIAC_MUSCLE_CELL_CONTRACTION		81	0.5778512	1.8794812	0.0	0.020798847	0.51	2661	tags=27%, list=14%, signal=31%	
GOMF_ALCOHOL_DEHYDROGENASE_NAD_P_PLUS_ACTIVITY	GOMF_ALCOHOL_DEHYDROGENASE_NAD_P_PLUS_ACTIVITY		24	0.72500074	1.8773566	0.0	0.021082425	0.528	1250	tags=33%, list=6%, signal=36%	
GOCC_ADHERENS_JUNCTION	GOCC_ADHERENS_JUNCTION		183	0.5191918	1.8739114	0.0	0.021837272	0.547	3187	tags=34%, list=16%, signal=40%	
GOBP_RELEASE_OF_SEQUESTERED_CALCIUM_ION_INTO_CYTOSOL_BY_ENDOPLASMIC_RETICULUM	GOBP_RELEASE_OF_SEQUESTERED_CALCIUM_ION_INTO_CYTOSOL_BY_ENDOPLASMIC_RETICULUM		36	0.6694388	1.871848	0.0	0.022073528	0.563	1029	tags=25%, list=5%, signal=26%	
GOCC_BASEMENT_MEMBRANE	GOCC_BASEMENT_MEMBRANE		91	0.5680964	1.8681829	0.0	0.02248416	0.579	2747	tags=42%, list=14%, signal=48%	
GOBP_INTRACELLULAR_POTASSIUM_ION_HOMEOSTASIS	GOBP_INTRACELLULAR_POTASSIUM_ION_HOMEOSTASIS		15	0.7903395	1.8676478	0.0	0.022058342	0.584	1534	tags=40%, list=8%, signal=43%	
GOBP_COLLAGEN_FIBRIL_ORGANIZATION	GOBP_COLLAGEN_FIBRIL_ORGANIZATION		64	0.59052145	1.8662642	0.0016722408	0.022041645	0.593	2534	tags=42%, list=13%, signal=48%	
GOBP_HEART_PROCESS	GOBP_HEART_PROCESS		249	0.5001674	1.8636749	0.0	0.022524577	0.606	1338	tags=20%, list=7%, signal=21%	
GOCC_COMPLEX_OF_COLLAGEN_TRIMERS	GOCC_COMPLEX_OF_COLLAGEN_TRIMERS		21	0.72555685	1.8635781	0.0	0.021961464	0.606	3122	tags=62%, list=16%, signal=74%	
GOCC_ACTIN_CYTOSKELETON	GOCC_ACTIN_CYTOSKELETON		490	0.47235355	1.8634105	0.0	0.021473221	0.608	3351	tags=34%, list=17%, signal=40%	
GOBP_REGULATION_OF_SYSTEMIC_ARTERIAL_BLOOD_PRESSURE	GOBP_REGULATION_OF_SYSTEMIC_ARTERIAL_BLOOD_PRESSURE		89	0.56817824	1.8600316	0.0	0.022279475	0.627	2020	tags=27%, list=10%, signal=30%	
GOBP_ACTIN_FILAMENT_BASED_MOVEMENT	GOBP_ACTIN_FILAMENT_BASED_MOVEMENT		134	0.5367495	1.8582104	0.0	0.022552695	0.638	3381	tags=37%, list=17%, signal=45%	
GOMF_RETINOIC_ACID_BINDING	GOMF_RETINOIC_ACID_BINDING		27	0.7025708	1.8573388	0.0	0.022304013	0.642	1607	tags=22%, list=8%, signal=24%	
GOBP_REGULATION_OF_CARDIAC_CONDUCTION	GOBP_REGULATION_OF_CARDIAC_CONDUCTION		25	0.69966626	1.8492079	0.0	0.02482992	0.692	1241	tags=24%, list=6%, signal=26%	
GOCC_DYSTROPHIN_ASSOCIATED_GLYCOPROTEIN_COMPLEX	GOCC_DYSTROPHIN_ASSOCIATED_GLYCOPROTEIN_COMPLEX		18	0.7602379	1.8448153	0.0018726592	0.026209125	0.721	2454	tags=44%, list=13%, signal=51%	
GOBP_STRIATED_MUSCLE_CELL_DEVELOPMENT	GOBP_STRIATED_MUSCLE_CELL_DEVELOPMENT		78	0.57346064	1.8427716	0.0	0.02671036	0.737	2571	tags=40%, list=13%, signal=46%	
GOBP_REGULATION_OF_SYSTEMIC_ARTERIAL_BLOOD_PRESSURE_MEDIATED_BY_A_CHEMICAL_SIGNAL	GOBP_REGULATION_OF_SYSTEMIC_ARTERIAL_BLOOD_PRESSURE_MEDIATED_BY_A_CHEMICAL_SIGNAL		45	0.63291377	1.8406953	0.0	0.026861992	0.748	1241	tags=27%, list=6%, signal=28%	
GOBP_MIDDLE_EAR_MORPHOGENESIS	GOBP_MIDDLE_EAR_MORPHOGENESIS		21	0.7413899	1.8330141	0.0018975332	0.02997987	0.782	2227	tags=52%, list=11%, signal=59%	
GOBP_CELLULAR_RESPONSE_TO_COPPER_ION	GOBP_CELLULAR_RESPONSE_TO_COPPER_ION		23	0.71568763	1.8267039	0.0018416207	0.032416392	0.819	1499	tags=30%, list=8%, signal=33%	
GOBP_MUSCLE_CELL_DEVELOPMENT	GOBP_MUSCLE_CELL_DEVELOPMENT		190	0.5076423	1.8256327	0.0	0.03233279	0.826	2571	tags=32%, list=13%, signal=36%	
GOCC_CELL_SUBSTRATE_JUNCTION	GOCC_CELL_SUBSTRATE_JUNCTION		425	0.46272382	1.8233004	0.0	0.032811392	0.834	3341	tags=33%, list=17%, signal=39%	
GOCC_CELL_CELL_JUNCTION	GOCC_CELL_CELL_JUNCTION		497	0.46364433	1.8226383	0.0	0.03250515	0.836	3235	tags=32%, list=17%, signal=37%	
GOBP_CELLULAR_RESPONSE_TO_VITAMIN	GOBP_CELLULAR_RESPONSE_TO_VITAMIN		28	0.6618948	1.8188344	0.0018083183	0.033920623	0.851	1738	tags=39%, list=9%, signal=43%	
GOMF_STRUCTURAL_CONSTITUENT_OF_MUSCLE	GOMF_STRUCTURAL_CONSTITUENT_OF_MUSCLE		41	0.63456494	1.8182844	0.0018115942	0.03367519	0.854	2736	tags=54%, list=14%, signal=62%	
GOBP_CARDIAC_MUSCLE_CONTRACTION	GOBP_CARDIAC_MUSCLE_CONTRACTION		138	0.51305467	1.8151498	0.0	0.034602992	0.863	1303	tags=19%, list=7%, signal=20%	
GOBP_REGULATION_OF_MUSCLE_CONTRACTION	GOBP_REGULATION_OF_MUSCLE_CONTRACTION		158	0.5117138	1.8132746	0.0	0.035176035	0.871	1125	tags=18%, list=6%, signal=19%	
GOBP_MUSCLE_CELL_DIFFERENTIATION	GOBP_MUSCLE_CELL_DIFFERENTIATION		383	0.46668643	1.8097956	0.0	0.036450643	0.888	2571	tags=28%, list=13%, signal=32%	
GOBP_SIGNALING_RECEPTOR_LIGAND_PRECURSOR_PROCESSING	GOBP_SIGNALING_RECEPTOR_LIGAND_PRECURSOR_PROCESSING		39	0.636088	1.7978165	0.0018115942	0.042825576	0.922	1266	tags=31%, list=7%, signal=33%	
GOMF_GROWTH_FACTOR_ACTIVITY	GOMF_GROWTH_FACTOR_ACTIVITY		149	0.50790757	1.7973658	0.0	0.04235433	0.924	1315	tags=18%, list=7%, signal=19%	
GOBP_HEART_MORPHOGENESIS	GOBP_HEART_MORPHOGENESIS		254	0.47708935	1.7908527	0.0	0.045625623	0.938	3435	tags=40%, list=18%, signal=48%	
GOBP_TRANSFORMING_GROWTH_FACTOR_BETA_RECEPTOR_SIGNALING_PATHWAY	GOBP_TRANSFORMING_GROWTH_FACTOR_BETA_RECEPTOR_SIGNALING_PATHWAY		199	0.4898452	1.7873065	0.0	0.047081612	0.945	2245	tags=26%, list=12%, signal=29%	
GOBP_POTASSIUM_ION_HOMEOSTASIS	GOBP_POTASSIUM_ION_HOMEOSTASIS		34	0.6353701	1.7864588	0.0	0.04696659	0.946	1534	tags=24%, list=8%, signal=26%	
GOBP_REGULATION_OF_CARDIAC_MUSCLE_CONTRACTION	GOBP_REGULATION_OF_CARDIAC_MUSCLE_CONTRACTION		72	0.5589012	1.7853265	0.0	0.047054145	0.949	1029	tags=18%, list=5%, signal=19%	
GOBP_STRIATED_MUSCLE_CELL_DIFFERENTIATION	GOBP_STRIATED_MUSCLE_CELL_DIFFERENTIATION		288	0.47527698	1.7830516	0.0	0.047838535	0.956	2571	tags=30%, list=13%, signal=34%	
GOBP_RELAXATION_OF_MUSCLE	GOBP_RELAXATION_OF_MUSCLE		31	0.6552191	1.7824388	0.0017793594	0.047378838	0.956	1303	tags=29%, list=7%, signal=31%	
GOBP_CELLULAR_COMPONENT_ASSEMBLY_INVOLVED_IN_MORPHOGENESIS	GOBP_CELLULAR_COMPONENT_ASSEMBLY_INVOLVED_IN_MORPHOGENESIS		131	0.5164109	1.777999	0.0	0.04966351	0.966	2736	tags=32%, list=14%, signal=37%	
GOBP_RESPONSE_TO_PROGESTERONE	GOBP_RESPONSE_TO_PROGESTERONE		43	0.60920227	1.7761401	0.0	0.050291613	0.966	1041	tags=26%, list=5%, signal=27%	
GOBP_SARCOPLASMIC_RETICULUM_CALCIUM_ION_TRANSPORT	GOBP_SARCOPLASMIC_RETICULUM_CALCIUM_ION_TRANSPORT		39	0.6174688	1.7686336	0.001669449	0.05524151	0.975	1029	tags=21%, list=5%, signal=22%	
GOBP_REGULATION_OF_BLOOD_CIRCULATION	GOBP_REGULATION_OF_BLOOD_CIRCULATION		249	0.47271028	1.7624234	0.0	0.05913733	0.986	1334	tags=18%, list=7%, signal=20%	
GOBP_RESPONSE_TO_TRANSFORMING_GROWTH_FACTOR_BETA	GOBP_RESPONSE_TO_TRANSFORMING_GROWTH_FACTOR_BETA		257	0.47541934	1.7619091	0.0	0.058757544	0.986	2611	tags=29%, list=13%, signal=33%	
GOBP_PRESYNAPSE_ORGANIZATION	GOBP_PRESYNAPSE_ORGANIZATION		53	0.5817634	1.761835	0.0017123288	0.05798177	0.986	2823	tags=30%, list=15%, signal=35%	
GOBP_SMOOTH_MUSCLE_CONTRACTION	GOBP_SMOOTH_MUSCLE_CONTRACTION		102	0.5344209	1.7612514	0.0	0.05753464	0.986	1334	tags=17%, list=7%, signal=18%	
GOBP_CELL_SURFACE_RECEPTOR_PROTEIN_SERINE_THREONINE_KINASE_SIGNALING_PATHWAY	GOBP_CELL_SURFACE_RECEPTOR_PROTEIN_SERINE_THREONINE_KINASE_SIGNALING_PATHWAY		342	0.46247223	1.7610897	0.0	0.056901485	0.986	2126	tags=24%, list=11%, signal=26%	
GOBP_RELAXATION_OF_CARDIAC_MUSCLE	GOBP_RELAXATION_OF_CARDIAC_MUSCLE		16	0.74088407	1.7599761	0.0019120459	0.056972094	0.986	1303	tags=44%, list=7%, signal=47%	
GOBP_CELLULAR_RESPONSE_TO_GROWTH_HORMONE_STIMULUS	GOBP_CELLULAR_RESPONSE_TO_GROWTH_HORMONE_STIMULUS		26	0.68396825	1.7592373	0.0018518518	0.0567339	0.986	5	tags=15%, list=0%, signal=15%	
GOBP_CELL_CELL_JUNCTION_ORGANIZATION	GOBP_CELL_CELL_JUNCTION_ORGANIZATION		206	0.47847372	1.7576761	0.0	0.05733485	0.989	2562	tags=30%, list=13%, signal=34%	
GOBP_SPINAL_CORD_DEVELOPMENT	GOBP_SPINAL_CORD_DEVELOPMENT		96	0.52015436	1.7542837	0.0	0.059822533	0.99	2823	tags=26%, list=15%, signal=30%	
GOBP_CELL_CELL_JUNCTION_ASSEMBLY	GOBP_CELL_CELL_JUNCTION_ASSEMBLY		150	0.4954905	1.7533869	0.0	0.059926763	0.991	2562	tags=32%, list=13%, signal=37%	
GOBP_ANTERIOR_POSTERIOR_PATTERN_SPECIFICATION	GOBP_ANTERIOR_POSTERIOR_PATTERN_SPECIFICATION		213	0.47337314	1.7514653	0.0	0.060573976	0.992	2801	tags=31%, list=14%, signal=36%	
GOBP_MUSCLE_TISSUE_DEVELOPMENT	GOBP_MUSCLE_TISSUE_DEVELOPMENT		409	0.45169276	1.7489733	0.0	0.061827876	0.992	2890	tags=29%, list=15%, signal=33%	
GOBP_REGULATION_OF_RELEASE_OF_SEQUESTERED_CALCIUM_ION_INTO_CYTOSOL_BY_SARCOPLASMIC_RETICULUM	GOBP_REGULATION_OF_RELEASE_OF_SEQUESTERED_CALCIUM_ION_INTO_CYTOSOL_BY_SARCOPLASMIC_RETICULUM		29	0.6430718	1.7438313	0.003717472	0.065020256	0.994	1029	tags=24%, list=5%, signal=25%	
GOBP_CELL_COMMUNICATION_INVOLVED_IN_CARDIAC_CONDUCTION	GOBP_CELL_COMMUNICATION_INVOLVED_IN_CARDIAC_CONDUCTION		57	0.5748819	1.7431808	0.0	0.0649043	0.994	1261	tags=21%, list=6%, signal=22%	
GOBP_CELL_DIFFERENTIATION_IN_HINDBRAIN	GOBP_CELL_DIFFERENTIATION_IN_HINDBRAIN		22	0.6885375	1.7416776	0.0053667263	0.0655104	0.994	2093	tags=27%, list=11%, signal=31%	
GOCC_COLLAGEN_TRIMER	GOCC_COLLAGEN_TRIMER		84	0.53974456	1.740199	0.0016863407	0.06622867	0.994	2321	tags=32%, list=12%, signal=36%	
GOBP_REGULATION_OF_ACTIN_FILAMENT_BASED_MOVEMENT	GOBP_REGULATION_OF_ACTIN_FILAMENT_BASED_MOVEMENT		40	0.5945713	1.7376741	0.0018115942	0.06778892	0.995	2044	tags=30%, list=11%, signal=33%	
GOBP_CARDIAC_MUSCLE_CELL_ACTION_POTENTIAL_INVOLVED_IN_CONTRACTION	GOBP_CARDIAC_MUSCLE_CELL_ACTION_POTENTIAL_INVOLVED_IN_CONTRACTION		59	0.557401	1.7372539	0.0	0.06743462	0.996	1261	tags=19%, list=6%, signal=20%	
GOBP_EXTERNAL_ENCAPSULATING_STRUCTURE_ORGANIZATION	GOBP_EXTERNAL_ENCAPSULATING_STRUCTURE_ORGANIZATION		318	0.45445043	1.7366184	0.0	0.06727526	0.996	2751	tags=32%, list=14%, signal=37%	
GOBP_HEART_VALVE_MORPHOGENESIS	GOBP_HEART_VALVE_MORPHOGENESIS		60	0.5688289	1.7334384	0.0	0.0691724	0.997	1951	tags=40%, list=10%, signal=44%	
GOBP_NEGATIVE_REGULATION_OF_VASCULAR_ASSOCIATED_SMOOTH_MUSCLE_CELL_PROLIFERATION	GOBP_NEGATIVE_REGULATION_OF_VASCULAR_ASSOCIATED_SMOOTH_MUSCLE_CELL_PROLIFERATION		22	0.67458814	1.7334327	0.0036832413	0.06840381	0.997	810	tags=27%, list=4%, signal=28%	
GOMF_ACTIN_BINDING	GOMF_ACTIN_BINDING		418	0.44300318	1.7310296	0.0	0.06940379	0.997	2596	tags=27%, list=13%, signal=30%	
GOBP_CELL_JUNCTION_ASSEMBLY	GOBP_CELL_JUNCTION_ASSEMBLY		441	0.43940422	1.7294072	0.0	0.070043825	0.998	2661	tags=29%, list=14%, signal=32%	
GOMF_CADHERIN_BINDING_INVOLVED_IN_CELL_CELL_ADHESION	GOMF_CADHERIN_BINDING_INVOLVED_IN_CELL_CELL_ADHESION		18	0.7324132	1.7287529	0.0	0.06983535	0.998	1519	tags=44%, list=8%, signal=48%	
GOBP_STRIATED_MUSCLE_ADAPTATION	GOBP_STRIATED_MUSCLE_ADAPTATION		45	0.59456754	1.7254944	0.0017301039	0.07205199	0.998	4517	tags=51%, list=23%, signal=66%	
GOBP_ATRIAL_SEPTUM_DEVELOPMENT	GOBP_ATRIAL_SEPTUM_DEVELOPMENT		21	0.681661	1.723944	0.0018552876	0.072694644	0.998	2491	tags=48%, list=13%, signal=55%	
GOCC_CATENIN_COMPLEX	GOCC_CATENIN_COMPLEX		31	0.6421859	1.7222295	0.0073126145	0.0735598	0.998	1168	tags=23%, list=6%, signal=24%	
GOBP_NEURON_PROJECTION_REGENERATION	GOBP_NEURON_PROJECTION_REGENERATION		57	0.56629944	1.7207088	0.0034364262	0.07398462	0.998	1678	tags=23%, list=9%, signal=25%	
GOBP_REGULATION_OF_BLOOD_PRESSURE	GOBP_REGULATION_OF_BLOOD_PRESSURE		176	0.47482088	1.7206552	0.0	0.073308595	0.998	1871	tags=22%, list=10%, signal=24%	
GOBP_STRIATED_MUSCLE_CONTRACTION	GOBP_STRIATED_MUSCLE_CONTRACTION		182	0.47756588	1.7201583	0.0	0.07292131	0.998	1387	tags=18%, list=7%, signal=19%	
GOBP_SUBSTRATE_DEPENDENT_CELL_MIGRATION	GOBP_SUBSTRATE_DEPENDENT_CELL_MIGRATION		24	0.6678881	1.7199274	0.0038095238	0.07241634	0.998	2178	tags=46%, list=11%, signal=52%	
GOBP_REGULATION_OF_HEART_RATE	GOBP_REGULATION_OF_HEART_RATE		99	0.51779944	1.7185631	0.0016233766	0.07313297	0.998	1637	tags=21%, list=8%, signal=23%	
GOCC_ACTIN_FILAMENT	GOCC_ACTIN_FILAMENT		114	0.50449514	1.7181731	0.0	0.072768636	0.998	2157	tags=27%, list=11%, signal=30%	
GOBP_EPITHELIAL_CELL_MORPHOGENESIS	GOBP_EPITHELIAL_CELL_MORPHOGENESIS		33	0.6190084	1.7165432	0.003539823	0.07360984	0.999	1460	tags=36%, list=8%, signal=39%	
GOBP_POSITIVE_REGULATION_OF_CHONDROCYTE_DIFFERENTIATION	GOBP_POSITIVE_REGULATION_OF_CHONDROCYTE_DIFFERENTIATION		20	0.6981844	1.7098435	0.0052083335	0.07927101	1.0	2085	tags=40%, list=11%, signal=45%	
GOMF_OXIDOREDUCTASE_ACTIVITY_ACTING_ON_THE_CH_NH2_GROUP_OF_DONORS_OXYGEN_AS_ACCEPTOR	GOMF_OXIDOREDUCTASE_ACTIVITY_ACTING_ON_THE_CH_NH2_GROUP_OF_DONORS_OXYGEN_AS_ACCEPTOR		16	0.72765476	1.7083529	0.007352941	0.080024235	1.0	799	tags=31%, list=4%, signal=33%	
GOBP_RESPONSE_TO_GROWTH_HORMONE	GOBP_RESPONSE_TO_GROWTH_HORMONE		38	0.6039977	1.7081317	0.0	0.07951695	1.0	5	tags=11%, list=0%, signal=11%	
GOBP_KIDNEY_EPITHELIUM_DEVELOPMENT	GOBP_KIDNEY_EPITHELIUM_DEVELOPMENT		150	0.48213768	1.7022741	0.0	0.084881246	1.0	2604	tags=30%, list=13%, signal=34%	
GOBP_TISSUE_MIGRATION	GOBP_TISSUE_MIGRATION		304	0.45049468	1.7020613	0.0	0.084274806	1.0	2178	tags=27%, list=11%, signal=30%	
GOBP_REGULATION_OF_MUSCLE_SYSTEM_PROCESS	GOBP_REGULATION_OF_MUSCLE_SYSTEM_PROCESS		222	0.4690925	1.7010111	0.0	0.084769726	1.0	2044	tags=21%, list=11%, signal=23%	
GOBP_SODIUM_ION_HOMEOSTASIS	GOBP_SODIUM_ION_HOMEOSTASIS		46	0.5743547	1.7009151	0.003539823	0.084158346	1.0	1534	tags=24%, list=8%, signal=26%	
GOBP_ATRIAL_CARDIAC_MUSCLE_CELL_TO_AV_NODE_CELL_COMMUNICATION	GOBP_ATRIAL_CARDIAC_MUSCLE_CELL_TO_AV_NODE_CELL_COMMUNICATION		18	0.6985221	1.6978294	0.005882353	0.08624811	1.0	1911	tags=39%, list=10%, signal=43%	
GOBP_CARDIAC_CELL_DEVELOPMENT	GOBP_CARDIAC_CELL_DEVELOPMENT		85	0.516242	1.6971701	0.0	0.086310394	1.0	2498	tags=29%, list=13%, signal=34%	
GOBP_DETOXIFICATION_OF_INORGANIC_COMPOUND	GOBP_DETOXIFICATION_OF_INORGANIC_COMPOUND		21	0.6772331	1.6969086	0.0077220076	0.08581405	1.0	1499	tags=33%, list=8%, signal=36%	
GOCC_MYELIN_SHEATH	GOCC_MYELIN_SHEATH		43	0.5883192	1.6961012	0.0	0.085838154	1.0	2278	tags=30%, list=12%, signal=34%	
GOBP_CENTRAL_NERVOUS_SYSTEM_PROJECTION_NEURON_AXONOGENESIS	GOBP_CENTRAL_NERVOUS_SYSTEM_PROJECTION_NEURON_AXONOGENESIS		28	0.6397866	1.6952757	0.0037593986	0.08597079	1.0	1754	tags=32%, list=9%, signal=35%	
GOBP_HOMOPHILIC_CELL_ADHESION_VIA_PLASMA_MEMBRANE_ADHESION_MOLECULES	GOBP_HOMOPHILIC_CELL_ADHESION_VIA_PLASMA_MEMBRANE_ADHESION_MOLECULES		165	0.47708273	1.6936691	0.0	0.0868961	1.0	2708	tags=24%, list=14%, signal=28%	
GOCC_STRIATED_MUSCLE_THIN_FILAMENT	GOCC_STRIATED_MUSCLE_THIN_FILAMENT		21	0.6656699	1.693103	0.005319149	0.0868276	1.0	976	tags=33%, list=5%, signal=35%	
GOBP_CELL_CELL_ADHESION_VIA_PLASMA_MEMBRANE_ADHESION_MOLECULES	GOBP_CELL_CELL_ADHESION_VIA_PLASMA_MEMBRANE_ADHESION_MOLECULES		274	0.45237628	1.6911874	0.0	0.08811976	1.0	2708	tags=26%, list=14%, signal=29%	
GOBP_NEPHRON_DEVELOPMENT	GOBP_NEPHRON_DEVELOPMENT		158	0.47698233	1.6907218	0.0	0.087869145	1.0	2604	tags=30%, list=13%, signal=35%	
GOBP_EMBRYONIC_SKELETAL_SYSTEM_MORPHOGENESIS	GOBP_EMBRYONIC_SKELETAL_SYSTEM_MORPHOGENESIS		91	0.5109038	1.690624	0.001610306	0.08728317	1.0	2340	tags=31%, list=12%, signal=35%	
GOBP_CENTRAL_NERVOUS_SYSTEM_NEURON_AXONOGENESIS	GOBP_CENTRAL_NERVOUS_SYSTEM_NEURON_AXONOGENESIS		36	0.60031277	1.6896693	0.006535948	0.08740663	1.0	2398	tags=31%, list=12%, signal=35%	
GOBP_HEMATOPOIETIC_STEM_CELL_HOMEOSTASIS	GOBP_HEMATOPOIETIC_STEM_CELL_HOMEOSTASIS		21	0.6648536	1.6891185	0.014234875	0.08712101	1.0	1593	tags=29%, list=8%, signal=31%	
GOCC_SARCOPLASMIC_RETICULUM_MEMBRANE	GOCC_SARCOPLASMIC_RETICULUM_MEMBRANE		40	0.5912637	1.6877807	0.005524862	0.08789047	1.0	1176	tags=25%, list=6%, signal=27%	
GOCC_SARCOPLASM	GOCC_SARCOPLASM		89	0.5128618	1.6867614	0.0017123288	0.08812112	1.0	1551	tags=25%, list=8%, signal=27%	
GOBP_REGULATION_OF_CELLULAR_RESPONSE_TO_GROWTH_FACTOR_STIMULUS	GOBP_REGULATION_OF_CELLULAR_RESPONSE_TO_GROWTH_FACTOR_STIMULUS		295	0.44628447	1.6859128	0.0	0.08829541	1.0	2627	tags=27%, list=14%, signal=31%	
GOBP_REGULATION_OF_CELL_JUNCTION_ASSEMBLY	GOBP_REGULATION_OF_CELL_JUNCTION_ASSEMBLY		210	0.4595322	1.6853237	0.0	0.08815752	1.0	2658	tags=30%, list=14%, signal=35%	
GOBP_REGULATION_OF_CELL_COMMUNICATION_BY_ELECTRICAL_COUPLING	GOBP_REGULATION_OF_CELL_COMMUNICATION_BY_ELECTRICAL_COUPLING		16	0.71142447	1.6847106	0.0093632955	0.08814499	1.0	645	tags=31%, list=3%, signal=32%	
GOMF_NAD_BINDING	GOMF_NAD_BINDING		56	0.5528631	1.6839249	0.0035650623	0.08826134	1.0	1604	tags=21%, list=8%, signal=23%	
GOMF_CADHERIN_BINDING	GOMF_CADHERIN_BINDING		310	0.44174337	1.6838359	0.0	0.08766002	1.0	3935	tags=35%, list=20%, signal=43%	
GOBP_AORTIC_VALVE_MORPHOGENESIS	GOBP_AORTIC_VALVE_MORPHOGENESIS		39	0.58508384	1.6782684	0.0035714286	0.09239363	1.0	1890	tags=36%, list=10%, signal=40%	
GOBP_OVULATION_CYCLE	GOBP_OVULATION_CYCLE		71	0.5301383	1.676897	0.0	0.09302632	1.0	2425	tags=34%, list=12%, signal=38%	
GOMF_CORECEPTOR_ACTIVITY	GOMF_CORECEPTOR_ACTIVITY		56	0.5545851	1.6761005	0.009124087	0.09313853	1.0	1724	tags=30%, list=9%, signal=33%	
GOBP_RETINA_VASCULATURE_DEVELOPMENT_IN_CAMERA_TYPE_EYE	GOBP_RETINA_VASCULATURE_DEVELOPMENT_IN_CAMERA_TYPE_EYE		20	0.6639063	1.6751026	0.0037243948	0.093395546	1.0	2552	tags=55%, list=13%, signal=63%	
GOBP_AORTA_DEVELOPMENT	GOBP_AORTA_DEVELOPMENT		61	0.54093117	1.6745255	0.001633987	0.09332184	1.0	2371	tags=36%, list=12%, signal=41%	
GOBP_CELL_CELL_ADHESION_MEDIATED_BY_CADHERIN	GOBP_CELL_CELL_ADHESION_MEDIATED_BY_CADHERIN		48	0.5679467	1.6738871	0.0049586776	0.09338546	1.0	2475	tags=29%, list=13%, signal=33%	
GOBP_MEMBRANE_REPOLARIZATION_DURING_ACTION_POTENTIAL	GOBP_MEMBRANE_REPOLARIZATION_DURING_ACTION_POTENTIAL		28	0.6165858	1.6724572	0.012704174	0.09434947	1.0	2661	tags=36%, list=14%, signal=41%	
GOBP_VENTRICULAR_CARDIAC_MUSCLE_CELL_ACTION_POTENTIAL	GOBP_VENTRICULAR_CARDIAC_MUSCLE_CELL_ACTION_POTENTIAL		34	0.6079083	1.6698189	0.0034843206	0.09630036	1.0	944	tags=21%, list=5%, signal=22%	
GOBP_REGULATION_OF_STRIATED_MUSCLE_CONTRACTION	GOBP_REGULATION_OF_STRIATED_MUSCLE_CONTRACTION		93	0.5059575	1.6684164	0.0	0.097146474	1.0	1125	tags=19%, list=6%, signal=20%	
GOBP_REGULATION_OF_TRANSMEMBRANE_RECEPTOR_PROTEIN_SERINE_THREONINE_KINASE_SIGNALING_PATHWAY	GOBP_REGULATION_OF_TRANSMEMBRANE_RECEPTOR_PROTEIN_SERINE_THREONINE_KINASE_SIGNALING_PATHWAY		250	0.44835046	1.6682215	0.0	0.09665064	1.0	2627	tags=26%, list=14%, signal=30%	
GOBP_CARTILAGE_DEVELOPMENT	GOBP_CARTILAGE_DEVELOPMENT		193	0.45888105	1.6672423	0.0	0.09702356	1.0	1871	tags=25%, list=10%, signal=28%	
GOBP_PATTERN_SPECIFICATION_PROCESS	GOBP_PATTERN_SPECIFICATION_PROCESS		448	0.42830288	1.6667745	0.0	0.09688079	1.0	2716	tags=26%, list=14%, signal=29%	
GOBP_CARDIOCYTE_DIFFERENTIATION	GOBP_CARDIOCYTE_DIFFERENTIATION		146	0.47361892	1.6647333	0.0	0.09861523	1.0	2513	tags=29%, list=13%, signal=34%	
GOBP_CARDIAC_MUSCLE_CELL_MEMBRANE_REPOLARIZATION	GOBP_CARDIAC_MUSCLE_CELL_MEMBRANE_REPOLARIZATION		38	0.58081084	1.6607482	0.006633499	0.10232838	1.0	3280	tags=37%, list=17%, signal=44%	
GOBP_SECRETORY_GRANULE_LOCALIZATION	GOBP_SECRETORY_GRANULE_LOCALIZATION		22	0.67243576	1.6602846	0.010928961	0.10223214	1.0	1440	tags=32%, list=7%, signal=34%	
GOBP_STRIATED_MUSCLE_TISSUE_DEVELOPMENT	GOBP_STRIATED_MUSCLE_TISSUE_DEVELOPMENT		245	0.44582245	1.6593965	0.0	0.1025125	1.0	3108	tags=30%, list=16%, signal=35%	
GOCC_INTERCALATED_DISC	GOCC_INTERCALATED_DISC		51	0.5502893	1.6590071	0.0051457975	0.10232365	1.0	1958	tags=25%, list=10%, signal=28%	
GOBP_CELL_COMMUNICATION_BY_ELECTRICAL_COUPLING_INVOLVED_IN_CARDIAC_CONDUCTION	GOBP_CELL_COMMUNICATION_BY_ELECTRICAL_COUPLING_INVOLVED_IN_CARDIAC_CONDUCTION		26	0.6370566	1.658783	0.0037105752	0.10193202	1.0	724	tags=23%, list=4%, signal=24%	
GOBP_NODAL_SIGNALING_PATHWAY	GOBP_NODAL_SIGNALING_PATHWAY		18	0.688331	1.6582209	0.0075046904	0.101808324	1.0	1052	tags=22%, list=5%, signal=23%	
GOBP_INTRACILIARY_TRANSPORT	GOBP_INTRACILIARY_TRANSPORT		41	0.57099384	1.6575805	0.0036563072	0.101869434	1.0	4547	tags=51%, list=23%, signal=67%	
GOBP_REGULATION_OF_MEMBRANE_REPOLARIZATION	GOBP_REGULATION_OF_MEMBRANE_REPOLARIZATION		35	0.59581	1.6567838	0.0036036037	0.10203332	1.0	2533	tags=31%, list=13%, signal=36%	
GOMF_MONOCARBOXYLIC_ACID_BINDING	GOMF_MONOCARBOXYLIC_ACID_BINDING		86	0.50691044	1.6567153	0.0015822785	0.10141559	1.0	1855	tags=20%, list=10%, signal=22%	
GOBP_NEGATIVE_REGULATION_OF_NEURON_PROJECTION_REGENERATION	GOBP_NEGATIVE_REGULATION_OF_NEURON_PROJECTION_REGENERATION		16	0.69718987	1.655743	0.013182675	0.10184217	1.0	390	tags=19%, list=2%, signal=19%	
GOBP_EMBRYONIC_ORGAN_DEVELOPMENT	GOBP_EMBRYONIC_ORGAN_DEVELOPMENT		445	0.4236614	1.6545346	0.0	0.10255544	1.0	2513	tags=25%, list=13%, signal=28%	
GOBP_EMBRYONIC_ORGAN_MORPHOGENESIS	GOBP_EMBRYONIC_ORGAN_MORPHOGENESIS		290	0.43565235	1.6545212	0.0	0.10190852	1.0	2608	tags=27%, list=13%, signal=31%	
GOBP_RESPONSE_TO_COPPER_ION	GOBP_RESPONSE_TO_COPPER_ION		32	0.5925291	1.6543027	0.012844036	0.10148298	1.0	1499	tags=25%, list=8%, signal=27%	
GOBP_REGULATION_OF_CARTILAGE_DEVELOPMENT	GOBP_REGULATION_OF_CARTILAGE_DEVELOPMENT		63	0.5356412	1.6536891	0.001669449	0.10146798	1.0	2085	tags=29%, list=11%, signal=32%	
GOBP_CARDIAC_EPITHELIAL_TO_MESENCHYMAL_TRANSITION	GOBP_CARDIAC_EPITHELIAL_TO_MESENCHYMAL_TRANSITION		37	0.5884123	1.6533676	0.0056179776	0.10122397	1.0	2491	tags=51%, list=13%, signal=59%	
GOBP_MESENCHYME_MORPHOGENESIS	GOBP_MESENCHYME_MORPHOGENESIS		60	0.53465945	1.652132	0.0	0.101962656	1.0	2799	tags=42%, list=14%, signal=49%	
GOBP_MUSCLE_CELL_CELLULAR_HOMEOSTASIS	GOBP_MUSCLE_CELL_CELLULAR_HOMEOSTASIS		26	0.63448733	1.6500292	0.009345794	0.10371964	1.0	2544	tags=35%, list=13%, signal=40%	
GOBP_POSITIVE_REGULATION_OF_CELL_JUNCTION_ASSEMBLY	GOBP_POSITIVE_REGULATION_OF_CELL_JUNCTION_ASSEMBLY		106	0.49029088	1.6498133	0.0	0.10330782	1.0	2204	tags=31%, list=11%, signal=35%	
GOBP_POSITIVE_REGULATION_OF_RECEPTOR_SIGNALING_PATHWAY_VIA_STAT	GOBP_POSITIVE_REGULATION_OF_RECEPTOR_SIGNALING_PATHWAY_VIA_STAT		53	0.5475986	1.6495897	0.0067681894	0.10296823	1.0	1345	tags=21%, list=7%, signal=22%	
GOBP_WNT_SIGNALING_PATHWAY_PLANAR_CELL_POLARITY_PATHWAY	GOBP_WNT_SIGNALING_PATHWAY_PLANAR_CELL_POLARITY_PATHWAY		49	0.5568871	1.6487314	0.009025271	0.10325107	1.0	2694	tags=41%, list=14%, signal=47%	
GOBP_LYMPHANGIOGENESIS	GOBP_LYMPHANGIOGENESIS		18	0.67767906	1.6483605	0.012750455	0.103100486	1.0	1890	tags=50%, list=10%, signal=55%	
GOBP_CARDIAC_ATRIUM_MORPHOGENESIS	GOBP_CARDIAC_ATRIUM_MORPHOGENESIS		27	0.61439323	1.6471132	0.010948905	0.104049206	1.0	2491	tags=37%, list=13%, signal=42%	
GOBP_RESPONSE_TO_POTASSIUM_ION	GOBP_RESPONSE_TO_POTASSIUM_ION		19	0.65483224	1.6462371	0.005597015	0.10446822	1.0	2025	tags=26%, list=10%, signal=29%	
GOBP_LYMPH_VESSEL_MORPHOGENESIS	GOBP_LYMPH_VESSEL_MORPHOGENESIS		22	0.6681621	1.6446298	0.0073664826	0.105561145	1.0	1890	tags=45%, list=10%, signal=50%	
GOBP_RENAL_SYSTEM_DEVELOPMENT	GOBP_RENAL_SYSTEM_DEVELOPMENT		324	0.43162298	1.6445339	0.0	0.105033495	1.0	2263	tags=26%, list=12%, signal=29%	
GOBP_RENAL_FILTRATION	GOBP_RENAL_FILTRATION		28	0.61431545	1.6441501	0.0036563072	0.104825966	1.0	2269	tags=46%, list=12%, signal=52%	
GOBP_DETOXIFICATION	GOBP_DETOXIFICATION		138	0.4678876	1.6421984	0.0	0.10650769	1.0	2253	tags=28%, list=12%, signal=32%	
GOBP_MUSCLE_ORGAN_MORPHOGENESIS	GOBP_MUSCLE_ORGAN_MORPHOGENESIS		76	0.51196027	1.6419847	0.0033898305	0.10609257	1.0	2571	tags=34%, list=13%, signal=39%	
GOBP_RESPONSE_TO_CORTICOSTERONE	GOBP_RESPONSE_TO_CORTICOSTERONE		17	0.6792655	1.6399308	0.012727273	0.10797346	1.0	989	tags=35%, list=5%, signal=37%	
GOBP_REGULATION_OF_CARDIAC_MUSCLE_CONTRACTION_BY_CALCIUM_ION_SIGNALING	GOBP_REGULATION_OF_CARDIAC_MUSCLE_CONTRACTION_BY_CALCIUM_ION_SIGNALING		25	0.6213695	1.6386098	0.0144665465	0.10885993	1.0	1029	tags=24%, list=5%, signal=25%	
GOBP_CARDIAC_MUSCLE_CELL_ACTION_POTENTIAL	GOBP_CARDIAC_MUSCLE_CELL_ACTION_POTENTIAL		81	0.5042162	1.6384186	0.0	0.10839908	1.0	3381	tags=28%, list=17%, signal=34%	
GOBP_REGULATION_OF_CELLULAR_RESPONSE_TO_TRANSFORMING_GROWTH_FACTOR_BETA_STIMULUS	GOBP_REGULATION_OF_CELLULAR_RESPONSE_TO_TRANSFORMING_GROWTH_FACTOR_BETA_STIMULUS		137	0.47148755	1.638071	0.0	0.10820703	1.0	2245	tags=24%, list=12%, signal=27%	
GOCC_ENDOPLASMIC_RETICULUM_LUMEN	GOCC_ENDOPLASMIC_RETICULUM_LUMEN		301	0.43202704	1.6374841	0.0	0.10820015	1.0	2321	tags=25%, list=12%, signal=28%	
GOCC_SARCOPLASMIC_RETICULUM	GOCC_SARCOPLASMIC_RETICULUM		70	0.5145017	1.6367697	0.003533569	0.10838576	1.0	1176	tags=21%, list=6%, signal=23%	
GOBP_REGULATION_OF_SKELETAL_MUSCLE_CONTRACTION	GOBP_REGULATION_OF_SKELETAL_MUSCLE_CONTRACTION		18	0.68239874	1.6357647	0.012867647	0.1088387	1.0	1125	tags=33%, list=6%, signal=35%	
GOBP_RESPONSE_TO_MINERALOCORTICOID	GOBP_RESPONSE_TO_MINERALOCORTICOID		39	0.5705687	1.6351761	0.005444646	0.108942054	1.0	989	tags=26%, list=5%, signal=27%	
GOBP_EMBRYONIC_SKELETAL_SYSTEM_DEVELOPMENT	GOBP_EMBRYONIC_SKELETAL_SYSTEM_DEVELOPMENT		124	0.4790874	1.6339592	0.0015873016	0.1098002	1.0	2340	tags=29%, list=12%, signal=33%	
GOBP_MOTOR_NEURON_AXON_GUIDANCE	GOBP_MOTOR_NEURON_AXON_GUIDANCE		25	0.624154	1.633552	0.008865248	0.10963776	1.0	2753	tags=48%, list=14%, signal=56%	
GOBP_MESENCHYMAL_CELL_PROLIFERATION	GOBP_MESENCHYMAL_CELL_PROLIFERATION		43	0.55407953	1.6326749	0.0051635113	0.11008973	1.0	2604	tags=40%, list=13%, signal=46%	
GOBP_RENAL_TUBULE_DEVELOPMENT	GOBP_RENAL_TUBULE_DEVELOPMENT		103	0.49173155	1.6326318	0.0	0.10952252	1.0	2604	tags=32%, list=13%, signal=37%	
GOBP_RESPONSE_TO_VITAMIN_A	GOBP_RESPONSE_TO_VITAMIN_A		15	0.69153553	1.6318948	0.015209125	0.10975989	1.0	2861	tags=33%, list=15%, signal=39%	
GOBP_NEPHRON_EPITHELIUM_DEVELOPMENT	GOBP_NEPHRON_EPITHELIUM_DEVELOPMENT		121	0.47613904	1.6313964	0.0	0.10978131	1.0	2604	tags=29%, list=13%, signal=33%	
GOBP_MORPHOGENESIS_OF_AN_EPITHELIUM	GOBP_MORPHOGENESIS_OF_AN_EPITHELIUM		486	0.41374734	1.6300746	0.0	0.11075348	1.0	2645	tags=26%, list=14%, signal=29%	
GOCC_GAP_JUNCTION	GOCC_GAP_JUNCTION		29	0.60577756	1.6300095	0.015358361	0.11026794	1.0	4346	tags=41%, list=22%, signal=53%	
GOBP_RESPONSE_TO_AXON_INJURY	GOBP_RESPONSE_TO_AXON_INJURY		80	0.5120829	1.6287862	0.001607717	0.11110912	1.0	1678	tags=20%, list=9%, signal=22%	
GOBP_ACTOMYOSIN_STRUCTURE_ORGANIZATION	GOBP_ACTOMYOSIN_STRUCTURE_ORGANIZATION		209	0.44534042	1.6273317	0.0	0.11224541	1.0	1836	tags=22%, list=9%, signal=25%	
GOBP_ARTERY_DEVELOPMENT	GOBP_ARTERY_DEVELOPMENT		104	0.48314044	1.6270727	0.0032258064	0.11198604	1.0	2371	tags=33%, list=12%, signal=37%	
GOBP_SKELETAL_MUSCLE_TISSUE_REGENERATION	GOBP_SKELETAL_MUSCLE_TISSUE_REGENERATION		37	0.5850135	1.6257218	0.010810811	0.1129535	1.0	3466	tags=43%, list=18%, signal=53%	
GOBP_SKELETAL_SYSTEM_MORPHOGENESIS	GOBP_SKELETAL_SYSTEM_MORPHOGENESIS		219	0.4381375	1.6243013	0.0	0.11399246	1.0	2552	tags=27%, list=13%, signal=31%	
GOMF_OXIDOREDUCTASE_ACTIVITY_ACTING_ON_THE_CH_NH2_GROUP_OF_DONORS	GOMF_OXIDOREDUCTASE_ACTIVITY_ACTING_ON_THE_CH_NH2_GROUP_OF_DONORS		20	0.6595544	1.6229446	0.016157988	0.115079686	1.0	799	tags=25%, list=4%, signal=26%	
GOMF_HORMONE_ACTIVITY	GOMF_HORMONE_ACTIVITY		119	0.47263125	1.6217093	0.0	0.11608495	1.0	1241	tags=15%, list=6%, signal=16%	
GOBP_NEGATIVE_REGULATION_OF_GROWTH	GOBP_NEGATIVE_REGULATION_OF_GROWTH		214	0.43800616	1.6199685	0.0	0.11761729	1.0	2770	tags=27%, list=14%, signal=31%	
GOBP_GLOMERULUS_DEVELOPMENT	GOBP_GLOMERULUS_DEVELOPMENT		72	0.51474357	1.6198881	0.0	0.11709398	1.0	2442	tags=36%, list=13%, signal=41%	
GOBP_REGULATION_OF_OSTEOBLAST_DIFFERENTIATION	GOBP_REGULATION_OF_OSTEOBLAST_DIFFERENTIATION		120	0.47550038	1.6197599	0.0	0.116655365	1.0	2647	tags=34%, list=14%, signal=39%	
GOBP_EAR_MORPHOGENESIS	GOBP_EAR_MORPHOGENESIS		124	0.4752481	1.6172502	0.0	0.119136356	1.0	3320	tags=32%, list=17%, signal=39%	
GOMF_CAMP_BINDING	GOMF_CAMP_BINDING		23	0.6244991	1.6170084	0.016393442	0.118789814	1.0	1177	tags=26%, list=6%, signal=28%	
GOBP_CELL_SUBSTRATE_ADHESION	GOBP_CELL_SUBSTRATE_ADHESION		342	0.4209003	1.6164336	0.0	0.1188682	1.0	2747	tags=30%, list=14%, signal=34%	
GOBP_CHONDROCYTE_DIFFERENTIATION	GOBP_CHONDROCYTE_DIFFERENTIATION		107	0.48071155	1.6161047	0.0016778524	0.11865697	1.0	2093	tags=30%, list=11%, signal=33%	
GOBP_SARCOMERE_ORGANIZATION	GOBP_SARCOMERE_ORGANIZATION		50	0.54457396	1.6144569	0.010869565	0.120034546	1.0	1836	tags=36%, list=9%, signal=40%	
GOBP_CARDIAC_ATRIUM_DEVELOPMENT	GOBP_CARDIAC_ATRIUM_DEVELOPMENT		35	0.582375	1.6141918	0.005376344	0.11973913	1.0	1951	tags=34%, list=10%, signal=38%	
GOBP_LONG_TERM_MEMORY	GOBP_LONG_TERM_MEMORY		39	0.56640905	1.6139643	0.007518797	0.11934523	1.0	2070	tags=31%, list=11%, signal=34%	
GOBP_MESENCHYME_DEVELOPMENT	GOBP_MESENCHYME_DEVELOPMENT		304	0.42569774	1.6121075	0.0	0.12113615	1.0	2491	tags=27%, list=13%, signal=30%	
GOBP_SEMI_LUNAR_VALVE_DEVELOPMENT	GOBP_SEMI_LUNAR_VALVE_DEVELOPMENT		48	0.5395566	1.6114632	0.012411348	0.1214183	1.0	1890	tags=38%, list=10%, signal=41%	
GOBP_OUTFLOW_TRACT_MORPHOGENESIS	GOBP_OUTFLOW_TRACT_MORPHOGENESIS		78	0.49880645	1.6109726	0.0066006603	0.12142445	1.0	2546	tags=36%, list=13%, signal=41%	
GOBP_BONE_DEVELOPMENT	GOBP_BONE_DEVELOPMENT		203	0.4414289	1.6101009	0.0	0.1220072	1.0	2604	tags=28%, list=13%, signal=32%	
GOMF_HEPARIN_BINDING	GOMF_HEPARIN_BINDING		159	0.4573575	1.6094431	0.0	0.122249015	1.0	1815	tags=23%, list=9%, signal=25%	
GOBP_REGULATION_OF_INSULIN_LIKE_GROWTH_FACTOR_RECEPTOR_SIGNALING_PATHWAY	GOBP_REGULATION_OF_INSULIN_LIKE_GROWTH_FACTOR_RECEPTOR_SIGNALING_PATHWAY		22	0.6304536	1.6089997	0.0056603774	0.122227	1.0	402	tags=18%, list=2%, signal=19%	
GOMF_TRANSFORMING_GROWTH_FACTOR_BETA_BINDING	GOMF_TRANSFORMING_GROWTH_FACTOR_BETA_BINDING		24	0.60355586	1.6086686	0.02014652	0.12206682	1.0	2495	tags=46%, list=13%, signal=53%	
GOCC_LAMELLIPODIUM	GOCC_LAMELLIPODIUM		200	0.44742352	1.6076725	0.0	0.12278241	1.0	2529	tags=29%, list=13%, signal=32%	
GOBP_ANIMAL_ORGAN_MATURATION	GOBP_ANIMAL_ORGAN_MATURATION		29	0.5959411	1.6073672	0.007017544	0.122560136	1.0	1525	tags=31%, list=8%, signal=34%	
GOCC_PODOSOME	GOCC_PODOSOME		31	0.5896455	1.6031189	0.010830325	0.12739466	1.0	2369	tags=45%, list=12%, signal=51%	
GOBP_AORTA_MORPHOGENESIS	GOBP_AORTA_MORPHOGENESIS		34	0.57362163	1.6026707	0.012048192	0.12735772	1.0	2371	tags=38%, list=12%, signal=43%	
GOBP_POSITIVE_REGULATION_OF_STEM_CELL_DIFFERENTIATION	GOBP_POSITIVE_REGULATION_OF_STEM_CELL_DIFFERENTIATION		21	0.64003944	1.6026162	0.02640845	0.12683766	1.0	1678	tags=33%, list=9%, signal=36%	
GOMF_PHOSPHATIDIC_ACID_BINDING	GOMF_PHOSPHATIDIC_ACID_BINDING		19	0.6410141	1.6018386	0.012987013	0.12715414	1.0	3941	tags=53%, list=20%, signal=66%	
GOBP_REGULATION_OF_FIBROBLAST_GROWTH_FACTOR_RECEPTOR_SIGNALING_PATHWAY	GOBP_REGULATION_OF_FIBROBLAST_GROWTH_FACTOR_RECEPTOR_SIGNALING_PATHWAY		33	0.5768243	1.6017221	0.012237762	0.12671632	1.0	1913	tags=36%, list=10%, signal=40%	
GOBP_PROSTANOID_METABOLIC_PROCESS	GOBP_PROSTANOID_METABOLIC_PROCESS		46	0.5497363	1.6001675	0.010810811	0.12825394	1.0	1345	tags=24%, list=7%, signal=26%	
GOMF_SCAVENGER_RECEPTOR_ACTIVITY	GOMF_SCAVENGER_RECEPTOR_ACTIVITY		26	0.60637045	1.6000094	0.019748654	0.12788153	1.0	2344	tags=31%, list=12%, signal=35%	
GOBP_OSSIFICATION	GOBP_OSSIFICATION		395	0.41165566	1.5980209	0.0	0.1300271	1.0	2648	tags=26%, list=14%, signal=29%	
GOBP_CARDIAC_MUSCLE_CELL_DIFFERENTIATION	GOBP_CARDIAC_MUSCLE_CELL_DIFFERENTIATION		116	0.466998	1.5974605	0.0	0.13014665	1.0	2513	tags=28%, list=13%, signal=31%	
GOBP_BASEMENT_MEMBRANE_ORGANIZATION	GOBP_BASEMENT_MEMBRANE_ORGANIZATION		38	0.56755364	1.5962608	0.022727273	0.13104932	1.0	2849	tags=50%, list=15%, signal=58%	
GOBP_NEGATIVE_REGULATION_OF_CELLULAR_RESPONSE_TO_GROWTH_FACTOR_STIMULUS	GOBP_NEGATIVE_REGULATION_OF_CELLULAR_RESPONSE_TO_GROWTH_FACTOR_STIMULUS		98	0.47886607	1.5946984	0.0	0.13239431	1.0	2742	tags=30%, list=14%, signal=34%	
GOCC_FILOPODIUM	GOCC_FILOPODIUM		100	0.47353297	1.5928588	0.0	0.1343764	1.0	2529	tags=30%, list=13%, signal=34%	
GOBP_VASCULAR_ENDOTHELIAL_GROWTH_FACTOR_SIGNALING_PATHWAY	GOBP_VASCULAR_ENDOTHELIAL_GROWTH_FACTOR_SIGNALING_PATHWAY		40	0.55076045	1.5923353	0.007017544	0.13444564	1.0	3341	tags=50%, list=17%, signal=60%	
GOBP_REGULATION_OF_ACROSOME_REACTION	GOBP_REGULATION_OF_ACROSOME_REACTION		17	0.66889113	1.5921668	0.032075472	0.13402669	1.0	1406	tags=18%, list=7%, signal=19%	
GOBP_ENDODERM_FORMATION	GOBP_ENDODERM_FORMATION		58	0.5191474	1.591812	0.0053475937	0.13391526	1.0	1548	tags=26%, list=8%, signal=28%	
GOMF_CYCLIC_NUCLEOTIDE_BINDING	GOMF_CYCLIC_NUCLEOTIDE_BINDING		35	0.56852555	1.5876111	0.007029877	0.13888822	1.0	1177	tags=20%, list=6%, signal=21%	
GOBP_REGULATION_OF_RENAL_SYSTEM_PROCESS	GOBP_REGULATION_OF_RENAL_SYSTEM_PROCESS		21	0.62810767	1.5871435	0.014814815	0.13891023	1.0	2020	tags=29%, list=10%, signal=32%	
GOBP_NEGATIVE_REGULATION_OF_ION_TRANSMEMBRANE_TRANSPORTER_ACTIVITY	GOBP_NEGATIVE_REGULATION_OF_ION_TRANSMEMBRANE_TRANSPORTER_ACTIVITY		54	0.5229233	1.5868016	0.0054054055	0.13885084	1.0	2671	tags=26%, list=14%, signal=30%	
GOBP_CELL_CELL_SIGNALING_INVOLVED_IN_CARDIAC_CONDUCTION	GOBP_CELL_CELL_SIGNALING_INVOLVED_IN_CARDIAC_CONDUCTION		32	0.581045	1.5857917	0.006993007	0.13950102	1.0	1911	tags=25%, list=10%, signal=28%	
GOBP_REGULATION_OF_CARDIAC_MUSCLE_CONTRACTION_BY_REGULATION_OF_THE_RELEASE_OF_SEQUESTERED_CALCIUM_ION	GOBP_REGULATION_OF_CARDIAC_MUSCLE_CONTRACTION_BY_REGULATION_OF_THE_RELEASE_OF_SEQUESTERED_CALCIUM_ION		20	0.6371192	1.584741	0.014842301	0.14036344	1.0	1029	tags=25%, list=5%, signal=26%	
GOBP_REGULATION_OF_ACTION_POTENTIAL	GOBP_REGULATION_OF_ACTION_POTENTIAL		55	0.52368945	1.5843873	0.005357143	0.1401614	1.0	2502	tags=25%, list=13%, signal=29%	
GOBP_BONE_MATURATION	GOBP_BONE_MATURATION		25	0.61569715	1.584235	0.010968922	0.13974495	1.0	1525	tags=32%, list=8%, signal=35%	
GOBP_ENDOTHELIAL_CELL_DEVELOPMENT	GOBP_ENDOTHELIAL_CELL_DEVELOPMENT		66	0.5078015	1.5838685	0.006722689	0.13961026	1.0	2529	tags=39%, list=13%, signal=45%	
GOBP_RENAL_SYSTEM_PROCESS_INVOLVED_IN_REGULATION_OF_SYSTEMIC_ARTERIAL_BLOOD_PRESSURE	GOBP_RENAL_SYSTEM_PROCESS_INVOLVED_IN_REGULATION_OF_SYSTEMIC_ARTERIAL_BLOOD_PRESSURE		25	0.60758126	1.5831523	0.02457467	0.13998638	1.0	2020	tags=28%, list=10%, signal=31%	
GOBP_DORSAL_SPINAL_CORD_DEVELOPMENT	GOBP_DORSAL_SPINAL_CORD_DEVELOPMENT		19	0.64919883	1.5819161	0.013133208	0.14111869	1.0	2823	tags=32%, list=15%, signal=37%	
GOBP_VASCULAR_ASSOCIATED_SMOOTH_MUSCLE_CELL_MIGRATION	GOBP_VASCULAR_ASSOCIATED_SMOOTH_MUSCLE_CELL_MIGRATION		27	0.58794683	1.5816591	0.020676691	0.14084864	1.0	3344	tags=41%, list=17%, signal=49%	
GOMF_BASIC_AMINO_ACID_TRANSMEMBRANE_TRANSPORTER_ACTIVITY	GOMF_BASIC_AMINO_ACID_TRANSMEMBRANE_TRANSPORTER_ACTIVITY		17	0.66749704	1.5811543	0.02037037	0.14096744	1.0	2812	tags=47%, list=14%, signal=55%	
GOBP_EXCRETION	GOBP_EXCRETION		28	0.5942117	1.5810751	0.0198915	0.14048566	1.0	1241	tags=18%, list=6%, signal=19%	
GOBP_REGULATION_OF_MUSCLE_ADAPTATION	GOBP_REGULATION_OF_MUSCLE_ADAPTATION		75	0.49358612	1.580898	0.0051903115	0.1400764	1.0	3432	tags=36%, list=18%, signal=44%	
GOBP_NON_CANONICAL_WNT_SIGNALING_PATHWAY	GOBP_NON_CANONICAL_WNT_SIGNALING_PATHWAY		69	0.5021199	1.5806468	0.014059754	0.13986778	1.0	3072	tags=41%, list=16%, signal=48%	
GOBP_WHITE_FAT_CELL_DIFFERENTIATION	GOBP_WHITE_FAT_CELL_DIFFERENTIATION		15	0.68020976	1.5801923	0.019193858	0.13990748	1.0	763	tags=20%, list=4%, signal=21%	
GOBP_REGULATION_OF_SYNAPSE_ASSEMBLY	GOBP_REGULATION_OF_SYNAPSE_ASSEMBLY		116	0.4631149	1.5799323	0.0016129032	0.13972898	1.0	2658	tags=27%, list=14%, signal=31%	
GOBP_CELL_SUBSTRATE_JUNCTION_ORGANIZATION	GOBP_CELL_SUBSTRATE_JUNCTION_ORGANIZATION		101	0.46925437	1.579883	0.0016260162	0.13923821	1.0	3309	tags=41%, list=17%, signal=49%	
GOBP_NEURAL_TUBE_DEVELOPMENT	GOBP_NEURAL_TUBE_DEVELOPMENT		155	0.45310158	1.5796022	0.0015197569	0.13898814	1.0	2875	tags=29%, list=15%, signal=34%	
GOBP_HEART_VALVE_DEVELOPMENT	GOBP_HEART_VALVE_DEVELOPMENT		72	0.50067717	1.5792638	0.008305647	0.1387759	1.0	2604	tags=40%, list=13%, signal=46%	
GOMF_INTEGRIN_BINDING	GOMF_INTEGRIN_BINDING		150	0.44937664	1.5786593	0.0014814815	0.13899727	1.0	2286	tags=30%, list=12%, signal=34%	
GOBP_POSITIVE_REGULATION_OF_BLOOD_PRESSURE	GOBP_POSITIVE_REGULATION_OF_BLOOD_PRESSURE		31	0.59275264	1.5785313	0.01598579	0.13861425	1.0	1264	tags=23%, list=7%, signal=24%	
GOBP_CARDIAC_VENTRICLE_MORPHOGENESIS	GOBP_CARDIAC_VENTRICLE_MORPHOGENESIS		70	0.4999201	1.5784822	0.0016155089	0.13815318	1.0	1550	tags=30%, list=8%, signal=32%	
GOBP_POSITIVE_REGULATION_OF_ENDOTHELIAL_CELL_APOPTOTIC_PROCESS	GOBP_POSITIVE_REGULATION_OF_ENDOTHELIAL_CELL_APOPTOTIC_PROCESS		19	0.6396655	1.5784789	0.015473888	0.1376066	1.0	2278	tags=42%, list=12%, signal=48%	
GOBP_REGULATION_OF_SKELETAL_MUSCLE_CELL_DIFFERENTIATION	GOBP_REGULATION_OF_SKELETAL_MUSCLE_CELL_DIFFERENTIATION		20	0.6300459	1.5780383	0.014705882	0.13769346	1.0	1348	tags=35%, list=7%, signal=38%	
GOBP_LONG_TERM_SYNAPTIC_POTENTIATION	GOBP_LONG_TERM_SYNAPTIC_POTENTIATION		91	0.48301208	1.5776563	0.0033333334	0.13756487	1.0	2132	tags=26%, list=11%, signal=29%	
GOBP_NEGATIVE_REGULATION_OF_EPITHELIAL_CELL_PROLIFERATION	GOBP_NEGATIVE_REGULATION_OF_EPITHELIAL_CELL_PROLIFERATION		128	0.45946145	1.5773209	0.0016556291	0.13745613	1.0	1871	tags=22%, list=10%, signal=24%	
GOCC_PLATELET_ALPHA_GRANULE	GOCC_PLATELET_ALPHA_GRANULE		89	0.47699144	1.577235	0.0063897762	0.13703543	1.0	2442	tags=34%, list=13%, signal=38%	
GOMF_G_PROTEIN_ACTIVITY	GOMF_G_PROTEIN_ACTIVITY		45	0.54215	1.5771105	0.005319149	0.13670582	1.0	2990	tags=29%, list=15%, signal=34%	
GOBP_MEMORY	GOBP_MEMORY		121	0.46139815	1.5757797	0.0	0.13796192	1.0	2137	tags=23%, list=11%, signal=26%	
GOBP_REGULATION_OF_RESPIRATORY_SYSTEM_PROCESS	GOBP_REGULATION_OF_RESPIRATORY_SYSTEM_PROCESS		16	0.6658123	1.5754646	0.02443609	0.13783823	1.0	1868	tags=25%, list=10%, signal=28%	
GOBP_CELL_MIGRATION_IN_HINDBRAIN	GOBP_CELL_MIGRATION_IN_HINDBRAIN		17	0.669816	1.5737008	0.026415095	0.13964924	1.0	2801	tags=47%, list=14%, signal=55%	
GOBP_CARDIAC_CHAMBER_MORPHOGENESIS	GOBP_CARDIAC_CHAMBER_MORPHOGENESIS		123	0.45399857	1.573511	0.0031201248	0.13937415	1.0	2546	tags=32%, list=13%, signal=36%	
GOCC_LATERAL_PLASMA_MEMBRANE	GOCC_LATERAL_PLASMA_MEMBRANE		67	0.50196487	1.5732765	0.005033557	0.1391614	1.0	2204	tags=30%, list=11%, signal=34%	
GOBP_OVULATION_CYCLE_PROCESS	GOBP_OVULATION_CYCLE_PROCESS		48	0.5353402	1.5727539	0.0102214655	0.13927992	1.0	2404	tags=31%, list=12%, signal=36%	
GOBP_RESPONSE_TO_KETONE	GOBP_RESPONSE_TO_KETONE		215	0.43054077	1.5699179	0.0	0.14247683	1.0	2425	tags=23%, list=12%, signal=26%	
GOBP_ARTERY_MORPHOGENESIS	GOBP_ARTERY_MORPHOGENESIS		73	0.49043107	1.5690038	0.008143323	0.14308716	1.0	2371	tags=36%, list=12%, signal=40%	
GOMF_TRANSMEMBRANE_EPHRIN_RECEPTOR_ACTIVITY	GOMF_TRANSMEMBRANE_EPHRIN_RECEPTOR_ACTIVITY		15	0.67443573	1.5676718	0.025291828	0.14433318	1.0	1762	tags=33%, list=9%, signal=37%	
GOMF_GLYCOSAMINOGLYCAN_BINDING	GOMF_GLYCOSAMINOGLYCAN_BINDING		224	0.42526656	1.5674798	0.0	0.14403215	1.0	1815	tags=21%, list=9%, signal=23%	
GOCC_ACTIN_BASED_CELL_PROJECTION	GOCC_ACTIN_BASED_CELL_PROJECTION		214	0.4243063	1.5666144	0.003030303	0.14472108	1.0	2596	tags=26%, list=13%, signal=29%	
GOBP_ENDOTHELIAL_CELL_MIGRATION	GOBP_ENDOTHELIAL_CELL_MIGRATION		213	0.43087095	1.5658801	0.0	0.14518058	1.0	2178	tags=27%, list=11%, signal=30%	
GOBP_APPENDAGE_MORPHOGENESIS	GOBP_APPENDAGE_MORPHOGENESIS		142	0.44780028	1.5656796	0.0016420361	0.14489424	1.0	2093	tags=28%, list=11%, signal=31%	
GOBP_POSITIVE_REGULATION_OF_TYROSINE_PHOSPHORYLATION_OF_STAT_PROTEIN	GOBP_POSITIVE_REGULATION_OF_TYROSINE_PHOSPHORYLATION_OF_STAT_PROTEIN		62	0.51201326	1.5640856	0.0052173915	0.14648934	1.0	1608	tags=16%, list=8%, signal=18%	
GOBP_REGULATION_OF_HEART_RATE_BY_CARDIAC_CONDUCTION	GOBP_REGULATION_OF_HEART_RATE_BY_CARDIAC_CONDUCTION		40	0.54704726	1.5633327	0.014760148	0.14689349	1.0	944	tags=20%, list=5%, signal=21%	
GOBP_ACTIN_FILAMENT_ORGANIZATION	GOBP_ACTIN_FILAMENT_ORGANIZATION		434	0.39740127	1.5624728	0.0	0.147508	1.0	3474	tags=31%, list=18%, signal=37%	
GOBP_WNT_SIGNALING_PATHWAY	GOBP_WNT_SIGNALING_PATHWAY		430	0.3990654	1.5615684	0.0	0.14816482	1.0	2694	tags=24%, list=14%, signal=28%	
GOMF_GLUCOSYLTRANSFERASE_ACTIVITY	GOMF_GLUCOSYLTRANSFERASE_ACTIVITY		17	0.64585227	1.5605019	0.022346368	0.1491559	1.0	2526	tags=35%, list=13%, signal=41%	
GOBP_CARDIOBLAST_DIFFERENTIATION	GOBP_CARDIOBLAST_DIFFERENTIATION		16	0.6466953	1.5602541	0.02793296	0.14892879	1.0	2371	tags=50%, list=12%, signal=57%	
GOBP_GLIAL_CELL_MIGRATION	GOBP_GLIAL_CELL_MIGRATION		56	0.5066157	1.5599732	0.011824325	0.14882337	1.0	2281	tags=36%, list=12%, signal=40%	
GOBP_VASCULAR_ASSOCIATED_SMOOTH_MUSCLE_CELL_PROLIFERATION	GOBP_VASCULAR_ASSOCIATED_SMOOTH_MUSCLE_CELL_PROLIFERATION		58	0.51077557	1.5577493	0.01512605	0.15138489	1.0	1379	tags=19%, list=7%, signal=20%	
GOBP_EPITHELIAL_TO_MESENCHYMAL_TRANSITION	GOBP_EPITHELIAL_TO_MESENCHYMAL_TRANSITION		166	0.44298434	1.5568647	0.0	0.15202715	1.0	2491	tags=29%, list=13%, signal=33%	
GOBP_CARDIAC_MUSCLE_TISSUE_MORPHOGENESIS	GOBP_CARDIAC_MUSCLE_TISSUE_MORPHOGENESIS		59	0.5021512	1.5565449	0.008143323	0.15197316	1.0	2571	tags=34%, list=13%, signal=39%	
GOBP_APOPTOTIC_DNA_FRAGMENTATION	GOBP_APOPTOTIC_DNA_FRAGMENTATION		15	0.69573605	1.5558759	0.013108614	0.15240969	1.0	3234	tags=33%, list=17%, signal=40%	
GOCC_CELL_CELL_CONTACT_ZONE	GOCC_CELL_CELL_CONTACT_ZONE		73	0.49705294	1.5552368	0.003407155	0.15274668	1.0	2664	tags=29%, list=14%, signal=33%	
GOBP_ATRIOVENTRICULAR_VALVE_DEVELOPMENT	GOBP_ATRIOVENTRICULAR_VALVE_DEVELOPMENT		29	0.5836845	1.55489	0.018939395	0.15262553	1.0	2604	tags=52%, list=13%, signal=60%	
GOBP_SYNAPSE_ASSEMBLY	GOBP_SYNAPSE_ASSEMBLY		205	0.4318144	1.5546556	0.0014749262	0.15239547	1.0	2708	tags=27%, list=14%, signal=31%	
GOBP_POSITIVE_REGULATION_OF_MUSCLE_HYPERTROPHY	GOBP_POSITIVE_REGULATION_OF_MUSCLE_HYPERTROPHY		26	0.58883727	1.55452	0.0323741	0.15204698	1.0	2348	tags=31%, list=12%, signal=35%	
GOBP_REGULATION_OF_RYANODINE_SENSITIVE_CALCIUM_RELEASE_CHANNEL_ACTIVITY	GOBP_REGULATION_OF_RYANODINE_SENSITIVE_CALCIUM_RELEASE_CHANNEL_ACTIVITY		22	0.60505605	1.5524782	0.026595745	0.1543593	1.0	3641	tags=50%, list=19%, signal=61%	
GOBP_ENDODERM_DEVELOPMENT	GOBP_ENDODERM_DEVELOPMENT		83	0.4741449	1.5495028	0.011570248	0.15796235	1.0	1654	tags=23%, list=9%, signal=25%	
GOBP_NEGATIVE_REGULATION_OF_CALCIUM_ION_TRANSMEMBRANE_TRANSPORTER_ACTIVITY	GOBP_NEGATIVE_REGULATION_OF_CALCIUM_ION_TRANSMEMBRANE_TRANSPORTER_ACTIVITY		24	0.6081763	1.5490799	0.02189781	0.15804835	1.0	1029	tags=17%, list=5%, signal=18%	
GOBP_ACTIN_FILAMENT_BUNDLE_ORGANIZATION	GOBP_ACTIN_FILAMENT_BUNDLE_ORGANIZATION		160	0.43690172	1.5485686	0.0031496063	0.15825985	1.0	3309	tags=33%, list=17%, signal=40%	
GOBP_REGULATION_OF_SYNAPTIC_PLASTICITY	GOBP_REGULATION_OF_SYNAPTIC_PLASTICITY		198	0.42216232	1.548523	0.0	0.1577862	1.0	2176	tags=20%, list=11%, signal=22%	
GOBP_SKELETAL_MUSCLE_ORGAN_DEVELOPMENT	GOBP_SKELETAL_MUSCLE_ORGAN_DEVELOPMENT		176	0.42979693	1.5483141	0.0	0.15749066	1.0	2882	tags=30%, list=15%, signal=34%	
GOBP_REGULATION_OF_CHONDROCYTE_DIFFERENTIATION	GOBP_REGULATION_OF_CHONDROCYTE_DIFFERENTIATION		47	0.5262817	1.5480374	0.019264448	0.15735732	1.0	2085	tags=30%, list=11%, signal=33%	
GOBP_MORPHOGENESIS_OF_EMBRYONIC_EPITHELIUM	GOBP_MORPHOGENESIS_OF_EMBRYONIC_EPITHELIUM		146	0.4379561	1.5469654	0.009836066	0.15836437	1.0	3138	tags=29%, list=16%, signal=35%	
GOBP_CARDIAC_MYOFIBRIL_ASSEMBLY	GOBP_CARDIAC_MYOFIBRIL_ASSEMBLY		19	0.6180042	1.546934	0.039622642	0.1578839	1.0	2345	tags=37%, list=12%, signal=42%	
GOBP_EPITHELIAL_CELL_DIFFERENTIATION_INVOLVED_IN_KIDNEY_DEVELOPMENT	GOBP_EPITHELIAL_CELL_DIFFERENTIATION_INVOLVED_IN_KIDNEY_DEVELOPMENT		49	0.5156736	1.5464523	0.010118044	0.15804838	1.0	2035	tags=27%, list=10%, signal=30%	
GOBP_COLUMNAR_CUBOIDAL_EPITHELIAL_CELL_MATURATION	GOBP_COLUMNAR_CUBOIDAL_EPITHELIAL_CELL_MATURATION		15	0.68329537	1.5462028	0.023121387	0.15796417	1.0	2404	tags=40%, list=12%, signal=46%	
GOBP_INTRACELLULAR_SODIUM_ION_HOMEOSTASIS	GOBP_INTRACELLULAR_SODIUM_ION_HOMEOSTASIS		21	0.62019306	1.5449895	0.022304833	0.15923604	1.0	1534	tags=33%, list=8%, signal=36%	
GOBP_SOMATIC_STEM_CELL_POPULATION_MAINTENANCE	GOBP_SOMATIC_STEM_CELL_POPULATION_MAINTENANCE		67	0.49519068	1.544682	0.0050675673	0.15909584	1.0	3368	tags=36%, list=17%, signal=43%	
GOBP_RENAL_SYSTEM_VASCULATURE_DEVELOPMENT	GOBP_RENAL_SYSTEM_VASCULATURE_DEVELOPMENT		32	0.569091	1.5442611	0.03314917	0.15920815	1.0	3309	tags=56%, list=17%, signal=68%	
GOCC_APICOLATERAL_PLASMA_MEMBRANE	GOCC_APICOLATERAL_PLASMA_MEMBRANE		22	0.59887755	1.5437294	0.013671875	0.15943024	1.0	2207	tags=41%, list=11%, signal=46%	
GOBP_EAR_DEVELOPMENT	GOBP_EAR_DEVELOPMENT		217	0.42284688	1.5423131	0.0	0.16098617	1.0	2632	tags=25%, list=14%, signal=28%	
GOBP_REGULATION_OF_CELL_SUBSTRATE_ADHESION	GOBP_REGULATION_OF_CELL_SUBSTRATE_ADHESION		208	0.42432594	1.5406252	0.00304414	0.16301322	1.0	2742	tags=30%, list=14%, signal=34%	
GOBP_REGULATION_OF_NEURON_PROJECTION_REGENERATION	GOBP_REGULATION_OF_NEURON_PROJECTION_REGENERATION		31	0.5600217	1.5405382	0.026717557	0.16260223	1.0	1678	tags=23%, list=9%, signal=25%	
GOBP_NEGATIVE_REGULATION_OF_CATION_CHANNEL_ACTIVITY	GOBP_NEGATIVE_REGULATION_OF_CATION_CHANNEL_ACTIVITY		32	0.5640275	1.5400994	0.027075812	0.16272336	1.0	2953	tags=31%, list=15%, signal=37%	
GOBP_PROSTANOID_BIOSYNTHETIC_PROCESS	GOBP_PROSTANOID_BIOSYNTHETIC_PROCESS		27	0.59074783	1.539531	0.017761989	0.16298218	1.0	1345	tags=30%, list=7%, signal=32%	
GOCC_GLYCOPROTEIN_COMPLEX	GOCC_GLYCOPROTEIN_COMPLEX		23	0.60145	1.5392916	0.020754717	0.1628624	1.0	1261	tags=30%, list=6%, signal=33%	
GOBP_REGULATION_OF_EPITHELIAL_CELL_PROLIFERATION	GOBP_REGULATION_OF_EPITHELIAL_CELL_PROLIFERATION		351	0.4015671	1.5386736	0.0	0.16324289	1.0	2528	tags=25%, list=13%, signal=28%	
GOBP_MORPHOGENESIS_OF_A_BRANCHING_STRUCTURE	GOBP_MORPHOGENESIS_OF_A_BRANCHING_STRUCTURE		200	0.42385018	1.5386125	0.002919708	0.16278721	1.0	2840	tags=29%, list=15%, signal=33%	
GOBP_SMOOTHENED_SIGNALING_PATHWAY	GOBP_SMOOTHENED_SIGNALING_PATHWAY		134	0.4409999	1.5375111	0.0015432099	0.16386485	1.0	2110	tags=21%, list=11%, signal=23%	
GOBP_TYROSINE_PHOSPHORYLATION_OF_STAT_PROTEIN	GOBP_TYROSINE_PHOSPHORYLATION_OF_STAT_PROTEIN		74	0.48610148	1.5372018	0.0065252855	0.16370262	1.0	650	tags=11%, list=3%, signal=11%	
GOMF_CHEMOATTRACTANT_ACTIVITY	GOMF_CHEMOATTRACTANT_ACTIVITY		35	0.548958	1.536619	0.014134276	0.16403669	1.0	1675	tags=17%, list=9%, signal=19%	
GOBP_MEMBRANE_DEPOLARIZATION_DURING_ACTION_POTENTIAL	GOBP_MEMBRANE_DEPOLARIZATION_DURING_ACTION_POTENTIAL		27	0.5800889	1.5350642	0.02434457	0.16569462	1.0	944	tags=22%, list=5%, signal=23%	
GOBP_RESPONSE_TO_STEROID_HORMONE	GOBP_RESPONSE_TO_STEROID_HORMONE		331	0.40287128	1.5345128	0.0	0.16583659	1.0	2464	tags=21%, list=13%, signal=23%	
GOBP_POSITIVE_REGULATION_OF_OSSIFICATION	GOBP_POSITIVE_REGULATION_OF_OSSIFICATION		50	0.5131668	1.5337303	0.02003339	0.16644676	1.0	2509	tags=36%, list=13%, signal=41%	
GOBP_ASPARTATE_TRANSMEMBRANE_TRANSPORT	GOBP_ASPARTATE_TRANSMEMBRANE_TRANSPORT		20	0.61174893	1.5328231	0.036697246	0.16726363	1.0	924	tags=30%, list=5%, signal=31%	
GOMF_ACTIN_FILAMENT_BINDING	GOMF_ACTIN_FILAMENT_BINDING		205	0.42054915	1.5327702	0.0	0.16678499	1.0	2596	tags=25%, list=13%, signal=29%	
GOBP_SMOOTH_MUSCLE_TISSUE_DEVELOPMENT	GOBP_SMOOTH_MUSCLE_TISSUE_DEVELOPMENT		24	0.59698766	1.532041	0.037383176	0.1673375	1.0	1425	tags=29%, list=7%, signal=31%	
GOBP_POSITIVE_REGULATION_OF_HEART_GROWTH	GOBP_POSITIVE_REGULATION_OF_HEART_GROWTH		30	0.56335646	1.5319562	0.012915129	0.16694173	1.0	2371	tags=37%, list=12%, signal=42%	
GOBP_CANONICAL_WNT_SIGNALING_PATHWAY	GOBP_CANONICAL_WNT_SIGNALING_PATHWAY		295	0.40651962	1.5316767	0.0	0.166826	1.0	2658	tags=25%, list=14%, signal=29%	
GOBP_NEURON_PROJECTION_GUIDANCE	GOBP_NEURON_PROJECTION_GUIDANCE		227	0.41370574	1.5314933	0.0014347202	0.16658652	1.0	2753	tags=24%, list=14%, signal=28%	
GOBP_EPITHELIAL_TUBE_MORPHOGENESIS	GOBP_EPITHELIAL_TUBE_MORPHOGENESIS		324	0.4043053	1.5310447	0.0	0.16664377	1.0	2645	tags=26%, list=14%, signal=30%	
GOBP_NEURAL_PRECURSOR_CELL_PROLIFERATION	GOBP_NEURAL_PRECURSOR_CELL_PROLIFERATION		164	0.42621228	1.5307777	0.0032310179	0.16651268	1.0	2477	tags=24%, list=13%, signal=28%	
GOBP_TISSUE_REGENERATION	GOBP_TISSUE_REGENERATION		70	0.48814595	1.5300454	0.011784512	0.1671274	1.0	2441	tags=29%, list=13%, signal=33%	
GOBP_SUBSTRATE_ADHESION_DEPENDENT_CELL_SPREADING	GOBP_SUBSTRATE_ADHESION_DEPENDENT_CELL_SPREADING		99	0.4615211	1.5290257	0.006482982	0.16810946	1.0	3354	tags=38%, list=17%, signal=46%	
GOBP_MESONEPHROS_DEVELOPMENT	GOBP_MESONEPHROS_DEVELOPMENT		102	0.46920884	1.5286945	0.0016863407	0.1680259	1.0	2121	tags=28%, list=11%, signal=32%	
GOBP_NEGATIVE_REGULATION_OF_POTASSIUM_ION_TRANSMEMBRANE_TRANSPORTER_ACTIVITY	GOBP_NEGATIVE_REGULATION_OF_POTASSIUM_ION_TRANSMEMBRANE_TRANSPORTER_ACTIVITY		18	0.6359435	1.5282767	0.028625954	0.16813801	1.0	879	tags=28%, list=5%, signal=29%	
GOBP_POSITIVE_REGULATION_OF_VASCULAR_ASSOCIATED_SMOOTH_MUSCLE_CELL_MIGRATION	GOBP_POSITIVE_REGULATION_OF_VASCULAR_ASSOCIATED_SMOOTH_MUSCLE_CELL_MIGRATION		15	0.6612542	1.5245106	0.040816326	0.17328957	1.0	4092	tags=53%, list=21%, signal=68%	
GOBP_SINGLE_FERTILIZATION	GOBP_SINGLE_FERTILIZATION		153	0.43344253	1.5243897	0.0014492754	0.17289388	1.0	2318	tags=14%, list=12%, signal=15%	
GOMF_VOLTAGE_GATED_POTASSIUM_CHANNEL_ACTIVITY_INVOLVED_IN_CARDIAC_MUSCLE_CELL_ACTION_POTENTIAL_REPOLARIZATION	GOMF_VOLTAGE_GATED_POTASSIUM_CHANNEL_ACTIVITY_INVOLVED_IN_CARDIAC_MUSCLE_CELL_ACTION_POTENTIAL_REPOLARIZATION		15	0.64168185	1.5236479	0.054613937	0.17356786	1.0	444	tags=20%, list=2%, signal=20%	
GOBP_REGULATION_OF_SYSTEMIC_ARTERIAL_BLOOD_PRESSURE_BY_RENIN_ANGIOTENSIN	GOBP_REGULATION_OF_SYSTEMIC_ARTERIAL_BLOOD_PRESSURE_BY_RENIN_ANGIOTENSIN		24	0.59561896	1.5222771	0.03256705	0.17507951	1.0	2020	tags=29%, list=10%, signal=33%	
GOBP_NON_PROTEINOGENIC_AMINO_ACID_BIOSYNTHETIC_PROCESS	GOBP_NON_PROTEINOGENIC_AMINO_ACID_BIOSYNTHETIC_PROCESS		17	0.6441839	1.522138	0.028846154	0.17473759	1.0	2901	tags=47%, list=15%, signal=55%	
GOBP_FORMATION_OF_PRIMARY_GERM_LAYER	GOBP_FORMATION_OF_PRIMARY_GERM_LAYER		121	0.44974086	1.5211933	0.004950495	0.17562309	1.0	1937	tags=25%, list=10%, signal=27%	
GOBP_MUSCLE_CELL_PROLIFERATION	GOBP_MUSCLE_CELL_PROLIFERATION		194	0.4194477	1.5211688	0.0045801527	0.17513207	1.0	3370	tags=31%, list=17%, signal=38%	
GOBP_NEURON_MIGRATION	GOBP_NEURON_MIGRATION		174	0.42337662	1.5206201	0.0	0.17549941	1.0	2132	tags=21%, list=11%, signal=24%	
GOBP_REGULATION_OF_CANONICAL_WNT_SIGNALING_PATHWAY	GOBP_REGULATION_OF_CANONICAL_WNT_SIGNALING_PATHWAY		239	0.40643978	1.5204784	0.0	0.17519535	1.0	2658	tags=23%, list=14%, signal=26%	
GOBP_CALCIUM_ION_TRANSPORT_INTO_CYTOSOL	GOBP_CALCIUM_ION_TRANSPORT_INTO_CYTOSOL		26	0.5826916	1.5181283	0.032846715	0.17819236	1.0	2805	tags=31%, list=14%, signal=36%	
GOBP_CELLULAR_RESPONSE_TO_VASCULAR_ENDOTHELIAL_GROWTH_FACTOR_STIMULUS	GOBP_CELLULAR_RESPONSE_TO_VASCULAR_ENDOTHELIAL_GROWTH_FACTOR_STIMULUS		60	0.4933096	1.5179396	0.016863406	0.17792812	1.0	3341	tags=40%, list=17%, signal=48%	
GOBP_DORSAL_VENTRAL_PATTERN_FORMATION	GOBP_DORSAL_VENTRAL_PATTERN_FORMATION		88	0.45855227	1.5171977	0.0067681894	0.17855202	1.0	2227	tags=26%, list=11%, signal=29%	
GOBP_MELANOCYTE_DIFFERENTIATION	GOBP_MELANOCYTE_DIFFERENTIATION		24	0.5780705	1.5167563	0.03442029	0.17877701	1.0	2085	tags=25%, list=11%, signal=28%	
GOBP_POSITIVE_REGULATION_OF_NEURON_DIFFERENTIATION	GOBP_POSITIVE_REGULATION_OF_NEURON_DIFFERENTIATION		90	0.46648553	1.5157903	0.0064205457	0.17976624	1.0	2425	tags=24%, list=12%, signal=28%	
GOBP_MUSCLE_ADAPTATION	GOBP_MUSCLE_ADAPTATION		100	0.45226827	1.5155871	0.011308562	0.1795634	1.0	3432	tags=34%, list=18%, signal=41%	
GOBP_BONE_MINERALIZATION	GOBP_BONE_MINERALIZATION		118	0.44629	1.5153242	0.009983361	0.1795252	1.0	2534	tags=31%, list=13%, signal=35%	
GOBP_FIBROBLAST_GROWTH_FACTOR_RECEPTOR_SIGNALING_PATHWAY	GOBP_FIBROBLAST_GROWTH_FACTOR_RECEPTOR_SIGNALING_PATHWAY		77	0.47348642	1.5143242	0.010016695	0.18052578	1.0	2644	tags=27%, list=14%, signal=31%	
GOBP_FEAR_RESPONSE	GOBP_FEAR_RESPONSE		48	0.513337	1.513269	0.018900344	0.18160625	1.0	1839	tags=21%, list=9%, signal=23%	
GOBP_NEGATIVE_REGULATION_OF_ANOIKIS	GOBP_NEGATIVE_REGULATION_OF_ANOIKIS		18	0.6335852	1.5130352	0.03195489	0.18141778	1.0	2132	tags=39%, list=11%, signal=44%	
GOBP_NEGATIVE_REGULATION_OF_TRANSPORTER_ACTIVITY	GOBP_NEGATIVE_REGULATION_OF_TRANSPORTER_ACTIVITY		61	0.48522907	1.5127885	0.0154373925	0.18126939	1.0	2671	tags=25%, list=14%, signal=28%	
GOCC_CELL_LEADING_EDGE	GOCC_CELL_LEADING_EDGE		414	0.3875596	1.5119834	0.0	0.18196613	1.0	2372	tags=22%, list=12%, signal=25%	
GOBP_RENAL_SYSTEM_PROCESS	GOBP_RENAL_SYSTEM_PROCESS		123	0.4395988	1.5115689	0.004680187	0.18218091	1.0	2269	tags=24%, list=12%, signal=27%	
GOBP_CELL_JUNCTION_MAINTENANCE	GOBP_CELL_JUNCTION_MAINTENANCE		42	0.5180755	1.5114958	0.02739726	0.18177988	1.0	2959	tags=29%, list=15%, signal=34%	
GOCC_MICROBODY_LUMEN	GOCC_MICROBODY_LUMEN		48	0.50263774	1.5114818	0.024822695	0.1812785	1.0	3560	tags=33%, list=18%, signal=41%	
GOBP_RESPONSE_TO_ANTIBIOTIC	GOBP_RESPONSE_TO_ANTIBIOTIC		37	0.5311341	1.5113479	0.031468533	0.18092464	1.0	3377	tags=43%, list=17%, signal=52%	
GOBP_POSITIVE_REGULATION_OF_EPITHELIAL_CELL_APOPTOTIC_PROCESS	GOBP_POSITIVE_REGULATION_OF_EPITHELIAL_CELL_APOPTOTIC_PROCESS		35	0.54624516	1.5104659	0.019366197	0.18168002	1.0	2391	tags=31%, list=12%, signal=36%	
GOBP_ACTION_POTENTIAL	GOBP_ACTION_POTENTIAL		161	0.42559928	1.5102003	0.0	0.18155122	1.0	2661	tags=20%, list=14%, signal=24%	
GOBP_POSITIVE_REGULATION_OF_CELL_SUBSTRATE_ADHESION	GOBP_POSITIVE_REGULATION_OF_CELL_SUBSTRATE_ADHESION		120	0.44127068	1.5099767	0.004470939	0.18138412	1.0	2310	tags=30%, list=12%, signal=34%	
GOBP_POLYSACCHARIDE_BIOSYNTHETIC_PROCESS	GOBP_POLYSACCHARIDE_BIOSYNTHETIC_PROCESS		60	0.4843661	1.5098921	0.017211704	0.18099825	1.0	2223	tags=27%, list=11%, signal=30%	
GOBP_SMAD_PROTEIN_SIGNAL_TRANSDUCTION	GOBP_SMAD_PROTEIN_SIGNAL_TRANSDUCTION		77	0.4725806	1.5084816	0.013136289	0.18273664	1.0	2699	tags=30%, list=14%, signal=35%	
GOBP_NEGATIVE_REGULATION_OF_KERATINOCYTE_PROLIFERATION	GOBP_NEGATIVE_REGULATION_OF_KERATINOCYTE_PROLIFERATION		21	0.60484535	1.508343	0.045454547	0.18243428	1.0	1333	tags=33%, list=7%, signal=36%	
GOBP_NEGATIVE_REGULATION_OF_VASCULATURE_DEVELOPMENT	GOBP_NEGATIVE_REGULATION_OF_VASCULATURE_DEVELOPMENT		98	0.45861948	1.5075704	0.004950495	0.18315902	1.0	3423	tags=37%, list=18%, signal=44%	
GOBP_RESPONSE_TO_FIBROBLAST_GROWTH_FACTOR	GOBP_RESPONSE_TO_FIBROBLAST_GROWTH_FACTOR		110	0.44655022	1.5075494	0.0063091484	0.18268268	1.0	2644	tags=28%, list=14%, signal=32%	
GOBP_MEMBRANE_REPOLARIZATION	GOBP_MEMBRANE_REPOLARIZATION		50	0.50013244	1.507396	0.02116402	0.1824425	1.0	1261	tags=20%, list=6%, signal=21%	
GOBP_ESTABLISHMENT_OF_ENDOTHELIAL_BARRIER	GOBP_ESTABLISHMENT_OF_ENDOTHELIAL_BARRIER		51	0.5017343	1.5064691	0.01724138	0.18321767	1.0	2529	tags=41%, list=13%, signal=47%	
GOBP_POSITIVE_REGULATION_OF_CELLULAR_RESPONSE_TO_TRANSFORMING_GROWTH_FACTOR_BETA_STIMULUS	GOBP_POSITIVE_REGULATION_OF_CELLULAR_RESPONSE_TO_TRANSFORMING_GROWTH_FACTOR_BETA_STIMULUS		30	0.5536003	1.5063032	0.02946593	0.18292037	1.0	2232	tags=37%, list=11%, signal=41%	
GOBP_REGULATION_OF_ANIMAL_ORGAN_MORPHOGENESIS	GOBP_REGULATION_OF_ANIMAL_ORGAN_MORPHOGENESIS		88	0.45452583	1.5057695	0.017656501	0.18331474	1.0	3368	tags=36%, list=17%, signal=44%	
GOBP_POSITIVE_REGULATION_OF_OSTEOBLAST_DIFFERENTIATION	GOBP_POSITIVE_REGULATION_OF_OSTEOBLAST_DIFFERENTIATION		65	0.48203334	1.5052788	0.012027492	0.18361819	1.0	2552	tags=37%, list=13%, signal=42%	
GOBP_REGULATION_OF_SODIUM_ION_TRANSPORT	GOBP_REGULATION_OF_SODIUM_ION_TRANSPORT		78	0.47557664	1.5052608	0.011326861	0.18314044	1.0	879	tags=15%, list=5%, signal=16%	
GOMF_SULFUR_COMPOUND_BINDING	GOMF_SULFUR_COMPOUND_BINDING		251	0.402699	1.5046153	0.0029717681	0.18362151	1.0	2521	tags=22%, list=13%, signal=25%	
GOBP_EMBRYONIC_PLACENTA_DEVELOPMENT	GOBP_EMBRYONIC_PLACENTA_DEVELOPMENT		85	0.46058178	1.5044527	0.010067114	0.18339081	1.0	2464	tags=25%, list=13%, signal=28%	
GOBP_OVULATION	GOBP_OVULATION		16	0.6339206	1.5042174	0.052336447	0.18329348	1.0	2404	tags=31%, list=12%, signal=36%	
GOCC_ACROSOMAL_MEMBRANE	GOCC_ACROSOMAL_MEMBRANE		30	0.5494731	1.5038531	0.038043477	0.18329974	1.0	1475	tags=20%, list=8%, signal=22%	
GOBP_CEREBELLAR_CORTEX_FORMATION	GOBP_CEREBELLAR_CORTEX_FORMATION		24	0.58446693	1.5031412	0.029520296	0.18403442	1.0	3064	tags=29%, list=16%, signal=35%	
GOBP_REGULATION_OF_CARDIAC_MUSCLE_CELL_ACTION_POTENTIAL	GOBP_REGULATION_OF_CARDIAC_MUSCLE_CELL_ACTION_POTENTIAL		28	0.5688618	1.5018717	0.030797102	0.18551873	1.0	4505	tags=46%, list=23%, signal=60%	
GOBP_KERATINOCYTE_PROLIFERATION	GOBP_KERATINOCYTE_PROLIFERATION		56	0.48868352	1.5013506	0.013816926	0.18578623	1.0	2035	tags=30%, list=10%, signal=34%	
GOBP_CELL_DIFFERENTIATION_INVOLVED_IN_EMBRYONIC_PLACENTA_DEVELOPMENT	GOBP_CELL_DIFFERENTIATION_INVOLVED_IN_EMBRYONIC_PLACENTA_DEVELOPMENT		24	0.5859191	1.5009518	0.033027522	0.18590935	1.0	1633	tags=29%, list=8%, signal=32%	
GOBP_PLACENTA_DEVELOPMENT	GOBP_PLACENTA_DEVELOPMENT		146	0.42673072	1.500563	0.0074962517	0.1859998	1.0	2464	tags=24%, list=13%, signal=27%	
GOBP_INSULIN_LIKE_GROWTH_FACTOR_RECEPTOR_SIGNALING_PATHWAY	GOBP_INSULIN_LIKE_GROWTH_FACTOR_RECEPTOR_SIGNALING_PATHWAY		50	0.5084373	1.5005078	0.022608696	0.18557276	1.0	3347	tags=34%, list=17%, signal=41%	
GOBP_POSITIVE_REGULATION_OF_BONE_MINERALIZATION	GOBP_POSITIVE_REGULATION_OF_BONE_MINERALIZATION		41	0.52037865	1.5004455	0.023508137	0.18515335	1.0	2509	tags=39%, list=13%, signal=45%	
GOBP_CELLULAR_RESPONSE_TO_PROSTAGLANDIN_STIMULUS	GOBP_CELLULAR_RESPONSE_TO_PROSTAGLANDIN_STIMULUS		21	0.5909672	1.5002439	0.048237476	0.18492201	1.0	4365	tags=52%, list=22%, signal=67%	
GOBP_NEGATIVE_REGULATION_OF_CANONICAL_WNT_SIGNALING_PATHWAY	GOBP_NEGATIVE_REGULATION_OF_CANONICAL_WNT_SIGNALING_PATHWAY		127	0.43500704	1.500028	0.0032051282	0.18477164	1.0	2641	tags=24%, list=14%, signal=28%	
GOBP_SENSORY_ORGAN_MORPHOGENESIS	GOBP_SENSORY_ORGAN_MORPHOGENESIS		273	0.4012538	1.4993207	0.0014005603	0.18536809	1.0	2596	tags=24%, list=13%, signal=28%	
GOBP_CELLULAR_RESPONSE_TO_CADMIUM_ION	GOBP_CELLULAR_RESPONSE_TO_CADMIUM_ION		36	0.5392126	1.4983013	0.042357273	0.18642843	1.0	3045	tags=39%, list=16%, signal=46%	
GOCC_CATION_CHANNEL_COMPLEX	GOCC_CATION_CHANNEL_COMPLEX		198	0.41209325	1.4980896	0.0074850298	0.18628798	1.0	1147	tags=12%, list=6%, signal=12%	
GOBP_MESENCHYMAL_CELL_DIFFERENTIATION	GOBP_MESENCHYMAL_CELL_DIFFERENTIATION		245	0.40429193	1.4978472	0.0014450867	0.18617477	1.0	2491	tags=26%, list=13%, signal=30%	
GOBP_NEGATIVE_REGULATION_OF_LOCOMOTION	GOBP_NEGATIVE_REGULATION_OF_LOCOMOTION		306	0.39774466	1.4974424	0.001396648	0.18631434	1.0	2397	tags=23%, list=12%, signal=26%	
GOBP_TRANSFORMING_GROWTH_FACTOR_BETA_PRODUCTION	GOBP_TRANSFORMING_GROWTH_FACTOR_BETA_PRODUCTION		33	0.54355264	1.497434	0.03460838	0.185843	1.0	1725	tags=33%, list=9%, signal=37%	
GOBP_POTASSIUM_ION_EXPORT_ACROSS_PLASMA_MEMBRANE	GOBP_POTASSIUM_ION_EXPORT_ACROSS_PLASMA_MEMBRANE		19	0.6078258	1.4963809	0.03868472	0.18704434	1.0	2533	tags=32%, list=13%, signal=36%	
GOBP_MONOATOMIC_ANION_HOMEOSTASIS	GOBP_MONOATOMIC_ANION_HOMEOSTASIS		21	0.60208434	1.4963117	0.041984733	0.18668988	1.0	1562	tags=24%, list=8%, signal=26%	
GOBP_ENDOCRINE_PROCESS	GOBP_ENDOCRINE_PROCESS		89	0.4563276	1.4962081	0.011589404	0.18635227	1.0	1736	tags=25%, list=9%, signal=27%	
GOBP_REGULATION_OF_KERATINOCYTE_PROLIFERATION	GOBP_REGULATION_OF_KERATINOCYTE_PROLIFERATION		44	0.51858276	1.4959563	0.022887323	0.18626523	1.0	2742	tags=43%, list=14%, signal=50%	
GOBP_REGULATION_OF_CALCIUM_ION_TRANSMEMBRANE_TRANSPORTER_ACTIVITY	GOBP_REGULATION_OF_CALCIUM_ION_TRANSMEMBRANE_TRANSPORTER_ACTIVITY		60	0.49089053	1.4952803	0.02020202	0.18682556	1.0	3651	tags=33%, list=19%, signal=41%	
GOBP_CELLULAR_RESPONSE_TO_VITAMIN_D	GOBP_CELLULAR_RESPONSE_TO_VITAMIN_D		20	0.5889165	1.4941907	0.051948052	0.18804483	1.0	1738	tags=30%, list=9%, signal=33%	
GOBP_REGENERATION	GOBP_REGENERATION		187	0.41371828	1.4940304	0.00466563	0.18779202	1.0	2441	tags=21%, list=13%, signal=24%	
GOMF_GLUTATHIONE_PEROXIDASE_ACTIVITY	GOMF_GLUTATHIONE_PEROXIDASE_ACTIVITY		23	0.5877961	1.4934461	0.03797468	0.18816198	1.0	1595	tags=30%, list=8%, signal=33%	
GOBP_REGULATION_OF_POTASSIUM_ION_TRANSPORT	GOBP_REGULATION_OF_POTASSIUM_ION_TRANSPORT		91	0.45375073	1.4931204	0.013745705	0.18816791	1.0	1885	tags=21%, list=10%, signal=23%	
GOBP_TRANSPORT_OF_VIRUS	GOBP_TRANSPORT_OF_VIRUS		22	0.5807765	1.4919978	0.04042179	0.18950512	1.0	2975	tags=45%, list=15%, signal=54%	
GOBP_CONNECTIVE_TISSUE_DEVELOPMENT	GOBP_CONNECTIVE_TISSUE_DEVELOPMENT		270	0.39837214	1.4914038	0.0	0.1899055	1.0	2336	tags=26%, list=12%, signal=29%	
GOBP_CELLULAR_RESPONSE_TO_CORTICOSTEROID_STIMULUS	GOBP_CELLULAR_RESPONSE_TO_CORTICOSTEROID_STIMULUS		62	0.47701424	1.4913	0.017730497	0.18958735	1.0	1495	tags=23%, list=8%, signal=24%	
GOBP_POSTSYNAPSE_ASSEMBLY	GOBP_POSTSYNAPSE_ASSEMBLY		43	0.5114991	1.4900649	0.031358887	0.1910875	1.0	2658	tags=26%, list=14%, signal=30%	
GOBP_FOREBRAIN_CELL_MIGRATION	GOBP_FOREBRAIN_CELL_MIGRATION		63	0.47048283	1.4880688	0.023372287	0.19380218	1.0	2400	tags=24%, list=12%, signal=27%	
GOBP_LUNG_MORPHOGENESIS	GOBP_LUNG_MORPHOGENESIS		54	0.50032544	1.4870559	0.02184874	0.19497944	1.0	2526	tags=30%, list=13%, signal=34%	
GOBP_POSITIVE_REGULATION_OF_TRANSMEMBRANE_RECEPTOR_PROTEIN_SERINE_THREONINE_KINASE_SIGNALING_PATHWAY	GOBP_POSITIVE_REGULATION_OF_TRANSMEMBRANE_RECEPTOR_PROTEIN_SERINE_THREONINE_KINASE_SIGNALING_PATHWAY		97	0.44752747	1.4868377	0.01369863	0.19485168	1.0	2491	tags=30%, list=13%, signal=34%	
GOBP_BLOOD_VESSEL_ENDOTHELIAL_CELL_MIGRATION	GOBP_BLOOD_VESSEL_ENDOTHELIAL_CELL_MIGRATION		114	0.43894073	1.4859928	0.0117252935	0.19575736	1.0	2178	tags=30%, list=11%, signal=33%	
GOBP_LYMPH_VESSEL_DEVELOPMENT	GOBP_LYMPH_VESSEL_DEVELOPMENT		29	0.5426006	1.485291	0.050943397	0.19639356	1.0	2187	tags=41%, list=11%, signal=47%	
GOBP_REGULATION_OF_SMOOTH_MUSCLE_CONTRACTION	GOBP_REGULATION_OF_SMOOTH_MUSCLE_CONTRACTION		54	0.4909367	1.4852554	0.022375215	0.19596545	1.0	705	tags=13%, list=4%, signal=13%	
GOBP_SPROUTING_ANGIOGENESIS	GOBP_SPROUTING_ANGIOGENESIS		129	0.432787	1.4851344	0.009345794	0.19567429	1.0	2615	tags=28%, list=13%, signal=32%	
GOCC_INTERCELLULAR_BRIDGE	GOCC_INTERCELLULAR_BRIDGE		86	0.45313126	1.4849354	0.008090615	0.19550978	1.0	3659	tags=36%, list=19%, signal=44%	
GOCC_CILIARY_BASE	GOCC_CILIARY_BASE		37	0.52231944	1.4839952	0.044036698	0.19651648	1.0	2692	tags=30%, list=14%, signal=34%	
GOBP_NEGATIVE_REGULATION_OF_EPITHELIAL_TO_MESENCHYMAL_TRANSITION	GOBP_NEGATIVE_REGULATION_OF_EPITHELIAL_TO_MESENCHYMAL_TRANSITION		35	0.527623	1.483394	0.039049234	0.19700283	1.0	1970	tags=29%, list=10%, signal=32%	
GOBP_METANEPHROS_DEVELOPMENT	GOBP_METANEPHROS_DEVELOPMENT		90	0.4483242	1.4828647	0.01655629	0.19738622	1.0	2363	tags=27%, list=12%, signal=30%	
GOBP_NEGATIVE_REGULATION_OF_WNT_SIGNALING_PATHWAY	GOBP_NEGATIVE_REGULATION_OF_WNT_SIGNALING_PATHWAY		158	0.41906244	1.4825876	0.004497751	0.19735299	1.0	2168	tags=21%, list=11%, signal=23%	
GOBP_REGULATION_OF_WNT_SIGNALING_PATHWAY_PLANAR_CELL_POLARITY_PATHWAY	GOBP_REGULATION_OF_WNT_SIGNALING_PATHWAY_PLANAR_CELL_POLARITY_PATHWAY		15	0.64612794	1.4824817	0.0483559	0.19703655	1.0	1270	tags=40%, list=7%, signal=43%	
GOBP_REGULATION_OF_POSITIVE_CHEMOTAXIS	GOBP_REGULATION_OF_POSITIVE_CHEMOTAXIS		25	0.57106155	1.4823211	0.03119266	0.19681917	1.0	2201	tags=44%, list=11%, signal=50%	
GOBP_RESPONSE_TO_BMP	GOBP_RESPONSE_TO_BMP		152	0.42006934	1.4821963	0.004716981	0.19653895	1.0	2807	tags=25%, list=14%, signal=29%	
GOBP_LONG_CHAIN_FATTY_ACID_TRANSPORT	GOBP_LONG_CHAIN_FATTY_ACID_TRANSPORT		65	0.4676532	1.4821264	0.016891891	0.19618464	1.0	2380	tags=18%, list=12%, signal=21%	
GOBP_SPINAL_CORD_PATTERNING	GOBP_SPINAL_CORD_PATTERNING		17	0.61289877	1.4815885	0.053703703	0.1965852	1.0	753	tags=24%, list=4%, signal=24%	
GOCC_PROTEIN_COMPLEX_INVOLVED_IN_CELL_MATRIX_ADHESION	GOCC_PROTEIN_COMPLEX_INVOLVED_IN_CELL_MATRIX_ADHESION		17	0.625829	1.4814796	0.05009634	0.1962628	1.0	2443	tags=47%, list=13%, signal=54%	
GOBP_REGULATION_OF_ASTROCYTE_DIFFERENTIATION	GOBP_REGULATION_OF_ASTROCYTE_DIFFERENTIATION		28	0.5564548	1.4809054	0.03359684	0.19663328	1.0	1826	tags=25%, list=9%, signal=28%	
GOBP_POSITIVE_REGULATION_OF_MIRNA_TRANSCRIPTION	GOBP_POSITIVE_REGULATION_OF_MIRNA_TRANSCRIPTION		54	0.48419	1.4807353	0.02195946	0.19645998	1.0	1684	tags=30%, list=9%, signal=32%	
GOBP_RESPONSE_TO_CALCIUM_ION	GOBP_RESPONSE_TO_CALCIUM_ION		124	0.4257104	1.480503	0.004792332	0.19638787	1.0	2070	tags=19%, list=11%, signal=21%	
GOBP_REGULATION_OF_ESTABLISHMENT_OR_MAINTENANCE_OF_CELL_POLARITY	GOBP_REGULATION_OF_ESTABLISHMENT_OR_MAINTENANCE_OF_CELL_POLARITY		23	0.5823197	1.4794261	0.041509435	0.1977169	1.0	4112	tags=43%, list=21%, signal=55%	
GOBP_MYOTUBE_DIFFERENTIATION	GOBP_MYOTUBE_DIFFERENTIATION		122	0.43127388	1.4791809	0.007836991	0.19763009	1.0	3048	tags=30%, list=16%, signal=36%	
GOBP_CARDIAC_RIGHT_VENTRICLE_MORPHOGENESIS	GOBP_CARDIAC_RIGHT_VENTRICLE_MORPHOGENESIS		20	0.598035	1.4782165	0.048327137	0.19875593	1.0	1379	tags=40%, list=7%, signal=43%	
GOBP_CENTRAL_NERVOUS_SYSTEM_NEURON_DIFFERENTIATION	GOBP_CENTRAL_NERVOUS_SYSTEM_NEURON_DIFFERENTIATION		171	0.41550866	1.4781224	0.0030721966	0.19846827	1.0	2401	tags=19%, list=12%, signal=22%	
GOMF_FIBROBLAST_GROWTH_FACTOR_BINDING	GOMF_FIBROBLAST_GROWTH_FACTOR_BINDING		21	0.5922825	1.4774402	0.034671534	0.1990401	1.0	1736	tags=24%, list=9%, signal=26%	
GOCC_CONNEXIN_COMPLEX	GOCC_CONNEXIN_COMPLEX		20	0.58341914	1.4772643	0.045714285	0.19881997	1.0	2012	tags=20%, list=10%, signal=22%	
GOBP_POSTSYNAPTIC_DENSITY_ASSEMBLY	GOBP_POSTSYNAPTIC_DENSITY_ASSEMBLY		22	0.5695231	1.4767467	0.03065134	0.19923346	1.0	423	tags=14%, list=2%, signal=14%	
GOBP_MEMBRANE_DEPOLARIZATION_DURING_CARDIAC_MUSCLE_CELL_ACTION_POTENTIAL	GOBP_MEMBRANE_DEPOLARIZATION_DURING_CARDIAC_MUSCLE_CELL_ACTION_POTENTIAL		21	0.590953	1.476709	0.06407767	0.19881266	1.0	1911	tags=29%, list=10%, signal=32%	
GOBP_CALCIUM_DEPENDENT_CELL_CELL_ADHESION_VIA_PLASMA_MEMBRANE_CELL_ADHESION_MOLECULES	GOBP_CALCIUM_DEPENDENT_CELL_CELL_ADHESION_VIA_PLASMA_MEMBRANE_CELL_ADHESION_MOLECULES		47	0.4897158	1.473859	0.038394414	0.20290577	1.0	2708	tags=28%, list=14%, signal=32%	
GOBP_EPITHELIAL_TO_MESENCHYMAL_TRANSITION_INVOLVED_IN_ENDOCARDIAL_CUSHION_FORMATION	GOBP_EPITHELIAL_TO_MESENCHYMAL_TRANSITION_INVOLVED_IN_ENDOCARDIAL_CUSHION_FORMATION		18	0.6083193	1.473627	0.06104129	0.20278536	1.0	1651	tags=44%, list=9%, signal=49%	
GOBP_ENDOCARDIAL_CUSHION_FORMATION	GOBP_ENDOCARDIAL_CUSHION_FORMATION		31	0.53280616	1.4718521	0.03846154	0.20509452	1.0	2604	tags=42%, list=13%, signal=48%	
GOMF_ISOPRENOID_BINDING	GOMF_ISOPRENOID_BINDING		45	0.49969476	1.4717512	0.038397327	0.20477945	1.0	2728	tags=22%, list=14%, signal=26%	
GOBP_FACE_DEVELOPMENT	GOBP_FACE_DEVELOPMENT		52	0.48469633	1.4715158	0.027972028	0.20460382	1.0	3099	tags=35%, list=16%, signal=41%	
GOMF_PROTEIN_KINASE_C_BINDING	GOMF_PROTEIN_KINASE_C_BINDING		50	0.4848119	1.4704318	0.031879194	0.20601745	1.0	1261	tags=20%, list=6%, signal=21%	
GOBP_ENDOTHELIUM_DEVELOPMENT	GOBP_ENDOTHELIUM_DEVELOPMENT		134	0.4272082	1.4700168	0.0080256825	0.20612831	1.0	2546	tags=37%, list=13%, signal=42%	
GOMF_PROTEIN_TYROSINE_KINASE_BINDING	GOMF_PROTEIN_TYROSINE_KINASE_BINDING		119	0.4286804	1.4690658	0.0080256825	0.2072484	1.0	2629	tags=26%, list=14%, signal=30%	
GOBP_VENTRICULAR_SEPTUM_MORPHOGENESIS	GOBP_VENTRICULAR_SEPTUM_MORPHOGENESIS		40	0.50681084	1.4686674	0.033274956	0.20737101	1.0	2546	tags=40%, list=13%, signal=46%	
GOBP_REGULATION_OF_CELLULAR_SENESCENCE	GOBP_REGULATION_OF_CELLULAR_SENESCENCE		43	0.50711495	1.4678317	0.026737968	0.20827366	1.0	3182	tags=33%, list=16%, signal=39%	
GOBP_G_PROTEIN_COUPLED_ACETYLCHOLINE_RECEPTOR_SIGNALING_PATHWAY	GOBP_G_PROTEIN_COUPLED_ACETYLCHOLINE_RECEPTOR_SIGNALING_PATHWAY		21	0.58833015	1.4675248	0.047528517	0.20835069	1.0	1490	tags=14%, list=8%, signal=15%	
GOBP_REGULATION_OF_VENTRICULAR_CARDIAC_MUSCLE_CELL_MEMBRANE_REPOLARIZATION	GOBP_REGULATION_OF_VENTRICULAR_CARDIAC_MUSCLE_CELL_MEMBRANE_REPOLARIZATION		23	0.56242853	1.4664373	0.046468403	0.20961097	1.0	3277	tags=35%, list=17%, signal=42%	
GOBP_MULTICELLULAR_ORGANISMAL_RESPONSE_TO_STRESS	GOBP_MULTICELLULAR_ORGANISMAL_RESPONSE_TO_STRESS		92	0.43984175	1.4654498	0.017684888	0.21066226	1.0	2012	tags=18%, list=10%, signal=21%	
GOBP_CARDIAC_CHAMBER_DEVELOPMENT	GOBP_CARDIAC_CHAMBER_DEVELOPMENT		163	0.41430157	1.4652674	0.0076804915	0.21051899	1.0	3425	tags=36%, list=18%, signal=44%	
GOBP_OSTEOBLAST_DIFFERENTIATION	GOBP_OSTEOBLAST_DIFFERENTIATION		215	0.4009778	1.4649199	0.0	0.21062218	1.0	3368	tags=31%, list=17%, signal=37%	
GOBP_MAINTENANCE_OF_BLOOD_BRAIN_BARRIER	GOBP_MAINTENANCE_OF_BLOOD_BRAIN_BARRIER		38	0.5128026	1.464893	0.044326242	0.2101865	1.0	3312	tags=53%, list=17%, signal=63%	
GOBP_VENTRICULAR_CARDIAC_MUSCLE_CELL_MEMBRANE_REPOLARIZATION	GOBP_VENTRICULAR_CARDIAC_MUSCLE_CELL_MEMBRANE_REPOLARIZATION		28	0.5427307	1.4646566	0.053333335	0.21009001	1.0	3280	tags=36%, list=17%, signal=43%	
GOBP_REGULATION_OF_EXTRACELLULAR_MATRIX_ORGANIZATION	GOBP_REGULATION_OF_EXTRACELLULAR_MATRIX_ORGANIZATION		61	0.46916956	1.4638927	0.029850746	0.21090192	1.0	3237	tags=39%, list=17%, signal=47%	
GOBP_CATECHOL_CONTAINING_COMPOUND_BIOSYNTHETIC_PROCESS	GOBP_CATECHOL_CONTAINING_COMPOUND_BIOSYNTHETIC_PROCESS		20	0.5894632	1.4637676	0.054205608	0.21065676	1.0	927	tags=25%, list=5%, signal=26%	
GOBP_CELLULAR_RESPONSE_TO_NUTRIENT	GOBP_CELLULAR_RESPONSE_TO_NUTRIENT		47	0.4964345	1.4637511	0.04363002	0.21022052	1.0	2668	tags=34%, list=14%, signal=39%	
GOBP_HYALURONAN_CATABOLIC_PROCESS	GOBP_HYALURONAN_CATABOLIC_PROCESS		15	0.62213296	1.4628167	0.064685315	0.21135834	1.0	2495	tags=40%, list=13%, signal=46%	
GOBP_SYNAPSE_ORGANIZATION	GOBP_SYNAPSE_ORGANIZATION		474	0.37506548	1.4623654	0.0	0.21160696	1.0	2823	tags=24%, list=15%, signal=27%	
GOBP_SPECIFICATION_OF_SYMMETRY	GOBP_SPECIFICATION_OF_SYMMETRY		131	0.42507786	1.4623091	0.006557377	0.21122795	1.0	2716	tags=26%, list=14%, signal=30%	
GOBP_MODULATION_OF_EXCITATORY_POSTSYNAPTIC_POTENTIAL	GOBP_MODULATION_OF_EXCITATORY_POSTSYNAPTIC_POTENTIAL		47	0.49458998	1.4621232	0.023850085	0.21105854	1.0	2093	tags=17%, list=11%, signal=19%	
GOBP_NEGATIVE_REGULATION_OF_POTASSIUM_ION_TRANSPORT	GOBP_NEGATIVE_REGULATION_OF_POTASSIUM_ION_TRANSPORT		28	0.5468856	1.4619803	0.04830054	0.2108379	1.0	879	tags=21%, list=5%, signal=22%	
GOBP_NEGATIVE_REGULATION_OF_POTASSIUM_ION_TRANSMEMBRANE_TRANSPORT	GOBP_NEGATIVE_REGULATION_OF_POTASSIUM_ION_TRANSMEMBRANE_TRANSPORT		22	0.572895	1.4604179	0.05234657	0.21291657	1.0	879	tags=27%, list=5%, signal=29%	
GOBP_HETEROPHILIC_CELL_CELL_ADHESION_VIA_PLASMA_MEMBRANE_CELL_ADHESION_MOLECULES	GOBP_HETEROPHILIC_CELL_CELL_ADHESION_VIA_PLASMA_MEMBRANE_CELL_ADHESION_MOLECULES		51	0.49048278	1.4594927	0.019197207	0.21399088	1.0	1192	tags=24%, list=6%, signal=25%	
GOBP_MAINTENANCE_OF_SYNAPSE_STRUCTURE	GOBP_MAINTENANCE_OF_SYNAPSE_STRUCTURE		24	0.5655185	1.4589279	0.061930783	0.21441528	1.0	2874	tags=25%, list=15%, signal=29%	
GOBP_NEURONAL_STEM_CELL_POPULATION_MAINTENANCE	GOBP_NEURONAL_STEM_CELL_POPULATION_MAINTENANCE		24	0.5770901	1.4587816	0.056637168	0.2141681	1.0	2513	tags=33%, list=13%, signal=38%	
GOBP_MAINTENANCE_OF_CELL_NUMBER	GOBP_MAINTENANCE_OF_CELL_NUMBER		177	0.40464905	1.4585483	0.010785825	0.21412909	1.0	3473	tags=29%, list=18%, signal=35%	
GOBP_POSITIVE_REGULATION_OF_FIBROBLAST_PROLIFERATION	GOBP_POSITIVE_REGULATION_OF_FIBROBLAST_PROLIFERATION		53	0.4828456	1.4584321	0.040609136	0.21384516	1.0	2534	tags=28%, list=13%, signal=32%	
GOBP_REGULATION_OF_CARDIAC_MUSCLE_CELL_MEMBRANE_REPOLARIZATION	GOBP_REGULATION_OF_CARDIAC_MUSCLE_CELL_MEMBRANE_REPOLARIZATION		27	0.5510253	1.4581064	0.039772727	0.21390109	1.0	3277	tags=33%, list=17%, signal=40%	
GOBP_CALCIUM_ION_IMPORT	GOBP_CALCIUM_ION_IMPORT		76	0.45697016	1.4579524	0.010362694	0.2137312	1.0	1982	tags=18%, list=10%, signal=20%	
GOBP_ENDOCARDIAL_CUSHION_DEVELOPMENT	GOBP_ENDOCARDIAL_CUSHION_DEVELOPMENT		53	0.48466924	1.4579282	0.018932875	0.21331826	1.0	2604	tags=34%, list=13%, signal=39%	
GOBP_AMEBOIDAL_TYPE_CELL_MIGRATION	GOBP_AMEBOIDAL_TYPE_CELL_MIGRATION		417	0.3744971	1.4578342	0.0	0.2130447	1.0	2187	tags=23%, list=11%, signal=25%	
GOBP_EMBRYONIC_APPENDAGE_MORPHOGENESIS	GOBP_EMBRYONIC_APPENDAGE_MORPHOGENESIS		119	0.42425507	1.4573793	0.0144	0.21335237	1.0	2093	tags=27%, list=11%, signal=30%	
GOBP_SMOOTH_MUSCLE_CELL_MIGRATION	GOBP_SMOOTH_MUSCLE_CELL_MIGRATION		69	0.46274096	1.4568444	0.025889968	0.21380821	1.0	3344	tags=35%, list=17%, signal=42%	
GOBP_GASTRULATION	GOBP_GASTRULATION		188	0.40207642	1.4567153	0.002967359	0.21357477	1.0	3224	tags=29%, list=17%, signal=34%	
GOBP_INTEGRIN_ACTIVATION	GOBP_INTEGRIN_ACTIVATION		26	0.5568646	1.4565837	0.044036698	0.21333833	1.0	2178	tags=38%, list=11%, signal=43%	
GOMF_FATTY_ACID_BINDING	GOMF_FATTY_ACID_BINDING		47	0.49410048	1.456546	0.036458332	0.21293823	1.0	1029	tags=17%, list=5%, signal=18%	
GOBP_POSITIVE_REGULATION_OF_GLUCOSE_TRANSMEMBRANE_TRANSPORT	GOBP_POSITIVE_REGULATION_OF_GLUCOSE_TRANSMEMBRANE_TRANSPORT		41	0.5103541	1.4560592	0.044280443	0.21334878	1.0	1660	tags=20%, list=9%, signal=21%	
GOBP_POSITIVE_REGULATION_OF_NEURAL_PRECURSOR_CELL_PROLIFERATION	GOBP_POSITIVE_REGULATION_OF_NEURAL_PRECURSOR_CELL_PROLIFERATION		64	0.47198915	1.4558382	0.046511628	0.21326043	1.0	2085	tags=25%, list=11%, signal=28%	
GOBP_BIOMINERAL_TISSUE_DEVELOPMENT	GOBP_BIOMINERAL_TISSUE_DEVELOPMENT		170	0.4068045	1.4547477	0.010752688	0.21444348	1.0	2534	tags=26%, list=13%, signal=30%	
GOCC_CALCIUM_CHANNEL_COMPLEX	GOCC_CALCIUM_CHANNEL_COMPLEX		65	0.4613974	1.4545188	0.018965518	0.21437229	1.0	986	tags=11%, list=5%, signal=11%	
GOBP_POSITIVE_REGULATION_OF_EPITHELIAL_CELL_MIGRATION	GOBP_POSITIVE_REGULATION_OF_EPITHELIAL_CELL_MIGRATION		145	0.41621992	1.4544415	0.011308562	0.21405053	1.0	2178	tags=24%, list=11%, signal=27%	
GOBP_NEPHRON_MORPHOGENESIS	GOBP_NEPHRON_MORPHOGENESIS		80	0.45321992	1.4543582	0.021812081	0.2137407	1.0	2363	tags=28%, list=12%, signal=31%	
GOBP_NEGATIVE_REGULATION_OF_AMYLOID_PRECURSOR_PROTEIN_CATABOLIC_PROCESS	GOBP_NEGATIVE_REGULATION_OF_AMYLOID_PRECURSOR_PROTEIN_CATABOLIC_PROCESS		19	0.5912635	1.454276	0.060150377	0.21342178	1.0	472	tags=16%, list=2%, signal=16%	
GOBP_RESPONSE_TO_CORTICOSTEROID	GOBP_RESPONSE_TO_CORTICOSTEROID		154	0.41064963	1.4532077	0.015432099	0.21478154	1.0	1507	tags=19%, list=8%, signal=20%	
GOBP_LUNG_CELL_DIFFERENTIATION	GOBP_LUNG_CELL_DIFFERENTIATION		29	0.54113066	1.4530456	0.055350553	0.21460478	1.0	2371	tags=28%, list=12%, signal=31%	
GOMF_EXTRACELLULAR_MATRIX_BINDING	GOMF_EXTRACELLULAR_MATRIX_BINDING		60	0.46671656	1.4513446	0.03275862	0.2170836	1.0	1724	tags=28%, list=9%, signal=31%	
GOBP_REGULATION_OF_MORPHOGENESIS_OF_A_BRANCHING_STRUCTURE	GOBP_REGULATION_OF_MORPHOGENESIS_OF_A_BRANCHING_STRUCTURE		52	0.4815742	1.4509195	0.03508772	0.21732815	1.0	1736	tags=27%, list=9%, signal=29%	
GOBP_REGULATION_OF_MUSCLE_CELL_DIFFERENTIATION	GOBP_REGULATION_OF_MUSCLE_CELL_DIFFERENTIATION		135	0.41988948	1.4508299	0.006060606	0.21700725	1.0	2513	tags=24%, list=13%, signal=27%	
GOBP_FORELIMB_MORPHOGENESIS	GOBP_FORELIMB_MORPHOGENESIS		39	0.5003048	1.4491183	0.050816696	0.21926942	1.0	2295	tags=36%, list=12%, signal=41%	
GOBP_SMOOTH_MUSCLE_CELL_PROLIFERATION	GOBP_SMOOTH_MUSCLE_CELL_PROLIFERATION		135	0.41575503	1.4490367	0.006279435	0.21896224	1.0	1379	tags=17%, list=7%, signal=18%	
GOBP_NEGATIVE_REGULATION_OF_LEUKOCYTE_CHEMOTAXIS	GOBP_NEGATIVE_REGULATION_OF_LEUKOCYTE_CHEMOTAXIS		19	0.58667886	1.4489104	0.06902655	0.21868865	1.0	1756	tags=32%, list=9%, signal=35%	
GOBP_REGULATION_OF_EPITHELIAL_TO_MESENCHYMAL_TRANSITION	GOBP_REGULATION_OF_EPITHELIAL_TO_MESENCHYMAL_TRANSITION		101	0.43368623	1.4480152	0.010084034	0.21971598	1.0	2491	tags=29%, list=13%, signal=33%	
GOMF_SMAD_BINDING	GOMF_SMAD_BINDING		75	0.45374987	1.4465764	0.01309329	0.2216086	1.0	2647	tags=27%, list=14%, signal=31%	
GOBP_MYOTUBE_CELL_DEVELOPMENT	GOBP_MYOTUBE_CELL_DEVELOPMENT		39	0.5203211	1.4463176	0.04761905	0.22156273	1.0	3555	tags=38%, list=18%, signal=47%	
GOMF_INTRAMOLECULAR_OXIDOREDUCTASE_ACTIVITY	GOMF_INTRAMOLECULAR_OXIDOREDUCTASE_ACTIVITY		52	0.47487235	1.4459535	0.021238938	0.22172594	1.0	2339	tags=19%, list=12%, signal=22%	
GOBP_POSITIVE_REGULATION_OF_MUSCLE_CELL_DIFFERENTIATION	GOBP_POSITIVE_REGULATION_OF_MUSCLE_CELL_DIFFERENTIATION		66	0.46803913	1.4455328	0.023972603	0.2219521	1.0	2703	tags=29%, list=14%, signal=33%	
GOBP_SMOOTH_MUSCLE_CELL_APOPTOTIC_PROCESS	GOBP_SMOOTH_MUSCLE_CELL_APOPTOTIC_PROCESS		30	0.53126824	1.4455088	0.056466304	0.2215534	1.0	763	tags=17%, list=4%, signal=17%	
GOBP_REGULATION_OF_NEURAL_PRECURSOR_CELL_PROLIFERATION	GOBP_REGULATION_OF_NEURAL_PRECURSOR_CELL_PROLIFERATION		99	0.43490916	1.4449233	0.011494253	0.22206293	1.0	2085	tags=22%, list=11%, signal=25%	
GOBP_CELL_MATRIX_ADHESION	GOBP_CELL_MATRIX_ADHESION		229	0.39354664	1.444551	0.0015197569	0.2222392	1.0	2413	tags=28%, list=12%, signal=31%	
GOBP_BIOLOGICAL_PROCESS_INVOLVED_IN_INTRASPECIES_INTERACTION_BETWEEN_ORGANISMS	GOBP_BIOLOGICAL_PROCESS_INVOLVED_IN_INTRASPECIES_INTERACTION_BETWEEN_ORGANISMS		53	0.47091722	1.4438667	0.036395147	0.22292876	1.0	2187	tags=23%, list=11%, signal=25%	
GOCC_RIBBON_SYNAPSE	GOCC_RIBBON_SYNAPSE		15	0.6181949	1.4427216	0.08566108	0.22446826	1.0	2176	tags=33%, list=11%, signal=38%	
GOBP_COGNITION	GOBP_COGNITION		305	0.3796485	1.4419068	0.001447178	0.22539136	1.0	2231	tags=18%, list=11%, signal=20%	
GOBP_REGULATION_OF_FATTY_ACID_TRANSPORT	GOBP_REGULATION_OF_FATTY_ACID_TRANSPORT		30	0.53137636	1.4415164	0.06620209	0.22561769	1.0	339	tags=13%, list=2%, signal=14%	
GOBP_REGULATION_OF_NEURON_DIFFERENTIATION	GOBP_REGULATION_OF_NEURON_DIFFERENTIATION		186	0.40128973	1.4410883	0.007633588	0.22590587	1.0	2513	tags=22%, list=13%, signal=25%	
GOBP_CEREBELLAR_CORTEX_MORPHOGENESIS	GOBP_CEREBELLAR_CORTEX_MORPHOGENESIS		35	0.504632	1.4409306	0.05087719	0.22570442	1.0	3447	tags=29%, list=18%, signal=35%	
GOMF_INWARD_RECTIFIER_POTASSIUM_CHANNEL_ACTIVITY	GOMF_INWARD_RECTIFIER_POTASSIUM_CHANNEL_ACTIVITY		26	0.5507723	1.4407644	0.049295776	0.22555102	1.0	3660	tags=38%, list=19%, signal=47%	
GOBP_PLASMA_MEMBRANE_FUSION	GOBP_PLASMA_MEMBRANE_FUSION		25	0.5543799	1.440714	0.05244123	0.22518042	1.0	2560	tags=20%, list=13%, signal=23%	
GOCC_MYOFILAMENT	GOCC_MYOFILAMENT		25	0.55749005	1.4397238	0.058490567	0.22642279	1.0	1340	tags=32%, list=7%, signal=34%	
GOBP_PHOSPHATE_ION_HOMEOSTASIS	GOBP_PHOSPHATE_ION_HOMEOSTASIS		19	0.5862546	1.4385297	0.06477733	0.22805484	1.0	1166	tags=11%, list=6%, signal=11%	
GOBP_TIGHT_JUNCTION_ORGANIZATION	GOBP_TIGHT_JUNCTION_ORGANIZATION		78	0.44679913	1.4384296	0.030063292	0.22775947	1.0	2562	tags=32%, list=13%, signal=37%	
GOBP_REGULATION_OF_POSTSYNAPTIC_SPECIALIZATION_ASSEMBLY	GOBP_REGULATION_OF_POSTSYNAPTIC_SPECIALIZATION_ASSEMBLY		15	0.61616325	1.43839	0.064631954	0.22737788	1.0	371	tags=13%, list=2%, signal=14%	
GOBP_REGULATION_OF_CYTOSOLIC_CALCIUM_ION_CONCENTRATION	GOBP_REGULATION_OF_CYTOSOLIC_CALCIUM_ION_CONCENTRATION		56	0.4728679	1.4378852	0.03565365	0.22777736	1.0	2438	tags=23%, list=13%, signal=26%	
GOBP_EPITHELIAL_TUBE_FORMATION	GOBP_EPITHELIAL_TUBE_FORMATION		132	0.41907582	1.4373293	0.0064102565	0.22824183	1.0	2875	tags=28%, list=15%, signal=33%	
GOBP_NEGATIVE_REGULATION_OF_ENDOTHELIAL_CELL_PROLIFERATION	GOBP_NEGATIVE_REGULATION_OF_ENDOTHELIAL_CELL_PROLIFERATION		37	0.5166781	1.4366894	0.03512015	0.22885102	1.0	1871	tags=32%, list=10%, signal=36%	
GOBP_RENAL_TUBULAR_SECRETION	GOBP_RENAL_TUBULAR_SECRETION		19	0.5874761	1.4362226	0.06813996	0.22908711	1.0	1241	tags=21%, list=6%, signal=22%	
GOBP_POSITIVE_REGULATION_OF_GROWTH	GOBP_POSITIVE_REGULATION_OF_GROWTH		235	0.39009795	1.4360112	0.0043541365	0.22901464	1.0	2513	tags=21%, list=13%, signal=24%	
GOCC_PLATELET_ALPHA_GRANULE_LUMEN	GOCC_PLATELET_ALPHA_GRANULE_LUMEN		65	0.45954832	1.4359463	0.03407155	0.2287135	1.0	2312	tags=32%, list=12%, signal=37%	
GOBP_CARDIAC_SEPTUM_MORPHOGENESIS	GOBP_CARDIAC_SEPTUM_MORPHOGENESIS		68	0.46047273	1.4348308	0.021015761	0.23014447	1.0	2546	tags=34%, list=13%, signal=39%	
GOBP_INTRACELLULAR_ZINC_ION_HOMEOSTASIS	GOBP_INTRACELLULAR_ZINC_ION_HOMEOSTASIS		34	0.52043676	1.4347942	0.0502693	0.22974303	1.0	2810	tags=35%, list=14%, signal=41%	
GOBP_POSITIVE_REGULATION_OF_MIRNA_METABOLIC_PROCESS	GOBP_POSITIVE_REGULATION_OF_MIRNA_METABOLIC_PROCESS		62	0.4661682	1.434498	0.037037037	0.22979797	1.0	2156	tags=31%, list=11%, signal=34%	
GOBP_POSITIVE_REGULATION_OF_CARTILAGE_DEVELOPMENT	GOBP_POSITIVE_REGULATION_OF_CARTILAGE_DEVELOPMENT		29	0.5336554	1.4342018	0.06985294	0.22980897	1.0	2085	tags=31%, list=11%, signal=35%	
GOBP_MULTI_MULTICELLULAR_ORGANISM_PROCESS	GOBP_MULTI_MULTICELLULAR_ORGANISM_PROCESS		206	0.39476314	1.432743	0.004470939	0.23186916	1.0	2404	tags=22%, list=12%, signal=25%	
GOBP_REGULATION_OF_NEURON_PROJECTION_DEVELOPMENT	GOBP_REGULATION_OF_NEURON_PROJECTION_DEVELOPMENT		415	0.37024835	1.432636	0.0027100272	0.23160778	1.0	2801	tags=24%, list=14%, signal=28%	
GOBP_DITERPENOID_METABOLIC_PROCESS	GOBP_DITERPENOID_METABOLIC_PROCESS		88	0.4366629	1.4319128	0.031147541	0.23240085	1.0	882	tags=16%, list=5%, signal=17%	
GOBP_GLIOGENESIS	GOBP_GLIOGENESIS		329	0.37502992	1.4312582	0.0	0.23311538	1.0	2923	tags=24%, list=15%, signal=28%	
GOBP_REGULATION_OF_BONE_MINERALIZATION	GOBP_REGULATION_OF_BONE_MINERALIZATION		75	0.44814795	1.4312378	0.044368602	0.23269282	1.0	2534	tags=33%, list=13%, signal=38%	
GOBP_ACROSOME_REACTION	GOBP_ACROSOME_REACTION		38	0.5086507	1.4307563	0.040350877	0.23310831	1.0	1406	tags=13%, list=7%, signal=14%	
GOBP_CELLULAR_RESPONSE_TO_KETONE	GOBP_CELLULAR_RESPONSE_TO_KETONE		104	0.42647424	1.4303547	0.019354839	0.23336828	1.0	3232	tags=28%, list=17%, signal=33%	
GOBP_POSITIVE_REGULATION_OF_HEART_RATE	GOBP_POSITIVE_REGULATION_OF_HEART_RATE		23	0.5600498	1.4298396	0.06764168	0.23384692	1.0	1637	tags=26%, list=8%, signal=28%	
GOBP_FOCAL_ADHESION_ASSEMBLY	GOBP_FOCAL_ADHESION_ASSEMBLY		83	0.43950185	1.4296925	0.024630541	0.23364568	1.0	3309	tags=41%, list=17%, signal=49%	
GOBP_C4_DICARBOXYLATE_TRANSPORT	GOBP_C4_DICARBOXYLATE_TRANSPORT		28	0.5481878	1.428603	0.049822062	0.23506548	1.0	924	tags=25%, list=5%, signal=26%	
GOBP_MUSCLE_CELL_MIGRATION	GOBP_MUSCLE_CELL_MIGRATION		83	0.4391292	1.4285148	0.033670034	0.2347821	1.0	3370	tags=35%, list=17%, signal=42%	
GOCC_MICROVILLUS	GOCC_MICROVILLUS		92	0.43026492	1.4283845	0.025553662	0.23458208	1.0	3257	tags=33%, list=17%, signal=39%	
GOBP_GLAND_MORPHOGENESIS	GOBP_GLAND_MORPHOGENESIS		125	0.4129138	1.4281619	0.016474465	0.23450717	1.0	3340	tags=35%, list=17%, signal=42%	
GOBP_REGULATION_OF_POTASSIUM_ION_TRANSMEMBRANE_TRANSPORTER_ACTIVITY	GOBP_REGULATION_OF_POTASSIUM_ION_TRANSMEMBRANE_TRANSPORTER_ACTIVITY		47	0.48832572	1.4279137	0.04339964	0.23449217	1.0	944	tags=19%, list=5%, signal=20%	
GOBP_REGULATION_OF_RECEPTOR_SIGNALING_PATHWAY_VIA_STAT	GOBP_REGULATION_OF_RECEPTOR_SIGNALING_PATHWAY_VIA_STAT		107	0.4271283	1.4276674	0.022617124	0.23445506	1.0	1345	tags=13%, list=7%, signal=14%	
GOBP_NEGATIVE_REGULATION_OF_TRANSMEMBRANE_RECEPTOR_PROTEIN_SERINE_THREONINE_KINASE_SIGNALING_PATHWAY	GOBP_NEGATIVE_REGULATION_OF_TRANSMEMBRANE_RECEPTOR_PROTEIN_SERINE_THREONINE_KINASE_SIGNALING_PATHWAY		137	0.40810323	1.4276209	0.012861736	0.23407766	1.0	2627	tags=21%, list=14%, signal=24%	
GOBP_ADHERENS_JUNCTION_ORGANIZATION	GOBP_ADHERENS_JUNCTION_ORGANIZATION		56	0.4666526	1.425741	0.037099496	0.23705414	1.0	2172	tags=21%, list=11%, signal=24%	
GOBP_MEMBRANE_DEPOLARIZATION	GOBP_MEMBRANE_DEPOLARIZATION		87	0.43593293	1.4255681	0.021276595	0.23695311	1.0	993	tags=14%, list=5%, signal=14%	
GOBP_BUNDLE_OF_HIS_CELL_TO_PURKINJE_MYOCYTE_COMMUNICATION	GOBP_BUNDLE_OF_HIS_CELL_TO_PURKINJE_MYOCYTE_COMMUNICATION		15	0.6005957	1.4254594	0.073076926	0.23668535	1.0	4278	tags=40%, list=22%, signal=51%	
GOBP_NEURAL_TUBE_FORMATION	GOBP_NEURAL_TUBE_FORMATION		100	0.42527223	1.4245123	0.019543974	0.2378987	1.0	3135	tags=28%, list=16%, signal=33%	
GOBP_ODONTOBLAST_DIFFERENTIATION	GOBP_ODONTOBLAST_DIFFERENTIATION		16	0.6112707	1.4239277	0.060998153	0.2385269	1.0	3696	tags=50%, list=19%, signal=62%	
GOMF_GROWTH_FACTOR_BINDING	GOMF_GROWTH_FACTOR_BINDING		129	0.41232783	1.4238532	0.02163833	0.23818436	1.0	3347	tags=37%, list=17%, signal=45%	
GOBP_REGULATION_OF_FATTY_ACID_OXIDATION	GOBP_REGULATION_OF_FATTY_ACID_OXIDATION		33	0.5250539	1.4232457	0.0569395	0.23873805	1.0	2524	tags=27%, list=13%, signal=31%	
GOBP_REGULATION_OF_EPITHELIAL_CELL_MIGRATION	GOBP_REGULATION_OF_EPITHELIAL_CELL_MIGRATION		220	0.38913614	1.4228828	0.0074962517	0.23894668	1.0	2178	tags=24%, list=11%, signal=26%	
GOBP_CELL_DIFFERENTIATION_INVOLVED_IN_KIDNEY_DEVELOPMENT	GOBP_CELL_DIFFERENTIATION_INVOLVED_IN_KIDNEY_DEVELOPMENT		58	0.46973273	1.4225271	0.036303632	0.23911357	1.0	2363	tags=28%, list=12%, signal=31%	
GOBP_RESPIRATORY_SYSTEM_PROCESS	GOBP_RESPIRATORY_SYSTEM_PROCESS		40	0.4982247	1.4223188	0.048042703	0.23906094	1.0	2328	tags=25%, list=12%, signal=28%	
GOBP_AXON_ENSHEATHMENT_IN_CENTRAL_NERVOUS_SYSTEM	GOBP_AXON_ENSHEATHMENT_IN_CENTRAL_NERVOUS_SYSTEM		24	0.5505123	1.4214021	0.07719928	0.24024177	1.0	2398	tags=25%, list=12%, signal=28%	
GOBP_REGULATION_OF_BMP_SIGNALING_PATHWAY	GOBP_REGULATION_OF_BMP_SIGNALING_PATHWAY		96	0.42370525	1.4212668	0.01983471	0.240023	1.0	2627	tags=25%, list=14%, signal=29%	
GOBP_PEROXISOME_PROLIFERATOR_ACTIVATED_RECEPTOR_SIGNALING_PATHWAY	GOBP_PEROXISOME_PROLIFERATOR_ACTIVATED_RECEPTOR_SIGNALING_PATHWAY		23	0.5587999	1.4207726	0.07308378	0.24031566	1.0	1749	tags=30%, list=9%, signal=33%	
GOMF_DNA_BINDING_TRANSCRIPTION_REPRESSOR_ACTIVITY	GOMF_DNA_BINDING_TRANSCRIPTION_REPRESSOR_ACTIVITY		271	0.37893745	1.4204296	0.0042796005	0.2405314	1.0	2597	tags=22%, list=13%, signal=25%	
GOMF_VOLTAGE_GATED_MONOATOMIC_CATION_CHANNEL_ACTIVITY	GOMF_VOLTAGE_GATED_MONOATOMIC_CATION_CHANNEL_ACTIVITY		142	0.40819547	1.4200616	0.009448819	0.24069825	1.0	1998	tags=15%, list=10%, signal=17%	
GOBP_REGULATION_OF_BIOMINERAL_TISSUE_DEVELOPMENT	GOBP_REGULATION_OF_BIOMINERAL_TISSUE_DEVELOPMENT		95	0.42327687	1.4194727	0.023140496	0.24121957	1.0	2534	tags=29%, list=13%, signal=34%	
GOBP_NOTOCHORD_DEVELOPMENT	GOBP_NOTOCHORD_DEVELOPMENT		19	0.57364273	1.4194556	0.07339449	0.2407986	1.0	2035	tags=37%, list=10%, signal=41%	
GOBP_NEPHRON_TUBULE_FORMATION	GOBP_NEPHRON_TUBULE_FORMATION		20	0.58183074	1.418996	0.071428575	0.24118349	1.0	2121	tags=35%, list=11%, signal=39%	
GOBP_INNER_EAR_MORPHOGENESIS	GOBP_INNER_EAR_MORPHOGENESIS		103	0.42274567	1.4180285	0.020905923	0.24233605	1.0	3470	tags=30%, list=18%, signal=36%	
GOBP_EPITHELIAL_CELL_PROLIFERATION	GOBP_EPITHELIAL_CELL_PROLIFERATION		425	0.3632916	1.418006	0.0013623978	0.24192597	1.0	2528	tags=22%, list=13%, signal=25%	
GOCC_DESMOSOME	GOCC_DESMOSOME		28	0.5239186	1.4178778	0.084269665	0.24179816	1.0	4278	tags=57%, list=22%, signal=73%	
GOBP_RESPONSE_TO_METAL_ION	GOBP_RESPONSE_TO_METAL_ION		331	0.36840254	1.417384	0.0	0.24226154	1.0	2139	tags=17%, list=11%, signal=18%	
GOBP_FACE_MORPHOGENESIS	GOBP_FACE_MORPHOGENESIS		31	0.5243517	1.4168543	0.051136363	0.24283293	1.0	2240	tags=35%, list=12%, signal=40%	
GOBP_GAP_JUNCTION_ASSEMBLY	GOBP_GAP_JUNCTION_ASSEMBLY		18	0.5799285	1.4165983	0.085514836	0.24281074	1.0	1241	tags=33%, list=6%, signal=36%	
GOBP_NEGATIVE_REGULATION_OF_SMAD_PROTEIN_SIGNAL_TRANSDUCTION	GOBP_NEGATIVE_REGULATION_OF_SMAD_PROTEIN_SIGNAL_TRANSDUCTION		20	0.5825688	1.4164166	0.074074075	0.24270591	1.0	1970	tags=35%, list=10%, signal=39%	
GOBP_REGULATION_OF_NEUROGENESIS	GOBP_REGULATION_OF_NEUROGENESIS		362	0.3639761	1.4142846	0.0042253523	0.2461442	1.0	3368	tags=28%, list=17%, signal=33%	
GOBP_CARDIAC_VENTRICLE_DEVELOPMENT	GOBP_CARDIAC_VENTRICLE_DEVELOPMENT		122	0.4115643	1.4141968	0.020967742	0.24585749	1.0	1550	tags=23%, list=8%, signal=25%	
GOCC_GLUTAMATERGIC_SYNAPSE	GOCC_GLUTAMATERGIC_SYNAPSE		410	0.3630117	1.4140719	0.0014025245	0.24562946	1.0	2705	tags=21%, list=14%, signal=24%	
GOBP_MULTICELLULAR_ORGANISMAL_MOVEMENT	GOBP_MULTICELLULAR_ORGANISMAL_MOVEMENT		59	0.46546808	1.4139057	0.04882155	0.24551767	1.0	2658	tags=27%, list=14%, signal=31%	
GOBP_CELLULAR_RESPONSE_TO_ZINC_ION	GOBP_CELLULAR_RESPONSE_TO_ZINC_ION		21	0.57156223	1.41351	0.07339449	0.24577199	1.0	1499	tags=29%, list=8%, signal=31%	
GOBP_EXPORT_ACROSS_PLASMA_MEMBRANE	GOBP_EXPORT_ACROSS_PLASMA_MEMBRANE		68	0.45011553	1.4135007	0.039115645	0.24535002	1.0	2590	tags=26%, list=13%, signal=30%	
GOBP_APPENDAGE_DEVELOPMENT	GOBP_APPENDAGE_DEVELOPMENT		175	0.39628738	1.4129024	0.0062402496	0.24604462	1.0	2093	tags=23%, list=11%, signal=26%	
GOBP_NEGATIVE_REGULATION_OF_OSTEOBLAST_DIFFERENTIATION	GOBP_NEGATIVE_REGULATION_OF_OSTEOBLAST_DIFFERENTIATION		45	0.48174727	1.4126723	0.045289855	0.24599348	1.0	2647	tags=33%, list=14%, signal=39%	
GOMF_GLUTATHIONE_TRANSFERASE_ACTIVITY	GOMF_GLUTATHIONE_TRANSFERASE_ACTIVITY		28	0.5324133	1.412656	0.053859964	0.24559064	1.0	1029	tags=21%, list=5%, signal=23%	
GOBP_RESPONSE_TO_OXYGEN_LEVELS	GOBP_RESPONSE_TO_OXYGEN_LEVELS		320	0.3697788	1.4122084	0.0	0.24597803	1.0	2464	tags=21%, list=13%, signal=24%	
GOBP_POSITIVE_REGULATION_OF_NERVOUS_SYSTEM_DEVELOPMENT	GOBP_POSITIVE_REGULATION_OF_NERVOUS_SYSTEM_DEVELOPMENT		287	0.37464902	1.4117236	0.0043668123	0.24642591	1.0	2648	tags=24%, list=14%, signal=27%	
GOBP_POSITIVE_REGULATION_OF_SMOOTH_MUSCLE_CELL_MIGRATION	GOBP_POSITIVE_REGULATION_OF_SMOOTH_MUSCLE_CELL_MIGRATION		38	0.49514654	1.4112349	0.05272408	0.24684638	1.0	3344	tags=34%, list=17%, signal=41%	
GOMF_POTASSIUM_CHANNEL_REGULATOR_ACTIVITY	GOMF_POTASSIUM_CHANNEL_REGULATOR_ACTIVITY		47	0.47830185	1.411185	0.053633217	0.24651568	1.0	2979	tags=26%, list=15%, signal=30%	
GOBP_NEGATIVE_REGULATION_OF_LEUKOCYTE_MIGRATION	GOBP_NEGATIVE_REGULATION_OF_LEUKOCYTE_MIGRATION		47	0.4771026	1.4105842	0.05	0.24720801	1.0	1756	tags=26%, list=9%, signal=28%	
GOMF_CYCLIC_NUCLEOTIDE_PHOSPHODIESTERASE_ACTIVITY	GOMF_CYCLIC_NUCLEOTIDE_PHOSPHODIESTERASE_ACTIVITY		26	0.5365906	1.4104359	0.07803993	0.24700159	1.0	1177	tags=19%, list=6%, signal=20%	
GOBP_REGULATION_OF_WNT_SIGNALING_PATHWAY	GOBP_REGULATION_OF_WNT_SIGNALING_PATHWAY		309	0.37472105	1.410377	0.0	0.24666718	1.0	2658	tags=22%, list=14%, signal=25%	
GOBP_REGULATION_OF_FIBROBLAST_MIGRATION	GOBP_REGULATION_OF_FIBROBLAST_MIGRATION		36	0.5050013	1.4099953	0.04963235	0.24691342	1.0	3612	tags=53%, list=19%, signal=65%	
GOBP_FIBROBLAST_PROLIFERATION	GOBP_FIBROBLAST_PROLIFERATION		106	0.42208448	1.4091024	0.021775544	0.24810979	1.0	2661	tags=25%, list=14%, signal=29%	
GOBP_PROTEIN_LOCALIZATION_TO_CELL_CELL_JUNCTION	GOBP_PROTEIN_LOCALIZATION_TO_CELL_CELL_JUNCTION		21	0.5623031	1.4088331	0.07801419	0.24824043	1.0	3176	tags=48%, list=16%, signal=57%	
GOBP_CARDIAC_CONDUCTION_SYSTEM_DEVELOPMENT	GOBP_CARDIAC_CONDUCTION_SYSTEM_DEVELOPMENT		37	0.50034875	1.4083836	0.055658627	0.24864027	1.0	1539	tags=24%, list=8%, signal=26%	
GOBP_POSITIVE_REGULATION_OF_FATTY_ACID_TRANSPORT	GOBP_POSITIVE_REGULATION_OF_FATTY_ACID_TRANSPORT		22	0.5450145	1.4082704	0.08064516	0.24843049	1.0	225	tags=14%, list=1%, signal=14%	
GOBP_REGULATION_OF_OSSIFICATION	GOBP_REGULATION_OF_OSSIFICATION		116	0.41072398	1.408251	0.020766772	0.24801904	1.0	2648	tags=28%, list=14%, signal=33%	
GOMF_INSULIN_RECEPTOR_BINDING	GOMF_INSULIN_RECEPTOR_BINDING		22	0.5619869	1.407943	0.06985294	0.24813908	1.0	1869	tags=27%, list=10%, signal=30%	
GOMF_PHOSPHORIC_DIESTER_HYDROLASE_ACTIVITY	GOMF_PHOSPHORIC_DIESTER_HYDROLASE_ACTIVITY		89	0.4272132	1.4075084	0.02631579	0.24848397	1.0	1334	tags=16%, list=7%, signal=17%	
GOBP_PARAXIAL_MESODERM_DEVELOPMENT	GOBP_PARAXIAL_MESODERM_DEVELOPMENT		19	0.5831316	1.407506	0.08801498	0.24805427	1.0	2799	tags=42%, list=14%, signal=49%	
GOBP_MORPHOGENESIS_OF_AN_EPITHELIAL_SHEET	GOBP_MORPHOGENESIS_OF_AN_EPITHELIAL_SHEET		62	0.4570414	1.4069546	0.030874785	0.24854994	1.0	2176	tags=26%, list=11%, signal=29%	
GOBP_RESPONSE_TO_ANGIOTENSIN	GOBP_RESPONSE_TO_ANGIOTENSIN		39	0.4887851	1.4069031	0.056466304	0.24820903	1.0	2534	tags=33%, list=13%, signal=38%	
GOBP_NEURON_RECOGNITION	GOBP_NEURON_RECOGNITION		46	0.47981554	1.4063622	0.055944055	0.24874243	1.0	2235	tags=20%, list=12%, signal=22%	
GOBP_SIGNAL_TRANSDUCTION_INVOLVED_IN_REGULATION_OF_GENE_EXPRESSION	GOBP_SIGNAL_TRANSDUCTION_INVOLVED_IN_REGULATION_OF_GENE_EXPRESSION		23	0.5479442	1.4049852	0.06754221	0.25071424	1.0	2240	tags=30%, list=12%, signal=34%	
GOBP_ORGAN_INDUCTION	GOBP_ORGAN_INDUCTION		22	0.55594385	1.4041137	0.07832423	0.25182167	1.0	1736	tags=27%, list=9%, signal=30%	
GOBP_CELLULAR_RESPONSE_TO_TOXIC_SUBSTANCE	GOBP_CELLULAR_RESPONSE_TO_TOXIC_SUBSTANCE		123	0.40798405	1.4035861	0.014657981	0.25231537	1.0	2089	tags=24%, list=11%, signal=27%	
GOMF_CYCLASE_REGULATOR_ACTIVITY	GOMF_CYCLASE_REGULATOR_ACTIVITY		15	0.6047335	1.4031016	0.06483301	0.2527949	1.0	1734	tags=20%, list=9%, signal=22%	
GOCC_APICAL_JUNCTION_COMPLEX	GOCC_APICAL_JUNCTION_COMPLEX		139	0.3993061	1.4025831	0.017268445	0.25332564	1.0	2278	tags=24%, list=12%, signal=28%	
GOBP_MODIFICATION_OF_POSTSYNAPTIC_STRUCTURE	GOBP_MODIFICATION_OF_POSTSYNAPTIC_STRUCTURE		22	0.5587409	1.4022661	0.069767445	0.2534592	1.0	1228	tags=18%, list=6%, signal=19%	
GOBP_HEART_GROWTH	GOBP_HEART_GROWTH		78	0.4398844	1.4019414	0.043117743	0.25359285	1.0	2770	tags=29%, list=14%, signal=34%	
GOMF_PROTEIN_KINASE_A_BINDING	GOMF_PROTEIN_KINASE_A_BINDING		53	0.46191224	1.4018476	0.04676259	0.25332278	1.0	3368	tags=30%, list=17%, signal=36%	
GOMF_NEUREXIN_FAMILY_PROTEIN_BINDING	GOMF_NEUREXIN_FAMILY_PROTEIN_BINDING		15	0.60577166	1.4014311	0.07575758	0.253672	1.0	2742	tags=40%, list=14%, signal=47%	
GOBP_MESONEPHRIC_TUBULE_MORPHOGENESIS	GOBP_MESONEPHRIC_TUBULE_MORPHOGENESIS		67	0.45123935	1.4013677	0.04628099	0.25335518	1.0	2604	tags=30%, list=13%, signal=34%	
GOMF_R_SMAD_BINDING	GOMF_R_SMAD_BINDING		24	0.5398426	1.4000745	0.056179777	0.25531405	1.0	2571	tags=29%, list=13%, signal=34%	
GOBP_RESPONSE_TO_ESTRADIOL	GOBP_RESPONSE_TO_ESTRADIOL		115	0.41015828	1.4000168	0.011494253	0.25501043	1.0	2098	tags=17%, list=11%, signal=18%	
GOMF_VOLTAGE_GATED_POTASSIUM_CHANNEL_ACTIVITY	GOMF_VOLTAGE_GATED_POTASSIUM_CHANNEL_ACTIVITY		97	0.42088228	1.3996925	0.025974026	0.2551758	1.0	3375	tags=26%, list=17%, signal=31%	
GOBP_REGULATION_OF_SYNAPSE_STRUCTURE_OR_ACTIVITY	GOBP_REGULATION_OF_SYNAPSE_STRUCTURE_OR_ACTIVITY		246	0.37404507	1.399353	0.009022556	0.255403	1.0	2195	tags=20%, list=11%, signal=22%	
GOBP_EPITHELIAL_CELL_DEVELOPMENT	GOBP_EPITHELIAL_CELL_DEVELOPMENT		214	0.38145092	1.3992723	0.013636364	0.25513858	1.0	3368	tags=33%, list=17%, signal=40%	
GOCC_MYOSIN_COMPLEX	GOCC_MYOSIN_COMPLEX		56	0.45940056	1.398647	0.0352349	0.2558627	1.0	3257	tags=34%, list=17%, signal=41%	
GOBP_EXOCRINE_SYSTEM_DEVELOPMENT	GOBP_EXOCRINE_SYSTEM_DEVELOPMENT		48	0.47364292	1.3975028	0.06021898	0.2574788	1.0	2747	tags=33%, list=14%, signal=39%	
GOBP_NOREPINEPHRINE_TRANSPORT	GOBP_NOREPINEPHRINE_TRANSPORT		23	0.55006367	1.3969895	0.064638786	0.2579754	1.0	2089	tags=30%, list=11%, signal=34%	
GOBP_FOREBRAIN_REGIONALIZATION	GOBP_FOREBRAIN_REGIONALIZATION		24	0.5368751	1.396209	0.06481481	0.25890496	1.0	2275	tags=21%, list=12%, signal=24%	
GOCC_MYOSIN_II_COMPLEX	GOCC_MYOSIN_II_COMPLEX		25	0.5380114	1.3957793	0.08256881	0.2593004	1.0	1648	tags=24%, list=8%, signal=26%	
GOBP_POSITIVE_REGULATION_OF_CELL_MORPHOGENESIS	GOBP_POSITIVE_REGULATION_OF_CELL_MORPHOGENESIS		35	0.49288368	1.3948112	0.07308378	0.2606477	1.0	2450	tags=31%, list=13%, signal=36%	
GOBP_RESPONSE_TO_TOXIC_SUBSTANCE	GOBP_RESPONSE_TO_TOXIC_SUBSTANCE		237	0.37709966	1.3947345	0.010115607	0.26035145	1.0	2253	tags=22%, list=12%, signal=25%	
GOBP_EMBRYONIC_HEART_TUBE_MORPHOGENESIS	GOBP_EMBRYONIC_HEART_TUBE_MORPHOGENESIS		70	0.44196242	1.3946654	0.05324459	0.26005143	1.0	3368	tags=36%, list=17%, signal=43%	
GOBP_SYNCYTIUM_FORMATION	GOBP_SYNCYTIUM_FORMATION		61	0.44615433	1.3944579	0.05	0.2600591	1.0	3284	tags=33%, list=17%, signal=39%	
GOBP_ANDROGEN_RECEPTOR_SIGNALING_PATHWAY	GOBP_ANDROGEN_RECEPTOR_SIGNALING_PATHWAY		49	0.46999702	1.3942913	0.05123675	0.25992924	1.0	1006	tags=12%, list=5%, signal=13%	
GOBP_CELL_MIGRATION_INVOLVED_IN_SPROUTING_ANGIOGENESIS	GOBP_CELL_MIGRATION_INVOLVED_IN_SPROUTING_ANGIOGENESIS		53	0.46258414	1.3931421	0.038194444	0.26166093	1.0	2391	tags=32%, list=12%, signal=36%	
GOBP_REGULATION_OF_SUBSTRATE_ADHESION_DEPENDENT_CELL_SPREADING	GOBP_REGULATION_OF_SUBSTRATE_ADHESION_DEPENDENT_CELL_SPREADING		61	0.4514772	1.3925244	0.055374593	0.26242182	1.0	3354	tags=41%, list=17%, signal=49%	
GOBP_ASPARTATE_FAMILY_AMINO_ACID_METABOLIC_PROCESS	GOBP_ASPARTATE_FAMILY_AMINO_ACID_METABOLIC_PROCESS		40	0.49210697	1.3924296	0.06032907	0.2621896	1.0	2526	tags=28%, list=13%, signal=32%	
GOBP_LAMELLIPODIUM_ORGANIZATION	GOBP_LAMELLIPODIUM_ORGANIZATION		88	0.42633358	1.3920499	0.013071896	0.26242414	1.0	3370	tags=30%, list=17%, signal=36%	
GOBP_POSITIVE_REGULATION_OF_CYTOSKELETON_ORGANIZATION	GOBP_POSITIVE_REGULATION_OF_CYTOSKELETON_ORGANIZATION		174	0.38493952	1.3912929	0.009244992	0.2634536	1.0	3452	tags=32%, list=18%, signal=38%	
GOCC_GOLGI_LUMEN	GOCC_GOLGI_LUMEN		97	0.4224598	1.3910286	0.037953794	0.26351392	1.0	2340	tags=27%, list=12%, signal=30%	
GOBP_POSITIVE_REGULATION_OF_NON_CANONICAL_WNT_SIGNALING_PATHWAY	GOBP_POSITIVE_REGULATION_OF_NON_CANONICAL_WNT_SIGNALING_PATHWAY		15	0.6049529	1.3902462	0.11044177	0.26459828	1.0	1270	tags=33%, list=7%, signal=36%	
GOBP_REGULATION_OF_NERVOUS_SYSTEM_DEVELOPMENT	GOBP_REGULATION_OF_NERVOUS_SYSTEM_DEVELOPMENT		438	0.3560745	1.3891226	0.0	0.26626605	1.0	3368	tags=27%, list=17%, signal=32%	
GOBP_POSTSYNAPTIC_SPECIALIZATION_ASSEMBLY	GOBP_POSTSYNAPTIC_SPECIALIZATION_ASSEMBLY		28	0.5173457	1.3890942	0.07295374	0.2658873	1.0	423	tags=11%, list=2%, signal=11%	
GOBP_REGULATION_OF_GLYCOGEN_METABOLIC_PROCESS	GOBP_REGULATION_OF_GLYCOGEN_METABOLIC_PROCESS		31	0.5124268	1.389005	0.07977737	0.2656097	1.0	888	tags=16%, list=5%, signal=17%	
GOBP_REGULATION_OF_FIBROBLAST_PROLIFERATION	GOBP_REGULATION_OF_FIBROBLAST_PROLIFERATION		88	0.4231027	1.3887026	0.040885862	0.26572663	1.0	2240	tags=24%, list=12%, signal=27%	
GOBP_NEGATIVE_REGULATION_OF_SMOOTH_MUSCLE_CELL_MIGRATION	GOBP_NEGATIVE_REGULATION_OF_SMOOTH_MUSCLE_CELL_MIGRATION		22	0.5517728	1.3886064	0.09021113	0.26545942	1.0	1415	tags=27%, list=7%, signal=29%	
GOBP_SALIVARY_GLAND_DEVELOPMENT	GOBP_SALIVARY_GLAND_DEVELOPMENT		36	0.49778154	1.3881651	0.061837457	0.2658456	1.0	2747	tags=36%, list=14%, signal=42%	
GOBP_KIDNEY_MORPHOGENESIS	GOBP_KIDNEY_MORPHOGENESIS		97	0.42287666	1.3877404	0.024793388	0.2661954	1.0	2840	tags=29%, list=15%, signal=34%	
GOBP_RETINOIC_ACID_METABOLIC_PROCESS	GOBP_RETINOIC_ACID_METABOLIC_PROCESS		33	0.5060217	1.3872768	0.06481481	0.26664087	1.0	772	tags=18%, list=4%, signal=19%	
GOBP_PRIMARY_ALCOHOL_METABOLIC_PROCESS	GOBP_PRIMARY_ALCOHOL_METABOLIC_PROCESS		99	0.4175782	1.3867971	0.028239202	0.2671492	1.0	908	tags=14%, list=5%, signal=15%	
GOBP_REGULATION_OF_ACTIN_FILAMENT_BASED_PROCESS	GOBP_REGULATION_OF_ACTIN_FILAMENT_BASED_PROCESS		354	0.3621173	1.38628	0.0028011205	0.26774952	1.0	3452	tags=31%, list=18%, signal=37%	
GOBP_OSTEOBLAST_PROLIFERATION	GOBP_OSTEOBLAST_PROLIFERATION		32	0.50282234	1.3856996	0.081455804	0.26835874	1.0	1525	tags=31%, list=8%, signal=34%	
GOBP_REGULATION_OF_BICELLULAR_TIGHT_JUNCTION_ASSEMBLY	GOBP_REGULATION_OF_BICELLULAR_TIGHT_JUNCTION_ASSEMBLY		21	0.5497509	1.3847752	0.09276438	0.26975033	1.0	2233	tags=48%, list=11%, signal=54%	
GOBP_CELL_ADHESION_MEDIATED_BY_INTEGRIN	GOBP_CELL_ADHESION_MEDIATED_BY_INTEGRIN		85	0.42542973	1.383243	0.041237112	0.27224278	1.0	1724	tags=31%, list=9%, signal=33%	
GOBP_IN_UTERO_EMBRYONIC_DEVELOPMENT	GOBP_IN_UTERO_EMBRYONIC_DEVELOPMENT		387	0.3554249	1.3832413	0.0066755675	0.27181032	1.0	3466	tags=26%, list=18%, signal=31%	
GOBP_POSITIVE_REGULATION_OF_POTASSIUM_ION_TRANSPORT	GOBP_POSITIVE_REGULATION_OF_POTASSIUM_ION_TRANSPORT		42	0.48396575	1.3826723	0.058303885	0.2724239	1.0	1506	tags=24%, list=8%, signal=26%	
GOBP_HIPPO_SIGNALING	GOBP_HIPPO_SIGNALING		54	0.45661113	1.381556	0.055855855	0.2740646	1.0	3685	tags=35%, list=19%, signal=43%	
GOBP_VENTRICULAR_CARDIAC_MUSCLE_TISSUE_DEVELOPMENT	GOBP_VENTRICULAR_CARDIAC_MUSCLE_TISSUE_DEVELOPMENT		61	0.45748618	1.3815312	0.051839463	0.27366844	1.0	1550	tags=25%, list=8%, signal=27%	
GOBP_SEGMENTATION	GOBP_SEGMENTATION		98	0.4169677	1.3809618	0.04118616	0.27432466	1.0	3102	tags=28%, list=16%, signal=33%	
GOBP_POSITIVE_REGULATION_OF_SYNAPSE_ASSEMBLY	GOBP_POSITIVE_REGULATION_OF_SYNAPSE_ASSEMBLY		63	0.44342884	1.3807143	0.031034483	0.27439812	1.0	2132	tags=24%, list=11%, signal=27%	
GOMF_HISTONE_H3K4_METHYLTRANSFERASE_ACTIVITY	GOMF_HISTONE_H3K4_METHYLTRANSFERASE_ACTIVITY		15	0.5998832	1.3805459	0.10654206	0.27427918	1.0	3479	tags=47%, list=18%, signal=57%	
GOBP_POSITIVE_REGULATION_OF_GLYCOGEN_METABOLIC_PROCESS	GOBP_POSITIVE_REGULATION_OF_GLYCOGEN_METABOLIC_PROCESS		16	0.58853877	1.3796778	0.099047616	0.27553254	1.0	740	tags=19%, list=4%, signal=19%	
GOMF_PROTEIN_DISULFIDE_ISOMERASE_ACTIVITY	GOMF_PROTEIN_DISULFIDE_ISOMERASE_ACTIVITY		21	0.5589644	1.379473	0.07747748	0.275483	1.0	1294	tags=14%, list=7%, signal=15%	
GOBP_REGULATION_OF_GLUCOSE_TRANSMEMBRANE_TRANSPORT	GOBP_REGULATION_OF_GLUCOSE_TRANSMEMBRANE_TRANSPORT		71	0.4330776	1.3787951	0.045378152	0.27626956	1.0	1901	tags=24%, list=10%, signal=26%	
GOBP_REGULATION_OF_CATION_CHANNEL_ACTIVITY	GOBP_REGULATION_OF_CATION_CHANNEL_ACTIVITY		91	0.4152221	1.3780247	0.04397394	0.27730408	1.0	2979	tags=27%, list=15%, signal=32%	
GOCC_APICAL_PART_OF_CELL	GOCC_APICAL_PART_OF_CELL		446	0.35401487	1.3779587	0.0013531799	0.27699345	1.0	3261	tags=26%, list=17%, signal=30%	
GOBP_REGULATION_OF_TRANSPORTER_ACTIVITY	GOBP_REGULATION_OF_TRANSPORTER_ACTIVITY		201	0.3822023	1.3778754	0.01775148	0.2767128	1.0	2334	tags=19%, list=12%, signal=22%	
GOBP_MUSCLE_HYPERTROPHY	GOBP_MUSCLE_HYPERTROPHY		86	0.42484623	1.3778391	0.036977492	0.27633557	1.0	3432	tags=31%, list=18%, signal=38%	
GOMF_BETA_CATENIN_BINDING	GOMF_BETA_CATENIN_BINDING		103	0.41167334	1.3773929	0.029363785	0.2767471	1.0	3448	tags=28%, list=18%, signal=34%	
GOBP_HEPARAN_SULFATE_PROTEOGLYCAN_BIOSYNTHETIC_PROCESS	GOBP_HEPARAN_SULFATE_PROTEOGLYCAN_BIOSYNTHETIC_PROCESS		33	0.5004371	1.3769265	0.07366482	0.27722698	1.0	4069	tags=42%, list=21%, signal=54%	
GOBP_REGULATION_OF_MIRNA_TRANSCRIPTION	GOBP_REGULATION_OF_MIRNA_TRANSCRIPTION		73	0.4353457	1.3769013	0.030844156	0.27683094	1.0	2441	tags=29%, list=13%, signal=33%	
GOBP_POSITIVE_REGULATION_OF_SUBSTRATE_ADHESION_DEPENDENT_CELL_SPREADING	GOBP_POSITIVE_REGULATION_OF_SUBSTRATE_ADHESION_DEPENDENT_CELL_SPREADING		43	0.4719933	1.3768891	0.07978723	0.27641496	1.0	3309	tags=42%, list=17%, signal=50%	
GOBP_VENTRICULAR_CARDIAC_MUSCLE_TISSUE_MORPHOGENESIS	GOBP_VENTRICULAR_CARDIAC_MUSCLE_TISSUE_MORPHOGENESIS		46	0.46573353	1.3765638	0.056466304	0.27662134	1.0	1550	tags=26%, list=8%, signal=28%	
GOBP_REGULATION_OF_POSTSYNAPTIC_DENSITY_ORGANIZATION	GOBP_REGULATION_OF_POSTSYNAPTIC_DENSITY_ORGANIZATION		16	0.5798223	1.3765327	0.1	0.2762477	1.0	920	tags=19%, list=5%, signal=20%	
GOCC_POTASSIUM_CHANNEL_COMPLEX	GOCC_POTASSIUM_CHANNEL_COMPLEX		100	0.40624872	1.3763764	0.030794166	0.2761088	1.0	3375	tags=26%, list=17%, signal=31%	
GOBP_REGULATION_OF_OSTEOBLAST_PROLIFERATION	GOBP_REGULATION_OF_OSTEOBLAST_PROLIFERATION		26	0.5320164	1.376202	0.0875	0.27603483	1.0	1525	tags=35%, list=8%, signal=38%	
GOBP_GROOMING_BEHAVIOR	GOBP_GROOMING_BEHAVIOR		19	0.5560569	1.3747934	0.096045196	0.27822548	1.0	989	tags=16%, list=5%, signal=17%	
GOBP_HEAD_MORPHOGENESIS	GOBP_HEAD_MORPHOGENESIS		37	0.48087665	1.3745922	0.07807309	0.27821425	1.0	2240	tags=32%, list=12%, signal=37%	
GOBP_POSITIVE_REGULATION_OF_CELL_PROJECTION_ORGANIZATION	GOBP_POSITIVE_REGULATION_OF_CELL_PROJECTION_ORGANIZATION		339	0.35709843	1.3740185	0.0028208746	0.2788422	1.0	2848	tags=24%, list=15%, signal=28%	
GOBP_VOCALIZATION_BEHAVIOR	GOBP_VOCALIZATION_BEHAVIOR		18	0.56949204	1.3738564	0.09195402	0.27875724	1.0	2085	tags=28%, list=11%, signal=31%	
GOBP_MUSCLE_HYPERTROPHY_IN_RESPONSE_TO_STRESS	GOBP_MUSCLE_HYPERTROPHY_IN_RESPONSE_TO_STRESS		24	0.53196996	1.3736546	0.0907441	0.2787013	1.0	4517	tags=54%, list=23%, signal=70%	
GOBP_REGULATION_OF_CELL_SUBSTRATE_JUNCTION_ORGANIZATION	GOBP_REGULATION_OF_CELL_SUBSTRATE_JUNCTION_ORGANIZATION		66	0.43812445	1.3728391	0.04318937	0.2798673	1.0	3309	tags=39%, list=17%, signal=47%	
GOMF_SERINE_TYPE_ENDOPEPTIDASE_INHIBITOR_ACTIVITY	GOMF_SERINE_TYPE_ENDOPEPTIDASE_INHIBITOR_ACTIVITY		93	0.4117951	1.3720536	0.0381558	0.28084537	1.0	1530	tags=16%, list=8%, signal=17%	
GOBP_VASCULAR_PROCESS_IN_CIRCULATORY_SYSTEM	GOBP_VASCULAR_PROCESS_IN_CIRCULATORY_SYSTEM		261	0.36552703	1.3708746	0.008708273	0.28272647	1.0	2590	tags=23%, list=13%, signal=27%	
GOBP_POTASSIUM_ION_TRANSPORT	GOBP_POTASSIUM_ION_TRANSPORT		235	0.3714747	1.3705035	0.0044247787	0.28298938	1.0	1954	tags=16%, list=10%, signal=18%	
GOBP_HORMONE_METABOLIC_PROCESS	GOBP_HORMONE_METABOLIC_PROCESS		238	0.37260222	1.3701537	0.006042296	0.28324914	1.0	1834	tags=16%, list=9%, signal=17%	
GOBP_ENERGY_RESERVE_METABOLIC_PROCESS	GOBP_ENERGY_RESERVE_METABOLIC_PROCESS		88	0.4227134	1.3699212	0.042414356	0.28327695	1.0	2667	tags=26%, list=14%, signal=30%	
GOBP_POSITIVE_REGULATION_OF_SMOOTH_MUSCLE_CELL_APOPTOTIC_PROCESS	GOBP_POSITIVE_REGULATION_OF_SMOOTH_MUSCLE_CELL_APOPTOTIC_PROCESS		16	0.5786756	1.3695054	0.11524164	0.28364092	1.0	763	tags=19%, list=4%, signal=20%	
GOBP_REGULATION_OF_BRANCHING_INVOLVED_IN_URETERIC_BUD_MORPHOGENESIS	GOBP_REGULATION_OF_BRANCHING_INVOLVED_IN_URETERIC_BUD_MORPHOGENESIS		21	0.5411745	1.369491	0.09963768	0.28324878	1.0	1525	tags=33%, list=8%, signal=36%	
GOBP_CRANIAL_SKELETAL_SYSTEM_DEVELOPMENT	GOBP_CRANIAL_SKELETAL_SYSTEM_DEVELOPMENT		70	0.43855038	1.3693815	0.05483871	0.28303757	1.0	2340	tags=27%, list=12%, signal=31%	
GOBP_RAC_PROTEIN_SIGNAL_TRANSDUCTION	GOBP_RAC_PROTEIN_SIGNAL_TRANSDUCTION		44	0.4685505	1.3689568	0.06227758	0.28341132	1.0	2615	tags=32%, list=13%, signal=37%	
GOBP_REGULATION_OF_DNA_DAMAGE_RESPONSE_SIGNAL_TRANSDUCTION_BY_P53_CLASS_MEDIATOR	GOBP_REGULATION_OF_DNA_DAMAGE_RESPONSE_SIGNAL_TRANSDUCTION_BY_P53_CLASS_MEDIATOR		34	0.49491817	1.368791	0.08608059	0.28331247	1.0	4486	tags=53%, list=23%, signal=69%	
GOBP_RESPONSE_TO_PEPTIDE_HORMONE	GOBP_RESPONSE_TO_PEPTIDE_HORMONE		421	0.35240754	1.3686415	0.0013368984	0.2831743	1.0	2861	tags=21%, list=15%, signal=24%	
GOMF_CALMODULIN_BINDING	GOMF_CALMODULIN_BINDING		201	0.3787459	1.3683006	0.012121212	0.28342715	1.0	2070	tags=17%, list=11%, signal=19%	
GOBP_REGULATION_OF_CELL_PROJECTION_ASSEMBLY	GOBP_REGULATION_OF_CELL_PROJECTION_ASSEMBLY		211	0.3676927	1.3677684	0.01551481	0.28410786	1.0	4156	tags=39%, list=21%, signal=49%	
GOBP_PHOSPHATIDYLINOSITOL_3_KINASE_PROTEIN_KINASE_B_SIGNAL_TRANSDUCTION	GOBP_PHOSPHATIDYLINOSITOL_3_KINASE_PROTEIN_KINASE_B_SIGNAL_TRANSDUCTION		280	0.36112392	1.3677223	0.004373178	0.28376603	1.0	2313	tags=22%, list=12%, signal=25%	
GOBP_COLLAGEN_METABOLIC_PROCESS	GOBP_COLLAGEN_METABOLIC_PROCESS		93	0.41180152	1.3675214	0.039538715	0.2837469	1.0	2534	tags=30%, list=13%, signal=34%	
GOBP_POSITIVE_REGULATION_OF_BLOOD_CIRCULATION	GOBP_POSITIVE_REGULATION_OF_BLOOD_CIRCULATION		35	0.4927184	1.3672993	0.07056799	0.28374976	1.0	1637	tags=23%, list=8%, signal=25%	
GOBP_REGULATION_OF_FAT_CELL_DIFFERENTIATION	GOBP_REGULATION_OF_FAT_CELL_DIFFERENTIATION		128	0.40257874	1.3672036	0.027419355	0.28350732	1.0	2552	tags=29%, list=13%, signal=33%	
GOBP_REGULATION_OF_MIRNA_METABOLIC_PROCESS	GOBP_REGULATION_OF_MIRNA_METABOLIC_PROCESS		84	0.4235757	1.3670805	0.03927987	0.28333816	1.0	2441	tags=27%, list=13%, signal=31%	
GOBP_REGULATION_OF_ANIMAL_ORGAN_FORMATION	GOBP_REGULATION_OF_ANIMAL_ORGAN_FORMATION		28	0.5059992	1.3660954	0.09242144	0.28486446	1.0	1736	tags=25%, list=9%, signal=27%	
GOBP_UTERUS_DEVELOPMENT	GOBP_UTERUS_DEVELOPMENT		24	0.52261966	1.3656976	0.10035843	0.28524402	1.0	927	tags=25%, list=5%, signal=26%	
GOBP_GLUCAN_BIOSYNTHETIC_PROCESS	GOBP_GLUCAN_BIOSYNTHETIC_PROCESS		40	0.47778073	1.3647357	0.07130435	0.28671202	1.0	2217	tags=25%, list=11%, signal=28%	
GOBP_POSITIVE_REGULATION_OF_FOCAL_ADHESION_ASSEMBLY	GOBP_POSITIVE_REGULATION_OF_FOCAL_ADHESION_ASSEMBLY		25	0.51527256	1.3643867	0.09829868	0.2869559	1.0	3309	tags=56%, list=17%, signal=67%	
GOBP_HINDBRAIN_DEVELOPMENT	GOBP_HINDBRAIN_DEVELOPMENT		153	0.38887095	1.3641602	0.020833334	0.28701472	1.0	2801	tags=21%, list=14%, signal=24%	
GOMF_E_BOX_BINDING	GOMF_E_BOX_BINDING		56	0.4523074	1.3640399	0.056140352	0.2868374	1.0	1684	tags=21%, list=9%, signal=23%	
GOBP_REGULATION_OF_NON_CANONICAL_WNT_SIGNALING_PATHWAY	GOBP_REGULATION_OF_NON_CANONICAL_WNT_SIGNALING_PATHWAY		26	0.5193189	1.363865	0.08955224	0.28674355	1.0	2472	tags=35%, list=13%, signal=40%	
GOBP_REGULATION_OF_SMAD_PROTEIN_SIGNAL_TRANSDUCTION	GOBP_REGULATION_OF_SMAD_PROTEIN_SIGNAL_TRANSDUCTION		59	0.4390705	1.3636764	0.05851979	0.2866606	1.0	2699	tags=31%, list=14%, signal=35%	
GOBP_EMBRYONIC_HEART_TUBE_DEVELOPMENT	GOBP_EMBRYONIC_HEART_TUBE_DEVELOPMENT		82	0.41697326	1.363637	0.04180602	0.28630865	1.0	3368	tags=33%, list=17%, signal=40%	
GOBP_CELLULAR_RESPONSE_TO_PEPTIDE_HORMONE_STIMULUS	GOBP_CELLULAR_RESPONSE_TO_PEPTIDE_HORMONE_STIMULUS		304	0.36073774	1.3635781	0.01	0.2859934	1.0	2464	tags=19%, list=13%, signal=22%	
GOBP_POSITIVE_REGULATION_OF_CELL_SUBSTRATE_JUNCTION_ORGANIZATION	GOBP_POSITIVE_REGULATION_OF_CELL_SUBSTRATE_JUNCTION_ORGANIZATION		30	0.50030786	1.3629961	0.08237548	0.28665602	1.0	3309	tags=50%, list=17%, signal=60%	
GOBP_REGULATION_OF_SMOOTH_MUSCLE_CELL_DIFFERENTIATION	GOBP_REGULATION_OF_SMOOTH_MUSCLE_CELL_DIFFERENTIATION		35	0.48475257	1.3627306	0.08422939	0.2867643	1.0	2977	tags=29%, list=15%, signal=34%	
GOMF_LONG_CHAIN_FATTY_ACID_BINDING	GOMF_LONG_CHAIN_FATTY_ACID_BINDING		17	0.56942606	1.3623904	0.115384616	0.28696573	1.0	763	tags=18%, list=4%, signal=18%	
GOMF_VOLTAGE_GATED_CHANNEL_ACTIVITY	GOMF_VOLTAGE_GATED_CHANNEL_ACTIVITY		171	0.3833665	1.3623223	0.02496329	0.28669825	1.0	2979	tags=19%, list=15%, signal=23%	
GOBP_BASIC_AMINO_ACID_TRANSPORT	GOBP_BASIC_AMINO_ACID_TRANSPORT		20	0.54793596	1.3623068	0.09505703	0.28632385	1.0	2812	tags=40%, list=14%, signal=47%	
GOMF_METALLOENDOPEPTIDASE_ACTIVITY	GOMF_METALLOENDOPEPTIDASE_ACTIVITY		105	0.4042405	1.3620555	0.03618421	0.28637424	1.0	987	tags=16%, list=5%, signal=17%	
GOBP_REGULATION_OF_GLYCOGEN_BIOSYNTHETIC_PROCESS	GOBP_REGULATION_OF_GLYCOGEN_BIOSYNTHETIC_PROCESS		24	0.523924	1.3618706	0.10968921	0.28631577	1.0	888	tags=17%, list=5%, signal=17%	
GOBP_CELL_SURFACE_RECEPTOR_SIGNALING_PATHWAY_VIA_STAT	GOBP_CELL_SURFACE_RECEPTOR_SIGNALING_PATHWAY_VIA_STAT		171	0.38190532	1.3613015	0.021021022	0.28705135	1.0	1345	tags=12%, list=7%, signal=13%	
GOBP_POSITIVE_REGULATION_OF_ORGAN_GROWTH	GOBP_POSITIVE_REGULATION_OF_ORGAN_GROWTH		42	0.46303204	1.3609753	0.08006814	0.28728083	1.0	2484	tags=31%, list=13%, signal=35%	
GOMF_BMP_BINDING	GOMF_BMP_BINDING		18	0.5702212	1.3609077	0.113970585	0.2869971	1.0	2345	tags=33%, list=12%, signal=38%	
GOBP_POSITIVE_REGULATION_OF_EXCITATORY_POSTSYNAPTIC_POTENTIAL	GOBP_POSITIVE_REGULATION_OF_EXCITATORY_POSTSYNAPTIC_POTENTIAL		31	0.50337267	1.3602488	0.08301887	0.28793114	1.0	2498	tags=16%, list=13%, signal=18%	
GOBP_POSITIVE_REGULATION_OF_MONOATOMIC_ION_TRANSPORT	GOBP_POSITIVE_REGULATION_OF_MONOATOMIC_ION_TRANSPORT		192	0.37497774	1.3602086	0.019756839	0.287584	1.0	1982	tags=18%, list=10%, signal=20%	
GOBP_CELL_GROWTH	GOBP_CELL_GROWTH		448	0.34785438	1.3601935	0.005340454	0.2871985	1.0	2255	tags=18%, list=12%, signal=20%	
GOBP_PHARYNGEAL_SYSTEM_DEVELOPMENT	GOBP_PHARYNGEAL_SYSTEM_DEVELOPMENT		30	0.5045985	1.3601052	0.09090909	0.28695443	1.0	2801	tags=43%, list=14%, signal=51%	
GOBP_SYNAPTIC_MEMBRANE_ADHESION	GOBP_SYNAPTIC_MEMBRANE_ADHESION		28	0.514189	1.3598609	0.0856102	0.28698322	1.0	3105	tags=36%, list=16%, signal=42%	
GOBP_BARBED_END_ACTIN_FILAMENT_CAPPING	GOBP_BARBED_END_ACTIN_FILAMENT_CAPPING		23	0.5336677	1.3595151	0.101886794	0.28723854	1.0	3245	tags=39%, list=17%, signal=47%	
GOBP_APICAL_JUNCTION_ASSEMBLY	GOBP_APICAL_JUNCTION_ASSEMBLY		72	0.43138435	1.3582586	0.053819444	0.28926042	1.0	2562	tags=31%, list=13%, signal=35%	
GOMF_MONOATOMIC_ION_GATED_CHANNEL_ACTIVITY	GOMF_MONOATOMIC_ION_GATED_CHANNEL_ACTIVITY		29	0.50675964	1.3578762	0.09023941	0.2895636	1.0	1804	tags=24%, list=9%, signal=27%	
GOBP_POSITIVE_REGULATION_OF_DEVELOPMENTAL_GROWTH	GOBP_POSITIVE_REGULATION_OF_DEVELOPMENTAL_GROWTH		154	0.38222003	1.3575875	0.026356589	0.2897671	1.0	2513	tags=22%, list=13%, signal=25%	
GOBP_REGULATION_OF_TRANS_SYNAPTIC_SIGNALING	GOBP_REGULATION_OF_TRANS_SYNAPTIC_SIGNALING		462	0.34424487	1.3575082	0.0028089888	0.28949368	1.0	2195	tags=17%, list=11%, signal=19%	
GOBP_AXON_EXTENSION	GOBP_AXON_EXTENSION		106	0.40031874	1.3572973	0.032051284	0.2895276	1.0	2195	tags=24%, list=11%, signal=26%	
GOBP_REGULATION_OF_ENDOTHELIAL_CELL_MIGRATION	GOBP_REGULATION_OF_ENDOTHELIAL_CELL_MIGRATION		161	0.38053954	1.357219	0.021875	0.28925246	1.0	2178	tags=24%, list=11%, signal=27%	
GOCC_CLEAVAGE_FURROW	GOCC_CLEAVAGE_FURROW		49	0.45133537	1.356965	0.05964912	0.28933993	1.0	3275	tags=24%, list=17%, signal=29%	
GOBP_RESPONSE_TO_LITHIUM_ION	GOBP_RESPONSE_TO_LITHIUM_ION		16	0.5721845	1.3569103	0.13018867	0.2890202	1.0	1168	tags=19%, list=6%, signal=20%	
GOMF_POTASSIUM_CHANNEL_ACTIVITY	GOMF_POTASSIUM_CHANNEL_ACTIVITY		122	0.39613575	1.3564559	0.024350649	0.2894739	1.0	1954	tags=16%, list=10%, signal=18%	
GOBP_TUBE_FORMATION	GOBP_TUBE_FORMATION		146	0.39184025	1.3557874	0.023584906	0.2903712	1.0	2875	tags=27%, list=15%, signal=31%	
GOBP_FERTILIZATION	GOBP_FERTILIZATION		190	0.37480298	1.3555199	0.015479876	0.2905299	1.0	2318	tags=14%, list=12%, signal=15%	
GOCC_ENDOSOME_LUMEN	GOCC_ENDOSOME_LUMEN		40	0.4689765	1.353471	0.07067138	0.29406866	1.0	871	tags=15%, list=4%, signal=16%	
GOBP_RESPONSE_TO_ZINC_ION	GOBP_RESPONSE_TO_ZINC_ION		48	0.45674217	1.3533404	0.06418919	0.29389274	1.0	1499	tags=19%, list=8%, signal=20%	
GOMF_EPHRIN_RECEPTOR_ACTIVITY	GOMF_EPHRIN_RECEPTOR_ACTIVITY		18	0.55736214	1.3527099	0.11218569	0.29478914	1.0	1762	tags=33%, list=9%, signal=37%	
GOMF_VOLTAGE_GATED_CALCIUM_CHANNEL_ACTIVITY	GOMF_VOLTAGE_GATED_CALCIUM_CHANNEL_ACTIVITY		43	0.461029	1.3524399	0.07220217	0.29486158	1.0	2334	tags=19%, list=12%, signal=21%	
GOBP_REGULATION_OF_RESPONSE_TO_WOUNDING	GOBP_REGULATION_OF_RESPONSE_TO_WOUNDING		163	0.3816661	1.3524157	0.012121212	0.2944831	1.0	2286	tags=23%, list=12%, signal=26%	
GOBP_CHONDROCYTE_PROLIFERATION	GOBP_CHONDROCYTE_PROLIFERATION		22	0.5263443	1.3523241	0.10760668	0.29424176	1.0	3435	tags=41%, list=18%, signal=50%	
GOBP_MYOBLAST_PROLIFERATION	GOBP_MYOBLAST_PROLIFERATION		26	0.50491315	1.3504959	0.09908257	0.29737896	1.0	1176	tags=15%, list=6%, signal=16%	
GOBP_CENTRAL_NERVOUS_SYSTEM_NEURON_DEVELOPMENT	GOBP_CENTRAL_NERVOUS_SYSTEM_NEURON_DEVELOPMENT		82	0.41092718	1.3503424	0.045751635	0.2972421	1.0	2132	tags=21%, list=11%, signal=23%	
GOBP_NOTCH_SIGNALING_PATHWAY	GOBP_NOTCH_SIGNALING_PATHWAY		171	0.37899813	1.350213	0.013740458	0.29705644	1.0	2519	tags=23%, list=13%, signal=26%	
GOCC_SMOOTH_ENDOPLASMIC_RETICULUM	GOCC_SMOOTH_ENDOPLASMIC_RETICULUM		29	0.5081492	1.3501917	0.09073359	0.29668692	1.0	838	tags=21%, list=4%, signal=22%	
GOBP_POSITIVE_REGULATION_OF_ENDOTHELIAL_CELL_MIGRATION	GOBP_POSITIVE_REGULATION_OF_ENDOTHELIAL_CELL_MIGRATION		100	0.4075168	1.3501412	0.047854785	0.29638344	1.0	2178	tags=26%, list=11%, signal=29%	
GOBP_LAMELLIPODIUM_ASSEMBLY	GOBP_LAMELLIPODIUM_ASSEMBLY		70	0.42709348	1.3493055	0.057142857	0.2976347	1.0	2369	tags=24%, list=12%, signal=28%	
GOBP_ROOF_OF_MOUTH_DEVELOPMENT	GOBP_ROOF_OF_MOUTH_DEVELOPMENT		91	0.41338637	1.3486334	0.044481054	0.2985088	1.0	2363	tags=30%, list=12%, signal=34%	
GOCC_CATION_TRANSPORTING_ATPASE_COMPLEX	GOCC_CATION_TRANSPORTING_ATPASE_COMPLEX		19	0.5528923	1.3481473	0.09943715	0.29907164	1.0	3312	tags=37%, list=17%, signal=44%	
GOBP_POSITIVE_REGULATION_OF_SMALL_GTPASE_MEDIATED_SIGNAL_TRANSDUCTION	GOBP_POSITIVE_REGULATION_OF_SMALL_GTPASE_MEDIATED_SIGNAL_TRANSDUCTION		74	0.42077532	1.3477885	0.051635113	0.29937047	1.0	3285	tags=34%, list=17%, signal=41%	
GOBP_BRANCHING_MORPHOGENESIS_OF_AN_EPITHELIAL_TUBE	GOBP_BRANCHING_MORPHOGENESIS_OF_AN_EPITHELIAL_TUBE		153	0.37983766	1.3477122	0.033546325	0.2991244	1.0	2604	tags=24%, list=13%, signal=27%	
GOBP_SKELETAL_MUSCLE_CELL_DIFFERENTIATION	GOBP_SKELETAL_MUSCLE_CELL_DIFFERENTIATION		76	0.4237161	1.347325	0.06333333	0.2995507	1.0	2840	tags=28%, list=15%, signal=32%	
GOBP_RESPONSE_TO_MUSCLE_STRETCH	GOBP_RESPONSE_TO_MUSCLE_STRETCH		25	0.5224337	1.3469164	0.110707805	0.2999779	1.0	3641	tags=40%, list=19%, signal=49%	
GOBP_REGULATION_OF_VASCULATURE_DEVELOPMENT	GOBP_REGULATION_OF_VASCULATURE_DEVELOPMENT		281	0.3597239	1.3466839	0.0073313783	0.30009267	1.0	1890	tags=22%, list=10%, signal=24%	
GOBP_RESPIRATORY_SYSTEM_DEVELOPMENT	GOBP_RESPIRATORY_SYSTEM_DEVELOPMENT		216	0.36981732	1.3462759	0.013910355	0.30047286	1.0	2404	tags=22%, list=12%, signal=25%	
GOBP_MODIFICATION_OF_SYNAPTIC_STRUCTURE	GOBP_MODIFICATION_OF_SYNAPTIC_STRUCTURE		27	0.50807273	1.3458585	0.10603291	0.3009092	1.0	2283	tags=26%, list=12%, signal=29%	
GOMF_ALDEHYDE_DEHYDROGENASE_NAD_P_PLUS_ACTIVITY	GOMF_ALDEHYDE_DEHYDROGENASE_NAD_P_PLUS_ACTIVITY		17	0.55323863	1.3457787	0.1262136	0.3006587	1.0	1938	tags=29%, list=10%, signal=33%	
GOMF_OXIDOREDUCTASE_ACTIVITY_ACTING_ON_CH_OH_GROUP_OF_DONORS	GOMF_OXIDOREDUCTASE_ACTIVITY_ACTING_ON_CH_OH_GROUP_OF_DONORS		127	0.39375556	1.3451313	0.04276316	0.3015779	1.0	1885	tags=17%, list=10%, signal=18%	
GOBP_STRIATED_MUSCLE_CELL_PROLIFERATION	GOBP_STRIATED_MUSCLE_CELL_PROLIFERATION		67	0.43021786	1.3450614	0.061818182	0.3012928	1.0	3370	tags=34%, list=17%, signal=41%	
GOBP_REGULATION_OF_SYSTEMIC_ARTERIAL_BLOOD_PRESSURE_BY_CIRCULATORY_RENIN_ANGIOTENSIN	GOBP_REGULATION_OF_SYSTEMIC_ARTERIAL_BLOOD_PRESSURE_BY_CIRCULATORY_RENIN_ANGIOTENSIN		18	0.5607956	1.3441244	0.13575526	0.30269358	1.0	2746	tags=33%, list=14%, signal=39%	
GOBP_NEGATIVE_REGULATION_OF_PLASMA_MEMBRANE_BOUNDED_CELL_PROJECTION_ASSEMBLY	GOBP_NEGATIVE_REGULATION_OF_PLASMA_MEMBRANE_BOUNDED_CELL_PROJECTION_ASSEMBLY		35	0.47535914	1.3432909	0.100682594	0.3039812	1.0	4156	tags=54%, list=21%, signal=69%	
GOBP_POSITIVE_CHEMOTAXIS	GOBP_POSITIVE_CHEMOTAXIS		64	0.43018946	1.3431956	0.061056107	0.30373776	1.0	673	tags=14%, list=3%, signal=15%	
GOBP_POSITIVE_REGULATION_OF_SYNAPTIC_TRANSMISSION	GOBP_POSITIVE_REGULATION_OF_SYNAPTIC_TRANSMISSION		160	0.38126108	1.3425312	0.0336	0.3046512	1.0	2438	tags=22%, list=13%, signal=25%	
GOBP_POSITIVE_REGULATION_OF_NEURON_MIGRATION	GOBP_POSITIVE_REGULATION_OF_NEURON_MIGRATION		16	0.57902116	1.3416892	0.115234375	0.30592588	1.0	3882	tags=38%, list=20%, signal=47%	
GOCC_MICROBODY	GOCC_MICROBODY		135	0.3848802	1.3412827	0.04262295	0.30633557	1.0	4297	tags=31%, list=22%, signal=40%	
GOBP_REGULATION_OF_MEMBRANE_POTENTIAL	GOBP_REGULATION_OF_MEMBRANE_POTENTIAL		436	0.34448028	1.3409138	0.0053050397	0.3067167	1.0	2533	tags=16%, list=13%, signal=18%	
GOBP_CATECHOLAMINE_TRANSPORT	GOBP_CATECHOLAMINE_TRANSPORT		63	0.43101922	1.3403238	0.08072488	0.30746102	1.0	2614	tags=24%, list=13%, signal=27%	
GOBP_COMPLEMENT_ACTIVATION_CLASSICAL_PATHWAY	GOBP_COMPLEMENT_ACTIVATION_CLASSICAL_PATHWAY		31	0.5038516	1.3403037	0.089788735	0.30709562	1.0	3996	tags=35%, list=21%, signal=45%	
GOBP_NEGATIVE_REGULATION_OF_EPITHELIAL_CELL_MIGRATION	GOBP_NEGATIVE_REGULATION_OF_EPITHELIAL_CELL_MIGRATION		65	0.4304927	1.3402761	0.06700168	0.3067349	1.0	2178	tags=25%, list=11%, signal=28%	
GOCC_VOLTAGE_GATED_CALCIUM_CHANNEL_COMPLEX	GOCC_VOLTAGE_GATED_CALCIUM_CHANNEL_COMPLEX		40	0.47496867	1.3401875	0.090405904	0.30647984	1.0	2334	tags=18%, list=12%, signal=20%	
GOBP_REGULATION_OF_CELL_MORPHOGENESIS	GOBP_REGULATION_OF_CELL_MORPHOGENESIS		229	0.36166972	1.3394444	0.012084592	0.30750385	1.0	2848	tags=26%, list=15%, signal=30%	
GOBP_UROGENITAL_SYSTEM_DEVELOPMENT	GOBP_UROGENITAL_SYSTEM_DEVELOPMENT		64	0.4340093	1.3389827	0.0601626	0.3080864	1.0	1826	tags=22%, list=9%, signal=24%	
GOBP_NEGATIVE_REGULATION_OF_CELL_SUBSTRATE_ADHESION	GOBP_NEGATIVE_REGULATION_OF_CELL_SUBSTRATE_ADHESION		58	0.44593054	1.3380102	0.07325383	0.30962735	1.0	3354	tags=34%, list=17%, signal=42%	
GOBP_EMBRYONIC_PLACENTA_MORPHOGENESIS	GOBP_EMBRYONIC_PLACENTA_MORPHOGENESIS		23	0.51969504	1.3377417	0.11484099	0.30971938	1.0	2799	tags=35%, list=14%, signal=41%	
GOBP_RESPONSE_TO_LEUKEMIA_INHIBITORY_FACTOR	GOBP_RESPONSE_TO_LEUKEMIA_INHIBITORY_FACTOR		96	0.40718955	1.3375754	0.047457628	0.30963156	1.0	3808	tags=39%, list=20%, signal=48%	
GOBP_NEGATIVE_REGULATION_OF_FIBROBLAST_GROWTH_FACTOR_RECEPTOR_SIGNALING_PATHWAY	GOBP_NEGATIVE_REGULATION_OF_FIBROBLAST_GROWTH_FACTOR_RECEPTOR_SIGNALING_PATHWAY		19	0.5453109	1.3374857	0.12571429	0.30942023	1.0	1872	tags=42%, list=10%, signal=47%	
GOMF_ACETYLCHOLINE_RECEPTOR_ACTIVITY	GOMF_ACETYLCHOLINE_RECEPTOR_ACTIVITY		21	0.5360387	1.337363	0.12059369	0.30926093	1.0	79	tags=5%, list=0%, signal=5%	
GOMF_PHOTORECEPTOR_ACTIVITY	GOMF_PHOTORECEPTOR_ACTIVITY		15	0.58569074	1.3371284	0.13387424	0.3093292	1.0	3205	tags=33%, list=17%, signal=40%	
GOBP_SKELETAL_MUSCLE_CONTRACTION	GOBP_SKELETAL_MUSCLE_CONTRACTION		44	0.45641187	1.3362646	0.1008547	0.31062937	1.0	2509	tags=27%, list=13%, signal=31%	
GOBP_ACTIVATION_OF_PROTEIN_KINASE_B_ACTIVITY	GOBP_ACTIVATION_OF_PROTEIN_KINASE_B_ACTIVITY		20	0.5478041	1.3358469	0.12476723	0.31107268	1.0	2201	tags=30%, list=11%, signal=34%	
GOBP_POSITIVE_REGULATION_OF_TRANSMEMBRANE_TRANSPORT	GOBP_POSITIVE_REGULATION_OF_TRANSMEMBRANE_TRANSPORT		191	0.37107986	1.3353584	0.017054264	0.31171	1.0	2334	tags=21%, list=12%, signal=24%	
GOBP_NEGATIVE_REGULATION_OF_CELL_MATRIX_ADHESION	GOBP_NEGATIVE_REGULATION_OF_CELL_MATRIX_ADHESION		35	0.46897516	1.3350899	0.1101083	0.31184223	1.0	3220	tags=37%, list=17%, signal=44%	
GOMF_ANTIOXIDANT_ACTIVITY	GOMF_ANTIOXIDANT_ACTIVITY		78	0.4152481	1.334924	0.06397306	0.3118114	1.0	2034	tags=23%, list=10%, signal=26%	
GOMF_POTASSIUM_ION_TRANSMEMBRANE_TRANSPORTER_ACTIVITY	GOMF_POTASSIUM_ION_TRANSMEMBRANE_TRANSPORTER_ACTIVITY		158	0.37603503	1.3342904	0.031722054	0.3126593	1.0	3375	tags=24%, list=17%, signal=29%	
GOBP_VENTRAL_SPINAL_CORD_DEVELOPMENT	GOBP_VENTRAL_SPINAL_CORD_DEVELOPMENT		45	0.45990038	1.3341069	0.085365854	0.31259084	1.0	2085	tags=20%, list=11%, signal=22%	
GOBP_NEGATIVE_REGULATION_OF_CARTILAGE_DEVELOPMENT	GOBP_NEGATIVE_REGULATION_OF_CARTILAGE_DEVELOPMENT		26	0.51274943	1.3339839	0.12104283	0.31242472	1.0	2085	tags=31%, list=11%, signal=34%	
GOBP_INORGANIC_ION_IMPORT_ACROSS_PLASMA_MEMBRANE	GOBP_INORGANIC_ION_IMPORT_ACROSS_PLASMA_MEMBRANE		114	0.38964975	1.3326983	0.046623792	0.31468406	1.0	3312	tags=22%, list=17%, signal=26%	
GOBP_POSITIVE_REGULATION_OF_GLYCOPROTEIN_METABOLIC_PROCESS	GOBP_POSITIVE_REGULATION_OF_GLYCOPROTEIN_METABOLIC_PROCESS		24	0.51283216	1.3326172	0.12886597	0.31444785	1.0	2087	tags=29%, list=11%, signal=33%	
GOCC_CAVEOLA	GOCC_CAVEOLA		78	0.40729934	1.3325672	0.06270627	0.3141355	1.0	1928	tags=19%, list=10%, signal=21%	
GOBP_ASSOCIATIVE_LEARNING	GOBP_ASSOCIATIVE_LEARNING		85	0.41154745	1.3324579	0.049916804	0.31395292	1.0	3600	tags=27%, list=19%, signal=33%	
GOBP_UNSATURATED_FATTY_ACID_BIOSYNTHETIC_PROCESS	GOBP_UNSATURATED_FATTY_ACID_BIOSYNTHETIC_PROCESS		46	0.4534378	1.3316926	0.08818342	0.31503767	1.0	2992	tags=35%, list=15%, signal=41%	
GOBP_SEGMENT_SPECIFICATION	GOBP_SEGMENT_SPECIFICATION		16	0.55801064	1.3316495	0.12474849	0.31470165	1.0	3072	tags=44%, list=16%, signal=52%	
GOCC_AXONAL_GROWTH_CONE	GOCC_AXONAL_GROWTH_CONE		27	0.50843936	1.3315859	0.11962617	0.31443268	1.0	2195	tags=33%, list=11%, signal=38%	
GOBP_NEGATIVE_REGULATION_OF_CELL_GROWTH	GOBP_NEGATIVE_REGULATION_OF_CELL_GROWTH		163	0.37939903	1.3314207	0.037993923	0.31438988	1.0	2757	tags=24%, list=14%, signal=28%	
GOBP_REGULATION_OF_TRANSMEMBRANE_TRANSPORT	GOBP_REGULATION_OF_TRANSMEMBRANE_TRANSPORT		430	0.3427409	1.3308495	0.006527415	0.31517252	1.0	2334	tags=18%, list=12%, signal=20%	
GOBP_VASCULOGENESIS	GOBP_VASCULOGENESIS		78	0.40732017	1.330842	0.06301824	0.314771	1.0	2132	tags=27%, list=11%, signal=30%	
GOBP_POSITIVE_REGULATION_OF_PEPTIDYL_TYROSINE_PHOSPHORYLATION	GOBP_POSITIVE_REGULATION_OF_PEPTIDYL_TYROSINE_PHOSPHORYLATION		153	0.37883145	1.330608	0.030254778	0.31487378	1.0	1608	tags=15%, list=8%, signal=16%	
GOBP_POSITIVE_REGULATION_OF_CANONICAL_WNT_SIGNALING_PATHWAY	GOBP_POSITIVE_REGULATION_OF_CANONICAL_WNT_SIGNALING_PATHWAY		101	0.40320507	1.3302811	0.056726094	0.31515524	1.0	2658	tags=25%, list=14%, signal=29%	
GOBP_BONE_MORPHOGENESIS	GOBP_BONE_MORPHOGENESIS		95	0.40599033	1.3300284	0.057692308	0.31532335	1.0	2552	tags=25%, list=13%, signal=29%	
GOBP_SPECIFICATION_OF_ANIMAL_ORGAN_IDENTITY	GOBP_SPECIFICATION_OF_ANIMAL_ORGAN_IDENTITY		36	0.4710723	1.3287579	0.10471204	0.31752503	1.0	3435	tags=36%, list=18%, signal=44%	
GOCC_MONOATOMIC_ION_CHANNEL_COMPLEX	GOCC_MONOATOMIC_ION_CHANNEL_COMPLEX		327	0.35035747	1.3286797	0.0125	0.3172839	1.0	1233	tags=10%, list=6%, signal=11%	
GOBP_BODY_MORPHOGENESIS	GOBP_BODY_MORPHOGENESIS		50	0.44274276	1.3286111	0.09507042	0.3170094	1.0	2799	tags=34%, list=14%, signal=40%	
GOBP_WOUND_HEALING_SPREADING_OF_EPIDERMAL_CELLS	GOBP_WOUND_HEALING_SPREADING_OF_EPIDERMAL_CELLS		26	0.49538147	1.3280145	0.114285715	0.3178531	1.0	2093	tags=31%, list=11%, signal=34%	
GOBP_RENAL_SODIUM_ION_TRANSPORT	GOBP_RENAL_SODIUM_ION_TRANSPORT		15	0.5842378	1.327978	0.13867188	0.31751487	1.0	3251	tags=40%, list=17%, signal=48%	
GOBP_REGULATION_OF_RELEASE_OF_SEQUESTERED_CALCIUM_ION_INTO_CYTOSOL	GOBP_REGULATION_OF_RELEASE_OF_SEQUESTERED_CALCIUM_ION_INTO_CYTOSOL		78	0.4172719	1.3277775	0.058441557	0.31753042	1.0	1125	tags=15%, list=6%, signal=16%	
GOBP_ENDOCARDIAL_CUSHION_MORPHOGENESIS	GOBP_ENDOCARDIAL_CUSHION_MORPHOGENESIS		43	0.4641529	1.3275949	0.082167834	0.31754002	1.0	2604	tags=35%, list=13%, signal=40%	
GOBP_IMPORT_ACROSS_PLASMA_MEMBRANE	GOBP_IMPORT_ACROSS_PLASMA_MEMBRANE		189	0.36782253	1.3272026	0.015267176	0.31794146	1.0	2812	tags=22%, list=14%, signal=26%	
GOBP_NEUROMUSCULAR_JUNCTION_DEVELOPMENT	GOBP_NEUROMUSCULAR_JUNCTION_DEVELOPMENT		52	0.44705302	1.3271831	0.07056799	0.3175662	1.0	2793	tags=29%, list=14%, signal=34%	
GOMF_COPPER_ION_BINDING	GOMF_COPPER_ION_BINDING		58	0.43205154	1.3265961	0.07575758	0.31836614	1.0	2191	tags=22%, list=11%, signal=25%	
GOBP_MYELIN_ASSEMBLY	GOBP_MYELIN_ASSEMBLY		21	0.52043426	1.3263159	0.10714286	0.31854254	1.0	3193	tags=38%, list=16%, signal=46%	
GOBP_REGULATION_OF_DENDRITE_MORPHOGENESIS	GOBP_REGULATION_OF_DENDRITE_MORPHOGENESIS		61	0.42349994	1.3261629	0.07191781	0.31844765	1.0	2527	tags=31%, list=13%, signal=36%	
GOCC_CILIARY_TRANSITION_ZONE	GOCC_CILIARY_TRANSITION_ZONE		65	0.42236444	1.3254296	0.0637931	0.31956834	1.0	2376	tags=25%, list=12%, signal=28%	
GOBP_PHENOL_CONTAINING_COMPOUND_BIOSYNTHETIC_PROCESS	GOBP_PHENOL_CONTAINING_COMPOUND_BIOSYNTHETIC_PROCESS		45	0.45195866	1.3254232	0.09174312	0.31916994	1.0	1706	tags=22%, list=9%, signal=24%	
GOBP_NLS_BEARING_PROTEIN_IMPORT_INTO_NUCLEUS	GOBP_NLS_BEARING_PROTEIN_IMPORT_INTO_NUCLEUS		17	0.5482944	1.3253815	0.13358779	0.31884068	1.0	3147	tags=47%, list=16%, signal=56%	
GOBP_REGULATION_OF_RUFFLE_ASSEMBLY	GOBP_REGULATION_OF_RUFFLE_ASSEMBLY		31	0.49250874	1.3250052	0.10973451	0.31923348	1.0	4880	tags=52%, list=25%, signal=69%	
GOBP_NEGATIVE_REGULATION_OF_MYOTUBE_DIFFERENTIATION	GOBP_NEGATIVE_REGULATION_OF_MYOTUBE_DIFFERENTIATION		16	0.55704856	1.3243178	0.14424951	0.32018438	1.0	226	tags=13%, list=1%, signal=13%	
GOBP_REGULATION_OF_MORPHOGENESIS_OF_AN_EPITHELIUM	GOBP_REGULATION_OF_MORPHOGENESIS_OF_AN_EPITHELIUM		65	0.4265204	1.3242679	0.06095552	0.31987217	1.0	1736	tags=25%, list=9%, signal=27%	
GOBP_GLIAL_CELL_DIFFERENTIATION	GOBP_GLIAL_CELL_DIFFERENTIATION		251	0.35416636	1.3242005	0.008683068	0.3196064	1.0	3238	tags=24%, list=17%, signal=29%	
GOBP_CORPUS_CALLOSUM_DEVELOPMENT	GOBP_CORPUS_CALLOSUM_DEVELOPMENT		26	0.5052958	1.3241913	0.12043796	0.31921598	1.0	1909	tags=23%, list=10%, signal=26%	
GOBP_ORGAN_GROWTH	GOBP_ORGAN_GROWTH		156	0.3746304	1.323819	0.04287902	0.3195915	1.0	3435	tags=28%, list=18%, signal=34%	
GOBP_NEGATIVE_REGULATION_OF_CELL_PROJECTION_ORGANIZATION	GOBP_NEGATIVE_REGULATION_OF_CELL_PROJECTION_ORGANIZATION		166	0.37177095	1.3234596	0.020895522	0.31989625	1.0	2035	tags=21%, list=10%, signal=23%	
GOBP_ESTABLISHMENT_OF_CELL_POLARITY	GOBP_ESTABLISHMENT_OF_CELL_POLARITY		148	0.3730905	1.3234559	0.028571429	0.3195007	1.0	2975	tags=25%, list=15%, signal=29%	
GOBP_CARDIAC_SEPTUM_DEVELOPMENT	GOBP_CARDIAC_SEPTUM_DEVELOPMENT		104	0.4005176	1.3233044	0.060755335	0.31939587	1.0	2661	tags=30%, list=14%, signal=34%	
GOBP_POSITIVE_REGULATION_OF_MUSCLE_CELL_APOPTOTIC_PROCESS	GOBP_POSITIVE_REGULATION_OF_MUSCLE_CELL_APOPTOTIC_PROCESS		27	0.49735165	1.3226064	0.117753625	0.32032362	1.0	4517	tags=44%, list=23%, signal=58%	
GOBP_UNSATURATED_FATTY_ACID_METABOLIC_PROCESS	GOBP_UNSATURATED_FATTY_ACID_METABOLIC_PROCESS		107	0.387048	1.3212559	0.052545156	0.32267386	1.0	1345	tags=15%, list=7%, signal=16%	
GOMF_LOW_DENSITY_LIPOPROTEIN_PARTICLE_BINDING	GOMF_LOW_DENSITY_LIPOPROTEIN_PARTICLE_BINDING		17	0.56274855	1.3212099	0.1311787	0.32236454	1.0	2424	tags=35%, list=12%, signal=40%	
GOBP_CELLULAR_RESPONSE_TO_GLUCOCORTICOID_STIMULUS	GOBP_CELLULAR_RESPONSE_TO_GLUCOCORTICOID_STIMULUS		53	0.4380427	1.321108	0.06585789	0.32220408	1.0	1495	tags=21%, list=8%, signal=22%	
GOBP_NEGATIVE_REGULATION_OF_MUSCLE_CELL_DIFFERENTIATION	GOBP_NEGATIVE_REGULATION_OF_MUSCLE_CELL_DIFFERENTIATION		60	0.4274231	1.3208834	0.07334526	0.32221967	1.0	3690	tags=30%, list=19%, signal=37%	
GOBP_CARDIAC_MUSCLE_CELL_PROLIFERATION	GOBP_CARDIAC_MUSCLE_CELL_PROLIFERATION		45	0.4467561	1.3200797	0.09154929	0.32346538	1.0	2770	tags=33%, list=14%, signal=39%	
GOBP_REGULATION_OF_CARDIOCYTE_DIFFERENTIATION	GOBP_REGULATION_OF_CARDIOCYTE_DIFFERENTIATION		25	0.51929224	1.3186331	0.1376673	0.32594377	1.0	1274	tags=24%, list=7%, signal=26%	
GOCC_PSEUDOPODIUM	GOCC_PSEUDOPODIUM		18	0.5487138	1.3184354	0.13653137	0.32598156	1.0	3490	tags=50%, list=18%, signal=61%	
GOBP_CEREBRAL_CORTEX_DEVELOPMENT	GOBP_CEREBRAL_CORTEX_DEVELOPMENT		118	0.3824058	1.3178483	0.04950495	0.3268012	1.0	3447	tags=25%, list=18%, signal=31%	
GOBP_REGULATION_OF_CELLULAR_RESPONSE_TO_VASCULAR_ENDOTHELIAL_GROWTH_FACTOR_STIMULUS	GOBP_REGULATION_OF_CELLULAR_RESPONSE_TO_VASCULAR_ENDOTHELIAL_GROWTH_FACTOR_STIMULUS		24	0.51855016	1.317661	0.1218638	0.3267881	1.0	2927	tags=38%, list=15%, signal=44%	
GOBP_LEARNING	GOBP_LEARNING		149	0.37386477	1.3171055	0.0421875	0.3274823	1.0	3600	tags=29%, list=19%, signal=35%	
GOBP_REGULATION_OF_SUPRAMOLECULAR_FIBER_ORGANIZATION	GOBP_REGULATION_OF_SUPRAMOLECULAR_FIBER_ORGANIZATION		354	0.34445852	1.3169625	0.015172414	0.32736325	1.0	4180	tags=35%, list=22%, signal=43%	
GOBP_NERVE_DEVELOPMENT	GOBP_NERVE_DEVELOPMENT		94	0.38947776	1.3165781	0.07191781	0.3277595	1.0	2648	tags=26%, list=14%, signal=29%	
GOBP_CELLULAR_RESPONSE_TO_ALCOHOL	GOBP_CELLULAR_RESPONSE_TO_ALCOHOL		99	0.38955626	1.3161798	0.054145515	0.32820857	1.0	2176	tags=19%, list=11%, signal=22%	
GOBP_POSITIVE_REGULATION_OF_FAT_CELL_DIFFERENTIATION	GOBP_POSITIVE_REGULATION_OF_FAT_CELL_DIFFERENTIATION		67	0.42024732	1.3155988	0.0634058	0.32896918	1.0	1331	tags=21%, list=7%, signal=22%	
GOBP_RETINOIC_ACID_RECEPTOR_SIGNALING_PATHWAY	GOBP_RETINOIC_ACID_RECEPTOR_SIGNALING_PATHWAY		32	0.4793148	1.3144346	0.11394558	0.3310413	1.0	2795	tags=22%, list=14%, signal=26%	
GOBP_PROGESTERONE_METABOLIC_PROCESS	GOBP_PROGESTERONE_METABOLIC_PROCESS		16	0.5586011	1.3143904	0.13863216	0.33072704	1.0	772	tags=25%, list=4%, signal=26%	
GOBP_REGULATION_OF_ANOIKIS	GOBP_REGULATION_OF_ANOIKIS		23	0.5221903	1.3139176	0.13553114	0.3312466	1.0	2353	tags=35%, list=12%, signal=40%	
GOBP_NEGATIVE_REGULATION_OF_NEURON_PROJECTION_DEVELOPMENT	GOBP_NEGATIVE_REGULATION_OF_NEURON_PROJECTION_DEVELOPMENT		119	0.38480505	1.3134174	0.04628099	0.33194873	1.0	1958	tags=18%, list=10%, signal=20%	
GOCC_TIGHT_JUNCTION	GOCC_TIGHT_JUNCTION		122	0.3791536	1.3128581	0.04091653	0.3326754	1.0	2804	tags=27%, list=14%, signal=31%	
GOBP_PROTEOGLYCAN_METABOLIC_PROCESS	GOBP_PROTEOGLYCAN_METABOLIC_PROCESS		87	0.3989647	1.3125771	0.065252855	0.33286813	1.0	2433	tags=25%, list=13%, signal=29%	
GOBP_POSITIVE_REGULATION_OF_CELL_DIVISION	GOBP_POSITIVE_REGULATION_OF_CELL_DIVISION		94	0.39273745	1.3125364	0.053156145	0.33254275	1.0	2870	tags=29%, list=15%, signal=34%	
GOBP_RESPONSE_TO_INORGANIC_SUBSTANCE	GOBP_RESPONSE_TO_INORGANIC_SUBSTANCE		482	0.3326359	1.3122495	0.0054945056	0.33271542	1.0	2169	tags=16%, list=11%, signal=18%	
GOMF_MODIFIED_AMINO_ACID_BINDING	GOMF_MODIFIED_AMINO_ACID_BINDING		94	0.39840558	1.3119935	0.05691057	0.33283007	1.0	2166	tags=22%, list=11%, signal=25%	
GOBP_POSITIVE_REGULATION_OF_EPITHELIAL_CELL_PROLIFERATION	GOBP_POSITIVE_REGULATION_OF_EPITHELIAL_CELL_PROLIFERATION		194	0.36415422	1.3109648	0.035661217	0.3345649	1.0	2528	tags=24%, list=13%, signal=28%	
GOBP_NEGATIVE_REGULATION_OF_MONONUCLEAR_CELL_MIGRATION	GOBP_NEGATIVE_REGULATION_OF_MONONUCLEAR_CELL_MIGRATION		28	0.4955545	1.3109268	0.1254417	0.33423796	1.0	1756	tags=25%, list=9%, signal=27%	
GOBP_PROTEOGLYCAN_BIOSYNTHETIC_PROCESS	GOBP_PROTEOGLYCAN_BIOSYNTHETIC_PROCESS		65	0.41952905	1.3107182	0.0819398	0.33430642	1.0	3435	tags=32%, list=18%, signal=39%	
GOBP_POSITIVE_REGULATION_OF_CHEMOTAXIS	GOBP_POSITIVE_REGULATION_OF_CHEMOTAXIS		139	0.37793064	1.3101367	0.043548387	0.33512065	1.0	2240	tags=24%, list=12%, signal=27%	
GOBP_RESPONSE_TO_PEPTIDE	GOBP_RESPONSE_TO_PEPTIDE		19	0.5297822	1.3100566	0.14591439	0.33488378	1.0	1231	tags=21%, list=6%, signal=22%	
GOBP_FIBROBLAST_MIGRATION	GOBP_FIBROBLAST_MIGRATION		50	0.4377119	1.3097879	0.09252669	0.33506984	1.0	3612	tags=42%, list=19%, signal=51%	
GOBP_POSITIVE_REGULATION_OF_MACROPHAGE_DERIVED_FOAM_CELL_DIFFERENTIATION	GOBP_POSITIVE_REGULATION_OF_MACROPHAGE_DERIVED_FOAM_CELL_DIFFERENTIATION		18	0.53861815	1.3096405	0.13186814	0.33497527	1.0	2261	tags=44%, list=12%, signal=50%	
GOMF_OXIDOREDUCTASE_ACTIVITY_ACTING_ON_PEROXIDE_AS_ACCEPTOR	GOMF_OXIDOREDUCTASE_ACTIVITY_ACTING_ON_PEROXIDE_AS_ACCEPTOR		57	0.4261428	1.3087319	0.08586762	0.3364736	1.0	1628	tags=25%, list=8%, signal=27%	
GOBP_CELLULAR_RESPONSE_TO_INORGANIC_SUBSTANCE	GOBP_CELLULAR_RESPONSE_TO_INORGANIC_SUBSTANCE		202	0.36067936	1.3085418	0.030487806	0.3364911	1.0	2070	tags=17%, list=11%, signal=19%	
GOBP_POSITIVE_REGULATION_OF_BIOMINERAL_TISSUE_DEVELOPMENT	GOBP_POSITIVE_REGULATION_OF_BIOMINERAL_TISSUE_DEVELOPMENT		50	0.44109625	1.3080895	0.108013935	0.3371047	1.0	2509	tags=32%, list=13%, signal=37%	
GOBP_CELLULAR_RESPONSE_TO_STEROID_HORMONE_STIMULUS	GOBP_CELLULAR_RESPONSE_TO_STEROID_HORMONE_STIMULUS		204	0.36023375	1.3074545	0.04034582	0.33801284	1.0	3160	tags=23%, list=16%, signal=27%	
GOBP_INTERMEDIATE_FILAMENT_BASED_PROCESS	GOBP_INTERMEDIATE_FILAMENT_BASED_PROCESS		89	0.39485982	1.306734	0.07236842	0.33915752	1.0	2295	tags=17%, list=12%, signal=19%	
GOBP_OLIGODENDROCYTE_DEVELOPMENT	GOBP_OLIGODENDROCYTE_DEVELOPMENT		45	0.45116296	1.3053151	0.11510792	0.34175602	1.0	3089	tags=24%, list=16%, signal=29%	
GOBP_PROSTATE_GLAND_DEVELOPMENT	GOBP_PROSTATE_GLAND_DEVELOPMENT		47	0.44417405	1.3052031	0.102517985	0.34159213	1.0	1381	tags=21%, list=7%, signal=23%	
GOBP_ACTIVATION_OF_PROTEIN_KINASE_ACTIVITY	GOBP_ACTIVATION_OF_PROTEIN_KINASE_ACTIVITY		75	0.41020033	1.3051856	0.098522164	0.34121165	1.0	2201	tags=23%, list=11%, signal=25%	
GOCC_FILOPODIUM_MEMBRANE	GOCC_FILOPODIUM_MEMBRANE		18	0.5431179	1.3050047	0.15118398	0.34117913	1.0	2021	tags=28%, list=10%, signal=31%	
GOBP_REGULATION_OF_DENDRITIC_SPINE_MORPHOGENESIS	GOBP_REGULATION_OF_DENDRITIC_SPINE_MORPHOGENESIS		40	0.44989374	1.3041421	0.117056854	0.34258544	1.0	1745	tags=28%, list=9%, signal=30%	
GOBP_REGULATION_OF_STEM_CELL_DIFFERENTIATION	GOBP_REGULATION_OF_STEM_CELL_DIFFERENTIATION		80	0.40234032	1.3040955	0.08389262	0.34227133	1.0	3373	tags=30%, list=17%, signal=36%	
GOBP_POSITIVE_REGULATION_OF_SMOOTHENED_SIGNALING_PATHWAY	GOBP_POSITIVE_REGULATION_OF_SMOOTHENED_SIGNALING_PATHWAY		32	0.47465694	1.3035951	0.123861566	0.34298822	1.0	2029	tags=31%, list=10%, signal=35%	
GOBP_POSITIVE_REGULATION_OF_CELLULAR_COMPONENT_BIOGENESIS	GOBP_POSITIVE_REGULATION_OF_CELLULAR_COMPONENT_BIOGENESIS		485	0.330847	1.3033714	0.01062417	0.34304664	1.0	3452	tags=26%, list=18%, signal=30%	
GOBP_ECTODERM_DEVELOPMENT	GOBP_ECTODERM_DEVELOPMENT		20	0.5282233	1.3030896	0.14176245	0.34326082	1.0	1379	tags=20%, list=7%, signal=22%	
GOBP_ENDOTHELIAL_CELL_APOPTOTIC_PROCESS	GOBP_ENDOTHELIAL_CELL_APOPTOTIC_PROCESS		58	0.43078503	1.3028486	0.09532374	0.34336683	1.0	1831	tags=26%, list=9%, signal=28%	
GOBP_CELLULAR_OXIDANT_DETOXIFICATION	GOBP_CELLULAR_OXIDANT_DETOXIFICATION		90	0.39811203	1.3027651	0.074484944	0.34314024	1.0	2034	tags=22%, list=10%, signal=25%	
GOBP_L_AMINO_ACID_CATABOLIC_PROCESS	GOBP_L_AMINO_ACID_CATABOLIC_PROCESS		65	0.4195491	1.3027248	0.08275862	0.3428255	1.0	2145	tags=23%, list=11%, signal=26%	
GOBP_DEVELOPMENTAL_CELL_GROWTH	GOBP_DEVELOPMENTAL_CELL_GROWTH		212	0.3568084	1.3022132	0.026509574	0.34350234	1.0	2045	tags=18%, list=11%, signal=20%	
GOBP_NEGATIVE_REGULATION_OF_RESPONSE_TO_WOUNDING	GOBP_NEGATIVE_REGULATION_OF_RESPONSE_TO_WOUNDING		92	0.39677462	1.3021047	0.07679739	0.34330684	1.0	2286	tags=24%, list=12%, signal=27%	
GOBP_BENZENE_CONTAINING_COMPOUND_METABOLIC_PROCESS	GOBP_BENZENE_CONTAINING_COMPOUND_METABOLIC_PROCESS		26	0.48543552	1.3020093	0.1444653	0.34311002	1.0	2558	tags=31%, list=13%, signal=35%	
GOCC_CELL_CORTEX	GOCC_CELL_CORTEX		289	0.34174946	1.3012869	0.01472754	0.34432346	1.0	3351	tags=28%, list=17%, signal=34%	
GOBP_ESTABLISHMENT_OR_MAINTENANCE_OF_CELL_POLARITY	GOBP_ESTABLISHMENT_OR_MAINTENANCE_OF_CELL_POLARITY		218	0.35217643	1.3011177	0.032307692	0.34428656	1.0	2723	tags=23%, list=14%, signal=26%	
GOBP_REGULATION_OF_CELL_SHAPE	GOBP_REGULATION_OF_CELL_SHAPE		127	0.37471986	1.3010501	0.055214725	0.34403577	1.0	2848	tags=28%, list=15%, signal=33%	
GOCC_CILIARY_TIP	GOCC_CILIARY_TIP		41	0.45254064	1.3004882	0.11463845	0.34481373	1.0	4547	tags=44%, list=23%, signal=57%	
GOBP_ENDOTHELIAL_CELL_PROLIFERATION	GOBP_ENDOTHELIAL_CELL_PROLIFERATION		150	0.37201014	1.3001149	0.060509555	0.34520966	1.0	1921	tags=23%, list=10%, signal=26%	
GOBP_RENAL_ABSORPTION	GOBP_RENAL_ABSORPTION		34	0.46366444	1.2993331	0.11615245	0.34649768	1.0	2590	tags=29%, list=13%, signal=34%	
GOBP_ANTERIOR_POSTERIOR_AXIS_SPECIFICATION	GOBP_ANTERIOR_POSTERIOR_AXIS_SPECIFICATION		55	0.42564508	1.2991928	0.0998308	0.34643003	1.0	1321	tags=18%, list=7%, signal=19%	
GOBP_REGULATION_OF_MACROPHAGE_CHEMOTAXIS	GOBP_REGULATION_OF_MACROPHAGE_CHEMOTAXIS		28	0.48350373	1.2991263	0.13229571	0.34617576	1.0	3370	tags=32%, list=17%, signal=39%	
GOBP_EMBRYONIC_FORELIMB_MORPHOGENESIS	GOBP_EMBRYONIC_FORELIMB_MORPHOGENESIS		33	0.4607099	1.29906	0.11900533	0.3458979	1.0	2093	tags=33%, list=11%, signal=37%	
GOBP_REGULATION_OF_GLIAL_CELL_DIFFERENTIATION	GOBP_REGULATION_OF_GLIAL_CELL_DIFFERENTIATION		73	0.40929988	1.298629	0.091836736	0.34644678	1.0	2888	tags=23%, list=15%, signal=27%	
GOBP_REGULATION_OF_MESENCHYMAL_CELL_PROLIFERATION	GOBP_REGULATION_OF_MESENCHYMAL_CELL_PROLIFERATION		31	0.47520503	1.298475	0.12020906	0.34635603	1.0	2552	tags=35%, list=13%, signal=41%	
GOBP_CELL_FATE_DETERMINATION	GOBP_CELL_FATE_DETERMINATION		42	0.45223162	1.2981755	0.101045296	0.3465957	1.0	2513	tags=26%, list=13%, signal=30%	
GOBP_NEGATIVE_REGULATION_OF_CILIUM_ASSEMBLY	GOBP_NEGATIVE_REGULATION_OF_CILIUM_ASSEMBLY		19	0.5286927	1.2981437	0.14028777	0.34626365	1.0	4156	tags=63%, list=21%, signal=80%	
GOBP_POTASSIUM_ION_IMPORT_ACROSS_PLASMA_MEMBRANE	GOBP_POTASSIUM_ION_IMPORT_ACROSS_PLASMA_MEMBRANE		44	0.4532693	1.2980121	0.115716755	0.34616426	1.0	3660	tags=27%, list=19%, signal=34%	
GOBP_NEGATIVE_REGULATION_OF_INTRINSIC_APOPTOTIC_SIGNALING_PATHWAY_IN_RESPONSE_TO_DNA_DAMAGE	GOBP_NEGATIVE_REGULATION_OF_INTRINSIC_APOPTOTIC_SIGNALING_PATHWAY_IN_RESPONSE_TO_DNA_DAMAGE		28	0.48782754	1.2975018	0.13272727	0.34692618	1.0	2232	tags=32%, list=11%, signal=36%	
GOBP_CELLULAR_RESPONSE_TO_ANGIOTENSIN	GOBP_CELLULAR_RESPONSE_TO_ANGIOTENSIN		33	0.46587896	1.297472	0.13261649	0.3465799	1.0	2534	tags=30%, list=13%, signal=35%	
GOCC_CORTICAL_ACTIN_CYTOSKELETON	GOCC_CORTICAL_ACTIN_CYTOSKELETON		73	0.41531324	1.2956116	0.08291874	0.35027996	1.0	4112	tags=47%, list=21%, signal=59%	
GOMF_TRANSMEMBRANE_RECEPTOR_PROTEIN_TYROSINE_KINASE_ACTIVITY	GOMF_TRANSMEMBRANE_RECEPTOR_PROTEIN_TYROSINE_KINASE_ACTIVITY		61	0.41928118	1.2950276	0.101045296	0.35114124	1.0	3341	tags=36%, list=17%, signal=43%	
GOBP_FOREBRAIN_DEVELOPMENT	GOBP_FOREBRAIN_DEVELOPMENT		398	0.33479077	1.2946614	0.008064516	0.35152018	1.0	2425	tags=18%, list=12%, signal=20%	
GOMF_TRANSFERASE_ACTIVITY_TRANSFERRING_ALKYL_OR_ARYL_OTHER_THAN_METHYL_GROUPS	GOMF_TRANSFERASE_ACTIVITY_TRANSFERRING_ALKYL_OR_ARYL_OTHER_THAN_METHYL_GROUPS		59	0.42353007	1.2937733	0.12020906	0.3530173	1.0	2510	tags=24%, list=13%, signal=27%	
GOBP_ATRIAL_CARDIAC_MUSCLE_TISSUE_DEVELOPMENT	GOBP_ATRIAL_CARDIAC_MUSCLE_TISSUE_DEVELOPMENT		22	0.5095994	1.2936997	0.1369606	0.35279515	1.0	1334	tags=23%, list=7%, signal=24%	
GOBP_REGULATION_OF_INTRINSIC_APOPTOTIC_SIGNALING_PATHWAY_IN_RESPONSE_TO_DNA_DAMAGE	GOBP_REGULATION_OF_INTRINSIC_APOPTOTIC_SIGNALING_PATHWAY_IN_RESPONSE_TO_DNA_DAMAGE		35	0.46477705	1.2936659	0.1498195	0.3524613	1.0	2232	tags=29%, list=11%, signal=32%	
GOBP_STEM_CELL_DIFFERENTIATION	GOBP_STEM_CELL_DIFFERENTIATION		237	0.35160455	1.2936195	0.035971224	0.35216668	1.0	3493	tags=30%, list=18%, signal=37%	
GOBP_G0_TO_G1_TRANSITION	GOBP_G0_TO_G1_TRANSITION		36	0.47090665	1.2931286	0.104347825	0.35284013	1.0	3882	tags=31%, list=20%, signal=38%	
GOBP_EMBRYONIC_DIGIT_MORPHOGENESIS	GOBP_EMBRYONIC_DIGIT_MORPHOGENESIS		56	0.42063332	1.2929136	0.09982487	0.35289025	1.0	2093	tags=23%, list=11%, signal=26%	
GOBP_LONG_TERM_SYNAPTIC_DEPRESSION	GOBP_LONG_TERM_SYNAPTIC_DEPRESSION		31	0.47284198	1.2927684	0.11764706	0.35282445	1.0	1908	tags=23%, list=10%, signal=25%	
GOBP_REGULATION_OF_EXTRACELLULAR_MATRIX_DISASSEMBLY	GOBP_REGULATION_OF_EXTRACELLULAR_MATRIX_DISASSEMBLY		15	0.5431959	1.292426	0.17009346	0.35311645	1.0	3234	tags=40%, list=17%, signal=48%	
GOMF_SERINE_HYDROLASE_ACTIVITY	GOMF_SERINE_HYDROLASE_ACTIVITY		184	0.35673204	1.2918946	0.05169867	0.35387704	1.0	1515	tags=13%, list=8%, signal=14%	
GOBP_EPIBOLY	GOBP_EPIBOLY		41	0.44646886	1.291435	0.114922814	0.35444158	1.0	2093	tags=24%, list=11%, signal=27%	
GOBP_TISSUE_REMODELING	GOBP_TISSUE_REMODELING		173	0.36187723	1.2913383	0.042944785	0.35426667	1.0	2552	tags=26%, list=13%, signal=30%	
GOBP_POSITIVE_REGULATION_OF_NEUROGENESIS	GOBP_POSITIVE_REGULATION_OF_NEUROGENESIS		237	0.35129088	1.291254	0.02346041	0.35402995	1.0	3368	tags=28%, list=17%, signal=34%	
GOBP_REGULATION_OF_CELL_CYCLE_G1_S_PHASE_TRANSITION	GOBP_REGULATION_OF_CELL_CYCLE_G1_S_PHASE_TRANSITION		178	0.36278966	1.2909732	0.051282052	0.35424498	1.0	3823	tags=25%, list=20%, signal=31%	
GOMF_MICROFILAMENT_MOTOR_ACTIVITY	GOMF_MICROFILAMENT_MOTOR_ACTIVITY		37	0.45657337	1.2906932	0.12321428	0.35442284	1.0	3474	tags=38%, list=18%, signal=46%	
GOBP_NEGATIVE_REGULATION_OF_SMOOTH_MUSCLE_CELL_PROLIFERATION	GOBP_NEGATIVE_REGULATION_OF_SMOOTH_MUSCLE_CELL_PROLIFERATION		48	0.4345393	1.290666	0.10157618	0.3540907	1.0	3340	tags=35%, list=17%, signal=43%	
GOBP_SMOOTH_MUSCLE_CELL_DIFFERENTIATION	GOBP_SMOOTH_MUSCLE_CELL_DIFFERENTIATION		62	0.41794676	1.2899808	0.10016695	0.35523447	1.0	2703	tags=26%, list=14%, signal=30%	
GOBP_CYCLIC_NUCLEOTIDE_METABOLIC_PROCESS	GOBP_CYCLIC_NUCLEOTIDE_METABOLIC_PROCESS		38	0.45203036	1.2895007	0.13345195	0.35577792	1.0	2070	tags=21%, list=11%, signal=24%	
GOBP_REGULATION_OF_CELL_GROWTH	GOBP_REGULATION_OF_CELL_GROWTH		372	0.3339	1.2893192	0.012711864	0.35579884	1.0	2757	tags=20%, list=14%, signal=23%	
GOBP_CELLULAR_ALDEHYDE_METABOLIC_PROCESS	GOBP_CELLULAR_ALDEHYDE_METABOLIC_PROCESS		73	0.41178104	1.2889572	0.098497495	0.35623977	1.0	2283	tags=22%, list=12%, signal=25%	
GOBP_EXPLORATION_BEHAVIOR	GOBP_EXPLORATION_BEHAVIOR		31	0.47711843	1.2886672	0.14387211	0.35645	1.0	623	tags=13%, list=3%, signal=13%	
GOBP_MESODERM_MORPHOGENESIS	GOBP_MESODERM_MORPHOGENESIS		69	0.4030984	1.2884868	0.08576329	0.356467	1.0	1937	tags=23%, list=10%, signal=26%	
GOMF_PROTEOGLYCAN_BINDING	GOMF_PROTEOGLYCAN_BINDING		35	0.45917246	1.2884477	0.15232974	0.35613737	1.0	339	tags=14%, list=2%, signal=15%	
GOMF_3_5_CYCLIC_AMP_PHOSPHODIESTERASE_ACTIVITY	GOMF_3_5_CYCLIC_AMP_PHOSPHODIESTERASE_ACTIVITY		22	0.51231426	1.2883352	0.13644524	0.3559692	1.0	1177	tags=18%, list=6%, signal=19%	
GOBP_ANIMAL_ORGAN_FORMATION	GOBP_ANIMAL_ORGAN_FORMATION		67	0.41184142	1.287571	0.083333336	0.3572502	1.0	3435	tags=33%, list=18%, signal=40%	
GOBP_EPITHELIAL_CELL_FATE_COMMITMENT	GOBP_EPITHELIAL_CELL_FATE_COMMITMENT		15	0.5408826	1.2875324	0.1614786	0.35693192	1.0	3309	tags=47%, list=17%, signal=56%	
GOBP_HEPARIN_METABOLIC_PROCESS	GOBP_HEPARIN_METABOLIC_PROCESS		17	0.5436693	1.287251	0.15055762	0.35718772	1.0	3435	tags=53%, list=18%, signal=64%	
GOBP_TERPENOID_METABOLIC_PROCESS	GOBP_TERPENOID_METABOLIC_PROCESS		98	0.38866308	1.2856836	0.07544141	0.36014128	1.0	882	tags=14%, list=5%, signal=15%	
GOBP_CELLULAR_RESPONSE_TO_ALKALOID	GOBP_CELLULAR_RESPONSE_TO_ALKALOID		36	0.46278888	1.2851635	0.12305026	0.36080566	1.0	1377	tags=19%, list=7%, signal=21%	
GOBP_POSITIVE_REGULATION_OF_PHOSPHATIDYLINOSITOL_3_KINASE_PROTEIN_KINASE_B_SIGNAL_TRANSDUCTION	GOBP_POSITIVE_REGULATION_OF_PHOSPHATIDYLINOSITOL_3_KINASE_PROTEIN_KINASE_B_SIGNAL_TRANSDUCTION		173	0.359414	1.285139	0.058646616	0.36045092	1.0	2313	tags=24%, list=12%, signal=27%	
GOBP_PROTEIN_LOCALIZATION_TO_CILIUM	GOBP_PROTEIN_LOCALIZATION_TO_CILIUM		65	0.40885496	1.2841684	0.096121415	0.36229196	1.0	3944	tags=38%, list=20%, signal=48%	
GOBP_FATTY_ACID_TRANSPORT	GOBP_FATTY_ACID_TRANSPORT		116	0.3761884	1.2837749	0.062091503	0.3627385	1.0	1314	tags=12%, list=7%, signal=13%	
GOBP_NON_MOTILE_CILIUM_ASSEMBLY	GOBP_NON_MOTILE_CILIUM_ASSEMBLY		62	0.4179911	1.283237	0.09897611	0.36345795	1.0	2723	tags=24%, list=14%, signal=28%	
GOBP_REGULATION_OF_POSTSYNAPSE_ORGANIZATION	GOBP_REGULATION_OF_POSTSYNAPSE_ORGANIZATION		100	0.38429195	1.2830248	0.061990213	0.36350855	1.0	2149	tags=20%, list=11%, signal=22%	
GOBP_PYRIMIDINE_NUCLEOTIDE_BIOSYNTHETIC_PROCESS	GOBP_PYRIMIDINE_NUCLEOTIDE_BIOSYNTHETIC_PROCESS		31	0.47825804	1.2828678	0.14206642	0.3635	1.0	4843	tags=45%, list=25%, signal=60%	
GOBP_POSITIVE_REGULATION_OF_ORGANIC_ACID_TRANSPORT	GOBP_POSITIVE_REGULATION_OF_ORGANIC_ACID_TRANSPORT		44	0.44243988	1.2828149	0.125817	0.36321172	1.0	1166	tags=18%, list=6%, signal=19%	
GOBP_CEREBELLAR_CORTEX_DEVELOPMENT	GOBP_CEREBELLAR_CORTEX_DEVELOPMENT		49	0.4429606	1.2824968	0.13422818	0.36349028	1.0	2513	tags=18%, list=13%, signal=21%	
GOBP_REGULATION_OF_CHEMOTAXIS	GOBP_REGULATION_OF_CHEMOTAXIS		198	0.35395122	1.2819613	0.041358937	0.36424002	1.0	2240	tags=23%, list=12%, signal=25%	
GOBP_NEGATIVE_REGULATION_OF_EPITHELIAL_CELL_DIFFERENTIATION	GOBP_NEGATIVE_REGULATION_OF_EPITHELIAL_CELL_DIFFERENTIATION		48	0.43222883	1.2819515	0.14586994	0.36385608	1.0	2035	tags=25%, list=10%, signal=28%	
GOMF_ACYL_COA_HYDROLASE_ACTIVITY	GOMF_ACYL_COA_HYDROLASE_ACTIVITY		23	0.5071053	1.2818944	0.14774776	0.363573	1.0	1881	tags=22%, list=10%, signal=24%	
GOBP_SERINE_FAMILY_AMINO_ACID_BIOSYNTHETIC_PROCESS	GOBP_SERINE_FAMILY_AMINO_ACID_BIOSYNTHETIC_PROCESS		16	0.5502531	1.2817309	0.15311909	0.36354423	1.0	1386	tags=19%, list=7%, signal=20%	
GOBP_CELL_CYCLE_G1_S_PHASE_TRANSITION	GOBP_CELL_CYCLE_G1_S_PHASE_TRANSITION		230	0.34930548	1.2815626	0.027941177	0.3634895	1.0	3823	tags=27%, list=20%, signal=33%	
GOBP_RESPONSE_TO_CADMIUM_ION	GOBP_RESPONSE_TO_CADMIUM_ION		58	0.41753697	1.2814641	0.102608696	0.3633053	1.0	3470	tags=29%, list=18%, signal=36%	
GOCC_EXTRINSIC_COMPONENT_OF_PLASMA_MEMBRANE	GOCC_EXTRINSIC_COMPONENT_OF_PLASMA_MEMBRANE		98	0.38195223	1.2811852	0.07064364	0.36349827	1.0	2635	tags=22%, list=14%, signal=26%	
GOBP_REGULATION_OF_WOUND_HEALING	GOBP_REGULATION_OF_WOUND_HEALING		125	0.3722684	1.280119	0.05496183	0.36554804	1.0	2286	tags=24%, list=12%, signal=27%	
GOBP_REGULATION_OF_DENDRITE_DEVELOPMENT	GOBP_REGULATION_OF_DENDRITE_DEVELOPMENT		95	0.38136497	1.2799286	0.06885246	0.365574	1.0	2527	tags=26%, list=13%, signal=30%	
GOBP_BILE_ACID_METABOLIC_PROCESS	GOBP_BILE_ACID_METABOLIC_PROCESS		47	0.4302611	1.279368	0.10752688	0.36638623	1.0	2062	tags=26%, list=11%, signal=28%	
GOBP_RESPONSE_TO_ALDOSTERONE	GOBP_RESPONSE_TO_ALDOSTERONE		18	0.54116255	1.279018	0.15414259	0.36673266	1.0	879	tags=28%, list=5%, signal=29%	
GOBP_REGULATION_OF_SMOOTHENED_SIGNALING_PATHWAY	GOBP_REGULATION_OF_SMOOTHENED_SIGNALING_PATHWAY		78	0.394885	1.2787163	0.1037415	0.36703762	1.0	2085	tags=21%, list=11%, signal=23%	
GOBP_POSITIVE_REGULATION_OF_ACTIN_FILAMENT_BUNDLE_ASSEMBLY	GOBP_POSITIVE_REGULATION_OF_ACTIN_FILAMENT_BUNDLE_ASSEMBLY		60	0.4185791	1.2779626	0.11333334	0.36828542	1.0	1763	tags=22%, list=9%, signal=24%	
GOBP_REGULATION_OF_PROTEIN_DEPOLYMERIZATION	GOBP_REGULATION_OF_PROTEIN_DEPOLYMERIZATION		83	0.386954	1.2777706	0.09531773	0.36830634	1.0	4134	tags=41%, list=21%, signal=52%	
GOBP_POSITIVE_REGULATION_OF_CALCIUM_ION_TRANSMEMBRANE_TRANSPORTER_ACTIVITY	GOBP_POSITIVE_REGULATION_OF_CALCIUM_ION_TRANSMEMBRANE_TRANSPORTER_ACTIVITY		27	0.48236167	1.2774675	0.15613383	0.36860394	1.0	2334	tags=30%, list=12%, signal=34%	
GOBP_RESPONSE_TO_PAIN	GOBP_RESPONSE_TO_PAIN		34	0.45325616	1.2773167	0.14311926	0.36856326	1.0	2012	tags=21%, list=10%, signal=23%	
GOBP_LUNG_EPITHELIUM_DEVELOPMENT	GOBP_LUNG_EPITHELIUM_DEVELOPMENT		44	0.43579814	1.277041	0.117750436	0.36879718	1.0	2371	tags=23%, list=12%, signal=26%	
GOBP_SENSORY_SYSTEM_DEVELOPMENT	GOBP_SENSORY_SYSTEM_DEVELOPMENT		397	0.32996884	1.2766899	0.021680217	0.36918482	1.0	2324	tags=18%, list=12%, signal=20%	
GOCC_ENDOPLASMIC_RETICULUM_TUBULAR_NETWORK	GOCC_ENDOPLASMIC_RETICULUM_TUBULAR_NETWORK		26	0.48584154	1.2758684	0.15978456	0.37061644	1.0	3169	tags=38%, list=16%, signal=46%	
GOBP_REGULATION_OF_CATECHOLAMINE_METABOLIC_PROCESS	GOBP_REGULATION_OF_CATECHOLAMINE_METABOLIC_PROCESS		17	0.5320976	1.2758178	0.17898832	0.37033305	1.0	624	tags=12%, list=3%, signal=12%	
GOBP_REGULATION_OF_PEPTIDYL_TYROSINE_PHOSPHORYLATION	GOBP_REGULATION_OF_PEPTIDYL_TYROSINE_PHOSPHORYLATION		208	0.34978154	1.2749506	0.031837918	0.371922	1.0	2592	tags=21%, list=13%, signal=24%	
GOBP_ENDOCHONDRAL_BONE_MORPHOGENESIS	GOBP_ENDOCHONDRAL_BONE_MORPHOGENESIS		56	0.41493964	1.2736232	0.11578947	0.3744458	1.0	2340	tags=23%, list=12%, signal=26%	
GOBP_OPTIC_NERVE_DEVELOPMENT	GOBP_OPTIC_NERVE_DEVELOPMENT		21	0.51026595	1.2732333	0.1614679	0.374913	1.0	2365	tags=24%, list=12%, signal=27%	
GOBP_LUNG_ALVEOLUS_DEVELOPMENT	GOBP_LUNG_ALVEOLUS_DEVELOPMENT		52	0.4251233	1.2731522	0.12062937	0.37467614	1.0	2404	tags=29%, list=12%, signal=33%	
GOBP_NEGATIVE_REGULATION_OF_ATP_DEPENDENT_ACTIVITY	GOBP_NEGATIVE_REGULATION_OF_ATP_DEPENDENT_ACTIVITY		16	0.5314831	1.2730409	0.16384181	0.37451106	1.0	2671	tags=31%, list=14%, signal=36%	
GOBP_OLIGODENDROCYTE_DIFFERENTIATION	GOBP_OLIGODENDROCYTE_DIFFERENTIATION		105	0.38291022	1.2728353	0.072607264	0.37457693	1.0	2888	tags=22%, list=15%, signal=26%	
GOBP_REGULATION_OF_CYTOSKELETON_ORGANIZATION	GOBP_REGULATION_OF_CYTOSKELETON_ORGANIZATION		479	0.3244883	1.2719756	0.02254642	0.37618473	1.0	3465	tags=27%, list=18%, signal=32%	
GOBP_NEGATIVE_REGULATION_OF_JNK_CASCADE	GOBP_NEGATIVE_REGULATION_OF_JNK_CASCADE		34	0.45898017	1.2717434	0.13859649	0.3762613	1.0	4441	tags=32%, list=23%, signal=42%	
GOBP_EYE_MORPHOGENESIS	GOBP_EYE_MORPHOGENESIS		160	0.35693476	1.2716688	0.05279503	0.37603247	1.0	2552	tags=23%, list=13%, signal=26%	
GOBP_MICROTUBULE_BUNDLE_FORMATION	GOBP_MICROTUBULE_BUNDLE_FORMATION		101	0.38101676	1.2712594	0.09240924	0.37654218	1.0	2723	tags=21%, list=14%, signal=24%	
GOMF_ACIDIC_AMINO_ACID_TRANSMEMBRANE_TRANSPORTER_ACTIVITY	GOMF_ACIDIC_AMINO_ACID_TRANSMEMBRANE_TRANSPORTER_ACTIVITY		18	0.52021784	1.2710273	0.17222223	0.37666523	1.0	1166	tags=22%, list=6%, signal=24%	
GOBP_NEGATIVE_REGULATION_OF_MONOATOMIC_ION_TRANSMEMBRANE_TRANSPORT	GOBP_NEGATIVE_REGULATION_OF_MONOATOMIC_ION_TRANSMEMBRANE_TRANSPORT		85	0.38904947	1.2709897	0.089141004	0.37635332	1.0	2671	tags=20%, list=14%, signal=23%	
GOBP_EPITHELIAL_CELL_APOPTOTIC_PROCESS	GOBP_EPITHELIAL_CELL_APOPTOTIC_PROCESS		133	0.36642417	1.2706356	0.074484944	0.3767239	1.0	2522	tags=22%, list=13%, signal=25%	
GOBP_POSITIVE_REGULATION_OF_RECEPTOR_INTERNALIZATION	GOBP_POSITIVE_REGULATION_OF_RECEPTOR_INTERNALIZATION		26	0.48905313	1.2698675	0.1474245	0.3780693	1.0	1525	tags=15%, list=8%, signal=17%	
GOBP_REGULATION_OF_POLYSACCHARIDE_METABOLIC_PROCESS	GOBP_REGULATION_OF_POLYSACCHARIDE_METABOLIC_PROCESS		39	0.442421	1.269433	0.1579861	0.37863365	1.0	888	tags=13%, list=5%, signal=13%	
GOCC_CELL_DIVISION_SITE	GOCC_CELL_DIVISION_SITE		58	0.4145907	1.2692585	0.11744387	0.3786176	1.0	3845	tags=29%, list=20%, signal=36%	
GOBP_RESPONSE_TO_ACETYLCHOLINE	GOBP_RESPONSE_TO_ACETYLCHOLINE		45	0.43400562	1.2688901	0.14159292	0.37902436	1.0	1839	tags=11%, list=9%, signal=12%	
GOBP_RHO_PROTEIN_SIGNAL_TRANSDUCTION	GOBP_RHO_PROTEIN_SIGNAL_TRANSDUCTION		139	0.36022907	1.2688097	0.057877813	0.37879488	1.0	3084	tags=27%, list=16%, signal=32%	
GOBP_SMALL_GTPASE_MEDIATED_SIGNAL_TRANSDUCTION	GOBP_SMALL_GTPASE_MEDIATED_SIGNAL_TRANSDUCTION		478	0.32130617	1.2685966	0.019125683	0.3788859	1.0	3042	tags=24%, list=16%, signal=28%	
GOBP_STRESS_FIBER_ASSEMBLY	GOBP_STRESS_FIBER_ASSEMBLY		107	0.37594956	1.2684162	0.08983051	0.37888476	1.0	3309	tags=31%, list=17%, signal=37%	
GOMF_TRANSMEMBRANE_RECEPTOR_PROTEIN_KINASE_ACTIVITY	GOMF_TRANSMEMBRANE_RECEPTOR_PROTEIN_KINASE_ACTIVITY		79	0.39783618	1.2679168	0.10321489	0.3795755	1.0	3367	tags=35%, list=17%, signal=43%	
GOBP_SENSORY_PERCEPTION_OF_MECHANICAL_STIMULUS	GOBP_SENSORY_PERCEPTION_OF_MECHANICAL_STIMULUS		169	0.3521928	1.2671521	0.06210191	0.38090834	1.0	2275	tags=19%, list=12%, signal=21%	
GOBP_POSITIVE_REGULATION_OF_STRIATED_MUSCLE_CELL_DIFFERENTIATION	GOBP_POSITIVE_REGULATION_OF_STRIATED_MUSCLE_CELL_DIFFERENTIATION		41	0.43421862	1.2666161	0.13636364	0.38171253	1.0	2509	tags=24%, list=13%, signal=28%	
GOMF_ORGANIC_ACID_BINDING	GOMF_ORGANIC_ACID_BINDING		195	0.34583285	1.2665614	0.05151515	0.38142794	1.0	1661	tags=15%, list=9%, signal=16%	
GOBP_C21_STEROID_HORMONE_METABOLIC_PROCESS	GOBP_C21_STEROID_HORMONE_METABOLIC_PROCESS		37	0.45617726	1.2665343	0.14620939	0.38108027	1.0	908	tags=19%, list=5%, signal=20%	
GOBP_PRIMARY_MIRNA_PROCESSING	GOBP_PRIMARY_MIRNA_PROCESSING		19	0.5176479	1.2658927	0.17921147	0.3821412	1.0	3234	tags=26%, list=17%, signal=32%	
GOCC_CENTRIOLE	GOCC_CENTRIOLE		143	0.36159286	1.2656558	0.08037094	0.38227236	1.0	3842	tags=30%, list=20%, signal=37%	
GOBP_ENERGY_HOMEOSTASIS	GOBP_ENERGY_HOMEOSTASIS		80	0.39073363	1.2654592	0.08955224	0.38233352	1.0	2684	tags=25%, list=14%, signal=29%	
GOBP_CELL_DIFFERENTIATION_IN_SPINAL_CORD	GOBP_CELL_DIFFERENTIATION_IN_SPINAL_CORD		49	0.42471105	1.2650245	0.11623932	0.38287705	1.0	2336	tags=18%, list=12%, signal=21%	
GOBP_DEVELOPMENTAL_GROWTH_INVOLVED_IN_MORPHOGENESIS	GOBP_DEVELOPMENTAL_GROWTH_INVOLVED_IN_MORPHOGENESIS		224	0.3459263	1.2649328	0.053491827	0.38269553	1.0	2045	tags=18%, list=11%, signal=20%	
GOBP_POSITIVE_REGULATION_OF_GLUCOSE_METABOLIC_PROCESS	GOBP_POSITIVE_REGULATION_OF_GLUCOSE_METABOLIC_PROCESS		40	0.44261312	1.264752	0.13793103	0.38266918	1.0	3460	tags=28%, list=18%, signal=33%	
GOBP_ASTROCYTE_DIFFERENTIATION	GOBP_ASTROCYTE_DIFFERENTIATION		84	0.38403466	1.2643102	0.1	0.38324693	1.0	3368	tags=26%, list=17%, signal=32%	
GOBP_REGULATION_OF_TUBE_SIZE	GOBP_REGULATION_OF_TUBE_SIZE		147	0.36088347	1.2632153	0.0690184	0.385324	1.0	2178	tags=18%, list=11%, signal=21%	
GOBP_REGULATION_OF_GLYCOPROTEIN_METABOLIC_PROCESS	GOBP_REGULATION_OF_GLYCOPROTEIN_METABOLIC_PROCESS		44	0.433345	1.2631494	0.13013698	0.385065	1.0	2087	tags=25%, list=11%, signal=28%	
GOMF_FOUR_WAY_JUNCTION_DNA_BINDING	GOMF_FOUR_WAY_JUNCTION_DNA_BINDING		18	0.51838577	1.2620453	0.15517241	0.38730377	1.0	3186	tags=28%, list=16%, signal=33%	
GOBP_NEGATIVE_REGULATION_OF_NERVOUS_SYSTEM_DEVELOPMENT	GOBP_NEGATIVE_REGULATION_OF_NERVOUS_SYSTEM_DEVELOPMENT		133	0.36646315	1.2612085	0.08709176	0.38881546	1.0	2117	tags=18%, list=11%, signal=20%	
GOBP_FAT_CELL_DIFFERENTIATION	GOBP_FAT_CELL_DIFFERENTIATION		229	0.34171253	1.260989	0.049848944	0.38891718	1.0	2661	tags=23%, list=14%, signal=26%	
GOBP_POSITIVE_REGULATION_OF_NEURON_PROJECTION_DEVELOPMENT	GOBP_POSITIVE_REGULATION_OF_NEURON_PROJECTION_DEVELOPMENT		148	0.35927075	1.2609735	0.07371795	0.38854018	1.0	2789	tags=24%, list=14%, signal=28%	
GOBP_POSITIVE_REGULATION_OF_ANIMAL_ORGAN_MORPHOGENESIS	GOBP_POSITIVE_REGULATION_OF_ANIMAL_ORGAN_MORPHOGENESIS		35	0.45574304	1.2609193	0.14495413	0.38825086	1.0	1736	tags=23%, list=9%, signal=25%	
GOBP_POSITIVE_REGULATION_OF_PLASMA_MEMBRANE_BOUNDED_CELL_PROJECTION_ASSEMBLY	GOBP_POSITIVE_REGULATION_OF_PLASMA_MEMBRANE_BOUNDED_CELL_PROJECTION_ASSEMBLY		106	0.37061888	1.2601941	0.079617836	0.38951868	1.0	4135	tags=37%, list=21%, signal=46%	
GOBP_LABYRINTHINE_LAYER_BLOOD_VESSEL_DEVELOPMENT	GOBP_LABYRINTHINE_LAYER_BLOOD_VESSEL_DEVELOPMENT		19	0.50632983	1.2596993	0.1996337	0.39026868	1.0	2371	tags=26%, list=12%, signal=30%	
GOBP_NEGATIVE_REGULATION_OF_CALCIUM_ION_TRANSMEMBRANE_TRANSPORT	GOBP_NEGATIVE_REGULATION_OF_CALCIUM_ION_TRANSMEMBRANE_TRANSPORT		44	0.423561	1.2593004	0.13570274	0.3907373	1.0	2953	tags=18%, list=15%, signal=21%	
GOBP_POSITIVE_REGULATION_OF_BLOOD_VESSEL_ENDOTHELIAL_CELL_MIGRATION	GOBP_POSITIVE_REGULATION_OF_BLOOD_VESSEL_ENDOTHELIAL_CELL_MIGRATION		52	0.42479205	1.2589573	0.12372881	0.39112782	1.0	2391	tags=29%, list=12%, signal=33%	
GOBP_VASCULAR_ASSOCIATED_SMOOTH_MUSCLE_CELL_DIFFERENTIATION	GOBP_VASCULAR_ASSOCIATED_SMOOTH_MUSCLE_CELL_DIFFERENTIATION		29	0.47392136	1.2588505	0.17286246	0.39097935	1.0	2703	tags=28%, list=14%, signal=32%	
GOBP_REGULATION_OF_EXTRACELLULAR_MATRIX_ASSEMBLY	GOBP_REGULATION_OF_EXTRACELLULAR_MATRIX_ASSEMBLY		20	0.51537496	1.2582852	0.17898832	0.3918523	1.0	2714	tags=40%, list=14%, signal=46%	
GOBP_HINDBRAIN_MORPHOGENESIS	GOBP_HINDBRAIN_MORPHOGENESIS		45	0.43549588	1.2580736	0.13993174	0.3919704	1.0	3447	tags=24%, list=18%, signal=30%	
GOBP_EMBRYONIC_CRANIAL_SKELETON_MORPHOGENESIS	GOBP_EMBRYONIC_CRANIAL_SKELETON_MORPHOGENESIS		43	0.43354788	1.257498	0.13691507	0.39296234	1.0	2340	tags=30%, list=12%, signal=34%	
GOBP_MIRNA_METABOLIC_PROCESS	GOBP_MIRNA_METABOLIC_PROCESS		95	0.3797677	1.2573824	0.098662205	0.39282563	1.0	2441	tags=24%, list=13%, signal=28%	
GOBP_POSITIVE_REGULATION_OF_BMP_SIGNALING_PATHWAY	GOBP_POSITIVE_REGULATION_OF_BMP_SIGNALING_PATHWAY		33	0.45846403	1.256655	0.15384616	0.39416632	1.0	2371	tags=33%, list=12%, signal=38%	
GOBP_PHOSPHATIDYLGLYCEROL_METABOLIC_PROCESS	GOBP_PHOSPHATIDYLGLYCEROL_METABOLIC_PROCESS		32	0.4591011	1.2566253	0.16787003	0.39383063	1.0	3508	tags=38%, list=18%, signal=46%	
GOBP_NEGATIVE_REGULATION_OF_AMIDE_METABOLIC_PROCESS	GOBP_NEGATIVE_REGULATION_OF_AMIDE_METABOLIC_PROCESS		23	0.49180046	1.2563342	0.1594203	0.39408854	1.0	472	tags=13%, list=2%, signal=13%	
GOBP_REGULATION_OF_MULTICELLULAR_ORGANISM_GROWTH	GOBP_REGULATION_OF_MULTICELLULAR_ORGANISM_GROWTH		64	0.40481958	1.2562743	0.1221239	0.3938066	1.0	2744	tags=22%, list=14%, signal=25%	
GOCC_PROTEIN_COMPLEX_INVOLVED_IN_CELL_ADHESION	GOCC_PROTEIN_COMPLEX_INVOLVED_IN_CELL_ADHESION		56	0.41704318	1.254897	0.13928571	0.39659098	1.0	1724	tags=29%, list=9%, signal=31%	
GOBP_CEREBRAL_CORTEX_CELL_MIGRATION	GOBP_CEREBRAL_CORTEX_CELL_MIGRATION		46	0.43096435	1.2548873	0.14583333	0.39620414	1.0	3383	tags=28%, list=17%, signal=34%	
GOBP_REGULATION_OF_EMBRYONIC_DEVELOPMENT	GOBP_REGULATION_OF_EMBRYONIC_DEVELOPMENT		87	0.38152382	1.2538767	0.10082645	0.39809662	1.0	2714	tags=22%, list=14%, signal=25%	
GOBP_CELL_PROLIFERATION_IN_FOREBRAIN	GOBP_CELL_PROLIFERATION_IN_FOREBRAIN		26	0.4702974	1.2538394	0.1705151	0.39775386	1.0	3473	tags=38%, list=18%, signal=47%	
GOMF_GDP_BINDING	GOMF_GDP_BINDING		74	0.38988978	1.2533743	0.12387792	0.39836994	1.0	4594	tags=34%, list=24%, signal=44%	
GOBP_SKELETAL_MUSCLE_SATELLITE_CELL_PROLIFERATION	GOBP_SKELETAL_MUSCLE_SATELLITE_CELL_PROLIFERATION		17	0.5257357	1.2529494	0.19267823	0.39898267	1.0	757	tags=18%, list=4%, signal=18%	
GOBP_CHEMICAL_SYNAPTIC_TRANSMISSION_POSTSYNAPTIC	GOBP_CHEMICAL_SYNAPTIC_TRANSMISSION_POSTSYNAPTIC		107	0.37047756	1.2527597	0.08809135	0.398991	1.0	2093	tags=13%, list=11%, signal=15%	
GOBP_REGULATION_OF_CELL_MATRIX_ADHESION	GOBP_REGULATION_OF_CELL_MATRIX_ADHESION		117	0.3702291	1.2523195	0.08675079	0.39966798	1.0	3309	tags=32%, list=17%, signal=38%	
GOBP_MYOBLAST_DIFFERENTIATION	GOBP_MYOBLAST_DIFFERENTIATION		109	0.3668268	1.2509397	0.10047847	0.4026363	1.0	3654	tags=35%, list=19%, signal=43%	
GOBP_ANGIOTENSIN_ACTIVATED_SIGNALING_PATHWAY	GOBP_ANGIOTENSIN_ACTIVATED_SIGNALING_PATHWAY		18	0.52580553	1.2506559	0.18965517	0.40293077	1.0	1982	tags=33%, list=10%, signal=37%	
GOBP_REGULATION_OF_REPRODUCTIVE_PROCESS	GOBP_REGULATION_OF_REPRODUCTIVE_PROCESS		188	0.3452692	1.2503206	0.06605223	0.40330803	1.0	1129	tags=9%, list=6%, signal=10%	
GOMF_LIGAND_GATED_MONOATOMIC_CATION_CHANNEL_ACTIVITY	GOMF_LIGAND_GATED_MONOATOMIC_CATION_CHANNEL_ACTIVITY		129	0.36443794	1.2502242	0.072115384	0.4031395	1.0	1565	tags=12%, list=8%, signal=13%	
GOBP_PROXIMAL_DISTAL_PATTERN_FORMATION	GOBP_PROXIMAL_DISTAL_PATTERN_FORMATION		34	0.45801115	1.2498033	0.16815743	0.40370497	1.0	2513	tags=29%, list=13%, signal=34%	
GOMF_METALLOPEPTIDASE_ACTIVITY	GOMF_METALLOPEPTIDASE_ACTIVITY		179	0.34543476	1.2497869	0.062305298	0.40333423	1.0	1068	tags=12%, list=5%, signal=13%	
GOBP_DENDRITIC_SPINE_MORPHOGENESIS	GOBP_DENDRITIC_SPINE_MORPHOGENESIS		55	0.41404858	1.2490561	0.13780919	0.4046483	1.0	2093	tags=25%, list=11%, signal=28%	
GOBP_ACTIN_MYOSIN_FILAMENT_SLIDING	GOBP_ACTIN_MYOSIN_FILAMENT_SLIDING		15	0.5439201	1.2488104	0.18725869	0.40479165	1.0	2157	tags=47%, list=11%, signal=52%	
GOMF_DNA_SECONDARY_STRUCTURE_BINDING	GOMF_DNA_SECONDARY_STRUCTURE_BINDING		38	0.4479619	1.2481679	0.13580246	0.40591484	1.0	3186	tags=24%, list=16%, signal=28%	
GOBP_PEPTIDYL_THREONINE_DEPHOSPHORYLATION	GOBP_PEPTIDYL_THREONINE_DEPHOSPHORYLATION		16	0.52980053	1.2481037	0.19066148	0.4056644	1.0	4280	tags=44%, list=22%, signal=56%	
GOBP_RESPONSE_TO_ESTROGEN	GOBP_RESPONSE_TO_ESTROGEN		69	0.39425284	1.2480339	0.11467116	0.4054317	1.0	1257	tags=19%, list=6%, signal=20%	
GOBP_POSITIVE_REGULATION_OF_SMOOTH_MUSCLE_CELL_PROLIFERATION	GOBP_POSITIVE_REGULATION_OF_SMOOTH_MUSCLE_CELL_PROLIFERATION		80	0.39502564	1.2479751	0.12682927	0.4051392	1.0	1379	tags=16%, list=7%, signal=17%	
GOBP_REGULATION_OF_EPITHELIAL_CELL_APOPTOTIC_PROCESS	GOBP_REGULATION_OF_EPITHELIAL_CELL_APOPTOTIC_PROCESS		102	0.37450093	1.2479088	0.09888357	0.40489727	1.0	2522	tags=23%, list=13%, signal=26%	
GOMF_LONG_CHAIN_FATTY_ACID_TRANSMEMBRANE_TRANSPORTER_ACTIVITY	GOMF_LONG_CHAIN_FATTY_ACID_TRANSMEMBRANE_TRANSPORTER_ACTIVITY		16	0.53319156	1.24768	0.21169356	0.40505442	1.0	2380	tags=31%, list=12%, signal=36%	
GOMF_DISORDERED_DOMAIN_SPECIFIC_BINDING	GOMF_DISORDERED_DOMAIN_SPECIFIC_BINDING		25	0.47904816	1.24686	0.18011257	0.40653747	1.0	3575	tags=44%, list=18%, signal=54%	
GOBP_POSITIVE_REGULATION_OF_CARDIAC_MUSCLE_CELL_PROLIFERATION	GOBP_POSITIVE_REGULATION_OF_CARDIAC_MUSCLE_CELL_PROLIFERATION		22	0.4980341	1.2466865	0.17849898	0.40653947	1.0	2371	tags=36%, list=12%, signal=41%	
GOBP_REGULATION_OF_AXONOGENESIS	GOBP_REGULATION_OF_AXONOGENESIS		140	0.35748678	1.2462139	0.09463722	0.40728837	1.0	2801	tags=25%, list=14%, signal=29%	
GOBP_NEGATIVE_REGULATION_OF_BMP_SIGNALING_PATHWAY	GOBP_NEGATIVE_REGULATION_OF_BMP_SIGNALING_PATHWAY		53	0.40880442	1.245872	0.1418919	0.40771088	1.0	790	tags=13%, list=4%, signal=14%	
GOBP_MEMBRANE_REPOLARIZATION_DURING_VENTRICULAR_CARDIAC_MUSCLE_CELL_ACTION_POTENTIAL	GOBP_MEMBRANE_REPOLARIZATION_DURING_VENTRICULAR_CARDIAC_MUSCLE_CELL_ACTION_POTENTIAL		15	0.5468021	1.2456005	0.20112781	0.40793636	1.0	444	tags=13%, list=2%, signal=14%	
GOBP_DEVELOPMENTAL_MATURATION	GOBP_DEVELOPMENTAL_MATURATION		319	0.3260019	1.245322	0.043600563	0.40818942	1.0	2977	tags=22%, list=15%, signal=25%	
GOMF_TRANSCRIPTION_COACTIVATOR_ACTIVITY	GOMF_TRANSCRIPTION_COACTIVATOR_ACTIVITY		258	0.33347172	1.2452801	0.051775146	0.4078801	1.0	4576	tags=33%, list=24%, signal=43%	
GOBP_REGULATION_OF_MONOATOMIC_ION_TRANSPORT	GOBP_REGULATION_OF_MONOATOMIC_ION_TRANSPORT		427	0.31927338	1.2447249	0.02932961	0.40883946	1.0	1982	tags=14%, list=10%, signal=16%	
GOBP_REGULATION_OF_ACTIN_FILAMENT_ORGANIZATION	GOBP_REGULATION_OF_ACTIN_FILAMENT_ORGANIZATION		246	0.33461484	1.2439069	0.046476763	0.41043276	1.0	3452	tags=29%, list=18%, signal=35%	
GOBP_REGULATION_OF_DEVELOPMENTAL_GROWTH	GOBP_REGULATION_OF_DEVELOPMENTAL_GROWTH		293	0.33281237	1.2436106	0.038737446	0.41070902	1.0	2770	tags=20%, list=14%, signal=23%	
GOBP_CALCIUM_ION_IMPORT_ACROSS_PLASMA_MEMBRANE	GOBP_CALCIUM_ION_IMPORT_ACROSS_PLASMA_MEMBRANE		36	0.4461608	1.2435987	0.17345133	0.4103209	1.0	1190	tags=11%, list=6%, signal=12%	
GOMF_EPHRIN_RECEPTOR_BINDING	GOMF_EPHRIN_RECEPTOR_BINDING		27	0.4690804	1.2435291	0.19144982	0.41008356	1.0	2096	tags=30%, list=11%, signal=33%	
GOBP_NUCLEOBASE_BIOSYNTHETIC_PROCESS	GOBP_NUCLEOBASE_BIOSYNTHETIC_PROCESS		18	0.5125434	1.243274	0.17904761	0.4103155	1.0	3570	tags=39%, list=18%, signal=48%	
GOBP_POSITIVE_REGULATION_OF_TRANSCRIPTION_REGULATORY_REGION_DNA_BINDING	GOBP_POSITIVE_REGULATION_OF_TRANSCRIPTION_REGULATORY_REGION_DNA_BINDING		18	0.50513154	1.2430836	0.20921305	0.41036478	1.0	1717	tags=22%, list=9%, signal=24%	
GOBP_POSITIVE_REGULATION_OF_RAS_PROTEIN_SIGNAL_TRANSDUCTION	GOBP_POSITIVE_REGULATION_OF_RAS_PROTEIN_SIGNAL_TRANSDUCTION		18	0.5170729	1.2429401	0.20808081	0.4103059	1.0	2320	tags=28%, list=12%, signal=32%	
GOBP_PALLIUM_DEVELOPMENT	GOBP_PALLIUM_DEVELOPMENT		183	0.3470567	1.2423645	0.0727003	0.4112658	1.0	3447	tags=24%, list=18%, signal=29%	
GOBP_REGULATION_OF_KIDNEY_DEVELOPMENT	GOBP_REGULATION_OF_KIDNEY_DEVELOPMENT		35	0.44470817	1.2423208	0.15818182	0.41095626	1.0	1982	tags=31%, list=10%, signal=35%	
GOBP_L_AMINO_ACID_METABOLIC_PROCESS	GOBP_L_AMINO_ACID_METABOLIC_PROCESS		169	0.35029125	1.2417241	0.093939394	0.4120002	1.0	2925	tags=26%, list=15%, signal=30%	
GOBP_MULTICELLULAR_ORGANISM_GROWTH	GOBP_MULTICELLULAR_ORGANISM_GROWTH		142	0.35324496	1.2412423	0.09741248	0.41275623	1.0	3758	tags=30%, list=19%, signal=36%	
GOMF_NEUROPEPTIDE_RECEPTOR_BINDING	GOMF_NEUROPEPTIDE_RECEPTOR_BINDING		33	0.44710836	1.2407901	0.16068377	0.41342285	1.0	1012	tags=15%, list=5%, signal=16%	
GOBP_ALPHA_AMINO_ACID_METABOLIC_PROCESS	GOBP_ALPHA_AMINO_ACID_METABOLIC_PROCESS		203	0.34292677	1.2404461	0.056631893	0.4138478	1.0	3528	tags=29%, list=18%, signal=35%	
GOBP_POSITIVE_REGULATION_OF_RECEPTOR_MEDIATED_ENDOCYTOSIS	GOBP_POSITIVE_REGULATION_OF_RECEPTOR_MEDIATED_ENDOCYTOSIS		51	0.41633177	1.2402724	0.14768684	0.41385287	1.0	1777	tags=18%, list=9%, signal=19%	
GOBP_DOPAMINE_METABOLIC_PROCESS	GOBP_DOPAMINE_METABOLIC_PROCESS		38	0.4373965	1.2397504	0.16925734	0.41472384	1.0	624	tags=11%, list=3%, signal=11%	
GOBP_NEGATIVE_REGULATION_OF_KINASE_ACTIVITY	GOBP_NEGATIVE_REGULATION_OF_KINASE_ACTIVITY		156	0.3492688	1.2392875	0.07266983	0.41541034	1.0	3025	tags=25%, list=16%, signal=29%	
GOBP_REGULATION_OF_RESPONSE_TO_NUTRIENT_LEVELS	GOBP_REGULATION_OF_RESPONSE_TO_NUTRIENT_LEVELS		30	0.45594057	1.2385114	0.17482518	0.41681615	1.0	1661	tags=20%, list=9%, signal=22%	
GOCC_RUFFLE	GOCC_RUFFLE		177	0.34799758	1.2384416	0.07656968	0.41657656	1.0	3562	tags=30%, list=18%, signal=36%	
GOBP_POSITIVE_REGULATION_OF_CALCIUM_ION_TRANSPORT	GOBP_POSITIVE_REGULATION_OF_CALCIUM_ION_TRANSPORT		109	0.36256015	1.2376201	0.08426073	0.41812393	1.0	1982	tags=17%, list=10%, signal=18%	
GOCC_POSTSYNAPTIC_MEMBRANE	GOCC_POSTSYNAPTIC_MEMBRANE		269	0.3272469	1.2375777	0.051649928	0.4178196	1.0	2828	tags=16%, list=15%, signal=19%	
GOBP_POLYSACCHARIDE_METABOLIC_PROCESS	GOBP_POLYSACCHARIDE_METABOLIC_PROCESS		100	0.36817998	1.2374725	0.10186757	0.4176498	1.0	2667	tags=24%, list=14%, signal=28%	
GOBP_REGULATION_OF_CALCIUM_ION_IMPORT	GOBP_REGULATION_OF_CALCIUM_ION_IMPORT		44	0.42938176	1.2373856	0.1522124	0.41745383	1.0	2742	tags=25%, list=14%, signal=29%	
GOBP_SECONDARY_PALATE_DEVELOPMENT	GOBP_SECONDARY_PALATE_DEVELOPMENT		26	0.4782237	1.2371348	0.18539326	0.41765425	1.0	4055	tags=42%, list=21%, signal=53%	
GOBP_POSITIVE_REGULATION_OF_MESENCHYMAL_CELL_PROLIFERATION	GOBP_POSITIVE_REGULATION_OF_MESENCHYMAL_CELL_PROLIFERATION		24	0.4754483	1.2366384	0.1616341	0.41842595	1.0	2552	tags=33%, list=13%, signal=38%	
GOMF_DNA_BINDING_TRANSCRIPTION_ACTIVATOR_ACTIVITY	GOMF_DNA_BINDING_TRANSCRIPTION_ACTIVATOR_ACTIVITY		463	0.3165642	1.2360998	0.030144168	0.41931283	1.0	2441	tags=17%, list=13%, signal=19%	
GOBP_NEGATIVE_REGULATION_OF_CELL_CYCLE_G1_S_PHASE_TRANSITION	GOBP_NEGATIVE_REGULATION_OF_CELL_CYCLE_G1_S_PHASE_TRANSITION		74	0.38788503	1.235858	0.12887439	0.4194389	1.0	2606	tags=20%, list=13%, signal=23%	
GOMF_HISTONE_DEACETYLASE_BINDING	GOMF_HISTONE_DEACETYLASE_BINDING		121	0.3624544	1.2355025	0.08801214	0.41983128	1.0	3000	tags=24%, list=15%, signal=28%	
GOBP_NEGATIVE_REGULATION_OF_CHEMOTAXIS	GOBP_NEGATIVE_REGULATION_OF_CHEMOTAXIS		43	0.4213307	1.2353871	0.17142858	0.41967744	1.0	2107	tags=23%, list=11%, signal=26%	
GOBP_OUTFLOW_TRACT_SEPTUM_MORPHOGENESIS	GOBP_OUTFLOW_TRACT_SEPTUM_MORPHOGENESIS		25	0.47462735	1.2347529	0.17216118	0.42079774	1.0	2491	tags=36%, list=13%, signal=41%	
GOBP_BLOOD_VESSEL_ENDOTHELIAL_CELL_PROLIFERATION_INVOLVED_IN_SPROUTING_ANGIOGENESIS	GOBP_BLOOD_VESSEL_ENDOTHELIAL_CELL_PROLIFERATION_INVOLVED_IN_SPROUTING_ANGIOGENESIS		22	0.48483726	1.2346549	0.1875	0.42061228	1.0	2391	tags=36%, list=12%, signal=41%	
GOBP_DENDRITE_MORPHOGENESIS	GOBP_DENDRITE_MORPHOGENESIS		134	0.35951543	1.2345295	0.095454544	0.4205008	1.0	2789	tags=26%, list=14%, signal=30%	
GOBP_EPIDERMAL_GROWTH_FACTOR_RECEPTOR_SIGNALING_PATHWAY	GOBP_EPIDERMAL_GROWTH_FACTOR_RECEPTOR_SIGNALING_PATHWAY		105	0.3666927	1.2334957	0.11386139	0.42259538	1.0	2106	tags=16%, list=11%, signal=18%	
GOBP_CHAPERONE_COFACTOR_DEPENDENT_PROTEIN_REFOLDING	GOBP_CHAPERONE_COFACTOR_DEPENDENT_PROTEIN_REFOLDING		31	0.4500227	1.2331207	0.18	0.42304647	1.0	3669	tags=35%, list=19%, signal=44%	
GOBP_RESPONSE_TO_DEXAMETHASONE	GOBP_RESPONSE_TO_DEXAMETHASONE		43	0.41881168	1.2330579	0.13636364	0.422801	1.0	1495	tags=21%, list=8%, signal=23%	
GOBP_CELL_FATE_SPECIFICATION	GOBP_CELL_FATE_SPECIFICATION		105	0.36726937	1.2329801	0.12541254	0.42256984	1.0	3777	tags=27%, list=19%, signal=33%	
GOBP_POSITIVE_REGULATION_OF_AMINE_TRANSPORT	GOBP_POSITIVE_REGULATION_OF_AMINE_TRANSPORT		40	0.42942095	1.2328786	0.16517055	0.42241716	1.0	1963	tags=25%, list=10%, signal=28%	
GOBP_REGULATION_OF_ENDOTHELIAL_CELL_DIFFERENTIATION	GOBP_REGULATION_OF_ENDOTHELIAL_CELL_DIFFERENTIATION		35	0.44697854	1.2326487	0.18181819	0.42259663	1.0	1871	tags=31%, list=10%, signal=35%	
GOBP_REGULATION_OF_ORGANIC_ACID_TRANSPORT	GOBP_REGULATION_OF_ORGANIC_ACID_TRANSPORT		73	0.38692015	1.2324343	0.1323283	0.4226639	1.0	1166	tags=14%, list=6%, signal=15%	
GOBP_MESODERM_DEVELOPMENT	GOBP_MESODERM_DEVELOPMENT		125	0.36004552	1.2323707	0.10200669	0.42242163	1.0	2491	tags=23%, list=13%, signal=26%	
GOMF_TRANSPORTER_REGULATOR_ACTIVITY	GOMF_TRANSPORTER_REGULATOR_ACTIVITY		146	0.34958956	1.2319777	0.0960961	0.42291793	1.0	1958	tags=12%, list=10%, signal=14%	
GOBP_DENDRITE_DEVELOPMENT	GOBP_DENDRITE_DEVELOPMENT		226	0.3341788	1.2314458	0.058371738	0.42379186	1.0	2527	tags=20%, list=13%, signal=23%	
GOBP_DIGESTIVE_SYSTEM_DEVELOPMENT	GOBP_DIGESTIVE_SYSTEM_DEVELOPMENT		139	0.35487267	1.2312831	0.083333336	0.4237937	1.0	2441	tags=22%, list=13%, signal=25%	
GOBP_CARTILAGE_DEVELOPMENT_INVOLVED_IN_ENDOCHONDRAL_BONE_MORPHOGENESIS	GOBP_CARTILAGE_DEVELOPMENT_INVOLVED_IN_ENDOCHONDRAL_BONE_MORPHOGENESIS		31	0.44530052	1.23096	0.18198529	0.42413232	1.0	1311	tags=16%, list=7%, signal=17%	
GOBP_REGULATION_OF_PROTEIN_AUTOPHOSPHORYLATION	GOBP_REGULATION_OF_PROTEIN_AUTOPHOSPHORYLATION		36	0.4382721	1.230538	0.17259787	0.4247871	1.0	3745	tags=44%, list=19%, signal=55%	
GOBP_PRIMARY_AMINO_COMPOUND_METABOLIC_PROCESS	GOBP_PRIMARY_AMINO_COMPOUND_METABOLIC_PROCESS		15	0.53765523	1.2300775	0.2107438	0.42555192	1.0	4092	tags=47%, list=21%, signal=59%	
GOMF_INSULIN_LIKE_GROWTH_FACTOR_RECEPTOR_BINDING	GOMF_INSULIN_LIKE_GROWTH_FACTOR_RECEPTOR_BINDING		16	0.528789	1.2300265	0.20300752	0.42529002	1.0	1864	tags=25%, list=10%, signal=28%	
GOBP_RETINAL_GANGLION_CELL_AXON_GUIDANCE	GOBP_RETINAL_GANGLION_CELL_AXON_GUIDANCE		23	0.48025724	1.2299893	0.19886364	0.42495352	1.0	1001	tags=17%, list=5%, signal=18%	
GOCC_SCHAFFER_COLLATERAL_CA1_SYNAPSE	GOCC_SCHAFFER_COLLATERAL_CA1_SYNAPSE		91	0.3725445	1.2288146	0.11661342	0.42746606	1.0	2394	tags=21%, list=12%, signal=24%	
GOBP_REGULATION_OF_SODIUM_ION_TRANSMEMBRANE_TRANSPORTER_ACTIVITY	GOBP_REGULATION_OF_SODIUM_ION_TRANSMEMBRANE_TRANSPORTER_ACTIVITY		45	0.42416468	1.228784	0.14711033	0.4271432	1.0	1958	tags=22%, list=10%, signal=25%	
GOBP_EMBRYONIC_DIGESTIVE_TRACT_MORPHOGENESIS	GOBP_EMBRYONIC_DIGESTIVE_TRACT_MORPHOGENESIS		16	0.51649284	1.2284989	0.22303474	0.4274373	1.0	2363	tags=38%, list=12%, signal=43%	
GOBP_ANOIKIS	GOBP_ANOIKIS		33	0.44656387	1.2283472	0.16811092	0.42738792	1.0	2415	tags=27%, list=12%, signal=31%	
GOBP_NON_PROTEINOGENIC_AMINO_ACID_METABOLIC_PROCESS	GOBP_NON_PROTEINOGENIC_AMINO_ACID_METABOLIC_PROCESS		72	0.38998413	1.2280455	0.12	0.42770973	1.0	2921	tags=28%, list=15%, signal=33%	
GOBP_INTEGRIN_MEDIATED_SIGNALING_PATHWAY	GOBP_INTEGRIN_MEDIATED_SIGNALING_PATHWAY		107	0.36225238	1.2279181	0.117839605	0.42759198	1.0	2443	tags=30%, list=13%, signal=34%	
GOCC_BRUSH_BORDER	GOCC_BRUSH_BORDER		103	0.36810532	1.2276715	0.12724307	0.42777938	1.0	3474	tags=32%, list=18%, signal=39%	
GOBP_POSITIVE_REGULATION_OF_LAMELLIPODIUM_ORGANIZATION	GOBP_POSITIVE_REGULATION_OF_LAMELLIPODIUM_ORGANIZATION		36	0.44119552	1.2276293	0.17785844	0.42747876	1.0	4135	tags=44%, list=21%, signal=56%	
GOBP_NUCLEOTIDE_TRANSMEMBRANE_TRANSPORT	GOBP_NUCLEOTIDE_TRANSMEMBRANE_TRANSPORT		29	0.4594354	1.2275593	0.20430107	0.4272375	1.0	5120	tags=52%, list=26%, signal=70%	
GOBP_POSITIVE_REGULATION_OF_MUSCLE_CONTRACTION	GOBP_POSITIVE_REGULATION_OF_MUSCLE_CONTRACTION		48	0.41482228	1.2275393	0.15449916	0.42688587	1.0	1321	tags=15%, list=7%, signal=16%	
GOMF_GAP_JUNCTION_CHANNEL_ACTIVITY	GOMF_GAP_JUNCTION_CHANNEL_ACTIVITY		23	0.4796066	1.2268667	0.19925512	0.42804605	1.0	2012	tags=22%, list=10%, signal=24%	
GOBP_POSITIVE_REGULATION_OF_VASCULAR_ASSOCIATED_SMOOTH_MUSCLE_CELL_PROLIFERATION	GOBP_POSITIVE_REGULATION_OF_VASCULAR_ASSOCIATED_SMOOTH_MUSCLE_CELL_PROLIFERATION		34	0.436132	1.2268453	0.15653776	0.4276952	1.0	3344	tags=29%, list=17%, signal=35%	
GOBP_TISSUE_HOMEOSTASIS	GOBP_TISSUE_HOMEOSTASIS		253	0.33048567	1.2268063	0.048529413	0.42739895	1.0	2497	tags=22%, list=13%, signal=25%	
GOBP_CILIUM_ORGANIZATION	GOBP_CILIUM_ORGANIZATION		376	0.3172153	1.2267189	0.03924222	0.4271983	1.0	3854	tags=29%, list=20%, signal=35%	
GOBP_POSITIVE_REGULATION_OF_POTASSIUM_ION_TRANSMEMBRANE_TRANSPORT	GOBP_POSITIVE_REGULATION_OF_POTASSIUM_ION_TRANSMEMBRANE_TRANSPORT		34	0.45047528	1.2267087	0.17216118	0.42681187	1.0	1506	tags=24%, list=8%, signal=25%	
GOBP_WOUND_HEALING	GOBP_WOUND_HEALING		414	0.31679788	1.2265288	0.04347826	0.4268532	1.0	2318	tags=20%, list=12%, signal=23%	
GOBP_REGULATION_OF_POLYSACCHARIDE_BIOSYNTHETIC_PROCESS	GOBP_REGULATION_OF_POLYSACCHARIDE_BIOSYNTHETIC_PROCESS		32	0.4427454	1.2262837	0.19130434	0.4270662	1.0	2156	tags=19%, list=11%, signal=21%	
GOBP_REGULATION_OF_EXCITATORY_SYNAPSE_ASSEMBLY	GOBP_REGULATION_OF_EXCITATORY_SYNAPSE_ASSEMBLY		16	0.5262018	1.2260689	0.20479704	0.42717254	1.0	371	tags=13%, list=2%, signal=13%	
GOBP_COPULATION	GOBP_COPULATION		19	0.5092084	1.2248805	0.20708956	0.42971352	1.0	989	tags=21%, list=5%, signal=22%	
GOBP_ESTROUS_CYCLE	GOBP_ESTROUS_CYCLE		16	0.52110213	1.2242719	0.21102661	0.43085632	1.0	2425	tags=44%, list=12%, signal=50%	
GOMF_MAGNESIUM_ION_BINDING	GOMF_MAGNESIUM_ION_BINDING		218	0.3332294	1.2242101	0.070754714	0.43061122	1.0	3949	tags=32%, list=20%, signal=39%	
GOBP_AMINE_METABOLIC_PROCESS	GOBP_AMINE_METABOLIC_PROCESS		111	0.35958645	1.224171	0.10628019	0.43031114	1.0	2658	tags=20%, list=14%, signal=23%	
GOMF_PEPTIDE_HORMONE_RECEPTOR_BINDING	GOMF_PEPTIDE_HORMONE_RECEPTOR_BINDING		20	0.49930456	1.2239411	0.2032967	0.43045554	1.0	1668	tags=30%, list=9%, signal=33%	
GOCC_ATPASE_DEPENDENT_TRANSMEMBRANE_TRANSPORT_COMPLEX	GOCC_ATPASE_DEPENDENT_TRANSMEMBRANE_TRANSPORT_COMPLEX		25	0.4755762	1.223762	0.17279412	0.43051177	1.0	3312	tags=32%, list=17%, signal=39%	
GOBP_LABYRINTHINE_LAYER_MORPHOGENESIS	GOBP_LABYRINTHINE_LAYER_MORPHOGENESIS		20	0.4910658	1.2234117	0.1928839	0.4309577	1.0	2799	tags=35%, list=14%, signal=41%	
GOBP_LABYRINTHINE_LAYER_DEVELOPMENT	GOBP_LABYRINTHINE_LAYER_DEVELOPMENT		45	0.4164223	1.223256	0.16428572	0.43092814	1.0	3064	tags=27%, list=16%, signal=32%	
GOMF_MONOATOMIC_CATION_CHANNEL_ACTIVITY	GOMF_MONOATOMIC_CATION_CHANNEL_ACTIVITY		303	0.32159787	1.2230915	0.06140351	0.4309589	1.0	1998	tags=12%, list=10%, signal=13%	
GOBP_SYNAPSE_MATURATION	GOBP_SYNAPSE_MATURATION		34	0.44519228	1.2227188	0.18397085	0.43149516	1.0	2811	tags=29%, list=14%, signal=34%	
GOBP_ANATOMICAL_STRUCTURE_MATURATION	GOBP_ANATOMICAL_STRUCTURE_MATURATION		252	0.32836023	1.2223483	0.068214804	0.43202195	1.0	3160	tags=23%, list=16%, signal=28%	
GOBP_NEGATIVE_REGULATION_OF_RAS_PROTEIN_SIGNAL_TRANSDUCTION	GOBP_NEGATIVE_REGULATION_OF_RAS_PROTEIN_SIGNAL_TRANSDUCTION		22	0.47444215	1.2220474	0.17601547	0.43233398	1.0	4028	tags=41%, list=21%, signal=52%	
GOBP_POSITIVE_REGULATION_OF_SMOOTH_MUSCLE_CELL_DIFFERENTIATION	GOBP_POSITIVE_REGULATION_OF_SMOOTH_MUSCLE_CELL_DIFFERENTIATION		16	0.50764877	1.2210239	0.2152381	0.43444297	1.0	4850	tags=50%, list=25%, signal=67%	
GOBP_POSITIVE_REGULATION_OF_DENDRITIC_SPINE_MORPHOGENESIS	GOBP_POSITIVE_REGULATION_OF_DENDRITIC_SPINE_MORPHOGENESIS		18	0.506636	1.2209373	0.21550095	0.43424824	1.0	1745	tags=33%, list=9%, signal=37%	
GOBP_RETINAL_METABOLIC_PROCESS	GOBP_RETINAL_METABOLIC_PROCESS		17	0.5055201	1.2209319	0.2109228	0.433858	1.0	2962	tags=29%, list=15%, signal=35%	
GOBP_PROSTATE_GLAND_MORPHOGENESIS	GOBP_PROSTATE_GLAND_MORPHOGENESIS		27	0.45652142	1.2204825	0.19099098	0.43449497	1.0	943	tags=22%, list=5%, signal=23%	
GOBP_PYRIMIDINE_NUCLEOSIDE_TRIPHOSPHATE_BIOSYNTHETIC_PROCESS	GOBP_PYRIMIDINE_NUCLEOSIDE_TRIPHOSPHATE_BIOSYNTHETIC_PROCESS		18	0.5007947	1.2200196	0.21402214	0.4352138	1.0	4659	tags=50%, list=24%, signal=66%	
GOBP_POSITIVE_REGULATION_OF_AXONOGENESIS	GOBP_POSITIVE_REGULATION_OF_AXONOGENESIS		77	0.37289473	1.2198831	0.1568323	0.4351815	1.0	2195	tags=22%, list=11%, signal=25%	
GOBP_LOCOMOTORY_BEHAVIOR	GOBP_LOCOMOTORY_BEHAVIOR		197	0.3384024	1.2195567	0.07568438	0.43559375	1.0	2724	tags=19%, list=14%, signal=22%	
GOBP_POSITIVE_REGULATION_OF_PROTEIN_AUTOPHOSPHORYLATION	GOBP_POSITIVE_REGULATION_OF_PROTEIN_AUTOPHOSPHORYLATION		23	0.479488	1.2194594	0.21308412	0.43543804	1.0	3745	tags=52%, list=19%, signal=65%	
GOBP_HYALURONAN_METABOLIC_PROCESS	GOBP_HYALURONAN_METABOLIC_PROCESS		33	0.43499446	1.2193547	0.17463236	0.43532833	1.0	2495	tags=27%, list=13%, signal=31%	
GOCC_INTRACILIARY_TRANSPORT_PARTICLE	GOCC_INTRACILIARY_TRANSPORT_PARTICLE		22	0.48430076	1.2190259	0.20708956	0.4357474	1.0	4547	tags=45%, list=23%, signal=59%	
GOBP_VASCULAR_TRANSPORT	GOBP_VASCULAR_TRANSPORT		83	0.3755388	1.2189549	0.14238411	0.4355191	1.0	2780	tags=28%, list=14%, signal=32%	
GOBP_NEURON_FATE_COMMITMENT	GOBP_NEURON_FATE_COMMITMENT		71	0.38415378	1.2181785	0.15669014	0.43704164	1.0	3690	tags=24%, list=19%, signal=29%	
GOMF_NUCLEAR_ESTROGEN_RECEPTOR_BINDING	GOMF_NUCLEAR_ESTROGEN_RECEPTOR_BINDING		37	0.42848483	1.2177088	0.18637992	0.43780157	1.0	2799	tags=22%, list=14%, signal=25%	
GOBP_PURINE_CONTAINING_COMPOUND_TRANSMEMBRANE_TRANSPORT	GOBP_PURINE_CONTAINING_COMPOUND_TRANSMEMBRANE_TRANSPORT		38	0.43476963	1.2175009	0.16666667	0.43793404	1.0	4421	tags=42%, list=23%, signal=54%	
GOBP_COLLAGEN_CATABOLIC_PROCESS	GOBP_COLLAGEN_CATABOLIC_PROCESS		40	0.425447	1.2166312	0.1963964	0.43973944	1.0	2904	tags=40%, list=15%, signal=47%	
GOBP_AXIS_SPECIFICATION	GOBP_AXIS_SPECIFICATION		94	0.3669052	1.216378	0.13128039	0.43992668	1.0	2586	tags=23%, list=13%, signal=27%	
GOBP_PYRIMIDINE_CONTAINING_COMPOUND_TRANSMEMBRANE_TRANSPORT	GOBP_PYRIMIDINE_CONTAINING_COMPOUND_TRANSMEMBRANE_TRANSPORT		16	0.51213866	1.2162584	0.22307692	0.439831	1.0	1838	tags=25%, list=9%, signal=28%	
GOMF_SOLUTE_PROTON_SYMPORTER_ACTIVITY	GOMF_SOLUTE_PROTON_SYMPORTER_ACTIVITY		24	0.47310305	1.2161077	0.20926243	0.43979445	1.0	213	tags=8%, list=1%, signal=8%	
GOBP_MOTILE_CILIUM_ASSEMBLY	GOBP_MOTILE_CILIUM_ASSEMBLY		63	0.39389312	1.2152255	0.16777408	0.44153655	1.0	2586	tags=24%, list=13%, signal=27%	
GOBP_ACTIVIN_RECEPTOR_SIGNALING_PATHWAY	GOBP_ACTIVIN_RECEPTOR_SIGNALING_PATHWAY		47	0.4143259	1.2152077	0.15254237	0.44118658	1.0	3787	tags=30%, list=19%, signal=37%	
GOBP_RESPONSE_TO_VITAMIN	GOBP_RESPONSE_TO_VITAMIN		87	0.37248257	1.2145526	0.15437393	0.4424209	1.0	1738	tags=18%, list=9%, signal=20%	
GOBP_RESPONSE_TO_X_RAY	GOBP_RESPONSE_TO_X_RAY		26	0.45370647	1.2141147	0.18933824	0.44307154	1.0	3592	tags=38%, list=18%, signal=47%	
GOCC_LEADING_EDGE_MEMBRANE	GOCC_LEADING_EDGE_MEMBRANE		171	0.34025577	1.2140244	0.08643815	0.44288847	1.0	2286	tags=19%, list=12%, signal=22%	
GOBP_PHYSIOLOGICAL_CARDIAC_MUSCLE_HYPERTROPHY	GOBP_PHYSIOLOGICAL_CARDIAC_MUSCLE_HYPERTROPHY		23	0.47595796	1.2139529	0.2086331	0.4426656	1.0	2498	tags=26%, list=13%, signal=30%	
GOBP_VENTRICULAR_SEPTUM_DEVELOPMENT	GOBP_VENTRICULAR_SEPTUM_DEVELOPMENT		70	0.38706583	1.2135512	0.16803955	0.44325334	1.0	2645	tags=30%, list=14%, signal=35%	
GOBP_SODIUM_INDEPENDENT_ORGANIC_ANION_TRANSPORT	GOBP_SODIUM_INDEPENDENT_ORGANIC_ANION_TRANSPORT		15	0.52085936	1.2133785	0.23722628	0.44329995	1.0	2326	tags=20%, list=12%, signal=23%	
GOBP_POSITIVE_REGULATION_OF_LAMELLIPODIUM_ASSEMBLY	GOBP_POSITIVE_REGULATION_OF_LAMELLIPODIUM_ASSEMBLY		28	0.45494017	1.213098	0.20526315	0.44363645	1.0	4135	tags=50%, list=21%, signal=63%	
GOBP_GTP_METABOLIC_PROCESS	GOBP_GTP_METABOLIC_PROCESS		23	0.46953058	1.2127862	0.21223022	0.4440362	1.0	4552	tags=52%, list=23%, signal=68%	
GOMF_NADPLUS_BINDING	GOMF_NADPLUS_BINDING		18	0.4914842	1.2123096	0.2251407	0.44479808	1.0	1312	tags=17%, list=7%, signal=18%	
GOBP_REGULATION_OF_RECEPTOR_LOCALIZATION_TO_SYNAPSE	GOBP_REGULATION_OF_RECEPTOR_LOCALIZATION_TO_SYNAPSE		20	0.4919712	1.2118887	0.22820038	0.4454321	1.0	2364	tags=35%, list=12%, signal=40%	
GOBP_REGULATION_OF_SYNAPSE_MATURATION	GOBP_REGULATION_OF_SYNAPSE_MATURATION		21	0.4826616	1.2117636	0.22099447	0.4453295	1.0	774	tags=19%, list=4%, signal=20%	
GOBP_L_GLUTAMATE_TRANSMEMBRANE_TRANSPORT	GOBP_L_GLUTAMATE_TRANSMEMBRANE_TRANSPORT		29	0.44484216	1.2116767	0.22751322	0.44514352	1.0	1724	tags=21%, list=9%, signal=23%	
GOBP_NEGATIVE_REGULATION_OF_MONOATOMIC_ION_TRANSPORT	GOBP_NEGATIVE_REGULATION_OF_MONOATOMIC_ION_TRANSPORT		111	0.3570954	1.2114589	0.13657771	0.44531092	1.0	2671	tags=19%, list=14%, signal=22%	
GOMF_AMINO_ACID_BINDING	GOMF_AMINO_ACID_BINDING		46	0.41065565	1.2111965	0.1861702	0.44556937	1.0	1386	tags=13%, list=7%, signal=14%	
GOBP_REGULATION_OF_INTRINSIC_APOPTOTIC_SIGNALING_PATHWAY_BY_P53_CLASS_MEDIATOR	GOBP_REGULATION_OF_INTRINSIC_APOPTOTIC_SIGNALING_PATHWAY_BY_P53_CLASS_MEDIATOR		29	0.44734788	1.2107902	0.1985428	0.44621062	1.0	2232	tags=24%, list=11%, signal=27%	
GOBP_NEGATIVE_REGULATION_OF_TRANSFORMING_GROWTH_FACTOR_BETA_RECEPTOR_SIGNALING_PATHWAY	GOBP_NEGATIVE_REGULATION_OF_TRANSFORMING_GROWTH_FACTOR_BETA_RECEPTOR_SIGNALING_PATHWAY		88	0.36601448	1.2106578	0.1356784	0.44616058	1.0	2245	tags=17%, list=12%, signal=19%	
GOMF_OXYSTEROL_BINDING	GOMF_OXYSTEROL_BINDING		16	0.5111822	1.2105939	0.25201613	0.4459159	1.0	4715	tags=56%, list=24%, signal=74%	
GOBP_REGULATION_OF_RAS_PROTEIN_SIGNAL_TRANSDUCTION	GOBP_REGULATION_OF_RAS_PROTEIN_SIGNAL_TRANSDUCTION		47	0.4071837	1.2105151	0.15889464	0.4457048	1.0	4028	tags=34%, list=21%, signal=43%	
GOBP_STORE_OPERATED_CALCIUM_ENTRY	GOBP_STORE_OPERATED_CALCIUM_ENTRY		20	0.48447633	1.2102559	0.20262665	0.44597074	1.0	1406	tags=20%, list=7%, signal=22%	
GOBP_ORGANIC_HYDROXY_COMPOUND_CATABOLIC_PROCESS	GOBP_ORGANIC_HYDROXY_COMPOUND_CATABOLIC_PROCESS		55	0.39146784	1.2101898	0.13676731	0.44574517	1.0	1938	tags=18%, list=10%, signal=20%	
GOCC_SODIUM_CHANNEL_COMPLEX	GOCC_SODIUM_CHANNEL_COMPLEX		23	0.4710501	1.210078	0.20037106	0.44562724	1.0	877	tags=13%, list=5%, signal=14%	
GOBP_REGULATION_OF_NEURONAL_SYNAPTIC_PLASTICITY	GOBP_REGULATION_OF_NEURONAL_SYNAPTIC_PLASTICITY		53	0.40103614	1.2100401	0.16464472	0.44532973	1.0	2805	tags=19%, list=14%, signal=22%	
GOBP_INSULIN_METABOLIC_PROCESS	GOBP_INSULIN_METABOLIC_PROCESS		15	0.5265215	1.2097265	0.22623575	0.4457073	1.0	215	tags=13%, list=1%, signal=13%	
GOBP_DIGESTIVE_TRACT_MORPHOGENESIS	GOBP_DIGESTIVE_TRACT_MORPHOGENESIS		46	0.40613183	1.2096916	0.18245614	0.44540247	1.0	2363	tags=28%, list=12%, signal=32%	
GOBP_CELLULAR_COMPONENT_MAINTENANCE	GOBP_CELLULAR_COMPONENT_MAINTENANCE		66	0.3819747	1.2091659	0.16696589	0.44631633	1.0	2959	tags=26%, list=15%, signal=30%	
GOMF_INTRACELLULARLY_GATED_CALCIUM_CHANNEL_ACTIVITY	GOMF_INTRACELLULARLY_GATED_CALCIUM_CHANNEL_ACTIVITY		17	0.50881654	1.208988	0.2405303	0.44635004	1.0	752	tags=18%, list=4%, signal=18%	
GOBP_PROTEIN_TRIMERIZATION	GOBP_PROTEIN_TRIMERIZATION		17	0.5090686	1.2085795	0.22093023	0.44695884	1.0	1373	tags=24%, list=7%, signal=25%	
GOBP_ADULT_LOCOMOTORY_BEHAVIOR	GOBP_ADULT_LOCOMOTORY_BEHAVIOR		79	0.3748682	1.2075387	0.16639479	0.44916236	1.0	1754	tags=15%, list=9%, signal=17%	
GOBP_REGULATION_OF_VASOCONSTRICTION	GOBP_REGULATION_OF_VASOCONSTRICTION		65	0.38123655	1.2067273	0.1802721	0.45077938	1.0	2137	tags=22%, list=11%, signal=24%	
GOBP_BLASTODERM_SEGMENTATION	GOBP_BLASTODERM_SEGMENTATION		22	0.48247465	1.2056417	0.22504537	0.45309728	1.0	528	tags=18%, list=3%, signal=19%	
GOMF_GTPASE_ACTIVITY	GOMF_GTPASE_ACTIVITY		297	0.31777647	1.2050337	0.06401138	0.454244	1.0	3169	tags=20%, list=16%, signal=23%	
GOBP_URETER_DEVELOPMENT	GOBP_URETER_DEVELOPMENT		18	0.50709414	1.2050066	0.22816399	0.45390534	1.0	1425	tags=28%, list=7%, signal=30%	
GOBP_CARBON_DIOXIDE_TRANSPORT	GOBP_CARBON_DIOXIDE_TRANSPORT		15	0.51385736	1.2045704	0.23809524	0.4545936	1.0	1163	tags=27%, list=6%, signal=28%	
GOBP_POSITIVE_REGULATION_OF_EPITHELIAL_TO_MESENCHYMAL_TRANSITION	GOBP_POSITIVE_REGULATION_OF_EPITHELIAL_TO_MESENCHYMAL_TRANSITION		56	0.3993775	1.2043918	0.17283951	0.45464748	1.0	2096	tags=27%, list=11%, signal=30%	
GOBP_REGULATION_OF_ORGAN_GROWTH	GOBP_REGULATION_OF_ORGAN_GROWTH		86	0.37047005	1.2043707	0.14473684	0.45429313	1.0	2770	tags=24%, list=14%, signal=28%	
GOMF_FIBROBLAST_GROWTH_FACTOR_RECEPTOR_BINDING	GOMF_FIBROBLAST_GROWTH_FACTOR_RECEPTOR_BINDING		24	0.47375816	1.2043436	0.21828358	0.4539539	1.0	3102	tags=25%, list=16%, signal=30%	
GOBP_MITOTIC_CELL_CYCLE_PHASE_TRANSITION	GOBP_MITOTIC_CELL_CYCLE_PHASE_TRANSITION		414	0.30881694	1.2041688	0.05248619	0.45397702	1.0	3865	tags=24%, list=20%, signal=30%	
GOCC_TRANSPORTER_COMPLEX	GOCC_TRANSPORTER_COMPLEX		436	0.3079059	1.2041001	0.048814505	0.4537464	1.0	1973	tags=11%, list=10%, signal=12%	
GOBP_POSITIVE_REGULATION_OF_OSTEOCLAST_DIFFERENTIATION	GOBP_POSITIVE_REGULATION_OF_OSTEOCLAST_DIFFERENTIATION		27	0.44920003	1.2038963	0.20450607	0.45387995	1.0	2488	tags=26%, list=13%, signal=30%	
GOBP_STEROID_HORMONE_BIOSYNTHETIC_PROCESS	GOBP_STEROID_HORMONE_BIOSYNTHETIC_PROCESS		44	0.40991536	1.2038418	0.1956912	0.45360917	1.0	1191	tags=16%, list=6%, signal=17%	
GOBP_SCHWANN_CELL_DIFFERENTIATION	GOBP_SCHWANN_CELL_DIFFERENTIATION		47	0.4134636	1.2035588	0.18248175	0.4538944	1.0	3108	tags=32%, list=16%, signal=38%	
GOBP_DENDRITIC_SPINE_DEVELOPMENT	GOBP_DENDRITIC_SPINE_DEVELOPMENT		92	0.3597434	1.20354	0.14451827	0.4535385	1.0	2181	tags=21%, list=11%, signal=23%	
GOBP_REGULATION_OF_MUSCLE_HYPERTROPHY	GOBP_REGULATION_OF_MUSCLE_HYPERTROPHY		55	0.39895728	1.2034042	0.2037037	0.45346242	1.0	2498	tags=24%, list=13%, signal=27%	
GOMF_SCAFFOLD_PROTEIN_BINDING	GOMF_SCAFFOLD_PROTEIN_BINDING		69	0.38508737	1.203374	0.15570934	0.45315605	1.0	3157	tags=23%, list=16%, signal=28%	
GOBP_NEGATIVE_REGULATION_OF_TRANSMEMBRANE_TRANSPORT	GOBP_NEGATIVE_REGULATION_OF_TRANSMEMBRANE_TRANSPORT		113	0.35141647	1.203261	0.12748344	0.4530533	1.0	2671	tags=21%, list=14%, signal=24%	
GOBP_REGULATION_OF_ENDOTHELIAL_CELL_DEVELOPMENT	GOBP_REGULATION_OF_ENDOTHELIAL_CELL_DEVELOPMENT		18	0.4903957	1.2031898	0.24677716	0.45284706	1.0	1652	tags=33%, list=9%, signal=36%	
GOBP_MYOBLAST_FUSION	GOBP_MYOBLAST_FUSION		45	0.40888533	1.2029885	0.19683656	0.45293096	1.0	3284	tags=36%, list=17%, signal=43%	
GOBP_GASTRULATION_WITH_MOUTH_FORMING_SECOND	GOBP_GASTRULATION_WITH_MOUTH_FORMING_SECOND		26	0.45970678	1.2029421	0.21532847	0.4526702	1.0	4458	tags=42%, list=23%, signal=55%	
GOBP_SODIUM_ION_IMPORT_ACROSS_PLASMA_MEMBRANE	GOBP_SODIUM_ION_IMPORT_ACROSS_PLASMA_MEMBRANE		23	0.46346536	1.2021102	0.21119134	0.45431745	1.0	3175	tags=26%, list=16%, signal=31%	
GOBP_NEGATIVE_REGULATION_OF_WOUND_HEALING	GOBP_NEGATIVE_REGULATION_OF_WOUND_HEALING		69	0.3788639	1.2020612	0.18319328	0.4540408	1.0	2286	tags=26%, list=12%, signal=29%	
GOBP_REGULATION_OF_CELLULAR_RESPONSE_TO_HYPOXIA	GOBP_REGULATION_OF_CELLULAR_RESPONSE_TO_HYPOXIA		17	0.5043264	1.2020164	0.21611002	0.4537673	1.0	3733	tags=29%, list=19%, signal=36%	
GOMF_OXIDOREDUCTASE_ACTIVITY_ACTING_ON_THE_ALDEHYDE_OR_OXO_GROUP_OF_DONORS	GOMF_OXIDOREDUCTASE_ACTIVITY_ACTING_ON_THE_ALDEHYDE_OR_OXO_GROUP_OF_DONORS		49	0.41142485	1.2020146	0.17773788	0.453376	1.0	3330	tags=33%, list=17%, signal=39%	
GOCC_CELL_PROJECTION_MEMBRANE	GOCC_CELL_PROJECTION_MEMBRANE		334	0.31649584	1.202014	0.06693989	0.45298356	1.0	3497	tags=24%, list=18%, signal=29%	
GOBP_REGULATION_OF_EPITHELIAL_CELL_DIFFERENTIATION	GOBP_REGULATION_OF_EPITHELIAL_CELL_DIFFERENTIATION		148	0.34312454	1.2018291	0.12361331	0.45304996	1.0	2647	tags=22%, list=14%, signal=25%	
GOBP_PROTEIN_LOCALIZATION_TO_CELL_SURFACE	GOBP_PROTEIN_LOCALIZATION_TO_CELL_SURFACE		65	0.3826238	1.2016304	0.1607445	0.4531415	1.0	2318	tags=23%, list=12%, signal=26%	
GOMF_ADP_BINDING	GOMF_ADP_BINDING		36	0.42256632	1.2012031	0.20582879	0.45387003	1.0	3687	tags=33%, list=19%, signal=41%	
GOBP_CRANIAL_NERVE_MORPHOGENESIS	GOBP_CRANIAL_NERVE_MORPHOGENESIS		31	0.44132006	1.200889	0.18956521	0.45428422	1.0	3521	tags=42%, list=18%, signal=51%	
GOBP_POSITIVE_REGULATION_OF_GLIAL_CELL_DIFFERENTIATION	GOBP_POSITIVE_REGULATION_OF_GLIAL_CELL_DIFFERENTIATION		43	0.40873006	1.2007244	0.18215613	0.45431986	1.0	2648	tags=21%, list=14%, signal=24%	
GOMF_ICOSANOID_RECEPTOR_ACTIVITY	GOMF_ICOSANOID_RECEPTOR_ACTIVITY		15	0.51644856	1.2003316	0.22509225	0.45488816	1.0	763	tags=27%, list=4%, signal=28%	
GOBP_NEGATIVE_REGULATION_OF_PROTEIN_IMPORT_INTO_NUCLEUS	GOBP_NEGATIVE_REGULATION_OF_PROTEIN_IMPORT_INTO_NUCLEUS		15	0.5147289	1.1999766	0.2412523	0.45535168	1.0	230	tags=13%, list=1%, signal=13%	
GOBP_MITOCHONDRIAL_TRANSMEMBRANE_TRANSPORT	GOBP_MITOCHONDRIAL_TRANSMEMBRANE_TRANSPORT		95	0.36187688	1.1997783	0.16370107	0.45542943	1.0	2624	tags=19%, list=14%, signal=22%	
GOMF_HYALURONIC_ACID_BINDING	GOMF_HYALURONIC_ACID_BINDING		24	0.463885	1.1981484	0.2048611	0.45915997	1.0	1750	tags=21%, list=9%, signal=23%	
GOMF_PROTEIN_RNA_ADAPTOR_ACTIVITY	GOMF_PROTEIN_RNA_ADAPTOR_ACTIVITY		21	0.48876947	1.1978682	0.23991935	0.4594924	1.0	1658	tags=14%, list=9%, signal=16%	
GOBP_SODIUM_ION_TRANSPORT	GOBP_SODIUM_ION_TRANSPORT		242	0.32106745	1.197606	0.08848315	0.45976308	1.0	1749	tags=12%, list=9%, signal=13%	
GOBP_GLUTAMINE_FAMILY_AMINO_ACID_METABOLIC_PROCESS	GOBP_GLUTAMINE_FAMILY_AMINO_ACID_METABOLIC_PROCESS		70	0.37574068	1.1975509	0.17324185	0.45950183	1.0	2925	tags=30%, list=15%, signal=35%	
GOMF_GATED_CHANNEL_ACTIVITY	GOMF_GATED_CHANNEL_ACTIVITY		307	0.31790438	1.197516	0.07582261	0.45919695	1.0	1998	tags=12%, list=10%, signal=13%	
GOCC_SPERM_HEAD	GOCC_SPERM_HEAD		17	0.5125603	1.1974543	0.23314066	0.45896918	1.0	177	tags=6%, list=1%, signal=6%	
GOBP_GLUTAMATERGIC_NEURON_DIFFERENTIATION	GOBP_GLUTAMATERGIC_NEURON_DIFFERENTIATION		17	0.4989328	1.1968285	0.2532833	0.46006963	1.0	242	tags=12%, list=1%, signal=12%	
GOBP_RESPONSE_TO_ALCOHOL	GOBP_RESPONSE_TO_ALCOHOL		252	0.32222623	1.1963817	0.098966025	0.46084815	1.0	2298	tags=17%, list=12%, signal=19%	
GOBP_CALCIUM_ION_HOMEOSTASIS	GOBP_CALCIUM_ION_HOMEOSTASIS		312	0.31543556	1.1962117	0.07174231	0.46085584	1.0	2038	tags=16%, list=10%, signal=17%	
GOBP_MUSCLE_CELL_APOPTOTIC_PROCESS	GOBP_MUSCLE_CELL_APOPTOTIC_PROCESS		78	0.37090293	1.1959839	0.15346535	0.46099973	1.0	1379	tags=15%, list=7%, signal=16%	
GOCC_APICAL_DENDRITE	GOCC_APICAL_DENDRITE		17	0.50182045	1.1958427	0.23260073	0.46096823	1.0	2011	tags=35%, list=10%, signal=39%	
GOBP_REGULATION_OF_GLUCOSE_METABOLIC_PROCESS	GOBP_REGULATION_OF_GLUCOSE_METABOLIC_PROCESS		91	0.36262354	1.1956675	0.14333895	0.46101582	1.0	3460	tags=30%, list=18%, signal=36%	
GOBP_CELL_JUNCTION_DISASSEMBLY	GOBP_CELL_JUNCTION_DISASSEMBLY		27	0.44845518	1.1955283	0.21869488	0.46101326	1.0	4464	tags=59%, list=23%, signal=77%	
GOBP_POSITIVE_REGULATION_OF_SMOOTH_MUSCLE_CONTRACTION	GOBP_POSITIVE_REGULATION_OF_SMOOTH_MUSCLE_CONTRACTION		30	0.43222192	1.1952394	0.21264368	0.46138686	1.0	343	tags=13%, list=2%, signal=14%	
GOMF_PDZ_DOMAIN_BINDING	GOMF_PDZ_DOMAIN_BINDING		78	0.37093884	1.1944897	0.16694215	0.462903	1.0	2901	tags=24%, list=15%, signal=29%	
GOBP_EPHRIN_RECEPTOR_SIGNALING_PATHWAY	GOBP_EPHRIN_RECEPTOR_SIGNALING_PATHWAY		50	0.40192097	1.1941141	0.20765027	0.46341875	1.0	2371	tags=28%, list=12%, signal=32%	
GOBP_PULMONARY_VALVE_MORPHOGENESIS	GOBP_PULMONARY_VALVE_MORPHOGENESIS		20	0.47866875	1.193822	0.22867514	0.4637785	1.0	1539	tags=35%, list=8%, signal=38%	
GOBP_NEGATIVE_REGULATION_OF_NOTCH_SIGNALING_PATHWAY	GOBP_NEGATIVE_REGULATION_OF_NOTCH_SIGNALING_PATHWAY		36	0.42468345	1.1936302	0.19538188	0.46387663	1.0	2513	tags=25%, list=13%, signal=29%	
GOBP_ODONTOGENESIS	GOBP_ODONTOGENESIS		128	0.34876323	1.1934779	0.13728549	0.46386725	1.0	2240	tags=20%, list=12%, signal=22%	
GOBP_PROSTAGLANDIN_TRANSPORT	GOBP_PROSTAGLANDIN_TRANSPORT		28	0.44188347	1.19343	0.21252371	0.4635905	1.0	813	tags=18%, list=4%, signal=19%	
GOBP_POSITIVE_REGULATION_OF_CELL_ADHESION	GOBP_POSITIVE_REGULATION_OF_CELL_ADHESION		465	0.30567664	1.1932561	0.041436464	0.46359962	1.0	2705	tags=23%, list=14%, signal=26%	
GOBP_BRAIN_MORPHOGENESIS	GOBP_BRAIN_MORPHOGENESIS		36	0.4331833	1.193254	0.21261261	0.46321106	1.0	4916	tags=39%, list=25%, signal=52%	
GOBP_MONOCARBOXYLIC_ACID_BIOSYNTHETIC_PROCESS	GOBP_MONOCARBOXYLIC_ACID_BIOSYNTHETIC_PROCESS		207	0.32872194	1.1926659	0.11265432	0.46435076	1.0	2992	tags=24%, list=15%, signal=28%	
GOBP_RESPONSE_TO_MAGNESIUM_ION	GOBP_RESPONSE_TO_MAGNESIUM_ION		20	0.4785456	1.1926179	0.22326455	0.46408933	1.0	1257	tags=15%, list=6%, signal=16%	
GOBP_POSITIVE_REGULATION_OF_SODIUM_ION_TRANSPORT	GOBP_POSITIVE_REGULATION_OF_SODIUM_ION_TRANSPORT		31	0.43208158	1.1926062	0.2181146	0.46373403	1.0	1958	tags=23%, list=10%, signal=25%	
GOBP_EPITHELIAL_TUBE_BRANCHING_INVOLVED_IN_LUNG_MORPHOGENESIS	GOBP_EPITHELIAL_TUBE_BRANCHING_INVOLVED_IN_LUNG_MORPHOGENESIS		29	0.43934304	1.1925305	0.21801803	0.46354416	1.0	2176	tags=24%, list=11%, signal=27%	
GOBP_ESTABLISHMENT_OF_MITOCHONDRION_LOCALIZATION	GOBP_ESTABLISHMENT_OF_MITOCHONDRION_LOCALIZATION		32	0.43546176	1.1922127	0.20366973	0.4639359	1.0	1482	tags=19%, list=8%, signal=20%	
GOBP_RESPIRATORY_GASEOUS_EXCHANGE_BY_RESPIRATORY_SYSTEM	GOBP_RESPIRATORY_GASEOUS_EXCHANGE_BY_RESPIRATORY_SYSTEM		74	0.3672095	1.1916667	0.18668832	0.46493953	1.0	2574	tags=22%, list=13%, signal=25%	
GOBP_NEGATIVE_REGULATION_OF_PROTEIN_LOCALIZATION_TO_NUCLEUS	GOBP_NEGATIVE_REGULATION_OF_PROTEIN_LOCALIZATION_TO_NUCLEUS		34	0.42491084	1.1907731	0.22222222	0.46682584	1.0	2760	tags=24%, list=14%, signal=27%	
GOBP_REGULATION_OF_SODIUM_ION_TRANSMEMBRANE_TRANSPORT	GOBP_REGULATION_OF_SODIUM_ION_TRANSMEMBRANE_TRANSPORT		55	0.3952749	1.1903375	0.19120136	0.46752295	1.0	1958	tags=18%, list=10%, signal=20%	
GOBP_REGULATION_OF_MONOATOMIC_ION_TRANSMEMBRANE_TRANSPORT	GOBP_REGULATION_OF_MONOATOMIC_ION_TRANSMEMBRANE_TRANSPORT		314	0.3143886	1.1902046	0.07949791	0.46746472	1.0	1982	tags=15%, list=10%, signal=16%	
GOBP_REGULATION_OF_ENDOCRINE_PROCESS	GOBP_REGULATION_OF_ENDOCRINE_PROCESS		39	0.4141264	1.1899717	0.19244604	0.4676286	1.0	2020	tags=28%, list=10%, signal=31%	
GOMF_ENDOPEPTIDASE_ACTIVITY	GOMF_ENDOPEPTIDASE_ACTIVITY		369	0.31109655	1.1897781	0.07391911	0.46771422	1.0	1273	tags=11%, list=7%, signal=11%	
GOBP_DNA_CATABOLIC_PROCESS	GOBP_DNA_CATABOLIC_PROCESS		27	0.4509218	1.1894314	0.21503496	0.46817276	1.0	3234	tags=22%, list=17%, signal=27%	
GOBP_POSITIVE_REGULATION_OF_MULTICELLULAR_ORGANISM_GROWTH	GOBP_POSITIVE_REGULATION_OF_MULTICELLULAR_ORGANISM_GROWTH		31	0.43729228	1.1894282	0.21755028	0.4677854	1.0	2405	tags=19%, list=12%, signal=22%	
GOBP_AUTONOMIC_NERVOUS_SYSTEM_DEVELOPMENT	GOBP_AUTONOMIC_NERVOUS_SYSTEM_DEVELOPMENT		45	0.4035432	1.188545	0.20172414	0.4696086	1.0	2187	tags=29%, list=11%, signal=32%	
GOBP_PROTEIN_CONTAINING_COMPLEX_LOCALIZATION	GOBP_PROTEIN_CONTAINING_COMPLEX_LOCALIZATION		183	0.32790056	1.1879075	0.13181818	0.47087777	1.0	3026	tags=22%, list=16%, signal=26%	
GOBP_NEGATIVE_REGULATION_OF_BLOOD_VESSEL_ENDOTHELIAL_CELL_MIGRATION	GOBP_NEGATIVE_REGULATION_OF_BLOOD_VESSEL_ENDOTHELIAL_CELL_MIGRATION		34	0.42853478	1.1878921	0.20593368	0.47052225	1.0	2178	tags=26%, list=11%, signal=30%	
GOBP_CALCIUM_ION_TRANSMEMBRANE_IMPORT_INTO_CYTOSOL	GOBP_CALCIUM_ION_TRANSMEMBRANE_IMPORT_INTO_CYTOSOL		174	0.3288461	1.1875892	0.10307692	0.4709362	1.0	1261	tags=11%, list=6%, signal=12%	
GOBP_NEGATIVE_REGULATION_OF_GLIAL_CELL_PROLIFERATION	GOBP_NEGATIVE_REGULATION_OF_GLIAL_CELL_PROLIFERATION		16	0.5055682	1.187423	0.28089887	0.4709181	1.0	64	tags=6%, list=0%, signal=6%	
GOBP_POSITIVE_REGULATION_OF_LONG_TERM_SYNAPTIC_POTENTIATION	GOBP_POSITIVE_REGULATION_OF_LONG_TERM_SYNAPTIC_POTENTIATION		20	0.47323382	1.187121	0.24105461	0.47132963	1.0	1001	tags=15%, list=5%, signal=16%	
GOBP_GONADOTROPIN_SECRETION	GOBP_GONADOTROPIN_SECRETION		17	0.50827587	1.1865687	0.24478178	0.4723556	1.0	650	tags=24%, list=3%, signal=24%	
GOBP_PARASYMPATHETIC_NERVOUS_SYSTEM_DEVELOPMENT	GOBP_PARASYMPATHETIC_NERVOUS_SYSTEM_DEVELOPMENT		19	0.48426145	1.1860536	0.22093023	0.47325113	1.0	2648	tags=42%, list=14%, signal=49%	
GOMF_METALLOEXOPEPTIDASE_ACTIVITY	GOMF_METALLOEXOPEPTIDASE_ACTIVITY		65	0.37145847	1.1856992	0.1722973	0.47379205	1.0	1068	tags=11%, list=5%, signal=11%	
GOBP_REGULATION_OF_GLUCOSE_IMPORT	GOBP_REGULATION_OF_GLUCOSE_IMPORT		53	0.39297187	1.1855608	0.19591141	0.47374982	1.0	2411	tags=25%, list=12%, signal=28%	
GOBP_MONOCARBOXYLIC_ACID_TRANSPORT	GOBP_MONOCARBOXYLIC_ACID_TRANSPORT		177	0.33183894	1.1851876	0.12839879	0.47434622	1.0	1714	tags=11%, list=9%, signal=12%	
GOCC_INTRACILIARY_TRANSPORT_PARTICLE_B	GOCC_INTRACILIARY_TRANSPORT_PARTICLE_B		15	0.507083	1.1851771	0.24517375	0.47397932	1.0	6688	tags=80%, list=34%, signal=122%	
GOCC_PRESYNAPTIC_ACTIVE_ZONE	GOCC_PRESYNAPTIC_ACTIVE_ZONE		75	0.3744166	1.1848017	0.18845502	0.4745519	1.0	3273	tags=25%, list=17%, signal=30%	
GOMF_CYTOKINE_RECEPTOR_BINDING	GOMF_CYTOKINE_RECEPTOR_BINDING		260	0.3161228	1.1846879	0.100430414	0.4744306	1.0	1878	tags=16%, list=10%, signal=18%	
GOBP_REGULATION_OF_PLASMINOGEN_ACTIVATION	GOBP_REGULATION_OF_PLASMINOGEN_ACTIVATION		18	0.491422	1.1845872	0.28346458	0.47428998	1.0	1415	tags=22%, list=7%, signal=24%	
GOBP_STEM_CELL_PROLIFERATION	GOBP_STEM_CELL_PROLIFERATION		109	0.34888378	1.1843678	0.1418919	0.47445947	1.0	2638	tags=24%, list=14%, signal=27%	
GOBP_GLUCOSE_IMPORT	GOBP_GLUCOSE_IMPORT		71	0.37259543	1.183907	0.18305084	0.47526228	1.0	2454	tags=23%, list=13%, signal=26%	
GOBP_BONE_REMODELING	GOBP_BONE_REMODELING		89	0.36282942	1.1838094	0.1761827	0.47513962	1.0	1770	tags=21%, list=9%, signal=23%	
GOBP_PEPTIDYL_TYROSINE_MODIFICATION	GOBP_PEPTIDYL_TYROSINE_MODIFICATION		254	0.3170477	1.1836303	0.08873239	0.47524312	1.0	2592	tags=21%, list=13%, signal=24%	
GOBP_TELENCEPHALON_DEVELOPMENT	GOBP_TELENCEPHALON_DEVELOPMENT		268	0.31515643	1.1835974	0.096296296	0.4749531	1.0	2425	tags=18%, list=12%, signal=20%	
GOBP_CHAPERONE_MEDIATED_PROTEIN_FOLDING	GOBP_CHAPERONE_MEDIATED_PROTEIN_FOLDING		75	0.371358	1.18356	0.17345133	0.47465965	1.0	5017	tags=43%, list=26%, signal=57%	
GOBP_MONOAMINE_TRANSPORT	GOBP_MONOAMINE_TRANSPORT		76	0.3705754	1.1827945	0.18641116	0.47617468	1.0	2614	tags=21%, list=13%, signal=24%	
GOMF_CALCIUM_CHANNEL_REGULATOR_ACTIVITY	GOMF_CALCIUM_CHANNEL_REGULATOR_ACTIVITY		47	0.40249074	1.1827018	0.19818182	0.47602803	1.0	583	tags=11%, list=3%, signal=11%	
GOMF_TRANSFORMING_GROWTH_FACTOR_BETA_RECEPTOR_BINDING	GOMF_TRANSFORMING_GROWTH_FACTOR_BETA_RECEPTOR_BINDING		26	0.4450235	1.1824666	0.21601489	0.47622564	1.0	662	tags=19%, list=3%, signal=20%	
GOMF_SODIUM_INDEPENDENT_ORGANIC_ANION_TRANSMEMBRANE_TRANSPORTER_ACTIVITY	GOMF_SODIUM_INDEPENDENT_ORGANIC_ANION_TRANSMEMBRANE_TRANSPORTER_ACTIVITY		16	0.5059526	1.1824358	0.24436091	0.47590017	1.0	2974	tags=25%, list=15%, signal=29%	
GOBP_CYTOSKELETON_DEPENDENT_INTRACELLULAR_TRANSPORT	GOBP_CYTOSKELETON_DEPENDENT_INTRACELLULAR_TRANSPORT		190	0.32797635	1.1814886	0.12443778	0.4779047	1.0	4680	tags=36%, list=24%, signal=47%	
GOBP_NEGATIVE_REGULATION_OF_NEURAL_PRECURSOR_CELL_PROLIFERATION	GOBP_NEGATIVE_REGULATION_OF_NEURAL_PRECURSOR_CELL_PROLIFERATION		25	0.44936195	1.1813846	0.2188065	0.47777385	1.0	1678	tags=20%, list=9%, signal=22%	
GOBP_XENOBIOTIC_CATABOLIC_PROCESS	GOBP_XENOBIOTIC_CATABOLIC_PROCESS		25	0.44731092	1.181093	0.23562153	0.47815984	1.0	2166	tags=24%, list=11%, signal=27%	
GOBP_REGULATION_OF_ACTIN_FILAMENT_BUNDLE_ASSEMBLY	GOBP_REGULATION_OF_ACTIN_FILAMENT_BUNDLE_ASSEMBLY		99	0.35564882	1.1809847	0.17092651	0.47804978	1.0	3309	tags=28%, list=17%, signal=34%	
GOBP_REGULATION_OF_MEMBRANE_DEPOLARIZATION	GOBP_REGULATION_OF_MEMBRANE_DEPOLARIZATION		45	0.4038476	1.18086	0.21143848	0.47799268	1.0	993	tags=13%, list=5%, signal=14%	
GOCC_MYOSIN_FILAMENT	GOCC_MYOSIN_FILAMENT		24	0.45161387	1.1805699	0.23684211	0.47834426	1.0	2736	tags=38%, list=14%, signal=44%	
GOBP_LENS_FIBER_CELL_DIFFERENTIATION	GOBP_LENS_FIBER_CELL_DIFFERENTIATION		34	0.42609015	1.180416	0.22557727	0.47838393	1.0	5033	tags=35%, list=26%, signal=48%	
GOBP_NEGATIVE_REGULATION_OF_FAT_CELL_DIFFERENTIATION	GOBP_NEGATIVE_REGULATION_OF_FAT_CELL_DIFFERENTIATION		49	0.3961262	1.1799464	0.20034543	0.47921956	1.0	2314	tags=31%, list=12%, signal=35%	
GOMF_LIGAND_ACTIVATED_TRANSCRIPTION_FACTOR_ACTIVITY	GOMF_LIGAND_ACTIVATED_TRANSCRIPTION_FACTOR_ACTIVITY		53	0.3947597	1.1796426	0.20981388	0.4796372	1.0	3488	tags=26%, list=18%, signal=32%	
GOBP_GLIAL_CELL_DEVELOPMENT	GOBP_GLIAL_CELL_DEVELOPMENT		126	0.3399139	1.1793355	0.1563981	0.48003536	1.0	3238	tags=25%, list=17%, signal=30%	
GOBP_EMBRYONIC_PATTERN_SPECIFICATION	GOBP_EMBRYONIC_PATTERN_SPECIFICATION		68	0.3740049	1.1792557	0.19624573	0.47986358	1.0	1074	tags=15%, list=6%, signal=16%	
GOBP_SOMITOGENESIS	GOBP_SOMITOGENESIS		63	0.38110942	1.178877	0.20336135	0.48048455	1.0	2801	tags=25%, list=14%, signal=30%	
GOBP_STEM_CELL_DIVISION	GOBP_STEM_CELL_DIVISION		30	0.44094422	1.1774942	0.23224568	0.4836717	1.0	3435	tags=37%, list=18%, signal=44%	
GOMF_CYTOKINE_BINDING	GOMF_CYTOKINE_BINDING		143	0.33404922	1.1765518	0.13312203	0.48575252	1.0	1871	tags=23%, list=10%, signal=25%	
GOBP_POSITIVE_REGULATION_OF_MYOBLAST_DIFFERENTIATION	GOBP_POSITIVE_REGULATION_OF_MYOBLAST_DIFFERENTIATION		41	0.41115084	1.1764916	0.21268657	0.48550823	1.0	3370	tags=32%, list=17%, signal=38%	
GOBP_NEGATIVE_REGULATION_OF_SUPRAMOLECULAR_FIBER_ORGANIZATION	GOBP_NEGATIVE_REGULATION_OF_SUPRAMOLECULAR_FIBER_ORGANIZATION		148	0.3329974	1.1762203	0.15085536	0.48581874	1.0	3452	tags=30%, list=18%, signal=37%	
GOBP_SPINAL_CORD_MOTOR_NEURON_DIFFERENTIATION	GOBP_SPINAL_CORD_MOTOR_NEURON_DIFFERENTIATION		28	0.44599023	1.1754904	0.22033899	0.4872806	1.0	2085	tags=18%, list=11%, signal=20%	
GOBP_POSITIVE_REGULATION_OF_EXTRACELLULAR_MATRIX_ORGANIZATION	GOBP_POSITIVE_REGULATION_OF_EXTRACELLULAR_MATRIX_ORGANIZATION		30	0.43586254	1.1753504	0.23843417	0.48724297	1.0	4434	tags=50%, list=23%, signal=65%	
GOMF_CYCLIN_BINDING	GOMF_CYCLIN_BINDING		34	0.42726633	1.1752651	0.23280424	0.48707834	1.0	3491	tags=24%, list=18%, signal=29%	
GOBP_REGULATION_OF_NUCLEOTIDE_EXCISION_REPAIR	GOBP_REGULATION_OF_NUCLEOTIDE_EXCISION_REPAIR		26	0.451185	1.1750509	0.23731884	0.4872295	1.0	3276	tags=27%, list=17%, signal=32%	
GOBP_REGULATION_OF_STRIATED_MUSCLE_CELL_DIFFERENTIATION	GOBP_REGULATION_OF_STRIATED_MUSCLE_CELL_DIFFERENTIATION		82	0.3625927	1.1747298	0.17152104	0.48762667	1.0	2513	tags=20%, list=13%, signal=22%	
GOCC_NEURONAL_DENSE_CORE_VESICLE	GOCC_NEURONAL_DENSE_CORE_VESICLE		24	0.45796078	1.1747152	0.21942446	0.4872681	1.0	1233	tags=17%, list=6%, signal=18%	
GOBP_NEGATIVE_REGULATION_OF_PROTEIN_MATURATION	GOBP_NEGATIVE_REGULATION_OF_PROTEIN_MATURATION		29	0.44018108	1.1743891	0.20964749	0.48772785	1.0	2193	tags=28%, list=11%, signal=31%	
GOMF_TRANSMEMBRANE_TRANSPORTER_BINDING	GOMF_TRANSMEMBRANE_TRANSPORTER_BINDING		130	0.3434339	1.1743183	0.17152104	0.4875133	1.0	3381	tags=28%, list=17%, signal=33%	
GOBP_MOTOR_BEHAVIOR	GOBP_MOTOR_BEHAVIOR		22	0.46233857	1.1740509	0.24423076	0.48785487	1.0	3579	tags=41%, list=18%, signal=50%	
GOBP_GLUCAN_METABOLIC_PROCESS	GOBP_GLUCAN_METABOLIC_PROCESS		77	0.3715423	1.1736159	0.17983194	0.48860508	1.0	2667	tags=23%, list=14%, signal=27%	
GOBP_NEGATIVE_REGULATION_OF_MICROTUBULE_POLYMERIZATION_OR_DEPOLYMERIZATION	GOBP_NEGATIVE_REGULATION_OF_MICROTUBULE_POLYMERIZATION_OR_DEPOLYMERIZATION		36	0.42254773	1.1734569	0.23605949	0.48859107	1.0	4729	tags=47%, list=24%, signal=62%	
GOBP_NEGATIVE_REGULATION_OF_DEVELOPMENTAL_GROWTH	GOBP_NEGATIVE_REGULATION_OF_DEVELOPMENTAL_GROWTH		91	0.3576069	1.1733162	0.19	0.48858392	1.0	1958	tags=19%, list=10%, signal=21%	
GOBP_REGULATION_OF_LEUKOCYTE_CHEMOTAXIS	GOBP_REGULATION_OF_LEUKOCYTE_CHEMOTAXIS		117	0.33947927	1.1732625	0.14566284	0.4883284	1.0	1763	tags=21%, list=9%, signal=23%	
GOCC_MAIN_AXON	GOCC_MAIN_AXON		66	0.37479392	1.173256	0.1858864	0.4879551	1.0	2176	tags=20%, list=11%, signal=22%	
GOBP_REGULATION_OF_ENDOTHELIAL_CELL_CHEMOTAXIS	GOBP_REGULATION_OF_ENDOTHELIAL_CELL_CHEMOTAXIS		20	0.46448228	1.1723444	0.22988506	0.4899516	1.0	1736	tags=30%, list=9%, signal=33%	
GOCC_NUCLEAR_PERIPHERY	GOCC_NUCLEAR_PERIPHERY		146	0.33517128	1.1715393	0.14352573	0.49165007	1.0	4104	tags=30%, list=21%, signal=38%	
GOMF_N_METHYLTRANSFERASE_ACTIVITY	GOMF_N_METHYLTRANSFERASE_ACTIVITY		83	0.3591465	1.170503	0.18197574	0.49392527	1.0	4250	tags=33%, list=22%, signal=41%	
GOBP_REGULATION_OF_LAMELLIPODIUM_ORGANIZATION	GOBP_REGULATION_OF_LAMELLIPODIUM_ORGANIZATION		51	0.38921493	1.1704386	0.18761063	0.4936786	1.0	4135	tags=39%, list=21%, signal=50%	
GOBP_LIVER_MORPHOGENESIS	GOBP_LIVER_MORPHOGENESIS		25	0.4566242	1.1697954	0.26277372	0.4949407	1.0	3234	tags=44%, list=17%, signal=53%	
GOBP_REGULATION_OF_KINASE_ACTIVITY	GOBP_REGULATION_OF_KINASE_ACTIVITY		472	0.29695493	1.1696745	0.071614586	0.494845	1.0	3153	tags=22%, list=16%, signal=25%	
GOBP_GABAERGIC_NEURON_DIFFERENTIATION	GOBP_GABAERGIC_NEURON_DIFFERENTIATION		17	0.49298134	1.1691985	0.27565393	0.49572155	1.0	3383	tags=24%, list=17%, signal=28%	
GOBP_NEURON_FATE_SPECIFICATION	GOBP_NEURON_FATE_SPECIFICATION		35	0.4102623	1.1691824	0.23063064	0.49536565	1.0	3690	tags=29%, list=19%, signal=35%	
GOBP_REGULATION_OF_TRANSCRIPTION_BY_RNA_POLYMERASE_I	GOBP_REGULATION_OF_TRANSCRIPTION_BY_RNA_POLYMERASE_I		40	0.40839127	1.1685818	0.24385965	0.49656817	1.0	4525	tags=38%, list=23%, signal=49%	
GOBP_PYRIMIDINE_NUCLEOSIDE_TRIPHOSPHATE_METABOLIC_PROCESS	GOBP_PYRIMIDINE_NUCLEOSIDE_TRIPHOSPHATE_METABOLIC_PROCESS		23	0.44925922	1.1682876	0.24954791	0.49695325	1.0	4659	tags=48%, list=24%, signal=63%	
GOBP_THYROID_GLAND_DEVELOPMENT	GOBP_THYROID_GLAND_DEVELOPMENT		31	0.42780694	1.1681256	0.2416357	0.496986	1.0	3470	tags=32%, list=18%, signal=39%	
GOBP_NEGATIVE_REGULATION_OF_SMOOTH_MUSCLE_CELL_DIFFERENTIATION	GOBP_NEGATIVE_REGULATION_OF_SMOOTH_MUSCLE_CELL_DIFFERENTIATION		17	0.49291795	1.1679766	0.27102804	0.49701586	1.0	1377	tags=18%, list=7%, signal=19%	
GOBP_REGULATION_OF_CARDIAC_MUSCLE_CELL_PROLIFERATION	GOBP_REGULATION_OF_CARDIAC_MUSCLE_CELL_PROLIFERATION		35	0.4145051	1.167803	0.23049645	0.49708313	1.0	2371	tags=29%, list=12%, signal=32%	
GOBP_ENDOTHELIAL_CELL_CHEMOTAXIS	GOBP_ENDOTHELIAL_CELL_CHEMOTAXIS		27	0.43761387	1.1674078	0.24253076	0.4977807	1.0	3369	tags=37%, list=17%, signal=45%	
GOBP_LIPID_IMPORT_INTO_CELL	GOBP_LIPID_IMPORT_INTO_CELL		20	0.47833523	1.1671063	0.26630434	0.49819288	1.0	2380	tags=30%, list=12%, signal=34%	
GOBP_NEGATIVE_REGULATION_OF_SMALL_GTPASE_MEDIATED_SIGNAL_TRANSDUCTION	GOBP_NEGATIVE_REGULATION_OF_SMALL_GTPASE_MEDIATED_SIGNAL_TRANSDUCTION		49	0.3950072	1.1670982	0.22456141	0.4978088	1.0	4083	tags=41%, list=21%, signal=52%	
GOBP_CAMERA_TYPE_EYE_MORPHOGENESIS	GOBP_CAMERA_TYPE_EYE_MORPHOGENESIS		132	0.3369912	1.1664385	0.170347	0.49914697	1.0	2132	tags=20%, list=11%, signal=22%	
GOCC_CLUSTER_OF_ACTIN_BASED_CELL_PROJECTIONS	GOCC_CLUSTER_OF_ACTIN_BASED_CELL_PROJECTIONS		156	0.33148712	1.1662642	0.15654951	0.4992043	1.0	3600	tags=29%, list=19%, signal=35%	
GOMF_STRUCTURAL_CONSTITUENT_OF_CYTOSKELETON	GOMF_STRUCTURAL_CONSTITUENT_OF_CYTOSKELETON		104	0.3473401	1.1656348	0.1821248	0.5004552	1.0	1501	tags=15%, list=8%, signal=17%	
GOBP_CELLULAR_RESPONSE_TO_ATP	GOBP_CELLULAR_RESPONSE_TO_ATP		17	0.48802522	1.1653323	0.2764706	0.50083905	1.0	941	tags=12%, list=5%, signal=12%	
GOBP_EPIDERMIS_DEVELOPMENT	GOBP_EPIDERMIS_DEVELOPMENT		364	0.30292016	1.1644353	0.09686221	0.50286674	1.0	2638	tags=19%, list=14%, signal=21%	
GOBP_GLAND_DEVELOPMENT	GOBP_GLAND_DEVELOPMENT		439	0.2972618	1.1639172	0.085020244	0.5038578	1.0	2436	tags=17%, list=13%, signal=19%	
GOBP_CATECHOL_CONTAINING_COMPOUND_METABOLIC_PROCESS	GOBP_CATECHOL_CONTAINING_COMPOUND_METABOLIC_PROCESS		51	0.3896365	1.1636722	0.22743683	0.50410557	1.0	1895	tags=16%, list=10%, signal=17%	
GOBP_NEGATIVE_REGULATION_OF_PHOSPHATIDYLINOSITOL_3_KINASE_PROTEIN_KINASE_B_SIGNAL_TRANSDUCTION	GOBP_NEGATIVE_REGULATION_OF_PHOSPHATIDYLINOSITOL_3_KINASE_PROTEIN_KINASE_B_SIGNAL_TRANSDUCTION		56	0.38069203	1.1635668	0.2224138	0.50398684	1.0	2615	tags=18%, list=13%, signal=21%	
GOBP_POSITIVE_REGULATION_OF_G1_S_TRANSITION_OF_MITOTIC_CELL_CYCLE	GOBP_POSITIVE_REGULATION_OF_G1_S_TRANSITION_OF_MITOTIC_CELL_CYCLE		45	0.40201965	1.1633433	0.20910624	0.50419474	1.0	3745	tags=33%, list=19%, signal=41%	
GOBP_POSITIVE_REGULATION_OF_DENDRITIC_SPINE_DEVELOPMENT	GOBP_POSITIVE_REGULATION_OF_DENDRITIC_SPINE_DEVELOPMENT		38	0.4121966	1.1629486	0.2410072	0.5048232	1.0	2181	tags=24%, list=11%, signal=27%	
GOBP_SEQUESTERING_OF_CALCIUM_ION	GOBP_SEQUESTERING_OF_CALCIUM_ION		129	0.33902544	1.162245	0.17398119	0.5062639	1.0	1459	tags=14%, list=8%, signal=15%	
GOBP_POSITIVE_REGULATION_OF_STRESS_FIBER_ASSEMBLY	GOBP_POSITIVE_REGULATION_OF_STRESS_FIBER_ASSEMBLY		50	0.3898748	1.1621555	0.21490468	0.50609523	1.0	2178	tags=24%, list=11%, signal=27%	
GOBP_REGULATION_OF_RESPIRATORY_GASEOUS_EXCHANGE	GOBP_REGULATION_OF_RESPIRATORY_GASEOUS_EXCHANGE		25	0.4469787	1.1618682	0.26481482	0.50644445	1.0	1868	tags=20%, list=10%, signal=22%	
GOBP_L_ALPHA_AMINO_ACID_TRANSMEMBRANE_TRANSPORT	GOBP_L_ALPHA_AMINO_ACID_TRANSMEMBRANE_TRANSPORT		69	0.36781457	1.1616204	0.20136519	0.5066898	1.0	1724	tags=19%, list=9%, signal=21%	
GOBP_METENCEPHALON_DEVELOPMENT	GOBP_METENCEPHALON_DEVELOPMENT		110	0.34266856	1.1613343	0.17886178	0.50705856	1.0	2678	tags=16%, list=14%, signal=19%	
GOBP_NEUROEPITHELIAL_CELL_DIFFERENTIATION	GOBP_NEUROEPITHELIAL_CELL_DIFFERENTIATION		42	0.40515742	1.160652	0.2317757	0.5084349	1.0	2799	tags=26%, list=14%, signal=31%	
GOBP_REGULATION_OF_PHOSPHOLIPID_BIOSYNTHETIC_PROCESS	GOBP_REGULATION_OF_PHOSPHOLIPID_BIOSYNTHETIC_PROCESS		15	0.50477284	1.1602205	0.29026216	0.5091241	1.0	2380	tags=40%, list=12%, signal=46%	
GOBP_MATING_BEHAVIOR	GOBP_MATING_BEHAVIOR		36	0.4124957	1.1601324	0.23488773	0.50893825	1.0	989	tags=14%, list=5%, signal=15%	
GOMF_CYCLIN_DEPENDENT_PROTEIN_KINASE_ACTIVITY	GOMF_CYCLIN_DEPENDENT_PROTEIN_KINASE_ACTIVITY		27	0.45151016	1.1600713	0.26156583	0.50870025	1.0	3491	tags=30%, list=18%, signal=36%	
GOBP_SODIUM_ION_EXPORT_ACROSS_PLASMA_MEMBRANE	GOBP_SODIUM_ION_EXPORT_ACROSS_PLASMA_MEMBRANE		15	0.5046563	1.1592139	0.28782287	0.51058626	1.0	1534	tags=20%, list=8%, signal=22%	
GOBP_HEPARAN_SULFATE_PROTEOGLYCAN_METABOLIC_PROCESS	GOBP_HEPARAN_SULFATE_PROTEOGLYCAN_METABOLIC_PROCESS		16	0.49321952	1.1591121	0.29135337	0.5104597	1.0	2121	tags=31%, list=11%, signal=35%	
GOBP_POSITIVE_REGULATION_OF_ENDOTHELIAL_CELL_PROLIFERATION	GOBP_POSITIVE_REGULATION_OF_ENDOTHELIAL_CELL_PROLIFERATION		88	0.35094965	1.1589211	0.1952	0.51055616	1.0	1921	tags=22%, list=10%, signal=24%	
GOBP_POSITIVE_REGULATION_OF_TRANSCRIPTION_BY_RNA_POLYMERASE_I	GOBP_POSITIVE_REGULATION_OF_TRANSCRIPTION_BY_RNA_POLYMERASE_I		31	0.42595842	1.1582106	0.231203	0.512053	1.0	4525	tags=35%, list=23%, signal=46%	
GOCC_PLASMA_MEMBRANE_RAFT	GOCC_PLASMA_MEMBRANE_RAFT		109	0.34235916	1.1581904	0.19397993	0.51170313	1.0	2253	tags=19%, list=12%, signal=22%	
GOBP_REGULATION_OF_MACROPHAGE_DERIVED_FOAM_CELL_DIFFERENTIATION	GOBP_REGULATION_OF_MACROPHAGE_DERIVED_FOAM_CELL_DIFFERENTIATION		31	0.42753494	1.158021	0.2429078	0.5117796	1.0	2261	tags=32%, list=12%, signal=36%	
GOCC_T_TUBULE	GOCC_T_TUBULE		52	0.38192755	1.1577847	0.23117338	0.5120126	1.0	2529	tags=19%, list=13%, signal=22%	
GOBP_ICOSANOID_BIOSYNTHETIC_PROCESS	GOBP_ICOSANOID_BIOSYNTHETIC_PROCESS		53	0.38113067	1.1576775	0.21592921	0.51190054	1.0	1345	tags=15%, list=7%, signal=16%	
GOBP_GLIAL_CELL_APOPTOTIC_PROCESS	GOBP_GLIAL_CELL_APOPTOTIC_PROCESS		17	0.47833967	1.157589	0.2631579	0.5117395	1.0	4379	tags=71%, list=23%, signal=91%	
GOBP_REGULATION_OF_ANATOMICAL_STRUCTURE_SIZE	GOBP_REGULATION_OF_ANATOMICAL_STRUCTURE_SIZE		477	0.29437202	1.1574169	0.086675294	0.5118085	1.0	2195	tags=17%, list=11%, signal=19%	
GOBP_OLEFINIC_COMPOUND_METABOLIC_PROCESS	GOBP_OLEFINIC_COMPOUND_METABOLIC_PROCESS		159	0.32814682	1.1567752	0.17282127	0.51311326	1.0	1029	tags=11%, list=5%, signal=12%	
GOBP_CELLULAR_RESPONSE_TO_PROSTAGLANDIN_E_STIMULUS	GOBP_CELLULAR_RESPONSE_TO_PROSTAGLANDIN_E_STIMULUS		16	0.49143353	1.1564345	0.28176796	0.51365364	1.0	4156	tags=44%, list=21%, signal=56%	
GOBP_AMYLOID_PRECURSOR_PROTEIN_CATABOLIC_PROCESS	GOBP_AMYLOID_PRECURSOR_PROTEIN_CATABOLIC_PROCESS		55	0.380618	1.155991	0.24695653	0.51451916	1.0	716	tags=11%, list=4%, signal=11%	
GOBP_ACROSOME_ASSEMBLY	GOBP_ACROSOME_ASSEMBLY		28	0.43203428	1.1553363	0.25714287	0.51582485	1.0	561	tags=11%, list=3%, signal=11%	
GOMF_EXOPEPTIDASE_ACTIVITY	GOMF_EXOPEPTIDASE_ACTIVITY		96	0.34733766	1.1548605	0.20695364	0.51668465	1.0	3230	tags=25%, list=17%, signal=30%	
GOBP_RETINA_DEVELOPMENT_IN_CAMERA_TYPE_EYE	GOBP_RETINA_DEVELOPMENT_IN_CAMERA_TYPE_EYE		159	0.32464048	1.154039	0.16261399	0.5184892	1.0	2657	tags=19%, list=14%, signal=22%	
GOBP_MICROTUBULE_BASED_MOVEMENT	GOBP_MICROTUBULE_BASED_MOVEMENT		375	0.29896206	1.1538277	0.13765182	0.5186582	1.0	2844	tags=20%, list=15%, signal=23%	
GOBP_POSITIVE_REGULATION_OF_CELLULAR_RESPONSE_TO_INSULIN_STIMULUS	GOBP_POSITIVE_REGULATION_OF_CELLULAR_RESPONSE_TO_INSULIN_STIMULUS		24	0.4437964	1.1533992	0.27321428	0.5193777	1.0	1661	tags=29%, list=9%, signal=32%	
GOBP_NEGATIVE_REGULATION_OF_SYNAPTIC_TRANSMISSION	GOBP_NEGATIVE_REGULATION_OF_SYNAPTIC_TRANSMISSION		52	0.3738794	1.1533941	0.2287695	0.5189969	1.0	1908	tags=15%, list=10%, signal=17%	
GOCC_DENDRITIC_SHAFT	GOCC_DENDRITIC_SHAFT		39	0.39913595	1.153321	0.24464285	0.51876676	1.0	2394	tags=26%, list=12%, signal=29%	
GOMF_DELAYED_RECTIFIER_POTASSIUM_CHANNEL_ACTIVITY	GOMF_DELAYED_RECTIFIER_POTASSIUM_CHANNEL_ACTIVITY		28	0.43812335	1.1529757	0.2754717	0.51930434	1.0	2533	tags=18%, list=13%, signal=21%	
GOBP_ADENYLATE_CYCLASE_INHIBITING_G_PROTEIN_COUPLED_RECEPTOR_SIGNALING_PATHWAY	GOBP_ADENYLATE_CYCLASE_INHIBITING_G_PROTEIN_COUPLED_RECEPTOR_SIGNALING_PATHWAY		76	0.3578228	1.1529573	0.23076923	0.518943	1.0	1339	tags=12%, list=7%, signal=13%	
GOBP_REGULATION_OF_HEART_GROWTH	GOBP_REGULATION_OF_HEART_GROWTH		57	0.38112128	1.1526653	0.22852233	0.5193501	1.0	2498	tags=25%, list=13%, signal=28%	
GOBP_NEURON_PROJECTION_EXTENSION	GOBP_NEURON_PROJECTION_EXTENSION		161	0.32283574	1.1518179	0.17160687	0.5212256	1.0	2045	tags=18%, list=11%, signal=20%	
GOBP_MONOSACCHARIDE_TRANSMEMBRANE_TRANSPORT	GOBP_MONOSACCHARIDE_TRANSMEMBRANE_TRANSPORT		115	0.33364135	1.1518065	0.19354838	0.520859	1.0	2454	tags=21%, list=13%, signal=24%	
GOMF_LAMININ_BINDING	GOMF_LAMININ_BINDING		28	0.42989385	1.151451	0.2875226	0.5214637	1.0	2176	tags=29%, list=11%, signal=32%	
GOBP_REGULATION_OF_AMYLOID_PRECURSOR_PROTEIN_CATABOLIC_PROCESS	GOBP_REGULATION_OF_AMYLOID_PRECURSOR_PROTEIN_CATABOLIC_PROCESS		42	0.39663008	1.1504805	0.23979592	0.5236779	1.0	716	tags=12%, list=4%, signal=12%	
GOBP_HEART_VALVE_FORMATION	GOBP_HEART_VALVE_FORMATION		15	0.5065208	1.1504716	0.3148515	0.52330726	1.0	2604	tags=40%, list=13%, signal=46%	
GOMF_STEROID_DEHYDROGENASE_ACTIVITY_ACTING_ON_THE_CH_OH_GROUP_OF_DONORS_NAD_OR_NADP_AS_ACCEPTOR	GOMF_STEROID_DEHYDROGENASE_ACTIVITY_ACTING_ON_THE_CH_OH_GROUP_OF_DONORS_NAD_OR_NADP_AS_ACCEPTOR		31	0.4236754	1.1496245	0.24907063	0.52521527	1.0	1250	tags=19%, list=6%, signal=21%	
GOBP_CELLULAR_RESPONSE_TO_ALDEHYDE	GOBP_CELLULAR_RESPONSE_TO_ALDEHYDE		16	0.4901917	1.1489586	0.2682927	0.5265572	1.0	1993	tags=25%, list=10%, signal=28%	
GOBP_REGULATION_OF_CELL_CELL_ADHESION_MEDIATED_BY_CADHERIN	GOBP_REGULATION_OF_CELL_CELL_ADHESION_MEDIATED_BY_CADHERIN		19	0.4665993	1.1487882	0.29475588	0.5266288	1.0	2475	tags=26%, list=13%, signal=30%	
GOBP_ACTIN_POLYMERIZATION_OR_DEPOLYMERIZATION	GOBP_ACTIN_POLYMERIZATION_OR_DEPOLYMERIZATION		183	0.3235563	1.1485621	0.16388467	0.5268722	1.0	4180	tags=35%, list=22%, signal=44%	
GOBP_PROTEIN_HYDROXYLATION	GOBP_PROTEIN_HYDROXYLATION		22	0.457889	1.1478844	0.28051	0.5283173	1.0	2921	tags=41%, list=15%, signal=48%	
GOBP_CELLULAR_RESPONSE_TO_CALCIUM_ION	GOBP_CELLULAR_RESPONSE_TO_CALCIUM_ION		68	0.37051284	1.1475724	0.2204861	0.5287654	1.0	2070	tags=19%, list=11%, signal=21%	
GOBP_TRANSEPITHELIAL_TRANSPORT	GOBP_TRANSEPITHELIAL_TRANSPORT		35	0.4187876	1.1475722	0.26597583	0.52836585	1.0	1163	tags=17%, list=6%, signal=18%	
GOBP_TELENCEPHALON_GLIAL_CELL_MIGRATION	GOBP_TELENCEPHALON_GLIAL_CELL_MIGRATION		25	0.4468526	1.1475328	0.26415095	0.5280801	1.0	2085	tags=28%, list=11%, signal=31%	
GOMF_PHOSPHOLIPASE_C_ACTIVITY	GOMF_PHOSPHOLIPASE_C_ACTIVITY		29	0.42546073	1.1470845	0.27041742	0.5288581	1.0	1334	tags=14%, list=7%, signal=15%	
GOMF_L_AMINO_ACID_TRANSMEMBRANE_TRANSPORTER_ACTIVITY	GOMF_L_AMINO_ACID_TRANSMEMBRANE_TRANSPORTER_ACTIVITY		63	0.3707084	1.1457201	0.22889611	0.5322131	1.0	1691	tags=17%, list=9%, signal=19%	
GOBP_RETINOL_METABOLIC_PROCESS	GOBP_RETINOL_METABOLIC_PROCESS		52	0.38266844	1.1455902	0.23232323	0.5321682	1.0	772	tags=13%, list=4%, signal=14%	
GOBP_REGULATION_OF_KERATINOCYTE_DIFFERENTIATION	GOBP_REGULATION_OF_KERATINOCYTE_DIFFERENTIATION		34	0.40622574	1.1455072	0.26775956	0.53198737	1.0	2464	tags=24%, list=13%, signal=27%	
GOBP_PIGMENT_CELL_DIFFERENTIATION	GOBP_PIGMENT_CELL_DIFFERENTIATION		35	0.40808648	1.1453736	0.26619965	0.5319622	1.0	2160	tags=23%, list=11%, signal=26%	
GOBP_EPITHELIAL_CELL_CELL_ADHESION	GOBP_EPITHELIAL_CELL_CELL_ADHESION		16	0.4868948	1.1453732	0.30134356	0.5315623	1.0	1321	tags=25%, list=7%, signal=27%	
GOBP_POSITIVE_REGULATION_OF_WNT_SIGNALING_PATHWAY	GOBP_POSITIVE_REGULATION_OF_WNT_SIGNALING_PATHWAY		136	0.33503985	1.1452218	0.1888	0.53156996	1.0	2479	tags=22%, list=13%, signal=25%	
GOBP_TUBULIN_DEACETYLATION	GOBP_TUBULIN_DEACETYLATION		23	0.44608593	1.1452031	0.27102804	0.5312237	1.0	5222	tags=57%, list=27%, signal=77%	
GOBP_INTRACILIARY_ANTEROGRADE_TRANSPORT	GOBP_INTRACILIARY_ANTEROGRADE_TRANSPORT		15	0.4966234	1.1449658	0.2843866	0.5314894	1.0	6165	tags=73%, list=32%, signal=107%	
GOBP_MOLTING_CYCLE_PROCESS	GOBP_MOLTING_CYCLE_PROCESS		96	0.34699258	1.1446857	0.2003231	0.53185767	1.0	2422	tags=22%, list=12%, signal=25%	
GOCC_RUFFLE_MEMBRANE	GOCC_RUFFLE_MEMBRANE		96	0.34892395	1.1443354	0.22146508	0.5323965	1.0	2286	tags=22%, list=12%, signal=25%	
GOBP_CELL_PROLIFERATION_INVOLVED_IN_KIDNEY_DEVELOPMENT	GOBP_CELL_PROLIFERATION_INVOLVED_IN_KIDNEY_DEVELOPMENT		22	0.45283863	1.1438102	0.27306274	0.53339815	1.0	2123	tags=32%, list=11%, signal=36%	
GOBP_CELLULAR_COMPONENT_DISASSEMBLY_INVOLVED_IN_EXECUTION_PHASE_OF_APOPTOSIS	GOBP_CELLULAR_COMPONENT_DISASSEMBLY_INVOLVED_IN_EXECUTION_PHASE_OF_APOPTOSIS		28	0.4355349	1.1435488	0.27797204	0.53366023	1.0	3234	tags=21%, list=17%, signal=26%	
GOBP_ENSHEATHMENT_OF_NEURONS	GOBP_ENSHEATHMENT_OF_NEURONS		151	0.32347682	1.1434951	0.1844197	0.5334028	1.0	3193	tags=26%, list=16%, signal=31%	
GOBP_REGULATION_OF_BONE_REMODELING	GOBP_REGULATION_OF_BONE_REMODELING		51	0.3812186	1.1427555	0.24232082	0.5350051	1.0	1770	tags=22%, list=9%, signal=24%	
GOBP_REGULATION_OF_ACTOMYOSIN_STRUCTURE_ORGANIZATION	GOBP_REGULATION_OF_ACTOMYOSIN_STRUCTURE_ORGANIZATION		98	0.34184808	1.142575	0.19141914	0.53511155	1.0	2178	tags=20%, list=11%, signal=23%	
GOBP_SKELETAL_MUSCLE_CELL_PROLIFERATION	GOBP_SKELETAL_MUSCLE_CELL_PROLIFERATION		23	0.45455673	1.1425148	0.27631578	0.5348558	1.0	929	tags=17%, list=5%, signal=18%	
GOBP_REGULATION_OF_CELL_MIGRATION_INVOLVED_IN_SPROUTING_ANGIOGENESIS	GOBP_REGULATION_OF_CELL_MIGRATION_INVOLVED_IN_SPROUTING_ANGIOGENESIS		38	0.41092306	1.1423659	0.27648115	0.5348469	1.0	2391	tags=29%, list=12%, signal=33%	
GOBP_REGULATION_OF_ALTERNATIVE_MRNA_SPLICING_VIA_SPLICEOSOME	GOBP_REGULATION_OF_ALTERNATIVE_MRNA_SPLICING_VIA_SPLICEOSOME		52	0.38020578	1.1419011	0.23232323	0.5357241	1.0	2683	tags=17%, list=14%, signal=20%	
GOBP_CELL_CELL_ADHESION_MEDIATED_BY_INTEGRIN	GOBP_CELL_CELL_ADHESION_MEDIATED_BY_INTEGRIN		18	0.47379756	1.1416186	0.28996283	0.53613466	1.0	1724	tags=33%, list=9%, signal=37%	
GOBP_REGULATION_OF_THE_FORCE_OF_HEART_CONTRACTION	GOBP_REGULATION_OF_THE_FORCE_OF_HEART_CONTRACTION		26	0.44772026	1.1416109	0.29277566	0.5357535	1.0	1106	tags=15%, list=6%, signal=16%	
GOBP_AXONEME_ASSEMBLY	GOBP_AXONEME_ASSEMBLY		73	0.35784113	1.1415592	0.23734729	0.5354966	1.0	2586	tags=18%, list=13%, signal=20%	
GOBP_REGULATION_OF_REGULATORY_NCRNA_PROCESSING	GOBP_REGULATION_OF_REGULATORY_NCRNA_PROCESSING		16	0.48231992	1.1403102	0.26526716	0.53848875	1.0	3234	tags=31%, list=17%, signal=37%	
GOBP_NEGATIVE_REGULATION_OF_STEM_CELL_PROLIFERATION	GOBP_NEGATIVE_REGULATION_OF_STEM_CELL_PROLIFERATION		23	0.43756035	1.140293	0.28360957	0.53813183	1.0	2638	tags=35%, list=14%, signal=40%	
GOBP_NITRIC_OXIDE_MEDIATED_SIGNAL_TRANSDUCTION	GOBP_NITRIC_OXIDE_MEDIATED_SIGNAL_TRANSDUCTION		21	0.463941	1.1401588	0.2814259	0.5380956	1.0	2253	tags=33%, list=12%, signal=38%	
GOBP_COCHLEA_DEVELOPMENT	GOBP_COCHLEA_DEVELOPMENT		48	0.38556212	1.1397291	0.24242425	0.5388858	1.0	3230	tags=31%, list=17%, signal=37%	
GOBP_PROTEIN_DEPOLYMERIZATION	GOBP_PROTEIN_DEPOLYMERIZATION		111	0.3356222	1.139403	0.2203125	0.5392889	1.0	4134	tags=37%, list=21%, signal=47%	
GOBP_REGULATION_OF_ACTIN_FILAMENT_LENGTH	GOBP_REGULATION_OF_ACTIN_FILAMENT_LENGTH		145	0.32307145	1.1387315	0.20478326	0.5407567	1.0	4101	tags=37%, list=21%, signal=46%	
GOBP_CELL_FATE_COMMITMENT	GOBP_CELL_FATE_COMMITMENT		278	0.30394882	1.1380548	0.16231884	0.5422851	1.0	3559	tags=24%, list=18%, signal=30%	
GOBP_REGULATION_OF_LIPID_METABOLIC_PROCESS	GOBP_REGULATION_OF_LIPID_METABOLIC_PROCESS		296	0.30279154	1.1377906	0.15720524	0.54263216	1.0	2283	tags=18%, list=12%, signal=20%	
GOBP_ACUTE_PHASE_RESPONSE	GOBP_ACUTE_PHASE_RESPONSE		46	0.391404	1.1375152	0.2625418	0.54298204	1.0	754	tags=15%, list=4%, signal=16%	
GOMF_NUCLEOSIDE_DIPHOSPHATE_KINASE_ACTIVITY	GOMF_NUCLEOSIDE_DIPHOSPHATE_KINASE_ACTIVITY		17	0.47511032	1.1371106	0.30192307	0.54370314	1.0	5003	tags=47%, list=26%, signal=63%	
GOMF_METALLOAMINOPEPTIDASE_ACTIVITY	GOMF_METALLOAMINOPEPTIDASE_ACTIVITY		24	0.44038394	1.1369386	0.28785047	0.5437772	1.0	2752	tags=25%, list=14%, signal=29%	
GOMF_ATPASE_REGULATOR_ACTIVITY	GOMF_ATPASE_REGULATOR_ACTIVITY		46	0.3848848	1.1364639	0.2530541	0.5447103	1.0	2806	tags=33%, list=14%, signal=38%	
GOBP_REGULATION_OF_DENDRITIC_SPINE_DEVELOPMENT	GOBP_REGULATION_OF_DENDRITIC_SPINE_DEVELOPMENT		54	0.37228915	1.1361281	0.2571912	0.5451868	1.0	2181	tags=22%, list=11%, signal=25%	
GOBP_FATTY_ACID_METABOLIC_PROCESS	GOBP_FATTY_ACID_METABOLIC_PROCESS		375	0.29241475	1.1360033	0.13324176	0.54513824	1.0	2380	tags=15%, list=12%, signal=17%	
GOBP_POSITIVE_REGULATION_OF_GLUCOSE_IMPORT	GOBP_POSITIVE_REGULATION_OF_GLUCOSE_IMPORT		34	0.40821925	1.1357105	0.24022347	0.5454999	1.0	1660	tags=18%, list=9%, signal=19%	
GOBP_NEGATIVE_REGULATION_OF_OXIDOREDUCTASE_ACTIVITY	GOBP_NEGATIVE_REGULATION_OF_OXIDOREDUCTASE_ACTIVITY		16	0.49157894	1.1355687	0.275	0.54550236	1.0	2156	tags=25%, list=11%, signal=28%	
GOBP_POSITIVE_REGULATION_OF_CARBOHYDRATE_METABOLIC_PROCESS	GOBP_POSITIVE_REGULATION_OF_CARBOHYDRATE_METABOLIC_PROCESS		73	0.35800397	1.1350389	0.24623115	0.5465389	1.0	3612	tags=25%, list=19%, signal=30%	
GOBP_EPITHELIAL_CELL_MATURATION	GOBP_EPITHELIAL_CELL_MATURATION		27	0.4376379	1.1345619	0.2867784	0.54745835	1.0	2533	tags=33%, list=13%, signal=38%	
GOBP_PHOSPHATIDYLSERINE_METABOLIC_PROCESS	GOBP_PHOSPHATIDYLSERINE_METABOLIC_PROCESS		23	0.43818086	1.1336182	0.2792453	0.5496576	1.0	2867	tags=26%, list=15%, signal=31%	
GOMF_TRANSCRIPTION_COREGULATOR_ACTIVITY	GOMF_TRANSCRIPTION_COREGULATOR_ACTIVITY		470	0.28924122	1.1334766	0.13624339	0.5496195	1.0	4127	tags=27%, list=21%, signal=34%	
GOBP_AMINO_ACID_METABOLIC_PROCESS	GOBP_AMINO_ACID_METABOLIC_PROCESS		265	0.30625096	1.1329408	0.15828402	0.5507215	1.0	3528	tags=25%, list=18%, signal=30%	
GOBP_DNA_DAMAGE_RESPONSE_SIGNAL_TRANSDUCTION_BY_P53_CLASS_MEDIATOR_RESULTING_IN_CELL_CYCLE_ARREST	GOBP_DNA_DAMAGE_RESPONSE_SIGNAL_TRANSDUCTION_BY_P53_CLASS_MEDIATOR_RESULTING_IN_CELL_CYCLE_ARREST		19	0.46198395	1.132879	0.30144405	0.55049264	1.0	1257	tags=16%, list=6%, signal=17%	
GOBP_DEFINITIVE_HEMOPOIESIS	GOBP_DEFINITIVE_HEMOPOIESIS		20	0.45679015	1.1326611	0.28176796	0.5506877	1.0	1951	tags=25%, list=10%, signal=28%	
GOBP_POSITIVE_REGULATION_OF_SECRETION	GOBP_POSITIVE_REGULATION_OF_SECRETION		306	0.2973872	1.1324772	0.15820895	0.5508218	1.0	1736	tags=14%, list=9%, signal=15%	
GOBP_ALCOHOL_CATABOLIC_PROCESS	GOBP_ALCOHOL_CATABOLIC_PROCESS		34	0.41046104	1.1324476	0.29432014	0.5504912	1.0	1938	tags=21%, list=10%, signal=23%	
GOBP_REGULATION_OF_MICROTUBULE_CYTOSKELETON_ORGANIZATION	GOBP_REGULATION_OF_MICROTUBULE_CYTOSKELETON_ORGANIZATION		152	0.3188173	1.1324226	0.19814241	0.550166	1.0	3089	tags=24%, list=16%, signal=28%	
GOBP_INTERMEDIATE_FILAMENT_ORGANIZATION	GOBP_INTERMEDIATE_FILAMENT_ORGANIZATION		68	0.35856053	1.132297	0.24957842	0.5501193	1.0	428	tags=7%, list=2%, signal=7%	
GOCC_NEUROMUSCULAR_JUNCTION	GOCC_NEUROMUSCULAR_JUNCTION		73	0.36047402	1.1322805	0.24793388	0.54976434	1.0	4180	tags=26%, list=22%, signal=33%	
GOBP_REPRODUCTIVE_BEHAVIOR	GOBP_REPRODUCTIVE_BEHAVIOR		45	0.38540572	1.1319461	0.26164874	0.55028796	1.0	989	tags=13%, list=5%, signal=14%	
GOMF_INTRACELLULARLY_LIGAND_GATED_MONOATOMIC_ION_CHANNEL_ACTIVITY	GOMF_INTRACELLULARLY_LIGAND_GATED_MONOATOMIC_ION_CHANNEL_ACTIVITY		30	0.4106933	1.1319116	0.27402136	0.5499752	1.0	1163	tags=13%, list=6%, signal=14%	
GOBP_CILIUM_OR_FLAGELLUM_DEPENDENT_CELL_MOTILITY	GOBP_CILIUM_OR_FLAGELLUM_DEPENDENT_CELL_MOTILITY		146	0.32209367	1.1316156	0.2091603	0.5504281	1.0	3465	tags=23%, list=18%, signal=28%	
GOBP_ESTABLISHMENT_OF_BLOOD_BRAIN_BARRIER	GOBP_ESTABLISHMENT_OF_BLOOD_BRAIN_BARRIER		16	0.482027	1.1313717	0.29980657	0.5506769	1.0	2552	tags=44%, list=13%, signal=50%	
GOBP_DETECTION_OF_TEMPERATURE_STIMULUS_INVOLVED_IN_SENSORY_PERCEPTION_OF_PAIN	GOBP_DETECTION_OF_TEMPERATURE_STIMULUS_INVOLVED_IN_SENSORY_PERCEPTION_OF_PAIN		19	0.46170315	1.1311319	0.2915129	0.55092156	1.0	1231	tags=21%, list=6%, signal=22%	
GOCC_MOTILE_CILIUM	GOCC_MOTILE_CILIUM		238	0.3048211	1.130864	0.16989568	0.5512679	1.0	3200	tags=20%, list=16%, signal=23%	
GOMF_CYTOSKELETAL_MOTOR_ACTIVITY	GOMF_CYTOSKELETAL_MOTOR_ACTIVITY		106	0.3429964	1.1306348	0.21333334	0.5515105	1.0	3474	tags=26%, list=18%, signal=32%	
GOBP_REGULATION_OF_NEURON_MIGRATION	GOBP_REGULATION_OF_NEURON_MIGRATION		43	0.39074808	1.1302192	0.27272728	0.552266	1.0	3882	tags=26%, list=20%, signal=32%	
GOBP_REGULATION_OF_SMALL_GTPASE_MEDIATED_SIGNAL_TRANSDUCTION	GOBP_REGULATION_OF_SMALL_GTPASE_MEDIATED_SIGNAL_TRANSDUCTION		290	0.30122826	1.130158	0.16763006	0.5520492	1.0	3493	tags=28%, list=18%, signal=34%	
GOBP_REGULATION_OF_SIGNALING_RECEPTOR_ACTIVITY	GOBP_REGULATION_OF_SIGNALING_RECEPTOR_ACTIVITY		88	0.3455988	1.129926	0.23825504	0.55227745	1.0	1908	tags=18%, list=10%, signal=20%	
GOBP_CILIUM_MOVEMENT	GOBP_CILIUM_MOVEMENT		172	0.31684607	1.1298314	0.21109399	0.55216396	1.0	2785	tags=19%, list=14%, signal=22%	
GOMF_C4_DICARBOXYLATE_TRANSMEMBRANE_TRANSPORTER_ACTIVITY	GOMF_C4_DICARBOXYLATE_TRANSMEMBRANE_TRANSPORTER_ACTIVITY		15	0.4921979	1.1294193	0.28796843	0.55288064	1.0	924	tags=13%, list=5%, signal=14%	
GOBP_NEGATIVE_REGULATION_OF_INTRINSIC_APOPTOTIC_SIGNALING_PATHWAY_BY_P53_CLASS_MEDIATOR	GOBP_NEGATIVE_REGULATION_OF_INTRINSIC_APOPTOTIC_SIGNALING_PATHWAY_BY_P53_CLASS_MEDIATOR		19	0.45998132	1.1290337	0.28956833	0.5535551	1.0	2232	tags=26%, list=11%, signal=30%	
GOBP_MICROVILLUS_ORGANIZATION	GOBP_MICROVILLUS_ORGANIZATION		27	0.4306117	1.1288021	0.30508474	0.5537865	1.0	3521	tags=52%, list=18%, signal=63%	
GOBP_NON_MEMBRANE_BOUNDED_ORGANELLE_ASSEMBLY	GOBP_NON_MEMBRANE_BOUNDED_ORGANELLE_ASSEMBLY		395	0.29166853	1.1287429	0.1392405	0.5535499	1.0	4210	tags=28%, list=22%, signal=35%	
GOBP_CALCINEURIN_MEDIATED_SIGNALING	GOBP_CALCINEURIN_MEDIATED_SIGNALING		44	0.3860391	1.128546	0.2582897	0.553701	1.0	1982	tags=20%, list=10%, signal=23%	
GOBP_ADENYLATE_CYCLASE_ACTIVATING_G_PROTEIN_COUPLED_RECEPTOR_SIGNALING_PATHWAY	GOBP_ADENYLATE_CYCLASE_ACTIVATING_G_PROTEIN_COUPLED_RECEPTOR_SIGNALING_PATHWAY		162	0.31476173	1.128521	0.20125785	0.5533758	1.0	2087	tags=19%, list=11%, signal=21%	
GOBP_CATECHOLAMINE_SECRETION	GOBP_CATECHOLAMINE_SECRETION		48	0.37460133	1.1283734	0.261343	0.5533768	1.0	2614	tags=23%, list=13%, signal=26%	
GOBP_TRIPARTITE_REGIONAL_SUBDIVISION	GOBP_TRIPARTITE_REGIONAL_SUBDIVISION		17	0.4691906	1.1279808	0.29943502	0.55407035	1.0	528	tags=18%, list=3%, signal=18%	
GOBP_CEREBRAL_CORTEX_RADIALLY_ORIENTED_CELL_MIGRATION	GOBP_CEREBRAL_CORTEX_RADIALLY_ORIENTED_CELL_MIGRATION		34	0.41252357	1.1278177	0.29401088	0.5541206	1.0	2823	tags=26%, list=15%, signal=31%	
GOBP_TRANSMISSION_OF_NERVE_IMPULSE	GOBP_TRANSMISSION_OF_NERVE_IMPULSE		68	0.3607943	1.127336	0.25165564	0.55505246	1.0	989	tags=10%, list=5%, signal=11%	
GOBP_REGULATION_OF_PHOSPHOLIPID_METABOLIC_PROCESS	GOBP_REGULATION_OF_PHOSPHOLIPID_METABOLIC_PROCESS		32	0.41214716	1.127233	0.27859777	0.5549626	1.0	2565	tags=31%, list=13%, signal=36%	
GOCC_MHC_PROTEIN_COMPLEX	GOCC_MHC_PROTEIN_COMPLEX		24	0.4337768	1.1267449	0.28125	0.5559495	1.0	2739	tags=33%, list=14%, signal=39%	
GOBP_CELL_CELL_JUNCTION_MAINTENANCE	GOBP_CELL_CELL_JUNCTION_MAINTENANCE		16	0.473415	1.1264728	0.31439394	0.5563191	1.0	2959	tags=31%, list=15%, signal=37%	
GOBP_ACTIN_FILAMENT_DEPOLYMERIZATION	GOBP_ACTIN_FILAMENT_DEPOLYMERIZATION		56	0.3628429	1.1264521	0.25569177	0.555987	1.0	4094	tags=41%, list=21%, signal=52%	
GOBP_PODOSOME_ASSEMBLY	GOBP_PODOSOME_ASSEMBLY		21	0.45154253	1.1262423	0.28039217	0.55617166	1.0	2369	tags=29%, list=12%, signal=33%	
GOBP_RESPONSE_TO_ALKALOID	GOBP_RESPONSE_TO_ALKALOID		96	0.3359431	1.1256537	0.22259696	0.55738753	1.0	1387	tags=13%, list=7%, signal=13%	
GOBP_POSITIVE_REGULATION_OF_VASCULAR_PERMEABILITY	GOBP_POSITIVE_REGULATION_OF_VASCULAR_PERMEABILITY		16	0.48124918	1.1251056	0.3110687	0.5584843	1.0	4805	tags=50%, list=25%, signal=66%	
GOBP_REGULATION_OF_LAMELLIPODIUM_ASSEMBLY	GOBP_REGULATION_OF_LAMELLIPODIUM_ASSEMBLY		39	0.38820887	1.1250367	0.2709091	0.5582868	1.0	4135	tags=44%, list=21%, signal=55%	
GOBP_AXIS_ELONGATION	GOBP_AXIS_ELONGATION		29	0.4173009	1.1248808	0.2766727	0.5583283	1.0	2472	tags=24%, list=13%, signal=28%	
GOBP_REGULATION_OF_STEM_CELL_POPULATION_MAINTENANCE	GOBP_REGULATION_OF_STEM_CELL_POPULATION_MAINTENANCE		68	0.3566992	1.1247313	0.2504259	0.55833447	1.0	3368	tags=26%, list=17%, signal=32%	
GOCC_PROTEIN_PHOSPHATASE_TYPE_2A_COMPLEX	GOCC_PROTEIN_PHOSPHATASE_TYPE_2A_COMPLEX		18	0.46684325	1.1247221	0.2947761	0.5579741	1.0	4268	tags=39%, list=22%, signal=50%	
GOBP_ENERGY_DERIVATION_BY_OXIDATION_OF_ORGANIC_COMPOUNDS	GOBP_ENERGY_DERIVATION_BY_OXIDATION_OF_ORGANIC_COMPOUNDS		281	0.2997796	1.1246939	0.1751497	0.5576502	1.0	2667	tags=16%, list=14%, signal=18%	
GOBP_REGULATION_OF_EXTENT_OF_CELL_GROWTH	GOBP_REGULATION_OF_EXTENT_OF_CELL_GROWTH		94	0.34217778	1.1246245	0.24713585	0.55747694	1.0	2195	tags=19%, list=11%, signal=21%	
GOBP_GLUCOCORTICOID_BIOSYNTHETIC_PROCESS	GOBP_GLUCOCORTICOID_BIOSYNTHETIC_PROCESS		16	0.46981075	1.1241876	0.3229358	0.5582567	1.0	908	tags=19%, list=5%, signal=20%	
GOBP_VESICLE_CYTOSKELETAL_TRAFFICKING	GOBP_VESICLE_CYTOSKELETAL_TRAFFICKING		59	0.3648021	1.1240994	0.23887974	0.5581062	1.0	2318	tags=22%, list=12%, signal=25%	
GOCC_ACROSOMAL_VESICLE	GOCC_ACROSOMAL_VESICLE		135	0.32307896	1.1239374	0.22893482	0.558147	1.0	2038	tags=12%, list=10%, signal=13%	
GOBP_NEGATIVE_REGULATION_OF_TRANSFERASE_ACTIVITY	GOBP_NEGATIVE_REGULATION_OF_TRANSFERASE_ACTIVITY		185	0.31242368	1.1235173	0.21084337	0.5589141	1.0	3025	tags=22%, list=16%, signal=26%	
GOBP_PROTEIN_HOMOTETRAMERIZATION	GOBP_PROTEIN_HOMOTETRAMERIZATION		61	0.36603487	1.1232811	0.2673611	0.5591588	1.0	2905	tags=25%, list=15%, signal=29%	
GOBP_FIBROBLAST_ACTIVATION	GOBP_FIBROBLAST_ACTIVATION		15	0.48499727	1.1228381	0.2936508	0.56002927	1.0	1543	tags=40%, list=8%, signal=43%	
GOBP_POSITIVE_REGULATION_OF_COLD_INDUCED_THERMOGENESIS	GOBP_POSITIVE_REGULATION_OF_COLD_INDUCED_THERMOGENESIS		101	0.33978948	1.1226957	0.22596154	0.5600076	1.0	1869	tags=17%, list=10%, signal=19%	
GOBP_POSITIVE_REGULATION_OF_CELL_CYCLE_G1_S_PHASE_TRANSITION	GOBP_POSITIVE_REGULATION_OF_CELL_CYCLE_G1_S_PHASE_TRANSITION		57	0.37430593	1.1225625	0.27659574	0.5599677	1.0	3745	tags=32%, list=19%, signal=39%	
GOBP_ORGANIC_ACID_BIOSYNTHETIC_PROCESS	GOBP_ORGANIC_ACID_BIOSYNTHETIC_PROCESS		310	0.29461378	1.1225107	0.18405797	0.5597254	1.0	2933	tags=22%, list=15%, signal=25%	
GOBP_CHONDROCYTE_DEVELOPMENT	GOBP_CHONDROCYTE_DEVELOPMENT		29	0.41824174	1.1224948	0.27992633	0.5593772	1.0	1831	tags=31%, list=9%, signal=34%	
GOBP_MESENCHYMAL_CELL_APOPTOTIC_PROCESS	GOBP_MESENCHYMAL_CELL_APOPTOTIC_PROCESS		16	0.4832847	1.1224321	0.31743118	0.5591665	1.0	2187	tags=31%, list=11%, signal=35%	
GOCC_CILIARY_BASAL_BODY	GOCC_CILIARY_BASAL_BODY		152	0.32059345	1.1224306	0.20634921	0.5587749	1.0	3848	tags=29%, list=20%, signal=36%	
GOCC_CORTICAL_CYTOSKELETON	GOCC_CORTICAL_CYTOSKELETON		105	0.33546054	1.1224129	0.2531847	0.55841875	1.0	3187	tags=34%, list=16%, signal=41%	
GOCC_MITOTIC_SPINDLE_POLE	GOCC_MITOTIC_SPINDLE_POLE		38	0.38963252	1.1222295	0.2725564	0.5585238	1.0	3587	tags=32%, list=18%, signal=39%	
GOCC_EXCITATORY_SYNAPSE	GOCC_EXCITATORY_SYNAPSE		62	0.3607346	1.1221094	0.26048952	0.5584526	1.0	2527	tags=23%, list=13%, signal=26%	
GOBP_AMYLOID_BETA_METABOLIC_PROCESS	GOBP_AMYLOID_BETA_METABOLIC_PROCESS		53	0.37421018	1.1217028	0.2673611	0.5592168	1.0	1266	tags=13%, list=7%, signal=14%	
GOBP_SPERM_MOTILITY	GOBP_SPERM_MOTILITY		121	0.3261442	1.1216279	0.22807017	0.5590236	1.0	2586	tags=20%, list=13%, signal=23%	
GOBP_CGMP_MEDIATED_SIGNALING	GOBP_CGMP_MEDIATED_SIGNALING		30	0.41407928	1.121188	0.2951128	0.559915	1.0	2253	tags=23%, list=12%, signal=26%	
GOBP_CELLULAR_RESPONSE_TO_ACID_CHEMICAL	GOBP_CELLULAR_RESPONSE_TO_ACID_CHEMICAL		85	0.3439224	1.1207235	0.25285482	0.56085044	1.0	2436	tags=25%, list=13%, signal=28%	
GOBP_NEGATIVE_REGULATION_OF_CYTOSKELETON_ORGANIZATION	GOBP_NEGATIVE_REGULATION_OF_CYTOSKELETON_ORGANIZATION		145	0.31652692	1.12017	0.21870047	0.5619923	1.0	3452	tags=29%, list=18%, signal=35%	
GOBP_NEGATIVE_REGULATION_OF_PEPTIDE_SECRETION	GOBP_NEGATIVE_REGULATION_OF_PEPTIDE_SECRETION		44	0.38801423	1.1200973	0.2901024	0.56180954	1.0	2283	tags=25%, list=12%, signal=28%	
GOBP_DNA_DAMAGE_RESPONSE_SIGNAL_TRANSDUCTION_BY_P53_CLASS_MEDIATOR	GOBP_DNA_DAMAGE_RESPONSE_SIGNAL_TRANSDUCTION_BY_P53_CLASS_MEDIATOR		70	0.3491077	1.1200402	0.25859246	0.56157494	1.0	3808	tags=29%, list=20%, signal=35%	
GOBP_DOPAMINE_TRANSPORT	GOBP_DOPAMINE_TRANSPORT		43	0.38279963	1.1187584	0.30052724	0.56474894	1.0	2089	tags=16%, list=11%, signal=18%	
GOBP_LOW_DENSITY_LIPOPROTEIN_PARTICLE_REMODELING	GOBP_LOW_DENSITY_LIPOPROTEIN_PARTICLE_REMODELING		16	0.47822872	1.118682	0.33653846	0.564573	1.0	2261	tags=25%, list=12%, signal=28%	
GOBP_RESPONSE_TO_PROSTAGLANDIN	GOBP_RESPONSE_TO_PROSTAGLANDIN		33	0.40692094	1.1185383	0.29174313	0.56459814	1.0	1829	tags=21%, list=9%, signal=23%	
GOBP_REGULATION_OF_MUSCLE_TISSUE_DEVELOPMENT	GOBP_REGULATION_OF_MUSCLE_TISSUE_DEVELOPMENT		43	0.38739952	1.1184673	0.3061594	0.56439185	1.0	3733	tags=30%, list=19%, signal=37%	
GOBP_LONG_CHAIN_FATTY_ACID_METABOLIC_PROCESS	GOBP_LONG_CHAIN_FATTY_ACID_METABOLIC_PROCESS		107	0.33078212	1.1180857	0.22136223	0.5650615	1.0	2380	tags=17%, list=12%, signal=19%	
GOMF_GUANYL_RIBONUCLEOTIDE_BINDING	GOMF_GUANYL_RIBONUCLEOTIDE_BINDING		357	0.28970405	1.117648	0.1442441	0.56583667	1.0	3363	tags=19%, list=17%, signal=22%	
GOBP_REGULATION_OF_VASCULAR_PERMEABILITY	GOBP_REGULATION_OF_VASCULAR_PERMEABILITY		47	0.3779455	1.1173555	0.29003558	0.56625146	1.0	3312	tags=38%, list=17%, signal=46%	
GOBP_NEGATIVE_REGULATION_OF_CELL_ADHESION	GOBP_NEGATIVE_REGULATION_OF_CELL_ADHESION		282	0.29848915	1.1172928	0.18614718	0.5660138	1.0	2628	tags=20%, list=14%, signal=23%	
GOBP_REGULATION_OF_CELL_DIVISION	GOBP_REGULATION_OF_CELL_DIVISION		177	0.31211132	1.116694	0.20757575	0.56723756	1.0	3612	tags=26%, list=19%, signal=32%	
GOCC_CILIARY_MEMBRANE	GOCC_CILIARY_MEMBRANE		73	0.35113412	1.1166744	0.24868652	0.56689715	1.0	4179	tags=29%, list=22%, signal=37%	
GOBP_MICROTUBULE_BASED_TRANSPORT	GOBP_MICROTUBULE_BASED_TRANSPORT		193	0.30837494	1.1165416	0.21044546	0.56689334	1.0	2328	tags=19%, list=12%, signal=22%	
GOBP_REGULATION_OF_MITOTIC_CELL_CYCLE_PHASE_TRANSITION	GOBP_REGULATION_OF_MITOTIC_CELL_CYCLE_PHASE_TRANSITION		318	0.29498908	1.1164048	0.17429838	0.56688654	1.0	4163	tags=26%, list=21%, signal=32%	
GOMF_LIGAND_GATED_CHANNEL_ACTIVITY	GOMF_LIGAND_GATED_CHANNEL_ACTIVITY		177	0.30834937	1.1160107	0.19783616	0.5676039	1.0	1565	tags=10%, list=8%, signal=10%	
GOBP_ORGANIC_ACID_TRANSPORT	GOBP_ORGANIC_ACID_TRANSPORT		337	0.29071876	1.1158197	0.15064563	0.56773835	1.0	1724	tags=12%, list=9%, signal=12%	
GOMF_FLIPPASE_ACTIVITY	GOMF_FLIPPASE_ACTIVITY		16	0.4703311	1.1155175	0.31985295	0.5681995	1.0	3860	tags=56%, list=20%, signal=70%	
GOBP_POSITIVE_REGULATION_OF_CELL_MIGRATION_INVOLVED_IN_SPROUTING_ANGIOGENESIS	GOBP_POSITIVE_REGULATION_OF_CELL_MIGRATION_INVOLVED_IN_SPROUTING_ANGIOGENESIS		21	0.4342975	1.1154132	0.30868763	0.5680997	1.0	2391	tags=33%, list=12%, signal=38%	
GOBP_REGULATION_OF_NEUROBLAST_PROLIFERATION	GOBP_REGULATION_OF_NEUROBLAST_PROLIFERATION		50	0.3701439	1.1152797	0.29225352	0.5680652	1.0	2085	tags=22%, list=11%, signal=25%	
GOBP_RHYTHMIC_PROCESS	GOBP_RHYTHMIC_PROCESS		289	0.2928998	1.114789	0.19061166	0.5689902	1.0	2576	tags=18%, list=13%, signal=20%	
GOCC_PHOSPHATASE_COMPLEX	GOCC_PHOSPHATASE_COMPLEX		50	0.3787949	1.1144234	0.2900506	0.56957597	1.0	4268	tags=34%, list=22%, signal=43%	
GOBP_VASOCONSTRICTION	GOBP_VASOCONSTRICTION		85	0.34361044	1.1142498	0.24834438	0.56964135	1.0	2137	tags=20%, list=11%, signal=22%	
GOBP_POSITIVE_REGULATION_OF_GLUCONEOGENESIS	GOBP_POSITIVE_REGULATION_OF_GLUCONEOGENESIS		18	0.4597371	1.1141747	0.32786885	0.56949073	1.0	4436	tags=39%, list=23%, signal=50%	
GOBP_POSITIVE_REGULATION_OF_CELL_GROWTH	GOBP_POSITIVE_REGULATION_OF_CELL_GROWTH		147	0.31738487	1.1138178	0.22122571	0.57007915	1.0	2348	tags=19%, list=12%, signal=22%	
GOCC_SYNAPTIC_MEMBRANE	GOCC_SYNAPTIC_MEMBRANE		390	0.28840768	1.1137339	0.15395284	0.5699135	1.0	2874	tags=16%, list=15%, signal=19%	
GOBP_NEGATIVE_REGULATION_OF_SIGNAL_TRANSDUCTION_BY_P53_CLASS_MEDIATOR	GOBP_NEGATIVE_REGULATION_OF_SIGNAL_TRANSDUCTION_BY_P53_CLASS_MEDIATOR		28	0.4191227	1.1132296	0.3027027	0.57096857	1.0	2232	tags=29%, list=11%, signal=32%	
GOBP_CALCIUM_MEDIATED_SIGNALING	GOBP_CALCIUM_MEDIATED_SIGNALING		215	0.30025065	1.1128777	0.21699545	0.5715324	1.0	1651	tags=14%, list=9%, signal=15%	
GOBP_PYRIMIDINE_CONTAINING_COMPOUND_BIOSYNTHETIC_PROCESS	GOBP_PYRIMIDINE_CONTAINING_COMPOUND_BIOSYNTHETIC_PROCESS		41	0.3833293	1.1128554	0.29805997	0.57118815	1.0	4843	tags=37%, list=25%, signal=49%	
GOBP_ICOSANOID_METABOLIC_PROCESS	GOBP_ICOSANOID_METABOLIC_PROCESS		115	0.32624382	1.112627	0.24110033	0.57147145	1.0	1345	tags=12%, list=7%, signal=13%	
GOBP_EXTRACELLULAR_MATRIX_DISASSEMBLY	GOBP_EXTRACELLULAR_MATRIX_DISASSEMBLY		60	0.3643023	1.1125386	0.296741	0.57132673	1.0	2534	tags=27%, list=13%, signal=31%	
GOBP_POSITIVE_REGULATION_OF_MITOTIC_CELL_CYCLE	GOBP_POSITIVE_REGULATION_OF_MITOTIC_CELL_CYCLE		121	0.3253739	1.1124951	0.24963072	0.5710602	1.0	4192	tags=28%, list=22%, signal=36%	
GOBP_PERIPHERAL_NERVOUS_SYSTEM_DEVELOPMENT	GOBP_PERIPHERAL_NERVOUS_SYSTEM_DEVELOPMENT		83	0.34444523	1.1119164	0.26916802	0.5722866	1.0	3108	tags=27%, list=16%, signal=31%	
GOBP_REGULATION_OF_INTRINSIC_APOPTOTIC_SIGNALING_PATHWAY_IN_RESPONSE_TO_DNA_DAMAGE_BY_P53_CLASS_MEDIATOR	GOBP_REGULATION_OF_INTRINSIC_APOPTOTIC_SIGNALING_PATHWAY_IN_RESPONSE_TO_DNA_DAMAGE_BY_P53_CLASS_MEDIATOR		15	0.48677114	1.1117245	0.30075186	0.5724304	1.0	4437	tags=47%, list=23%, signal=60%	
GOBP_ERBB_SIGNALING_PATHWAY	GOBP_ERBB_SIGNALING_PATHWAY		125	0.32510236	1.1115867	0.24648985	0.5724082	1.0	3992	tags=25%, list=21%, signal=31%	
GOBP_CELL_RECOGNITION	GOBP_CELL_RECOGNITION		155	0.31687993	1.1113466	0.25	0.57266843	1.0	2560	tags=17%, list=13%, signal=19%	
GOBP_NEGATIVE_REGULATION_OF_SMOOTHENED_SIGNALING_PATHWAY	GOBP_NEGATIVE_REGULATION_OF_SMOOTHENED_SIGNALING_PATHWAY		33	0.40117455	1.1104215	0.28735632	0.5748486	1.0	3806	tags=27%, list=20%, signal=34%	
GOBP_PHENOL_CONTAINING_COMPOUND_METABOLIC_PROCESS	GOBP_PHENOL_CONTAINING_COMPOUND_METABOLIC_PROCESS		108	0.32557186	1.1102223	0.23162939	0.5749823	1.0	1895	tags=14%, list=10%, signal=15%	
GOBP_CELLULAR_RESPONSE_TO_DEXAMETHASONE_STIMULUS	GOBP_CELLULAR_RESPONSE_TO_DEXAMETHASONE_STIMULUS		27	0.4229611	1.1098007	0.30363637	0.5757475	1.0	1495	tags=22%, list=8%, signal=24%	
GOBP_PROTEIN_STABILIZATION	GOBP_PROTEIN_STABILIZATION		193	0.30574575	1.1092011	0.2128	0.5770346	1.0	3469	tags=24%, list=18%, signal=29%	
GOMF_GROWTH_FACTOR_RECEPTOR_BINDING	GOMF_GROWTH_FACTOR_RECEPTOR_BINDING		133	0.32117486	1.1089962	0.23973727	0.5772045	1.0	2644	tags=23%, list=14%, signal=26%	
GOBP_VENOUS_BLOOD_VESSEL_DEVELOPMENT	GOBP_VENOUS_BLOOD_VESSEL_DEVELOPMENT		16	0.4769292	1.1086919	0.3283859	0.5776573	1.0	1871	tags=25%, list=10%, signal=28%	
GOBP_REPRODUCTIVE_SYSTEM_DEVELOPMENT	GOBP_REPRODUCTIVE_SYSTEM_DEVELOPMENT		297	0.2927405	1.1086879	0.19546743	0.57727516	1.0	3508	tags=25%, list=18%, signal=30%	
GOMF_LIGAND_GATED_SODIUM_CHANNEL_ACTIVITY	GOMF_LIGAND_GATED_SODIUM_CHANNEL_ACTIVITY		15	0.47624916	1.1085299	0.33396584	0.5773181	1.0	877	tags=20%, list=5%, signal=21%	
GOCC_PARALLEL_FIBER_TO_PURKINJE_CELL_SYNAPSE	GOCC_PARALLEL_FIBER_TO_PURKINJE_CELL_SYNAPSE		19	0.45800546	1.1084639	0.33665338	0.57710874	1.0	2438	tags=21%, list=13%, signal=24%	
GOBP_RESPONSE_TO_ACID_CHEMICAL	GOBP_RESPONSE_TO_ACID_CHEMICAL		127	0.3240337	1.1084296	0.24772036	0.5768056	1.0	2240	tags=22%, list=12%, signal=25%	
GOBP_HEART_TRABECULA_MORPHOGENESIS	GOBP_HEART_TRABECULA_MORPHOGENESIS		32	0.41010517	1.1082872	0.30427048	0.57680875	1.0	2371	tags=28%, list=12%, signal=32%	
GOCC_CELL_BODY_MEMBRANE	GOCC_CELL_BODY_MEMBRANE		32	0.40512845	1.1081653	0.31964287	0.5767186	1.0	1036	tags=13%, list=5%, signal=13%	
GOBP_NEURON_REMODELING	GOBP_NEURON_REMODELING		15	0.48033687	1.1080426	0.3392505	0.5766628	1.0	3238	tags=33%, list=17%, signal=40%	
GOBP_REGULATION_OF_FATTY_ACID_METABOLIC_PROCESS	GOBP_REGULATION_OF_FATTY_ACID_METABOLIC_PROCESS		87	0.33588096	1.1077108	0.30118445	0.57717985	1.0	1667	tags=16%, list=9%, signal=18%	
GOBP_CARBOHYDRATE_DERIVATIVE_TRANSPORT	GOBP_CARBOHYDRATE_DERIVATIVE_TRANSPORT		89	0.34139073	1.1075362	0.26121795	0.57727474	1.0	3040	tags=25%, list=16%, signal=29%	
GOBP_PURINE_NUCLEOBASE_METABOLIC_PROCESS	GOBP_PURINE_NUCLEOBASE_METABOLIC_PROCESS		19	0.45290878	1.1075054	0.3116883	0.57697415	1.0	1631	tags=21%, list=8%, signal=23%	
GOBP_ISOPRENOID_METABOLIC_PROCESS	GOBP_ISOPRENOID_METABOLIC_PROCESS		133	0.32091057	1.1071504	0.24486572	0.5775551	1.0	882	tags=11%, list=5%, signal=11%	
GOBP_NEGATIVE_REGULATION_OF_ACTIN_FILAMENT_DEPOLYMERIZATION	GOBP_NEGATIVE_REGULATION_OF_ACTIN_FILAMENT_DEPOLYMERIZATION		42	0.38576764	1.1068071	0.31418312	0.5781295	1.0	4094	tags=40%, list=21%, signal=51%	
GOBP_POSTSYNAPTIC_SPECIALIZATION_ORGANIZATION	GOBP_POSTSYNAPTIC_SPECIALIZATION_ORGANIZATION		45	0.38031465	1.1061736	0.2888889	0.5794833	1.0	920	tags=11%, list=5%, signal=12%	
GOBP_ADENYLATE_CYCLASE_MODULATING_G_PROTEIN_COUPLED_RECEPTOR_SIGNALING_PATHWAY	GOBP_ADENYLATE_CYCLASE_MODULATING_G_PROTEIN_COUPLED_RECEPTOR_SIGNALING_PATHWAY		248	0.29412672	1.1061432	0.18975903	0.5791794	1.0	2087	tags=15%, list=11%, signal=17%	
GOBP_NEGATIVE_REGULATION_OF_CELL_DEVELOPMENT	GOBP_NEGATIVE_REGULATION_OF_CELL_DEVELOPMENT		249	0.29877952	1.1059331	0.22239263	0.57935864	1.0	2117	tags=17%, list=11%, signal=19%	
GOCC_CYTOPLASMIC_MICROTUBULE	GOCC_CYTOPLASMIC_MICROTUBULE		88	0.33895394	1.1056556	0.2741117	0.57976633	1.0	4671	tags=32%, list=24%, signal=42%	
GOCC_NEURON_SPINE	GOCC_NEURON_SPINE		167	0.31056854	1.1051052	0.23734178	0.580898	1.0	3280	tags=24%, list=17%, signal=29%	
GOBP_LIPID_EXPORT_FROM_CELL	GOBP_LIPID_EXPORT_FROM_CELL		47	0.3760376	1.1050837	0.28173912	0.58056915	1.0	1563	tags=21%, list=8%, signal=23%	
GOMF_PHOSPHATIDYLINOSITOL_3_5_BISPHOSPHATE_BINDING	GOMF_PHOSPHATIDYLINOSITOL_3_5_BISPHOSPHATE_BINDING		25	0.42054838	1.1046036	0.31053606	0.5814961	1.0	1263	tags=20%, list=7%, signal=21%	
GOBP_CALCIUM_ION_TRANSPORT	GOBP_CALCIUM_ION_TRANSPORT		408	0.28471017	1.104356	0.1894452	0.581786	1.0	2087	tags=13%, list=11%, signal=15%	
GOMF_PEPTIDASE_REGULATOR_ACTIVITY	GOMF_PEPTIDASE_REGULATOR_ACTIVITY		220	0.29847768	1.104287	0.22442748	0.581588	1.0	1530	tags=13%, list=8%, signal=14%	
GOBP_CELLULAR_RESPONSE_TO_OSMOTIC_STRESS	GOBP_CELLULAR_RESPONSE_TO_OSMOTIC_STRESS		55	0.3624862	1.104243	0.2866779	0.5813029	1.0	1163	tags=13%, list=6%, signal=13%	
GOBP_BLOOD_VESSEL_REMODELING	GOBP_BLOOD_VESSEL_REMODELING		45	0.38165602	1.1026775	0.32724252	0.5852444	1.0	2967	tags=33%, list=15%, signal=39%	
GOBP_ERK1_AND_ERK2_CASCADE	GOBP_ERK1_AND_ERK2_CASCADE		289	0.29194307	1.1026314	0.19850746	0.58497506	1.0	2629	tags=20%, list=14%, signal=23%	
GOBP_REGULATION_OF_GLIOGENESIS	GOBP_REGULATION_OF_GLIOGENESIS		102	0.33319005	1.1022689	0.25442833	0.5855893	1.0	2888	tags=22%, list=15%, signal=25%	
GOBP_MESODERMAL_CELL_FATE_COMMITMENT	GOBP_MESODERMAL_CELL_FATE_COMMITMENT		18	0.4571947	1.102189	0.34697855	0.5854073	1.0	1736	tags=22%, list=9%, signal=24%	
GOBP_PYRIMIDINE_RIBONUCLEOSIDE_TRIPHOSPHATE_METABOLIC_PROCESS	GOBP_PYRIMIDINE_RIBONUCLEOSIDE_TRIPHOSPHATE_METABOLIC_PROCESS		17	0.46203434	1.1021506	0.3314917	0.58512664	1.0	4522	tags=53%, list=23%, signal=69%	
GOBP_RESPONSE_TO_ISCHEMIA	GOBP_RESPONSE_TO_ISCHEMIA		63	0.34836394	1.1019833	0.2927242	0.5851829	1.0	2661	tags=25%, list=14%, signal=29%	
GOMF_TRANSFERASE_ACTIVITY_TRANSFERRING_NITROGENOUS_GROUPS	GOMF_TRANSFERASE_ACTIVITY_TRANSFERRING_NITROGENOUS_GROUPS		27	0.4157407	1.1019026	0.32352942	0.58502305	1.0	2145	tags=19%, list=11%, signal=21%	
GOMF_TRANSMEMBRANE_RECEPTOR_PROTEIN_PHOSPHATASE_ACTIVITY	GOMF_TRANSMEMBRANE_RECEPTOR_PROTEIN_PHOSPHATASE_ACTIVITY		17	0.4644037	1.1017493	0.32879376	0.5850776	1.0	445	tags=18%, list=2%, signal=18%	
GOBP_MICROTUBULE_POLYMERIZATION	GOBP_MICROTUBULE_POLYMERIZATION		90	0.33615044	1.1014112	0.2760943	0.58557713	1.0	3629	tags=31%, list=19%, signal=38%	
GOBP_POSITIVE_REGULATION_OF_CELL_MATRIX_ADHESION	GOBP_POSITIVE_REGULATION_OF_CELL_MATRIX_ADHESION		54	0.36244717	1.1010767	0.29765886	0.5861221	1.0	3309	tags=37%, list=17%, signal=45%	
GOBP_AMINE_BIOSYNTHETIC_PROCESS	GOBP_AMINE_BIOSYNTHETIC_PROCESS		37	0.3882767	1.1010028	0.30622837	0.5859476	1.0	927	tags=14%, list=5%, signal=14%	
GOBP_GLYCOSAMINOGLYCAN_CATABOLIC_PROCESS	GOBP_GLYCOSAMINOGLYCAN_CATABOLIC_PROCESS		27	0.41920596	1.1007391	0.34347048	0.5862933	1.0	2535	tags=30%, list=13%, signal=34%	
GOBP_PROTEIN_POLYMERIZATION	GOBP_PROTEIN_POLYMERIZATION		269	0.29411793	1.1006573	0.20444444	0.5861276	1.0	3447	tags=26%, list=18%, signal=31%	
GOMF_PHOSPHATIDYLINOSITOL_4_5_BISPHOSPHATE_BINDING	GOMF_PHOSPHATIDYLINOSITOL_4_5_BISPHOSPHATE_BINDING		78	0.33839962	1.1000544	0.27435064	0.58743554	1.0	3702	tags=29%, list=19%, signal=36%	
GOMF_AMINOPEPTIDASE_ACTIVITY	GOMF_AMINOPEPTIDASE_ACTIVITY		36	0.39840025	1.0999831	0.3188406	0.5872376	1.0	2752	tags=22%, list=14%, signal=26%	
GOBP_ICOSANOID_TRANSPORT	GOBP_ICOSANOID_TRANSPORT		60	0.3620109	1.0992719	0.31506848	0.58883816	1.0	1126	tags=12%, list=6%, signal=12%	
GOBP_POSITIVE_REGULATION_OF_SKELETAL_MUSCLE_TISSUE_DEVELOPMENT	GOBP_POSITIVE_REGULATION_OF_SKELETAL_MUSCLE_TISSUE_DEVELOPMENT		19	0.44664222	1.0989652	0.35564053	0.58929235	1.0	2513	tags=21%, list=13%, signal=24%	
GOMF_STEROID_DEHYDROGENASE_ACTIVITY	GOMF_STEROID_DEHYDROGENASE_ACTIVITY		37	0.38773558	1.0988655	0.28977272	0.5891819	1.0	1250	tags=16%, list=6%, signal=17%	
GOMF_ENZYME_INHIBITOR_ACTIVITY	GOMF_ENZYME_INHIBITOR_ACTIVITY		356	0.28659403	1.0985858	0.20295699	0.58960897	1.0	2688	tags=17%, list=14%, signal=19%	
GOBP_COLUMNAR_CUBOIDAL_EPITHELIAL_CELL_DIFFERENTIATION	GOBP_COLUMNAR_CUBOIDAL_EPITHELIAL_CELL_DIFFERENTIATION		119	0.32487166	1.0975745	0.26904377	0.59207773	1.0	1619	tags=15%, list=8%, signal=16%	
GOBP_NEUROBLAST_PROLIFERATION	GOBP_NEUROBLAST_PROLIFERATION		78	0.34521765	1.0975475	0.32038835	0.5917575	1.0	3368	tags=28%, list=17%, signal=34%	
GOBP_BILE_ACID_BIOSYNTHETIC_PROCESS	GOBP_BILE_ACID_BIOSYNTHETIC_PROCESS		35	0.3860555	1.0974463	0.30647987	0.5916409	1.0	2062	tags=26%, list=11%, signal=29%	
GOBP_CELLULAR_RESPONSE_TO_OXYGEN_RADICAL	GOBP_CELLULAR_RESPONSE_TO_OXYGEN_RADICAL		21	0.4412975	1.0972295	0.35576922	0.5918529	1.0	2253	tags=29%, list=12%, signal=32%	
GOBP_RECEPTOR_LOCALIZATION_TO_SYNAPSE	GOBP_RECEPTOR_LOCALIZATION_TO_SYNAPSE		60	0.3592559	1.097078	0.29222974	0.5918772	1.0	2791	tags=22%, list=14%, signal=25%	
GOBP_EXCITATORY_SYNAPSE_ASSEMBLY	GOBP_EXCITATORY_SYNAPSE_ASSEMBLY		32	0.39691386	1.0970683	0.34432235	0.59151137	1.0	423	tags=9%, list=2%, signal=10%	
GOBP_SPERMATID_DIFFERENTIATION	GOBP_SPERMATID_DIFFERENTIATION		200	0.3009823	1.0970628	0.22599705	0.5911338	1.0	3184	tags=18%, list=16%, signal=21%	
GOCC_FAR_SIN_STRIPAK_COMPLEX	GOCC_FAR_SIN_STRIPAK_COMPLEX		17	0.4738486	1.0966072	0.358047	0.59203345	1.0	2322	tags=24%, list=12%, signal=27%	
GOBP_HORMONE_MEDIATED_SIGNALING_PATHWAY	GOBP_HORMONE_MEDIATED_SIGNALING_PATHWAY		191	0.3025066	1.0961696	0.2456964	0.59288996	1.0	3160	tags=20%, list=16%, signal=24%	
GOMF_FATTY_ACID_TRANSMEMBRANE_TRANSPORTER_ACTIVITY	GOMF_FATTY_ACID_TRANSMEMBRANE_TRANSPORTER_ACTIVITY		19	0.44229636	1.0961533	0.32703215	0.5925452	1.0	2380	tags=26%, list=12%, signal=30%	
GOBP_NON_PROTEINOGENIC_AMINO_ACID_CATABOLIC_PROCESS	GOBP_NON_PROTEINOGENIC_AMINO_ACID_CATABOLIC_PROCESS		18	0.46250653	1.095975	0.34375	0.5926646	1.0	1814	tags=22%, list=9%, signal=24%	
GOCC_DENSE_CORE_GRANULE	GOCC_DENSE_CORE_GRANULE		37	0.39027724	1.0950623	0.31607142	0.59479076	1.0	1233	tags=16%, list=6%, signal=17%	
GOBP_REGULATION_OF_CALCIUM_ION_TRANSMEMBRANE_TRANSPORT	GOBP_REGULATION_OF_CALCIUM_ION_TRANSMEMBRANE_TRANSPORT		157	0.30766085	1.094629	0.259375	0.5956871	1.0	1125	tags=10%, list=6%, signal=11%	
GOCC_PHOTORECEPTOR_CONNECTING_CILIUM	GOCC_PHOTORECEPTOR_CONNECTING_CILIUM		38	0.393004	1.0944288	0.32518798	0.595867	1.0	5035	tags=47%, list=26%, signal=64%	
GOBP_REGULATION_OF_CILIUM_ASSEMBLY	GOBP_REGULATION_OF_CILIUM_ASSEMBLY		88	0.33211172	1.0941277	0.2974359	0.59634113	1.0	3842	tags=35%, list=20%, signal=44%	
GOBP_REGULATION_OF_OSTEOCLAST_DIFFERENTIATION	GOBP_REGULATION_OF_OSTEOCLAST_DIFFERENTIATION		66	0.34562916	1.0940323	0.2813008	0.596209	1.0	2072	tags=21%, list=11%, signal=24%	
GOCC_PRESYNAPTIC_ACTIVE_ZONE_MEMBRANE	GOCC_PRESYNAPTIC_ACTIVE_ZONE_MEMBRANE		31	0.3989571	1.0934887	0.32200357	0.59734666	1.0	3183	tags=32%, list=16%, signal=39%	
GOBP_NEGATIVE_REGULATION_OF_GLIOGENESIS	GOBP_NEGATIVE_REGULATION_OF_GLIOGENESIS		41	0.38752484	1.0934527	0.3252595	0.59705603	1.0	2117	tags=12%, list=11%, signal=14%	
GOMF_HISTONE_METHYLTRANSFERASE_ACTIVITY	GOMF_HISTONE_METHYLTRANSFERASE_ACTIVITY		59	0.35650373	1.0930566	0.29139072	0.59781593	1.0	4250	tags=36%, list=22%, signal=45%	
GOBP_REGULATION_OF_ATP_DEPENDENT_ACTIVITY	GOBP_REGULATION_OF_ATP_DEPENDENT_ACTIVITY		60	0.35576195	1.0928432	0.302926	0.5980419	1.0	3186	tags=27%, list=16%, signal=32%	
GOMF_ASPARTIC_TYPE_PEPTIDASE_ACTIVITY	GOMF_ASPARTIC_TYPE_PEPTIDASE_ACTIVITY		27	0.4192707	1.0927992	0.34558824	0.5977747	1.0	2569	tags=22%, list=13%, signal=26%	
GOBP_FATTY_ACID_BIOSYNTHETIC_PROCESS	GOBP_FATTY_ACID_BIOSYNTHETIC_PROCESS		151	0.30942088	1.0925592	0.27697262	0.5980971	1.0	2992	tags=21%, list=15%, signal=25%	
GOBP_MICROTUBULE_ORGANIZING_CENTER_LOCALIZATION	GOBP_MICROTUBULE_ORGANIZING_CENTER_LOCALIZATION		31	0.4040009	1.0924902	0.34476534	0.5978978	1.0	3600	tags=29%, list=19%, signal=36%	
GOBP_GLANDULAR_EPITHELIAL_CELL_DIFFERENTIATION	GOBP_GLANDULAR_EPITHELIAL_CELL_DIFFERENTIATION		67	0.34898618	1.09223	0.29738563	0.59823626	1.0	3435	tags=25%, list=18%, signal=31%	
GOBP_NEURON_PROJECTION_EXTENSION_INVOLVED_IN_NEURON_PROJECTION_GUIDANCE	GOBP_NEURON_PROJECTION_EXTENSION_INVOLVED_IN_NEURON_PROJECTION_GUIDANCE		21	0.44084096	1.0921036	0.35315984	0.59820366	1.0	1831	tags=33%, list=9%, signal=37%	
GOBP_ENDOCRINE_HORMONE_SECRETION	GOBP_ENDOCRINE_HORMONE_SECRETION		54	0.35965663	1.0919653	0.29749104	0.5982011	1.0	1736	tags=26%, list=9%, signal=28%	
GOBP_BRANCHING_INVOLVED_IN_SALIVARY_GLAND_MORPHOGENESIS	GOBP_BRANCHING_INVOLVED_IN_SALIVARY_GLAND_MORPHOGENESIS		21	0.4351547	1.0918125	0.3207547	0.5982372	1.0	2747	tags=38%, list=14%, signal=44%	
GOBP_AMINO_ACID_CATABOLIC_PROCESS	GOBP_AMINO_ACID_CATABOLIC_PROCESS		101	0.32667825	1.091796	0.29011345	0.5978952	1.0	2145	tags=17%, list=11%, signal=19%	
GOBP_REGULATION_OF_LONG_TERM_SYNAPTIC_POTENTIATION	GOBP_REGULATION_OF_LONG_TERM_SYNAPTIC_POTENTIATION		44	0.36774346	1.0916923	0.32743362	0.5977799	1.0	1001	tags=14%, list=5%, signal=14%	
GOMF_BHLH_TRANSCRIPTION_FACTOR_BINDING	GOMF_BHLH_TRANSCRIPTION_FACTOR_BINDING		31	0.39494994	1.0914248	0.3255814	0.5980976	1.0	2441	tags=23%, list=13%, signal=26%	
GOBP_CELL_CYCLE_G2_M_PHASE_TRANSITION	GOBP_CELL_CYCLE_G2_M_PHASE_TRANSITION		141	0.31063995	1.0910361	0.26687598	0.59883773	1.0	3865	tags=26%, list=20%, signal=33%	
GOBP_POSITIVE_REGULATION_OF_PROTEIN_KINASE_ACTIVITY	GOBP_POSITIVE_REGULATION_OF_PROTEIN_KINASE_ACTIVITY		234	0.29690358	1.090924	0.25513196	0.59878284	1.0	2201	tags=17%, list=11%, signal=19%	
GOBP_AMINO_ACID_TRANSMEMBRANE_TRANSPORT	GOBP_AMINO_ACID_TRANSMEMBRANE_TRANSPORT		99	0.32797065	1.0902021	0.2908497	0.6004723	1.0	1724	tags=16%, list=9%, signal=18%	
GOBP_HAIR_CELL_DIFFERENTIATION	GOBP_HAIR_CELL_DIFFERENTIATION		49	0.36833578	1.090021	0.31681415	0.60059327	1.0	3559	tags=27%, list=18%, signal=32%	
GOBP_REGULATION_OF_AMIDE_METABOLIC_PROCESS	GOBP_REGULATION_OF_AMIDE_METABOLIC_PROCESS		65	0.34351736	1.0899785	0.29896906	0.60033643	1.0	2132	tags=15%, list=11%, signal=17%	
GOMF_METAL_ION_TRANSMEMBRANE_TRANSPORTER_ACTIVITY	GOMF_METAL_ION_TRANSMEMBRANE_TRANSPORTER_ACTIVITY		440	0.2807499	1.0898246	0.22268908	0.60036296	1.0	1998	tags=12%, list=10%, signal=13%	
GOMF_HISTONE_READER_ACTIVITY	GOMF_HISTONE_READER_ACTIVITY		17	0.46279863	1.0897014	0.37354085	0.6003031	1.0	2232	tags=29%, list=11%, signal=33%	
GOMF_MONOOXYGENASE_ACTIVITY	GOMF_MONOOXYGENASE_ACTIVITY		102	0.32579568	1.0887997	0.30063292	0.60251945	1.0	1317	tags=13%, list=7%, signal=14%	
GOBP_REGULATION_OF_STEM_CELL_PROLIFERATION	GOBP_REGULATION_OF_STEM_CELL_PROLIFERATION		81	0.3397486	1.0887467	0.30844155	0.6022917	1.0	2638	tags=22%, list=14%, signal=26%	
GOBP_CELL_MIGRATION_INVOLVED_IN_HEART_DEVELOPMENT	GOBP_CELL_MIGRATION_INVOLVED_IN_HEART_DEVELOPMENT		20	0.44050026	1.088447	0.3387978	0.6027411	1.0	2608	tags=35%, list=13%, signal=40%	
GOBP_POSITIVE_REGULATION_OF_MACROPHAGE_CHEMOTAXIS	GOBP_POSITIVE_REGULATION_OF_MACROPHAGE_CHEMOTAXIS		19	0.45212498	1.0882692	0.36742425	0.6028588	1.0	3370	tags=32%, list=17%, signal=38%	
GOBP_NEGATIVE_REGULATION_OF_PROTEIN_POLYMERIZATION	GOBP_NEGATIVE_REGULATION_OF_PROTEIN_POLYMERIZATION		73	0.34136862	1.0877287	0.29264215	0.60401386	1.0	4094	tags=36%, list=21%, signal=45%	
GOMF_POLYPEPTIDE_N_ACETYLGALACTOSAMINYLTRANSFERASE_ACTIVITY	GOMF_POLYPEPTIDE_N_ACETYLGALACTOSAMINYLTRANSFERASE_ACTIVITY		18	0.44752106	1.0876743	0.36229205	0.6037675	1.0	2685	tags=39%, list=14%, signal=45%	
GOBP_CELL_VOLUME_HOMEOSTASIS	GOBP_CELL_VOLUME_HOMEOSTASIS		34	0.39350322	1.0874617	0.33868092	0.6040057	1.0	1816	tags=21%, list=9%, signal=23%	
GOBP_NEUROTRANSMITTER_UPTAKE	GOBP_NEUROTRANSMITTER_UPTAKE		44	0.37380484	1.0871603	0.3172147	0.60451263	1.0	2780	tags=27%, list=14%, signal=32%	
GOMF_ISOMERASE_ACTIVITY	GOMF_ISOMERASE_ACTIVITY		165	0.30698636	1.0870955	0.2638889	0.60430276	1.0	3404	tags=22%, list=18%, signal=27%	
GOMF_NUCLEAR_LOCALIZATION_SEQUENCE_BINDING	GOMF_NUCLEAR_LOCALIZATION_SEQUENCE_BINDING		21	0.4365564	1.087019	0.33754513	0.6041477	1.0	2945	tags=29%, list=15%, signal=34%	
GOBP_INTERMEMBRANE_LIPID_TRANSFER	GOBP_INTERMEMBRANE_LIPID_TRANSFER		29	0.4021533	1.0865331	0.3303887	0.6051326	1.0	1776	tags=17%, list=9%, signal=19%	
GOMF_DISULFIDE_OXIDOREDUCTASE_ACTIVITY	GOMF_DISULFIDE_OXIDOREDUCTASE_ACTIVITY		39	0.37523514	1.0863509	0.32246378	0.60527533	1.0	1628	tags=15%, list=8%, signal=17%	
GOBP_POSTSYNAPSE_ORGANIZATION	GOBP_POSTSYNAPSE_ORGANIZATION		188	0.30256957	1.0858948	0.25637183	0.60616267	1.0	2149	tags=16%, list=11%, signal=18%	
GOBP_NEGATIVE_REGULATION_OF_INTRACELLULAR_TRANSPORT	GOBP_NEGATIVE_REGULATION_OF_INTRACELLULAR_TRANSPORT		45	0.36597523	1.085654	0.31009173	0.60645074	1.0	841	tags=9%, list=4%, signal=9%	
GOMF_PASSIVE_TRANSMEMBRANE_TRANSPORTER_ACTIVITY	GOMF_PASSIVE_TRANSMEMBRANE_TRANSPORTER_ACTIVITY		469	0.27672043	1.0854857	0.21302578	0.6065393	1.0	1288	tags=9%, list=7%, signal=9%	
GOBP_MITOTIC_SPINDLE_ORGANIZATION	GOBP_MITOTIC_SPINDLE_ORGANIZATION		127	0.3142973	1.0853645	0.28778136	0.6065186	1.0	4194	tags=32%, list=22%, signal=41%	
GOBP_GLIAL_CELL_DERIVED_NEUROTROPHIC_FACTOR_RECEPTOR_SIGNALING_PATHWAY	GOBP_GLIAL_CELL_DERIVED_NEUROTROPHIC_FACTOR_RECEPTOR_SIGNALING_PATHWAY		15	0.46255538	1.0846757	0.35892513	0.60813266	1.0	1740	tags=27%, list=9%, signal=29%	
GOBP_REGULATION_OF_INTEGRIN_MEDIATED_SIGNALING_PATHWAY	GOBP_REGULATION_OF_INTEGRIN_MEDIATED_SIGNALING_PATHWAY		20	0.44745824	1.0845187	0.36483932	0.6081861	1.0	2959	tags=45%, list=15%, signal=53%	
GOBP_REGULATION_OF_PROTEIN_NEDDYLATION	GOBP_REGULATION_OF_PROTEIN_NEDDYLATION		19	0.43364573	1.0844271	0.34317344	0.6080511	1.0	2446	tags=21%, list=13%, signal=24%	
GOBP_G_PROTEIN_COUPLED_SEROTONIN_RECEPTOR_SIGNALING_PATHWAY	GOBP_G_PROTEIN_COUPLED_SEROTONIN_RECEPTOR_SIGNALING_PATHWAY		23	0.4233884	1.0843176	0.36042404	0.6079949	1.0	79	tags=4%, list=0%, signal=4%	
GOBP_MIDBRAIN_DEVELOPMENT	GOBP_MIDBRAIN_DEVELOPMENT		82	0.3325514	1.0839155	0.30208334	0.6087538	1.0	2953	tags=20%, list=15%, signal=23%	
GOBP_HEPATOCYTE_APOPTOTIC_PROCESS	GOBP_HEPATOCYTE_APOPTOTIC_PROCESS		19	0.44527775	1.0838003	0.37044147	0.6086909	1.0	1010	tags=16%, list=5%, signal=17%	
GOMF_NUCLEAR_RECEPTOR_BINDING	GOMF_NUCLEAR_RECEPTOR_BINDING		134	0.31274143	1.0834535	0.2736	0.60929674	1.0	4732	tags=31%, list=24%, signal=40%	
GOBP_SODIUM_ION_TRANSMEMBRANE_TRANSPORT	GOBP_SODIUM_ION_TRANSMEMBRANE_TRANSPORT		183	0.30204248	1.0834137	0.2835131	0.60901964	1.0	1749	tags=13%, list=9%, signal=14%	
GOBP_AXONAL_TRANSPORT_OF_MITOCHONDRION	GOBP_AXONAL_TRANSPORT_OF_MITOCHONDRION		18	0.44942495	1.0829841	0.34541985	0.6098336	1.0	5230	tags=50%, list=27%, signal=68%	
GOBP_POSITIVE_REGULATION_OF_TRANSFERASE_ACTIVITY	GOBP_POSITIVE_REGULATION_OF_TRANSFERASE_ACTIVITY		346	0.28192127	1.0829703	0.2149792	0.60948545	1.0	2240	tags=16%, list=12%, signal=18%	
GOBP_POSITIVE_REGULATION_OF_LEUKOCYTE_CHEMOTAXIS	GOBP_POSITIVE_REGULATION_OF_LEUKOCYTE_CHEMOTAXIS		91	0.33054057	1.0829076	0.2979066	0.6092896	1.0	1763	tags=20%, list=9%, signal=22%	
GOMF_I_SMAD_BINDING	GOMF_I_SMAD_BINDING		16	0.46038163	1.082582	0.37022132	0.6098356	1.0	662	tags=19%, list=3%, signal=19%	
GOMF_G_PROTEIN_COUPLED_SEROTONIN_RECEPTOR_ACTIVITY	GOMF_G_PROTEIN_COUPLED_SEROTONIN_RECEPTOR_ACTIVITY		22	0.42767805	1.0821422	0.35435992	0.61072725	1.0	79	tags=5%, list=0%, signal=5%	
GOBP_DETECTION_OF_TEMPERATURE_STIMULUS	GOBP_DETECTION_OF_TEMPERATURE_STIMULUS		25	0.41328835	1.0819334	0.34962407	0.6109211	1.0	1754	tags=20%, list=9%, signal=22%	
GOBP_REGULATION_OF_SPROUTING_ANGIOGENESIS	GOBP_REGULATION_OF_SPROUTING_ANGIOGENESIS		41	0.37525845	1.0819113	0.33394834	0.61059386	1.0	3021	tags=32%, list=16%, signal=37%	
GOMF_PHOSPHOLIPID_TRANSFER_ACTIVITY	GOMF_PHOSPHOLIPID_TRANSFER_ACTIVITY		22	0.41503677	1.081762	0.34150943	0.61063856	1.0	1776	tags=18%, list=9%, signal=20%	
GOBP_REGULATION_OF_GENE_SILENCING_BY_REGULATORY_NCRNA	GOBP_REGULATION_OF_GENE_SILENCING_BY_REGULATORY_NCRNA		27	0.4068369	1.0816002	0.3545966	0.6106963	1.0	5165	tags=37%, list=27%, signal=50%	
GOCC_PERIKARYON	GOCC_PERIKARYON		145	0.3054731	1.0814548	0.28821656	0.610726	1.0	2045	tags=14%, list=11%, signal=15%	
GOBP_CRANIAL_NERVE_DEVELOPMENT	GOBP_CRANIAL_NERVE_DEVELOPMENT		62	0.34478834	1.0811454	0.31850535	0.61122274	1.0	3521	tags=31%, list=18%, signal=37%	
GOBP_GLUTAMINE_METABOLIC_PROCESS	GOBP_GLUTAMINE_METABOLIC_PROCESS		27	0.40783465	1.0806004	0.35198557	0.61240494	1.0	2925	tags=33%, list=15%, signal=39%	
GOBP_EMBRYONIC_EYE_MORPHOGENESIS	GOBP_EMBRYONIC_EYE_MORPHOGENESIS		35	0.39639482	1.080396	0.34879726	0.6126106	1.0	2072	tags=23%, list=11%, signal=26%	
GOBP_REGULATION_OF_EPITHELIAL_CELL_DIFFERENTIATION_INVOLVED_IN_KIDNEY_DEVELOPMENT	GOBP_REGULATION_OF_EPITHELIAL_CELL_DIFFERENTIATION_INVOLVED_IN_KIDNEY_DEVELOPMENT		16	0.45515683	1.0803266	0.38049713	0.61242443	1.0	2035	tags=25%, list=10%, signal=28%	
GOBP_ARACHIDONIC_ACID_SECRETION	GOBP_ARACHIDONIC_ACID_SECRETION		30	0.40996698	1.0800724	0.36162362	0.61279005	1.0	1126	tags=10%, list=6%, signal=11%	
GOBP_EPIDERMIS_MORPHOGENESIS	GOBP_EPIDERMIS_MORPHOGENESIS		36	0.37821576	1.0797132	0.33586338	0.61341196	1.0	891	tags=14%, list=5%, signal=15%	
GOBP_NEGATIVE_REGULATION_OF_RNA_SPLICING	GOBP_NEGATIVE_REGULATION_OF_RNA_SPLICING		25	0.42466837	1.0790384	0.36802974	0.61495185	1.0	5288	tags=36%, list=27%, signal=49%	
GOBP_REGULATION_OF_CELL_ADHESION_MEDIATED_BY_INTEGRIN	GOBP_REGULATION_OF_CELL_ADHESION_MEDIATED_BY_INTEGRIN		48	0.36689082	1.0787671	0.3321859	0.6153473	1.0	1698	tags=25%, list=9%, signal=27%	
GOBP_VERY_LONG_CHAIN_FATTY_ACID_METABOLIC_PROCESS	GOBP_VERY_LONG_CHAIN_FATTY_ACID_METABOLIC_PROCESS		35	0.38596278	1.0782546	0.33514494	0.6164176	1.0	2099	tags=23%, list=11%, signal=26%	
GOBP_NEGATIVE_REGULATION_OF_STEROID_METABOLIC_PROCESS	GOBP_NEGATIVE_REGULATION_OF_STEROID_METABOLIC_PROCESS		27	0.4068497	1.0779783	0.34750462	0.61683905	1.0	2283	tags=26%, list=12%, signal=29%	
GOBP_POSITIVE_REGULATION_OF_WOUND_HEALING	GOBP_POSITIVE_REGULATION_OF_WOUND_HEALING		59	0.3475681	1.0779426	0.33653846	0.61655307	1.0	2253	tags=20%, list=12%, signal=23%	
GOMF_PROTEIN_HETERODIMERIZATION_ACTIVITY	GOMF_PROTEIN_HETERODIMERIZATION_ACTIVITY		244	0.28902626	1.0776846	0.2489019	0.6169086	1.0	3140	tags=20%, list=16%, signal=23%	
GOBP_MORPHOGENESIS_OF_AN_EPITHELIAL_FOLD	GOBP_MORPHOGENESIS_OF_AN_EPITHELIAL_FOLD		22	0.4291335	1.0776163	0.3671875	0.6167036	1.0	2645	tags=36%, list=14%, signal=42%	
GOBP_DEVELOPMENTAL_INDUCTION	GOBP_DEVELOPMENTAL_INDUCTION		33	0.3948322	1.0775676	0.3296501	0.61645555	1.0	3271	tags=33%, list=17%, signal=40%	
GOBP_EMBRYONIC_DIGESTIVE_TRACT_DEVELOPMENT	GOBP_EMBRYONIC_DIGESTIVE_TRACT_DEVELOPMENT		32	0.39384496	1.0775139	0.35714287	0.6162268	1.0	2363	tags=28%, list=12%, signal=32%	
GOCC_SAGA_TYPE_COMPLEX	GOCC_SAGA_TYPE_COMPLEX		34	0.3856253	1.0774704	0.33450705	0.61597025	1.0	3258	tags=26%, list=17%, signal=32%	
GOBP_REGULATION_OF_SECONDARY_METABOLIC_PROCESS	GOBP_REGULATION_OF_SECONDARY_METABOLIC_PROCESS		15	0.46003255	1.0772998	0.36761904	0.61606497	1.0	1706	tags=33%, list=9%, signal=37%	
GOMF_HISTONE_ACETYLTRANSFERASE_BINDING	GOMF_HISTONE_ACETYLTRANSFERASE_BINDING		24	0.42164215	1.0772263	0.3602941	0.6158956	1.0	3654	tags=25%, list=19%, signal=31%	
GOBP_EMBRYONIC_BRAIN_DEVELOPMENT	GOBP_EMBRYONIC_BRAIN_DEVELOPMENT		18	0.45291466	1.0772055	0.36312848	0.61556554	1.0	3171	tags=28%, list=16%, signal=33%	
GOCC_INTEGRIN_COMPLEX	GOCC_INTEGRIN_COMPLEX		30	0.39963078	1.0770078	0.35714287	0.6157331	1.0	1724	tags=33%, list=9%, signal=37%	
GOBP_SENSORY_PERCEPTION_OF_TASTE	GOBP_SENSORY_PERCEPTION_OF_TASTE		63	0.34402037	1.076794	0.30716723	0.6159715	1.0	1105	tags=10%, list=6%, signal=10%	
GOBP_REGULATION_OF_CELL_SIZE	GOBP_REGULATION_OF_CELL_SIZE		171	0.303113	1.0767846	0.29813665	0.61561114	1.0	2195	tags=18%, list=11%, signal=20%	
GOBP_CELLULAR_RESPONSE_TO_CHEMICAL_STRESS	GOBP_CELLULAR_RESPONSE_TO_CHEMICAL_STRESS		294	0.2860193	1.0758789	0.25501433	0.61778635	1.0	3351	tags=24%, list=17%, signal=29%	
GOMF_MOLECULAR_FUNCTION_INHIBITOR_ACTIVITY	GOMF_MOLECULAR_FUNCTION_INHIBITOR_ACTIVITY		472	0.27448395	1.0752195	0.24335106	0.6192021	1.0	2688	tags=17%, list=14%, signal=19%	
GOBP_POSITIVE_REGULATION_OF_NUCLEOTIDE_CATABOLIC_PROCESS	GOBP_POSITIVE_REGULATION_OF_NUCLEOTIDE_CATABOLIC_PROCESS		20	0.43939415	1.0749236	0.36106196	0.6196772	1.0	23	tags=5%, list=0%, signal=5%	
GOMF_CCR_CHEMOKINE_RECEPTOR_BINDING	GOMF_CCR_CHEMOKINE_RECEPTOR_BINDING		42	0.3688434	1.0741621	0.3374778	0.6214926	1.0	1756	tags=19%, list=9%, signal=21%	
GOBP_GLOMERULAR_EPITHELIUM_DEVELOPMENT	GOBP_GLOMERULAR_EPITHELIUM_DEVELOPMENT		27	0.4083323	1.073521	0.3532513	0.62285805	1.0	2442	tags=22%, list=13%, signal=25%	
GOBP_LIPID_OXIDATION	GOBP_LIPID_OXIDATION		110	0.3190518	1.0733501	0.31513262	0.6229603	1.0	1667	tags=14%, list=9%, signal=15%	
GOCC_NEURON_TO_NEURON_SYNAPSE	GOCC_NEURON_TO_NEURON_SYNAPSE		348	0.28033027	1.0732989	0.2510288	0.62271744	1.0	2879	tags=18%, list=15%, signal=21%	
GOBP_CELLULAR_RESPONSE_TO_RETINOIC_ACID	GOBP_CELLULAR_RESPONSE_TO_RETINOIC_ACID		65	0.34454805	1.0732833	0.32418525	0.62236655	1.0	2375	tags=26%, list=12%, signal=30%	
GOBP_REGULATION_OF_CARBOHYDRATE_BIOSYNTHETIC_PROCESS	GOBP_REGULATION_OF_CARBOHYDRATE_BIOSYNTHETIC_PROCESS		89	0.32842466	1.0729961	0.34666666	0.6227993	1.0	3621	tags=26%, list=19%, signal=32%	
GOBP_CALCIUM_ION_TRANSMEMBRANE_TRANSPORT	GOBP_CALCIUM_ION_TRANSMEMBRANE_TRANSPORT		319	0.283444	1.0729007	0.25426137	0.6226866	1.0	2028	tags=13%, list=10%, signal=14%	
GOBP_OLEFINIC_COMPOUND_BIOSYNTHETIC_PROCESS	GOBP_OLEFINIC_COMPOUND_BIOSYNTHETIC_PROCESS		28	0.4016157	1.0724323	0.34727272	0.6236733	1.0	908	tags=14%, list=5%, signal=15%	
GOCC_NEURON_PROJECTION_TERMINUS	GOCC_NEURON_PROJECTION_TERMINUS		124	0.30922827	1.0718057	0.31114808	0.6250476	1.0	390	tags=5%, list=2%, signal=5%	
GOBP_REGULATION_OF_MICROTUBULE_BASED_PROCESS	GOBP_REGULATION_OF_MICROTUBULE_BASED_PROCESS		237	0.2917305	1.0716718	0.28440368	0.6250301	1.0	3579	tags=24%, list=18%, signal=29%	
GOBP_NEURAL_CREST_CELL_DIFFERENTIATION	GOBP_NEURAL_CREST_CELL_DIFFERENTIATION		92	0.32271832	1.0716555	0.3220339	0.62468314	1.0	3493	tags=32%, list=18%, signal=38%	
GOBP_SPERM_FLAGELLUM_ASSEMBLY	GOBP_SPERM_FLAGELLUM_ASSEMBLY		45	0.3698004	1.0715863	0.31993008	0.62450045	1.0	2586	tags=24%, list=13%, signal=28%	
GOBP_REGULATION_OF_COLLATERAL_SPROUTING	GOBP_REGULATION_OF_COLLATERAL_SPROUTING		19	0.43751317	1.0713881	0.36415094	0.62470657	1.0	1958	tags=21%, list=10%, signal=23%	
GOBP_DOPAMINE_RECEPTOR_SIGNALING_PATHWAY	GOBP_DOPAMINE_RECEPTOR_SIGNALING_PATHWAY		38	0.37676078	1.071212	0.34843206	0.6248036	1.0	2849	tags=26%, list=15%, signal=31%	
GOBP_ENGULFMENT_OF_APOPTOTIC_CELL	GOBP_ENGULFMENT_OF_APOPTOTIC_CELL		15	0.45450333	1.0711223	0.3745098	0.6246619	1.0	1763	tags=20%, list=9%, signal=22%	
GOMF_PROTEIN_TYROSINE_KINASE_ACTIVATOR_ACTIVITY	GOMF_PROTEIN_TYROSINE_KINASE_ACTIVATOR_ACTIVITY		29	0.40395772	1.0707929	0.38202247	0.6252011	1.0	3270	tags=38%, list=17%, signal=46%	
GOBP_POSITIVE_REGULATION_OF_KINASE_ACTIVITY	GOBP_POSITIVE_REGULATION_OF_KINASE_ACTIVITY		276	0.28644875	1.0703822	0.26867816	0.6259539	1.0	2240	tags=17%, list=12%, signal=19%	
GOCC_9PLUS2_MOTILE_CILIUM	GOCC_9PLUS2_MOTILE_CILIUM		163	0.3030759	1.0700556	0.3020031	0.6264812	1.0	3425	tags=20%, list=18%, signal=24%	
GOBP_NEGATIVE_REGULATION_OF_ENDOTHELIAL_CELL_APOPTOTIC_PROCESS	GOBP_NEGATIVE_REGULATION_OF_ENDOTHELIAL_CELL_APOPTOTIC_PROCESS		33	0.39046204	1.069974	0.35507247	0.6263297	1.0	1593	tags=21%, list=8%, signal=23%	
GOBP_NEGATIVE_REGULATION_OF_PROTEIN_CONTAINING_COMPLEX_DISASSEMBLY	GOBP_NEGATIVE_REGULATION_OF_PROTEIN_CONTAINING_COMPLEX_DISASSEMBLY		77	0.3346123	1.0693018	0.3398374	0.62782514	1.0	4558	tags=40%, list=23%, signal=52%	
GOBP_POSITIVE_REGULATION_OF_CELL_CYCLE_PHASE_TRANSITION	GOBP_POSITIVE_REGULATION_OF_CELL_CYCLE_PHASE_TRANSITION		107	0.3142244	1.0691355	0.32561985	0.62792176	1.0	3745	tags=25%, list=19%, signal=31%	
GOBP_POSITIVE_REGULATION_OF_SMAD_PROTEIN_SIGNAL_TRANSDUCTION	GOBP_POSITIVE_REGULATION_OF_SMAD_PROTEIN_SIGNAL_TRANSDUCTION		38	0.37951878	1.0686095	0.37163374	0.6290508	1.0	4805	tags=50%, list=25%, signal=66%	
GOBP_FOAM_CELL_DIFFERENTIATION	GOBP_FOAM_CELL_DIFFERENTIATION		38	0.36967164	1.0679777	0.32635254	0.63048255	1.0	2424	tags=29%, list=12%, signal=33%	
GOMF_UDP_GLYCOSYLTRANSFERASE_ACTIVITY	GOMF_UDP_GLYCOSYLTRANSFERASE_ACTIVITY		138	0.3060345	1.0679027	0.29654035	0.63031214	1.0	4186	tags=30%, list=22%, signal=39%	
GOBP_REGULATION_OF_PROTEIN_POLYMERIZATION	GOBP_REGULATION_OF_PROTEIN_POLYMERIZATION		189	0.29507634	1.0678623	0.30712166	0.63004655	1.0	4101	tags=32%, list=21%, signal=40%	
GOBP_MESODERMAL_CELL_DIFFERENTIATION	GOBP_MESODERMAL_CELL_DIFFERENTIATION		31	0.3926777	1.0677564	0.35901925	0.62996733	1.0	1736	tags=19%, list=9%, signal=21%	
GOBP_PROTEIN_PROCESSING	GOBP_PROTEIN_PROCESSING		233	0.28801805	1.0676558	0.2766272	0.6298536	1.0	2205	tags=15%, list=11%, signal=17%	
GOBP_PROTEIN_LOCALIZATION_TO_CONDENSED_CHROMOSOME	GOBP_PROTEIN_LOCALIZATION_TO_CONDENSED_CHROMOSOME		15	0.4549631	1.0675149	0.36715868	0.6298689	1.0	5480	tags=60%, list=28%, signal=84%	
GOMF_RECEPTOR_TYROSINE_KINASE_BINDING	GOMF_RECEPTOR_TYROSINE_KINASE_BINDING		77	0.3367127	1.0672374	0.3290735	0.6302695	1.0	5204	tags=40%, list=27%, signal=55%	
GOBP_PROSTAGLANDIN_SECRETION	GOBP_PROSTAGLANDIN_SECRETION		17	0.448078	1.0666791	0.37401575	0.6315109	1.0	650	tags=18%, list=3%, signal=18%	
GOBP_REGULATION_OF_CALCIUM_ION_TRANSPORT	GOBP_REGULATION_OF_CALCIUM_ION_TRANSPORT		231	0.28727093	1.066374	0.29032257	0.6320037	1.0	1982	tags=13%, list=10%, signal=14%	
GOBP_POSITIVE_REGULATION_OF_AXON_EXTENSION	GOBP_POSITIVE_REGULATION_OF_AXON_EXTENSION		37	0.3818373	1.0661368	0.3528302	0.63230234	1.0	2195	tags=24%, list=11%, signal=27%	
GOBP_PLACENTA_BLOOD_VESSEL_DEVELOPMENT	GOBP_PLACENTA_BLOOD_VESSEL_DEVELOPMENT		29	0.39795578	1.0658107	0.36795774	0.632917	1.0	2371	tags=28%, list=12%, signal=31%	
GOBP_PERIPHERAL_NERVOUS_SYSTEM_NEURON_DIFFERENTIATION	GOBP_PERIPHERAL_NERVOUS_SYSTEM_NEURON_DIFFERENTIATION		15	0.45865792	1.0657234	0.37204725	0.6327766	1.0	2132	tags=27%, list=11%, signal=30%	
GOBP_RUFFLE_ORGANIZATION	GOBP_RUFFLE_ORGANIZATION		56	0.3502975	1.0655338	0.34948096	0.63292354	1.0	3149	tags=30%, list=16%, signal=36%	
GOBP_ACYL_COA_METABOLIC_PROCESS	GOBP_ACYL_COA_METABOLIC_PROCESS		91	0.33014655	1.0652525	0.30360207	0.63338304	1.0	2991	tags=25%, list=15%, signal=30%	
GOBP_SOMITE_DEVELOPMENT	GOBP_SOMITE_DEVELOPMENT		81	0.33157024	1.0651801	0.3321859	0.63322014	1.0	2801	tags=23%, list=14%, signal=27%	
GOBP_CALCIUM_ION_TRANSMEMBRANE_TRANSPORT_VIA_HIGH_VOLTAGE_GATED_CALCIUM_CHANNEL	GOBP_CALCIUM_ION_TRANSMEMBRANE_TRANSPORT_VIA_HIGH_VOLTAGE_GATED_CALCIUM_CHANNEL		18	0.44383737	1.064546	0.37009346	0.63461536	1.0	4269	tags=39%, list=22%, signal=50%	
GOBP_POSTSYNAPTIC_MODULATION_OF_CHEMICAL_SYNAPTIC_TRANSMISSION	GOBP_POSTSYNAPTIC_MODULATION_OF_CHEMICAL_SYNAPTIC_TRANSMISSION		27	0.40501803	1.0643345	0.3693182	0.6348285	1.0	2460	tags=22%, list=13%, signal=25%	
GOBP_PLASMA_MEMBRANE_ORGANIZATION	GOBP_PLASMA_MEMBRANE_ORGANIZATION		154	0.30124387	1.064313	0.3100304	0.634507	1.0	3744	tags=23%, list=19%, signal=29%	
GOBP_NEGATIVE_REGULATION_OF_SIGNALING_RECEPTOR_ACTIVITY	GOBP_NEGATIVE_REGULATION_OF_SIGNALING_RECEPTOR_ACTIVITY		25	0.40957075	1.0640178	0.36968577	0.6349795	1.0	1777	tags=28%, list=9%, signal=31%	
GOBP_CARBOHYDRATE_BIOSYNTHETIC_PROCESS	GOBP_CARBOHYDRATE_BIOSYNTHETIC_PROCESS		195	0.29536945	1.063854	0.3045388	0.63505924	1.0	3677	tags=25%, list=19%, signal=31%	
GOBP_POSITIVE_REGULATION_OF_KERATINOCYTE_PROLIFERATION	GOBP_POSITIVE_REGULATION_OF_KERATINOCYTE_PROLIFERATION		15	0.46467224	1.0635383	0.39658445	0.6355716	1.0	1930	tags=40%, list=10%, signal=44%	
GOBP_STEROL_HOMEOSTASIS	GOBP_STEROL_HOMEOSTASIS		85	0.32844463	1.0633636	0.3457792	0.6356926	1.0	2729	tags=20%, list=14%, signal=23%	
GOBP_ARACHIDONIC_ACID_METABOLIC_PROCESS	GOBP_ARACHIDONIC_ACID_METABOLIC_PROCESS		57	0.34220275	1.0625703	0.35845897	0.63753	1.0	772	tags=9%, list=4%, signal=9%	
GOBP_NEGATIVE_REGULATION_OF_CELL_JUNCTION_ASSEMBLY	GOBP_NEGATIVE_REGULATION_OF_CELL_JUNCTION_ASSEMBLY		30	0.3935291	1.0624195	0.36549166	0.63756675	1.0	840	tags=17%, list=4%, signal=17%	
GOBP_MULTICELLULAR_ORGANISMAL_LEVEL_WATER_HOMEOSTASIS	GOBP_MULTICELLULAR_ORGANISMAL_LEVEL_WATER_HOMEOSTASIS		33	0.38421002	1.0620545	0.3575419	0.63825715	1.0	3715	tags=33%, list=19%, signal=41%	
GOBP_AMMONIUM_ION_METABOLIC_PROCESS	GOBP_AMMONIUM_ION_METABOLIC_PROCESS		23	0.408098	1.0618708	0.37265918	0.6384397	1.0	2574	tags=26%, list=13%, signal=30%	
GOCC_ER_TO_GOLGI_TRANSPORT_VESICLE_MEMBRANE	GOCC_ER_TO_GOLGI_TRANSPORT_VESICLE_MEMBRANE		59	0.34468395	1.061868	0.35507247	0.63806117	1.0	2827	tags=27%, list=15%, signal=32%	
GOBP_TERTIARY_ALCOHOL_METABOLIC_PROCESS	GOBP_TERTIARY_ALCOHOL_METABOLIC_PROCESS		22	0.41947326	1.0608213	0.38432837	0.6407512	1.0	2283	tags=23%, list=12%, signal=26%	
GOBP_POSITIVE_REGULATION_OF_RHO_PROTEIN_SIGNAL_TRANSDUCTION	GOBP_POSITIVE_REGULATION_OF_RHO_PROTEIN_SIGNAL_TRANSDUCTION		37	0.37697944	1.060197	0.3607143	0.6421528	1.0	2315	tags=27%, list=12%, signal=31%	
GOBP_DEVELOPMENTAL_PIGMENTATION	GOBP_DEVELOPMENTAL_PIGMENTATION		47	0.36574054	1.0600479	0.36363637	0.6422029	1.0	2160	tags=19%, list=11%, signal=21%	
GOBP_POSITIVE_REGULATION_OF_MONOATOMIC_ION_TRANSMEMBRANE_TRANSPORT	GOBP_POSITIVE_REGULATION_OF_MONOATOMIC_ION_TRANSMEMBRANE_TRANSPORT		136	0.30861145	1.0590987	0.34591195	0.6445859	1.0	1982	tags=17%, list=10%, signal=19%	
GOBP_GLYCOPROTEIN_METABOLIC_PROCESS	GOBP_GLYCOPROTEIN_METABOLIC_PROCESS		353	0.2772115	1.0590231	0.27884614	0.64442176	1.0	2460	tags=18%, list=13%, signal=20%	
GOBP_POSITIVE_REGULATION_OF_PROTEIN_DEPOLYMERIZATION	GOBP_POSITIVE_REGULATION_OF_PROTEIN_DEPOLYMERIZATION		17	0.43636438	1.0588901	0.37887067	0.6444056	1.0	2671	tags=41%, list=14%, signal=48%	
GOBP_POSITIVE_REGULATION_OF_TELOMERASE_RNA_LOCALIZATION_TO_CAJAL_BODY	GOBP_POSITIVE_REGULATION_OF_TELOMERASE_RNA_LOCALIZATION_TO_CAJAL_BODY		15	0.45620748	1.0588157	0.39961758	0.6442302	1.0	5964	tags=60%, list=31%, signal=87%	
GOBP_NEGATIVE_REGULATION_OF_CELL_MIGRATION_INVOLVED_IN_SPROUTING_ANGIOGENESIS	GOBP_NEGATIVE_REGULATION_OF_CELL_MIGRATION_INVOLVED_IN_SPROUTING_ANGIOGENESIS		15	0.4510855	1.0586102	0.3847619	0.6444343	1.0	2178	tags=27%, list=11%, signal=30%	
GOBP_NEGATIVE_REGULATION_OF_CATALYTIC_ACTIVITY	GOBP_NEGATIVE_REGULATION_OF_CATALYTIC_ACTIVITY		396	0.27416033	1.0585345	0.29517242	0.64424664	1.0	3025	tags=20%, list=16%, signal=23%	
GOBP_RESPONSE_TO_MUSCLE_ACTIVITY	GOBP_RESPONSE_TO_MUSCLE_ACTIVITY		23	0.41076654	1.0584913	0.3798165	0.64397305	1.0	2176	tags=26%, list=11%, signal=29%	
GOBP_DIENCEPHALON_DEVELOPMENT	GOBP_DIENCEPHALON_DEVELOPMENT		81	0.33093953	1.0584767	0.3615257	0.6436327	1.0	1593	tags=11%, list=8%, signal=12%	
GOMF_OXIDOREDUCTASE_ACTIVITY_ACTING_ON_PAIRED_DONORS_WITH_INCORPORATION_OR_REDUCTION_OF_MOLECULAR_OXYGEN_NAD_P_H_AS_ONE_DONOR_AND_INCORPORATION_OF_ONE_ATOM_OF_OXYGEN	GOMF_OXIDOREDUCTASE_ACTIVITY_ACTING_ON_PAIRED_DONORS_WITH_INCORPORATION_OR_REDUCTION_OF_MOLECULAR_OXYGEN_NAD_P_H_AS_ONE_DONOR_AND_INCORPORATION_OF_ONE_ATOM_OF_OXYGEN		38	0.37720928	1.0577275	0.3802817	0.64540935	1.0	2524	tags=24%, list=13%, signal=27%	
GOMF_IRON_ION_BINDING	GOMF_IRON_ION_BINDING		147	0.29848066	1.0576472	0.33181125	0.64524317	1.0	2064	tags=17%, list=11%, signal=19%	
GOCC_LUMENAL_SIDE_OF_ENDOPLASMIC_RETICULUM_MEMBRANE	GOCC_LUMENAL_SIDE_OF_ENDOPLASMIC_RETICULUM_MEMBRANE		32	0.38900545	1.0576086	0.3786232	0.6449695	1.0	2231	tags=25%, list=11%, signal=28%	
GOBP_CORONARY_VASCULATURE_DEVELOPMENT	GOBP_CORONARY_VASCULATURE_DEVELOPMENT		46	0.35688248	1.0574594	0.36177474	0.6450157	1.0	2661	tags=26%, list=14%, signal=30%	
GOBP_MUCOPOLYSACCHARIDE_METABOLIC_PROCESS	GOBP_MUCOPOLYSACCHARIDE_METABOLIC_PROCESS		89	0.31575608	1.0573177	0.34094617	0.64506775	1.0	2495	tags=24%, list=13%, signal=27%	
GOBP_NEGATIVE_REGULATION_OF_PHOSPHORYLATION	GOBP_NEGATIVE_REGULATION_OF_PHOSPHORYLATION		276	0.28134155	1.0571233	0.31518623	0.6452462	1.0	3065	tags=23%, list=16%, signal=27%	
GOBP_ACETYL_COA_BIOSYNTHETIC_PROCESS	GOBP_ACETYL_COA_BIOSYNTHETIC_PROCESS		18	0.44104955	1.0565174	0.39661655	0.64658415	1.0	3815	tags=50%, list=20%, signal=62%	
GOBP_REGULATION_OF_MONONUCLEAR_CELL_MIGRATION	GOBP_REGULATION_OF_MONONUCLEAR_CELL_MIGRATION		131	0.30486158	1.0565015	0.3419355	0.6462383	1.0	1756	tags=17%, list=9%, signal=18%	
GOBP_EPIDERMAL_CELL_DIFFERENTIATION	GOBP_EPIDERMAL_CELL_DIFFERENTIATION		229	0.28619546	1.0562857	0.32909605	0.64651036	1.0	2704	tags=17%, list=14%, signal=20%	
GOBP_ENDOCRINE_SYSTEM_DEVELOPMENT	GOBP_ENDOCRINE_SYSTEM_DEVELOPMENT		132	0.30492488	1.0561386	0.3275862	0.6465534	1.0	1619	tags=14%, list=8%, signal=15%	
GOBP_REGULATION_OF_SIGNAL_TRANSDUCTION_BY_P53_CLASS_MEDIATOR	GOBP_REGULATION_OF_SIGNAL_TRANSDUCTION_BY_P53_CLASS_MEDIATOR		98	0.31784663	1.056125	0.3517018	0.64621073	1.0	4579	tags=36%, list=24%, signal=46%	
GOBP_NEGATIVE_REGULATION_OF_TYPE_I_INTERFERON_MEDIATED_SIGNALING_PATHWAY	GOBP_NEGATIVE_REGULATION_OF_TYPE_I_INTERFERON_MEDIATED_SIGNALING_PATHWAY		22	0.4205664	1.0559524	0.38602942	0.6463036	1.0	47	tags=5%, list=0%, signal=5%	
GOBP_NEGATIVE_REGULATION_OF_NUCLEOCYTOPLASMIC_TRANSPORT	GOBP_NEGATIVE_REGULATION_OF_NUCLEOCYTOPLASMIC_TRANSPORT		23	0.40917492	1.0557935	0.36279926	0.64637005	1.0	230	tags=9%, list=1%, signal=9%	
GOBP_KERATINOCYTE_DIFFERENTIATION	GOBP_KERATINOCYTE_DIFFERENTIATION		167	0.29763386	1.0557828	0.32137287	0.6460125	1.0	2704	tags=19%, list=14%, signal=21%	
GOMF_PROTEIN_TYROSINE_KINASE_ACTIVITY	GOMF_PROTEIN_TYROSINE_KINASE_ACTIVITY		137	0.30583692	1.0555509	0.331761	0.6462705	1.0	3414	tags=30%, list=18%, signal=36%	
GOBP_REGULATION_OF_CELLULAR_COMPONENT_SIZE	GOBP_REGULATION_OF_CELLULAR_COMPONENT_SIZE		337	0.2758765	1.0554168	0.3034965	0.64625645	1.0	2117	tags=17%, list=11%, signal=18%	
GOMF_SH3_DOMAIN_BINDING	GOMF_SH3_DOMAIN_BINDING		118	0.31039086	1.055169	0.34761906	0.64657855	1.0	2397	tags=20%, list=12%, signal=23%	
GOBP_REGULATION_OF_NEUROTRANSMITTER_RECEPTOR_ACTIVITY	GOBP_REGULATION_OF_NEUROTRANSMITTER_RECEPTOR_ACTIVITY		35	0.38077134	1.0548322	0.36155203	0.64714384	1.0	3930	tags=26%, list=20%, signal=32%	
GOBP_CELLULAR_RESPONSE_TO_REACTIVE_OXYGEN_SPECIES	GOBP_CELLULAR_RESPONSE_TO_REACTIVE_OXYGEN_SPECIES		140	0.29955333	1.0542067	0.35725677	0.6485487	1.0	3234	tags=24%, list=17%, signal=29%	
GOBP_OPSONIZATION	GOBP_OPSONIZATION		17	0.4392354	1.0536313	0.39728683	0.6497929	1.0	169	tags=12%, list=1%, signal=12%	
GOBP_STEROID_HORMONE_SECRETION	GOBP_STEROID_HORMONE_SECRETION		25	0.40514383	1.053262	0.39482757	0.65047854	1.0	1563	tags=28%, list=8%, signal=30%	
GOBP_REGULATION_OF_NERVOUS_SYSTEM_PROCESS	GOBP_REGULATION_OF_NERVOUS_SYSTEM_PROCESS		107	0.31790397	1.0527349	0.36363637	0.65162563	1.0	2176	tags=13%, list=11%, signal=15%	
GOBP_POSITIVE_REGULATION_OF_RESPONSE_TO_WOUNDING	GOBP_POSITIVE_REGULATION_OF_RESPONSE_TO_WOUNDING		71	0.33116606	1.0526967	0.36842105	0.6513321	1.0	2253	tags=20%, list=12%, signal=22%	
GOMF_NEUROTRANSMITTER_TRANSMEMBRANE_TRANSPORTER_ACTIVITY	GOMF_NEUROTRANSMITTER_TRANSMEMBRANE_TRANSPORTER_ACTIVITY		21	0.4121542	1.0525928	0.38636363	0.6512485	1.0	2089	tags=24%, list=11%, signal=27%	
GOBP_LIMBIC_SYSTEM_DEVELOPMENT	GOBP_LIMBIC_SYSTEM_DEVELOPMENT		125	0.30484182	1.052401	0.34510434	0.6514272	1.0	3447	tags=22%, list=18%, signal=26%	
GOBP_PROTEIN_LOCALIZATION_TO_CELL_JUNCTION	GOBP_PROTEIN_LOCALIZATION_TO_CELL_JUNCTION		105	0.31858546	1.0519484	0.3432602	0.6523419	1.0	2658	tags=20%, list=14%, signal=23%	
GOBP_RUFFLE_ASSEMBLY	GOBP_RUFFLE_ASSEMBLY		44	0.36528164	1.0519392	0.37411347	0.65198976	1.0	2788	tags=27%, list=14%, signal=32%	
GOBP_REGULATION_OF_PROTEIN_LOCALIZATION_TO_SYNAPSE	GOBP_REGULATION_OF_PROTEIN_LOCALIZATION_TO_SYNAPSE		21	0.4182866	1.0518467	0.39266056	0.6518756	1.0	2364	tags=29%, list=12%, signal=32%	
GOBP_REGULATION_OF_DNA_METHYLATION_DEPENDENT_HETEROCHROMATIN_FORMATION	GOBP_REGULATION_OF_DNA_METHYLATION_DEPENDENT_HETEROCHROMATIN_FORMATION		15	0.45733243	1.0518022	0.39885497	0.651621	1.0	4299	tags=33%, list=22%, signal=43%	
GOBP_NEGATIVE_REGULATION_OF_STRIATED_MUSCLE_CELL_DIFFERENTIATION	GOBP_NEGATIVE_REGULATION_OF_STRIATED_MUSCLE_CELL_DIFFERENTIATION		37	0.37717214	1.0515352	0.3688811	0.65198	1.0	3690	tags=30%, list=19%, signal=37%	
GOBP_REGULATION_OF_LIPID_TRANSPORT	GOBP_REGULATION_OF_LIPID_TRANSPORT		126	0.30367818	1.0514863	0.33740458	0.6517413	1.0	1452	tags=13%, list=7%, signal=14%	
GOCC_CIS_GOLGI_NETWORK	GOCC_CIS_GOLGI_NETWORK		57	0.34308282	1.0514519	0.3647059	0.6514467	1.0	2465	tags=18%, list=13%, signal=20%	
GOBP_COCHLEA_MORPHOGENESIS	GOBP_COCHLEA_MORPHOGENESIS		24	0.40822428	1.0513313	0.40714285	0.65139073	1.0	3230	tags=29%, list=17%, signal=35%	
GOBP_PHOSPHOLIPID_HOMEOSTASIS	GOBP_PHOSPHOLIPID_HOMEOSTASIS		17	0.43942788	1.0510929	0.38049713	0.651667	1.0	653	tags=12%, list=3%, signal=12%	
GOMF_OXIDOREDUCTASE_ACTIVITY_ACTING_ON_A_SULFUR_GROUP_OF_DONORS	GOMF_OXIDOREDUCTASE_ACTIVITY_ACTING_ON_A_SULFUR_GROUP_OF_DONORS		53	0.34980875	1.0510463	0.37302977	0.6514299	1.0	2265	tags=17%, list=12%, signal=19%	
GOBP_KINETOCHORE_ORGANIZATION	GOBP_KINETOCHORE_ORGANIZATION		20	0.4275271	1.0506274	0.4077491	0.6522659	1.0	4599	tags=35%, list=24%, signal=46%	
GOMF_CARGO_RECEPTOR_ACTIVITY	GOMF_CARGO_RECEPTOR_ACTIVITY		72	0.3297491	1.050567	0.3733108	0.6520482	1.0	2827	tags=24%, list=15%, signal=28%	
GOBP_CELLULAR_PROCESS_INVOLVED_IN_REPRODUCTION_IN_MULTICELLULAR_ORGANISM	GOBP_CELLULAR_PROCESS_INVOLVED_IN_REPRODUCTION_IN_MULTICELLULAR_ORGANISM		364	0.27144328	1.0505601	0.3181818	0.6516862	1.0	3211	tags=16%, list=17%, signal=19%	
GOCC_CENTRIOLAR_SATELLITE	GOCC_CENTRIOLAR_SATELLITE		122	0.30655187	1.0505098	0.3447738	0.65143985	1.0	3532	tags=29%, list=18%, signal=35%	
GOBP_BROWN_FAT_CELL_DIFFERENTIATION	GOBP_BROWN_FAT_CELL_DIFFERENTIATION		52	0.3481633	1.0500609	0.3760832	0.6523314	1.0	1593	tags=15%, list=8%, signal=17%	
GOBP_PULMONARY_VALVE_DEVELOPMENT	GOBP_PULMONARY_VALVE_DEVELOPMENT		24	0.4095472	1.0498769	0.38615665	0.6524759	1.0	1831	tags=33%, list=9%, signal=37%	
GOBP_NEUROTROPHIN_SIGNALING_PATHWAY	GOBP_NEUROTROPHIN_SIGNALING_PATHWAY		39	0.37262827	1.049664	0.3902439	0.65270424	1.0	2201	tags=26%, list=11%, signal=29%	
GOBP_REGULATION_OF_STEROID_BIOSYNTHETIC_PROCESS	GOBP_REGULATION_OF_STEROID_BIOSYNTHETIC_PROCESS		73	0.32741532	1.049582	0.36243823	0.65254533	1.0	2283	tags=22%, list=12%, signal=25%	
GOBP_POSITIVE_REGULATION_OF_ACTIVATED_T_CELL_PROLIFERATION	GOBP_POSITIVE_REGULATION_OF_ACTIVATED_T_CELL_PROLIFERATION		25	0.40115547	1.0489885	0.36226416	0.6539309	1.0	2641	tags=24%, list=14%, signal=28%	
GOBP_STEROID_HORMONE_MEDIATED_SIGNALING_PATHWAY	GOBP_STEROID_HORMONE_MEDIATED_SIGNALING_PATHWAY		134	0.30634734	1.048461	0.3447738	0.6550486	1.0	3771	tags=24%, list=19%, signal=29%	
GOBP_NEGATIVE_REGULATION_OF_LIPID_TRANSPORT	GOBP_NEGATIVE_REGULATION_OF_LIPID_TRANSPORT		26	0.40466627	1.0483972	0.40719697	0.65484864	1.0	1452	tags=19%, list=7%, signal=21%	
GOBP_POSITIVE_REGULATION_OF_CELL_DEVELOPMENT	GOBP_POSITIVE_REGULATION_OF_CELL_DEVELOPMENT		440	0.26902252	1.0483127	0.30906594	0.65468717	1.0	2840	tags=20%, list=15%, signal=22%	
GOBP_NEGATIVE_REGULATION_OF_PROTEIN_SERINE_THREONINE_KINASE_ACTIVITY	GOBP_NEGATIVE_REGULATION_OF_PROTEIN_SERINE_THREONINE_KINASE_ACTIVITY		83	0.3236154	1.048175	0.38255033	0.65471226	1.0	3025	tags=25%, list=16%, signal=30%	
GOBP_CAMP_METABOLIC_PROCESS	GOBP_CAMP_METABOLIC_PROCESS		23	0.41090205	1.0480863	0.4	0.65458506	1.0	2070	tags=22%, list=11%, signal=24%	
GOBP_POSITIVE_REGULATION_OF_STEM_CELL_POPULATION_MAINTENANCE	GOBP_POSITIVE_REGULATION_OF_STEM_CELL_POPULATION_MAINTENANCE		45	0.35509393	1.0479589	0.37996545	0.65455216	1.0	3181	tags=29%, list=16%, signal=34%	
GOBP_REGULATION_OF_TISSUE_REMODELING	GOBP_REGULATION_OF_TISSUE_REMODELING		74	0.32878625	1.0477742	0.38250428	0.65470886	1.0	3234	tags=27%, list=17%, signal=32%	
GOBP_MIRNA_PROCESSING	GOBP_MIRNA_PROCESSING		42	0.3639868	1.0477662	0.39892665	0.65434533	1.0	5165	tags=36%, list=27%, signal=49%	
GOBP_SKIN_DEVELOPMENT	GOBP_SKIN_DEVELOPMENT		308	0.27836755	1.0477	0.34776536	0.6541619	1.0	2513	tags=17%, list=13%, signal=19%	
GOBP_CRANIOFACIAL_SUTURE_MORPHOGENESIS	GOBP_CRANIOFACIAL_SUTURE_MORPHOGENESIS		19	0.4256972	1.0476755	0.40394974	0.65386003	1.0	2340	tags=32%, list=12%, signal=36%	
GOBP_PYRIMIDINE_NUCLEOTIDE_METABOLIC_PROCESS	GOBP_PYRIMIDINE_NUCLEOTIDE_METABOLIC_PROCESS		52	0.35011542	1.0474671	0.3877551	0.65407145	1.0	4843	tags=37%, list=25%, signal=49%	
GOBP_NEGATIVE_REGULATION_OF_TRANSLATION	GOBP_NEGATIVE_REGULATION_OF_TRANSLATION		120	0.30841476	1.0472264	0.37227413	0.6543666	1.0	4260	tags=28%, list=22%, signal=36%	
GOBP_RESPONSE_TO_NUTRIENT_LEVELS	GOBP_RESPONSE_TO_NUTRIENT_LEVELS		476	0.2675044	1.046789	0.30945945	0.65523034	1.0	1831	tags=12%, list=9%, signal=13%	
GOMF_NADPH_BINDING	GOMF_NADPH_BINDING		16	0.44072974	1.0467236	0.4037037	0.6550306	1.0	4750	tags=44%, list=24%, signal=58%	
GOBP_NEGATIVE_REGULATION_OF_MIRNA_METABOLIC_PROCESS	GOBP_NEGATIVE_REGULATION_OF_MIRNA_METABOLIC_PROCESS		26	0.39821717	1.0461967	0.39963505	0.6561845	1.0	1482	tags=23%, list=8%, signal=25%	
GOBP_INHIBITORY_SYNAPSE_ASSEMBLY	GOBP_INHIBITORY_SYNAPSE_ASSEMBLY		26	0.3982548	1.045917	0.40441176	0.6565999	1.0	671	tags=12%, list=3%, signal=12%	
GOBP_REGULATION_OF_CELLULAR_KETONE_METABOLIC_PROCESS	GOBP_REGULATION_OF_CELLULAR_KETONE_METABOLIC_PROCESS		128	0.3019796	1.0457691	0.34520122	0.6566324	1.0	1667	tags=15%, list=9%, signal=16%	
GOBP_NEGATIVE_REGULATION_OF_VASCULAR_PERMEABILITY	GOBP_NEGATIVE_REGULATION_OF_VASCULAR_PERMEABILITY		17	0.4287442	1.0455943	0.40712947	0.65677506	1.0	1505	tags=35%, list=8%, signal=38%	
GOBP_POSITIVE_REGULATION_OF_EXTRINSIC_APOPTOTIC_SIGNALING_PATHWAY	GOBP_POSITIVE_REGULATION_OF_EXTRINSIC_APOPTOTIC_SIGNALING_PATHWAY		50	0.34929487	1.0454203	0.37745973	0.6568966	1.0	1774	tags=18%, list=9%, signal=20%	
GOMF_HEPARAN_SULFATE_SULFOTRANSFERASE_ACTIVITY	GOMF_HEPARAN_SULFATE_SULFOTRANSFERASE_ACTIVITY		15	0.45081308	1.0451089	0.40272373	0.6574287	1.0	3032	tags=27%, list=16%, signal=32%	
GOBP_PROTEIN_LOCALIZATION_TO_EXTRACELLULAR_REGION	GOBP_PROTEIN_LOCALIZATION_TO_EXTRACELLULAR_REGION		355	0.27217263	1.0450381	0.3196159	0.6572429	1.0	1716	tags=12%, list=9%, signal=12%	
GOBP_METANEPHRIC_NEPHRON_DEVELOPMENT	GOBP_METANEPHRIC_NEPHRON_DEVELOPMENT		40	0.3631825	1.0450361	0.3885918	0.65686744	1.0	2363	tags=23%, list=12%, signal=26%	
GOBP_NUCLEOBASE_METABOLIC_PROCESS	GOBP_NUCLEOBASE_METABOLIC_PROCESS		39	0.3725539	1.0448015	0.39037433	0.6571759	1.0	1631	tags=18%, list=8%, signal=20%	
GOBP_HIPPOCAMPUS_DEVELOPMENT	GOBP_HIPPOCAMPUS_DEVELOPMENT		95	0.31598622	1.043972	0.3923841	0.6592237	1.0	3447	tags=23%, list=18%, signal=28%	
GOBP_EXTRINSIC_APOPTOTIC_SIGNALING_PATHWAY	GOBP_EXTRINSIC_APOPTOTIC_SIGNALING_PATHWAY		221	0.2831762	1.0439419	0.3522388	0.6589224	1.0	2676	tags=20%, list=14%, signal=23%	
GOBP_PURINE_CONTAINING_COMPOUND_CATABOLIC_PROCESS	GOBP_PURINE_CONTAINING_COMPOUND_CATABOLIC_PROCESS		148	0.29857367	1.0432451	0.3616352	0.66061443	1.0	3021	tags=20%, list=16%, signal=24%	
GOBP_REGULATION_OF_ICOSANOID_SECRETION	GOBP_REGULATION_OF_ICOSANOID_SECRETION		20	0.41568646	1.0430785	0.38967973	0.6607144	1.0	225	tags=10%, list=1%, signal=10%	
GOBP_REPLACEMENT_OSSIFICATION	GOBP_REPLACEMENT_OSSIFICATION		28	0.38586566	1.0425537	0.3989455	0.6618577	1.0	2340	tags=25%, list=12%, signal=28%	
GOBP_AXONAL_FASCICULATION	GOBP_AXONAL_FASCICULATION		20	0.4199559	1.0423459	0.39697543	0.6620816	1.0	2235	tags=25%, list=12%, signal=28%	
GOMF_HISTONE_H3_METHYLTRANSFERASE_ACTIVITY	GOMF_HISTONE_H3_METHYLTRANSFERASE_ACTIVITY		36	0.37879336	1.0422584	0.40069687	0.6619607	1.0	3816	tags=36%, list=20%, signal=45%	
GOCC_ESCRT_COMPLEX	GOCC_ESCRT_COMPLEX		29	0.389221	1.0421096	0.38800704	0.66199887	1.0	3828	tags=31%, list=20%, signal=39%	
GOBP_REGULATION_OF_STRIATED_MUSCLE_TISSUE_DEVELOPMENT	GOBP_REGULATION_OF_STRIATED_MUSCLE_TISSUE_DEVELOPMENT		18	0.43602628	1.0417123	0.4003623	0.6627665	1.0	3623	tags=39%, list=19%, signal=48%	
GOBP_RESPONSE_TO_NUTRIENT	GOBP_RESPONSE_TO_NUTRIENT		162	0.29355276	1.041385	0.3477589	0.6633125	1.0	2668	tags=20%, list=14%, signal=23%	
GOMF_MONOCARBOXYLIC_ACID_TRANSMEMBRANE_TRANSPORTER_ACTIVITY	GOMF_MONOCARBOXYLIC_ACID_TRANSMEMBRANE_TRANSPORTER_ACTIVITY		71	0.33384073	1.041331	0.36626917	0.6630765	1.0	2889	tags=20%, list=15%, signal=23%	
GOBP_POSTSYNAPTIC_SIGNAL_TRANSDUCTION	GOBP_POSTSYNAPTIC_SIGNAL_TRANSDUCTION		47	0.35506836	1.0412607	0.38949275	0.66288674	1.0	2486	tags=11%, list=13%, signal=12%	
GOBP_POSITIVE_REGULATION_OF_NATURAL_KILLER_CELL_MEDIATED_IMMUNITY	GOBP_POSITIVE_REGULATION_OF_NATURAL_KILLER_CELL_MEDIATED_IMMUNITY		34	0.37702966	1.0412024	0.39130434	0.6626817	1.0	1697	tags=21%, list=9%, signal=23%	
GOBP_REGULATION_OF_RELEASE_OF_CYTOCHROME_C_FROM_MITOCHONDRIA	GOBP_REGULATION_OF_RELEASE_OF_CYTOCHROME_C_FROM_MITOCHONDRIA		43	0.3544829	1.0411085	0.38047138	0.6625607	1.0	1803	tags=16%, list=9%, signal=18%	
GOBP_RESPONSE_TO_RETINOIC_ACID	GOBP_RESPONSE_TO_RETINOIC_ACID		104	0.30791283	1.0410036	0.3643533	0.66246754	1.0	2425	tags=23%, list=12%, signal=26%	
GOBP_FILOPODIUM_ASSEMBLY	GOBP_FILOPODIUM_ASSEMBLY		65	0.3320277	1.0408186	0.39249146	0.66260463	1.0	2369	tags=25%, list=12%, signal=28%	
GOBP_CARBOHYDRATE_TRANSPORT	GOBP_CARBOHYDRATE_TRANSPORT		131	0.29945877	1.0405579	0.37248322	0.66299385	1.0	2454	tags=20%, list=13%, signal=23%	
GOBP_TEMPERATURE_HOMEOSTASIS	GOBP_TEMPERATURE_HOMEOSTASIS		181	0.29087806	1.0404912	0.36068112	0.6628215	1.0	922	tags=10%, list=5%, signal=11%	
GOBP_REGULATION_OF_MYOBLAST_PROLIFERATION	GOBP_REGULATION_OF_MYOBLAST_PROLIFERATION		17	0.44514465	1.04049	0.41165414	0.66244656	1.0	1176	tags=12%, list=6%, signal=13%	
GOBP_L_AMINO_ACID_BIOSYNTHETIC_PROCESS	GOBP_L_AMINO_ACID_BIOSYNTHETIC_PROCESS		56	0.33978283	1.0396612	0.35951135	0.6644502	1.0	2703	tags=23%, list=14%, signal=27%	
GOBP_REGULATION_OF_MYOTUBE_DIFFERENTIATION	GOBP_REGULATION_OF_MYOTUBE_DIFFERENTIATION		42	0.35576877	1.0396577	0.39260563	0.66408545	1.0	690	tags=10%, list=4%, signal=10%	
GOBP_HYDROGEN_PEROXIDE_CATABOLIC_PROCESS	GOBP_HYDROGEN_PEROXIDE_CATABOLIC_PROCESS		30	0.38817483	1.0396162	0.38878503	0.66382825	1.0	2034	tags=27%, list=10%, signal=30%	
GOBP_KIDNEY_MESENCHYME_DEVELOPMENT	GOBP_KIDNEY_MESENCHYME_DEVELOPMENT		17	0.4244257	1.0394442	0.3955224	0.66393757	1.0	2363	tags=35%, list=12%, signal=40%	
GOMF_PROLINE_RICH_REGION_BINDING	GOMF_PROLINE_RICH_REGION_BINDING		17	0.4274606	1.0393697	0.40530303	0.6637517	1.0	4135	tags=29%, list=21%, signal=37%	
GOBP_AMIDE_METABOLIC_PROCESS	GOBP_AMIDE_METABOLIC_PROCESS		421	0.26562735	1.0387393	0.32103825	0.6651566	1.0	2416	tags=15%, list=12%, signal=16%	
GOBP_MITOTIC_RECOMBINATION	GOBP_MITOTIC_RECOMBINATION		23	0.41344798	1.0377252	0.4209559	0.6677276	1.0	3461	tags=26%, list=18%, signal=32%	
GOBP_POSITIVE_REGULATION_OF_VASCULATURE_DEVELOPMENT	GOBP_POSITIVE_REGULATION_OF_VASCULATURE_DEVELOPMENT		161	0.29026085	1.0376565	0.3649289	0.6675348	1.0	2107	tags=20%, list=11%, signal=22%	
GOMF_TUBULIN_BINDING	GOMF_TUBULIN_BINDING		352	0.2701127	1.0375154	0.35961273	0.6675716	1.0	3849	tags=26%, list=20%, signal=32%	
GOBP_REGULATION_OF_PROTEIN_SERINE_THREONINE_KINASE_ACTIVITY	GOBP_REGULATION_OF_PROTEIN_SERINE_THREONINE_KINASE_ACTIVITY		242	0.2798359	1.0368102	0.37260678	0.6692095	1.0	3136	tags=20%, list=16%, signal=23%	
GOBP_NEUROPEPTIDE_SIGNALING_PATHWAY	GOBP_NEUROPEPTIDE_SIGNALING_PATHWAY		104	0.31368375	1.0367682	0.39508197	0.66893756	1.0	1221	tags=8%, list=6%, signal=8%	
GOBP_NEUROTRANSMITTER_RECEPTOR_LOCALIZATION_TO_POSTSYNAPTIC_SPECIALIZATION_MEMBRANE	GOBP_NEUROTRANSMITTER_RECEPTOR_LOCALIZATION_TO_POSTSYNAPTIC_SPECIALIZATION_MEMBRANE		25	0.3953474	1.0364846	0.39266056	0.6693167	1.0	2364	tags=20%, list=12%, signal=23%	
GOBP_REGULATION_OF_CELL_CYCLE_PHASE_TRANSITION	GOBP_REGULATION_OF_CELL_CYCLE_PHASE_TRANSITION		405	0.2687584	1.0364811	0.3432836	0.66894543	1.0	3865	tags=23%, list=20%, signal=29%	
GOBP_PEPTIDYL_LYSINE_METHYLATION	GOBP_PEPTIDYL_LYSINE_METHYLATION		16	0.4487133	1.0360634	0.4140625	0.6697829	1.0	3479	tags=31%, list=18%, signal=38%	
GOMF_EPIDERMAL_GROWTH_FACTOR_RECEPTOR_BINDING	GOMF_EPIDERMAL_GROWTH_FACTOR_RECEPTOR_BINDING		34	0.37708405	1.0360533	0.39323843	0.6694376	1.0	2313	tags=21%, list=12%, signal=23%	
GOBP_CELLULAR_MODIFIED_AMINO_ACID_METABOLIC_PROCESS	GOBP_CELLULAR_MODIFIED_AMINO_ACID_METABOLIC_PROCESS		184	0.2849072	1.0360066	0.340458	0.66919047	1.0	1667	tags=13%, list=9%, signal=14%	
GOBP_NEGATIVE_REGULATION_OF_PROGRAMMED_NECROTIC_CELL_DEATH	GOBP_NEGATIVE_REGULATION_OF_PROGRAMMED_NECROTIC_CELL_DEATH		17	0.42909554	1.0357174	0.41682243	0.6696518	1.0	1254	tags=18%, list=6%, signal=19%	
GOCC_SPINDLE_POLE	GOCC_SPINDLE_POLE		172	0.28754875	1.0354842	0.39389312	0.6699265	1.0	3700	tags=27%, list=19%, signal=33%	
GOBP_PROTEIN_LOCALIZATION_TO_CELL_PERIPHERY	GOBP_PROTEIN_LOCALIZATION_TO_CELL_PERIPHERY		333	0.27166888	1.0351865	0.35326087	0.6704194	1.0	2811	tags=21%, list=14%, signal=24%	
GOBP_RESPONSE_TO_REACTIVE_OXYGEN_SPECIES	GOBP_RESPONSE_TO_REACTIVE_OXYGEN_SPECIES		187	0.28716347	1.0351143	0.36271676	0.6702301	1.0	3134	tags=24%, list=16%, signal=28%	
GOBP_POSITIVE_REGULATION_OF_AMINO_ACID_TRANSPORT	GOBP_POSITIVE_REGULATION_OF_AMINO_ACID_TRANSPORT		23	0.39583462	1.0347766	0.4	0.6708584	1.0	1724	tags=26%, list=9%, signal=29%	
GOBP_ICOSANOID_SECRETION	GOBP_ICOSANOID_SECRETION		45	0.3576526	1.0346681	0.3846154	0.6707636	1.0	1126	tags=11%, list=6%, signal=12%	
GOBP_POSITIVE_REGULATION_OF_LYMPHOCYTE_CHEMOTAXIS	GOBP_POSITIVE_REGULATION_OF_LYMPHOCYTE_CHEMOTAXIS		19	0.4196762	1.0340306	0.41320756	0.6722242	1.0	1725	tags=26%, list=9%, signal=29%	
GOBP_CELLULAR_RESPONSE_TO_GAMMA_RADIATION	GOBP_CELLULAR_RESPONSE_TO_GAMMA_RADIATION		24	0.40324977	1.0338925	0.4093458	0.6722585	1.0	5081	tags=50%, list=26%, signal=68%	
GOBP_NEGATIVE_REGULATION_OF_CELLULAR_SENESCENCE	GOBP_NEGATIVE_REGULATION_OF_CELLULAR_SENESCENCE		23	0.40059912	1.0330533	0.43269232	0.6743125	1.0	3182	tags=26%, list=16%, signal=31%	
GOBP_ADRENERGIC_RECEPTOR_SIGNALING_PATHWAY	GOBP_ADRENERGIC_RECEPTOR_SIGNALING_PATHWAY		29	0.38891822	1.0329704	0.3974359	0.67418486	1.0	616	tags=10%, list=3%, signal=11%	
GOBP_ARGININE_METABOLIC_PROCESS	GOBP_ARGININE_METABOLIC_PROCESS		17	0.43060333	1.0329684	0.42486086	0.6738159	1.0	3092	tags=41%, list=16%, signal=49%	
GOBP_ESTABLISHMENT_OF_SPINDLE_ORIENTATION	GOBP_ESTABLISHMENT_OF_SPINDLE_ORIENTATION		40	0.36073804	1.0326806	0.41065294	0.67425454	1.0	2975	tags=23%, list=15%, signal=27%	
GOMF_CYCLIN_DEPENDENT_PROTEIN_SERINE_THREONINE_KINASE_REGULATOR_ACTIVITY	GOMF_CYCLIN_DEPENDENT_PROTEIN_SERINE_THREONINE_KINASE_REGULATOR_ACTIVITY		45	0.3500807	1.0324045	0.39759037	0.6746641	1.0	2387	tags=20%, list=12%, signal=23%	
GOMF_FAD_BINDING	GOMF_FAD_BINDING		38	0.36030382	1.0322226	0.3938849	0.6747854	1.0	2065	tags=26%, list=11%, signal=29%	
GOCC_LAMELLIPODIUM_MEMBRANE	GOCC_LAMELLIPODIUM_MEMBRANE		22	0.40844473	1.0321877	0.37956205	0.6744948	1.0	2286	tags=32%, list=12%, signal=36%	
GOBP_INNERVATION	GOBP_INNERVATION		25	0.40082073	1.0321336	0.41103202	0.674284	1.0	1740	tags=24%, list=9%, signal=26%	
GOBP_NEURON_PROJECTION_ORGANIZATION	GOBP_NEURON_PROJECTION_ORGANIZATION		88	0.31389818	1.0321316	0.4053156	0.673913	1.0	2093	tags=19%, list=11%, signal=22%	
GOCC_EXTRINSIC_COMPONENT_OF_MEMBRANE	GOCC_EXTRINSIC_COMPONENT_OF_MEMBRANE		170	0.2913672	1.0319465	0.36939722	0.6740697	1.0	2635	tags=20%, list=14%, signal=23%	
GOMF_L_ASCORBIC_ACID_BINDING	GOMF_L_ASCORBIC_ACID_BINDING		20	0.41431695	1.0317935	0.415879	0.67413193	1.0	2921	tags=35%, list=15%, signal=41%	
GOBP_RESPONSE_TO_AMPHETAMINE	GOBP_RESPONSE_TO_AMPHETAMINE		35	0.364393	1.0317725	0.41219962	0.67381954	1.0	2498	tags=20%, list=13%, signal=23%	
GOCC_AXONEMAL_MICROTUBULE	GOCC_AXONEMAL_MICROTUBULE		33	0.36732343	1.0316366	0.4106814	0.673829	1.0	3532	tags=27%, list=18%, signal=33%	
GOBP_TRABECULA_MORPHOGENESIS	GOBP_TRABECULA_MORPHOGENESIS		47	0.35627678	1.0316249	0.3893967	0.6734809	1.0	1970	tags=26%, list=10%, signal=28%	
GOBP_POSITIVE_REGULATION_OF_REPRODUCTIVE_PROCESS	GOBP_POSITIVE_REGULATION_OF_REPRODUCTIVE_PROCESS		83	0.31418893	1.0312182	0.39966834	0.6742578	1.0	1129	tags=8%, list=6%, signal=9%	
GOMF_RACEMASE_AND_EPIMERASE_ACTIVITY	GOMF_RACEMASE_AND_EPIMERASE_ACTIVITY		16	0.44419613	1.0309424	0.43356642	0.6746511	1.0	2901	tags=38%, list=15%, signal=44%	
GOBP_NEGATIVE_REGULATION_OF_MITOTIC_CELL_CYCLE_PHASE_TRANSITION	GOBP_NEGATIVE_REGULATION_OF_MITOTIC_CELL_CYCLE_PHASE_TRANSITION		169	0.28969976	1.0306292	0.378882	0.67515135	1.0	3865	tags=23%, list=20%, signal=29%	
GOBP_REGULATION_OF_CARBOHYDRATE_METABOLIC_PROCESS	GOBP_REGULATION_OF_CARBOHYDRATE_METABOLIC_PROCESS		167	0.2895342	1.0306207	0.40091464	0.6748035	1.0	3621	tags=26%, list=19%, signal=31%	
GOBP_NEGATIVE_REGULATION_OF_MEMBRANE_PERMEABILITY	GOBP_NEGATIVE_REGULATION_OF_MEMBRANE_PERMEABILITY		19	0.41365054	1.0303637	0.41886792	0.6751622	1.0	3758	tags=47%, list=19%, signal=59%	
GOBP_POSITIVE_REGULATION_OF_GLIOGENESIS	GOBP_POSITIVE_REGULATION_OF_GLIOGENESIS		68	0.3261932	1.0296372	0.38308457	0.67687047	1.0	2840	tags=25%, list=15%, signal=29%	
GOBP_MAINTENANCE_OF_LOCATION_IN_CELL	GOBP_MAINTENANCE_OF_LOCATION_IN_CELL		220	0.2784069	1.0296192	0.38123167	0.6765449	1.0	2183	tags=15%, list=11%, signal=16%	
GOMF_MRNA_5_UTR_BINDING	GOMF_MRNA_5_UTR_BINDING		24	0.40125892	1.0296094	0.43253234	0.67619044	1.0	1648	tags=13%, list=8%, signal=14%	
GOBP_CELLULAR_RESPONSE_TO_OXYGEN_LEVELS	GOBP_CELLULAR_RESPONSE_TO_OXYGEN_LEVELS		159	0.29198155	1.0295889	0.4	0.67587876	1.0	1777	tags=14%, list=9%, signal=16%	
GOBP_NEGATIVE_REGULATION_OF_CYTOKINE_PRODUCTION_INVOLVED_IN_INFLAMMATORY_RESPONSE	GOBP_NEGATIVE_REGULATION_OF_CYTOKINE_PRODUCTION_INVOLVED_IN_INFLAMMATORY_RESPONSE		23	0.41359556	1.0294892	0.41155234	0.67578757	1.0	1001	tags=17%, list=5%, signal=18%	
GOMF_HEXOSYLTRANSFERASE_ACTIVITY	GOMF_HEXOSYLTRANSFERASE_ACTIVITY		188	0.28717318	1.0286901	0.3923664	0.67774826	1.0	2685	tags=18%, list=14%, signal=21%	
GOMF_MICROTUBULE_BINDING	GOMF_MICROTUBULE_BINDING		257	0.27511844	1.0286785	0.3667622	0.6774072	1.0	3629	tags=25%, list=19%, signal=31%	
GOMF_OXIDOREDUCTASE_ACTIVITY_ACTING_ON_METAL_IONS	GOMF_OXIDOREDUCTASE_ACTIVITY_ACTING_ON_METAL_IONS		15	0.44148114	1.0284655	0.44322345	0.677632	1.0	2139	tags=40%, list=11%, signal=45%	
GOBP_AMYLOID_PRECURSOR_PROTEIN_METABOLIC_PROCESS	GOBP_AMYLOID_PRECURSOR_PROTEIN_METABOLIC_PROCESS		73	0.32506853	1.0279444	0.40353698	0.67873985	1.0	2132	tags=16%, list=11%, signal=18%	
GOCC_NON_MOTILE_CILIUM	GOCC_NON_MOTILE_CILIUM		150	0.29454944	1.0277196	0.38181818	0.6790121	1.0	2639	tags=19%, list=14%, signal=22%	
GOBP_ATP_TRANSPORT	GOBP_ATP_TRANSPORT		19	0.41992033	1.027674	0.44509804	0.67876554	1.0	1314	tags=21%, list=7%, signal=23%	
GOBP_PLATELET_DERIVED_GROWTH_FACTOR_RECEPTOR_SIGNALING_PATHWAY	GOBP_PLATELET_DERIVED_GROWTH_FACTOR_RECEPTOR_SIGNALING_PATHWAY		54	0.3390463	1.0275652	0.41836736	0.67869556	1.0	3902	tags=41%, list=20%, signal=51%	
GOBP_POSITIVE_REGULATION_OF_SPROUTING_ANGIOGENESIS	GOBP_POSITIVE_REGULATION_OF_SPROUTING_ANGIOGENESIS		22	0.40220922	1.0273495	0.42802304	0.6789248	1.0	3021	tags=32%, list=16%, signal=38%	
GOBP_CELLULAR_RESPONSE_TO_VIRUS	GOBP_CELLULAR_RESPONSE_TO_VIRUS		74	0.31957105	1.0272913	0.41408935	0.6787192	1.0	2299	tags=14%, list=12%, signal=15%	
GOBP_EMBRYONIC_SKELETAL_JOINT_DEVELOPMENT	GOBP_EMBRYONIC_SKELETAL_JOINT_DEVELOPMENT		15	0.44438794	1.0270813	0.42736843	0.67897093	1.0	1425	tags=20%, list=7%, signal=22%	
GOBP_POSITIVE_REGULATION_OF_TRANSFORMING_GROWTH_FACTOR_BETA_PRODUCTION	GOBP_POSITIVE_REGULATION_OF_TRANSFORMING_GROWTH_FACTOR_BETA_PRODUCTION		17	0.42606515	1.0269895	0.43195266	0.678856	1.0	1725	tags=29%, list=9%, signal=32%	
GOBP_CELL_DIFFERENTIATION_INVOLVED_IN_METANEPHROS_DEVELOPMENT	GOBP_CELL_DIFFERENTIATION_INVOLVED_IN_METANEPHROS_DEVELOPMENT		22	0.4071634	1.0266341	0.4347826	0.6794901	1.0	2363	tags=27%, list=12%, signal=31%	
GOBP_NEGATIVE_REGULATION_OF_ACTIN_FILAMENT_POLYMERIZATION	GOBP_NEGATIVE_REGULATION_OF_ACTIN_FILAMENT_POLYMERIZATION		60	0.33363697	1.0266244	0.41532975	0.6791397	1.0	4094	tags=35%, list=21%, signal=44%	
GOBP_REGULATION_OF_SYNAPTIC_TRANSMISSION_GABAERGIC	GOBP_REGULATION_OF_SYNAPTIC_TRANSMISSION_GABAERGIC		33	0.3740793	1.0264548	0.4283054	0.67925465	1.0	1015	tags=12%, list=5%, signal=13%	
GOMF_TETRAPYRROLE_BINDING	GOMF_TETRAPYRROLE_BINDING		143	0.29464084	1.0256745	0.3919129	0.6810845	1.0	1517	tags=13%, list=8%, signal=14%	
GOBP_REGULATION_OF_SMALL_MOLECULE_METABOLIC_PROCESS	GOBP_REGULATION_OF_SMALL_MOLECULE_METABOLIC_PROCESS		298	0.27217218	1.0256039	0.38297874	0.6809157	1.0	3497	tags=24%, list=18%, signal=29%	
GOBP_MOLTING_CYCLE	GOBP_MOLTING_CYCLE		115	0.30165726	1.0252664	0.4237856	0.6815021	1.0	2422	tags=18%, list=12%, signal=21%	
GOBP_NEUROMUSCULAR_PROCESS	GOBP_NEUROMUSCULAR_PROCESS		156	0.2917248	1.0252246	0.39625585	0.6812552	1.0	3651	tags=25%, list=19%, signal=31%	
GOMF_TRANSMEMBRANE_RECEPTOR_PROTEIN_TYROSINE_KINASE_ACTIVATOR_ACTIVITY	GOMF_TRANSMEMBRANE_RECEPTOR_PROTEIN_TYROSINE_KINASE_ACTIVATOR_ACTIVITY		15	0.440336	1.0250514	0.43359375	0.6813951	1.0	1553	tags=27%, list=8%, signal=29%	
GOCC_AXON_INITIAL_SEGMENT	GOCC_AXON_INITIAL_SEGMENT		20	0.40377328	1.0250183	0.43302754	0.681116	1.0	537	tags=10%, list=3%, signal=10%	
GOBP_IMPORT_INTO_NUCLEUS	GOBP_IMPORT_INTO_NUCLEUS		161	0.2864848	1.0248741	0.3868066	0.6811483	1.0	2990	tags=18%, list=15%, signal=21%	
GOMF_CALCIUM_DEPENDENT_PROTEIN_BINDING	GOMF_CALCIUM_DEPENDENT_PROTEIN_BINDING		77	0.31737036	1.0248461	0.4079602	0.6808553	1.0	2044	tags=18%, list=11%, signal=20%	
GOCC_POSTSYNAPTIC_SPECIALIZATION_INTRACELLULAR_COMPONENT	GOCC_POSTSYNAPTIC_SPECIALIZATION_INTRACELLULAR_COMPONENT		20	0.4182604	1.0247391	0.4076923	0.68078935	1.0	3157	tags=30%, list=16%, signal=36%	
GOBP_DEVELOPMENT_OF_PRIMARY_SEXUAL_CHARACTERISTICS	GOBP_DEVELOPMENT_OF_PRIMARY_SEXUAL_CHARACTERISTICS		230	0.27606046	1.02438	0.39759037	0.68148243	1.0	3722	tags=25%, list=19%, signal=31%	
GOBP_STEROID_BIOSYNTHETIC_PROCESS	GOBP_STEROID_BIOSYNTHETIC_PROCESS		174	0.2868982	1.0242664	0.39016896	0.6814424	1.0	2298	tags=20%, list=12%, signal=22%	
GOBP_RESPONSE_TO_XENOBIOTIC_STIMULUS	GOBP_RESPONSE_TO_XENOBIOTIC_STIMULUS		426	0.26372725	1.0242227	0.39430895	0.68120444	1.0	2661	tags=16%, list=14%, signal=19%	
GOMF_KINESIN_BINDING	GOMF_KINESIN_BINDING		39	0.3591122	1.0238069	0.3989071	0.68200934	1.0	3419	tags=33%, list=18%, signal=40%	
GOMF_PROTEIN_METHYLTRANSFERASE_ACTIVITY	GOMF_PROTEIN_METHYLTRANSFERASE_ACTIVITY		83	0.3142111	1.0229808	0.415	0.68398196	1.0	4250	tags=31%, list=22%, signal=40%	
GOCC_MALE_GERM_CELL_NUCLEUS	GOCC_MALE_GERM_CELL_NUCLEUS		48	0.34946436	1.0226611	0.41512606	0.68450284	1.0	4098	tags=33%, list=21%, signal=42%	
GOBP_SENSORY_PERCEPTION_OF_TEMPERATURE_STIMULUS	GOBP_SENSORY_PERCEPTION_OF_TEMPERATURE_STIMULUS		29	0.3774848	1.0224125	0.42553192	0.68485326	1.0	1754	tags=21%, list=9%, signal=23%	
GOBP_POSITIVE_REGULATION_OF_DOUBLE_STRAND_BREAK_REPAIR	GOBP_POSITIVE_REGULATION_OF_DOUBLE_STRAND_BREAK_REPAIR		85	0.3089532	1.0219066	0.405	0.6859034	1.0	4576	tags=36%, list=24%, signal=48%	
GOBP_ACTIN_FILAMENT_SEVERING	GOBP_ACTIN_FILAMENT_SEVERING		16	0.43809378	1.0218974	0.44022772	0.68555975	1.0	1234	tags=25%, list=6%, signal=27%	
GOBP_SKIN_EPIDERMIS_DEVELOPMENT	GOBP_SKIN_EPIDERMIS_DEVELOPMENT		128	0.29882836	1.0218167	0.399361	0.68542707	1.0	3435	tags=27%, list=18%, signal=33%	
GOBP_POSITIVE_REGULATION_OF_CALCIUM_ION_TRANSMEMBRANE_TRANSPORT	GOBP_POSITIVE_REGULATION_OF_CALCIUM_ION_TRANSMEMBRANE_TRANSPORT		75	0.32378557	1.0215185	0.4198988	0.6859042	1.0	4288	tags=31%, list=22%, signal=39%	
GOMF_TRANSLATION_REPRESSOR_ACTIVITY	GOMF_TRANSLATION_REPRESSOR_ACTIVITY		31	0.36969188	1.0215108	0.4083045	0.6855476	1.0	2918	tags=29%, list=15%, signal=34%	
GOBP_NEGATIVE_REGULATION_OF_CYTOKINE_PRODUCTION_INVOLVED_IN_IMMUNE_RESPONSE	GOBP_NEGATIVE_REGULATION_OF_CYTOKINE_PRODUCTION_INVOLVED_IN_IMMUNE_RESPONSE		33	0.3674279	1.0213009	0.41981983	0.6857672	1.0	416	tags=12%, list=2%, signal=12%	
GOBP_OSTEOCLAST_DIFFERENTIATION	GOBP_OSTEOCLAST_DIFFERENTIATION		102	0.30432826	1.0208002	0.3984127	0.68677294	1.0	2072	tags=19%, list=11%, signal=21%	
GOCC_PLATELET_DENSE_GRANULE	GOCC_PLATELET_DENSE_GRANULE		20	0.41167107	1.0207009	0.43302754	0.6866888	1.0	3505	tags=35%, list=18%, signal=43%	
GOBP_PYRIMIDINE_RIBONUCLEOTIDE_BIOSYNTHETIC_PROCESS	GOBP_PYRIMIDINE_RIBONUCLEOTIDE_BIOSYNTHETIC_PROCESS		23	0.39918992	1.0205058	0.4390244	0.6868734	1.0	4843	tags=43%, list=25%, signal=58%	
GOBP_NEGATIVE_REGULATION_OF_BINDING	GOBP_NEGATIVE_REGULATION_OF_BINDING		102	0.30746865	1.02036	0.4161074	0.6869188	1.0	3368	tags=25%, list=17%, signal=29%	
GOBP_REGULATION_OF_MITOTIC_CELL_CYCLE	GOBP_REGULATION_OF_MITOTIC_CELL_CYCLE		478	0.25986388	1.0203339	0.39759037	0.6866277	1.0	3869	tags=23%, list=20%, signal=28%	
GOBP_TONGUE_DEVELOPMENT	GOBP_TONGUE_DEVELOPMENT		21	0.4126886	1.0199757	0.43726936	0.68730116	1.0	2799	tags=24%, list=14%, signal=28%	
GOBP_CHRONIC_INFLAMMATORY_RESPONSE	GOBP_CHRONIC_INFLAMMATORY_RESPONSE		19	0.40996206	1.0196059	0.4329502	0.6879846	1.0	694	tags=16%, list=4%, signal=16%	
GOCC_A_BAND	GOCC_A_BAND		39	0.35746923	1.0195706	0.4369287	0.6877138	1.0	2954	tags=33%, list=15%, signal=39%	
GOBP_ACETYL_COA_METABOLIC_PROCESS	GOBP_ACETYL_COA_METABOLIC_PROCESS		32	0.37115195	1.0187609	0.43214285	0.68963796	1.0	3170	tags=31%, list=16%, signal=37%	
GOBP_PURINE_NUCLEOTIDE_TRANSPORT	GOBP_PURINE_NUCLEOTIDE_TRANSPORT		40	0.3585405	1.0187559	0.4331551	0.68927884	1.0	5120	tags=43%, list=26%, signal=58%	
GOCC_POSTSYNAPTIC_SPECIALIZATION	GOCC_POSTSYNAPTIC_SPECIALIZATION		334	0.26800826	1.0182567	0.417256	0.69033164	1.0	2879	tags=18%, list=15%, signal=20%	
GOBP_LENS_DEVELOPMENT_IN_CAMERA_TYPE_EYE	GOBP_LENS_DEVELOPMENT_IN_CAMERA_TYPE_EYE		87	0.31126764	1.0169368	0.42043552	0.6937172	1.0	1523	tags=10%, list=8%, signal=11%	
GOBP_RESPONSE_TO_VITAMIN_D	GOBP_RESPONSE_TO_VITAMIN_D		35	0.36278206	1.0166173	0.42565057	0.6942877	1.0	1738	tags=17%, list=9%, signal=19%	
GOBP_REGULATION_OF_MYOBLAST_DIFFERENTIATION	GOBP_REGULATION_OF_MYOBLAST_DIFFERENTIATION		71	0.32257387	1.0165303	0.4100346	0.6941664	1.0	3370	tags=31%, list=17%, signal=37%	
GOMF_MHC_PROTEIN_COMPLEX_BINDING	GOMF_MHC_PROTEIN_COMPLEX_BINDING		34	0.36940017	1.0164293	0.40834847	0.69407314	1.0	2231	tags=26%, list=11%, signal=30%	
GOMF_TRANSCRIPTION_REGULATOR_INHIBITOR_ACTIVITY	GOMF_TRANSCRIPTION_REGULATOR_INHIBITOR_ACTIVITY		30	0.3774386	1.016273	0.44214162	0.694112	1.0	2799	tags=30%, list=14%, signal=35%	
GOBP_POSITIVE_REGULATION_OF_DNA_BINDING	GOBP_POSITIVE_REGULATION_OF_DNA_BINDING		34	0.36209685	1.016026	0.4367589	0.69444925	1.0	1717	tags=15%, list=9%, signal=16%	
GOCC_MEMBRANE_MICRODOMAIN	GOCC_MEMBRANE_MICRODOMAIN		282	0.2706716	1.016005	0.39970717	0.6941361	1.0	2533	tags=19%, list=13%, signal=21%	
GOBP_MACROPHAGE_CHEMOTAXIS	GOBP_MACROPHAGE_CHEMOTAXIS		40	0.3514825	1.0159247	0.43559322	0.6939756	1.0	3370	tags=25%, list=17%, signal=30%	
GOBP_REGULATION_OF_PROTEIN_IMPORT_INTO_NUCLEUS	GOBP_REGULATION_OF_PROTEIN_IMPORT_INTO_NUCLEUS		58	0.33575517	1.0158666	0.42024013	0.69377804	1.0	3431	tags=29%, list=18%, signal=35%	
GOBP_NEGATIVE_REGULATION_OF_CELL_SUBSTRATE_JUNCTION_ORGANIZATION	GOBP_NEGATIVE_REGULATION_OF_CELL_SUBSTRATE_JUNCTION_ORGANIZATION		16	0.44043204	1.0154151	0.44676808	0.6947068	1.0	2413	tags=38%, list=12%, signal=43%	
GOBP_REGULATION_OF_MICROTUBULE_POLYMERIZATION_OR_DEPOLYMERIZATION	GOBP_REGULATION_OF_MICROTUBULE_POLYMERIZATION_OR_DEPOLYMERIZATION		89	0.31397414	1.0145664	0.44122383	0.69669753	1.0	3084	tags=25%, list=16%, signal=29%	
GOCC_PLATELET_ALPHA_GRANULE_MEMBRANE	GOCC_PLATELET_ALPHA_GRANULE_MEMBRANE		17	0.4189744	1.0140767	0.4280443	0.6977228	1.0	2442	tags=35%, list=13%, signal=40%	
GOMF_HYDROLASE_ACTIVITY_ACTING_ON_CARBON_NITROGEN_BUT_NOT_PEPTIDE_BONDS_IN_CYCLIC_AMIDES	GOMF_HYDROLASE_ACTIVITY_ACTING_ON_CARBON_NITROGEN_BUT_NOT_PEPTIDE_BONDS_IN_CYCLIC_AMIDES		15	0.4351186	1.0137653	0.42066422	0.69822484	1.0	2820	tags=33%, list=15%, signal=39%	
GOBP_PERIPHERAL_NERVOUS_SYSTEM_AXON_ENSHEATHMENT	GOBP_PERIPHERAL_NERVOUS_SYSTEM_AXON_ENSHEATHMENT		27	0.38916144	1.0133129	0.41495326	0.6991483	1.0	2176	tags=22%, list=11%, signal=25%	
GOBP_NEGATIVE_REGULATION_OF_AXONOGENESIS	GOBP_NEGATIVE_REGULATION_OF_AXONOGENESIS		50	0.34273854	1.0132616	0.45008758	0.6989088	1.0	1958	tags=18%, list=10%, signal=20%	
GOBP_NUCLEOSIDE_PHOSPHATE_CATABOLIC_PROCESS	GOBP_NUCLEOSIDE_PHOSPHATE_CATABOLIC_PROCESS		175	0.28382632	1.0132389	0.4308176	0.6986046	1.0	3021	tags=18%, list=16%, signal=21%	
GOBP_THIOESTER_BIOSYNTHETIC_PROCESS	GOBP_THIOESTER_BIOSYNTHETIC_PROCESS		45	0.34901196	1.0131751	0.44755244	0.69841444	1.0	3426	tags=36%, list=18%, signal=43%	
GOBP_REGULATION_OF_LYMPHOCYTE_CHEMOTAXIS	GOBP_REGULATION_OF_LYMPHOCYTE_CHEMOTAXIS		24	0.39582586	1.0122423	0.43910807	0.70071393	1.0	1756	tags=25%, list=9%, signal=27%	
GOBP_CELLULAR_RESPONSE_TO_OXIDATIVE_STRESS	GOBP_CELLULAR_RESPONSE_TO_OXIDATIVE_STRESS		228	0.27617463	1.0114717	0.44067797	0.7025465	1.0	3134	tags=23%, list=16%, signal=27%	
GOMF_PROTEIN_SERINE_THREONINE_KINASE_INHIBITOR_ACTIVITY	GOMF_PROTEIN_SERINE_THREONINE_KINASE_INHIBITOR_ACTIVITY		36	0.3606129	1.0114443	0.44465292	0.70225114	1.0	2836	tags=22%, list=15%, signal=26%	
GOBP_POSITIVE_REGULATION_OF_G_PROTEIN_COUPLED_RECEPTOR_SIGNALING_PATHWAY	GOBP_POSITIVE_REGULATION_OF_G_PROTEIN_COUPLED_RECEPTOR_SIGNALING_PATHWAY		29	0.3792921	1.0110645	0.4442446	0.702971	1.0	1599	tags=17%, list=8%, signal=19%	
GOBP_CHONDROITIN_SULFATE_PROTEOGLYCAN_METABOLIC_PROCESS	GOBP_CHONDROITIN_SULFATE_PROTEOGLYCAN_METABOLIC_PROCESS		30	0.37009212	1.0110191	0.460733	0.7027302	1.0	4252	tags=47%, list=22%, signal=60%	
GOCC_PORE_COMPLEX	GOCC_PORE_COMPLEX		25	0.38731387	1.010911	0.43470484	0.70267504	1.0	1847	tags=12%, list=10%, signal=13%	
GOBP_NEURAL_TUBE_PATTERNING	GOBP_NEURAL_TUBE_PATTERNING		32	0.3655712	1.0108681	0.46011132	0.70241165	1.0	2085	tags=25%, list=11%, signal=28%	
GOBP_POSITIVE_REGULATION_OF_ATP_METABOLIC_PROCESS	GOBP_POSITIVE_REGULATION_OF_ATP_METABOLIC_PROCESS		30	0.3701835	1.0106755	0.4471698	0.70257986	1.0	23	tags=3%, list=0%, signal=3%	
GOBP_EXTRACELLULAR_VESICLE_BIOGENESIS	GOBP_EXTRACELLULAR_VESICLE_BIOGENESIS		24	0.38291496	1.0103816	0.43144423	0.70304644	1.0	5425	tags=38%, list=28%, signal=52%	
GOCC_INNER_KINETOCHORE	GOCC_INNER_KINETOCHORE		15	0.43902895	1.0102113	0.46862745	0.70315504	1.0	4763	tags=53%, list=25%, signal=71%	
GOMF_PROTEIN_LIPID_COMPLEX_BINDING	GOMF_PROTEIN_LIPID_COMPLEX_BINDING		29	0.37837604	1.0099316	0.45772058	0.7035623	1.0	1432	tags=17%, list=7%, signal=19%	
GOBP_CHAPERONE_MEDIATED_PROTEIN_COMPLEX_ASSEMBLY	GOBP_CHAPERONE_MEDIATED_PROTEIN_COMPLEX_ASSEMBLY		22	0.39801317	1.0095663	0.4502924	0.7042383	1.0	4736	tags=50%, list=24%, signal=66%	
GOBP_REGULATION_OF_FILOPODIUM_ASSEMBLY	GOBP_REGULATION_OF_FILOPODIUM_ASSEMBLY		45	0.33742157	1.0091634	0.44626594	0.7049852	1.0	2369	tags=27%, list=12%, signal=30%	
GOCC_NEURON_PROJECTION_MEMBRANE	GOCC_NEURON_PROJECTION_MEMBRANE		56	0.33996776	1.008782	0.4525043	0.7056965	1.0	1240	tags=9%, list=6%, signal=10%	
GOMF_FLAVIN_ADENINE_DINUCLEOTIDE_BINDING	GOMF_FLAVIN_ADENINE_DINUCLEOTIDE_BINDING		85	0.30892584	1.0087531	0.43441227	0.70540273	1.0	2065	tags=18%, list=11%, signal=20%	
GOMF_RNA_POLYMERASE_II_SPECIFIC_DNA_BINDING_TRANSCRIPTION_FACTOR_BINDING	GOMF_RNA_POLYMERASE_II_SPECIFIC_DNA_BINDING_TRANSCRIPTION_FACTOR_BINDING		334	0.26454812	1.0087266	0.4064603	0.7050897	1.0	3841	tags=23%, list=20%, signal=28%	
GOBP_HINDLIMB_MORPHOGENESIS	GOBP_HINDLIMB_MORPHOGENESIS		35	0.36267668	1.0083256	0.424581	0.7058678	1.0	2093	tags=31%, list=11%, signal=35%	
GOMF_ENDOPEPTIDASE_REGULATOR_ACTIVITY	GOMF_ENDOPEPTIDASE_REGULATOR_ACTIVITY		176	0.27988967	1.008293	0.4192	0.70558447	1.0	1530	tags=11%, list=8%, signal=12%	
GOBP_NEGATIVE_REGULATION_OF_REPRODUCTIVE_PROCESS	GOBP_NEGATIVE_REGULATION_OF_REPRODUCTIVE_PROCESS		69	0.31882355	1.0082123	0.44957265	0.7054458	1.0	943	tags=9%, list=5%, signal=9%	
GOBP_RESPONSE_TO_MECHANICAL_STIMULUS	GOBP_RESPONSE_TO_MECHANICAL_STIMULUS		215	0.27486417	1.0081384	0.41715977	0.70526826	1.0	2807	tags=20%, list=14%, signal=23%	
GOBP_BIOGENIC_AMINE_METABOLIC_PROCESS	GOBP_BIOGENIC_AMINE_METABOLIC_PROCESS		93	0.3057914	1.0079098	0.4274062	0.7055398	1.0	2658	tags=18%, list=14%, signal=21%	
GOBP_REGULATION_OF_CALCINEURIN_MEDIATED_SIGNALING	GOBP_REGULATION_OF_CALCINEURIN_MEDIATED_SIGNALING		38	0.3500321	1.0078784	0.44283122	0.7052558	1.0	1982	tags=18%, list=10%, signal=20%	
GOMF_WW_DOMAIN_BINDING	GOMF_WW_DOMAIN_BINDING		20	0.4121892	1.0076879	0.46209386	0.7054524	1.0	877	tags=15%, list=5%, signal=16%	
GOBP_NEGATIVE_REGULATION_OF_TRANSPORT	GOBP_NEGATIVE_REGULATION_OF_TRANSPORT		393	0.2604478	1.0075872	0.43115437	0.70537776	1.0	2322	tags=15%, list=12%, signal=17%	
GOBP_ESTABLISHMENT_OF_MITOCHONDRION_LOCALIZATION_MICROTUBULE_MEDIATED	GOBP_ESTABLISHMENT_OF_MITOCHONDRION_LOCALIZATION_MICROTUBULE_MEDIATED		26	0.3854579	1.0072873	0.45338207	0.70585585	1.0	4034	tags=31%, list=21%, signal=39%	
GOBP_RESPONSE_TO_AMYLOID_BETA	GOBP_RESPONSE_TO_AMYLOID_BETA		49	0.33786532	1.0072688	0.44406196	0.7055367	1.0	1370	tags=16%, list=7%, signal=18%	
GOCC_BLOOD_MICROPARTICLE	GOCC_BLOOD_MICROPARTICLE		108	0.29745337	1.0070283	0.4375	0.70584476	1.0	2344	tags=19%, list=12%, signal=21%	
GOBP_POSITIVE_REGULATION_OF_ORGANELLE_ORGANIZATION	GOBP_POSITIVE_REGULATION_OF_ORGANELLE_ORGANIZATION		482	0.25801054	1.0066918	0.42726082	0.70645577	1.0	3612	tags=23%, list=19%, signal=27%	
GOCC_DISTAL_AXON	GOCC_DISTAL_AXON		267	0.2686156	1.0057366	0.44347826	0.7088338	1.0	3306	tags=17%, list=17%, signal=20%	
GOBP_POSITIVE_REGULATION_OF_DNA_BIOSYNTHETIC_PROCESS	GOBP_POSITIVE_REGULATION_OF_DNA_BIOSYNTHETIC_PROCESS		68	0.32192755	1.0056353	0.45950413	0.7087702	1.0	3924	tags=34%, list=20%, signal=42%	
GOBP_L_AMINO_ACID_TRANSPORT	GOBP_L_AMINO_ACID_TRANSPORT		91	0.3055624	1.005562	0.46655792	0.70860523	1.0	3342	tags=25%, list=17%, signal=30%	
GOBP_MORPHOGENESIS_OF_A_POLARIZED_EPITHELIUM	GOBP_MORPHOGENESIS_OF_A_POLARIZED_EPITHELIUM		60	0.32838377	1.00502	0.46744573	0.70979315	1.0	2080	tags=22%, list=11%, signal=24%	
GOBP_L_GLUTAMATE_IMPORT	GOBP_L_GLUTAMATE_IMPORT		39	0.35439846	1.004843	0.4450172	0.709919	1.0	1724	tags=15%, list=9%, signal=17%	
GOBP_RESPONSE_TO_ATP	GOBP_RESPONSE_TO_ATP		31	0.371604	1.0044417	0.4332724	0.7107141	1.0	1288	tags=13%, list=7%, signal=14%	
GOBP_AMINO_ACID_TRANSPORT	GOBP_AMINO_ACID_TRANSPORT		154	0.2817315	1.0042413	0.4359375	0.71089447	1.0	2812	tags=21%, list=14%, signal=24%	
GOBP_NEGATIVE_REGULATION_OF_PROTEIN_CONTAINING_COMPLEX_ASSEMBLY	GOBP_NEGATIVE_REGULATION_OF_PROTEIN_CONTAINING_COMPLEX_ASSEMBLY		135	0.2901717	1.0040195	0.45700637	0.71115243	1.0	4094	tags=31%, list=21%, signal=39%	
GOBP_VITAMIN_CATABOLIC_PROCESS	GOBP_VITAMIN_CATABOLIC_PROCESS		15	0.4249117	1.003318	0.45224172	0.7127914	1.0	1244	tags=13%, list=6%, signal=14%	
GOBP_SERINE_FAMILY_AMINO_ACID_METABOLIC_PROCESS	GOBP_SERINE_FAMILY_AMINO_ACID_METABOLIC_PROCESS		32	0.3714134	1.0032026	0.45810056	0.7127555	1.0	3253	tags=25%, list=17%, signal=30%	
GOMF_DNA_BINDING_TRANSCRIPTION_FACTOR_BINDING	GOMF_DNA_BINDING_TRANSCRIPTION_FACTOR_BINDING		464	0.25429243	1.002995	0.43229166	0.7129885	1.0	3160	tags=19%, list=16%, signal=22%	
GOBP_MACROPHAGE_CYTOKINE_PRODUCTION	GOBP_MACROPHAGE_CYTOKINE_PRODUCTION		37	0.3550748	1.0029421	0.46617916	0.7127607	1.0	416	tags=11%, list=2%, signal=11%	
GOBP_REGULATION_OF_RHO_PROTEIN_SIGNAL_TRANSDUCTION	GOBP_REGULATION_OF_RHO_PROTEIN_SIGNAL_TRANSDUCTION		85	0.3094241	1.0022186	0.45114008	0.7144727	1.0	3309	tags=32%, list=17%, signal=38%	
GOBP_REGULATION_OF_INTEGRIN_ACTIVATION	GOBP_REGULATION_OF_INTEGRIN_ACTIVATION		17	0.41632578	1.0018928	0.45067698	0.7149985	1.0	2172	tags=29%, list=11%, signal=33%	
GOBP_POSITIVE_REGULATION_OF_SYNCYTIUM_FORMATION_BY_PLASMA_MEMBRANE_FUSION	GOBP_POSITIVE_REGULATION_OF_SYNCYTIUM_FORMATION_BY_PLASMA_MEMBRANE_FUSION		22	0.39832348	1.0016795	0.4352518	0.71523356	1.0	3950	tags=36%, list=20%, signal=46%	
GOBP_MECHANORECEPTOR_DIFFERENTIATION	GOBP_MECHANORECEPTOR_DIFFERENTIATION		63	0.32100663	1.001502	0.45134228	0.7153788	1.0	3600	tags=29%, list=19%, signal=35%	
GOMF_LYSINE_N_METHYLTRANSFERASE_ACTIVITY	GOMF_LYSINE_N_METHYLTRANSFERASE_ACTIVITY		51	0.33477473	1.0014727	0.46166667	0.7150932	1.0	4190	tags=31%, list=22%, signal=40%	
GOBP_EMBRYONIC_AXIS_SPECIFICATION	GOBP_EMBRYONIC_AXIS_SPECIFICATION		38	0.35391444	1.0009489	0.45841035	0.71620053	1.0	528	tags=11%, list=3%, signal=11%	
GOBP_AMINO_ACID_BIOSYNTHETIC_PROCESS	GOBP_AMINO_ACID_BIOSYNTHETIC_PROCESS		72	0.31958118	1.0008246	0.47135842	0.7161883	1.0	2901	tags=24%, list=15%, signal=28%	
GOCC_ASYMMETRIC_GLUTAMATERGIC_EXCITATORY_SYNAPSE	GOCC_ASYMMETRIC_GLUTAMATERGIC_EXCITATORY_SYNAPSE		15	0.42996463	1.0002686	0.46216768	0.7174406	1.0	2527	tags=27%, list=13%, signal=31%	
GOBP_REGULATION_OF_ADENYLATE_CYCLASE_ACTIVATING_G_PROTEIN_COUPLED_RECEPTOR_SIGNALING_PATHWAY	GOBP_REGULATION_OF_ADENYLATE_CYCLASE_ACTIVATING_G_PROTEIN_COUPLED_RECEPTOR_SIGNALING_PATHWAY		19	0.4055564	1.0002391	0.48210922	0.71714956	1.0	1599	tags=21%, list=8%, signal=23%	
GOCC_CHLORIDE_CHANNEL_COMPLEX	GOCC_CHLORIDE_CHANNEL_COMPLEX		53	0.33311346	1.0001652	0.44856662	0.71697754	1.0	1506	tags=11%, list=8%, signal=12%	
GOCC_HIPPOCAMPAL_MOSSY_FIBER_TO_CA3_SYNAPSE	GOCC_HIPPOCAMPAL_MOSSY_FIBER_TO_CA3_SYNAPSE		43	0.3471459	0.9998262	0.44221106	0.7175535	1.0	2070	tags=16%, list=11%, signal=18%	
GOMF_ATPASE_BINDING	GOMF_ATPASE_BINDING		79	0.30859113	0.9997734	0.45535713	0.71733695	1.0	2806	tags=20%, list=14%, signal=24%	
GOCC_TRANSPORT_VESICLE	GOCC_TRANSPORT_VESICLE		419	0.25633147	0.99972683	0.45275036	0.71709615	1.0	2234	tags=14%, list=12%, signal=16%	
GOBP_COLLAGEN_BIOSYNTHETIC_PROCESS	GOBP_COLLAGEN_BIOSYNTHETIC_PROCESS		40	0.34765467	0.9995406	0.43843284	0.71725315	1.0	1681	tags=20%, list=9%, signal=22%	
GOBP_MICROTUBULE_CYTOSKELETON_ORGANIZATION_INVOLVED_IN_MITOSIS	GOBP_MICROTUBULE_CYTOSKELETON_ORGANIZATION_INVOLVED_IN_MITOSIS		157	0.28562227	0.9994401	0.45873016	0.7171543	1.0	4194	tags=29%, list=22%, signal=37%	
GOBP_CELLULAR_KETONE_METABOLIC_PROCESS	GOBP_CELLULAR_KETONE_METABOLIC_PROCESS		208	0.27256247	0.99932516	0.44113263	0.71709365	1.0	2524	tags=16%, list=13%, signal=18%	
GOBP_REGULATION_OF_PROTEIN_SECRETION	GOBP_REGULATION_OF_PROTEIN_SECRETION		246	0.26861373	0.99886143	0.4674385	0.71802586	1.0	1716	tags=13%, list=9%, signal=14%	
GOBP_OXYGEN_TRANSPORT	GOBP_OXYGEN_TRANSPORT		15	0.4187126	0.998244	0.4728972	0.719383	1.0	1426	tags=33%, list=7%, signal=36%	
GOBP_ORGANIC_ACID_TRANSMEMBRANE_TRANSPORT	GOBP_ORGANIC_ACID_TRANSMEMBRANE_TRANSPORT		143	0.2841675	0.9981202	0.4438944	0.71935314	1.0	2680	tags=19%, list=14%, signal=22%	
GOBP_REGULATION_OF_AMINE_METABOLIC_PROCESS	GOBP_REGULATION_OF_AMINE_METABOLIC_PROCESS		28	0.3710869	0.9980244	0.44280443	0.7192506	1.0	1661	tags=14%, list=9%, signal=16%	
GOBP_REGULATION_OF_MICROTUBULE_DEPOLYMERIZATION	GOBP_REGULATION_OF_MICROTUBULE_DEPOLYMERIZATION		29	0.37644678	0.9980047	0.4547135	0.7189383	1.0	2507	tags=24%, list=13%, signal=28%	
GOBP_REGULATION_OF_AMINO_ACID_TRANSMEMBRANE_TRANSPORT	GOBP_REGULATION_OF_AMINO_ACID_TRANSMEMBRANE_TRANSPORT		15	0.42421493	0.9976493	0.46282527	0.7195689	1.0	2498	tags=40%, list=13%, signal=46%	
GOBP_REGULATION_OF_MICROTUBULE_POLYMERIZATION	GOBP_REGULATION_OF_MICROTUBULE_POLYMERIZATION		57	0.33136716	0.9974035	0.47972974	0.7198716	1.0	3084	tags=26%, list=16%, signal=31%	
GOBP_SULFUR_COMPOUND_METABOLIC_PROCESS	GOBP_SULFUR_COMPOUND_METABOLIC_PROCESS		309	0.26099086	0.9973569	0.44506258	0.7196481	1.0	2510	tags=17%, list=13%, signal=19%	
GOBP_GLIAL_CELL_PROLIFERATION	GOBP_GLIAL_CELL_PROLIFERATION		54	0.33052984	0.9970184	0.46519524	0.72025806	1.0	3312	tags=30%, list=17%, signal=36%	
GOMF_ATPASE_COUPLED_INTRAMEMBRANE_LIPID_TRANSPORTER_ACTIVITY	GOMF_ATPASE_COUPLED_INTRAMEMBRANE_LIPID_TRANSPORTER_ACTIVITY		27	0.37468913	0.9969056	0.47292417	0.720189	1.0	3949	tags=44%, list=20%, signal=56%	
GOBP_NEURON_APOPTOTIC_PROCESS	GOBP_NEURON_APOPTOTIC_PROCESS		278	0.26374066	0.99674195	0.4657933	0.72027504	1.0	2348	tags=17%, list=12%, signal=19%	
GOBP_MANNOSYLATION	GOBP_MANNOSYLATION		23	0.38485178	0.99596816	0.46605504	0.7220852	1.0	1839	tags=22%, list=9%, signal=24%	
GOBP_SULFUR_AMINO_ACID_METABOLIC_PROCESS	GOBP_SULFUR_AMINO_ACID_METABOLIC_PROCESS		31	0.36701065	0.99560046	0.4646643	0.7227449	1.0	3528	tags=32%, list=18%, signal=39%	
GOBP_RESPONSE_TO_PURINE_CONTAINING_COMPOUND	GOBP_RESPONSE_TO_PURINE_CONTAINING_COMPOUND		136	0.28744045	0.99556905	0.4358578	0.72245806	1.0	1486	tags=12%, list=8%, signal=13%	
GOBP_GLYCOPROTEIN_BIOSYNTHETIC_PROCESS	GOBP_GLYCOPROTEIN_BIOSYNTHETIC_PROCESS		296	0.26258382	0.9953602	0.45862553	0.72268355	1.0	2749	tags=19%, list=14%, signal=21%	
GOMF_CERAMIDE_BINDING	GOMF_CERAMIDE_BINDING		17	0.4149837	0.9952646	0.46886447	0.72256035	1.0	1194	tags=24%, list=6%, signal=25%	
GOBP_LONG_CHAIN_FATTY_ACYL_COA_BIOSYNTHETIC_PROCESS	GOBP_LONG_CHAIN_FATTY_ACYL_COA_BIOSYNTHETIC_PROCESS		19	0.40159258	0.9951972	0.47001934	0.7223598	1.0	3426	tags=37%, list=18%, signal=45%	
GOBP_POSITIVE_REGULATION_OF_MUSCLE_TISSUE_DEVELOPMENT	GOBP_POSITIVE_REGULATION_OF_MUSCLE_TISSUE_DEVELOPMENT		22	0.39279556	0.9951729	0.45054945	0.7220629	1.0	3108	tags=23%, list=16%, signal=27%	
GOBP_RESPONSE_TO_HEAT	GOBP_RESPONSE_TO_HEAT		96	0.30177766	0.9945078	0.4506803	0.7235818	1.0	1231	tags=9%, list=6%, signal=10%	
GOBP_POSITIVE_REGULATION_OF_ACTIN_FILAMENT_POLYMERIZATION	GOBP_POSITIVE_REGULATION_OF_ACTIN_FILAMENT_POLYMERIZATION		47	0.33544526	0.9941481	0.44815466	0.7242123	1.0	1459	tags=17%, list=8%, signal=18%	
GOCC_9PLUS0_NON_MOTILE_CILIUM	GOCC_9PLUS0_NON_MOTILE_CILIUM		119	0.29163593	0.99396724	0.45742905	0.7243548	1.0	2639	tags=21%, list=14%, signal=24%	
GOBP_PROTEIN_CONTAINING_COMPLEX_REMODELING	GOBP_PROTEIN_CONTAINING_COMPLEX_REMODELING		37	0.35387337	0.993812	0.4450262	0.7244465	1.0	2466	tags=27%, list=13%, signal=31%	
GOBP_RESPONSE_TO_OXYGEN_RADICAL	GOBP_RESPONSE_TO_OXYGEN_RADICAL		25	0.3845132	0.9937074	0.4622302	0.72438335	1.0	2253	tags=28%, list=12%, signal=32%	
GOBP_NEGATIVE_REGULATION_OF_DNA_BINDING_TRANSCRIPTION_FACTOR_ACTIVITY	GOBP_NEGATIVE_REGULATION_OF_DNA_BINDING_TRANSCRIPTION_FACTOR_ACTIVITY		133	0.2851587	0.9936253	0.45873016	0.7242404	1.0	3575	tags=23%, list=18%, signal=27%	
GOMF_PEPTIDE_BINDING	GOMF_PEPTIDE_BINDING		246	0.2685681	0.9935969	0.4612006	0.72395504	1.0	3238	tags=19%, list=17%, signal=23%	
GOMF_PROTEASE_BINDING	GOMF_PROTEASE_BINDING		131	0.2900285	0.99326366	0.46189025	0.72454363	1.0	2132	tags=18%, list=11%, signal=20%	
GOCC_TRANSCRIPTION_REGULATOR_COMPLEX	GOCC_TRANSCRIPTION_REGULATOR_COMPLEX		487	0.25370073	0.992505	0.49798116	0.72630423	1.0	3722	tags=21%, list=19%, signal=26%	
GOBP_RIBOSE_PHOSPHATE_METABOLIC_PROCESS	GOBP_RIBOSE_PHOSPHATE_METABOLIC_PROCESS		428	0.25399944	0.99196124	0.49445984	0.7274752	1.0	3431	tags=21%, list=18%, signal=24%	
GOBP_RESPONSE_TO_ACTIVITY	GOBP_RESPONSE_TO_ACTIVITY		70	0.31758648	0.9918247	0.4684838	0.72749496	1.0	2176	tags=21%, list=11%, signal=24%	
GOBP_NEURON_MATURATION	GOBP_NEURON_MATURATION		47	0.33958137	0.99065393	0.46055046	0.7304519	1.0	3684	tags=32%, list=19%, signal=39%	
GOMF_PHOSPHORIC_ESTER_HYDROLASE_ACTIVITY	GOMF_PHOSPHORIC_ESTER_HYDROLASE_ACTIVITY		341	0.25910187	0.9904794	0.48314607	0.7305775	1.0	4024	tags=24%, list=21%, signal=29%	
GOMF_ATPASE_ACTIVATOR_ACTIVITY	GOMF_ATPASE_ACTIVATOR_ACTIVITY		26	0.378295	0.99045545	0.477842	0.7302643	1.0	2806	tags=35%, list=14%, signal=40%	
GOMF_TRANSPORTER_INHIBITOR_ACTIVITY	GOMF_TRANSPORTER_INHIBITOR_ACTIVITY		40	0.34749216	0.99023294	0.4688027	0.7305051	1.0	510	tags=8%, list=3%, signal=8%	
GOMF_HYDRO_LYASE_ACTIVITY	GOMF_HYDRO_LYASE_ACTIVITY		56	0.32684115	0.9901524	0.47563025	0.73037326	1.0	3184	tags=27%, list=16%, signal=32%	
GOBP_NUCLEOSIDE_BISPHOSPHATE_BIOSYNTHETIC_PROCESS	GOBP_NUCLEOSIDE_BISPHOSPHATE_BIOSYNTHETIC_PROCESS		55	0.3215401	0.99014705	0.48306596	0.73001266	1.0	3426	tags=33%, list=18%, signal=40%	
GOMF_S_ADENOSYLMETHIONINE_DEPENDENT_METHYLTRANSFERASE_ACTIVITY	GOMF_S_ADENOSYLMETHIONINE_DEPENDENT_METHYLTRANSFERASE_ACTIVITY		142	0.28520182	0.9900107	0.44925123	0.7300594	1.0	4596	tags=32%, list=24%, signal=41%	
GOBP_REGULATION_OF_CHOLESTEROL_EFFLUX	GOBP_REGULATION_OF_CHOLESTEROL_EFFLUX		37	0.34828335	0.9898687	0.4651568	0.730109	1.0	1194	tags=14%, list=6%, signal=14%	
GOMF_PROTEIN_KINASE_A_REGULATORY_SUBUNIT_BINDING	GOMF_PROTEIN_KINASE_A_REGULATORY_SUBUNIT_BINDING		25	0.37766823	0.9895478	0.49183303	0.73066413	1.0	3236	tags=24%, list=17%, signal=29%	
GOBP_ADULT_BEHAVIOR	GOBP_ADULT_BEHAVIOR		141	0.28475878	0.9895105	0.4736	0.7303942	1.0	1895	tags=13%, list=10%, signal=15%	
GOMF_CHROMATIN_PROTEIN_ADAPTOR_ACTIVITY	GOMF_CHROMATIN_PROTEIN_ADAPTOR_ACTIVITY		27	0.3705696	0.9893903	0.48044693	0.73037595	1.0	4138	tags=33%, list=21%, signal=42%	
GOBP_PHOSPHATIDYLINOSITOL_3_PHOSPHATE_BIOSYNTHETIC_PROCESS	GOBP_PHOSPHATIDYLINOSITOL_3_PHOSPHATE_BIOSYNTHETIC_PROCESS		22	0.38539842	0.98934007	0.47069943	0.7301384	1.0	2615	tags=32%, list=13%, signal=37%	
GOBP_POSITIVE_REGULATION_OF_CYTOSOLIC_CALCIUM_ION_CONCENTRATION	GOBP_POSITIVE_REGULATION_OF_CYTOSOLIC_CALCIUM_ION_CONCENTRATION		162	0.28007603	0.98888	0.47446457	0.7310403	1.0	1412	tags=14%, list=7%, signal=15%	
GOBP_POSITIVE_REGULATION_OF_PROTEIN_POLYMERIZATION	GOBP_POSITIVE_REGULATION_OF_PROTEIN_POLYMERIZATION		84	0.31068072	0.9887826	0.46519524	0.73094976	1.0	3612	tags=30%, list=19%, signal=36%	
GOBP_POSITIVE_REGULATION_OF_MICROTUBULE_POLYMERIZATION_OR_DEPOLYMERIZATION	GOBP_POSITIVE_REGULATION_OF_MICROTUBULE_POLYMERIZATION_OR_DEPOLYMERIZATION		34	0.35432184	0.98825943	0.4733096	0.732049	1.0	3579	tags=35%, list=18%, signal=43%	
GOCC_MICROVILLUS_MEMBRANE	GOCC_MICROVILLUS_MEMBRANE		28	0.36946264	0.9881267	0.5009311	0.73207486	1.0	2196	tags=21%, list=11%, signal=24%	
GOBP_REGULATION_OF_MACROPHAGE_MIGRATION	GOBP_REGULATION_OF_MACROPHAGE_MIGRATION		42	0.33962366	0.98807746	0.48214287	0.73183703	1.0	3370	tags=29%, list=17%, signal=34%	
GOMF_NUCLEOTIDE_TRANSMEMBRANE_TRANSPORTER_ACTIVITY	GOMF_NUCLEOTIDE_TRANSMEMBRANE_TRANSPORTER_ACTIVITY		31	0.35935202	0.98797464	0.48194945	0.731761	1.0	5120	tags=42%, list=26%, signal=57%	
GOBP_EXTRACELLULAR_TRANSPORT	GOBP_EXTRACELLULAR_TRANSPORT		34	0.3529757	0.9872957	0.47668394	0.73337686	1.0	2328	tags=24%, list=12%, signal=27%	
GOBP_ACID_SECRETION	GOBP_ACID_SECRETION		43	0.33973038	0.9871595	0.4864865	0.73338974	1.0	315	tags=7%, list=2%, signal=7%	
GOBP_RELEASE_OF_CYTOCHROME_C_FROM_MITOCHONDRIA	GOBP_RELEASE_OF_CYTOCHROME_C_FROM_MITOCHONDRIA		55	0.32416245	0.9871194	0.4822335	0.73312044	1.0	1803	tags=15%, list=9%, signal=16%	
GOBP_REGULATION_OF_BEHAVIOR	GOBP_REGULATION_OF_BEHAVIOR		73	0.30918655	0.98684365	0.4605042	0.73353505	1.0	1816	tags=15%, list=9%, signal=17%	
GOCC_TRANSCRIPTION_FACTOR_TFTC_COMPLEX	GOCC_TRANSCRIPTION_FACTOR_TFTC_COMPLEX		16	0.42168298	0.9864224	0.47014925	0.73437303	1.0	4026	tags=31%, list=21%, signal=39%	
GOBP_CELL_MATURATION	GOBP_CELL_MATURATION		190	0.2734785	0.986372	0.47832587	0.7341241	1.0	3696	tags=24%, list=19%, signal=29%	
GOBP_VASODILATION	GOBP_VASODILATION		48	0.33048066	0.98555815	0.45907474	0.7360758	1.0	645	tags=6%, list=3%, signal=6%	
GOCC_LUMENAL_SIDE_OF_MEMBRANE	GOCC_LUMENAL_SIDE_OF_MEMBRANE		41	0.34712458	0.9855408	0.47841105	0.7357548	1.0	3593	tags=29%, list=18%, signal=36%	
GOBP_RESPONSE_TO_ETHANOL	GOBP_RESPONSE_TO_ETHANOL		122	0.28608695	0.98553485	0.45140034	0.7353989	1.0	2218	tags=14%, list=11%, signal=16%	
GOMF_PHOSPHATIDYLINOSITOL_BISPHOSPHATE_BINDING	GOMF_PHOSPHATIDYLINOSITOL_BISPHOSPHATE_BINDING		100	0.2941157	0.98525375	0.47818792	0.7357964	1.0	2096	tags=17%, list=11%, signal=19%	
GOBP_REGULATION_OF_TRANSCRIPTION_REGULATORY_REGION_DNA_BINDING	GOBP_REGULATION_OF_TRANSCRIPTION_REGULATORY_REGION_DNA_BINDING		32	0.36071375	0.9849869	0.47212544	0.73621315	1.0	1717	tags=16%, list=9%, signal=17%	
GOBP_C21_STEROID_HORMONE_BIOSYNTHETIC_PROCESS	GOBP_C21_STEROID_HORMONE_BIOSYNTHETIC_PROCESS		20	0.3902007	0.9843516	0.4832714	0.73761094	1.0	908	tags=15%, list=5%, signal=16%	
GOBP_REGULATION_OF_NATURAL_KILLER_CELL_MEDIATED_IMMUNITY	GOBP_REGULATION_OF_NATURAL_KILLER_CELL_MEDIATED_IMMUNITY		53	0.3282903	0.9839339	0.47254574	0.7384286	1.0	682	tags=13%, list=4%, signal=14%	
GOCC_COPI_COATED_VESICLE_MEMBRANE	GOCC_COPI_COATED_VESICLE_MEMBRANE		17	0.41384417	0.9838602	0.47953215	0.73825794	1.0	4999	tags=41%, list=26%, signal=55%	
GOBP_SPERM_AXONEME_ASSEMBLY	GOBP_SPERM_AXONEME_ASSEMBLY		30	0.3629406	0.9837386	0.4658494	0.73823404	1.0	2586	tags=20%, list=13%, signal=23%	
GOMF_AMINO_ACID_MONOATOMIC_CATION_SYMPORTER_ACTIVITY	GOMF_AMINO_ACID_MONOATOMIC_CATION_SYMPORTER_ACTIVITY		29	0.36349207	0.9836568	0.470483	0.7380813	1.0	1015	tags=10%, list=5%, signal=11%	
GOCC_CILIARY_PLASM	GOCC_CILIARY_PLASM		138	0.28063208	0.9836488	0.5048387	0.73773044	1.0	3831	tags=29%, list=20%, signal=36%	
GOBP_ORGANIC_ANION_TRANSPORT	GOBP_ORGANIC_ANION_TRANSPORT		434	0.25202978	0.983562	0.51960784	0.73762363	1.0	1724	tags=10%, list=9%, signal=11%	
GOMF_MANNOSYLTRANSFERASE_ACTIVITY	GOMF_MANNOSYLTRANSFERASE_ACTIVITY		22	0.3897296	0.9835527	0.48859316	0.73727137	1.0	1702	tags=14%, list=9%, signal=15%	
GOBP_ADAPTIVE_THERMOGENESIS	GOBP_ADAPTIVE_THERMOGENESIS		166	0.27294397	0.9834978	0.47588426	0.7370476	1.0	2371	tags=16%, list=12%, signal=18%	
GOBP_REGULATION_OF_LIPID_BIOSYNTHETIC_PROCESS	GOBP_REGULATION_OF_LIPID_BIOSYNTHETIC_PROCESS		171	0.27641758	0.98307097	0.50392467	0.737895	1.0	2380	tags=19%, list=12%, signal=21%	
GOBP_OSTEOBLAST_DEVELOPMENT	GOBP_OSTEOBLAST_DEVELOPMENT		17	0.4121821	0.9830011	0.48872182	0.7377259	1.0	2928	tags=29%, list=15%, signal=35%	
GOBP_REGULATION_OF_ORGANELLE_ASSEMBLY	GOBP_REGULATION_OF_ORGANELLE_ASSEMBLY		229	0.26704833	0.9828918	0.48759124	0.7376723	1.0	3842	tags=25%, list=20%, signal=31%	
GOBP_NUCLEAR_ENVELOPE_ORGANIZATION	GOBP_NUCLEAR_ENVELOPE_ORGANIZATION		54	0.32315505	0.98280066	0.47763863	0.73755014	1.0	4523	tags=37%, list=23%, signal=48%	
GOBP_REGULATION_OF_STEROID_METABOLIC_PROCESS	GOBP_REGULATION_OF_STEROID_METABOLIC_PROCESS		95	0.2964655	0.9824384	0.48589343	0.73825467	1.0	2283	tags=20%, list=12%, signal=23%	
GOBP_GLUCOSE_METABOLIC_PROCESS	GOBP_GLUCOSE_METABOLIC_PROCESS		179	0.27138448	0.9822892	0.4969325	0.7383244	1.0	3460	tags=24%, list=18%, signal=29%	
GOMF_NUCLEAR_RETINOID_X_RECEPTOR_BINDING	GOMF_NUCLEAR_RETINOID_X_RECEPTOR_BINDING		17	0.41110647	0.9816707	0.501006	0.7396957	1.0	2425	tags=29%, list=12%, signal=34%	
GOBP_REGULATION_OF_PROTEIN_LOCALIZATION_TO_MEMBRANE	GOBP_REGULATION_OF_PROTEIN_LOCALIZATION_TO_MEMBRANE		178	0.2755158	0.98151666	0.48006135	0.7397586	1.0	2555	tags=20%, list=13%, signal=23%	
GOBP_REGULATION_OF_POSTSYNAPTIC_MEMBRANE_POTENTIAL	GOBP_REGULATION_OF_POSTSYNAPTIC_MEMBRANE_POTENTIAL		139	0.2814952	0.98142034	0.48067227	0.7396559	1.0	2093	tags=11%, list=11%, signal=12%	
GOBP_NEGATIVE_REGULATION_OF_CELL_CYCLE	GOBP_NEGATIVE_REGULATION_OF_CELL_CYCLE		355	0.25507656	0.98114276	0.4992928	0.74008125	1.0	3882	tags=23%, list=20%, signal=28%	
GOBP_NEGATIVE_REGULATION_OF_MACROAUTOPHAGY	GOBP_NEGATIVE_REGULATION_OF_MACROAUTOPHAGY		34	0.34489787	0.9809485	0.4732143	0.7402629	1.0	4379	tags=35%, list=23%, signal=45%	
GOBP_POSITIVE_REGULATION_OF_RELEASE_OF_SEQUESTERED_CALCIUM_ION_INTO_CYTOSOL	GOBP_POSITIVE_REGULATION_OF_RELEASE_OF_SEQUESTERED_CALCIUM_ION_INTO_CYTOSOL		40	0.34460723	0.9799852	0.5018382	0.7426247	1.0	3517	tags=25%, list=18%, signal=30%	
GOMF_PURINE_RIBONUCLEOTIDE_TRANSMEMBRANE_TRANSPORTER_ACTIVITY	GOMF_PURINE_RIBONUCLEOTIDE_TRANSMEMBRANE_TRANSPORTER_ACTIVITY		21	0.39129585	0.97962165	0.50831795	0.7433302	1.0	5120	tags=48%, list=26%, signal=65%	
GOBP_PLATELET_AGGREGATION	GOBP_PLATELET_AGGREGATION		75	0.30374718	0.97821385	0.49762282	0.7468792	1.0	3328	tags=31%, list=17%, signal=37%	
GOBP_REGULATION_OF_GLUCONEOGENESIS	GOBP_REGULATION_OF_GLUCONEOGENESIS		45	0.32309538	0.9779685	0.48958334	0.7472019	1.0	3621	tags=29%, list=19%, signal=35%	
GOCC_SITE_OF_POLARIZED_GROWTH	GOCC_SITE_OF_POLARIZED_GROWTH		167	0.27626956	0.97762656	0.49683544	0.7477853	1.0	3306	tags=21%, list=17%, signal=25%	
GOBP_CELL_AGGREGATION	GOBP_CELL_AGGREGATION		22	0.3942971	0.9774149	0.50282484	0.74800783	1.0	2093	tags=18%, list=11%, signal=20%	
GOBP_EXECUTION_PHASE_OF_APOPTOSIS	GOBP_EXECUTION_PHASE_OF_APOPTOSIS		74	0.30851293	0.97671956	0.50513697	0.7495981	1.0	2295	tags=14%, list=12%, signal=15%	
GOMF_PEPTIDE_ANTIGEN_BINDING	GOMF_PEPTIDE_ANTIGEN_BINDING		35	0.33977234	0.9765517	0.48550725	0.7496893	1.0	2739	tags=29%, list=14%, signal=33%	
GOBP_DE_NOVO_PROTEIN_FOLDING	GOBP_DE_NOVO_PROTEIN_FOLDING		40	0.34158307	0.9763552	0.4652778	0.7498799	1.0	3669	tags=33%, list=19%, signal=40%	
GOBP_ESTABLISHMENT_OR_MAINTENANCE_OF_BIPOLAR_CELL_POLARITY	GOBP_ESTABLISHMENT_OR_MAINTENANCE_OF_BIPOLAR_CELL_POLARITY		56	0.32400954	0.97629964	0.47472924	0.7496641	1.0	2369	tags=21%, list=12%, signal=24%	
GOBP_REGULATION_OF_EXTRINSIC_APOPTOTIC_SIGNALING_PATHWAY	GOBP_REGULATION_OF_EXTRINSIC_APOPTOTIC_SIGNALING_PATHWAY		149	0.27874133	0.97628945	0.49264705	0.74931717	1.0	2637	tags=19%, list=14%, signal=22%	
GOBP_NEGATIVE_REGULATION_OF_ERK1_AND_ERK2_CASCADE	GOBP_NEGATIVE_REGULATION_OF_ERK1_AND_ERK2_CASCADE		62	0.31351915	0.9762215	0.50825685	0.7491335	1.0	2927	tags=24%, list=15%, signal=28%	
GOBP_RESPONSE_TO_TOPOLOGICALLY_INCORRECT_PROTEIN	GOBP_RESPONSE_TO_TOPOLOGICALLY_INCORRECT_PROTEIN		145	0.27710515	0.9760871	0.48989114	0.74914724	1.0	2762	tags=17%, list=14%, signal=19%	
GOMF_GLYCOSYLTRANSFERASE_ACTIVITY	GOMF_GLYCOSYLTRANSFERASE_ACTIVITY		259	0.26026243	0.9760066	0.5271903	0.7490013	1.0	2685	tags=17%, list=14%, signal=19%	
GOBP_PHOSPHATIDYLCHOLINE_BIOSYNTHETIC_PROCESS	GOBP_PHOSPHATIDYLCHOLINE_BIOSYNTHETIC_PROCESS		29	0.36291543	0.9755497	0.5046211	0.7499039	1.0	2463	tags=24%, list=13%, signal=28%	
GOMF_TRANSCRIPTION_COREPRESSOR_ACTIVITY	GOMF_TRANSCRIPTION_COREPRESSOR_ACTIVITY		186	0.26971465	0.9752212	0.542042	0.7504976	1.0	3458	tags=23%, list=18%, signal=27%	
GOBP_POSITIVE_REGULATION_OF_LIPID_TRANSPORT	GOBP_POSITIVE_REGULATION_OF_LIPID_TRANSPORT		82	0.29932424	0.97464734	0.5106036	0.75170225	1.0	1194	tags=11%, list=6%, signal=12%	
GOBP_INTRACELLULAR_MRNA_LOCALIZATION	GOBP_INTRACELLULAR_MRNA_LOCALIZATION		15	0.4218984	0.97434855	0.49416342	0.7521657	1.0	2464	tags=27%, list=13%, signal=31%	
GOCC_CYTOPLASMIC_STRESS_GRANULE	GOCC_CYTOPLASMIC_STRESS_GRANULE		89	0.29579365	0.9740056	0.47818792	0.7527495	1.0	2356	tags=13%, list=12%, signal=15%	
GOBP_LATERAL_MESODERM_DEVELOPMENT	GOBP_LATERAL_MESODERM_DEVELOPMENT		17	0.3961399	0.97398263	0.5037037	0.7524357	1.0	3368	tags=35%, list=17%, signal=43%	
GOCC_MICROTUBULE	GOCC_MICROTUBULE		426	0.25098252	0.97207415	0.54444444	0.7574196	1.0	4392	tags=28%, list=23%, signal=36%	
GOBP_POSITIVE_REGULATION_OF_RUFFLE_ASSEMBLY	GOBP_POSITIVE_REGULATION_OF_RUFFLE_ASSEMBLY		15	0.4312881	0.9718813	0.515873	0.757579	1.0	5691	tags=53%, list=29%, signal=75%	
GOBP_ORGANIC_CATION_TRANSPORT	GOBP_ORGANIC_CATION_TRANSPORT		112	0.28544047	0.97158897	0.5220126	0.7580606	1.0	2812	tags=23%, list=14%, signal=27%	
GOBP_POSITIVE_REGULATION_OF_TELOMERASE_ACTIVITY	GOBP_POSITIVE_REGULATION_OF_TELOMERASE_ACTIVITY		30	0.35391027	0.9710424	0.51055664	0.7592548	1.0	4353	tags=50%, list=22%, signal=64%	
GOBP_STEM_CELL_DEVELOPMENT	GOBP_STEM_CELL_DEVELOPMENT		85	0.29691082	0.97097707	0.5067568	0.7590566	1.0	3493	tags=31%, list=18%, signal=37%	
GOBP_NEGATIVE_REGULATION_OF_PEPTIDYL_SERINE_PHOSPHORYLATION	GOBP_NEGATIVE_REGULATION_OF_PEPTIDYL_SERINE_PHOSPHORYLATION		23	0.37928537	0.97075707	0.50870407	0.7593012	1.0	1673	tags=17%, list=9%, signal=19%	
GOBP_POSITIVE_REGULATION_OF_CELL_CYCLE_PROCESS	GOBP_POSITIVE_REGULATION_OF_CELL_CYCLE_PROCESS		244	0.26213786	0.97015154	0.5443609	0.7606431	1.0	2613	tags=16%, list=13%, signal=18%	
GOBP_CELLULAR_RESPONSE_TO_IONIZING_RADIATION	GOBP_CELLULAR_RESPONSE_TO_IONIZING_RADIATION		66	0.31221887	0.97009134	0.5025554	0.7604294	1.0	3892	tags=32%, list=20%, signal=40%	
GOBP_NEGATIVE_REGULATION_OF_STEM_CELL_DIFFERENTIATION	GOBP_NEGATIVE_REGULATION_OF_STEM_CELL_DIFFERENTIATION		26	0.36899993	0.97000587	0.48679245	0.76030093	1.0	3301	tags=31%, list=17%, signal=37%	
GOBP_ALTERNATIVE_MRNA_SPLICING_VIA_SPLICEOSOME	GOBP_ALTERNATIVE_MRNA_SPLICING_VIA_SPLICEOSOME		70	0.30720428	0.9697581	0.5033445	0.76062524	1.0	2683	tags=14%, list=14%, signal=17%	
GOBP_RESPONSE_TO_CARBOHYDRATE	GOBP_RESPONSE_TO_CARBOHYDRATE		215	0.26298013	0.96972114	0.5371429	0.760357	1.0	2552	tags=19%, list=13%, signal=22%	
GOCC_BASOLATERAL_PLASMA_MEMBRANE	GOCC_BASOLATERAL_PLASMA_MEMBRANE		252	0.26283908	0.96958435	0.5115942	0.7603776	1.0	2488	tags=18%, list=13%, signal=21%	
GOBP_REGULATION_OF_EPIDERMIS_DEVELOPMENT	GOBP_REGULATION_OF_EPIDERMIS_DEVELOPMENT		59	0.31560984	0.96956575	0.4772344	0.76005006	1.0	2638	tags=20%, list=14%, signal=23%	
GOBP_ESTABLISHMENT_OF_TISSUE_POLARITY	GOBP_ESTABLISHMENT_OF_TISSUE_POLARITY		36	0.34404188	0.9694925	0.49194992	0.7598757	1.0	1909	tags=22%, list=10%, signal=25%	
GOBP_AMINOGLYCAN_CATABOLIC_PROCESS	GOBP_AMINOGLYCAN_CATABOLIC_PROCESS		32	0.35352492	0.9689899	0.5	0.7609375	1.0	2535	tags=25%, list=13%, signal=29%	
GOMF_SYMPORTER_ACTIVITY	GOMF_SYMPORTER_ACTIVITY		147	0.2777978	0.9688494	0.52773374	0.7609641	1.0	1682	tags=12%, list=9%, signal=13%	
GOBP_NEGATIVE_REGULATION_OF_PROTEIN_BINDING	GOBP_NEGATIVE_REGULATION_OF_PROTEIN_BINDING		65	0.3094884	0.9686363	0.5168739	0.7611929	1.0	2397	tags=18%, list=12%, signal=21%	
GOBP_ORGANIC_HYDROXY_COMPOUND_BIOSYNTHETIC_PROCESS	GOBP_ORGANIC_HYDROXY_COMPOUND_BIOSYNTHETIC_PROCESS		231	0.26260635	0.96758115	0.55846155	0.76381934	1.0	2298	tags=18%, list=12%, signal=20%	
GOCC_GOLGI_ASSOCIATED_VESICLE	GOCC_GOLGI_ASSOCIATED_VESICLE		90	0.29439357	0.9675682	0.514658	0.7634878	1.0	4321	tags=31%, list=22%, signal=40%	
GOMF_CALCIUM_ION_TRANSMEMBRANE_TRANSPORTER_ACTIVITY	GOMF_CALCIUM_ION_TRANSMEMBRANE_TRANSPORTER_ACTIVITY		138	0.2763857	0.967326	0.5125786	0.7637781	1.0	1998	tags=10%, list=10%, signal=11%	
GOMF_TRANSCRIPTION_COACTIVATOR_BINDING	GOMF_TRANSCRIPTION_COACTIVATOR_BINDING		44	0.33058587	0.9667845	0.50180507	0.76497424	1.0	3690	tags=25%, list=19%, signal=31%	
GOBP_POSITIVE_REGULATION_OF_NUCLEOCYTOPLASMIC_TRANSPORT	GOBP_POSITIVE_REGULATION_OF_NUCLEOCYTOPLASMIC_TRANSPORT		63	0.31469232	0.9666053	0.49828768	0.76511985	1.0	4600	tags=43%, list=24%, signal=56%	
GOMF_METALLOCARBOXYPEPTIDASE_ACTIVITY	GOMF_METALLOCARBOXYPEPTIDASE_ACTIVITY		30	0.35623837	0.9663457	0.503861	0.7655095	1.0	691	tags=10%, list=4%, signal=10%	
GOBP_COLLATERAL_SPROUTING	GOBP_COLLATERAL_SPROUTING		26	0.37075624	0.9662857	0.525	0.76530206	1.0	1958	tags=15%, list=10%, signal=17%	
GOBP_MICROTUBULE_ANCHORING	GOBP_MICROTUBULE_ANCHORING		23	0.3729735	0.966195	0.49380532	0.7651821	1.0	4573	tags=43%, list=24%, signal=57%	
GOBP_DICARBOXYLIC_ACID_TRANSPORT	GOBP_DICARBOXYLIC_ACID_TRANSPORT		98	0.28891227	0.96600574	0.55105346	0.7653514	1.0	1166	tags=11%, list=6%, signal=12%	
GOBP_NEGATIVE_REGULATION_OF_CALCIUM_ION_TRANSPORT	GOBP_NEGATIVE_REGULATION_OF_CALCIUM_ION_TRANSPORT		59	0.3140239	0.9654398	0.5121951	0.76655143	1.0	2953	tags=17%, list=15%, signal=20%	
GOBP_REGULATION_OF_STEROID_HORMONE_SECRETION	GOBP_REGULATION_OF_STEROID_HORMONE_SECRETION		21	0.3895281	0.9650455	0.50460404	0.7673031	1.0	1452	tags=29%, list=7%, signal=31%	
GOMF_PHOSPHATIDYLSERINE_BINDING	GOMF_PHOSPHATIDYLSERINE_BINDING		67	0.3107829	0.9650415	0.513986	0.76693875	1.0	2130	tags=19%, list=11%, signal=22%	
GOBP_CELLULAR_SENESCENCE	GOBP_CELLULAR_SENESCENCE		97	0.29306155	0.96466535	0.55315614	0.7676643	1.0	3945	tags=33%, list=20%, signal=41%	
GOBP_RESPONSE_TO_OSMOTIC_STRESS	GOBP_RESPONSE_TO_OSMOTIC_STRESS		84	0.29893833	0.9644126	0.53932583	0.7679954	1.0	1163	tags=11%, list=6%, signal=11%	
GOBP_REGULATION_OF_OLIGODENDROCYTE_DIFFERENTIATION	GOBP_REGULATION_OF_OLIGODENDROCYTE_DIFFERENTIATION		44	0.33664858	0.9644084	0.5	0.7676331	1.0	2888	tags=23%, list=15%, signal=27%	
GOBP_POSITIVE_REGULATION_OF_PROTEIN_SERINE_THREONINE_KINASE_ACTIVITY	GOBP_POSITIVE_REGULATION_OF_PROTEIN_SERINE_THREONINE_KINASE_ACTIVITY		117	0.28442857	0.9643262	0.54647434	0.76749545	1.0	1736	tags=13%, list=9%, signal=14%	
GOBP_BONE_GROWTH	GOBP_BONE_GROWTH		29	0.35953963	0.9636891	0.5186501	0.76892185	1.0	4531	tags=38%, list=23%, signal=49%	
GOMF_STRUCTURAL_CONSTITUENT_OF_SYNAPSE	GOMF_STRUCTURAL_CONSTITUENT_OF_SYNAPSE		21	0.3872696	0.96355295	0.51607144	0.7689109	1.0	1467	tags=19%, list=8%, signal=21%	
GOBP_MEMBRANE_DOCKING	GOBP_MEMBRANE_DOCKING		83	0.2975112	0.9635493	0.5400697	0.76854044	1.0	3339	tags=27%, list=17%, signal=32%	
GOBP_AUDITORY_RECEPTOR_CELL_DEVELOPMENT	GOBP_AUDITORY_RECEPTOR_CELL_DEVELOPMENT		24	0.37233776	0.9633115	0.5229885	0.76883024	1.0	3252	tags=25%, list=17%, signal=30%	
GOBP_REGULATION_OF_GASTRULATION	GOBP_REGULATION_OF_GASTRULATION		15	0.41841462	0.9631791	0.5180266	0.7688263	1.0	4720	tags=47%, list=24%, signal=62%	
GOMF_TRANSFERASE_ACTIVITY_TRANSFERRING_ONE_CARBON_GROUPS	GOMF_TRANSFERASE_ACTIVITY_TRANSFERRING_ONE_CARBON_GROUPS		190	0.2636579	0.9630246	0.54531723	0.76889354	1.0	4292	tags=29%, list=22%, signal=37%	
GOBP_BRANCH_ELONGATION_OF_AN_EPITHELIUM	GOBP_BRANCH_ELONGATION_OF_AN_EPITHELIUM		19	0.38957384	0.962769	0.52307695	0.7692377	1.0	2035	tags=21%, list=10%, signal=23%	
GOBP_FAT_CELL_PROLIFERATION	GOBP_FAT_CELL_PROLIFERATION		15	0.4218648	0.9625973	0.51238096	0.76936466	1.0	3950	tags=33%, list=20%, signal=42%	
GOBP_REGULATION_OF_CELL_PROLIFERATION_INVOLVED_IN_KIDNEY_DEVELOPMENT	GOBP_REGULATION_OF_CELL_PROLIFERATION_INVOLVED_IN_KIDNEY_DEVELOPMENT		15	0.4208803	0.9624513	0.52362204	0.7694113	1.0	2123	tags=33%, list=11%, signal=37%	
GOBP_ANAPHASE_PROMOTING_COMPLEX_DEPENDENT_CATABOLIC_PROCESS	GOBP_ANAPHASE_PROMOTING_COMPLEX_DEPENDENT_CATABOLIC_PROCESS		23	0.3785939	0.96170795	0.5062167	0.7711665	1.0	5506	tags=43%, list=28%, signal=61%	
GOMF_TRANSLATION_REGULATOR_ACTIVITY	GOMF_TRANSLATION_REGULATOR_ACTIVITY		132	0.27746344	0.96062475	0.546042	0.77384233	1.0	5005	tags=33%, list=26%, signal=45%	
GOBP_RESPONSE_TO_OXIDATIVE_STRESS	GOBP_RESPONSE_TO_OXIDATIVE_STRESS		367	0.24751963	0.9597207	0.57596684	0.7760096	1.0	3134	tags=21%, list=16%, signal=24%	
GOBP_FIBROBLAST_APOPTOTIC_PROCESS	GOBP_FIBROBLAST_APOPTOTIC_PROCESS		24	0.37349662	0.959396	0.50553507	0.77655303	1.0	2876	tags=38%, list=15%, signal=44%	
GOBP_POSITIVE_REGULATION_OF_NUCLEOTIDE_METABOLIC_PROCESS	GOBP_POSITIVE_REGULATION_OF_NUCLEOTIDE_METABOLIC_PROCESS		35	0.3425125	0.95937777	0.4964029	0.7762239	1.0	23	tags=3%, list=0%, signal=3%	
GOMF_LIPID_TRANSMEMBRANE_TRANSPORTER_ACTIVITY	GOMF_LIPID_TRANSMEMBRANE_TRANSPORTER_ACTIVITY		54	0.31651455	0.9586721	0.52272725	0.7778243	1.0	3505	tags=26%, list=18%, signal=32%	
GOBP_REGULATION_OF_RETINOIC_ACID_RECEPTOR_SIGNALING_PATHWAY	GOBP_REGULATION_OF_RETINOIC_ACID_RECEPTOR_SIGNALING_PATHWAY		16	0.40225166	0.9576889	0.5261044	0.78018445	1.0	772	tags=13%, list=4%, signal=13%	
GOBP_POSITIVE_REGULATION_OF_CALCIUM_ION_IMPORT	GOBP_POSITIVE_REGULATION_OF_CALCIUM_ION_IMPORT		25	0.37102485	0.9572878	0.5466179	0.7809433	1.0	1982	tags=20%, list=10%, signal=22%	
GOBP_REGULATION_OF_APOPTOTIC_SIGNALING_PATHWAY	GOBP_REGULATION_OF_APOPTOTIC_SIGNALING_PATHWAY		357	0.24956447	0.9565777	0.60055864	0.782553	1.0	2650	tags=18%, list=14%, signal=20%	
GOBP_VESICLE_TRANSPORT_ALONG_MICROTUBULE	GOBP_VESICLE_TRANSPORT_ALONG_MICROTUBULE		46	0.3378897	0.9562384	0.53488374	0.7831149	1.0	1805	tags=17%, list=9%, signal=19%	
GOBP_GLOMERULAR_MESANGIUM_DEVELOPMENT	GOBP_GLOMERULAR_MESANGIUM_DEVELOPMENT		17	0.4035663	0.9553371	0.5251397	0.785286	1.0	2123	tags=29%, list=11%, signal=33%	
GOBP_NEGATIVE_REGULATION_OF_CYCLIN_DEPENDENT_PROTEIN_SERINE_THREONINE_KINASE_ACTIVITY	GOBP_NEGATIVE_REGULATION_OF_CYCLIN_DEPENDENT_PROTEIN_SERINE_THREONINE_KINASE_ACTIVITY		20	0.38450268	0.9546881	0.5412475	0.78670526	1.0	2930	tags=30%, list=15%, signal=35%	
GOCC_H4_H2A_HISTONE_ACETYLTRANSFERASE_COMPLEX	GOCC_H4_H2A_HISTONE_ACETYLTRANSFERASE_COMPLEX		28	0.35076642	0.9545874	0.5229358	0.78659296	1.0	2989	tags=25%, list=15%, signal=30%	
GOMF_GAMMA_TUBULIN_BINDING	GOMF_GAMMA_TUBULIN_BINDING		31	0.35159189	0.95447016	0.5179856	0.7865251	1.0	3745	tags=39%, list=19%, signal=48%	
GOBP_HYDROGEN_PEROXIDE_METABOLIC_PROCESS	GOBP_HYDROGEN_PEROXIDE_METABOLIC_PROCESS		54	0.31510207	0.9544413	0.55044246	0.7862257	1.0	2034	tags=19%, list=10%, signal=21%	
GOBP_MICROTUBULE_DEPOLYMERIZATION	GOBP_MICROTUBULE_DEPOLYMERIZATION		42	0.32355538	0.9542968	0.5118397	0.7862546	1.0	2545	tags=21%, list=13%, signal=25%	
GOBP_RESPONSE_TO_ACIDIC_PH	GOBP_RESPONSE_TO_ACIDIC_PH		25	0.36216936	0.95425564	0.5155393	0.78599805	1.0	1417	tags=20%, list=7%, signal=22%	
GOBP_PHOSPHATIDIC_ACID_METABOLIC_PROCESS	GOBP_PHOSPHATIDIC_ACID_METABOLIC_PROCESS		37	0.34130073	0.95421076	0.5079929	0.7857499	1.0	3193	tags=27%, list=16%, signal=32%	
GOBP_ORGANELLE_TRANSPORT_ALONG_MICROTUBULE	GOBP_ORGANELLE_TRANSPORT_ALONG_MICROTUBULE		87	0.29247603	0.954199	0.55536914	0.7854045	1.0	2021	tags=16%, list=10%, signal=18%	
GOBP_NEGATIVE_REGULATION_OF_GLIAL_CELL_DIFFERENTIATION	GOBP_NEGATIVE_REGULATION_OF_GLIAL_CELL_DIFFERENTIATION		25	0.37095436	0.9533428	0.5169811	0.7874277	1.0	2888	tags=20%, list=15%, signal=23%	
GOBP_REGULATION_OF_GTPASE_ACTIVITY	GOBP_REGULATION_OF_GTPASE_ACTIVITY		252	0.25796187	0.9530325	0.59023666	0.7879103	1.0	3306	tags=26%, list=17%, signal=31%	
GOBP_NEGATIVE_REGULATION_OF_PROTEIN_MODIFICATION_PROCESS	GOBP_NEGATIVE_REGULATION_OF_PROTEIN_MODIFICATION_PROCESS		379	0.24718504	0.95281774	0.6052632	0.7881496	1.0	3089	tags=21%, list=16%, signal=24%	
GOBP_HOMOLOGOUS_CHROMOSOME_PAIRING_AT_MEIOSIS	GOBP_HOMOLOGOUS_CHROMOSOME_PAIRING_AT_MEIOSIS		43	0.3250078	0.9527838	0.53119427	0.78786796	1.0	3151	tags=21%, list=16%, signal=25%	
GOBP_PEPTIDYL_GLUTAMIC_ACID_MODIFICATION	GOBP_PEPTIDYL_GLUTAMIC_ACID_MODIFICATION		24	0.3635764	0.9527417	0.53125	0.7876085	1.0	4446	tags=25%, list=23%, signal=32%	
GOBP_INTESTINAL_EPITHELIAL_CELL_DEVELOPMENT	GOBP_INTESTINAL_EPITHELIAL_CELL_DEVELOPMENT		17	0.40026927	0.95269674	0.52224374	0.7873586	1.0	3083	tags=41%, list=16%, signal=49%	
GOBP_MICROTUBULE_POLYMERIZATION_OR_DEPOLYMERIZATION	GOBP_MICROTUBULE_POLYMERIZATION_OR_DEPOLYMERIZATION		127	0.27875996	0.95265913	0.5760518	0.78709376	1.0	3629	tags=27%, list=19%, signal=33%	
GOBP_RETINA_LAYER_FORMATION	GOBP_RETINA_LAYER_FORMATION		23	0.36139327	0.9524892	0.5143954	0.7872022	1.0	1898	tags=17%, list=10%, signal=19%	
GOMF_LIGAND_GATED_CALCIUM_CHANNEL_ACTIVITY	GOMF_LIGAND_GATED_CALCIUM_CHANNEL_ACTIVITY		29	0.356382	0.95239353	0.54063606	0.78710103	1.0	752	tags=10%, list=4%, signal=11%	
GOBP_ENDOPLASMIC_RETICULUM_TUBULAR_NETWORK_ORGANIZATION	GOBP_ENDOPLASMIC_RETICULUM_TUBULAR_NETWORK_ORGANIZATION		19	0.38269082	0.9519123	0.51606804	0.78808063	1.0	2175	tags=26%, list=11%, signal=30%	
GOBP_POSITIVE_REGULATION_OF_LYMPHOCYTE_MIGRATION	GOBP_POSITIVE_REGULATION_OF_LYMPHOCYTE_MIGRATION		41	0.3369242	0.95169747	0.5249538	0.7883089	1.0	1725	tags=17%, list=9%, signal=19%	
GOMF_ORGANIC_ACID_TRANSMEMBRANE_TRANSPORTER_ACTIVITY	GOMF_ORGANIC_ACID_TRANSMEMBRANE_TRANSPORTER_ACTIVITY		179	0.2668629	0.951693	0.540458	0.7879436	1.0	2952	tags=17%, list=15%, signal=20%	
GOMF_FIBRONECTIN_BINDING	GOMF_FIBRONECTIN_BINDING		29	0.3549251	0.9514263	0.5120594	0.78830814	1.0	791	tags=21%, list=4%, signal=22%	
GOCC_POSTSYNAPTIC_DENSITY_MEMBRANE	GOCC_POSTSYNAPTIC_DENSITY_MEMBRANE		98	0.28209853	0.9508015	0.57288134	0.78965724	1.0	3157	tags=21%, list=16%, signal=25%	
GOBP_SENSORY_PERCEPTION_OF_PAIN	GOBP_SENSORY_PERCEPTION_OF_PAIN		72	0.29920965	0.9504808	0.56661314	0.7901503	1.0	1756	tags=17%, list=9%, signal=18%	
GOBP_MYELOID_LEUKOCYTE_CYTOKINE_PRODUCTION	GOBP_MYELOID_LEUKOCYTE_CYTOKINE_PRODUCTION		49	0.31941724	0.95038104	0.5280289	0.7900718	1.0	416	tags=8%, list=2%, signal=8%	
GOBP_GOLGI_TO_VACUOLE_TRANSPORT	GOBP_GOLGI_TO_VACUOLE_TRANSPORT		20	0.37951013	0.9503261	0.5391621	0.7898497	1.0	2295	tags=20%, list=12%, signal=23%	
GOBP_CHAPERONE_MEDIATED_AUTOPHAGY	GOBP_CHAPERONE_MEDIATED_AUTOPHAGY		15	0.41752076	0.9498379	0.54684514	0.7908188	1.0	2967	tags=20%, list=15%, signal=24%	
GOBP_HEMATOPOIETIC_PROGENITOR_CELL_DIFFERENTIATION	GOBP_HEMATOPOIETIC_PROGENITOR_CELL_DIFFERENTIATION		129	0.27479622	0.94957143	0.5965997	0.7911803	1.0	3587	tags=26%, list=18%, signal=31%	
GOBP_LAMELLIPODIUM_MORPHOGENESIS	GOBP_LAMELLIPODIUM_MORPHOGENESIS		18	0.3916614	0.949331	0.5217391	0.79148716	1.0	3042	tags=22%, list=16%, signal=26%	
GOCC_PHOTORECEPTOR_OUTER_SEGMENT_MEMBRANE	GOCC_PHOTORECEPTOR_OUTER_SEGMENT_MEMBRANE		15	0.40434518	0.9492762	0.54460967	0.7912641	1.0	2639	tags=27%, list=14%, signal=31%	
GOBP_CELLULAR_RESPONSE_TO_FLUID_SHEAR_STRESS	GOBP_CELLULAR_RESPONSE_TO_FLUID_SHEAR_STRESS		19	0.39536428	0.9489064	0.5393053	0.791915	1.0	1930	tags=21%, list=10%, signal=23%	
GOBP_REGULATION_OF_VASCULAR_ENDOTHELIAL_GROWTH_FACTOR_RECEPTOR_SIGNALING_PATHWAY	GOBP_REGULATION_OF_VASCULAR_ENDOTHELIAL_GROWTH_FACTOR_RECEPTOR_SIGNALING_PATHWAY		29	0.35696626	0.9488354	0.54826254	0.7917399	1.0	2513	tags=31%, list=13%, signal=36%	
GOMF_MHC_CLASS_II_PROTEIN_COMPLEX_BINDING	GOMF_MHC_CLASS_II_PROTEIN_COMPLEX_BINDING		25	0.35940242	0.9480679	0.5214153	0.79350114	1.0	2739	tags=28%, list=14%, signal=33%	
GOMF_SOLUTE_MONOATOMIC_CATION_SYMPORTER_ACTIVITY	GOMF_SOLUTE_MONOATOMIC_CATION_SYMPORTER_ACTIVITY		117	0.27763405	0.9473646	0.5555556	0.7950446	1.0	2829	tags=16%, list=15%, signal=19%	
GOBP_POSITIVE_REGULATION_OF_PEPTIDYL_SERINE_PHOSPHORYLATION	GOBP_POSITIVE_REGULATION_OF_PEPTIDYL_SERINE_PHOSPHORYLATION		87	0.28420678	0.94726884	0.56188923	0.79492897	1.0	2201	tags=16%, list=11%, signal=18%	
GOBP_CELLULAR_RESPONSE_TO_ESTROGEN_STIMULUS	GOBP_CELLULAR_RESPONSE_TO_ESTROGEN_STIMULUS		19	0.3771921	0.9472197	0.53592235	0.7946856	1.0	3138	tags=21%, list=16%, signal=25%	
GOBP_PLATELET_MORPHOGENESIS	GOBP_PLATELET_MORPHOGENESIS		26	0.3551755	0.94711995	0.55755395	0.7945827	1.0	2098	tags=35%, list=11%, signal=39%	
GOMF_G_PROTEIN_COUPLED_AMINE_RECEPTOR_ACTIVITY	GOMF_G_PROTEIN_COUPLED_AMINE_RECEPTOR_ACTIVITY		39	0.3302473	0.9460328	0.543058	0.7972527	1.0	2137	tags=10%, list=11%, signal=12%	
GOMF_CARBOXYPEPTIDASE_ACTIVITY	GOMF_CARBOXYPEPTIDASE_ACTIVITY		43	0.32938826	0.94597363	0.5561224	0.79703045	1.0	3472	tags=23%, list=18%, signal=28%	
GOBP_SPINDLE_LOCALIZATION	GOBP_SPINDLE_LOCALIZATION		59	0.3075269	0.9456143	0.53846157	0.79762393	1.0	4112	tags=27%, list=21%, signal=34%	
GOBP_AMINO_ACID_IMPORT_ACROSS_PLASMA_MEMBRANE	GOBP_AMINO_ACID_IMPORT_ACROSS_PLASMA_MEMBRANE		49	0.31691948	0.94543815	0.54382825	0.7977527	1.0	1724	tags=18%, list=9%, signal=20%	
GOBP_NEUROMUSCULAR_SYNAPTIC_TRANSMISSION	GOBP_NEUROMUSCULAR_SYNAPTIC_TRANSMISSION		29	0.35288787	0.94533205	0.5138889	0.797666	1.0	2874	tags=21%, list=15%, signal=24%	
GOCC_CYCLIN_DEPENDENT_PROTEIN_KINASE_HOLOENZYME_COMPLEX	GOCC_CYCLIN_DEPENDENT_PROTEIN_KINASE_HOLOENZYME_COMPLEX		53	0.3096539	0.9450411	0.53693694	0.798118	1.0	3591	tags=23%, list=18%, signal=28%	
GOMF_GTPASE_BINDING	GOMF_GTPASE_BINDING		298	0.25187403	0.94481105	0.63265306	0.79839575	1.0	3165	tags=23%, list=16%, signal=27%	
GOBP_HUMORAL_IMMUNE_RESPONSE_MEDIATED_BY_CIRCULATING_IMMUNOGLOBULIN	GOBP_HUMORAL_IMMUNE_RESPONSE_MEDIATED_BY_CIRCULATING_IMMUNOGLOBULIN		45	0.32828942	0.944774	0.55734766	0.79811305	1.0	2205	tags=16%, list=11%, signal=18%	
GOBP_PYRIMIDINE_CONTAINING_COMPOUND_METABOLIC_PROCESS	GOBP_PYRIMIDINE_CONTAINING_COMPOUND_METABOLIC_PROCESS		86	0.28992054	0.9445598	0.57050246	0.79834473	1.0	1873	tags=13%, list=10%, signal=14%	
GOBP_NEGATIVE_REGULATION_OF_FIBROBLAST_PROLIFERATION	GOBP_NEGATIVE_REGULATION_OF_FIBROBLAST_PROLIFERATION		34	0.34310004	0.9442365	0.5658363	0.798869	1.0	2221	tags=24%, list=11%, signal=27%	
GOMF_PURINE_NUCLEOTIDE_TRANSMEMBRANE_TRANSPORTER_ACTIVITY	GOMF_PURINE_NUCLEOTIDE_TRANSMEMBRANE_TRANSPORTER_ACTIVITY		27	0.35699427	0.94396186	0.5542857	0.7992511	1.0	5120	tags=41%, list=26%, signal=55%	
GOBP_AMINE_TRANSPORT	GOBP_AMINE_TRANSPORT		92	0.28725436	0.94317865	0.56401944	0.8011043	1.0	2498	tags=18%, list=13%, signal=21%	
GOBP_REGULATION_OF_RNA_SPLICING	GOBP_REGULATION_OF_RNA_SPLICING		174	0.26405185	0.9431672	0.5930408	0.8007588	1.0	4053	tags=22%, list=21%, signal=27%	
GOBP_MITOCHONDRIAL_RNA_PROCESSING	GOBP_MITOCHONDRIAL_RNA_PROCESSING		21	0.37387294	0.94181716	0.52792794	0.8041011	1.0	6141	tags=52%, list=32%, signal=77%	
GOBP_PROTEIN_LOCALIZATION_TO_PLASMA_MEMBRANE	GOBP_PROTEIN_LOCALIZATION_TO_PLASMA_MEMBRANE		271	0.25183666	0.94170904	0.64083457	0.8040361	1.0	3651	tags=25%, list=19%, signal=31%	
GOBP_CELLULAR_RESPONSE_TO_CARBOHYDRATE_STIMULUS	GOBP_CELLULAR_RESPONSE_TO_CARBOHYDRATE_STIMULUS		139	0.2704472	0.94109464	0.5959438	0.8053905	1.0	2552	tags=19%, list=13%, signal=22%	
GOBP_RESPONSE_TO_FLUID_SHEAR_STRESS	GOBP_RESPONSE_TO_FLUID_SHEAR_STRESS		32	0.34518445	0.9407006	0.5561497	0.806121	1.0	810	tags=13%, list=4%, signal=13%	
GOBP_REGULATION_OF_MUSCLE_ORGAN_DEVELOPMENT	GOBP_REGULATION_OF_MUSCLE_ORGAN_DEVELOPMENT		22	0.3662023	0.9403604	0.5444015	0.8066898	1.0	3623	tags=32%, list=19%, signal=39%	
GOBP_REGULATION_OF_SYNCYTIUM_FORMATION_BY_PLASMA_MEMBRANE_FUSION	GOBP_REGULATION_OF_SYNCYTIUM_FORMATION_BY_PLASMA_MEMBRANE_FUSION		27	0.36239937	0.9403053	0.5539305	0.80646056	1.0	3048	tags=26%, list=16%, signal=31%	
GOBP_POSITIVE_REGULATION_OF_CELL_CYCLE	GOBP_POSITIVE_REGULATION_OF_CELL_CYCLE		308	0.24820718	0.9399409	0.66101694	0.80712265	1.0	2613	tags=15%, list=13%, signal=17%	
GOBP_PEPTIDYL_SERINE_MODIFICATION	GOBP_PEPTIDYL_SERINE_MODIFICATION		267	0.25094754	0.9394959	0.64194006	0.80797875	1.0	2337	tags=16%, list=12%, signal=18%	
GOBP_PEPTIDE_CATABOLIC_PROCESS	GOBP_PEPTIDE_CATABOLIC_PROCESS		19	0.38165453	0.9393334	0.5540797	0.80805004	1.0	2902	tags=26%, list=15%, signal=31%	
GOBP_REGULATION_OF_PROTEIN_TRANSPORT	GOBP_REGULATION_OF_PROTEIN_TRANSPORT		407	0.24179675	0.9392766	0.6689466	0.8078169	1.0	1716	tags=12%, list=9%, signal=12%	
GOMF_WIDE_PORE_CHANNEL_ACTIVITY	GOMF_WIDE_PORE_CHANNEL_ACTIVITY		33	0.33426112	0.9391263	0.54291046	0.8078589	1.0	2012	tags=15%, list=10%, signal=17%	
GOBP_REGULATION_OF_PROTEIN_STABILITY	GOBP_REGULATION_OF_PROTEIN_STABILITY		298	0.24732564	0.93879324	0.6465517	0.80843484	1.0	2666	tags=16%, list=14%, signal=18%	
GOBP_NEGATIVE_REGULATION_OF_CHONDROCYTE_DIFFERENTIATION	GOBP_NEGATIVE_REGULATION_OF_CHONDROCYTE_DIFFERENTIATION		20	0.38058588	0.9385657	0.54474705	0.808711	1.0	2085	tags=25%, list=11%, signal=28%	
GOBP_AMIDE_CATABOLIC_PROCESS	GOBP_AMIDE_CATABOLIC_PROCESS		16	0.39133462	0.93848526	0.5460251	0.80855536	1.0	1511	tags=13%, list=8%, signal=14%	
GOBP_STEROID_CATABOLIC_PROCESS	GOBP_STEROID_CATABOLIC_PROCESS		25	0.3548402	0.9380235	0.5553435	0.80944556	1.0	1912	tags=16%, list=10%, signal=18%	
GOBP_SECONDARY_METABOLITE_BIOSYNTHETIC_PROCESS	GOBP_SECONDARY_METABOLITE_BIOSYNTHETIC_PROCESS		25	0.36124825	0.93801403	0.56790125	0.809093	1.0	1706	tags=20%, list=9%, signal=22%	
GOBP_NEGATIVE_REGULATION_OF_DIGESTIVE_SYSTEM_PROCESS	GOBP_NEGATIVE_REGULATION_OF_DIGESTIVE_SYSTEM_PROCESS		15	0.40807018	0.93800324	0.5534351	0.8087479	1.0	879	tags=13%, list=5%, signal=14%	
GOMF_PHOSPHATIDYLINOSITOL_3_4_BISPHOSPHATE_BINDING	GOMF_PHOSPHATIDYLINOSITOL_3_4_BISPHOSPHATE_BINDING		27	0.353263	0.9377613	0.5442177	0.8090561	1.0	1263	tags=19%, list=7%, signal=20%	
GOBP_ESTABLISHMENT_OR_MAINTENANCE_OF_MONOPOLAR_CELL_POLARITY	GOBP_ESTABLISHMENT_OR_MAINTENANCE_OF_MONOPOLAR_CELL_POLARITY		25	0.35730347	0.93768746	0.52733684	0.80887294	1.0	2369	tags=28%, list=12%, signal=32%	
GOBP_PROTEIN_DEACETYLATION	GOBP_PROTEIN_DEACETYLATION		42	0.321879	0.93658394	0.537133	0.81153166	1.0	4783	tags=38%, list=25%, signal=50%	
GOBP_RESPONSE_TO_TEMPERATURE_STIMULUS	GOBP_RESPONSE_TO_TEMPERATURE_STIMULUS		163	0.26235753	0.93621624	0.5975422	0.81214225	1.0	1231	tags=9%, list=6%, signal=10%	
GOMF_SECONDARY_ACTIVE_TRANSMEMBRANE_TRANSPORTER_ACTIVITY	GOMF_SECONDARY_ACTIVE_TRANSMEMBRANE_TRANSPORTER_ACTIVITY		283	0.25051925	0.93604696	0.65808296	0.8122254	1.0	3272	tags=19%, list=17%, signal=23%	
GOBP_REGULATION_OF_MICROTUBULE_NUCLEATION	GOBP_REGULATION_OF_MICROTUBULE_NUCLEATION		17	0.38152912	0.935793	0.548583	0.8125645	1.0	3579	tags=41%, list=18%, signal=50%	
GOCC_STEREOCILIUM_BUNDLE	GOCC_STEREOCILIUM_BUNDLE		58	0.30583298	0.93577296	0.5672913	0.8122321	1.0	3709	tags=28%, list=19%, signal=34%	
GOBP_NEGATIVE_REGULATION_OF_MAPK_CASCADE	GOBP_NEGATIVE_REGULATION_OF_MAPK_CASCADE		144	0.26908845	0.9348695	0.6331169	0.81438446	1.0	2927	tags=23%, list=15%, signal=27%	
GOBP_NEGATIVE_REGULATION_OF_LIPID_LOCALIZATION	GOBP_NEGATIVE_REGULATION_OF_LIPID_LOCALIZATION		43	0.31996745	0.9341701	0.54931974	0.8159305	1.0	1452	tags=16%, list=7%, signal=18%	
GOBP_CENTROSOME_DUPLICATION	GOBP_CENTROSOME_DUPLICATION		72	0.300365	0.9341379	0.5822368	0.8156388	1.0	3842	tags=26%, list=20%, signal=33%	
GOBP_REGULATION_OF_AMYLOID_BETA_CLEARANCE	GOBP_REGULATION_OF_AMYLOID_BETA_CLEARANCE		17	0.39381987	0.933293	0.5709024	0.81760955	1.0	1321	tags=18%, list=7%, signal=19%	
GOBP_POSITIVE_REGULATION_OF_T_CELL_MIGRATION	GOBP_POSITIVE_REGULATION_OF_T_CELL_MIGRATION		34	0.335257	0.9331086	0.5745856	0.81773996	1.0	1725	tags=18%, list=9%, signal=19%	
GOBP_REGULATION_OF_DNA_BIOSYNTHETIC_PROCESS	GOBP_REGULATION_OF_DNA_BIOSYNTHETIC_PROCESS		112	0.2724549	0.93304974	0.6034755	0.8175206	1.0	4485	tags=32%, list=23%, signal=42%	
GOBP_RESPONSE_TO_DIETARY_EXCESS	GOBP_RESPONSE_TO_DIETARY_EXCESS		36	0.33012563	0.9329227	0.56842107	0.8175269	1.0	3497	tags=28%, list=18%, signal=34%	
GOBP_HEART_FORMATION	GOBP_HEART_FORMATION		33	0.33515507	0.93272096	0.54444444	0.8177104	1.0	1379	tags=18%, list=7%, signal=20%	
GOBP_NEGATIVE_REGULATION_OF_ORGAN_GROWTH	GOBP_NEGATIVE_REGULATION_OF_ORGAN_GROWTH		30	0.348011	0.93270093	0.56466305	0.81738156	1.0	3432	tags=27%, list=18%, signal=32%	
GOCC_INTERMEDIATE_FILAMENT_CYTOSKELETON	GOCC_INTERMEDIATE_FILAMENT_CYTOSKELETON		218	0.2556552	0.9323193	0.6311844	0.8180807	1.0	2294	tags=10%, list=12%, signal=11%	
GOBP_ORGANOPHOSPHATE_CATABOLIC_PROCESS	GOBP_ORGANOPHOSPHATE_CATABOLIC_PROCESS		231	0.25213346	0.9320691	0.65676075	0.8183761	1.0	2706	tags=15%, list=14%, signal=17%	
GOMF_PHOSPHOLIPASE_A2_ACTIVITY	GOMF_PHOSPHOLIPASE_A2_ACTIVITY		26	0.3564205	0.93189824	0.5673759	0.8184671	1.0	1126	tags=12%, list=6%, signal=12%	
GOBP_ADENYLATE_CYCLASE_ACTIVATING_ADRENERGIC_RECEPTOR_SIGNALING_PATHWAY	GOBP_ADENYLATE_CYCLASE_ACTIVATING_ADRENERGIC_RECEPTOR_SIGNALING_PATHWAY		22	0.36674058	0.93125606	0.55705994	0.8198769	1.0	616	tags=9%, list=3%, signal=9%	
GOBP_VASCULAR_ENDOTHELIAL_GROWTH_FACTOR_RECEPTOR_SIGNALING_PATHWAY	GOBP_VASCULAR_ENDOTHELIAL_GROWTH_FACTOR_RECEPTOR_SIGNALING_PATHWAY		54	0.31161246	0.93114775	0.5606838	0.81981546	1.0	1869	tags=22%, list=10%, signal=25%	
GOBP_ACIDIC_AMINO_ACID_TRANSPORT	GOBP_ACIDIC_AMINO_ACID_TRANSPORT		65	0.30223736	0.93094057	0.5683333	0.8200063	1.0	1166	tags=11%, list=6%, signal=11%	
GOBP_INTERLEUKIN_5_PRODUCTION	GOBP_INTERLEUKIN_5_PRODUCTION		20	0.3726051	0.93078583	0.55598456	0.8200492	1.0	1094	tags=20%, list=6%, signal=21%	
GOBP_GAS_TRANSPORT	GOBP_GAS_TRANSPORT		22	0.37709832	0.9298577	0.5755814	0.82219136	1.0	1426	tags=27%, list=7%, signal=29%	
GOMF_ALPHA_TUBULIN_BINDING	GOMF_ALPHA_TUBULIN_BINDING		37	0.32923374	0.9296567	0.5711679	0.82234746	1.0	4034	tags=30%, list=21%, signal=37%	
GOMF_PROTEIN_SERINE_THREONINE_KINASE_ACTIVITY	GOMF_PROTEIN_SERINE_THREONINE_KINASE_ACTIVITY		410	0.23960091	0.9294062	0.6946355	0.8227044	1.0	2491	tags=17%, list=13%, signal=19%	
GOBP_REGULATION_OF_PROGRAMMED_NECROTIC_CELL_DEATH	GOBP_REGULATION_OF_PROGRAMMED_NECROTIC_CELL_DEATH		30	0.3438774	0.92913425	0.56183743	0.82311237	1.0	1254	tags=13%, list=6%, signal=14%	
GOBP_RESPONSE_TO_AMINE	GOBP_RESPONSE_TO_AMINE		51	0.31212392	0.9287134	0.5750422	0.82387114	1.0	3463	tags=24%, list=18%, signal=29%	
GOBP_ESTABLISHMENT_OF_MITOTIC_SPINDLE_LOCALIZATION	GOBP_ESTABLISHMENT_OF_MITOTIC_SPINDLE_LOCALIZATION		38	0.32764062	0.9283508	0.57630163	0.8244957	1.0	2975	tags=21%, list=15%, signal=25%	
GOBP_NEGATIVE_REGULATION_OF_NEURON_DIFFERENTIATION	GOBP_NEGATIVE_REGULATION_OF_NEURON_DIFFERENTIATION		71	0.29162973	0.9281575	0.5678808	0.82463133	1.0	2840	tags=20%, list=15%, signal=23%	
GOMF_PHOSPHATE_TRANSMEMBRANE_TRANSPORTER_ACTIVITY	GOMF_PHOSPHATE_TRANSMEMBRANE_TRANSPORTER_ACTIVITY		16	0.39030632	0.92806673	0.5714286	0.82450294	1.0	1682	tags=19%, list=9%, signal=21%	
GOBP_GLANDULAR_EPITHELIAL_CELL_DEVELOPMENT	GOBP_GLANDULAR_EPITHELIAL_CELL_DEVELOPMENT		33	0.337855	0.9277844	0.5693694	0.82490134	1.0	4378	tags=39%, list=23%, signal=51%	
GOBP_REGULATION_OF_AXON_EXTENSION	GOBP_REGULATION_OF_AXON_EXTENSION		78	0.28826323	0.9272516	0.58784896	0.8259976	1.0	2195	tags=18%, list=11%, signal=20%	
GOMF_OXIDOREDUCTASE_ACTIVITY_ACTING_ON_PAIRED_DONORS_WITH_INCORPORATION_OR_REDUCTION_OF_MOLECULAR_OXYGEN	GOMF_OXIDOREDUCTASE_ACTIVITY_ACTING_ON_PAIRED_DONORS_WITH_INCORPORATION_OR_REDUCTION_OF_MOLECULAR_OXYGEN		166	0.26111662	0.92703223	0.6219709	0.8262312	1.0	2526	tags=16%, list=13%, signal=19%	
GOBP_POSITIVE_REGULATION_OF_TRANSPORTER_ACTIVITY	GOBP_POSITIVE_REGULATION_OF_TRANSPORTER_ACTIVITY		78	0.29276583	0.92651886	0.61605585	0.82726455	1.0	2334	tags=21%, list=12%, signal=23%	
GOBP_RECEPTOR_CLUSTERING	GOBP_RECEPTOR_CLUSTERING		58	0.30215	0.9261509	0.5959253	0.8279192	1.0	2178	tags=16%, list=11%, signal=17%	
GOBP_POSITIVE_REGULATION_OF_INTERLEUKIN_4_PRODUCTION	GOBP_POSITIVE_REGULATION_OF_INTERLEUKIN_4_PRODUCTION		26	0.35320613	0.9258338	0.5528757	0.8283995	1.0	1094	tags=15%, list=6%, signal=16%	
GOBP_NUCLEOTIDE_TRANSPORT	GOBP_NUCLEOTIDE_TRANSPORT		45	0.31774664	0.92525125	0.59074736	0.82963264	1.0	5120	tags=42%, list=26%, signal=57%	
GOBP_POSITIVE_REGULATION_OF_PROTEIN_IMPORT_INTO_NUCLEUS	GOBP_POSITIVE_REGULATION_OF_PROTEIN_IMPORT_INTO_NUCLEUS		40	0.32292214	0.9244951	0.5575221	0.8313091	1.0	3431	tags=33%, list=18%, signal=39%	
GOBP_INTRACELLULAR_GLUCOSE_HOMEOSTASIS	GOBP_INTRACELLULAR_GLUCOSE_HOMEOSTASIS		144	0.26313218	0.92447317	0.6432	0.83098537	1.0	2597	tags=19%, list=13%, signal=22%	
GOBP_MICROVILLUS_ASSEMBLY	GOBP_MICROVILLUS_ASSEMBLY		20	0.37684163	0.9241109	0.5578358	0.8316167	1.0	3521	tags=50%, list=18%, signal=61%	
GOMF_PLUS_END_DIRECTED_MICROTUBULE_MOTOR_ACTIVITY	GOMF_PLUS_END_DIRECTED_MICROTUBULE_MOTOR_ACTIVITY		16	0.40065622	0.9237956	0.6027668	0.8321307	1.0	1390	tags=13%, list=7%, signal=13%	
GOBP_AMINOGLYCAN_METABOLIC_PROCESS	GOBP_AMINOGLYCAN_METABOLIC_PROCESS		119	0.27106524	0.9237878	0.61880344	0.83176696	1.0	2535	tags=21%, list=13%, signal=24%	
GOBP_CAMP_MEDIATED_SIGNALING	GOBP_CAMP_MEDIATED_SIGNALING		55	0.3053384	0.9234584	0.58961475	0.8322878	1.0	1177	tags=11%, list=6%, signal=12%	
GOCC_GOLGI_CIS_CISTERNA	GOCC_GOLGI_CIS_CISTERNA		16	0.3920015	0.92342144	0.57749075	0.8320018	1.0	2837	tags=38%, list=15%, signal=44%	
GOMF_FRIZZLED_BINDING	GOMF_FRIZZLED_BINDING		35	0.33269665	0.923163	0.5908257	0.8323401	1.0	3072	tags=34%, list=16%, signal=41%	
GOBP_RESPONSE_TO_ORGANOPHOSPHORUS	GOBP_RESPONSE_TO_ORGANOPHOSPHORUS		124	0.26999375	0.9228445	0.6481775	0.83280385	1.0	1745	tags=13%, list=9%, signal=14%	
GOBP_REGULATION_OF_PROTEIN_CONTAINING_COMPLEX_DISASSEMBLY	GOBP_REGULATION_OF_PROTEIN_CONTAINING_COMPLEX_DISASSEMBLY		117	0.2684147	0.92216986	0.6167472	0.83426	1.0	4202	tags=34%, list=22%, signal=43%	
GOBP_SULFUR_COMPOUND_BIOSYNTHETIC_PROCESS	GOBP_SULFUR_COMPOUND_BIOSYNTHETIC_PROCESS		164	0.26136932	0.92203826	0.65568864	0.83424914	1.0	3501	tags=26%, list=18%, signal=31%	
GOCC_PRESYNAPTIC_MEMBRANE	GOCC_PRESYNAPTIC_MEMBRANE		167	0.25684583	0.9213313	0.64714944	0.8357685	1.0	1995	tags=13%, list=10%, signal=14%	
GOMF_PROTEIN_FOLDING_CHAPERONE_BINDING	GOMF_PROTEIN_FOLDING_CHAPERONE_BINDING		126	0.26452774	0.9203952	0.6426282	0.8378941	1.0	1757	tags=13%, list=9%, signal=15%	
GOBP_POSITIVE_REGULATION_OF_LIPID_METABOLIC_PROCESS	GOBP_POSITIVE_REGULATION_OF_LIPID_METABOLIC_PROCESS		117	0.2689823	0.9203797	0.62419355	0.8375558	1.0	2180	tags=17%, list=11%, signal=19%	
GOBP_NEGATIVE_REGULATION_OF_INTRACELLULAR_PROTEIN_TRANSPORT	GOBP_NEGATIVE_REGULATION_OF_INTRACELLULAR_PROTEIN_TRANSPORT		31	0.33730465	0.92008775	0.58270675	0.8379525	1.0	230	tags=6%, list=1%, signal=7%	
GOCC_ACETYLTRANSFERASE_COMPLEX	GOCC_ACETYLTRANSFERASE_COMPLEX		92	0.2783853	0.9195663	0.6165541	0.83897954	1.0	3431	tags=22%, list=18%, signal=26%	
GOMF_SODIUM_CHANNEL_ACTIVITY	GOMF_SODIUM_CHANNEL_ACTIVITY		45	0.3128079	0.9190592	0.58377427	0.83999836	1.0	877	tags=11%, list=5%, signal=12%	
GOMF_PROTEASOME_BINDING	GOMF_PROTEASOME_BINDING		16	0.38157547	0.9188487	0.56164384	0.840183	1.0	3963	tags=44%, list=20%, signal=55%	
GOMF_PHOSPHATASE_REGULATOR_ACTIVITY	GOMF_PHOSPHATASE_REGULATOR_ACTIVITY		92	0.2818168	0.9188311	0.6256	0.8398496	1.0	4268	tags=32%, list=22%, signal=40%	
GOBP_NEGATIVE_REGULATION_OF_EPITHELIAL_CELL_APOPTOTIC_PROCESS	GOBP_NEGATIVE_REGULATION_OF_EPITHELIAL_CELL_APOPTOTIC_PROCESS		61	0.29734805	0.91842324	0.589916	0.84057593	1.0	2193	tags=16%, list=11%, signal=18%	
GOBP_POSITIVE_REGULATION_OF_PROTEIN_EXPORT_FROM_NUCLEUS	GOBP_POSITIVE_REGULATION_OF_PROTEIN_EXPORT_FROM_NUCLEUS		20	0.37154624	0.91796255	0.563197	0.84144306	1.0	4533	tags=50%, list=23%, signal=65%	
GOMF_ORGANOPHOSPHATE_ESTER_TRANSMEMBRANE_TRANSPORTER_ACTIVITY	GOMF_ORGANOPHOSPHATE_ESTER_TRANSMEMBRANE_TRANSPORTER_ACTIVITY		37	0.3231668	0.9179461	0.5659722	0.84111136	1.0	5120	tags=38%, list=26%, signal=51%	
GOBP_NEGATIVE_REGULATION_OF_HUMORAL_IMMUNE_RESPONSE	GOBP_NEGATIVE_REGULATION_OF_HUMORAL_IMMUNE_RESPONSE		15	0.40158167	0.91782117	0.56554306	0.8410534	1.0	2014	tags=27%, list=10%, signal=30%	
GOBP_POSITIVE_REGULATION_OF_STEM_CELL_PROLIFERATION	GOBP_POSITIVE_REGULATION_OF_STEM_CELL_PROLIFERATION		46	0.31686637	0.9176627	0.5851979	0.8411015	1.0	1736	tags=13%, list=9%, signal=14%	
GOBP_VASCULAR_ASSOCIATED_SMOOTH_MUSCLE_CONTRACTION	GOBP_VASCULAR_ASSOCIATED_SMOOTH_MUSCLE_CONTRACTION		23	0.3610714	0.91730803	0.57434946	0.8416955	1.0	1979	tags=17%, list=10%, signal=19%	
GOMF_NUCLEAR_RECEPTOR_COACTIVATOR_ACTIVITY	GOMF_NUCLEAR_RECEPTOR_COACTIVATOR_ACTIVITY		53	0.29901963	0.9170529	0.6232143	0.8420153	1.0	4863	tags=36%, list=25%, signal=48%	
GOMF_ACETYLGALACTOSAMINYLTRANSFERASE_ACTIVITY	GOMF_ACETYLGALACTOSAMINYLTRANSFERASE_ACTIVITY		33	0.33530658	0.9165875	0.5904059	0.8428986	1.0	2685	tags=27%, list=14%, signal=32%	
GOBP_GLUTAMINE_FAMILY_AMINO_ACID_CATABOLIC_PROCESS	GOBP_GLUTAMINE_FAMILY_AMINO_ACID_CATABOLIC_PROCESS		25	0.35051456	0.9161479	0.59090906	0.84371006	1.0	2558	tags=24%, list=13%, signal=28%	
GOBP_RESPONSE_TO_COCAINE	GOBP_RESPONSE_TO_COCAINE		55	0.29810894	0.9161178	0.60465115	0.8434013	1.0	1387	tags=15%, list=7%, signal=16%	
GOBP_POSITIVE_REGULATION_OF_PROTEIN_LOCALIZATION_TO_PLASMA_MEMBRANE	GOBP_POSITIVE_REGULATION_OF_PROTEIN_LOCALIZATION_TO_PLASMA_MEMBRANE		61	0.2963573	0.91584885	0.6302083	0.8437531	1.0	2278	tags=20%, list=12%, signal=22%	
GOBP_REGULATION_OF_NOTCH_SIGNALING_PATHWAY	GOBP_REGULATION_OF_NOTCH_SIGNALING_PATHWAY		88	0.28169426	0.91512465	0.6216216	0.8453624	1.0	2513	tags=18%, list=13%, signal=21%	
GOBP_ANGIOGENESIS_INVOLVED_IN_WOUND_HEALING	GOBP_ANGIOGENESIS_INVOLVED_IN_WOUND_HEALING		27	0.34768194	0.91461927	0.6044362	0.8463162	1.0	2615	tags=33%, list=13%, signal=38%	
GOBP_NEGATIVE_REGULATION_OF_RELEASE_OF_CYTOCHROME_C_FROM_MITOCHONDRIA	GOBP_NEGATIVE_REGULATION_OF_RELEASE_OF_CYTOCHROME_C_FROM_MITOCHONDRIA		19	0.37493342	0.91458917	0.58208954	0.8460146	1.0	1370	tags=11%, list=7%, signal=11%	
GOBP_REGULATION_OF_CELL_FATE_SPECIFICATION	GOBP_REGULATION_OF_CELL_FATE_SPECIFICATION		24	0.35505897	0.91432303	0.5777778	0.8463805	1.0	3559	tags=29%, list=18%, signal=36%	
GOMF_SODIUM_ION_TRANSMEMBRANE_TRANSPORTER_ACTIVITY	GOMF_SODIUM_ION_TRANSMEMBRANE_TRANSPORTER_ACTIVITY		160	0.25765768	0.91431946	0.64615387	0.8460082	1.0	1682	tags=11%, list=9%, signal=12%	
GOBP_REGULATION_OF_CALCIUM_MEDIATED_SIGNALING	GOBP_REGULATION_OF_CALCIUM_MEDIATED_SIGNALING		90	0.27775806	0.91401577	0.6280992	0.8464689	1.0	2555	tags=18%, list=13%, signal=20%	
GOMF_CGMP_BINDING	GOMF_CGMP_BINDING		15	0.3983964	0.9137111	0.5836502	0.8469156	1.0	1177	tags=13%, list=6%, signal=14%	
GOBP_RHYTHMIC_BEHAVIOR	GOBP_RHYTHMIC_BEHAVIOR		45	0.30799553	0.9135894	0.587108	0.84684634	1.0	2648	tags=20%, list=14%, signal=23%	
GOBP_REGULATION_OF_AMINO_ACID_TRANSPORT	GOBP_REGULATION_OF_AMINO_ACID_TRANSPORT		41	0.3196042	0.9135365	0.5940246	0.8466061	1.0	2780	tags=24%, list=14%, signal=28%	
GOMF_STRUCTURAL_CONSTITUENT_OF_POSTSYNAPSE	GOMF_STRUCTURAL_CONSTITUENT_OF_POSTSYNAPSE		17	0.3842452	0.9131425	0.5780347	0.84727484	1.0	1467	tags=18%, list=8%, signal=19%	
GOBP_PROTEIN_LOCALIZATION_TO_NUCLEUS	GOBP_PROTEIN_LOCALIZATION_TO_NUCLEUS		298	0.24094445	0.91302973	0.715994	0.84721065	1.0	3866	tags=22%, list=20%, signal=28%	
GOBP_CARDIAC_NEURAL_CREST_CELL_DIFFERENTIATION_INVOLVED_IN_HEART_DEVELOPMENT	GOBP_CARDIAC_NEURAL_CREST_CELL_DIFFERENTIATION_INVOLVED_IN_HEART_DEVELOPMENT		16	0.3869318	0.9127022	0.58349705	0.8477275	1.0	1334	tags=25%, list=7%, signal=27%	
GOBP_ESTABLISHMENT_OF_PROTEIN_LOCALIZATION_TO_TELOMERE	GOBP_ESTABLISHMENT_OF_PROTEIN_LOCALIZATION_TO_TELOMERE		18	0.37501803	0.91246575	0.57389635	0.8479586	1.0	5302	tags=61%, list=27%, signal=84%	
GOBP_SIGNAL_TRANSDUCTION_IN_RESPONSE_TO_DNA_DAMAGE	GOBP_SIGNAL_TRANSDUCTION_IN_RESPONSE_TO_DNA_DAMAGE		176	0.2539796	0.91212034	0.66976744	0.8485157	1.0	3708	tags=23%, list=19%, signal=29%	
GOBP_SECRETORY_GRANULE_ORGANIZATION	GOBP_SECRETORY_GRANULE_ORGANIZATION		64	0.2927651	0.9111014	0.6292135	0.8509544	1.0	561	tags=6%, list=3%, signal=6%	
GOBP_OLIGOPEPTIDE_TRANSPORT	GOBP_OLIGOPEPTIDE_TRANSPORT		17	0.37817985	0.9109637	0.5813492	0.8509555	1.0	4162	tags=41%, list=21%, signal=52%	
GOBP_GENOMIC_IMPRINTING	GOBP_GENOMIC_IMPRINTING		18	0.37445164	0.9109366	0.576699	0.8506446	1.0	1377	tags=17%, list=7%, signal=18%	
GOBP_REGULATION_OF_MEGAKARYOCYTE_DIFFERENTIATION	GOBP_REGULATION_OF_MEGAKARYOCYTE_DIFFERENTIATION		22	0.3644316	0.9103223	0.5975177	0.85187584	1.0	3830	tags=45%, list=20%, signal=57%	
GOBP_CHONDROITIN_SULFATE_METABOLIC_PROCESS	GOBP_CHONDROITIN_SULFATE_METABOLIC_PROCESS		25	0.34453845	0.90969336	0.6014898	0.853193	1.0	4252	tags=48%, list=22%, signal=61%	
GOBP_REGULATION_OF_T_CELL_CHEMOTAXIS	GOBP_REGULATION_OF_T_CELL_CHEMOTAXIS		15	0.39574635	0.9086674	0.58237547	0.8555691	1.0	1725	tags=27%, list=9%, signal=29%	
GOBP_ERBB2_SIGNALING_PATHWAY	GOBP_ERBB2_SIGNALING_PATHWAY		23	0.3587111	0.9085879	0.580292	0.8554088	1.0	3108	tags=35%, list=16%, signal=41%	
GOBP_SPINDLE_ORGANIZATION	GOBP_SPINDLE_ORGANIZATION		188	0.2483548	0.90826863	0.69539374	0.85583544	1.0	4104	tags=28%, list=21%, signal=35%	
GOBP_SMALL_MOLECULE_CATABOLIC_PROCESS	GOBP_SMALL_MOLECULE_CATABOLIC_PROCESS		366	0.23660639	0.90801036	0.75244755	0.85611224	1.0	2161	tags=14%, list=11%, signal=15%	
GOBP_REGULATION_OF_PEPTIDYL_SERINE_PHOSPHORYLATION	GOBP_REGULATION_OF_PEPTIDYL_SERINE_PHOSPHORYLATION		114	0.26592934	0.90754604	0.6635945	0.8569572	1.0	2201	tags=15%, list=11%, signal=17%	
GOBP_PIGMENTATION	GOBP_PIGMENTATION		111	0.26661867	0.9075111	0.67874795	0.8566794	1.0	2324	tags=16%, list=12%, signal=18%	
GOBP_2_OXOGLUTARATE_METABOLIC_PROCESS	GOBP_2_OXOGLUTARATE_METABOLIC_PROCESS		17	0.37811786	0.9072356	0.61284405	0.85706997	1.0	2357	tags=24%, list=12%, signal=27%	
GOBP_REGULATION_OF_PRESYNAPTIC_CYTOSOLIC_CALCIUM_ION_CONCENTRATION	GOBP_REGULATION_OF_PRESYNAPTIC_CYTOSOLIC_CALCIUM_ION_CONCENTRATION		15	0.39384338	0.9070974	0.5964215	0.85703903	1.0	2438	tags=33%, list=13%, signal=38%	
GOBP_POSITIVE_REGULATION_OF_POTASSIUM_ION_TRANSMEMBRANE_TRANSPORTER_ACTIVITY	GOBP_POSITIVE_REGULATION_OF_POTASSIUM_ION_TRANSMEMBRANE_TRANSPORTER_ACTIVITY		18	0.36825514	0.90586436	0.56578946	0.8599551	1.0	944	tags=17%, list=5%, signal=18%	
GOBP_POSITIVE_REGULATION_OF_NEUROBLAST_PROLIFERATION	GOBP_POSITIVE_REGULATION_OF_NEUROBLAST_PROLIFERATION		37	0.31917018	0.90582824	0.61206895	0.8596522	1.0	2085	tags=19%, list=11%, signal=21%	
GOBP_MEMBRANE_BIOGENESIS	GOBP_MEMBRANE_BIOGENESIS		62	0.28929812	0.9052068	0.63121784	0.86091286	1.0	1916	tags=16%, list=10%, signal=18%	
GOBP_CALCIUM_INDEPENDENT_CELL_CELL_ADHESION_VIA_PLASMA_MEMBRANE_CELL_ADHESION_MOLECULES	GOBP_CALCIUM_INDEPENDENT_CELL_CELL_ADHESION_VIA_PLASMA_MEMBRANE_CELL_ADHESION_MOLECULES		23	0.35209364	0.90507483	0.62929475	0.86088663	1.0	2207	tags=26%, list=11%, signal=29%	
GOBP_CARDIAC_LEFT_VENTRICLE_MORPHOGENESIS	GOBP_CARDIAC_LEFT_VENTRICLE_MORPHOGENESIS		16	0.39168307	0.90489894	0.6026871	0.86096334	1.0	3787	tags=38%, list=19%, signal=47%	
GOMF_SPHINGOLIPID_TRANSPORTER_ACTIVITY	GOMF_SPHINGOLIPID_TRANSPORTER_ACTIVITY		16	0.38100275	0.9046063	0.5811808	0.86140114	1.0	1665	tags=19%, list=9%, signal=20%	
GOCC_CYTOPLASMIC_DYNEIN_COMPLEX	GOCC_CYTOPLASMIC_DYNEIN_COMPLEX		17	0.37258565	0.9042998	0.5767717	0.8618211	1.0	5063	tags=53%, list=26%, signal=72%	
GOBP_MATERNAL_PLACENTA_DEVELOPMENT	GOBP_MATERNAL_PLACENTA_DEVELOPMENT		35	0.3269924	0.9039456	0.6010545	0.8623928	1.0	2785	tags=29%, list=14%, signal=33%	
GOBP_RESPONSE_TO_TESTOSTERONE	GOBP_RESPONSE_TO_TESTOSTERONE		44	0.30706197	0.9028083	0.61199296	0.8650142	1.0	3232	tags=25%, list=17%, signal=30%	
GOBP_ANATOMICAL_STRUCTURE_ARRANGEMENT	GOBP_ANATOMICAL_STRUCTURE_ARRANGEMENT		17	0.3792645	0.90232587	0.5898876	0.8659516	1.0	3309	tags=41%, list=17%, signal=50%	
GOBP_APOPTOTIC_PROCESS_INVOLVED_IN_DEVELOPMENT	GOBP_APOPTOTIC_PROCESS_INVOLVED_IN_DEVELOPMENT		39	0.3134926	0.9019367	0.6086956	0.8665841	1.0	1550	tags=13%, list=8%, signal=14%	
GOBP_POSITIVE_REGULATION_OF_CATION_CHANNEL_ACTIVITY	GOBP_POSITIVE_REGULATION_OF_CATION_CHANNEL_ACTIVITY		41	0.32047862	0.9012025	0.6193896	0.8681447	1.0	3651	tags=34%, list=19%, signal=42%	
GOBP_PROTEIN_K11_LINKED_UBIQUITINATION	GOBP_PROTEIN_K11_LINKED_UBIQUITINATION		33	0.32811671	0.9008664	0.6445242	0.86862826	1.0	5047	tags=36%, list=26%, signal=49%	
GOCC_TRANS_GOLGI_NETWORK_MEMBRANE	GOCC_TRANS_GOLGI_NETWORK_MEMBRANE		101	0.26950973	0.9005851	0.67558527	0.8690137	1.0	4169	tags=32%, list=21%, signal=40%	
GOMF_PROTEIN_SERINE_THREONINE_KINASE_ACTIVATOR_ACTIVITY	GOMF_PROTEIN_SERINE_THREONINE_KINASE_ACTIVATOR_ACTIVITY		65	0.28413844	0.90034974	0.6464471	0.86927164	1.0	3891	tags=31%, list=20%, signal=38%	
GOBP_ANATOMICAL_STRUCTURE_REGRESSION	GOBP_ANATOMICAL_STRUCTURE_REGRESSION		15	0.38841084	0.9003229	0.6037383	0.86895454	1.0	3367	tags=40%, list=17%, signal=48%	
GOBP_POSITIVE_REGULATION_OF_CHOLESTEROL_EFFLUX	GOBP_POSITIVE_REGULATION_OF_CHOLESTEROL_EFFLUX		26	0.34386343	0.9001344	0.625	0.86904776	1.0	1194	tags=15%, list=6%, signal=16%	
GOBP_OLIGOSACCHARIDE_BIOSYNTHETIC_PROCESS	GOBP_OLIGOSACCHARIDE_BIOSYNTHETIC_PROCESS		29	0.3353218	0.8994959	0.6313933	0.8703781	1.0	350	tags=7%, list=2%, signal=7%	
GOBP_NEGATIVE_REGULATION_OF_MITOTIC_CELL_CYCLE	GOBP_NEGATIVE_REGULATION_OF_MITOTIC_CELL_CYCLE		216	0.24476391	0.8990739	0.7214612	0.871121	1.0	3865	tags=22%, list=20%, signal=27%	
GOBP_RESPONSE_TO_PROSTAGLANDIN_E	GOBP_RESPONSE_TO_PROSTAGLANDIN_E		25	0.35154837	0.8989014	0.6210721	0.87119037	1.0	1829	tags=20%, list=9%, signal=22%	
GOBP_NEUROTROPHIN_TRK_RECEPTOR_SIGNALING_PATHWAY	GOBP_NEUROTROPHIN_TRK_RECEPTOR_SIGNALING_PATHWAY		26	0.33705902	0.8986052	0.5917603	0.871547	1.0	2195	tags=23%, list=11%, signal=26%	
GOMF_P53_BINDING	GOMF_P53_BINDING		64	0.29062954	0.8984327	0.625	0.87159765	1.0	3479	tags=27%, list=18%, signal=32%	
GOBP_COMPLEMENT_ACTIVATION_ALTERNATIVE_PATHWAY	GOBP_COMPLEMENT_ACTIVATION_ALTERNATIVE_PATHWAY		16	0.37486243	0.8983797	0.61420345	0.8713572	1.0	35	tags=6%, list=0%, signal=6%	
GOBP_DIGESTION	GOBP_DIGESTION		133	0.26010513	0.89833665	0.69585985	0.8710863	1.0	2298	tags=16%, list=12%, signal=18%	
GOBP_PLASMINOGEN_ACTIVATION	GOBP_PLASMINOGEN_ACTIVATION		26	0.34122384	0.8975937	0.6148532	0.87265134	1.0	1415	tags=15%, list=7%, signal=17%	
GOBP_RIBOSE_PHOSPHATE_BIOSYNTHETIC_PROCESS	GOBP_RIBOSE_PHOSPHATE_BIOSYNTHETIC_PROCESS		187	0.2515771	0.89754975	0.7132018	0.87239003	1.0	4014	tags=25%, list=21%, signal=31%	
GOBP_REGULATION_OF_CELLULAR_RESPONSE_TO_STRESS	GOBP_REGULATION_OF_CELLULAR_RESPONSE_TO_STRESS		475	0.22703737	0.89742196	0.8013072	0.8723226	1.0	3893	tags=23%, list=20%, signal=29%	
GOBP_NEGATIVE_REGULATION_OF_ORGANELLE_ORGANIZATION	GOBP_NEGATIVE_REGULATION_OF_ORGANELLE_ORGANIZATION		330	0.23513438	0.8973756	0.7743363	0.87206185	1.0	3452	tags=22%, list=18%, signal=26%	
GOCC_CULLIN_RING_UBIQUITIN_LIGASE_COMPLEX	GOCC_CULLIN_RING_UBIQUITIN_LIGASE_COMPLEX		172	0.25164887	0.89711505	0.69409937	0.87234634	1.0	4253	tags=27%, list=22%, signal=35%	
GOCC_POSTSYNAPTIC_SPECIALIZATION_MEMBRANE	GOCC_POSTSYNAPTIC_SPECIALIZATION_MEMBRANE		126	0.25901777	0.8970798	0.6878049	0.87204605	1.0	3280	tags=21%, list=17%, signal=25%	
GOBP_AUDITORY_RECEPTOR_CELL_MORPHOGENESIS	GOBP_AUDITORY_RECEPTOR_CELL_MORPHOGENESIS		19	0.3679908	0.8970691	0.60583943	0.87168765	1.0	3252	tags=21%, list=17%, signal=25%	
GOMF_CORE_PROMOTER_SEQUENCE_SPECIFIC_DNA_BINDING	GOMF_CORE_PROMOTER_SEQUENCE_SPECIFIC_DNA_BINDING		39	0.3069085	0.8970674	0.64107144	0.87130785	1.0	2283	tags=10%, list=12%, signal=12%	
GOMF_TBP_CLASS_PROTEIN_BINDING	GOMF_TBP_CLASS_PROTEIN_BINDING		25	0.34834588	0.8968608	0.5693694	0.871483	1.0	3353	tags=24%, list=17%, signal=29%	
GOBP_PROTEIN_TETRAMERIZATION	GOBP_PROTEIN_TETRAMERIZATION		93	0.27546954	0.89662665	0.66220737	0.87173265	1.0	1514	tags=14%, list=8%, signal=15%	
GOBP_METANEPHRIC_GLOMERULUS_DEVELOPMENT	GOBP_METANEPHRIC_GLOMERULUS_DEVELOPMENT		17	0.37482813	0.8965807	0.6025878	0.8714619	1.0	2363	tags=29%, list=12%, signal=33%	
GOBP_NEURAL_NUCLEUS_DEVELOPMENT	GOBP_NEURAL_NUCLEUS_DEVELOPMENT		61	0.2874836	0.89595085	0.6447368	0.8727453	1.0	3702	tags=21%, list=19%, signal=26%	
GOBP_POSITIVE_REGULATION_OF_ATP_DEPENDENT_ACTIVITY	GOBP_POSITIVE_REGULATION_OF_ATP_DEPENDENT_ACTIVITY		38	0.31669933	0.89498323	0.62285715	0.87488264	1.0	1700	tags=18%, list=9%, signal=20%	
GOBP_ERYTHROCYTE_MATURATION	GOBP_ERYTHROCYTE_MATURATION		20	0.36284375	0.8948225	0.60998154	0.8749476	1.0	251	tags=10%, list=1%, signal=10%	
GOMF_PHOSPHATIDYLINOSITOL_5_PHOSPHATE_BINDING	GOMF_PHOSPHATIDYLINOSITOL_5_PHOSPHATE_BINDING		16	0.3742407	0.89450663	0.61878455	0.87540334	1.0	1263	tags=25%, list=7%, signal=27%	
GOBP_REGULATION_OF_SYNAPTIC_VESICLE_ENDOCYTOSIS	GOBP_REGULATION_OF_SYNAPTIC_VESICLE_ENDOCYTOSIS		18	0.3671307	0.89441097	0.6256983	0.87524676	1.0	3555	tags=28%, list=18%, signal=34%	
GOBP_TRICARBOXYLIC_ACID_CYCLE	GOBP_TRICARBOXYLIC_ACID_CYCLE		30	0.33682966	0.8938306	0.6138433	0.87640566	1.0	3815	tags=30%, list=20%, signal=37%	
GOBP_MITOCHONDRION_LOCALIZATION	GOBP_MITOCHONDRION_LOCALIZATION		51	0.29550946	0.89370143	0.62836623	0.87633955	1.0	1482	tags=12%, list=8%, signal=13%	
GOMF_MONOATOMIC_ANION_SODIUM_SYMPORTER_ACTIVITY	GOMF_MONOATOMIC_ANION_SODIUM_SYMPORTER_ACTIVITY		18	0.37156498	0.89359266	0.6086956	0.87623376	1.0	3251	tags=33%, list=17%, signal=40%	
GOBP_REGULATION_OF_PROTEIN_CONTAINING_COMPLEX_ASSEMBLY	GOBP_REGULATION_OF_PROTEIN_CONTAINING_COMPLEX_ASSEMBLY		390	0.2307044	0.89351666	0.80997306	0.87605464	1.0	4101	tags=27%, list=21%, signal=33%	
GOMF_NUCLEAR_RETINOIC_ACID_RECEPTOR_BINDING	GOMF_NUCLEAR_RETINOIC_ACID_RECEPTOR_BINDING		25	0.34653196	0.89336854	0.61886793	0.87604153	1.0	2425	tags=24%, list=12%, signal=27%	
GOBP_REGULATION_OF_SYNAPTIC_TRANSMISSION_GLUTAMATERGIC	GOBP_REGULATION_OF_SYNAPTIC_TRANSMISSION_GLUTAMATERGIC		73	0.28244665	0.893262	0.6529915	0.8759352	1.0	1963	tags=12%, list=10%, signal=14%	
GOBP_POSITIVE_REGULATION_OF_DOUBLE_STRAND_BREAK_REPAIR_VIA_HOMOLOGOUS_RECOMBINATION	GOBP_POSITIVE_REGULATION_OF_DOUBLE_STRAND_BREAK_REPAIR_VIA_HOMOLOGOUS_RECOMBINATION		41	0.3115821	0.8930784	0.625222	0.87602913	1.0	3844	tags=34%, list=20%, signal=42%	
GOBP_CARBOHYDRATE_HOMEOSTASIS	GOBP_CARBOHYDRATE_HOMEOSTASIS		230	0.2423166	0.89290524	0.75106084	0.8761118	1.0	2744	tags=18%, list=14%, signal=21%	
GOBP_NEGATIVE_REGULATION_OF_AUTOPHAGY	GOBP_NEGATIVE_REGULATION_OF_AUTOPHAGY		88	0.27244192	0.89262056	0.70547944	0.87646955	1.0	4379	tags=28%, list=23%, signal=37%	
GOBP_SEROTONIN_TRANSPORT	GOBP_SEROTONIN_TRANSPORT		22	0.35032022	0.8922546	0.6296296	0.877068	1.0	2089	tags=23%, list=11%, signal=25%	
GOBP_HEMATOPOIETIC_STEM_CELL_DIFFERENTIATION	GOBP_HEMATOPOIETIC_STEM_CELL_DIFFERENTIATION		36	0.31536633	0.8921625	0.62298024	0.8769239	1.0	3435	tags=31%, list=18%, signal=37%	
GOBP_POSITIVE_REGULATION_OF_CYTOPLASMIC_TRANSLATION	GOBP_POSITIVE_REGULATION_OF_CYTOPLASMIC_TRANSLATION		16	0.382609	0.89199096	0.6195219	0.8769788	1.0	4564	tags=31%, list=23%, signal=41%	
GOBP_PANCREAS_DEVELOPMENT	GOBP_PANCREAS_DEVELOPMENT		72	0.28082395	0.8913403	0.67116356	0.8783063	1.0	1222	tags=10%, list=6%, signal=10%	
GOMF_KINASE_INHIBITOR_ACTIVITY	GOMF_KINASE_INHIBITOR_ACTIVITY		73	0.28183696	0.8911423	0.6523179	0.8784273	1.0	2836	tags=22%, list=15%, signal=26%	
GOMF_CARBOHYDRATE_DERIVATIVE_TRANSMEMBRANE_TRANSPORTER_ACTIVITY	GOMF_CARBOHYDRATE_DERIVATIVE_TRANSMEMBRANE_TRANSPORTER_ACTIVITY		55	0.28930616	0.8904556	0.6749585	0.87983495	1.0	3272	tags=25%, list=17%, signal=31%	
GOBP_POSITIVE_REGULATION_OF_SMALL_MOLECULE_METABOLIC_PROCESS	GOBP_POSITIVE_REGULATION_OF_SMALL_MOLECULE_METABOLIC_PROCESS		133	0.25781325	0.89034003	0.71590906	0.8797691	1.0	1160	tags=10%, list=6%, signal=10%	
GOBP_NEGATIVE_REGULATION_OF_LEUKOCYTE_APOPTOTIC_PROCESS	GOBP_NEGATIVE_REGULATION_OF_LEUKOCYTE_APOPTOTIC_PROCESS		53	0.29414982	0.89020795	0.6565144	0.87972516	1.0	1493	tags=15%, list=8%, signal=16%	
GOBP_TRANSCRIPTION_BY_RNA_POLYMERASE_I	GOBP_TRANSCRIPTION_BY_RNA_POLYMERASE_I		60	0.28927356	0.890025	0.6827586	0.87981695	1.0	4691	tags=32%, list=24%, signal=42%	
GOMF_UBIQUITIN_LIKE_LIGASE_SUBSTRATE_ADAPTOR_ACTIVITY	GOMF_UBIQUITIN_LIKE_LIGASE_SUBSTRATE_ADAPTOR_ACTIVITY		58	0.28871608	0.889785	0.6655348	0.8800248	1.0	4253	tags=33%, list=22%, signal=42%	
GOBP_PROTON_TRANSMEMBRANE_TRANSPORT	GOBP_PROTON_TRANSMEMBRANE_TRANSPORT		126	0.25623754	0.8896707	0.725	0.87993664	1.0	1749	tags=10%, list=9%, signal=11%	
GOBP_PHOSPHATIDYLETHANOLAMINE_METABOLIC_PROCESS	GOBP_PHOSPHATIDYLETHANOLAMINE_METABOLIC_PROCESS		22	0.34824395	0.8896507	0.6194853	0.87960935	1.0	1667	tags=18%, list=9%, signal=20%	
GOMF_PHOSPHOLIPASE_ACTIVITY	GOMF_PHOSPHOLIPASE_ACTIVITY		98	0.26714212	0.88949615	0.68537414	0.87960863	1.0	1475	tags=10%, list=8%, signal=11%	
GOMF_RETINAL_BINDING	GOMF_RETINAL_BINDING		19	0.3593214	0.8891554	0.61922365	0.88015765	1.0	523	tags=11%, list=3%, signal=11%	
GOBP_POSITIVE_REGULATION_OF_FILOPODIUM_ASSEMBLY	GOBP_POSITIVE_REGULATION_OF_FILOPODIUM_ASSEMBLY		30	0.32882273	0.88905734	0.63432837	0.880012	1.0	2811	tags=27%, list=14%, signal=31%	
GOBP_BLASTOCYST_GROWTH	GOBP_BLASTOCYST_GROWTH		22	0.35473067	0.88890946	0.6402321	0.8800205	1.0	23	tags=5%, list=0%, signal=5%	
GOBP_STRIATED_MUSCLE_CELL_APOPTOTIC_PROCESS	GOBP_STRIATED_MUSCLE_CELL_APOPTOTIC_PROCESS		43	0.30214328	0.888549	0.6469565	0.8805416	1.0	4774	tags=40%, list=25%, signal=52%	
GOCC_LYSOSOMAL_LUMEN	GOCC_LYSOSOMAL_LUMEN		95	0.2660446	0.88850427	0.69082123	0.8802759	1.0	2706	tags=21%, list=14%, signal=24%	
GOBP_CDC42_PROTEIN_SIGNAL_TRANSDUCTION	GOBP_CDC42_PROTEIN_SIGNAL_TRANSDUCTION		16	0.37486407	0.88790697	0.6315789	0.8814145	1.0	2045	tags=31%, list=11%, signal=35%	
GOCC_RNA_CAP_BINDING_COMPLEX	GOCC_RNA_CAP_BINDING_COMPLEX		15	0.37712064	0.8872739	0.59252334	0.8826634	1.0	6849	tags=47%, list=35%, signal=72%	
GOBP_SCF_DEPENDENT_PROTEASOMAL_UBIQUITIN_DEPENDENT_PROTEIN_CATABOLIC_PROCESS	GOBP_SCF_DEPENDENT_PROTEASOMAL_UBIQUITIN_DEPENDENT_PROTEIN_CATABOLIC_PROCESS		41	0.311	0.8872125	0.64299065	0.882427	1.0	3998	tags=24%, list=21%, signal=31%	
GOBP_HORMONE_BIOSYNTHETIC_PROCESS	GOBP_HORMONE_BIOSYNTHETIC_PROCESS		66	0.2853416	0.8871549	0.6938436	0.8821754	1.0	1482	tags=12%, list=8%, signal=13%	
GOMF_PROTEIN_SERINE_KINASE_ACTIVITY	GOMF_PROTEIN_SERINE_KINASE_ACTIVITY		346	0.23056272	0.8870776	0.8103933	0.8819988	1.0	3241	tags=21%, list=17%, signal=25%	
GOBP_ANTEROGRADE_AXONAL_TRANSPORT	GOBP_ANTEROGRADE_AXONAL_TRANSPORT		51	0.29687	0.88703907	0.6638514	0.88171756	1.0	2318	tags=16%, list=12%, signal=18%	
GOBP_LIPID_HOMEOSTASIS	GOBP_LIPID_HOMEOSTASIS		154	0.25250036	0.8867343	0.72644377	0.8820997	1.0	2552	tags=15%, list=13%, signal=17%	
GOBP_PEPTIDYL_THREONINE_MODIFICATION	GOBP_PEPTIDYL_THREONINE_MODIFICATION		101	0.26714996	0.88659614	0.70826834	0.88208014	1.0	3415	tags=25%, list=18%, signal=30%	
GOMF_NUCLEOSOMAL_DNA_BINDING	GOMF_NUCLEOSOMAL_DNA_BINDING		23	0.33978787	0.8861841	0.62197393	0.8827493	1.0	4431	tags=30%, list=23%, signal=39%	
GOBP_NUCLEAR_PORE_ORGANIZATION	GOBP_NUCLEAR_PORE_ORGANIZATION		15	0.3767596	0.88598096	0.61636364	0.8828783	1.0	3151	tags=40%, list=16%, signal=48%	
GOBP_RAS_PROTEIN_SIGNAL_TRANSDUCTION	GOBP_RAS_PROTEIN_SIGNAL_TRANSDUCTION		116	0.26010475	0.8855634	0.6971609	0.88357913	1.0	2320	tags=16%, list=12%, signal=18%	
GOCC_MHC_CLASS_II_PROTEIN_COMPLEX	GOCC_MHC_CLASS_II_PROTEIN_COMPLEX		15	0.38325283	0.8850795	0.6164122	0.88445944	1.0	2739	tags=40%, list=14%, signal=47%	
GOMF_SYNTAXIN_1_BINDING	GOMF_SYNTAXIN_1_BINDING		19	0.353461	0.8849955	0.61759084	0.8842906	1.0	2915	tags=32%, list=15%, signal=37%	
GOBP_MRNA_METHYLGUANOSINE_CAP_DECAPPING	GOBP_MRNA_METHYLGUANOSINE_CAP_DECAPPING		15	0.37663063	0.88490635	0.6201117	0.8841396	1.0	1437	tags=13%, list=7%, signal=14%	
GOBP_CORTICOSTEROID_HORMONE_SECRETION	GOBP_CORTICOSTEROID_HORMONE_SECRETION		18	0.36547935	0.8847406	0.6138996	0.88416785	1.0	1452	tags=28%, list=7%, signal=30%	
GOBP_POSITIVE_REGULATION_OF_CALCINEURIN_MEDIATED_SIGNALING	GOBP_POSITIVE_REGULATION_OF_CALCINEURIN_MEDIATED_SIGNALING		18	0.3561409	0.8845647	0.6349515	0.88422716	1.0	1982	tags=17%, list=10%, signal=19%	
GOBP_POSITIVE_REGULATION_OF_SYNAPTIC_TRANSMISSION_GLUTAMATERGIC	GOBP_POSITIVE_REGULATION_OF_SYNAPTIC_TRANSMISSION_GLUTAMATERGIC		34	0.3171773	0.88448286	0.61082023	0.8840404	1.0	1868	tags=15%, list=10%, signal=16%	
GOBP_KETONE_BIOSYNTHETIC_PROCESS	GOBP_KETONE_BIOSYNTHETIC_PROCESS		46	0.29761392	0.88446915	0.66317624	0.8836911	1.0	908	tags=9%, list=5%, signal=9%	
GOBP_NEGATIVE_REGULATION_OF_BLOOD_CIRCULATION	GOBP_NEGATIVE_REGULATION_OF_BLOOD_CIRCULATION		22	0.35689914	0.88441676	0.61787075	0.88344604	1.0	583	tags=9%, list=3%, signal=9%	
GOBP_DENTATE_GYRUS_DEVELOPMENT	GOBP_DENTATE_GYRUS_DEVELOPMENT		24	0.33676508	0.8843124	0.63003665	0.8833372	1.0	3447	tags=29%, list=18%, signal=35%	
GOBP_GLUTATHIONE_METABOLIC_PROCESS	GOBP_GLUTATHIONE_METABOLIC_PROCESS		54	0.29200524	0.8840129	0.67558527	0.8837146	1.0	1029	tags=9%, list=5%, signal=10%	
GOBP_PROTEIN_LOCALIZATION_TO_MICROTUBULE	GOBP_PROTEIN_LOCALIZATION_TO_MICROTUBULE		19	0.3504145	0.88399446	0.63829786	0.8833843	1.0	5239	tags=42%, list=27%, signal=58%	
GOCC_SPERM_PRINCIPAL_PIECE	GOCC_SPERM_PRINCIPAL_PIECE		30	0.3240952	0.88339436	0.62476546	0.8845046	1.0	1210	tags=13%, list=6%, signal=14%	
GOBP_REGULATION_OF_TELOMERASE_ACTIVITY	GOBP_REGULATION_OF_TELOMERASE_ACTIVITY		44	0.30167684	0.88245296	0.64716005	0.8864951	1.0	4353	tags=39%, list=22%, signal=50%	
GOBP_REGULATION_OF_STEROL_TRANSPORT	GOBP_REGULATION_OF_STEROL_TRANSPORT		57	0.28708145	0.882109	0.68313456	0.88696826	1.0	2797	tags=21%, list=14%, signal=25%	
GOBP_NEGATIVE_CHEMOTAXIS	GOBP_NEGATIVE_CHEMOTAXIS		47	0.30053863	0.8819115	0.6786941	0.88707167	1.0	1686	tags=17%, list=9%, signal=19%	
GOBP_FAT_SOLUBLE_VITAMIN_METABOLIC_PROCESS	GOBP_FAT_SOLUBLE_VITAMIN_METABOLIC_PROCESS		47	0.29738033	0.8816693	0.67417675	0.88731277	1.0	2298	tags=19%, list=12%, signal=22%	
GOBP_VISUAL_BEHAVIOR	GOBP_VISUAL_BEHAVIOR		55	0.29028073	0.88146806	0.6637931	0.8874586	1.0	3765	tags=25%, list=19%, signal=31%	
GOBP_REGULATION_OF_OXIDOREDUCTASE_ACTIVITY	GOBP_REGULATION_OF_OXIDOREDUCTASE_ACTIVITY		58	0.2878439	0.881254	0.6807339	0.88763213	1.0	1482	tags=14%, list=8%, signal=15%	
GOBP_REGULATION_OF_LYMPHOCYTE_MIGRATION	GOBP_REGULATION_OF_LYMPHOCYTE_MIGRATION		63	0.28162822	0.8809611	0.69911504	0.8880406	1.0	1756	tags=14%, list=9%, signal=16%	
GOBP_RAB_PROTEIN_SIGNAL_TRANSDUCTION	GOBP_RAB_PROTEIN_SIGNAL_TRANSDUCTION		21	0.34677106	0.88094336	0.6355311	0.887704	1.0	1239	tags=14%, list=6%, signal=15%	
GOBP_MATERNAL_PROCESS_INVOLVED_IN_FEMALE_PREGNANCY	GOBP_MATERNAL_PROCESS_INVOLVED_IN_FEMALE_PREGNANCY		58	0.29157847	0.880904	0.687395	0.88742495	1.0	2404	tags=22%, list=12%, signal=26%	
GOBP_POSITIVE_REGULATION_OF_CYCLIN_DEPENDENT_PROTEIN_KINASE_ACTIVITY	GOBP_POSITIVE_REGULATION_OF_CYCLIN_DEPENDENT_PROTEIN_KINASE_ACTIVITY		15	0.38627848	0.8807643	0.6400778	0.8874059	1.0	747	tags=13%, list=4%, signal=14%	
GOBP_MACROMOLECULE_DEACYLATION	GOBP_MACROMOLECULE_DEACYLATION		58	0.2905418	0.8804316	0.66034484	0.8879056	1.0	3431	tags=21%, list=18%, signal=25%	
GOCC_GOLGI_ASSOCIATED_VESICLE_MEMBRANE	GOCC_GOLGI_ASSOCIATED_VESICLE_MEMBRANE		54	0.29018542	0.8803693	0.67901236	0.88768536	1.0	4321	tags=31%, list=22%, signal=40%	
GOBP_REGULATION_OF_PROTEIN_TYROSINE_KINASE_ACTIVITY	GOBP_REGULATION_OF_PROTEIN_TYROSINE_KINASE_ACTIVITY		43	0.30822957	0.8795961	0.66211605	0.8892369	1.0	2768	tags=28%, list=14%, signal=32%	
GOBP_NUCLEOSIDE_BISPHOSPHATE_METABOLIC_PROCESS	GOBP_NUCLEOSIDE_BISPHOSPHATE_METABOLIC_PROCESS		118	0.25882292	0.8795355	0.7446458	0.8890009	1.0	3265	tags=23%, list=17%, signal=27%	
GOBP_ORGANIC_ACID_CATABOLIC_PROCESS	GOBP_ORGANIC_ACID_CATABOLIC_PROCESS		242	0.23816195	0.87912136	0.78835225	0.8896545	1.0	2145	tags=14%, list=11%, signal=15%	
GOMF_KINASE_REGULATOR_ACTIVITY	GOMF_KINASE_REGULATOR_ACTIVITY		257	0.23698922	0.8788827	0.7794118	0.88990307	1.0	3989	tags=27%, list=21%, signal=34%	
GOBP_REGULATION_OF_ARP2_3_COMPLEX_MEDIATED_ACTIN_NUCLEATION	GOBP_REGULATION_OF_ARP2_3_COMPLEX_MEDIATED_ACTIN_NUCLEATION		22	0.34449267	0.87869644	0.6315789	0.89000064	1.0	4376	tags=36%, list=23%, signal=47%	
GOMF_PRE_MRNA_BINDING	GOMF_PRE_MRNA_BINDING		41	0.30621743	0.87822026	0.6530249	0.8908174	1.0	1218	tags=7%, list=6%, signal=8%	
GOBP_REGULATION_OF_CELL_CYCLE_CHECKPOINT	GOBP_REGULATION_OF_CELL_CYCLE_CHECKPOINT		43	0.30302045	0.8781318	0.638448	0.8906613	1.0	3708	tags=26%, list=19%, signal=32%	
GOBP_PEPTIDE_TRANSPORT	GOBP_PEPTIDE_TRANSPORT		247	0.23607585	0.87788457	0.8143712	0.8908953	1.0	2614	tags=17%, list=13%, signal=19%	
GOMF_UNFOLDED_PROTEIN_BINDING	GOMF_UNFOLDED_PROTEIN_BINDING		110	0.25772223	0.87754923	0.72894335	0.8913551	1.0	3263	tags=18%, list=17%, signal=22%	
GOBP_CALCIUM_ION_REGULATED_EXOCYTOSIS_OF_NEUROTRANSMITTER	GOBP_CALCIUM_ION_REGULATED_EXOCYTOSIS_OF_NEUROTRANSMITTER		21	0.3479621	0.8774675	0.65536726	0.89119333	1.0	1963	tags=14%, list=10%, signal=16%	
GOBP_MEMBRANE_PROTEIN_PROTEOLYSIS	GOBP_MEMBRANE_PROTEIN_PROTEOLYSIS		62	0.28335464	0.87743497	0.69084626	0.89089406	1.0	1266	tags=13%, list=7%, signal=14%	
GOBP_POSITIVE_REGULATION_OF_CELL_CYCLE_CHECKPOINT	GOBP_POSITIVE_REGULATION_OF_CELL_CYCLE_CHECKPOINT		18	0.36153126	0.8769164	0.6567164	0.8917895	1.0	757	tags=11%, list=4%, signal=12%	
GOMF_NUCLEOBASE_CONTAINING_COMPOUND_TRANSMEMBRANE_TRANSPORTER_ACTIVITY	GOMF_NUCLEOBASE_CONTAINING_COMPOUND_TRANSMEMBRANE_TRANSPORTER_ACTIVITY		54	0.29542956	0.87683237	0.6768402	0.8916342	1.0	3505	tags=28%, list=18%, signal=34%	
GOBP_POSITIVE_REGULATION_OF_PROTEIN_TYROSINE_KINASE_ACTIVITY	GOBP_POSITIVE_REGULATION_OF_PROTEIN_TYROSINE_KINASE_ACTIVITY		21	0.344148	0.875996	0.64770645	0.893288	1.0	1241	tags=24%, list=6%, signal=25%	
GOBP_MICROTUBULE_NUCLEATION	GOBP_MICROTUBULE_NUCLEATION		42	0.3119311	0.875842	0.6804836	0.89328367	1.0	3629	tags=36%, list=19%, signal=44%	
GOBP_CORTICAL_CYTOSKELETON_ORGANIZATION	GOBP_CORTICAL_CYTOSKELETON_ORGANIZATION		50	0.2950838	0.8756474	0.6830509	0.89339423	1.0	4112	tags=34%, list=21%, signal=43%	
GOCC_SWI_SNF_COMPLEX	GOCC_SWI_SNF_COMPLEX		27	0.3383045	0.8752931	0.64684016	0.893911	1.0	3786	tags=30%, list=19%, signal=37%	
GOCC_SEX_CHROMOSOME	GOCC_SEX_CHROMOSOME		28	0.32632673	0.875211	0.6438356	0.89373344	1.0	3730	tags=25%, list=19%, signal=31%	
GOBP_NEGATIVE_REGULATION_OF_RESPONSE_TO_CYTOKINE_STIMULUS	GOBP_NEGATIVE_REGULATION_OF_RESPONSE_TO_CYTOKINE_STIMULUS		80	0.2737771	0.87452126	0.69917357	0.8950813	1.0	2020	tags=18%, list=10%, signal=19%	
GOCC_PERICENTRIOLAR_MATERIAL	GOCC_PERICENTRIOLAR_MATERIAL		21	0.34750092	0.8741642	0.6497373	0.89557153	1.0	4885	tags=48%, list=25%, signal=64%	
GOBP_INTESTINAL_EPITHELIAL_CELL_DIFFERENTIATION	GOBP_INTESTINAL_EPITHELIAL_CELL_DIFFERENTIATION		27	0.32946837	0.87410766	0.66126126	0.8953351	1.0	2441	tags=26%, list=13%, signal=30%	
GOBP_NEGATIVE_REGULATION_OF_BIOMINERAL_TISSUE_DEVELOPMENT	GOBP_NEGATIVE_REGULATION_OF_BIOMINERAL_TISSUE_DEVELOPMENT		26	0.329155	0.8737632	0.63738316	0.89582217	1.0	2312	tags=23%, list=12%, signal=26%	
GOMF_DNA_BINDING_BENDING	GOMF_DNA_BINDING_BENDING		18	0.3594974	0.87325984	0.622824	0.8966849	1.0	4595	tags=33%, list=24%, signal=44%	
GOBP_POSITIVE_REGULATION_OF_OLIGODENDROCYTE_DIFFERENTIATION	GOBP_POSITIVE_REGULATION_OF_OLIGODENDROCYTE_DIFFERENTIATION		26	0.32584566	0.87218153	0.6362007	0.8989129	1.0	2592	tags=19%, list=13%, signal=22%	
GOBP_REGULATION_OF_HEPATOCYTE_PROLIFERATION	GOBP_REGULATION_OF_HEPATOCYTE_PROLIFERATION		16	0.37285876	0.87189376	0.65340906	0.8992495	1.0	3230	tags=38%, list=17%, signal=45%	
GOBP_EXIT_FROM_MITOSIS	GOBP_EXIT_FROM_MITOSIS		31	0.31945774	0.8716122	0.65178573	0.89953285	1.0	1053	tags=10%, list=5%, signal=10%	
GOBP_LONG_CHAIN_FATTY_ACYL_COA_METABOLIC_PROCESS	GOBP_LONG_CHAIN_FATTY_ACYL_COA_METABOLIC_PROCESS		25	0.33484182	0.871071	0.63619405	0.9005124	1.0	2198	tags=24%, list=11%, signal=27%	
GOBP_REGULATION_OF_FLAGELLATED_SPERM_MOTILITY	GOBP_REGULATION_OF_FLAGELLATED_SPERM_MOTILITY		19	0.35638064	0.8710215	0.6479401	0.9002447	1.0	1129	tags=11%, list=6%, signal=11%	
GOBP_MITOCHONDRIAL_DEPOLARIZATION	GOBP_MITOCHONDRIAL_DEPOLARIZATION		24	0.3411488	0.87077	0.6400742	0.90048325	1.0	993	tags=13%, list=5%, signal=13%	
GOCC_GERM_CELL_NUCLEUS	GOCC_GERM_CELL_NUCLEUS		60	0.2833829	0.8707463	0.7009009	0.90015626	1.0	4098	tags=28%, list=21%, signal=36%	
GOBP_REGULATION_OF_BONE_RESORPTION	GOBP_REGULATION_OF_BONE_RESORPTION		43	0.3022299	0.8707457	0.67425567	0.8997766	1.0	1770	tags=16%, list=9%, signal=18%	
GOBP_SPERM_CAPACITATION	GOBP_SPERM_CAPACITATION		28	0.3262947	0.8706262	0.6630824	0.89967895	1.0	1406	tags=14%, list=7%, signal=15%	
GOBP_NEGATIVE_REGULATION_OF_TISSUE_REMODELING	GOBP_NEGATIVE_REGULATION_OF_TISSUE_REMODELING		21	0.3471546	0.8702215	0.6313869	0.9003046	1.0	3234	tags=38%, list=17%, signal=46%	
GOBP_POSITIVE_REGULATION_OF_POST_TRANSLATIONAL_PROTEIN_MODIFICATION	GOBP_POSITIVE_REGULATION_OF_POST_TRANSLATIONAL_PROTEIN_MODIFICATION		122	0.25352275	0.86988264	0.74464834	0.900759	1.0	3953	tags=25%, list=20%, signal=31%	
GOBP_MITOCHONDRIAL_TRANSPORT	GOBP_MITOCHONDRIAL_TRANSPORT		168	0.24369262	0.8694777	0.8015504	0.90134096	1.0	2658	tags=14%, list=14%, signal=16%	
GOBP_DOPAMINERGIC_NEURON_DIFFERENTIATION	GOBP_DOPAMINERGIC_NEURON_DIFFERENTIATION		40	0.3012313	0.8689599	0.69011724	0.90219474	1.0	2546	tags=18%, list=13%, signal=20%	
GOBP_URONIC_ACID_METABOLIC_PROCESS	GOBP_URONIC_ACID_METABOLIC_PROCESS		25	0.33269745	0.868955	0.6416819	0.90182585	1.0	4542	tags=24%, list=23%, signal=31%	
GOBP_REGULATION_OF_PROTEIN_LOCALIZATION_TO_NUCLEUS	GOBP_REGULATION_OF_PROTEIN_LOCALIZATION_TO_NUCLEUS		138	0.25415286	0.86881596	0.7459807	0.90177506	1.0	3852	tags=26%, list=20%, signal=32%	
GOBP_POSITIVE_REGULATION_OF_PROTEIN_CATABOLIC_PROCESS	GOBP_POSITIVE_REGULATION_OF_PROTEIN_CATABOLIC_PROCESS		191	0.23841459	0.8681985	0.8053892	0.90288454	1.0	2658	tags=17%, list=14%, signal=20%	
GOMF_POLYSACCHARIDE_BINDING	GOMF_POLYSACCHARIDE_BINDING		23	0.3390581	0.8681148	0.65497077	0.9027234	1.0	888	tags=9%, list=5%, signal=9%	
GOBP_GENERATION_OF_PRECURSOR_METABOLITES_AND_ENERGY	GOBP_GENERATION_OF_PRECURSOR_METABOLITES_AND_ENERGY		407	0.22390299	0.86787695	0.8785425	0.9029151	1.0	2667	tags=15%, list=14%, signal=17%	
GOBP_LIPOPROTEIN_CATABOLIC_PROCESS	GOBP_LIPOPROTEIN_CATABOLIC_PROCESS		15	0.3728794	0.8678368	0.6425781	0.90264106	1.0	2298	tags=20%, list=12%, signal=23%	
GOMF_CARBON_OXYGEN_LYASE_ACTIVITY	GOMF_CARBON_OXYGEN_LYASE_ACTIVITY		74	0.2754701	0.8676321	0.70064723	0.9027682	1.0	3184	tags=23%, list=16%, signal=27%	
GOBP_REGULATION_OF_CORTICOSTEROID_HORMONE_SECRETION	GOBP_REGULATION_OF_CORTICOSTEROID_HORMONE_SECRETION		16	0.3708766	0.8671662	0.63300973	0.9035285	1.0	1452	tags=31%, list=7%, signal=34%	
GOBP_THYROID_HORMONE_GENERATION	GOBP_THYROID_HORMONE_GENERATION		23	0.34137598	0.8670302	0.6461233	0.9034664	1.0	3242	tags=22%, list=17%, signal=26%	
GOMF_SPHINGOLIPID_BINDING	GOMF_SPHINGOLIPID_BINDING		26	0.33275267	0.86693805	0.64705884	0.903313	1.0	1194	tags=19%, list=6%, signal=20%	
GOBP_HOMOLOGOUS_CHROMOSOME_SEGREGATION	GOBP_HOMOLOGOUS_CHROMOSOME_SEGREGATION		56	0.28601313	0.86675715	0.70546734	0.90335244	1.0	3211	tags=20%, list=17%, signal=23%	
GOMF_DICARBOXYLIC_ACID_TRANSMEMBRANE_TRANSPORTER_ACTIVITY	GOMF_DICARBOXYLIC_ACID_TRANSMEMBRANE_TRANSPORTER_ACTIVITY		29	0.31946945	0.8661535	0.6603774	0.90439266	1.0	924	tags=7%, list=5%, signal=7%	
GOBP_NEGATIVE_REGULATION_OF_NATURAL_KILLER_CELL_MEDIATED_IMMUNITY	GOBP_NEGATIVE_REGULATION_OF_NATURAL_KILLER_CELL_MEDIATED_IMMUNITY		21	0.34142494	0.8656463	0.66601944	0.90522563	1.0	1587	tags=14%, list=8%, signal=16%	
GOCC_PHOTORECEPTOR_OUTER_SEGMENT	GOCC_PHOTORECEPTOR_OUTER_SEGMENT		86	0.26621073	0.86547345	0.7603448	0.9052638	1.0	2639	tags=20%, list=14%, signal=23%	
GOCC_SYNAPTIC_CLEFT	GOCC_SYNAPTIC_CLEFT		22	0.346691	0.86536455	0.68149465	0.9051591	1.0	22	tags=5%, list=0%, signal=5%	
GOBP_POSTSYNAPTIC_CYTOSKELETON_ORGANIZATION	GOBP_POSTSYNAPTIC_CYTOSKELETON_ORGANIZATION		16	0.3594484	0.86421937	0.64727956	0.90754884	1.0	2080	tags=19%, list=11%, signal=21%	
GOMF_DIACYLGLYCEROL_DEPENDENT_SERINE_THREONINE_KINASE_ACTIVITY	GOMF_DIACYLGLYCEROL_DEPENDENT_SERINE_THREONINE_KINASE_ACTIVITY		16	0.36941206	0.86378986	0.63148147	0.9082079	1.0	4490	tags=56%, list=23%, signal=73%	
GOBP_MITOCHONDRIAL_RNA_METABOLIC_PROCESS	GOBP_MITOCHONDRIAL_RNA_METABOLIC_PROCESS		50	0.28990224	0.8636484	0.7059829	0.9081681	1.0	4596	tags=32%, list=24%, signal=42%	
GOBP_DETECTION_OF_MECHANICAL_STIMULUS_INVOLVED_IN_SENSORY_PERCEPTION	GOBP_DETECTION_OF_MECHANICAL_STIMULUS_INVOLVED_IN_SENSORY_PERCEPTION		34	0.30787233	0.86329013	0.67724866	0.9086103	1.0	191	tags=6%, list=1%, signal=6%	
GOBP_REGULATION_OF_PLASMA_MEMBRANE_ORGANIZATION	GOBP_REGULATION_OF_PLASMA_MEMBRANE_ORGANIZATION		17	0.35954383	0.86315566	0.6347197	0.9085613	1.0	3521	tags=29%, list=18%, signal=36%	
GOBP_MITOCHONDRIAL_CALCIUM_ION_HOMEOSTASIS	GOBP_MITOCHONDRIAL_CALCIUM_ION_HOMEOSTASIS		22	0.3428525	0.86283064	0.653144	0.9089521	1.0	1932	tags=18%, list=10%, signal=20%	
GOBP_POSITIVE_REGULATION_OF_CALCIUM_MEDIATED_SIGNALING	GOBP_POSITIVE_REGULATION_OF_CALCIUM_MEDIATED_SIGNALING		53	0.2893936	0.86234456	0.7132867	0.90970916	1.0	2394	tags=15%, list=12%, signal=17%	
GOCC_KERATIN_FILAMENT	GOCC_KERATIN_FILAMENT		76	0.2669559	0.8621233	0.75218153	0.90986043	1.0	1352	tags=7%, list=7%, signal=7%	
GOMF_TAU_PROTEIN_BINDING	GOMF_TAU_PROTEIN_BINDING		42	0.29516727	0.8616685	0.67901236	0.91055155	1.0	1561	tags=10%, list=8%, signal=10%	
GOBP_MITOTIC_G1_S_TRANSITION_CHECKPOINT_SIGNALING	GOBP_MITOTIC_G1_S_TRANSITION_CHECKPOINT_SIGNALING		30	0.31993848	0.86110866	0.70315397	0.91152316	1.0	1257	tags=10%, list=6%, signal=11%	
GOBP_MIDBRAIN_DOPAMINERGIC_NEURON_DIFFERENTIATION	GOBP_MIDBRAIN_DOPAMINERGIC_NEURON_DIFFERENTIATION		16	0.36322188	0.86003727	0.6627907	0.9136908	1.0	2546	tags=25%, list=13%, signal=29%	
GOBP_NUCLEOSIDE_TRIPHOSPHATE_METABOLIC_PROCESS	GOBP_NUCLEOSIDE_TRIPHOSPHATE_METABOLIC_PROCESS		228	0.23311368	0.85959005	0.84822696	0.91436183	1.0	4020	tags=22%, list=21%, signal=28%	
GOBP_PROTEIN_METHYLATION	GOBP_PROTEIN_METHYLATION		42	0.2994515	0.85927546	0.7237762	0.91471976	1.0	5037	tags=38%, list=26%, signal=51%	
GOBP_POSITIVE_REGULATION_OF_ERAD_PATHWAY	GOBP_POSITIVE_REGULATION_OF_ERAD_PATHWAY		16	0.36277986	0.8583029	0.64684016	0.9165861	1.0	532	tags=13%, list=3%, signal=13%	
GOBP_REGULATION_OF_PROTEIN_LOCALIZATION_TO_CELL_PERIPHERY	GOBP_REGULATION_OF_PROTEIN_LOCALIZATION_TO_CELL_PERIPHERY		136	0.24846947	0.8573868	0.7856025	0.9184254	1.0	2701	tags=18%, list=14%, signal=21%	
GOMF_KINASE_ACTIVATOR_ACTIVITY	GOMF_KINASE_ACTIVATOR_ACTIVITY		132	0.24856271	0.85704476	0.7867079	0.91880465	1.0	3950	tags=30%, list=20%, signal=38%	
GOBP_NEGATIVE_REGULATION_OF_CELL_CYCLE_PROCESS	GOBP_NEGATIVE_REGULATION_OF_CELL_CYCLE_PROCESS		276	0.22948986	0.85658985	0.86975396	0.919503	1.0	3882	tags=21%, list=20%, signal=26%	
GOBP_REGULATION_OF_PROTEIN_CATABOLIC_PROCESS	GOBP_REGULATION_OF_PROTEIN_CATABOLIC_PROCESS		339	0.22206376	0.85638857	0.8954802	0.91958386	1.0	2689	tags=15%, list=14%, signal=17%	
GOBP_REGULATION_OF_CYCLIN_DEPENDENT_PROTEIN_KINASE_ACTIVITY	GOBP_REGULATION_OF_CYCLIN_DEPENDENT_PROTEIN_KINASE_ACTIVITY		74	0.26935267	0.85595196	0.7210884	0.92022616	1.0	3320	tags=19%, list=17%, signal=23%	
GOBP_CELL_FATE_COMMITMENT_INVOLVED_IN_FORMATION_OF_PRIMARY_GERM_LAYER	GOBP_CELL_FATE_COMMITMENT_INVOLVED_IN_FORMATION_OF_PRIMARY_GERM_LAYER		33	0.30587518	0.85558736	0.6709797	0.92070496	1.0	2221	tags=18%, list=11%, signal=20%	
GOBP_REGULATION_OF_CARDIAC_MUSCLE_CELL_DIFFERENTIATION	GOBP_REGULATION_OF_CARDIAC_MUSCLE_CELL_DIFFERENTIATION		16	0.3622808	0.8554099	0.64030135	0.9207289	1.0	810	tags=13%, list=4%, signal=13%	
GOBP_PROTEIN_K48_LINKED_UBIQUITINATION	GOBP_PROTEIN_K48_LINKED_UBIQUITINATION		95	0.26101735	0.85501987	0.746732	0.92126286	1.0	4478	tags=32%, list=23%, signal=41%	
GOMF_NOTCH_BINDING	GOMF_NOTCH_BINDING		22	0.33336663	0.85481304	0.66848814	0.9213549	1.0	2513	tags=23%, list=13%, signal=26%	
GOBP_CELLULAR_RESPIRATION	GOBP_CELLULAR_RESPIRATION		190	0.23643905	0.85470456	0.8227848	0.9212375	1.0	2509	tags=12%, list=13%, signal=14%	
GOBP_REGULATION_OF_CHROMATIN_ORGANIZATION	GOBP_REGULATION_OF_CHROMATIN_ORGANIZATION		30	0.3149522	0.85443103	0.6594982	0.9214912	1.0	4299	tags=23%, list=22%, signal=30%	
GOBP_EMBRYONIC_CAMERA_TYPE_EYE_DEVELOPMENT	GOBP_EMBRYONIC_CAMERA_TYPE_EYE_DEVELOPMENT		37	0.30579996	0.8541839	0.7005254	0.9216947	1.0	536	tags=11%, list=3%, signal=11%	
GOBP_REGULATION_OF_HYDROGEN_PEROXIDE_METABOLIC_PROCESS	GOBP_REGULATION_OF_HYDROGEN_PEROXIDE_METABOLIC_PROCESS		17	0.35337016	0.8541537	0.64770645	0.9213947	1.0	1763	tags=24%, list=9%, signal=26%	
GOBP_NUCLEUS_ORGANIZATION	GOBP_NUCLEUS_ORGANIZATION		137	0.24371693	0.8539502	0.81279254	0.92151266	1.0	4523	tags=29%, list=23%, signal=38%	
GOMF_VOLTAGE_GATED_MONOATOMIC_ANION_CHANNEL_ACTIVITY	GOMF_VOLTAGE_GATED_MONOATOMIC_ANION_CHANNEL_ACTIVITY		17	0.36301714	0.8538381	0.65384614	0.9213774	1.0	2824	tags=24%, list=15%, signal=28%	
GOBP_PROTEIN_TRANSPORT_TO_VACUOLE_INVOLVED_IN_UBIQUITIN_DEPENDENT_PROTEIN_CATABOLIC_PROCESS_VIA_THE_MULTIVESICULAR_BODY_SORTING_PATHWAY	GOBP_PROTEIN_TRANSPORT_TO_VACUOLE_INVOLVED_IN_UBIQUITIN_DEPENDENT_PROTEIN_CATABOLIC_PROCESS_VIA_THE_MULTIVESICULAR_BODY_SORTING_PATHWAY		15	0.37261412	0.8537805	0.6660269	0.9211228	1.0	4387	tags=40%, list=23%, signal=52%	
GOMF_SODIUM_CHANNEL_REGULATOR_ACTIVITY	GOMF_SODIUM_CHANNEL_REGULATOR_ACTIVITY		38	0.3009954	0.8532624	0.7044248	0.92189777	1.0	617	tags=8%, list=3%, signal=8%	
GOBP_MRNA_TRANSCRIPTION	GOBP_MRNA_TRANSCRIPTION		48	0.28964472	0.85276306	0.72680414	0.9226405	1.0	3604	tags=23%, list=19%, signal=28%	
GOBP_POSITIVE_REGULATION_OF_AMYLOID_PRECURSOR_PROTEIN_CATABOLIC_PROCESS	GOBP_POSITIVE_REGULATION_OF_AMYLOID_PRECURSOR_PROTEIN_CATABOLIC_PROCESS		24	0.32723212	0.85252094	0.66539925	0.92281204	1.0	716	tags=13%, list=4%, signal=13%	
GOBP_POSITIVE_REGULATION_OF_RELEASE_OF_CYTOCHROME_C_FROM_MITOCHONDRIA	GOBP_POSITIVE_REGULATION_OF_RELEASE_OF_CYTOCHROME_C_FROM_MITOCHONDRIA		24	0.3353835	0.85248977	0.6793169	0.92250603	1.0	1803	tags=21%, list=9%, signal=23%	
GOBP_NEGATIVE_REGULATION_OF_T_CELL_APOPTOTIC_PROCESS	GOBP_NEGATIVE_REGULATION_OF_T_CELL_APOPTOTIC_PROCESS		24	0.33055514	0.8524839	0.6737044	0.9221364	1.0	1482	tags=17%, list=8%, signal=18%	
GOMF_NUCLEAR_IMPORT_SIGNAL_RECEPTOR_ACTIVITY	GOMF_NUCLEAR_IMPORT_SIGNAL_RECEPTOR_ACTIVITY		19	0.34512138	0.85212666	0.7009901	0.9225792	1.0	2945	tags=32%, list=15%, signal=37%	
GOBP_NEUROTRANSMITTER_REUPTAKE	GOBP_NEUROTRANSMITTER_REUPTAKE		34	0.30649123	0.8518723	0.69827586	0.92277646	1.0	2780	tags=24%, list=14%, signal=27%	
GOMF_ACTIVE_TRANSMEMBRANE_TRANSPORTER_ACTIVITY	GOMF_ACTIVE_TRANSMEMBRANE_TRANSPORTER_ACTIVITY		430	0.2185225	0.8514936	0.93324435	0.92325604	1.0	3342	tags=18%, list=17%, signal=21%	
GOCC_FIBRILLAR_CENTER	GOCC_FIBRILLAR_CENTER		143	0.24546534	0.8513167	0.827476	0.9232766	1.0	4132	tags=28%, list=21%, signal=35%	
GOBP_REGULATION_OF_TOLL_LIKE_RECEPTOR_4_SIGNALING_PATHWAY	GOBP_REGULATION_OF_TOLL_LIKE_RECEPTOR_4_SIGNALING_PATHWAY		29	0.31941316	0.8510743	0.6891386	0.9234432	1.0	3950	tags=38%, list=20%, signal=48%	
GOBP_PROTEIN_LOCALIZATION_TO_CHROMOSOME_CENTROMERIC_REGION	GOBP_PROTEIN_LOCALIZATION_TO_CHROMOSOME_CENTROMERIC_REGION		22	0.3397393	0.8509855	0.68097013	0.92326504	1.0	5480	tags=50%, list=28%, signal=70%	
GOBP_PROTEIN_LOCALIZATION_TO_SYNAPSE	GOBP_PROTEIN_LOCALIZATION_TO_SYNAPSE		76	0.26535195	0.8509765	0.7589744	0.9228982	1.0	2658	tags=16%, list=14%, signal=18%	
GOBP_REGULATION_OF_PLATELET_AGGREGATION	GOBP_REGULATION_OF_PLATELET_AGGREGATION		29	0.31911403	0.8507208	0.6883117	0.92310876	1.0	1608	tags=17%, list=8%, signal=19%	
GOBP_XENOBIOTIC_METABOLIC_PROCESS	GOBP_XENOBIOTIC_METABOLIC_PROCESS		123	0.24678224	0.85059327	0.80959755	0.9229979	1.0	2761	tags=16%, list=14%, signal=19%	
GOBP_OLFACTORY_LOBE_DEVELOPMENT	GOBP_OLFACTORY_LOBE_DEVELOPMENT		39	0.29474628	0.85042375	0.722807	0.9230048	1.0	1909	tags=15%, list=10%, signal=17%	
GOMF_TRANSMEMBRANE_RECEPTOR_PROTEIN_SERINE_THREONINE_KINASE_ACTIVITY	GOMF_TRANSMEMBRANE_RECEPTOR_PROTEIN_SERINE_THREONINE_KINASE_ACTIVITY		18	0.34761533	0.849449	0.69632494	0.9248087	1.0	5607	tags=67%, list=29%, signal=94%	
GOBP_REGULATION_OF_INTRACELLULAR_TRANSPORT	GOBP_REGULATION_OF_INTRACELLULAR_TRANSPORT		246	0.22939697	0.84896904	0.88955224	0.92550135	1.0	3487	tags=22%, list=18%, signal=26%	
GOMF_SIALYLTRANSFERASE_ACTIVITY	GOMF_SIALYLTRANSFERASE_ACTIVITY		20	0.34744748	0.8488386	0.6621094	0.9254205	1.0	1602	tags=20%, list=8%, signal=22%	
GOBP_NEGATIVE_REGULATION_OF_MRNA_METABOLIC_PROCESS	GOBP_NEGATIVE_REGULATION_OF_MRNA_METABOLIC_PROCESS		89	0.25566494	0.84835374	0.8003413	0.926146	1.0	4230	tags=25%, list=22%, signal=31%	
GOBP_REGULATION_OF_DELAYED_RECTIFIER_POTASSIUM_CHANNEL_ACTIVITY	GOBP_REGULATION_OF_DELAYED_RECTIFIER_POTASSIUM_CHANNEL_ACTIVITY		16	0.3588229	0.84752595	0.6721915	0.927606	1.0	26	tags=6%, list=0%, signal=6%	
GOBP_POSTSYNAPTIC_MEMBRANE_ORGANIZATION	GOBP_POSTSYNAPTIC_MEMBRANE_ORGANIZATION		39	0.29935995	0.8473911	0.6994633	0.9275328	1.0	1001	tags=10%, list=5%, signal=11%	
GOBP_RESPONSE_TO_GONADOTROPIN	GOBP_RESPONSE_TO_GONADOTROPIN		27	0.31902692	0.8469196	0.69469833	0.9282137	1.0	2011	tags=15%, list=10%, signal=17%	
GOBP_AXONEMAL_DYNEIN_COMPLEX_ASSEMBLY	GOBP_AXONEMAL_DYNEIN_COMPLEX_ASSEMBLY		24	0.32790673	0.8465024	0.6791745	0.9287839	1.0	905	tags=13%, list=5%, signal=13%	
GOMF_ESTRADIOL_17_BETA_DEHYDROGENASE_NAD_P_ACTIVITY	GOMF_ESTRADIOL_17_BETA_DEHYDROGENASE_NAD_P_ACTIVITY		19	0.34696612	0.8464523	0.6870229	0.92851573	1.0	1250	tags=21%, list=6%, signal=22%	
GOBP_REGULATION_OF_HIPPO_SIGNALING	GOBP_REGULATION_OF_HIPPO_SIGNALING		36	0.3030568	0.8463418	0.7095652	0.92839986	1.0	1559	tags=14%, list=8%, signal=15%	
GOBP_NEGATIVE_REGULATION_OF_ACTIVIN_RECEPTOR_SIGNALING_PATHWAY	GOBP_NEGATIVE_REGULATION_OF_ACTIVIN_RECEPTOR_SIGNALING_PATHWAY		16	0.35561523	0.84625167	0.6692015	0.9282224	1.0	3415	tags=25%, list=18%, signal=30%	
GOBP_MEMBRANE_RAFT_ORGANIZATION	GOBP_MEMBRANE_RAFT_ORGANIZATION		25	0.327088	0.84620917	0.7140255	0.92792875	1.0	3283	tags=24%, list=17%, signal=29%	
GOBP_ALDEHYDE_BIOSYNTHETIC_PROCESS	GOBP_ALDEHYDE_BIOSYNTHETIC_PROCESS		18	0.3543061	0.8460683	0.66480446	0.92784005	1.0	908	tags=11%, list=5%, signal=12%	
GOBP_PROTEIN_FOLDING	GOBP_PROTEIN_FOLDING		207	0.2320665	0.8460672	0.8387574	0.9274629	1.0	3508	tags=21%, list=18%, signal=25%	
GOBP_MEIOTIC_CHROMOSOME_SEGREGATION	GOBP_MEIOTIC_CHROMOSOME_SEGREGATION		80	0.2599973	0.8455425	0.7719298	0.9282315	1.0	3211	tags=16%, list=17%, signal=19%	
GOBP_REGULATION_OF_CELL_GROWTH_INVOLVED_IN_CARDIAC_MUSCLE_CELL_DEVELOPMENT	GOBP_REGULATION_OF_CELL_GROWTH_INVOLVED_IN_CARDIAC_MUSCLE_CELL_DEVELOPMENT		16	0.3604651	0.84553593	0.6710037	0.9278643	1.0	23	tags=6%, list=0%, signal=6%	
GOCC_CYTOPLASMIC_REGION	GOCC_CYTOPLASMIC_REGION		259	0.22706217	0.84542215	0.88633096	0.92774016	1.0	3831	tags=23%, list=20%, signal=28%	
GOMF_PHOSPHOLIPID_TRANSPORTER_ACTIVITY	GOMF_PHOSPHOLIPID_TRANSPORTER_ACTIVITY		61	0.27412423	0.84536713	0.7474403	0.9274826	1.0	2634	tags=20%, list=14%, signal=23%	
GOBP_POSITIVE_REGULATION_OF_MYELINATION	GOBP_POSITIVE_REGULATION_OF_MYELINATION		15	0.35884833	0.8453439	0.67542213	0.92714924	1.0	342	tags=13%, list=2%, signal=14%	
GOBP_NUCLEAR_CHROMOSOME_SEGREGATION	GOBP_NUCLEAR_CHROMOSOME_SEGREGATION		297	0.22538133	0.8450262	0.90625	0.9274611	1.0	4194	tags=24%, list=22%, signal=30%	
GOBP_REGULATION_OF_GENERATION_OF_PRECURSOR_METABOLITES_AND_ENERGY	GOBP_REGULATION_OF_GENERATION_OF_PRECURSOR_METABOLITES_AND_ENERGY		124	0.24495032	0.84483325	0.8107667	0.9275162	1.0	2509	tags=13%, list=13%, signal=15%	
GOBP_KINETOCHORE_ASSEMBLY	GOBP_KINETOCHORE_ASSEMBLY		16	0.35558602	0.8448168	0.65595466	0.9271778	1.0	4599	tags=38%, list=24%, signal=49%	
GOBP_PYRIMIDINE_RIBONUCLEOTIDE_METABOLIC_PROCESS	GOBP_PYRIMIDINE_RIBONUCLEOTIDE_METABOLIC_PROCESS		31	0.31578264	0.84464204	0.6942446	0.9271723	1.0	4843	tags=42%, list=25%, signal=56%	
GOBP_ENDOSOMAL_TRANSPORT	GOBP_ENDOSOMAL_TRANSPORT		265	0.22898203	0.8445717	0.8831169	0.9269485	1.0	3999	tags=26%, list=21%, signal=32%	
GOBP_CELL_CELL_RECOGNITION	GOBP_CELL_CELL_RECOGNITION		72	0.2667613	0.84413034	0.7737105	0.92756283	1.0	2560	tags=15%, list=13%, signal=18%	
GOBP_REGULATION_OF_CHOLESTEROL_METABOLIC_PROCESS	GOBP_REGULATION_OF_CHOLESTEROL_METABOLIC_PROCESS		35	0.29507872	0.8435793	0.71926606	0.9283955	1.0	4140	tags=34%, list=21%, signal=43%	
GOBP_ACTIN_NUCLEATION	GOBP_ACTIN_NUCLEATION		48	0.28604144	0.8427281	0.72432435	0.9298592	1.0	4384	tags=33%, list=23%, signal=43%	
GOBP_CARTILAGE_CONDENSATION	GOBP_CARTILAGE_CONDENSATION		18	0.34576398	0.8423961	0.6741573	0.9301859	1.0	3029	tags=22%, list=16%, signal=26%	
GOBP_HYPEROSMOTIC_RESPONSE	GOBP_HYPEROSMOTIC_RESPONSE		27	0.32059228	0.8423761	0.69855595	0.9298481	1.0	1163	tags=15%, list=6%, signal=16%	
GOBP_REGULATION_OF_EXECUTION_PHASE_OF_APOPTOSIS	GOBP_REGULATION_OF_EXECUTION_PHASE_OF_APOPTOSIS		21	0.33374053	0.84209293	0.68786126	0.93009883	1.0	4	tags=5%, list=0%, signal=5%	
GOMF_NUCLEAR_STEROID_RECEPTOR_ACTIVITY	GOMF_NUCLEAR_STEROID_RECEPTOR_ACTIVITY		25	0.32391587	0.8416094	0.6908127	0.9307572	1.0	2926	tags=20%, list=15%, signal=24%	
GOCC_RECYCLING_ENDOSOME	GOCC_RECYCLING_ENDOSOME		195	0.23326671	0.84030396	0.85779124	0.9331888	1.0	3490	tags=23%, list=18%, signal=27%	
GOBP_RESPONSE_TO_FOLLICLE_STIMULATING_HORMONE	GOBP_RESPONSE_TO_FOLLICLE_STIMULATING_HORMONE		16	0.3507229	0.83962494	0.6962264	0.93428534	1.0	1334	tags=13%, list=7%, signal=13%	
GOBP_TOLL_LIKE_RECEPTOR_3_SIGNALING_PATHWAY	GOBP_TOLL_LIKE_RECEPTOR_3_SIGNALING_PATHWAY		28	0.31374106	0.8394391	0.70383275	0.93429875	1.0	2020	tags=14%, list=10%, signal=16%	
GOMF_DIPEPTIDASE_ACTIVITY	GOMF_DIPEPTIDASE_ACTIVITY		17	0.35676837	0.8392612	0.6891652	0.93430394	1.0	3472	tags=41%, list=18%, signal=50%	
GOBP_REGULATION_OF_FIBROBLAST_APOPTOTIC_PROCESS	GOBP_REGULATION_OF_FIBROBLAST_APOPTOTIC_PROCESS		18	0.3414193	0.83908325	0.70955884	0.9343116	1.0	3858	tags=44%, list=20%, signal=55%	
GOBP_GLUTAMINE_FAMILY_AMINO_ACID_BIOSYNTHETIC_PROCESS	GOBP_GLUTAMINE_FAMILY_AMINO_ACID_BIOSYNTHETIC_PROCESS		15	0.3660175	0.8385765	0.6903846	0.93499523	1.0	2301	tags=33%, list=12%, signal=38%	
GOBP_NEGATIVE_REGULATION_OF_GTPASE_ACTIVITY	GOBP_NEGATIVE_REGULATION_OF_GTPASE_ACTIVITY		19	0.33516333	0.83844686	0.69043154	0.93487966	1.0	4090	tags=47%, list=21%, signal=60%	
GOBP_SPERM_EGG_RECOGNITION	GOBP_SPERM_EGG_RECOGNITION		49	0.28315476	0.8381196	0.734375	0.93519586	1.0	5302	tags=31%, list=27%, signal=42%	
GOBP_POSITIVE_REGULATION_OF_DNA_DAMAGE_RESPONSE_SIGNAL_TRANSDUCTION_BY_P53_CLASS_MEDIATOR	GOBP_POSITIVE_REGULATION_OF_DNA_DAMAGE_RESPONSE_SIGNAL_TRANSDUCTION_BY_P53_CLASS_MEDIATOR		15	0.3591701	0.8380532	0.6745098	0.934956	1.0	147	tags=7%, list=1%, signal=7%	
GOBP_NEGATIVE_REGULATION_OF_PROTEIN_TYROSINE_KINASE_ACTIVITY	GOBP_NEGATIVE_REGULATION_OF_PROTEIN_TYROSINE_KINASE_ACTIVITY		19	0.33513266	0.83753777	0.7082534	0.9356962	1.0	2768	tags=26%, list=14%, signal=31%	
GOBP_POSITIVE_REGULATION_OF_MACROPHAGE_MIGRATION	GOBP_POSITIVE_REGULATION_OF_MACROPHAGE_MIGRATION		25	0.31979275	0.8375022	0.72	0.9353946	1.0	339	tags=8%, list=2%, signal=8%	
GOBP_REGULATION_OF_COMPLEMENT_ACTIVATION	GOBP_REGULATION_OF_COMPLEMENT_ACTIVATION		18	0.35024038	0.8367897	0.68248177	0.9365369	1.0	2014	tags=22%, list=10%, signal=25%	
GOBP_NEGATIVE_REGULATION_OF_ORGANELLE_ASSEMBLY	GOBP_NEGATIVE_REGULATION_OF_ORGANELLE_ASSEMBLY		43	0.2933821	0.8367026	0.73465705	0.93632185	1.0	4313	tags=40%, list=22%, signal=51%	
GOBP_REGULATION_OF_NUCLEOCYTOPLASMIC_TRANSPORT	GOBP_REGULATION_OF_NUCLEOCYTOPLASMIC_TRANSPORT		109	0.2457397	0.83665144	0.82985556	0.9360417	1.0	3431	tags=24%, list=18%, signal=29%	
GOMF_POLY_PURINE_TRACT_BINDING	GOMF_POLY_PURINE_TRACT_BINDING		30	0.31244802	0.8365291	0.718638	0.9359373	1.0	5674	tags=43%, list=29%, signal=61%	
GOCC_CUL3_RING_UBIQUITIN_LIGASE_COMPLEX	GOCC_CUL3_RING_UBIQUITIN_LIGASE_COMPLEX		39	0.28829476	0.8364418	0.75176054	0.9357395	1.0	3906	tags=33%, list=20%, signal=42%	
GOBP_NEGATIVE_REGULATION_OF_LIPID_BIOSYNTHETIC_PROCESS	GOBP_NEGATIVE_REGULATION_OF_LIPID_BIOSYNTHETIC_PROCESS		54	0.2807152	0.83515984	0.75085324	0.93804127	1.0	2380	tags=22%, list=12%, signal=25%	
GOCC_PROTEIN_FOLDING_CHAPERONE_COMPLEX	GOCC_PROTEIN_FOLDING_CHAPERONE_COMPLEX		39	0.29835376	0.83496916	0.7358491	0.93804806	1.0	4353	tags=31%, list=22%, signal=40%	
GOBP_REGULATION_OF_EXOSOMAL_SECRETION	GOBP_REGULATION_OF_EXOSOMAL_SECRETION		18	0.34387317	0.8347924	0.70686454	0.9380277	1.0	4488	tags=28%, list=23%, signal=36%	
GOBP_MATURATION_OF_LSU_RRNA	GOBP_MATURATION_OF_LSU_RRNA		23	0.32485068	0.834786	0.7381818	0.9376619	1.0	4391	tags=35%, list=23%, signal=45%	
GOBP_REGULATION_OF_PROTEIN_KINASE_A_SIGNALING	GOBP_REGULATION_OF_PROTEIN_KINASE_A_SIGNALING		18	0.34847793	0.83384186	0.7061144	0.9392525	1.0	1339	tags=17%, list=7%, signal=18%	
GOBP_NEGATIVE_REGULATION_OF_CELL_DIVISION	GOBP_NEGATIVE_REGULATION_OF_CELL_DIVISION		15	0.36618447	0.8337711	0.7034991	0.93901926	1.0	1684	tags=13%, list=9%, signal=15%	
GOBP_POSITIVE_REGULATION_OF_PROTEIN_LOCALIZATION_TO_CELL_PERIPHERY	GOBP_POSITIVE_REGULATION_OF_PROTEIN_LOCALIZATION_TO_CELL_PERIPHERY		73	0.26722106	0.8333829	0.77504396	0.939439	1.0	2701	tags=21%, list=14%, signal=24%	
GOBP_NEGATIVE_REGULATION_OF_INTRINSIC_APOPTOTIC_SIGNALING_PATHWAY	GOBP_NEGATIVE_REGULATION_OF_INTRINSIC_APOPTOTIC_SIGNALING_PATHWAY		98	0.25209466	0.83335185	0.78852457	0.9391203	1.0	2615	tags=18%, list=13%, signal=21%	
GOBP_DEVELOPMENT_OF_PRIMARY_FEMALE_SEXUAL_CHARACTERISTICS	GOBP_DEVELOPMENT_OF_PRIMARY_FEMALE_SEXUAL_CHARACTERISTICS		104	0.24891236	0.83318484	0.8422819	0.9390935	1.0	3716	tags=25%, list=19%, signal=31%	
GOBP_NUCLEOSIDE_PHOSPHATE_BIOSYNTHETIC_PROCESS	GOBP_NUCLEOSIDE_PHOSPHATE_BIOSYNTHETIC_PROCESS		242	0.22456081	0.8328051	0.9054054	0.93951565	1.0	3950	tags=23%, list=20%, signal=28%	
GOBP_REGULATION_OF_BINDING	GOBP_REGULATION_OF_BINDING		216	0.2272679	0.83207494	0.8957704	0.94069636	1.0	2990	tags=16%, list=15%, signal=19%	
GOBP_SEX_DIFFERENTIATION	GOBP_SEX_DIFFERENTIATION		277	0.22197296	0.8320474	0.91819465	0.940373	1.0	3560	tags=21%, list=18%, signal=26%	
GOCC_HISTONE_DEACETYLASE_COMPLEX	GOCC_HISTONE_DEACETYLASE_COMPLEX		76	0.26133385	0.83195364	0.7839286	0.9401921	1.0	2368	tags=16%, list=12%, signal=18%	
GOBP_RESPONSE_TO_EPIDERMAL_GROWTH_FACTOR	GOBP_RESPONSE_TO_EPIDERMAL_GROWTH_FACTOR		45	0.2827701	0.8317711	0.7746479	0.94019765	1.0	4156	tags=31%, list=21%, signal=39%	
GOCC_SPINDLE	GOCC_SPINDLE		399	0.21667284	0.83137816	0.9583893	0.94064516	1.0	3875	tags=25%, list=20%, signal=31%	
GOBP_POSITIVE_REGULATION_OF_EXOSOMAL_SECRETION	GOBP_POSITIVE_REGULATION_OF_EXOSOMAL_SECRETION		15	0.35774297	0.8313189	0.7005988	0.94038707	1.0	2096	tags=13%, list=11%, signal=15%	
GOCC_NUCLEOSOME	GOCC_NUCLEOSOME		39	0.29139856	0.830875	0.74121994	0.9409359	1.0	3547	tags=26%, list=18%, signal=31%	
GOMF_ATP_DEPENDENT_CHROMATIN_REMODELER_ACTIVITY	GOMF_ATP_DEPENDENT_CHROMATIN_REMODELER_ACTIVITY		34	0.29901624	0.8307573	0.74	0.94080025	1.0	3180	tags=24%, list=16%, signal=28%	
GOMF_METAL_CATION_MONOATOMIC_CATION_ANTIPORTER_ACTIVITY	GOMF_METAL_CATION_MONOATOMIC_CATION_ANTIPORTER_ACTIVITY		42	0.28764784	0.83069754	0.741533	0.9405326	1.0	3175	tags=19%, list=16%, signal=23%	
GOBP_MICROTUBULE_ORGANIZING_CENTER_ORGANIZATION	GOBP_MICROTUBULE_ORGANIZING_CENTER_ORGANIZATION		143	0.23859566	0.83048266	0.86990595	0.9406016	1.0	3842	tags=23%, list=20%, signal=29%	
GOBP_COPII_COATED_VESICLE_CARGO_LOADING	GOBP_COPII_COATED_VESICLE_CARGO_LOADING		16	0.34991223	0.8304513	0.6942308	0.94029003	1.0	2763	tags=25%, list=14%, signal=29%	
GOBP_MRNA_MODIFICATION	GOBP_MRNA_MODIFICATION		19	0.33993796	0.83038455	0.7001934	0.94004333	1.0	5279	tags=47%, list=27%, signal=65%	
GOBP_BONE_RESORPTION	GOBP_BONE_RESORPTION		65	0.2667166	0.83026165	0.7740806	0.93992394	1.0	3653	tags=25%, list=19%, signal=30%	
GOBP_HEMATOPOIETIC_STEM_CELL_PROLIFERATION	GOBP_HEMATOPOIETIC_STEM_CELL_PROLIFERATION		32	0.3079845	0.82995266	0.75454545	0.9401743	1.0	3493	tags=34%, list=18%, signal=42%	
GOBP_POLYAMINE_METABOLIC_PROCESS	GOBP_POLYAMINE_METABOLIC_PROCESS		18	0.34669378	0.8295633	0.7239382	0.94058263	1.0	21	tags=6%, list=0%, signal=6%	
GOCC_NUCLEAR_ENVELOPE	GOCC_NUCLEAR_ENVELOPE		471	0.21065766	0.8294296	0.96734697	0.94048935	1.0	3734	tags=21%, list=19%, signal=26%	
GOMF_G_PROTEIN_BETA_GAMMA_SUBUNIT_COMPLEX_BINDING	GOMF_G_PROTEIN_BETA_GAMMA_SUBUNIT_COMPLEX_BINDING		21	0.33377314	0.8292648	0.71272725	0.9404331	1.0	2376	tags=19%, list=12%, signal=22%	
GOCC_MICROTUBULE_END	GOCC_MICROTUBULE_END		30	0.308834	0.8291346	0.71252203	0.94031096	1.0	3579	tags=30%, list=18%, signal=37%	
GOBP_FOREBRAIN_GENERATION_OF_NEURONS	GOBP_FOREBRAIN_GENERATION_OF_NEURONS		51	0.27724037	0.8290227	0.7661017	0.9401606	1.0	3383	tags=24%, list=17%, signal=28%	
GOBP_VIRAL_GENOME_REPLICATION	GOBP_VIRAL_GENOME_REPLICATION		121	0.24281792	0.82894266	0.84288055	0.93994963	1.0	2720	tags=17%, list=14%, signal=19%	
GOBP_DICARBOXYLIC_ACID_METABOLIC_PROCESS	GOBP_DICARBOXYLIC_ACID_METABOLIC_PROCESS		88	0.25254273	0.82878786	0.8050713	0.9398682	1.0	3621	tags=28%, list=19%, signal=35%	
GOBP_COMPLEMENT_ACTIVATION	GOBP_COMPLEMENT_ACTIVATION		54	0.2749633	0.82858294	0.7894737	0.93991286	1.0	2205	tags=17%, list=11%, signal=19%	
GOBP_NOSE_DEVELOPMENT	GOBP_NOSE_DEVELOPMENT		16	0.34905875	0.82733715	0.7222222	0.94202733	1.0	2085	tags=25%, list=11%, signal=28%	
GOBP_POSITIVE_REGULATION_OF_PROTEIN_UBIQUITINATION	GOBP_POSITIVE_REGULATION_OF_PROTEIN_UBIQUITINATION		100	0.24849239	0.82723576	0.8384992	0.9418453	1.0	3873	tags=22%, list=20%, signal=27%	
GOBP_RESPONSE_TO_PLATELET_DERIVED_GROWTH_FACTOR	GOBP_RESPONSE_TO_PLATELET_DERIVED_GROWTH_FACTOR		21	0.32842407	0.82681465	0.71299636	0.9423365	1.0	4092	tags=43%, list=21%, signal=54%	
GOBP_VESICLE_DOCKING	GOBP_VESICLE_DOCKING		57	0.27306974	0.82674927	0.76949155	0.9420861	1.0	3183	tags=25%, list=16%, signal=29%	
GOBP_MONOCARBOXYLIC_ACID_CATABOLIC_PROCESS	GOBP_MONOCARBOXYLIC_ACID_CATABOLIC_PROCESS		125	0.24054463	0.8259069	0.8489666	0.94341934	1.0	2038	tags=12%, list=10%, signal=13%	
GOBP_CHROMOSOME_SEGREGATION	GOBP_CHROMOSOME_SEGREGATION		391	0.2139	0.82570994	0.95732576	0.9434344	1.0	4194	tags=24%, list=22%, signal=29%	
GOBP_REGULATION_OF_COLLAGEN_METABOLIC_PROCESS	GOBP_REGULATION_OF_COLLAGEN_METABOLIC_PROCESS		34	0.2931311	0.82551396	0.7529183	0.9434479	1.0	3234	tags=26%, list=17%, signal=32%	
GOBP_PROTEIN_LOCALIZATION_TO_CYTOSKELETON	GOBP_PROTEIN_LOCALIZATION_TO_CYTOSKELETON		60	0.26828876	0.8254881	0.7785467	0.94312334	1.0	3473	tags=23%, list=18%, signal=28%	
GOBP_POSITIVE_REGULATION_OF_PROTEASOMAL_PROTEIN_CATABOLIC_PROCESS	GOBP_POSITIVE_REGULATION_OF_PROTEASOMAL_PROTEIN_CATABOLIC_PROCESS		101	0.24749096	0.82506746	0.7993139	0.9435777	1.0	3961	tags=25%, list=20%, signal=31%	
GOMF_MYOSIN_BINDING	GOMF_MYOSIN_BINDING		72	0.25969514	0.8248378	0.81239533	0.94366556	1.0	3641	tags=28%, list=19%, signal=34%	
GOBP_METHYLATION	GOBP_METHYLATION		192	0.2256942	0.8244013	0.9141566	0.9441561	1.0	4292	tags=29%, list=22%, signal=36%	
GOBP_REGULATION_OF_CELL_CYCLE_G2_M_PHASE_TRANSITION	GOBP_REGULATION_OF_CELL_CYCLE_G2_M_PHASE_TRANSITION		104	0.24780387	0.8242851	0.8306189	0.94401056	1.0	3635	tags=23%, list=19%, signal=28%	
GOBP_ATP_METABOLIC_PROCESS	GOBP_ATP_METABOLIC_PROCESS		182	0.2291713	0.82420474	0.8870229	0.9437965	1.0	3021	tags=15%, list=16%, signal=17%	
GOBP_DETECTION_OF_MECHANICAL_STIMULUS	GOBP_DETECTION_OF_MECHANICAL_STIMULUS		52	0.27772617	0.8239874	0.77512777	0.94384575	1.0	920	tags=8%, list=5%, signal=8%	
GOBP_RESPONSE_TO_CAMP	GOBP_RESPONSE_TO_CAMP		84	0.25578868	0.8237154	0.8037225	0.9440098	1.0	3340	tags=23%, list=17%, signal=27%	
GOBP_NEGATIVE_REGULATION_OF_MRNA_PROCESSING	GOBP_NEGATIVE_REGULATION_OF_MRNA_PROCESSING		21	0.32742086	0.82280743	0.712204	0.94544935	1.0	5049	tags=29%, list=26%, signal=39%	
GOMF_GDP_DISSOCIATION_INHIBITOR_ACTIVITY	GOMF_GDP_DISSOCIATION_INHIBITOR_ACTIVITY		17	0.34745428	0.82267946	0.6953271	0.9453177	1.0	2277	tags=24%, list=12%, signal=27%	
GOBP_ESTABLISHMENT_OF_PLANAR_POLARITY_OF_EMBRYONIC_EPITHELIUM	GOBP_ESTABLISHMENT_OF_PLANAR_POLARITY_OF_EMBRYONIC_EPITHELIUM		15	0.35001716	0.82120425	0.7029126	0.9477911	1.0	3072	tags=33%, list=16%, signal=40%	
GOBP_PSEUDOURIDINE_SYNTHESIS	GOBP_PSEUDOURIDINE_SYNTHESIS		18	0.3375394	0.82116836	0.7155963	0.9474819	1.0	5785	tags=50%, list=30%, signal=71%	
GOBP_POSITIVE_REGULATION_OF_DNA_REPAIR	GOBP_POSITIVE_REGULATION_OF_DNA_REPAIR		124	0.24013053	0.8210247	0.8573718	0.9473887	1.0	4576	tags=29%, list=24%, signal=38%	
GOBP_RESPONSE_TO_INTERFERON_ALPHA	GOBP_RESPONSE_TO_INTERFERON_ALPHA		17	0.34343213	0.820286	0.7237569	0.94844526	1.0	2393	tags=24%, list=12%, signal=27%	
GOBP_FATTY_ACYL_COA_BIOSYNTHETIC_PROCESS	GOBP_FATTY_ACYL_COA_BIOSYNTHETIC_PROCESS		26	0.31438515	0.8199681	0.74444443	0.9486956	1.0	3426	tags=31%, list=18%, signal=37%	
GOBP_REGULATION_OF_CAMP_MEDIATED_SIGNALING	GOBP_REGULATION_OF_CAMP_MEDIATED_SIGNALING		21	0.32271007	0.81963706	0.7220149	0.9489568	1.0	4262	tags=29%, list=22%, signal=37%	
GOMF_POLY_A_BINDING	GOMF_POLY_A_BINDING		24	0.32251245	0.81955075	0.7225326	0.94874597	1.0	4051	tags=33%, list=21%, signal=42%	
GOBP_POSITIVE_REGULATION_OF_CELL_CYCLE_G2_M_PHASE_TRANSITION	GOBP_POSITIVE_REGULATION_OF_CELL_CYCLE_G2_M_PHASE_TRANSITION		31	0.3023095	0.8193292	0.7352941	0.94880885	1.0	2413	tags=19%, list=12%, signal=22%	
GOBP_PITUITARY_GLAND_DEVELOPMENT	GOBP_PITUITARY_GLAND_DEVELOPMENT		42	0.2876814	0.81859213	0.777193	0.94985557	1.0	1593	tags=12%, list=8%, signal=13%	
GOCC_CUL2_RING_UBIQUITIN_LIGASE_COMPLEX	GOCC_CUL2_RING_UBIQUITIN_LIGASE_COMPLEX		23	0.31981066	0.8176663	0.7368421	0.9512801	1.0	4253	tags=30%, list=22%, signal=39%	
GOBP_LENS_MORPHOGENESIS_IN_CAMERA_TYPE_EYE	GOBP_LENS_MORPHOGENESIS_IN_CAMERA_TYPE_EYE		22	0.32122043	0.81719434	0.725	0.95181763	1.0	1289	tags=14%, list=7%, signal=15%	
GOBP_REGULATION_OF_SPINDLE_ORGANIZATION	GOBP_REGULATION_OF_SPINDLE_ORGANIZATION		45	0.27384362	0.81674707	0.7789855	0.9523286	1.0	3732	tags=24%, list=19%, signal=30%	
GOCC_H4_HISTONE_ACETYLTRANSFERASE_COMPLEX	GOCC_H4_HISTONE_ACETYLTRANSFERASE_COMPLEX		39	0.28729582	0.8165381	0.7892857	0.95235455	1.0	3222	tags=21%, list=17%, signal=25%	
GOBP_PHOSPHATIDYLINOSITOL_DEPHOSPHORYLATION	GOBP_PHOSPHATIDYLINOSITOL_DEPHOSPHORYLATION		26	0.3086427	0.8164752	0.7253521	0.95210314	1.0	3617	tags=31%, list=19%, signal=38%	
GOBP_PROTEIN_KINASE_C_SIGNALING	GOBP_PROTEIN_KINASE_C_SIGNALING		34	0.29248643	0.8163864	0.7495528	0.9518857	1.0	2571	tags=21%, list=13%, signal=24%	
GOBP_VASCULAR_ENDOTHELIAL_CELL_PROLIFERATION	GOBP_VASCULAR_ENDOTHELIAL_CELL_PROLIFERATION		26	0.30633253	0.8159684	0.75272727	0.9523061	1.0	1756	tags=23%, list=9%, signal=25%	
GOBP_TRICARBOXYLIC_ACID_METABOLIC_PROCESS	GOBP_TRICARBOXYLIC_ACID_METABOLIC_PROCESS		16	0.34797692	0.8156565	0.70642203	0.95253426	1.0	3560	tags=25%, list=18%, signal=31%	
GOBP_PEPTIDYL_TYROSINE_DEPHOSPHORYLATION	GOBP_PEPTIDYL_TYROSINE_DEPHOSPHORYLATION		30	0.3026575	0.8155568	0.7369369	0.9523479	1.0	1452	tags=13%, list=7%, signal=14%	
GOMF_INTRAMOLECULAR_OXIDOREDUCTASE_ACTIVITY_TRANSPOSING_C_C_BONDS	GOMF_INTRAMOLECULAR_OXIDOREDUCTASE_ACTIVITY_TRANSPOSING_C_C_BONDS		16	0.3454821	0.8146372	0.7257463	0.9537075	1.0	3851	tags=31%, list=20%, signal=39%	
GOBP_PYRUVATE_METABOLIC_PROCESS	GOBP_PYRUVATE_METABOLIC_PROCESS		118	0.24134344	0.8145158	0.86314154	0.9535743	1.0	3021	tags=21%, list=16%, signal=25%	
GOBP_DNA_BIOSYNTHETIC_PROCESS	GOBP_DNA_BIOSYNTHETIC_PROCESS		180	0.22586109	0.8138404	0.9167951	0.95443	1.0	4485	tags=28%, list=23%, signal=36%	
GOMF_MICROTUBULE_MOTOR_ACTIVITY	GOMF_MICROTUBULE_MOTOR_ACTIVITY		62	0.2622879	0.813809	0.8168557	0.9541083	1.0	1503	tags=11%, list=8%, signal=12%	
GOBP_REGULATION_OF_HETEROCHROMATIN_FORMATION	GOBP_REGULATION_OF_HETEROCHROMATIN_FORMATION		20	0.32474226	0.81333035	0.7509363	0.9546204	1.0	4299	tags=30%, list=22%, signal=38%	
GOCC_NUCLEAR_MEMBRANE	GOCC_NUCLEAR_MEMBRANE		295	0.21621656	0.8132131	0.9465541	0.9544648	1.0	3389	tags=20%, list=17%, signal=24%	
GOBP_INTRINSIC_APOPTOTIC_SIGNALING_PATHWAY_IN_RESPONSE_TO_DNA_DAMAGE	GOBP_INTRINSIC_APOPTOTIC_SIGNALING_PATHWAY_IN_RESPONSE_TO_DNA_DAMAGE		98	0.2441291	0.81316674	0.85915494	0.9541783	1.0	3606	tags=24%, list=19%, signal=30%	
GOCC_VESICLE_COAT	GOCC_VESICLE_COAT		58	0.2664643	0.8131217	0.8189807	0.95389575	1.0	4321	tags=29%, list=22%, signal=38%	
GOMF_BIOACTIVE_LIPID_RECEPTOR_ACTIVITY	GOMF_BIOACTIVE_LIPID_RECEPTOR_ACTIVITY		16	0.34688076	0.8129974	0.73745173	0.9537553	1.0	1319	tags=19%, list=7%, signal=20%	
GOBP_PHOTOTRANSDUCTION_VISIBLE_LIGHT	GOBP_PHOTOTRANSDUCTION_VISIBLE_LIGHT		18	0.33886865	0.8124585	0.72407407	0.9544073	1.0	3595	tags=22%, list=19%, signal=27%	
GOMF_VOLTAGE_GATED_SODIUM_CHANNEL_ACTIVITY	GOMF_VOLTAGE_GATED_SODIUM_CHANNEL_ACTIVITY		23	0.31711835	0.8119305	0.73722625	0.95503616	1.0	752	tags=9%, list=4%, signal=9%	
GOBP_NUCLEAR_TRANSPORT	GOBP_NUCLEAR_TRANSPORT		315	0.2142895	0.81134593	0.97025496	0.9556963	1.0	3151	tags=17%, list=16%, signal=21%	
GOBP_REGULATION_OF_FIBRINOLYSIS	GOBP_REGULATION_OF_FIBRINOLYSIS		17	0.3406698	0.81133235	0.7609108	0.955348	1.0	2286	tags=24%, list=12%, signal=27%	
GOBP_REGULATION_OF_ACTIVIN_RECEPTOR_SIGNALING_PATHWAY	GOBP_REGULATION_OF_ACTIVIN_RECEPTOR_SIGNALING_PATHWAY		26	0.31081012	0.8113108	0.7376426	0.955017	1.0	1052	tags=12%, list=5%, signal=12%	
GOBP_REGULATION_OF_NUCLEASE_ACTIVITY	GOBP_REGULATION_OF_NUCLEASE_ACTIVITY		21	0.3251328	0.8103213	0.7504425	0.95644104	1.0	4436	tags=48%, list=23%, signal=62%	
GOBP_PYRIMIDINE_NUCLEOBASE_METABOLIC_PROCESS	GOBP_PYRIMIDINE_NUCLEOBASE_METABOLIC_PROCESS		21	0.31819338	0.81006634	0.74358976	0.95654947	1.0	1248	tags=14%, list=6%, signal=15%	
GOMF_CHROMATIN_DNA_BINDING	GOMF_CHROMATIN_DNA_BINDING		103	0.23843503	0.80981684	0.8727858	0.95663476	1.0	4520	tags=24%, list=23%, signal=31%	
GOCC_SCF_UBIQUITIN_LIGASE_COMPLEX	GOCC_SCF_UBIQUITIN_LIGASE_COMPLEX		57	0.2662903	0.80748385	0.80535716	0.96053183	1.0	3998	tags=25%, list=21%, signal=31%	
GOBP_THYROID_HORMONE_METABOLIC_PROCESS	GOBP_THYROID_HORMONE_METABOLIC_PROCESS		28	0.30477905	0.80686253	0.7702936	0.96126425	1.0	3704	tags=21%, list=19%, signal=26%	
GOMF_ACID_AMINO_ACID_LIGASE_ACTIVITY	GOMF_ACID_AMINO_ACID_LIGASE_ACTIVITY		21	0.32692242	0.8066848	0.7777778	0.9612034	1.0	3775	tags=24%, list=19%, signal=30%	
GOMF_TRANSLATION_REGULATOR_ACTIVITY_NUCLEIC_ACID_BINDING	GOMF_TRANSLATION_REGULATOR_ACTIVITY_NUCLEIC_ACID_BINDING		103	0.23802422	0.80658466	0.8938907	0.9610181	1.0	5005	tags=34%, list=26%, signal=46%	
GOBP_CIRCADIAN_SLEEP_WAKE_CYCLE_SLEEP	GOBP_CIRCADIAN_SLEEP_WAKE_CYCLE_SLEEP		16	0.34222603	0.8065572	0.76007676	0.9606913	1.0	2339	tags=19%, list=12%, signal=21%	
GOBP_MALE_SEX_DIFFERENTIATION	GOBP_MALE_SEX_DIFFERENTIATION		168	0.22676887	0.80433786	0.9010819	0.9642895	1.0	3493	tags=23%, list=18%, signal=27%	
GOBP_FOREBRAIN_NEURON_DIFFERENTIATION	GOBP_FOREBRAIN_NEURON_DIFFERENTIATION		41	0.278777	0.80423373	0.7781513	0.96410745	1.0	4189	tags=29%, list=22%, signal=37%	
GOBP_REGULATION_OF_NUCLEOTIDE_METABOLIC_PROCESS	GOBP_REGULATION_OF_NUCLEOTIDE_METABOLIC_PROCESS		83	0.24738353	0.8038649	0.8432343	0.9643858	1.0	3431	tags=20%, list=18%, signal=25%	
GOBP_NAD_CATABOLIC_PROCESS	GOBP_NAD_CATABOLIC_PROCESS		21	0.32078707	0.80383146	0.7628676	0.96406674	1.0	2597	tags=24%, list=13%, signal=27%	
GOMF_MOLECULAR_SEQUESTERING_ACTIVITY	GOMF_MOLECULAR_SEQUESTERING_ACTIVITY		46	0.27101812	0.803801	0.7848325	0.9637385	1.0	3369	tags=26%, list=17%, signal=31%	
GOBP_NEURAL_RETINA_DEVELOPMENT	GOBP_NEURAL_RETINA_DEVELOPMENT		80	0.24943367	0.8036979	0.8447412	0.96353745	1.0	2132	tags=13%, list=11%, signal=14%	
GOBP_POSITIVE_REGULATION_OF_FATTY_ACID_METABOLIC_PROCESS	GOBP_POSITIVE_REGULATION_OF_FATTY_ACID_METABOLIC_PROCESS		37	0.28762683	0.8029876	0.77425045	0.96438116	1.0	1108	tags=14%, list=6%, signal=14%	
GOBP_POSITIVE_REGULATION_OF_ERBB_SIGNALING_PATHWAY	GOBP_POSITIVE_REGULATION_OF_ERBB_SIGNALING_PATHWAY		30	0.29744217	0.80268466	0.78984237	0.9645312	1.0	2371	tags=17%, list=12%, signal=19%	
GOMF_MONOATOMIC_ANION_CHANNEL_ACTIVITY	GOMF_MONOATOMIC_ANION_CHANNEL_ACTIVITY		94	0.24233218	0.8024144	0.8566667	0.9646226	1.0	1506	tags=10%, list=8%, signal=10%	
GOBP_PEPTIDYL_LYSINE_MODIFICATION	GOBP_PEPTIDYL_LYSINE_MODIFICATION		136	0.23128475	0.80203027	0.9023622	0.9649115	1.0	4140	tags=24%, list=21%, signal=31%	
GOMF_ELECTRON_TRANSFER_ACTIVITY	GOMF_ELECTRON_TRANSFER_ACTIVITY		98	0.2440541	0.80200374	0.8874172	0.9645821	1.0	3253	tags=16%, list=17%, signal=20%	
GOBP_RIBONUCLEOSIDE_MONOPHOSPHATE_CATABOLIC_PROCESS	GOBP_RIBONUCLEOSIDE_MONOPHOSPHATE_CATABOLIC_PROCESS		15	0.34302345	0.8018363	0.71892923	0.9645001	1.0	783	tags=13%, list=4%, signal=14%	
GOBP_REGULATION_OF_INCLUSION_BODY_ASSEMBLY	GOBP_REGULATION_OF_INCLUSION_BODY_ASSEMBLY		17	0.33650628	0.8018089	0.7368421	0.9641786	1.0	511	tags=12%, list=3%, signal=12%	
GOBP_REGULATION_OF_DNA_BINDING	GOBP_REGULATION_OF_DNA_BINDING		70	0.25281438	0.8013009	0.84951454	0.9646714	1.0	4726	tags=31%, list=24%, signal=41%	
GOBP_COLUMNAR_CUBOIDAL_EPITHELIAL_CELL_DEVELOPMENT	GOBP_COLUMNAR_CUBOIDAL_EPITHELIAL_CELL_DEVELOPMENT		50	0.2681227	0.80127233	0.82881355	0.9643461	1.0	3368	tags=28%, list=17%, signal=34%	
GOBP_TRACHEA_DEVELOPMENT	GOBP_TRACHEA_DEVELOPMENT		19	0.32880962	0.80077857	0.73595506	0.96483034	1.0	4311	tags=37%, list=22%, signal=47%	
GOCC_TRANSFERASE_COMPLEX_TRANSFERRING_PHOSPHORUS_CONTAINING_GROUPS	GOCC_TRANSFERASE_COMPLEX_TRANSFERRING_PHOSPHORUS_CONTAINING_GROUPS		276	0.2130675	0.8003919	0.95857143	0.96513003	1.0	3787	tags=22%, list=19%, signal=28%	
GOBP_REGULATION_OF_KETONE_BIOSYNTHETIC_PROCESS	GOBP_REGULATION_OF_KETONE_BIOSYNTHETIC_PROCESS		21	0.31123418	0.7995784	0.75735295	0.966151	1.0	908	tags=14%, list=5%, signal=15%	
GOBP_MACROPHAGE_MIGRATION	GOBP_MACROPHAGE_MIGRATION		57	0.25830692	0.7995519	0.8362069	0.9658196	1.0	3370	tags=23%, list=17%, signal=28%	
GOBP_POSITIVE_REGULATION_OF_ORGANELLE_ASSEMBLY	GOBP_POSITIVE_REGULATION_OF_ORGANELLE_ASSEMBLY		81	0.24637689	0.7995088	0.8578767	0.9655215	1.0	2967	tags=17%, list=15%, signal=20%	
GOBP_GOLGI_ORGANIZATION	GOBP_GOLGI_ORGANIZATION		139	0.22902758	0.79915595	0.8952959	0.96574014	1.0	4599	tags=32%, list=24%, signal=41%	
GOBP_HAIR_FOLLICLE_MATURATION	GOBP_HAIR_FOLLICLE_MATURATION		15	0.34364855	0.7990833	0.7623574	0.9654963	1.0	2422	tags=27%, list=12%, signal=30%	
GOMF_CYCLASE_ACTIVITY	GOMF_CYCLASE_ACTIVITY		17	0.33192703	0.79908174	0.7583643	0.96512693	1.0	3410	tags=29%, list=18%, signal=36%	
GOCC_MANCHETTE	GOCC_MANCHETTE		21	0.31756684	0.7987971	0.7504836	0.9652451	1.0	6952	tags=52%, list=36%, signal=81%	
GOBP_POSITIVE_REGULATION_OF_PROTEOLYSIS_INVOLVED_IN_PROTEIN_CATABOLIC_PROCESS	GOBP_POSITIVE_REGULATION_OF_PROTEOLYSIS_INVOLVED_IN_PROTEIN_CATABOLIC_PROCESS		123	0.2345359	0.79798746	0.89403975	0.9662628	1.0	3961	tags=23%, list=20%, signal=28%	
GOBP_NEGATIVE_REGULATION_OF_HIPPO_SIGNALING	GOBP_NEGATIVE_REGULATION_OF_HIPPO_SIGNALING		22	0.3169055	0.7974284	0.7513812	0.9668477	1.0	1559	tags=14%, list=8%, signal=15%	
GOMF_CALCIUM_DEPENDENT_PHOSPHOLIPID_BINDING	GOMF_CALCIUM_DEPENDENT_PHOSPHOLIPID_BINDING		50	0.26889732	0.79732966	0.8159292	0.9666379	1.0	1963	tags=16%, list=10%, signal=18%	
GOBP_POSITIVE_REGULATION_OF_GENE_EXPRESSION_EPIGENETIC	GOBP_POSITIVE_REGULATION_OF_GENE_EXPRESSION_EPIGENETIC		49	0.2709868	0.79689324	0.8181818	0.96699935	1.0	451	tags=6%, list=2%, signal=6%	
GOBP_GANGLION_DEVELOPMENT	GOBP_GANGLION_DEVELOPMENT		17	0.3362979	0.79664433	0.7518657	0.96705	1.0	2498	tags=24%, list=13%, signal=27%	
GOCC_UBIQUITIN_LIGASE_COMPLEX	GOCC_UBIQUITIN_LIGASE_COMPLEX		295	0.21230505	0.79598707	0.9639769	0.967757	1.0	4498	tags=28%, list=23%, signal=36%	
GOBP_EMBRYONIC_CAMERA_TYPE_EYE_MORPHOGENESIS	GOBP_EMBRYONIC_CAMERA_TYPE_EYE_MORPHOGENESIS		26	0.30092853	0.7955285	0.78504676	0.968136	1.0	536	tags=12%, list=3%, signal=12%	
GOBP_CHROMOSOME_ORGANIZATION_INVOLVED_IN_MEIOTIC_CELL_CYCLE	GOBP_CHROMOSOME_ORGANIZATION_INVOLVED_IN_MEIOTIC_CELL_CYCLE		55	0.26464516	0.79548526	0.8134454	0.9678301	1.0	3151	tags=16%, list=16%, signal=19%	
GOCC_GLIAL_CELL_PROJECTION	GOCC_GLIAL_CELL_PROJECTION		39	0.28135374	0.7953396	0.8087432	0.96770227	1.0	2770	tags=18%, list=14%, signal=21%	
GOBP_CIRCADIAN_REGULATION_OF_GENE_EXPRESSION	GOBP_CIRCADIAN_REGULATION_OF_GENE_EXPRESSION		65	0.2540691	0.79525197	0.84843206	0.967473	1.0	2576	tags=18%, list=13%, signal=21%	
GOBP_REGULATION_OF_VIRAL_GENOME_REPLICATION	GOBP_REGULATION_OF_VIRAL_GENOME_REPLICATION		81	0.24557047	0.7950748	0.8539519	0.9673993	1.0	1717	tags=11%, list=9%, signal=12%	
GOBP_RNA_STABILIZATION	GOBP_RNA_STABILIZATION		67	0.2517963	0.79486793	0.8438061	0.96737206	1.0	1658	tags=9%, list=9%, signal=10%	
GOBP_NUCLEOBASE_CONTAINING_COMPOUND_TRANSPORT	GOBP_NUCLEOBASE_CONTAINING_COMPOUND_TRANSPORT		215	0.21815239	0.7943017	0.9467276	0.967945	1.0	5015	tags=33%, list=26%, signal=43%	
GOBP_NEGATIVE_REGULATION_OF_VIRAL_GENOME_REPLICATION	GOBP_NEGATIVE_REGULATION_OF_VIRAL_GENOME_REPLICATION		52	0.26198143	0.7941055	0.83219177	0.9678823	1.0	2720	tags=17%, list=14%, signal=20%	
GOBP_PEPTIDE_ANTIGEN_ASSEMBLY_WITH_MHC_PROTEIN_COMPLEX	GOBP_PEPTIDE_ANTIGEN_ASSEMBLY_WITH_MHC_PROTEIN_COMPLEX		19	0.322634	0.7940316	0.75510204	0.96763337	1.0	2739	tags=32%, list=14%, signal=37%	
GOBP_DETECTION_OF_VISIBLE_LIGHT	GOBP_DETECTION_OF_VISIBLE_LIGHT		48	0.2686516	0.7938456	0.8440208	0.96756923	1.0	4200	tags=23%, list=22%, signal=29%	
GOBP_METANEPHRIC_TUBULE_DEVELOPMENT	GOBP_METANEPHRIC_TUBULE_DEVELOPMENT		24	0.30778894	0.7937652	0.76428574	0.96732026	1.0	2035	tags=21%, list=10%, signal=23%	
GOBP_REGULATION_OF_RAC_PROTEIN_SIGNAL_TRANSDUCTION	GOBP_REGULATION_OF_RAC_PROTEIN_SIGNAL_TRANSDUCTION		23	0.3112138	0.7927939	0.78867924	0.96851885	1.0	3446	tags=35%, list=18%, signal=42%	
GOBP_REGULATION_OF_MRNA_SPLICING_VIA_SPLICEOSOME	GOBP_REGULATION_OF_MRNA_SPLICING_VIA_SPLICEOSOME		107	0.23448741	0.79205585	0.90338165	0.9693912	1.0	3327	tags=13%, list=17%, signal=16%	
GOBP_HEART_TRABECULA_FORMATION	GOBP_HEART_TRABECULA_FORMATION		15	0.3428299	0.7918856	0.73779386	0.96928805	1.0	3344	tags=40%, list=17%, signal=48%	
GOMF_TRANSCRIPTION_COREGULATOR_BINDING	GOMF_TRANSCRIPTION_COREGULATOR_BINDING		111	0.23320986	0.7914983	0.89465153	0.9695777	1.0	2877	tags=15%, list=15%, signal=18%	
GOBP_RENAL_WATER_HOMEOSTASIS	GOBP_RENAL_WATER_HOMEOSTASIS		24	0.3056672	0.79127264	0.78467155	0.9695669	1.0	3715	tags=33%, list=19%, signal=41%	
GOBP_PHOSPHOLIPID_DEPHOSPHORYLATION	GOBP_PHOSPHOLIPID_DEPHOSPHORYLATION		40	0.28073642	0.79077506	0.8027682	0.9700054	1.0	3802	tags=28%, list=20%, signal=34%	
GOBP_REGULATION_OF_RECEPTOR_CLUSTERING	GOBP_REGULATION_OF_RECEPTOR_CLUSTERING		15	0.3438138	0.7906528	0.7659575	0.96984327	1.0	1010	tags=13%, list=5%, signal=14%	
GOBP_GAMMA_AMINOBUTYRIC_ACID_SIGNALING_PATHWAY	GOBP_GAMMA_AMINOBUTYRIC_ACID_SIGNALING_PATHWAY		27	0.30427572	0.7902735	0.78417265	0.97008187	1.0	729	tags=7%, list=4%, signal=8%	
GOBP_SULFUR_COMPOUND_CATABOLIC_PROCESS	GOBP_SULFUR_COMPOUND_CATABOLIC_PROCESS		44	0.2702623	0.7899872	0.841637	0.9701571	1.0	2630	tags=20%, list=14%, signal=24%	
GOCC_EXTRINSIC_COMPONENT_OF_CYTOPLASMIC_SIDE_OF_PLASMA_MEMBRANE	GOCC_EXTRINSIC_COMPONENT_OF_CYTOPLASMIC_SIDE_OF_PLASMA_MEMBRANE		47	0.26609677	0.7897099	0.8100358	0.9702217	1.0	2635	tags=19%, list=14%, signal=22%	
GOMF_14_3_3_PROTEIN_BINDING	GOMF_14_3_3_PROTEIN_BINDING		30	0.29164103	0.788739	0.81284404	0.97139615	1.0	5294	tags=47%, list=27%, signal=64%	
GOBP_CALCIUM_ION_REGULATED_EXOCYTOSIS	GOBP_CALCIUM_ION_REGULATED_EXOCYTOSIS		65	0.25343952	0.7886789	0.8549488	0.9711137	1.0	2411	tags=14%, list=12%, signal=16%	
GOBP_POSITIVE_REGULATION_OF_TYPE_I_INTERFERON_MEDIATED_SIGNALING_PATHWAY	GOBP_POSITIVE_REGULATION_OF_TYPE_I_INTERFERON_MEDIATED_SIGNALING_PATHWAY		19	0.3243104	0.78816384	0.7509434	0.9715357	1.0	47	tags=5%, list=0%, signal=5%	
GOBP_CATECHOLAMINE_UPTAKE	GOBP_CATECHOLAMINE_UPTAKE		17	0.3273864	0.7878294	0.77820265	0.97169524	1.0	2089	tags=12%, list=11%, signal=13%	
GOCC_ANAPHASE_PROMOTING_COMPLEX	GOCC_ANAPHASE_PROMOTING_COMPLEX		22	0.30584294	0.78711647	0.7858473	0.9724155	1.0	5187	tags=36%, list=27%, signal=50%	
GOCC_COPI_COATED_VESICLE	GOCC_COPI_COATED_VESICLE		24	0.30779108	0.7862925	0.77490777	0.9733507	1.0	5257	tags=42%, list=27%, signal=57%	
GOBP_G1_TO_G0_TRANSITION	GOBP_G1_TO_G0_TRANSITION		18	0.32751015	0.78580517	0.752809	0.9737135	1.0	1244	tags=11%, list=6%, signal=12%	
GOBP_REGULATION_OF_INTRACELLULAR_STEROID_HORMONE_RECEPTOR_SIGNALING_PATHWAY	GOBP_REGULATION_OF_INTRACELLULAR_STEROID_HORMONE_RECEPTOR_SIGNALING_PATHWAY		68	0.25350773	0.7850505	0.83468395	0.9745148	1.0	3503	tags=24%, list=18%, signal=29%	
GOBP_VITAMIN_BIOSYNTHETIC_PROCESS	GOBP_VITAMIN_BIOSYNTHETIC_PROCESS		25	0.30458415	0.78464884	0.798574	0.97475445	1.0	2156	tags=20%, list=11%, signal=22%	
GOBP_MUSCLE_CELL_FATE_COMMITMENT	GOBP_MUSCLE_CELL_FATE_COMMITMENT		16	0.33636424	0.7841168	0.7744361	0.9752265	1.0	2491	tags=25%, list=13%, signal=29%	
GOMF_ENZYME_SUBSTRATE_ADAPTOR_ACTIVITY	GOMF_ENZYME_SUBSTRATE_ADAPTOR_ACTIVITY		71	0.25036496	0.78332496	0.86585367	0.9760782	1.0	4253	tags=32%, list=22%, signal=41%	
GOBP_RESPONSE_TO_IONIZING_RADIATION	GOBP_RESPONSE_TO_IONIZING_RADIATION		128	0.22886299	0.78328097	0.918138	0.9757761	1.0	3892	tags=24%, list=20%, signal=30%	
GOCC_GAMMA_TUBULIN_COMPLEX	GOCC_GAMMA_TUBULIN_COMPLEX		17	0.32168373	0.7830393	0.77075815	0.9757586	1.0	1179	tags=18%, list=6%, signal=19%	
GOBP_PROTEIN_LOCALIZATION_TO_POSTSYNAPSE	GOBP_PROTEIN_LOCALIZATION_TO_POSTSYNAPSE		44	0.26680917	0.78302294	0.8558719	0.9754166	1.0	2658	tags=18%, list=14%, signal=21%	
GOBP_POSITIVE_REGULATION_OF_PROTEASOMAL_UBIQUITIN_DEPENDENT_PROTEIN_CATABOLIC_PROCESS	GOBP_POSITIVE_REGULATION_OF_PROTEASOMAL_UBIQUITIN_DEPENDENT_PROTEIN_CATABOLIC_PROCESS		71	0.2484625	0.78212357	0.88235295	0.9764154	1.0	2589	tags=17%, list=13%, signal=19%	
GOCC_COPII_COATED_ER_TO_GOLGI_TRANSPORT_VESICLE	GOCC_COPII_COATED_ER_TO_GOLGI_TRANSPORT_VESICLE		89	0.23746252	0.78192824	0.8876222	0.97634834	1.0	3872	tags=28%, list=20%, signal=35%	
GOBP_FATTY_ACID_BETA_OXIDATION	GOBP_FATTY_ACID_BETA_OXIDATION		72	0.24622189	0.78096163	0.8498233	0.97745585	1.0	1667	tags=11%, list=9%, signal=12%	
GOBP_NEGATIVE_REGULATION_OF_RECEPTOR_SIGNALING_PATHWAY_VIA_STAT	GOBP_NEGATIVE_REGULATION_OF_RECEPTOR_SIGNALING_PATHWAY_VIA_STAT		23	0.30618122	0.78049487	0.7837838	0.9778124	1.0	1864	tags=17%, list=10%, signal=19%	
GOBP_REGULATION_OF_MICROTUBULE_BASED_MOVEMENT	GOBP_REGULATION_OF_MICROTUBULE_BASED_MOVEMENT		49	0.26306197	0.7803475	0.8457627	0.9776693	1.0	1467	tags=12%, list=8%, signal=13%	
GOBP_PROTEIN_NEDDYLATION	GOBP_PROTEIN_NEDDYLATION		28	0.29178992	0.78000647	0.79821426	0.9778113	1.0	5910	tags=36%, list=30%, signal=51%	
GOBP_REGULATION_OF_CILIUM_DEPENDENT_CELL_MOTILITY	GOBP_REGULATION_OF_CILIUM_DEPENDENT_CELL_MOTILITY		27	0.29413876	0.7793394	0.80580765	0.9784781	1.0	5559	tags=33%, list=29%, signal=47%	
GOMF_MONOATOMIC_ANION_MONOATOMIC_CATION_SYMPORTER_ACTIVITY	GOMF_MONOATOMIC_ANION_MONOATOMIC_CATION_SYMPORTER_ACTIVITY		25	0.30044973	0.77912307	0.8046595	0.978427	1.0	3251	tags=24%, list=17%, signal=29%	
GOBP_VITAMIN_D_METABOLIC_PROCESS	GOBP_VITAMIN_D_METABOLIC_PROCESS		21	0.31338653	0.7788837	0.78597784	0.9784163	1.0	2156	tags=24%, list=11%, signal=27%	
GOBP_POSITIVE_REGULATION_OF_INTRACELLULAR_TRANSPORT	GOBP_POSITIVE_REGULATION_OF_INTRACELLULAR_TRANSPORT		132	0.22522968	0.7787574	0.943038	0.97822535	1.0	4671	tags=34%, list=24%, signal=45%	
GOBP_ADRENAL_GLAND_DEVELOPMENT	GOBP_ADRENAL_GLAND_DEVELOPMENT		27	0.29755688	0.7776628	0.8	0.97946006	1.0	908	tags=15%, list=5%, signal=16%	
GOBP_REGULATION_OF_RESPONSE_TO_FOOD	GOBP_REGULATION_OF_RESPONSE_TO_FOOD		16	0.32652858	0.77755195	0.78427786	0.97925127	1.0	1108	tags=13%, list=6%, signal=13%	
GOCC_RNA_POLYMERASE_II_HOLOENZYME	GOCC_RNA_POLYMERASE_II_HOLOENZYME		68	0.250871	0.77674204	0.88324875	0.9800074	1.0	4160	tags=29%, list=21%, signal=37%	
GOMF_FLOPPASE_ACTIVITY	GOMF_FLOPPASE_ACTIVITY		16	0.32952625	0.776604	0.749522	0.97984105	1.0	3860	tags=38%, list=20%, signal=47%	
GOBP_NEGATIVE_REGULATION_OF_POST_TRANSLATIONAL_PROTEIN_MODIFICATION	GOBP_NEGATIVE_REGULATION_OF_POST_TRANSLATIONAL_PROTEIN_MODIFICATION		87	0.23771909	0.7764128	0.89805824	0.9797687	1.0	3612	tags=23%, list=19%, signal=28%	
GOMF_MRNA_BINDING	GOMF_MRNA_BINDING		327	0.20523342	0.7763803	0.9886846	0.9794523	1.0	4325	tags=22%, list=22%, signal=27%	
GOBP_NEGATIVE_REGULATION_OF_T_CELL_RECEPTOR_SIGNALING_PATHWAY	GOBP_NEGATIVE_REGULATION_OF_T_CELL_RECEPTOR_SIGNALING_PATHWAY		25	0.2947961	0.7762264	0.7952468	0.9793114	1.0	3075	tags=24%, list=16%, signal=28%	
GOBP_REGULATION_OF_ERAD_PATHWAY	GOBP_REGULATION_OF_ERAD_PATHWAY		22	0.30595392	0.7761383	0.79234976	0.97907454	1.0	532	tags=9%, list=3%, signal=9%	
GOBP_REGULATION_OF_DNA_DAMAGE_CHECKPOINT	GOBP_REGULATION_OF_DNA_DAMAGE_CHECKPOINT		19	0.31705004	0.77543765	0.79856116	0.979747	1.0	3708	tags=37%, list=19%, signal=45%	
GOBP_REGULATION_OF_CALCIUM_ION_TRANSPORT_INTO_CYTOSOL	GOBP_REGULATION_OF_CALCIUM_ION_TRANSPORT_INTO_CYTOSOL		16	0.3252584	0.77534264	0.7769517	0.9795086	1.0	2320	tags=13%, list=12%, signal=14%	
GOBP_VESICLE_CARGO_LOADING	GOBP_VESICLE_CARGO_LOADING		31	0.28399238	0.77505547	0.8142857	0.9795546	1.0	2763	tags=19%, list=14%, signal=23%	
GOMF_ACETYLGLUCOSAMINYLTRANSFERASE_ACTIVITY	GOMF_ACETYLGLUCOSAMINYLTRANSFERASE_ACTIVITY		41	0.2694226	0.7750276	0.85405403	0.9792295	1.0	2370	tags=20%, list=12%, signal=22%	
GOMF_INTRAMOLECULAR_TRANSFERASE_ACTIVITY	GOMF_INTRAMOLECULAR_TRANSFERASE_ACTIVITY		28	0.2915948	0.77491844	0.79742175	0.9790135	1.0	2649	tags=21%, list=14%, signal=25%	
GOBP_GLUCOCORTICOID_METABOLIC_PROCESS	GOBP_GLUCOCORTICOID_METABOLIC_PROCESS		25	0.30070058	0.7744563	0.80550456	0.9793296	1.0	1377	tags=16%, list=7%, signal=17%	
GOBP_REGULATION_OF_NEUROTRANSMITTER_TRANSPORT	GOBP_REGULATION_OF_NEUROTRANSMITTER_TRANSPORT		96	0.23334748	0.77369034	0.9177632	0.98002267	1.0	2093	tags=15%, list=11%, signal=16%	
GOBP_NEGATIVE_REGULATION_OF_BONE_REMODELING	GOBP_NEGATIVE_REGULATION_OF_BONE_REMODELING		18	0.32620895	0.77363825	0.76833975	0.9797226	1.0	3234	tags=33%, list=17%, signal=40%	
GOBP_INNER_EAR_RECEPTOR_CELL_DEVELOPMENT	GOBP_INNER_EAR_RECEPTOR_CELL_DEVELOPMENT		42	0.26643026	0.77279085	0.82960415	0.9805482	1.0	1736	tags=14%, list=9%, signal=16%	
GOMF_LIGASE_ACTIVITY_FORMING_CARBON_OXYGEN_BONDS	GOMF_LIGASE_ACTIVITY_FORMING_CARBON_OXYGEN_BONDS		20	0.30915502	0.77255553	0.78	0.98050046	1.0	1389	tags=10%, list=7%, signal=11%	
GOBP_INTRACELLULAR_LIPID_TRANSPORT	GOBP_INTRACELLULAR_LIPID_TRANSPORT		44	0.2659397	0.7724904	0.84424776	0.9802192	1.0	2295	tags=14%, list=12%, signal=15%	
GOBP_ANTIGEN_PROCESSING_AND_PRESENTATION_OF_PEPTIDE_ANTIGEN_VIA_MHC_CLASS_IB	GOBP_ANTIGEN_PROCESSING_AND_PRESENTATION_OF_PEPTIDE_ANTIGEN_VIA_MHC_CLASS_IB		17	0.31724218	0.7723384	0.7907407	0.98006517	1.0	88	tags=6%, list=0%, signal=6%	
GOBP_AXO_DENDRITIC_TRANSPORT	GOBP_AXO_DENDRITIC_TRANSPORT		79	0.2367092	0.7722307	0.8941799	0.979844	1.0	4034	tags=24%, list=21%, signal=30%	
GOBP_ASYMMETRIC_CELL_DIVISION	GOBP_ASYMMETRIC_CELL_DIVISION		19	0.31266397	0.77222055	0.8144531	0.9794883	1.0	4427	tags=47%, list=23%, signal=61%	
GOBP_CYTOPLASMIC_MICROTUBULE_ORGANIZATION	GOBP_CYTOPLASMIC_MICROTUBULE_ORGANIZATION		56	0.25222602	0.77195233	0.87873465	0.97951514	1.0	4671	tags=38%, list=24%, signal=49%	
GOBP_NEUROTRANSMITTER_GATED_ION_CHANNEL_CLUSTERING	GOBP_NEUROTRANSMITTER_GATED_ION_CHANNEL_CLUSTERING		15	0.33590066	0.7713367	0.7811861	0.9800025	1.0	423	tags=7%, list=2%, signal=7%	
GOBP_MRNA_3_END_PROCESSING	GOBP_MRNA_3_END_PROCESSING		37	0.27527854	0.77126884	0.8246528	0.9797375	1.0	3073	tags=19%, list=16%, signal=22%	
GOBP_NEGATIVE_REGULATION_OF_STRIATED_MUSCLE_CELL_APOPTOTIC_PROCESS	GOBP_NEGATIVE_REGULATION_OF_STRIATED_MUSCLE_CELL_APOPTOTIC_PROCESS		26	0.294943	0.7711151	0.80898875	0.97959787	1.0	1312	tags=12%, list=7%, signal=12%	
GOBP_MITOCHONDRIAL_CALCIUM_ION_TRANSMEMBRANE_TRANSPORT	GOBP_MITOCHONDRIAL_CALCIUM_ION_TRANSMEMBRANE_TRANSPORT		20	0.31260994	0.77104074	0.81352836	0.97932637	1.0	1932	tags=15%, list=10%, signal=17%	
GOBP_REGULATION_OF_POST_TRANSLATIONAL_PROTEIN_MODIFICATION	GOBP_REGULATION_OF_POST_TRANSLATIONAL_PROTEIN_MODIFICATION		230	0.20758764	0.77095	0.97360706	0.9790862	1.0	3953	tags=22%, list=20%, signal=28%	
GOBP_FATTY_ACID_TRANSMEMBRANE_TRANSPORT	GOBP_FATTY_ACID_TRANSMEMBRANE_TRANSPORT		20	0.306438	0.76979434	0.77272725	0.9803803	1.0	2380	tags=20%, list=12%, signal=23%	
GOBP_RESPONSE_TO_RADIATION	GOBP_RESPONSE_TO_RADIATION		406	0.1991369	0.7690409	0.99717516	0.9811186	1.0	3892	tags=21%, list=20%, signal=26%	
GOBP_REGULATION_OF_CENTRIOLE_REPLICATION	GOBP_REGULATION_OF_CENTRIOLE_REPLICATION		21	0.3053067	0.76895696	0.8010949	0.9808763	1.0	1164	tags=14%, list=6%, signal=15%	
GOBP_PHOSPHATIDYLCHOLINE_CATABOLIC_PROCESS	GOBP_PHOSPHATIDYLCHOLINE_CATABOLIC_PROCESS		16	0.32878536	0.7685587	0.7949219	0.9810576	1.0	1326	tags=13%, list=7%, signal=13%	
GOCC_NBAF_COMPLEX	GOCC_NBAF_COMPLEX		16	0.33030012	0.7682931	0.7643785	0.9810541	1.0	6404	tags=44%, list=33%, signal=65%	
GOBP_RESPONSE_TO_UV	GOBP_RESPONSE_TO_UV		150	0.219151	0.76822114	0.9522241	0.9807957	1.0	4444	tags=27%, list=23%, signal=34%	
GOBP_SIGNAL_TRANSDUCTION_BY_P53_CLASS_MEDIATOR	GOBP_SIGNAL_TRANSDUCTION_BY_P53_CLASS_MEDIATOR		168	0.21534088	0.7667183	0.9603804	0.9825234	1.0	4156	tags=24%, list=21%, signal=31%	
GOBP_MACROMOLECULE_METHYLATION	GOBP_MACROMOLECULE_METHYLATION		112	0.22321977	0.7662484	0.94342506	0.98280317	1.0	4264	tags=30%, list=22%, signal=39%	
GOBP_PURINE_RIBONUCLEOSIDE_METABOLIC_PROCESS	GOBP_PURINE_RIBONUCLEOSIDE_METABOLIC_PROCESS		20	0.30924803	0.7662048	0.8025135	0.98249334	1.0	2796	tags=25%, list=14%, signal=29%	
GOBP_GLYCOSPHINGOLIPID_BIOSYNTHETIC_PROCESS	GOBP_GLYCOSPHINGOLIPID_BIOSYNTHETIC_PROCESS		38	0.27276847	0.7660133	0.82434785	0.9823946	1.0	3156	tags=24%, list=16%, signal=28%	
GOBP_ORGANELLE_FISSION	GOBP_ORGANELLE_FISSION		444	0.1946199	0.7656994	0.99722606	0.9824385	1.0	4259	tags=23%, list=22%, signal=29%	
GOBP_REGULATION_OF_MAMMARY_GLAND_EPITHELIAL_CELL_PROLIFERATION	GOBP_REGULATION_OF_MAMMARY_GLAND_EPITHELIAL_CELL_PROLIFERATION		15	0.32530764	0.7655319	0.7692308	0.98228526	1.0	1619	tags=13%, list=8%, signal=15%	
GOBP_POSITIVE_REGULATION_OF_PROTEIN_LOCALIZATION_TO_NUCLEUS	GOBP_POSITIVE_REGULATION_OF_PROTEIN_LOCALIZATION_TO_NUCLEUS		92	0.23049915	0.76544374	0.9350649	0.9820349	1.0	3852	tags=28%, list=20%, signal=35%	
GOBP_POSITIVE_REGULATION_OF_MEIOTIC_NUCLEAR_DIVISION	GOBP_POSITIVE_REGULATION_OF_MEIOTIC_NUCLEAR_DIVISION		15	0.32356068	0.76522344	0.8068834	0.9819743	1.0	147	tags=7%, list=1%, signal=7%	
GOCC_CATALYTIC_STEP_2_SPLICEOSOME	GOCC_CATALYTIC_STEP_2_SPLICEOSOME		87	0.23088512	0.7652149	0.9230769	0.9816166	1.0	5353	tags=36%, list=28%, signal=49%	
GOBP_NEGATIVE_REGULATION_OF_PLATELET_ACTIVATION	GOBP_NEGATIVE_REGULATION_OF_PLATELET_ACTIVATION		17	0.32455516	0.7651015	0.78488374	0.9814013	1.0	2281	tags=24%, list=12%, signal=27%	
GOBP_HYPOTHALAMUS_DEVELOPMENT	GOBP_HYPOTHALAMUS_DEVELOPMENT		29	0.2905696	0.76478493	0.8258427	0.981459	1.0	3722	tags=21%, list=19%, signal=26%	
GOBP_ESTABLISHMENT_OF_EPITHELIAL_CELL_POLARITY	GOBP_ESTABLISHMENT_OF_EPITHELIAL_CELL_POLARITY		33	0.2758085	0.7646137	0.8276481	0.9813287	1.0	2080	tags=15%, list=11%, signal=17%	
GOBP_CELLULAR_RESPONSE_TO_RADIATION	GOBP_CELLULAR_RESPONSE_TO_RADIATION		171	0.21196331	0.7633371	0.96352583	0.98270047	1.0	3892	tags=23%, list=20%, signal=29%	
GOBP_REGULATION_OF_NUCLEAR_TRANSCRIBED_MRNA_CATABOLIC_PROCESS_DEADENYLATION_DEPENDENT_DECAY	GOBP_REGULATION_OF_NUCLEAR_TRANSCRIBED_MRNA_CATABOLIC_PROCESS_DEADENYLATION_DEPENDENT_DECAY		21	0.3058138	0.7630012	0.8173258	0.9827802	1.0	4178	tags=29%, list=22%, signal=36%	
GOBP_POSITIVE_REGULATION_OF_INTRACELLULAR_PROTEIN_TRANSPORT	GOBP_POSITIVE_REGULATION_OF_INTRACELLULAR_PROTEIN_TRANSPORT		92	0.23212443	0.76273316	0.92358804	0.98276013	1.0	4600	tags=34%, list=24%, signal=44%	
GOBP_REGULATION_OF_GLIAL_CELL_MIGRATION	GOBP_REGULATION_OF_GLIAL_CELL_MIGRATION		17	0.32128164	0.76225245	0.80943394	0.98303366	1.0	1567	tags=24%, list=8%, signal=26%	
GOBP_BONE_CELL_DEVELOPMENT	GOBP_BONE_CELL_DEVELOPMENT		18	0.30877653	0.76185745	0.8007737	0.9831902	1.0	2488	tags=22%, list=13%, signal=25%	
GOBP_CHEMOSENSORY_BEHAVIOR	GOBP_CHEMOSENSORY_BEHAVIOR		18	0.31465954	0.76178694	0.7918871	0.9829207	1.0	5134	tags=39%, list=26%, signal=53%	
GOBP_NUCLEOSIDE_TRIPHOSPHATE_BIOSYNTHETIC_PROCESS	GOBP_NUCLEOSIDE_TRIPHOSPHATE_BIOSYNTHETIC_PROCESS		86	0.23330724	0.76147187	0.92844975	0.98295987	1.0	4868	tags=27%, list=25%, signal=36%	
GOBP_REGULATION_OF_PROTEIN_EXPORT_FROM_NUCLEUS	GOBP_REGULATION_OF_PROTEIN_EXPORT_FROM_NUCLEUS		35	0.27157366	0.76126456	0.84436494	0.982875	1.0	1452	tags=17%, list=7%, signal=18%	
GOMF_MICROTUBULE_PLUS_END_BINDING	GOMF_MICROTUBULE_PLUS_END_BINDING		21	0.3044998	0.76063824	0.80798477	0.98331314	1.0	2723	tags=24%, list=14%, signal=28%	
GOBP_CELLULAR_RESPONSE_TO_REACTIVE_NITROGEN_SPECIES	GOBP_CELLULAR_RESPONSE_TO_REACTIVE_NITROGEN_SPECIES		15	0.33090398	0.7586549	0.807393	0.98548245	1.0	1163	tags=13%, list=6%, signal=14%	
GOBP_SPINDLE_ASSEMBLY	GOBP_SPINDLE_ASSEMBLY		121	0.2203885	0.75860125	0.9477848	0.98518676	1.0	3732	tags=22%, list=19%, signal=27%	
GOBP_IMPORT_INTO_THE_MITOCHONDRION	GOBP_IMPORT_INTO_THE_MITOCHONDRION		47	0.25734648	0.7584265	0.8694158	0.9850353	1.0	2437	tags=19%, list=13%, signal=22%	
GOBP_REFLEX	GOBP_REFLEX		22	0.29726094	0.7583123	0.8239437	0.98480994	1.0	1300	tags=9%, list=7%, signal=10%	
GOBP_LATE_ENDOSOME_TO_VACUOLE_TRANSPORT	GOBP_LATE_ENDOSOME_TO_VACUOLE_TRANSPORT		35	0.27239752	0.75764275	0.8425926	0.9853134	1.0	4387	tags=31%, list=23%, signal=41%	
GOBP_RENAL_VESICLE_DEVELOPMENT	GOBP_RENAL_VESICLE_DEVELOPMENT		17	0.31666932	0.75713664	0.77692306	0.98557186	1.0	3849	tags=35%, list=20%, signal=44%	
GOBP_CORONARY_VASCULATURE_MORPHOGENESIS	GOBP_CORONARY_VASCULATURE_MORPHOGENESIS		17	0.31806263	0.755835	0.79962194	0.9868238	1.0	3309	tags=29%, list=17%, signal=35%	
GOCC_PROTEIN_KINASE_COMPLEX	GOCC_PROTEIN_KINASE_COMPLEX		143	0.21688648	0.7542929	0.9652449	0.98835564	1.0	3787	tags=20%, list=19%, signal=25%	
GOBP_LOCOMOTOR_RHYTHM	GOBP_LOCOMOTOR_RHYTHM		16	0.31888378	0.7541114	0.8109641	0.98821306	1.0	635	tags=13%, list=3%, signal=13%	
GOBP_METANEPHRIC_EPITHELIUM_DEVELOPMENT	GOBP_METANEPHRIC_EPITHELIUM_DEVELOPMENT		28	0.28198722	0.75400114	0.82341653	0.9879973	1.0	2035	tags=18%, list=10%, signal=20%	
GOBP_MEIOSIS_I_CELL_CYCLE_PROCESS	GOBP_MEIOSIS_I_CELL_CYCLE_PROCESS		117	0.2241549	0.75375193	0.9480737	0.98792434	1.0	3804	tags=21%, list=20%, signal=25%	
GOMF_SOLUTE_SODIUM_SYMPORTER_ACTIVITY	GOMF_SOLUTE_SODIUM_SYMPORTER_ACTIVITY		80	0.23133697	0.7535212	0.9245283	0.987844	1.0	1682	tags=11%, list=9%, signal=12%	
GOMF_PROTON_TRANSMEMBRANE_TRANSPORTER_ACTIVITY	GOMF_PROTON_TRANSMEMBRANE_TRANSPORTER_ACTIVITY		146	0.21447925	0.75310814	0.97178686	0.98801154	1.0	1670	tags=7%, list=9%, signal=7%	
GOBP_AXONAL_TRANSPORT	GOBP_AXONAL_TRANSPORT		67	0.23876348	0.75262	0.9078727	0.9882232	1.0	4034	tags=24%, list=21%, signal=30%	
GOBP_ANTIGEN_PROCESSING_AND_PRESENTATION_VIA_MHC_CLASS_IB	GOBP_ANTIGEN_PROCESSING_AND_PRESENTATION_VIA_MHC_CLASS_IB		24	0.2918632	0.7523176	0.8321678	0.988216	1.0	4010	tags=33%, list=21%, signal=42%	
GOBP_REGULATION_OF_SKELETAL_MUSCLE_TISSUE_DEVELOPMENT	GOBP_REGULATION_OF_SKELETAL_MUSCLE_TISSUE_DEVELOPMENT		25	0.29117778	0.7514951	0.82998174	0.9888662	1.0	2513	tags=16%, list=13%, signal=18%	
GOBP_POSITIVE_REGULATION_OF_CYTOKINESIS	GOBP_POSITIVE_REGULATION_OF_CYTOKINESIS		49	0.2535155	0.7514606	0.8759542	0.9885473	1.0	4371	tags=31%, list=23%, signal=39%	
GOBP_NEGATIVE_REGULATION_OF_RNA_CATABOLIC_PROCESS	GOBP_NEGATIVE_REGULATION_OF_RNA_CATABOLIC_PROCESS		78	0.23450091	0.7513563	0.93062603	0.9883189	1.0	4230	tags=23%, list=22%, signal=29%	
GOBP_FATTY_ACYL_COA_METABOLIC_PROCESS	GOBP_FATTY_ACYL_COA_METABOLIC_PROCESS		38	0.26420304	0.75133973	0.8635548	0.9879768	1.0	2933	tags=24%, list=15%, signal=28%	
GOBP_NEGATIVE_REGULATION_OF_LYMPHOCYTE_APOPTOTIC_PROCESS	GOBP_NEGATIVE_REGULATION_OF_LYMPHOCYTE_APOPTOTIC_PROCESS		36	0.26937297	0.7510582	0.8621974	0.9879179	1.0	1482	tags=11%, list=8%, signal=12%	
GOBP_NEURON_INTRINSIC_APOPTOTIC_SIGNALING_PATHWAY_IN_RESPONSE_TO_OXIDATIVE_STRESS	GOBP_NEURON_INTRINSIC_APOPTOTIC_SIGNALING_PATHWAY_IN_RESPONSE_TO_OXIDATIVE_STRESS		20	0.3021223	0.7509308	0.8333333	0.9877057	1.0	1482	tags=15%, list=8%, signal=16%	
GOBP_PROTEIN_REFOLDING	GOBP_PROTEIN_REFOLDING		26	0.28906274	0.75047535	0.8501946	0.9878726	1.0	2589	tags=15%, list=13%, signal=18%	
GOBP_RESPONSE_TO_CATECHOLAMINE	GOBP_RESPONSE_TO_CATECHOLAMINE		58	0.24319422	0.74956065	0.90219223	0.9885936	1.0	2849	tags=19%, list=15%, signal=22%	
GOBP_N_GLYCAN_PROCESSING	GOBP_N_GLYCAN_PROCESSING		17	0.30910558	0.74901974	0.8088235	0.9888712	1.0	1046	tags=12%, list=5%, signal=12%	
GOBP_POSITIVE_REGULATION_OF_AMYLOID_BETA_FORMATION	GOBP_POSITIVE_REGULATION_OF_AMYLOID_BETA_FORMATION		19	0.30639622	0.74869454	0.79607844	0.9889009	1.0	716	tags=11%, list=4%, signal=11%	
GOMF_NF_KAPPAB_BINDING	GOMF_NF_KAPPAB_BINDING		28	0.28307134	0.74829835	0.8517857	0.9889859	1.0	4287	tags=32%, list=22%, signal=41%	
GOBP_REGULATION_OF_SYNAPTIC_VESICLE_EXOCYTOSIS	GOBP_REGULATION_OF_SYNAPTIC_VESICLE_EXOCYTOSIS		42	0.25677443	0.74828446	0.85225224	0.98864084	1.0	4585	tags=33%, list=24%, signal=44%	
GOBP_CELLULAR_HYPEROSMOTIC_RESPONSE	GOBP_CELLULAR_HYPEROSMOTIC_RESPONSE		20	0.30237648	0.74815965	0.8195212	0.98841685	1.0	3663	tags=30%, list=19%, signal=37%	
GOBP_RRNA_TRANSCRIPTION	GOBP_RRNA_TRANSCRIPTION		32	0.26869392	0.74801886	0.85071945	0.9882141	1.0	4379	tags=28%, list=23%, signal=36%	
GOBP_EPIGENETIC_PROGRAMMING_OF_GENE_EXPRESSION	GOBP_EPIGENETIC_PROGRAMMING_OF_GENE_EXPRESSION		30	0.27834636	0.747892	0.8465704	0.9879933	1.0	4732	tags=30%, list=24%, signal=40%	
GOBP_REGULATION_OF_CYTOPLASMIC_TRANSLATION	GOBP_REGULATION_OF_CYTOPLASMIC_TRANSLATION		35	0.267056	0.7478726	0.8802817	0.9876544	1.0	1658	tags=14%, list=9%, signal=16%	
GOBP_LIPID_DIGESTION	GOBP_LIPID_DIGESTION		22	0.29522318	0.7477295	0.84190476	0.9874638	1.0	3114	tags=23%, list=16%, signal=27%	
GOBP_NEGATIVE_REGULATION_OF_NF_KAPPAB_TRANSCRIPTION_FACTOR_ACTIVITY	GOBP_NEGATIVE_REGULATION_OF_NF_KAPPAB_TRANSCRIPTION_FACTOR_ACTIVITY		72	0.23743431	0.746788	0.9225589	0.9881916	1.0	4436	tags=28%, list=23%, signal=36%	
GOBP_RESPONSE_TO_HYDROPEROXIDE	GOBP_RESPONSE_TO_HYDROPEROXIDE		18	0.31414104	0.7450044	0.8188679	0.98990333	1.0	2676	tags=28%, list=14%, signal=32%	
GOBP_ANDROGEN_METABOLIC_PROCESS	GOBP_ANDROGEN_METABOLIC_PROCESS		30	0.27504012	0.74286985	0.8594306	0.99195933	1.0	2169	tags=13%, list=11%, signal=15%	
GOBP_PROTEIN_DESTABILIZATION	GOBP_PROTEIN_DESTABILIZATION		45	0.24989025	0.7427221	0.91068304	0.99175906	1.0	4486	tags=36%, list=23%, signal=46%	
GOBP_MATURATION_OF_LSU_RRNA_FROM_TRICISTRONIC_RRNA_TRANSCRIPT_SSU_RRNA_5_8S_RRNA_LSU_RRNA	GOBP_MATURATION_OF_LSU_RRNA_FROM_TRICISTRONIC_RRNA_TRANSCRIPT_SSU_RRNA_5_8S_RRNA_LSU_RRNA		15	0.31985852	0.74140865	0.8327138	0.9928501	1.0	3718	tags=33%, list=19%, signal=41%	
GOBP_SLEEP	GOBP_SLEEP		22	0.29052353	0.7408785	0.84837544	0.9930713	1.0	2796	tags=18%, list=14%, signal=21%	
GOBP_NEGATIVE_REGULATION_OF_CELL_CYCLE_G2_M_PHASE_TRANSITION	GOBP_NEGATIVE_REGULATION_OF_CELL_CYCLE_G2_M_PHASE_TRANSITION		60	0.24386553	0.7407839	0.9051724	0.9928129	1.0	3865	tags=23%, list=20%, signal=29%	
GOBP_REGULATION_OF_CYTOKINESIS	GOBP_REGULATION_OF_CYTOKINESIS		89	0.22600833	0.7403798	0.94	0.99288446	1.0	4544	tags=29%, list=23%, signal=38%	
GOBP_POSITIVE_REGULATION_OF_MITOCHONDRIAL_FISSION	GOBP_POSITIVE_REGULATION_OF_MITOCHONDRIAL_FISSION		19	0.30041334	0.74034524	0.82725525	0.9925629	1.0	2658	tags=21%, list=14%, signal=24%	
GOBP_INNER_EAR_RECEPTOR_CELL_STEREOCILIUM_ORGANIZATION	GOBP_INNER_EAR_RECEPTOR_CELL_STEREOCILIUM_ORGANIZATION		30	0.27821934	0.73975277	0.8563218	0.9928459	1.0	1501	tags=13%, list=8%, signal=14%	
GOBP_REGULATION_OF_DEFENSE_RESPONSE_TO_BACTERIUM	GOBP_REGULATION_OF_DEFENSE_RESPONSE_TO_BACTERIUM		19	0.30607453	0.73951596	0.83768654	0.9927564	1.0	2020	tags=21%, list=10%, signal=23%	
GOBP_MITOCHONDRIAL_FISSION	GOBP_MITOCHONDRIAL_FISSION		36	0.26762146	0.7392641	0.8703375	0.99266005	1.0	4745	tags=36%, list=24%, signal=48%	
GOCC_MICROTUBULE_PLUS_END	GOCC_MICROTUBULE_PLUS_END		21	0.29347527	0.7390736	0.821366	0.992516	1.0	3579	tags=33%, list=18%, signal=41%	
GOBP_REGULATION_OF_NEURON_PROJECTION_ARBORIZATION	GOBP_REGULATION_OF_NEURON_PROJECTION_ARBORIZATION		15	0.3180239	0.73903215	0.82429904	0.9921974	1.0	1800	tags=27%, list=9%, signal=29%	
GOMF_NEUROPEPTIDE_RECEPTOR_ACTIVITY	GOMF_NEUROPEPTIDE_RECEPTOR_ACTIVITY		47	0.24956185	0.73856735	0.8951049	0.9923279	1.0	118	tags=2%, list=1%, signal=2%	
GOBP_NEGATIVE_REGULATION_OF_PROTEIN_UBIQUITINATION	GOBP_NEGATIVE_REGULATION_OF_PROTEIN_UBIQUITINATION		71	0.23331316	0.73753417	0.93698174	0.9930731	1.0	3612	tags=24%, list=19%, signal=29%	
GOBP_GLYCOSYLCERAMIDE_METABOLIC_PROCESS	GOBP_GLYCOSYLCERAMIDE_METABOLIC_PROCESS		17	0.31342664	0.73745555	0.81142855	0.9928052	1.0	4140	tags=41%, list=21%, signal=52%	
GOBP_RESPONSE_TO_HEPATOCYTE_GROWTH_FACTOR	GOBP_RESPONSE_TO_HEPATOCYTE_GROWTH_FACTOR		17	0.30492568	0.7373788	0.81766915	0.9925212	1.0	3497	tags=29%, list=18%, signal=36%	
GOCC_MIDBODY	GOCC_MIDBODY		190	0.20567182	0.73709106	0.9896907	0.99246114	1.0	4682	tags=28%, list=24%, signal=37%	
GOBP_ENDOSOME_TRANSPORT_VIA_MULTIVESICULAR_BODY_SORTING_PATHWAY	GOBP_ENDOSOME_TRANSPORT_VIA_MULTIVESICULAR_BODY_SORTING_PATHWAY		39	0.25597018	0.7369729	0.8929825	0.99223745	1.0	3988	tags=28%, list=21%, signal=35%	
GOMF_NADP_BINDING	GOMF_NADP_BINDING		53	0.24547414	0.73635	0.91256833	0.99254775	1.0	4932	tags=40%, list=25%, signal=53%	
GOMF_DYNEIN_COMPLEX_BINDING	GOMF_DYNEIN_COMPLEX_BINDING		23	0.2897689	0.73590755	0.85315984	0.9926585	1.0	3039	tags=22%, list=16%, signal=26%	
GOBP_AMINO_ACID_ACTIVATION	GOBP_AMINO_ACID_ACTIVATION		24	0.2859054	0.7356242	0.865942	0.99258924	1.0	1389	tags=8%, list=7%, signal=9%	
GOBP_NADH_DEHYDROGENASE_COMPLEX_ASSEMBLY	GOBP_NADH_DEHYDROGENASE_COMPLEX_ASSEMBLY		48	0.24734089	0.7355912	0.8901099	0.9922695	1.0	4868	tags=29%, list=25%, signal=39%	
GOBP_RNA_DECAPPING	GOBP_RNA_DECAPPING		18	0.3044086	0.73513025	0.825	0.9924053	1.0	1437	tags=11%, list=7%, signal=12%	
GOBP_RESPONSE_TO_HYDROGEN_PEROXIDE	GOBP_RESPONSE_TO_HYDROGEN_PEROXIDE		92	0.22010347	0.734649	0.96272284	0.99255353	1.0	3234	tags=21%, list=17%, signal=25%	
GOBP_MAGNESIUM_ION_TRANSPORT	GOBP_MAGNESIUM_ION_TRANSPORT		19	0.29793966	0.7337219	0.844697	0.9931813	1.0	3201	tags=21%, list=16%, signal=25%	
GOBP_CYTOPLASMIC_SEQUESTERING_OF_PROTEIN	GOBP_CYTOPLASMIC_SEQUESTERING_OF_PROTEIN		16	0.31164995	0.7335399	0.831758	0.9930128	1.0	2637	tags=31%, list=14%, signal=36%	
GOBP_REGULATION_OF_CELLULAR_RESPIRATION	GOBP_REGULATION_OF_CELLULAR_RESPIRATION		43	0.2529032	0.7334212	0.88729876	0.9927698	1.0	2509	tags=16%, list=13%, signal=19%	
GOBP_CELLULAR_RESPONSE_TO_GONADOTROPIN_STIMULUS	GOBP_CELLULAR_RESPONSE_TO_GONADOTROPIN_STIMULUS		18	0.3042036	0.7333837	0.83697814	0.99244946	1.0	2011	tags=17%, list=10%, signal=19%	
GOBP_PROTEIN_K63_LINKED_UBIQUITINATION	GOBP_PROTEIN_K63_LINKED_UBIQUITINATION		68	0.23274966	0.7330636	0.93771046	0.99241483	1.0	4110	tags=32%, list=21%, signal=41%	
GOBP_PROTEIN_O_LINKED_MANNOSYLATION	GOBP_PROTEIN_O_LINKED_MANNOSYLATION		17	0.30956957	0.73287475	0.8423077	0.9922712	1.0	1839	tags=24%, list=9%, signal=26%	
GOBP_REGULATION_OF_TRANSLATION	GOBP_REGULATION_OF_TRANSLATION		353	0.19197123	0.73251265	1.0	0.99226284	1.0	4586	tags=26%, list=24%, signal=33%	
GOMF_INTRAMEMBRANE_LIPID_TRANSPORTER_ACTIVITY	GOMF_INTRAMEMBRANE_LIPID_TRANSPORTER_ACTIVITY		42	0.2531458	0.7319846	0.89194137	0.9924301	1.0	3949	tags=33%, list=20%, signal=42%	
GOBP_SNARE_COMPLEX_ASSEMBLY	GOBP_SNARE_COMPLEX_ASSEMBLY		21	0.2917636	0.731707	0.8296296	0.9923606	1.0	2599	tags=24%, list=13%, signal=27%	
GOBP_POSITIVE_REGULATION_OF_NERVOUS_SYSTEM_PROCESS	GOBP_POSITIVE_REGULATION_OF_NERVOUS_SYSTEM_PROCESS		26	0.2796846	0.7315833	0.8665448	0.99213666	1.0	342	tags=8%, list=2%, signal=8%	
GOMF_RIBOSOMAL_SMALL_SUBUNIT_BINDING	GOMF_RIBOSOMAL_SMALL_SUBUNIT_BINDING		17	0.29991055	0.7310339	0.84249085	0.9923211	1.0	1016	tags=12%, list=5%, signal=12%	
GOBP_TRNA_THREONYLCARBAMOYLADENOSINE_METABOLIC_PROCESS	GOBP_TRNA_THREONYLCARBAMOYLADENOSINE_METABOLIC_PROCESS		19	0.3030952	0.7306304	0.86187845	0.9923779	1.0	5785	tags=53%, list=30%, signal=75%	
GOBP_REGULATION_OF_SPINDLE_ASSEMBLY	GOBP_REGULATION_OF_SPINDLE_ASSEMBLY		32	0.268183	0.72960943	0.8962433	0.9930363	1.0	3732	tags=22%, list=19%, signal=27%	
GOBP_FACULTATIVE_HETEROCHROMATIN_FORMATION	GOBP_FACULTATIVE_HETEROCHROMATIN_FORMATION		40	0.25112322	0.72947615	0.90654206	0.9928067	1.0	4436	tags=25%, list=23%, signal=32%	
GOBP_CYCLIC_NUCLEOTIDE_BIOSYNTHETIC_PROCESS	GOBP_CYCLIC_NUCLEOTIDE_BIOSYNTHETIC_PROCESS		18	0.30268303	0.7294387	0.8376384	0.99249023	1.0	3410	tags=28%, list=18%, signal=34%	
GOBP_LIPOPROTEIN_LOCALIZATION	GOBP_LIPOPROTEIN_LOCALIZATION		20	0.2918385	0.72905517	0.8330309	0.9925145	1.0	2261	tags=20%, list=12%, signal=23%	
GOBP_REGULATION_OF_GOLGI_ORGANIZATION	GOBP_REGULATION_OF_GOLGI_ORGANIZATION		16	0.3097347	0.72891563	0.83733827	0.9922863	1.0	3064	tags=25%, list=16%, signal=30%	
GOCC_PRC1_COMPLEX	GOCC_PRC1_COMPLEX		18	0.30723453	0.72845787	0.85061514	0.99238986	1.0	3437	tags=33%, list=18%, signal=40%	
GOBP_REGULATION_OF_MITOCHONDRIAL_OUTER_MEMBRANE_PERMEABILIZATION_INVOLVED_IN_APOPTOTIC_SIGNALING_PATHWAY	GOBP_REGULATION_OF_MITOCHONDRIAL_OUTER_MEMBRANE_PERMEABILIZATION_INVOLVED_IN_APOPTOTIC_SIGNALING_PATHWAY		19	0.30252525	0.7272982	0.8627451	0.99319404	1.0	3438	tags=32%, list=18%, signal=38%	
GOCC_EUCHROMATIN	GOCC_EUCHROMATIN		48	0.24512592	0.7265617	0.9222222	0.99358934	1.0	2043	tags=13%, list=11%, signal=14%	
GOCC_EUKARYOTIC_TRANSLATION_INITIATION_FACTOR_3_COMPLEX	GOCC_EUKARYOTIC_TRANSLATION_INITIATION_FACTOR_3_COMPLEX		15	0.31224838	0.72655225	0.85356456	0.9932399	1.0	5005	tags=47%, list=26%, signal=63%	
GOCC_SPINDLE_MIDZONE	GOCC_SPINDLE_MIDZONE		33	0.26716253	0.7258985	0.87986463	0.9935047	1.0	3634	tags=27%, list=19%, signal=33%	
GOCC_NUCLEAR_UBIQUITIN_LIGASE_COMPLEX	GOCC_NUCLEAR_UBIQUITIN_LIGASE_COMPLEX		46	0.24998808	0.7255188	0.90725124	0.99350953	1.0	5187	tags=37%, list=27%, signal=50%	
GOBP_RNA_LOCALIZATION	GOBP_RNA_LOCALIZATION		187	0.20141378	0.72422606	0.9920886	0.99439126	1.0	5015	tags=30%, list=26%, signal=40%	
GOBP_SUBSTANTIA_NIGRA_DEVELOPMENT	GOBP_SUBSTANTIA_NIGRA_DEVELOPMENT		38	0.25646827	0.7233505	0.91148776	0.9948934	1.0	5044	tags=37%, list=26%, signal=50%	
GOBP_OLIGOSACCHARIDE_METABOLIC_PROCESS	GOBP_OLIGOSACCHARIDE_METABOLIC_PROCESS		67	0.2328791	0.7232603	0.9562937	0.9946159	1.0	3947	tags=22%, list=20%, signal=28%	
GOBP_POSITIVE_REGULATION_OF_PHOSPHATASE_ACTIVITY	GOBP_POSITIVE_REGULATION_OF_PHOSPHATASE_ACTIVITY		26	0.27424297	0.7226727	0.87073606	0.99481183	1.0	2953	tags=19%, list=15%, signal=23%	
GOBP_VENTRICULAR_SYSTEM_DEVELOPMENT	GOBP_VENTRICULAR_SYSTEM_DEVELOPMENT		31	0.2665124	0.7217046	0.88309354	0.99536705	1.0	3182	tags=26%, list=16%, signal=31%	
GOBP_PLASMA_MEMBRANE_TUBULATION	GOBP_PLASMA_MEMBRANE_TUBULATION		18	0.3002042	0.7215407	0.84981686	0.9951677	1.0	2297	tags=17%, list=12%, signal=19%	
GOBP_NEGATIVE_REGULATION_OF_ACTIN_FILAMENT_BUNDLE_ASSEMBLY	GOBP_NEGATIVE_REGULATION_OF_ACTIN_FILAMENT_BUNDLE_ASSEMBLY		29	0.26524037	0.7212147	0.87476635	0.99511087	1.0	3285	tags=31%, list=17%, signal=37%	
GOBP_CELLULAR_GLUCURONIDATION	GOBP_CELLULAR_GLUCURONIDATION		20	0.29503247	0.7211502	0.8694853	0.99481475	1.0	5247	tags=25%, list=27%, signal=34%	
GOBP_REGULATION_OF_ACTIN_NUCLEATION	GOBP_REGULATION_OF_ACTIN_NUCLEATION		30	0.27171922	0.7210795	0.87542665	0.99452317	1.0	4376	tags=33%, list=23%, signal=43%	
GOMF_BETA_TUBULIN_BINDING	GOMF_BETA_TUBULIN_BINDING		38	0.25037724	0.720389	0.90697676	0.99482095	1.0	3039	tags=16%, list=16%, signal=19%	
GOBP_VESICLE_MEDIATED_TRANSPORT_BETWEEN_ENDOSOMAL_COMPARTMENTS	GOBP_VESICLE_MEDIATED_TRANSPORT_BETWEEN_ENDOSOMAL_COMPARTMENTS		46	0.24593416	0.7203744	0.9162304	0.9944769	1.0	3473	tags=28%, list=18%, signal=34%	
GOBP_XENOBIOTIC_TRANSMEMBRANE_TRANSPORT	GOBP_XENOBIOTIC_TRANSMEMBRANE_TRANSPORT		15	0.30858296	0.7198155	0.8109641	0.99465203	1.0	3521	tags=27%, list=18%, signal=33%	
GOBP_REGULATORY_NCRNA_PROCESSING	GOBP_REGULATORY_NCRNA_PROCESSING		65	0.22785553	0.71943647	0.9511344	0.99464256	1.0	3423	tags=17%, list=18%, signal=20%	
GOCC_FILOPODIUM_TIP	GOCC_FILOPODIUM_TIP		18	0.29744732	0.71936333	0.8478664	0.99435854	1.0	2195	tags=17%, list=11%, signal=19%	
GOBP_EPIGENETIC_REGULATION_OF_GENE_EXPRESSION	GOBP_EPIGENETIC_REGULATION_OF_GENE_EXPRESSION		216	0.19756836	0.71924835	0.9938176	0.99410886	1.0	4732	tags=27%, list=24%, signal=36%	
GOBP_MESENCHYMAL_TO_EPITHELIAL_TRANSITION	GOBP_MESENCHYMAL_TO_EPITHELIAL_TRANSITION		19	0.29110044	0.7191467	0.86153847	0.9938367	1.0	1525	tags=16%, list=8%, signal=17%	
GOCC_ORGANELLE_INNER_MEMBRANE	GOCC_ORGANELLE_INNER_MEMBRANE		483	0.18219931	0.71900153	1.0	0.9936279	1.0	3735	tags=17%, list=19%, signal=21%	
GOBP_FEMALE_GAMETE_GENERATION	GOBP_FEMALE_GAMETE_GENERATION		147	0.20321143	0.7178863	0.9842767	0.99424493	1.0	3461	tags=14%, list=18%, signal=16%	
GOBP_REGULATION_OF_PROTEIN_DEACETYLATION	GOBP_REGULATION_OF_PROTEIN_DEACETYLATION		29	0.26657405	0.7164356	0.8917526	0.99518484	1.0	4783	tags=38%, list=25%, signal=50%	
GOBP_CELLULAR_RESPONSE_TO_LEPTIN_STIMULUS	GOBP_CELLULAR_RESPONSE_TO_LEPTIN_STIMULUS		17	0.29322138	0.71595556	0.8595041	0.9952605	1.0	1916	tags=18%, list=10%, signal=20%	
GOMF_RNA_POLYMERASE_ACTIVITY	GOMF_RNA_POLYMERASE_ACTIVITY		28	0.2743809	0.7150633	0.87475914	0.99572366	1.0	5776	tags=50%, list=30%, signal=71%	
GOBP_REGULATION_OF_MITOCHONDRIAL_FISSION	GOBP_REGULATION_OF_MITOCHONDRIAL_FISSION		27	0.26871145	0.71407443	0.88245934	0.9962249	1.0	2658	tags=19%, list=14%, signal=21%	
GOBP_REGULATION_OF_DNA_METABOLIC_PROCESS	GOBP_REGULATION_OF_DNA_METABOLIC_PROCESS		460	0.18338257	0.71378046	1.0	0.9961484	1.0	4524	tags=26%, list=23%, signal=33%	
GOBP_NEGATIVE_REGULATION_OF_CELLULAR_CATABOLIC_PROCESS	GOBP_NEGATIVE_REGULATION_OF_CELLULAR_CATABOLIC_PROCESS		112	0.20887597	0.7134144	0.9752475	0.99610394	1.0	2597	tags=15%, list=13%, signal=17%	
GOBP_MITOCHONDRIAL_GENOME_MAINTENANCE	GOBP_MITOCHONDRIAL_GENOME_MAINTENANCE		29	0.26375198	0.71288824	0.88363636	0.9961981	1.0	4596	tags=45%, list=24%, signal=59%	
GOBP_REGULATION_OF_NUCLEOTIDE_CATABOLIC_PROCESS	GOBP_REGULATION_OF_NUCLEOTIDE_CATABOLIC_PROCESS		50	0.2410609	0.7113568	0.9461806	0.99717	1.0	3431	tags=20%, list=18%, signal=24%	
GOCC_CELL_CORTEX_REGION	GOCC_CELL_CORTEX_REGION		33	0.2575633	0.71132886	0.9032258	0.9968355	1.0	4434	tags=30%, list=23%, signal=39%	
GOBP_REGULATION_OF_DNA_REPAIR	GOBP_REGULATION_OF_DNA_REPAIR		200	0.19725356	0.7111544	0.993921	0.9966288	1.0	4576	tags=28%, list=24%, signal=36%	
GOBP_INTRINSIC_APOPTOTIC_SIGNALING_PATHWAY_IN_RESPONSE_TO_DNA_DAMAGE_BY_P53_CLASS_MEDIATOR	GOBP_INTRINSIC_APOPTOTIC_SIGNALING_PATHWAY_IN_RESPONSE_TO_DNA_DAMAGE_BY_P53_CLASS_MEDIATOR		42	0.24671184	0.71035373	0.9163701	0.99693024	1.0	3461	tags=24%, list=18%, signal=29%	
GOBP_SYNAPTIC_VESICLE_PRIMING	GOBP_SYNAPTIC_VESICLE_PRIMING		19	0.29117516	0.70977604	0.85925925	0.9970531	1.0	1328	tags=16%, list=7%, signal=17%	
GOBP_REGULATION_OF_ODONTOGENESIS	GOBP_REGULATION_OF_ODONTOGENESIS		19	0.28813353	0.70959675	0.8738574	0.996844	1.0	147	tags=5%, list=1%, signal=5%	
GOBP_REGULATION_OF_NEUROTRANSMITTER_SECRETION	GOBP_REGULATION_OF_NEUROTRANSMITTER_SECRETION		79	0.22012329	0.7094871	0.95784146	0.99658585	1.0	2093	tags=14%, list=11%, signal=16%	
GOBP_SEX_CHROMOSOME_DOSAGE_COMPENSATION	GOBP_SEX_CHROMOSOME_DOSAGE_COMPENSATION		15	0.30960396	0.709197	0.8449612	0.99646795	1.0	4586	tags=40%, list=24%, signal=52%	
GOBP_CYTOPLASMIC_TRANSLATION	GOBP_CYTOPLASMIC_TRANSLATION		154	0.19975531	0.7091969	0.994012	0.9961132	1.0	4707	tags=25%, list=24%, signal=33%	
GOBP_MONOCYTE_DIFFERENTIATION	GOBP_MONOCYTE_DIFFERENTIATION		34	0.25562924	0.7088292	0.9245961	0.99605143	1.0	3463	tags=29%, list=18%, signal=36%	
GOCC_SMN_SM_PROTEIN_COMPLEX	GOCC_SMN_SM_PROTEIN_COMPLEX		18	0.2905095	0.7083799	0.87115383	0.9960717	1.0	3827	tags=33%, list=20%, signal=41%	
GOBP_RESPONSE_TO_GAMMA_RADIATION	GOBP_RESPONSE_TO_GAMMA_RADIATION		49	0.23818386	0.70793414	0.91833335	0.99609613	1.0	3461	tags=24%, list=18%, signal=30%	
GOCC_PHOTORECEPTOR_DISC_MEMBRANE	GOCC_PHOTORECEPTOR_DISC_MEMBRANE		22	0.28048888	0.7072457	0.8783784	0.9963125	1.0	4094	tags=32%, list=21%, signal=40%	
GOBP_POSITIVE_REGULATION_OF_UBIQUITIN_DEPENDENT_PROTEIN_CATABOLIC_PROCESS	GOBP_POSITIVE_REGULATION_OF_UBIQUITIN_DEPENDENT_PROTEIN_CATABOLIC_PROCESS		96	0.21523656	0.7071439	0.9639344	0.99604106	1.0	2324	tags=13%, list=12%, signal=14%	
GOCC_CLATHRIN_ADAPTOR_COMPLEX	GOCC_CLATHRIN_ADAPTOR_COMPLEX		25	0.27182057	0.70637596	0.8820422	0.9963042	1.0	4096	tags=24%, list=21%, signal=30%	
GOBP_POSITIVE_REGULATION_OF_TELOMERE_MAINTENANCE_VIA_TELOMERE_LENGTHENING	GOBP_POSITIVE_REGULATION_OF_TELOMERE_MAINTENANCE_VIA_TELOMERE_LENGTHENING		38	0.2549215	0.7060811	0.89285713	0.99618554	1.0	4353	tags=37%, list=22%, signal=47%	
GOBP_REGULATION_OF_ATP_METABOLIC_PROCESS	GOBP_REGULATION_OF_ATP_METABOLIC_PROCESS		65	0.22453004	0.7060449	0.96258503	0.99586415	1.0	3431	tags=18%, list=18%, signal=22%	
GOCC_MRNA_CLEAVAGE_FACTOR_COMPLEX	GOCC_MRNA_CLEAVAGE_FACTOR_COMPLEX		23	0.27865058	0.7047318	0.8833333	0.9965582	1.0	4285	tags=30%, list=22%, signal=39%	
GOBP_MITOCHONDRIAL_RESPIRATORY_CHAIN_COMPLEX_ASSEMBLY	GOBP_MITOCHONDRIAL_RESPIRATORY_CHAIN_COMPLEX_ASSEMBLY		79	0.21595594	0.7030897	0.9627119	0.9975042	1.0	4868	tags=30%, list=25%, signal=40%	
GOBP_QUATERNARY_AMMONIUM_GROUP_TRANSPORT	GOBP_QUATERNARY_AMMONIUM_GROUP_TRANSPORT		18	0.28703767	0.70213395	0.8754789	0.9979006	1.0	2758	tags=22%, list=14%, signal=26%	
GOBP_POSITIVE_REGULATION_OF_CELLULAR_EXTRAVASATION	GOBP_POSITIVE_REGULATION_OF_CELLULAR_EXTRAVASATION		18	0.2949529	0.7020959	0.8455882	0.99757683	1.0	1767	tags=22%, list=9%, signal=24%	
GOBP_MRNA_PROCESSING	GOBP_MRNA_PROCESSING		458	0.1795229	0.70202315	1.0	0.9972765	1.0	3827	tags=18%, list=20%, signal=22%	
GOBP_NUCLEOSIDE_MONOPHOSPHATE_CATABOLIC_PROCESS	GOBP_NUCLEOSIDE_MONOPHOSPHATE_CATABOLIC_PROCESS		19	0.28738302	0.70028013	0.869403	0.9983021	1.0	783	tags=11%, list=4%, signal=11%	
GOCC_SIN3_TYPE_COMPLEX	GOCC_SIN3_TYPE_COMPLEX		21	0.28004012	0.6994755	0.8909091	0.9985649	1.0	3181	tags=29%, list=16%, signal=34%	
GOCC_TRANSCRIPTION_FACTOR_TFIID_COMPLEX	GOCC_TRANSCRIPTION_FACTOR_TFIID_COMPLEX		33	0.25693765	0.6990794	0.8848797	0.99849164	1.0	3353	tags=21%, list=17%, signal=26%	
GOBP_POSITIVE_REGULATION_OF_VIRAL_GENOME_REPLICATION	GOBP_POSITIVE_REGULATION_OF_VIRAL_GENOME_REPLICATION		30	0.25875616	0.69781184	0.904943	0.9990862	1.0	1430	tags=10%, list=7%, signal=11%	
GOBP_POSITIVE_REGULATION_OF_STEROL_TRANSPORT	GOBP_POSITIVE_REGULATION_OF_STEROL_TRANSPORT		34	0.24807599	0.69758713	0.9219331	0.99890316	1.0	1194	tags=12%, list=6%, signal=13%	
GOBP_PROTEIN_KINASE_A_SIGNALING	GOBP_PROTEIN_KINASE_A_SIGNALING		38	0.25095013	0.69733506	0.9061947	0.9987335	1.0	2736	tags=21%, list=14%, signal=24%	
GOBP_ESTABLISHMENT_OF_PROTEIN_LOCALIZATION_TO_VACUOLE	GOBP_ESTABLISHMENT_OF_PROTEIN_LOCALIZATION_TO_VACUOLE		63	0.22660662	0.69635665	0.95524955	0.99911046	1.0	4133	tags=25%, list=21%, signal=32%	
GOBP_PROTEIN_TARGETING_TO_LYSOSOME	GOBP_PROTEIN_TARGETING_TO_LYSOSOME		32	0.25310236	0.69599974	0.9175627	0.9990226	1.0	2583	tags=19%, list=13%, signal=22%	
GOCC_DNA_POLYMERASE_COMPLEX	GOCC_DNA_POLYMERASE_COMPLEX		20	0.2818914	0.6959812	0.87549406	0.9986849	1.0	3608	tags=25%, list=19%, signal=31%	
GOMF_ABC_TYPE_TRANSPORTER_ACTIVITY	GOMF_ABC_TYPE_TRANSPORTER_ACTIVITY		45	0.24291924	0.6955374	0.9380692	0.99866354	1.0	3997	tags=31%, list=21%, signal=39%	
GOCC_SAGA_COMPLEX	GOCC_SAGA_COMPLEX		20	0.27647975	0.69498616	0.8864865	0.9987124	1.0	3009	tags=20%, list=15%, signal=24%	
GOBP_BINDING_OF_SPERM_TO_ZONA_PELLUCIDA	GOBP_BINDING_OF_SPERM_TO_ZONA_PELLUCIDA		38	0.24294022	0.6934825	0.9114391	0.9994815	1.0	5302	tags=26%, list=27%, signal=36%	
GOCC_MICROBODY_MEMBRANE	GOCC_MICROBODY_MEMBRANE		62	0.22228868	0.69229484	0.96416384	0.9999864	1.0	4217	tags=27%, list=22%, signal=35%	
GOBP_CENTRIOLE_ASSEMBLY	GOBP_CENTRIOLE_ASSEMBLY		44	0.23710427	0.6922397	0.93284935	0.99967283	1.0	3450	tags=23%, list=18%, signal=28%	
GOBP_ESTABLISHMENT_OF_RNA_LOCALIZATION	GOBP_ESTABLISHMENT_OF_RNA_LOCALIZATION		149	0.19951676	0.6918202	0.9984448	0.9996001	1.0	5015	tags=31%, list=26%, signal=41%	
GOMF_HISTONE_KINASE_ACTIVITY	GOMF_HISTONE_KINASE_ACTIVITY		21	0.27212855	0.6915777	0.8933333	0.9994189	1.0	5803	tags=43%, list=30%, signal=61%	
GOBP_MEIOTIC_CELL_CYCLE_PROCESS	GOBP_MEIOTIC_CELL_CYCLE_PROCESS		184	0.19074753	0.69046146	0.9985141	0.9998691	1.0	3844	tags=17%, list=20%, signal=21%	
GOCC_DENDRITE_MEMBRANE	GOCC_DENDRITE_MEMBRANE		37	0.24317235	0.6895301	0.9417293	1.0	1.0	1240	tags=8%, list=6%, signal=9%	
GOMF_INTRACELLULARLY_CALCIUM_GATED_CHLORIDE_CHANNEL_ACTIVITY	GOMF_INTRACELLULARLY_CALCIUM_GATED_CHLORIDE_CHANNEL_ACTIVITY		19	0.28164542	0.6882663	0.8747698	1.0	1.0	1934	tags=16%, list=10%, signal=18%	
GOBP_RESPONSE_TO_SALT	GOBP_RESPONSE_TO_SALT		22	0.27378532	0.6879483	0.8913858	1.0	1.0	1738	tags=14%, list=9%, signal=15%	
GOCC_RNA_POLYMERASE_COMPLEX	GOCC_RNA_POLYMERASE_COMPLEX		93	0.21137266	0.6871783	0.9854839	1.0	1.0	4483	tags=29%, list=23%, signal=38%	
GOBP_PROTEIN_LOCALIZATION_TO_VACUOLE	GOBP_PROTEIN_LOCALIZATION_TO_VACUOLE		84	0.21009316	0.6854354	0.9753289	1.0	1.0	4488	tags=26%, list=23%, signal=34%	
GOBP_SEMINIFEROUS_TUBULE_DEVELOPMENT	GOBP_SEMINIFEROUS_TUBULE_DEVELOPMENT		16	0.296405	0.6835551	0.8797595	1.0	1.0	3690	tags=31%, list=19%, signal=39%	
GOBP_REGULATION_OF_PROTEOLYSIS_INVOLVED_IN_PROTEIN_CATABOLIC_PROCESS	GOBP_REGULATION_OF_PROTEOLYSIS_INVOLVED_IN_PROTEIN_CATABOLIC_PROCESS		213	0.18459468	0.68292344	1.0	1.0	1.0	3984	tags=20%, list=21%, signal=25%	
GOBP_TRNA_METHYLATION	GOBP_TRNA_METHYLATION		38	0.23975128	0.6814976	0.93442625	1.0	1.0	5582	tags=47%, list=29%, signal=66%	
GOBP_CHROMOSOME_LOCALIZATION	GOBP_CHROMOSOME_LOCALIZATION		116	0.19715567	0.681286	0.99517685	1.0	1.0	4064	tags=25%, list=21%, signal=31%	
GOBP_MULTIVESICULAR_BODY_ORGANIZATION	GOBP_MULTIVESICULAR_BODY_ORGANIZATION		32	0.24928766	0.6808456	0.9309735	1.0	1.0	4387	tags=28%, list=23%, signal=36%	
GOBP_REGULATION_OF_AMYLOID_FIBRIL_FORMATION	GOBP_REGULATION_OF_AMYLOID_FIBRIL_FORMATION		16	0.28509194	0.68083847	0.8977695	1.0	1.0	5081	tags=44%, list=26%, signal=59%	
GOBP_TRANSCRIPTION_INITIATION_AT_RNA_POLYMERASE_II_PROMOTER	GOBP_TRANSCRIPTION_INITIATION_AT_RNA_POLYMERASE_II_PROMOTER		146	0.1954817	0.6803656	0.9968404	1.0	1.0	4481	tags=24%, list=23%, signal=31%	
GOBP_BRANCHED_CHAIN_AMINO_ACID_CATABOLIC_PROCESS	GOBP_BRANCHED_CHAIN_AMINO_ACID_CATABOLIC_PROCESS		22	0.27022824	0.6797729	0.9089184	1.0	1.0	4362	tags=36%, list=22%, signal=47%	
GOMF_DEATH_RECEPTOR_BINDING	GOMF_DEATH_RECEPTOR_BINDING		21	0.27372357	0.6792483	0.9089109	1.0	1.0	2642	tags=24%, list=14%, signal=28%	
GOCC_AXONEMAL_OUTER_DOUBLET	GOCC_AXONEMAL_OUTER_DOUBLET		21	0.26747087	0.67924	0.8975332	1.0	1.0	3409	tags=19%, list=18%, signal=23%	
GOBP_POSITIVE_REGULATION_BY_HOST_OF_VIRAL_TRANSCRIPTION	GOBP_POSITIVE_REGULATION_BY_HOST_OF_VIRAL_TRANSCRIPTION		17	0.2820787	0.6787329	0.8935018	1.0	1.0	3431	tags=35%, list=18%, signal=43%	
GOCC_PRECATALYTIC_SPLICEOSOME	GOCC_PRECATALYTIC_SPLICEOSOME		52	0.22761229	0.6780934	0.96672505	1.0	1.0	3603	tags=25%, list=19%, signal=31%	
GOBP_SULFUR_AMINO_ACID_BIOSYNTHETIC_PROCESS	GOBP_SULFUR_AMINO_ACID_BIOSYNTHETIC_PROCESS		15	0.29058748	0.67775786	0.8773946	1.0	1.0	3484	tags=33%, list=18%, signal=41%	
GOBP_REGULATION_OF_MITOCHONDRIAL_DEPOLARIZATION	GOBP_REGULATION_OF_MITOCHONDRIAL_DEPOLARIZATION		20	0.27469066	0.6769939	0.92753625	1.0	1.0	993	tags=10%, list=5%, signal=11%	
GOBP_LATE_ENDOSOME_TO_VACUOLE_TRANSPORT_VIA_MULTIVESICULAR_BODY_SORTING_PATHWAY	GOBP_LATE_ENDOSOME_TO_VACUOLE_TRANSPORT_VIA_MULTIVESICULAR_BODY_SORTING_PATHWAY		26	0.2554482	0.6765152	0.9125874	1.0	1.0	4387	tags=31%, list=23%, signal=40%	
GOBP_ESTABLISHMENT_OF_PROTEIN_LOCALIZATION_TO_CHROMOSOME	GOBP_ESTABLISHMENT_OF_PROTEIN_LOCALIZATION_TO_CHROMOSOME		24	0.26460254	0.6764231	0.8981481	1.0	1.0	4353	tags=38%, list=22%, signal=48%	
GOBP_LYSOSOMAL_MEMBRANE_ORGANIZATION	GOBP_LYSOSOMAL_MEMBRANE_ORGANIZATION		15	0.28828034	0.67583525	0.89013034	1.0	1.0	3732	tags=27%, list=19%, signal=33%	
GOCC_HETEROCHROMATIN	GOCC_HETEROCHROMATIN		72	0.21529303	0.67518884	0.9779661	1.0	1.0	5079	tags=31%, list=26%, signal=41%	
GOBP_POSITIVE_REGULATION_OF_TRANSLATION	GOBP_POSITIVE_REGULATION_OF_TRANSLATION		126	0.19632371	0.6751426	0.99836063	1.0	1.0	5000	tags=34%, list=26%, signal=46%	
GOBP_GLYCEROL_ETHER_METABOLIC_PROCESS	GOBP_GLYCEROL_ETHER_METABOLIC_PROCESS		19	0.27568153	0.67502433	0.89502764	1.0	1.0	100	tags=5%, list=1%, signal=5%	
GOCC_ORGANELLE_ENVELOPE_LUMEN	GOCC_ORGANELLE_ENVELOPE_LUMEN		86	0.20693356	0.67330354	0.98336107	1.0	1.0	240	tags=3%, list=1%, signal=4%	
GOBP_PURINE_NUCLEOSIDE_METABOLIC_PROCESS	GOBP_PURINE_NUCLEOSIDE_METABOLIC_PROCESS		25	0.26031455	0.67113394	0.9220532	1.0	1.0	2796	tags=20%, list=14%, signal=23%	
GOBP_REGULATION_OF_CELLULAR_RESPONSE_TO_OXIDATIVE_STRESS	GOBP_REGULATION_OF_CELLULAR_RESPONSE_TO_OXIDATIVE_STRESS		19	0.27547017	0.6707835	0.9069343	1.0	1.0	4773	tags=42%, list=25%, signal=56%	
GOCC_ROUGH_ENDOPLASMIC_RETICULUM_MEMBRANE	GOCC_ROUGH_ENDOPLASMIC_RETICULUM_MEMBRANE		24	0.26269457	0.6688091	0.9265873	1.0	1.0	719	tags=8%, list=4%, signal=9%	
GOBP_POSITIVE_REGULATION_OF_CILIUM_ASSEMBLY	GOBP_POSITIVE_REGULATION_OF_CILIUM_ASSEMBLY		27	0.25462845	0.668674	0.92766726	1.0	1.0	3842	tags=26%, list=20%, signal=32%	
GOBP_PROTEIN_TARGETING_TO_VACUOLE	GOBP_PROTEIN_TARGETING_TO_VACUOLE		46	0.22807401	0.6676541	0.96478873	1.0	1.0	2583	tags=17%, list=13%, signal=20%	
GOMF_ATP_DEPENDENT_PROTEIN_FOLDING_CHAPERONE	GOMF_ATP_DEPENDENT_PROTEIN_FOLDING_CHAPERONE		31	0.24950126	0.6666637	0.9356618	1.0	1.0	4811	tags=35%, list=25%, signal=47%	
GOMF_TRNA_METHYLTRANSFERASE_ACTIVITY	GOMF_TRNA_METHYLTRANSFERASE_ACTIVITY		32	0.24432012	0.66546845	0.94392526	1.0	1.0	4249	tags=34%, list=22%, signal=44%	
GOMF_RNA_CAP_BINDING	GOMF_RNA_CAP_BINDING		18	0.27184087	0.6635984	0.91477275	1.0	1.0	2866	tags=17%, list=15%, signal=20%	
GOBP_MEIOTIC_CELL_CYCLE	GOBP_MEIOTIC_CELL_CYCLE		252	0.17704883	0.66138524	1.0	1.0	1.0	4303	tags=21%, list=22%, signal=27%	
GOBP_CELL_CYCLE_CHECKPOINT_SIGNALING	GOBP_CELL_CYCLE_CHECKPOINT_SIGNALING		181	0.18325654	0.6609942	0.99842274	1.0	1.0	3708	tags=19%, list=19%, signal=23%	
GOBP_AMP_METABOLIC_PROCESS	GOBP_AMP_METABOLIC_PROCESS		21	0.25933734	0.6600985	0.9137615	1.0	1.0	1236	tags=10%, list=6%, signal=10%	
GOBP_LACTATE_METABOLIC_PROCESS	GOBP_LACTATE_METABOLIC_PROCESS		16	0.27923426	0.6574103	0.91234344	1.0	1.0	6235	tags=63%, list=32%, signal=92%	
GOCC_CHROMOSOME_TELOMERIC_REGION	GOCC_CHROMOSOME_TELOMERIC_REGION		142	0.18870813	0.6559271	0.9984639	1.0	1.0	4351	tags=28%, list=22%, signal=36%	
GOBP_CONVERGENT_EXTENSION	GOBP_CONVERGENT_EXTENSION		15	0.27769276	0.65573096	0.91586995	1.0	1.0	3072	tags=27%, list=16%, signal=32%	
GOMF_XENOBIOTIC_TRANSMEMBRANE_TRANSPORTER_ACTIVITY	GOMF_XENOBIOTIC_TRANSMEMBRANE_TRANSPORTER_ACTIVITY		29	0.24619932	0.65562916	0.9390681	1.0	1.0	2089	tags=14%, list=11%, signal=15%	
GOBP_NEUROMUSCULAR_PROCESS_CONTROLLING_BALANCE	GOBP_NEUROMUSCULAR_PROCESS_CONTROLLING_BALANCE		50	0.21750697	0.65536857	0.97231835	1.0	1.0	3596	tags=22%, list=19%, signal=27%	
GOBP_ASPARTATE_FAMILY_AMINO_ACID_BIOSYNTHETIC_PROCESS	GOBP_ASPARTATE_FAMILY_AMINO_ACID_BIOSYNTHETIC_PROCESS		20	0.2655624	0.65522325	0.9092664	1.0	1.0	2526	tags=20%, list=13%, signal=23%	
GOBP_RNA_SPLICING	GOBP_RNA_SPLICING		426	0.16833347	0.6547041	1.0	1.0	1.0	4093	tags=21%, list=21%, signal=26%	
GOBP_REGULATION_OF_MRNA_PROCESSING	GOBP_REGULATION_OF_MRNA_PROCESSING		128	0.19098042	0.65429765	1.0	1.0	1.0	3141	tags=13%, list=16%, signal=15%	
GOBP_NEURAL_CREST_FORMATION	GOBP_NEURAL_CREST_FORMATION		15	0.27729365	0.6538993	0.90789473	1.0	1.0	2660	tags=20%, list=14%, signal=23%	
GOBP_REGULATION_OF_DNA_TEMPLATED_TRANSCRIPTION_INITIATION	GOBP_REGULATION_OF_DNA_TEMPLATED_TRANSCRIPTION_INITIATION		81	0.20141748	0.65345746	0.9949324	1.0	1.0	4730	tags=27%, list=24%, signal=36%	
GOMF_UBIQUITIN_CONJUGATING_ENZYME_BINDING	GOMF_UBIQUITIN_CONJUGATING_ENZYME_BINDING		27	0.2487348	0.64945495	0.9285714	1.0	1.0	4925	tags=37%, list=25%, signal=50%	
GOBP_GOLGI_TO_PLASMA_MEMBRANE_TRANSPORT	GOBP_GOLGI_TO_PLASMA_MEMBRANE_TRANSPORT		63	0.2117905	0.6491852	0.98448277	1.0	1.0	5441	tags=38%, list=28%, signal=53%	
GOCC_TRANS_GOLGI_NETWORK_TRANSPORT_VESICLE	GOCC_TRANS_GOLGI_NETWORK_TRANSPORT_VESICLE		36	0.23310049	0.64826363	0.95950705	1.0	1.0	1632	tags=11%, list=8%, signal=12%	
GOBP_REGULATION_OF_UBIQUITIN_PROTEIN_TRANSFERASE_ACTIVITY	GOBP_REGULATION_OF_UBIQUITIN_PROTEIN_TRANSFERASE_ACTIVITY		37	0.23038727	0.64819604	0.9554031	1.0	1.0	634	tags=5%, list=3%, signal=6%	
GOBP_REGULATION_OF_MITOCHONDRIAL_MEMBRANE_PERMEABILITY_INVOLVED_IN_APOPTOTIC_PROCESS	GOBP_REGULATION_OF_MITOCHONDRIAL_MEMBRANE_PERMEABILITY_INVOLVED_IN_APOPTOTIC_PROCESS		37	0.2282716	0.64797854	0.9536083	1.0	1.0	3438	tags=19%, list=18%, signal=23%	
GOBP_GROWTH_PLATE_CARTILAGE_DEVELOPMENT	GOBP_GROWTH_PLATE_CARTILAGE_DEVELOPMENT		18	0.26418856	0.6468686	0.92	1.0	1.0	4531	tags=28%, list=23%, signal=36%	
GOCC_GABA_ERGIC_SYNAPSE	GOCC_GABA_ERGIC_SYNAPSE		75	0.20287873	0.64670086	0.9881356	1.0	1.0	3342	tags=15%, list=17%, signal=18%	
GOBP_SISTER_CHROMATID_SEGREGATION	GOBP_SISTER_CHROMATID_SEGREGATION		222	0.17562273	0.6465377	1.0	1.0	1.0	4595	tags=26%, list=24%, signal=33%	
GOBP_MEMBRANE_FISSION	GOBP_MEMBRANE_FISSION		44	0.22090656	0.646225	0.9707904	1.0	1.0	4988	tags=30%, list=26%, signal=40%	
GOMF_LRR_DOMAIN_BINDING	GOMF_LRR_DOMAIN_BINDING		15	0.2776608	0.6460181	0.8925926	1.0	1.0	2027	tags=20%, list=10%, signal=22%	
GOCC_PROTEIN_PHOSPHATASE_TYPE_1_COMPLEX	GOCC_PROTEIN_PHOSPHATASE_TYPE_1_COMPLEX		17	0.26066744	0.6450086	0.9082734	1.0	1.0	4059	tags=29%, list=21%, signal=37%	
GOMF_TRANSLATION_FACTOR_ACTIVITY_RNA_BINDING	GOMF_TRANSLATION_FACTOR_ACTIVITY_RNA_BINDING		80	0.19999453	0.6439954	0.99505764	1.0	1.0	5005	tags=34%, list=26%, signal=45%	
GOCC_U12_TYPE_SPLICEOSOMAL_COMPLEX	GOCC_U12_TYPE_SPLICEOSOMAL_COMPLEX		27	0.24680758	0.6425471	0.9472693	1.0	1.0	4171	tags=30%, list=21%, signal=38%	
GOBP_TYPE_B_PANCREATIC_CELL_DEVELOPMENT	GOBP_TYPE_B_PANCREATIC_CELL_DEVELOPMENT		21	0.25241044	0.64149374	0.9512195	1.0	1.0	4156	tags=33%, list=21%, signal=42%	
GOMF_HISTONE_H4_METHYLTRANSFERASE_ACTIVITY	GOMF_HISTONE_H4_METHYLTRANSFERASE_ACTIVITY		15	0.2784123	0.6413715	0.907197	1.0	1.0	4250	tags=40%, list=22%, signal=51%	
GOBP_DNA_METHYLATION_DEPENDENT_HETEROCHROMATIN_FORMATION	GOBP_DNA_METHYLATION_DEPENDENT_HETEROCHROMATIN_FORMATION		32	0.23449504	0.640966	0.9557522	1.0	1.0	5079	tags=25%, list=26%, signal=34%	
GOBP_METHIONINE_METABOLIC_PROCESS	GOBP_METHIONINE_METABOLIC_PROCESS		15	0.27414078	0.64062166	0.9015151	1.0	1.0	4938	tags=47%, list=25%, signal=63%	
GOCC_DENDRITE_CYTOPLASM	GOCC_DENDRITE_CYTOPLASM		27	0.23786695	0.6387174	0.9490909	1.0	1.0	1917	tags=11%, list=10%, signal=12%	
GOBP_PYRIMIDINE_NUCLEOSIDE_MONOPHOSPHATE_BIOSYNTHETIC_PROCESS	GOBP_PYRIMIDINE_NUCLEOSIDE_MONOPHOSPHATE_BIOSYNTHETIC_PROCESS		15	0.27393198	0.63758546	0.9315069	1.0	1.0	6379	tags=53%, list=33%, signal=79%	
GOBP_TYPE_B_PANCREATIC_CELL_DIFFERENTIATION	GOBP_TYPE_B_PANCREATIC_CELL_DIFFERENTIATION		26	0.24065569	0.6361126	0.9608209	1.0	1.0	5098	tags=38%, list=26%, signal=52%	
GOBP_FUCOSE_METABOLIC_PROCESS	GOBP_FUCOSE_METABOLIC_PROCESS		16	0.2684822	0.63606805	0.91969407	1.0	1.0	3640	tags=25%, list=19%, signal=31%	
GOBP_DNA_TEMPLATED_DNA_REPLICATION_MAINTENANCE_OF_FIDELITY	GOBP_DNA_TEMPLATED_DNA_REPLICATION_MAINTENANCE_OF_FIDELITY		54	0.20938809	0.63488615	0.9875666	1.0	1.0	4741	tags=33%, list=24%, signal=44%	
GOBP_BRANCHING_INVOLVED_IN_BLOOD_VESSEL_MORPHOGENESIS	GOBP_BRANCHING_INVOLVED_IN_BLOOD_VESSEL_MORPHOGENESIS		33	0.23260461	0.6341415	0.95315313	1.0	1.0	3787	tags=24%, list=19%, signal=30%	
GOBP_DNA_TEMPLATED_TRANSCRIPTION_INITIATION	GOBP_DNA_TEMPLATED_TRANSCRIPTION_INITIATION		182	0.17643927	0.63321185	1.0	1.0	1.0	4730	tags=25%, list=24%, signal=33%	
GOBP_REGULATION_OF_MEIOTIC_NUCLEAR_DIVISION	GOBP_REGULATION_OF_MEIOTIC_NUCLEAR_DIVISION		30	0.23775966	0.63288677	0.96099293	1.0	1.0	147	tags=3%, list=1%, signal=3%	
GOBP_REGULATION_OF_ANDROGEN_RECEPTOR_SIGNALING_PATHWAY	GOBP_REGULATION_OF_ANDROGEN_RECEPTOR_SIGNALING_PATHWAY		28	0.23890202	0.6304155	0.9694794	1.0	1.0	4617	tags=32%, list=24%, signal=42%	
GOMF_THREONINE_TYPE_PEPTIDASE_ACTIVITY	GOMF_THREONINE_TYPE_PEPTIDASE_ACTIVITY		18	0.2577368	0.62735075	0.91650486	1.0	1.0	2257	tags=11%, list=12%, signal=13%	
GOBP_MITOCHONDRIAL_OUTER_MEMBRANE_PERMEABILIZATION	GOBP_MITOCHONDRIAL_OUTER_MEMBRANE_PERMEABILIZATION		27	0.23771086	0.6272259	0.9554731	1.0	1.0	3438	tags=22%, list=18%, signal=27%	
GOBP_PROTEIN_LOCALIZATION_TO_CHROMOSOME_TELOMERIC_REGION	GOBP_PROTEIN_LOCALIZATION_TO_CHROMOSOME_TELOMERIC_REGION		30	0.23091035	0.626971	0.96174866	1.0	1.0	4353	tags=37%, list=22%, signal=47%	
GOBP_REGULATION_OF_RECEPTOR_RECYCLING	GOBP_REGULATION_OF_RECEPTOR_RECYCLING		25	0.24564058	0.62649477	0.95748615	1.0	1.0	1516	tags=12%, list=8%, signal=13%	
GOBP_MITOTIC_DNA_INTEGRITY_CHECKPOINT_SIGNALING	GOBP_MITOTIC_DNA_INTEGRITY_CHECKPOINT_SIGNALING		80	0.19202526	0.6248059	0.9898477	1.0	1.0	3635	tags=16%, list=19%, signal=20%	
GOBP_ENDOCRINE_PANCREAS_DEVELOPMENT	GOBP_ENDOCRINE_PANCREAS_DEVELOPMENT		41	0.21657534	0.6245367	0.98245615	1.0	1.0	5245	tags=34%, list=27%, signal=47%	
GOBP_REGULATION_OF_NUCLEOTIDE_BIOSYNTHETIC_PROCESS	GOBP_REGULATION_OF_NUCLEOTIDE_BIOSYNTHETIC_PROCESS		24	0.24349807	0.62412804	0.9570094	1.0	1.0	1205	tags=8%, list=6%, signal=9%	
GOBP_NEGATIVE_REGULATION_OF_RHO_PROTEIN_SIGNAL_TRANSDUCTION	GOBP_NEGATIVE_REGULATION_OF_RHO_PROTEIN_SIGNAL_TRANSDUCTION		19	0.2552467	0.6231456	0.9365942	1.0	1.0	4976	tags=47%, list=26%, signal=64%	
GOMF_GENERAL_TRANSCRIPTION_INITIATION_FACTOR_BINDING	GOMF_GENERAL_TRANSCRIPTION_INITIATION_FACTOR_BINDING		53	0.20543136	0.62162817	0.9877622	1.0	1.0	3353	tags=17%, list=17%, signal=20%	
GOBP_NUCLEAR_MEMBRANE_ORGANIZATION	GOBP_NUCLEAR_MEMBRANE_ORGANIZATION		44	0.2150636	0.61995155	0.9876325	1.0	1.0	4034	tags=27%, list=21%, signal=34%	
GOCC_COP9_SIGNALOSOME	GOCC_COP9_SIGNALOSOME		33	0.22316505	0.61899066	0.9609236	1.0	1.0	3485	tags=21%, list=18%, signal=26%	
GOCC_CLATHRIN_COAT_OF_COATED_PIT	GOCC_CLATHRIN_COAT_OF_COATED_PIT		18	0.25883964	0.6187995	0.95327103	1.0	1.0	3552	tags=22%, list=18%, signal=27%	
GOCC_SWI_SNF_SUPERFAMILY_TYPE_COMPLEX	GOCC_SWI_SNF_SUPERFAMILY_TYPE_COMPLEX		85	0.19116938	0.6178635	0.9966722	1.0	1.0	4007	tags=19%, list=21%, signal=24%	
GOBP_MEIOTIC_CELL_CYCLE_PHASE_TRANSITION	GOBP_MEIOTIC_CELL_CYCLE_PHASE_TRANSITION		15	0.26629788	0.61775494	0.9299611	1.0	1.0	757	tags=7%, list=4%, signal=7%	
GOBP_NUCLEOSIDE_MONOPHOSPHATE_BIOSYNTHETIC_PROCESS	GOBP_NUCLEOSIDE_MONOPHOSPHATE_BIOSYNTHETIC_PROCESS		40	0.21983159	0.6167432	0.97712415	1.0	1.0	3928	tags=25%, list=20%, signal=31%	
GOBP_BRANCHED_CHAIN_AMINO_ACID_METABOLIC_PROCESS	GOBP_BRANCHED_CHAIN_AMINO_ACID_METABOLIC_PROCESS		28	0.23392805	0.6166111	0.96202534	1.0	1.0	5030	tags=39%, list=26%, signal=53%	
GOCC_REPLICATION_FORK	GOCC_REPLICATION_FORK		69	0.19422111	0.61615026	0.9948718	1.0	1.0	4527	tags=28%, list=23%, signal=36%	
GOBP_BEHAVIORAL_RESPONSE_TO_PAIN	GOBP_BEHAVIORAL_RESPONSE_TO_PAIN		17	0.25722763	0.6143428	0.92816633	1.0	1.0	1975	tags=12%, list=10%, signal=13%	
GOBP_ELECTRON_TRANSPORT_CHAIN	GOBP_ELECTRON_TRANSPORT_CHAIN		104	0.18221189	0.61351043	0.9983974	1.0	1.0	4014	tags=16%, list=21%, signal=20%	
GOBP_POSITIVE_REGULATION_OF_EPITHELIAL_CELL_DIFFERENTIATION	GOBP_POSITIVE_REGULATION_OF_EPITHELIAL_CELL_DIFFERENTIATION		58	0.20349674	0.611369	0.98568875	1.0	1.0	2799	tags=17%, list=14%, signal=20%	
GOMF_SIGNAL_SEQUENCE_BINDING	GOMF_SIGNAL_SEQUENCE_BINDING		43	0.21081834	0.6110823	0.98178506	1.0	1.0	3785	tags=21%, list=19%, signal=26%	
GOBP_RNA_3_END_PROCESSING	GOBP_RNA_3_END_PROCESSING		83	0.19073936	0.61068845	0.9946808	1.0	1.0	4285	tags=20%, list=22%, signal=26%	
GOMF_POLY_PYRIMIDINE_TRACT_BINDING	GOMF_POLY_PYRIMIDINE_TRACT_BINDING		27	0.22944129	0.606114	0.9747748	1.0	1.0	3900	tags=26%, list=20%, signal=32%	
GOBP_RETINA_HOMEOSTASIS	GOBP_RETINA_HOMEOSTASIS		54	0.20181958	0.60547745	0.9896373	1.0	1.0	2634	tags=15%, list=14%, signal=17%	
GOBP_FATTY_ACID_HOMEOSTASIS	GOBP_FATTY_ACID_HOMEOSTASIS		16	0.25870314	0.60411346	0.9375	1.0	1.0	1661	tags=13%, list=9%, signal=14%	
GOMF_NUCLEOSOME_BINDING	GOMF_NUCLEOSOME_BINDING		52	0.200913	0.6025799	0.9857651	1.0	1.0	4431	tags=21%, list=23%, signal=27%	
GOMF_CARGO_ADAPTOR_ACTIVITY	GOMF_CARGO_ADAPTOR_ACTIVITY		20	0.24181272	0.6005942	0.95445544	1.0	1.0	4096	tags=30%, list=21%, signal=38%	
GOBP_REGULATION_OF_AEROBIC_RESPIRATION	GOBP_REGULATION_OF_AEROBIC_RESPIRATION		28	0.22350113	0.5993628	0.97748595	1.0	1.0	2509	tags=18%, list=13%, signal=20%	
GOBP_NEGATIVE_REGULATION_OF_TOR_SIGNALING	GOBP_NEGATIVE_REGULATION_OF_TOR_SIGNALING		61	0.19415453	0.59900343	0.9982935	1.0	1.0	5069	tags=36%, list=26%, signal=49%	
GOCC_ACETYLCHOLINE_GATED_CHANNEL_COMPLEX	GOCC_ACETYLCHOLINE_GATED_CHANNEL_COMPLEX		16	0.2534631	0.59899986	0.9518072	1.0	1.0	6605	tags=44%, list=34%, signal=66%	
GOBP_SYNAPTIC_TRANSMISSION_CHOLINERGIC	GOBP_SYNAPTIC_TRANSMISSION_CHOLINERGIC		31	0.22138864	0.5988172	0.97794116	1.0	1.0	2408	tags=13%, list=12%, signal=15%	
GOBP_RIBONUCLEOSIDE_MONOPHOSPHATE_METABOLIC_PROCESS	GOBP_RIBONUCLEOSIDE_MONOPHOSPHATE_METABOLIC_PROCESS		57	0.19815604	0.59849775	0.99492383	1.0	1.0	4879	tags=32%, list=25%, signal=42%	
GOCC_TRANSLATION_PREINITIATION_COMPLEX	GOCC_TRANSLATION_PREINITIATION_COMPLEX		18	0.24840969	0.5984718	0.95951414	1.0	1.0	4920	tags=39%, list=25%, signal=52%	
GOBP_NUCLEOTIDE_EXCISION_REPAIR	GOBP_NUCLEOTIDE_EXCISION_REPAIR		82	0.18260394	0.59709716	0.9983845	1.0	1.0	4576	tags=26%, list=24%, signal=33%	
GOBP_CYTOKINESIS	GOBP_CYTOKINESIS		165	0.16909629	0.5959597	1.0	1.0	1.0	4034	tags=22%, list=21%, signal=27%	
GOMF_TRANSLATION_ELONGATION_FACTOR_ACTIVITY	GOMF_TRANSLATION_ELONGATION_FACTOR_ACTIVITY		19	0.24794604	0.59491926	0.95185184	1.0	1.0	5720	tags=53%, list=29%, signal=75%	
GOBP_REGULATION_OF_CELLULAR_RESPONSE_TO_HEAT	GOBP_REGULATION_OF_CELLULAR_RESPONSE_TO_HEAT		16	0.25547576	0.5943524	0.9511719	1.0	1.0	4960	tags=50%, list=26%, signal=67%	
GOBP_ENTEROENDOCRINE_CELL_DIFFERENTIATION	GOBP_ENTEROENDOCRINE_CELL_DIFFERENTIATION		32	0.21534382	0.5939176	0.98248684	1.0	1.0	5098	tags=31%, list=26%, signal=42%	
GOBP_CYTOCHROME_COMPLEX_ASSEMBLY	GOBP_CYTOCHROME_COMPLEX_ASSEMBLY		30	0.21568438	0.5932177	0.97940075	1.0	1.0	4772	tags=33%, list=25%, signal=44%	
GOMF_MITOGEN_ACTIVATED_PROTEIN_KINASE_KINASE_KINASE_BINDING	GOMF_MITOGEN_ACTIVATED_PROTEIN_KINASE_KINASE_KINASE_BINDING		15	0.25820938	0.59270537	0.9633911	1.0	1.0	1474	tags=13%, list=8%, signal=14%	
GOBP_PERICARDIUM_DEVELOPMENT	GOBP_PERICARDIUM_DEVELOPMENT		18	0.24224399	0.58974516	0.9544592	1.0	1.0	1909	tags=11%, list=10%, signal=12%	
GOBP_ARF_PROTEIN_SIGNAL_TRANSDUCTION	GOBP_ARF_PROTEIN_SIGNAL_TRANSDUCTION		22	0.23373543	0.58909726	0.96648043	1.0	1.0	4722	tags=36%, list=24%, signal=48%	
GOBP_CELLULAR_RESPONSE_TO_DSRNA	GOBP_CELLULAR_RESPONSE_TO_DSRNA		20	0.23492368	0.5879378	0.96204937	1.0	1.0	3157	tags=15%, list=16%, signal=18%	
GOBP_SYNAPTONEMAL_COMPLEX_ORGANIZATION	GOBP_SYNAPTONEMAL_COMPLEX_ORGANIZATION		23	0.2259494	0.5870964	0.95219886	1.0	1.0	3804	tags=22%, list=20%, signal=27%	
GOMF_POSTSYNAPTIC_NEUROTRANSMITTER_RECEPTOR_ACTIVITY	GOMF_POSTSYNAPTIC_NEUROTRANSMITTER_RECEPTOR_ACTIVITY		68	0.18853162	0.5862633	0.9982332	1.0	1.0	79	tags=1%, list=0%, signal=1%	
GOBP_MULTIVESICULAR_BODY_SORTING_PATHWAY	GOBP_MULTIVESICULAR_BODY_SORTING_PATHWAY		47	0.1990746	0.5839637	0.9931857	1.0	1.0	3988	tags=23%, list=21%, signal=29%	
GOCC_EUKARYOTIC_48S_PREINITIATION_COMPLEX	GOCC_EUKARYOTIC_48S_PREINITIATION_COMPLEX		16	0.24887405	0.5834292	0.9525692	1.0	1.0	4920	tags=38%, list=25%, signal=50%	
GOBP_DNA_REPAIR_DEPENDENT_CHROMATIN_REMODELING	GOBP_DNA_REPAIR_DEPENDENT_CHROMATIN_REMODELING		21	0.23351717	0.5830601	0.975265	1.0	1.0	5563	tags=48%, list=29%, signal=67%	
GOBP_COPII_COATED_VESICLE_BUDDING	GOBP_COPII_COATED_VESICLE_BUDDING		42	0.20222114	0.5824261	0.9821109	1.0	1.0	3872	tags=21%, list=20%, signal=27%	
GOBP_PROTEIN_K63_LINKED_DEUBIQUITINATION	GOBP_PROTEIN_K63_LINKED_DEUBIQUITINATION		25	0.22096783	0.58120954	0.9720768	1.0	1.0	3592	tags=20%, list=18%, signal=25%	
GOBP_MITOTIC_CELL_CYCLE_CHECKPOINT_SIGNALING	GOBP_MITOTIC_CELL_CYCLE_CHECKPOINT_SIGNALING		135	0.1677329	0.57949877	1.0	1.0	1.0	3998	tags=17%, list=21%, signal=21%	
GOBP_NEGATIVE_REGULATION_OF_DNA_BIOSYNTHETIC_PROCESS	GOBP_NEGATIVE_REGULATION_OF_DNA_BIOSYNTHETIC_PROCESS		31	0.21017607	0.5787048	0.9862306	1.0	1.0	4379	tags=29%, list=23%, signal=37%	
GOBP_INTESTINAL_CHOLESTEROL_ABSORPTION	GOBP_INTESTINAL_CHOLESTEROL_ABSORPTION		18	0.24120444	0.5777147	0.9688716	1.0	1.0	3857	tags=28%, list=20%, signal=35%	
GOCC_MRNA_CLEAVAGE_AND_POLYADENYLATION_SPECIFICITY_FACTOR_COMPLEX	GOCC_MRNA_CLEAVAGE_AND_POLYADENYLATION_SPECIFICITY_FACTOR_COMPLEX		18	0.23295113	0.57547736	0.97868216	1.0	1.0	3848	tags=22%, list=20%, signal=28%	
GOMF_S_ADENOSYL_L_METHIONINE_BINDING	GOMF_S_ADENOSYL_L_METHIONINE_BINDING		19	0.23553583	0.5727068	0.976234	1.0	1.0	4586	tags=32%, list=24%, signal=41%	
GOBP_POSITIVE_REGULATION_OF_MITOCHONDRIAL_TRANSLATION	GOBP_POSITIVE_REGULATION_OF_MITOCHONDRIAL_TRANSLATION		15	0.24411865	0.5723431	0.9445471	1.0	1.0	5000	tags=40%, list=26%, signal=54%	
GOBP_PROTEIN_LOCALIZATION_TO_LYSOSOME	GOBP_PROTEIN_LOCALIZATION_TO_LYSOSOME		57	0.18665512	0.5709645	0.99656945	1.0	1.0	2583	tags=12%, list=13%, signal=14%	
GOBP_AEROBIC_RESPIRATION	GOBP_AEROBIC_RESPIRATION		148	0.16353166	0.5702182	1.0	1.0	1.0	5630	tags=31%, list=29%, signal=43%	
GOCC_CYTOSOLIC_LARGE_RIBOSOMAL_SUBUNIT	GOCC_CYTOSOLIC_LARGE_RIBOSOMAL_SUBUNIT		54	0.18906593	0.5701854	0.9982639	1.0	1.0	5864	tags=37%, list=30%, signal=53%	
GOBP_PROTEIN_IMPORT_INTO_MITOCHONDRIAL_MATRIX	GOBP_PROTEIN_IMPORT_INTO_MITOCHONDRIAL_MATRIX		19	0.23193622	0.56921095	0.97085613	1.0	1.0	4407	tags=37%, list=23%, signal=48%	
GOBP_TELOMERASE_RNA_LOCALIZATION	GOBP_TELOMERASE_RNA_LOCALIZATION		19	0.2313403	0.5686301	0.97485495	1.0	1.0	5302	tags=42%, list=27%, signal=58%	
GOBP_REGULATION_OF_LONG_TERM_NEURONAL_SYNAPTIC_PLASTICITY	GOBP_REGULATION_OF_LONG_TERM_NEURONAL_SYNAPTIC_PLASTICITY		24	0.21897857	0.5676529	0.9789675	1.0	1.0	2394	tags=13%, list=12%, signal=14%	
GOBP_RESPONSE_TO_LIGHT_INTENSITY	GOBP_RESPONSE_TO_LIGHT_INTENSITY		15	0.24207155	0.5672325	0.96564883	1.0	1.0	3435	tags=20%, list=18%, signal=24%	
GOBP_N_TERMINAL_PROTEIN_AMINO_ACID_MODIFICATION	GOBP_N_TERMINAL_PROTEIN_AMINO_ACID_MODIFICATION		25	0.22047004	0.56317705	0.9786096	1.0	1.0	3431	tags=24%, list=18%, signal=29%	
GOBP_MITOTIC_G2_DNA_DAMAGE_CHECKPOINT_SIGNALING	GOBP_MITOTIC_G2_DNA_DAMAGE_CHECKPOINT_SIGNALING		31	0.20837094	0.56277585	0.9945946	1.0	1.0	3592	tags=23%, list=18%, signal=28%	
GOMF_RNA_POLYMERASE_II_CTD_HEPTAPEPTIDE_REPEAT_MODIFYING_ACTIVITY	GOMF_RNA_POLYMERASE_II_CTD_HEPTAPEPTIDE_REPEAT_MODIFYING_ACTIVITY		16	0.23811004	0.5618265	0.9631068	1.0	1.0	734	tags=6%, list=4%, signal=6%	
GOCC_SYNAPTONEMAL_STRUCTURE	GOCC_SYNAPTONEMAL_STRUCTURE		35	0.20193805	0.5616363	0.9913793	1.0	1.0	1681	tags=9%, list=9%, signal=9%	
GOBP_PHOTORECEPTOR_CELL_MAINTENANCE	GOBP_PHOTORECEPTOR_CELL_MAINTENANCE		43	0.193438	0.55869424	0.99284434	1.0	1.0	2634	tags=16%, list=14%, signal=19%	
GOBP_TRNA_MODIFICATION	GOBP_TRNA_MODIFICATION		84	0.1701808	0.55162925	1.0	1.0	1.0	5785	tags=40%, list=30%, signal=57%	
GOBP_NEGATIVE_REGULATION_OF_REACTIVE_OXYGEN_SPECIES_BIOSYNTHETIC_PROCESS	GOBP_NEGATIVE_REGULATION_OF_REACTIVE_OXYGEN_SPECIES_BIOSYNTHETIC_PROCESS		15	0.24250019	0.55016977	0.9644269	1.0	1.0	1670	tags=13%, list=9%, signal=15%	
GOBP_CEREBELLAR_PURKINJE_CELL_LAYER_DEVELOPMENT	GOBP_CEREBELLAR_PURKINJE_CELL_LAYER_DEVELOPMENT		25	0.20842314	0.5491503	0.98895025	1.0	1.0	2513	tags=16%, list=13%, signal=18%	
GOCC_NUCLEOID	GOCC_NUCLEOID		43	0.19104199	0.5473998	0.99823636	1.0	1.0	5334	tags=37%, list=27%, signal=51%	
GOBP_REGULATION_OF_AMPA_RECEPTOR_ACTIVITY	GOBP_REGULATION_OF_AMPA_RECEPTOR_ACTIVITY		16	0.23223576	0.54319584	0.98046875	1.0	1.0	14915	tags=100%, list=77%, signal=431%	
GOBP_MRNA_CIS_SPLICING_VIA_SPLICEOSOME	GOBP_MRNA_CIS_SPLICING_VIA_SPLICEOSOME		29	0.20488577	0.5431165	0.991119	1.0	1.0	5614	tags=34%, list=29%, signal=48%	
GOBP_REGULATION_OF_DNA_TEMPLATED_DNA_REPLICATION	GOBP_REGULATION_OF_DNA_TEMPLATED_DNA_REPLICATION		46	0.18467732	0.54192686	0.9982487	1.0	1.0	5697	tags=39%, list=29%, signal=55%	
GOBP_CEREBRAL_CORTEX_NEURON_DIFFERENTIATION	GOBP_CEREBRAL_CORTEX_NEURON_DIFFERENTIATION		26	0.21052009	0.541685	0.9847328	1.0	1.0	1826	tags=8%, list=9%, signal=8%	
GOMF_TRANSLATION_INITIATION_FACTOR_ACTIVITY	GOMF_TRANSLATION_INITIATION_FACTOR_ACTIVITY		48	0.18328944	0.5409234	0.99656945	1.0	1.0	5005	tags=33%, list=26%, signal=45%	
GOMF_NADPLUS_PROTEIN_ADP_RIBOSYLTRANSFERASE_ACTIVITY	GOMF_NADPLUS_PROTEIN_ADP_RIBOSYLTRANSFERASE_ACTIVITY		28	0.20103016	0.5357849	0.9913194	1.0	1.0	2450	tags=14%, list=13%, signal=16%	
GOBP_PROTEIN_LOCALIZATION_TO_MICROTUBULE_ORGANIZING_CENTER	GOBP_PROTEIN_LOCALIZATION_TO_MICROTUBULE_ORGANIZING_CENTER		36	0.1903022	0.5340307	0.9983051	1.0	1.0	4369	tags=28%, list=22%, signal=36%	
GOBP_NEGATIVE_REGULATION_OF_DNA_BINDING	GOBP_NEGATIVE_REGULATION_OF_DNA_BINDING		29	0.2008921	0.5339119	0.9964222	0.99995625	1.0	5911	tags=45%, list=30%, signal=64%	
GOBP_RIBONUCLEOSIDE_MONOPHOSPHATE_BIOSYNTHETIC_PROCESS	GOBP_RIBONUCLEOSIDE_MONOPHOSPHATE_BIOSYNTHETIC_PROCESS		33	0.19201548	0.5331634	0.9926605	0.99970204	1.0	3928	tags=24%, list=20%, signal=30%	
GOBP_DNA_STRAND_ELONGATION	GOBP_DNA_STRAND_ELONGATION		36	0.18728796	0.5248241	0.99284434	1.0	1.0	3578	tags=17%, list=18%, signal=20%	
GOMF_ALDO_KETO_REDUCTASE_NADPH_ACTIVITY	GOMF_ALDO_KETO_REDUCTASE_NADPH_ACTIVITY		28	0.19779487	0.5247454	0.9837545	0.99985915	1.0	1885	tags=11%, list=10%, signal=12%	
GOMF_PROTEIN_LYSINE_DEACETYLASE_ACTIVITY	GOMF_PROTEIN_LYSINE_DEACETYLASE_ACTIVITY		23	0.20593975	0.5246794	0.99115044	0.99953055	1.0	4712	tags=26%, list=24%, signal=34%	
GOMF_UBIQUITIN_LIKE_PROTEIN_CONJUGATING_ENZYME_BINDING	GOMF_UBIQUITIN_LIKE_PROTEIN_CONJUGATING_ENZYME_BINDING		33	0.1900654	0.52084756	0.9963768	0.9995493	1.0	3653	tags=21%, list=19%, signal=26%	
GOBP_MITOTIC_G2_M_TRANSITION_CHECKPOINT	GOBP_MITOTIC_G2_M_TRANSITION_CHECKPOINT		47	0.17754446	0.5186747	0.99647886	0.99941	1.0	3635	tags=19%, list=19%, signal=24%	
GOCC_U5_SNRNP	GOCC_U5_SNRNP		19	0.21004583	0.5135252	0.9905838	0.9994976	1.0	3683	tags=26%, list=19%, signal=32%	
GOBP_MITOTIC_SISTER_CHROMATID_COHESION	GOBP_MITOTIC_SISTER_CHROMATID_COHESION		27	0.19145648	0.5018609	0.9963964	1.0	1.0	4104	tags=26%, list=21%, signal=33%	
GOBP_PORE_COMPLEX_ASSEMBLY	GOBP_PORE_COMPLEX_ASSEMBLY		19	0.20427625	0.49957475	0.9824903	0.9998448	1.0	3151	tags=21%, list=16%, signal=25%	
GOBP_VIRAL_BUDDING	GOBP_VIRAL_BUDDING		25	0.19201663	0.49498624	0.9982301	0.99978626	1.0	4679	tags=28%, list=24%, signal=37%	
GOBP_ESTABLISHMENT_OF_PROTEIN_LOCALIZATION_TO_MITOCHONDRIAL_MEMBRANE	GOBP_ESTABLISHMENT_OF_PROTEIN_LOCALIZATION_TO_MITOCHONDRIAL_MEMBRANE		31	0.18247083	0.49336505	1.0	0.9995496	1.0	5311	tags=32%, list=27%, signal=44%	
GOBP_SENSORY_PERCEPTION_OF_CHEMICAL_STIMULUS	GOBP_SENSORY_PERCEPTION_OF_CHEMICAL_STIMULUS		465	0.12455672	0.48738533	1.0	0.999569	1.0	1712	tags=3%, list=9%, signal=3%	
GOBP_ATP_BIOSYNTHETIC_PROCESS	GOBP_ATP_BIOSYNTHETIC_PROCESS		62	0.15525694	0.48127347	1.0	0.9995522	1.0	5630	tags=27%, list=29%, signal=38%	
GOBP_REGULATION_OF_EXIT_FROM_MITOSIS	GOBP_REGULATION_OF_EXIT_FROM_MITOSIS		18	0.19520739	0.4707047	0.9926335	0.9996951	1.0	15634	tags=100%, list=80%, signal=512%	
GOMF_PHOSPHATASE_ACTIVATOR_ACTIVITY	GOMF_PHOSPHATASE_ACTIVATOR_ACTIVITY		18	0.19066343	0.4643937	0.9980507	0.999608	1.0	5013	tags=33%, list=26%, signal=45%	
GOBP_DNA_TEMPLATED_TRANSCRIPTION_TERMINATION	GOBP_DNA_TEMPLATED_TRANSCRIPTION_TERMINATION		22	0.18045461	0.46006408	0.994382	0.9994274	1.0	15921	tags=100%, list=82%, signal=554%	
GOBP_BILE_ACID_AND_BILE_SALT_TRANSPORT	GOBP_BILE_ACID_AND_BILE_SALT_TRANSPORT		29	0.17158401	0.45691186	0.99638987	0.99920326	1.0	4140	tags=21%, list=21%, signal=26%	
GOBP_MITOCHONDRIAL_ELECTRON_TRANSPORT_NADH_TO_UBIQUINONE	GOBP_MITOCHONDRIAL_ELECTRON_TRANSPORT_NADH_TO_UBIQUINONE		39	0.15167148	0.43412006	1.0	0.9994842	1.0	16482	tags=100%, list=85%, signal=659%	
GOBP_MITOCHONDRION_DISTRIBUTION	GOBP_MITOCHONDRION_DISTRIBUTION		19	0.15938511	0.3950084	1.0	0.99973315	1.0	6169	tags=42%, list=32%, signal=62%	
